gc_bin,counts_gc,Study
"(19,20]",2,BAN001.A0101.SG1.1.oral_gc_rl.tsv.gz
"(22,23]",2,BAN001.A0101.SG1.1.oral_gc_rl.tsv.gz
"(23,24]",3,BAN001.A0101.SG1.1.oral_gc_rl.tsv.gz
"(24,25]",1,BAN001.A0101.SG1.1.oral_gc_rl.tsv.gz
"(25,26]",2,BAN001.A0101.SG1.1.oral_gc_rl.tsv.gz
"(26,27]",3,BAN001.A0101.SG1.1.oral_gc_rl.tsv.gz
"(27,28]",6,BAN001.A0101.SG1.1.oral_gc_rl.tsv.gz
"(28,29]",6,BAN001.A0101.SG1.1.oral_gc_rl.tsv.gz
"(29,30]",4,BAN001.A0101.SG1.1.oral_gc_rl.tsv.gz
"(30,31]",6,BAN001.A0101.SG1.1.oral_gc_rl.tsv.gz
"(31,32]",5,BAN001.A0101.SG1.1.oral_gc_rl.tsv.gz
"(32,33]",11,BAN001.A0101.SG1.1.oral_gc_rl.tsv.gz
"(33,34]",10,BAN001.A0101.SG1.1.oral_gc_rl.tsv.gz
"(34,35]",12,BAN001.A0101.SG1.1.oral_gc_rl.tsv.gz
"(35,36]",8,BAN001.A0101.SG1.1.oral_gc_rl.tsv.gz
"(36,37]",13,BAN001.A0101.SG1.1.oral_gc_rl.tsv.gz
"(37,38]",10,BAN001.A0101.SG1.1.oral_gc_rl.tsv.gz
"(38,39]",8,BAN001.A0101.SG1.1.oral_gc_rl.tsv.gz
"(39,40]",11,BAN001.A0101.SG1.1.oral_gc_rl.tsv.gz
"(40,41]",9,BAN001.A0101.SG1.1.oral_gc_rl.tsv.gz
"(41,42]",16,BAN001.A0101.SG1.1.oral_gc_rl.tsv.gz
"(42,43]",14,BAN001.A0101.SG1.1.oral_gc_rl.tsv.gz
"(43,44]",18,BAN001.A0101.SG1.1.oral_gc_rl.tsv.gz
"(44,45]",16,BAN001.A0101.SG1.1.oral_gc_rl.tsv.gz
"(45,46]",18,BAN001.A0101.SG1.1.oral_gc_rl.tsv.gz
"(46,47]",32,BAN001.A0101.SG1.1.oral_gc_rl.tsv.gz
"(47,48]",15,BAN001.A0101.SG1.1.oral_gc_rl.tsv.gz
"(48,49]",12,BAN001.A0101.SG1.1.oral_gc_rl.tsv.gz
"(49,50]",35,BAN001.A0101.SG1.1.oral_gc_rl.tsv.gz
"(50,51]",4,BAN001.A0101.SG1.1.oral_gc_rl.tsv.gz
"(51,52]",20,BAN001.A0101.SG1.1.oral_gc_rl.tsv.gz
"(52,53]",15,BAN001.A0101.SG1.1.oral_gc_rl.tsv.gz
"(53,54]",23,BAN001.A0101.SG1.1.oral_gc_rl.tsv.gz
"(54,55]",20,BAN001.A0101.SG1.1.oral_gc_rl.tsv.gz
"(55,56]",26,BAN001.A0101.SG1.1.oral_gc_rl.tsv.gz
"(56,57]",18,BAN001.A0101.SG1.1.oral_gc_rl.tsv.gz
"(57,58]",20,BAN001.A0101.SG1.1.oral_gc_rl.tsv.gz
"(58,59]",12,BAN001.A0101.SG1.1.oral_gc_rl.tsv.gz
"(59,60]",21,BAN001.A0101.SG1.1.oral_gc_rl.tsv.gz
"(60,61]",18,BAN001.A0101.SG1.1.oral_gc_rl.tsv.gz
"(61,62]",14,BAN001.A0101.SG1.1.oral_gc_rl.tsv.gz
"(62,63]",16,BAN001.A0101.SG1.1.oral_gc_rl.tsv.gz
"(63,64]",14,BAN001.A0101.SG1.1.oral_gc_rl.tsv.gz
"(64,65]",24,BAN001.A0101.SG1.1.oral_gc_rl.tsv.gz
"(65,66]",11,BAN001.A0101.SG1.1.oral_gc_rl.tsv.gz
"(66,67]",11,BAN001.A0101.SG1.1.oral_gc_rl.tsv.gz
"(67,68]",17,BAN001.A0101.SG1.1.oral_gc_rl.tsv.gz
"(68,69]",13,BAN001.A0101.SG1.1.oral_gc_rl.tsv.gz
"(69,70]",12,BAN001.A0101.SG1.1.oral_gc_rl.tsv.gz
"(70,71]",5,BAN001.A0101.SG1.1.oral_gc_rl.tsv.gz
"(71,72]",15,BAN001.A0101.SG1.1.oral_gc_rl.tsv.gz
"(72,73]",5,BAN001.A0101.SG1.1.oral_gc_rl.tsv.gz
"(73,74]",9,BAN001.A0101.SG1.1.oral_gc_rl.tsv.gz
"(74,75]",3,BAN001.A0101.SG1.1.oral_gc_rl.tsv.gz
"(75,76]",6,BAN001.A0101.SG1.1.oral_gc_rl.tsv.gz
"(76,77]",2,BAN001.A0101.SG1.1.oral_gc_rl.tsv.gz
"(77,78]",2,BAN001.A0101.SG1.1.oral_gc_rl.tsv.gz
"(78,79]",3,BAN001.A0101.SG1.1.oral_gc_rl.tsv.gz
"(81,82]",3,BAN001.A0101.SG1.1.oral_gc_rl.tsv.gz
"(12,13]",3,BAN001.A0102.SG1.4.oral_gc_rl.tsv.gz
"(13,14]",2,BAN001.A0102.SG1.4.oral_gc_rl.tsv.gz
"(14,15]",4,BAN001.A0102.SG1.4.oral_gc_rl.tsv.gz
"(15,16]",3,BAN001.A0102.SG1.4.oral_gc_rl.tsv.gz
"(16,17]",1,BAN001.A0102.SG1.4.oral_gc_rl.tsv.gz
"(17,18]",7,BAN001.A0102.SG1.4.oral_gc_rl.tsv.gz
"(18,19]",9,BAN001.A0102.SG1.4.oral_gc_rl.tsv.gz
"(19,20]",8,BAN001.A0102.SG1.4.oral_gc_rl.tsv.gz
"(20,21]",8,BAN001.A0102.SG1.4.oral_gc_rl.tsv.gz
"(21,22]",8,BAN001.A0102.SG1.4.oral_gc_rl.tsv.gz
"(22,23]",10,BAN001.A0102.SG1.4.oral_gc_rl.tsv.gz
"(23,24]",18,BAN001.A0102.SG1.4.oral_gc_rl.tsv.gz
"(24,25]",19,BAN001.A0102.SG1.4.oral_gc_rl.tsv.gz
"(25,26]",11,BAN001.A0102.SG1.4.oral_gc_rl.tsv.gz
"(26,27]",13,BAN001.A0102.SG1.4.oral_gc_rl.tsv.gz
"(27,28]",24,BAN001.A0102.SG1.4.oral_gc_rl.tsv.gz
"(28,29]",17,BAN001.A0102.SG1.4.oral_gc_rl.tsv.gz
"(29,30]",17,BAN001.A0102.SG1.4.oral_gc_rl.tsv.gz
"(30,31]",22,BAN001.A0102.SG1.4.oral_gc_rl.tsv.gz
"(31,32]",25,BAN001.A0102.SG1.4.oral_gc_rl.tsv.gz
"(32,33]",24,BAN001.A0102.SG1.4.oral_gc_rl.tsv.gz
"(33,34]",27,BAN001.A0102.SG1.4.oral_gc_rl.tsv.gz
"(34,35]",32,BAN001.A0102.SG1.4.oral_gc_rl.tsv.gz
"(35,36]",24,BAN001.A0102.SG1.4.oral_gc_rl.tsv.gz
"(36,37]",32,BAN001.A0102.SG1.4.oral_gc_rl.tsv.gz
"(37,38]",31,BAN001.A0102.SG1.4.oral_gc_rl.tsv.gz
"(38,39]",28,BAN001.A0102.SG1.4.oral_gc_rl.tsv.gz
"(39,40]",38,BAN001.A0102.SG1.4.oral_gc_rl.tsv.gz
"(40,41]",17,BAN001.A0102.SG1.4.oral_gc_rl.tsv.gz
"(41,42]",32,BAN001.A0102.SG1.4.oral_gc_rl.tsv.gz
"(42,43]",26,BAN001.A0102.SG1.4.oral_gc_rl.tsv.gz
"(43,44]",29,BAN001.A0102.SG1.4.oral_gc_rl.tsv.gz
"(44,45]",27,BAN001.A0102.SG1.4.oral_gc_rl.tsv.gz
"(45,46]",31,BAN001.A0102.SG1.4.oral_gc_rl.tsv.gz
"(46,47]",24,BAN001.A0102.SG1.4.oral_gc_rl.tsv.gz
"(47,48]",34,BAN001.A0102.SG1.4.oral_gc_rl.tsv.gz
"(48,49]",21,BAN001.A0102.SG1.4.oral_gc_rl.tsv.gz
"(49,50]",40,BAN001.A0102.SG1.4.oral_gc_rl.tsv.gz
"(50,51]",3,BAN001.A0102.SG1.4.oral_gc_rl.tsv.gz
"(51,52]",26,BAN001.A0102.SG1.4.oral_gc_rl.tsv.gz
"(52,53]",20,BAN001.A0102.SG1.4.oral_gc_rl.tsv.gz
"(53,54]",12,BAN001.A0102.SG1.4.oral_gc_rl.tsv.gz
"(54,55]",21,BAN001.A0102.SG1.4.oral_gc_rl.tsv.gz
"(55,56]",13,BAN001.A0102.SG1.4.oral_gc_rl.tsv.gz
"(56,57]",19,BAN001.A0102.SG1.4.oral_gc_rl.tsv.gz
"(57,58]",19,BAN001.A0102.SG1.4.oral_gc_rl.tsv.gz
"(58,59]",16,BAN001.A0102.SG1.4.oral_gc_rl.tsv.gz
"(59,60]",22,BAN001.A0102.SG1.4.oral_gc_rl.tsv.gz
"(60,61]",10,BAN001.A0102.SG1.4.oral_gc_rl.tsv.gz
"(61,62]",16,BAN001.A0102.SG1.4.oral_gc_rl.tsv.gz
"(62,63]",4,BAN001.A0102.SG1.4.oral_gc_rl.tsv.gz
"(63,64]",15,BAN001.A0102.SG1.4.oral_gc_rl.tsv.gz
"(64,65]",15,BAN001.A0102.SG1.4.oral_gc_rl.tsv.gz
"(65,66]",11,BAN001.A0102.SG1.4.oral_gc_rl.tsv.gz
"(66,67]",11,BAN001.A0102.SG1.4.oral_gc_rl.tsv.gz
"(67,68]",11,BAN001.A0102.SG1.4.oral_gc_rl.tsv.gz
"(68,69]",8,BAN001.A0102.SG1.4.oral_gc_rl.tsv.gz
"(69,70]",7,BAN001.A0102.SG1.4.oral_gc_rl.tsv.gz
"(70,71]",6,BAN001.A0102.SG1.4.oral_gc_rl.tsv.gz
"(71,72]",8,BAN001.A0102.SG1.4.oral_gc_rl.tsv.gz
"(72,73]",1,BAN001.A0102.SG1.4.oral_gc_rl.tsv.gz
"(73,74]",3,BAN001.A0102.SG1.4.oral_gc_rl.tsv.gz
"(74,75]",3,BAN001.A0102.SG1.4.oral_gc_rl.tsv.gz
"(75,76]",2,BAN001.A0102.SG1.4.oral_gc_rl.tsv.gz
"(76,77]",3,BAN001.A0102.SG1.4.oral_gc_rl.tsv.gz
"(78,79]",4,BAN001.A0102.SG1.4.oral_gc_rl.tsv.gz
"(79,80]",2,BAN001.A0102.SG1.4.oral_gc_rl.tsv.gz
"(81,82]",1,BAN001.A0102.SG1.4.oral_gc_rl.tsv.gz
"(11,12]",1,CDM019.A0101.SG1.1.oral_gc_rl.tsv.gz
"(12,13]",5,CDM019.A0101.SG1.1.oral_gc_rl.tsv.gz
"(13,14]",14,CDM019.A0101.SG1.1.oral_gc_rl.tsv.gz
"(14,15]",27,CDM019.A0101.SG1.1.oral_gc_rl.tsv.gz
"(15,16]",31,CDM019.A0101.SG1.1.oral_gc_rl.tsv.gz
"(16,17]",58,CDM019.A0101.SG1.1.oral_gc_rl.tsv.gz
"(17,18]",126,CDM019.A0101.SG1.1.oral_gc_rl.tsv.gz
"(18,19]",155,CDM019.A0101.SG1.1.oral_gc_rl.tsv.gz
"(19,20]",314,CDM019.A0101.SG1.1.oral_gc_rl.tsv.gz
"(20,21]",347,CDM019.A0101.SG1.1.oral_gc_rl.tsv.gz
"(21,22]",590,CDM019.A0101.SG1.1.oral_gc_rl.tsv.gz
"(22,23]",743,CDM019.A0101.SG1.1.oral_gc_rl.tsv.gz
"(23,24]",1085,CDM019.A0101.SG1.1.oral_gc_rl.tsv.gz
"(24,25]",1616,CDM019.A0101.SG1.1.oral_gc_rl.tsv.gz
"(25,26]",1416,CDM019.A0101.SG1.1.oral_gc_rl.tsv.gz
"(26,27]",2191,CDM019.A0101.SG1.1.oral_gc_rl.tsv.gz
"(27,28]",3036,CDM019.A0101.SG1.1.oral_gc_rl.tsv.gz
"(28,29]",3392,CDM019.A0101.SG1.1.oral_gc_rl.tsv.gz
"(29,30]",4567,CDM019.A0101.SG1.1.oral_gc_rl.tsv.gz
"(30,31]",5056,CDM019.A0101.SG1.1.oral_gc_rl.tsv.gz
"(31,32]",6479,CDM019.A0101.SG1.1.oral_gc_rl.tsv.gz
"(32,33]",7679,CDM019.A0101.SG1.1.oral_gc_rl.tsv.gz
"(33,34]",8314,CDM019.A0101.SG1.1.oral_gc_rl.tsv.gz
"(34,35]",10811,CDM019.A0101.SG1.1.oral_gc_rl.tsv.gz
"(35,36]",12329,CDM019.A0101.SG1.1.oral_gc_rl.tsv.gz
"(36,37]",13943,CDM019.A0101.SG1.1.oral_gc_rl.tsv.gz
"(37,38]",15365,CDM019.A0101.SG1.1.oral_gc_rl.tsv.gz
"(38,39]",18092,CDM019.A0101.SG1.1.oral_gc_rl.tsv.gz
"(39,40]",24000,CDM019.A0101.SG1.1.oral_gc_rl.tsv.gz
"(40,41]",20556,CDM019.A0101.SG1.1.oral_gc_rl.tsv.gz
"(41,42]",24744,CDM019.A0101.SG1.1.oral_gc_rl.tsv.gz
"(42,43]",28244,CDM019.A0101.SG1.1.oral_gc_rl.tsv.gz
"(43,44]",33799,CDM019.A0101.SG1.1.oral_gc_rl.tsv.gz
"(44,45]",35511,CDM019.A0101.SG1.1.oral_gc_rl.tsv.gz
"(45,46]",34594,CDM019.A0101.SG1.1.oral_gc_rl.tsv.gz
"(46,47]",41994,CDM019.A0101.SG1.1.oral_gc_rl.tsv.gz
"(47,48]",47262,CDM019.A0101.SG1.1.oral_gc_rl.tsv.gz
"(48,49]",47503,CDM019.A0101.SG1.1.oral_gc_rl.tsv.gz
"(49,50]",73012,CDM019.A0101.SG1.1.oral_gc_rl.tsv.gz
"(50,51]",34918,CDM019.A0101.SG1.1.oral_gc_rl.tsv.gz
"(51,52]",64445,CDM019.A0101.SG1.1.oral_gc_rl.tsv.gz
"(52,53]",66387,CDM019.A0101.SG1.1.oral_gc_rl.tsv.gz
"(53,54]",76525,CDM019.A0101.SG1.1.oral_gc_rl.tsv.gz
"(54,55]",74037,CDM019.A0101.SG1.1.oral_gc_rl.tsv.gz
"(55,56]",86108,CDM019.A0101.SG1.1.oral_gc_rl.tsv.gz
"(56,57]",91561,CDM019.A0101.SG1.1.oral_gc_rl.tsv.gz
"(57,58]",99440,CDM019.A0101.SG1.1.oral_gc_rl.tsv.gz
"(58,59]",92192,CDM019.A0101.SG1.1.oral_gc_rl.tsv.gz
"(59,60]",122784,CDM019.A0101.SG1.1.oral_gc_rl.tsv.gz
"(60,61]",95903,CDM019.A0101.SG1.1.oral_gc_rl.tsv.gz
"(61,62]",114443,CDM019.A0101.SG1.1.oral_gc_rl.tsv.gz
"(62,63]",97688,CDM019.A0101.SG1.1.oral_gc_rl.tsv.gz
"(63,64]",113325,CDM019.A0101.SG1.1.oral_gc_rl.tsv.gz
"(64,65]",105807,CDM019.A0101.SG1.1.oral_gc_rl.tsv.gz
"(65,66]",99828,CDM019.A0101.SG1.1.oral_gc_rl.tsv.gz
"(66,67]",80583,CDM019.A0101.SG1.1.oral_gc_rl.tsv.gz
"(67,68]",91834,CDM019.A0101.SG1.1.oral_gc_rl.tsv.gz
"(68,69]",77322,CDM019.A0101.SG1.1.oral_gc_rl.tsv.gz
"(69,70]",77505,CDM019.A0101.SG1.1.oral_gc_rl.tsv.gz
"(70,71]",53002,CDM019.A0101.SG1.1.oral_gc_rl.tsv.gz
"(71,72]",59054,CDM019.A0101.SG1.1.oral_gc_rl.tsv.gz
"(72,73]",48526,CDM019.A0101.SG1.1.oral_gc_rl.tsv.gz
"(73,74]",44126,CDM019.A0101.SG1.1.oral_gc_rl.tsv.gz
"(74,75]",41024,CDM019.A0101.SG1.1.oral_gc_rl.tsv.gz
"(75,76]",22264,CDM019.A0101.SG1.1.oral_gc_rl.tsv.gz
"(76,77]",23930,CDM019.A0101.SG1.1.oral_gc_rl.tsv.gz
"(77,78]",19924,CDM019.A0101.SG1.1.oral_gc_rl.tsv.gz
"(78,79]",14464,CDM019.A0101.SG1.1.oral_gc_rl.tsv.gz
"(79,80]",11690,CDM019.A0101.SG1.1.oral_gc_rl.tsv.gz
"(80,81]",6463,CDM019.A0101.SG1.1.oral_gc_rl.tsv.gz
"(81,82]",5530,CDM019.A0101.SG1.1.oral_gc_rl.tsv.gz
"(82,83]",3702,CDM019.A0101.SG1.1.oral_gc_rl.tsv.gz
"(83,84]",2512,CDM019.A0101.SG1.1.oral_gc_rl.tsv.gz
"(84,85]",1652,CDM019.A0101.SG1.1.oral_gc_rl.tsv.gz
"(85,86]",880,CDM019.A0101.SG1.1.oral_gc_rl.tsv.gz
"(86,87]",633,CDM019.A0101.SG1.1.oral_gc_rl.tsv.gz
"(87,88]",333,CDM019.A0101.SG1.1.oral_gc_rl.tsv.gz
"(88,89]",189,CDM019.A0101.SG1.1.oral_gc_rl.tsv.gz
"(89,90]",112,CDM019.A0101.SG1.1.oral_gc_rl.tsv.gz
"(90,91]",57,CDM019.A0101.SG1.1.oral_gc_rl.tsv.gz
"(91,92]",19,CDM019.A0101.SG1.1.oral_gc_rl.tsv.gz
"(92,93]",9,CDM019.A0101.SG1.1.oral_gc_rl.tsv.gz
"(93,94]",5,CDM019.A0101.SG1.1.oral_gc_rl.tsv.gz
"(94,95]",1,CDM019.A0101.SG1.1.oral_gc_rl.tsv.gz
"(1,2]",1,CDM019.A0102.SG1.4.oral_gc_rl.tsv.gz
"(5,6]",1,CDM019.A0102.SG1.4.oral_gc_rl.tsv.gz
"(6,7]",9,CDM019.A0102.SG1.4.oral_gc_rl.tsv.gz
"(7,8]",18,CDM019.A0102.SG1.4.oral_gc_rl.tsv.gz
"(8,9]",35,CDM019.A0102.SG1.4.oral_gc_rl.tsv.gz
"(9,10]",77,CDM019.A0102.SG1.4.oral_gc_rl.tsv.gz
"(10,11]",125,CDM019.A0102.SG1.4.oral_gc_rl.tsv.gz
"(11,12]",238,CDM019.A0102.SG1.4.oral_gc_rl.tsv.gz
"(12,13]",388,CDM019.A0102.SG1.4.oral_gc_rl.tsv.gz
"(13,14]",684,CDM019.A0102.SG1.4.oral_gc_rl.tsv.gz
"(14,15]",994,CDM019.A0102.SG1.4.oral_gc_rl.tsv.gz
"(15,16]",1510,CDM019.A0102.SG1.4.oral_gc_rl.tsv.gz
"(16,17]",1842,CDM019.A0102.SG1.4.oral_gc_rl.tsv.gz
"(17,18]",3004,CDM019.A0102.SG1.4.oral_gc_rl.tsv.gz
"(18,19]",3834,CDM019.A0102.SG1.4.oral_gc_rl.tsv.gz
"(19,20]",6119,CDM019.A0102.SG1.4.oral_gc_rl.tsv.gz
"(20,21]",5260,CDM019.A0102.SG1.4.oral_gc_rl.tsv.gz
"(21,22]",8623,CDM019.A0102.SG1.4.oral_gc_rl.tsv.gz
"(22,23]",9771,CDM019.A0102.SG1.4.oral_gc_rl.tsv.gz
"(23,24]",13521,CDM019.A0102.SG1.4.oral_gc_rl.tsv.gz
"(24,25]",18308,CDM019.A0102.SG1.4.oral_gc_rl.tsv.gz
"(25,26]",13379,CDM019.A0102.SG1.4.oral_gc_rl.tsv.gz
"(26,27]",21436,CDM019.A0102.SG1.4.oral_gc_rl.tsv.gz
"(27,28]",26458,CDM019.A0102.SG1.4.oral_gc_rl.tsv.gz
"(28,29]",28091,CDM019.A0102.SG1.4.oral_gc_rl.tsv.gz
"(29,30]",32075,CDM019.A0102.SG1.4.oral_gc_rl.tsv.gz
"(30,31]",35194,CDM019.A0102.SG1.4.oral_gc_rl.tsv.gz
"(31,32]",42923,CDM019.A0102.SG1.4.oral_gc_rl.tsv.gz
"(32,33]",46508,CDM019.A0102.SG1.4.oral_gc_rl.tsv.gz
"(33,34]",46186,CDM019.A0102.SG1.4.oral_gc_rl.tsv.gz
"(34,35]",59687,CDM019.A0102.SG1.4.oral_gc_rl.tsv.gz
"(35,36]",61808,CDM019.A0102.SG1.4.oral_gc_rl.tsv.gz
"(36,37]",66275,CDM019.A0102.SG1.4.oral_gc_rl.tsv.gz
"(37,38]",64533,CDM019.A0102.SG1.4.oral_gc_rl.tsv.gz
"(38,39]",76417,CDM019.A0102.SG1.4.oral_gc_rl.tsv.gz
"(39,40]",95084,CDM019.A0102.SG1.4.oral_gc_rl.tsv.gz
"(40,41]",74007,CDM019.A0102.SG1.4.oral_gc_rl.tsv.gz
"(41,42]",85148,CDM019.A0102.SG1.4.oral_gc_rl.tsv.gz
"(42,43]",92747,CDM019.A0102.SG1.4.oral_gc_rl.tsv.gz
"(43,44]",104708,CDM019.A0102.SG1.4.oral_gc_rl.tsv.gz
"(44,45]",102050,CDM019.A0102.SG1.4.oral_gc_rl.tsv.gz
"(45,46]",92487,CDM019.A0102.SG1.4.oral_gc_rl.tsv.gz
"(46,47]",106843,CDM019.A0102.SG1.4.oral_gc_rl.tsv.gz
"(47,48]",114801,CDM019.A0102.SG1.4.oral_gc_rl.tsv.gz
"(48,49]",106373,CDM019.A0102.SG1.4.oral_gc_rl.tsv.gz
"(49,50]",154021,CDM019.A0102.SG1.4.oral_gc_rl.tsv.gz
"(50,51]",60081,CDM019.A0102.SG1.4.oral_gc_rl.tsv.gz
"(51,52]",119453,CDM019.A0102.SG1.4.oral_gc_rl.tsv.gz
"(52,53]",117900,CDM019.A0102.SG1.4.oral_gc_rl.tsv.gz
"(53,54]",126064,CDM019.A0102.SG1.4.oral_gc_rl.tsv.gz
"(54,55]",115868,CDM019.A0102.SG1.4.oral_gc_rl.tsv.gz
"(55,56]",122445,CDM019.A0102.SG1.4.oral_gc_rl.tsv.gz
"(56,57]",125829,CDM019.A0102.SG1.4.oral_gc_rl.tsv.gz
"(57,58]",128735,CDM019.A0102.SG1.4.oral_gc_rl.tsv.gz
"(58,59]",114700,CDM019.A0102.SG1.4.oral_gc_rl.tsv.gz
"(59,60]",144296,CDM019.A0102.SG1.4.oral_gc_rl.tsv.gz
"(60,61]",105374,CDM019.A0102.SG1.4.oral_gc_rl.tsv.gz
"(61,62]",120098,CDM019.A0102.SG1.4.oral_gc_rl.tsv.gz
"(62,63]",99307,CDM019.A0102.SG1.4.oral_gc_rl.tsv.gz
"(63,64]",110796,CDM019.A0102.SG1.4.oral_gc_rl.tsv.gz
"(64,65]",100134,CDM019.A0102.SG1.4.oral_gc_rl.tsv.gz
"(65,66]",91816,CDM019.A0102.SG1.4.oral_gc_rl.tsv.gz
"(66,67]",71050,CDM019.A0102.SG1.4.oral_gc_rl.tsv.gz
"(67,68]",75604,CDM019.A0102.SG1.4.oral_gc_rl.tsv.gz
"(68,69]",63141,CDM019.A0102.SG1.4.oral_gc_rl.tsv.gz
"(69,70]",62555,CDM019.A0102.SG1.4.oral_gc_rl.tsv.gz
"(70,71]",41438,CDM019.A0102.SG1.4.oral_gc_rl.tsv.gz
"(71,72]",43325,CDM019.A0102.SG1.4.oral_gc_rl.tsv.gz
"(72,73]",34648,CDM019.A0102.SG1.4.oral_gc_rl.tsv.gz
"(73,74]",29768,CDM019.A0102.SG1.4.oral_gc_rl.tsv.gz
"(74,75]",26807,CDM019.A0102.SG1.4.oral_gc_rl.tsv.gz
"(75,76]",14048,CDM019.A0102.SG1.4.oral_gc_rl.tsv.gz
"(76,77]",14958,CDM019.A0102.SG1.4.oral_gc_rl.tsv.gz
"(77,78]",11263,CDM019.A0102.SG1.4.oral_gc_rl.tsv.gz
"(78,79]",8796,CDM019.A0102.SG1.4.oral_gc_rl.tsv.gz
"(79,80]",7416,CDM019.A0102.SG1.4.oral_gc_rl.tsv.gz
"(80,81]",3558,CDM019.A0102.SG1.4.oral_gc_rl.tsv.gz
"(81,82]",3430,CDM019.A0102.SG1.4.oral_gc_rl.tsv.gz
"(82,83]",2210,CDM019.A0102.SG1.4.oral_gc_rl.tsv.gz
"(83,84]",1499,CDM019.A0102.SG1.4.oral_gc_rl.tsv.gz
"(84,85]",1094,CDM019.A0102.SG1.4.oral_gc_rl.tsv.gz
"(85,86]",526,CDM019.A0102.SG1.4.oral_gc_rl.tsv.gz
"(86,87]",421,CDM019.A0102.SG1.4.oral_gc_rl.tsv.gz
"(87,88]",219,CDM019.A0102.SG1.4.oral_gc_rl.tsv.gz
"(88,89]",115,CDM019.A0102.SG1.4.oral_gc_rl.tsv.gz
"(89,90]",82,CDM019.A0102.SG1.4.oral_gc_rl.tsv.gz
"(90,91]",20,CDM019.A0102.SG1.4.oral_gc_rl.tsv.gz
"(91,92]",5,CDM019.A0102.SG1.4.oral_gc_rl.tsv.gz
"(92,93]",10,CDM019.A0102.SG1.4.oral_gc_rl.tsv.gz
"(93,94]",1,CDM019.A0102.SG1.4.oral_gc_rl.tsv.gz
"(94,95]",1,CDM019.A0102.SG1.4.oral_gc_rl.tsv.gz
"(8,9]",1,CDM020.A0101.SG1.1.oral_gc_rl.tsv.gz
"(9,10]",2,CDM020.A0101.SG1.1.oral_gc_rl.tsv.gz
"(10,11]",2,CDM020.A0101.SG1.1.oral_gc_rl.tsv.gz
"(11,12]",8,CDM020.A0101.SG1.1.oral_gc_rl.tsv.gz
"(12,13]",11,CDM020.A0101.SG1.1.oral_gc_rl.tsv.gz
"(13,14]",35,CDM020.A0101.SG1.1.oral_gc_rl.tsv.gz
"(14,15]",71,CDM020.A0101.SG1.1.oral_gc_rl.tsv.gz
"(15,16]",107,CDM020.A0101.SG1.1.oral_gc_rl.tsv.gz
"(16,17]",165,CDM020.A0101.SG1.1.oral_gc_rl.tsv.gz
"(17,18]",306,CDM020.A0101.SG1.1.oral_gc_rl.tsv.gz
"(18,19]",393,CDM020.A0101.SG1.1.oral_gc_rl.tsv.gz
"(19,20]",780,CDM020.A0101.SG1.1.oral_gc_rl.tsv.gz
"(20,21]",803,CDM020.A0101.SG1.1.oral_gc_rl.tsv.gz
"(21,22]",1234,CDM020.A0101.SG1.1.oral_gc_rl.tsv.gz
"(22,23]",1617,CDM020.A0101.SG1.1.oral_gc_rl.tsv.gz
"(23,24]",2231,CDM020.A0101.SG1.1.oral_gc_rl.tsv.gz
"(24,25]",3315,CDM020.A0101.SG1.1.oral_gc_rl.tsv.gz
"(25,26]",2601,CDM020.A0101.SG1.1.oral_gc_rl.tsv.gz
"(26,27]",4136,CDM020.A0101.SG1.1.oral_gc_rl.tsv.gz
"(27,28]",5194,CDM020.A0101.SG1.1.oral_gc_rl.tsv.gz
"(28,29]",5745,CDM020.A0101.SG1.1.oral_gc_rl.tsv.gz
"(29,30]",7133,CDM020.A0101.SG1.1.oral_gc_rl.tsv.gz
"(30,31]",7483,CDM020.A0101.SG1.1.oral_gc_rl.tsv.gz
"(31,32]",9568,CDM020.A0101.SG1.1.oral_gc_rl.tsv.gz
"(32,33]",10367,CDM020.A0101.SG1.1.oral_gc_rl.tsv.gz
"(33,34]",11060,CDM020.A0101.SG1.1.oral_gc_rl.tsv.gz
"(34,35]",13622,CDM020.A0101.SG1.1.oral_gc_rl.tsv.gz
"(35,36]",14684,CDM020.A0101.SG1.1.oral_gc_rl.tsv.gz
"(36,37]",15854,CDM020.A0101.SG1.1.oral_gc_rl.tsv.gz
"(37,38]",16716,CDM020.A0101.SG1.1.oral_gc_rl.tsv.gz
"(38,39]",18882,CDM020.A0101.SG1.1.oral_gc_rl.tsv.gz
"(39,40]",24322,CDM020.A0101.SG1.1.oral_gc_rl.tsv.gz
"(40,41]",19205,CDM020.A0101.SG1.1.oral_gc_rl.tsv.gz
"(41,42]",22637,CDM020.A0101.SG1.1.oral_gc_rl.tsv.gz
"(42,43]",25154,CDM020.A0101.SG1.1.oral_gc_rl.tsv.gz
"(43,44]",28869,CDM020.A0101.SG1.1.oral_gc_rl.tsv.gz
"(44,45]",28798,CDM020.A0101.SG1.1.oral_gc_rl.tsv.gz
"(45,46]",27265,CDM020.A0101.SG1.1.oral_gc_rl.tsv.gz
"(46,47]",32322,CDM020.A0101.SG1.1.oral_gc_rl.tsv.gz
"(47,48]",35537,CDM020.A0101.SG1.1.oral_gc_rl.tsv.gz
"(48,49]",34287,CDM020.A0101.SG1.1.oral_gc_rl.tsv.gz
"(49,50]",51633,CDM020.A0101.SG1.1.oral_gc_rl.tsv.gz
"(50,51]",23346,CDM020.A0101.SG1.1.oral_gc_rl.tsv.gz
"(51,52]",43598,CDM020.A0101.SG1.1.oral_gc_rl.tsv.gz
"(52,53]",44176,CDM020.A0101.SG1.1.oral_gc_rl.tsv.gz
"(53,54]",50776,CDM020.A0101.SG1.1.oral_gc_rl.tsv.gz
"(54,55]",48804,CDM020.A0101.SG1.1.oral_gc_rl.tsv.gz
"(55,56]",56008,CDM020.A0101.SG1.1.oral_gc_rl.tsv.gz
"(56,57]",60817,CDM020.A0101.SG1.1.oral_gc_rl.tsv.gz
"(57,58]",66399,CDM020.A0101.SG1.1.oral_gc_rl.tsv.gz
"(58,59]",62771,CDM020.A0101.SG1.1.oral_gc_rl.tsv.gz
"(59,60]",83983,CDM020.A0101.SG1.1.oral_gc_rl.tsv.gz
"(60,61]",66100,CDM020.A0101.SG1.1.oral_gc_rl.tsv.gz
"(61,62]",81077,CDM020.A0101.SG1.1.oral_gc_rl.tsv.gz
"(62,63]",71305,CDM020.A0101.SG1.1.oral_gc_rl.tsv.gz
"(63,64]",84324,CDM020.A0101.SG1.1.oral_gc_rl.tsv.gz
"(64,65]",79529,CDM020.A0101.SG1.1.oral_gc_rl.tsv.gz
"(65,66]",76096,CDM020.A0101.SG1.1.oral_gc_rl.tsv.gz
"(66,67]",63607,CDM020.A0101.SG1.1.oral_gc_rl.tsv.gz
"(67,68]",72408,CDM020.A0101.SG1.1.oral_gc_rl.tsv.gz
"(68,69]",60803,CDM020.A0101.SG1.1.oral_gc_rl.tsv.gz
"(69,70]",62188,CDM020.A0101.SG1.1.oral_gc_rl.tsv.gz
"(70,71]",42349,CDM020.A0101.SG1.1.oral_gc_rl.tsv.gz
"(71,72]",46575,CDM020.A0101.SG1.1.oral_gc_rl.tsv.gz
"(72,73]",37049,CDM020.A0101.SG1.1.oral_gc_rl.tsv.gz
"(73,74]",33133,CDM020.A0101.SG1.1.oral_gc_rl.tsv.gz
"(74,75]",30027,CDM020.A0101.SG1.1.oral_gc_rl.tsv.gz
"(75,76]",16063,CDM020.A0101.SG1.1.oral_gc_rl.tsv.gz
"(76,77]",16680,CDM020.A0101.SG1.1.oral_gc_rl.tsv.gz
"(77,78]",13183,CDM020.A0101.SG1.1.oral_gc_rl.tsv.gz
"(78,79]",9628,CDM020.A0101.SG1.1.oral_gc_rl.tsv.gz
"(79,80]",7873,CDM020.A0101.SG1.1.oral_gc_rl.tsv.gz
"(80,81]",3945,CDM020.A0101.SG1.1.oral_gc_rl.tsv.gz
"(81,82]",3624,CDM020.A0101.SG1.1.oral_gc_rl.tsv.gz
"(82,83]",2371,CDM020.A0101.SG1.1.oral_gc_rl.tsv.gz
"(83,84]",1536,CDM020.A0101.SG1.1.oral_gc_rl.tsv.gz
"(84,85]",1074,CDM020.A0101.SG1.1.oral_gc_rl.tsv.gz
"(85,86]",533,CDM020.A0101.SG1.1.oral_gc_rl.tsv.gz
"(86,87]",430,CDM020.A0101.SG1.1.oral_gc_rl.tsv.gz
"(87,88]",235,CDM020.A0101.SG1.1.oral_gc_rl.tsv.gz
"(88,89]",100,CDM020.A0101.SG1.1.oral_gc_rl.tsv.gz
"(89,90]",75,CDM020.A0101.SG1.1.oral_gc_rl.tsv.gz
"(90,91]",29,CDM020.A0101.SG1.1.oral_gc_rl.tsv.gz
"(91,92]",14,CDM020.A0101.SG1.1.oral_gc_rl.tsv.gz
"(92,93]",6,CDM020.A0101.SG1.1.oral_gc_rl.tsv.gz
"(93,94]",3,CDM020.A0101.SG1.1.oral_gc_rl.tsv.gz
"(94,95]",1,CDM020.A0101.SG1.1.oral_gc_rl.tsv.gz
"(4,5]",4,CDM020.A0102.SG1.4.oral_gc_rl.tsv.gz
"(5,6]",5,CDM020.A0102.SG1.4.oral_gc_rl.tsv.gz
"(6,7]",12,CDM020.A0102.SG1.4.oral_gc_rl.tsv.gz
"(7,8]",37,CDM020.A0102.SG1.4.oral_gc_rl.tsv.gz
"(8,9]",54,CDM020.A0102.SG1.4.oral_gc_rl.tsv.gz
"(9,10]",158,CDM020.A0102.SG1.4.oral_gc_rl.tsv.gz
"(10,11]",283,CDM020.A0102.SG1.4.oral_gc_rl.tsv.gz
"(11,12]",498,CDM020.A0102.SG1.4.oral_gc_rl.tsv.gz
"(12,13]",749,CDM020.A0102.SG1.4.oral_gc_rl.tsv.gz
"(13,14]",1445,CDM020.A0102.SG1.4.oral_gc_rl.tsv.gz
"(14,15]",2106,CDM020.A0102.SG1.4.oral_gc_rl.tsv.gz
"(15,16]",3138,CDM020.A0102.SG1.4.oral_gc_rl.tsv.gz
"(16,17]",3888,CDM020.A0102.SG1.4.oral_gc_rl.tsv.gz
"(17,18]",6060,CDM020.A0102.SG1.4.oral_gc_rl.tsv.gz
"(18,19]",7360,CDM020.A0102.SG1.4.oral_gc_rl.tsv.gz
"(19,20]",11894,CDM020.A0102.SG1.4.oral_gc_rl.tsv.gz
"(20,21]",10104,CDM020.A0102.SG1.4.oral_gc_rl.tsv.gz
"(21,22]",15821,CDM020.A0102.SG1.4.oral_gc_rl.tsv.gz
"(22,23]",18294,CDM020.A0102.SG1.4.oral_gc_rl.tsv.gz
"(23,24]",24076,CDM020.A0102.SG1.4.oral_gc_rl.tsv.gz
"(24,25]",31744,CDM020.A0102.SG1.4.oral_gc_rl.tsv.gz
"(25,26]",23448,CDM020.A0102.SG1.4.oral_gc_rl.tsv.gz
"(26,27]",35584,CDM020.A0102.SG1.4.oral_gc_rl.tsv.gz
"(27,28]",42530,CDM020.A0102.SG1.4.oral_gc_rl.tsv.gz
"(28,29]",44902,CDM020.A0102.SG1.4.oral_gc_rl.tsv.gz
"(29,30]",50164,CDM020.A0102.SG1.4.oral_gc_rl.tsv.gz
"(30,31]",53121,CDM020.A0102.SG1.4.oral_gc_rl.tsv.gz
"(31,32]",63770,CDM020.A0102.SG1.4.oral_gc_rl.tsv.gz
"(32,33]",66395,CDM020.A0102.SG1.4.oral_gc_rl.tsv.gz
"(33,34]",63811,CDM020.A0102.SG1.4.oral_gc_rl.tsv.gz
"(34,35]",79539,CDM020.A0102.SG1.4.oral_gc_rl.tsv.gz
"(35,36]",80807,CDM020.A0102.SG1.4.oral_gc_rl.tsv.gz
"(36,37]",83815,CDM020.A0102.SG1.4.oral_gc_rl.tsv.gz
"(37,38]",81387,CDM020.A0102.SG1.4.oral_gc_rl.tsv.gz
"(38,39]",90865,CDM020.A0102.SG1.4.oral_gc_rl.tsv.gz
"(39,40]",110909,CDM020.A0102.SG1.4.oral_gc_rl.tsv.gz
"(40,41]",82977,CDM020.A0102.SG1.4.oral_gc_rl.tsv.gz
"(41,42]",94473,CDM020.A0102.SG1.4.oral_gc_rl.tsv.gz
"(42,43]",99157,CDM020.A0102.SG1.4.oral_gc_rl.tsv.gz
"(43,44]",109646,CDM020.A0102.SG1.4.oral_gc_rl.tsv.gz
"(44,45]",103663,CDM020.A0102.SG1.4.oral_gc_rl.tsv.gz
"(45,46]",93401,CDM020.A0102.SG1.4.oral_gc_rl.tsv.gz
"(46,47]",103349,CDM020.A0102.SG1.4.oral_gc_rl.tsv.gz
"(47,48]",109179,CDM020.A0102.SG1.4.oral_gc_rl.tsv.gz
"(48,49]",98654,CDM020.A0102.SG1.4.oral_gc_rl.tsv.gz
"(49,50]",141434,CDM020.A0102.SG1.4.oral_gc_rl.tsv.gz
"(50,51]",54442,CDM020.A0102.SG1.4.oral_gc_rl.tsv.gz
"(51,52]",105418,CDM020.A0102.SG1.4.oral_gc_rl.tsv.gz
"(52,53]",103377,CDM020.A0102.SG1.4.oral_gc_rl.tsv.gz
"(53,54]",110475,CDM020.A0102.SG1.4.oral_gc_rl.tsv.gz
"(54,55]",102876,CDM020.A0102.SG1.4.oral_gc_rl.tsv.gz
"(55,56]",107377,CDM020.A0102.SG1.4.oral_gc_rl.tsv.gz
"(56,57]",110377,CDM020.A0102.SG1.4.oral_gc_rl.tsv.gz
"(57,58]",113528,CDM020.A0102.SG1.4.oral_gc_rl.tsv.gz
"(58,59]",104481,CDM020.A0102.SG1.4.oral_gc_rl.tsv.gz
"(59,60]",131937,CDM020.A0102.SG1.4.oral_gc_rl.tsv.gz
"(60,61]",95516,CDM020.A0102.SG1.4.oral_gc_rl.tsv.gz
"(61,62]",112564,CDM020.A0102.SG1.4.oral_gc_rl.tsv.gz
"(62,63]",96840,CDM020.A0102.SG1.4.oral_gc_rl.tsv.gz
"(63,64]",107142,CDM020.A0102.SG1.4.oral_gc_rl.tsv.gz
"(64,65]",98490,CDM020.A0102.SG1.4.oral_gc_rl.tsv.gz
"(65,66]",91628,CDM020.A0102.SG1.4.oral_gc_rl.tsv.gz
"(66,67]",73811,CDM020.A0102.SG1.4.oral_gc_rl.tsv.gz
"(67,68]",77473,CDM020.A0102.SG1.4.oral_gc_rl.tsv.gz
"(68,69]",64300,CDM020.A0102.SG1.4.oral_gc_rl.tsv.gz
"(69,70]",64080,CDM020.A0102.SG1.4.oral_gc_rl.tsv.gz
"(70,71]",42180,CDM020.A0102.SG1.4.oral_gc_rl.tsv.gz
"(71,72]",43793,CDM020.A0102.SG1.4.oral_gc_rl.tsv.gz
"(72,73]",34124,CDM020.A0102.SG1.4.oral_gc_rl.tsv.gz
"(73,74]",29260,CDM020.A0102.SG1.4.oral_gc_rl.tsv.gz
"(74,75]",25568,CDM020.A0102.SG1.4.oral_gc_rl.tsv.gz
"(75,76]",12990,CDM020.A0102.SG1.4.oral_gc_rl.tsv.gz
"(76,77]",13802,CDM020.A0102.SG1.4.oral_gc_rl.tsv.gz
"(77,78]",9911,CDM020.A0102.SG1.4.oral_gc_rl.tsv.gz
"(78,79]",7741,CDM020.A0102.SG1.4.oral_gc_rl.tsv.gz
"(79,80]",6429,CDM020.A0102.SG1.4.oral_gc_rl.tsv.gz
"(80,81]",3050,CDM020.A0102.SG1.4.oral_gc_rl.tsv.gz
"(81,82]",2683,CDM020.A0102.SG1.4.oral_gc_rl.tsv.gz
"(82,83]",1941,CDM020.A0102.SG1.4.oral_gc_rl.tsv.gz
"(83,84]",996,CDM020.A0102.SG1.4.oral_gc_rl.tsv.gz
"(84,85]",917,CDM020.A0102.SG1.4.oral_gc_rl.tsv.gz
"(85,86]",335,CDM020.A0102.SG1.4.oral_gc_rl.tsv.gz
"(86,87]",319,CDM020.A0102.SG1.4.oral_gc_rl.tsv.gz
"(87,88]",171,CDM020.A0102.SG1.4.oral_gc_rl.tsv.gz
"(88,89]",58,CDM020.A0102.SG1.4.oral_gc_rl.tsv.gz
"(89,90]",62,CDM020.A0102.SG1.4.oral_gc_rl.tsv.gz
"(90,91]",10,CDM020.A0102.SG1.4.oral_gc_rl.tsv.gz
"(91,92]",9,CDM020.A0102.SG1.4.oral_gc_rl.tsv.gz
"(92,93]",3,CDM020.A0102.SG1.4.oral_gc_rl.tsv.gz
"(94,95]",1,CDM020.A0102.SG1.4.oral_gc_rl.tsv.gz
"(10,11]",3,FUM001.A0101.SG1.1.oral_gc_rl.tsv.gz
"(11,12]",6,FUM001.A0101.SG1.1.oral_gc_rl.tsv.gz
"(12,13]",11,FUM001.A0101.SG1.1.oral_gc_rl.tsv.gz
"(13,14]",9,FUM001.A0101.SG1.1.oral_gc_rl.tsv.gz
"(14,15]",25,FUM001.A0101.SG1.1.oral_gc_rl.tsv.gz
"(15,16]",21,FUM001.A0101.SG1.1.oral_gc_rl.tsv.gz
"(16,17]",56,FUM001.A0101.SG1.1.oral_gc_rl.tsv.gz
"(17,18]",89,FUM001.A0101.SG1.1.oral_gc_rl.tsv.gz
"(18,19]",186,FUM001.A0101.SG1.1.oral_gc_rl.tsv.gz
"(19,20]",302,FUM001.A0101.SG1.1.oral_gc_rl.tsv.gz
"(20,21]",272,FUM001.A0101.SG1.1.oral_gc_rl.tsv.gz
"(21,22]",555,FUM001.A0101.SG1.1.oral_gc_rl.tsv.gz
"(22,23]",612,FUM001.A0101.SG1.1.oral_gc_rl.tsv.gz
"(23,24]",766,FUM001.A0101.SG1.1.oral_gc_rl.tsv.gz
"(24,25]",1100,FUM001.A0101.SG1.1.oral_gc_rl.tsv.gz
"(25,26]",894,FUM001.A0101.SG1.1.oral_gc_rl.tsv.gz
"(26,27]",1234,FUM001.A0101.SG1.1.oral_gc_rl.tsv.gz
"(27,28]",1724,FUM001.A0101.SG1.1.oral_gc_rl.tsv.gz
"(28,29]",1838,FUM001.A0101.SG1.1.oral_gc_rl.tsv.gz
"(29,30]",2268,FUM001.A0101.SG1.1.oral_gc_rl.tsv.gz
"(30,31]",2152,FUM001.A0101.SG1.1.oral_gc_rl.tsv.gz
"(31,32]",3017,FUM001.A0101.SG1.1.oral_gc_rl.tsv.gz
"(32,33]",3311,FUM001.A0101.SG1.1.oral_gc_rl.tsv.gz
"(33,34]",3541,FUM001.A0101.SG1.1.oral_gc_rl.tsv.gz
"(34,35]",4309,FUM001.A0101.SG1.1.oral_gc_rl.tsv.gz
"(35,36]",4788,FUM001.A0101.SG1.1.oral_gc_rl.tsv.gz
"(36,37]",5104,FUM001.A0101.SG1.1.oral_gc_rl.tsv.gz
"(37,38]",5587,FUM001.A0101.SG1.1.oral_gc_rl.tsv.gz
"(38,39]",5788,FUM001.A0101.SG1.1.oral_gc_rl.tsv.gz
"(39,40]",8100,FUM001.A0101.SG1.1.oral_gc_rl.tsv.gz
"(40,41]",5644,FUM001.A0101.SG1.1.oral_gc_rl.tsv.gz
"(41,42]",8027,FUM001.A0101.SG1.1.oral_gc_rl.tsv.gz
"(42,43]",8284,FUM001.A0101.SG1.1.oral_gc_rl.tsv.gz
"(43,44]",9438,FUM001.A0101.SG1.1.oral_gc_rl.tsv.gz
"(44,45]",9949,FUM001.A0101.SG1.1.oral_gc_rl.tsv.gz
"(45,46]",9953,FUM001.A0101.SG1.1.oral_gc_rl.tsv.gz
"(46,47]",10965,FUM001.A0101.SG1.1.oral_gc_rl.tsv.gz
"(47,48]",12411,FUM001.A0101.SG1.1.oral_gc_rl.tsv.gz
"(48,49]",12205,FUM001.A0101.SG1.1.oral_gc_rl.tsv.gz
"(49,50]",20058,FUM001.A0101.SG1.1.oral_gc_rl.tsv.gz
"(50,51]",7691,FUM001.A0101.SG1.1.oral_gc_rl.tsv.gz
"(51,52]",16879,FUM001.A0101.SG1.1.oral_gc_rl.tsv.gz
"(52,53]",18074,FUM001.A0101.SG1.1.oral_gc_rl.tsv.gz
"(53,54]",20893,FUM001.A0101.SG1.1.oral_gc_rl.tsv.gz
"(54,55]",21882,FUM001.A0101.SG1.1.oral_gc_rl.tsv.gz
"(55,56]",23973,FUM001.A0101.SG1.1.oral_gc_rl.tsv.gz
"(56,57]",26164,FUM001.A0101.SG1.1.oral_gc_rl.tsv.gz
"(57,58]",30129,FUM001.A0101.SG1.1.oral_gc_rl.tsv.gz
"(58,59]",30196,FUM001.A0101.SG1.1.oral_gc_rl.tsv.gz
"(59,60]",39326,FUM001.A0101.SG1.1.oral_gc_rl.tsv.gz
"(60,61]",30061,FUM001.A0101.SG1.1.oral_gc_rl.tsv.gz
"(61,62]",37801,FUM001.A0101.SG1.1.oral_gc_rl.tsv.gz
"(62,63]",35176,FUM001.A0101.SG1.1.oral_gc_rl.tsv.gz
"(63,64]",39457,FUM001.A0101.SG1.1.oral_gc_rl.tsv.gz
"(64,65]",38568,FUM001.A0101.SG1.1.oral_gc_rl.tsv.gz
"(65,66]",37858,FUM001.A0101.SG1.1.oral_gc_rl.tsv.gz
"(66,67]",32960,FUM001.A0101.SG1.1.oral_gc_rl.tsv.gz
"(67,68]",35103,FUM001.A0101.SG1.1.oral_gc_rl.tsv.gz
"(68,69]",30487,FUM001.A0101.SG1.1.oral_gc_rl.tsv.gz
"(69,70]",33303,FUM001.A0101.SG1.1.oral_gc_rl.tsv.gz
"(70,71]",22780,FUM001.A0101.SG1.1.oral_gc_rl.tsv.gz
"(71,72]",24957,FUM001.A0101.SG1.1.oral_gc_rl.tsv.gz
"(72,73]",20288,FUM001.A0101.SG1.1.oral_gc_rl.tsv.gz
"(73,74]",17630,FUM001.A0101.SG1.1.oral_gc_rl.tsv.gz
"(74,75]",16952,FUM001.A0101.SG1.1.oral_gc_rl.tsv.gz
"(75,76]",8571,FUM001.A0101.SG1.1.oral_gc_rl.tsv.gz
"(76,77]",9454,FUM001.A0101.SG1.1.oral_gc_rl.tsv.gz
"(77,78]",7312,FUM001.A0101.SG1.1.oral_gc_rl.tsv.gz
"(78,79]",5460,FUM001.A0101.SG1.1.oral_gc_rl.tsv.gz
"(79,80]",4914,FUM001.A0101.SG1.1.oral_gc_rl.tsv.gz
"(80,81]",2356,FUM001.A0101.SG1.1.oral_gc_rl.tsv.gz
"(81,82]",2104,FUM001.A0101.SG1.1.oral_gc_rl.tsv.gz
"(82,83]",1537,FUM001.A0101.SG1.1.oral_gc_rl.tsv.gz
"(83,84]",950,FUM001.A0101.SG1.1.oral_gc_rl.tsv.gz
"(84,85]",776,FUM001.A0101.SG1.1.oral_gc_rl.tsv.gz
"(85,86]",327,FUM001.A0101.SG1.1.oral_gc_rl.tsv.gz
"(86,87]",306,FUM001.A0101.SG1.1.oral_gc_rl.tsv.gz
"(87,88]",181,FUM001.A0101.SG1.1.oral_gc_rl.tsv.gz
"(88,89]",110,FUM001.A0101.SG1.1.oral_gc_rl.tsv.gz
"(89,90]",42,FUM001.A0101.SG1.1.oral_gc_rl.tsv.gz
"(90,91]",15,FUM001.A0101.SG1.1.oral_gc_rl.tsv.gz
"(91,92]",2,FUM001.A0101.SG1.1.oral_gc_rl.tsv.gz
"(92,93]",4,FUM001.A0101.SG1.1.oral_gc_rl.tsv.gz
"(7,8]",3,FUM001.A0102.SG1.4.oral_gc_rl.tsv.gz
"(8,9]",6,FUM001.A0102.SG1.4.oral_gc_rl.tsv.gz
"(9,10]",6,FUM001.A0102.SG1.4.oral_gc_rl.tsv.gz
"(10,11]",10,FUM001.A0102.SG1.4.oral_gc_rl.tsv.gz
"(11,12]",20,FUM001.A0102.SG1.4.oral_gc_rl.tsv.gz
"(12,13]",29,FUM001.A0102.SG1.4.oral_gc_rl.tsv.gz
"(13,14]",60,FUM001.A0102.SG1.4.oral_gc_rl.tsv.gz
"(14,15]",75,FUM001.A0102.SG1.4.oral_gc_rl.tsv.gz
"(15,16]",91,FUM001.A0102.SG1.4.oral_gc_rl.tsv.gz
"(16,17]",91,FUM001.A0102.SG1.4.oral_gc_rl.tsv.gz
"(17,18]",155,FUM001.A0102.SG1.4.oral_gc_rl.tsv.gz
"(18,19]",181,FUM001.A0102.SG1.4.oral_gc_rl.tsv.gz
"(19,20]",272,FUM001.A0102.SG1.4.oral_gc_rl.tsv.gz
"(20,21]",251,FUM001.A0102.SG1.4.oral_gc_rl.tsv.gz
"(21,22]",406,FUM001.A0102.SG1.4.oral_gc_rl.tsv.gz
"(22,23]",432,FUM001.A0102.SG1.4.oral_gc_rl.tsv.gz
"(23,24]",555,FUM001.A0102.SG1.4.oral_gc_rl.tsv.gz
"(24,25]",672,FUM001.A0102.SG1.4.oral_gc_rl.tsv.gz
"(25,26]",554,FUM001.A0102.SG1.4.oral_gc_rl.tsv.gz
"(26,27]",756,FUM001.A0102.SG1.4.oral_gc_rl.tsv.gz
"(27,28]",893,FUM001.A0102.SG1.4.oral_gc_rl.tsv.gz
"(28,29]",973,FUM001.A0102.SG1.4.oral_gc_rl.tsv.gz
"(29,30]",1132,FUM001.A0102.SG1.4.oral_gc_rl.tsv.gz
"(30,31]",1072,FUM001.A0102.SG1.4.oral_gc_rl.tsv.gz
"(31,32]",1266,FUM001.A0102.SG1.4.oral_gc_rl.tsv.gz
"(32,33]",1304,FUM001.A0102.SG1.4.oral_gc_rl.tsv.gz
"(33,34]",1385,FUM001.A0102.SG1.4.oral_gc_rl.tsv.gz
"(34,35]",1614,FUM001.A0102.SG1.4.oral_gc_rl.tsv.gz
"(35,36]",1570,FUM001.A0102.SG1.4.oral_gc_rl.tsv.gz
"(36,37]",1701,FUM001.A0102.SG1.4.oral_gc_rl.tsv.gz
"(37,38]",1789,FUM001.A0102.SG1.4.oral_gc_rl.tsv.gz
"(38,39]",1748,FUM001.A0102.SG1.4.oral_gc_rl.tsv.gz
"(39,40]",2414,FUM001.A0102.SG1.4.oral_gc_rl.tsv.gz
"(40,41]",1744,FUM001.A0102.SG1.4.oral_gc_rl.tsv.gz
"(41,42]",2189,FUM001.A0102.SG1.4.oral_gc_rl.tsv.gz
"(42,43]",2103,FUM001.A0102.SG1.4.oral_gc_rl.tsv.gz
"(43,44]",2462,FUM001.A0102.SG1.4.oral_gc_rl.tsv.gz
"(44,45]",2365,FUM001.A0102.SG1.4.oral_gc_rl.tsv.gz
"(45,46]",2202,FUM001.A0102.SG1.4.oral_gc_rl.tsv.gz
"(46,47]",2441,FUM001.A0102.SG1.4.oral_gc_rl.tsv.gz
"(47,48]",2631,FUM001.A0102.SG1.4.oral_gc_rl.tsv.gz
"(48,49]",2500,FUM001.A0102.SG1.4.oral_gc_rl.tsv.gz
"(49,50]",3935,FUM001.A0102.SG1.4.oral_gc_rl.tsv.gz
"(50,51]",1272,FUM001.A0102.SG1.4.oral_gc_rl.tsv.gz
"(51,52]",3066,FUM001.A0102.SG1.4.oral_gc_rl.tsv.gz
"(52,53]",3274,FUM001.A0102.SG1.4.oral_gc_rl.tsv.gz
"(53,54]",3491,FUM001.A0102.SG1.4.oral_gc_rl.tsv.gz
"(54,55]",3529,FUM001.A0102.SG1.4.oral_gc_rl.tsv.gz
"(55,56]",3598,FUM001.A0102.SG1.4.oral_gc_rl.tsv.gz
"(56,57]",3962,FUM001.A0102.SG1.4.oral_gc_rl.tsv.gz
"(57,58]",4365,FUM001.A0102.SG1.4.oral_gc_rl.tsv.gz
"(58,59]",4220,FUM001.A0102.SG1.4.oral_gc_rl.tsv.gz
"(59,60]",5402,FUM001.A0102.SG1.4.oral_gc_rl.tsv.gz
"(60,61]",3960,FUM001.A0102.SG1.4.oral_gc_rl.tsv.gz
"(61,62]",4779,FUM001.A0102.SG1.4.oral_gc_rl.tsv.gz
"(62,63]",4268,FUM001.A0102.SG1.4.oral_gc_rl.tsv.gz
"(63,64]",4861,FUM001.A0102.SG1.4.oral_gc_rl.tsv.gz
"(64,65]",4668,FUM001.A0102.SG1.4.oral_gc_rl.tsv.gz
"(65,66]",4592,FUM001.A0102.SG1.4.oral_gc_rl.tsv.gz
"(66,67]",3660,FUM001.A0102.SG1.4.oral_gc_rl.tsv.gz
"(67,68]",3721,FUM001.A0102.SG1.4.oral_gc_rl.tsv.gz
"(68,69]",3464,FUM001.A0102.SG1.4.oral_gc_rl.tsv.gz
"(69,70]",3579,FUM001.A0102.SG1.4.oral_gc_rl.tsv.gz
"(70,71]",2310,FUM001.A0102.SG1.4.oral_gc_rl.tsv.gz
"(71,72]",2595,FUM001.A0102.SG1.4.oral_gc_rl.tsv.gz
"(72,73]",2119,FUM001.A0102.SG1.4.oral_gc_rl.tsv.gz
"(73,74]",1801,FUM001.A0102.SG1.4.oral_gc_rl.tsv.gz
"(74,75]",1774,FUM001.A0102.SG1.4.oral_gc_rl.tsv.gz
"(75,76]",838,FUM001.A0102.SG1.4.oral_gc_rl.tsv.gz
"(76,77]",1050,FUM001.A0102.SG1.4.oral_gc_rl.tsv.gz
"(77,78]",760,FUM001.A0102.SG1.4.oral_gc_rl.tsv.gz
"(78,79]",615,FUM001.A0102.SG1.4.oral_gc_rl.tsv.gz
"(79,80]",507,FUM001.A0102.SG1.4.oral_gc_rl.tsv.gz
"(80,81]",249,FUM001.A0102.SG1.4.oral_gc_rl.tsv.gz
"(81,82]",216,FUM001.A0102.SG1.4.oral_gc_rl.tsv.gz
"(82,83]",158,FUM001.A0102.SG1.4.oral_gc_rl.tsv.gz
"(83,84]",93,FUM001.A0102.SG1.4.oral_gc_rl.tsv.gz
"(84,85]",86,FUM001.A0102.SG1.4.oral_gc_rl.tsv.gz
"(85,86]",31,FUM001.A0102.SG1.4.oral_gc_rl.tsv.gz
"(86,87]",29,FUM001.A0102.SG1.4.oral_gc_rl.tsv.gz
"(87,88]",20,FUM001.A0102.SG1.4.oral_gc_rl.tsv.gz
"(88,89]",5,FUM001.A0102.SG1.4.oral_gc_rl.tsv.gz
"(89,90]",9,FUM001.A0102.SG1.4.oral_gc_rl.tsv.gz
"(90,91]",4,FUM001.A0102.SG1.4.oral_gc_rl.tsv.gz
"(92,93]",1,FUM001.A0102.SG1.4.oral_gc_rl.tsv.gz
"(9,10]",3,FUM002.A0101.SG1.1.oral_gc_rl.tsv.gz
"(10,11]",3,FUM002.A0101.SG1.1.oral_gc_rl.tsv.gz
"(11,12]",8,FUM002.A0101.SG1.1.oral_gc_rl.tsv.gz
"(12,13]",11,FUM002.A0101.SG1.1.oral_gc_rl.tsv.gz
"(13,14]",36,FUM002.A0101.SG1.1.oral_gc_rl.tsv.gz
"(14,15]",45,FUM002.A0101.SG1.1.oral_gc_rl.tsv.gz
"(15,16]",87,FUM002.A0101.SG1.1.oral_gc_rl.tsv.gz
"(16,17]",104,FUM002.A0101.SG1.1.oral_gc_rl.tsv.gz
"(17,18]",184,FUM002.A0101.SG1.1.oral_gc_rl.tsv.gz
"(18,19]",231,FUM002.A0101.SG1.1.oral_gc_rl.tsv.gz
"(19,20]",410,FUM002.A0101.SG1.1.oral_gc_rl.tsv.gz
"(20,21]",374,FUM002.A0101.SG1.1.oral_gc_rl.tsv.gz
"(21,22]",704,FUM002.A0101.SG1.1.oral_gc_rl.tsv.gz
"(22,23]",701,FUM002.A0101.SG1.1.oral_gc_rl.tsv.gz
"(23,24]",993,FUM002.A0101.SG1.1.oral_gc_rl.tsv.gz
"(24,25]",1339,FUM002.A0101.SG1.1.oral_gc_rl.tsv.gz
"(25,26]",999,FUM002.A0101.SG1.1.oral_gc_rl.tsv.gz
"(26,27]",1476,FUM002.A0101.SG1.1.oral_gc_rl.tsv.gz
"(27,28]",1855,FUM002.A0101.SG1.1.oral_gc_rl.tsv.gz
"(28,29]",1927,FUM002.A0101.SG1.1.oral_gc_rl.tsv.gz
"(29,30]",2478,FUM002.A0101.SG1.1.oral_gc_rl.tsv.gz
"(30,31]",2335,FUM002.A0101.SG1.1.oral_gc_rl.tsv.gz
"(31,32]",3082,FUM002.A0101.SG1.1.oral_gc_rl.tsv.gz
"(32,33]",3045,FUM002.A0101.SG1.1.oral_gc_rl.tsv.gz
"(33,34]",3534,FUM002.A0101.SG1.1.oral_gc_rl.tsv.gz
"(34,35]",4228,FUM002.A0101.SG1.1.oral_gc_rl.tsv.gz
"(35,36]",4297,FUM002.A0101.SG1.1.oral_gc_rl.tsv.gz
"(36,37]",4705,FUM002.A0101.SG1.1.oral_gc_rl.tsv.gz
"(37,38]",5033,FUM002.A0101.SG1.1.oral_gc_rl.tsv.gz
"(38,39]",5496,FUM002.A0101.SG1.1.oral_gc_rl.tsv.gz
"(39,40]",7724,FUM002.A0101.SG1.1.oral_gc_rl.tsv.gz
"(40,41]",5641,FUM002.A0101.SG1.1.oral_gc_rl.tsv.gz
"(41,42]",7577,FUM002.A0101.SG1.1.oral_gc_rl.tsv.gz
"(42,43]",7985,FUM002.A0101.SG1.1.oral_gc_rl.tsv.gz
"(43,44]",9614,FUM002.A0101.SG1.1.oral_gc_rl.tsv.gz
"(44,45]",10010,FUM002.A0101.SG1.1.oral_gc_rl.tsv.gz
"(45,46]",10103,FUM002.A0101.SG1.1.oral_gc_rl.tsv.gz
"(46,47]",11601,FUM002.A0101.SG1.1.oral_gc_rl.tsv.gz
"(47,48]",13832,FUM002.A0101.SG1.1.oral_gc_rl.tsv.gz
"(48,49]",13907,FUM002.A0101.SG1.1.oral_gc_rl.tsv.gz
"(49,50]",23013,FUM002.A0101.SG1.1.oral_gc_rl.tsv.gz
"(50,51]",8685,FUM002.A0101.SG1.1.oral_gc_rl.tsv.gz
"(51,52]",21159,FUM002.A0101.SG1.1.oral_gc_rl.tsv.gz
"(52,53]",22797,FUM002.A0101.SG1.1.oral_gc_rl.tsv.gz
"(53,54]",27416,FUM002.A0101.SG1.1.oral_gc_rl.tsv.gz
"(54,55]",29531,FUM002.A0101.SG1.1.oral_gc_rl.tsv.gz
"(55,56]",32950,FUM002.A0101.SG1.1.oral_gc_rl.tsv.gz
"(56,57]",37104,FUM002.A0101.SG1.1.oral_gc_rl.tsv.gz
"(57,58]",43496,FUM002.A0101.SG1.1.oral_gc_rl.tsv.gz
"(58,59]",45101,FUM002.A0101.SG1.1.oral_gc_rl.tsv.gz
"(59,60]",61408,FUM002.A0101.SG1.1.oral_gc_rl.tsv.gz
"(60,61]",47754,FUM002.A0101.SG1.1.oral_gc_rl.tsv.gz
"(61,62]",62017,FUM002.A0101.SG1.1.oral_gc_rl.tsv.gz
"(62,63]",61784,FUM002.A0101.SG1.1.oral_gc_rl.tsv.gz
"(63,64]",70347,FUM002.A0101.SG1.1.oral_gc_rl.tsv.gz
"(64,65]",70904,FUM002.A0101.SG1.1.oral_gc_rl.tsv.gz
"(65,66]",70952,FUM002.A0101.SG1.1.oral_gc_rl.tsv.gz
"(66,67]",64751,FUM002.A0101.SG1.1.oral_gc_rl.tsv.gz
"(67,68]",71753,FUM002.A0101.SG1.1.oral_gc_rl.tsv.gz
"(68,69]",63950,FUM002.A0101.SG1.1.oral_gc_rl.tsv.gz
"(69,70]",68351,FUM002.A0101.SG1.1.oral_gc_rl.tsv.gz
"(70,71]",49360,FUM002.A0101.SG1.1.oral_gc_rl.tsv.gz
"(71,72]",52663,FUM002.A0101.SG1.1.oral_gc_rl.tsv.gz
"(72,73]",42338,FUM002.A0101.SG1.1.oral_gc_rl.tsv.gz
"(73,74]",37740,FUM002.A0101.SG1.1.oral_gc_rl.tsv.gz
"(74,75]",35008,FUM002.A0101.SG1.1.oral_gc_rl.tsv.gz
"(75,76]",18260,FUM002.A0101.SG1.1.oral_gc_rl.tsv.gz
"(76,77]",19134,FUM002.A0101.SG1.1.oral_gc_rl.tsv.gz
"(77,78]",14033,FUM002.A0101.SG1.1.oral_gc_rl.tsv.gz
"(78,79]",10261,FUM002.A0101.SG1.1.oral_gc_rl.tsv.gz
"(79,80]",8457,FUM002.A0101.SG1.1.oral_gc_rl.tsv.gz
"(80,81]",3915,FUM002.A0101.SG1.1.oral_gc_rl.tsv.gz
"(81,82]",3432,FUM002.A0101.SG1.1.oral_gc_rl.tsv.gz
"(82,83]",2269,FUM002.A0101.SG1.1.oral_gc_rl.tsv.gz
"(83,84]",1301,FUM002.A0101.SG1.1.oral_gc_rl.tsv.gz
"(84,85]",917,FUM002.A0101.SG1.1.oral_gc_rl.tsv.gz
"(85,86]",446,FUM002.A0101.SG1.1.oral_gc_rl.tsv.gz
"(86,87]",329,FUM002.A0101.SG1.1.oral_gc_rl.tsv.gz
"(87,88]",152,FUM002.A0101.SG1.1.oral_gc_rl.tsv.gz
"(88,89]",74,FUM002.A0101.SG1.1.oral_gc_rl.tsv.gz
"(89,90]",54,FUM002.A0101.SG1.1.oral_gc_rl.tsv.gz
"(90,91]",14,FUM002.A0101.SG1.1.oral_gc_rl.tsv.gz
"(91,92]",12,FUM002.A0101.SG1.1.oral_gc_rl.tsv.gz
"(92,93]",6,FUM002.A0101.SG1.1.oral_gc_rl.tsv.gz
"(94,95]",2,FUM002.A0101.SG1.1.oral_gc_rl.tsv.gz
"(4,5]",1,FUM002.A0102.SG1.5.oral_gc_rl.tsv.gz
"(5,6]",1,FUM002.A0102.SG1.5.oral_gc_rl.tsv.gz
"(6,7]",6,FUM002.A0102.SG1.5.oral_gc_rl.tsv.gz
"(7,8]",12,FUM002.A0102.SG1.5.oral_gc_rl.tsv.gz
"(8,9]",13,FUM002.A0102.SG1.5.oral_gc_rl.tsv.gz
"(9,10]",42,FUM002.A0102.SG1.5.oral_gc_rl.tsv.gz
"(10,11]",57,FUM002.A0102.SG1.5.oral_gc_rl.tsv.gz
"(11,12]",109,FUM002.A0102.SG1.5.oral_gc_rl.tsv.gz
"(12,13]",151,FUM002.A0102.SG1.5.oral_gc_rl.tsv.gz
"(13,14]",279,FUM002.A0102.SG1.5.oral_gc_rl.tsv.gz
"(14,15]",354,FUM002.A0102.SG1.5.oral_gc_rl.tsv.gz
"(15,16]",474,FUM002.A0102.SG1.5.oral_gc_rl.tsv.gz
"(16,17]",573,FUM002.A0102.SG1.5.oral_gc_rl.tsv.gz
"(17,18]",880,FUM002.A0102.SG1.5.oral_gc_rl.tsv.gz
"(18,19]",933,FUM002.A0102.SG1.5.oral_gc_rl.tsv.gz
"(19,20]",1502,FUM002.A0102.SG1.5.oral_gc_rl.tsv.gz
"(20,21]",1273,FUM002.A0102.SG1.5.oral_gc_rl.tsv.gz
"(21,22]",1959,FUM002.A0102.SG1.5.oral_gc_rl.tsv.gz
"(22,23]",1966,FUM002.A0102.SG1.5.oral_gc_rl.tsv.gz
"(23,24]",2611,FUM002.A0102.SG1.5.oral_gc_rl.tsv.gz
"(24,25]",3395,FUM002.A0102.SG1.5.oral_gc_rl.tsv.gz
"(25,26]",2387,FUM002.A0102.SG1.5.oral_gc_rl.tsv.gz
"(26,27]",3458,FUM002.A0102.SG1.5.oral_gc_rl.tsv.gz
"(27,28]",4004,FUM002.A0102.SG1.5.oral_gc_rl.tsv.gz
"(28,29]",4117,FUM002.A0102.SG1.5.oral_gc_rl.tsv.gz
"(29,30]",5077,FUM002.A0102.SG1.5.oral_gc_rl.tsv.gz
"(30,31]",4528,FUM002.A0102.SG1.5.oral_gc_rl.tsv.gz
"(31,32]",5446,FUM002.A0102.SG1.5.oral_gc_rl.tsv.gz
"(32,33]",5339,FUM002.A0102.SG1.5.oral_gc_rl.tsv.gz
"(33,34]",5651,FUM002.A0102.SG1.5.oral_gc_rl.tsv.gz
"(34,35]",6819,FUM002.A0102.SG1.5.oral_gc_rl.tsv.gz
"(35,36]",6482,FUM002.A0102.SG1.5.oral_gc_rl.tsv.gz
"(36,37]",6836,FUM002.A0102.SG1.5.oral_gc_rl.tsv.gz
"(37,38]",7075,FUM002.A0102.SG1.5.oral_gc_rl.tsv.gz
"(38,39]",7283,FUM002.A0102.SG1.5.oral_gc_rl.tsv.gz
"(39,40]",9832,FUM002.A0102.SG1.5.oral_gc_rl.tsv.gz
"(40,41]",6710,FUM002.A0102.SG1.5.oral_gc_rl.tsv.gz
"(41,42]",8749,FUM002.A0102.SG1.5.oral_gc_rl.tsv.gz
"(42,43]",8611,FUM002.A0102.SG1.5.oral_gc_rl.tsv.gz
"(43,44]",9647,FUM002.A0102.SG1.5.oral_gc_rl.tsv.gz
"(44,45]",9714,FUM002.A0102.SG1.5.oral_gc_rl.tsv.gz
"(45,46]",9213,FUM002.A0102.SG1.5.oral_gc_rl.tsv.gz
"(46,47]",10028,FUM002.A0102.SG1.5.oral_gc_rl.tsv.gz
"(47,48]",11738,FUM002.A0102.SG1.5.oral_gc_rl.tsv.gz
"(48,49]",11243,FUM002.A0102.SG1.5.oral_gc_rl.tsv.gz
"(49,50]",17164,FUM002.A0102.SG1.5.oral_gc_rl.tsv.gz
"(50,51]",5521,FUM002.A0102.SG1.5.oral_gc_rl.tsv.gz
"(51,52]",14512,FUM002.A0102.SG1.5.oral_gc_rl.tsv.gz
"(52,53]",14980,FUM002.A0102.SG1.5.oral_gc_rl.tsv.gz
"(53,54]",16713,FUM002.A0102.SG1.5.oral_gc_rl.tsv.gz
"(54,55]",17464,FUM002.A0102.SG1.5.oral_gc_rl.tsv.gz
"(55,56]",18095,FUM002.A0102.SG1.5.oral_gc_rl.tsv.gz
"(56,57]",20154,FUM002.A0102.SG1.5.oral_gc_rl.tsv.gz
"(57,58]",22402,FUM002.A0102.SG1.5.oral_gc_rl.tsv.gz
"(58,59]",22767,FUM002.A0102.SG1.5.oral_gc_rl.tsv.gz
"(59,60]",29622,FUM002.A0102.SG1.5.oral_gc_rl.tsv.gz
"(60,61]",21917,FUM002.A0102.SG1.5.oral_gc_rl.tsv.gz
"(61,62]",27302,FUM002.A0102.SG1.5.oral_gc_rl.tsv.gz
"(62,63]",25673,FUM002.A0102.SG1.5.oral_gc_rl.tsv.gz
"(63,64]",29714,FUM002.A0102.SG1.5.oral_gc_rl.tsv.gz
"(64,65]",29111,FUM002.A0102.SG1.5.oral_gc_rl.tsv.gz
"(65,66]",28880,FUM002.A0102.SG1.5.oral_gc_rl.tsv.gz
"(66,67]",24798,FUM002.A0102.SG1.5.oral_gc_rl.tsv.gz
"(67,68]",26406,FUM002.A0102.SG1.5.oral_gc_rl.tsv.gz
"(68,69]",23737,FUM002.A0102.SG1.5.oral_gc_rl.tsv.gz
"(69,70]",25947,FUM002.A0102.SG1.5.oral_gc_rl.tsv.gz
"(70,71]",17684,FUM002.A0102.SG1.5.oral_gc_rl.tsv.gz
"(71,72]",19247,FUM002.A0102.SG1.5.oral_gc_rl.tsv.gz
"(72,73]",15607,FUM002.A0102.SG1.5.oral_gc_rl.tsv.gz
"(73,74]",13917,FUM002.A0102.SG1.5.oral_gc_rl.tsv.gz
"(74,75]",12571,FUM002.A0102.SG1.5.oral_gc_rl.tsv.gz
"(75,76]",6494,FUM002.A0102.SG1.5.oral_gc_rl.tsv.gz
"(76,77]",7006,FUM002.A0102.SG1.5.oral_gc_rl.tsv.gz
"(77,78]",4900,FUM002.A0102.SG1.5.oral_gc_rl.tsv.gz
"(78,79]",3924,FUM002.A0102.SG1.5.oral_gc_rl.tsv.gz
"(79,80]",3162,FUM002.A0102.SG1.5.oral_gc_rl.tsv.gz
"(80,81]",1466,FUM002.A0102.SG1.5.oral_gc_rl.tsv.gz
"(81,82]",1257,FUM002.A0102.SG1.5.oral_gc_rl.tsv.gz
"(82,83]",894,FUM002.A0102.SG1.5.oral_gc_rl.tsv.gz
"(83,84]",500,FUM002.A0102.SG1.5.oral_gc_rl.tsv.gz
"(84,85]",384,FUM002.A0102.SG1.5.oral_gc_rl.tsv.gz
"(85,86]",140,FUM002.A0102.SG1.5.oral_gc_rl.tsv.gz
"(86,87]",142,FUM002.A0102.SG1.5.oral_gc_rl.tsv.gz
"(87,88]",70,FUM002.A0102.SG1.5.oral_gc_rl.tsv.gz
"(88,89]",23,FUM002.A0102.SG1.5.oral_gc_rl.tsv.gz
"(89,90]",16,FUM002.A0102.SG1.5.oral_gc_rl.tsv.gz
"(90,91]",4,FUM002.A0102.SG1.5.oral_gc_rl.tsv.gz
"(92,93]",2,FUM002.A0102.SG1.5.oral_gc_rl.tsv.gz
"(94,95]",1,FUM002.A0102.SG1.5.oral_gc_rl.tsv.gz
"(6,7]",1,FUM003.A0101.SG1.1.oral_gc_rl.tsv.gz
"(7,8]",2,FUM003.A0101.SG1.1.oral_gc_rl.tsv.gz
"(9,10]",1,FUM003.A0101.SG1.1.oral_gc_rl.tsv.gz
"(10,11]",2,FUM003.A0101.SG1.1.oral_gc_rl.tsv.gz
"(11,12]",6,FUM003.A0101.SG1.1.oral_gc_rl.tsv.gz
"(12,13]",14,FUM003.A0101.SG1.1.oral_gc_rl.tsv.gz
"(13,14]",36,FUM003.A0101.SG1.1.oral_gc_rl.tsv.gz
"(14,15]",44,FUM003.A0101.SG1.1.oral_gc_rl.tsv.gz
"(15,16]",62,FUM003.A0101.SG1.1.oral_gc_rl.tsv.gz
"(16,17]",69,FUM003.A0101.SG1.1.oral_gc_rl.tsv.gz
"(17,18]",145,FUM003.A0101.SG1.1.oral_gc_rl.tsv.gz
"(18,19]",172,FUM003.A0101.SG1.1.oral_gc_rl.tsv.gz
"(19,20]",319,FUM003.A0101.SG1.1.oral_gc_rl.tsv.gz
"(20,21]",250,FUM003.A0101.SG1.1.oral_gc_rl.tsv.gz
"(21,22]",368,FUM003.A0101.SG1.1.oral_gc_rl.tsv.gz
"(22,23]",401,FUM003.A0101.SG1.1.oral_gc_rl.tsv.gz
"(23,24]",581,FUM003.A0101.SG1.1.oral_gc_rl.tsv.gz
"(24,25]",762,FUM003.A0101.SG1.1.oral_gc_rl.tsv.gz
"(25,26]",595,FUM003.A0101.SG1.1.oral_gc_rl.tsv.gz
"(26,27]",856,FUM003.A0101.SG1.1.oral_gc_rl.tsv.gz
"(27,28]",1046,FUM003.A0101.SG1.1.oral_gc_rl.tsv.gz
"(28,29]",1294,FUM003.A0101.SG1.1.oral_gc_rl.tsv.gz
"(29,30]",1526,FUM003.A0101.SG1.1.oral_gc_rl.tsv.gz
"(30,31]",1439,FUM003.A0101.SG1.1.oral_gc_rl.tsv.gz
"(31,32]",1802,FUM003.A0101.SG1.1.oral_gc_rl.tsv.gz
"(32,33]",1777,FUM003.A0101.SG1.1.oral_gc_rl.tsv.gz
"(33,34]",2052,FUM003.A0101.SG1.1.oral_gc_rl.tsv.gz
"(34,35]",2413,FUM003.A0101.SG1.1.oral_gc_rl.tsv.gz
"(35,36]",2453,FUM003.A0101.SG1.1.oral_gc_rl.tsv.gz
"(36,37]",2597,FUM003.A0101.SG1.1.oral_gc_rl.tsv.gz
"(37,38]",2808,FUM003.A0101.SG1.1.oral_gc_rl.tsv.gz
"(38,39]",2733,FUM003.A0101.SG1.1.oral_gc_rl.tsv.gz
"(39,40]",3669,FUM003.A0101.SG1.1.oral_gc_rl.tsv.gz
"(40,41]",2834,FUM003.A0101.SG1.1.oral_gc_rl.tsv.gz
"(41,42]",3331,FUM003.A0101.SG1.1.oral_gc_rl.tsv.gz
"(42,43]",3453,FUM003.A0101.SG1.1.oral_gc_rl.tsv.gz
"(43,44]",3656,FUM003.A0101.SG1.1.oral_gc_rl.tsv.gz
"(44,45]",3631,FUM003.A0101.SG1.1.oral_gc_rl.tsv.gz
"(45,46]",3575,FUM003.A0101.SG1.1.oral_gc_rl.tsv.gz
"(46,47]",3803,FUM003.A0101.SG1.1.oral_gc_rl.tsv.gz
"(47,48]",4319,FUM003.A0101.SG1.1.oral_gc_rl.tsv.gz
"(48,49]",4200,FUM003.A0101.SG1.1.oral_gc_rl.tsv.gz
"(49,50]",6360,FUM003.A0101.SG1.1.oral_gc_rl.tsv.gz
"(50,51]",2271,FUM003.A0101.SG1.1.oral_gc_rl.tsv.gz
"(51,52]",5536,FUM003.A0101.SG1.1.oral_gc_rl.tsv.gz
"(52,53]",5801,FUM003.A0101.SG1.1.oral_gc_rl.tsv.gz
"(53,54]",6928,FUM003.A0101.SG1.1.oral_gc_rl.tsv.gz
"(54,55]",7131,FUM003.A0101.SG1.1.oral_gc_rl.tsv.gz
"(55,56]",7844,FUM003.A0101.SG1.1.oral_gc_rl.tsv.gz
"(56,57]",8754,FUM003.A0101.SG1.1.oral_gc_rl.tsv.gz
"(57,58]",9930,FUM003.A0101.SG1.1.oral_gc_rl.tsv.gz
"(58,59]",10027,FUM003.A0101.SG1.1.oral_gc_rl.tsv.gz
"(59,60]",13715,FUM003.A0101.SG1.1.oral_gc_rl.tsv.gz
"(60,61]",10077,FUM003.A0101.SG1.1.oral_gc_rl.tsv.gz
"(61,62]",12818,FUM003.A0101.SG1.1.oral_gc_rl.tsv.gz
"(62,63]",12231,FUM003.A0101.SG1.1.oral_gc_rl.tsv.gz
"(63,64]",13670,FUM003.A0101.SG1.1.oral_gc_rl.tsv.gz
"(64,65]",13088,FUM003.A0101.SG1.1.oral_gc_rl.tsv.gz
"(65,66]",12658,FUM003.A0101.SG1.1.oral_gc_rl.tsv.gz
"(66,67]",10715,FUM003.A0101.SG1.1.oral_gc_rl.tsv.gz
"(67,68]",11666,FUM003.A0101.SG1.1.oral_gc_rl.tsv.gz
"(68,69]",10025,FUM003.A0101.SG1.1.oral_gc_rl.tsv.gz
"(69,70]",10386,FUM003.A0101.SG1.1.oral_gc_rl.tsv.gz
"(70,71]",7195,FUM003.A0101.SG1.1.oral_gc_rl.tsv.gz
"(71,72]",7614,FUM003.A0101.SG1.1.oral_gc_rl.tsv.gz
"(72,73]",5898,FUM003.A0101.SG1.1.oral_gc_rl.tsv.gz
"(73,74]",5237,FUM003.A0101.SG1.1.oral_gc_rl.tsv.gz
"(74,75]",4813,FUM003.A0101.SG1.1.oral_gc_rl.tsv.gz
"(75,76]",2423,FUM003.A0101.SG1.1.oral_gc_rl.tsv.gz
"(76,77]",2695,FUM003.A0101.SG1.1.oral_gc_rl.tsv.gz
"(77,78]",1841,FUM003.A0101.SG1.1.oral_gc_rl.tsv.gz
"(78,79]",1357,FUM003.A0101.SG1.1.oral_gc_rl.tsv.gz
"(79,80]",1079,FUM003.A0101.SG1.1.oral_gc_rl.tsv.gz
"(80,81]",537,FUM003.A0101.SG1.1.oral_gc_rl.tsv.gz
"(81,82]",430,FUM003.A0101.SG1.1.oral_gc_rl.tsv.gz
"(82,83]",314,FUM003.A0101.SG1.1.oral_gc_rl.tsv.gz
"(83,84]",172,FUM003.A0101.SG1.1.oral_gc_rl.tsv.gz
"(84,85]",121,FUM003.A0101.SG1.1.oral_gc_rl.tsv.gz
"(85,86]",51,FUM003.A0101.SG1.1.oral_gc_rl.tsv.gz
"(86,87]",28,FUM003.A0101.SG1.1.oral_gc_rl.tsv.gz
"(87,88]",29,FUM003.A0101.SG1.1.oral_gc_rl.tsv.gz
"(88,89]",17,FUM003.A0101.SG1.1.oral_gc_rl.tsv.gz
"(89,90]",18,FUM003.A0101.SG1.1.oral_gc_rl.tsv.gz
"(90,91]",1,FUM003.A0101.SG1.1.oral_gc_rl.tsv.gz
"[0,1]",1,FUM003.A0102.SG1.4.oral_gc_rl.tsv.gz
"(5,6]",1,FUM003.A0102.SG1.4.oral_gc_rl.tsv.gz
"(7,8]",11,FUM003.A0102.SG1.4.oral_gc_rl.tsv.gz
"(8,9]",1,FUM003.A0102.SG1.4.oral_gc_rl.tsv.gz
"(9,10]",25,FUM003.A0102.SG1.4.oral_gc_rl.tsv.gz
"(10,11]",57,FUM003.A0102.SG1.4.oral_gc_rl.tsv.gz
"(11,12]",69,FUM003.A0102.SG1.4.oral_gc_rl.tsv.gz
"(12,13]",121,FUM003.A0102.SG1.4.oral_gc_rl.tsv.gz
"(13,14]",140,FUM003.A0102.SG1.4.oral_gc_rl.tsv.gz
"(14,15]",165,FUM003.A0102.SG1.4.oral_gc_rl.tsv.gz
"(15,16]",217,FUM003.A0102.SG1.4.oral_gc_rl.tsv.gz
"(16,17]",260,FUM003.A0102.SG1.4.oral_gc_rl.tsv.gz
"(17,18]",365,FUM003.A0102.SG1.4.oral_gc_rl.tsv.gz
"(18,19]",348,FUM003.A0102.SG1.4.oral_gc_rl.tsv.gz
"(19,20]",573,FUM003.A0102.SG1.4.oral_gc_rl.tsv.gz
"(20,21]",467,FUM003.A0102.SG1.4.oral_gc_rl.tsv.gz
"(21,22]",634,FUM003.A0102.SG1.4.oral_gc_rl.tsv.gz
"(22,23]",615,FUM003.A0102.SG1.4.oral_gc_rl.tsv.gz
"(23,24]",867,FUM003.A0102.SG1.4.oral_gc_rl.tsv.gz
"(24,25]",1054,FUM003.A0102.SG1.4.oral_gc_rl.tsv.gz
"(25,26]",745,FUM003.A0102.SG1.4.oral_gc_rl.tsv.gz
"(26,27]",1032,FUM003.A0102.SG1.4.oral_gc_rl.tsv.gz
"(27,28]",1239,FUM003.A0102.SG1.4.oral_gc_rl.tsv.gz
"(28,29]",1303,FUM003.A0102.SG1.4.oral_gc_rl.tsv.gz
"(29,30]",1554,FUM003.A0102.SG1.4.oral_gc_rl.tsv.gz
"(30,31]",1365,FUM003.A0102.SG1.4.oral_gc_rl.tsv.gz
"(31,32]",1544,FUM003.A0102.SG1.4.oral_gc_rl.tsv.gz
"(32,33]",1565,FUM003.A0102.SG1.4.oral_gc_rl.tsv.gz
"(33,34]",1630,FUM003.A0102.SG1.4.oral_gc_rl.tsv.gz
"(34,35]",2184,FUM003.A0102.SG1.4.oral_gc_rl.tsv.gz
"(35,36]",1882,FUM003.A0102.SG1.4.oral_gc_rl.tsv.gz
"(36,37]",1928,FUM003.A0102.SG1.4.oral_gc_rl.tsv.gz
"(37,38]",1953,FUM003.A0102.SG1.4.oral_gc_rl.tsv.gz
"(38,39]",1921,FUM003.A0102.SG1.4.oral_gc_rl.tsv.gz
"(39,40]",2570,FUM003.A0102.SG1.4.oral_gc_rl.tsv.gz
"(40,41]",1785,FUM003.A0102.SG1.4.oral_gc_rl.tsv.gz
"(41,42]",2129,FUM003.A0102.SG1.4.oral_gc_rl.tsv.gz
"(42,43]",2072,FUM003.A0102.SG1.4.oral_gc_rl.tsv.gz
"(43,44]",2262,FUM003.A0102.SG1.4.oral_gc_rl.tsv.gz
"(44,45]",2252,FUM003.A0102.SG1.4.oral_gc_rl.tsv.gz
"(45,46]",2023,FUM003.A0102.SG1.4.oral_gc_rl.tsv.gz
"(46,47]",2138,FUM003.A0102.SG1.4.oral_gc_rl.tsv.gz
"(47,48]",2328,FUM003.A0102.SG1.4.oral_gc_rl.tsv.gz
"(48,49]",2143,FUM003.A0102.SG1.4.oral_gc_rl.tsv.gz
"(49,50]",3163,FUM003.A0102.SG1.4.oral_gc_rl.tsv.gz
"(50,51]",875,FUM003.A0102.SG1.4.oral_gc_rl.tsv.gz
"(51,52]",2579,FUM003.A0102.SG1.4.oral_gc_rl.tsv.gz
"(52,53]",2691,FUM003.A0102.SG1.4.oral_gc_rl.tsv.gz
"(53,54]",2786,FUM003.A0102.SG1.4.oral_gc_rl.tsv.gz
"(54,55]",2886,FUM003.A0102.SG1.4.oral_gc_rl.tsv.gz
"(55,56]",3073,FUM003.A0102.SG1.4.oral_gc_rl.tsv.gz
"(56,57]",3378,FUM003.A0102.SG1.4.oral_gc_rl.tsv.gz
"(57,58]",3640,FUM003.A0102.SG1.4.oral_gc_rl.tsv.gz
"(58,59]",3582,FUM003.A0102.SG1.4.oral_gc_rl.tsv.gz
"(59,60]",4664,FUM003.A0102.SG1.4.oral_gc_rl.tsv.gz
"(60,61]",3417,FUM003.A0102.SG1.4.oral_gc_rl.tsv.gz
"(61,62]",4143,FUM003.A0102.SG1.4.oral_gc_rl.tsv.gz
"(62,63]",3837,FUM003.A0102.SG1.4.oral_gc_rl.tsv.gz
"(63,64]",4377,FUM003.A0102.SG1.4.oral_gc_rl.tsv.gz
"(64,65]",4046,FUM003.A0102.SG1.4.oral_gc_rl.tsv.gz
"(65,66]",4028,FUM003.A0102.SG1.4.oral_gc_rl.tsv.gz
"(66,67]",3145,FUM003.A0102.SG1.4.oral_gc_rl.tsv.gz
"(67,68]",3348,FUM003.A0102.SG1.4.oral_gc_rl.tsv.gz
"(68,69]",2944,FUM003.A0102.SG1.4.oral_gc_rl.tsv.gz
"(69,70]",3218,FUM003.A0102.SG1.4.oral_gc_rl.tsv.gz
"(70,71]",2037,FUM003.A0102.SG1.4.oral_gc_rl.tsv.gz
"(71,72]",2227,FUM003.A0102.SG1.4.oral_gc_rl.tsv.gz
"(72,73]",1949,FUM003.A0102.SG1.4.oral_gc_rl.tsv.gz
"(73,74]",1515,FUM003.A0102.SG1.4.oral_gc_rl.tsv.gz
"(74,75]",1469,FUM003.A0102.SG1.4.oral_gc_rl.tsv.gz
"(75,76]",695,FUM003.A0102.SG1.4.oral_gc_rl.tsv.gz
"(76,77]",818,FUM003.A0102.SG1.4.oral_gc_rl.tsv.gz
"(77,78]",592,FUM003.A0102.SG1.4.oral_gc_rl.tsv.gz
"(78,79]",451,FUM003.A0102.SG1.4.oral_gc_rl.tsv.gz
"(79,80]",368,FUM003.A0102.SG1.4.oral_gc_rl.tsv.gz
"(80,81]",177,FUM003.A0102.SG1.4.oral_gc_rl.tsv.gz
"(81,82]",155,FUM003.A0102.SG1.4.oral_gc_rl.tsv.gz
"(82,83]",95,FUM003.A0102.SG1.4.oral_gc_rl.tsv.gz
"(83,84]",47,FUM003.A0102.SG1.4.oral_gc_rl.tsv.gz
"(84,85]",56,FUM003.A0102.SG1.4.oral_gc_rl.tsv.gz
"(85,86]",10,FUM003.A0102.SG1.4.oral_gc_rl.tsv.gz
"(86,87]",18,FUM003.A0102.SG1.4.oral_gc_rl.tsv.gz
"(87,88]",11,FUM003.A0102.SG1.4.oral_gc_rl.tsv.gz
"(88,89]",5,FUM003.A0102.SG1.4.oral_gc_rl.tsv.gz
"(89,90]",8,FUM003.A0102.SG1.4.oral_gc_rl.tsv.gz
"(8,9]",1,GDN001.A0101.SG1.1.oral_gc_rl.tsv.gz
"(9,10]",6,GDN001.A0101.SG1.1.oral_gc_rl.tsv.gz
"(10,11]",2,GDN001.A0101.SG1.1.oral_gc_rl.tsv.gz
"(11,12]",29,GDN001.A0101.SG1.1.oral_gc_rl.tsv.gz
"(12,13]",24,GDN001.A0101.SG1.1.oral_gc_rl.tsv.gz
"(13,14]",58,GDN001.A0101.SG1.1.oral_gc_rl.tsv.gz
"(14,15]",103,GDN001.A0101.SG1.1.oral_gc_rl.tsv.gz
"(15,16]",89,GDN001.A0101.SG1.1.oral_gc_rl.tsv.gz
"(16,17]",182,GDN001.A0101.SG1.1.oral_gc_rl.tsv.gz
"(17,18]",464,GDN001.A0101.SG1.1.oral_gc_rl.tsv.gz
"(18,19]",689,GDN001.A0101.SG1.1.oral_gc_rl.tsv.gz
"(19,20]",1605,GDN001.A0101.SG1.1.oral_gc_rl.tsv.gz
"(20,21]",1663,GDN001.A0101.SG1.1.oral_gc_rl.tsv.gz
"(21,22]",3258,GDN001.A0101.SG1.1.oral_gc_rl.tsv.gz
"(22,23]",3808,GDN001.A0101.SG1.1.oral_gc_rl.tsv.gz
"(23,24]",4653,GDN001.A0101.SG1.1.oral_gc_rl.tsv.gz
"(24,25]",5140,GDN001.A0101.SG1.1.oral_gc_rl.tsv.gz
"(25,26]",3576,GDN001.A0101.SG1.1.oral_gc_rl.tsv.gz
"(26,27]",3891,GDN001.A0101.SG1.1.oral_gc_rl.tsv.gz
"(27,28]",4223,GDN001.A0101.SG1.1.oral_gc_rl.tsv.gz
"(28,29]",3853,GDN001.A0101.SG1.1.oral_gc_rl.tsv.gz
"(29,30]",4351,GDN001.A0101.SG1.1.oral_gc_rl.tsv.gz
"(30,31]",4107,GDN001.A0101.SG1.1.oral_gc_rl.tsv.gz
"(31,32]",5005,GDN001.A0101.SG1.1.oral_gc_rl.tsv.gz
"(32,33]",5514,GDN001.A0101.SG1.1.oral_gc_rl.tsv.gz
"(33,34]",5222,GDN001.A0101.SG1.1.oral_gc_rl.tsv.gz
"(34,35]",6199,GDN001.A0101.SG1.1.oral_gc_rl.tsv.gz
"(35,36]",6412,GDN001.A0101.SG1.1.oral_gc_rl.tsv.gz
"(36,37]",7250,GDN001.A0101.SG1.1.oral_gc_rl.tsv.gz
"(37,38]",7801,GDN001.A0101.SG1.1.oral_gc_rl.tsv.gz
"(38,39]",8555,GDN001.A0101.SG1.1.oral_gc_rl.tsv.gz
"(39,40]",11631,GDN001.A0101.SG1.1.oral_gc_rl.tsv.gz
"(40,41]",10163,GDN001.A0101.SG1.1.oral_gc_rl.tsv.gz
"(41,42]",12840,GDN001.A0101.SG1.1.oral_gc_rl.tsv.gz
"(42,43]",13983,GDN001.A0101.SG1.1.oral_gc_rl.tsv.gz
"(43,44]",16967,GDN001.A0101.SG1.1.oral_gc_rl.tsv.gz
"(44,45]",18343,GDN001.A0101.SG1.1.oral_gc_rl.tsv.gz
"(45,46]",19264,GDN001.A0101.SG1.1.oral_gc_rl.tsv.gz
"(46,47]",21324,GDN001.A0101.SG1.1.oral_gc_rl.tsv.gz
"(47,48]",24313,GDN001.A0101.SG1.1.oral_gc_rl.tsv.gz
"(48,49]",23678,GDN001.A0101.SG1.1.oral_gc_rl.tsv.gz
"(49,50]",39948,GDN001.A0101.SG1.1.oral_gc_rl.tsv.gz
"(50,51]",19574,GDN001.A0101.SG1.1.oral_gc_rl.tsv.gz
"(51,52]",32778,GDN001.A0101.SG1.1.oral_gc_rl.tsv.gz
"(52,53]",33464,GDN001.A0101.SG1.1.oral_gc_rl.tsv.gz
"(53,54]",38887,GDN001.A0101.SG1.1.oral_gc_rl.tsv.gz
"(54,55]",40099,GDN001.A0101.SG1.1.oral_gc_rl.tsv.gz
"(55,56]",42385,GDN001.A0101.SG1.1.oral_gc_rl.tsv.gz
"(56,57]",44688,GDN001.A0101.SG1.1.oral_gc_rl.tsv.gz
"(57,58]",46603,GDN001.A0101.SG1.1.oral_gc_rl.tsv.gz
"(58,59]",48013,GDN001.A0101.SG1.1.oral_gc_rl.tsv.gz
"(59,60]",59099,GDN001.A0101.SG1.1.oral_gc_rl.tsv.gz
"(60,61]",43267,GDN001.A0101.SG1.1.oral_gc_rl.tsv.gz
"(61,62]",53091,GDN001.A0101.SG1.1.oral_gc_rl.tsv.gz
"(62,63]",50539,GDN001.A0101.SG1.1.oral_gc_rl.tsv.gz
"(63,64]",55689,GDN001.A0101.SG1.1.oral_gc_rl.tsv.gz
"(64,65]",53495,GDN001.A0101.SG1.1.oral_gc_rl.tsv.gz
"(65,66]",51604,GDN001.A0101.SG1.1.oral_gc_rl.tsv.gz
"(66,67]",48903,GDN001.A0101.SG1.1.oral_gc_rl.tsv.gz
"(67,68]",54648,GDN001.A0101.SG1.1.oral_gc_rl.tsv.gz
"(68,69]",47771,GDN001.A0101.SG1.1.oral_gc_rl.tsv.gz
"(69,70]",52422,GDN001.A0101.SG1.1.oral_gc_rl.tsv.gz
"(70,71]",40461,GDN001.A0101.SG1.1.oral_gc_rl.tsv.gz
"(71,72]",44738,GDN001.A0101.SG1.1.oral_gc_rl.tsv.gz
"(72,73]",38912,GDN001.A0101.SG1.1.oral_gc_rl.tsv.gz
"(73,74]",38088,GDN001.A0101.SG1.1.oral_gc_rl.tsv.gz
"(74,75]",39160,GDN001.A0101.SG1.1.oral_gc_rl.tsv.gz
"(75,76]",23220,GDN001.A0101.SG1.1.oral_gc_rl.tsv.gz
"(76,77]",23822,GDN001.A0101.SG1.1.oral_gc_rl.tsv.gz
"(77,78]",21302,GDN001.A0101.SG1.1.oral_gc_rl.tsv.gz
"(78,79]",16309,GDN001.A0101.SG1.1.oral_gc_rl.tsv.gz
"(79,80]",15862,GDN001.A0101.SG1.1.oral_gc_rl.tsv.gz
"(80,81]",8312,GDN001.A0101.SG1.1.oral_gc_rl.tsv.gz
"(81,82]",7863,GDN001.A0101.SG1.1.oral_gc_rl.tsv.gz
"(82,83]",5323,GDN001.A0101.SG1.1.oral_gc_rl.tsv.gz
"(83,84]",3764,GDN001.A0101.SG1.1.oral_gc_rl.tsv.gz
"(84,85]",2606,GDN001.A0101.SG1.1.oral_gc_rl.tsv.gz
"(85,86]",1373,GDN001.A0101.SG1.1.oral_gc_rl.tsv.gz
"(86,87]",1051,GDN001.A0101.SG1.1.oral_gc_rl.tsv.gz
"(87,88]",559,GDN001.A0101.SG1.1.oral_gc_rl.tsv.gz
"(88,89]",263,GDN001.A0101.SG1.1.oral_gc_rl.tsv.gz
"(89,90]",210,GDN001.A0101.SG1.1.oral_gc_rl.tsv.gz
"(90,91]",63,GDN001.A0101.SG1.1.oral_gc_rl.tsv.gz
"(91,92]",41,GDN001.A0101.SG1.1.oral_gc_rl.tsv.gz
"(92,93]",13,GDN001.A0101.SG1.1.oral_gc_rl.tsv.gz
"(93,94]",5,GDN001.A0101.SG1.1.oral_gc_rl.tsv.gz
"(95,96]",4,GDN001.A0101.SG1.1.oral_gc_rl.tsv.gz
"[0,1]",1,GDN001.A0102.SG1.3.oral_gc_rl.tsv.gz
"(4,5]",3,GDN001.A0102.SG1.3.oral_gc_rl.tsv.gz
"(5,6]",6,GDN001.A0102.SG1.3.oral_gc_rl.tsv.gz
"(6,7]",4,GDN001.A0102.SG1.3.oral_gc_rl.tsv.gz
"(7,8]",27,GDN001.A0102.SG1.3.oral_gc_rl.tsv.gz
"(8,9]",31,GDN001.A0102.SG1.3.oral_gc_rl.tsv.gz
"(9,10]",69,GDN001.A0102.SG1.3.oral_gc_rl.tsv.gz
"(10,11]",110,GDN001.A0102.SG1.3.oral_gc_rl.tsv.gz
"(11,12]",150,GDN001.A0102.SG1.3.oral_gc_rl.tsv.gz
"(12,13]",223,GDN001.A0102.SG1.3.oral_gc_rl.tsv.gz
"(13,14]",393,GDN001.A0102.SG1.3.oral_gc_rl.tsv.gz
"(14,15]",421,GDN001.A0102.SG1.3.oral_gc_rl.tsv.gz
"(15,16]",751,GDN001.A0102.SG1.3.oral_gc_rl.tsv.gz
"(16,17]",838,GDN001.A0102.SG1.3.oral_gc_rl.tsv.gz
"(17,18]",1362,GDN001.A0102.SG1.3.oral_gc_rl.tsv.gz
"(18,19]",1732,GDN001.A0102.SG1.3.oral_gc_rl.tsv.gz
"(19,20]",2912,GDN001.A0102.SG1.3.oral_gc_rl.tsv.gz
"(20,21]",2751,GDN001.A0102.SG1.3.oral_gc_rl.tsv.gz
"(21,22]",3808,GDN001.A0102.SG1.3.oral_gc_rl.tsv.gz
"(22,23]",4357,GDN001.A0102.SG1.3.oral_gc_rl.tsv.gz
"(23,24]",4991,GDN001.A0102.SG1.3.oral_gc_rl.tsv.gz
"(24,25]",5731,GDN001.A0102.SG1.3.oral_gc_rl.tsv.gz
"(25,26]",3745,GDN001.A0102.SG1.3.oral_gc_rl.tsv.gz
"(26,27]",4575,GDN001.A0102.SG1.3.oral_gc_rl.tsv.gz
"(27,28]",4777,GDN001.A0102.SG1.3.oral_gc_rl.tsv.gz
"(28,29]",4731,GDN001.A0102.SG1.3.oral_gc_rl.tsv.gz
"(29,30]",5406,GDN001.A0102.SG1.3.oral_gc_rl.tsv.gz
"(30,31]",4813,GDN001.A0102.SG1.3.oral_gc_rl.tsv.gz
"(31,32]",5667,GDN001.A0102.SG1.3.oral_gc_rl.tsv.gz
"(32,33]",5513,GDN001.A0102.SG1.3.oral_gc_rl.tsv.gz
"(33,34]",5607,GDN001.A0102.SG1.3.oral_gc_rl.tsv.gz
"(34,35]",6673,GDN001.A0102.SG1.3.oral_gc_rl.tsv.gz
"(35,36]",6385,GDN001.A0102.SG1.3.oral_gc_rl.tsv.gz
"(36,37]",6614,GDN001.A0102.SG1.3.oral_gc_rl.tsv.gz
"(37,38]",7049,GDN001.A0102.SG1.3.oral_gc_rl.tsv.gz
"(38,39]",6832,GDN001.A0102.SG1.3.oral_gc_rl.tsv.gz
"(39,40]",9664,GDN001.A0102.SG1.3.oral_gc_rl.tsv.gz
"(40,41]",6762,GDN001.A0102.SG1.3.oral_gc_rl.tsv.gz
"(41,42]",9058,GDN001.A0102.SG1.3.oral_gc_rl.tsv.gz
"(42,43]",8840,GDN001.A0102.SG1.3.oral_gc_rl.tsv.gz
"(43,44]",9989,GDN001.A0102.SG1.3.oral_gc_rl.tsv.gz
"(44,45]",9951,GDN001.A0102.SG1.3.oral_gc_rl.tsv.gz
"(45,46]",9668,GDN001.A0102.SG1.3.oral_gc_rl.tsv.gz
"(46,47]",10440,GDN001.A0102.SG1.3.oral_gc_rl.tsv.gz
"(47,48]",11659,GDN001.A0102.SG1.3.oral_gc_rl.tsv.gz
"(48,49]",10695,GDN001.A0102.SG1.3.oral_gc_rl.tsv.gz
"(49,50]",16459,GDN001.A0102.SG1.3.oral_gc_rl.tsv.gz
"(50,51]",5370,GDN001.A0102.SG1.3.oral_gc_rl.tsv.gz
"(51,52]",12427,GDN001.A0102.SG1.3.oral_gc_rl.tsv.gz
"(52,53]",11871,GDN001.A0102.SG1.3.oral_gc_rl.tsv.gz
"(53,54]",12420,GDN001.A0102.SG1.3.oral_gc_rl.tsv.gz
"(54,55]",12046,GDN001.A0102.SG1.3.oral_gc_rl.tsv.gz
"(55,56]",11269,GDN001.A0102.SG1.3.oral_gc_rl.tsv.gz
"(56,57]",11543,GDN001.A0102.SG1.3.oral_gc_rl.tsv.gz
"(57,58]",11931,GDN001.A0102.SG1.3.oral_gc_rl.tsv.gz
"(58,59]",10687,GDN001.A0102.SG1.3.oral_gc_rl.tsv.gz
"(59,60]",13008,GDN001.A0102.SG1.3.oral_gc_rl.tsv.gz
"(60,61]",8874,GDN001.A0102.SG1.3.oral_gc_rl.tsv.gz
"(61,62]",10329,GDN001.A0102.SG1.3.oral_gc_rl.tsv.gz
"(62,63]",9238,GDN001.A0102.SG1.3.oral_gc_rl.tsv.gz
"(63,64]",9743,GDN001.A0102.SG1.3.oral_gc_rl.tsv.gz
"(64,65]",9219,GDN001.A0102.SG1.3.oral_gc_rl.tsv.gz
"(65,66]",8895,GDN001.A0102.SG1.3.oral_gc_rl.tsv.gz
"(66,67]",7261,GDN001.A0102.SG1.3.oral_gc_rl.tsv.gz
"(67,68]",7742,GDN001.A0102.SG1.3.oral_gc_rl.tsv.gz
"(68,69]",6681,GDN001.A0102.SG1.3.oral_gc_rl.tsv.gz
"(69,70]",7373,GDN001.A0102.SG1.3.oral_gc_rl.tsv.gz
"(70,71]",5278,GDN001.A0102.SG1.3.oral_gc_rl.tsv.gz
"(71,72]",5771,GDN001.A0102.SG1.3.oral_gc_rl.tsv.gz
"(72,73]",4992,GDN001.A0102.SG1.3.oral_gc_rl.tsv.gz
"(73,74]",4627,GDN001.A0102.SG1.3.oral_gc_rl.tsv.gz
"(74,75]",4486,GDN001.A0102.SG1.3.oral_gc_rl.tsv.gz
"(75,76]",2519,GDN001.A0102.SG1.3.oral_gc_rl.tsv.gz
"(76,77]",2786,GDN001.A0102.SG1.3.oral_gc_rl.tsv.gz
"(77,78]",2194,GDN001.A0102.SG1.3.oral_gc_rl.tsv.gz
"(78,79]",1785,GDN001.A0102.SG1.3.oral_gc_rl.tsv.gz
"(79,80]",1579,GDN001.A0102.SG1.3.oral_gc_rl.tsv.gz
"(80,81]",783,GDN001.A0102.SG1.3.oral_gc_rl.tsv.gz
"(81,82]",761,GDN001.A0102.SG1.3.oral_gc_rl.tsv.gz
"(82,83]",557,GDN001.A0102.SG1.3.oral_gc_rl.tsv.gz
"(83,84]",322,GDN001.A0102.SG1.3.oral_gc_rl.tsv.gz
"(84,85]",285,GDN001.A0102.SG1.3.oral_gc_rl.tsv.gz
"(85,86]",119,GDN001.A0102.SG1.3.oral_gc_rl.tsv.gz
"(86,87]",112,GDN001.A0102.SG1.3.oral_gc_rl.tsv.gz
"(87,88]",54,GDN001.A0102.SG1.3.oral_gc_rl.tsv.gz
"(88,89]",34,GDN001.A0102.SG1.3.oral_gc_rl.tsv.gz
"(89,90]",29,GDN001.A0102.SG1.3.oral_gc_rl.tsv.gz
"(90,91]",7,GDN001.A0102.SG1.3.oral_gc_rl.tsv.gz
"(91,92]",2,GDN001.A0102.SG1.3.oral_gc_rl.tsv.gz
"(92,93]",2,GDN001.A0102.SG1.3.oral_gc_rl.tsv.gz
"(4,5]",1,GOY005.A0101.SG1.2.oral_gc_rl.tsv.gz
"(5,6]",1,GOY005.A0101.SG1.2.oral_gc_rl.tsv.gz
"(6,7]",3,GOY005.A0101.SG1.2.oral_gc_rl.tsv.gz
"(7,8]",10,GOY005.A0101.SG1.2.oral_gc_rl.tsv.gz
"(8,9]",17,GOY005.A0101.SG1.2.oral_gc_rl.tsv.gz
"(9,10]",42,GOY005.A0101.SG1.2.oral_gc_rl.tsv.gz
"(10,11]",102,GOY005.A0101.SG1.2.oral_gc_rl.tsv.gz
"(11,12]",151,GOY005.A0101.SG1.2.oral_gc_rl.tsv.gz
"(12,13]",258,GOY005.A0101.SG1.2.oral_gc_rl.tsv.gz
"(13,14]",549,GOY005.A0101.SG1.2.oral_gc_rl.tsv.gz
"(14,15]",827,GOY005.A0101.SG1.2.oral_gc_rl.tsv.gz
"(15,16]",1205,GOY005.A0101.SG1.2.oral_gc_rl.tsv.gz
"(16,17]",1582,GOY005.A0101.SG1.2.oral_gc_rl.tsv.gz
"(17,18]",2519,GOY005.A0101.SG1.2.oral_gc_rl.tsv.gz
"(18,19]",2978,GOY005.A0101.SG1.2.oral_gc_rl.tsv.gz
"(19,20]",5136,GOY005.A0101.SG1.2.oral_gc_rl.tsv.gz
"(20,21]",4405,GOY005.A0101.SG1.2.oral_gc_rl.tsv.gz
"(21,22]",6882,GOY005.A0101.SG1.2.oral_gc_rl.tsv.gz
"(22,23]",7461,GOY005.A0101.SG1.2.oral_gc_rl.tsv.gz
"(23,24]",9998,GOY005.A0101.SG1.2.oral_gc_rl.tsv.gz
"(24,25]",13215,GOY005.A0101.SG1.2.oral_gc_rl.tsv.gz
"(25,26]",10038,GOY005.A0101.SG1.2.oral_gc_rl.tsv.gz
"(26,27]",14326,GOY005.A0101.SG1.2.oral_gc_rl.tsv.gz
"(27,28]",17569,GOY005.A0101.SG1.2.oral_gc_rl.tsv.gz
"(28,29]",18108,GOY005.A0101.SG1.2.oral_gc_rl.tsv.gz
"(29,30]",22244,GOY005.A0101.SG1.2.oral_gc_rl.tsv.gz
"(30,31]",20887,GOY005.A0101.SG1.2.oral_gc_rl.tsv.gz
"(31,32]",26117,GOY005.A0101.SG1.2.oral_gc_rl.tsv.gz
"(32,33]",25684,GOY005.A0101.SG1.2.oral_gc_rl.tsv.gz
"(33,34]",28774,GOY005.A0101.SG1.2.oral_gc_rl.tsv.gz
"(34,35]",34389,GOY005.A0101.SG1.2.oral_gc_rl.tsv.gz
"(35,36]",33882,GOY005.A0101.SG1.2.oral_gc_rl.tsv.gz
"(36,37]",35741,GOY005.A0101.SG1.2.oral_gc_rl.tsv.gz
"(37,38]",38515,GOY005.A0101.SG1.2.oral_gc_rl.tsv.gz
"(38,39]",39182,GOY005.A0101.SG1.2.oral_gc_rl.tsv.gz
"(39,40]",51418,GOY005.A0101.SG1.2.oral_gc_rl.tsv.gz
"(40,41]",35979,GOY005.A0101.SG1.2.oral_gc_rl.tsv.gz
"(41,42]",46299,GOY005.A0101.SG1.2.oral_gc_rl.tsv.gz
"(42,43]",45295,GOY005.A0101.SG1.2.oral_gc_rl.tsv.gz
"(43,44]",50417,GOY005.A0101.SG1.2.oral_gc_rl.tsv.gz
"(44,45]",48519,GOY005.A0101.SG1.2.oral_gc_rl.tsv.gz
"(45,46]",45463,GOY005.A0101.SG1.2.oral_gc_rl.tsv.gz
"(46,47]",48221,GOY005.A0101.SG1.2.oral_gc_rl.tsv.gz
"(47,48]",52850,GOY005.A0101.SG1.2.oral_gc_rl.tsv.gz
"(48,49]",48150,GOY005.A0101.SG1.2.oral_gc_rl.tsv.gz
"(49,50]",70089,GOY005.A0101.SG1.2.oral_gc_rl.tsv.gz
"(50,51]",23288,GOY005.A0101.SG1.2.oral_gc_rl.tsv.gz
"(51,52]",53666,GOY005.A0101.SG1.2.oral_gc_rl.tsv.gz
"(52,53]",53418,GOY005.A0101.SG1.2.oral_gc_rl.tsv.gz
"(53,54]",58369,GOY005.A0101.SG1.2.oral_gc_rl.tsv.gz
"(54,55]",58004,GOY005.A0101.SG1.2.oral_gc_rl.tsv.gz
"(55,56]",59688,GOY005.A0101.SG1.2.oral_gc_rl.tsv.gz
"(56,57]",64766,GOY005.A0101.SG1.2.oral_gc_rl.tsv.gz
"(57,58]",71228,GOY005.A0101.SG1.2.oral_gc_rl.tsv.gz
"(58,59]",70284,GOY005.A0101.SG1.2.oral_gc_rl.tsv.gz
"(59,60]",91892,GOY005.A0101.SG1.2.oral_gc_rl.tsv.gz
"(60,61]",67662,GOY005.A0101.SG1.2.oral_gc_rl.tsv.gz
"(61,62]",85464,GOY005.A0101.SG1.2.oral_gc_rl.tsv.gz
"(62,63]",79659,GOY005.A0101.SG1.2.oral_gc_rl.tsv.gz
"(63,64]",89996,GOY005.A0101.SG1.2.oral_gc_rl.tsv.gz
"(64,65]",87062,GOY005.A0101.SG1.2.oral_gc_rl.tsv.gz
"(65,66]",83874,GOY005.A0101.SG1.2.oral_gc_rl.tsv.gz
"(66,67]",70186,GOY005.A0101.SG1.2.oral_gc_rl.tsv.gz
"(67,68]",73855,GOY005.A0101.SG1.2.oral_gc_rl.tsv.gz
"(68,69]",63760,GOY005.A0101.SG1.2.oral_gc_rl.tsv.gz
"(69,70]",67610,GOY005.A0101.SG1.2.oral_gc_rl.tsv.gz
"(70,71]",45277,GOY005.A0101.SG1.2.oral_gc_rl.tsv.gz
"(71,72]",47817,GOY005.A0101.SG1.2.oral_gc_rl.tsv.gz
"(72,73]",38619,GOY005.A0101.SG1.2.oral_gc_rl.tsv.gz
"(73,74]",32795,GOY005.A0101.SG1.2.oral_gc_rl.tsv.gz
"(74,75]",29381,GOY005.A0101.SG1.2.oral_gc_rl.tsv.gz
"(75,76]",14693,GOY005.A0101.SG1.2.oral_gc_rl.tsv.gz
"(76,77]",16031,GOY005.A0101.SG1.2.oral_gc_rl.tsv.gz
"(77,78]",11339,GOY005.A0101.SG1.2.oral_gc_rl.tsv.gz
"(78,79]",8825,GOY005.A0101.SG1.2.oral_gc_rl.tsv.gz
"(79,80]",7141,GOY005.A0101.SG1.2.oral_gc_rl.tsv.gz
"(80,81]",3246,GOY005.A0101.SG1.2.oral_gc_rl.tsv.gz
"(81,82]",2851,GOY005.A0101.SG1.2.oral_gc_rl.tsv.gz
"(82,83]",1983,GOY005.A0101.SG1.2.oral_gc_rl.tsv.gz
"(83,84]",1133,GOY005.A0101.SG1.2.oral_gc_rl.tsv.gz
"(84,85]",826,GOY005.A0101.SG1.2.oral_gc_rl.tsv.gz
"(85,86]",289,GOY005.A0101.SG1.2.oral_gc_rl.tsv.gz
"(86,87]",318,GOY005.A0101.SG1.2.oral_gc_rl.tsv.gz
"(87,88]",144,GOY005.A0101.SG1.2.oral_gc_rl.tsv.gz
"(88,89]",74,GOY005.A0101.SG1.2.oral_gc_rl.tsv.gz
"(89,90]",50,GOY005.A0101.SG1.2.oral_gc_rl.tsv.gz
"(90,91]",12,GOY005.A0101.SG1.2.oral_gc_rl.tsv.gz
"(91,92]",12,GOY005.A0101.SG1.2.oral_gc_rl.tsv.gz
"(92,93]",4,GOY005.A0101.SG1.2.oral_gc_rl.tsv.gz
"(93,94]",1,GOY005.A0101.SG1.2.oral_gc_rl.tsv.gz
"(94,95]",1,GOY005.A0101.SG1.2.oral_gc_rl.tsv.gz
"(2,3]",1,GOY005.A0103.SG1.4.oral_gc_rl.tsv.gz
"(4,5]",9,GOY005.A0103.SG1.4.oral_gc_rl.tsv.gz
"(5,6]",15,GOY005.A0103.SG1.4.oral_gc_rl.tsv.gz
"(6,7]",23,GOY005.A0103.SG1.4.oral_gc_rl.tsv.gz
"(7,8]",76,GOY005.A0103.SG1.4.oral_gc_rl.tsv.gz
"(8,9]",95,GOY005.A0103.SG1.4.oral_gc_rl.tsv.gz
"(9,10]",175,GOY005.A0103.SG1.4.oral_gc_rl.tsv.gz
"(10,11]",298,GOY005.A0103.SG1.4.oral_gc_rl.tsv.gz
"(11,12]",502,GOY005.A0103.SG1.4.oral_gc_rl.tsv.gz
"(12,13]",650,GOY005.A0103.SG1.4.oral_gc_rl.tsv.gz
"(13,14]",1089,GOY005.A0103.SG1.4.oral_gc_rl.tsv.gz
"(14,15]",1337,GOY005.A0103.SG1.4.oral_gc_rl.tsv.gz
"(15,16]",1924,GOY005.A0103.SG1.4.oral_gc_rl.tsv.gz
"(16,17]",2241,GOY005.A0103.SG1.4.oral_gc_rl.tsv.gz
"(17,18]",3229,GOY005.A0103.SG1.4.oral_gc_rl.tsv.gz
"(18,19]",3416,GOY005.A0103.SG1.4.oral_gc_rl.tsv.gz
"(19,20]",5281,GOY005.A0103.SG1.4.oral_gc_rl.tsv.gz
"(20,21]",4209,GOY005.A0103.SG1.4.oral_gc_rl.tsv.gz
"(21,22]",6349,GOY005.A0103.SG1.4.oral_gc_rl.tsv.gz
"(22,23]",6249,GOY005.A0103.SG1.4.oral_gc_rl.tsv.gz
"(23,24]",8192,GOY005.A0103.SG1.4.oral_gc_rl.tsv.gz
"(24,25]",10034,GOY005.A0103.SG1.4.oral_gc_rl.tsv.gz
"(25,26]",6589,GOY005.A0103.SG1.4.oral_gc_rl.tsv.gz
"(26,27]",9464,GOY005.A0103.SG1.4.oral_gc_rl.tsv.gz
"(27,28]",11441,GOY005.A0103.SG1.4.oral_gc_rl.tsv.gz
"(28,29]",10801,GOY005.A0103.SG1.4.oral_gc_rl.tsv.gz
"(29,30]",12475,GOY005.A0103.SG1.4.oral_gc_rl.tsv.gz
"(30,31]",11103,GOY005.A0103.SG1.4.oral_gc_rl.tsv.gz
"(31,32]",12884,GOY005.A0103.SG1.4.oral_gc_rl.tsv.gz
"(32,33]",11949,GOY005.A0103.SG1.4.oral_gc_rl.tsv.gz
"(33,34]",12933,GOY005.A0103.SG1.4.oral_gc_rl.tsv.gz
"(34,35]",15278,GOY005.A0103.SG1.4.oral_gc_rl.tsv.gz
"(35,36]",13406,GOY005.A0103.SG1.4.oral_gc_rl.tsv.gz
"(36,37]",13856,GOY005.A0103.SG1.4.oral_gc_rl.tsv.gz
"(37,38]",13945,GOY005.A0103.SG1.4.oral_gc_rl.tsv.gz
"(38,39]",13343,GOY005.A0103.SG1.4.oral_gc_rl.tsv.gz
"(39,40]",17022,GOY005.A0103.SG1.4.oral_gc_rl.tsv.gz
"(40,41]",11012,GOY005.A0103.SG1.4.oral_gc_rl.tsv.gz
"(41,42]",13797,GOY005.A0103.SG1.4.oral_gc_rl.tsv.gz
"(42,43]",12629,GOY005.A0103.SG1.4.oral_gc_rl.tsv.gz
"(43,44]",13351,GOY005.A0103.SG1.4.oral_gc_rl.tsv.gz
"(44,45]",12547,GOY005.A0103.SG1.4.oral_gc_rl.tsv.gz
"(45,46]",10612,GOY005.A0103.SG1.4.oral_gc_rl.tsv.gz
"(46,47]",10987,GOY005.A0103.SG1.4.oral_gc_rl.tsv.gz
"(47,48]",11758,GOY005.A0103.SG1.4.oral_gc_rl.tsv.gz
"(48,49]",10328,GOY005.A0103.SG1.4.oral_gc_rl.tsv.gz
"(49,50]",13358,GOY005.A0103.SG1.4.oral_gc_rl.tsv.gz
"(50,51]",3268,GOY005.A0103.SG1.4.oral_gc_rl.tsv.gz
"(51,52]",9790,GOY005.A0103.SG1.4.oral_gc_rl.tsv.gz
"(52,53]",9216,GOY005.A0103.SG1.4.oral_gc_rl.tsv.gz
"(53,54]",8973,GOY005.A0103.SG1.4.oral_gc_rl.tsv.gz
"(54,55]",8344,GOY005.A0103.SG1.4.oral_gc_rl.tsv.gz
"(55,56]",7910,GOY005.A0103.SG1.4.oral_gc_rl.tsv.gz
"(56,57]",8376,GOY005.A0103.SG1.4.oral_gc_rl.tsv.gz
"(57,58]",8605,GOY005.A0103.SG1.4.oral_gc_rl.tsv.gz
"(58,59]",8170,GOY005.A0103.SG1.4.oral_gc_rl.tsv.gz
"(59,60]",9865,GOY005.A0103.SG1.4.oral_gc_rl.tsv.gz
"(60,61]",7076,GOY005.A0103.SG1.4.oral_gc_rl.tsv.gz
"(61,62]",8484,GOY005.A0103.SG1.4.oral_gc_rl.tsv.gz
"(62,63]",7484,GOY005.A0103.SG1.4.oral_gc_rl.tsv.gz
"(63,64]",8378,GOY005.A0103.SG1.4.oral_gc_rl.tsv.gz
"(64,65]",8172,GOY005.A0103.SG1.4.oral_gc_rl.tsv.gz
"(65,66]",7581,GOY005.A0103.SG1.4.oral_gc_rl.tsv.gz
"(66,67]",5957,GOY005.A0103.SG1.4.oral_gc_rl.tsv.gz
"(67,68]",6067,GOY005.A0103.SG1.4.oral_gc_rl.tsv.gz
"(68,69]",5532,GOY005.A0103.SG1.4.oral_gc_rl.tsv.gz
"(69,70]",6073,GOY005.A0103.SG1.4.oral_gc_rl.tsv.gz
"(70,71]",3682,GOY005.A0103.SG1.4.oral_gc_rl.tsv.gz
"(71,72]",4242,GOY005.A0103.SG1.4.oral_gc_rl.tsv.gz
"(72,73]",3386,GOY005.A0103.SG1.4.oral_gc_rl.tsv.gz
"(73,74]",2723,GOY005.A0103.SG1.4.oral_gc_rl.tsv.gz
"(74,75]",2492,GOY005.A0103.SG1.4.oral_gc_rl.tsv.gz
"(75,76]",1228,GOY005.A0103.SG1.4.oral_gc_rl.tsv.gz
"(76,77]",1462,GOY005.A0103.SG1.4.oral_gc_rl.tsv.gz
"(77,78]",943,GOY005.A0103.SG1.4.oral_gc_rl.tsv.gz
"(78,79]",803,GOY005.A0103.SG1.4.oral_gc_rl.tsv.gz
"(79,80]",639,GOY005.A0103.SG1.4.oral_gc_rl.tsv.gz
"(80,81]",305,GOY005.A0103.SG1.4.oral_gc_rl.tsv.gz
"(81,82]",261,GOY005.A0103.SG1.4.oral_gc_rl.tsv.gz
"(82,83]",192,GOY005.A0103.SG1.4.oral_gc_rl.tsv.gz
"(83,84]",102,GOY005.A0103.SG1.4.oral_gc_rl.tsv.gz
"(84,85]",86,GOY005.A0103.SG1.4.oral_gc_rl.tsv.gz
"(85,86]",18,GOY005.A0103.SG1.4.oral_gc_rl.tsv.gz
"(86,87]",23,GOY005.A0103.SG1.4.oral_gc_rl.tsv.gz
"(87,88]",10,GOY005.A0103.SG1.4.oral_gc_rl.tsv.gz
"(88,89]",4,GOY005.A0103.SG1.4.oral_gc_rl.tsv.gz
"(89,90]",6,GOY005.A0103.SG1.4.oral_gc_rl.tsv.gz
"(90,91]",1,GOY005.A0103.SG1.4.oral_gc_rl.tsv.gz
"(94,95]",1,GOY005.A0103.SG1.4.oral_gc_rl.tsv.gz
"(6,7]",1,GOY006.A0101.SG1.2.oral_gc_rl.tsv.gz
"(7,8]",6,GOY006.A0101.SG1.2.oral_gc_rl.tsv.gz
"(8,9]",4,GOY006.A0101.SG1.2.oral_gc_rl.tsv.gz
"(9,10]",16,GOY006.A0101.SG1.2.oral_gc_rl.tsv.gz
"(10,11]",39,GOY006.A0101.SG1.2.oral_gc_rl.tsv.gz
"(11,12]",70,GOY006.A0101.SG1.2.oral_gc_rl.tsv.gz
"(12,13]",122,GOY006.A0101.SG1.2.oral_gc_rl.tsv.gz
"(13,14]",240,GOY006.A0101.SG1.2.oral_gc_rl.tsv.gz
"(14,15]",358,GOY006.A0101.SG1.2.oral_gc_rl.tsv.gz
"(15,16]",539,GOY006.A0101.SG1.2.oral_gc_rl.tsv.gz
"(16,17]",757,GOY006.A0101.SG1.2.oral_gc_rl.tsv.gz
"(17,18]",1309,GOY006.A0101.SG1.2.oral_gc_rl.tsv.gz
"(18,19]",1614,GOY006.A0101.SG1.2.oral_gc_rl.tsv.gz
"(19,20]",2712,GOY006.A0101.SG1.2.oral_gc_rl.tsv.gz
"(20,21]",2449,GOY006.A0101.SG1.2.oral_gc_rl.tsv.gz
"(21,22]",3870,GOY006.A0101.SG1.2.oral_gc_rl.tsv.gz
"(22,23]",4467,GOY006.A0101.SG1.2.oral_gc_rl.tsv.gz
"(23,24]",6229,GOY006.A0101.SG1.2.oral_gc_rl.tsv.gz
"(24,25]",8028,GOY006.A0101.SG1.2.oral_gc_rl.tsv.gz
"(25,26]",6484,GOY006.A0101.SG1.2.oral_gc_rl.tsv.gz
"(26,27]",8915,GOY006.A0101.SG1.2.oral_gc_rl.tsv.gz
"(27,28]",10722,GOY006.A0101.SG1.2.oral_gc_rl.tsv.gz
"(28,29]",11509,GOY006.A0101.SG1.2.oral_gc_rl.tsv.gz
"(29,30]",13704,GOY006.A0101.SG1.2.oral_gc_rl.tsv.gz
"(30,31]",13454,GOY006.A0101.SG1.2.oral_gc_rl.tsv.gz
"(31,32]",16293,GOY006.A0101.SG1.2.oral_gc_rl.tsv.gz
"(32,33]",16625,GOY006.A0101.SG1.2.oral_gc_rl.tsv.gz
"(33,34]",17683,GOY006.A0101.SG1.2.oral_gc_rl.tsv.gz
"(34,35]",20629,GOY006.A0101.SG1.2.oral_gc_rl.tsv.gz
"(35,36]",20825,GOY006.A0101.SG1.2.oral_gc_rl.tsv.gz
"(36,37]",21857,GOY006.A0101.SG1.2.oral_gc_rl.tsv.gz
"(37,38]",23327,GOY006.A0101.SG1.2.oral_gc_rl.tsv.gz
"(38,39]",24388,GOY006.A0101.SG1.2.oral_gc_rl.tsv.gz
"(39,40]",31338,GOY006.A0101.SG1.2.oral_gc_rl.tsv.gz
"(40,41]",23357,GOY006.A0101.SG1.2.oral_gc_rl.tsv.gz
"(41,42]",29248,GOY006.A0101.SG1.2.oral_gc_rl.tsv.gz
"(42,43]",29279,GOY006.A0101.SG1.2.oral_gc_rl.tsv.gz
"(43,44]",34174,GOY006.A0101.SG1.2.oral_gc_rl.tsv.gz
"(44,45]",33940,GOY006.A0101.SG1.2.oral_gc_rl.tsv.gz
"(45,46]",32801,GOY006.A0101.SG1.2.oral_gc_rl.tsv.gz
"(46,47]",36432,GOY006.A0101.SG1.2.oral_gc_rl.tsv.gz
"(47,48]",39973,GOY006.A0101.SG1.2.oral_gc_rl.tsv.gz
"(48,49]",38242,GOY006.A0101.SG1.2.oral_gc_rl.tsv.gz
"(49,50]",59557,GOY006.A0101.SG1.2.oral_gc_rl.tsv.gz
"(50,51]",22677,GOY006.A0101.SG1.2.oral_gc_rl.tsv.gz
"(51,52]",47181,GOY006.A0101.SG1.2.oral_gc_rl.tsv.gz
"(52,53]",48377,GOY006.A0101.SG1.2.oral_gc_rl.tsv.gz
"(53,54]",55067,GOY006.A0101.SG1.2.oral_gc_rl.tsv.gz
"(54,55]",55115,GOY006.A0101.SG1.2.oral_gc_rl.tsv.gz
"(55,56]",58448,GOY006.A0101.SG1.2.oral_gc_rl.tsv.gz
"(56,57]",63294,GOY006.A0101.SG1.2.oral_gc_rl.tsv.gz
"(57,58]",69050,GOY006.A0101.SG1.2.oral_gc_rl.tsv.gz
"(58,59]",68192,GOY006.A0101.SG1.2.oral_gc_rl.tsv.gz
"(59,60]",88964,GOY006.A0101.SG1.2.oral_gc_rl.tsv.gz
"(60,61]",66353,GOY006.A0101.SG1.2.oral_gc_rl.tsv.gz
"(61,62]",82207,GOY006.A0101.SG1.2.oral_gc_rl.tsv.gz
"(62,63]",77621,GOY006.A0101.SG1.2.oral_gc_rl.tsv.gz
"(63,64]",87009,GOY006.A0101.SG1.2.oral_gc_rl.tsv.gz
"(64,65]",85744,GOY006.A0101.SG1.2.oral_gc_rl.tsv.gz
"(65,66]",83191,GOY006.A0101.SG1.2.oral_gc_rl.tsv.gz
"(66,67]",73002,GOY006.A0101.SG1.2.oral_gc_rl.tsv.gz
"(67,68]",79027,GOY006.A0101.SG1.2.oral_gc_rl.tsv.gz
"(68,69]",69346,GOY006.A0101.SG1.2.oral_gc_rl.tsv.gz
"(69,70]",74358,GOY006.A0101.SG1.2.oral_gc_rl.tsv.gz
"(70,71]",52469,GOY006.A0101.SG1.2.oral_gc_rl.tsv.gz
"(71,72]",56590,GOY006.A0101.SG1.2.oral_gc_rl.tsv.gz
"(72,73]",46400,GOY006.A0101.SG1.2.oral_gc_rl.tsv.gz
"(73,74]",42287,GOY006.A0101.SG1.2.oral_gc_rl.tsv.gz
"(74,75]",39139,GOY006.A0101.SG1.2.oral_gc_rl.tsv.gz
"(75,76]",21110,GOY006.A0101.SG1.2.oral_gc_rl.tsv.gz
"(76,77]",22725,GOY006.A0101.SG1.2.oral_gc_rl.tsv.gz
"(77,78]",17114,GOY006.A0101.SG1.2.oral_gc_rl.tsv.gz
"(78,79]",13231,GOY006.A0101.SG1.2.oral_gc_rl.tsv.gz
"(79,80]",11192,GOY006.A0101.SG1.2.oral_gc_rl.tsv.gz
"(80,81]",5367,GOY006.A0101.SG1.2.oral_gc_rl.tsv.gz
"(81,82]",5007,GOY006.A0101.SG1.2.oral_gc_rl.tsv.gz
"(82,83]",3458,GOY006.A0101.SG1.2.oral_gc_rl.tsv.gz
"(83,84]",2103,GOY006.A0101.SG1.2.oral_gc_rl.tsv.gz
"(84,85]",1602,GOY006.A0101.SG1.2.oral_gc_rl.tsv.gz
"(85,86]",706,GOY006.A0101.SG1.2.oral_gc_rl.tsv.gz
"(86,87]",627,GOY006.A0101.SG1.2.oral_gc_rl.tsv.gz
"(87,88]",338,GOY006.A0101.SG1.2.oral_gc_rl.tsv.gz
"(88,89]",150,GOY006.A0101.SG1.2.oral_gc_rl.tsv.gz
"(89,90]",122,GOY006.A0101.SG1.2.oral_gc_rl.tsv.gz
"(90,91]",29,GOY006.A0101.SG1.2.oral_gc_rl.tsv.gz
"(91,92]",13,GOY006.A0101.SG1.2.oral_gc_rl.tsv.gz
"(92,93]",22,GOY006.A0101.SG1.2.oral_gc_rl.tsv.gz
"(93,94]",3,GOY006.A0101.SG1.2.oral_gc_rl.tsv.gz
"(94,95]",2,GOY006.A0101.SG1.2.oral_gc_rl.tsv.gz
"(95,96]",1,GOY006.A0101.SG1.2.oral_gc_rl.tsv.gz
"(2,3]",1,GOY006.A0102.SG1.5.oral_gc_rl.tsv.gz
"(4,5]",3,GOY006.A0102.SG1.5.oral_gc_rl.tsv.gz
"(5,6]",4,GOY006.A0102.SG1.5.oral_gc_rl.tsv.gz
"(6,7]",14,GOY006.A0102.SG1.5.oral_gc_rl.tsv.gz
"(7,8]",40,GOY006.A0102.SG1.5.oral_gc_rl.tsv.gz
"(8,9]",56,GOY006.A0102.SG1.5.oral_gc_rl.tsv.gz
"(9,10]",110,GOY006.A0102.SG1.5.oral_gc_rl.tsv.gz
"(10,11]",191,GOY006.A0102.SG1.5.oral_gc_rl.tsv.gz
"(11,12]",298,GOY006.A0102.SG1.5.oral_gc_rl.tsv.gz
"(12,13]",434,GOY006.A0102.SG1.5.oral_gc_rl.tsv.gz
"(13,14]",739,GOY006.A0102.SG1.5.oral_gc_rl.tsv.gz
"(14,15]",912,GOY006.A0102.SG1.5.oral_gc_rl.tsv.gz
"(15,16]",1261,GOY006.A0102.SG1.5.oral_gc_rl.tsv.gz
"(16,17]",1490,GOY006.A0102.SG1.5.oral_gc_rl.tsv.gz
"(17,18]",2255,GOY006.A0102.SG1.5.oral_gc_rl.tsv.gz
"(18,19]",2388,GOY006.A0102.SG1.5.oral_gc_rl.tsv.gz
"(19,20]",3835,GOY006.A0102.SG1.5.oral_gc_rl.tsv.gz
"(20,21]",3050,GOY006.A0102.SG1.5.oral_gc_rl.tsv.gz
"(21,22]",4809,GOY006.A0102.SG1.5.oral_gc_rl.tsv.gz
"(22,23]",4823,GOY006.A0102.SG1.5.oral_gc_rl.tsv.gz
"(23,24]",6439,GOY006.A0102.SG1.5.oral_gc_rl.tsv.gz
"(24,25]",7933,GOY006.A0102.SG1.5.oral_gc_rl.tsv.gz
"(25,26]",5603,GOY006.A0102.SG1.5.oral_gc_rl.tsv.gz
"(26,27]",7860,GOY006.A0102.SG1.5.oral_gc_rl.tsv.gz
"(27,28]",8892,GOY006.A0102.SG1.5.oral_gc_rl.tsv.gz
"(28,29]",8609,GOY006.A0102.SG1.5.oral_gc_rl.tsv.gz
"(29,30]",10131,GOY006.A0102.SG1.5.oral_gc_rl.tsv.gz
"(30,31]",9112,GOY006.A0102.SG1.5.oral_gc_rl.tsv.gz
"(31,32]",10727,GOY006.A0102.SG1.5.oral_gc_rl.tsv.gz
"(32,33]",10176,GOY006.A0102.SG1.5.oral_gc_rl.tsv.gz
"(33,34]",10646,GOY006.A0102.SG1.5.oral_gc_rl.tsv.gz
"(34,35]",12115,GOY006.A0102.SG1.5.oral_gc_rl.tsv.gz
"(35,36]",11165,GOY006.A0102.SG1.5.oral_gc_rl.tsv.gz
"(36,37]",11378,GOY006.A0102.SG1.5.oral_gc_rl.tsv.gz
"(37,38]",11458,GOY006.A0102.SG1.5.oral_gc_rl.tsv.gz
"(38,39]",10887,GOY006.A0102.SG1.5.oral_gc_rl.tsv.gz
"(39,40]",14190,GOY006.A0102.SG1.5.oral_gc_rl.tsv.gz
"(40,41]",9534,GOY006.A0102.SG1.5.oral_gc_rl.tsv.gz
"(41,42]",12023,GOY006.A0102.SG1.5.oral_gc_rl.tsv.gz
"(42,43]",11273,GOY006.A0102.SG1.5.oral_gc_rl.tsv.gz
"(43,44]",12113,GOY006.A0102.SG1.5.oral_gc_rl.tsv.gz
"(44,45]",11520,GOY006.A0102.SG1.5.oral_gc_rl.tsv.gz
"(45,46]",10503,GOY006.A0102.SG1.5.oral_gc_rl.tsv.gz
"(46,47]",10868,GOY006.A0102.SG1.5.oral_gc_rl.tsv.gz
"(47,48]",12052,GOY006.A0102.SG1.5.oral_gc_rl.tsv.gz
"(48,49]",10914,GOY006.A0102.SG1.5.oral_gc_rl.tsv.gz
"(49,50]",15122,GOY006.A0102.SG1.5.oral_gc_rl.tsv.gz
"(50,51]",4089,GOY006.A0102.SG1.5.oral_gc_rl.tsv.gz
"(51,52]",11773,GOY006.A0102.SG1.5.oral_gc_rl.tsv.gz
"(52,53]",11284,GOY006.A0102.SG1.5.oral_gc_rl.tsv.gz
"(53,54]",11597,GOY006.A0102.SG1.5.oral_gc_rl.tsv.gz
"(54,55]",11436,GOY006.A0102.SG1.5.oral_gc_rl.tsv.gz
"(55,56]",11000,GOY006.A0102.SG1.5.oral_gc_rl.tsv.gz
"(56,57]",11845,GOY006.A0102.SG1.5.oral_gc_rl.tsv.gz
"(57,58]",12451,GOY006.A0102.SG1.5.oral_gc_rl.tsv.gz
"(58,59]",11938,GOY006.A0102.SG1.5.oral_gc_rl.tsv.gz
"(59,60]",14554,GOY006.A0102.SG1.5.oral_gc_rl.tsv.gz
"(60,61]",10724,GOY006.A0102.SG1.5.oral_gc_rl.tsv.gz
"(61,62]",12811,GOY006.A0102.SG1.5.oral_gc_rl.tsv.gz
"(62,63]",11639,GOY006.A0102.SG1.5.oral_gc_rl.tsv.gz
"(63,64]",13231,GOY006.A0102.SG1.5.oral_gc_rl.tsv.gz
"(64,65]",12695,GOY006.A0102.SG1.5.oral_gc_rl.tsv.gz
"(65,66]",12237,GOY006.A0102.SG1.5.oral_gc_rl.tsv.gz
"(66,67]",9924,GOY006.A0102.SG1.5.oral_gc_rl.tsv.gz
"(67,68]",10596,GOY006.A0102.SG1.5.oral_gc_rl.tsv.gz
"(68,69]",9403,GOY006.A0102.SG1.5.oral_gc_rl.tsv.gz
"(69,70]",10308,GOY006.A0102.SG1.5.oral_gc_rl.tsv.gz
"(70,71]",6866,GOY006.A0102.SG1.5.oral_gc_rl.tsv.gz
"(71,72]",7569,GOY006.A0102.SG1.5.oral_gc_rl.tsv.gz
"(72,73]",6280,GOY006.A0102.SG1.5.oral_gc_rl.tsv.gz
"(73,74]",5475,GOY006.A0102.SG1.5.oral_gc_rl.tsv.gz
"(74,75]",5124,GOY006.A0102.SG1.5.oral_gc_rl.tsv.gz
"(75,76]",2722,GOY006.A0102.SG1.5.oral_gc_rl.tsv.gz
"(76,77]",2852,GOY006.A0102.SG1.5.oral_gc_rl.tsv.gz
"(77,78]",2087,GOY006.A0102.SG1.5.oral_gc_rl.tsv.gz
"(78,79]",1775,GOY006.A0102.SG1.5.oral_gc_rl.tsv.gz
"(79,80]",1440,GOY006.A0102.SG1.5.oral_gc_rl.tsv.gz
"(80,81]",647,GOY006.A0102.SG1.5.oral_gc_rl.tsv.gz
"(81,82]",624,GOY006.A0102.SG1.5.oral_gc_rl.tsv.gz
"(82,83]",496,GOY006.A0102.SG1.5.oral_gc_rl.tsv.gz
"(83,84]",255,GOY006.A0102.SG1.5.oral_gc_rl.tsv.gz
"(84,85]",187,GOY006.A0102.SG1.5.oral_gc_rl.tsv.gz
"(85,86]",84,GOY006.A0102.SG1.5.oral_gc_rl.tsv.gz
"(86,87]",78,GOY006.A0102.SG1.5.oral_gc_rl.tsv.gz
"(87,88]",39,GOY006.A0102.SG1.5.oral_gc_rl.tsv.gz
"(88,89]",11,GOY006.A0102.SG1.5.oral_gc_rl.tsv.gz
"(89,90]",9,GOY006.A0102.SG1.5.oral_gc_rl.tsv.gz
"(90,91]",2,GOY006.A0102.SG1.5.oral_gc_rl.tsv.gz
"(91,92]",3,GOY006.A0102.SG1.5.oral_gc_rl.tsv.gz
"(92,93]",2,GOY006.A0102.SG1.5.oral_gc_rl.tsv.gz
"(19,20]",2,GUE001.A0101.SG1.1.oral_gc_rl.tsv.gz
"(22,23]",2,GUE001.A0101.SG1.1.oral_gc_rl.tsv.gz
"(23,24]",1,GUE001.A0101.SG1.1.oral_gc_rl.tsv.gz
"(24,25]",7,GUE001.A0101.SG1.1.oral_gc_rl.tsv.gz
"(25,26]",1,GUE001.A0101.SG1.1.oral_gc_rl.tsv.gz
"(26,27]",5,GUE001.A0101.SG1.1.oral_gc_rl.tsv.gz
"(27,28]",2,GUE001.A0101.SG1.1.oral_gc_rl.tsv.gz
"(28,29]",6,GUE001.A0101.SG1.1.oral_gc_rl.tsv.gz
"(29,30]",4,GUE001.A0101.SG1.1.oral_gc_rl.tsv.gz
"(30,31]",2,GUE001.A0101.SG1.1.oral_gc_rl.tsv.gz
"(31,32]",8,GUE001.A0101.SG1.1.oral_gc_rl.tsv.gz
"(32,33]",11,GUE001.A0101.SG1.1.oral_gc_rl.tsv.gz
"(33,34]",20,GUE001.A0101.SG1.1.oral_gc_rl.tsv.gz
"(34,35]",10,GUE001.A0101.SG1.1.oral_gc_rl.tsv.gz
"(35,36]",7,GUE001.A0101.SG1.1.oral_gc_rl.tsv.gz
"(36,37]",24,GUE001.A0101.SG1.1.oral_gc_rl.tsv.gz
"(37,38]",20,GUE001.A0101.SG1.1.oral_gc_rl.tsv.gz
"(38,39]",4,GUE001.A0101.SG1.1.oral_gc_rl.tsv.gz
"(39,40]",25,GUE001.A0101.SG1.1.oral_gc_rl.tsv.gz
"(40,41]",24,GUE001.A0101.SG1.1.oral_gc_rl.tsv.gz
"(41,42]",22,GUE001.A0101.SG1.1.oral_gc_rl.tsv.gz
"(42,43]",31,GUE001.A0101.SG1.1.oral_gc_rl.tsv.gz
"(43,44]",26,GUE001.A0101.SG1.1.oral_gc_rl.tsv.gz
"(44,45]",19,GUE001.A0101.SG1.1.oral_gc_rl.tsv.gz
"(45,46]",50,GUE001.A0101.SG1.1.oral_gc_rl.tsv.gz
"(46,47]",26,GUE001.A0101.SG1.1.oral_gc_rl.tsv.gz
"(47,48]",27,GUE001.A0101.SG1.1.oral_gc_rl.tsv.gz
"(48,49]",35,GUE001.A0101.SG1.1.oral_gc_rl.tsv.gz
"(49,50]",41,GUE001.A0101.SG1.1.oral_gc_rl.tsv.gz
"(50,51]",29,GUE001.A0101.SG1.1.oral_gc_rl.tsv.gz
"(51,52]",40,GUE001.A0101.SG1.1.oral_gc_rl.tsv.gz
"(52,53]",34,GUE001.A0101.SG1.1.oral_gc_rl.tsv.gz
"(53,54]",22,GUE001.A0101.SG1.1.oral_gc_rl.tsv.gz
"(54,55]",31,GUE001.A0101.SG1.1.oral_gc_rl.tsv.gz
"(55,56]",39,GUE001.A0101.SG1.1.oral_gc_rl.tsv.gz
"(56,57]",62,GUE001.A0101.SG1.1.oral_gc_rl.tsv.gz
"(57,58]",49,GUE001.A0101.SG1.1.oral_gc_rl.tsv.gz
"(58,59]",53,GUE001.A0101.SG1.1.oral_gc_rl.tsv.gz
"(59,60]",57,GUE001.A0101.SG1.1.oral_gc_rl.tsv.gz
"(60,61]",29,GUE001.A0101.SG1.1.oral_gc_rl.tsv.gz
"(61,62]",51,GUE001.A0101.SG1.1.oral_gc_rl.tsv.gz
"(62,63]",59,GUE001.A0101.SG1.1.oral_gc_rl.tsv.gz
"(63,64]",93,GUE001.A0101.SG1.1.oral_gc_rl.tsv.gz
"(64,65]",69,GUE001.A0101.SG1.1.oral_gc_rl.tsv.gz
"(65,66]",91,GUE001.A0101.SG1.1.oral_gc_rl.tsv.gz
"(66,67]",57,GUE001.A0101.SG1.1.oral_gc_rl.tsv.gz
"(67,68]",61,GUE001.A0101.SG1.1.oral_gc_rl.tsv.gz
"(68,69]",73,GUE001.A0101.SG1.1.oral_gc_rl.tsv.gz
"(69,70]",77,GUE001.A0101.SG1.1.oral_gc_rl.tsv.gz
"(70,71]",58,GUE001.A0101.SG1.1.oral_gc_rl.tsv.gz
"(71,72]",78,GUE001.A0101.SG1.1.oral_gc_rl.tsv.gz
"(72,73]",55,GUE001.A0101.SG1.1.oral_gc_rl.tsv.gz
"(73,74]",41,GUE001.A0101.SG1.1.oral_gc_rl.tsv.gz
"(74,75]",29,GUE001.A0101.SG1.1.oral_gc_rl.tsv.gz
"(75,76]",19,GUE001.A0101.SG1.1.oral_gc_rl.tsv.gz
"(76,77]",31,GUE001.A0101.SG1.1.oral_gc_rl.tsv.gz
"(77,78]",19,GUE001.A0101.SG1.1.oral_gc_rl.tsv.gz
"(78,79]",17,GUE001.A0101.SG1.1.oral_gc_rl.tsv.gz
"(79,80]",10,GUE001.A0101.SG1.1.oral_gc_rl.tsv.gz
"(80,81]",7,GUE001.A0101.SG1.1.oral_gc_rl.tsv.gz
"(81,82]",8,GUE001.A0101.SG1.1.oral_gc_rl.tsv.gz
"(82,83]",2,GUE001.A0101.SG1.1.oral_gc_rl.tsv.gz
"(84,85]",3,GUE001.A0101.SG1.1.oral_gc_rl.tsv.gz
"(85,86]",1,GUE001.A0101.SG1.1.oral_gc_rl.tsv.gz
"(88,89]",1,GUE001.A0101.SG1.1.oral_gc_rl.tsv.gz
"(14,15]",1,GUE001.A0102.SG1.4.oral_gc_rl.tsv.gz
"(19,20]",1,GUE001.A0102.SG1.4.oral_gc_rl.tsv.gz
"(23,24]",1,GUE001.A0102.SG1.4.oral_gc_rl.tsv.gz
"(24,25]",2,GUE001.A0102.SG1.4.oral_gc_rl.tsv.gz
"(25,26]",3,GUE001.A0102.SG1.4.oral_gc_rl.tsv.gz
"(26,27]",2,GUE001.A0102.SG1.4.oral_gc_rl.tsv.gz
"(27,28]",2,GUE001.A0102.SG1.4.oral_gc_rl.tsv.gz
"(28,29]",1,GUE001.A0102.SG1.4.oral_gc_rl.tsv.gz
"(29,30]",5,GUE001.A0102.SG1.4.oral_gc_rl.tsv.gz
"(30,31]",5,GUE001.A0102.SG1.4.oral_gc_rl.tsv.gz
"(31,32]",3,GUE001.A0102.SG1.4.oral_gc_rl.tsv.gz
"(32,33]",1,GUE001.A0102.SG1.4.oral_gc_rl.tsv.gz
"(33,34]",2,GUE001.A0102.SG1.4.oral_gc_rl.tsv.gz
"(34,35]",4,GUE001.A0102.SG1.4.oral_gc_rl.tsv.gz
"(35,36]",1,GUE001.A0102.SG1.4.oral_gc_rl.tsv.gz
"(36,37]",4,GUE001.A0102.SG1.4.oral_gc_rl.tsv.gz
"(37,38]",4,GUE001.A0102.SG1.4.oral_gc_rl.tsv.gz
"(38,39]",11,GUE001.A0102.SG1.4.oral_gc_rl.tsv.gz
"(39,40]",5,GUE001.A0102.SG1.4.oral_gc_rl.tsv.gz
"(40,41]",5,GUE001.A0102.SG1.4.oral_gc_rl.tsv.gz
"(41,42]",3,GUE001.A0102.SG1.4.oral_gc_rl.tsv.gz
"(42,43]",2,GUE001.A0102.SG1.4.oral_gc_rl.tsv.gz
"(43,44]",4,GUE001.A0102.SG1.4.oral_gc_rl.tsv.gz
"(44,45]",3,GUE001.A0102.SG1.4.oral_gc_rl.tsv.gz
"(45,46]",1,GUE001.A0102.SG1.4.oral_gc_rl.tsv.gz
"(46,47]",3,GUE001.A0102.SG1.4.oral_gc_rl.tsv.gz
"(47,48]",6,GUE001.A0102.SG1.4.oral_gc_rl.tsv.gz
"(48,49]",5,GUE001.A0102.SG1.4.oral_gc_rl.tsv.gz
"(49,50]",4,GUE001.A0102.SG1.4.oral_gc_rl.tsv.gz
"(50,51]",2,GUE001.A0102.SG1.4.oral_gc_rl.tsv.gz
"(51,52]",4,GUE001.A0102.SG1.4.oral_gc_rl.tsv.gz
"(52,53]",5,GUE001.A0102.SG1.4.oral_gc_rl.tsv.gz
"(53,54]",4,GUE001.A0102.SG1.4.oral_gc_rl.tsv.gz
"(54,55]",3,GUE001.A0102.SG1.4.oral_gc_rl.tsv.gz
"(55,56]",2,GUE001.A0102.SG1.4.oral_gc_rl.tsv.gz
"(56,57]",3,GUE001.A0102.SG1.4.oral_gc_rl.tsv.gz
"(58,59]",7,GUE001.A0102.SG1.4.oral_gc_rl.tsv.gz
"(59,60]",4,GUE001.A0102.SG1.4.oral_gc_rl.tsv.gz
"(60,61]",3,GUE001.A0102.SG1.4.oral_gc_rl.tsv.gz
"(61,62]",5,GUE001.A0102.SG1.4.oral_gc_rl.tsv.gz
"(62,63]",12,GUE001.A0102.SG1.4.oral_gc_rl.tsv.gz
"(63,64]",3,GUE001.A0102.SG1.4.oral_gc_rl.tsv.gz
"(64,65]",8,GUE001.A0102.SG1.4.oral_gc_rl.tsv.gz
"(65,66]",11,GUE001.A0102.SG1.4.oral_gc_rl.tsv.gz
"(66,67]",4,GUE001.A0102.SG1.4.oral_gc_rl.tsv.gz
"(67,68]",4,GUE001.A0102.SG1.4.oral_gc_rl.tsv.gz
"(68,69]",8,GUE001.A0102.SG1.4.oral_gc_rl.tsv.gz
"(69,70]",3,GUE001.A0102.SG1.4.oral_gc_rl.tsv.gz
"(70,71]",3,GUE001.A0102.SG1.4.oral_gc_rl.tsv.gz
"(71,72]",2,GUE001.A0102.SG1.4.oral_gc_rl.tsv.gz
"(72,73]",4,GUE001.A0102.SG1.4.oral_gc_rl.tsv.gz
"(73,74]",5,GUE001.A0102.SG1.4.oral_gc_rl.tsv.gz
"(74,75]",2,GUE001.A0102.SG1.4.oral_gc_rl.tsv.gz
"(75,76]",2,GUE001.A0102.SG1.4.oral_gc_rl.tsv.gz
"(76,77]",3,GUE001.A0102.SG1.4.oral_gc_rl.tsv.gz
"(78,79]",5,GUE001.A0102.SG1.4.oral_gc_rl.tsv.gz
"(79,80]",3,GUE001.A0102.SG1.4.oral_gc_rl.tsv.gz
"(82,83]",1,GUE001.A0102.SG1.4.oral_gc_rl.tsv.gz
"(83,84]",1,GUE001.A0102.SG1.4.oral_gc_rl.tsv.gz
"(84,85]",1,GUE001.A0102.SG1.4.oral_gc_rl.tsv.gz
"(86,87]",1,GUE001.A0102.SG1.4.oral_gc_rl.tsv.gz
"(9,10]",3,PES001.B0101.SG1.3.oral_gc_rl.tsv.gz
"(10,11]",3,PES001.B0101.SG1.3.oral_gc_rl.tsv.gz
"(11,12]",11,PES001.B0101.SG1.3.oral_gc_rl.tsv.gz
"(12,13]",22,PES001.B0101.SG1.3.oral_gc_rl.tsv.gz
"(13,14]",72,PES001.B0101.SG1.3.oral_gc_rl.tsv.gz
"(14,15]",101,PES001.B0101.SG1.3.oral_gc_rl.tsv.gz
"(15,16]",172,PES001.B0101.SG1.3.oral_gc_rl.tsv.gz
"(16,17]",266,PES001.B0101.SG1.3.oral_gc_rl.tsv.gz
"(17,18]",463,PES001.B0101.SG1.3.oral_gc_rl.tsv.gz
"(18,19]",782,PES001.B0101.SG1.3.oral_gc_rl.tsv.gz
"(19,20]",1675,PES001.B0101.SG1.3.oral_gc_rl.tsv.gz
"(20,21]",1509,PES001.B0101.SG1.3.oral_gc_rl.tsv.gz
"(21,22]",3077,PES001.B0101.SG1.3.oral_gc_rl.tsv.gz
"(22,23]",4278,PES001.B0101.SG1.3.oral_gc_rl.tsv.gz
"(23,24]",6217,PES001.B0101.SG1.3.oral_gc_rl.tsv.gz
"(24,25]",8601,PES001.B0101.SG1.3.oral_gc_rl.tsv.gz
"(25,26]",6783,PES001.B0101.SG1.3.oral_gc_rl.tsv.gz
"(26,27]",12079,PES001.B0101.SG1.3.oral_gc_rl.tsv.gz
"(27,28]",15382,PES001.B0101.SG1.3.oral_gc_rl.tsv.gz
"(28,29]",17277,PES001.B0101.SG1.3.oral_gc_rl.tsv.gz
"(29,30]",18471,PES001.B0101.SG1.3.oral_gc_rl.tsv.gz
"(30,31]",24397,PES001.B0101.SG1.3.oral_gc_rl.tsv.gz
"(31,32]",31003,PES001.B0101.SG1.3.oral_gc_rl.tsv.gz
"(32,33]",33475,PES001.B0101.SG1.3.oral_gc_rl.tsv.gz
"(33,34]",31730,PES001.B0101.SG1.3.oral_gc_rl.tsv.gz
"(34,35]",45417,PES001.B0101.SG1.3.oral_gc_rl.tsv.gz
"(35,36]",50313,PES001.B0101.SG1.3.oral_gc_rl.tsv.gz
"(36,37]",55309,PES001.B0101.SG1.3.oral_gc_rl.tsv.gz
"(37,38]",52372,PES001.B0101.SG1.3.oral_gc_rl.tsv.gz
"(38,39]",71801,PES001.B0101.SG1.3.oral_gc_rl.tsv.gz
"(39,40]",90412,PES001.B0101.SG1.3.oral_gc_rl.tsv.gz
"(40,41]",78464,PES001.B0101.SG1.3.oral_gc_rl.tsv.gz
"(41,42]",80247,PES001.B0101.SG1.3.oral_gc_rl.tsv.gz
"(42,43]",104274,PES001.B0101.SG1.3.oral_gc_rl.tsv.gz
"(43,44]",122037,PES001.B0101.SG1.3.oral_gc_rl.tsv.gz
"(44,45]",121497,PES001.B0101.SG1.3.oral_gc_rl.tsv.gz
"(45,46]",104701,PES001.B0101.SG1.3.oral_gc_rl.tsv.gz
"(46,47]",138956,PES001.B0101.SG1.3.oral_gc_rl.tsv.gz
"(47,48]",147567,PES001.B0101.SG1.3.oral_gc_rl.tsv.gz
"(48,49]",137212,PES001.B0101.SG1.3.oral_gc_rl.tsv.gz
"(49,50]",193370,PES001.B0101.SG1.3.oral_gc_rl.tsv.gz
"(50,51]",84794,PES001.B0101.SG1.3.oral_gc_rl.tsv.gz
"(51,52]",154121,PES001.B0101.SG1.3.oral_gc_rl.tsv.gz
"(52,53]",151166,PES001.B0101.SG1.3.oral_gc_rl.tsv.gz
"(53,54]",167322,PES001.B0101.SG1.3.oral_gc_rl.tsv.gz
"(54,55]",150820,PES001.B0101.SG1.3.oral_gc_rl.tsv.gz
"(55,56]",174980,PES001.B0101.SG1.3.oral_gc_rl.tsv.gz
"(56,57]",185001,PES001.B0101.SG1.3.oral_gc_rl.tsv.gz
"(57,58]",201994,PES001.B0101.SG1.3.oral_gc_rl.tsv.gz
"(58,59]",186851,PES001.B0101.SG1.3.oral_gc_rl.tsv.gz
"(59,60]",259517,PES001.B0101.SG1.3.oral_gc_rl.tsv.gz
"(60,61]",209670,PES001.B0101.SG1.3.oral_gc_rl.tsv.gz
"(61,62]",259263,PES001.B0101.SG1.3.oral_gc_rl.tsv.gz
"(62,63]",228842,PES001.B0101.SG1.3.oral_gc_rl.tsv.gz
"(63,64]",282863,PES001.B0101.SG1.3.oral_gc_rl.tsv.gz
"(64,65]",275291,PES001.B0101.SG1.3.oral_gc_rl.tsv.gz
"(65,66]",276018,PES001.B0101.SG1.3.oral_gc_rl.tsv.gz
"(66,67]",228730,PES001.B0101.SG1.3.oral_gc_rl.tsv.gz
"(67,68]",280018,PES001.B0101.SG1.3.oral_gc_rl.tsv.gz
"(68,69]",241021,PES001.B0101.SG1.3.oral_gc_rl.tsv.gz
"(69,70]",249683,PES001.B0101.SG1.3.oral_gc_rl.tsv.gz
"(70,71]",170922,PES001.B0101.SG1.3.oral_gc_rl.tsv.gz
"(71,72]",196326,PES001.B0101.SG1.3.oral_gc_rl.tsv.gz
"(72,73]",156005,PES001.B0101.SG1.3.oral_gc_rl.tsv.gz
"(73,74]",140703,PES001.B0101.SG1.3.oral_gc_rl.tsv.gz
"(74,75]",125012,PES001.B0101.SG1.3.oral_gc_rl.tsv.gz
"(75,76]",63786,PES001.B0101.SG1.3.oral_gc_rl.tsv.gz
"(76,77]",65346,PES001.B0101.SG1.3.oral_gc_rl.tsv.gz
"(77,78]",50078,PES001.B0101.SG1.3.oral_gc_rl.tsv.gz
"(78,79]",34027,PES001.B0101.SG1.3.oral_gc_rl.tsv.gz
"(79,80]",24692,PES001.B0101.SG1.3.oral_gc_rl.tsv.gz
"(80,81]",12773,PES001.B0101.SG1.3.oral_gc_rl.tsv.gz
"(81,82]",10321,PES001.B0101.SG1.3.oral_gc_rl.tsv.gz
"(82,83]",6088,PES001.B0101.SG1.3.oral_gc_rl.tsv.gz
"(83,84]",3812,PES001.B0101.SG1.3.oral_gc_rl.tsv.gz
"(84,85]",2458,PES001.B0101.SG1.3.oral_gc_rl.tsv.gz
"(85,86]",1206,PES001.B0101.SG1.3.oral_gc_rl.tsv.gz
"(86,87]",821,PES001.B0101.SG1.3.oral_gc_rl.tsv.gz
"(87,88]",448,PES001.B0101.SG1.3.oral_gc_rl.tsv.gz
"(88,89]",240,PES001.B0101.SG1.3.oral_gc_rl.tsv.gz
"(89,90]",143,PES001.B0101.SG1.3.oral_gc_rl.tsv.gz
"(90,91]",56,PES001.B0101.SG1.3.oral_gc_rl.tsv.gz
"(91,92]",29,PES001.B0101.SG1.3.oral_gc_rl.tsv.gz
"(92,93]",12,PES001.B0101.SG1.3.oral_gc_rl.tsv.gz
"(93,94]",2,PES001.B0101.SG1.3.oral_gc_rl.tsv.gz
"(94,95]",3,PES001.B0101.SG1.3.oral_gc_rl.tsv.gz
"(5,6]",2,PES001.B0102.SG1.5.oral_gc_rl.tsv.gz
"(6,7]",2,PES001.B0102.SG1.5.oral_gc_rl.tsv.gz
"(7,8]",22,PES001.B0102.SG1.5.oral_gc_rl.tsv.gz
"(8,9]",14,PES001.B0102.SG1.5.oral_gc_rl.tsv.gz
"(9,10]",31,PES001.B0102.SG1.5.oral_gc_rl.tsv.gz
"(10,11]",84,PES001.B0102.SG1.5.oral_gc_rl.tsv.gz
"(11,12]",158,PES001.B0102.SG1.5.oral_gc_rl.tsv.gz
"(12,13]",233,PES001.B0102.SG1.5.oral_gc_rl.tsv.gz
"(13,14]",382,PES001.B0102.SG1.5.oral_gc_rl.tsv.gz
"(14,15]",536,PES001.B0102.SG1.5.oral_gc_rl.tsv.gz
"(15,16]",773,PES001.B0102.SG1.5.oral_gc_rl.tsv.gz
"(16,17]",905,PES001.B0102.SG1.5.oral_gc_rl.tsv.gz
"(17,18]",1538,PES001.B0102.SG1.5.oral_gc_rl.tsv.gz
"(18,19]",1800,PES001.B0102.SG1.5.oral_gc_rl.tsv.gz
"(19,20]",2922,PES001.B0102.SG1.5.oral_gc_rl.tsv.gz
"(20,21]",2538,PES001.B0102.SG1.5.oral_gc_rl.tsv.gz
"(21,22]",4298,PES001.B0102.SG1.5.oral_gc_rl.tsv.gz
"(22,23]",4960,PES001.B0102.SG1.5.oral_gc_rl.tsv.gz
"(23,24]",6392,PES001.B0102.SG1.5.oral_gc_rl.tsv.gz
"(24,25]",8375,PES001.B0102.SG1.5.oral_gc_rl.tsv.gz
"(25,26]",6127,PES001.B0102.SG1.5.oral_gc_rl.tsv.gz
"(26,27]",9397,PES001.B0102.SG1.5.oral_gc_rl.tsv.gz
"(27,28]",10966,PES001.B0102.SG1.5.oral_gc_rl.tsv.gz
"(28,29]",11604,PES001.B0102.SG1.5.oral_gc_rl.tsv.gz
"(29,30]",12907,PES001.B0102.SG1.5.oral_gc_rl.tsv.gz
"(30,31]",13944,PES001.B0102.SG1.5.oral_gc_rl.tsv.gz
"(31,32]",17023,PES001.B0102.SG1.5.oral_gc_rl.tsv.gz
"(32,33]",17535,PES001.B0102.SG1.5.oral_gc_rl.tsv.gz
"(33,34]",16796,PES001.B0102.SG1.5.oral_gc_rl.tsv.gz
"(34,35]",21832,PES001.B0102.SG1.5.oral_gc_rl.tsv.gz
"(35,36]",22176,PES001.B0102.SG1.5.oral_gc_rl.tsv.gz
"(36,37]",23303,PES001.B0102.SG1.5.oral_gc_rl.tsv.gz
"(37,38]",23059,PES001.B0102.SG1.5.oral_gc_rl.tsv.gz
"(38,39]",26353,PES001.B0102.SG1.5.oral_gc_rl.tsv.gz
"(39,40]",33411,PES001.B0102.SG1.5.oral_gc_rl.tsv.gz
"(40,41]",25752,PES001.B0102.SG1.5.oral_gc_rl.tsv.gz
"(41,42]",29199,PES001.B0102.SG1.5.oral_gc_rl.tsv.gz
"(42,43]",31932,PES001.B0102.SG1.5.oral_gc_rl.tsv.gz
"(43,44]",35695,PES001.B0102.SG1.5.oral_gc_rl.tsv.gz
"(44,45]",34564,PES001.B0102.SG1.5.oral_gc_rl.tsv.gz
"(45,46]",30679,PES001.B0102.SG1.5.oral_gc_rl.tsv.gz
"(46,47]",34653,PES001.B0102.SG1.5.oral_gc_rl.tsv.gz
"(47,48]",35803,PES001.B0102.SG1.5.oral_gc_rl.tsv.gz
"(48,49]",32141,PES001.B0102.SG1.5.oral_gc_rl.tsv.gz
"(49,50]",45102,PES001.B0102.SG1.5.oral_gc_rl.tsv.gz
"(50,51]",16637,PES001.B0102.SG1.5.oral_gc_rl.tsv.gz
"(51,52]",32258,PES001.B0102.SG1.5.oral_gc_rl.tsv.gz
"(52,53]",31145,PES001.B0102.SG1.5.oral_gc_rl.tsv.gz
"(53,54]",32490,PES001.B0102.SG1.5.oral_gc_rl.tsv.gz
"(54,55]",30721,PES001.B0102.SG1.5.oral_gc_rl.tsv.gz
"(55,56]",31110,PES001.B0102.SG1.5.oral_gc_rl.tsv.gz
"(56,57]",32433,PES001.B0102.SG1.5.oral_gc_rl.tsv.gz
"(57,58]",34040,PES001.B0102.SG1.5.oral_gc_rl.tsv.gz
"(58,59]",32044,PES001.B0102.SG1.5.oral_gc_rl.tsv.gz
"(59,60]",40952,PES001.B0102.SG1.5.oral_gc_rl.tsv.gz
"(60,61]",30987,PES001.B0102.SG1.5.oral_gc_rl.tsv.gz
"(61,62]",37233,PES001.B0102.SG1.5.oral_gc_rl.tsv.gz
"(62,63]",33951,PES001.B0102.SG1.5.oral_gc_rl.tsv.gz
"(63,64]",38799,PES001.B0102.SG1.5.oral_gc_rl.tsv.gz
"(64,65]",37242,PES001.B0102.SG1.5.oral_gc_rl.tsv.gz
"(65,66]",36612,PES001.B0102.SG1.5.oral_gc_rl.tsv.gz
"(66,67]",30664,PES001.B0102.SG1.5.oral_gc_rl.tsv.gz
"(67,68]",34479,PES001.B0102.SG1.5.oral_gc_rl.tsv.gz
"(68,69]",29582,PES001.B0102.SG1.5.oral_gc_rl.tsv.gz
"(69,70]",30709,PES001.B0102.SG1.5.oral_gc_rl.tsv.gz
"(70,71]",21653,PES001.B0102.SG1.5.oral_gc_rl.tsv.gz
"(71,72]",22897,PES001.B0102.SG1.5.oral_gc_rl.tsv.gz
"(72,73]",18637,PES001.B0102.SG1.5.oral_gc_rl.tsv.gz
"(73,74]",16039,PES001.B0102.SG1.5.oral_gc_rl.tsv.gz
"(74,75]",14326,PES001.B0102.SG1.5.oral_gc_rl.tsv.gz
"(75,76]",7484,PES001.B0102.SG1.5.oral_gc_rl.tsv.gz
"(76,77]",7778,PES001.B0102.SG1.5.oral_gc_rl.tsv.gz
"(77,78]",5817,PES001.B0102.SG1.5.oral_gc_rl.tsv.gz
"(78,79]",4140,PES001.B0102.SG1.5.oral_gc_rl.tsv.gz
"(79,80]",3471,PES001.B0102.SG1.5.oral_gc_rl.tsv.gz
"(80,81]",1606,PES001.B0102.SG1.5.oral_gc_rl.tsv.gz
"(81,82]",1511,PES001.B0102.SG1.5.oral_gc_rl.tsv.gz
"(82,83]",961,PES001.B0102.SG1.5.oral_gc_rl.tsv.gz
"(83,84]",609,PES001.B0102.SG1.5.oral_gc_rl.tsv.gz
"(84,85]",421,PES001.B0102.SG1.5.oral_gc_rl.tsv.gz
"(85,86]",172,PES001.B0102.SG1.5.oral_gc_rl.tsv.gz
"(86,87]",140,PES001.B0102.SG1.5.oral_gc_rl.tsv.gz
"(87,88]",73,PES001.B0102.SG1.5.oral_gc_rl.tsv.gz
"(88,89]",43,PES001.B0102.SG1.5.oral_gc_rl.tsv.gz
"(89,90]",27,PES001.B0102.SG1.5.oral_gc_rl.tsv.gz
"(90,91]",9,PES001.B0102.SG1.5.oral_gc_rl.tsv.gz
"(91,92]",1,PES001.B0102.SG1.5.oral_gc_rl.tsv.gz
"(92,93]",1,PES001.B0102.SG1.5.oral_gc_rl.tsv.gz
"(94,95]",2,PES001.B0102.SG1.5.oral_gc_rl.tsv.gz
"(1,2]",1,SPM002.A0101.SG1.1.oral_gc_rl.tsv.gz
"(18,19]",1,SPM002.A0101.SG1.1.oral_gc_rl.tsv.gz
"(19,20]",2,SPM002.A0101.SG1.1.oral_gc_rl.tsv.gz
"(20,21]",2,SPM002.A0101.SG1.1.oral_gc_rl.tsv.gz
"(21,22]",12,SPM002.A0101.SG1.1.oral_gc_rl.tsv.gz
"(22,23]",11,SPM002.A0101.SG1.1.oral_gc_rl.tsv.gz
"(23,24]",16,SPM002.A0101.SG1.1.oral_gc_rl.tsv.gz
"(24,25]",24,SPM002.A0101.SG1.1.oral_gc_rl.tsv.gz
"(25,26]",9,SPM002.A0101.SG1.1.oral_gc_rl.tsv.gz
"(26,27]",32,SPM002.A0101.SG1.1.oral_gc_rl.tsv.gz
"(27,28]",48,SPM002.A0101.SG1.1.oral_gc_rl.tsv.gz
"(28,29]",46,SPM002.A0101.SG1.1.oral_gc_rl.tsv.gz
"(29,30]",58,SPM002.A0101.SG1.1.oral_gc_rl.tsv.gz
"(30,31]",85,SPM002.A0101.SG1.1.oral_gc_rl.tsv.gz
"(31,32]",119,SPM002.A0101.SG1.1.oral_gc_rl.tsv.gz
"(32,33]",105,SPM002.A0101.SG1.1.oral_gc_rl.tsv.gz
"(33,34]",103,SPM002.A0101.SG1.1.oral_gc_rl.tsv.gz
"(34,35]",153,SPM002.A0101.SG1.1.oral_gc_rl.tsv.gz
"(35,36]",184,SPM002.A0101.SG1.1.oral_gc_rl.tsv.gz
"(36,37]",158,SPM002.A0101.SG1.1.oral_gc_rl.tsv.gz
"(37,38]",176,SPM002.A0101.SG1.1.oral_gc_rl.tsv.gz
"(38,39]",236,SPM002.A0101.SG1.1.oral_gc_rl.tsv.gz
"(39,40]",326,SPM002.A0101.SG1.1.oral_gc_rl.tsv.gz
"(40,41]",277,SPM002.A0101.SG1.1.oral_gc_rl.tsv.gz
"(41,42]",212,SPM002.A0101.SG1.1.oral_gc_rl.tsv.gz
"(42,43]",266,SPM002.A0101.SG1.1.oral_gc_rl.tsv.gz
"(43,44]",289,SPM002.A0101.SG1.1.oral_gc_rl.tsv.gz
"(44,45]",182,SPM002.A0101.SG1.1.oral_gc_rl.tsv.gz
"(45,46]",166,SPM002.A0101.SG1.1.oral_gc_rl.tsv.gz
"(46,47]",185,SPM002.A0101.SG1.1.oral_gc_rl.tsv.gz
"(47,48]",165,SPM002.A0101.SG1.1.oral_gc_rl.tsv.gz
"(48,49]",139,SPM002.A0101.SG1.1.oral_gc_rl.tsv.gz
"(49,50]",231,SPM002.A0101.SG1.1.oral_gc_rl.tsv.gz
"(50,51]",73,SPM002.A0101.SG1.1.oral_gc_rl.tsv.gz
"(51,52]",135,SPM002.A0101.SG1.1.oral_gc_rl.tsv.gz
"(52,53]",131,SPM002.A0101.SG1.1.oral_gc_rl.tsv.gz
"(53,54]",123,SPM002.A0101.SG1.1.oral_gc_rl.tsv.gz
"(54,55]",108,SPM002.A0101.SG1.1.oral_gc_rl.tsv.gz
"(55,56]",128,SPM002.A0101.SG1.1.oral_gc_rl.tsv.gz
"(56,57]",124,SPM002.A0101.SG1.1.oral_gc_rl.tsv.gz
"(57,58]",90,SPM002.A0101.SG1.1.oral_gc_rl.tsv.gz
"(58,59]",111,SPM002.A0101.SG1.1.oral_gc_rl.tsv.gz
"(59,60]",167,SPM002.A0101.SG1.1.oral_gc_rl.tsv.gz
"(60,61]",114,SPM002.A0101.SG1.1.oral_gc_rl.tsv.gz
"(61,62]",134,SPM002.A0101.SG1.1.oral_gc_rl.tsv.gz
"(62,63]",68,SPM002.A0101.SG1.1.oral_gc_rl.tsv.gz
"(63,64]",139,SPM002.A0101.SG1.1.oral_gc_rl.tsv.gz
"(64,65]",146,SPM002.A0101.SG1.1.oral_gc_rl.tsv.gz
"(65,66]",130,SPM002.A0101.SG1.1.oral_gc_rl.tsv.gz
"(66,67]",96,SPM002.A0101.SG1.1.oral_gc_rl.tsv.gz
"(67,68]",152,SPM002.A0101.SG1.1.oral_gc_rl.tsv.gz
"(68,69]",144,SPM002.A0101.SG1.1.oral_gc_rl.tsv.gz
"(69,70]",178,SPM002.A0101.SG1.1.oral_gc_rl.tsv.gz
"(70,71]",101,SPM002.A0101.SG1.1.oral_gc_rl.tsv.gz
"(71,72]",166,SPM002.A0101.SG1.1.oral_gc_rl.tsv.gz
"(72,73]",109,SPM002.A0101.SG1.1.oral_gc_rl.tsv.gz
"(73,74]",110,SPM002.A0101.SG1.1.oral_gc_rl.tsv.gz
"(74,75]",111,SPM002.A0101.SG1.1.oral_gc_rl.tsv.gz
"(75,76]",66,SPM002.A0101.SG1.1.oral_gc_rl.tsv.gz
"(76,77]",55,SPM002.A0101.SG1.1.oral_gc_rl.tsv.gz
"(77,78]",50,SPM002.A0101.SG1.1.oral_gc_rl.tsv.gz
"(78,79]",27,SPM002.A0101.SG1.1.oral_gc_rl.tsv.gz
"(79,80]",5,SPM002.A0101.SG1.1.oral_gc_rl.tsv.gz
"(80,81]",8,SPM002.A0101.SG1.1.oral_gc_rl.tsv.gz
"(81,82]",18,SPM002.A0101.SG1.1.oral_gc_rl.tsv.gz
"(82,83]",1,SPM002.A0101.SG1.1.oral_gc_rl.tsv.gz
"(83,84]",3,SPM002.A0101.SG1.1.oral_gc_rl.tsv.gz
"(89,90]",1,SPM002.A0101.SG1.1.oral_gc_rl.tsv.gz
"(12,13]",1,SPM002.A0103.SG1.4.oral_gc_rl.tsv.gz
"(13,14]",2,SPM002.A0103.SG1.4.oral_gc_rl.tsv.gz
"(14,15]",3,SPM002.A0103.SG1.4.oral_gc_rl.tsv.gz
"(15,16]",2,SPM002.A0103.SG1.4.oral_gc_rl.tsv.gz
"(16,17]",1,SPM002.A0103.SG1.4.oral_gc_rl.tsv.gz
"(17,18]",2,SPM002.A0103.SG1.4.oral_gc_rl.tsv.gz
"(18,19]",7,SPM002.A0103.SG1.4.oral_gc_rl.tsv.gz
"(19,20]",8,SPM002.A0103.SG1.4.oral_gc_rl.tsv.gz
"(20,21]",6,SPM002.A0103.SG1.4.oral_gc_rl.tsv.gz
"(21,22]",15,SPM002.A0103.SG1.4.oral_gc_rl.tsv.gz
"(22,23]",18,SPM002.A0103.SG1.4.oral_gc_rl.tsv.gz
"(23,24]",11,SPM002.A0103.SG1.4.oral_gc_rl.tsv.gz
"(24,25]",24,SPM002.A0103.SG1.4.oral_gc_rl.tsv.gz
"(25,26]",14,SPM002.A0103.SG1.4.oral_gc_rl.tsv.gz
"(26,27]",27,SPM002.A0103.SG1.4.oral_gc_rl.tsv.gz
"(27,28]",32,SPM002.A0103.SG1.4.oral_gc_rl.tsv.gz
"(28,29]",32,SPM002.A0103.SG1.4.oral_gc_rl.tsv.gz
"(29,30]",33,SPM002.A0103.SG1.4.oral_gc_rl.tsv.gz
"(30,31]",35,SPM002.A0103.SG1.4.oral_gc_rl.tsv.gz
"(31,32]",48,SPM002.A0103.SG1.4.oral_gc_rl.tsv.gz
"(32,33]",48,SPM002.A0103.SG1.4.oral_gc_rl.tsv.gz
"(33,34]",50,SPM002.A0103.SG1.4.oral_gc_rl.tsv.gz
"(34,35]",69,SPM002.A0103.SG1.4.oral_gc_rl.tsv.gz
"(35,36]",65,SPM002.A0103.SG1.4.oral_gc_rl.tsv.gz
"(36,37]",47,SPM002.A0103.SG1.4.oral_gc_rl.tsv.gz
"(37,38]",67,SPM002.A0103.SG1.4.oral_gc_rl.tsv.gz
"(38,39]",62,SPM002.A0103.SG1.4.oral_gc_rl.tsv.gz
"(39,40]",66,SPM002.A0103.SG1.4.oral_gc_rl.tsv.gz
"(40,41]",67,SPM002.A0103.SG1.4.oral_gc_rl.tsv.gz
"(41,42]",56,SPM002.A0103.SG1.4.oral_gc_rl.tsv.gz
"(42,43]",62,SPM002.A0103.SG1.4.oral_gc_rl.tsv.gz
"(43,44]",85,SPM002.A0103.SG1.4.oral_gc_rl.tsv.gz
"(44,45]",49,SPM002.A0103.SG1.4.oral_gc_rl.tsv.gz
"(45,46]",47,SPM002.A0103.SG1.4.oral_gc_rl.tsv.gz
"(46,47]",52,SPM002.A0103.SG1.4.oral_gc_rl.tsv.gz
"(47,48]",64,SPM002.A0103.SG1.4.oral_gc_rl.tsv.gz
"(48,49]",34,SPM002.A0103.SG1.4.oral_gc_rl.tsv.gz
"(49,50]",59,SPM002.A0103.SG1.4.oral_gc_rl.tsv.gz
"(50,51]",16,SPM002.A0103.SG1.4.oral_gc_rl.tsv.gz
"(51,52]",43,SPM002.A0103.SG1.4.oral_gc_rl.tsv.gz
"(52,53]",31,SPM002.A0103.SG1.4.oral_gc_rl.tsv.gz
"(53,54]",45,SPM002.A0103.SG1.4.oral_gc_rl.tsv.gz
"(54,55]",33,SPM002.A0103.SG1.4.oral_gc_rl.tsv.gz
"(55,56]",28,SPM002.A0103.SG1.4.oral_gc_rl.tsv.gz
"(56,57]",27,SPM002.A0103.SG1.4.oral_gc_rl.tsv.gz
"(57,58]",36,SPM002.A0103.SG1.4.oral_gc_rl.tsv.gz
"(58,59]",26,SPM002.A0103.SG1.4.oral_gc_rl.tsv.gz
"(59,60]",35,SPM002.A0103.SG1.4.oral_gc_rl.tsv.gz
"(60,61]",17,SPM002.A0103.SG1.4.oral_gc_rl.tsv.gz
"(61,62]",27,SPM002.A0103.SG1.4.oral_gc_rl.tsv.gz
"(62,63]",23,SPM002.A0103.SG1.4.oral_gc_rl.tsv.gz
"(63,64]",25,SPM002.A0103.SG1.4.oral_gc_rl.tsv.gz
"(64,65]",24,SPM002.A0103.SG1.4.oral_gc_rl.tsv.gz
"(65,66]",33,SPM002.A0103.SG1.4.oral_gc_rl.tsv.gz
"(66,67]",20,SPM002.A0103.SG1.4.oral_gc_rl.tsv.gz
"(67,68]",19,SPM002.A0103.SG1.4.oral_gc_rl.tsv.gz
"(68,69]",20,SPM002.A0103.SG1.4.oral_gc_rl.tsv.gz
"(69,70]",21,SPM002.A0103.SG1.4.oral_gc_rl.tsv.gz
"(70,71]",18,SPM002.A0103.SG1.4.oral_gc_rl.tsv.gz
"(71,72]",14,SPM002.A0103.SG1.4.oral_gc_rl.tsv.gz
"(72,73]",9,SPM002.A0103.SG1.4.oral_gc_rl.tsv.gz
"(73,74]",14,SPM002.A0103.SG1.4.oral_gc_rl.tsv.gz
"(74,75]",11,SPM002.A0103.SG1.4.oral_gc_rl.tsv.gz
"(75,76]",9,SPM002.A0103.SG1.4.oral_gc_rl.tsv.gz
"(76,77]",5,SPM002.A0103.SG1.4.oral_gc_rl.tsv.gz
"(77,78]",8,SPM002.A0103.SG1.4.oral_gc_rl.tsv.gz
"(78,79]",4,SPM002.A0103.SG1.4.oral_gc_rl.tsv.gz
"(79,80]",3,SPM002.A0103.SG1.4.oral_gc_rl.tsv.gz
"(80,81]",2,SPM002.A0103.SG1.4.oral_gc_rl.tsv.gz
"(83,84]",2,SPM002.A0103.SG1.4.oral_gc_rl.tsv.gz
"(85,86]",1,SPM002.A0103.SG1.4.oral_gc_rl.tsv.gz
"(11,12]",1,VLD001.A0101.SG1.1.oral_gc_rl.tsv.gz
"(12,13]",2,VLD001.A0101.SG1.1.oral_gc_rl.tsv.gz
"(13,14]",3,VLD001.A0101.SG1.1.oral_gc_rl.tsv.gz
"(14,15]",4,VLD001.A0101.SG1.1.oral_gc_rl.tsv.gz
"(15,16]",11,VLD001.A0101.SG1.1.oral_gc_rl.tsv.gz
"(16,17]",20,VLD001.A0101.SG1.1.oral_gc_rl.tsv.gz
"(17,18]",24,VLD001.A0101.SG1.1.oral_gc_rl.tsv.gz
"(18,19]",36,VLD001.A0101.SG1.1.oral_gc_rl.tsv.gz
"(19,20]",72,VLD001.A0101.SG1.1.oral_gc_rl.tsv.gz
"(20,21]",87,VLD001.A0101.SG1.1.oral_gc_rl.tsv.gz
"(21,22]",183,VLD001.A0101.SG1.1.oral_gc_rl.tsv.gz
"(22,23]",231,VLD001.A0101.SG1.1.oral_gc_rl.tsv.gz
"(23,24]",310,VLD001.A0101.SG1.1.oral_gc_rl.tsv.gz
"(24,25]",474,VLD001.A0101.SG1.1.oral_gc_rl.tsv.gz
"(25,26]",363,VLD001.A0101.SG1.1.oral_gc_rl.tsv.gz
"(26,27]",482,VLD001.A0101.SG1.1.oral_gc_rl.tsv.gz
"(27,28]",687,VLD001.A0101.SG1.1.oral_gc_rl.tsv.gz
"(28,29]",813,VLD001.A0101.SG1.1.oral_gc_rl.tsv.gz
"(29,30]",1015,VLD001.A0101.SG1.1.oral_gc_rl.tsv.gz
"(30,31]",1034,VLD001.A0101.SG1.1.oral_gc_rl.tsv.gz
"(31,32]",1316,VLD001.A0101.SG1.1.oral_gc_rl.tsv.gz
"(32,33]",1463,VLD001.A0101.SG1.1.oral_gc_rl.tsv.gz
"(33,34]",1657,VLD001.A0101.SG1.1.oral_gc_rl.tsv.gz
"(34,35]",2121,VLD001.A0101.SG1.1.oral_gc_rl.tsv.gz
"(35,36]",2229,VLD001.A0101.SG1.1.oral_gc_rl.tsv.gz
"(36,37]",2503,VLD001.A0101.SG1.1.oral_gc_rl.tsv.gz
"(37,38]",2896,VLD001.A0101.SG1.1.oral_gc_rl.tsv.gz
"(38,39]",3182,VLD001.A0101.SG1.1.oral_gc_rl.tsv.gz
"(39,40]",4638,VLD001.A0101.SG1.1.oral_gc_rl.tsv.gz
"(40,41]",3458,VLD001.A0101.SG1.1.oral_gc_rl.tsv.gz
"(41,42]",4687,VLD001.A0101.SG1.1.oral_gc_rl.tsv.gz
"(42,43]",4975,VLD001.A0101.SG1.1.oral_gc_rl.tsv.gz
"(43,44]",6154,VLD001.A0101.SG1.1.oral_gc_rl.tsv.gz
"(44,45]",6537,VLD001.A0101.SG1.1.oral_gc_rl.tsv.gz
"(45,46]",6754,VLD001.A0101.SG1.1.oral_gc_rl.tsv.gz
"(46,47]",7487,VLD001.A0101.SG1.1.oral_gc_rl.tsv.gz
"(47,48]",9200,VLD001.A0101.SG1.1.oral_gc_rl.tsv.gz
"(48,49]",9511,VLD001.A0101.SG1.1.oral_gc_rl.tsv.gz
"(49,50]",15195,VLD001.A0101.SG1.1.oral_gc_rl.tsv.gz
"(50,51]",6147,VLD001.A0101.SG1.1.oral_gc_rl.tsv.gz
"(51,52]",13488,VLD001.A0101.SG1.1.oral_gc_rl.tsv.gz
"(52,53]",14458,VLD001.A0101.SG1.1.oral_gc_rl.tsv.gz
"(53,54]",17167,VLD001.A0101.SG1.1.oral_gc_rl.tsv.gz
"(54,55]",17993,VLD001.A0101.SG1.1.oral_gc_rl.tsv.gz
"(55,56]",19779,VLD001.A0101.SG1.1.oral_gc_rl.tsv.gz
"(56,57]",21803,VLD001.A0101.SG1.1.oral_gc_rl.tsv.gz
"(57,58]",24417,VLD001.A0101.SG1.1.oral_gc_rl.tsv.gz
"(58,59]",24452,VLD001.A0101.SG1.1.oral_gc_rl.tsv.gz
"(59,60]",32136,VLD001.A0101.SG1.1.oral_gc_rl.tsv.gz
"(60,61]",24135,VLD001.A0101.SG1.1.oral_gc_rl.tsv.gz
"(61,62]",30536,VLD001.A0101.SG1.1.oral_gc_rl.tsv.gz
"(62,63]",28448,VLD001.A0101.SG1.1.oral_gc_rl.tsv.gz
"(63,64]",31940,VLD001.A0101.SG1.1.oral_gc_rl.tsv.gz
"(64,65]",30730,VLD001.A0101.SG1.1.oral_gc_rl.tsv.gz
"(65,66]",30046,VLD001.A0101.SG1.1.oral_gc_rl.tsv.gz
"(66,67]",26234,VLD001.A0101.SG1.1.oral_gc_rl.tsv.gz
"(67,68]",28931,VLD001.A0101.SG1.1.oral_gc_rl.tsv.gz
"(68,69]",25647,VLD001.A0101.SG1.1.oral_gc_rl.tsv.gz
"(69,70]",27440,VLD001.A0101.SG1.1.oral_gc_rl.tsv.gz
"(70,71]",20067,VLD001.A0101.SG1.1.oral_gc_rl.tsv.gz
"(71,72]",21887,VLD001.A0101.SG1.1.oral_gc_rl.tsv.gz
"(72,73]",17732,VLD001.A0101.SG1.1.oral_gc_rl.tsv.gz
"(73,74]",16463,VLD001.A0101.SG1.1.oral_gc_rl.tsv.gz
"(74,75]",15499,VLD001.A0101.SG1.1.oral_gc_rl.tsv.gz
"(75,76]",8492,VLD001.A0101.SG1.1.oral_gc_rl.tsv.gz
"(76,77]",8901,VLD001.A0101.SG1.1.oral_gc_rl.tsv.gz
"(77,78]",7035,VLD001.A0101.SG1.1.oral_gc_rl.tsv.gz
"(78,79]",5384,VLD001.A0101.SG1.1.oral_gc_rl.tsv.gz
"(79,80]",4610,VLD001.A0101.SG1.1.oral_gc_rl.tsv.gz
"(80,81]",2436,VLD001.A0101.SG1.1.oral_gc_rl.tsv.gz
"(81,82]",2124,VLD001.A0101.SG1.1.oral_gc_rl.tsv.gz
"(82,83]",1387,VLD001.A0101.SG1.1.oral_gc_rl.tsv.gz
"(83,84]",912,VLD001.A0101.SG1.1.oral_gc_rl.tsv.gz
"(84,85]",636,VLD001.A0101.SG1.1.oral_gc_rl.tsv.gz
"(85,86]",342,VLD001.A0101.SG1.1.oral_gc_rl.tsv.gz
"(86,87]",262,VLD001.A0101.SG1.1.oral_gc_rl.tsv.gz
"(87,88]",121,VLD001.A0101.SG1.1.oral_gc_rl.tsv.gz
"(88,89]",86,VLD001.A0101.SG1.1.oral_gc_rl.tsv.gz
"(89,90]",42,VLD001.A0101.SG1.1.oral_gc_rl.tsv.gz
"(90,91]",18,VLD001.A0101.SG1.1.oral_gc_rl.tsv.gz
"(91,92]",11,VLD001.A0101.SG1.1.oral_gc_rl.tsv.gz
"(92,93]",2,VLD001.A0101.SG1.1.oral_gc_rl.tsv.gz
"(93,94]",2,VLD001.A0101.SG1.1.oral_gc_rl.tsv.gz
"(94,95]",1,VLD001.A0101.SG1.1.oral_gc_rl.tsv.gz
"(5,6]",1,VLD001.A0102.SG1.2.oral_gc_rl.tsv.gz
"(6,7]",1,VLD001.A0102.SG1.2.oral_gc_rl.tsv.gz
"(7,8]",4,VLD001.A0102.SG1.2.oral_gc_rl.tsv.gz
"(8,9]",9,VLD001.A0102.SG1.2.oral_gc_rl.tsv.gz
"(9,10]",7,VLD001.A0102.SG1.2.oral_gc_rl.tsv.gz
"(10,11]",20,VLD001.A0102.SG1.2.oral_gc_rl.tsv.gz
"(11,12]",32,VLD001.A0102.SG1.2.oral_gc_rl.tsv.gz
"(12,13]",67,VLD001.A0102.SG1.2.oral_gc_rl.tsv.gz
"(13,14]",91,VLD001.A0102.SG1.2.oral_gc_rl.tsv.gz
"(14,15]",114,VLD001.A0102.SG1.2.oral_gc_rl.tsv.gz
"(15,16]",120,VLD001.A0102.SG1.2.oral_gc_rl.tsv.gz
"(16,17]",170,VLD001.A0102.SG1.2.oral_gc_rl.tsv.gz
"(17,18]",228,VLD001.A0102.SG1.2.oral_gc_rl.tsv.gz
"(18,19]",279,VLD001.A0102.SG1.2.oral_gc_rl.tsv.gz
"(19,20]",462,VLD001.A0102.SG1.2.oral_gc_rl.tsv.gz
"(20,21]",416,VLD001.A0102.SG1.2.oral_gc_rl.tsv.gz
"(21,22]",656,VLD001.A0102.SG1.2.oral_gc_rl.tsv.gz
"(22,23]",647,VLD001.A0102.SG1.2.oral_gc_rl.tsv.gz
"(23,24]",961,VLD001.A0102.SG1.2.oral_gc_rl.tsv.gz
"(24,25]",1216,VLD001.A0102.SG1.2.oral_gc_rl.tsv.gz
"(25,26]",826,VLD001.A0102.SG1.2.oral_gc_rl.tsv.gz
"(26,27]",1152,VLD001.A0102.SG1.2.oral_gc_rl.tsv.gz
"(27,28]",1389,VLD001.A0102.SG1.2.oral_gc_rl.tsv.gz
"(28,29]",1447,VLD001.A0102.SG1.2.oral_gc_rl.tsv.gz
"(29,30]",1786,VLD001.A0102.SG1.2.oral_gc_rl.tsv.gz
"(30,31]",1667,VLD001.A0102.SG1.2.oral_gc_rl.tsv.gz
"(31,32]",2140,VLD001.A0102.SG1.2.oral_gc_rl.tsv.gz
"(32,33]",2022,VLD001.A0102.SG1.2.oral_gc_rl.tsv.gz
"(33,34]",2317,VLD001.A0102.SG1.2.oral_gc_rl.tsv.gz
"(34,35]",2963,VLD001.A0102.SG1.2.oral_gc_rl.tsv.gz
"(35,36]",2718,VLD001.A0102.SG1.2.oral_gc_rl.tsv.gz
"(36,37]",2937,VLD001.A0102.SG1.2.oral_gc_rl.tsv.gz
"(37,38]",3133,VLD001.A0102.SG1.2.oral_gc_rl.tsv.gz
"(38,39]",3274,VLD001.A0102.SG1.2.oral_gc_rl.tsv.gz
"(39,40]",4548,VLD001.A0102.SG1.2.oral_gc_rl.tsv.gz
"(40,41]",3102,VLD001.A0102.SG1.2.oral_gc_rl.tsv.gz
"(41,42]",4271,VLD001.A0102.SG1.2.oral_gc_rl.tsv.gz
"(42,43]",4296,VLD001.A0102.SG1.2.oral_gc_rl.tsv.gz
"(43,44]",4962,VLD001.A0102.SG1.2.oral_gc_rl.tsv.gz
"(44,45]",5134,VLD001.A0102.SG1.2.oral_gc_rl.tsv.gz
"(45,46]",4719,VLD001.A0102.SG1.2.oral_gc_rl.tsv.gz
"(46,47]",5366,VLD001.A0102.SG1.2.oral_gc_rl.tsv.gz
"(47,48]",6320,VLD001.A0102.SG1.2.oral_gc_rl.tsv.gz
"(48,49]",6069,VLD001.A0102.SG1.2.oral_gc_rl.tsv.gz
"(49,50]",9084,VLD001.A0102.SG1.2.oral_gc_rl.tsv.gz
"(50,51]",2524,VLD001.A0102.SG1.2.oral_gc_rl.tsv.gz
"(51,52]",8072,VLD001.A0102.SG1.2.oral_gc_rl.tsv.gz
"(52,53]",7968,VLD001.A0102.SG1.2.oral_gc_rl.tsv.gz
"(53,54]",8480,VLD001.A0102.SG1.2.oral_gc_rl.tsv.gz
"(54,55]",8814,VLD001.A0102.SG1.2.oral_gc_rl.tsv.gz
"(55,56]",9001,VLD001.A0102.SG1.2.oral_gc_rl.tsv.gz
"(56,57]",9813,VLD001.A0102.SG1.2.oral_gc_rl.tsv.gz
"(57,58]",10410,VLD001.A0102.SG1.2.oral_gc_rl.tsv.gz
"(58,59]",10195,VLD001.A0102.SG1.2.oral_gc_rl.tsv.gz
"(59,60]",12961,VLD001.A0102.SG1.2.oral_gc_rl.tsv.gz
"(60,61]",9288,VLD001.A0102.SG1.2.oral_gc_rl.tsv.gz
"(61,62]",11294,VLD001.A0102.SG1.2.oral_gc_rl.tsv.gz
"(62,63]",10589,VLD001.A0102.SG1.2.oral_gc_rl.tsv.gz
"(63,64]",11767,VLD001.A0102.SG1.2.oral_gc_rl.tsv.gz
"(64,65]",11605,VLD001.A0102.SG1.2.oral_gc_rl.tsv.gz
"(65,66]",11173,VLD001.A0102.SG1.2.oral_gc_rl.tsv.gz
"(66,67]",9106,VLD001.A0102.SG1.2.oral_gc_rl.tsv.gz
"(67,68]",9848,VLD001.A0102.SG1.2.oral_gc_rl.tsv.gz
"(68,69]",9003,VLD001.A0102.SG1.2.oral_gc_rl.tsv.gz
"(69,70]",10107,VLD001.A0102.SG1.2.oral_gc_rl.tsv.gz
"(70,71]",6885,VLD001.A0102.SG1.2.oral_gc_rl.tsv.gz
"(71,72]",7748,VLD001.A0102.SG1.2.oral_gc_rl.tsv.gz
"(72,73]",6834,VLD001.A0102.SG1.2.oral_gc_rl.tsv.gz
"(73,74]",6010,VLD001.A0102.SG1.2.oral_gc_rl.tsv.gz
"(74,75]",5802,VLD001.A0102.SG1.2.oral_gc_rl.tsv.gz
"(75,76]",3064,VLD001.A0102.SG1.2.oral_gc_rl.tsv.gz
"(76,77]",3698,VLD001.A0102.SG1.2.oral_gc_rl.tsv.gz
"(77,78]",2743,VLD001.A0102.SG1.2.oral_gc_rl.tsv.gz
"(78,79]",2280,VLD001.A0102.SG1.2.oral_gc_rl.tsv.gz
"(79,80]",2145,VLD001.A0102.SG1.2.oral_gc_rl.tsv.gz
"(80,81]",1039,VLD001.A0102.SG1.2.oral_gc_rl.tsv.gz
"(81,82]",1063,VLD001.A0102.SG1.2.oral_gc_rl.tsv.gz
"(82,83]",742,VLD001.A0102.SG1.2.oral_gc_rl.tsv.gz
"(83,84]",465,VLD001.A0102.SG1.2.oral_gc_rl.tsv.gz
"(84,85]",390,VLD001.A0102.SG1.2.oral_gc_rl.tsv.gz
"(85,86]",145,VLD001.A0102.SG1.2.oral_gc_rl.tsv.gz
"(86,87]",166,VLD001.A0102.SG1.2.oral_gc_rl.tsv.gz
"(87,88]",77,VLD001.A0102.SG1.2.oral_gc_rl.tsv.gz
"(88,89]",34,VLD001.A0102.SG1.2.oral_gc_rl.tsv.gz
"(89,90]",37,VLD001.A0102.SG1.2.oral_gc_rl.tsv.gz
"(90,91]",17,VLD001.A0102.SG1.2.oral_gc_rl.tsv.gz
"(91,92]",4,VLD001.A0102.SG1.2.oral_gc_rl.tsv.gz
"(92,93]",5,VLD001.A0102.SG1.2.oral_gc_rl.tsv.gz
"(94,95]",1,VLD001.A0102.SG1.2.oral_gc_rl.tsv.gz
"(10,11]",1,ZAF001.A0101.SG1.1.oral_gc_rl.tsv.gz
"(15,16]",4,ZAF001.A0101.SG1.1.oral_gc_rl.tsv.gz
"(17,18]",12,ZAF001.A0101.SG1.1.oral_gc_rl.tsv.gz
"(18,19]",14,ZAF001.A0101.SG1.1.oral_gc_rl.tsv.gz
"(19,20]",18,ZAF001.A0101.SG1.1.oral_gc_rl.tsv.gz
"(20,21]",15,ZAF001.A0101.SG1.1.oral_gc_rl.tsv.gz
"(21,22]",29,ZAF001.A0101.SG1.1.oral_gc_rl.tsv.gz
"(22,23]",47,ZAF001.A0101.SG1.1.oral_gc_rl.tsv.gz
"(23,24]",70,ZAF001.A0101.SG1.1.oral_gc_rl.tsv.gz
"(24,25]",125,ZAF001.A0101.SG1.1.oral_gc_rl.tsv.gz
"(25,26]",98,ZAF001.A0101.SG1.1.oral_gc_rl.tsv.gz
"(26,27]",187,ZAF001.A0101.SG1.1.oral_gc_rl.tsv.gz
"(27,28]",232,ZAF001.A0101.SG1.1.oral_gc_rl.tsv.gz
"(28,29]",240,ZAF001.A0101.SG1.1.oral_gc_rl.tsv.gz
"(29,30]",315,ZAF001.A0101.SG1.1.oral_gc_rl.tsv.gz
"(30,31]",334,ZAF001.A0101.SG1.1.oral_gc_rl.tsv.gz
"(31,32]",395,ZAF001.A0101.SG1.1.oral_gc_rl.tsv.gz
"(32,33]",466,ZAF001.A0101.SG1.1.oral_gc_rl.tsv.gz
"(33,34]",471,ZAF001.A0101.SG1.1.oral_gc_rl.tsv.gz
"(34,35]",620,ZAF001.A0101.SG1.1.oral_gc_rl.tsv.gz
"(35,36]",592,ZAF001.A0101.SG1.1.oral_gc_rl.tsv.gz
"(36,37]",667,ZAF001.A0101.SG1.1.oral_gc_rl.tsv.gz
"(37,38]",708,ZAF001.A0101.SG1.1.oral_gc_rl.tsv.gz
"(38,39]",764,ZAF001.A0101.SG1.1.oral_gc_rl.tsv.gz
"(39,40]",1068,ZAF001.A0101.SG1.1.oral_gc_rl.tsv.gz
"(40,41]",805,ZAF001.A0101.SG1.1.oral_gc_rl.tsv.gz
"(41,42]",970,ZAF001.A0101.SG1.1.oral_gc_rl.tsv.gz
"(42,43]",1044,ZAF001.A0101.SG1.1.oral_gc_rl.tsv.gz
"(43,44]",1134,ZAF001.A0101.SG1.1.oral_gc_rl.tsv.gz
"(44,45]",1099,ZAF001.A0101.SG1.1.oral_gc_rl.tsv.gz
"(45,46]",1033,ZAF001.A0101.SG1.1.oral_gc_rl.tsv.gz
"(46,47]",1198,ZAF001.A0101.SG1.1.oral_gc_rl.tsv.gz
"(47,48]",1117,ZAF001.A0101.SG1.1.oral_gc_rl.tsv.gz
"(48,49]",1054,ZAF001.A0101.SG1.1.oral_gc_rl.tsv.gz
"(49,50]",1327,ZAF001.A0101.SG1.1.oral_gc_rl.tsv.gz
"(50,51]",566,ZAF001.A0101.SG1.1.oral_gc_rl.tsv.gz
"(51,52]",1158,ZAF001.A0101.SG1.1.oral_gc_rl.tsv.gz
"(52,53]",1072,ZAF001.A0101.SG1.1.oral_gc_rl.tsv.gz
"(53,54]",1094,ZAF001.A0101.SG1.1.oral_gc_rl.tsv.gz
"(54,55]",1018,ZAF001.A0101.SG1.1.oral_gc_rl.tsv.gz
"(55,56]",1031,ZAF001.A0101.SG1.1.oral_gc_rl.tsv.gz
"(56,57]",1093,ZAF001.A0101.SG1.1.oral_gc_rl.tsv.gz
"(57,58]",1272,ZAF001.A0101.SG1.1.oral_gc_rl.tsv.gz
"(58,59]",1080,ZAF001.A0101.SG1.1.oral_gc_rl.tsv.gz
"(59,60]",1334,ZAF001.A0101.SG1.1.oral_gc_rl.tsv.gz
"(60,61]",996,ZAF001.A0101.SG1.1.oral_gc_rl.tsv.gz
"(61,62]",1257,ZAF001.A0101.SG1.1.oral_gc_rl.tsv.gz
"(62,63]",1130,ZAF001.A0101.SG1.1.oral_gc_rl.tsv.gz
"(63,64]",1439,ZAF001.A0101.SG1.1.oral_gc_rl.tsv.gz
"(64,65]",1248,ZAF001.A0101.SG1.1.oral_gc_rl.tsv.gz
"(65,66]",1367,ZAF001.A0101.SG1.1.oral_gc_rl.tsv.gz
"(66,67]",1120,ZAF001.A0101.SG1.1.oral_gc_rl.tsv.gz
"(67,68]",1281,ZAF001.A0101.SG1.1.oral_gc_rl.tsv.gz
"(68,69]",1243,ZAF001.A0101.SG1.1.oral_gc_rl.tsv.gz
"(69,70]",1250,ZAF001.A0101.SG1.1.oral_gc_rl.tsv.gz
"(70,71]",930,ZAF001.A0101.SG1.1.oral_gc_rl.tsv.gz
"(71,72]",1062,ZAF001.A0101.SG1.1.oral_gc_rl.tsv.gz
"(72,73]",790,ZAF001.A0101.SG1.1.oral_gc_rl.tsv.gz
"(73,74]",795,ZAF001.A0101.SG1.1.oral_gc_rl.tsv.gz
"(74,75]",731,ZAF001.A0101.SG1.1.oral_gc_rl.tsv.gz
"(75,76]",362,ZAF001.A0101.SG1.1.oral_gc_rl.tsv.gz
"(76,77]",499,ZAF001.A0101.SG1.1.oral_gc_rl.tsv.gz
"(77,78]",325,ZAF001.A0101.SG1.1.oral_gc_rl.tsv.gz
"(78,79]",276,ZAF001.A0101.SG1.1.oral_gc_rl.tsv.gz
"(79,80]",233,ZAF001.A0101.SG1.1.oral_gc_rl.tsv.gz
"(80,81]",121,ZAF001.A0101.SG1.1.oral_gc_rl.tsv.gz
"(81,82]",111,ZAF001.A0101.SG1.1.oral_gc_rl.tsv.gz
"(82,83]",76,ZAF001.A0101.SG1.1.oral_gc_rl.tsv.gz
"(83,84]",43,ZAF001.A0101.SG1.1.oral_gc_rl.tsv.gz
"(84,85]",18,ZAF001.A0101.SG1.1.oral_gc_rl.tsv.gz
"(85,86]",6,ZAF001.A0101.SG1.1.oral_gc_rl.tsv.gz
"(86,87]",9,ZAF001.A0101.SG1.1.oral_gc_rl.tsv.gz
"(87,88]",2,ZAF001.A0101.SG1.1.oral_gc_rl.tsv.gz
"(88,89]",5,ZAF001.A0101.SG1.1.oral_gc_rl.tsv.gz
"(89,90]",1,ZAF001.A0101.SG1.1.oral_gc_rl.tsv.gz
"(7,8]",1,ZAF001.A0103.SG1.4.oral_gc_rl.tsv.gz
"(8,9]",1,ZAF001.A0103.SG1.4.oral_gc_rl.tsv.gz
"(9,10]",2,ZAF001.A0103.SG1.4.oral_gc_rl.tsv.gz
"(10,11]",7,ZAF001.A0103.SG1.4.oral_gc_rl.tsv.gz
"(11,12]",3,ZAF001.A0103.SG1.4.oral_gc_rl.tsv.gz
"(12,13]",15,ZAF001.A0103.SG1.4.oral_gc_rl.tsv.gz
"(13,14]",8,ZAF001.A0103.SG1.4.oral_gc_rl.tsv.gz
"(14,15]",17,ZAF001.A0103.SG1.4.oral_gc_rl.tsv.gz
"(15,16]",35,ZAF001.A0103.SG1.4.oral_gc_rl.tsv.gz
"(16,17]",35,ZAF001.A0103.SG1.4.oral_gc_rl.tsv.gz
"(17,18]",52,ZAF001.A0103.SG1.4.oral_gc_rl.tsv.gz
"(18,19]",64,ZAF001.A0103.SG1.4.oral_gc_rl.tsv.gz
"(19,20]",98,ZAF001.A0103.SG1.4.oral_gc_rl.tsv.gz
"(20,21]",66,ZAF001.A0103.SG1.4.oral_gc_rl.tsv.gz
"(21,22]",99,ZAF001.A0103.SG1.4.oral_gc_rl.tsv.gz
"(22,23]",105,ZAF001.A0103.SG1.4.oral_gc_rl.tsv.gz
"(23,24]",178,ZAF001.A0103.SG1.4.oral_gc_rl.tsv.gz
"(24,25]",205,ZAF001.A0103.SG1.4.oral_gc_rl.tsv.gz
"(25,26]",146,ZAF001.A0103.SG1.4.oral_gc_rl.tsv.gz
"(26,27]",227,ZAF001.A0103.SG1.4.oral_gc_rl.tsv.gz
"(27,28]",265,ZAF001.A0103.SG1.4.oral_gc_rl.tsv.gz
"(28,29]",241,ZAF001.A0103.SG1.4.oral_gc_rl.tsv.gz
"(29,30]",274,ZAF001.A0103.SG1.4.oral_gc_rl.tsv.gz
"(30,31]",290,ZAF001.A0103.SG1.4.oral_gc_rl.tsv.gz
"(31,32]",321,ZAF001.A0103.SG1.4.oral_gc_rl.tsv.gz
"(32,33]",318,ZAF001.A0103.SG1.4.oral_gc_rl.tsv.gz
"(33,34]",320,ZAF001.A0103.SG1.4.oral_gc_rl.tsv.gz
"(34,35]",375,ZAF001.A0103.SG1.4.oral_gc_rl.tsv.gz
"(35,36]",360,ZAF001.A0103.SG1.4.oral_gc_rl.tsv.gz
"(36,37]",387,ZAF001.A0103.SG1.4.oral_gc_rl.tsv.gz
"(37,38]",372,ZAF001.A0103.SG1.4.oral_gc_rl.tsv.gz
"(38,39]",406,ZAF001.A0103.SG1.4.oral_gc_rl.tsv.gz
"(39,40]",491,ZAF001.A0103.SG1.4.oral_gc_rl.tsv.gz
"(40,41]",365,ZAF001.A0103.SG1.4.oral_gc_rl.tsv.gz
"(41,42]",400,ZAF001.A0103.SG1.4.oral_gc_rl.tsv.gz
"(42,43]",387,ZAF001.A0103.SG1.4.oral_gc_rl.tsv.gz
"(43,44]",411,ZAF001.A0103.SG1.4.oral_gc_rl.tsv.gz
"(44,45]",414,ZAF001.A0103.SG1.4.oral_gc_rl.tsv.gz
"(45,46]",360,ZAF001.A0103.SG1.4.oral_gc_rl.tsv.gz
"(46,47]",357,ZAF001.A0103.SG1.4.oral_gc_rl.tsv.gz
"(47,48]",371,ZAF001.A0103.SG1.4.oral_gc_rl.tsv.gz
"(48,49]",319,ZAF001.A0103.SG1.4.oral_gc_rl.tsv.gz
"(49,50]",406,ZAF001.A0103.SG1.4.oral_gc_rl.tsv.gz
"(50,51]",104,ZAF001.A0103.SG1.4.oral_gc_rl.tsv.gz
"(51,52]",293,ZAF001.A0103.SG1.4.oral_gc_rl.tsv.gz
"(52,53]",277,ZAF001.A0103.SG1.4.oral_gc_rl.tsv.gz
"(53,54]",270,ZAF001.A0103.SG1.4.oral_gc_rl.tsv.gz
"(54,55]",266,ZAF001.A0103.SG1.4.oral_gc_rl.tsv.gz
"(55,56]",280,ZAF001.A0103.SG1.4.oral_gc_rl.tsv.gz
"(56,57]",298,ZAF001.A0103.SG1.4.oral_gc_rl.tsv.gz
"(57,58]",269,ZAF001.A0103.SG1.4.oral_gc_rl.tsv.gz
"(58,59]",246,ZAF001.A0103.SG1.4.oral_gc_rl.tsv.gz
"(59,60]",304,ZAF001.A0103.SG1.4.oral_gc_rl.tsv.gz
"(60,61]",226,ZAF001.A0103.SG1.4.oral_gc_rl.tsv.gz
"(61,62]",268,ZAF001.A0103.SG1.4.oral_gc_rl.tsv.gz
"(62,63]",215,ZAF001.A0103.SG1.4.oral_gc_rl.tsv.gz
"(63,64]",307,ZAF001.A0103.SG1.4.oral_gc_rl.tsv.gz
"(64,65]",293,ZAF001.A0103.SG1.4.oral_gc_rl.tsv.gz
"(65,66]",250,ZAF001.A0103.SG1.4.oral_gc_rl.tsv.gz
"(66,67]",229,ZAF001.A0103.SG1.4.oral_gc_rl.tsv.gz
"(67,68]",214,ZAF001.A0103.SG1.4.oral_gc_rl.tsv.gz
"(68,69]",207,ZAF001.A0103.SG1.4.oral_gc_rl.tsv.gz
"(69,70]",262,ZAF001.A0103.SG1.4.oral_gc_rl.tsv.gz
"(70,71]",163,ZAF001.A0103.SG1.4.oral_gc_rl.tsv.gz
"(71,72]",188,ZAF001.A0103.SG1.4.oral_gc_rl.tsv.gz
"(72,73]",170,ZAF001.A0103.SG1.4.oral_gc_rl.tsv.gz
"(73,74]",149,ZAF001.A0103.SG1.4.oral_gc_rl.tsv.gz
"(74,75]",113,ZAF001.A0103.SG1.4.oral_gc_rl.tsv.gz
"(75,76]",70,ZAF001.A0103.SG1.4.oral_gc_rl.tsv.gz
"(76,77]",93,ZAF001.A0103.SG1.4.oral_gc_rl.tsv.gz
"(77,78]",67,ZAF001.A0103.SG1.4.oral_gc_rl.tsv.gz
"(78,79]",61,ZAF001.A0103.SG1.4.oral_gc_rl.tsv.gz
"(79,80]",42,ZAF001.A0103.SG1.4.oral_gc_rl.tsv.gz
"(80,81]",25,ZAF001.A0103.SG1.4.oral_gc_rl.tsv.gz
"(81,82]",30,ZAF001.A0103.SG1.4.oral_gc_rl.tsv.gz
"(82,83]",13,ZAF001.A0103.SG1.4.oral_gc_rl.tsv.gz
"(83,84]",8,ZAF001.A0103.SG1.4.oral_gc_rl.tsv.gz
"(84,85]",8,ZAF001.A0103.SG1.4.oral_gc_rl.tsv.gz
"(85,86]",2,ZAF001.A0103.SG1.4.oral_gc_rl.tsv.gz
"(86,87]",12,ZAF001.A0103.SG1.4.oral_gc_rl.tsv.gz
"(87,88]",1,ZAF001.A0103.SG1.4.oral_gc_rl.tsv.gz
"(88,89]",2,ZAF001.A0103.SG1.4.oral_gc_rl.tsv.gz
"(92,93]",1,ZAF001.A0103.SG1.4.oral_gc_rl.tsv.gz
