gc_bin,counts_gc,Study
"[0,1]",1,BAN001.A0101.SG1.1.classified_gc_rl.tsv.gz
"(1,2]",1,BAN001.A0101.SG1.1.classified_gc_rl.tsv.gz
"(2,3]",1,BAN001.A0101.SG1.1.classified_gc_rl.tsv.gz
"(3,4]",1,BAN001.A0101.SG1.1.classified_gc_rl.tsv.gz
"(4,5]",2,BAN001.A0101.SG1.1.classified_gc_rl.tsv.gz
"(5,6]",5,BAN001.A0101.SG1.1.classified_gc_rl.tsv.gz
"(6,7]",4,BAN001.A0101.SG1.1.classified_gc_rl.tsv.gz
"(7,8]",1,BAN001.A0101.SG1.1.classified_gc_rl.tsv.gz
"(8,9]",4,BAN001.A0101.SG1.1.classified_gc_rl.tsv.gz
"(9,10]",3,BAN001.A0101.SG1.1.classified_gc_rl.tsv.gz
"(11,12]",11,BAN001.A0101.SG1.1.classified_gc_rl.tsv.gz
"(12,13]",6,BAN001.A0101.SG1.1.classified_gc_rl.tsv.gz
"(13,14]",20,BAN001.A0101.SG1.1.classified_gc_rl.tsv.gz
"(14,15]",29,BAN001.A0101.SG1.1.classified_gc_rl.tsv.gz
"(15,16]",52,BAN001.A0101.SG1.1.classified_gc_rl.tsv.gz
"(16,17]",108,BAN001.A0101.SG1.1.classified_gc_rl.tsv.gz
"(17,18]",142,BAN001.A0101.SG1.1.classified_gc_rl.tsv.gz
"(18,19]",207,BAN001.A0101.SG1.1.classified_gc_rl.tsv.gz
"(19,20]",404,BAN001.A0101.SG1.1.classified_gc_rl.tsv.gz
"(20,21]",417,BAN001.A0101.SG1.1.classified_gc_rl.tsv.gz
"(21,22]",709,BAN001.A0101.SG1.1.classified_gc_rl.tsv.gz
"(22,23]",866,BAN001.A0101.SG1.1.classified_gc_rl.tsv.gz
"(23,24]",1174,BAN001.A0101.SG1.1.classified_gc_rl.tsv.gz
"(24,25]",1627,BAN001.A0101.SG1.1.classified_gc_rl.tsv.gz
"(25,26]",1326,BAN001.A0101.SG1.1.classified_gc_rl.tsv.gz
"(26,27]",2067,BAN001.A0101.SG1.1.classified_gc_rl.tsv.gz
"(27,28]",2837,BAN001.A0101.SG1.1.classified_gc_rl.tsv.gz
"(28,29]",3047,BAN001.A0101.SG1.1.classified_gc_rl.tsv.gz
"(29,30]",3629,BAN001.A0101.SG1.1.classified_gc_rl.tsv.gz
"(30,31]",3923,BAN001.A0101.SG1.1.classified_gc_rl.tsv.gz
"(31,32]",4576,BAN001.A0101.SG1.1.classified_gc_rl.tsv.gz
"(32,33]",4877,BAN001.A0101.SG1.1.classified_gc_rl.tsv.gz
"(33,34]",4844,BAN001.A0101.SG1.1.classified_gc_rl.tsv.gz
"(34,35]",5323,BAN001.A0101.SG1.1.classified_gc_rl.tsv.gz
"(35,36]",5428,BAN001.A0101.SG1.1.classified_gc_rl.tsv.gz
"(36,37]",5663,BAN001.A0101.SG1.1.classified_gc_rl.tsv.gz
"(37,38]",5469,BAN001.A0101.SG1.1.classified_gc_rl.tsv.gz
"(38,39]",6251,BAN001.A0101.SG1.1.classified_gc_rl.tsv.gz
"(39,40]",7402,BAN001.A0101.SG1.1.classified_gc_rl.tsv.gz
"(40,41]",5511,BAN001.A0101.SG1.1.classified_gc_rl.tsv.gz
"(41,42]",6681,BAN001.A0101.SG1.1.classified_gc_rl.tsv.gz
"(42,43]",6267,BAN001.A0101.SG1.1.classified_gc_rl.tsv.gz
"(43,44]",6907,BAN001.A0101.SG1.1.classified_gc_rl.tsv.gz
"(44,45]",6483,BAN001.A0101.SG1.1.classified_gc_rl.tsv.gz
"(45,46]",5822,BAN001.A0101.SG1.1.classified_gc_rl.tsv.gz
"(46,47]",6269,BAN001.A0101.SG1.1.classified_gc_rl.tsv.gz
"(47,48]",6699,BAN001.A0101.SG1.1.classified_gc_rl.tsv.gz
"(48,49]",6000,BAN001.A0101.SG1.1.classified_gc_rl.tsv.gz
"(49,50]",8540,BAN001.A0101.SG1.1.classified_gc_rl.tsv.gz
"(50,51]",3421,BAN001.A0101.SG1.1.classified_gc_rl.tsv.gz
"(51,52]",6659,BAN001.A0101.SG1.1.classified_gc_rl.tsv.gz
"(52,53]",6424,BAN001.A0101.SG1.1.classified_gc_rl.tsv.gz
"(53,54]",6659,BAN001.A0101.SG1.1.classified_gc_rl.tsv.gz
"(54,55]",6338,BAN001.A0101.SG1.1.classified_gc_rl.tsv.gz
"(55,56]",6306,BAN001.A0101.SG1.1.classified_gc_rl.tsv.gz
"(56,57]",6436,BAN001.A0101.SG1.1.classified_gc_rl.tsv.gz
"(57,58]",6390,BAN001.A0101.SG1.1.classified_gc_rl.tsv.gz
"(58,59]",5893,BAN001.A0101.SG1.1.classified_gc_rl.tsv.gz
"(59,60]",7149,BAN001.A0101.SG1.1.classified_gc_rl.tsv.gz
"(60,61]",4935,BAN001.A0101.SG1.1.classified_gc_rl.tsv.gz
"(61,62]",5702,BAN001.A0101.SG1.1.classified_gc_rl.tsv.gz
"(62,63]",5024,BAN001.A0101.SG1.1.classified_gc_rl.tsv.gz
"(63,64]",5241,BAN001.A0101.SG1.1.classified_gc_rl.tsv.gz
"(64,65]",4787,BAN001.A0101.SG1.1.classified_gc_rl.tsv.gz
"(65,66]",4438,BAN001.A0101.SG1.1.classified_gc_rl.tsv.gz
"(66,67]",3733,BAN001.A0101.SG1.1.classified_gc_rl.tsv.gz
"(67,68]",4017,BAN001.A0101.SG1.1.classified_gc_rl.tsv.gz
"(68,69]",3232,BAN001.A0101.SG1.1.classified_gc_rl.tsv.gz
"(69,70]",3326,BAN001.A0101.SG1.1.classified_gc_rl.tsv.gz
"(70,71]",2308,BAN001.A0101.SG1.1.classified_gc_rl.tsv.gz
"(71,72]",2400,BAN001.A0101.SG1.1.classified_gc_rl.tsv.gz
"(72,73]",1929,BAN001.A0101.SG1.1.classified_gc_rl.tsv.gz
"(73,74]",1772,BAN001.A0101.SG1.1.classified_gc_rl.tsv.gz
"(74,75]",1569,BAN001.A0101.SG1.1.classified_gc_rl.tsv.gz
"(75,76]",814,BAN001.A0101.SG1.1.classified_gc_rl.tsv.gz
"(76,77]",757,BAN001.A0101.SG1.1.classified_gc_rl.tsv.gz
"(77,78]",627,BAN001.A0101.SG1.1.classified_gc_rl.tsv.gz
"(78,79]",437,BAN001.A0101.SG1.1.classified_gc_rl.tsv.gz
"(79,80]",314,BAN001.A0101.SG1.1.classified_gc_rl.tsv.gz
"(80,81]",160,BAN001.A0101.SG1.1.classified_gc_rl.tsv.gz
"(81,82]",185,BAN001.A0101.SG1.1.classified_gc_rl.tsv.gz
"(82,83]",115,BAN001.A0101.SG1.1.classified_gc_rl.tsv.gz
"(83,84]",56,BAN001.A0101.SG1.1.classified_gc_rl.tsv.gz
"(84,85]",58,BAN001.A0101.SG1.1.classified_gc_rl.tsv.gz
"(85,86]",23,BAN001.A0101.SG1.1.classified_gc_rl.tsv.gz
"(86,87]",22,BAN001.A0101.SG1.1.classified_gc_rl.tsv.gz
"(87,88]",12,BAN001.A0101.SG1.1.classified_gc_rl.tsv.gz
"(88,89]",17,BAN001.A0101.SG1.1.classified_gc_rl.tsv.gz
"(89,90]",8,BAN001.A0101.SG1.1.classified_gc_rl.tsv.gz
"(90,91]",11,BAN001.A0101.SG1.1.classified_gc_rl.tsv.gz
"(91,92]",12,BAN001.A0101.SG1.1.classified_gc_rl.tsv.gz
"(92,93]",7,BAN001.A0101.SG1.1.classified_gc_rl.tsv.gz
"(93,94]",4,BAN001.A0101.SG1.1.classified_gc_rl.tsv.gz
"(94,95]",5,BAN001.A0101.SG1.1.classified_gc_rl.tsv.gz
"(95,96]",11,BAN001.A0101.SG1.1.classified_gc_rl.tsv.gz
"(96,97]",6,BAN001.A0101.SG1.1.classified_gc_rl.tsv.gz
"(97,98]",7,BAN001.A0101.SG1.1.classified_gc_rl.tsv.gz
"(98,99]",14,BAN001.A0101.SG1.1.classified_gc_rl.tsv.gz
"(99,100]",10,BAN001.A0101.SG1.1.classified_gc_rl.tsv.gz
"[0,1]",8,BAN001.A0102.SG1.4.classified_gc_rl.tsv.gz
"(1,2]",6,BAN001.A0102.SG1.4.classified_gc_rl.tsv.gz
"(2,3]",22,BAN001.A0102.SG1.4.classified_gc_rl.tsv.gz
"(3,4]",35,BAN001.A0102.SG1.4.classified_gc_rl.tsv.gz
"(4,5]",64,BAN001.A0102.SG1.4.classified_gc_rl.tsv.gz
"(5,6]",68,BAN001.A0102.SG1.4.classified_gc_rl.tsv.gz
"(6,7]",101,BAN001.A0102.SG1.4.classified_gc_rl.tsv.gz
"(7,8]",116,BAN001.A0102.SG1.4.classified_gc_rl.tsv.gz
"(8,9]",125,BAN001.A0102.SG1.4.classified_gc_rl.tsv.gz
"(9,10]",250,BAN001.A0102.SG1.4.classified_gc_rl.tsv.gz
"(10,11]",264,BAN001.A0102.SG1.4.classified_gc_rl.tsv.gz
"(11,12]",375,BAN001.A0102.SG1.4.classified_gc_rl.tsv.gz
"(12,13]",433,BAN001.A0102.SG1.4.classified_gc_rl.tsv.gz
"(13,14]",651,BAN001.A0102.SG1.4.classified_gc_rl.tsv.gz
"(14,15]",729,BAN001.A0102.SG1.4.classified_gc_rl.tsv.gz
"(15,16]",938,BAN001.A0102.SG1.4.classified_gc_rl.tsv.gz
"(16,17]",1080,BAN001.A0102.SG1.4.classified_gc_rl.tsv.gz
"(17,18]",1537,BAN001.A0102.SG1.4.classified_gc_rl.tsv.gz
"(18,19]",1605,BAN001.A0102.SG1.4.classified_gc_rl.tsv.gz
"(19,20]",2374,BAN001.A0102.SG1.4.classified_gc_rl.tsv.gz
"(20,21]",1972,BAN001.A0102.SG1.4.classified_gc_rl.tsv.gz
"(21,22]",2806,BAN001.A0102.SG1.4.classified_gc_rl.tsv.gz
"(22,23]",2661,BAN001.A0102.SG1.4.classified_gc_rl.tsv.gz
"(23,24]",3415,BAN001.A0102.SG1.4.classified_gc_rl.tsv.gz
"(24,25]",3996,BAN001.A0102.SG1.4.classified_gc_rl.tsv.gz
"(25,26]",2702,BAN001.A0102.SG1.4.classified_gc_rl.tsv.gz
"(26,27]",3834,BAN001.A0102.SG1.4.classified_gc_rl.tsv.gz
"(27,28]",4941,BAN001.A0102.SG1.4.classified_gc_rl.tsv.gz
"(28,29]",4760,BAN001.A0102.SG1.4.classified_gc_rl.tsv.gz
"(29,30]",5584,BAN001.A0102.SG1.4.classified_gc_rl.tsv.gz
"(30,31]",5652,BAN001.A0102.SG1.4.classified_gc_rl.tsv.gz
"(31,32]",6009,BAN001.A0102.SG1.4.classified_gc_rl.tsv.gz
"(32,33]",5881,BAN001.A0102.SG1.4.classified_gc_rl.tsv.gz
"(33,34]",5712,BAN001.A0102.SG1.4.classified_gc_rl.tsv.gz
"(34,35]",6476,BAN001.A0102.SG1.4.classified_gc_rl.tsv.gz
"(35,36]",5811,BAN001.A0102.SG1.4.classified_gc_rl.tsv.gz
"(36,37]",6062,BAN001.A0102.SG1.4.classified_gc_rl.tsv.gz
"(37,38]",5733,BAN001.A0102.SG1.4.classified_gc_rl.tsv.gz
"(38,39]",5916,BAN001.A0102.SG1.4.classified_gc_rl.tsv.gz
"(39,40]",7320,BAN001.A0102.SG1.4.classified_gc_rl.tsv.gz
"(40,41]",4796,BAN001.A0102.SG1.4.classified_gc_rl.tsv.gz
"(41,42]",5614,BAN001.A0102.SG1.4.classified_gc_rl.tsv.gz
"(42,43]",5214,BAN001.A0102.SG1.4.classified_gc_rl.tsv.gz
"(43,44]",5459,BAN001.A0102.SG1.4.classified_gc_rl.tsv.gz
"(44,45]",5311,BAN001.A0102.SG1.4.classified_gc_rl.tsv.gz
"(45,46]",4485,BAN001.A0102.SG1.4.classified_gc_rl.tsv.gz
"(46,47]",4473,BAN001.A0102.SG1.4.classified_gc_rl.tsv.gz
"(47,48]",4933,BAN001.A0102.SG1.4.classified_gc_rl.tsv.gz
"(48,49]",4298,BAN001.A0102.SG1.4.classified_gc_rl.tsv.gz
"(49,50]",5669,BAN001.A0102.SG1.4.classified_gc_rl.tsv.gz
"(50,51]",1350,BAN001.A0102.SG1.4.classified_gc_rl.tsv.gz
"(51,52]",4343,BAN001.A0102.SG1.4.classified_gc_rl.tsv.gz
"(52,53]",4022,BAN001.A0102.SG1.4.classified_gc_rl.tsv.gz
"(53,54]",3698,BAN001.A0102.SG1.4.classified_gc_rl.tsv.gz
"(54,55]",3512,BAN001.A0102.SG1.4.classified_gc_rl.tsv.gz
"(55,56]",3103,BAN001.A0102.SG1.4.classified_gc_rl.tsv.gz
"(56,57]",3333,BAN001.A0102.SG1.4.classified_gc_rl.tsv.gz
"(57,58]",3171,BAN001.A0102.SG1.4.classified_gc_rl.tsv.gz
"(58,59]",2893,BAN001.A0102.SG1.4.classified_gc_rl.tsv.gz
"(59,60]",3381,BAN001.A0102.SG1.4.classified_gc_rl.tsv.gz
"(60,61]",2405,BAN001.A0102.SG1.4.classified_gc_rl.tsv.gz
"(61,62]",2786,BAN001.A0102.SG1.4.classified_gc_rl.tsv.gz
"(62,63]",2350,BAN001.A0102.SG1.4.classified_gc_rl.tsv.gz
"(63,64]",2677,BAN001.A0102.SG1.4.classified_gc_rl.tsv.gz
"(64,65]",2526,BAN001.A0102.SG1.4.classified_gc_rl.tsv.gz
"(65,66]",2262,BAN001.A0102.SG1.4.classified_gc_rl.tsv.gz
"(66,67]",1705,BAN001.A0102.SG1.4.classified_gc_rl.tsv.gz
"(67,68]",1780,BAN001.A0102.SG1.4.classified_gc_rl.tsv.gz
"(68,69]",1603,BAN001.A0102.SG1.4.classified_gc_rl.tsv.gz
"(69,70]",1750,BAN001.A0102.SG1.4.classified_gc_rl.tsv.gz
"(70,71]",1126,BAN001.A0102.SG1.4.classified_gc_rl.tsv.gz
"(71,72]",1310,BAN001.A0102.SG1.4.classified_gc_rl.tsv.gz
"(72,73]",1048,BAN001.A0102.SG1.4.classified_gc_rl.tsv.gz
"(73,74]",854,BAN001.A0102.SG1.4.classified_gc_rl.tsv.gz
"(74,75]",783,BAN001.A0102.SG1.4.classified_gc_rl.tsv.gz
"(75,76]",393,BAN001.A0102.SG1.4.classified_gc_rl.tsv.gz
"(76,77]",456,BAN001.A0102.SG1.4.classified_gc_rl.tsv.gz
"(77,78]",304,BAN001.A0102.SG1.4.classified_gc_rl.tsv.gz
"(78,79]",255,BAN001.A0102.SG1.4.classified_gc_rl.tsv.gz
"(79,80]",227,BAN001.A0102.SG1.4.classified_gc_rl.tsv.gz
"(80,81]",138,BAN001.A0102.SG1.4.classified_gc_rl.tsv.gz
"(81,82]",135,BAN001.A0102.SG1.4.classified_gc_rl.tsv.gz
"(82,83]",82,BAN001.A0102.SG1.4.classified_gc_rl.tsv.gz
"(83,84]",39,BAN001.A0102.SG1.4.classified_gc_rl.tsv.gz
"(84,85]",37,BAN001.A0102.SG1.4.classified_gc_rl.tsv.gz
"(85,86]",11,BAN001.A0102.SG1.4.classified_gc_rl.tsv.gz
"(86,87]",16,BAN001.A0102.SG1.4.classified_gc_rl.tsv.gz
"(87,88]",3,BAN001.A0102.SG1.4.classified_gc_rl.tsv.gz
"(88,89]",1,BAN001.A0102.SG1.4.classified_gc_rl.tsv.gz
"(89,90]",2,BAN001.A0102.SG1.4.classified_gc_rl.tsv.gz
"(90,91]",1,BAN001.A0102.SG1.4.classified_gc_rl.tsv.gz
"(93,94]",1,BAN001.A0102.SG1.4.classified_gc_rl.tsv.gz
"(95,96]",1,BAN001.A0102.SG1.4.classified_gc_rl.tsv.gz
"(99,100]",1,BAN001.A0102.SG1.4.classified_gc_rl.tsv.gz
"(6,7]",1,CDM019.A0101.SG1.1.classified_gc_rl.tsv.gz
"(7,8]",2,CDM019.A0101.SG1.1.classified_gc_rl.tsv.gz
"(9,10]",1,CDM019.A0101.SG1.1.classified_gc_rl.tsv.gz
"(10,11]",2,CDM019.A0101.SG1.1.classified_gc_rl.tsv.gz
"(11,12]",2,CDM019.A0101.SG1.1.classified_gc_rl.tsv.gz
"(12,13]",12,CDM019.A0101.SG1.1.classified_gc_rl.tsv.gz
"(13,14]",20,CDM019.A0101.SG1.1.classified_gc_rl.tsv.gz
"(14,15]",44,CDM019.A0101.SG1.1.classified_gc_rl.tsv.gz
"(15,16]",59,CDM019.A0101.SG1.1.classified_gc_rl.tsv.gz
"(16,17]",112,CDM019.A0101.SG1.1.classified_gc_rl.tsv.gz
"(17,18]",216,CDM019.A0101.SG1.1.classified_gc_rl.tsv.gz
"(18,19]",277,CDM019.A0101.SG1.1.classified_gc_rl.tsv.gz
"(19,20]",560,CDM019.A0101.SG1.1.classified_gc_rl.tsv.gz
"(20,21]",610,CDM019.A0101.SG1.1.classified_gc_rl.tsv.gz
"(21,22]",1072,CDM019.A0101.SG1.1.classified_gc_rl.tsv.gz
"(22,23]",1306,CDM019.A0101.SG1.1.classified_gc_rl.tsv.gz
"(23,24]",1947,CDM019.A0101.SG1.1.classified_gc_rl.tsv.gz
"(24,25]",2923,CDM019.A0101.SG1.1.classified_gc_rl.tsv.gz
"(25,26]",2490,CDM019.A0101.SG1.1.classified_gc_rl.tsv.gz
"(26,27]",3937,CDM019.A0101.SG1.1.classified_gc_rl.tsv.gz
"(27,28]",5265,CDM019.A0101.SG1.1.classified_gc_rl.tsv.gz
"(28,29]",5948,CDM019.A0101.SG1.1.classified_gc_rl.tsv.gz
"(29,30]",7889,CDM019.A0101.SG1.1.classified_gc_rl.tsv.gz
"(30,31]",8757,CDM019.A0101.SG1.1.classified_gc_rl.tsv.gz
"(31,32]",11314,CDM019.A0101.SG1.1.classified_gc_rl.tsv.gz
"(32,33]",13073,CDM019.A0101.SG1.1.classified_gc_rl.tsv.gz
"(33,34]",14229,CDM019.A0101.SG1.1.classified_gc_rl.tsv.gz
"(34,35]",18200,CDM019.A0101.SG1.1.classified_gc_rl.tsv.gz
"(35,36]",20634,CDM019.A0101.SG1.1.classified_gc_rl.tsv.gz
"(36,37]",23203,CDM019.A0101.SG1.1.classified_gc_rl.tsv.gz
"(37,38]",25160,CDM019.A0101.SG1.1.classified_gc_rl.tsv.gz
"(38,39]",29955,CDM019.A0101.SG1.1.classified_gc_rl.tsv.gz
"(39,40]",39421,CDM019.A0101.SG1.1.classified_gc_rl.tsv.gz
"(40,41]",33549,CDM019.A0101.SG1.1.classified_gc_rl.tsv.gz
"(41,42]",40119,CDM019.A0101.SG1.1.classified_gc_rl.tsv.gz
"(42,43]",46391,CDM019.A0101.SG1.1.classified_gc_rl.tsv.gz
"(43,44]",55074,CDM019.A0101.SG1.1.classified_gc_rl.tsv.gz
"(44,45]",57736,CDM019.A0101.SG1.1.classified_gc_rl.tsv.gz
"(45,46]",56542,CDM019.A0101.SG1.1.classified_gc_rl.tsv.gz
"(46,47]",68317,CDM019.A0101.SG1.1.classified_gc_rl.tsv.gz
"(47,48]",76837,CDM019.A0101.SG1.1.classified_gc_rl.tsv.gz
"(48,49]",76749,CDM019.A0101.SG1.1.classified_gc_rl.tsv.gz
"(49,50]",117512,CDM019.A0101.SG1.1.classified_gc_rl.tsv.gz
"(50,51]",56307,CDM019.A0101.SG1.1.classified_gc_rl.tsv.gz
"(51,52]",102502,CDM019.A0101.SG1.1.classified_gc_rl.tsv.gz
"(52,53]",105626,CDM019.A0101.SG1.1.classified_gc_rl.tsv.gz
"(53,54]",121396,CDM019.A0101.SG1.1.classified_gc_rl.tsv.gz
"(54,55]",117350,CDM019.A0101.SG1.1.classified_gc_rl.tsv.gz
"(55,56]",136779,CDM019.A0101.SG1.1.classified_gc_rl.tsv.gz
"(56,57]",146789,CDM019.A0101.SG1.1.classified_gc_rl.tsv.gz
"(57,58]",160610,CDM019.A0101.SG1.1.classified_gc_rl.tsv.gz
"(58,59]",150575,CDM019.A0101.SG1.1.classified_gc_rl.tsv.gz
"(59,60]",203877,CDM019.A0101.SG1.1.classified_gc_rl.tsv.gz
"(60,61]",162438,CDM019.A0101.SG1.1.classified_gc_rl.tsv.gz
"(61,62]",197161,CDM019.A0101.SG1.1.classified_gc_rl.tsv.gz
"(62,63]",170496,CDM019.A0101.SG1.1.classified_gc_rl.tsv.gz
"(63,64]",203329,CDM019.A0101.SG1.1.classified_gc_rl.tsv.gz
"(64,65]",192608,CDM019.A0101.SG1.1.classified_gc_rl.tsv.gz
"(65,66]",185907,CDM019.A0101.SG1.1.classified_gc_rl.tsv.gz
"(66,67]",151308,CDM019.A0101.SG1.1.classified_gc_rl.tsv.gz
"(67,68]",175539,CDM019.A0101.SG1.1.classified_gc_rl.tsv.gz
"(68,69]",149273,CDM019.A0101.SG1.1.classified_gc_rl.tsv.gz
"(69,70]",150813,CDM019.A0101.SG1.1.classified_gc_rl.tsv.gz
"(70,71]",102700,CDM019.A0101.SG1.1.classified_gc_rl.tsv.gz
"(71,72]",115286,CDM019.A0101.SG1.1.classified_gc_rl.tsv.gz
"(72,73]",93657,CDM019.A0101.SG1.1.classified_gc_rl.tsv.gz
"(73,74]",84710,CDM019.A0101.SG1.1.classified_gc_rl.tsv.gz
"(74,75]",77618,CDM019.A0101.SG1.1.classified_gc_rl.tsv.gz
"(75,76]",41606,CDM019.A0101.SG1.1.classified_gc_rl.tsv.gz
"(76,77]",44368,CDM019.A0101.SG1.1.classified_gc_rl.tsv.gz
"(77,78]",36414,CDM019.A0101.SG1.1.classified_gc_rl.tsv.gz
"(78,79]",26591,CDM019.A0101.SG1.1.classified_gc_rl.tsv.gz
"(79,80]",21292,CDM019.A0101.SG1.1.classified_gc_rl.tsv.gz
"(80,81]",11796,CDM019.A0101.SG1.1.classified_gc_rl.tsv.gz
"(81,82]",10039,CDM019.A0101.SG1.1.classified_gc_rl.tsv.gz
"(82,83]",6780,CDM019.A0101.SG1.1.classified_gc_rl.tsv.gz
"(83,84]",4639,CDM019.A0101.SG1.1.classified_gc_rl.tsv.gz
"(84,85]",3230,CDM019.A0101.SG1.1.classified_gc_rl.tsv.gz
"(85,86]",1826,CDM019.A0101.SG1.1.classified_gc_rl.tsv.gz
"(86,87]",1315,CDM019.A0101.SG1.1.classified_gc_rl.tsv.gz
"(87,88]",781,CDM019.A0101.SG1.1.classified_gc_rl.tsv.gz
"(88,89]",446,CDM019.A0101.SG1.1.classified_gc_rl.tsv.gz
"(89,90]",315,CDM019.A0101.SG1.1.classified_gc_rl.tsv.gz
"(90,91]",148,CDM019.A0101.SG1.1.classified_gc_rl.tsv.gz
"(91,92]",81,CDM019.A0101.SG1.1.classified_gc_rl.tsv.gz
"(92,93]",43,CDM019.A0101.SG1.1.classified_gc_rl.tsv.gz
"(93,94]",37,CDM019.A0101.SG1.1.classified_gc_rl.tsv.gz
"(94,95]",23,CDM019.A0101.SG1.1.classified_gc_rl.tsv.gz
"(95,96]",16,CDM019.A0101.SG1.1.classified_gc_rl.tsv.gz
"(96,97]",12,CDM019.A0101.SG1.1.classified_gc_rl.tsv.gz
"(97,98]",17,CDM019.A0101.SG1.1.classified_gc_rl.tsv.gz
"(98,99]",19,CDM019.A0101.SG1.1.classified_gc_rl.tsv.gz
"(99,100]",30,CDM019.A0101.SG1.1.classified_gc_rl.tsv.gz
"[0,1]",2,CDM019.A0102.SG1.4.classified_gc_rl.tsv.gz
"(1,2]",2,CDM019.A0102.SG1.4.classified_gc_rl.tsv.gz
"(2,3]",3,CDM019.A0102.SG1.4.classified_gc_rl.tsv.gz
"(3,4]",4,CDM019.A0102.SG1.4.classified_gc_rl.tsv.gz
"(4,5]",18,CDM019.A0102.SG1.4.classified_gc_rl.tsv.gz
"(5,6]",32,CDM019.A0102.SG1.4.classified_gc_rl.tsv.gz
"(6,7]",66,CDM019.A0102.SG1.4.classified_gc_rl.tsv.gz
"(7,8]",101,CDM019.A0102.SG1.4.classified_gc_rl.tsv.gz
"(8,9]",138,CDM019.A0102.SG1.4.classified_gc_rl.tsv.gz
"(9,10]",255,CDM019.A0102.SG1.4.classified_gc_rl.tsv.gz
"(10,11]",346,CDM019.A0102.SG1.4.classified_gc_rl.tsv.gz
"(11,12]",597,CDM019.A0102.SG1.4.classified_gc_rl.tsv.gz
"(12,13]",890,CDM019.A0102.SG1.4.classified_gc_rl.tsv.gz
"(13,14]",1462,CDM019.A0102.SG1.4.classified_gc_rl.tsv.gz
"(14,15]",2016,CDM019.A0102.SG1.4.classified_gc_rl.tsv.gz
"(15,16]",2942,CDM019.A0102.SG1.4.classified_gc_rl.tsv.gz
"(16,17]",3465,CDM019.A0102.SG1.4.classified_gc_rl.tsv.gz
"(17,18]",5553,CDM019.A0102.SG1.4.classified_gc_rl.tsv.gz
"(18,19]",6776,CDM019.A0102.SG1.4.classified_gc_rl.tsv.gz
"(19,20]",10920,CDM019.A0102.SG1.4.classified_gc_rl.tsv.gz
"(20,21]",9339,CDM019.A0102.SG1.4.classified_gc_rl.tsv.gz
"(21,22]",15340,CDM019.A0102.SG1.4.classified_gc_rl.tsv.gz
"(22,23]",17520,CDM019.A0102.SG1.4.classified_gc_rl.tsv.gz
"(23,24]",23774,CDM019.A0102.SG1.4.classified_gc_rl.tsv.gz
"(24,25]",32345,CDM019.A0102.SG1.4.classified_gc_rl.tsv.gz
"(25,26]",23322,CDM019.A0102.SG1.4.classified_gc_rl.tsv.gz
"(26,27]",37927,CDM019.A0102.SG1.4.classified_gc_rl.tsv.gz
"(27,28]",46654,CDM019.A0102.SG1.4.classified_gc_rl.tsv.gz
"(28,29]",50056,CDM019.A0102.SG1.4.classified_gc_rl.tsv.gz
"(29,30]",56263,CDM019.A0102.SG1.4.classified_gc_rl.tsv.gz
"(30,31]",62083,CDM019.A0102.SG1.4.classified_gc_rl.tsv.gz
"(31,32]",74881,CDM019.A0102.SG1.4.classified_gc_rl.tsv.gz
"(32,33]",79960,CDM019.A0102.SG1.4.classified_gc_rl.tsv.gz
"(33,34]",78499,CDM019.A0102.SG1.4.classified_gc_rl.tsv.gz
"(34,35]",101095,CDM019.A0102.SG1.4.classified_gc_rl.tsv.gz
"(35,36]",104098,CDM019.A0102.SG1.4.classified_gc_rl.tsv.gz
"(36,37]",110911,CDM019.A0102.SG1.4.classified_gc_rl.tsv.gz
"(37,38]",106973,CDM019.A0102.SG1.4.classified_gc_rl.tsv.gz
"(38,39]",125796,CDM019.A0102.SG1.4.classified_gc_rl.tsv.gz
"(39,40]",155469,CDM019.A0102.SG1.4.classified_gc_rl.tsv.gz
"(40,41]",120444,CDM019.A0102.SG1.4.classified_gc_rl.tsv.gz
"(41,42]",137773,CDM019.A0102.SG1.4.classified_gc_rl.tsv.gz
"(42,43]",150087,CDM019.A0102.SG1.4.classified_gc_rl.tsv.gz
"(43,44]",168852,CDM019.A0102.SG1.4.classified_gc_rl.tsv.gz
"(44,45]",163593,CDM019.A0102.SG1.4.classified_gc_rl.tsv.gz
"(45,46]",148156,CDM019.A0102.SG1.4.classified_gc_rl.tsv.gz
"(46,47]",170512,CDM019.A0102.SG1.4.classified_gc_rl.tsv.gz
"(47,48]",182897,CDM019.A0102.SG1.4.classified_gc_rl.tsv.gz
"(48,49]",169057,CDM019.A0102.SG1.4.classified_gc_rl.tsv.gz
"(49,50]",243048,CDM019.A0102.SG1.4.classified_gc_rl.tsv.gz
"(50,51]",94752,CDM019.A0102.SG1.4.classified_gc_rl.tsv.gz
"(51,52]",187145,CDM019.A0102.SG1.4.classified_gc_rl.tsv.gz
"(52,53]",185161,CDM019.A0102.SG1.4.classified_gc_rl.tsv.gz
"(53,54]",196455,CDM019.A0102.SG1.4.classified_gc_rl.tsv.gz
"(54,55]",182107,CDM019.A0102.SG1.4.classified_gc_rl.tsv.gz
"(55,56]",192834,CDM019.A0102.SG1.4.classified_gc_rl.tsv.gz
"(56,57]",198545,CDM019.A0102.SG1.4.classified_gc_rl.tsv.gz
"(57,58]",205888,CDM019.A0102.SG1.4.classified_gc_rl.tsv.gz
"(58,59]",185589,CDM019.A0102.SG1.4.classified_gc_rl.tsv.gz
"(59,60]",235366,CDM019.A0102.SG1.4.classified_gc_rl.tsv.gz
"(60,61]",174707,CDM019.A0102.SG1.4.classified_gc_rl.tsv.gz
"(61,62]",202687,CDM019.A0102.SG1.4.classified_gc_rl.tsv.gz
"(62,63]",170328,CDM019.A0102.SG1.4.classified_gc_rl.tsv.gz
"(63,64]",194102,CDM019.A0102.SG1.4.classified_gc_rl.tsv.gz
"(64,65]",178167,CDM019.A0102.SG1.4.classified_gc_rl.tsv.gz
"(65,66]",166533,CDM019.A0102.SG1.4.classified_gc_rl.tsv.gz
"(66,67]",130340,CDM019.A0102.SG1.4.classified_gc_rl.tsv.gz
"(67,68]",141363,CDM019.A0102.SG1.4.classified_gc_rl.tsv.gz
"(68,69]",118450,CDM019.A0102.SG1.4.classified_gc_rl.tsv.gz
"(69,70]",118730,CDM019.A0102.SG1.4.classified_gc_rl.tsv.gz
"(70,71]",78882,CDM019.A0102.SG1.4.classified_gc_rl.tsv.gz
"(71,72]",82504,CDM019.A0102.SG1.4.classified_gc_rl.tsv.gz
"(72,73]",65536,CDM019.A0102.SG1.4.classified_gc_rl.tsv.gz
"(73,74]",56529,CDM019.A0102.SG1.4.classified_gc_rl.tsv.gz
"(74,75]",50158,CDM019.A0102.SG1.4.classified_gc_rl.tsv.gz
"(75,76]",26104,CDM019.A0102.SG1.4.classified_gc_rl.tsv.gz
"(76,77]",27536,CDM019.A0102.SG1.4.classified_gc_rl.tsv.gz
"(77,78]",20572,CDM019.A0102.SG1.4.classified_gc_rl.tsv.gz
"(78,79]",16050,CDM019.A0102.SG1.4.classified_gc_rl.tsv.gz
"(79,80]",13229,CDM019.A0102.SG1.4.classified_gc_rl.tsv.gz
"(80,81]",6457,CDM019.A0102.SG1.4.classified_gc_rl.tsv.gz
"(81,82]",6117,CDM019.A0102.SG1.4.classified_gc_rl.tsv.gz
"(82,83]",3998,CDM019.A0102.SG1.4.classified_gc_rl.tsv.gz
"(83,84]",2617,CDM019.A0102.SG1.4.classified_gc_rl.tsv.gz
"(84,85]",2044,CDM019.A0102.SG1.4.classified_gc_rl.tsv.gz
"(85,86]",941,CDM019.A0102.SG1.4.classified_gc_rl.tsv.gz
"(86,87]",820,CDM019.A0102.SG1.4.classified_gc_rl.tsv.gz
"(87,88]",398,CDM019.A0102.SG1.4.classified_gc_rl.tsv.gz
"(88,89]",205,CDM019.A0102.SG1.4.classified_gc_rl.tsv.gz
"(89,90]",159,CDM019.A0102.SG1.4.classified_gc_rl.tsv.gz
"(90,91]",50,CDM019.A0102.SG1.4.classified_gc_rl.tsv.gz
"(91,92]",11,CDM019.A0102.SG1.4.classified_gc_rl.tsv.gz
"(92,93]",23,CDM019.A0102.SG1.4.classified_gc_rl.tsv.gz
"(93,94]",5,CDM019.A0102.SG1.4.classified_gc_rl.tsv.gz
"(94,95]",7,CDM019.A0102.SG1.4.classified_gc_rl.tsv.gz
"(95,96]",2,CDM019.A0102.SG1.4.classified_gc_rl.tsv.gz
"(98,99]",2,CDM019.A0102.SG1.4.classified_gc_rl.tsv.gz
"(99,100]",8,CDM019.A0102.SG1.4.classified_gc_rl.tsv.gz
"(6,7]",1,CDM020.A0101.SG1.1.classified_gc_rl.tsv.gz
"(8,9]",1,CDM020.A0101.SG1.1.classified_gc_rl.tsv.gz
"(9,10]",3,CDM020.A0101.SG1.1.classified_gc_rl.tsv.gz
"(10,11]",4,CDM020.A0101.SG1.1.classified_gc_rl.tsv.gz
"(11,12]",16,CDM020.A0101.SG1.1.classified_gc_rl.tsv.gz
"(12,13]",21,CDM020.A0101.SG1.1.classified_gc_rl.tsv.gz
"(13,14]",63,CDM020.A0101.SG1.1.classified_gc_rl.tsv.gz
"(14,15]",123,CDM020.A0101.SG1.1.classified_gc_rl.tsv.gz
"(15,16]",191,CDM020.A0101.SG1.1.classified_gc_rl.tsv.gz
"(16,17]",288,CDM020.A0101.SG1.1.classified_gc_rl.tsv.gz
"(17,18]",524,CDM020.A0101.SG1.1.classified_gc_rl.tsv.gz
"(18,19]",705,CDM020.A0101.SG1.1.classified_gc_rl.tsv.gz
"(19,20]",1343,CDM020.A0101.SG1.1.classified_gc_rl.tsv.gz
"(20,21]",1373,CDM020.A0101.SG1.1.classified_gc_rl.tsv.gz
"(21,22]",2228,CDM020.A0101.SG1.1.classified_gc_rl.tsv.gz
"(22,23]",2800,CDM020.A0101.SG1.1.classified_gc_rl.tsv.gz
"(23,24]",3890,CDM020.A0101.SG1.1.classified_gc_rl.tsv.gz
"(24,25]",5758,CDM020.A0101.SG1.1.classified_gc_rl.tsv.gz
"(25,26]",4620,CDM020.A0101.SG1.1.classified_gc_rl.tsv.gz
"(26,27]",7267,CDM020.A0101.SG1.1.classified_gc_rl.tsv.gz
"(27,28]",9131,CDM020.A0101.SG1.1.classified_gc_rl.tsv.gz
"(28,29]",10318,CDM020.A0101.SG1.1.classified_gc_rl.tsv.gz
"(29,30]",12579,CDM020.A0101.SG1.1.classified_gc_rl.tsv.gz
"(30,31]",13419,CDM020.A0101.SG1.1.classified_gc_rl.tsv.gz
"(31,32]",17265,CDM020.A0101.SG1.1.classified_gc_rl.tsv.gz
"(32,33]",18683,CDM020.A0101.SG1.1.classified_gc_rl.tsv.gz
"(33,34]",19883,CDM020.A0101.SG1.1.classified_gc_rl.tsv.gz
"(34,35]",24861,CDM020.A0101.SG1.1.classified_gc_rl.tsv.gz
"(35,36]",26436,CDM020.A0101.SG1.1.classified_gc_rl.tsv.gz
"(36,37]",29124,CDM020.A0101.SG1.1.classified_gc_rl.tsv.gz
"(37,38]",30403,CDM020.A0101.SG1.1.classified_gc_rl.tsv.gz
"(38,39]",34930,CDM020.A0101.SG1.1.classified_gc_rl.tsv.gz
"(39,40]",44976,CDM020.A0101.SG1.1.classified_gc_rl.tsv.gz
"(40,41]",36136,CDM020.A0101.SG1.1.classified_gc_rl.tsv.gz
"(41,42]",42081,CDM020.A0101.SG1.1.classified_gc_rl.tsv.gz
"(42,43]",47185,CDM020.A0101.SG1.1.classified_gc_rl.tsv.gz
"(43,44]",54088,CDM020.A0101.SG1.1.classified_gc_rl.tsv.gz
"(44,45]",53641,CDM020.A0101.SG1.1.classified_gc_rl.tsv.gz
"(45,46]",50437,CDM020.A0101.SG1.1.classified_gc_rl.tsv.gz
"(46,47]",59868,CDM020.A0101.SG1.1.classified_gc_rl.tsv.gz
"(47,48]",65585,CDM020.A0101.SG1.1.classified_gc_rl.tsv.gz
"(48,49]",62847,CDM020.A0101.SG1.1.classified_gc_rl.tsv.gz
"(49,50]",92827,CDM020.A0101.SG1.1.classified_gc_rl.tsv.gz
"(50,51]",41274,CDM020.A0101.SG1.1.classified_gc_rl.tsv.gz
"(51,52]",77906,CDM020.A0101.SG1.1.classified_gc_rl.tsv.gz
"(52,53]",78127,CDM020.A0101.SG1.1.classified_gc_rl.tsv.gz
"(53,54]",89595,CDM020.A0101.SG1.1.classified_gc_rl.tsv.gz
"(54,55]",85218,CDM020.A0101.SG1.1.classified_gc_rl.tsv.gz
"(55,56]",98463,CDM020.A0101.SG1.1.classified_gc_rl.tsv.gz
"(56,57]",106833,CDM020.A0101.SG1.1.classified_gc_rl.tsv.gz
"(57,58]",118856,CDM020.A0101.SG1.1.classified_gc_rl.tsv.gz
"(58,59]",111782,CDM020.A0101.SG1.1.classified_gc_rl.tsv.gz
"(59,60]",152535,CDM020.A0101.SG1.1.classified_gc_rl.tsv.gz
"(60,61]",122850,CDM020.A0101.SG1.1.classified_gc_rl.tsv.gz
"(61,62]",151952,CDM020.A0101.SG1.1.classified_gc_rl.tsv.gz
"(62,63]",134057,CDM020.A0101.SG1.1.classified_gc_rl.tsv.gz
"(63,64]",162943,CDM020.A0101.SG1.1.classified_gc_rl.tsv.gz
"(64,65]",155420,CDM020.A0101.SG1.1.classified_gc_rl.tsv.gz
"(65,66]",152077,CDM020.A0101.SG1.1.classified_gc_rl.tsv.gz
"(66,67]",125357,CDM020.A0101.SG1.1.classified_gc_rl.tsv.gz
"(67,68]",147072,CDM020.A0101.SG1.1.classified_gc_rl.tsv.gz
"(68,69]",124413,CDM020.A0101.SG1.1.classified_gc_rl.tsv.gz
"(69,70]",127803,CDM020.A0101.SG1.1.classified_gc_rl.tsv.gz
"(70,71]",85884,CDM020.A0101.SG1.1.classified_gc_rl.tsv.gz
"(71,72]",96211,CDM020.A0101.SG1.1.classified_gc_rl.tsv.gz
"(72,73]",76244,CDM020.A0101.SG1.1.classified_gc_rl.tsv.gz
"(73,74]",68091,CDM020.A0101.SG1.1.classified_gc_rl.tsv.gz
"(74,75]",60264,CDM020.A0101.SG1.1.classified_gc_rl.tsv.gz
"(75,76]",31562,CDM020.A0101.SG1.1.classified_gc_rl.tsv.gz
"(76,77]",32981,CDM020.A0101.SG1.1.classified_gc_rl.tsv.gz
"(77,78]",25890,CDM020.A0101.SG1.1.classified_gc_rl.tsv.gz
"(78,79]",18560,CDM020.A0101.SG1.1.classified_gc_rl.tsv.gz
"(79,80]",14964,CDM020.A0101.SG1.1.classified_gc_rl.tsv.gz
"(80,81]",7761,CDM020.A0101.SG1.1.classified_gc_rl.tsv.gz
"(81,82]",6991,CDM020.A0101.SG1.1.classified_gc_rl.tsv.gz
"(82,83]",4512,CDM020.A0101.SG1.1.classified_gc_rl.tsv.gz
"(83,84]",2984,CDM020.A0101.SG1.1.classified_gc_rl.tsv.gz
"(84,85]",2155,CDM020.A0101.SG1.1.classified_gc_rl.tsv.gz
"(85,86]",1067,CDM020.A0101.SG1.1.classified_gc_rl.tsv.gz
"(86,87]",925,CDM020.A0101.SG1.1.classified_gc_rl.tsv.gz
"(87,88]",510,CDM020.A0101.SG1.1.classified_gc_rl.tsv.gz
"(88,89]",226,CDM020.A0101.SG1.1.classified_gc_rl.tsv.gz
"(89,90]",193,CDM020.A0101.SG1.1.classified_gc_rl.tsv.gz
"(90,91]",86,CDM020.A0101.SG1.1.classified_gc_rl.tsv.gz
"(91,92]",59,CDM020.A0101.SG1.1.classified_gc_rl.tsv.gz
"(92,93]",31,CDM020.A0101.SG1.1.classified_gc_rl.tsv.gz
"(93,94]",29,CDM020.A0101.SG1.1.classified_gc_rl.tsv.gz
"(94,95]",25,CDM020.A0101.SG1.1.classified_gc_rl.tsv.gz
"(95,96]",10,CDM020.A0101.SG1.1.classified_gc_rl.tsv.gz
"(96,97]",9,CDM020.A0101.SG1.1.classified_gc_rl.tsv.gz
"(97,98]",13,CDM020.A0101.SG1.1.classified_gc_rl.tsv.gz
"(98,99]",14,CDM020.A0101.SG1.1.classified_gc_rl.tsv.gz
"(99,100]",29,CDM020.A0101.SG1.1.classified_gc_rl.tsv.gz
"[0,1]",2,CDM020.A0102.SG1.4.classified_gc_rl.tsv.gz
"(1,2]",4,CDM020.A0102.SG1.4.classified_gc_rl.tsv.gz
"(2,3]",5,CDM020.A0102.SG1.4.classified_gc_rl.tsv.gz
"(3,4]",17,CDM020.A0102.SG1.4.classified_gc_rl.tsv.gz
"(4,5]",33,CDM020.A0102.SG1.4.classified_gc_rl.tsv.gz
"(5,6]",49,CDM020.A0102.SG1.4.classified_gc_rl.tsv.gz
"(6,7]",89,CDM020.A0102.SG1.4.classified_gc_rl.tsv.gz
"(7,8]",153,CDM020.A0102.SG1.4.classified_gc_rl.tsv.gz
"(8,9]",212,CDM020.A0102.SG1.4.classified_gc_rl.tsv.gz
"(9,10]",445,CDM020.A0102.SG1.4.classified_gc_rl.tsv.gz
"(10,11]",684,CDM020.A0102.SG1.4.classified_gc_rl.tsv.gz
"(11,12]",1099,CDM020.A0102.SG1.4.classified_gc_rl.tsv.gz
"(12,13]",1518,CDM020.A0102.SG1.4.classified_gc_rl.tsv.gz
"(13,14]",2761,CDM020.A0102.SG1.4.classified_gc_rl.tsv.gz
"(14,15]",3985,CDM020.A0102.SG1.4.classified_gc_rl.tsv.gz
"(15,16]",5659,CDM020.A0102.SG1.4.classified_gc_rl.tsv.gz
"(16,17]",6848,CDM020.A0102.SG1.4.classified_gc_rl.tsv.gz
"(17,18]",10649,CDM020.A0102.SG1.4.classified_gc_rl.tsv.gz
"(18,19]",13006,CDM020.A0102.SG1.4.classified_gc_rl.tsv.gz
"(19,20]",20688,CDM020.A0102.SG1.4.classified_gc_rl.tsv.gz
"(20,21]",17444,CDM020.A0102.SG1.4.classified_gc_rl.tsv.gz
"(21,22]",27745,CDM020.A0102.SG1.4.classified_gc_rl.tsv.gz
"(22,23]",32031,CDM020.A0102.SG1.4.classified_gc_rl.tsv.gz
"(23,24]",42195,CDM020.A0102.SG1.4.classified_gc_rl.tsv.gz
"(24,25]",56037,CDM020.A0102.SG1.4.classified_gc_rl.tsv.gz
"(25,26]",41054,CDM020.A0102.SG1.4.classified_gc_rl.tsv.gz
"(26,27]",63138,CDM020.A0102.SG1.4.classified_gc_rl.tsv.gz
"(27,28]",76356,CDM020.A0102.SG1.4.classified_gc_rl.tsv.gz
"(28,29]",80438,CDM020.A0102.SG1.4.classified_gc_rl.tsv.gz
"(29,30]",89445,CDM020.A0102.SG1.4.classified_gc_rl.tsv.gz
"(30,31]",95924,CDM020.A0102.SG1.4.classified_gc_rl.tsv.gz
"(31,32]",115393,CDM020.A0102.SG1.4.classified_gc_rl.tsv.gz
"(32,33]",120037,CDM020.A0102.SG1.4.classified_gc_rl.tsv.gz
"(33,34]",115469,CDM020.A0102.SG1.4.classified_gc_rl.tsv.gz
"(34,35]",145083,CDM020.A0102.SG1.4.classified_gc_rl.tsv.gz
"(35,36]",147726,CDM020.A0102.SG1.4.classified_gc_rl.tsv.gz
"(36,37]",153376,CDM020.A0102.SG1.4.classified_gc_rl.tsv.gz
"(37,38]",149367,CDM020.A0102.SG1.4.classified_gc_rl.tsv.gz
"(38,39]",167740,CDM020.A0102.SG1.4.classified_gc_rl.tsv.gz
"(39,40]",205525,CDM020.A0102.SG1.4.classified_gc_rl.tsv.gz
"(40,41]",154412,CDM020.A0102.SG1.4.classified_gc_rl.tsv.gz
"(41,42]",174565,CDM020.A0102.SG1.4.classified_gc_rl.tsv.gz
"(42,43]",184752,CDM020.A0102.SG1.4.classified_gc_rl.tsv.gz
"(43,44]",203381,CDM020.A0102.SG1.4.classified_gc_rl.tsv.gz
"(44,45]",192113,CDM020.A0102.SG1.4.classified_gc_rl.tsv.gz
"(45,46]",171728,CDM020.A0102.SG1.4.classified_gc_rl.tsv.gz
"(46,47]",189403,CDM020.A0102.SG1.4.classified_gc_rl.tsv.gz
"(47,48]",199388,CDM020.A0102.SG1.4.classified_gc_rl.tsv.gz
"(48,49]",179116,CDM020.A0102.SG1.4.classified_gc_rl.tsv.gz
"(49,50]",252721,CDM020.A0102.SG1.4.classified_gc_rl.tsv.gz
"(50,51]",96281,CDM020.A0102.SG1.4.classified_gc_rl.tsv.gz
"(51,52]",186629,CDM020.A0102.SG1.4.classified_gc_rl.tsv.gz
"(52,53]",181968,CDM020.A0102.SG1.4.classified_gc_rl.tsv.gz
"(53,54]",192890,CDM020.A0102.SG1.4.classified_gc_rl.tsv.gz
"(54,55]",179433,CDM020.A0102.SG1.4.classified_gc_rl.tsv.gz
"(55,56]",188302,CDM020.A0102.SG1.4.classified_gc_rl.tsv.gz
"(56,57]",193910,CDM020.A0102.SG1.4.classified_gc_rl.tsv.gz
"(57,58]",202067,CDM020.A0102.SG1.4.classified_gc_rl.tsv.gz
"(58,59]",186727,CDM020.A0102.SG1.4.classified_gc_rl.tsv.gz
"(59,60]",238340,CDM020.A0102.SG1.4.classified_gc_rl.tsv.gz
"(60,61]",176568,CDM020.A0102.SG1.4.classified_gc_rl.tsv.gz
"(61,62]",209230,CDM020.A0102.SG1.4.classified_gc_rl.tsv.gz
"(62,63]",182265,CDM020.A0102.SG1.4.classified_gc_rl.tsv.gz
"(63,64]",205550,CDM020.A0102.SG1.4.classified_gc_rl.tsv.gz
"(64,65]",191198,CDM020.A0102.SG1.4.classified_gc_rl.tsv.gz
"(65,66]",180391,CDM020.A0102.SG1.4.classified_gc_rl.tsv.gz
"(66,67]",145577,CDM020.A0102.SG1.4.classified_gc_rl.tsv.gz
"(67,68]",154659,CDM020.A0102.SG1.4.classified_gc_rl.tsv.gz
"(68,69]",128908,CDM020.A0102.SG1.4.classified_gc_rl.tsv.gz
"(69,70]",129045,CDM020.A0102.SG1.4.classified_gc_rl.tsv.gz
"(70,71]",85365,CDM020.A0102.SG1.4.classified_gc_rl.tsv.gz
"(71,72]",87272,CDM020.A0102.SG1.4.classified_gc_rl.tsv.gz
"(72,73]",67644,CDM020.A0102.SG1.4.classified_gc_rl.tsv.gz
"(73,74]",57728,CDM020.A0102.SG1.4.classified_gc_rl.tsv.gz
"(74,75]",49463,CDM020.A0102.SG1.4.classified_gc_rl.tsv.gz
"(75,76]",25293,CDM020.A0102.SG1.4.classified_gc_rl.tsv.gz
"(76,77]",26292,CDM020.A0102.SG1.4.classified_gc_rl.tsv.gz
"(77,78]",18830,CDM020.A0102.SG1.4.classified_gc_rl.tsv.gz
"(78,79]",14648,CDM020.A0102.SG1.4.classified_gc_rl.tsv.gz
"(79,80]",11844,CDM020.A0102.SG1.4.classified_gc_rl.tsv.gz
"(80,81]",5641,CDM020.A0102.SG1.4.classified_gc_rl.tsv.gz
"(81,82]",5034,CDM020.A0102.SG1.4.classified_gc_rl.tsv.gz
"(82,83]",3511,CDM020.A0102.SG1.4.classified_gc_rl.tsv.gz
"(83,84]",1887,CDM020.A0102.SG1.4.classified_gc_rl.tsv.gz
"(84,85]",1660,CDM020.A0102.SG1.4.classified_gc_rl.tsv.gz
"(85,86]",618,CDM020.A0102.SG1.4.classified_gc_rl.tsv.gz
"(86,87]",595,CDM020.A0102.SG1.4.classified_gc_rl.tsv.gz
"(87,88]",310,CDM020.A0102.SG1.4.classified_gc_rl.tsv.gz
"(88,89]",117,CDM020.A0102.SG1.4.classified_gc_rl.tsv.gz
"(89,90]",111,CDM020.A0102.SG1.4.classified_gc_rl.tsv.gz
"(90,91]",23,CDM020.A0102.SG1.4.classified_gc_rl.tsv.gz
"(91,92]",18,CDM020.A0102.SG1.4.classified_gc_rl.tsv.gz
"(92,93]",10,CDM020.A0102.SG1.4.classified_gc_rl.tsv.gz
"(94,95]",4,CDM020.A0102.SG1.4.classified_gc_rl.tsv.gz
"(95,96]",1,CDM020.A0102.SG1.4.classified_gc_rl.tsv.gz
"(97,98]",2,CDM020.A0102.SG1.4.classified_gc_rl.tsv.gz
"(98,99]",4,CDM020.A0102.SG1.4.classified_gc_rl.tsv.gz
"(99,100]",17,CDM020.A0102.SG1.4.classified_gc_rl.tsv.gz
"[0,1]",2,FUM001.A0101.SG1.1.classified_gc_rl.tsv.gz
"(1,2]",2,FUM001.A0101.SG1.1.classified_gc_rl.tsv.gz
"(2,3]",1,FUM001.A0101.SG1.1.classified_gc_rl.tsv.gz
"(3,4]",2,FUM001.A0101.SG1.1.classified_gc_rl.tsv.gz
"(4,5]",3,FUM001.A0101.SG1.1.classified_gc_rl.tsv.gz
"(5,6]",4,FUM001.A0101.SG1.1.classified_gc_rl.tsv.gz
"(6,7]",1,FUM001.A0101.SG1.1.classified_gc_rl.tsv.gz
"(7,8]",3,FUM001.A0101.SG1.1.classified_gc_rl.tsv.gz
"(8,9]",2,FUM001.A0101.SG1.1.classified_gc_rl.tsv.gz
"(9,10]",3,FUM001.A0101.SG1.1.classified_gc_rl.tsv.gz
"(10,11]",11,FUM001.A0101.SG1.1.classified_gc_rl.tsv.gz
"(11,12]",22,FUM001.A0101.SG1.1.classified_gc_rl.tsv.gz
"(12,13]",17,FUM001.A0101.SG1.1.classified_gc_rl.tsv.gz
"(13,14]",30,FUM001.A0101.SG1.1.classified_gc_rl.tsv.gz
"(14,15]",41,FUM001.A0101.SG1.1.classified_gc_rl.tsv.gz
"(15,16]",71,FUM001.A0101.SG1.1.classified_gc_rl.tsv.gz
"(16,17]",127,FUM001.A0101.SG1.1.classified_gc_rl.tsv.gz
"(17,18]",229,FUM001.A0101.SG1.1.classified_gc_rl.tsv.gz
"(18,19]",439,FUM001.A0101.SG1.1.classified_gc_rl.tsv.gz
"(19,20]",717,FUM001.A0101.SG1.1.classified_gc_rl.tsv.gz
"(20,21]",695,FUM001.A0101.SG1.1.classified_gc_rl.tsv.gz
"(21,22]",1386,FUM001.A0101.SG1.1.classified_gc_rl.tsv.gz
"(22,23]",1687,FUM001.A0101.SG1.1.classified_gc_rl.tsv.gz
"(23,24]",2683,FUM001.A0101.SG1.1.classified_gc_rl.tsv.gz
"(24,25]",3692,FUM001.A0101.SG1.1.classified_gc_rl.tsv.gz
"(25,26]",3058,FUM001.A0101.SG1.1.classified_gc_rl.tsv.gz
"(26,27]",5129,FUM001.A0101.SG1.1.classified_gc_rl.tsv.gz
"(27,28]",6563,FUM001.A0101.SG1.1.classified_gc_rl.tsv.gz
"(28,29]",7188,FUM001.A0101.SG1.1.classified_gc_rl.tsv.gz
"(29,30]",8170,FUM001.A0101.SG1.1.classified_gc_rl.tsv.gz
"(30,31]",9687,FUM001.A0101.SG1.1.classified_gc_rl.tsv.gz
"(31,32]",12631,FUM001.A0101.SG1.1.classified_gc_rl.tsv.gz
"(32,33]",13635,FUM001.A0101.SG1.1.classified_gc_rl.tsv.gz
"(33,34]",13363,FUM001.A0101.SG1.1.classified_gc_rl.tsv.gz
"(34,35]",17636,FUM001.A0101.SG1.1.classified_gc_rl.tsv.gz
"(35,36]",19511,FUM001.A0101.SG1.1.classified_gc_rl.tsv.gz
"(36,37]",20067,FUM001.A0101.SG1.1.classified_gc_rl.tsv.gz
"(37,38]",20358,FUM001.A0101.SG1.1.classified_gc_rl.tsv.gz
"(38,39]",23144,FUM001.A0101.SG1.1.classified_gc_rl.tsv.gz
"(39,40]",28678,FUM001.A0101.SG1.1.classified_gc_rl.tsv.gz
"(40,41]",21883,FUM001.A0101.SG1.1.classified_gc_rl.tsv.gz
"(41,42]",26135,FUM001.A0101.SG1.1.classified_gc_rl.tsv.gz
"(42,43]",28815,FUM001.A0101.SG1.1.classified_gc_rl.tsv.gz
"(43,44]",32028,FUM001.A0101.SG1.1.classified_gc_rl.tsv.gz
"(44,45]",32171,FUM001.A0101.SG1.1.classified_gc_rl.tsv.gz
"(45,46]",30258,FUM001.A0101.SG1.1.classified_gc_rl.tsv.gz
"(46,47]",35374,FUM001.A0101.SG1.1.classified_gc_rl.tsv.gz
"(47,48]",39287,FUM001.A0101.SG1.1.classified_gc_rl.tsv.gz
"(48,49]",37951,FUM001.A0101.SG1.1.classified_gc_rl.tsv.gz
"(49,50]",58382,FUM001.A0101.SG1.1.classified_gc_rl.tsv.gz
"(50,51]",23402,FUM001.A0101.SG1.1.classified_gc_rl.tsv.gz
"(51,52]",49099,FUM001.A0101.SG1.1.classified_gc_rl.tsv.gz
"(52,53]",53174,FUM001.A0101.SG1.1.classified_gc_rl.tsv.gz
"(53,54]",62242,FUM001.A0101.SG1.1.classified_gc_rl.tsv.gz
"(54,55]",61235,FUM001.A0101.SG1.1.classified_gc_rl.tsv.gz
"(55,56]",71448,FUM001.A0101.SG1.1.classified_gc_rl.tsv.gz
"(56,57]",80325,FUM001.A0101.SG1.1.classified_gc_rl.tsv.gz
"(57,58]",92073,FUM001.A0101.SG1.1.classified_gc_rl.tsv.gz
"(58,59]",88273,FUM001.A0101.SG1.1.classified_gc_rl.tsv.gz
"(59,60]",121159,FUM001.A0101.SG1.1.classified_gc_rl.tsv.gz
"(60,61]",97674,FUM001.A0101.SG1.1.classified_gc_rl.tsv.gz
"(61,62]",119290,FUM001.A0101.SG1.1.classified_gc_rl.tsv.gz
"(62,63]",104502,FUM001.A0101.SG1.1.classified_gc_rl.tsv.gz
"(63,64]",126165,FUM001.A0101.SG1.1.classified_gc_rl.tsv.gz
"(64,65]",121575,FUM001.A0101.SG1.1.classified_gc_rl.tsv.gz
"(65,66]",116886,FUM001.A0101.SG1.1.classified_gc_rl.tsv.gz
"(66,67]",96744,FUM001.A0101.SG1.1.classified_gc_rl.tsv.gz
"(67,68]",109841,FUM001.A0101.SG1.1.classified_gc_rl.tsv.gz
"(68,69]",93645,FUM001.A0101.SG1.1.classified_gc_rl.tsv.gz
"(69,70]",100464,FUM001.A0101.SG1.1.classified_gc_rl.tsv.gz
"(70,71]",66757,FUM001.A0101.SG1.1.classified_gc_rl.tsv.gz
"(71,72]",75841,FUM001.A0101.SG1.1.classified_gc_rl.tsv.gz
"(72,73]",60105,FUM001.A0101.SG1.1.classified_gc_rl.tsv.gz
"(73,74]",53251,FUM001.A0101.SG1.1.classified_gc_rl.tsv.gz
"(74,75]",49448,FUM001.A0101.SG1.1.classified_gc_rl.tsv.gz
"(75,76]",25078,FUM001.A0101.SG1.1.classified_gc_rl.tsv.gz
"(76,77]",27704,FUM001.A0101.SG1.1.classified_gc_rl.tsv.gz
"(77,78]",21295,FUM001.A0101.SG1.1.classified_gc_rl.tsv.gz
"(78,79]",16083,FUM001.A0101.SG1.1.classified_gc_rl.tsv.gz
"(79,80]",13713,FUM001.A0101.SG1.1.classified_gc_rl.tsv.gz
"(80,81]",6460,FUM001.A0101.SG1.1.classified_gc_rl.tsv.gz
"(81,82]",5858,FUM001.A0101.SG1.1.classified_gc_rl.tsv.gz
"(82,83]",4297,FUM001.A0101.SG1.1.classified_gc_rl.tsv.gz
"(83,84]",2564,FUM001.A0101.SG1.1.classified_gc_rl.tsv.gz
"(84,85]",1976,FUM001.A0101.SG1.1.classified_gc_rl.tsv.gz
"(85,86]",892,FUM001.A0101.SG1.1.classified_gc_rl.tsv.gz
"(86,87]",850,FUM001.A0101.SG1.1.classified_gc_rl.tsv.gz
"(87,88]",464,FUM001.A0101.SG1.1.classified_gc_rl.tsv.gz
"(88,89]",291,FUM001.A0101.SG1.1.classified_gc_rl.tsv.gz
"(89,90]",151,FUM001.A0101.SG1.1.classified_gc_rl.tsv.gz
"(90,91]",95,FUM001.A0101.SG1.1.classified_gc_rl.tsv.gz
"(91,92]",53,FUM001.A0101.SG1.1.classified_gc_rl.tsv.gz
"(92,93]",44,FUM001.A0101.SG1.1.classified_gc_rl.tsv.gz
"(93,94]",29,FUM001.A0101.SG1.1.classified_gc_rl.tsv.gz
"(94,95]",33,FUM001.A0101.SG1.1.classified_gc_rl.tsv.gz
"(95,96]",31,FUM001.A0101.SG1.1.classified_gc_rl.tsv.gz
"(96,97]",23,FUM001.A0101.SG1.1.classified_gc_rl.tsv.gz
"(97,98]",23,FUM001.A0101.SG1.1.classified_gc_rl.tsv.gz
"(98,99]",29,FUM001.A0101.SG1.1.classified_gc_rl.tsv.gz
"(99,100]",44,FUM001.A0101.SG1.1.classified_gc_rl.tsv.gz
"[0,1]",1,FUM001.A0102.SG1.4.classified_gc_rl.tsv.gz
"(2,3]",3,FUM001.A0102.SG1.4.classified_gc_rl.tsv.gz
"(3,4]",4,FUM001.A0102.SG1.4.classified_gc_rl.tsv.gz
"(4,5]",13,FUM001.A0102.SG1.4.classified_gc_rl.tsv.gz
"(5,6]",13,FUM001.A0102.SG1.4.classified_gc_rl.tsv.gz
"(6,7]",21,FUM001.A0102.SG1.4.classified_gc_rl.tsv.gz
"(7,8]",25,FUM001.A0102.SG1.4.classified_gc_rl.tsv.gz
"(8,9]",31,FUM001.A0102.SG1.4.classified_gc_rl.tsv.gz
"(9,10]",41,FUM001.A0102.SG1.4.classified_gc_rl.tsv.gz
"(10,11]",45,FUM001.A0102.SG1.4.classified_gc_rl.tsv.gz
"(11,12]",87,FUM001.A0102.SG1.4.classified_gc_rl.tsv.gz
"(12,13]",111,FUM001.A0102.SG1.4.classified_gc_rl.tsv.gz
"(13,14]",174,FUM001.A0102.SG1.4.classified_gc_rl.tsv.gz
"(14,15]",193,FUM001.A0102.SG1.4.classified_gc_rl.tsv.gz
"(15,16]",313,FUM001.A0102.SG1.4.classified_gc_rl.tsv.gz
"(16,17]",314,FUM001.A0102.SG1.4.classified_gc_rl.tsv.gz
"(17,18]",580,FUM001.A0102.SG1.4.classified_gc_rl.tsv.gz
"(18,19]",697,FUM001.A0102.SG1.4.classified_gc_rl.tsv.gz
"(19,20]",1114,FUM001.A0102.SG1.4.classified_gc_rl.tsv.gz
"(20,21]",913,FUM001.A0102.SG1.4.classified_gc_rl.tsv.gz
"(21,22]",1596,FUM001.A0102.SG1.4.classified_gc_rl.tsv.gz
"(22,23]",1719,FUM001.A0102.SG1.4.classified_gc_rl.tsv.gz
"(23,24]",2370,FUM001.A0102.SG1.4.classified_gc_rl.tsv.gz
"(24,25]",3147,FUM001.A0102.SG1.4.classified_gc_rl.tsv.gz
"(25,26]",2298,FUM001.A0102.SG1.4.classified_gc_rl.tsv.gz
"(26,27]",3738,FUM001.A0102.SG1.4.classified_gc_rl.tsv.gz
"(27,28]",4286,FUM001.A0102.SG1.4.classified_gc_rl.tsv.gz
"(28,29]",4651,FUM001.A0102.SG1.4.classified_gc_rl.tsv.gz
"(29,30]",4989,FUM001.A0102.SG1.4.classified_gc_rl.tsv.gz
"(30,31]",5498,FUM001.A0102.SG1.4.classified_gc_rl.tsv.gz
"(31,32]",6196,FUM001.A0102.SG1.4.classified_gc_rl.tsv.gz
"(32,33]",6327,FUM001.A0102.SG1.4.classified_gc_rl.tsv.gz
"(33,34]",6059,FUM001.A0102.SG1.4.classified_gc_rl.tsv.gz
"(34,35]",7400,FUM001.A0102.SG1.4.classified_gc_rl.tsv.gz
"(35,36]",7307,FUM001.A0102.SG1.4.classified_gc_rl.tsv.gz
"(36,37]",7512,FUM001.A0102.SG1.4.classified_gc_rl.tsv.gz
"(37,38]",7048,FUM001.A0102.SG1.4.classified_gc_rl.tsv.gz
"(38,39]",7568,FUM001.A0102.SG1.4.classified_gc_rl.tsv.gz
"(39,40]",9194,FUM001.A0102.SG1.4.classified_gc_rl.tsv.gz
"(40,41]",6542,FUM001.A0102.SG1.4.classified_gc_rl.tsv.gz
"(41,42]",7445,FUM001.A0102.SG1.4.classified_gc_rl.tsv.gz
"(42,43]",7470,FUM001.A0102.SG1.4.classified_gc_rl.tsv.gz
"(43,44]",8337,FUM001.A0102.SG1.4.classified_gc_rl.tsv.gz
"(44,45]",7930,FUM001.A0102.SG1.4.classified_gc_rl.tsv.gz
"(45,46]",7205,FUM001.A0102.SG1.4.classified_gc_rl.tsv.gz
"(46,47]",7937,FUM001.A0102.SG1.4.classified_gc_rl.tsv.gz
"(47,48]",8709,FUM001.A0102.SG1.4.classified_gc_rl.tsv.gz
"(48,49]",8134,FUM001.A0102.SG1.4.classified_gc_rl.tsv.gz
"(49,50]",12291,FUM001.A0102.SG1.4.classified_gc_rl.tsv.gz
"(50,51]",4260,FUM001.A0102.SG1.4.classified_gc_rl.tsv.gz
"(51,52]",10151,FUM001.A0102.SG1.4.classified_gc_rl.tsv.gz
"(52,53]",10387,FUM001.A0102.SG1.4.classified_gc_rl.tsv.gz
"(53,54]",11263,FUM001.A0102.SG1.4.classified_gc_rl.tsv.gz
"(54,55]",11180,FUM001.A0102.SG1.4.classified_gc_rl.tsv.gz
"(55,56]",11905,FUM001.A0102.SG1.4.classified_gc_rl.tsv.gz
"(56,57]",13198,FUM001.A0102.SG1.4.classified_gc_rl.tsv.gz
"(57,58]",14049,FUM001.A0102.SG1.4.classified_gc_rl.tsv.gz
"(58,59]",13669,FUM001.A0102.SG1.4.classified_gc_rl.tsv.gz
"(59,60]",17268,FUM001.A0102.SG1.4.classified_gc_rl.tsv.gz
"(60,61]",12890,FUM001.A0102.SG1.4.classified_gc_rl.tsv.gz
"(61,62]",15236,FUM001.A0102.SG1.4.classified_gc_rl.tsv.gz
"(62,63]",13732,FUM001.A0102.SG1.4.classified_gc_rl.tsv.gz
"(63,64]",15349,FUM001.A0102.SG1.4.classified_gc_rl.tsv.gz
"(64,65]",14570,FUM001.A0102.SG1.4.classified_gc_rl.tsv.gz
"(65,66]",13831,FUM001.A0102.SG1.4.classified_gc_rl.tsv.gz
"(66,67]",11410,FUM001.A0102.SG1.4.classified_gc_rl.tsv.gz
"(67,68]",11587,FUM001.A0102.SG1.4.classified_gc_rl.tsv.gz
"(68,69]",10181,FUM001.A0102.SG1.4.classified_gc_rl.tsv.gz
"(69,70]",10613,FUM001.A0102.SG1.4.classified_gc_rl.tsv.gz
"(70,71]",7142,FUM001.A0102.SG1.4.classified_gc_rl.tsv.gz
"(71,72]",7698,FUM001.A0102.SG1.4.classified_gc_rl.tsv.gz
"(72,73]",6053,FUM001.A0102.SG1.4.classified_gc_rl.tsv.gz
"(73,74]",5355,FUM001.A0102.SG1.4.classified_gc_rl.tsv.gz
"(74,75]",4931,FUM001.A0102.SG1.4.classified_gc_rl.tsv.gz
"(75,76]",2557,FUM001.A0102.SG1.4.classified_gc_rl.tsv.gz
"(76,77]",2804,FUM001.A0102.SG1.4.classified_gc_rl.tsv.gz
"(77,78]",2059,FUM001.A0102.SG1.4.classified_gc_rl.tsv.gz
"(78,79]",1557,FUM001.A0102.SG1.4.classified_gc_rl.tsv.gz
"(79,80]",1319,FUM001.A0102.SG1.4.classified_gc_rl.tsv.gz
"(80,81]",670,FUM001.A0102.SG1.4.classified_gc_rl.tsv.gz
"(81,82]",596,FUM001.A0102.SG1.4.classified_gc_rl.tsv.gz
"(82,83]",392,FUM001.A0102.SG1.4.classified_gc_rl.tsv.gz
"(83,84]",275,FUM001.A0102.SG1.4.classified_gc_rl.tsv.gz
"(84,85]",217,FUM001.A0102.SG1.4.classified_gc_rl.tsv.gz
"(85,86]",99,FUM001.A0102.SG1.4.classified_gc_rl.tsv.gz
"(86,87]",81,FUM001.A0102.SG1.4.classified_gc_rl.tsv.gz
"(87,88]",48,FUM001.A0102.SG1.4.classified_gc_rl.tsv.gz
"(88,89]",19,FUM001.A0102.SG1.4.classified_gc_rl.tsv.gz
"(89,90]",28,FUM001.A0102.SG1.4.classified_gc_rl.tsv.gz
"(90,91]",11,FUM001.A0102.SG1.4.classified_gc_rl.tsv.gz
"(91,92]",4,FUM001.A0102.SG1.4.classified_gc_rl.tsv.gz
"(92,93]",1,FUM001.A0102.SG1.4.classified_gc_rl.tsv.gz
"(94,95]",2,FUM001.A0102.SG1.4.classified_gc_rl.tsv.gz
"(98,99]",3,FUM001.A0102.SG1.4.classified_gc_rl.tsv.gz
"(99,100]",6,FUM001.A0102.SG1.4.classified_gc_rl.tsv.gz
"(1,2]",1,FUM002.A0101.SG1.1.classified_gc_rl.tsv.gz
"(2,3]",1,FUM002.A0101.SG1.1.classified_gc_rl.tsv.gz
"(5,6]",1,FUM002.A0101.SG1.1.classified_gc_rl.tsv.gz
"(6,7]",1,FUM002.A0101.SG1.1.classified_gc_rl.tsv.gz
"(7,8]",2,FUM002.A0101.SG1.1.classified_gc_rl.tsv.gz
"(9,10]",7,FUM002.A0101.SG1.1.classified_gc_rl.tsv.gz
"(10,11]",9,FUM002.A0101.SG1.1.classified_gc_rl.tsv.gz
"(11,12]",18,FUM002.A0101.SG1.1.classified_gc_rl.tsv.gz
"(12,13]",33,FUM002.A0101.SG1.1.classified_gc_rl.tsv.gz
"(13,14]",84,FUM002.A0101.SG1.1.classified_gc_rl.tsv.gz
"(14,15]",96,FUM002.A0101.SG1.1.classified_gc_rl.tsv.gz
"(15,16]",161,FUM002.A0101.SG1.1.classified_gc_rl.tsv.gz
"(16,17]",235,FUM002.A0101.SG1.1.classified_gc_rl.tsv.gz
"(17,18]",371,FUM002.A0101.SG1.1.classified_gc_rl.tsv.gz
"(18,19]",483,FUM002.A0101.SG1.1.classified_gc_rl.tsv.gz
"(19,20]",901,FUM002.A0101.SG1.1.classified_gc_rl.tsv.gz
"(20,21]",785,FUM002.A0101.SG1.1.classified_gc_rl.tsv.gz
"(21,22]",1367,FUM002.A0101.SG1.1.classified_gc_rl.tsv.gz
"(22,23]",1497,FUM002.A0101.SG1.1.classified_gc_rl.tsv.gz
"(23,24]",2132,FUM002.A0101.SG1.1.classified_gc_rl.tsv.gz
"(24,25]",2843,FUM002.A0101.SG1.1.classified_gc_rl.tsv.gz
"(25,26]",2209,FUM002.A0101.SG1.1.classified_gc_rl.tsv.gz
"(26,27]",3268,FUM002.A0101.SG1.1.classified_gc_rl.tsv.gz
"(27,28]",4093,FUM002.A0101.SG1.1.classified_gc_rl.tsv.gz
"(28,29]",4364,FUM002.A0101.SG1.1.classified_gc_rl.tsv.gz
"(29,30]",5473,FUM002.A0101.SG1.1.classified_gc_rl.tsv.gz
"(30,31]",5401,FUM002.A0101.SG1.1.classified_gc_rl.tsv.gz
"(31,32]",6792,FUM002.A0101.SG1.1.classified_gc_rl.tsv.gz
"(32,33]",6742,FUM002.A0101.SG1.1.classified_gc_rl.tsv.gz
"(33,34]",7814,FUM002.A0101.SG1.1.classified_gc_rl.tsv.gz
"(34,35]",9480,FUM002.A0101.SG1.1.classified_gc_rl.tsv.gz
"(35,36]",9563,FUM002.A0101.SG1.1.classified_gc_rl.tsv.gz
"(36,37]",10344,FUM002.A0101.SG1.1.classified_gc_rl.tsv.gz
"(37,38]",11117,FUM002.A0101.SG1.1.classified_gc_rl.tsv.gz
"(38,39]",12152,FUM002.A0101.SG1.1.classified_gc_rl.tsv.gz
"(39,40]",16532,FUM002.A0101.SG1.1.classified_gc_rl.tsv.gz
"(40,41]",12305,FUM002.A0101.SG1.1.classified_gc_rl.tsv.gz
"(41,42]",16280,FUM002.A0101.SG1.1.classified_gc_rl.tsv.gz
"(42,43]",17091,FUM002.A0101.SG1.1.classified_gc_rl.tsv.gz
"(43,44]",20523,FUM002.A0101.SG1.1.classified_gc_rl.tsv.gz
"(44,45]",21101,FUM002.A0101.SG1.1.classified_gc_rl.tsv.gz
"(45,46]",21666,FUM002.A0101.SG1.1.classified_gc_rl.tsv.gz
"(46,47]",24863,FUM002.A0101.SG1.1.classified_gc_rl.tsv.gz
"(47,48]",29592,FUM002.A0101.SG1.1.classified_gc_rl.tsv.gz
"(48,49]",29885,FUM002.A0101.SG1.1.classified_gc_rl.tsv.gz
"(49,50]",49199,FUM002.A0101.SG1.1.classified_gc_rl.tsv.gz
"(50,51]",19275,FUM002.A0101.SG1.1.classified_gc_rl.tsv.gz
"(51,52]",45189,FUM002.A0101.SG1.1.classified_gc_rl.tsv.gz
"(52,53]",49707,FUM002.A0101.SG1.1.classified_gc_rl.tsv.gz
"(53,54]",59985,FUM002.A0101.SG1.1.classified_gc_rl.tsv.gz
"(54,55]",65490,FUM002.A0101.SG1.1.classified_gc_rl.tsv.gz
"(55,56]",73533,FUM002.A0101.SG1.1.classified_gc_rl.tsv.gz
"(56,57]",85222,FUM002.A0101.SG1.1.classified_gc_rl.tsv.gz
"(57,58]",100323,FUM002.A0101.SG1.1.classified_gc_rl.tsv.gz
"(58,59]",106326,FUM002.A0101.SG1.1.classified_gc_rl.tsv.gz
"(59,60]",147210,FUM002.A0101.SG1.1.classified_gc_rl.tsv.gz
"(60,61]",118184,FUM002.A0101.SG1.1.classified_gc_rl.tsv.gz
"(61,62]",154518,FUM002.A0101.SG1.1.classified_gc_rl.tsv.gz
"(62,63]",155193,FUM002.A0101.SG1.1.classified_gc_rl.tsv.gz
"(63,64]",181877,FUM002.A0101.SG1.1.classified_gc_rl.tsv.gz
"(64,65]",186621,FUM002.A0101.SG1.1.classified_gc_rl.tsv.gz
"(65,66]",189497,FUM002.A0101.SG1.1.classified_gc_rl.tsv.gz
"(66,67]",173403,FUM002.A0101.SG1.1.classified_gc_rl.tsv.gz
"(67,68]",194396,FUM002.A0101.SG1.1.classified_gc_rl.tsv.gz
"(68,69]",173723,FUM002.A0101.SG1.1.classified_gc_rl.tsv.gz
"(69,70]",186823,FUM002.A0101.SG1.1.classified_gc_rl.tsv.gz
"(70,71]",135122,FUM002.A0101.SG1.1.classified_gc_rl.tsv.gz
"(71,72]",143376,FUM002.A0101.SG1.1.classified_gc_rl.tsv.gz
"(72,73]",115787,FUM002.A0101.SG1.1.classified_gc_rl.tsv.gz
"(73,74]",103227,FUM002.A0101.SG1.1.classified_gc_rl.tsv.gz
"(74,75]",93191,FUM002.A0101.SG1.1.classified_gc_rl.tsv.gz
"(75,76]",49108,FUM002.A0101.SG1.1.classified_gc_rl.tsv.gz
"(76,77]",49842,FUM002.A0101.SG1.1.classified_gc_rl.tsv.gz
"(77,78]",36777,FUM002.A0101.SG1.1.classified_gc_rl.tsv.gz
"(78,79]",27143,FUM002.A0101.SG1.1.classified_gc_rl.tsv.gz
"(79,80]",21803,FUM002.A0101.SG1.1.classified_gc_rl.tsv.gz
"(80,81]",10398,FUM002.A0101.SG1.1.classified_gc_rl.tsv.gz
"(81,82]",8947,FUM002.A0101.SG1.1.classified_gc_rl.tsv.gz
"(82,83]",5716,FUM002.A0101.SG1.1.classified_gc_rl.tsv.gz
"(83,84]",3530,FUM002.A0101.SG1.1.classified_gc_rl.tsv.gz
"(84,85]",2427,FUM002.A0101.SG1.1.classified_gc_rl.tsv.gz
"(85,86]",1163,FUM002.A0101.SG1.1.classified_gc_rl.tsv.gz
"(86,87]",904,FUM002.A0101.SG1.1.classified_gc_rl.tsv.gz
"(87,88]",468,FUM002.A0101.SG1.1.classified_gc_rl.tsv.gz
"(88,89]",246,FUM002.A0101.SG1.1.classified_gc_rl.tsv.gz
"(89,90]",188,FUM002.A0101.SG1.1.classified_gc_rl.tsv.gz
"(90,91]",70,FUM002.A0101.SG1.1.classified_gc_rl.tsv.gz
"(91,92]",49,FUM002.A0101.SG1.1.classified_gc_rl.tsv.gz
"(92,93]",35,FUM002.A0101.SG1.1.classified_gc_rl.tsv.gz
"(93,94]",14,FUM002.A0101.SG1.1.classified_gc_rl.tsv.gz
"(94,95]",24,FUM002.A0101.SG1.1.classified_gc_rl.tsv.gz
"(95,96]",19,FUM002.A0101.SG1.1.classified_gc_rl.tsv.gz
"(96,97]",15,FUM002.A0101.SG1.1.classified_gc_rl.tsv.gz
"(97,98]",17,FUM002.A0101.SG1.1.classified_gc_rl.tsv.gz
"(98,99]",27,FUM002.A0101.SG1.1.classified_gc_rl.tsv.gz
"(99,100]",38,FUM002.A0101.SG1.1.classified_gc_rl.tsv.gz
"[0,1]",7,FUM002.A0102.SG1.5.classified_gc_rl.tsv.gz
"(1,2]",4,FUM002.A0102.SG1.5.classified_gc_rl.tsv.gz
"(2,3]",8,FUM002.A0102.SG1.5.classified_gc_rl.tsv.gz
"(3,4]",12,FUM002.A0102.SG1.5.classified_gc_rl.tsv.gz
"(4,5]",19,FUM002.A0102.SG1.5.classified_gc_rl.tsv.gz
"(5,6]",30,FUM002.A0102.SG1.5.classified_gc_rl.tsv.gz
"(6,7]",41,FUM002.A0102.SG1.5.classified_gc_rl.tsv.gz
"(7,8]",65,FUM002.A0102.SG1.5.classified_gc_rl.tsv.gz
"(8,9]",89,FUM002.A0102.SG1.5.classified_gc_rl.tsv.gz
"(9,10]",148,FUM002.A0102.SG1.5.classified_gc_rl.tsv.gz
"(10,11]",187,FUM002.A0102.SG1.5.classified_gc_rl.tsv.gz
"(11,12]",310,FUM002.A0102.SG1.5.classified_gc_rl.tsv.gz
"(12,13]",395,FUM002.A0102.SG1.5.classified_gc_rl.tsv.gz
"(13,14]",667,FUM002.A0102.SG1.5.classified_gc_rl.tsv.gz
"(14,15]",785,FUM002.A0102.SG1.5.classified_gc_rl.tsv.gz
"(15,16]",1038,FUM002.A0102.SG1.5.classified_gc_rl.tsv.gz
"(16,17]",1192,FUM002.A0102.SG1.5.classified_gc_rl.tsv.gz
"(17,18]",1910,FUM002.A0102.SG1.5.classified_gc_rl.tsv.gz
"(18,19]",2090,FUM002.A0102.SG1.5.classified_gc_rl.tsv.gz
"(19,20]",3300,FUM002.A0102.SG1.5.classified_gc_rl.tsv.gz
"(20,21]",2814,FUM002.A0102.SG1.5.classified_gc_rl.tsv.gz
"(21,22]",4175,FUM002.A0102.SG1.5.classified_gc_rl.tsv.gz
"(22,23]",4319,FUM002.A0102.SG1.5.classified_gc_rl.tsv.gz
"(23,24]",5815,FUM002.A0102.SG1.5.classified_gc_rl.tsv.gz
"(24,25]",7386,FUM002.A0102.SG1.5.classified_gc_rl.tsv.gz
"(25,26]",5292,FUM002.A0102.SG1.5.classified_gc_rl.tsv.gz
"(26,27]",7690,FUM002.A0102.SG1.5.classified_gc_rl.tsv.gz
"(27,28]",9124,FUM002.A0102.SG1.5.classified_gc_rl.tsv.gz
"(28,29]",9394,FUM002.A0102.SG1.5.classified_gc_rl.tsv.gz
"(29,30]",11208,FUM002.A0102.SG1.5.classified_gc_rl.tsv.gz
"(30,31]",10247,FUM002.A0102.SG1.5.classified_gc_rl.tsv.gz
"(31,32]",12355,FUM002.A0102.SG1.5.classified_gc_rl.tsv.gz
"(32,33]",12177,FUM002.A0102.SG1.5.classified_gc_rl.tsv.gz
"(33,34]",12712,FUM002.A0102.SG1.5.classified_gc_rl.tsv.gz
"(34,35]",15390,FUM002.A0102.SG1.5.classified_gc_rl.tsv.gz
"(35,36]",14299,FUM002.A0102.SG1.5.classified_gc_rl.tsv.gz
"(36,37]",15057,FUM002.A0102.SG1.5.classified_gc_rl.tsv.gz
"(37,38]",15488,FUM002.A0102.SG1.5.classified_gc_rl.tsv.gz
"(38,39]",15774,FUM002.A0102.SG1.5.classified_gc_rl.tsv.gz
"(39,40]",20758,FUM002.A0102.SG1.5.classified_gc_rl.tsv.gz
"(40,41]",14460,FUM002.A0102.SG1.5.classified_gc_rl.tsv.gz
"(41,42]",18748,FUM002.A0102.SG1.5.classified_gc_rl.tsv.gz
"(42,43]",18269,FUM002.A0102.SG1.5.classified_gc_rl.tsv.gz
"(43,44]",20818,FUM002.A0102.SG1.5.classified_gc_rl.tsv.gz
"(44,45]",20520,FUM002.A0102.SG1.5.classified_gc_rl.tsv.gz
"(45,46]",19608,FUM002.A0102.SG1.5.classified_gc_rl.tsv.gz
"(46,47]",21291,FUM002.A0102.SG1.5.classified_gc_rl.tsv.gz
"(47,48]",24873,FUM002.A0102.SG1.5.classified_gc_rl.tsv.gz
"(48,49]",24005,FUM002.A0102.SG1.5.classified_gc_rl.tsv.gz
"(49,50]",36856,FUM002.A0102.SG1.5.classified_gc_rl.tsv.gz
"(50,51]",12230,FUM002.A0102.SG1.5.classified_gc_rl.tsv.gz
"(51,52]",31417,FUM002.A0102.SG1.5.classified_gc_rl.tsv.gz
"(52,53]",32942,FUM002.A0102.SG1.5.classified_gc_rl.tsv.gz
"(53,54]",37151,FUM002.A0102.SG1.5.classified_gc_rl.tsv.gz
"(54,55]",39019,FUM002.A0102.SG1.5.classified_gc_rl.tsv.gz
"(55,56]",41196,FUM002.A0102.SG1.5.classified_gc_rl.tsv.gz
"(56,57]",46124,FUM002.A0102.SG1.5.classified_gc_rl.tsv.gz
"(57,58]",51951,FUM002.A0102.SG1.5.classified_gc_rl.tsv.gz
"(58,59]",53153,FUM002.A0102.SG1.5.classified_gc_rl.tsv.gz
"(59,60]",69752,FUM002.A0102.SG1.5.classified_gc_rl.tsv.gz
"(60,61]",53204,FUM002.A0102.SG1.5.classified_gc_rl.tsv.gz
"(61,62]",66926,FUM002.A0102.SG1.5.classified_gc_rl.tsv.gz
"(62,63]",63928,FUM002.A0102.SG1.5.classified_gc_rl.tsv.gz
"(63,64]",75692,FUM002.A0102.SG1.5.classified_gc_rl.tsv.gz
"(64,65]",74092,FUM002.A0102.SG1.5.classified_gc_rl.tsv.gz
"(65,66]",75321,FUM002.A0102.SG1.5.classified_gc_rl.tsv.gz
"(66,67]",63747,FUM002.A0102.SG1.5.classified_gc_rl.tsv.gz
"(67,68]",69679,FUM002.A0102.SG1.5.classified_gc_rl.tsv.gz
"(68,69]",62903,FUM002.A0102.SG1.5.classified_gc_rl.tsv.gz
"(69,70]",68172,FUM002.A0102.SG1.5.classified_gc_rl.tsv.gz
"(70,71]",47086,FUM002.A0102.SG1.5.classified_gc_rl.tsv.gz
"(71,72]",50267,FUM002.A0102.SG1.5.classified_gc_rl.tsv.gz
"(72,73]",41282,FUM002.A0102.SG1.5.classified_gc_rl.tsv.gz
"(73,74]",36350,FUM002.A0102.SG1.5.classified_gc_rl.tsv.gz
"(74,75]",32825,FUM002.A0102.SG1.5.classified_gc_rl.tsv.gz
"(75,76]",16787,FUM002.A0102.SG1.5.classified_gc_rl.tsv.gz
"(76,77]",18093,FUM002.A0102.SG1.5.classified_gc_rl.tsv.gz
"(77,78]",12621,FUM002.A0102.SG1.5.classified_gc_rl.tsv.gz
"(78,79]",9942,FUM002.A0102.SG1.5.classified_gc_rl.tsv.gz
"(79,80]",8036,FUM002.A0102.SG1.5.classified_gc_rl.tsv.gz
"(80,81]",3790,FUM002.A0102.SG1.5.classified_gc_rl.tsv.gz
"(81,82]",3187,FUM002.A0102.SG1.5.classified_gc_rl.tsv.gz
"(82,83]",2223,FUM002.A0102.SG1.5.classified_gc_rl.tsv.gz
"(83,84]",1291,FUM002.A0102.SG1.5.classified_gc_rl.tsv.gz
"(84,85]",996,FUM002.A0102.SG1.5.classified_gc_rl.tsv.gz
"(85,86]",392,FUM002.A0102.SG1.5.classified_gc_rl.tsv.gz
"(86,87]",354,FUM002.A0102.SG1.5.classified_gc_rl.tsv.gz
"(87,88]",172,FUM002.A0102.SG1.5.classified_gc_rl.tsv.gz
"(88,89]",60,FUM002.A0102.SG1.5.classified_gc_rl.tsv.gz
"(89,90]",57,FUM002.A0102.SG1.5.classified_gc_rl.tsv.gz
"(90,91]",15,FUM002.A0102.SG1.5.classified_gc_rl.tsv.gz
"(91,92]",5,FUM002.A0102.SG1.5.classified_gc_rl.tsv.gz
"(92,93]",8,FUM002.A0102.SG1.5.classified_gc_rl.tsv.gz
"(94,95]",3,FUM002.A0102.SG1.5.classified_gc_rl.tsv.gz
"(95,96]",2,FUM002.A0102.SG1.5.classified_gc_rl.tsv.gz
"(97,98]",1,FUM002.A0102.SG1.5.classified_gc_rl.tsv.gz
"(98,99]",4,FUM002.A0102.SG1.5.classified_gc_rl.tsv.gz
"(99,100]",3,FUM002.A0102.SG1.5.classified_gc_rl.tsv.gz
"(1,2]",1,FUM003.A0101.SG1.1.classified_gc_rl.tsv.gz
"(4,5]",1,FUM003.A0101.SG1.1.classified_gc_rl.tsv.gz
"(5,6]",1,FUM003.A0101.SG1.1.classified_gc_rl.tsv.gz
"(6,7]",3,FUM003.A0101.SG1.1.classified_gc_rl.tsv.gz
"(7,8]",3,FUM003.A0101.SG1.1.classified_gc_rl.tsv.gz
"(8,9]",5,FUM003.A0101.SG1.1.classified_gc_rl.tsv.gz
"(9,10]",4,FUM003.A0101.SG1.1.classified_gc_rl.tsv.gz
"(10,11]",7,FUM003.A0101.SG1.1.classified_gc_rl.tsv.gz
"(11,12]",22,FUM003.A0101.SG1.1.classified_gc_rl.tsv.gz
"(12,13]",33,FUM003.A0101.SG1.1.classified_gc_rl.tsv.gz
"(13,14]",71,FUM003.A0101.SG1.1.classified_gc_rl.tsv.gz
"(14,15]",85,FUM003.A0101.SG1.1.classified_gc_rl.tsv.gz
"(15,16]",126,FUM003.A0101.SG1.1.classified_gc_rl.tsv.gz
"(16,17]",178,FUM003.A0101.SG1.1.classified_gc_rl.tsv.gz
"(17,18]",359,FUM003.A0101.SG1.1.classified_gc_rl.tsv.gz
"(18,19]",462,FUM003.A0101.SG1.1.classified_gc_rl.tsv.gz
"(19,20]",753,FUM003.A0101.SG1.1.classified_gc_rl.tsv.gz
"(20,21]",622,FUM003.A0101.SG1.1.classified_gc_rl.tsv.gz
"(21,22]",1079,FUM003.A0101.SG1.1.classified_gc_rl.tsv.gz
"(22,23]",1286,FUM003.A0101.SG1.1.classified_gc_rl.tsv.gz
"(23,24]",1907,FUM003.A0101.SG1.1.classified_gc_rl.tsv.gz
"(24,25]",2660,FUM003.A0101.SG1.1.classified_gc_rl.tsv.gz
"(25,26]",1895,FUM003.A0101.SG1.1.classified_gc_rl.tsv.gz
"(26,27]",3292,FUM003.A0101.SG1.1.classified_gc_rl.tsv.gz
"(27,28]",4240,FUM003.A0101.SG1.1.classified_gc_rl.tsv.gz
"(28,29]",4741,FUM003.A0101.SG1.1.classified_gc_rl.tsv.gz
"(29,30]",5088,FUM003.A0101.SG1.1.classified_gc_rl.tsv.gz
"(30,31]",6016,FUM003.A0101.SG1.1.classified_gc_rl.tsv.gz
"(31,32]",7536,FUM003.A0101.SG1.1.classified_gc_rl.tsv.gz
"(32,33]",7466,FUM003.A0101.SG1.1.classified_gc_rl.tsv.gz
"(33,34]",7465,FUM003.A0101.SG1.1.classified_gc_rl.tsv.gz
"(34,35]",9995,FUM003.A0101.SG1.1.classified_gc_rl.tsv.gz
"(35,36]",10270,FUM003.A0101.SG1.1.classified_gc_rl.tsv.gz
"(36,37]",10706,FUM003.A0101.SG1.1.classified_gc_rl.tsv.gz
"(37,38]",10234,FUM003.A0101.SG1.1.classified_gc_rl.tsv.gz
"(38,39]",11923,FUM003.A0101.SG1.1.classified_gc_rl.tsv.gz
"(39,40]",14822,FUM003.A0101.SG1.1.classified_gc_rl.tsv.gz
"(40,41]",11489,FUM003.A0101.SG1.1.classified_gc_rl.tsv.gz
"(41,42]",13339,FUM003.A0101.SG1.1.classified_gc_rl.tsv.gz
"(42,43]",15182,FUM003.A0101.SG1.1.classified_gc_rl.tsv.gz
"(43,44]",17450,FUM003.A0101.SG1.1.classified_gc_rl.tsv.gz
"(44,45]",17895,FUM003.A0101.SG1.1.classified_gc_rl.tsv.gz
"(45,46]",16962,FUM003.A0101.SG1.1.classified_gc_rl.tsv.gz
"(46,47]",22183,FUM003.A0101.SG1.1.classified_gc_rl.tsv.gz
"(47,48]",27229,FUM003.A0101.SG1.1.classified_gc_rl.tsv.gz
"(48,49]",29132,FUM003.A0101.SG1.1.classified_gc_rl.tsv.gz
"(49,50]",48709,FUM003.A0101.SG1.1.classified_gc_rl.tsv.gz
"(50,51]",22549,FUM003.A0101.SG1.1.classified_gc_rl.tsv.gz
"(51,52]",52880,FUM003.A0101.SG1.1.classified_gc_rl.tsv.gz
"(52,53]",61685,FUM003.A0101.SG1.1.classified_gc_rl.tsv.gz
"(53,54]",81271,FUM003.A0101.SG1.1.classified_gc_rl.tsv.gz
"(54,55]",79310,FUM003.A0101.SG1.1.classified_gc_rl.tsv.gz
"(55,56]",116704,FUM003.A0101.SG1.1.classified_gc_rl.tsv.gz
"(56,57]",139651,FUM003.A0101.SG1.1.classified_gc_rl.tsv.gz
"(57,58]",177525,FUM003.A0101.SG1.1.classified_gc_rl.tsv.gz
"(58,59]",163424,FUM003.A0101.SG1.1.classified_gc_rl.tsv.gz
"(59,60]",269922,FUM003.A0101.SG1.1.classified_gc_rl.tsv.gz
"(60,61]",244042,FUM003.A0101.SG1.1.classified_gc_rl.tsv.gz
"(61,62]",323891,FUM003.A0101.SG1.1.classified_gc_rl.tsv.gz
"(62,63]",272178,FUM003.A0101.SG1.1.classified_gc_rl.tsv.gz
"(63,64]",399963,FUM003.A0101.SG1.1.classified_gc_rl.tsv.gz
"(64,65]",408494,FUM003.A0101.SG1.1.classified_gc_rl.tsv.gz
"(65,66]",437386,FUM003.A0101.SG1.1.classified_gc_rl.tsv.gz
"(66,67]",338442,FUM003.A0101.SG1.1.classified_gc_rl.tsv.gz
"(67,68]",472213,FUM003.A0101.SG1.1.classified_gc_rl.tsv.gz
"(68,69]",421886,FUM003.A0101.SG1.1.classified_gc_rl.tsv.gz
"(69,70]",447256,FUM003.A0101.SG1.1.classified_gc_rl.tsv.gz
"(70,71]",281714,FUM003.A0101.SG1.1.classified_gc_rl.tsv.gz
"(71,72]",363121,FUM003.A0101.SG1.1.classified_gc_rl.tsv.gz
"(72,73]",290993,FUM003.A0101.SG1.1.classified_gc_rl.tsv.gz
"(73,74]",255179,FUM003.A0101.SG1.1.classified_gc_rl.tsv.gz
"(74,75]",217753,FUM003.A0101.SG1.1.classified_gc_rl.tsv.gz
"(75,76]",103736,FUM003.A0101.SG1.1.classified_gc_rl.tsv.gz
"(76,77]",112654,FUM003.A0101.SG1.1.classified_gc_rl.tsv.gz
"(77,78]",82745,FUM003.A0101.SG1.1.classified_gc_rl.tsv.gz
"(78,79]",54512,FUM003.A0101.SG1.1.classified_gc_rl.tsv.gz
"(79,80]",38134,FUM003.A0101.SG1.1.classified_gc_rl.tsv.gz
"(80,81]",20111,FUM003.A0101.SG1.1.classified_gc_rl.tsv.gz
"(81,82]",15573,FUM003.A0101.SG1.1.classified_gc_rl.tsv.gz
"(82,83]",9472,FUM003.A0101.SG1.1.classified_gc_rl.tsv.gz
"(83,84]",5747,FUM003.A0101.SG1.1.classified_gc_rl.tsv.gz
"(84,85]",3780,FUM003.A0101.SG1.1.classified_gc_rl.tsv.gz
"(85,86]",1814,FUM003.A0101.SG1.1.classified_gc_rl.tsv.gz
"(86,87]",1303,FUM003.A0101.SG1.1.classified_gc_rl.tsv.gz
"(87,88]",693,FUM003.A0101.SG1.1.classified_gc_rl.tsv.gz
"(88,89]",299,FUM003.A0101.SG1.1.classified_gc_rl.tsv.gz
"(89,90]",231,FUM003.A0101.SG1.1.classified_gc_rl.tsv.gz
"(90,91]",87,FUM003.A0101.SG1.1.classified_gc_rl.tsv.gz
"(91,92]",72,FUM003.A0101.SG1.1.classified_gc_rl.tsv.gz
"(92,93]",53,FUM003.A0101.SG1.1.classified_gc_rl.tsv.gz
"(93,94]",56,FUM003.A0101.SG1.1.classified_gc_rl.tsv.gz
"(94,95]",41,FUM003.A0101.SG1.1.classified_gc_rl.tsv.gz
"(95,96]",32,FUM003.A0101.SG1.1.classified_gc_rl.tsv.gz
"(96,97]",30,FUM003.A0101.SG1.1.classified_gc_rl.tsv.gz
"(97,98]",42,FUM003.A0101.SG1.1.classified_gc_rl.tsv.gz
"(98,99]",50,FUM003.A0101.SG1.1.classified_gc_rl.tsv.gz
"(99,100]",69,FUM003.A0101.SG1.1.classified_gc_rl.tsv.gz
"[0,1]",2,FUM003.A0102.SG1.4.classified_gc_rl.tsv.gz
"(1,2]",3,FUM003.A0102.SG1.4.classified_gc_rl.tsv.gz
"(2,3]",5,FUM003.A0102.SG1.4.classified_gc_rl.tsv.gz
"(3,4]",3,FUM003.A0102.SG1.4.classified_gc_rl.tsv.gz
"(4,5]",11,FUM003.A0102.SG1.4.classified_gc_rl.tsv.gz
"(5,6]",15,FUM003.A0102.SG1.4.classified_gc_rl.tsv.gz
"(6,7]",17,FUM003.A0102.SG1.4.classified_gc_rl.tsv.gz
"(7,8]",29,FUM003.A0102.SG1.4.classified_gc_rl.tsv.gz
"(8,9]",26,FUM003.A0102.SG1.4.classified_gc_rl.tsv.gz
"(9,10]",90,FUM003.A0102.SG1.4.classified_gc_rl.tsv.gz
"(10,11]",134,FUM003.A0102.SG1.4.classified_gc_rl.tsv.gz
"(11,12]",176,FUM003.A0102.SG1.4.classified_gc_rl.tsv.gz
"(12,13]",258,FUM003.A0102.SG1.4.classified_gc_rl.tsv.gz
"(13,14]",380,FUM003.A0102.SG1.4.classified_gc_rl.tsv.gz
"(14,15]",426,FUM003.A0102.SG1.4.classified_gc_rl.tsv.gz
"(15,16]",591,FUM003.A0102.SG1.4.classified_gc_rl.tsv.gz
"(16,17]",652,FUM003.A0102.SG1.4.classified_gc_rl.tsv.gz
"(17,18]",962,FUM003.A0102.SG1.4.classified_gc_rl.tsv.gz
"(18,19]",1087,FUM003.A0102.SG1.4.classified_gc_rl.tsv.gz
"(19,20]",1677,FUM003.A0102.SG1.4.classified_gc_rl.tsv.gz
"(20,21]",1347,FUM003.A0102.SG1.4.classified_gc_rl.tsv.gz
"(21,22]",2094,FUM003.A0102.SG1.4.classified_gc_rl.tsv.gz
"(22,23]",2168,FUM003.A0102.SG1.4.classified_gc_rl.tsv.gz
"(23,24]",2957,FUM003.A0102.SG1.4.classified_gc_rl.tsv.gz
"(24,25]",3890,FUM003.A0102.SG1.4.classified_gc_rl.tsv.gz
"(25,26]",2546,FUM003.A0102.SG1.4.classified_gc_rl.tsv.gz
"(26,27]",4114,FUM003.A0102.SG1.4.classified_gc_rl.tsv.gz
"(27,28]",5061,FUM003.A0102.SG1.4.classified_gc_rl.tsv.gz
"(28,29]",5276,FUM003.A0102.SG1.4.classified_gc_rl.tsv.gz
"(29,30]",5545,FUM003.A0102.SG1.4.classified_gc_rl.tsv.gz
"(30,31]",6019,FUM003.A0102.SG1.4.classified_gc_rl.tsv.gz
"(31,32]",6866,FUM003.A0102.SG1.4.classified_gc_rl.tsv.gz
"(32,33]",6916,FUM003.A0102.SG1.4.classified_gc_rl.tsv.gz
"(33,34]",6379,FUM003.A0102.SG1.4.classified_gc_rl.tsv.gz
"(34,35]",8768,FUM003.A0102.SG1.4.classified_gc_rl.tsv.gz
"(35,36]",8006,FUM003.A0102.SG1.4.classified_gc_rl.tsv.gz
"(36,37]",8302,FUM003.A0102.SG1.4.classified_gc_rl.tsv.gz
"(37,38]",7939,FUM003.A0102.SG1.4.classified_gc_rl.tsv.gz
"(38,39]",8609,FUM003.A0102.SG1.4.classified_gc_rl.tsv.gz
"(39,40]",11203,FUM003.A0102.SG1.4.classified_gc_rl.tsv.gz
"(40,41]",8065,FUM003.A0102.SG1.4.classified_gc_rl.tsv.gz
"(41,42]",9701,FUM003.A0102.SG1.4.classified_gc_rl.tsv.gz
"(42,43]",10305,FUM003.A0102.SG1.4.classified_gc_rl.tsv.gz
"(43,44]",11998,FUM003.A0102.SG1.4.classified_gc_rl.tsv.gz
"(44,45]",12280,FUM003.A0102.SG1.4.classified_gc_rl.tsv.gz
"(45,46]",11975,FUM003.A0102.SG1.4.classified_gc_rl.tsv.gz
"(46,47]",14534,FUM003.A0102.SG1.4.classified_gc_rl.tsv.gz
"(47,48]",17701,FUM003.A0102.SG1.4.classified_gc_rl.tsv.gz
"(48,49]",18811,FUM003.A0102.SG1.4.classified_gc_rl.tsv.gz
"(49,50]",31110,FUM003.A0102.SG1.4.classified_gc_rl.tsv.gz
"(50,51]",12181,FUM003.A0102.SG1.4.classified_gc_rl.tsv.gz
"(51,52]",31839,FUM003.A0102.SG1.4.classified_gc_rl.tsv.gz
"(52,53]",36629,FUM003.A0102.SG1.4.classified_gc_rl.tsv.gz
"(53,54]",44302,FUM003.A0102.SG1.4.classified_gc_rl.tsv.gz
"(54,55]",48569,FUM003.A0102.SG1.4.classified_gc_rl.tsv.gz
"(55,56]",57954,FUM003.A0102.SG1.4.classified_gc_rl.tsv.gz
"(56,57]",70005,FUM003.A0102.SG1.4.classified_gc_rl.tsv.gz
"(57,58]",83125,FUM003.A0102.SG1.4.classified_gc_rl.tsv.gz
"(58,59]",85869,FUM003.A0102.SG1.4.classified_gc_rl.tsv.gz
"(59,60]",122275,FUM003.A0102.SG1.4.classified_gc_rl.tsv.gz
"(60,61]",101920,FUM003.A0102.SG1.4.classified_gc_rl.tsv.gz
"(61,62]",131298,FUM003.A0102.SG1.4.classified_gc_rl.tsv.gz
"(62,63]",123553,FUM003.A0102.SG1.4.classified_gc_rl.tsv.gz
"(63,64]",154661,FUM003.A0102.SG1.4.classified_gc_rl.tsv.gz
"(64,65]",157860,FUM003.A0102.SG1.4.classified_gc_rl.tsv.gz
"(65,66]",159755,FUM003.A0102.SG1.4.classified_gc_rl.tsv.gz
"(66,67]",138802,FUM003.A0102.SG1.4.classified_gc_rl.tsv.gz
"(67,68]",157831,FUM003.A0102.SG1.4.classified_gc_rl.tsv.gz
"(68,69]",142244,FUM003.A0102.SG1.4.classified_gc_rl.tsv.gz
"(69,70]",153021,FUM003.A0102.SG1.4.classified_gc_rl.tsv.gz
"(70,71]",104712,FUM003.A0102.SG1.4.classified_gc_rl.tsv.gz
"(71,72]",112080,FUM003.A0102.SG1.4.classified_gc_rl.tsv.gz
"(72,73]",91083,FUM003.A0102.SG1.4.classified_gc_rl.tsv.gz
"(73,74]",78102,FUM003.A0102.SG1.4.classified_gc_rl.tsv.gz
"(74,75]",70684,FUM003.A0102.SG1.4.classified_gc_rl.tsv.gz
"(75,76]",36384,FUM003.A0102.SG1.4.classified_gc_rl.tsv.gz
"(76,77]",39046,FUM003.A0102.SG1.4.classified_gc_rl.tsv.gz
"(77,78]",27944,FUM003.A0102.SG1.4.classified_gc_rl.tsv.gz
"(78,79]",22394,FUM003.A0102.SG1.4.classified_gc_rl.tsv.gz
"(79,80]",17838,FUM003.A0102.SG1.4.classified_gc_rl.tsv.gz
"(80,81]",8505,FUM003.A0102.SG1.4.classified_gc_rl.tsv.gz
"(81,82]",7610,FUM003.A0102.SG1.4.classified_gc_rl.tsv.gz
"(82,83]",5194,FUM003.A0102.SG1.4.classified_gc_rl.tsv.gz
"(83,84]",2902,FUM003.A0102.SG1.4.classified_gc_rl.tsv.gz
"(84,85]",2227,FUM003.A0102.SG1.4.classified_gc_rl.tsv.gz
"(85,86]",821,FUM003.A0102.SG1.4.classified_gc_rl.tsv.gz
"(86,87]",847,FUM003.A0102.SG1.4.classified_gc_rl.tsv.gz
"(87,88]",319,FUM003.A0102.SG1.4.classified_gc_rl.tsv.gz
"(88,89]",138,FUM003.A0102.SG1.4.classified_gc_rl.tsv.gz
"(89,90]",130,FUM003.A0102.SG1.4.classified_gc_rl.tsv.gz
"(90,91]",28,FUM003.A0102.SG1.4.classified_gc_rl.tsv.gz
"(91,92]",21,FUM003.A0102.SG1.4.classified_gc_rl.tsv.gz
"(92,93]",17,FUM003.A0102.SG1.4.classified_gc_rl.tsv.gz
"(93,94]",1,FUM003.A0102.SG1.4.classified_gc_rl.tsv.gz
"(94,95]",8,FUM003.A0102.SG1.4.classified_gc_rl.tsv.gz
"(95,96]",2,FUM003.A0102.SG1.4.classified_gc_rl.tsv.gz
"(96,97]",2,FUM003.A0102.SG1.4.classified_gc_rl.tsv.gz
"(97,98]",3,FUM003.A0102.SG1.4.classified_gc_rl.tsv.gz
"(98,99]",6,FUM003.A0102.SG1.4.classified_gc_rl.tsv.gz
"(99,100]",8,FUM003.A0102.SG1.4.classified_gc_rl.tsv.gz
"[0,1]",1,GDN001.A0101.SG1.1.classified_gc_rl.tsv.gz
"(1,2]",2,GDN001.A0101.SG1.1.classified_gc_rl.tsv.gz
"(3,4]",1,GDN001.A0101.SG1.1.classified_gc_rl.tsv.gz
"(4,5]",1,GDN001.A0101.SG1.1.classified_gc_rl.tsv.gz
"(5,6]",5,GDN001.A0101.SG1.1.classified_gc_rl.tsv.gz
"(6,7]",5,GDN001.A0101.SG1.1.classified_gc_rl.tsv.gz
"(7,8]",13,GDN001.A0101.SG1.1.classified_gc_rl.tsv.gz
"(8,9]",11,GDN001.A0101.SG1.1.classified_gc_rl.tsv.gz
"(9,10]",22,GDN001.A0101.SG1.1.classified_gc_rl.tsv.gz
"(10,11]",49,GDN001.A0101.SG1.1.classified_gc_rl.tsv.gz
"(11,12]",83,GDN001.A0101.SG1.1.classified_gc_rl.tsv.gz
"(12,13]",121,GDN001.A0101.SG1.1.classified_gc_rl.tsv.gz
"(13,14]",209,GDN001.A0101.SG1.1.classified_gc_rl.tsv.gz
"(14,15]",323,GDN001.A0101.SG1.1.classified_gc_rl.tsv.gz
"(15,16]",632,GDN001.A0101.SG1.1.classified_gc_rl.tsv.gz
"(16,17]",856,GDN001.A0101.SG1.1.classified_gc_rl.tsv.gz
"(17,18]",1780,GDN001.A0101.SG1.1.classified_gc_rl.tsv.gz
"(18,19]",2741,GDN001.A0101.SG1.1.classified_gc_rl.tsv.gz
"(19,20]",5169,GDN001.A0101.SG1.1.classified_gc_rl.tsv.gz
"(20,21]",5525,GDN001.A0101.SG1.1.classified_gc_rl.tsv.gz
"(21,22]",9664,GDN001.A0101.SG1.1.classified_gc_rl.tsv.gz
"(22,23]",12375,GDN001.A0101.SG1.1.classified_gc_rl.tsv.gz
"(23,24]",15227,GDN001.A0101.SG1.1.classified_gc_rl.tsv.gz
"(24,25]",19214,GDN001.A0101.SG1.1.classified_gc_rl.tsv.gz
"(25,26]",15469,GDN001.A0101.SG1.1.classified_gc_rl.tsv.gz
"(26,27]",20839,GDN001.A0101.SG1.1.classified_gc_rl.tsv.gz
"(27,28]",22721,GDN001.A0101.SG1.1.classified_gc_rl.tsv.gz
"(28,29]",22720,GDN001.A0101.SG1.1.classified_gc_rl.tsv.gz
"(29,30]",25197,GDN001.A0101.SG1.1.classified_gc_rl.tsv.gz
"(30,31]",23278,GDN001.A0101.SG1.1.classified_gc_rl.tsv.gz
"(31,32]",24966,GDN001.A0101.SG1.1.classified_gc_rl.tsv.gz
"(32,33]",23943,GDN001.A0101.SG1.1.classified_gc_rl.tsv.gz
"(33,34]",19847,GDN001.A0101.SG1.1.classified_gc_rl.tsv.gz
"(34,35]",20834,GDN001.A0101.SG1.1.classified_gc_rl.tsv.gz
"(35,36]",18390,GDN001.A0101.SG1.1.classified_gc_rl.tsv.gz
"(36,37]",18450,GDN001.A0101.SG1.1.classified_gc_rl.tsv.gz
"(37,38]",17404,GDN001.A0101.SG1.1.classified_gc_rl.tsv.gz
"(38,39]",18384,GDN001.A0101.SG1.1.classified_gc_rl.tsv.gz
"(39,40]",22193,GDN001.A0101.SG1.1.classified_gc_rl.tsv.gz
"(40,41]",17741,GDN001.A0101.SG1.1.classified_gc_rl.tsv.gz
"(41,42]",20790,GDN001.A0101.SG1.1.classified_gc_rl.tsv.gz
"(42,43]",22012,GDN001.A0101.SG1.1.classified_gc_rl.tsv.gz
"(43,44]",26180,GDN001.A0101.SG1.1.classified_gc_rl.tsv.gz
"(44,45]",27199,GDN001.A0101.SG1.1.classified_gc_rl.tsv.gz
"(45,46]",27461,GDN001.A0101.SG1.1.classified_gc_rl.tsv.gz
"(46,47]",31445,GDN001.A0101.SG1.1.classified_gc_rl.tsv.gz
"(47,48]",35432,GDN001.A0101.SG1.1.classified_gc_rl.tsv.gz
"(48,49]",34993,GDN001.A0101.SG1.1.classified_gc_rl.tsv.gz
"(49,50]",57875,GDN001.A0101.SG1.1.classified_gc_rl.tsv.gz
"(50,51]",28618,GDN001.A0101.SG1.1.classified_gc_rl.tsv.gz
"(51,52]",49302,GDN001.A0101.SG1.1.classified_gc_rl.tsv.gz
"(52,53]",51238,GDN001.A0101.SG1.1.classified_gc_rl.tsv.gz
"(53,54]",60552,GDN001.A0101.SG1.1.classified_gc_rl.tsv.gz
"(54,55]",63017,GDN001.A0101.SG1.1.classified_gc_rl.tsv.gz
"(55,56]",70417,GDN001.A0101.SG1.1.classified_gc_rl.tsv.gz
"(56,57]",77565,GDN001.A0101.SG1.1.classified_gc_rl.tsv.gz
"(57,58]",84684,GDN001.A0101.SG1.1.classified_gc_rl.tsv.gz
"(58,59]",89081,GDN001.A0101.SG1.1.classified_gc_rl.tsv.gz
"(59,60]",120144,GDN001.A0101.SG1.1.classified_gc_rl.tsv.gz
"(60,61]",94154,GDN001.A0101.SG1.1.classified_gc_rl.tsv.gz
"(61,62]",122867,GDN001.A0101.SG1.1.classified_gc_rl.tsv.gz
"(62,63]",124421,GDN001.A0101.SG1.1.classified_gc_rl.tsv.gz
"(63,64]",146535,GDN001.A0101.SG1.1.classified_gc_rl.tsv.gz
"(64,65]",151653,GDN001.A0101.SG1.1.classified_gc_rl.tsv.gz
"(65,66]",155719,GDN001.A0101.SG1.1.classified_gc_rl.tsv.gz
"(66,67]",153466,GDN001.A0101.SG1.1.classified_gc_rl.tsv.gz
"(67,68]",182843,GDN001.A0101.SG1.1.classified_gc_rl.tsv.gz
"(68,69]",164930,GDN001.A0101.SG1.1.classified_gc_rl.tsv.gz
"(69,70]",182733,GDN001.A0101.SG1.1.classified_gc_rl.tsv.gz
"(70,71]",146863,GDN001.A0101.SG1.1.classified_gc_rl.tsv.gz
"(71,72]",159795,GDN001.A0101.SG1.1.classified_gc_rl.tsv.gz
"(72,73]",139392,GDN001.A0101.SG1.1.classified_gc_rl.tsv.gz
"(73,74]",132927,GDN001.A0101.SG1.1.classified_gc_rl.tsv.gz
"(74,75]",134164,GDN001.A0101.SG1.1.classified_gc_rl.tsv.gz
"(75,76]",78418,GDN001.A0101.SG1.1.classified_gc_rl.tsv.gz
"(76,77]",80573,GDN001.A0101.SG1.1.classified_gc_rl.tsv.gz
"(77,78]",69548,GDN001.A0101.SG1.1.classified_gc_rl.tsv.gz
"(78,79]",51143,GDN001.A0101.SG1.1.classified_gc_rl.tsv.gz
"(79,80]",48220,GDN001.A0101.SG1.1.classified_gc_rl.tsv.gz
"(80,81]",25437,GDN001.A0101.SG1.1.classified_gc_rl.tsv.gz
"(81,82]",23999,GDN001.A0101.SG1.1.classified_gc_rl.tsv.gz
"(82,83]",15949,GDN001.A0101.SG1.1.classified_gc_rl.tsv.gz
"(83,84]",11806,GDN001.A0101.SG1.1.classified_gc_rl.tsv.gz
"(84,85]",7832,GDN001.A0101.SG1.1.classified_gc_rl.tsv.gz
"(85,86]",4663,GDN001.A0101.SG1.1.classified_gc_rl.tsv.gz
"(86,87]",3221,GDN001.A0101.SG1.1.classified_gc_rl.tsv.gz
"(87,88]",2021,GDN001.A0101.SG1.1.classified_gc_rl.tsv.gz
"(88,89]",1090,GDN001.A0101.SG1.1.classified_gc_rl.tsv.gz
"(89,90]",836,GDN001.A0101.SG1.1.classified_gc_rl.tsv.gz
"(90,91]",309,GDN001.A0101.SG1.1.classified_gc_rl.tsv.gz
"(91,92]",188,GDN001.A0101.SG1.1.classified_gc_rl.tsv.gz
"(92,93]",137,GDN001.A0101.SG1.1.classified_gc_rl.tsv.gz
"(93,94]",100,GDN001.A0101.SG1.1.classified_gc_rl.tsv.gz
"(94,95]",39,GDN001.A0101.SG1.1.classified_gc_rl.tsv.gz
"(95,96]",40,GDN001.A0101.SG1.1.classified_gc_rl.tsv.gz
"(96,97]",18,GDN001.A0101.SG1.1.classified_gc_rl.tsv.gz
"(97,98]",36,GDN001.A0101.SG1.1.classified_gc_rl.tsv.gz
"(98,99]",32,GDN001.A0101.SG1.1.classified_gc_rl.tsv.gz
"(99,100]",45,GDN001.A0101.SG1.1.classified_gc_rl.tsv.gz
"[0,1]",36,GDN001.A0102.SG1.3.classified_gc_rl.tsv.gz
"(1,2]",92,GDN001.A0102.SG1.3.classified_gc_rl.tsv.gz
"(2,3]",140,GDN001.A0102.SG1.3.classified_gc_rl.tsv.gz
"(3,4]",206,GDN001.A0102.SG1.3.classified_gc_rl.tsv.gz
"(4,5]",432,GDN001.A0102.SG1.3.classified_gc_rl.tsv.gz
"(5,6]",598,GDN001.A0102.SG1.3.classified_gc_rl.tsv.gz
"(6,7]",753,GDN001.A0102.SG1.3.classified_gc_rl.tsv.gz
"(7,8]",1015,GDN001.A0102.SG1.3.classified_gc_rl.tsv.gz
"(8,9]",1025,GDN001.A0102.SG1.3.classified_gc_rl.tsv.gz
"(9,10]",1324,GDN001.A0102.SG1.3.classified_gc_rl.tsv.gz
"(10,11]",1356,GDN001.A0102.SG1.3.classified_gc_rl.tsv.gz
"(11,12]",1673,GDN001.A0102.SG1.3.classified_gc_rl.tsv.gz
"(12,13]",1770,GDN001.A0102.SG1.3.classified_gc_rl.tsv.gz
"(13,14]",2289,GDN001.A0102.SG1.3.classified_gc_rl.tsv.gz
"(14,15]",2693,GDN001.A0102.SG1.3.classified_gc_rl.tsv.gz
"(15,16]",3541,GDN001.A0102.SG1.3.classified_gc_rl.tsv.gz
"(16,17]",4196,GDN001.A0102.SG1.3.classified_gc_rl.tsv.gz
"(17,18]",5985,GDN001.A0102.SG1.3.classified_gc_rl.tsv.gz
"(18,19]",7227,GDN001.A0102.SG1.3.classified_gc_rl.tsv.gz
"(19,20]",11478,GDN001.A0102.SG1.3.classified_gc_rl.tsv.gz
"(20,21]",10630,GDN001.A0102.SG1.3.classified_gc_rl.tsv.gz
"(21,22]",14285,GDN001.A0102.SG1.3.classified_gc_rl.tsv.gz
"(22,23]",16009,GDN001.A0102.SG1.3.classified_gc_rl.tsv.gz
"(23,24]",18338,GDN001.A0102.SG1.3.classified_gc_rl.tsv.gz
"(24,25]",21899,GDN001.A0102.SG1.3.classified_gc_rl.tsv.gz
"(25,26]",15556,GDN001.A0102.SG1.3.classified_gc_rl.tsv.gz
"(26,27]",19508,GDN001.A0102.SG1.3.classified_gc_rl.tsv.gz
"(27,28]",20394,GDN001.A0102.SG1.3.classified_gc_rl.tsv.gz
"(28,29]",19184,GDN001.A0102.SG1.3.classified_gc_rl.tsv.gz
"(29,30]",20769,GDN001.A0102.SG1.3.classified_gc_rl.tsv.gz
"(30,31]",17802,GDN001.A0102.SG1.3.classified_gc_rl.tsv.gz
"(31,32]",18976,GDN001.A0102.SG1.3.classified_gc_rl.tsv.gz
"(32,33]",17038,GDN001.A0102.SG1.3.classified_gc_rl.tsv.gz
"(33,34]",15173,GDN001.A0102.SG1.3.classified_gc_rl.tsv.gz
"(34,35]",15636,GDN001.A0102.SG1.3.classified_gc_rl.tsv.gz
"(35,36]",14121,GDN001.A0102.SG1.3.classified_gc_rl.tsv.gz
"(36,37]",13330,GDN001.A0102.SG1.3.classified_gc_rl.tsv.gz
"(37,38]",12953,GDN001.A0102.SG1.3.classified_gc_rl.tsv.gz
"(38,39]",12112,GDN001.A0102.SG1.3.classified_gc_rl.tsv.gz
"(39,40]",15537,GDN001.A0102.SG1.3.classified_gc_rl.tsv.gz
"(40,41]",10608,GDN001.A0102.SG1.3.classified_gc_rl.tsv.gz
"(41,42]",13421,GDN001.A0102.SG1.3.classified_gc_rl.tsv.gz
"(42,43]",12825,GDN001.A0102.SG1.3.classified_gc_rl.tsv.gz
"(43,44]",14154,GDN001.A0102.SG1.3.classified_gc_rl.tsv.gz
"(44,45]",13792,GDN001.A0102.SG1.3.classified_gc_rl.tsv.gz
"(45,46]",13319,GDN001.A0102.SG1.3.classified_gc_rl.tsv.gz
"(46,47]",14296,GDN001.A0102.SG1.3.classified_gc_rl.tsv.gz
"(47,48]",15851,GDN001.A0102.SG1.3.classified_gc_rl.tsv.gz
"(48,49]",14752,GDN001.A0102.SG1.3.classified_gc_rl.tsv.gz
"(49,50]",22384,GDN001.A0102.SG1.3.classified_gc_rl.tsv.gz
"(50,51]",7599,GDN001.A0102.SG1.3.classified_gc_rl.tsv.gz
"(51,52]",17513,GDN001.A0102.SG1.3.classified_gc_rl.tsv.gz
"(52,53]",17250,GDN001.A0102.SG1.3.classified_gc_rl.tsv.gz
"(53,54]",18349,GDN001.A0102.SG1.3.classified_gc_rl.tsv.gz
"(54,55]",18036,GDN001.A0102.SG1.3.classified_gc_rl.tsv.gz
"(55,56]",17529,GDN001.A0102.SG1.3.classified_gc_rl.tsv.gz
"(56,57]",18123,GDN001.A0102.SG1.3.classified_gc_rl.tsv.gz
"(57,58]",19632,GDN001.A0102.SG1.3.classified_gc_rl.tsv.gz
"(58,59]",18377,GDN001.A0102.SG1.3.classified_gc_rl.tsv.gz
"(59,60]",23518,GDN001.A0102.SG1.3.classified_gc_rl.tsv.gz
"(60,61]",16993,GDN001.A0102.SG1.3.classified_gc_rl.tsv.gz
"(61,62]",20776,GDN001.A0102.SG1.3.classified_gc_rl.tsv.gz
"(62,63]",19817,GDN001.A0102.SG1.3.classified_gc_rl.tsv.gz
"(63,64]",22318,GDN001.A0102.SG1.3.classified_gc_rl.tsv.gz
"(64,65]",21961,GDN001.A0102.SG1.3.classified_gc_rl.tsv.gz
"(65,66]",21936,GDN001.A0102.SG1.3.classified_gc_rl.tsv.gz
"(66,67]",19407,GDN001.A0102.SG1.3.classified_gc_rl.tsv.gz
"(67,68]",22092,GDN001.A0102.SG1.3.classified_gc_rl.tsv.gz
"(68,69]",19524,GDN001.A0102.SG1.3.classified_gc_rl.tsv.gz
"(69,70]",21781,GDN001.A0102.SG1.3.classified_gc_rl.tsv.gz
"(70,71]",16348,GDN001.A0102.SG1.3.classified_gc_rl.tsv.gz
"(71,72]",17829,GDN001.A0102.SG1.3.classified_gc_rl.tsv.gz
"(72,73]",15275,GDN001.A0102.SG1.3.classified_gc_rl.tsv.gz
"(73,74]",14476,GDN001.A0102.SG1.3.classified_gc_rl.tsv.gz
"(74,75]",13571,GDN001.A0102.SG1.3.classified_gc_rl.tsv.gz
"(75,76]",7550,GDN001.A0102.SG1.3.classified_gc_rl.tsv.gz
"(76,77]",8160,GDN001.A0102.SG1.3.classified_gc_rl.tsv.gz
"(77,78]",6593,GDN001.A0102.SG1.3.classified_gc_rl.tsv.gz
"(78,79]",4925,GDN001.A0102.SG1.3.classified_gc_rl.tsv.gz
"(79,80]",4428,GDN001.A0102.SG1.3.classified_gc_rl.tsv.gz
"(80,81]",2239,GDN001.A0102.SG1.3.classified_gc_rl.tsv.gz
"(81,82]",2049,GDN001.A0102.SG1.3.classified_gc_rl.tsv.gz
"(82,83]",1541,GDN001.A0102.SG1.3.classified_gc_rl.tsv.gz
"(83,84]",846,GDN001.A0102.SG1.3.classified_gc_rl.tsv.gz
"(84,85]",723,GDN001.A0102.SG1.3.classified_gc_rl.tsv.gz
"(85,86]",306,GDN001.A0102.SG1.3.classified_gc_rl.tsv.gz
"(86,87]",265,GDN001.A0102.SG1.3.classified_gc_rl.tsv.gz
"(87,88]",145,GDN001.A0102.SG1.3.classified_gc_rl.tsv.gz
"(88,89]",69,GDN001.A0102.SG1.3.classified_gc_rl.tsv.gz
"(89,90]",62,GDN001.A0102.SG1.3.classified_gc_rl.tsv.gz
"(90,91]",12,GDN001.A0102.SG1.3.classified_gc_rl.tsv.gz
"(91,92]",5,GDN001.A0102.SG1.3.classified_gc_rl.tsv.gz
"(92,93]",3,GDN001.A0102.SG1.3.classified_gc_rl.tsv.gz
"(98,99]",1,GDN001.A0102.SG1.3.classified_gc_rl.tsv.gz
"[0,1]",4,GOY005.A0101.SG1.2.classified_gc_rl.tsv.gz
"(1,2]",6,GOY005.A0101.SG1.2.classified_gc_rl.tsv.gz
"(2,3]",9,GOY005.A0101.SG1.2.classified_gc_rl.tsv.gz
"(3,4]",1,GOY005.A0101.SG1.2.classified_gc_rl.tsv.gz
"(4,5]",11,GOY005.A0101.SG1.2.classified_gc_rl.tsv.gz
"(5,6]",18,GOY005.A0101.SG1.2.classified_gc_rl.tsv.gz
"(6,7]",24,GOY005.A0101.SG1.2.classified_gc_rl.tsv.gz
"(7,8]",52,GOY005.A0101.SG1.2.classified_gc_rl.tsv.gz
"(8,9]",76,GOY005.A0101.SG1.2.classified_gc_rl.tsv.gz
"(9,10]",170,GOY005.A0101.SG1.2.classified_gc_rl.tsv.gz
"(10,11]",259,GOY005.A0101.SG1.2.classified_gc_rl.tsv.gz
"(11,12]",410,GOY005.A0101.SG1.2.classified_gc_rl.tsv.gz
"(12,13]",650,GOY005.A0101.SG1.2.classified_gc_rl.tsv.gz
"(13,14]",1274,GOY005.A0101.SG1.2.classified_gc_rl.tsv.gz
"(14,15]",1804,GOY005.A0101.SG1.2.classified_gc_rl.tsv.gz
"(15,16]",2652,GOY005.A0101.SG1.2.classified_gc_rl.tsv.gz
"(16,17]",3506,GOY005.A0101.SG1.2.classified_gc_rl.tsv.gz
"(17,18]",5415,GOY005.A0101.SG1.2.classified_gc_rl.tsv.gz
"(18,19]",6653,GOY005.A0101.SG1.2.classified_gc_rl.tsv.gz
"(19,20]",11109,GOY005.A0101.SG1.2.classified_gc_rl.tsv.gz
"(20,21]",9347,GOY005.A0101.SG1.2.classified_gc_rl.tsv.gz
"(21,22]",14737,GOY005.A0101.SG1.2.classified_gc_rl.tsv.gz
"(22,23]",16485,GOY005.A0101.SG1.2.classified_gc_rl.tsv.gz
"(23,24]",21998,GOY005.A0101.SG1.2.classified_gc_rl.tsv.gz
"(24,25]",29209,GOY005.A0101.SG1.2.classified_gc_rl.tsv.gz
"(25,26]",21722,GOY005.A0101.SG1.2.classified_gc_rl.tsv.gz
"(26,27]",32188,GOY005.A0101.SG1.2.classified_gc_rl.tsv.gz
"(27,28]",39246,GOY005.A0101.SG1.2.classified_gc_rl.tsv.gz
"(28,29]",41060,GOY005.A0101.SG1.2.classified_gc_rl.tsv.gz
"(29,30]",48576,GOY005.A0101.SG1.2.classified_gc_rl.tsv.gz
"(30,31]",49004,GOY005.A0101.SG1.2.classified_gc_rl.tsv.gz
"(31,32]",60703,GOY005.A0101.SG1.2.classified_gc_rl.tsv.gz
"(32,33]",60489,GOY005.A0101.SG1.2.classified_gc_rl.tsv.gz
"(33,34]",65028,GOY005.A0101.SG1.2.classified_gc_rl.tsv.gz
"(34,35]",82005,GOY005.A0101.SG1.2.classified_gc_rl.tsv.gz
"(35,36]",82773,GOY005.A0101.SG1.2.classified_gc_rl.tsv.gz
"(36,37]",87838,GOY005.A0101.SG1.2.classified_gc_rl.tsv.gz
"(37,38]",90072,GOY005.A0101.SG1.2.classified_gc_rl.tsv.gz
"(38,39]",99919,GOY005.A0101.SG1.2.classified_gc_rl.tsv.gz
"(39,40]",130432,GOY005.A0101.SG1.2.classified_gc_rl.tsv.gz
"(40,41]",95840,GOY005.A0101.SG1.2.classified_gc_rl.tsv.gz
"(41,42]",114847,GOY005.A0101.SG1.2.classified_gc_rl.tsv.gz
"(42,43]",122779,GOY005.A0101.SG1.2.classified_gc_rl.tsv.gz
"(43,44]",139238,GOY005.A0101.SG1.2.classified_gc_rl.tsv.gz
"(44,45]",134113,GOY005.A0101.SG1.2.classified_gc_rl.tsv.gz
"(45,46]",121416,GOY005.A0101.SG1.2.classified_gc_rl.tsv.gz
"(46,47]",140902,GOY005.A0101.SG1.2.classified_gc_rl.tsv.gz
"(47,48]",155755,GOY005.A0101.SG1.2.classified_gc_rl.tsv.gz
"(48,49]",143677,GOY005.A0101.SG1.2.classified_gc_rl.tsv.gz
"(49,50]",207896,GOY005.A0101.SG1.2.classified_gc_rl.tsv.gz
"(50,51]",75070,GOY005.A0101.SG1.2.classified_gc_rl.tsv.gz
"(51,52]",168326,GOY005.A0101.SG1.2.classified_gc_rl.tsv.gz
"(52,53]",167913,GOY005.A0101.SG1.2.classified_gc_rl.tsv.gz
"(53,54]",185428,GOY005.A0101.SG1.2.classified_gc_rl.tsv.gz
"(54,55]",177401,GOY005.A0101.SG1.2.classified_gc_rl.tsv.gz
"(55,56]",196466,GOY005.A0101.SG1.2.classified_gc_rl.tsv.gz
"(56,57]",210311,GOY005.A0101.SG1.2.classified_gc_rl.tsv.gz
"(57,58]",231387,GOY005.A0101.SG1.2.classified_gc_rl.tsv.gz
"(58,59]",217287,GOY005.A0101.SG1.2.classified_gc_rl.tsv.gz
"(59,60]",289967,GOY005.A0101.SG1.2.classified_gc_rl.tsv.gz
"(60,61]",218616,GOY005.A0101.SG1.2.classified_gc_rl.tsv.gz
"(61,62]",267473,GOY005.A0101.SG1.2.classified_gc_rl.tsv.gz
"(62,63]",234581,GOY005.A0101.SG1.2.classified_gc_rl.tsv.gz
"(63,64]",272597,GOY005.A0101.SG1.2.classified_gc_rl.tsv.gz
"(64,65]",256433,GOY005.A0101.SG1.2.classified_gc_rl.tsv.gz
"(65,66]",246884,GOY005.A0101.SG1.2.classified_gc_rl.tsv.gz
"(66,67]",198738,GOY005.A0101.SG1.2.classified_gc_rl.tsv.gz
"(67,68]",215726,GOY005.A0101.SG1.2.classified_gc_rl.tsv.gz
"(68,69]",183192,GOY005.A0101.SG1.2.classified_gc_rl.tsv.gz
"(69,70]",191083,GOY005.A0101.SG1.2.classified_gc_rl.tsv.gz
"(70,71]",125427,GOY005.A0101.SG1.2.classified_gc_rl.tsv.gz
"(71,72]",134318,GOY005.A0101.SG1.2.classified_gc_rl.tsv.gz
"(72,73]",107384,GOY005.A0101.SG1.2.classified_gc_rl.tsv.gz
"(73,74]",92396,GOY005.A0101.SG1.2.classified_gc_rl.tsv.gz
"(74,75]",80797,GOY005.A0101.SG1.2.classified_gc_rl.tsv.gz
"(75,76]",40814,GOY005.A0101.SG1.2.classified_gc_rl.tsv.gz
"(76,77]",44171,GOY005.A0101.SG1.2.classified_gc_rl.tsv.gz
"(77,78]",31183,GOY005.A0101.SG1.2.classified_gc_rl.tsv.gz
"(78,79]",24245,GOY005.A0101.SG1.2.classified_gc_rl.tsv.gz
"(79,80]",19136,GOY005.A0101.SG1.2.classified_gc_rl.tsv.gz
"(80,81]",9126,GOY005.A0101.SG1.2.classified_gc_rl.tsv.gz
"(81,82]",7902,GOY005.A0101.SG1.2.classified_gc_rl.tsv.gz
"(82,83]",5401,GOY005.A0101.SG1.2.classified_gc_rl.tsv.gz
"(83,84]",3248,GOY005.A0101.SG1.2.classified_gc_rl.tsv.gz
"(84,85]",2285,GOY005.A0101.SG1.2.classified_gc_rl.tsv.gz
"(85,86]",947,GOY005.A0101.SG1.2.classified_gc_rl.tsv.gz
"(86,87]",933,GOY005.A0101.SG1.2.classified_gc_rl.tsv.gz
"(87,88]",472,GOY005.A0101.SG1.2.classified_gc_rl.tsv.gz
"(88,89]",227,GOY005.A0101.SG1.2.classified_gc_rl.tsv.gz
"(89,90]",201,GOY005.A0101.SG1.2.classified_gc_rl.tsv.gz
"(90,91]",58,GOY005.A0101.SG1.2.classified_gc_rl.tsv.gz
"(91,92]",45,GOY005.A0101.SG1.2.classified_gc_rl.tsv.gz
"(92,93]",33,GOY005.A0101.SG1.2.classified_gc_rl.tsv.gz
"(93,94]",33,GOY005.A0101.SG1.2.classified_gc_rl.tsv.gz
"(94,95]",34,GOY005.A0101.SG1.2.classified_gc_rl.tsv.gz
"(95,96]",39,GOY005.A0101.SG1.2.classified_gc_rl.tsv.gz
"(96,97]",24,GOY005.A0101.SG1.2.classified_gc_rl.tsv.gz
"(97,98]",39,GOY005.A0101.SG1.2.classified_gc_rl.tsv.gz
"(98,99]",36,GOY005.A0101.SG1.2.classified_gc_rl.tsv.gz
"(99,100]",88,GOY005.A0101.SG1.2.classified_gc_rl.tsv.gz
"[0,1]",5,GOY005.A0103.SG1.4.classified_gc_rl.tsv.gz
"(1,2]",11,GOY005.A0103.SG1.4.classified_gc_rl.tsv.gz
"(2,3]",19,GOY005.A0103.SG1.4.classified_gc_rl.tsv.gz
"(3,4]",31,GOY005.A0103.SG1.4.classified_gc_rl.tsv.gz
"(4,5]",84,GOY005.A0103.SG1.4.classified_gc_rl.tsv.gz
"(5,6]",123,GOY005.A0103.SG1.4.classified_gc_rl.tsv.gz
"(6,7]",178,GOY005.A0103.SG1.4.classified_gc_rl.tsv.gz
"(7,8]",293,GOY005.A0103.SG1.4.classified_gc_rl.tsv.gz
"(8,9]",364,GOY005.A0103.SG1.4.classified_gc_rl.tsv.gz
"(9,10]",621,GOY005.A0103.SG1.4.classified_gc_rl.tsv.gz
"(10,11]",863,GOY005.A0103.SG1.4.classified_gc_rl.tsv.gz
"(11,12]",1337,GOY005.A0103.SG1.4.classified_gc_rl.tsv.gz
"(12,13]",1694,GOY005.A0103.SG1.4.classified_gc_rl.tsv.gz
"(13,14]",2594,GOY005.A0103.SG1.4.classified_gc_rl.tsv.gz
"(14,15]",3145,GOY005.A0103.SG1.4.classified_gc_rl.tsv.gz
"(15,16]",4182,GOY005.A0103.SG1.4.classified_gc_rl.tsv.gz
"(16,17]",4869,GOY005.A0103.SG1.4.classified_gc_rl.tsv.gz
"(17,18]",6915,GOY005.A0103.SG1.4.classified_gc_rl.tsv.gz
"(18,19]",7417,GOY005.A0103.SG1.4.classified_gc_rl.tsv.gz
"(19,20]",11464,GOY005.A0103.SG1.4.classified_gc_rl.tsv.gz
"(20,21]",8905,GOY005.A0103.SG1.4.classified_gc_rl.tsv.gz
"(21,22]",13533,GOY005.A0103.SG1.4.classified_gc_rl.tsv.gz
"(22,23]",13228,GOY005.A0103.SG1.4.classified_gc_rl.tsv.gz
"(23,24]",17457,GOY005.A0103.SG1.4.classified_gc_rl.tsv.gz
"(24,25]",21183,GOY005.A0103.SG1.4.classified_gc_rl.tsv.gz
"(25,26]",14023,GOY005.A0103.SG1.4.classified_gc_rl.tsv.gz
"(26,27]",20263,GOY005.A0103.SG1.4.classified_gc_rl.tsv.gz
"(27,28]",24157,GOY005.A0103.SG1.4.classified_gc_rl.tsv.gz
"(28,29]",22974,GOY005.A0103.SG1.4.classified_gc_rl.tsv.gz
"(29,30]",26639,GOY005.A0103.SG1.4.classified_gc_rl.tsv.gz
"(30,31]",24366,GOY005.A0103.SG1.4.classified_gc_rl.tsv.gz
"(31,32]",28276,GOY005.A0103.SG1.4.classified_gc_rl.tsv.gz
"(32,33]",26270,GOY005.A0103.SG1.4.classified_gc_rl.tsv.gz
"(33,34]",28024,GOY005.A0103.SG1.4.classified_gc_rl.tsv.gz
"(34,35]",33765,GOY005.A0103.SG1.4.classified_gc_rl.tsv.gz
"(35,36]",30136,GOY005.A0103.SG1.4.classified_gc_rl.tsv.gz
"(36,37]",31105,GOY005.A0103.SG1.4.classified_gc_rl.tsv.gz
"(37,38]",30940,GOY005.A0103.SG1.4.classified_gc_rl.tsv.gz
"(38,39]",30256,GOY005.A0103.SG1.4.classified_gc_rl.tsv.gz
"(39,40]",39609,GOY005.A0103.SG1.4.classified_gc_rl.tsv.gz
"(40,41]",25880,GOY005.A0103.SG1.4.classified_gc_rl.tsv.gz
"(41,42]",32068,GOY005.A0103.SG1.4.classified_gc_rl.tsv.gz
"(42,43]",30226,GOY005.A0103.SG1.4.classified_gc_rl.tsv.gz
"(43,44]",32467,GOY005.A0103.SG1.4.classified_gc_rl.tsv.gz
"(44,45]",30200,GOY005.A0103.SG1.4.classified_gc_rl.tsv.gz
"(45,46]",26117,GOY005.A0103.SG1.4.classified_gc_rl.tsv.gz
"(46,47]",27383,GOY005.A0103.SG1.4.classified_gc_rl.tsv.gz
"(47,48]",29765,GOY005.A0103.SG1.4.classified_gc_rl.tsv.gz
"(48,49]",26121,GOY005.A0103.SG1.4.classified_gc_rl.tsv.gz
"(49,50]",34284,GOY005.A0103.SG1.4.classified_gc_rl.tsv.gz
"(50,51]",8846,GOY005.A0103.SG1.4.classified_gc_rl.tsv.gz
"(51,52]",25592,GOY005.A0103.SG1.4.classified_gc_rl.tsv.gz
"(52,53]",24528,GOY005.A0103.SG1.4.classified_gc_rl.tsv.gz
"(53,54]",24006,GOY005.A0103.SG1.4.classified_gc_rl.tsv.gz
"(54,55]",22700,GOY005.A0103.SG1.4.classified_gc_rl.tsv.gz
"(55,56]",21680,GOY005.A0103.SG1.4.classified_gc_rl.tsv.gz
"(56,57]",22505,GOY005.A0103.SG1.4.classified_gc_rl.tsv.gz
"(57,58]",23216,GOY005.A0103.SG1.4.classified_gc_rl.tsv.gz
"(58,59]",22008,GOY005.A0103.SG1.4.classified_gc_rl.tsv.gz
"(59,60]",26237,GOY005.A0103.SG1.4.classified_gc_rl.tsv.gz
"(60,61]",19090,GOY005.A0103.SG1.4.classified_gc_rl.tsv.gz
"(61,62]",22120,GOY005.A0103.SG1.4.classified_gc_rl.tsv.gz
"(62,63]",19890,GOY005.A0103.SG1.4.classified_gc_rl.tsv.gz
"(63,64]",22398,GOY005.A0103.SG1.4.classified_gc_rl.tsv.gz
"(64,65]",21112,GOY005.A0103.SG1.4.classified_gc_rl.tsv.gz
"(65,66]",20104,GOY005.A0103.SG1.4.classified_gc_rl.tsv.gz
"(66,67]",15759,GOY005.A0103.SG1.4.classified_gc_rl.tsv.gz
"(67,68]",15965,GOY005.A0103.SG1.4.classified_gc_rl.tsv.gz
"(68,69]",14298,GOY005.A0103.SG1.4.classified_gc_rl.tsv.gz
"(69,70]",15693,GOY005.A0103.SG1.4.classified_gc_rl.tsv.gz
"(70,71]",9935,GOY005.A0103.SG1.4.classified_gc_rl.tsv.gz
"(71,72]",10859,GOY005.A0103.SG1.4.classified_gc_rl.tsv.gz
"(72,73]",8731,GOY005.A0103.SG1.4.classified_gc_rl.tsv.gz
"(73,74]",7304,GOY005.A0103.SG1.4.classified_gc_rl.tsv.gz
"(74,75]",6538,GOY005.A0103.SG1.4.classified_gc_rl.tsv.gz
"(75,76]",3393,GOY005.A0103.SG1.4.classified_gc_rl.tsv.gz
"(76,77]",3826,GOY005.A0103.SG1.4.classified_gc_rl.tsv.gz
"(77,78]",2487,GOY005.A0103.SG1.4.classified_gc_rl.tsv.gz
"(78,79]",2156,GOY005.A0103.SG1.4.classified_gc_rl.tsv.gz
"(79,80]",1675,GOY005.A0103.SG1.4.classified_gc_rl.tsv.gz
"(80,81]",817,GOY005.A0103.SG1.4.classified_gc_rl.tsv.gz
"(81,82]",704,GOY005.A0103.SG1.4.classified_gc_rl.tsv.gz
"(82,83]",483,GOY005.A0103.SG1.4.classified_gc_rl.tsv.gz
"(83,84]",288,GOY005.A0103.SG1.4.classified_gc_rl.tsv.gz
"(84,85]",210,GOY005.A0103.SG1.4.classified_gc_rl.tsv.gz
"(85,86]",62,GOY005.A0103.SG1.4.classified_gc_rl.tsv.gz
"(86,87]",91,GOY005.A0103.SG1.4.classified_gc_rl.tsv.gz
"(87,88]",36,GOY005.A0103.SG1.4.classified_gc_rl.tsv.gz
"(88,89]",14,GOY005.A0103.SG1.4.classified_gc_rl.tsv.gz
"(89,90]",18,GOY005.A0103.SG1.4.classified_gc_rl.tsv.gz
"(90,91]",4,GOY005.A0103.SG1.4.classified_gc_rl.tsv.gz
"(91,92]",2,GOY005.A0103.SG1.4.classified_gc_rl.tsv.gz
"(92,93]",2,GOY005.A0103.SG1.4.classified_gc_rl.tsv.gz
"(93,94]",1,GOY005.A0103.SG1.4.classified_gc_rl.tsv.gz
"(94,95]",2,GOY005.A0103.SG1.4.classified_gc_rl.tsv.gz
"(96,97]",1,GOY005.A0103.SG1.4.classified_gc_rl.tsv.gz
"(99,100]",3,GOY005.A0103.SG1.4.classified_gc_rl.tsv.gz
"[0,1]",8,GOY006.A0101.SG1.2.classified_gc_rl.tsv.gz
"(1,2]",4,GOY006.A0101.SG1.2.classified_gc_rl.tsv.gz
"(2,3]",9,GOY006.A0101.SG1.2.classified_gc_rl.tsv.gz
"(3,4]",10,GOY006.A0101.SG1.2.classified_gc_rl.tsv.gz
"(4,5]",11,GOY006.A0101.SG1.2.classified_gc_rl.tsv.gz
"(5,6]",21,GOY006.A0101.SG1.2.classified_gc_rl.tsv.gz
"(6,7]",35,GOY006.A0101.SG1.2.classified_gc_rl.tsv.gz
"(7,8]",38,GOY006.A0101.SG1.2.classified_gc_rl.tsv.gz
"(8,9]",56,GOY006.A0101.SG1.2.classified_gc_rl.tsv.gz
"(9,10]",113,GOY006.A0101.SG1.2.classified_gc_rl.tsv.gz
"(10,11]",161,GOY006.A0101.SG1.2.classified_gc_rl.tsv.gz
"(11,12]",221,GOY006.A0101.SG1.2.classified_gc_rl.tsv.gz
"(12,13]",348,GOY006.A0101.SG1.2.classified_gc_rl.tsv.gz
"(13,14]",628,GOY006.A0101.SG1.2.classified_gc_rl.tsv.gz
"(14,15]",896,GOY006.A0101.SG1.2.classified_gc_rl.tsv.gz
"(15,16]",1287,GOY006.A0101.SG1.2.classified_gc_rl.tsv.gz
"(16,17]",1682,GOY006.A0101.SG1.2.classified_gc_rl.tsv.gz
"(17,18]",2759,GOY006.A0101.SG1.2.classified_gc_rl.tsv.gz
"(18,19]",3411,GOY006.A0101.SG1.2.classified_gc_rl.tsv.gz
"(19,20]",5634,GOY006.A0101.SG1.2.classified_gc_rl.tsv.gz
"(20,21]",5097,GOY006.A0101.SG1.2.classified_gc_rl.tsv.gz
"(21,22]",7977,GOY006.A0101.SG1.2.classified_gc_rl.tsv.gz
"(22,23]",9274,GOY006.A0101.SG1.2.classified_gc_rl.tsv.gz
"(23,24]",12534,GOY006.A0101.SG1.2.classified_gc_rl.tsv.gz
"(24,25]",16236,GOY006.A0101.SG1.2.classified_gc_rl.tsv.gz
"(25,26]",13019,GOY006.A0101.SG1.2.classified_gc_rl.tsv.gz
"(26,27]",19023,GOY006.A0101.SG1.2.classified_gc_rl.tsv.gz
"(27,28]",23332,GOY006.A0101.SG1.2.classified_gc_rl.tsv.gz
"(28,29]",25032,GOY006.A0101.SG1.2.classified_gc_rl.tsv.gz
"(29,30]",29928,GOY006.A0101.SG1.2.classified_gc_rl.tsv.gz
"(30,31]",31411,GOY006.A0101.SG1.2.classified_gc_rl.tsv.gz
"(31,32]",39353,GOY006.A0101.SG1.2.classified_gc_rl.tsv.gz
"(32,33]",42157,GOY006.A0101.SG1.2.classified_gc_rl.tsv.gz
"(33,34]",44797,GOY006.A0101.SG1.2.classified_gc_rl.tsv.gz
"(34,35]",57795,GOY006.A0101.SG1.2.classified_gc_rl.tsv.gz
"(35,36]",62703,GOY006.A0101.SG1.2.classified_gc_rl.tsv.gz
"(36,37]",69052,GOY006.A0101.SG1.2.classified_gc_rl.tsv.gz
"(37,38]",72195,GOY006.A0101.SG1.2.classified_gc_rl.tsv.gz
"(38,39]",83565,GOY006.A0101.SG1.2.classified_gc_rl.tsv.gz
"(39,40]",105049,GOY006.A0101.SG1.2.classified_gc_rl.tsv.gz
"(40,41]",83529,GOY006.A0101.SG1.2.classified_gc_rl.tsv.gz
"(41,42]",97057,GOY006.A0101.SG1.2.classified_gc_rl.tsv.gz
"(42,43]",105380,GOY006.A0101.SG1.2.classified_gc_rl.tsv.gz
"(43,44]",119626,GOY006.A0101.SG1.2.classified_gc_rl.tsv.gz
"(44,45]",117719,GOY006.A0101.SG1.2.classified_gc_rl.tsv.gz
"(45,46]",109666,GOY006.A0101.SG1.2.classified_gc_rl.tsv.gz
"(46,47]",123965,GOY006.A0101.SG1.2.classified_gc_rl.tsv.gz
"(47,48]",132704,GOY006.A0101.SG1.2.classified_gc_rl.tsv.gz
"(48,49]",122362,GOY006.A0101.SG1.2.classified_gc_rl.tsv.gz
"(49,50]",182540,GOY006.A0101.SG1.2.classified_gc_rl.tsv.gz
"(50,51]",74013,GOY006.A0101.SG1.2.classified_gc_rl.tsv.gz
"(51,52]",144486,GOY006.A0101.SG1.2.classified_gc_rl.tsv.gz
"(52,53]",145896,GOY006.A0101.SG1.2.classified_gc_rl.tsv.gz
"(53,54]",163862,GOY006.A0101.SG1.2.classified_gc_rl.tsv.gz
"(54,55]",162765,GOY006.A0101.SG1.2.classified_gc_rl.tsv.gz
"(55,56]",176825,GOY006.A0101.SG1.2.classified_gc_rl.tsv.gz
"(56,57]",190455,GOY006.A0101.SG1.2.classified_gc_rl.tsv.gz
"(57,58]",207824,GOY006.A0101.SG1.2.classified_gc_rl.tsv.gz
"(58,59]",202369,GOY006.A0101.SG1.2.classified_gc_rl.tsv.gz
"(59,60]",262866,GOY006.A0101.SG1.2.classified_gc_rl.tsv.gz
"(60,61]",197000,GOY006.A0101.SG1.2.classified_gc_rl.tsv.gz
"(61,62]",239909,GOY006.A0101.SG1.2.classified_gc_rl.tsv.gz
"(62,63]",220153,GOY006.A0101.SG1.2.classified_gc_rl.tsv.gz
"(63,64]",249198,GOY006.A0101.SG1.2.classified_gc_rl.tsv.gz
"(64,65]",243331,GOY006.A0101.SG1.2.classified_gc_rl.tsv.gz
"(65,66]",237432,GOY006.A0101.SG1.2.classified_gc_rl.tsv.gz
"(66,67]",208526,GOY006.A0101.SG1.2.classified_gc_rl.tsv.gz
"(67,68]",229165,GOY006.A0101.SG1.2.classified_gc_rl.tsv.gz
"(68,69]",201323,GOY006.A0101.SG1.2.classified_gc_rl.tsv.gz
"(69,70]",214569,GOY006.A0101.SG1.2.classified_gc_rl.tsv.gz
"(70,71]",152231,GOY006.A0101.SG1.2.classified_gc_rl.tsv.gz
"(71,72]",163672,GOY006.A0101.SG1.2.classified_gc_rl.tsv.gz
"(72,73]",135064,GOY006.A0101.SG1.2.classified_gc_rl.tsv.gz
"(73,74]",121869,GOY006.A0101.SG1.2.classified_gc_rl.tsv.gz
"(74,75]",111732,GOY006.A0101.SG1.2.classified_gc_rl.tsv.gz
"(75,76]",59924,GOY006.A0101.SG1.2.classified_gc_rl.tsv.gz
"(76,77]",63086,GOY006.A0101.SG1.2.classified_gc_rl.tsv.gz
"(77,78]",47798,GOY006.A0101.SG1.2.classified_gc_rl.tsv.gz
"(78,79]",36819,GOY006.A0101.SG1.2.classified_gc_rl.tsv.gz
"(79,80]",30458,GOY006.A0101.SG1.2.classified_gc_rl.tsv.gz
"(80,81]",14960,GOY006.A0101.SG1.2.classified_gc_rl.tsv.gz
"(81,82]",13578,GOY006.A0101.SG1.2.classified_gc_rl.tsv.gz
"(82,83]",9262,GOY006.A0101.SG1.2.classified_gc_rl.tsv.gz
"(83,84]",5883,GOY006.A0101.SG1.2.classified_gc_rl.tsv.gz
"(84,85]",4367,GOY006.A0101.SG1.2.classified_gc_rl.tsv.gz
"(85,86]",2082,GOY006.A0101.SG1.2.classified_gc_rl.tsv.gz
"(86,87]",1713,GOY006.A0101.SG1.2.classified_gc_rl.tsv.gz
"(87,88]",1015,GOY006.A0101.SG1.2.classified_gc_rl.tsv.gz
"(88,89]",517,GOY006.A0101.SG1.2.classified_gc_rl.tsv.gz
"(89,90]",392,GOY006.A0101.SG1.2.classified_gc_rl.tsv.gz
"(90,91]",164,GOY006.A0101.SG1.2.classified_gc_rl.tsv.gz
"(91,92]",88,GOY006.A0101.SG1.2.classified_gc_rl.tsv.gz
"(92,93]",74,GOY006.A0101.SG1.2.classified_gc_rl.tsv.gz
"(93,94]",37,GOY006.A0101.SG1.2.classified_gc_rl.tsv.gz
"(94,95]",31,GOY006.A0101.SG1.2.classified_gc_rl.tsv.gz
"(95,96]",31,GOY006.A0101.SG1.2.classified_gc_rl.tsv.gz
"(96,97]",14,GOY006.A0101.SG1.2.classified_gc_rl.tsv.gz
"(97,98]",27,GOY006.A0101.SG1.2.classified_gc_rl.tsv.gz
"(98,99]",33,GOY006.A0101.SG1.2.classified_gc_rl.tsv.gz
"(99,100]",78,GOY006.A0101.SG1.2.classified_gc_rl.tsv.gz
"[0,1]",5,GOY006.A0102.SG1.5.classified_gc_rl.tsv.gz
"(1,2]",8,GOY006.A0102.SG1.5.classified_gc_rl.tsv.gz
"(2,3]",13,GOY006.A0102.SG1.5.classified_gc_rl.tsv.gz
"(3,4]",26,GOY006.A0102.SG1.5.classified_gc_rl.tsv.gz
"(4,5]",50,GOY006.A0102.SG1.5.classified_gc_rl.tsv.gz
"(5,6]",54,GOY006.A0102.SG1.5.classified_gc_rl.tsv.gz
"(6,7]",112,GOY006.A0102.SG1.5.classified_gc_rl.tsv.gz
"(7,8]",196,GOY006.A0102.SG1.5.classified_gc_rl.tsv.gz
"(8,9]",233,GOY006.A0102.SG1.5.classified_gc_rl.tsv.gz
"(9,10]",393,GOY006.A0102.SG1.5.classified_gc_rl.tsv.gz
"(10,11]",556,GOY006.A0102.SG1.5.classified_gc_rl.tsv.gz
"(11,12]",792,GOY006.A0102.SG1.5.classified_gc_rl.tsv.gz
"(12,13]",1096,GOY006.A0102.SG1.5.classified_gc_rl.tsv.gz
"(13,14]",1698,GOY006.A0102.SG1.5.classified_gc_rl.tsv.gz
"(14,15]",2024,GOY006.A0102.SG1.5.classified_gc_rl.tsv.gz
"(15,16]",2655,GOY006.A0102.SG1.5.classified_gc_rl.tsv.gz
"(16,17]",3085,GOY006.A0102.SG1.5.classified_gc_rl.tsv.gz
"(17,18]",4596,GOY006.A0102.SG1.5.classified_gc_rl.tsv.gz
"(18,19]",5031,GOY006.A0102.SG1.5.classified_gc_rl.tsv.gz
"(19,20]",7820,GOY006.A0102.SG1.5.classified_gc_rl.tsv.gz
"(20,21]",6320,GOY006.A0102.SG1.5.classified_gc_rl.tsv.gz
"(21,22]",9823,GOY006.A0102.SG1.5.classified_gc_rl.tsv.gz
"(22,23]",9923,GOY006.A0102.SG1.5.classified_gc_rl.tsv.gz
"(23,24]",13020,GOY006.A0102.SG1.5.classified_gc_rl.tsv.gz
"(24,25]",16275,GOY006.A0102.SG1.5.classified_gc_rl.tsv.gz
"(25,26]",11331,GOY006.A0102.SG1.5.classified_gc_rl.tsv.gz
"(26,27]",16326,GOY006.A0102.SG1.5.classified_gc_rl.tsv.gz
"(27,28]",19021,GOY006.A0102.SG1.5.classified_gc_rl.tsv.gz
"(28,29]",18803,GOY006.A0102.SG1.5.classified_gc_rl.tsv.gz
"(29,30]",22177,GOY006.A0102.SG1.5.classified_gc_rl.tsv.gz
"(30,31]",20904,GOY006.A0102.SG1.5.classified_gc_rl.tsv.gz
"(31,32]",24828,GOY006.A0102.SG1.5.classified_gc_rl.tsv.gz
"(32,33]",24655,GOY006.A0102.SG1.5.classified_gc_rl.tsv.gz
"(33,34]",25787,GOY006.A0102.SG1.5.classified_gc_rl.tsv.gz
"(34,35]",31492,GOY006.A0102.SG1.5.classified_gc_rl.tsv.gz
"(35,36]",30526,GOY006.A0102.SG1.5.classified_gc_rl.tsv.gz
"(36,37]",32135,GOY006.A0102.SG1.5.classified_gc_rl.tsv.gz
"(37,38]",32275,GOY006.A0102.SG1.5.classified_gc_rl.tsv.gz
"(38,39]",33651,GOY006.A0102.SG1.5.classified_gc_rl.tsv.gz
"(39,40]",43355,GOY006.A0102.SG1.5.classified_gc_rl.tsv.gz
"(40,41]",30945,GOY006.A0102.SG1.5.classified_gc_rl.tsv.gz
"(41,42]",37294,GOY006.A0102.SG1.5.classified_gc_rl.tsv.gz
"(42,43]",36705,GOY006.A0102.SG1.5.classified_gc_rl.tsv.gz
"(43,44]",40042,GOY006.A0102.SG1.5.classified_gc_rl.tsv.gz
"(44,45]",37720,GOY006.A0102.SG1.5.classified_gc_rl.tsv.gz
"(45,46]",33728,GOY006.A0102.SG1.5.classified_gc_rl.tsv.gz
"(46,47]",35077,GOY006.A0102.SG1.5.classified_gc_rl.tsv.gz
"(47,48]",37640,GOY006.A0102.SG1.5.classified_gc_rl.tsv.gz
"(48,49]",33284,GOY006.A0102.SG1.5.classified_gc_rl.tsv.gz
"(49,50]",45766,GOY006.A0102.SG1.5.classified_gc_rl.tsv.gz
"(50,51]",13839,GOY006.A0102.SG1.5.classified_gc_rl.tsv.gz
"(51,52]",34140,GOY006.A0102.SG1.5.classified_gc_rl.tsv.gz
"(52,53]",32861,GOY006.A0102.SG1.5.classified_gc_rl.tsv.gz
"(53,54]",33616,GOY006.A0102.SG1.5.classified_gc_rl.tsv.gz
"(54,55]",32865,GOY006.A0102.SG1.5.classified_gc_rl.tsv.gz
"(55,56]",32343,GOY006.A0102.SG1.5.classified_gc_rl.tsv.gz
"(56,57]",34016,GOY006.A0102.SG1.5.classified_gc_rl.tsv.gz
"(57,58]",35851,GOY006.A0102.SG1.5.classified_gc_rl.tsv.gz
"(58,59]",34314,GOY006.A0102.SG1.5.classified_gc_rl.tsv.gz
"(59,60]",42046,GOY006.A0102.SG1.5.classified_gc_rl.tsv.gz
"(60,61]",30404,GOY006.A0102.SG1.5.classified_gc_rl.tsv.gz
"(61,62]",36309,GOY006.A0102.SG1.5.classified_gc_rl.tsv.gz
"(62,63]",32408,GOY006.A0102.SG1.5.classified_gc_rl.tsv.gz
"(63,64]",36621,GOY006.A0102.SG1.5.classified_gc_rl.tsv.gz
"(64,65]",35003,GOY006.A0102.SG1.5.classified_gc_rl.tsv.gz
"(65,66]",33859,GOY006.A0102.SG1.5.classified_gc_rl.tsv.gz
"(66,67]",27709,GOY006.A0102.SG1.5.classified_gc_rl.tsv.gz
"(67,68]",29713,GOY006.A0102.SG1.5.classified_gc_rl.tsv.gz
"(68,69]",26596,GOY006.A0102.SG1.5.classified_gc_rl.tsv.gz
"(69,70]",28672,GOY006.A0102.SG1.5.classified_gc_rl.tsv.gz
"(70,71]",19490,GOY006.A0102.SG1.5.classified_gc_rl.tsv.gz
"(71,72]",21127,GOY006.A0102.SG1.5.classified_gc_rl.tsv.gz
"(72,73]",17134,GOY006.A0102.SG1.5.classified_gc_rl.tsv.gz
"(73,74]",15230,GOY006.A0102.SG1.5.classified_gc_rl.tsv.gz
"(74,75]",14027,GOY006.A0102.SG1.5.classified_gc_rl.tsv.gz
"(75,76]",7299,GOY006.A0102.SG1.5.classified_gc_rl.tsv.gz
"(76,77]",7760,GOY006.A0102.SG1.5.classified_gc_rl.tsv.gz
"(77,78]",5732,GOY006.A0102.SG1.5.classified_gc_rl.tsv.gz
"(78,79]",4749,GOY006.A0102.SG1.5.classified_gc_rl.tsv.gz
"(79,80]",3802,GOY006.A0102.SG1.5.classified_gc_rl.tsv.gz
"(80,81]",1793,GOY006.A0102.SG1.5.classified_gc_rl.tsv.gz
"(81,82]",1661,GOY006.A0102.SG1.5.classified_gc_rl.tsv.gz
"(82,83]",1177,GOY006.A0102.SG1.5.classified_gc_rl.tsv.gz
"(83,84]",689,GOY006.A0102.SG1.5.classified_gc_rl.tsv.gz
"(84,85]",481,GOY006.A0102.SG1.5.classified_gc_rl.tsv.gz
"(85,86]",225,GOY006.A0102.SG1.5.classified_gc_rl.tsv.gz
"(86,87]",214,GOY006.A0102.SG1.5.classified_gc_rl.tsv.gz
"(87,88]",93,GOY006.A0102.SG1.5.classified_gc_rl.tsv.gz
"(88,89]",37,GOY006.A0102.SG1.5.classified_gc_rl.tsv.gz
"(89,90]",34,GOY006.A0102.SG1.5.classified_gc_rl.tsv.gz
"(90,91]",6,GOY006.A0102.SG1.5.classified_gc_rl.tsv.gz
"(91,92]",5,GOY006.A0102.SG1.5.classified_gc_rl.tsv.gz
"(92,93]",5,GOY006.A0102.SG1.5.classified_gc_rl.tsv.gz
"(94,95]",1,GOY006.A0102.SG1.5.classified_gc_rl.tsv.gz
"(95,96]",1,GOY006.A0102.SG1.5.classified_gc_rl.tsv.gz
"(97,98]",2,GOY006.A0102.SG1.5.classified_gc_rl.tsv.gz
"(98,99]",2,GOY006.A0102.SG1.5.classified_gc_rl.tsv.gz
"(99,100]",3,GOY006.A0102.SG1.5.classified_gc_rl.tsv.gz
"(8,9]",1,GUE001.A0101.SG1.1.classified_gc_rl.tsv.gz
"(9,10]",1,GUE001.A0101.SG1.1.classified_gc_rl.tsv.gz
"(10,11]",1,GUE001.A0101.SG1.1.classified_gc_rl.tsv.gz
"(11,12]",1,GUE001.A0101.SG1.1.classified_gc_rl.tsv.gz
"(12,13]",4,GUE001.A0101.SG1.1.classified_gc_rl.tsv.gz
"(13,14]",1,GUE001.A0101.SG1.1.classified_gc_rl.tsv.gz
"(14,15]",5,GUE001.A0101.SG1.1.classified_gc_rl.tsv.gz
"(15,16]",13,GUE001.A0101.SG1.1.classified_gc_rl.tsv.gz
"(16,17]",24,GUE001.A0101.SG1.1.classified_gc_rl.tsv.gz
"(17,18]",16,GUE001.A0101.SG1.1.classified_gc_rl.tsv.gz
"(18,19]",46,GUE001.A0101.SG1.1.classified_gc_rl.tsv.gz
"(19,20]",42,GUE001.A0101.SG1.1.classified_gc_rl.tsv.gz
"(20,21]",55,GUE001.A0101.SG1.1.classified_gc_rl.tsv.gz
"(21,22]",117,GUE001.A0101.SG1.1.classified_gc_rl.tsv.gz
"(22,23]",159,GUE001.A0101.SG1.1.classified_gc_rl.tsv.gz
"(23,24]",238,GUE001.A0101.SG1.1.classified_gc_rl.tsv.gz
"(24,25]",339,GUE001.A0101.SG1.1.classified_gc_rl.tsv.gz
"(25,26]",331,GUE001.A0101.SG1.1.classified_gc_rl.tsv.gz
"(26,27]",552,GUE001.A0101.SG1.1.classified_gc_rl.tsv.gz
"(27,28]",898,GUE001.A0101.SG1.1.classified_gc_rl.tsv.gz
"(28,29]",1039,GUE001.A0101.SG1.1.classified_gc_rl.tsv.gz
"(29,30]",1211,GUE001.A0101.SG1.1.classified_gc_rl.tsv.gz
"(30,31]",1672,GUE001.A0101.SG1.1.classified_gc_rl.tsv.gz
"(31,32]",2159,GUE001.A0101.SG1.1.classified_gc_rl.tsv.gz
"(32,33]",2100,GUE001.A0101.SG1.1.classified_gc_rl.tsv.gz
"(33,34]",2077,GUE001.A0101.SG1.1.classified_gc_rl.tsv.gz
"(34,35]",3064,GUE001.A0101.SG1.1.classified_gc_rl.tsv.gz
"(35,36]",3351,GUE001.A0101.SG1.1.classified_gc_rl.tsv.gz
"(36,37]",3493,GUE001.A0101.SG1.1.classified_gc_rl.tsv.gz
"(37,38]",3029,GUE001.A0101.SG1.1.classified_gc_rl.tsv.gz
"(38,39]",4207,GUE001.A0101.SG1.1.classified_gc_rl.tsv.gz
"(39,40]",4407,GUE001.A0101.SG1.1.classified_gc_rl.tsv.gz
"(40,41]",3716,GUE001.A0101.SG1.1.classified_gc_rl.tsv.gz
"(41,42]",3591,GUE001.A0101.SG1.1.classified_gc_rl.tsv.gz
"(42,43]",4559,GUE001.A0101.SG1.1.classified_gc_rl.tsv.gz
"(43,44]",4940,GUE001.A0101.SG1.1.classified_gc_rl.tsv.gz
"(44,45]",4532,GUE001.A0101.SG1.1.classified_gc_rl.tsv.gz
"(45,46]",4364,GUE001.A0101.SG1.1.classified_gc_rl.tsv.gz
"(46,47]",5377,GUE001.A0101.SG1.1.classified_gc_rl.tsv.gz
"(47,48]",6620,GUE001.A0101.SG1.1.classified_gc_rl.tsv.gz
"(48,49]",6579,GUE001.A0101.SG1.1.classified_gc_rl.tsv.gz
"(49,50]",11159,GUE001.A0101.SG1.1.classified_gc_rl.tsv.gz
"(50,51]",6109,GUE001.A0101.SG1.1.classified_gc_rl.tsv.gz
"(51,52]",12105,GUE001.A0101.SG1.1.classified_gc_rl.tsv.gz
"(52,53]",14261,GUE001.A0101.SG1.1.classified_gc_rl.tsv.gz
"(53,54]",18358,GUE001.A0101.SG1.1.classified_gc_rl.tsv.gz
"(54,55]",18433,GUE001.A0101.SG1.1.classified_gc_rl.tsv.gz
"(55,56]",26202,GUE001.A0101.SG1.1.classified_gc_rl.tsv.gz
"(56,57]",29774,GUE001.A0101.SG1.1.classified_gc_rl.tsv.gz
"(57,58]",37184,GUE001.A0101.SG1.1.classified_gc_rl.tsv.gz
"(58,59]",34554,GUE001.A0101.SG1.1.classified_gc_rl.tsv.gz
"(59,60]",53816,GUE001.A0101.SG1.1.classified_gc_rl.tsv.gz
"(60,61]",47255,GUE001.A0101.SG1.1.classified_gc_rl.tsv.gz
"(61,62]",60981,GUE001.A0101.SG1.1.classified_gc_rl.tsv.gz
"(62,63]",52436,GUE001.A0101.SG1.1.classified_gc_rl.tsv.gz
"(63,64]",73008,GUE001.A0101.SG1.1.classified_gc_rl.tsv.gz
"(64,65]",69155,GUE001.A0101.SG1.1.classified_gc_rl.tsv.gz
"(65,66]",75367,GUE001.A0101.SG1.1.classified_gc_rl.tsv.gz
"(66,67]",59848,GUE001.A0101.SG1.1.classified_gc_rl.tsv.gz
"(67,68]",78348,GUE001.A0101.SG1.1.classified_gc_rl.tsv.gz
"(68,69]",67209,GUE001.A0101.SG1.1.classified_gc_rl.tsv.gz
"(69,70]",72674,GUE001.A0101.SG1.1.classified_gc_rl.tsv.gz
"(70,71]",48111,GUE001.A0101.SG1.1.classified_gc_rl.tsv.gz
"(71,72]",59920,GUE001.A0101.SG1.1.classified_gc_rl.tsv.gz
"(72,73]",46811,GUE001.A0101.SG1.1.classified_gc_rl.tsv.gz
"(73,74]",43978,GUE001.A0101.SG1.1.classified_gc_rl.tsv.gz
"(74,75]",39175,GUE001.A0101.SG1.1.classified_gc_rl.tsv.gz
"(75,76]",20640,GUE001.A0101.SG1.1.classified_gc_rl.tsv.gz
"(76,77]",20446,GUE001.A0101.SG1.1.classified_gc_rl.tsv.gz
"(77,78]",17175,GUE001.A0101.SG1.1.classified_gc_rl.tsv.gz
"(78,79]",11568,GUE001.A0101.SG1.1.classified_gc_rl.tsv.gz
"(79,80]",8110,GUE001.A0101.SG1.1.classified_gc_rl.tsv.gz
"(80,81]",4590,GUE001.A0101.SG1.1.classified_gc_rl.tsv.gz
"(81,82]",4154,GUE001.A0101.SG1.1.classified_gc_rl.tsv.gz
"(82,83]",2395,GUE001.A0101.SG1.1.classified_gc_rl.tsv.gz
"(83,84]",1593,GUE001.A0101.SG1.1.classified_gc_rl.tsv.gz
"(84,85]",946,GUE001.A0101.SG1.1.classified_gc_rl.tsv.gz
"(85,86]",728,GUE001.A0101.SG1.1.classified_gc_rl.tsv.gz
"(86,87]",505,GUE001.A0101.SG1.1.classified_gc_rl.tsv.gz
"(87,88]",327,GUE001.A0101.SG1.1.classified_gc_rl.tsv.gz
"(88,89]",237,GUE001.A0101.SG1.1.classified_gc_rl.tsv.gz
"(89,90]",213,GUE001.A0101.SG1.1.classified_gc_rl.tsv.gz
"(90,91]",128,GUE001.A0101.SG1.1.classified_gc_rl.tsv.gz
"(91,92]",97,GUE001.A0101.SG1.1.classified_gc_rl.tsv.gz
"(92,93]",77,GUE001.A0101.SG1.1.classified_gc_rl.tsv.gz
"(93,94]",75,GUE001.A0101.SG1.1.classified_gc_rl.tsv.gz
"(94,95]",69,GUE001.A0101.SG1.1.classified_gc_rl.tsv.gz
"(95,96]",60,GUE001.A0101.SG1.1.classified_gc_rl.tsv.gz
"(96,97]",46,GUE001.A0101.SG1.1.classified_gc_rl.tsv.gz
"(97,98]",63,GUE001.A0101.SG1.1.classified_gc_rl.tsv.gz
"(98,99]",83,GUE001.A0101.SG1.1.classified_gc_rl.tsv.gz
"(99,100]",107,GUE001.A0101.SG1.1.classified_gc_rl.tsv.gz
"[0,1]",7,GUE001.A0102.SG1.4.classified_gc_rl.tsv.gz
"(1,2]",2,GUE001.A0102.SG1.4.classified_gc_rl.tsv.gz
"(2,3]",7,GUE001.A0102.SG1.4.classified_gc_rl.tsv.gz
"(3,4]",7,GUE001.A0102.SG1.4.classified_gc_rl.tsv.gz
"(4,5]",10,GUE001.A0102.SG1.4.classified_gc_rl.tsv.gz
"(5,6]",7,GUE001.A0102.SG1.4.classified_gc_rl.tsv.gz
"(6,7]",8,GUE001.A0102.SG1.4.classified_gc_rl.tsv.gz
"(7,8]",15,GUE001.A0102.SG1.4.classified_gc_rl.tsv.gz
"(8,9]",15,GUE001.A0102.SG1.4.classified_gc_rl.tsv.gz
"(9,10]",15,GUE001.A0102.SG1.4.classified_gc_rl.tsv.gz
"(10,11]",19,GUE001.A0102.SG1.4.classified_gc_rl.tsv.gz
"(11,12]",19,GUE001.A0102.SG1.4.classified_gc_rl.tsv.gz
"(12,13]",29,GUE001.A0102.SG1.4.classified_gc_rl.tsv.gz
"(13,14]",36,GUE001.A0102.SG1.4.classified_gc_rl.tsv.gz
"(14,15]",47,GUE001.A0102.SG1.4.classified_gc_rl.tsv.gz
"(15,16]",53,GUE001.A0102.SG1.4.classified_gc_rl.tsv.gz
"(16,17]",53,GUE001.A0102.SG1.4.classified_gc_rl.tsv.gz
"(17,18]",64,GUE001.A0102.SG1.4.classified_gc_rl.tsv.gz
"(18,19]",81,GUE001.A0102.SG1.4.classified_gc_rl.tsv.gz
"(19,20]",104,GUE001.A0102.SG1.4.classified_gc_rl.tsv.gz
"(20,21]",81,GUE001.A0102.SG1.4.classified_gc_rl.tsv.gz
"(21,22]",135,GUE001.A0102.SG1.4.classified_gc_rl.tsv.gz
"(22,23]",142,GUE001.A0102.SG1.4.classified_gc_rl.tsv.gz
"(23,24]",207,GUE001.A0102.SG1.4.classified_gc_rl.tsv.gz
"(24,25]",248,GUE001.A0102.SG1.4.classified_gc_rl.tsv.gz
"(25,26]",188,GUE001.A0102.SG1.4.classified_gc_rl.tsv.gz
"(26,27]",321,GUE001.A0102.SG1.4.classified_gc_rl.tsv.gz
"(27,28]",335,GUE001.A0102.SG1.4.classified_gc_rl.tsv.gz
"(28,29]",388,GUE001.A0102.SG1.4.classified_gc_rl.tsv.gz
"(29,30]",406,GUE001.A0102.SG1.4.classified_gc_rl.tsv.gz
"(30,31]",464,GUE001.A0102.SG1.4.classified_gc_rl.tsv.gz
"(31,32]",506,GUE001.A0102.SG1.4.classified_gc_rl.tsv.gz
"(32,33]",492,GUE001.A0102.SG1.4.classified_gc_rl.tsv.gz
"(33,34]",502,GUE001.A0102.SG1.4.classified_gc_rl.tsv.gz
"(34,35]",549,GUE001.A0102.SG1.4.classified_gc_rl.tsv.gz
"(35,36]",628,GUE001.A0102.SG1.4.classified_gc_rl.tsv.gz
"(36,37]",631,GUE001.A0102.SG1.4.classified_gc_rl.tsv.gz
"(37,38]",541,GUE001.A0102.SG1.4.classified_gc_rl.tsv.gz
"(38,39]",646,GUE001.A0102.SG1.4.classified_gc_rl.tsv.gz
"(39,40]",675,GUE001.A0102.SG1.4.classified_gc_rl.tsv.gz
"(40,41]",496,GUE001.A0102.SG1.4.classified_gc_rl.tsv.gz
"(41,42]",526,GUE001.A0102.SG1.4.classified_gc_rl.tsv.gz
"(42,43]",574,GUE001.A0102.SG1.4.classified_gc_rl.tsv.gz
"(43,44]",623,GUE001.A0102.SG1.4.classified_gc_rl.tsv.gz
"(44,45]",605,GUE001.A0102.SG1.4.classified_gc_rl.tsv.gz
"(45,46]",486,GUE001.A0102.SG1.4.classified_gc_rl.tsv.gz
"(46,47]",687,GUE001.A0102.SG1.4.classified_gc_rl.tsv.gz
"(47,48]",804,GUE001.A0102.SG1.4.classified_gc_rl.tsv.gz
"(48,49]",809,GUE001.A0102.SG1.4.classified_gc_rl.tsv.gz
"(49,50]",1387,GUE001.A0102.SG1.4.classified_gc_rl.tsv.gz
"(50,51]",554,GUE001.A0102.SG1.4.classified_gc_rl.tsv.gz
"(51,52]",1592,GUE001.A0102.SG1.4.classified_gc_rl.tsv.gz
"(52,53]",1717,GUE001.A0102.SG1.4.classified_gc_rl.tsv.gz
"(53,54]",1856,GUE001.A0102.SG1.4.classified_gc_rl.tsv.gz
"(54,55]",1665,GUE001.A0102.SG1.4.classified_gc_rl.tsv.gz
"(55,56]",1877,GUE001.A0102.SG1.4.classified_gc_rl.tsv.gz
"(56,57]",2207,GUE001.A0102.SG1.4.classified_gc_rl.tsv.gz
"(57,58]",2469,GUE001.A0102.SG1.4.classified_gc_rl.tsv.gz
"(58,59]",2301,GUE001.A0102.SG1.4.classified_gc_rl.tsv.gz
"(59,60]",3192,GUE001.A0102.SG1.4.classified_gc_rl.tsv.gz
"(60,61]",2578,GUE001.A0102.SG1.4.classified_gc_rl.tsv.gz
"(61,62]",3136,GUE001.A0102.SG1.4.classified_gc_rl.tsv.gz
"(62,63]",2742,GUE001.A0102.SG1.4.classified_gc_rl.tsv.gz
"(63,64]",3296,GUE001.A0102.SG1.4.classified_gc_rl.tsv.gz
"(64,65]",3154,GUE001.A0102.SG1.4.classified_gc_rl.tsv.gz
"(65,66]",3183,GUE001.A0102.SG1.4.classified_gc_rl.tsv.gz
"(66,67]",2695,GUE001.A0102.SG1.4.classified_gc_rl.tsv.gz
"(67,68]",2943,GUE001.A0102.SG1.4.classified_gc_rl.tsv.gz
"(68,69]",2628,GUE001.A0102.SG1.4.classified_gc_rl.tsv.gz
"(69,70]",2771,GUE001.A0102.SG1.4.classified_gc_rl.tsv.gz
"(70,71]",1844,GUE001.A0102.SG1.4.classified_gc_rl.tsv.gz
"(71,72]",1995,GUE001.A0102.SG1.4.classified_gc_rl.tsv.gz
"(72,73]",1556,GUE001.A0102.SG1.4.classified_gc_rl.tsv.gz
"(73,74]",1365,GUE001.A0102.SG1.4.classified_gc_rl.tsv.gz
"(74,75]",1221,GUE001.A0102.SG1.4.classified_gc_rl.tsv.gz
"(75,76]",678,GUE001.A0102.SG1.4.classified_gc_rl.tsv.gz
"(76,77]",703,GUE001.A0102.SG1.4.classified_gc_rl.tsv.gz
"(77,78]",566,GUE001.A0102.SG1.4.classified_gc_rl.tsv.gz
"(78,79]",417,GUE001.A0102.SG1.4.classified_gc_rl.tsv.gz
"(79,80]",354,GUE001.A0102.SG1.4.classified_gc_rl.tsv.gz
"(80,81]",186,GUE001.A0102.SG1.4.classified_gc_rl.tsv.gz
"(81,82]",126,GUE001.A0102.SG1.4.classified_gc_rl.tsv.gz
"(82,83]",126,GUE001.A0102.SG1.4.classified_gc_rl.tsv.gz
"(83,84]",84,GUE001.A0102.SG1.4.classified_gc_rl.tsv.gz
"(84,85]",56,GUE001.A0102.SG1.4.classified_gc_rl.tsv.gz
"(85,86]",28,GUE001.A0102.SG1.4.classified_gc_rl.tsv.gz
"(86,87]",20,GUE001.A0102.SG1.4.classified_gc_rl.tsv.gz
"(87,88]",13,GUE001.A0102.SG1.4.classified_gc_rl.tsv.gz
"(88,89]",10,GUE001.A0102.SG1.4.classified_gc_rl.tsv.gz
"(89,90]",3,GUE001.A0102.SG1.4.classified_gc_rl.tsv.gz
"(90,91]",1,GUE001.A0102.SG1.4.classified_gc_rl.tsv.gz
"(92,93]",1,GUE001.A0102.SG1.4.classified_gc_rl.tsv.gz
"(95,96]",1,GUE001.A0102.SG1.4.classified_gc_rl.tsv.gz
"(99,100]",1,GUE001.A0102.SG1.4.classified_gc_rl.tsv.gz
"[0,1]",4,PES001.B0101.SG1.3.classified_gc_rl.tsv.gz
"(1,2]",5,PES001.B0101.SG1.3.classified_gc_rl.tsv.gz
"(2,3]",10,PES001.B0101.SG1.3.classified_gc_rl.tsv.gz
"(3,4]",6,PES001.B0101.SG1.3.classified_gc_rl.tsv.gz
"(4,5]",11,PES001.B0101.SG1.3.classified_gc_rl.tsv.gz
"(5,6]",12,PES001.B0101.SG1.3.classified_gc_rl.tsv.gz
"(6,7]",24,PES001.B0101.SG1.3.classified_gc_rl.tsv.gz
"(7,8]",10,PES001.B0101.SG1.3.classified_gc_rl.tsv.gz
"(8,9]",19,PES001.B0101.SG1.3.classified_gc_rl.tsv.gz
"(9,10]",38,PES001.B0101.SG1.3.classified_gc_rl.tsv.gz
"(10,11]",50,PES001.B0101.SG1.3.classified_gc_rl.tsv.gz
"(11,12]",71,PES001.B0101.SG1.3.classified_gc_rl.tsv.gz
"(12,13]",93,PES001.B0101.SG1.3.classified_gc_rl.tsv.gz
"(13,14]",208,PES001.B0101.SG1.3.classified_gc_rl.tsv.gz
"(14,15]",274,PES001.B0101.SG1.3.classified_gc_rl.tsv.gz
"(15,16]",533,PES001.B0101.SG1.3.classified_gc_rl.tsv.gz
"(16,17]",670,PES001.B0101.SG1.3.classified_gc_rl.tsv.gz
"(17,18]",1248,PES001.B0101.SG1.3.classified_gc_rl.tsv.gz
"(18,19]",2046,PES001.B0101.SG1.3.classified_gc_rl.tsv.gz
"(19,20]",4173,PES001.B0101.SG1.3.classified_gc_rl.tsv.gz
"(20,21]",3520,PES001.B0101.SG1.3.classified_gc_rl.tsv.gz
"(21,22]",7780,PES001.B0101.SG1.3.classified_gc_rl.tsv.gz
"(22,23]",11149,PES001.B0101.SG1.3.classified_gc_rl.tsv.gz
"(23,24]",16519,PES001.B0101.SG1.3.classified_gc_rl.tsv.gz
"(24,25]",23468,PES001.B0101.SG1.3.classified_gc_rl.tsv.gz
"(25,26]",17778,PES001.B0101.SG1.3.classified_gc_rl.tsv.gz
"(26,27]",35598,PES001.B0101.SG1.3.classified_gc_rl.tsv.gz
"(27,28]",47194,PES001.B0101.SG1.3.classified_gc_rl.tsv.gz
"(28,29]",53898,PES001.B0101.SG1.3.classified_gc_rl.tsv.gz
"(29,30]",52587,PES001.B0101.SG1.3.classified_gc_rl.tsv.gz
"(30,31]",79703,PES001.B0101.SG1.3.classified_gc_rl.tsv.gz
"(31,32]",103909,PES001.B0101.SG1.3.classified_gc_rl.tsv.gz
"(32,33]",113443,PES001.B0101.SG1.3.classified_gc_rl.tsv.gz
"(33,34]",98022,PES001.B0101.SG1.3.classified_gc_rl.tsv.gz
"(34,35]",163892,PES001.B0101.SG1.3.classified_gc_rl.tsv.gz
"(35,36]",190991,PES001.B0101.SG1.3.classified_gc_rl.tsv.gz
"(36,37]",212720,PES001.B0101.SG1.3.classified_gc_rl.tsv.gz
"(37,38]",179019,PES001.B0101.SG1.3.classified_gc_rl.tsv.gz
"(38,39]",288230,PES001.B0101.SG1.3.classified_gc_rl.tsv.gz
"(39,40]",362394,PES001.B0101.SG1.3.classified_gc_rl.tsv.gz
"(40,41]",324126,PES001.B0101.SG1.3.classified_gc_rl.tsv.gz
"(41,42]",299414,PES001.B0101.SG1.3.classified_gc_rl.tsv.gz
"(42,43]",438635,PES001.B0101.SG1.3.classified_gc_rl.tsv.gz
"(43,44]",504412,PES001.B0101.SG1.3.classified_gc_rl.tsv.gz
"(44,45]",492110,PES001.B0101.SG1.3.classified_gc_rl.tsv.gz
"(45,46]",392935,PES001.B0101.SG1.3.classified_gc_rl.tsv.gz
"(46,47]",557288,PES001.B0101.SG1.3.classified_gc_rl.tsv.gz
"(47,48]",578900,PES001.B0101.SG1.3.classified_gc_rl.tsv.gz
"(48,49]",517196,PES001.B0101.SG1.3.classified_gc_rl.tsv.gz
"(49,50]",675736,PES001.B0101.SG1.3.classified_gc_rl.tsv.gz
"(50,51]",279549,PES001.B0101.SG1.3.classified_gc_rl.tsv.gz
"(51,52]",520372,PES001.B0101.SG1.3.classified_gc_rl.tsv.gz
"(52,53]",482913,PES001.B0101.SG1.3.classified_gc_rl.tsv.gz
"(53,54]",507572,PES001.B0101.SG1.3.classified_gc_rl.tsv.gz
"(54,55]",391736,PES001.B0101.SG1.3.classified_gc_rl.tsv.gz
"(55,56]",499695,PES001.B0101.SG1.3.classified_gc_rl.tsv.gz
"(56,57]",509701,PES001.B0101.SG1.3.classified_gc_rl.tsv.gz
"(57,58]",560032,PES001.B0101.SG1.3.classified_gc_rl.tsv.gz
"(58,59]",465846,PES001.B0101.SG1.3.classified_gc_rl.tsv.gz
"(59,60]",711946,PES001.B0101.SG1.3.classified_gc_rl.tsv.gz
"(60,61]",603454,PES001.B0101.SG1.3.classified_gc_rl.tsv.gz
"(61,62]",755992,PES001.B0101.SG1.3.classified_gc_rl.tsv.gz
"(62,63]",620837,PES001.B0101.SG1.3.classified_gc_rl.tsv.gz
"(63,64]",854261,PES001.B0101.SG1.3.classified_gc_rl.tsv.gz
"(64,65]",834072,PES001.B0101.SG1.3.classified_gc_rl.tsv.gz
"(65,66]",862737,PES001.B0101.SG1.3.classified_gc_rl.tsv.gz
"(66,67]",681559,PES001.B0101.SG1.3.classified_gc_rl.tsv.gz
"(67,68]",884362,PES001.B0101.SG1.3.classified_gc_rl.tsv.gz
"(68,69]",766243,PES001.B0101.SG1.3.classified_gc_rl.tsv.gz
"(69,70]",789506,PES001.B0101.SG1.3.classified_gc_rl.tsv.gz
"(70,71]",526647,PES001.B0101.SG1.3.classified_gc_rl.tsv.gz
"(71,72]",618917,PES001.B0101.SG1.3.classified_gc_rl.tsv.gz
"(72,73]",485082,PES001.B0101.SG1.3.classified_gc_rl.tsv.gz
"(73,74]",429308,PES001.B0101.SG1.3.classified_gc_rl.tsv.gz
"(74,75]",368938,PES001.B0101.SG1.3.classified_gc_rl.tsv.gz
"(75,76]",184995,PES001.B0101.SG1.3.classified_gc_rl.tsv.gz
"(76,77]",184945,PES001.B0101.SG1.3.classified_gc_rl.tsv.gz
"(77,78]",140337,PES001.B0101.SG1.3.classified_gc_rl.tsv.gz
"(78,79]",92404,PES001.B0101.SG1.3.classified_gc_rl.tsv.gz
"(79,80]",65789,PES001.B0101.SG1.3.classified_gc_rl.tsv.gz
"(80,81]",33414,PES001.B0101.SG1.3.classified_gc_rl.tsv.gz
"(81,82]",27282,PES001.B0101.SG1.3.classified_gc_rl.tsv.gz
"(82,83]",16075,PES001.B0101.SG1.3.classified_gc_rl.tsv.gz
"(83,84]",10068,PES001.B0101.SG1.3.classified_gc_rl.tsv.gz
"(84,85]",6511,PES001.B0101.SG1.3.classified_gc_rl.tsv.gz
"(85,86]",3628,PES001.B0101.SG1.3.classified_gc_rl.tsv.gz
"(86,87]",2501,PES001.B0101.SG1.3.classified_gc_rl.tsv.gz
"(87,88]",1409,PES001.B0101.SG1.3.classified_gc_rl.tsv.gz
"(88,89]",782,PES001.B0101.SG1.3.classified_gc_rl.tsv.gz
"(89,90]",570,PES001.B0101.SG1.3.classified_gc_rl.tsv.gz
"(90,91]",248,PES001.B0101.SG1.3.classified_gc_rl.tsv.gz
"(91,92]",162,PES001.B0101.SG1.3.classified_gc_rl.tsv.gz
"(92,93]",95,PES001.B0101.SG1.3.classified_gc_rl.tsv.gz
"(93,94]",87,PES001.B0101.SG1.3.classified_gc_rl.tsv.gz
"(94,95]",66,PES001.B0101.SG1.3.classified_gc_rl.tsv.gz
"(95,96]",41,PES001.B0101.SG1.3.classified_gc_rl.tsv.gz
"(96,97]",35,PES001.B0101.SG1.3.classified_gc_rl.tsv.gz
"(97,98]",56,PES001.B0101.SG1.3.classified_gc_rl.tsv.gz
"(98,99]",71,PES001.B0101.SG1.3.classified_gc_rl.tsv.gz
"(99,100]",184,PES001.B0101.SG1.3.classified_gc_rl.tsv.gz
"[0,1]",1,PES001.B0102.SG1.5.classified_gc_rl.tsv.gz
"(1,2]",10,PES001.B0102.SG1.5.classified_gc_rl.tsv.gz
"(2,3]",5,PES001.B0102.SG1.5.classified_gc_rl.tsv.gz
"(3,4]",18,PES001.B0102.SG1.5.classified_gc_rl.tsv.gz
"(4,5]",26,PES001.B0102.SG1.5.classified_gc_rl.tsv.gz
"(5,6]",43,PES001.B0102.SG1.5.classified_gc_rl.tsv.gz
"(6,7]",49,PES001.B0102.SG1.5.classified_gc_rl.tsv.gz
"(7,8]",84,PES001.B0102.SG1.5.classified_gc_rl.tsv.gz
"(8,9]",122,PES001.B0102.SG1.5.classified_gc_rl.tsv.gz
"(9,10]",166,PES001.B0102.SG1.5.classified_gc_rl.tsv.gz
"(10,11]",288,PES001.B0102.SG1.5.classified_gc_rl.tsv.gz
"(11,12]",441,PES001.B0102.SG1.5.classified_gc_rl.tsv.gz
"(12,13]",553,PES001.B0102.SG1.5.classified_gc_rl.tsv.gz
"(13,14]",967,PES001.B0102.SG1.5.classified_gc_rl.tsv.gz
"(14,15]",1295,PES001.B0102.SG1.5.classified_gc_rl.tsv.gz
"(15,16]",1898,PES001.B0102.SG1.5.classified_gc_rl.tsv.gz
"(16,17]",2115,PES001.B0102.SG1.5.classified_gc_rl.tsv.gz
"(17,18]",3655,PES001.B0102.SG1.5.classified_gc_rl.tsv.gz
"(18,19]",4413,PES001.B0102.SG1.5.classified_gc_rl.tsv.gz
"(19,20]",7174,PES001.B0102.SG1.5.classified_gc_rl.tsv.gz
"(20,21]",5890,PES001.B0102.SG1.5.classified_gc_rl.tsv.gz
"(21,22]",10484,PES001.B0102.SG1.5.classified_gc_rl.tsv.gz
"(22,23]",12191,PES001.B0102.SG1.5.classified_gc_rl.tsv.gz
"(23,24]",16403,PES001.B0102.SG1.5.classified_gc_rl.tsv.gz
"(24,25]",21818,PES001.B0102.SG1.5.classified_gc_rl.tsv.gz
"(25,26]",15115,PES001.B0102.SG1.5.classified_gc_rl.tsv.gz
"(26,27]",25825,PES001.B0102.SG1.5.classified_gc_rl.tsv.gz
"(27,28]",31505,PES001.B0102.SG1.5.classified_gc_rl.tsv.gz
"(28,29]",34217,PES001.B0102.SG1.5.classified_gc_rl.tsv.gz
"(29,30]",35026,PES001.B0102.SG1.5.classified_gc_rl.tsv.gz
"(30,31]",43051,PES001.B0102.SG1.5.classified_gc_rl.tsv.gz
"(31,32]",52487,PES001.B0102.SG1.5.classified_gc_rl.tsv.gz
"(32,33]",55465,PES001.B0102.SG1.5.classified_gc_rl.tsv.gz
"(33,34]",50012,PES001.B0102.SG1.5.classified_gc_rl.tsv.gz
"(34,35]",72175,PES001.B0102.SG1.5.classified_gc_rl.tsv.gz
"(35,36]",76436,PES001.B0102.SG1.5.classified_gc_rl.tsv.gz
"(36,37]",83218,PES001.B0102.SG1.5.classified_gc_rl.tsv.gz
"(37,38]",75836,PES001.B0102.SG1.5.classified_gc_rl.tsv.gz
"(38,39]",98020,PES001.B0102.SG1.5.classified_gc_rl.tsv.gz
"(39,40]",121424,PES001.B0102.SG1.5.classified_gc_rl.tsv.gz
"(40,41]",97516,PES001.B0102.SG1.5.classified_gc_rl.tsv.gz
"(41,42]",102950,PES001.B0102.SG1.5.classified_gc_rl.tsv.gz
"(42,43]",121412,PES001.B0102.SG1.5.classified_gc_rl.tsv.gz
"(43,44]",132835,PES001.B0102.SG1.5.classified_gc_rl.tsv.gz
"(44,45]",124932,PES001.B0102.SG1.5.classified_gc_rl.tsv.gz
"(45,46]",105366,PES001.B0102.SG1.5.classified_gc_rl.tsv.gz
"(46,47]",123240,PES001.B0102.SG1.5.classified_gc_rl.tsv.gz
"(47,48]",124151,PES001.B0102.SG1.5.classified_gc_rl.tsv.gz
"(48,49]",108300,PES001.B0102.SG1.5.classified_gc_rl.tsv.gz
"(49,50]",142386,PES001.B0102.SG1.5.classified_gc_rl.tsv.gz
"(50,51]",51873,PES001.B0102.SG1.5.classified_gc_rl.tsv.gz
"(51,52]",98806,PES001.B0102.SG1.5.classified_gc_rl.tsv.gz
"(52,53]",92794,PES001.B0102.SG1.5.classified_gc_rl.tsv.gz
"(53,54]",92947,PES001.B0102.SG1.5.classified_gc_rl.tsv.gz
"(54,55]",80700,PES001.B0102.SG1.5.classified_gc_rl.tsv.gz
"(55,56]",85767,PES001.B0102.SG1.5.classified_gc_rl.tsv.gz
"(56,57]",87730,PES001.B0102.SG1.5.classified_gc_rl.tsv.gz
"(57,58]",92407,PES001.B0102.SG1.5.classified_gc_rl.tsv.gz
"(58,59]",83220,PES001.B0102.SG1.5.classified_gc_rl.tsv.gz
"(59,60]",110972,PES001.B0102.SG1.5.classified_gc_rl.tsv.gz
"(60,61]",87080,PES001.B0102.SG1.5.classified_gc_rl.tsv.gz
"(61,62]",105167,PES001.B0102.SG1.5.classified_gc_rl.tsv.gz
"(62,63]",92477,PES001.B0102.SG1.5.classified_gc_rl.tsv.gz
"(63,64]",112460,PES001.B0102.SG1.5.classified_gc_rl.tsv.gz
"(64,65]",109136,PES001.B0102.SG1.5.classified_gc_rl.tsv.gz
"(65,66]",107113,PES001.B0102.SG1.5.classified_gc_rl.tsv.gz
"(66,67]",89133,PES001.B0102.SG1.5.classified_gc_rl.tsv.gz
"(67,68]",102919,PES001.B0102.SG1.5.classified_gc_rl.tsv.gz
"(68,69]",88903,PES001.B0102.SG1.5.classified_gc_rl.tsv.gz
"(69,70]",91741,PES001.B0102.SG1.5.classified_gc_rl.tsv.gz
"(70,71]",63849,PES001.B0102.SG1.5.classified_gc_rl.tsv.gz
"(71,72]",66913,PES001.B0102.SG1.5.classified_gc_rl.tsv.gz
"(72,73]",53736,PES001.B0102.SG1.5.classified_gc_rl.tsv.gz
"(73,74]",45302,PES001.B0102.SG1.5.classified_gc_rl.tsv.gz
"(74,75]",39477,PES001.B0102.SG1.5.classified_gc_rl.tsv.gz
"(75,76]",20340,PES001.B0102.SG1.5.classified_gc_rl.tsv.gz
"(76,77]",20463,PES001.B0102.SG1.5.classified_gc_rl.tsv.gz
"(77,78]",15076,PES001.B0102.SG1.5.classified_gc_rl.tsv.gz
"(78,79]",10663,PES001.B0102.SG1.5.classified_gc_rl.tsv.gz
"(79,80]",8830,PES001.B0102.SG1.5.classified_gc_rl.tsv.gz
"(80,81]",4092,PES001.B0102.SG1.5.classified_gc_rl.tsv.gz
"(81,82]",3524,PES001.B0102.SG1.5.classified_gc_rl.tsv.gz
"(82,83]",2319,PES001.B0102.SG1.5.classified_gc_rl.tsv.gz
"(83,84]",1458,PES001.B0102.SG1.5.classified_gc_rl.tsv.gz
"(84,85]",1033,PES001.B0102.SG1.5.classified_gc_rl.tsv.gz
"(85,86]",438,PES001.B0102.SG1.5.classified_gc_rl.tsv.gz
"(86,87]",377,PES001.B0102.SG1.5.classified_gc_rl.tsv.gz
"(87,88]",188,PES001.B0102.SG1.5.classified_gc_rl.tsv.gz
"(88,89]",88,PES001.B0102.SG1.5.classified_gc_rl.tsv.gz
"(89,90]",64,PES001.B0102.SG1.5.classified_gc_rl.tsv.gz
"(90,91]",20,PES001.B0102.SG1.5.classified_gc_rl.tsv.gz
"(91,92]",5,PES001.B0102.SG1.5.classified_gc_rl.tsv.gz
"(92,93]",3,PES001.B0102.SG1.5.classified_gc_rl.tsv.gz
"(93,94]",4,PES001.B0102.SG1.5.classified_gc_rl.tsv.gz
"(94,95]",7,PES001.B0102.SG1.5.classified_gc_rl.tsv.gz
"(96,97]",2,PES001.B0102.SG1.5.classified_gc_rl.tsv.gz
"(97,98]",3,PES001.B0102.SG1.5.classified_gc_rl.tsv.gz
"(98,99]",2,PES001.B0102.SG1.5.classified_gc_rl.tsv.gz
"(99,100]",16,PES001.B0102.SG1.5.classified_gc_rl.tsv.gz
"[0,1]",2,SPM002.A0101.SG1.1.classified_gc_rl.tsv.gz
"(1,2]",5,SPM002.A0101.SG1.1.classified_gc_rl.tsv.gz
"(2,3]",2,SPM002.A0101.SG1.1.classified_gc_rl.tsv.gz
"(3,4]",3,SPM002.A0101.SG1.1.classified_gc_rl.tsv.gz
"(4,5]",2,SPM002.A0101.SG1.1.classified_gc_rl.tsv.gz
"(5,6]",10,SPM002.A0101.SG1.1.classified_gc_rl.tsv.gz
"(6,7]",4,SPM002.A0101.SG1.1.classified_gc_rl.tsv.gz
"(7,8]",3,SPM002.A0101.SG1.1.classified_gc_rl.tsv.gz
"(8,9]",7,SPM002.A0101.SG1.1.classified_gc_rl.tsv.gz
"(9,10]",12,SPM002.A0101.SG1.1.classified_gc_rl.tsv.gz
"(10,11]",9,SPM002.A0101.SG1.1.classified_gc_rl.tsv.gz
"(11,12]",9,SPM002.A0101.SG1.1.classified_gc_rl.tsv.gz
"(12,13]",7,SPM002.A0101.SG1.1.classified_gc_rl.tsv.gz
"(13,14]",5,SPM002.A0101.SG1.1.classified_gc_rl.tsv.gz
"(14,15]",15,SPM002.A0101.SG1.1.classified_gc_rl.tsv.gz
"(15,16]",12,SPM002.A0101.SG1.1.classified_gc_rl.tsv.gz
"(16,17]",8,SPM002.A0101.SG1.1.classified_gc_rl.tsv.gz
"(17,18]",33,SPM002.A0101.SG1.1.classified_gc_rl.tsv.gz
"(18,19]",53,SPM002.A0101.SG1.1.classified_gc_rl.tsv.gz
"(19,20]",64,SPM002.A0101.SG1.1.classified_gc_rl.tsv.gz
"(20,21]",84,SPM002.A0101.SG1.1.classified_gc_rl.tsv.gz
"(21,22]",189,SPM002.A0101.SG1.1.classified_gc_rl.tsv.gz
"(22,23]",259,SPM002.A0101.SG1.1.classified_gc_rl.tsv.gz
"(23,24]",403,SPM002.A0101.SG1.1.classified_gc_rl.tsv.gz
"(24,25]",529,SPM002.A0101.SG1.1.classified_gc_rl.tsv.gz
"(25,26]",492,SPM002.A0101.SG1.1.classified_gc_rl.tsv.gz
"(26,27]",879,SPM002.A0101.SG1.1.classified_gc_rl.tsv.gz
"(27,28]",1207,SPM002.A0101.SG1.1.classified_gc_rl.tsv.gz
"(28,29]",1333,SPM002.A0101.SG1.1.classified_gc_rl.tsv.gz
"(29,30]",1434,SPM002.A0101.SG1.1.classified_gc_rl.tsv.gz
"(30,31]",2270,SPM002.A0101.SG1.1.classified_gc_rl.tsv.gz
"(31,32]",2859,SPM002.A0101.SG1.1.classified_gc_rl.tsv.gz
"(32,33]",3190,SPM002.A0101.SG1.1.classified_gc_rl.tsv.gz
"(33,34]",3893,SPM002.A0101.SG1.1.classified_gc_rl.tsv.gz
"(34,35]",5858,SPM002.A0101.SG1.1.classified_gc_rl.tsv.gz
"(35,36]",6856,SPM002.A0101.SG1.1.classified_gc_rl.tsv.gz
"(36,37]",7506,SPM002.A0101.SG1.1.classified_gc_rl.tsv.gz
"(37,38]",7223,SPM002.A0101.SG1.1.classified_gc_rl.tsv.gz
"(38,39]",8123,SPM002.A0101.SG1.1.classified_gc_rl.tsv.gz
"(39,40]",8609,SPM002.A0101.SG1.1.classified_gc_rl.tsv.gz
"(40,41]",6366,SPM002.A0101.SG1.1.classified_gc_rl.tsv.gz
"(41,42]",5730,SPM002.A0101.SG1.1.classified_gc_rl.tsv.gz
"(42,43]",6596,SPM002.A0101.SG1.1.classified_gc_rl.tsv.gz
"(43,44]",6513,SPM002.A0101.SG1.1.classified_gc_rl.tsv.gz
"(44,45]",5814,SPM002.A0101.SG1.1.classified_gc_rl.tsv.gz
"(45,46]",5008,SPM002.A0101.SG1.1.classified_gc_rl.tsv.gz
"(46,47]",6635,SPM002.A0101.SG1.1.classified_gc_rl.tsv.gz
"(47,48]",7472,SPM002.A0101.SG1.1.classified_gc_rl.tsv.gz
"(48,49]",6769,SPM002.A0101.SG1.1.classified_gc_rl.tsv.gz
"(49,50]",10092,SPM002.A0101.SG1.1.classified_gc_rl.tsv.gz
"(50,51]",4486,SPM002.A0101.SG1.1.classified_gc_rl.tsv.gz
"(51,52]",9635,SPM002.A0101.SG1.1.classified_gc_rl.tsv.gz
"(52,53]",10573,SPM002.A0101.SG1.1.classified_gc_rl.tsv.gz
"(53,54]",12882,SPM002.A0101.SG1.1.classified_gc_rl.tsv.gz
"(54,55]",11828,SPM002.A0101.SG1.1.classified_gc_rl.tsv.gz
"(55,56]",17496,SPM002.A0101.SG1.1.classified_gc_rl.tsv.gz
"(56,57]",19300,SPM002.A0101.SG1.1.classified_gc_rl.tsv.gz
"(57,58]",23113,SPM002.A0101.SG1.1.classified_gc_rl.tsv.gz
"(58,59]",20171,SPM002.A0101.SG1.1.classified_gc_rl.tsv.gz
"(59,60]",29285,SPM002.A0101.SG1.1.classified_gc_rl.tsv.gz
"(60,61]",22950,SPM002.A0101.SG1.1.classified_gc_rl.tsv.gz
"(61,62]",27242,SPM002.A0101.SG1.1.classified_gc_rl.tsv.gz
"(62,63]",19990,SPM002.A0101.SG1.1.classified_gc_rl.tsv.gz
"(63,64]",25906,SPM002.A0101.SG1.1.classified_gc_rl.tsv.gz
"(64,65]",21696,SPM002.A0101.SG1.1.classified_gc_rl.tsv.gz
"(65,66]",19802,SPM002.A0101.SG1.1.classified_gc_rl.tsv.gz
"(66,67]",13344,SPM002.A0101.SG1.1.classified_gc_rl.tsv.gz
"(67,68]",15304,SPM002.A0101.SG1.1.classified_gc_rl.tsv.gz
"(68,69]",10871,SPM002.A0101.SG1.1.classified_gc_rl.tsv.gz
"(69,70]",9937,SPM002.A0101.SG1.1.classified_gc_rl.tsv.gz
"(70,71]",5811,SPM002.A0101.SG1.1.classified_gc_rl.tsv.gz
"(71,72]",6344,SPM002.A0101.SG1.1.classified_gc_rl.tsv.gz
"(72,73]",4418,SPM002.A0101.SG1.1.classified_gc_rl.tsv.gz
"(73,74]",3681,SPM002.A0101.SG1.1.classified_gc_rl.tsv.gz
"(74,75]",3078,SPM002.A0101.SG1.1.classified_gc_rl.tsv.gz
"(75,76]",1491,SPM002.A0101.SG1.1.classified_gc_rl.tsv.gz
"(76,77]",1485,SPM002.A0101.SG1.1.classified_gc_rl.tsv.gz
"(77,78]",1223,SPM002.A0101.SG1.1.classified_gc_rl.tsv.gz
"(78,79]",751,SPM002.A0101.SG1.1.classified_gc_rl.tsv.gz
"(79,80]",603,SPM002.A0101.SG1.1.classified_gc_rl.tsv.gz
"(80,81]",262,SPM002.A0101.SG1.1.classified_gc_rl.tsv.gz
"(81,82]",272,SPM002.A0101.SG1.1.classified_gc_rl.tsv.gz
"(82,83]",204,SPM002.A0101.SG1.1.classified_gc_rl.tsv.gz
"(83,84]",131,SPM002.A0101.SG1.1.classified_gc_rl.tsv.gz
"(84,85]",77,SPM002.A0101.SG1.1.classified_gc_rl.tsv.gz
"(85,86]",76,SPM002.A0101.SG1.1.classified_gc_rl.tsv.gz
"(86,87]",56,SPM002.A0101.SG1.1.classified_gc_rl.tsv.gz
"(87,88]",26,SPM002.A0101.SG1.1.classified_gc_rl.tsv.gz
"(88,89]",23,SPM002.A0101.SG1.1.classified_gc_rl.tsv.gz
"(89,90]",39,SPM002.A0101.SG1.1.classified_gc_rl.tsv.gz
"(90,91]",19,SPM002.A0101.SG1.1.classified_gc_rl.tsv.gz
"(91,92]",17,SPM002.A0101.SG1.1.classified_gc_rl.tsv.gz
"(92,93]",19,SPM002.A0101.SG1.1.classified_gc_rl.tsv.gz
"(93,94]",27,SPM002.A0101.SG1.1.classified_gc_rl.tsv.gz
"(94,95]",25,SPM002.A0101.SG1.1.classified_gc_rl.tsv.gz
"(95,96]",29,SPM002.A0101.SG1.1.classified_gc_rl.tsv.gz
"(96,97]",11,SPM002.A0101.SG1.1.classified_gc_rl.tsv.gz
"(97,98]",30,SPM002.A0101.SG1.1.classified_gc_rl.tsv.gz
"(98,99]",26,SPM002.A0101.SG1.1.classified_gc_rl.tsv.gz
"(99,100]",25,SPM002.A0101.SG1.1.classified_gc_rl.tsv.gz
"[0,1]",9,SPM002.A0103.SG1.4.classified_gc_rl.tsv.gz
"(1,2]",3,SPM002.A0103.SG1.4.classified_gc_rl.tsv.gz
"(2,3]",5,SPM002.A0103.SG1.4.classified_gc_rl.tsv.gz
"(3,4]",3,SPM002.A0103.SG1.4.classified_gc_rl.tsv.gz
"(4,5]",6,SPM002.A0103.SG1.4.classified_gc_rl.tsv.gz
"(5,6]",18,SPM002.A0103.SG1.4.classified_gc_rl.tsv.gz
"(6,7]",20,SPM002.A0103.SG1.4.classified_gc_rl.tsv.gz
"(7,8]",18,SPM002.A0103.SG1.4.classified_gc_rl.tsv.gz
"(8,9]",25,SPM002.A0103.SG1.4.classified_gc_rl.tsv.gz
"(9,10]",45,SPM002.A0103.SG1.4.classified_gc_rl.tsv.gz
"(10,11]",42,SPM002.A0103.SG1.4.classified_gc_rl.tsv.gz
"(11,12]",52,SPM002.A0103.SG1.4.classified_gc_rl.tsv.gz
"(12,13]",50,SPM002.A0103.SG1.4.classified_gc_rl.tsv.gz
"(13,14]",97,SPM002.A0103.SG1.4.classified_gc_rl.tsv.gz
"(14,15]",89,SPM002.A0103.SG1.4.classified_gc_rl.tsv.gz
"(15,16]",159,SPM002.A0103.SG1.4.classified_gc_rl.tsv.gz
"(16,17]",141,SPM002.A0103.SG1.4.classified_gc_rl.tsv.gz
"(17,18]",282,SPM002.A0103.SG1.4.classified_gc_rl.tsv.gz
"(18,19]",313,SPM002.A0103.SG1.4.classified_gc_rl.tsv.gz
"(19,20]",499,SPM002.A0103.SG1.4.classified_gc_rl.tsv.gz
"(20,21]",350,SPM002.A0103.SG1.4.classified_gc_rl.tsv.gz
"(21,22]",628,SPM002.A0103.SG1.4.classified_gc_rl.tsv.gz
"(22,23]",691,SPM002.A0103.SG1.4.classified_gc_rl.tsv.gz
"(23,24]",717,SPM002.A0103.SG1.4.classified_gc_rl.tsv.gz
"(24,25]",854,SPM002.A0103.SG1.4.classified_gc_rl.tsv.gz
"(25,26]",535,SPM002.A0103.SG1.4.classified_gc_rl.tsv.gz
"(26,27]",803,SPM002.A0103.SG1.4.classified_gc_rl.tsv.gz
"(27,28]",1046,SPM002.A0103.SG1.4.classified_gc_rl.tsv.gz
"(28,29]",1022,SPM002.A0103.SG1.4.classified_gc_rl.tsv.gz
"(29,30]",1124,SPM002.A0103.SG1.4.classified_gc_rl.tsv.gz
"(30,31]",1209,SPM002.A0103.SG1.4.classified_gc_rl.tsv.gz
"(31,32]",1371,SPM002.A0103.SG1.4.classified_gc_rl.tsv.gz
"(32,33]",1422,SPM002.A0103.SG1.4.classified_gc_rl.tsv.gz
"(33,34]",1448,SPM002.A0103.SG1.4.classified_gc_rl.tsv.gz
"(34,35]",1962,SPM002.A0103.SG1.4.classified_gc_rl.tsv.gz
"(35,36]",2007,SPM002.A0103.SG1.4.classified_gc_rl.tsv.gz
"(36,37]",2110,SPM002.A0103.SG1.4.classified_gc_rl.tsv.gz
"(37,38]",1941,SPM002.A0103.SG1.4.classified_gc_rl.tsv.gz
"(38,39]",2129,SPM002.A0103.SG1.4.classified_gc_rl.tsv.gz
"(39,40]",2360,SPM002.A0103.SG1.4.classified_gc_rl.tsv.gz
"(40,41]",1806,SPM002.A0103.SG1.4.classified_gc_rl.tsv.gz
"(41,42]",1703,SPM002.A0103.SG1.4.classified_gc_rl.tsv.gz
"(42,43]",1785,SPM002.A0103.SG1.4.classified_gc_rl.tsv.gz
"(43,44]",1789,SPM002.A0103.SG1.4.classified_gc_rl.tsv.gz
"(44,45]",1530,SPM002.A0103.SG1.4.classified_gc_rl.tsv.gz
"(45,46]",1391,SPM002.A0103.SG1.4.classified_gc_rl.tsv.gz
"(46,47]",1530,SPM002.A0103.SG1.4.classified_gc_rl.tsv.gz
"(47,48]",1847,SPM002.A0103.SG1.4.classified_gc_rl.tsv.gz
"(48,49]",1715,SPM002.A0103.SG1.4.classified_gc_rl.tsv.gz
"(49,50]",2603,SPM002.A0103.SG1.4.classified_gc_rl.tsv.gz
"(50,51]",846,SPM002.A0103.SG1.4.classified_gc_rl.tsv.gz
"(51,52]",2411,SPM002.A0103.SG1.4.classified_gc_rl.tsv.gz
"(52,53]",2531,SPM002.A0103.SG1.4.classified_gc_rl.tsv.gz
"(53,54]",2839,SPM002.A0103.SG1.4.classified_gc_rl.tsv.gz
"(54,55]",2760,SPM002.A0103.SG1.4.classified_gc_rl.tsv.gz
"(55,56]",2949,SPM002.A0103.SG1.4.classified_gc_rl.tsv.gz
"(56,57]",3634,SPM002.A0103.SG1.4.classified_gc_rl.tsv.gz
"(57,58]",3733,SPM002.A0103.SG1.4.classified_gc_rl.tsv.gz
"(58,59]",3486,SPM002.A0103.SG1.4.classified_gc_rl.tsv.gz
"(59,60]",4543,SPM002.A0103.SG1.4.classified_gc_rl.tsv.gz
"(60,61]",3413,SPM002.A0103.SG1.4.classified_gc_rl.tsv.gz
"(61,62]",3871,SPM002.A0103.SG1.4.classified_gc_rl.tsv.gz
"(62,63]",3419,SPM002.A0103.SG1.4.classified_gc_rl.tsv.gz
"(63,64]",3745,SPM002.A0103.SG1.4.classified_gc_rl.tsv.gz
"(64,65]",3402,SPM002.A0103.SG1.4.classified_gc_rl.tsv.gz
"(65,66]",3090,SPM002.A0103.SG1.4.classified_gc_rl.tsv.gz
"(66,67]",2300,SPM002.A0103.SG1.4.classified_gc_rl.tsv.gz
"(67,68]",2317,SPM002.A0103.SG1.4.classified_gc_rl.tsv.gz
"(68,69]",1932,SPM002.A0103.SG1.4.classified_gc_rl.tsv.gz
"(69,70]",2071,SPM002.A0103.SG1.4.classified_gc_rl.tsv.gz
"(70,71]",1180,SPM002.A0103.SG1.4.classified_gc_rl.tsv.gz
"(71,72]",1341,SPM002.A0103.SG1.4.classified_gc_rl.tsv.gz
"(72,73]",1026,SPM002.A0103.SG1.4.classified_gc_rl.tsv.gz
"(73,74]",810,SPM002.A0103.SG1.4.classified_gc_rl.tsv.gz
"(74,75]",675,SPM002.A0103.SG1.4.classified_gc_rl.tsv.gz
"(75,76]",413,SPM002.A0103.SG1.4.classified_gc_rl.tsv.gz
"(76,77]",442,SPM002.A0103.SG1.4.classified_gc_rl.tsv.gz
"(77,78]",295,SPM002.A0103.SG1.4.classified_gc_rl.tsv.gz
"(78,79]",270,SPM002.A0103.SG1.4.classified_gc_rl.tsv.gz
"(79,80]",190,SPM002.A0103.SG1.4.classified_gc_rl.tsv.gz
"(80,81]",108,SPM002.A0103.SG1.4.classified_gc_rl.tsv.gz
"(81,82]",99,SPM002.A0103.SG1.4.classified_gc_rl.tsv.gz
"(82,83]",62,SPM002.A0103.SG1.4.classified_gc_rl.tsv.gz
"(83,84]",52,SPM002.A0103.SG1.4.classified_gc_rl.tsv.gz
"(84,85]",37,SPM002.A0103.SG1.4.classified_gc_rl.tsv.gz
"(85,86]",7,SPM002.A0103.SG1.4.classified_gc_rl.tsv.gz
"(86,87]",19,SPM002.A0103.SG1.4.classified_gc_rl.tsv.gz
"(87,88]",5,SPM002.A0103.SG1.4.classified_gc_rl.tsv.gz
"(88,89]",6,SPM002.A0103.SG1.4.classified_gc_rl.tsv.gz
"(89,90]",4,SPM002.A0103.SG1.4.classified_gc_rl.tsv.gz
"(90,91]",1,SPM002.A0103.SG1.4.classified_gc_rl.tsv.gz
"(91,92]",2,SPM002.A0103.SG1.4.classified_gc_rl.tsv.gz
"(93,94]",1,SPM002.A0103.SG1.4.classified_gc_rl.tsv.gz
"(94,95]",1,SPM002.A0103.SG1.4.classified_gc_rl.tsv.gz
"(95,96]",2,SPM002.A0103.SG1.4.classified_gc_rl.tsv.gz
"(97,98]",1,SPM002.A0103.SG1.4.classified_gc_rl.tsv.gz
"(98,99]",3,SPM002.A0103.SG1.4.classified_gc_rl.tsv.gz
"(2,3]",2,VLD001.A0101.SG1.1.classified_gc_rl.tsv.gz
"(4,5]",1,VLD001.A0101.SG1.1.classified_gc_rl.tsv.gz
"(6,7]",1,VLD001.A0101.SG1.1.classified_gc_rl.tsv.gz
"(9,10]",1,VLD001.A0101.SG1.1.classified_gc_rl.tsv.gz
"(10,11]",3,VLD001.A0101.SG1.1.classified_gc_rl.tsv.gz
"(11,12]",11,VLD001.A0101.SG1.1.classified_gc_rl.tsv.gz
"(12,13]",9,VLD001.A0101.SG1.1.classified_gc_rl.tsv.gz
"(13,14]",23,VLD001.A0101.SG1.1.classified_gc_rl.tsv.gz
"(14,15]",40,VLD001.A0101.SG1.1.classified_gc_rl.tsv.gz
"(15,16]",68,VLD001.A0101.SG1.1.classified_gc_rl.tsv.gz
"(16,17]",112,VLD001.A0101.SG1.1.classified_gc_rl.tsv.gz
"(17,18]",143,VLD001.A0101.SG1.1.classified_gc_rl.tsv.gz
"(18,19]",217,VLD001.A0101.SG1.1.classified_gc_rl.tsv.gz
"(19,20]",402,VLD001.A0101.SG1.1.classified_gc_rl.tsv.gz
"(20,21]",434,VLD001.A0101.SG1.1.classified_gc_rl.tsv.gz
"(21,22]",725,VLD001.A0101.SG1.1.classified_gc_rl.tsv.gz
"(22,23]",981,VLD001.A0101.SG1.1.classified_gc_rl.tsv.gz
"(23,24]",1379,VLD001.A0101.SG1.1.classified_gc_rl.tsv.gz
"(24,25]",2113,VLD001.A0101.SG1.1.classified_gc_rl.tsv.gz
"(25,26]",1884,VLD001.A0101.SG1.1.classified_gc_rl.tsv.gz
"(26,27]",2898,VLD001.A0101.SG1.1.classified_gc_rl.tsv.gz
"(27,28]",3952,VLD001.A0101.SG1.1.classified_gc_rl.tsv.gz
"(28,29]",4539,VLD001.A0101.SG1.1.classified_gc_rl.tsv.gz
"(29,30]",5991,VLD001.A0101.SG1.1.classified_gc_rl.tsv.gz
"(30,31]",6211,VLD001.A0101.SG1.1.classified_gc_rl.tsv.gz
"(31,32]",8248,VLD001.A0101.SG1.1.classified_gc_rl.tsv.gz
"(32,33]",9231,VLD001.A0101.SG1.1.classified_gc_rl.tsv.gz
"(33,34]",10334,VLD001.A0101.SG1.1.classified_gc_rl.tsv.gz
"(34,35]",12901,VLD001.A0101.SG1.1.classified_gc_rl.tsv.gz
"(35,36]",13913,VLD001.A0101.SG1.1.classified_gc_rl.tsv.gz
"(36,37]",15445,VLD001.A0101.SG1.1.classified_gc_rl.tsv.gz
"(37,38]",17086,VLD001.A0101.SG1.1.classified_gc_rl.tsv.gz
"(38,39]",18960,VLD001.A0101.SG1.1.classified_gc_rl.tsv.gz
"(39,40]",24178,VLD001.A0101.SG1.1.classified_gc_rl.tsv.gz
"(40,41]",18465,VLD001.A0101.SG1.1.classified_gc_rl.tsv.gz
"(41,42]",23382,VLD001.A0101.SG1.1.classified_gc_rl.tsv.gz
"(42,43]",23792,VLD001.A0101.SG1.1.classified_gc_rl.tsv.gz
"(43,44]",27469,VLD001.A0101.SG1.1.classified_gc_rl.tsv.gz
"(44,45]",26389,VLD001.A0101.SG1.1.classified_gc_rl.tsv.gz
"(45,46]",25177,VLD001.A0101.SG1.1.classified_gc_rl.tsv.gz
"(46,47]",26947,VLD001.A0101.SG1.1.classified_gc_rl.tsv.gz
"(47,48]",28827,VLD001.A0101.SG1.1.classified_gc_rl.tsv.gz
"(48,49]",26986,VLD001.A0101.SG1.1.classified_gc_rl.tsv.gz
"(49,50]",39763,VLD001.A0101.SG1.1.classified_gc_rl.tsv.gz
"(50,51]",15300,VLD001.A0101.SG1.1.classified_gc_rl.tsv.gz
"(51,52]",31273,VLD001.A0101.SG1.1.classified_gc_rl.tsv.gz
"(52,53]",31670,VLD001.A0101.SG1.1.classified_gc_rl.tsv.gz
"(53,54]",35809,VLD001.A0101.SG1.1.classified_gc_rl.tsv.gz
"(54,55]",36469,VLD001.A0101.SG1.1.classified_gc_rl.tsv.gz
"(55,56]",39513,VLD001.A0101.SG1.1.classified_gc_rl.tsv.gz
"(56,57]",43200,VLD001.A0101.SG1.1.classified_gc_rl.tsv.gz
"(57,58]",48392,VLD001.A0101.SG1.1.classified_gc_rl.tsv.gz
"(58,59]",48479,VLD001.A0101.SG1.1.classified_gc_rl.tsv.gz
"(59,60]",64708,VLD001.A0101.SG1.1.classified_gc_rl.tsv.gz
"(60,61]",49240,VLD001.A0101.SG1.1.classified_gc_rl.tsv.gz
"(61,62]",62549,VLD001.A0101.SG1.1.classified_gc_rl.tsv.gz
"(62,63]",59192,VLD001.A0101.SG1.1.classified_gc_rl.tsv.gz
"(63,64]",67473,VLD001.A0101.SG1.1.classified_gc_rl.tsv.gz
"(64,65]",65913,VLD001.A0101.SG1.1.classified_gc_rl.tsv.gz
"(65,66]",64849,VLD001.A0101.SG1.1.classified_gc_rl.tsv.gz
"(66,67]",57443,VLD001.A0101.SG1.1.classified_gc_rl.tsv.gz
"(67,68]",63431,VLD001.A0101.SG1.1.classified_gc_rl.tsv.gz
"(68,69]",55624,VLD001.A0101.SG1.1.classified_gc_rl.tsv.gz
"(69,70]",60101,VLD001.A0101.SG1.1.classified_gc_rl.tsv.gz
"(70,71]",43540,VLD001.A0101.SG1.1.classified_gc_rl.tsv.gz
"(71,72]",46731,VLD001.A0101.SG1.1.classified_gc_rl.tsv.gz
"(72,73]",37976,VLD001.A0101.SG1.1.classified_gc_rl.tsv.gz
"(73,74]",35318,VLD001.A0101.SG1.1.classified_gc_rl.tsv.gz
"(74,75]",32324,VLD001.A0101.SG1.1.classified_gc_rl.tsv.gz
"(75,76]",17678,VLD001.A0101.SG1.1.classified_gc_rl.tsv.gz
"(76,77]",18413,VLD001.A0101.SG1.1.classified_gc_rl.tsv.gz
"(77,78]",14392,VLD001.A0101.SG1.1.classified_gc_rl.tsv.gz
"(78,79]",11192,VLD001.A0101.SG1.1.classified_gc_rl.tsv.gz
"(79,80]",9463,VLD001.A0101.SG1.1.classified_gc_rl.tsv.gz
"(80,81]",4888,VLD001.A0101.SG1.1.classified_gc_rl.tsv.gz
"(81,82]",4429,VLD001.A0101.SG1.1.classified_gc_rl.tsv.gz
"(82,83]",2933,VLD001.A0101.SG1.1.classified_gc_rl.tsv.gz
"(83,84]",1980,VLD001.A0101.SG1.1.classified_gc_rl.tsv.gz
"(84,85]",1438,VLD001.A0101.SG1.1.classified_gc_rl.tsv.gz
"(85,86]",807,VLD001.A0101.SG1.1.classified_gc_rl.tsv.gz
"(86,87]",604,VLD001.A0101.SG1.1.classified_gc_rl.tsv.gz
"(87,88]",370,VLD001.A0101.SG1.1.classified_gc_rl.tsv.gz
"(88,89]",207,VLD001.A0101.SG1.1.classified_gc_rl.tsv.gz
"(89,90]",169,VLD001.A0101.SG1.1.classified_gc_rl.tsv.gz
"(90,91]",101,VLD001.A0101.SG1.1.classified_gc_rl.tsv.gz
"(91,92]",67,VLD001.A0101.SG1.1.classified_gc_rl.tsv.gz
"(92,93]",39,VLD001.A0101.SG1.1.classified_gc_rl.tsv.gz
"(93,94]",44,VLD001.A0101.SG1.1.classified_gc_rl.tsv.gz
"(94,95]",33,VLD001.A0101.SG1.1.classified_gc_rl.tsv.gz
"(95,96]",34,VLD001.A0101.SG1.1.classified_gc_rl.tsv.gz
"(96,97]",25,VLD001.A0101.SG1.1.classified_gc_rl.tsv.gz
"(97,98]",23,VLD001.A0101.SG1.1.classified_gc_rl.tsv.gz
"(98,99]",38,VLD001.A0101.SG1.1.classified_gc_rl.tsv.gz
"(99,100]",52,VLD001.A0101.SG1.1.classified_gc_rl.tsv.gz
"[0,1]",5,VLD001.A0102.SG1.2.classified_gc_rl.tsv.gz
"(1,2]",9,VLD001.A0102.SG1.2.classified_gc_rl.tsv.gz
"(2,3]",14,VLD001.A0102.SG1.2.classified_gc_rl.tsv.gz
"(3,4]",22,VLD001.A0102.SG1.2.classified_gc_rl.tsv.gz
"(4,5]",28,VLD001.A0102.SG1.2.classified_gc_rl.tsv.gz
"(5,6]",30,VLD001.A0102.SG1.2.classified_gc_rl.tsv.gz
"(6,7]",34,VLD001.A0102.SG1.2.classified_gc_rl.tsv.gz
"(7,8]",76,VLD001.A0102.SG1.2.classified_gc_rl.tsv.gz
"(8,9]",91,VLD001.A0102.SG1.2.classified_gc_rl.tsv.gz
"(9,10]",141,VLD001.A0102.SG1.2.classified_gc_rl.tsv.gz
"(10,11]",149,VLD001.A0102.SG1.2.classified_gc_rl.tsv.gz
"(11,12]",187,VLD001.A0102.SG1.2.classified_gc_rl.tsv.gz
"(12,13]",266,VLD001.A0102.SG1.2.classified_gc_rl.tsv.gz
"(13,14]",431,VLD001.A0102.SG1.2.classified_gc_rl.tsv.gz
"(14,15]",532,VLD001.A0102.SG1.2.classified_gc_rl.tsv.gz
"(15,16]",607,VLD001.A0102.SG1.2.classified_gc_rl.tsv.gz
"(16,17]",769,VLD001.A0102.SG1.2.classified_gc_rl.tsv.gz
"(17,18]",1099,VLD001.A0102.SG1.2.classified_gc_rl.tsv.gz
"(18,19]",1270,VLD001.A0102.SG1.2.classified_gc_rl.tsv.gz
"(19,20]",1995,VLD001.A0102.SG1.2.classified_gc_rl.tsv.gz
"(20,21]",1697,VLD001.A0102.SG1.2.classified_gc_rl.tsv.gz
"(21,22]",2543,VLD001.A0102.SG1.2.classified_gc_rl.tsv.gz
"(22,23]",2690,VLD001.A0102.SG1.2.classified_gc_rl.tsv.gz
"(23,24]",3760,VLD001.A0102.SG1.2.classified_gc_rl.tsv.gz
"(24,25]",4940,VLD001.A0102.SG1.2.classified_gc_rl.tsv.gz
"(25,26]",3610,VLD001.A0102.SG1.2.classified_gc_rl.tsv.gz
"(26,27]",5272,VLD001.A0102.SG1.2.classified_gc_rl.tsv.gz
"(27,28]",6697,VLD001.A0102.SG1.2.classified_gc_rl.tsv.gz
"(28,29]",7024,VLD001.A0102.SG1.2.classified_gc_rl.tsv.gz
"(29,30]",8406,VLD001.A0102.SG1.2.classified_gc_rl.tsv.gz
"(30,31]",8113,VLD001.A0102.SG1.2.classified_gc_rl.tsv.gz
"(31,32]",10166,VLD001.A0102.SG1.2.classified_gc_rl.tsv.gz
"(32,33]",9999,VLD001.A0102.SG1.2.classified_gc_rl.tsv.gz
"(33,34]",10899,VLD001.A0102.SG1.2.classified_gc_rl.tsv.gz
"(34,35]",13506,VLD001.A0102.SG1.2.classified_gc_rl.tsv.gz
"(35,36]",12769,VLD001.A0102.SG1.2.classified_gc_rl.tsv.gz
"(36,37]",13639,VLD001.A0102.SG1.2.classified_gc_rl.tsv.gz
"(37,38]",14254,VLD001.A0102.SG1.2.classified_gc_rl.tsv.gz
"(38,39]",14241,VLD001.A0102.SG1.2.classified_gc_rl.tsv.gz
"(39,40]",18830,VLD001.A0102.SG1.2.classified_gc_rl.tsv.gz
"(40,41]",12634,VLD001.A0102.SG1.2.classified_gc_rl.tsv.gz
"(41,42]",16471,VLD001.A0102.SG1.2.classified_gc_rl.tsv.gz
"(42,43]",15702,VLD001.A0102.SG1.2.classified_gc_rl.tsv.gz
"(43,44]",17537,VLD001.A0102.SG1.2.classified_gc_rl.tsv.gz
"(44,45]",16726,VLD001.A0102.SG1.2.classified_gc_rl.tsv.gz
"(45,46]",14865,VLD001.A0102.SG1.2.classified_gc_rl.tsv.gz
"(46,47]",15775,VLD001.A0102.SG1.2.classified_gc_rl.tsv.gz
"(47,48]",17881,VLD001.A0102.SG1.2.classified_gc_rl.tsv.gz
"(48,49]",15895,VLD001.A0102.SG1.2.classified_gc_rl.tsv.gz
"(49,50]",22162,VLD001.A0102.SG1.2.classified_gc_rl.tsv.gz
"(50,51]",6026,VLD001.A0102.SG1.2.classified_gc_rl.tsv.gz
"(51,52]",17861,VLD001.A0102.SG1.2.classified_gc_rl.tsv.gz
"(52,53]",17413,VLD001.A0102.SG1.2.classified_gc_rl.tsv.gz
"(53,54]",17717,VLD001.A0102.SG1.2.classified_gc_rl.tsv.gz
"(54,55]",18096,VLD001.A0102.SG1.2.classified_gc_rl.tsv.gz
"(55,56]",18019,VLD001.A0102.SG1.2.classified_gc_rl.tsv.gz
"(56,57]",19742,VLD001.A0102.SG1.2.classified_gc_rl.tsv.gz
"(57,58]",21109,VLD001.A0102.SG1.2.classified_gc_rl.tsv.gz
"(58,59]",20428,VLD001.A0102.SG1.2.classified_gc_rl.tsv.gz
"(59,60]",26409,VLD001.A0102.SG1.2.classified_gc_rl.tsv.gz
"(60,61]",19264,VLD001.A0102.SG1.2.classified_gc_rl.tsv.gz
"(61,62]",23640,VLD001.A0102.SG1.2.classified_gc_rl.tsv.gz
"(62,63]",22004,VLD001.A0102.SG1.2.classified_gc_rl.tsv.gz
"(63,64]",25085,VLD001.A0102.SG1.2.classified_gc_rl.tsv.gz
"(64,65]",24869,VLD001.A0102.SG1.2.classified_gc_rl.tsv.gz
"(65,66]",24387,VLD001.A0102.SG1.2.classified_gc_rl.tsv.gz
"(66,67]",20069,VLD001.A0102.SG1.2.classified_gc_rl.tsv.gz
"(67,68]",21721,VLD001.A0102.SG1.2.classified_gc_rl.tsv.gz
"(68,69]",20032,VLD001.A0102.SG1.2.classified_gc_rl.tsv.gz
"(69,70]",22330,VLD001.A0102.SG1.2.classified_gc_rl.tsv.gz
"(70,71]",15326,VLD001.A0102.SG1.2.classified_gc_rl.tsv.gz
"(71,72]",17044,VLD001.A0102.SG1.2.classified_gc_rl.tsv.gz
"(72,73]",14719,VLD001.A0102.SG1.2.classified_gc_rl.tsv.gz
"(73,74]",13151,VLD001.A0102.SG1.2.classified_gc_rl.tsv.gz
"(74,75]",12414,VLD001.A0102.SG1.2.classified_gc_rl.tsv.gz
"(75,76]",6586,VLD001.A0102.SG1.2.classified_gc_rl.tsv.gz
"(76,77]",7751,VLD001.A0102.SG1.2.classified_gc_rl.tsv.gz
"(77,78]",5770,VLD001.A0102.SG1.2.classified_gc_rl.tsv.gz
"(78,79]",4857,VLD001.A0102.SG1.2.classified_gc_rl.tsv.gz
"(79,80]",4340,VLD001.A0102.SG1.2.classified_gc_rl.tsv.gz
"(80,81]",2192,VLD001.A0102.SG1.2.classified_gc_rl.tsv.gz
"(81,82]",2101,VLD001.A0102.SG1.2.classified_gc_rl.tsv.gz
"(82,83]",1509,VLD001.A0102.SG1.2.classified_gc_rl.tsv.gz
"(83,84]",998,VLD001.A0102.SG1.2.classified_gc_rl.tsv.gz
"(84,85]",798,VLD001.A0102.SG1.2.classified_gc_rl.tsv.gz
"(85,86]",353,VLD001.A0102.SG1.2.classified_gc_rl.tsv.gz
"(86,87]",346,VLD001.A0102.SG1.2.classified_gc_rl.tsv.gz
"(87,88]",171,VLD001.A0102.SG1.2.classified_gc_rl.tsv.gz
"(88,89]",77,VLD001.A0102.SG1.2.classified_gc_rl.tsv.gz
"(89,90]",69,VLD001.A0102.SG1.2.classified_gc_rl.tsv.gz
"(90,91]",29,VLD001.A0102.SG1.2.classified_gc_rl.tsv.gz
"(91,92]",7,VLD001.A0102.SG1.2.classified_gc_rl.tsv.gz
"(92,93]",10,VLD001.A0102.SG1.2.classified_gc_rl.tsv.gz
"(93,94]",1,VLD001.A0102.SG1.2.classified_gc_rl.tsv.gz
"(94,95]",6,VLD001.A0102.SG1.2.classified_gc_rl.tsv.gz
"(97,98]",1,VLD001.A0102.SG1.2.classified_gc_rl.tsv.gz
"[0,1]",2,ZAF001.A0101.SG1.1.classified_gc_rl.tsv.gz
"(4,5]",4,ZAF001.A0101.SG1.1.classified_gc_rl.tsv.gz
"(6,7]",1,ZAF001.A0101.SG1.1.classified_gc_rl.tsv.gz
"(8,9]",6,ZAF001.A0101.SG1.1.classified_gc_rl.tsv.gz
"(9,10]",2,ZAF001.A0101.SG1.1.classified_gc_rl.tsv.gz
"(10,11]",2,ZAF001.A0101.SG1.1.classified_gc_rl.tsv.gz
"(11,12]",4,ZAF001.A0101.SG1.1.classified_gc_rl.tsv.gz
"(12,13]",11,ZAF001.A0101.SG1.1.classified_gc_rl.tsv.gz
"(13,14]",13,ZAF001.A0101.SG1.1.classified_gc_rl.tsv.gz
"(14,15]",35,ZAF001.A0101.SG1.1.classified_gc_rl.tsv.gz
"(15,16]",55,ZAF001.A0101.SG1.1.classified_gc_rl.tsv.gz
"(16,17]",81,ZAF001.A0101.SG1.1.classified_gc_rl.tsv.gz
"(17,18]",141,ZAF001.A0101.SG1.1.classified_gc_rl.tsv.gz
"(18,19]",203,ZAF001.A0101.SG1.1.classified_gc_rl.tsv.gz
"(19,20]",309,ZAF001.A0101.SG1.1.classified_gc_rl.tsv.gz
"(20,21]",384,ZAF001.A0101.SG1.1.classified_gc_rl.tsv.gz
"(21,22]",677,ZAF001.A0101.SG1.1.classified_gc_rl.tsv.gz
"(22,23]",844,ZAF001.A0101.SG1.1.classified_gc_rl.tsv.gz
"(23,24]",1184,ZAF001.A0101.SG1.1.classified_gc_rl.tsv.gz
"(24,25]",1733,ZAF001.A0101.SG1.1.classified_gc_rl.tsv.gz
"(25,26]",1544,ZAF001.A0101.SG1.1.classified_gc_rl.tsv.gz
"(26,27]",2520,ZAF001.A0101.SG1.1.classified_gc_rl.tsv.gz
"(27,28]",3361,ZAF001.A0101.SG1.1.classified_gc_rl.tsv.gz
"(28,29]",3545,ZAF001.A0101.SG1.1.classified_gc_rl.tsv.gz
"(29,30]",4487,ZAF001.A0101.SG1.1.classified_gc_rl.tsv.gz
"(30,31]",4931,ZAF001.A0101.SG1.1.classified_gc_rl.tsv.gz
"(31,32]",6218,ZAF001.A0101.SG1.1.classified_gc_rl.tsv.gz
"(32,33]",6179,ZAF001.A0101.SG1.1.classified_gc_rl.tsv.gz
"(33,34]",6643,ZAF001.A0101.SG1.1.classified_gc_rl.tsv.gz
"(34,35]",8505,ZAF001.A0101.SG1.1.classified_gc_rl.tsv.gz
"(35,36]",8548,ZAF001.A0101.SG1.1.classified_gc_rl.tsv.gz
"(36,37]",8918,ZAF001.A0101.SG1.1.classified_gc_rl.tsv.gz
"(37,38]",9250,ZAF001.A0101.SG1.1.classified_gc_rl.tsv.gz
"(38,39]",9954,ZAF001.A0101.SG1.1.classified_gc_rl.tsv.gz
"(39,40]",12335,ZAF001.A0101.SG1.1.classified_gc_rl.tsv.gz
"(40,41]",9055,ZAF001.A0101.SG1.1.classified_gc_rl.tsv.gz
"(41,42]",11196,ZAF001.A0101.SG1.1.classified_gc_rl.tsv.gz
"(42,43]",11634,ZAF001.A0101.SG1.1.classified_gc_rl.tsv.gz
"(43,44]",13215,ZAF001.A0101.SG1.1.classified_gc_rl.tsv.gz
"(44,45]",13187,ZAF001.A0101.SG1.1.classified_gc_rl.tsv.gz
"(45,46]",12793,ZAF001.A0101.SG1.1.classified_gc_rl.tsv.gz
"(46,47]",15156,ZAF001.A0101.SG1.1.classified_gc_rl.tsv.gz
"(47,48]",17559,ZAF001.A0101.SG1.1.classified_gc_rl.tsv.gz
"(48,49]",17340,ZAF001.A0101.SG1.1.classified_gc_rl.tsv.gz
"(49,50]",27345,ZAF001.A0101.SG1.1.classified_gc_rl.tsv.gz
"(50,51]",12094,ZAF001.A0101.SG1.1.classified_gc_rl.tsv.gz
"(51,52]",26316,ZAF001.A0101.SG1.1.classified_gc_rl.tsv.gz
"(52,53]",28231,ZAF001.A0101.SG1.1.classified_gc_rl.tsv.gz
"(53,54]",34219,ZAF001.A0101.SG1.1.classified_gc_rl.tsv.gz
"(54,55]",34591,ZAF001.A0101.SG1.1.classified_gc_rl.tsv.gz
"(55,56]",40282,ZAF001.A0101.SG1.1.classified_gc_rl.tsv.gz
"(56,57]",43747,ZAF001.A0101.SG1.1.classified_gc_rl.tsv.gz
"(57,58]",49427,ZAF001.A0101.SG1.1.classified_gc_rl.tsv.gz
"(58,59]",46525,ZAF001.A0101.SG1.1.classified_gc_rl.tsv.gz
"(59,60]",62080,ZAF001.A0101.SG1.1.classified_gc_rl.tsv.gz
"(60,61]",47422,ZAF001.A0101.SG1.1.classified_gc_rl.tsv.gz
"(61,62]",56814,ZAF001.A0101.SG1.1.classified_gc_rl.tsv.gz
"(62,63]",48686,ZAF001.A0101.SG1.1.classified_gc_rl.tsv.gz
"(63,64]",55240,ZAF001.A0101.SG1.1.classified_gc_rl.tsv.gz
"(64,65]",50893,ZAF001.A0101.SG1.1.classified_gc_rl.tsv.gz
"(65,66]",46918,ZAF001.A0101.SG1.1.classified_gc_rl.tsv.gz
"(66,67]",37548,ZAF001.A0101.SG1.1.classified_gc_rl.tsv.gz
"(67,68]",39514,ZAF001.A0101.SG1.1.classified_gc_rl.tsv.gz
"(68,69]",32827,ZAF001.A0101.SG1.1.classified_gc_rl.tsv.gz
"(69,70]",32937,ZAF001.A0101.SG1.1.classified_gc_rl.tsv.gz
"(70,71]",21789,ZAF001.A0101.SG1.1.classified_gc_rl.tsv.gz
"(71,72]",22460,ZAF001.A0101.SG1.1.classified_gc_rl.tsv.gz
"(72,73]",17118,ZAF001.A0101.SG1.1.classified_gc_rl.tsv.gz
"(73,74]",15061,ZAF001.A0101.SG1.1.classified_gc_rl.tsv.gz
"(74,75]",12824,ZAF001.A0101.SG1.1.classified_gc_rl.tsv.gz
"(75,76]",6710,ZAF001.A0101.SG1.1.classified_gc_rl.tsv.gz
"(76,77]",6822,ZAF001.A0101.SG1.1.classified_gc_rl.tsv.gz
"(77,78]",5107,ZAF001.A0101.SG1.1.classified_gc_rl.tsv.gz
"(78,79]",3832,ZAF001.A0101.SG1.1.classified_gc_rl.tsv.gz
"(79,80]",3130,ZAF001.A0101.SG1.1.classified_gc_rl.tsv.gz
"(80,81]",1526,ZAF001.A0101.SG1.1.classified_gc_rl.tsv.gz
"(81,82]",1459,ZAF001.A0101.SG1.1.classified_gc_rl.tsv.gz
"(82,83]",1031,ZAF001.A0101.SG1.1.classified_gc_rl.tsv.gz
"(83,84]",593,ZAF001.A0101.SG1.1.classified_gc_rl.tsv.gz
"(84,85]",440,ZAF001.A0101.SG1.1.classified_gc_rl.tsv.gz
"(85,86]",250,ZAF001.A0101.SG1.1.classified_gc_rl.tsv.gz
"(86,87]",210,ZAF001.A0101.SG1.1.classified_gc_rl.tsv.gz
"(87,88]",129,ZAF001.A0101.SG1.1.classified_gc_rl.tsv.gz
"(88,89]",74,ZAF001.A0101.SG1.1.classified_gc_rl.tsv.gz
"(89,90]",80,ZAF001.A0101.SG1.1.classified_gc_rl.tsv.gz
"(90,91]",54,ZAF001.A0101.SG1.1.classified_gc_rl.tsv.gz
"(91,92]",28,ZAF001.A0101.SG1.1.classified_gc_rl.tsv.gz
"(92,93]",22,ZAF001.A0101.SG1.1.classified_gc_rl.tsv.gz
"(93,94]",28,ZAF001.A0101.SG1.1.classified_gc_rl.tsv.gz
"(94,95]",28,ZAF001.A0101.SG1.1.classified_gc_rl.tsv.gz
"(95,96]",45,ZAF001.A0101.SG1.1.classified_gc_rl.tsv.gz
"(96,97]",10,ZAF001.A0101.SG1.1.classified_gc_rl.tsv.gz
"(97,98]",31,ZAF001.A0101.SG1.1.classified_gc_rl.tsv.gz
"(98,99]",45,ZAF001.A0101.SG1.1.classified_gc_rl.tsv.gz
"(99,100]",34,ZAF001.A0101.SG1.1.classified_gc_rl.tsv.gz
"[0,1]",11,ZAF001.A0103.SG1.4.classified_gc_rl.tsv.gz
"(1,2]",9,ZAF001.A0103.SG1.4.classified_gc_rl.tsv.gz
"(2,3]",16,ZAF001.A0103.SG1.4.classified_gc_rl.tsv.gz
"(3,4]",23,ZAF001.A0103.SG1.4.classified_gc_rl.tsv.gz
"(4,5]",17,ZAF001.A0103.SG1.4.classified_gc_rl.tsv.gz
"(5,6]",20,ZAF001.A0103.SG1.4.classified_gc_rl.tsv.gz
"(6,7]",21,ZAF001.A0103.SG1.4.classified_gc_rl.tsv.gz
"(7,8]",35,ZAF001.A0103.SG1.4.classified_gc_rl.tsv.gz
"(8,9]",38,ZAF001.A0103.SG1.4.classified_gc_rl.tsv.gz
"(9,10]",64,ZAF001.A0103.SG1.4.classified_gc_rl.tsv.gz
"(10,11]",72,ZAF001.A0103.SG1.4.classified_gc_rl.tsv.gz
"(11,12]",96,ZAF001.A0103.SG1.4.classified_gc_rl.tsv.gz
"(12,13]",127,ZAF001.A0103.SG1.4.classified_gc_rl.tsv.gz
"(13,14]",214,ZAF001.A0103.SG1.4.classified_gc_rl.tsv.gz
"(14,15]",215,ZAF001.A0103.SG1.4.classified_gc_rl.tsv.gz
"(15,16]",377,ZAF001.A0103.SG1.4.classified_gc_rl.tsv.gz
"(16,17]",429,ZAF001.A0103.SG1.4.classified_gc_rl.tsv.gz
"(17,18]",642,ZAF001.A0103.SG1.4.classified_gc_rl.tsv.gz
"(18,19]",722,ZAF001.A0103.SG1.4.classified_gc_rl.tsv.gz
"(19,20]",1208,ZAF001.A0103.SG1.4.classified_gc_rl.tsv.gz
"(20,21]",938,ZAF001.A0103.SG1.4.classified_gc_rl.tsv.gz
"(21,22]",1571,ZAF001.A0103.SG1.4.classified_gc_rl.tsv.gz
"(22,23]",1558,ZAF001.A0103.SG1.4.classified_gc_rl.tsv.gz
"(23,24]",2190,ZAF001.A0103.SG1.4.classified_gc_rl.tsv.gz
"(24,25]",2971,ZAF001.A0103.SG1.4.classified_gc_rl.tsv.gz
"(25,26]",2044,ZAF001.A0103.SG1.4.classified_gc_rl.tsv.gz
"(26,27]",2980,ZAF001.A0103.SG1.4.classified_gc_rl.tsv.gz
"(27,28]",3630,ZAF001.A0103.SG1.4.classified_gc_rl.tsv.gz
"(28,29]",3615,ZAF001.A0103.SG1.4.classified_gc_rl.tsv.gz
"(29,30]",4292,ZAF001.A0103.SG1.4.classified_gc_rl.tsv.gz
"(30,31]",4265,ZAF001.A0103.SG1.4.classified_gc_rl.tsv.gz
"(31,32]",4835,ZAF001.A0103.SG1.4.classified_gc_rl.tsv.gz
"(32,33]",4496,ZAF001.A0103.SG1.4.classified_gc_rl.tsv.gz
"(33,34]",4466,ZAF001.A0103.SG1.4.classified_gc_rl.tsv.gz
"(34,35]",5559,ZAF001.A0103.SG1.4.classified_gc_rl.tsv.gz
"(35,36]",4957,ZAF001.A0103.SG1.4.classified_gc_rl.tsv.gz
"(36,37]",4973,ZAF001.A0103.SG1.4.classified_gc_rl.tsv.gz
"(37,38]",4751,ZAF001.A0103.SG1.4.classified_gc_rl.tsv.gz
"(38,39]",4981,ZAF001.A0103.SG1.4.classified_gc_rl.tsv.gz
"(39,40]",6046,ZAF001.A0103.SG1.4.classified_gc_rl.tsv.gz
"(40,41]",4062,ZAF001.A0103.SG1.4.classified_gc_rl.tsv.gz
"(41,42]",4934,ZAF001.A0103.SG1.4.classified_gc_rl.tsv.gz
"(42,43]",4714,ZAF001.A0103.SG1.4.classified_gc_rl.tsv.gz
"(43,44]",5265,ZAF001.A0103.SG1.4.classified_gc_rl.tsv.gz
"(44,45]",4995,ZAF001.A0103.SG1.4.classified_gc_rl.tsv.gz
"(45,46]",4424,ZAF001.A0103.SG1.4.classified_gc_rl.tsv.gz
"(46,47]",4866,ZAF001.A0103.SG1.4.classified_gc_rl.tsv.gz
"(47,48]",5771,ZAF001.A0103.SG1.4.classified_gc_rl.tsv.gz
"(48,49]",5538,ZAF001.A0103.SG1.4.classified_gc_rl.tsv.gz
"(49,50]",7973,ZAF001.A0103.SG1.4.classified_gc_rl.tsv.gz
"(50,51]",2405,ZAF001.A0103.SG1.4.classified_gc_rl.tsv.gz
"(51,52]",6906,ZAF001.A0103.SG1.4.classified_gc_rl.tsv.gz
"(52,53]",7348,ZAF001.A0103.SG1.4.classified_gc_rl.tsv.gz
"(53,54]",7966,ZAF001.A0103.SG1.4.classified_gc_rl.tsv.gz
"(54,55]",7987,ZAF001.A0103.SG1.4.classified_gc_rl.tsv.gz
"(55,56]",8200,ZAF001.A0103.SG1.4.classified_gc_rl.tsv.gz
"(56,57]",9073,ZAF001.A0103.SG1.4.classified_gc_rl.tsv.gz
"(57,58]",9512,ZAF001.A0103.SG1.4.classified_gc_rl.tsv.gz
"(58,59]",9032,ZAF001.A0103.SG1.4.classified_gc_rl.tsv.gz
"(59,60]",11334,ZAF001.A0103.SG1.4.classified_gc_rl.tsv.gz
"(60,61]",8372,ZAF001.A0103.SG1.4.classified_gc_rl.tsv.gz
"(61,62]",9702,ZAF001.A0103.SG1.4.classified_gc_rl.tsv.gz
"(62,63]",8541,ZAF001.A0103.SG1.4.classified_gc_rl.tsv.gz
"(63,64]",9464,ZAF001.A0103.SG1.4.classified_gc_rl.tsv.gz
"(64,65]",8877,ZAF001.A0103.SG1.4.classified_gc_rl.tsv.gz
"(65,66]",8028,ZAF001.A0103.SG1.4.classified_gc_rl.tsv.gz
"(66,67]",6371,ZAF001.A0103.SG1.4.classified_gc_rl.tsv.gz
"(67,68]",6544,ZAF001.A0103.SG1.4.classified_gc_rl.tsv.gz
"(68,69]",5562,ZAF001.A0103.SG1.4.classified_gc_rl.tsv.gz
"(69,70]",5915,ZAF001.A0103.SG1.4.classified_gc_rl.tsv.gz
"(70,71]",3763,ZAF001.A0103.SG1.4.classified_gc_rl.tsv.gz
"(71,72]",4038,ZAF001.A0103.SG1.4.classified_gc_rl.tsv.gz
"(72,73]",3372,ZAF001.A0103.SG1.4.classified_gc_rl.tsv.gz
"(73,74]",2701,ZAF001.A0103.SG1.4.classified_gc_rl.tsv.gz
"(74,75]",2398,ZAF001.A0103.SG1.4.classified_gc_rl.tsv.gz
"(75,76]",1181,ZAF001.A0103.SG1.4.classified_gc_rl.tsv.gz
"(76,77]",1357,ZAF001.A0103.SG1.4.classified_gc_rl.tsv.gz
"(77,78]",925,ZAF001.A0103.SG1.4.classified_gc_rl.tsv.gz
"(78,79]",795,ZAF001.A0103.SG1.4.classified_gc_rl.tsv.gz
"(79,80]",614,ZAF001.A0103.SG1.4.classified_gc_rl.tsv.gz
"(80,81]",312,ZAF001.A0103.SG1.4.classified_gc_rl.tsv.gz
"(81,82]",284,ZAF001.A0103.SG1.4.classified_gc_rl.tsv.gz
"(82,83]",207,ZAF001.A0103.SG1.4.classified_gc_rl.tsv.gz
"(83,84]",125,ZAF001.A0103.SG1.4.classified_gc_rl.tsv.gz
"(84,85]",105,ZAF001.A0103.SG1.4.classified_gc_rl.tsv.gz
"(85,86]",48,ZAF001.A0103.SG1.4.classified_gc_rl.tsv.gz
"(86,87]",54,ZAF001.A0103.SG1.4.classified_gc_rl.tsv.gz
"(87,88]",15,ZAF001.A0103.SG1.4.classified_gc_rl.tsv.gz
"(88,89]",12,ZAF001.A0103.SG1.4.classified_gc_rl.tsv.gz
"(89,90]",6,ZAF001.A0103.SG1.4.classified_gc_rl.tsv.gz
"(90,91]",2,ZAF001.A0103.SG1.4.classified_gc_rl.tsv.gz
"(92,93]",1,ZAF001.A0103.SG1.4.classified_gc_rl.tsv.gz
"(94,95]",1,ZAF001.A0103.SG1.4.classified_gc_rl.tsv.gz
"(99,100]",1,ZAF001.A0103.SG1.4.classified_gc_rl.tsv.gz
