Length,counts_length,Study
36,1412,BAN001.A0101.SG1.1.classified_gc_rl.tsv.gz
37,2498,BAN001.A0101.SG1.1.classified_gc_rl.tsv.gz
38,3419,BAN001.A0101.SG1.1.classified_gc_rl.tsv.gz
39,4089,BAN001.A0101.SG1.1.classified_gc_rl.tsv.gz
40,4561,BAN001.A0101.SG1.1.classified_gc_rl.tsv.gz
41,4659,BAN001.A0101.SG1.1.classified_gc_rl.tsv.gz
42,4514,BAN001.A0101.SG1.1.classified_gc_rl.tsv.gz
43,4646,BAN001.A0101.SG1.1.classified_gc_rl.tsv.gz
44,4736,BAN001.A0101.SG1.1.classified_gc_rl.tsv.gz
45,4934,BAN001.A0101.SG1.1.classified_gc_rl.tsv.gz
46,4825,BAN001.A0101.SG1.1.classified_gc_rl.tsv.gz
47,5103,BAN001.A0101.SG1.1.classified_gc_rl.tsv.gz
48,5251,BAN001.A0101.SG1.1.classified_gc_rl.tsv.gz
49,5089,BAN001.A0101.SG1.1.classified_gc_rl.tsv.gz
50,4924,BAN001.A0101.SG1.1.classified_gc_rl.tsv.gz
51,4897,BAN001.A0101.SG1.1.classified_gc_rl.tsv.gz
52,4733,BAN001.A0101.SG1.1.classified_gc_rl.tsv.gz
53,4689,BAN001.A0101.SG1.1.classified_gc_rl.tsv.gz
54,4640,BAN001.A0101.SG1.1.classified_gc_rl.tsv.gz
55,4533,BAN001.A0101.SG1.1.classified_gc_rl.tsv.gz
56,4559,BAN001.A0101.SG1.1.classified_gc_rl.tsv.gz
57,4683,BAN001.A0101.SG1.1.classified_gc_rl.tsv.gz
58,4607,BAN001.A0101.SG1.1.classified_gc_rl.tsv.gz
59,4520,BAN001.A0101.SG1.1.classified_gc_rl.tsv.gz
60,4427,BAN001.A0101.SG1.1.classified_gc_rl.tsv.gz
61,4242,BAN001.A0101.SG1.1.classified_gc_rl.tsv.gz
62,4003,BAN001.A0101.SG1.1.classified_gc_rl.tsv.gz
63,3873,BAN001.A0101.SG1.1.classified_gc_rl.tsv.gz
64,3688,BAN001.A0101.SG1.1.classified_gc_rl.tsv.gz
65,3799,BAN001.A0101.SG1.1.classified_gc_rl.tsv.gz
66,3645,BAN001.A0101.SG1.1.classified_gc_rl.tsv.gz
67,3677,BAN001.A0101.SG1.1.classified_gc_rl.tsv.gz
68,3666,BAN001.A0101.SG1.1.classified_gc_rl.tsv.gz
69,3641,BAN001.A0101.SG1.1.classified_gc_rl.tsv.gz
70,3618,BAN001.A0101.SG1.1.classified_gc_rl.tsv.gz
71,3540,BAN001.A0101.SG1.1.classified_gc_rl.tsv.gz
72,3803,BAN001.A0101.SG1.1.classified_gc_rl.tsv.gz
73,4274,BAN001.A0101.SG1.1.classified_gc_rl.tsv.gz
74,4152,BAN001.A0101.SG1.1.classified_gc_rl.tsv.gz
75,7168,BAN001.A0101.SG1.1.classified_gc_rl.tsv.gz
76,12578,BAN001.A0101.SG1.1.classified_gc_rl.tsv.gz
77,2666,BAN001.A0101.SG1.1.classified_gc_rl.tsv.gz
78,2631,BAN001.A0101.SG1.1.classified_gc_rl.tsv.gz
79,2653,BAN001.A0101.SG1.1.classified_gc_rl.tsv.gz
80,2618,BAN001.A0101.SG1.1.classified_gc_rl.tsv.gz
81,2259,BAN001.A0101.SG1.1.classified_gc_rl.tsv.gz
82,2185,BAN001.A0101.SG1.1.classified_gc_rl.tsv.gz
83,2122,BAN001.A0101.SG1.1.classified_gc_rl.tsv.gz
84,2142,BAN001.A0101.SG1.1.classified_gc_rl.tsv.gz
85,2097,BAN001.A0101.SG1.1.classified_gc_rl.tsv.gz
86,2056,BAN001.A0101.SG1.1.classified_gc_rl.tsv.gz
87,1949,BAN001.A0101.SG1.1.classified_gc_rl.tsv.gz
88,1896,BAN001.A0101.SG1.1.classified_gc_rl.tsv.gz
89,1847,BAN001.A0101.SG1.1.classified_gc_rl.tsv.gz
90,1768,BAN001.A0101.SG1.1.classified_gc_rl.tsv.gz
91,1692,BAN001.A0101.SG1.1.classified_gc_rl.tsv.gz
92,1603,BAN001.A0101.SG1.1.classified_gc_rl.tsv.gz
93,1603,BAN001.A0101.SG1.1.classified_gc_rl.tsv.gz
94,1500,BAN001.A0101.SG1.1.classified_gc_rl.tsv.gz
95,1489,BAN001.A0101.SG1.1.classified_gc_rl.tsv.gz
96,1460,BAN001.A0101.SG1.1.classified_gc_rl.tsv.gz
97,1401,BAN001.A0101.SG1.1.classified_gc_rl.tsv.gz
98,1420,BAN001.A0101.SG1.1.classified_gc_rl.tsv.gz
99,1352,BAN001.A0101.SG1.1.classified_gc_rl.tsv.gz
100,1310,BAN001.A0101.SG1.1.classified_gc_rl.tsv.gz
101,1240,BAN001.A0101.SG1.1.classified_gc_rl.tsv.gz
102,1148,BAN001.A0101.SG1.1.classified_gc_rl.tsv.gz
103,1129,BAN001.A0101.SG1.1.classified_gc_rl.tsv.gz
104,1097,BAN001.A0101.SG1.1.classified_gc_rl.tsv.gz
105,1075,BAN001.A0101.SG1.1.classified_gc_rl.tsv.gz
106,1065,BAN001.A0101.SG1.1.classified_gc_rl.tsv.gz
107,998,BAN001.A0101.SG1.1.classified_gc_rl.tsv.gz
108,973,BAN001.A0101.SG1.1.classified_gc_rl.tsv.gz
109,984,BAN001.A0101.SG1.1.classified_gc_rl.tsv.gz
110,872,BAN001.A0101.SG1.1.classified_gc_rl.tsv.gz
111,925,BAN001.A0101.SG1.1.classified_gc_rl.tsv.gz
112,870,BAN001.A0101.SG1.1.classified_gc_rl.tsv.gz
113,811,BAN001.A0101.SG1.1.classified_gc_rl.tsv.gz
114,758,BAN001.A0101.SG1.1.classified_gc_rl.tsv.gz
115,786,BAN001.A0101.SG1.1.classified_gc_rl.tsv.gz
116,702,BAN001.A0101.SG1.1.classified_gc_rl.tsv.gz
117,717,BAN001.A0101.SG1.1.classified_gc_rl.tsv.gz
118,673,BAN001.A0101.SG1.1.classified_gc_rl.tsv.gz
119,749,BAN001.A0101.SG1.1.classified_gc_rl.tsv.gz
120,692,BAN001.A0101.SG1.1.classified_gc_rl.tsv.gz
121,583,BAN001.A0101.SG1.1.classified_gc_rl.tsv.gz
122,555,BAN001.A0101.SG1.1.classified_gc_rl.tsv.gz
123,594,BAN001.A0101.SG1.1.classified_gc_rl.tsv.gz
124,547,BAN001.A0101.SG1.1.classified_gc_rl.tsv.gz
125,563,BAN001.A0101.SG1.1.classified_gc_rl.tsv.gz
126,477,BAN001.A0101.SG1.1.classified_gc_rl.tsv.gz
127,509,BAN001.A0101.SG1.1.classified_gc_rl.tsv.gz
128,462,BAN001.A0101.SG1.1.classified_gc_rl.tsv.gz
129,446,BAN001.A0101.SG1.1.classified_gc_rl.tsv.gz
130,411,BAN001.A0101.SG1.1.classified_gc_rl.tsv.gz
131,396,BAN001.A0101.SG1.1.classified_gc_rl.tsv.gz
132,409,BAN001.A0101.SG1.1.classified_gc_rl.tsv.gz
133,387,BAN001.A0101.SG1.1.classified_gc_rl.tsv.gz
134,410,BAN001.A0101.SG1.1.classified_gc_rl.tsv.gz
135,367,BAN001.A0101.SG1.1.classified_gc_rl.tsv.gz
136,371,BAN001.A0101.SG1.1.classified_gc_rl.tsv.gz
137,336,BAN001.A0101.SG1.1.classified_gc_rl.tsv.gz
138,360,BAN001.A0101.SG1.1.classified_gc_rl.tsv.gz
139,356,BAN001.A0101.SG1.1.classified_gc_rl.tsv.gz
140,318,BAN001.A0101.SG1.1.classified_gc_rl.tsv.gz
141,261,BAN001.A0101.SG1.1.classified_gc_rl.tsv.gz
36,3712,BAN001.A0102.SG1.4.classified_gc_rl.tsv.gz
37,6199,BAN001.A0102.SG1.4.classified_gc_rl.tsv.gz
38,7504,BAN001.A0102.SG1.4.classified_gc_rl.tsv.gz
39,8430,BAN001.A0102.SG1.4.classified_gc_rl.tsv.gz
40,9277,BAN001.A0102.SG1.4.classified_gc_rl.tsv.gz
41,9138,BAN001.A0102.SG1.4.classified_gc_rl.tsv.gz
42,8799,BAN001.A0102.SG1.4.classified_gc_rl.tsv.gz
43,8223,BAN001.A0102.SG1.4.classified_gc_rl.tsv.gz
44,8033,BAN001.A0102.SG1.4.classified_gc_rl.tsv.gz
45,7469,BAN001.A0102.SG1.4.classified_gc_rl.tsv.gz
46,7326,BAN001.A0102.SG1.4.classified_gc_rl.tsv.gz
47,6814,BAN001.A0102.SG1.4.classified_gc_rl.tsv.gz
48,6398,BAN001.A0102.SG1.4.classified_gc_rl.tsv.gz
49,6246,BAN001.A0102.SG1.4.classified_gc_rl.tsv.gz
50,5855,BAN001.A0102.SG1.4.classified_gc_rl.tsv.gz
51,5848,BAN001.A0102.SG1.4.classified_gc_rl.tsv.gz
52,5515,BAN001.A0102.SG1.4.classified_gc_rl.tsv.gz
53,5108,BAN001.A0102.SG1.4.classified_gc_rl.tsv.gz
54,4662,BAN001.A0102.SG1.4.classified_gc_rl.tsv.gz
55,4382,BAN001.A0102.SG1.4.classified_gc_rl.tsv.gz
56,3975,BAN001.A0102.SG1.4.classified_gc_rl.tsv.gz
57,3868,BAN001.A0102.SG1.4.classified_gc_rl.tsv.gz
58,3641,BAN001.A0102.SG1.4.classified_gc_rl.tsv.gz
59,3637,BAN001.A0102.SG1.4.classified_gc_rl.tsv.gz
60,3323,BAN001.A0102.SG1.4.classified_gc_rl.tsv.gz
61,3116,BAN001.A0102.SG1.4.classified_gc_rl.tsv.gz
62,3037,BAN001.A0102.SG1.4.classified_gc_rl.tsv.gz
63,2767,BAN001.A0102.SG1.4.classified_gc_rl.tsv.gz
64,2491,BAN001.A0102.SG1.4.classified_gc_rl.tsv.gz
65,2498,BAN001.A0102.SG1.4.classified_gc_rl.tsv.gz
66,2297,BAN001.A0102.SG1.4.classified_gc_rl.tsv.gz
67,2225,BAN001.A0102.SG1.4.classified_gc_rl.tsv.gz
68,2061,BAN001.A0102.SG1.4.classified_gc_rl.tsv.gz
69,1924,BAN001.A0102.SG1.4.classified_gc_rl.tsv.gz
70,1875,BAN001.A0102.SG1.4.classified_gc_rl.tsv.gz
71,1921,BAN001.A0102.SG1.4.classified_gc_rl.tsv.gz
72,1998,BAN001.A0102.SG1.4.classified_gc_rl.tsv.gz
73,2413,BAN001.A0102.SG1.4.classified_gc_rl.tsv.gz
74,1623,BAN001.A0102.SG1.4.classified_gc_rl.tsv.gz
75,1875,BAN001.A0102.SG1.4.classified_gc_rl.tsv.gz
76,6046,BAN001.A0102.SG1.4.classified_gc_rl.tsv.gz
77,1331,BAN001.A0102.SG1.4.classified_gc_rl.tsv.gz
78,1150,BAN001.A0102.SG1.4.classified_gc_rl.tsv.gz
79,1180,BAN001.A0102.SG1.4.classified_gc_rl.tsv.gz
80,1082,BAN001.A0102.SG1.4.classified_gc_rl.tsv.gz
81,980,BAN001.A0102.SG1.4.classified_gc_rl.tsv.gz
82,930,BAN001.A0102.SG1.4.classified_gc_rl.tsv.gz
83,902,BAN001.A0102.SG1.4.classified_gc_rl.tsv.gz
84,922,BAN001.A0102.SG1.4.classified_gc_rl.tsv.gz
85,774,BAN001.A0102.SG1.4.classified_gc_rl.tsv.gz
86,788,BAN001.A0102.SG1.4.classified_gc_rl.tsv.gz
87,753,BAN001.A0102.SG1.4.classified_gc_rl.tsv.gz
88,635,BAN001.A0102.SG1.4.classified_gc_rl.tsv.gz
89,668,BAN001.A0102.SG1.4.classified_gc_rl.tsv.gz
90,616,BAN001.A0102.SG1.4.classified_gc_rl.tsv.gz
91,596,BAN001.A0102.SG1.4.classified_gc_rl.tsv.gz
92,641,BAN001.A0102.SG1.4.classified_gc_rl.tsv.gz
93,562,BAN001.A0102.SG1.4.classified_gc_rl.tsv.gz
94,567,BAN001.A0102.SG1.4.classified_gc_rl.tsv.gz
95,539,BAN001.A0102.SG1.4.classified_gc_rl.tsv.gz
96,496,BAN001.A0102.SG1.4.classified_gc_rl.tsv.gz
97,470,BAN001.A0102.SG1.4.classified_gc_rl.tsv.gz
98,471,BAN001.A0102.SG1.4.classified_gc_rl.tsv.gz
99,413,BAN001.A0102.SG1.4.classified_gc_rl.tsv.gz
100,446,BAN001.A0102.SG1.4.classified_gc_rl.tsv.gz
101,434,BAN001.A0102.SG1.4.classified_gc_rl.tsv.gz
102,365,BAN001.A0102.SG1.4.classified_gc_rl.tsv.gz
103,405,BAN001.A0102.SG1.4.classified_gc_rl.tsv.gz
104,356,BAN001.A0102.SG1.4.classified_gc_rl.tsv.gz
105,344,BAN001.A0102.SG1.4.classified_gc_rl.tsv.gz
106,318,BAN001.A0102.SG1.4.classified_gc_rl.tsv.gz
107,349,BAN001.A0102.SG1.4.classified_gc_rl.tsv.gz
108,278,BAN001.A0102.SG1.4.classified_gc_rl.tsv.gz
109,247,BAN001.A0102.SG1.4.classified_gc_rl.tsv.gz
110,292,BAN001.A0102.SG1.4.classified_gc_rl.tsv.gz
111,288,BAN001.A0102.SG1.4.classified_gc_rl.tsv.gz
112,281,BAN001.A0102.SG1.4.classified_gc_rl.tsv.gz
113,256,BAN001.A0102.SG1.4.classified_gc_rl.tsv.gz
114,237,BAN001.A0102.SG1.4.classified_gc_rl.tsv.gz
115,214,BAN001.A0102.SG1.4.classified_gc_rl.tsv.gz
116,233,BAN001.A0102.SG1.4.classified_gc_rl.tsv.gz
117,211,BAN001.A0102.SG1.4.classified_gc_rl.tsv.gz
118,220,BAN001.A0102.SG1.4.classified_gc_rl.tsv.gz
119,212,BAN001.A0102.SG1.4.classified_gc_rl.tsv.gz
120,206,BAN001.A0102.SG1.4.classified_gc_rl.tsv.gz
121,179,BAN001.A0102.SG1.4.classified_gc_rl.tsv.gz
122,182,BAN001.A0102.SG1.4.classified_gc_rl.tsv.gz
123,169,BAN001.A0102.SG1.4.classified_gc_rl.tsv.gz
124,183,BAN001.A0102.SG1.4.classified_gc_rl.tsv.gz
125,164,BAN001.A0102.SG1.4.classified_gc_rl.tsv.gz
126,149,BAN001.A0102.SG1.4.classified_gc_rl.tsv.gz
127,151,BAN001.A0102.SG1.4.classified_gc_rl.tsv.gz
128,152,BAN001.A0102.SG1.4.classified_gc_rl.tsv.gz
129,145,BAN001.A0102.SG1.4.classified_gc_rl.tsv.gz
130,106,BAN001.A0102.SG1.4.classified_gc_rl.tsv.gz
131,139,BAN001.A0102.SG1.4.classified_gc_rl.tsv.gz
132,148,BAN001.A0102.SG1.4.classified_gc_rl.tsv.gz
133,156,BAN001.A0102.SG1.4.classified_gc_rl.tsv.gz
134,127,BAN001.A0102.SG1.4.classified_gc_rl.tsv.gz
135,121,BAN001.A0102.SG1.4.classified_gc_rl.tsv.gz
136,125,BAN001.A0102.SG1.4.classified_gc_rl.tsv.gz
137,150,BAN001.A0102.SG1.4.classified_gc_rl.tsv.gz
138,108,BAN001.A0102.SG1.4.classified_gc_rl.tsv.gz
139,104,BAN001.A0102.SG1.4.classified_gc_rl.tsv.gz
140,104,BAN001.A0102.SG1.4.classified_gc_rl.tsv.gz
141,81,BAN001.A0102.SG1.4.classified_gc_rl.tsv.gz
36,10945,CDM019.A0101.SG1.1.classified_gc_rl.tsv.gz
37,22046,CDM019.A0101.SG1.1.classified_gc_rl.tsv.gz
38,30352,CDM019.A0101.SG1.1.classified_gc_rl.tsv.gz
39,38528,CDM019.A0101.SG1.1.classified_gc_rl.tsv.gz
40,45367,CDM019.A0101.SG1.1.classified_gc_rl.tsv.gz
41,48857,CDM019.A0101.SG1.1.classified_gc_rl.tsv.gz
42,52925,CDM019.A0101.SG1.1.classified_gc_rl.tsv.gz
43,56304,CDM019.A0101.SG1.1.classified_gc_rl.tsv.gz
44,58278,CDM019.A0101.SG1.1.classified_gc_rl.tsv.gz
45,61587,CDM019.A0101.SG1.1.classified_gc_rl.tsv.gz
46,64787,CDM019.A0101.SG1.1.classified_gc_rl.tsv.gz
47,66188,CDM019.A0101.SG1.1.classified_gc_rl.tsv.gz
48,66996,CDM019.A0101.SG1.1.classified_gc_rl.tsv.gz
49,67487,CDM019.A0101.SG1.1.classified_gc_rl.tsv.gz
50,67243,CDM019.A0101.SG1.1.classified_gc_rl.tsv.gz
51,68665,CDM019.A0101.SG1.1.classified_gc_rl.tsv.gz
52,69648,CDM019.A0101.SG1.1.classified_gc_rl.tsv.gz
53,69835,CDM019.A0101.SG1.1.classified_gc_rl.tsv.gz
54,70697,CDM019.A0101.SG1.1.classified_gc_rl.tsv.gz
55,69579,CDM019.A0101.SG1.1.classified_gc_rl.tsv.gz
56,70240,CDM019.A0101.SG1.1.classified_gc_rl.tsv.gz
57,71379,CDM019.A0101.SG1.1.classified_gc_rl.tsv.gz
58,71330,CDM019.A0101.SG1.1.classified_gc_rl.tsv.gz
59,69253,CDM019.A0101.SG1.1.classified_gc_rl.tsv.gz
60,69886,CDM019.A0101.SG1.1.classified_gc_rl.tsv.gz
61,67067,CDM019.A0101.SG1.1.classified_gc_rl.tsv.gz
62,65484,CDM019.A0101.SG1.1.classified_gc_rl.tsv.gz
63,66906,CDM019.A0101.SG1.1.classified_gc_rl.tsv.gz
64,65370,CDM019.A0101.SG1.1.classified_gc_rl.tsv.gz
65,64815,CDM019.A0101.SG1.1.classified_gc_rl.tsv.gz
66,65354,CDM019.A0101.SG1.1.classified_gc_rl.tsv.gz
67,64340,CDM019.A0101.SG1.1.classified_gc_rl.tsv.gz
68,61631,CDM019.A0101.SG1.1.classified_gc_rl.tsv.gz
69,61912,CDM019.A0101.SG1.1.classified_gc_rl.tsv.gz
70,61323,CDM019.A0101.SG1.1.classified_gc_rl.tsv.gz
71,61260,CDM019.A0101.SG1.1.classified_gc_rl.tsv.gz
72,66786,CDM019.A0101.SG1.1.classified_gc_rl.tsv.gz
73,74079,CDM019.A0101.SG1.1.classified_gc_rl.tsv.gz
74,66214,CDM019.A0101.SG1.1.classified_gc_rl.tsv.gz
75,121915,CDM019.A0101.SG1.1.classified_gc_rl.tsv.gz
76,411230,CDM019.A0101.SG1.1.classified_gc_rl.tsv.gz
77,51652,CDM019.A0101.SG1.1.classified_gc_rl.tsv.gz
78,52007,CDM019.A0101.SG1.1.classified_gc_rl.tsv.gz
79,50970,CDM019.A0101.SG1.1.classified_gc_rl.tsv.gz
80,49162,CDM019.A0101.SG1.1.classified_gc_rl.tsv.gz
81,46777,CDM019.A0101.SG1.1.classified_gc_rl.tsv.gz
82,45927,CDM019.A0101.SG1.1.classified_gc_rl.tsv.gz
83,44736,CDM019.A0101.SG1.1.classified_gc_rl.tsv.gz
84,44281,CDM019.A0101.SG1.1.classified_gc_rl.tsv.gz
85,43663,CDM019.A0101.SG1.1.classified_gc_rl.tsv.gz
86,42143,CDM019.A0101.SG1.1.classified_gc_rl.tsv.gz
87,42023,CDM019.A0101.SG1.1.classified_gc_rl.tsv.gz
88,40656,CDM019.A0101.SG1.1.classified_gc_rl.tsv.gz
89,38786,CDM019.A0101.SG1.1.classified_gc_rl.tsv.gz
90,38647,CDM019.A0101.SG1.1.classified_gc_rl.tsv.gz
91,37802,CDM019.A0101.SG1.1.classified_gc_rl.tsv.gz
92,36132,CDM019.A0101.SG1.1.classified_gc_rl.tsv.gz
93,36074,CDM019.A0101.SG1.1.classified_gc_rl.tsv.gz
94,35252,CDM019.A0101.SG1.1.classified_gc_rl.tsv.gz
95,33354,CDM019.A0101.SG1.1.classified_gc_rl.tsv.gz
96,32940,CDM019.A0101.SG1.1.classified_gc_rl.tsv.gz
97,32620,CDM019.A0101.SG1.1.classified_gc_rl.tsv.gz
98,31371,CDM019.A0101.SG1.1.classified_gc_rl.tsv.gz
99,30880,CDM019.A0101.SG1.1.classified_gc_rl.tsv.gz
100,30515,CDM019.A0101.SG1.1.classified_gc_rl.tsv.gz
101,28403,CDM019.A0101.SG1.1.classified_gc_rl.tsv.gz
102,27988,CDM019.A0101.SG1.1.classified_gc_rl.tsv.gz
103,27024,CDM019.A0101.SG1.1.classified_gc_rl.tsv.gz
104,26470,CDM019.A0101.SG1.1.classified_gc_rl.tsv.gz
105,26018,CDM019.A0101.SG1.1.classified_gc_rl.tsv.gz
106,25622,CDM019.A0101.SG1.1.classified_gc_rl.tsv.gz
107,24676,CDM019.A0101.SG1.1.classified_gc_rl.tsv.gz
108,23924,CDM019.A0101.SG1.1.classified_gc_rl.tsv.gz
109,23633,CDM019.A0101.SG1.1.classified_gc_rl.tsv.gz
110,22673,CDM019.A0101.SG1.1.classified_gc_rl.tsv.gz
111,22195,CDM019.A0101.SG1.1.classified_gc_rl.tsv.gz
112,21828,CDM019.A0101.SG1.1.classified_gc_rl.tsv.gz
113,21005,CDM019.A0101.SG1.1.classified_gc_rl.tsv.gz
114,20874,CDM019.A0101.SG1.1.classified_gc_rl.tsv.gz
115,19754,CDM019.A0101.SG1.1.classified_gc_rl.tsv.gz
116,18963,CDM019.A0101.SG1.1.classified_gc_rl.tsv.gz
117,18741,CDM019.A0101.SG1.1.classified_gc_rl.tsv.gz
118,18380,CDM019.A0101.SG1.1.classified_gc_rl.tsv.gz
119,17626,CDM019.A0101.SG1.1.classified_gc_rl.tsv.gz
120,17519,CDM019.A0101.SG1.1.classified_gc_rl.tsv.gz
121,16879,CDM019.A0101.SG1.1.classified_gc_rl.tsv.gz
122,16128,CDM019.A0101.SG1.1.classified_gc_rl.tsv.gz
123,16058,CDM019.A0101.SG1.1.classified_gc_rl.tsv.gz
124,15375,CDM019.A0101.SG1.1.classified_gc_rl.tsv.gz
125,15004,CDM019.A0101.SG1.1.classified_gc_rl.tsv.gz
126,14461,CDM019.A0101.SG1.1.classified_gc_rl.tsv.gz
127,14455,CDM019.A0101.SG1.1.classified_gc_rl.tsv.gz
128,13427,CDM019.A0101.SG1.1.classified_gc_rl.tsv.gz
129,13468,CDM019.A0101.SG1.1.classified_gc_rl.tsv.gz
130,13016,CDM019.A0101.SG1.1.classified_gc_rl.tsv.gz
131,12592,CDM019.A0101.SG1.1.classified_gc_rl.tsv.gz
132,12160,CDM019.A0101.SG1.1.classified_gc_rl.tsv.gz
133,12064,CDM019.A0101.SG1.1.classified_gc_rl.tsv.gz
134,11606,CDM019.A0101.SG1.1.classified_gc_rl.tsv.gz
135,11187,CDM019.A0101.SG1.1.classified_gc_rl.tsv.gz
136,10968,CDM019.A0101.SG1.1.classified_gc_rl.tsv.gz
137,10732,CDM019.A0101.SG1.1.classified_gc_rl.tsv.gz
138,10360,CDM019.A0101.SG1.1.classified_gc_rl.tsv.gz
139,9785,CDM019.A0101.SG1.1.classified_gc_rl.tsv.gz
140,9898,CDM019.A0101.SG1.1.classified_gc_rl.tsv.gz
141,8588,CDM019.A0101.SG1.1.classified_gc_rl.tsv.gz
36,39843,CDM019.A0102.SG1.4.classified_gc_rl.tsv.gz
37,73283,CDM019.A0102.SG1.4.classified_gc_rl.tsv.gz
38,100693,CDM019.A0102.SG1.4.classified_gc_rl.tsv.gz
39,119736,CDM019.A0102.SG1.4.classified_gc_rl.tsv.gz
40,140183,CDM019.A0102.SG1.4.classified_gc_rl.tsv.gz
41,149378,CDM019.A0102.SG1.4.classified_gc_rl.tsv.gz
42,147400,CDM019.A0102.SG1.4.classified_gc_rl.tsv.gz
43,149383,CDM019.A0102.SG1.4.classified_gc_rl.tsv.gz
44,152663,CDM019.A0102.SG1.4.classified_gc_rl.tsv.gz
45,149765,CDM019.A0102.SG1.4.classified_gc_rl.tsv.gz
46,152484,CDM019.A0102.SG1.4.classified_gc_rl.tsv.gz
47,154438,CDM019.A0102.SG1.4.classified_gc_rl.tsv.gz
48,147375,CDM019.A0102.SG1.4.classified_gc_rl.tsv.gz
49,148026,CDM019.A0102.SG1.4.classified_gc_rl.tsv.gz
50,149102,CDM019.A0102.SG1.4.classified_gc_rl.tsv.gz
51,144163,CDM019.A0102.SG1.4.classified_gc_rl.tsv.gz
52,143086,CDM019.A0102.SG1.4.classified_gc_rl.tsv.gz
53,140102,CDM019.A0102.SG1.4.classified_gc_rl.tsv.gz
54,133882,CDM019.A0102.SG1.4.classified_gc_rl.tsv.gz
55,130653,CDM019.A0102.SG1.4.classified_gc_rl.tsv.gz
56,128548,CDM019.A0102.SG1.4.classified_gc_rl.tsv.gz
57,123453,CDM019.A0102.SG1.4.classified_gc_rl.tsv.gz
58,121583,CDM019.A0102.SG1.4.classified_gc_rl.tsv.gz
59,120614,CDM019.A0102.SG1.4.classified_gc_rl.tsv.gz
60,114902,CDM019.A0102.SG1.4.classified_gc_rl.tsv.gz
61,111802,CDM019.A0102.SG1.4.classified_gc_rl.tsv.gz
62,109548,CDM019.A0102.SG1.4.classified_gc_rl.tsv.gz
63,103727,CDM019.A0102.SG1.4.classified_gc_rl.tsv.gz
64,101794,CDM019.A0102.SG1.4.classified_gc_rl.tsv.gz
65,99474,CDM019.A0102.SG1.4.classified_gc_rl.tsv.gz
66,93799,CDM019.A0102.SG1.4.classified_gc_rl.tsv.gz
67,92533,CDM019.A0102.SG1.4.classified_gc_rl.tsv.gz
68,89401,CDM019.A0102.SG1.4.classified_gc_rl.tsv.gz
69,85465,CDM019.A0102.SG1.4.classified_gc_rl.tsv.gz
70,85067,CDM019.A0102.SG1.4.classified_gc_rl.tsv.gz
71,86666,CDM019.A0102.SG1.4.classified_gc_rl.tsv.gz
72,93310,CDM019.A0102.SG1.4.classified_gc_rl.tsv.gz
73,123590,CDM019.A0102.SG1.4.classified_gc_rl.tsv.gz
74,79076,CDM019.A0102.SG1.4.classified_gc_rl.tsv.gz
75,105470,CDM019.A0102.SG1.4.classified_gc_rl.tsv.gz
76,480139,CDM019.A0102.SG1.4.classified_gc_rl.tsv.gz
77,65236,CDM019.A0102.SG1.4.classified_gc_rl.tsv.gz
78,62158,CDM019.A0102.SG1.4.classified_gc_rl.tsv.gz
79,61169,CDM019.A0102.SG1.4.classified_gc_rl.tsv.gz
80,59791,CDM019.A0102.SG1.4.classified_gc_rl.tsv.gz
81,54948,CDM019.A0102.SG1.4.classified_gc_rl.tsv.gz
82,54303,CDM019.A0102.SG1.4.classified_gc_rl.tsv.gz
83,53187,CDM019.A0102.SG1.4.classified_gc_rl.tsv.gz
84,49823,CDM019.A0102.SG1.4.classified_gc_rl.tsv.gz
85,48536,CDM019.A0102.SG1.4.classified_gc_rl.tsv.gz
86,47923,CDM019.A0102.SG1.4.classified_gc_rl.tsv.gz
87,45110,CDM019.A0102.SG1.4.classified_gc_rl.tsv.gz
88,43077,CDM019.A0102.SG1.4.classified_gc_rl.tsv.gz
89,42300,CDM019.A0102.SG1.4.classified_gc_rl.tsv.gz
90,39998,CDM019.A0102.SG1.4.classified_gc_rl.tsv.gz
91,39380,CDM019.A0102.SG1.4.classified_gc_rl.tsv.gz
92,38753,CDM019.A0102.SG1.4.classified_gc_rl.tsv.gz
93,37024,CDM019.A0102.SG1.4.classified_gc_rl.tsv.gz
94,35831,CDM019.A0102.SG1.4.classified_gc_rl.tsv.gz
95,34355,CDM019.A0102.SG1.4.classified_gc_rl.tsv.gz
96,32497,CDM019.A0102.SG1.4.classified_gc_rl.tsv.gz
97,31765,CDM019.A0102.SG1.4.classified_gc_rl.tsv.gz
98,31096,CDM019.A0102.SG1.4.classified_gc_rl.tsv.gz
99,29880,CDM019.A0102.SG1.4.classified_gc_rl.tsv.gz
100,28792,CDM019.A0102.SG1.4.classified_gc_rl.tsv.gz
101,27878,CDM019.A0102.SG1.4.classified_gc_rl.tsv.gz
102,26293,CDM019.A0102.SG1.4.classified_gc_rl.tsv.gz
103,25663,CDM019.A0102.SG1.4.classified_gc_rl.tsv.gz
104,25494,CDM019.A0102.SG1.4.classified_gc_rl.tsv.gz
105,24000,CDM019.A0102.SG1.4.classified_gc_rl.tsv.gz
106,23680,CDM019.A0102.SG1.4.classified_gc_rl.tsv.gz
107,23097,CDM019.A0102.SG1.4.classified_gc_rl.tsv.gz
108,21513,CDM019.A0102.SG1.4.classified_gc_rl.tsv.gz
109,21068,CDM019.A0102.SG1.4.classified_gc_rl.tsv.gz
110,20854,CDM019.A0102.SG1.4.classified_gc_rl.tsv.gz
111,19892,CDM019.A0102.SG1.4.classified_gc_rl.tsv.gz
112,19235,CDM019.A0102.SG1.4.classified_gc_rl.tsv.gz
113,19083,CDM019.A0102.SG1.4.classified_gc_rl.tsv.gz
114,17874,CDM019.A0102.SG1.4.classified_gc_rl.tsv.gz
115,17381,CDM019.A0102.SG1.4.classified_gc_rl.tsv.gz
116,17004,CDM019.A0102.SG1.4.classified_gc_rl.tsv.gz
117,16338,CDM019.A0102.SG1.4.classified_gc_rl.tsv.gz
118,15586,CDM019.A0102.SG1.4.classified_gc_rl.tsv.gz
119,15512,CDM019.A0102.SG1.4.classified_gc_rl.tsv.gz
120,14835,CDM019.A0102.SG1.4.classified_gc_rl.tsv.gz
121,14348,CDM019.A0102.SG1.4.classified_gc_rl.tsv.gz
122,14050,CDM019.A0102.SG1.4.classified_gc_rl.tsv.gz
123,13323,CDM019.A0102.SG1.4.classified_gc_rl.tsv.gz
124,13199,CDM019.A0102.SG1.4.classified_gc_rl.tsv.gz
125,12916,CDM019.A0102.SG1.4.classified_gc_rl.tsv.gz
126,12360,CDM019.A0102.SG1.4.classified_gc_rl.tsv.gz
127,12096,CDM019.A0102.SG1.4.classified_gc_rl.tsv.gz
128,11734,CDM019.A0102.SG1.4.classified_gc_rl.tsv.gz
129,11160,CDM019.A0102.SG1.4.classified_gc_rl.tsv.gz
130,10947,CDM019.A0102.SG1.4.classified_gc_rl.tsv.gz
131,11012,CDM019.A0102.SG1.4.classified_gc_rl.tsv.gz
132,10337,CDM019.A0102.SG1.4.classified_gc_rl.tsv.gz
133,10182,CDM019.A0102.SG1.4.classified_gc_rl.tsv.gz
134,10145,CDM019.A0102.SG1.4.classified_gc_rl.tsv.gz
135,9462,CDM019.A0102.SG1.4.classified_gc_rl.tsv.gz
136,9329,CDM019.A0102.SG1.4.classified_gc_rl.tsv.gz
137,9393,CDM019.A0102.SG1.4.classified_gc_rl.tsv.gz
138,8474,CDM019.A0102.SG1.4.classified_gc_rl.tsv.gz
139,8018,CDM019.A0102.SG1.4.classified_gc_rl.tsv.gz
140,8287,CDM019.A0102.SG1.4.classified_gc_rl.tsv.gz
141,6942,CDM019.A0102.SG1.4.classified_gc_rl.tsv.gz
36,11103,CDM020.A0101.SG1.1.classified_gc_rl.tsv.gz
37,21744,CDM020.A0101.SG1.1.classified_gc_rl.tsv.gz
38,30566,CDM020.A0101.SG1.1.classified_gc_rl.tsv.gz
39,38071,CDM020.A0101.SG1.1.classified_gc_rl.tsv.gz
40,44945,CDM020.A0101.SG1.1.classified_gc_rl.tsv.gz
41,48515,CDM020.A0101.SG1.1.classified_gc_rl.tsv.gz
42,52334,CDM020.A0101.SG1.1.classified_gc_rl.tsv.gz
43,55117,CDM020.A0101.SG1.1.classified_gc_rl.tsv.gz
44,56860,CDM020.A0101.SG1.1.classified_gc_rl.tsv.gz
45,59761,CDM020.A0101.SG1.1.classified_gc_rl.tsv.gz
46,62376,CDM020.A0101.SG1.1.classified_gc_rl.tsv.gz
47,63810,CDM020.A0101.SG1.1.classified_gc_rl.tsv.gz
48,63876,CDM020.A0101.SG1.1.classified_gc_rl.tsv.gz
49,64429,CDM020.A0101.SG1.1.classified_gc_rl.tsv.gz
50,63793,CDM020.A0101.SG1.1.classified_gc_rl.tsv.gz
51,64598,CDM020.A0101.SG1.1.classified_gc_rl.tsv.gz
52,65053,CDM020.A0101.SG1.1.classified_gc_rl.tsv.gz
53,64385,CDM020.A0101.SG1.1.classified_gc_rl.tsv.gz
54,65092,CDM020.A0101.SG1.1.classified_gc_rl.tsv.gz
55,63473,CDM020.A0101.SG1.1.classified_gc_rl.tsv.gz
56,63419,CDM020.A0101.SG1.1.classified_gc_rl.tsv.gz
57,63400,CDM020.A0101.SG1.1.classified_gc_rl.tsv.gz
58,62821,CDM020.A0101.SG1.1.classified_gc_rl.tsv.gz
59,61675,CDM020.A0101.SG1.1.classified_gc_rl.tsv.gz
60,61249,CDM020.A0101.SG1.1.classified_gc_rl.tsv.gz
61,58492,CDM020.A0101.SG1.1.classified_gc_rl.tsv.gz
62,57303,CDM020.A0101.SG1.1.classified_gc_rl.tsv.gz
63,56848,CDM020.A0101.SG1.1.classified_gc_rl.tsv.gz
64,55739,CDM020.A0101.SG1.1.classified_gc_rl.tsv.gz
65,54582,CDM020.A0101.SG1.1.classified_gc_rl.tsv.gz
66,54826,CDM020.A0101.SG1.1.classified_gc_rl.tsv.gz
67,53714,CDM020.A0101.SG1.1.classified_gc_rl.tsv.gz
68,51150,CDM020.A0101.SG1.1.classified_gc_rl.tsv.gz
69,50984,CDM020.A0101.SG1.1.classified_gc_rl.tsv.gz
70,50104,CDM020.A0101.SG1.1.classified_gc_rl.tsv.gz
71,50439,CDM020.A0101.SG1.1.classified_gc_rl.tsv.gz
72,54340,CDM020.A0101.SG1.1.classified_gc_rl.tsv.gz
73,60620,CDM020.A0101.SG1.1.classified_gc_rl.tsv.gz
74,54546,CDM020.A0101.SG1.1.classified_gc_rl.tsv.gz
75,103496,CDM020.A0101.SG1.1.classified_gc_rl.tsv.gz
76,334897,CDM020.A0101.SG1.1.classified_gc_rl.tsv.gz
77,40796,CDM020.A0101.SG1.1.classified_gc_rl.tsv.gz
78,40411,CDM020.A0101.SG1.1.classified_gc_rl.tsv.gz
79,38997,CDM020.A0101.SG1.1.classified_gc_rl.tsv.gz
80,37993,CDM020.A0101.SG1.1.classified_gc_rl.tsv.gz
81,35584,CDM020.A0101.SG1.1.classified_gc_rl.tsv.gz
82,35161,CDM020.A0101.SG1.1.classified_gc_rl.tsv.gz
83,33759,CDM020.A0101.SG1.1.classified_gc_rl.tsv.gz
84,33568,CDM020.A0101.SG1.1.classified_gc_rl.tsv.gz
85,32615,CDM020.A0101.SG1.1.classified_gc_rl.tsv.gz
86,31690,CDM020.A0101.SG1.1.classified_gc_rl.tsv.gz
87,31385,CDM020.A0101.SG1.1.classified_gc_rl.tsv.gz
88,29518,CDM020.A0101.SG1.1.classified_gc_rl.tsv.gz
89,28438,CDM020.A0101.SG1.1.classified_gc_rl.tsv.gz
90,28155,CDM020.A0101.SG1.1.classified_gc_rl.tsv.gz
91,27496,CDM020.A0101.SG1.1.classified_gc_rl.tsv.gz
92,26052,CDM020.A0101.SG1.1.classified_gc_rl.tsv.gz
93,25982,CDM020.A0101.SG1.1.classified_gc_rl.tsv.gz
94,25292,CDM020.A0101.SG1.1.classified_gc_rl.tsv.gz
95,23908,CDM020.A0101.SG1.1.classified_gc_rl.tsv.gz
96,23654,CDM020.A0101.SG1.1.classified_gc_rl.tsv.gz
97,23103,CDM020.A0101.SG1.1.classified_gc_rl.tsv.gz
98,22218,CDM020.A0101.SG1.1.classified_gc_rl.tsv.gz
99,22120,CDM020.A0101.SG1.1.classified_gc_rl.tsv.gz
100,21259,CDM020.A0101.SG1.1.classified_gc_rl.tsv.gz
101,20107,CDM020.A0101.SG1.1.classified_gc_rl.tsv.gz
102,19778,CDM020.A0101.SG1.1.classified_gc_rl.tsv.gz
103,18895,CDM020.A0101.SG1.1.classified_gc_rl.tsv.gz
104,18530,CDM020.A0101.SG1.1.classified_gc_rl.tsv.gz
105,18144,CDM020.A0101.SG1.1.classified_gc_rl.tsv.gz
106,17945,CDM020.A0101.SG1.1.classified_gc_rl.tsv.gz
107,17066,CDM020.A0101.SG1.1.classified_gc_rl.tsv.gz
108,16569,CDM020.A0101.SG1.1.classified_gc_rl.tsv.gz
109,16238,CDM020.A0101.SG1.1.classified_gc_rl.tsv.gz
110,15577,CDM020.A0101.SG1.1.classified_gc_rl.tsv.gz
111,15385,CDM020.A0101.SG1.1.classified_gc_rl.tsv.gz
112,14676,CDM020.A0101.SG1.1.classified_gc_rl.tsv.gz
113,14362,CDM020.A0101.SG1.1.classified_gc_rl.tsv.gz
114,14023,CDM020.A0101.SG1.1.classified_gc_rl.tsv.gz
115,13533,CDM020.A0101.SG1.1.classified_gc_rl.tsv.gz
116,12898,CDM020.A0101.SG1.1.classified_gc_rl.tsv.gz
117,12769,CDM020.A0101.SG1.1.classified_gc_rl.tsv.gz
118,12357,CDM020.A0101.SG1.1.classified_gc_rl.tsv.gz
119,11877,CDM020.A0101.SG1.1.classified_gc_rl.tsv.gz
120,11843,CDM020.A0101.SG1.1.classified_gc_rl.tsv.gz
121,11481,CDM020.A0101.SG1.1.classified_gc_rl.tsv.gz
122,11034,CDM020.A0101.SG1.1.classified_gc_rl.tsv.gz
123,10854,CDM020.A0101.SG1.1.classified_gc_rl.tsv.gz
124,10368,CDM020.A0101.SG1.1.classified_gc_rl.tsv.gz
125,10227,CDM020.A0101.SG1.1.classified_gc_rl.tsv.gz
126,9877,CDM020.A0101.SG1.1.classified_gc_rl.tsv.gz
127,9683,CDM020.A0101.SG1.1.classified_gc_rl.tsv.gz
128,9267,CDM020.A0101.SG1.1.classified_gc_rl.tsv.gz
129,9167,CDM020.A0101.SG1.1.classified_gc_rl.tsv.gz
130,8887,CDM020.A0101.SG1.1.classified_gc_rl.tsv.gz
131,8541,CDM020.A0101.SG1.1.classified_gc_rl.tsv.gz
132,8365,CDM020.A0101.SG1.1.classified_gc_rl.tsv.gz
133,8391,CDM020.A0101.SG1.1.classified_gc_rl.tsv.gz
134,8068,CDM020.A0101.SG1.1.classified_gc_rl.tsv.gz
135,7883,CDM020.A0101.SG1.1.classified_gc_rl.tsv.gz
136,7757,CDM020.A0101.SG1.1.classified_gc_rl.tsv.gz
137,7618,CDM020.A0101.SG1.1.classified_gc_rl.tsv.gz
138,7130,CDM020.A0101.SG1.1.classified_gc_rl.tsv.gz
139,7021,CDM020.A0101.SG1.1.classified_gc_rl.tsv.gz
140,6990,CDM020.A0101.SG1.1.classified_gc_rl.tsv.gz
141,5855,CDM020.A0101.SG1.1.classified_gc_rl.tsv.gz
36,44689,CDM020.A0102.SG1.4.classified_gc_rl.tsv.gz
37,83421,CDM020.A0102.SG1.4.classified_gc_rl.tsv.gz
38,115127,CDM020.A0102.SG1.4.classified_gc_rl.tsv.gz
39,138084,CDM020.A0102.SG1.4.classified_gc_rl.tsv.gz
40,161647,CDM020.A0102.SG1.4.classified_gc_rl.tsv.gz
41,170952,CDM020.A0102.SG1.4.classified_gc_rl.tsv.gz
42,172685,CDM020.A0102.SG1.4.classified_gc_rl.tsv.gz
43,177052,CDM020.A0102.SG1.4.classified_gc_rl.tsv.gz
44,181874,CDM020.A0102.SG1.4.classified_gc_rl.tsv.gz
45,180528,CDM020.A0102.SG1.4.classified_gc_rl.tsv.gz
46,183512,CDM020.A0102.SG1.4.classified_gc_rl.tsv.gz
47,184768,CDM020.A0102.SG1.4.classified_gc_rl.tsv.gz
48,178936,CDM020.A0102.SG1.4.classified_gc_rl.tsv.gz
49,179409,CDM020.A0102.SG1.4.classified_gc_rl.tsv.gz
50,179072,CDM020.A0102.SG1.4.classified_gc_rl.tsv.gz
51,173868,CDM020.A0102.SG1.4.classified_gc_rl.tsv.gz
52,172420,CDM020.A0102.SG1.4.classified_gc_rl.tsv.gz
53,169652,CDM020.A0102.SG1.4.classified_gc_rl.tsv.gz
54,162630,CDM020.A0102.SG1.4.classified_gc_rl.tsv.gz
55,157470,CDM020.A0102.SG1.4.classified_gc_rl.tsv.gz
56,156214,CDM020.A0102.SG1.4.classified_gc_rl.tsv.gz
57,149956,CDM020.A0102.SG1.4.classified_gc_rl.tsv.gz
58,147169,CDM020.A0102.SG1.4.classified_gc_rl.tsv.gz
59,145221,CDM020.A0102.SG1.4.classified_gc_rl.tsv.gz
60,139112,CDM020.A0102.SG1.4.classified_gc_rl.tsv.gz
61,133842,CDM020.A0102.SG1.4.classified_gc_rl.tsv.gz
62,130102,CDM020.A0102.SG1.4.classified_gc_rl.tsv.gz
63,124533,CDM020.A0102.SG1.4.classified_gc_rl.tsv.gz
64,122188,CDM020.A0102.SG1.4.classified_gc_rl.tsv.gz
65,118788,CDM020.A0102.SG1.4.classified_gc_rl.tsv.gz
66,113877,CDM020.A0102.SG1.4.classified_gc_rl.tsv.gz
67,111143,CDM020.A0102.SG1.4.classified_gc_rl.tsv.gz
68,106214,CDM020.A0102.SG1.4.classified_gc_rl.tsv.gz
69,101605,CDM020.A0102.SG1.4.classified_gc_rl.tsv.gz
70,100632,CDM020.A0102.SG1.4.classified_gc_rl.tsv.gz
71,100980,CDM020.A0102.SG1.4.classified_gc_rl.tsv.gz
72,107556,CDM020.A0102.SG1.4.classified_gc_rl.tsv.gz
73,136932,CDM020.A0102.SG1.4.classified_gc_rl.tsv.gz
74,90919,CDM020.A0102.SG1.4.classified_gc_rl.tsv.gz
75,113796,CDM020.A0102.SG1.4.classified_gc_rl.tsv.gz
76,476284,CDM020.A0102.SG1.4.classified_gc_rl.tsv.gz
77,75501,CDM020.A0102.SG1.4.classified_gc_rl.tsv.gz
78,71328,CDM020.A0102.SG1.4.classified_gc_rl.tsv.gz
79,70503,CDM020.A0102.SG1.4.classified_gc_rl.tsv.gz
80,68406,CDM020.A0102.SG1.4.classified_gc_rl.tsv.gz
81,62529,CDM020.A0102.SG1.4.classified_gc_rl.tsv.gz
82,61174,CDM020.A0102.SG1.4.classified_gc_rl.tsv.gz
83,59077,CDM020.A0102.SG1.4.classified_gc_rl.tsv.gz
84,56111,CDM020.A0102.SG1.4.classified_gc_rl.tsv.gz
85,55012,CDM020.A0102.SG1.4.classified_gc_rl.tsv.gz
86,53530,CDM020.A0102.SG1.4.classified_gc_rl.tsv.gz
87,50856,CDM020.A0102.SG1.4.classified_gc_rl.tsv.gz
88,47842,CDM020.A0102.SG1.4.classified_gc_rl.tsv.gz
89,46343,CDM020.A0102.SG1.4.classified_gc_rl.tsv.gz
90,44067,CDM020.A0102.SG1.4.classified_gc_rl.tsv.gz
91,43229,CDM020.A0102.SG1.4.classified_gc_rl.tsv.gz
92,42620,CDM020.A0102.SG1.4.classified_gc_rl.tsv.gz
93,39756,CDM020.A0102.SG1.4.classified_gc_rl.tsv.gz
94,38897,CDM020.A0102.SG1.4.classified_gc_rl.tsv.gz
95,37289,CDM020.A0102.SG1.4.classified_gc_rl.tsv.gz
96,34878,CDM020.A0102.SG1.4.classified_gc_rl.tsv.gz
97,34060,CDM020.A0102.SG1.4.classified_gc_rl.tsv.gz
98,33311,CDM020.A0102.SG1.4.classified_gc_rl.tsv.gz
99,31432,CDM020.A0102.SG1.4.classified_gc_rl.tsv.gz
100,31000,CDM020.A0102.SG1.4.classified_gc_rl.tsv.gz
101,28747,CDM020.A0102.SG1.4.classified_gc_rl.tsv.gz
102,27778,CDM020.A0102.SG1.4.classified_gc_rl.tsv.gz
103,26900,CDM020.A0102.SG1.4.classified_gc_rl.tsv.gz
104,26276,CDM020.A0102.SG1.4.classified_gc_rl.tsv.gz
105,24861,CDM020.A0102.SG1.4.classified_gc_rl.tsv.gz
106,24365,CDM020.A0102.SG1.4.classified_gc_rl.tsv.gz
107,23750,CDM020.A0102.SG1.4.classified_gc_rl.tsv.gz
108,22099,CDM020.A0102.SG1.4.classified_gc_rl.tsv.gz
109,21691,CDM020.A0102.SG1.4.classified_gc_rl.tsv.gz
110,21077,CDM020.A0102.SG1.4.classified_gc_rl.tsv.gz
111,20093,CDM020.A0102.SG1.4.classified_gc_rl.tsv.gz
112,19683,CDM020.A0102.SG1.4.classified_gc_rl.tsv.gz
113,19069,CDM020.A0102.SG1.4.classified_gc_rl.tsv.gz
114,18280,CDM020.A0102.SG1.4.classified_gc_rl.tsv.gz
115,17652,CDM020.A0102.SG1.4.classified_gc_rl.tsv.gz
116,17009,CDM020.A0102.SG1.4.classified_gc_rl.tsv.gz
117,16163,CDM020.A0102.SG1.4.classified_gc_rl.tsv.gz
118,15775,CDM020.A0102.SG1.4.classified_gc_rl.tsv.gz
119,15476,CDM020.A0102.SG1.4.classified_gc_rl.tsv.gz
120,14663,CDM020.A0102.SG1.4.classified_gc_rl.tsv.gz
121,14308,CDM020.A0102.SG1.4.classified_gc_rl.tsv.gz
122,13949,CDM020.A0102.SG1.4.classified_gc_rl.tsv.gz
123,13012,CDM020.A0102.SG1.4.classified_gc_rl.tsv.gz
124,12903,CDM020.A0102.SG1.4.classified_gc_rl.tsv.gz
125,12689,CDM020.A0102.SG1.4.classified_gc_rl.tsv.gz
126,12161,CDM020.A0102.SG1.4.classified_gc_rl.tsv.gz
127,11800,CDM020.A0102.SG1.4.classified_gc_rl.tsv.gz
128,11389,CDM020.A0102.SG1.4.classified_gc_rl.tsv.gz
129,10846,CDM020.A0102.SG1.4.classified_gc_rl.tsv.gz
130,10863,CDM020.A0102.SG1.4.classified_gc_rl.tsv.gz
131,10221,CDM020.A0102.SG1.4.classified_gc_rl.tsv.gz
132,9798,CDM020.A0102.SG1.4.classified_gc_rl.tsv.gz
133,9635,CDM020.A0102.SG1.4.classified_gc_rl.tsv.gz
134,9560,CDM020.A0102.SG1.4.classified_gc_rl.tsv.gz
135,8968,CDM020.A0102.SG1.4.classified_gc_rl.tsv.gz
136,8959,CDM020.A0102.SG1.4.classified_gc_rl.tsv.gz
137,8955,CDM020.A0102.SG1.4.classified_gc_rl.tsv.gz
138,7970,CDM020.A0102.SG1.4.classified_gc_rl.tsv.gz
139,7402,CDM020.A0102.SG1.4.classified_gc_rl.tsv.gz
140,7810,CDM020.A0102.SG1.4.classified_gc_rl.tsv.gz
141,6673,CDM020.A0102.SG1.4.classified_gc_rl.tsv.gz
36,15358,FUM001.A0101.SG1.1.classified_gc_rl.tsv.gz
37,29715,FUM001.A0101.SG1.1.classified_gc_rl.tsv.gz
38,40046,FUM001.A0101.SG1.1.classified_gc_rl.tsv.gz
39,49949,FUM001.A0101.SG1.1.classified_gc_rl.tsv.gz
40,58095,FUM001.A0101.SG1.1.classified_gc_rl.tsv.gz
41,59273,FUM001.A0101.SG1.1.classified_gc_rl.tsv.gz
42,62190,FUM001.A0101.SG1.1.classified_gc_rl.tsv.gz
43,64775,FUM001.A0101.SG1.1.classified_gc_rl.tsv.gz
44,64959,FUM001.A0101.SG1.1.classified_gc_rl.tsv.gz
45,66234,FUM001.A0101.SG1.1.classified_gc_rl.tsv.gz
46,66596,FUM001.A0101.SG1.1.classified_gc_rl.tsv.gz
47,64306,FUM001.A0101.SG1.1.classified_gc_rl.tsv.gz
48,65068,FUM001.A0101.SG1.1.classified_gc_rl.tsv.gz
49,65309,FUM001.A0101.SG1.1.classified_gc_rl.tsv.gz
50,62561,FUM001.A0101.SG1.1.classified_gc_rl.tsv.gz
51,63435,FUM001.A0101.SG1.1.classified_gc_rl.tsv.gz
52,61357,FUM001.A0101.SG1.1.classified_gc_rl.tsv.gz
53,58840,FUM001.A0101.SG1.1.classified_gc_rl.tsv.gz
54,57565,FUM001.A0101.SG1.1.classified_gc_rl.tsv.gz
55,56953,FUM001.A0101.SG1.1.classified_gc_rl.tsv.gz
56,54367,FUM001.A0101.SG1.1.classified_gc_rl.tsv.gz
57,54948,FUM001.A0101.SG1.1.classified_gc_rl.tsv.gz
58,50869,FUM001.A0101.SG1.1.classified_gc_rl.tsv.gz
59,49231,FUM001.A0101.SG1.1.classified_gc_rl.tsv.gz
60,48812,FUM001.A0101.SG1.1.classified_gc_rl.tsv.gz
61,45916,FUM001.A0101.SG1.1.classified_gc_rl.tsv.gz
62,42950,FUM001.A0101.SG1.1.classified_gc_rl.tsv.gz
63,43299,FUM001.A0101.SG1.1.classified_gc_rl.tsv.gz
64,41814,FUM001.A0101.SG1.1.classified_gc_rl.tsv.gz
65,39154,FUM001.A0101.SG1.1.classified_gc_rl.tsv.gz
66,39052,FUM001.A0101.SG1.1.classified_gc_rl.tsv.gz
67,37635,FUM001.A0101.SG1.1.classified_gc_rl.tsv.gz
68,33763,FUM001.A0101.SG1.1.classified_gc_rl.tsv.gz
69,34779,FUM001.A0101.SG1.1.classified_gc_rl.tsv.gz
70,34114,FUM001.A0101.SG1.1.classified_gc_rl.tsv.gz
71,32828,FUM001.A0101.SG1.1.classified_gc_rl.tsv.gz
72,33057,FUM001.A0101.SG1.1.classified_gc_rl.tsv.gz
73,37113,FUM001.A0101.SG1.1.classified_gc_rl.tsv.gz
74,33031,FUM001.A0101.SG1.1.classified_gc_rl.tsv.gz
75,56150,FUM001.A0101.SG1.1.classified_gc_rl.tsv.gz
76,192426,FUM001.A0101.SG1.1.classified_gc_rl.tsv.gz
77,24953,FUM001.A0101.SG1.1.classified_gc_rl.tsv.gz
78,24241,FUM001.A0101.SG1.1.classified_gc_rl.tsv.gz
79,23145,FUM001.A0101.SG1.1.classified_gc_rl.tsv.gz
80,22451,FUM001.A0101.SG1.1.classified_gc_rl.tsv.gz
81,21058,FUM001.A0101.SG1.1.classified_gc_rl.tsv.gz
82,19793,FUM001.A0101.SG1.1.classified_gc_rl.tsv.gz
83,18718,FUM001.A0101.SG1.1.classified_gc_rl.tsv.gz
84,18754,FUM001.A0101.SG1.1.classified_gc_rl.tsv.gz
85,18695,FUM001.A0101.SG1.1.classified_gc_rl.tsv.gz
86,17020,FUM001.A0101.SG1.1.classified_gc_rl.tsv.gz
87,16889,FUM001.A0101.SG1.1.classified_gc_rl.tsv.gz
88,15789,FUM001.A0101.SG1.1.classified_gc_rl.tsv.gz
89,15107,FUM001.A0101.SG1.1.classified_gc_rl.tsv.gz
90,14364,FUM001.A0101.SG1.1.classified_gc_rl.tsv.gz
91,14067,FUM001.A0101.SG1.1.classified_gc_rl.tsv.gz
92,13396,FUM001.A0101.SG1.1.classified_gc_rl.tsv.gz
93,12892,FUM001.A0101.SG1.1.classified_gc_rl.tsv.gz
94,12759,FUM001.A0101.SG1.1.classified_gc_rl.tsv.gz
95,11750,FUM001.A0101.SG1.1.classified_gc_rl.tsv.gz
96,11332,FUM001.A0101.SG1.1.classified_gc_rl.tsv.gz
97,11017,FUM001.A0101.SG1.1.classified_gc_rl.tsv.gz
98,11231,FUM001.A0101.SG1.1.classified_gc_rl.tsv.gz
99,10418,FUM001.A0101.SG1.1.classified_gc_rl.tsv.gz
100,10425,FUM001.A0101.SG1.1.classified_gc_rl.tsv.gz
101,9806,FUM001.A0101.SG1.1.classified_gc_rl.tsv.gz
102,9541,FUM001.A0101.SG1.1.classified_gc_rl.tsv.gz
103,9019,FUM001.A0101.SG1.1.classified_gc_rl.tsv.gz
104,8776,FUM001.A0101.SG1.1.classified_gc_rl.tsv.gz
105,8073,FUM001.A0101.SG1.1.classified_gc_rl.tsv.gz
106,8072,FUM001.A0101.SG1.1.classified_gc_rl.tsv.gz
107,7843,FUM001.A0101.SG1.1.classified_gc_rl.tsv.gz
108,7644,FUM001.A0101.SG1.1.classified_gc_rl.tsv.gz
109,7364,FUM001.A0101.SG1.1.classified_gc_rl.tsv.gz
110,7054,FUM001.A0101.SG1.1.classified_gc_rl.tsv.gz
111,6613,FUM001.A0101.SG1.1.classified_gc_rl.tsv.gz
112,6921,FUM001.A0101.SG1.1.classified_gc_rl.tsv.gz
113,6763,FUM001.A0101.SG1.1.classified_gc_rl.tsv.gz
114,6446,FUM001.A0101.SG1.1.classified_gc_rl.tsv.gz
115,6015,FUM001.A0101.SG1.1.classified_gc_rl.tsv.gz
116,5599,FUM001.A0101.SG1.1.classified_gc_rl.tsv.gz
117,5724,FUM001.A0101.SG1.1.classified_gc_rl.tsv.gz
118,5685,FUM001.A0101.SG1.1.classified_gc_rl.tsv.gz
119,5568,FUM001.A0101.SG1.1.classified_gc_rl.tsv.gz
120,5471,FUM001.A0101.SG1.1.classified_gc_rl.tsv.gz
121,5194,FUM001.A0101.SG1.1.classified_gc_rl.tsv.gz
122,5055,FUM001.A0101.SG1.1.classified_gc_rl.tsv.gz
123,5061,FUM001.A0101.SG1.1.classified_gc_rl.tsv.gz
124,4813,FUM001.A0101.SG1.1.classified_gc_rl.tsv.gz
125,4547,FUM001.A0101.SG1.1.classified_gc_rl.tsv.gz
126,4546,FUM001.A0101.SG1.1.classified_gc_rl.tsv.gz
127,4418,FUM001.A0101.SG1.1.classified_gc_rl.tsv.gz
128,4207,FUM001.A0101.SG1.1.classified_gc_rl.tsv.gz
129,3714,FUM001.A0101.SG1.1.classified_gc_rl.tsv.gz
130,4023,FUM001.A0101.SG1.1.classified_gc_rl.tsv.gz
131,3752,FUM001.A0101.SG1.1.classified_gc_rl.tsv.gz
132,3714,FUM001.A0101.SG1.1.classified_gc_rl.tsv.gz
133,3427,FUM001.A0101.SG1.1.classified_gc_rl.tsv.gz
134,3784,FUM001.A0101.SG1.1.classified_gc_rl.tsv.gz
135,3377,FUM001.A0101.SG1.1.classified_gc_rl.tsv.gz
136,3462,FUM001.A0101.SG1.1.classified_gc_rl.tsv.gz
137,3825,FUM001.A0101.SG1.1.classified_gc_rl.tsv.gz
138,3112,FUM001.A0101.SG1.1.classified_gc_rl.tsv.gz
139,3229,FUM001.A0101.SG1.1.classified_gc_rl.tsv.gz
140,3500,FUM001.A0101.SG1.1.classified_gc_rl.tsv.gz
141,2757,FUM001.A0101.SG1.1.classified_gc_rl.tsv.gz
36,4651,FUM001.A0102.SG1.4.classified_gc_rl.tsv.gz
37,8398,FUM001.A0102.SG1.4.classified_gc_rl.tsv.gz
38,11230,FUM001.A0102.SG1.4.classified_gc_rl.tsv.gz
39,13151,FUM001.A0102.SG1.4.classified_gc_rl.tsv.gz
40,14594,FUM001.A0102.SG1.4.classified_gc_rl.tsv.gz
41,15012,FUM001.A0102.SG1.4.classified_gc_rl.tsv.gz
42,14942,FUM001.A0102.SG1.4.classified_gc_rl.tsv.gz
43,15122,FUM001.A0102.SG1.4.classified_gc_rl.tsv.gz
44,14795,FUM001.A0102.SG1.4.classified_gc_rl.tsv.gz
45,14256,FUM001.A0102.SG1.4.classified_gc_rl.tsv.gz
46,14113,FUM001.A0102.SG1.4.classified_gc_rl.tsv.gz
47,13917,FUM001.A0102.SG1.4.classified_gc_rl.tsv.gz
48,13148,FUM001.A0102.SG1.4.classified_gc_rl.tsv.gz
49,12998,FUM001.A0102.SG1.4.classified_gc_rl.tsv.gz
50,12752,FUM001.A0102.SG1.4.classified_gc_rl.tsv.gz
51,11957,FUM001.A0102.SG1.4.classified_gc_rl.tsv.gz
52,11419,FUM001.A0102.SG1.4.classified_gc_rl.tsv.gz
53,11394,FUM001.A0102.SG1.4.classified_gc_rl.tsv.gz
54,10567,FUM001.A0102.SG1.4.classified_gc_rl.tsv.gz
55,10138,FUM001.A0102.SG1.4.classified_gc_rl.tsv.gz
56,9932,FUM001.A0102.SG1.4.classified_gc_rl.tsv.gz
57,9299,FUM001.A0102.SG1.4.classified_gc_rl.tsv.gz
58,9145,FUM001.A0102.SG1.4.classified_gc_rl.tsv.gz
59,8635,FUM001.A0102.SG1.4.classified_gc_rl.tsv.gz
60,8050,FUM001.A0102.SG1.4.classified_gc_rl.tsv.gz
61,7730,FUM001.A0102.SG1.4.classified_gc_rl.tsv.gz
62,7435,FUM001.A0102.SG1.4.classified_gc_rl.tsv.gz
63,6850,FUM001.A0102.SG1.4.classified_gc_rl.tsv.gz
64,6551,FUM001.A0102.SG1.4.classified_gc_rl.tsv.gz
65,6521,FUM001.A0102.SG1.4.classified_gc_rl.tsv.gz
66,6034,FUM001.A0102.SG1.4.classified_gc_rl.tsv.gz
67,5882,FUM001.A0102.SG1.4.classified_gc_rl.tsv.gz
68,5480,FUM001.A0102.SG1.4.classified_gc_rl.tsv.gz
69,5221,FUM001.A0102.SG1.4.classified_gc_rl.tsv.gz
70,5105,FUM001.A0102.SG1.4.classified_gc_rl.tsv.gz
71,5152,FUM001.A0102.SG1.4.classified_gc_rl.tsv.gz
72,5274,FUM001.A0102.SG1.4.classified_gc_rl.tsv.gz
73,6208,FUM001.A0102.SG1.4.classified_gc_rl.tsv.gz
74,4410,FUM001.A0102.SG1.4.classified_gc_rl.tsv.gz
75,5107,FUM001.A0102.SG1.4.classified_gc_rl.tsv.gz
76,18207,FUM001.A0102.SG1.4.classified_gc_rl.tsv.gz
77,3646,FUM001.A0102.SG1.4.classified_gc_rl.tsv.gz
78,3346,FUM001.A0102.SG1.4.classified_gc_rl.tsv.gz
79,3180,FUM001.A0102.SG1.4.classified_gc_rl.tsv.gz
80,3104,FUM001.A0102.SG1.4.classified_gc_rl.tsv.gz
81,2860,FUM001.A0102.SG1.4.classified_gc_rl.tsv.gz
82,2589,FUM001.A0102.SG1.4.classified_gc_rl.tsv.gz
83,2585,FUM001.A0102.SG1.4.classified_gc_rl.tsv.gz
84,2524,FUM001.A0102.SG1.4.classified_gc_rl.tsv.gz
85,2362,FUM001.A0102.SG1.4.classified_gc_rl.tsv.gz
86,2247,FUM001.A0102.SG1.4.classified_gc_rl.tsv.gz
87,2198,FUM001.A0102.SG1.4.classified_gc_rl.tsv.gz
88,1952,FUM001.A0102.SG1.4.classified_gc_rl.tsv.gz
89,2011,FUM001.A0102.SG1.4.classified_gc_rl.tsv.gz
90,1869,FUM001.A0102.SG1.4.classified_gc_rl.tsv.gz
91,1773,FUM001.A0102.SG1.4.classified_gc_rl.tsv.gz
92,1728,FUM001.A0102.SG1.4.classified_gc_rl.tsv.gz
93,1595,FUM001.A0102.SG1.4.classified_gc_rl.tsv.gz
94,1606,FUM001.A0102.SG1.4.classified_gc_rl.tsv.gz
95,1488,FUM001.A0102.SG1.4.classified_gc_rl.tsv.gz
96,1402,FUM001.A0102.SG1.4.classified_gc_rl.tsv.gz
97,1373,FUM001.A0102.SG1.4.classified_gc_rl.tsv.gz
98,1284,FUM001.A0102.SG1.4.classified_gc_rl.tsv.gz
99,1210,FUM001.A0102.SG1.4.classified_gc_rl.tsv.gz
100,1211,FUM001.A0102.SG1.4.classified_gc_rl.tsv.gz
101,1137,FUM001.A0102.SG1.4.classified_gc_rl.tsv.gz
102,1054,FUM001.A0102.SG1.4.classified_gc_rl.tsv.gz
103,1072,FUM001.A0102.SG1.4.classified_gc_rl.tsv.gz
104,997,FUM001.A0102.SG1.4.classified_gc_rl.tsv.gz
105,989,FUM001.A0102.SG1.4.classified_gc_rl.tsv.gz
106,950,FUM001.A0102.SG1.4.classified_gc_rl.tsv.gz
107,846,FUM001.A0102.SG1.4.classified_gc_rl.tsv.gz
108,944,FUM001.A0102.SG1.4.classified_gc_rl.tsv.gz
109,810,FUM001.A0102.SG1.4.classified_gc_rl.tsv.gz
110,786,FUM001.A0102.SG1.4.classified_gc_rl.tsv.gz
111,713,FUM001.A0102.SG1.4.classified_gc_rl.tsv.gz
112,720,FUM001.A0102.SG1.4.classified_gc_rl.tsv.gz
113,710,FUM001.A0102.SG1.4.classified_gc_rl.tsv.gz
114,641,FUM001.A0102.SG1.4.classified_gc_rl.tsv.gz
115,614,FUM001.A0102.SG1.4.classified_gc_rl.tsv.gz
116,603,FUM001.A0102.SG1.4.classified_gc_rl.tsv.gz
117,615,FUM001.A0102.SG1.4.classified_gc_rl.tsv.gz
118,619,FUM001.A0102.SG1.4.classified_gc_rl.tsv.gz
119,604,FUM001.A0102.SG1.4.classified_gc_rl.tsv.gz
120,526,FUM001.A0102.SG1.4.classified_gc_rl.tsv.gz
121,481,FUM001.A0102.SG1.4.classified_gc_rl.tsv.gz
122,505,FUM001.A0102.SG1.4.classified_gc_rl.tsv.gz
123,539,FUM001.A0102.SG1.4.classified_gc_rl.tsv.gz
124,487,FUM001.A0102.SG1.4.classified_gc_rl.tsv.gz
125,468,FUM001.A0102.SG1.4.classified_gc_rl.tsv.gz
126,453,FUM001.A0102.SG1.4.classified_gc_rl.tsv.gz
127,424,FUM001.A0102.SG1.4.classified_gc_rl.tsv.gz
128,434,FUM001.A0102.SG1.4.classified_gc_rl.tsv.gz
129,382,FUM001.A0102.SG1.4.classified_gc_rl.tsv.gz
130,418,FUM001.A0102.SG1.4.classified_gc_rl.tsv.gz
131,402,FUM001.A0102.SG1.4.classified_gc_rl.tsv.gz
132,383,FUM001.A0102.SG1.4.classified_gc_rl.tsv.gz
133,354,FUM001.A0102.SG1.4.classified_gc_rl.tsv.gz
134,365,FUM001.A0102.SG1.4.classified_gc_rl.tsv.gz
135,357,FUM001.A0102.SG1.4.classified_gc_rl.tsv.gz
136,365,FUM001.A0102.SG1.4.classified_gc_rl.tsv.gz
137,366,FUM001.A0102.SG1.4.classified_gc_rl.tsv.gz
138,299,FUM001.A0102.SG1.4.classified_gc_rl.tsv.gz
139,313,FUM001.A0102.SG1.4.classified_gc_rl.tsv.gz
140,303,FUM001.A0102.SG1.4.classified_gc_rl.tsv.gz
141,279,FUM001.A0102.SG1.4.classified_gc_rl.tsv.gz
36,23558,FUM002.A0101.SG1.1.classified_gc_rl.tsv.gz
37,45738,FUM002.A0101.SG1.1.classified_gc_rl.tsv.gz
38,61396,FUM002.A0101.SG1.1.classified_gc_rl.tsv.gz
39,77179,FUM002.A0101.SG1.1.classified_gc_rl.tsv.gz
40,89855,FUM002.A0101.SG1.1.classified_gc_rl.tsv.gz
41,91237,FUM002.A0101.SG1.1.classified_gc_rl.tsv.gz
42,98432,FUM002.A0101.SG1.1.classified_gc_rl.tsv.gz
43,101857,FUM002.A0101.SG1.1.classified_gc_rl.tsv.gz
44,98817,FUM002.A0101.SG1.1.classified_gc_rl.tsv.gz
45,102430,FUM002.A0101.SG1.1.classified_gc_rl.tsv.gz
46,103180,FUM002.A0101.SG1.1.classified_gc_rl.tsv.gz
47,97495,FUM002.A0101.SG1.1.classified_gc_rl.tsv.gz
48,98604,FUM002.A0101.SG1.1.classified_gc_rl.tsv.gz
49,97769,FUM002.A0101.SG1.1.classified_gc_rl.tsv.gz
50,92232,FUM002.A0101.SG1.1.classified_gc_rl.tsv.gz
51,94245,FUM002.A0101.SG1.1.classified_gc_rl.tsv.gz
52,93058,FUM002.A0101.SG1.1.classified_gc_rl.tsv.gz
53,87352,FUM002.A0101.SG1.1.classified_gc_rl.tsv.gz
54,88582,FUM002.A0101.SG1.1.classified_gc_rl.tsv.gz
55,84105,FUM002.A0101.SG1.1.classified_gc_rl.tsv.gz
56,78797,FUM002.A0101.SG1.1.classified_gc_rl.tsv.gz
57,79037,FUM002.A0101.SG1.1.classified_gc_rl.tsv.gz
58,76495,FUM002.A0101.SG1.1.classified_gc_rl.tsv.gz
59,71529,FUM002.A0101.SG1.1.classified_gc_rl.tsv.gz
60,71588,FUM002.A0101.SG1.1.classified_gc_rl.tsv.gz
61,67656,FUM002.A0101.SG1.1.classified_gc_rl.tsv.gz
62,62801,FUM002.A0101.SG1.1.classified_gc_rl.tsv.gz
63,62421,FUM002.A0101.SG1.1.classified_gc_rl.tsv.gz
64,61007,FUM002.A0101.SG1.1.classified_gc_rl.tsv.gz
65,56886,FUM002.A0101.SG1.1.classified_gc_rl.tsv.gz
66,56458,FUM002.A0101.SG1.1.classified_gc_rl.tsv.gz
67,54447,FUM002.A0101.SG1.1.classified_gc_rl.tsv.gz
68,49171,FUM002.A0101.SG1.1.classified_gc_rl.tsv.gz
69,49056,FUM002.A0101.SG1.1.classified_gc_rl.tsv.gz
70,47735,FUM002.A0101.SG1.1.classified_gc_rl.tsv.gz
71,43905,FUM002.A0101.SG1.1.classified_gc_rl.tsv.gz
72,44660,FUM002.A0101.SG1.1.classified_gc_rl.tsv.gz
73,44136,FUM002.A0101.SG1.1.classified_gc_rl.tsv.gz
74,40121,FUM002.A0101.SG1.1.classified_gc_rl.tsv.gz
75,44520,FUM002.A0101.SG1.1.classified_gc_rl.tsv.gz
76,81474,FUM002.A0101.SG1.1.classified_gc_rl.tsv.gz
77,32853,FUM002.A0101.SG1.1.classified_gc_rl.tsv.gz
78,32755,FUM002.A0101.SG1.1.classified_gc_rl.tsv.gz
79,31354,FUM002.A0101.SG1.1.classified_gc_rl.tsv.gz
80,29004,FUM002.A0101.SG1.1.classified_gc_rl.tsv.gz
81,27410,FUM002.A0101.SG1.1.classified_gc_rl.tsv.gz
82,26370,FUM002.A0101.SG1.1.classified_gc_rl.tsv.gz
83,24010,FUM002.A0101.SG1.1.classified_gc_rl.tsv.gz
84,24409,FUM002.A0101.SG1.1.classified_gc_rl.tsv.gz
85,23458,FUM002.A0101.SG1.1.classified_gc_rl.tsv.gz
86,21707,FUM002.A0101.SG1.1.classified_gc_rl.tsv.gz
87,21417,FUM002.A0101.SG1.1.classified_gc_rl.tsv.gz
88,19923,FUM002.A0101.SG1.1.classified_gc_rl.tsv.gz
89,18086,FUM002.A0101.SG1.1.classified_gc_rl.tsv.gz
90,18030,FUM002.A0101.SG1.1.classified_gc_rl.tsv.gz
91,17134,FUM002.A0101.SG1.1.classified_gc_rl.tsv.gz
92,15994,FUM002.A0101.SG1.1.classified_gc_rl.tsv.gz
93,15940,FUM002.A0101.SG1.1.classified_gc_rl.tsv.gz
94,15215,FUM002.A0101.SG1.1.classified_gc_rl.tsv.gz
95,13341,FUM002.A0101.SG1.1.classified_gc_rl.tsv.gz
96,13515,FUM002.A0101.SG1.1.classified_gc_rl.tsv.gz
97,12797,FUM002.A0101.SG1.1.classified_gc_rl.tsv.gz
98,11652,FUM002.A0101.SG1.1.classified_gc_rl.tsv.gz
99,11614,FUM002.A0101.SG1.1.classified_gc_rl.tsv.gz
100,11119,FUM002.A0101.SG1.1.classified_gc_rl.tsv.gz
101,9935,FUM002.A0101.SG1.1.classified_gc_rl.tsv.gz
102,9613,FUM002.A0101.SG1.1.classified_gc_rl.tsv.gz
103,9498,FUM002.A0101.SG1.1.classified_gc_rl.tsv.gz
104,8710,FUM002.A0101.SG1.1.classified_gc_rl.tsv.gz
105,8786,FUM002.A0101.SG1.1.classified_gc_rl.tsv.gz
106,8219,FUM002.A0101.SG1.1.classified_gc_rl.tsv.gz
107,7605,FUM002.A0101.SG1.1.classified_gc_rl.tsv.gz
108,7454,FUM002.A0101.SG1.1.classified_gc_rl.tsv.gz
109,6996,FUM002.A0101.SG1.1.classified_gc_rl.tsv.gz
110,6441,FUM002.A0101.SG1.1.classified_gc_rl.tsv.gz
111,6335,FUM002.A0101.SG1.1.classified_gc_rl.tsv.gz
112,6138,FUM002.A0101.SG1.1.classified_gc_rl.tsv.gz
113,5644,FUM002.A0101.SG1.1.classified_gc_rl.tsv.gz
114,5528,FUM002.A0101.SG1.1.classified_gc_rl.tsv.gz
115,5052,FUM002.A0101.SG1.1.classified_gc_rl.tsv.gz
116,4676,FUM002.A0101.SG1.1.classified_gc_rl.tsv.gz
117,4702,FUM002.A0101.SG1.1.classified_gc_rl.tsv.gz
118,4456,FUM002.A0101.SG1.1.classified_gc_rl.tsv.gz
119,4113,FUM002.A0101.SG1.1.classified_gc_rl.tsv.gz
120,4198,FUM002.A0101.SG1.1.classified_gc_rl.tsv.gz
121,3825,FUM002.A0101.SG1.1.classified_gc_rl.tsv.gz
122,3395,FUM002.A0101.SG1.1.classified_gc_rl.tsv.gz
123,3489,FUM002.A0101.SG1.1.classified_gc_rl.tsv.gz
124,3312,FUM002.A0101.SG1.1.classified_gc_rl.tsv.gz
125,3025,FUM002.A0101.SG1.1.classified_gc_rl.tsv.gz
126,3121,FUM002.A0101.SG1.1.classified_gc_rl.tsv.gz
127,2983,FUM002.A0101.SG1.1.classified_gc_rl.tsv.gz
128,2547,FUM002.A0101.SG1.1.classified_gc_rl.tsv.gz
129,2597,FUM002.A0101.SG1.1.classified_gc_rl.tsv.gz
130,2457,FUM002.A0101.SG1.1.classified_gc_rl.tsv.gz
131,2304,FUM002.A0101.SG1.1.classified_gc_rl.tsv.gz
132,2156,FUM002.A0101.SG1.1.classified_gc_rl.tsv.gz
133,2105,FUM002.A0101.SG1.1.classified_gc_rl.tsv.gz
134,1931,FUM002.A0101.SG1.1.classified_gc_rl.tsv.gz
135,1833,FUM002.A0101.SG1.1.classified_gc_rl.tsv.gz
136,1839,FUM002.A0101.SG1.1.classified_gc_rl.tsv.gz
137,1764,FUM002.A0101.SG1.1.classified_gc_rl.tsv.gz
138,1674,FUM002.A0101.SG1.1.classified_gc_rl.tsv.gz
139,1578,FUM002.A0101.SG1.1.classified_gc_rl.tsv.gz
140,1576,FUM002.A0101.SG1.1.classified_gc_rl.tsv.gz
141,1305,FUM002.A0101.SG1.1.classified_gc_rl.tsv.gz
36,20385,FUM002.A0102.SG1.5.classified_gc_rl.tsv.gz
37,37951,FUM002.A0102.SG1.5.classified_gc_rl.tsv.gz
38,51843,FUM002.A0102.SG1.5.classified_gc_rl.tsv.gz
39,57228,FUM002.A0102.SG1.5.classified_gc_rl.tsv.gz
40,65711,FUM002.A0102.SG1.5.classified_gc_rl.tsv.gz
41,68659,FUM002.A0102.SG1.5.classified_gc_rl.tsv.gz
42,65582,FUM002.A0102.SG1.5.classified_gc_rl.tsv.gz
43,67292,FUM002.A0102.SG1.5.classified_gc_rl.tsv.gz
44,68450,FUM002.A0102.SG1.5.classified_gc_rl.tsv.gz
45,63080,FUM002.A0102.SG1.5.classified_gc_rl.tsv.gz
46,64500,FUM002.A0102.SG1.5.classified_gc_rl.tsv.gz
47,63599,FUM002.A0102.SG1.5.classified_gc_rl.tsv.gz
48,57224,FUM002.A0102.SG1.5.classified_gc_rl.tsv.gz
49,56498,FUM002.A0102.SG1.5.classified_gc_rl.tsv.gz
50,55152,FUM002.A0102.SG1.5.classified_gc_rl.tsv.gz
51,50299,FUM002.A0102.SG1.5.classified_gc_rl.tsv.gz
52,49667,FUM002.A0102.SG1.5.classified_gc_rl.tsv.gz
53,48464,FUM002.A0102.SG1.5.classified_gc_rl.tsv.gz
54,44386,FUM002.A0102.SG1.5.classified_gc_rl.tsv.gz
55,42539,FUM002.A0102.SG1.5.classified_gc_rl.tsv.gz
56,41317,FUM002.A0102.SG1.5.classified_gc_rl.tsv.gz
57,37471,FUM002.A0102.SG1.5.classified_gc_rl.tsv.gz
58,36629,FUM002.A0102.SG1.5.classified_gc_rl.tsv.gz
59,35684,FUM002.A0102.SG1.5.classified_gc_rl.tsv.gz
60,32205,FUM002.A0102.SG1.5.classified_gc_rl.tsv.gz
61,30354,FUM002.A0102.SG1.5.classified_gc_rl.tsv.gz
62,29333,FUM002.A0102.SG1.5.classified_gc_rl.tsv.gz
63,26610,FUM002.A0102.SG1.5.classified_gc_rl.tsv.gz
64,25954,FUM002.A0102.SG1.5.classified_gc_rl.tsv.gz
65,25502,FUM002.A0102.SG1.5.classified_gc_rl.tsv.gz
66,22962,FUM002.A0102.SG1.5.classified_gc_rl.tsv.gz
67,22450,FUM002.A0102.SG1.5.classified_gc_rl.tsv.gz
68,20998,FUM002.A0102.SG1.5.classified_gc_rl.tsv.gz
69,18887,FUM002.A0102.SG1.5.classified_gc_rl.tsv.gz
70,18542,FUM002.A0102.SG1.5.classified_gc_rl.tsv.gz
71,18004,FUM002.A0102.SG1.5.classified_gc_rl.tsv.gz
72,16169,FUM002.A0102.SG1.5.classified_gc_rl.tsv.gz
73,16687,FUM002.A0102.SG1.5.classified_gc_rl.tsv.gz
74,15431,FUM002.A0102.SG1.5.classified_gc_rl.tsv.gz
75,13719,FUM002.A0102.SG1.5.classified_gc_rl.tsv.gz
76,20528,FUM002.A0102.SG1.5.classified_gc_rl.tsv.gz
77,12265,FUM002.A0102.SG1.5.classified_gc_rl.tsv.gz
78,11211,FUM002.A0102.SG1.5.classified_gc_rl.tsv.gz
79,10710,FUM002.A0102.SG1.5.classified_gc_rl.tsv.gz
80,10302,FUM002.A0102.SG1.5.classified_gc_rl.tsv.gz
81,8607,FUM002.A0102.SG1.5.classified_gc_rl.tsv.gz
82,8527,FUM002.A0102.SG1.5.classified_gc_rl.tsv.gz
83,8208,FUM002.A0102.SG1.5.classified_gc_rl.tsv.gz
84,7442,FUM002.A0102.SG1.5.classified_gc_rl.tsv.gz
85,7263,FUM002.A0102.SG1.5.classified_gc_rl.tsv.gz
86,7240,FUM002.A0102.SG1.5.classified_gc_rl.tsv.gz
87,6300,FUM002.A0102.SG1.5.classified_gc_rl.tsv.gz
88,5784,FUM002.A0102.SG1.5.classified_gc_rl.tsv.gz
89,5687,FUM002.A0102.SG1.5.classified_gc_rl.tsv.gz
90,5101,FUM002.A0102.SG1.5.classified_gc_rl.tsv.gz
91,4880,FUM002.A0102.SG1.5.classified_gc_rl.tsv.gz
92,4907,FUM002.A0102.SG1.5.classified_gc_rl.tsv.gz
93,4241,FUM002.A0102.SG1.5.classified_gc_rl.tsv.gz
94,4127,FUM002.A0102.SG1.5.classified_gc_rl.tsv.gz
95,3929,FUM002.A0102.SG1.5.classified_gc_rl.tsv.gz
96,3590,FUM002.A0102.SG1.5.classified_gc_rl.tsv.gz
97,3467,FUM002.A0102.SG1.5.classified_gc_rl.tsv.gz
98,3211,FUM002.A0102.SG1.5.classified_gc_rl.tsv.gz
99,2968,FUM002.A0102.SG1.5.classified_gc_rl.tsv.gz
100,2967,FUM002.A0102.SG1.5.classified_gc_rl.tsv.gz
101,2599,FUM002.A0102.SG1.5.classified_gc_rl.tsv.gz
102,2368,FUM002.A0102.SG1.5.classified_gc_rl.tsv.gz
103,2357,FUM002.A0102.SG1.5.classified_gc_rl.tsv.gz
104,2215,FUM002.A0102.SG1.5.classified_gc_rl.tsv.gz
105,1973,FUM002.A0102.SG1.5.classified_gc_rl.tsv.gz
106,2016,FUM002.A0102.SG1.5.classified_gc_rl.tsv.gz
107,1905,FUM002.A0102.SG1.5.classified_gc_rl.tsv.gz
108,1583,FUM002.A0102.SG1.5.classified_gc_rl.tsv.gz
109,1595,FUM002.A0102.SG1.5.classified_gc_rl.tsv.gz
110,1543,FUM002.A0102.SG1.5.classified_gc_rl.tsv.gz
111,1388,FUM002.A0102.SG1.5.classified_gc_rl.tsv.gz
112,1371,FUM002.A0102.SG1.5.classified_gc_rl.tsv.gz
113,1322,FUM002.A0102.SG1.5.classified_gc_rl.tsv.gz
114,1181,FUM002.A0102.SG1.5.classified_gc_rl.tsv.gz
115,1164,FUM002.A0102.SG1.5.classified_gc_rl.tsv.gz
116,1041,FUM002.A0102.SG1.5.classified_gc_rl.tsv.gz
117,1003,FUM002.A0102.SG1.5.classified_gc_rl.tsv.gz
118,911,FUM002.A0102.SG1.5.classified_gc_rl.tsv.gz
119,869,FUM002.A0102.SG1.5.classified_gc_rl.tsv.gz
120,758,FUM002.A0102.SG1.5.classified_gc_rl.tsv.gz
121,806,FUM002.A0102.SG1.5.classified_gc_rl.tsv.gz
122,719,FUM002.A0102.SG1.5.classified_gc_rl.tsv.gz
123,665,FUM002.A0102.SG1.5.classified_gc_rl.tsv.gz
124,632,FUM002.A0102.SG1.5.classified_gc_rl.tsv.gz
125,654,FUM002.A0102.SG1.5.classified_gc_rl.tsv.gz
126,534,FUM002.A0102.SG1.5.classified_gc_rl.tsv.gz
127,536,FUM002.A0102.SG1.5.classified_gc_rl.tsv.gz
128,496,FUM002.A0102.SG1.5.classified_gc_rl.tsv.gz
129,451,FUM002.A0102.SG1.5.classified_gc_rl.tsv.gz
130,442,FUM002.A0102.SG1.5.classified_gc_rl.tsv.gz
131,493,FUM002.A0102.SG1.5.classified_gc_rl.tsv.gz
132,395,FUM002.A0102.SG1.5.classified_gc_rl.tsv.gz
133,374,FUM002.A0102.SG1.5.classified_gc_rl.tsv.gz
134,398,FUM002.A0102.SG1.5.classified_gc_rl.tsv.gz
135,308,FUM002.A0102.SG1.5.classified_gc_rl.tsv.gz
136,332,FUM002.A0102.SG1.5.classified_gc_rl.tsv.gz
137,355,FUM002.A0102.SG1.5.classified_gc_rl.tsv.gz
138,290,FUM002.A0102.SG1.5.classified_gc_rl.tsv.gz
139,257,FUM002.A0102.SG1.5.classified_gc_rl.tsv.gz
140,268,FUM002.A0102.SG1.5.classified_gc_rl.tsv.gz
141,224,FUM002.A0102.SG1.5.classified_gc_rl.tsv.gz
36,19180,FUM003.A0101.SG1.1.classified_gc_rl.tsv.gz
37,35823,FUM003.A0101.SG1.1.classified_gc_rl.tsv.gz
38,48165,FUM003.A0101.SG1.1.classified_gc_rl.tsv.gz
39,59141,FUM003.A0101.SG1.1.classified_gc_rl.tsv.gz
40,68886,FUM003.A0101.SG1.1.classified_gc_rl.tsv.gz
41,71302,FUM003.A0101.SG1.1.classified_gc_rl.tsv.gz
42,75080,FUM003.A0101.SG1.1.classified_gc_rl.tsv.gz
43,77317,FUM003.A0101.SG1.1.classified_gc_rl.tsv.gz
44,77968,FUM003.A0101.SG1.1.classified_gc_rl.tsv.gz
45,80917,FUM003.A0101.SG1.1.classified_gc_rl.tsv.gz
46,81789,FUM003.A0101.SG1.1.classified_gc_rl.tsv.gz
47,83018,FUM003.A0101.SG1.1.classified_gc_rl.tsv.gz
48,82768,FUM003.A0101.SG1.1.classified_gc_rl.tsv.gz
49,84401,FUM003.A0101.SG1.1.classified_gc_rl.tsv.gz
50,84172,FUM003.A0101.SG1.1.classified_gc_rl.tsv.gz
51,85157,FUM003.A0101.SG1.1.classified_gc_rl.tsv.gz
52,86481,FUM003.A0101.SG1.1.classified_gc_rl.tsv.gz
53,85827,FUM003.A0101.SG1.1.classified_gc_rl.tsv.gz
54,86786,FUM003.A0101.SG1.1.classified_gc_rl.tsv.gz
55,84697,FUM003.A0101.SG1.1.classified_gc_rl.tsv.gz
56,84537,FUM003.A0101.SG1.1.classified_gc_rl.tsv.gz
57,85878,FUM003.A0101.SG1.1.classified_gc_rl.tsv.gz
58,85213,FUM003.A0101.SG1.1.classified_gc_rl.tsv.gz
59,84260,FUM003.A0101.SG1.1.classified_gc_rl.tsv.gz
60,84721,FUM003.A0101.SG1.1.classified_gc_rl.tsv.gz
61,83119,FUM003.A0101.SG1.1.classified_gc_rl.tsv.gz
62,81564,FUM003.A0101.SG1.1.classified_gc_rl.tsv.gz
63,82310,FUM003.A0101.SG1.1.classified_gc_rl.tsv.gz
64,81418,FUM003.A0101.SG1.1.classified_gc_rl.tsv.gz
65,80455,FUM003.A0101.SG1.1.classified_gc_rl.tsv.gz
66,79807,FUM003.A0101.SG1.1.classified_gc_rl.tsv.gz
67,79358,FUM003.A0101.SG1.1.classified_gc_rl.tsv.gz
68,77263,FUM003.A0101.SG1.1.classified_gc_rl.tsv.gz
69,77211,FUM003.A0101.SG1.1.classified_gc_rl.tsv.gz
70,77667,FUM003.A0101.SG1.1.classified_gc_rl.tsv.gz
71,80597,FUM003.A0101.SG1.1.classified_gc_rl.tsv.gz
72,88948,FUM003.A0101.SG1.1.classified_gc_rl.tsv.gz
73,108660,FUM003.A0101.SG1.1.classified_gc_rl.tsv.gz
74,103525,FUM003.A0101.SG1.1.classified_gc_rl.tsv.gz
75,279533,FUM003.A0101.SG1.1.classified_gc_rl.tsv.gz
76,1259505,FUM003.A0101.SG1.1.classified_gc_rl.tsv.gz
77,67582,FUM003.A0101.SG1.1.classified_gc_rl.tsv.gz
78,66706,FUM003.A0101.SG1.1.classified_gc_rl.tsv.gz
79,66553,FUM003.A0101.SG1.1.classified_gc_rl.tsv.gz
80,64610,FUM003.A0101.SG1.1.classified_gc_rl.tsv.gz
81,62243,FUM003.A0101.SG1.1.classified_gc_rl.tsv.gz
82,61520,FUM003.A0101.SG1.1.classified_gc_rl.tsv.gz
83,60209,FUM003.A0101.SG1.1.classified_gc_rl.tsv.gz
84,59507,FUM003.A0101.SG1.1.classified_gc_rl.tsv.gz
85,58909,FUM003.A0101.SG1.1.classified_gc_rl.tsv.gz
86,58194,FUM003.A0101.SG1.1.classified_gc_rl.tsv.gz
87,57002,FUM003.A0101.SG1.1.classified_gc_rl.tsv.gz
88,55667,FUM003.A0101.SG1.1.classified_gc_rl.tsv.gz
89,54532,FUM003.A0101.SG1.1.classified_gc_rl.tsv.gz
90,53551,FUM003.A0101.SG1.1.classified_gc_rl.tsv.gz
91,52905,FUM003.A0101.SG1.1.classified_gc_rl.tsv.gz
92,51166,FUM003.A0101.SG1.1.classified_gc_rl.tsv.gz
93,50483,FUM003.A0101.SG1.1.classified_gc_rl.tsv.gz
94,50470,FUM003.A0101.SG1.1.classified_gc_rl.tsv.gz
95,48514,FUM003.A0101.SG1.1.classified_gc_rl.tsv.gz
96,47277,FUM003.A0101.SG1.1.classified_gc_rl.tsv.gz
97,46725,FUM003.A0101.SG1.1.classified_gc_rl.tsv.gz
98,45842,FUM003.A0101.SG1.1.classified_gc_rl.tsv.gz
99,45287,FUM003.A0101.SG1.1.classified_gc_rl.tsv.gz
100,44356,FUM003.A0101.SG1.1.classified_gc_rl.tsv.gz
101,42182,FUM003.A0101.SG1.1.classified_gc_rl.tsv.gz
102,42374,FUM003.A0101.SG1.1.classified_gc_rl.tsv.gz
103,41360,FUM003.A0101.SG1.1.classified_gc_rl.tsv.gz
104,40255,FUM003.A0101.SG1.1.classified_gc_rl.tsv.gz
105,39965,FUM003.A0101.SG1.1.classified_gc_rl.tsv.gz
106,39219,FUM003.A0101.SG1.1.classified_gc_rl.tsv.gz
107,38312,FUM003.A0101.SG1.1.classified_gc_rl.tsv.gz
108,36698,FUM003.A0101.SG1.1.classified_gc_rl.tsv.gz
109,36534,FUM003.A0101.SG1.1.classified_gc_rl.tsv.gz
110,35560,FUM003.A0101.SG1.1.classified_gc_rl.tsv.gz
111,35015,FUM003.A0101.SG1.1.classified_gc_rl.tsv.gz
112,34529,FUM003.A0101.SG1.1.classified_gc_rl.tsv.gz
113,33359,FUM003.A0101.SG1.1.classified_gc_rl.tsv.gz
114,32963,FUM003.A0101.SG1.1.classified_gc_rl.tsv.gz
115,31868,FUM003.A0101.SG1.1.classified_gc_rl.tsv.gz
116,31134,FUM003.A0101.SG1.1.classified_gc_rl.tsv.gz
117,30336,FUM003.A0101.SG1.1.classified_gc_rl.tsv.gz
118,30077,FUM003.A0101.SG1.1.classified_gc_rl.tsv.gz
119,29096,FUM003.A0101.SG1.1.classified_gc_rl.tsv.gz
120,28938,FUM003.A0101.SG1.1.classified_gc_rl.tsv.gz
121,28136,FUM003.A0101.SG1.1.classified_gc_rl.tsv.gz
122,27624,FUM003.A0101.SG1.1.classified_gc_rl.tsv.gz
123,26649,FUM003.A0101.SG1.1.classified_gc_rl.tsv.gz
124,26483,FUM003.A0101.SG1.1.classified_gc_rl.tsv.gz
125,26046,FUM003.A0101.SG1.1.classified_gc_rl.tsv.gz
126,25407,FUM003.A0101.SG1.1.classified_gc_rl.tsv.gz
127,25011,FUM003.A0101.SG1.1.classified_gc_rl.tsv.gz
128,24501,FUM003.A0101.SG1.1.classified_gc_rl.tsv.gz
129,23656,FUM003.A0101.SG1.1.classified_gc_rl.tsv.gz
130,23133,FUM003.A0101.SG1.1.classified_gc_rl.tsv.gz
131,22798,FUM003.A0101.SG1.1.classified_gc_rl.tsv.gz
132,22584,FUM003.A0101.SG1.1.classified_gc_rl.tsv.gz
133,22270,FUM003.A0101.SG1.1.classified_gc_rl.tsv.gz
134,21768,FUM003.A0101.SG1.1.classified_gc_rl.tsv.gz
135,21201,FUM003.A0101.SG1.1.classified_gc_rl.tsv.gz
136,21173,FUM003.A0101.SG1.1.classified_gc_rl.tsv.gz
137,21689,FUM003.A0101.SG1.1.classified_gc_rl.tsv.gz
138,20546,FUM003.A0101.SG1.1.classified_gc_rl.tsv.gz
139,20640,FUM003.A0101.SG1.1.classified_gc_rl.tsv.gz
140,22055,FUM003.A0101.SG1.1.classified_gc_rl.tsv.gz
141,18317,FUM003.A0101.SG1.1.classified_gc_rl.tsv.gz
36,33987,FUM003.A0102.SG1.4.classified_gc_rl.tsv.gz
37,57722,FUM003.A0102.SG1.4.classified_gc_rl.tsv.gz
38,74517,FUM003.A0102.SG1.4.classified_gc_rl.tsv.gz
39,83797,FUM003.A0102.SG1.4.classified_gc_rl.tsv.gz
40,91843,FUM003.A0102.SG1.4.classified_gc_rl.tsv.gz
41,90639,FUM003.A0102.SG1.4.classified_gc_rl.tsv.gz
42,88115,FUM003.A0102.SG1.4.classified_gc_rl.tsv.gz
43,87555,FUM003.A0102.SG1.4.classified_gc_rl.tsv.gz
44,86088,FUM003.A0102.SG1.4.classified_gc_rl.tsv.gz
45,82952,FUM003.A0102.SG1.4.classified_gc_rl.tsv.gz
46,80822,FUM003.A0102.SG1.4.classified_gc_rl.tsv.gz
47,78696,FUM003.A0102.SG1.4.classified_gc_rl.tsv.gz
48,74079,FUM003.A0102.SG1.4.classified_gc_rl.tsv.gz
49,71266,FUM003.A0102.SG1.4.classified_gc_rl.tsv.gz
50,68987,FUM003.A0102.SG1.4.classified_gc_rl.tsv.gz
51,65330,FUM003.A0102.SG1.4.classified_gc_rl.tsv.gz
52,62849,FUM003.A0102.SG1.4.classified_gc_rl.tsv.gz
53,61029,FUM003.A0102.SG1.4.classified_gc_rl.tsv.gz
54,58017,FUM003.A0102.SG1.4.classified_gc_rl.tsv.gz
55,55261,FUM003.A0102.SG1.4.classified_gc_rl.tsv.gz
56,54015,FUM003.A0102.SG1.4.classified_gc_rl.tsv.gz
57,51049,FUM003.A0102.SG1.4.classified_gc_rl.tsv.gz
58,49384,FUM003.A0102.SG1.4.classified_gc_rl.tsv.gz
59,47210,FUM003.A0102.SG1.4.classified_gc_rl.tsv.gz
60,44719,FUM003.A0102.SG1.4.classified_gc_rl.tsv.gz
61,42722,FUM003.A0102.SG1.4.classified_gc_rl.tsv.gz
62,40628,FUM003.A0102.SG1.4.classified_gc_rl.tsv.gz
63,39034,FUM003.A0102.SG1.4.classified_gc_rl.tsv.gz
64,37832,FUM003.A0102.SG1.4.classified_gc_rl.tsv.gz
65,36733,FUM003.A0102.SG1.4.classified_gc_rl.tsv.gz
66,35220,FUM003.A0102.SG1.4.classified_gc_rl.tsv.gz
67,33832,FUM003.A0102.SG1.4.classified_gc_rl.tsv.gz
68,32456,FUM003.A0102.SG1.4.classified_gc_rl.tsv.gz
69,30729,FUM003.A0102.SG1.4.classified_gc_rl.tsv.gz
70,30084,FUM003.A0102.SG1.4.classified_gc_rl.tsv.gz
71,29358,FUM003.A0102.SG1.4.classified_gc_rl.tsv.gz
72,30005,FUM003.A0102.SG1.4.classified_gc_rl.tsv.gz
73,35320,FUM003.A0102.SG1.4.classified_gc_rl.tsv.gz
74,26747,FUM003.A0102.SG1.4.classified_gc_rl.tsv.gz
75,35128,FUM003.A0102.SG1.4.classified_gc_rl.tsv.gz
76,132468,FUM003.A0102.SG1.4.classified_gc_rl.tsv.gz
77,22285,FUM003.A0102.SG1.4.classified_gc_rl.tsv.gz
78,21821,FUM003.A0102.SG1.4.classified_gc_rl.tsv.gz
79,20544,FUM003.A0102.SG1.4.classified_gc_rl.tsv.gz
80,19701,FUM003.A0102.SG1.4.classified_gc_rl.tsv.gz
81,18716,FUM003.A0102.SG1.4.classified_gc_rl.tsv.gz
82,18032,FUM003.A0102.SG1.4.classified_gc_rl.tsv.gz
83,17762,FUM003.A0102.SG1.4.classified_gc_rl.tsv.gz
84,17033,FUM003.A0102.SG1.4.classified_gc_rl.tsv.gz
85,16382,FUM003.A0102.SG1.4.classified_gc_rl.tsv.gz
86,15960,FUM003.A0102.SG1.4.classified_gc_rl.tsv.gz
87,15017,FUM003.A0102.SG1.4.classified_gc_rl.tsv.gz
88,14664,FUM003.A0102.SG1.4.classified_gc_rl.tsv.gz
89,14374,FUM003.A0102.SG1.4.classified_gc_rl.tsv.gz
90,13487,FUM003.A0102.SG1.4.classified_gc_rl.tsv.gz
91,12949,FUM003.A0102.SG1.4.classified_gc_rl.tsv.gz
92,12634,FUM003.A0102.SG1.4.classified_gc_rl.tsv.gz
93,12142,FUM003.A0102.SG1.4.classified_gc_rl.tsv.gz
94,11834,FUM003.A0102.SG1.4.classified_gc_rl.tsv.gz
95,11247,FUM003.A0102.SG1.4.classified_gc_rl.tsv.gz
96,10950,FUM003.A0102.SG1.4.classified_gc_rl.tsv.gz
97,10503,FUM003.A0102.SG1.4.classified_gc_rl.tsv.gz
98,10404,FUM003.A0102.SG1.4.classified_gc_rl.tsv.gz
99,9690,FUM003.A0102.SG1.4.classified_gc_rl.tsv.gz
100,9578,FUM003.A0102.SG1.4.classified_gc_rl.tsv.gz
101,9215,FUM003.A0102.SG1.4.classified_gc_rl.tsv.gz
102,8587,FUM003.A0102.SG1.4.classified_gc_rl.tsv.gz
103,8352,FUM003.A0102.SG1.4.classified_gc_rl.tsv.gz
104,8213,FUM003.A0102.SG1.4.classified_gc_rl.tsv.gz
105,7968,FUM003.A0102.SG1.4.classified_gc_rl.tsv.gz
106,7622,FUM003.A0102.SG1.4.classified_gc_rl.tsv.gz
107,7394,FUM003.A0102.SG1.4.classified_gc_rl.tsv.gz
108,7167,FUM003.A0102.SG1.4.classified_gc_rl.tsv.gz
109,6850,FUM003.A0102.SG1.4.classified_gc_rl.tsv.gz
110,6677,FUM003.A0102.SG1.4.classified_gc_rl.tsv.gz
111,6276,FUM003.A0102.SG1.4.classified_gc_rl.tsv.gz
112,6328,FUM003.A0102.SG1.4.classified_gc_rl.tsv.gz
113,5949,FUM003.A0102.SG1.4.classified_gc_rl.tsv.gz
114,5823,FUM003.A0102.SG1.4.classified_gc_rl.tsv.gz
115,5701,FUM003.A0102.SG1.4.classified_gc_rl.tsv.gz
116,5364,FUM003.A0102.SG1.4.classified_gc_rl.tsv.gz
117,5314,FUM003.A0102.SG1.4.classified_gc_rl.tsv.gz
118,5008,FUM003.A0102.SG1.4.classified_gc_rl.tsv.gz
119,4987,FUM003.A0102.SG1.4.classified_gc_rl.tsv.gz
120,4669,FUM003.A0102.SG1.4.classified_gc_rl.tsv.gz
121,4511,FUM003.A0102.SG1.4.classified_gc_rl.tsv.gz
122,4545,FUM003.A0102.SG1.4.classified_gc_rl.tsv.gz
123,4205,FUM003.A0102.SG1.4.classified_gc_rl.tsv.gz
124,4107,FUM003.A0102.SG1.4.classified_gc_rl.tsv.gz
125,4062,FUM003.A0102.SG1.4.classified_gc_rl.tsv.gz
126,3904,FUM003.A0102.SG1.4.classified_gc_rl.tsv.gz
127,3758,FUM003.A0102.SG1.4.classified_gc_rl.tsv.gz
128,3589,FUM003.A0102.SG1.4.classified_gc_rl.tsv.gz
129,3483,FUM003.A0102.SG1.4.classified_gc_rl.tsv.gz
130,3291,FUM003.A0102.SG1.4.classified_gc_rl.tsv.gz
131,3295,FUM003.A0102.SG1.4.classified_gc_rl.tsv.gz
132,3101,FUM003.A0102.SG1.4.classified_gc_rl.tsv.gz
133,3063,FUM003.A0102.SG1.4.classified_gc_rl.tsv.gz
134,3030,FUM003.A0102.SG1.4.classified_gc_rl.tsv.gz
135,2849,FUM003.A0102.SG1.4.classified_gc_rl.tsv.gz
136,2827,FUM003.A0102.SG1.4.classified_gc_rl.tsv.gz
137,2908,FUM003.A0102.SG1.4.classified_gc_rl.tsv.gz
138,2590,FUM003.A0102.SG1.4.classified_gc_rl.tsv.gz
139,2486,FUM003.A0102.SG1.4.classified_gc_rl.tsv.gz
140,2548,FUM003.A0102.SG1.4.classified_gc_rl.tsv.gz
141,2229,FUM003.A0102.SG1.4.classified_gc_rl.tsv.gz
36,7937,GDN001.A0101.SG1.1.classified_gc_rl.tsv.gz
37,17266,GDN001.A0101.SG1.1.classified_gc_rl.tsv.gz
38,24665,GDN001.A0101.SG1.1.classified_gc_rl.tsv.gz
39,33249,GDN001.A0101.SG1.1.classified_gc_rl.tsv.gz
40,40712,GDN001.A0101.SG1.1.classified_gc_rl.tsv.gz
41,44672,GDN001.A0101.SG1.1.classified_gc_rl.tsv.gz
42,51699,GDN001.A0101.SG1.1.classified_gc_rl.tsv.gz
43,58557,GDN001.A0101.SG1.1.classified_gc_rl.tsv.gz
44,62240,GDN001.A0101.SG1.1.classified_gc_rl.tsv.gz
45,69093,GDN001.A0101.SG1.1.classified_gc_rl.tsv.gz
46,72812,GDN001.A0101.SG1.1.classified_gc_rl.tsv.gz
47,76810,GDN001.A0101.SG1.1.classified_gc_rl.tsv.gz
48,79354,GDN001.A0101.SG1.1.classified_gc_rl.tsv.gz
49,84141,GDN001.A0101.SG1.1.classified_gc_rl.tsv.gz
50,85368,GDN001.A0101.SG1.1.classified_gc_rl.tsv.gz
51,88333,GDN001.A0101.SG1.1.classified_gc_rl.tsv.gz
52,92818,GDN001.A0101.SG1.1.classified_gc_rl.tsv.gz
53,92250,GDN001.A0101.SG1.1.classified_gc_rl.tsv.gz
54,97263,GDN001.A0101.SG1.1.classified_gc_rl.tsv.gz
55,97429,GDN001.A0101.SG1.1.classified_gc_rl.tsv.gz
56,93423,GDN001.A0101.SG1.1.classified_gc_rl.tsv.gz
57,96978,GDN001.A0101.SG1.1.classified_gc_rl.tsv.gz
58,97476,GDN001.A0101.SG1.1.classified_gc_rl.tsv.gz
59,94280,GDN001.A0101.SG1.1.classified_gc_rl.tsv.gz
60,94460,GDN001.A0101.SG1.1.classified_gc_rl.tsv.gz
61,93255,GDN001.A0101.SG1.1.classified_gc_rl.tsv.gz
62,87406,GDN001.A0101.SG1.1.classified_gc_rl.tsv.gz
63,90067,GDN001.A0101.SG1.1.classified_gc_rl.tsv.gz
64,87459,GDN001.A0101.SG1.1.classified_gc_rl.tsv.gz
65,84412,GDN001.A0101.SG1.1.classified_gc_rl.tsv.gz
66,84376,GDN001.A0101.SG1.1.classified_gc_rl.tsv.gz
67,82793,GDN001.A0101.SG1.1.classified_gc_rl.tsv.gz
68,74472,GDN001.A0101.SG1.1.classified_gc_rl.tsv.gz
69,73910,GDN001.A0101.SG1.1.classified_gc_rl.tsv.gz
70,73953,GDN001.A0101.SG1.1.classified_gc_rl.tsv.gz
71,67645,GDN001.A0101.SG1.1.classified_gc_rl.tsv.gz
72,68616,GDN001.A0101.SG1.1.classified_gc_rl.tsv.gz
73,68947,GDN001.A0101.SG1.1.classified_gc_rl.tsv.gz
74,63991,GDN001.A0101.SG1.1.classified_gc_rl.tsv.gz
75,69073,GDN001.A0101.SG1.1.classified_gc_rl.tsv.gz
76,117707,GDN001.A0101.SG1.1.classified_gc_rl.tsv.gz
77,51259,GDN001.A0101.SG1.1.classified_gc_rl.tsv.gz
78,49927,GDN001.A0101.SG1.1.classified_gc_rl.tsv.gz
79,50053,GDN001.A0101.SG1.1.classified_gc_rl.tsv.gz
80,45485,GDN001.A0101.SG1.1.classified_gc_rl.tsv.gz
81,41869,GDN001.A0101.SG1.1.classified_gc_rl.tsv.gz
82,39872,GDN001.A0101.SG1.1.classified_gc_rl.tsv.gz
83,37333,GDN001.A0101.SG1.1.classified_gc_rl.tsv.gz
84,36021,GDN001.A0101.SG1.1.classified_gc_rl.tsv.gz
85,35184,GDN001.A0101.SG1.1.classified_gc_rl.tsv.gz
86,32637,GDN001.A0101.SG1.1.classified_gc_rl.tsv.gz
87,31566,GDN001.A0101.SG1.1.classified_gc_rl.tsv.gz
88,28986,GDN001.A0101.SG1.1.classified_gc_rl.tsv.gz
89,26837,GDN001.A0101.SG1.1.classified_gc_rl.tsv.gz
90,27036,GDN001.A0101.SG1.1.classified_gc_rl.tsv.gz
91,24871,GDN001.A0101.SG1.1.classified_gc_rl.tsv.gz
92,23376,GDN001.A0101.SG1.1.classified_gc_rl.tsv.gz
93,22258,GDN001.A0101.SG1.1.classified_gc_rl.tsv.gz
94,21700,GDN001.A0101.SG1.1.classified_gc_rl.tsv.gz
95,18850,GDN001.A0101.SG1.1.classified_gc_rl.tsv.gz
96,18973,GDN001.A0101.SG1.1.classified_gc_rl.tsv.gz
97,17652,GDN001.A0101.SG1.1.classified_gc_rl.tsv.gz
98,16570,GDN001.A0101.SG1.1.classified_gc_rl.tsv.gz
99,16148,GDN001.A0101.SG1.1.classified_gc_rl.tsv.gz
100,15190,GDN001.A0101.SG1.1.classified_gc_rl.tsv.gz
101,13596,GDN001.A0101.SG1.1.classified_gc_rl.tsv.gz
102,13359,GDN001.A0101.SG1.1.classified_gc_rl.tsv.gz
103,12542,GDN001.A0101.SG1.1.classified_gc_rl.tsv.gz
104,11412,GDN001.A0101.SG1.1.classified_gc_rl.tsv.gz
105,12007,GDN001.A0101.SG1.1.classified_gc_rl.tsv.gz
106,10093,GDN001.A0101.SG1.1.classified_gc_rl.tsv.gz
107,9974,GDN001.A0101.SG1.1.classified_gc_rl.tsv.gz
108,9397,GDN001.A0101.SG1.1.classified_gc_rl.tsv.gz
109,8378,GDN001.A0101.SG1.1.classified_gc_rl.tsv.gz
110,8143,GDN001.A0101.SG1.1.classified_gc_rl.tsv.gz
111,7872,GDN001.A0101.SG1.1.classified_gc_rl.tsv.gz
112,7603,GDN001.A0101.SG1.1.classified_gc_rl.tsv.gz
113,7417,GDN001.A0101.SG1.1.classified_gc_rl.tsv.gz
114,6850,GDN001.A0101.SG1.1.classified_gc_rl.tsv.gz
115,6139,GDN001.A0101.SG1.1.classified_gc_rl.tsv.gz
116,6202,GDN001.A0101.SG1.1.classified_gc_rl.tsv.gz
117,5704,GDN001.A0101.SG1.1.classified_gc_rl.tsv.gz
118,5692,GDN001.A0101.SG1.1.classified_gc_rl.tsv.gz
119,5214,GDN001.A0101.SG1.1.classified_gc_rl.tsv.gz
120,5088,GDN001.A0101.SG1.1.classified_gc_rl.tsv.gz
121,4703,GDN001.A0101.SG1.1.classified_gc_rl.tsv.gz
122,4176,GDN001.A0101.SG1.1.classified_gc_rl.tsv.gz
123,4107,GDN001.A0101.SG1.1.classified_gc_rl.tsv.gz
124,3839,GDN001.A0101.SG1.1.classified_gc_rl.tsv.gz
125,3565,GDN001.A0101.SG1.1.classified_gc_rl.tsv.gz
126,3494,GDN001.A0101.SG1.1.classified_gc_rl.tsv.gz
127,3401,GDN001.A0101.SG1.1.classified_gc_rl.tsv.gz
128,3065,GDN001.A0101.SG1.1.classified_gc_rl.tsv.gz
129,2788,GDN001.A0101.SG1.1.classified_gc_rl.tsv.gz
130,2769,GDN001.A0101.SG1.1.classified_gc_rl.tsv.gz
131,2563,GDN001.A0101.SG1.1.classified_gc_rl.tsv.gz
132,2637,GDN001.A0101.SG1.1.classified_gc_rl.tsv.gz
133,2488,GDN001.A0101.SG1.1.classified_gc_rl.tsv.gz
134,2218,GDN001.A0101.SG1.1.classified_gc_rl.tsv.gz
135,2158,GDN001.A0101.SG1.1.classified_gc_rl.tsv.gz
136,1966,GDN001.A0101.SG1.1.classified_gc_rl.tsv.gz
137,1985,GDN001.A0101.SG1.1.classified_gc_rl.tsv.gz
138,1967,GDN001.A0101.SG1.1.classified_gc_rl.tsv.gz
139,1834,GDN001.A0101.SG1.1.classified_gc_rl.tsv.gz
140,1736,GDN001.A0101.SG1.1.classified_gc_rl.tsv.gz
141,1411,GDN001.A0101.SG1.1.classified_gc_rl.tsv.gz
36,6993,GDN001.A0102.SG1.3.classified_gc_rl.tsv.gz
37,13736,GDN001.A0102.SG1.3.classified_gc_rl.tsv.gz
38,19399,GDN001.A0102.SG1.3.classified_gc_rl.tsv.gz
39,23158,GDN001.A0102.SG1.3.classified_gc_rl.tsv.gz
40,26791,GDN001.A0102.SG1.3.classified_gc_rl.tsv.gz
41,28553,GDN001.A0102.SG1.3.classified_gc_rl.tsv.gz
42,28764,GDN001.A0102.SG1.3.classified_gc_rl.tsv.gz
43,29739,GDN001.A0102.SG1.3.classified_gc_rl.tsv.gz
44,30710,GDN001.A0102.SG1.3.classified_gc_rl.tsv.gz
45,29923,GDN001.A0102.SG1.3.classified_gc_rl.tsv.gz
46,31053,GDN001.A0102.SG1.3.classified_gc_rl.tsv.gz
47,31270,GDN001.A0102.SG1.3.classified_gc_rl.tsv.gz
48,29200,GDN001.A0102.SG1.3.classified_gc_rl.tsv.gz
49,29820,GDN001.A0102.SG1.3.classified_gc_rl.tsv.gz
50,30084,GDN001.A0102.SG1.3.classified_gc_rl.tsv.gz
51,28004,GDN001.A0102.SG1.3.classified_gc_rl.tsv.gz
52,28222,GDN001.A0102.SG1.3.classified_gc_rl.tsv.gz
53,27751,GDN001.A0102.SG1.3.classified_gc_rl.tsv.gz
54,26800,GDN001.A0102.SG1.3.classified_gc_rl.tsv.gz
55,25497,GDN001.A0102.SG1.3.classified_gc_rl.tsv.gz
56,25264,GDN001.A0102.SG1.3.classified_gc_rl.tsv.gz
57,23404,GDN001.A0102.SG1.3.classified_gc_rl.tsv.gz
58,23439,GDN001.A0102.SG1.3.classified_gc_rl.tsv.gz
59,23144,GDN001.A0102.SG1.3.classified_gc_rl.tsv.gz
60,21154,GDN001.A0102.SG1.3.classified_gc_rl.tsv.gz
61,20249,GDN001.A0102.SG1.3.classified_gc_rl.tsv.gz
62,19760,GDN001.A0102.SG1.3.classified_gc_rl.tsv.gz
63,18446,GDN001.A0102.SG1.3.classified_gc_rl.tsv.gz
64,17732,GDN001.A0102.SG1.3.classified_gc_rl.tsv.gz
65,17603,GDN001.A0102.SG1.3.classified_gc_rl.tsv.gz
66,16092,GDN001.A0102.SG1.3.classified_gc_rl.tsv.gz
67,15927,GDN001.A0102.SG1.3.classified_gc_rl.tsv.gz
68,15017,GDN001.A0102.SG1.3.classified_gc_rl.tsv.gz
69,13854,GDN001.A0102.SG1.3.classified_gc_rl.tsv.gz
70,13423,GDN001.A0102.SG1.3.classified_gc_rl.tsv.gz
71,13131,GDN001.A0102.SG1.3.classified_gc_rl.tsv.gz
72,12106,GDN001.A0102.SG1.3.classified_gc_rl.tsv.gz
73,12583,GDN001.A0102.SG1.3.classified_gc_rl.tsv.gz
74,11289,GDN001.A0102.SG1.3.classified_gc_rl.tsv.gz
75,9868,GDN001.A0102.SG1.3.classified_gc_rl.tsv.gz
76,14471,GDN001.A0102.SG1.3.classified_gc_rl.tsv.gz
77,9029,GDN001.A0102.SG1.3.classified_gc_rl.tsv.gz
78,8329,GDN001.A0102.SG1.3.classified_gc_rl.tsv.gz
79,8210,GDN001.A0102.SG1.3.classified_gc_rl.tsv.gz
80,7664,GDN001.A0102.SG1.3.classified_gc_rl.tsv.gz
81,6417,GDN001.A0102.SG1.3.classified_gc_rl.tsv.gz
82,6230,GDN001.A0102.SG1.3.classified_gc_rl.tsv.gz
83,6117,GDN001.A0102.SG1.3.classified_gc_rl.tsv.gz
84,5665,GDN001.A0102.SG1.3.classified_gc_rl.tsv.gz
85,5322,GDN001.A0102.SG1.3.classified_gc_rl.tsv.gz
86,5042,GDN001.A0102.SG1.3.classified_gc_rl.tsv.gz
87,4717,GDN001.A0102.SG1.3.classified_gc_rl.tsv.gz
88,4175,GDN001.A0102.SG1.3.classified_gc_rl.tsv.gz
89,4170,GDN001.A0102.SG1.3.classified_gc_rl.tsv.gz
90,3761,GDN001.A0102.SG1.3.classified_gc_rl.tsv.gz
91,3659,GDN001.A0102.SG1.3.classified_gc_rl.tsv.gz
92,3413,GDN001.A0102.SG1.3.classified_gc_rl.tsv.gz
93,3217,GDN001.A0102.SG1.3.classified_gc_rl.tsv.gz
94,2960,GDN001.A0102.SG1.3.classified_gc_rl.tsv.gz
95,2679,GDN001.A0102.SG1.3.classified_gc_rl.tsv.gz
96,2450,GDN001.A0102.SG1.3.classified_gc_rl.tsv.gz
97,2445,GDN001.A0102.SG1.3.classified_gc_rl.tsv.gz
98,2300,GDN001.A0102.SG1.3.classified_gc_rl.tsv.gz
99,2170,GDN001.A0102.SG1.3.classified_gc_rl.tsv.gz
100,2028,GDN001.A0102.SG1.3.classified_gc_rl.tsv.gz
101,1688,GDN001.A0102.SG1.3.classified_gc_rl.tsv.gz
102,1575,GDN001.A0102.SG1.3.classified_gc_rl.tsv.gz
103,1587,GDN001.A0102.SG1.3.classified_gc_rl.tsv.gz
104,1490,GDN001.A0102.SG1.3.classified_gc_rl.tsv.gz
105,1337,GDN001.A0102.SG1.3.classified_gc_rl.tsv.gz
106,1365,GDN001.A0102.SG1.3.classified_gc_rl.tsv.gz
107,1208,GDN001.A0102.SG1.3.classified_gc_rl.tsv.gz
108,1088,GDN001.A0102.SG1.3.classified_gc_rl.tsv.gz
109,1076,GDN001.A0102.SG1.3.classified_gc_rl.tsv.gz
110,1032,GDN001.A0102.SG1.3.classified_gc_rl.tsv.gz
111,957,GDN001.A0102.SG1.3.classified_gc_rl.tsv.gz
112,926,GDN001.A0102.SG1.3.classified_gc_rl.tsv.gz
113,922,GDN001.A0102.SG1.3.classified_gc_rl.tsv.gz
114,781,GDN001.A0102.SG1.3.classified_gc_rl.tsv.gz
115,704,GDN001.A0102.SG1.3.classified_gc_rl.tsv.gz
116,700,GDN001.A0102.SG1.3.classified_gc_rl.tsv.gz
117,694,GDN001.A0102.SG1.3.classified_gc_rl.tsv.gz
118,627,GDN001.A0102.SG1.3.classified_gc_rl.tsv.gz
119,539,GDN001.A0102.SG1.3.classified_gc_rl.tsv.gz
120,578,GDN001.A0102.SG1.3.classified_gc_rl.tsv.gz
121,497,GDN001.A0102.SG1.3.classified_gc_rl.tsv.gz
122,494,GDN001.A0102.SG1.3.classified_gc_rl.tsv.gz
123,402,GDN001.A0102.SG1.3.classified_gc_rl.tsv.gz
124,411,GDN001.A0102.SG1.3.classified_gc_rl.tsv.gz
125,439,GDN001.A0102.SG1.3.classified_gc_rl.tsv.gz
126,384,GDN001.A0102.SG1.3.classified_gc_rl.tsv.gz
127,319,GDN001.A0102.SG1.3.classified_gc_rl.tsv.gz
128,320,GDN001.A0102.SG1.3.classified_gc_rl.tsv.gz
129,282,GDN001.A0102.SG1.3.classified_gc_rl.tsv.gz
130,280,GDN001.A0102.SG1.3.classified_gc_rl.tsv.gz
131,258,GDN001.A0102.SG1.3.classified_gc_rl.tsv.gz
132,213,GDN001.A0102.SG1.3.classified_gc_rl.tsv.gz
133,272,GDN001.A0102.SG1.3.classified_gc_rl.tsv.gz
134,209,GDN001.A0102.SG1.3.classified_gc_rl.tsv.gz
135,215,GDN001.A0102.SG1.3.classified_gc_rl.tsv.gz
136,196,GDN001.A0102.SG1.3.classified_gc_rl.tsv.gz
137,187,GDN001.A0102.SG1.3.classified_gc_rl.tsv.gz
138,189,GDN001.A0102.SG1.3.classified_gc_rl.tsv.gz
139,130,GDN001.A0102.SG1.3.classified_gc_rl.tsv.gz
140,165,GDN001.A0102.SG1.3.classified_gc_rl.tsv.gz
141,105,GDN001.A0102.SG1.3.classified_gc_rl.tsv.gz
36,57496,GOY005.A0101.SG1.2.classified_gc_rl.tsv.gz
37,108053,GOY005.A0101.SG1.2.classified_gc_rl.tsv.gz
38,145044,GOY005.A0101.SG1.2.classified_gc_rl.tsv.gz
39,174483,GOY005.A0101.SG1.2.classified_gc_rl.tsv.gz
40,199785,GOY005.A0101.SG1.2.classified_gc_rl.tsv.gz
41,205155,GOY005.A0101.SG1.2.classified_gc_rl.tsv.gz
42,211634,GOY005.A0101.SG1.2.classified_gc_rl.tsv.gz
43,216118,GOY005.A0101.SG1.2.classified_gc_rl.tsv.gz
44,213035,GOY005.A0101.SG1.2.classified_gc_rl.tsv.gz
45,213994,GOY005.A0101.SG1.2.classified_gc_rl.tsv.gz
46,213083,GOY005.A0101.SG1.2.classified_gc_rl.tsv.gz
47,206051,GOY005.A0101.SG1.2.classified_gc_rl.tsv.gz
48,199958,GOY005.A0101.SG1.2.classified_gc_rl.tsv.gz
49,197508,GOY005.A0101.SG1.2.classified_gc_rl.tsv.gz
50,189998,GOY005.A0101.SG1.2.classified_gc_rl.tsv.gz
51,187468,GOY005.A0101.SG1.2.classified_gc_rl.tsv.gz
52,181077,GOY005.A0101.SG1.2.classified_gc_rl.tsv.gz
53,172619,GOY005.A0101.SG1.2.classified_gc_rl.tsv.gz
54,169182,GOY005.A0101.SG1.2.classified_gc_rl.tsv.gz
55,159895,GOY005.A0101.SG1.2.classified_gc_rl.tsv.gz
56,150566,GOY005.A0101.SG1.2.classified_gc_rl.tsv.gz
57,146177,GOY005.A0101.SG1.2.classified_gc_rl.tsv.gz
58,141211,GOY005.A0101.SG1.2.classified_gc_rl.tsv.gz
59,134136,GOY005.A0101.SG1.2.classified_gc_rl.tsv.gz
60,129666,GOY005.A0101.SG1.2.classified_gc_rl.tsv.gz
61,120784,GOY005.A0101.SG1.2.classified_gc_rl.tsv.gz
62,114236,GOY005.A0101.SG1.2.classified_gc_rl.tsv.gz
63,110578,GOY005.A0101.SG1.2.classified_gc_rl.tsv.gz
64,105612,GOY005.A0101.SG1.2.classified_gc_rl.tsv.gz
65,99698,GOY005.A0101.SG1.2.classified_gc_rl.tsv.gz
66,97044,GOY005.A0101.SG1.2.classified_gc_rl.tsv.gz
67,93019,GOY005.A0101.SG1.2.classified_gc_rl.tsv.gz
68,84588,GOY005.A0101.SG1.2.classified_gc_rl.tsv.gz
69,82630,GOY005.A0101.SG1.2.classified_gc_rl.tsv.gz
70,80008,GOY005.A0101.SG1.2.classified_gc_rl.tsv.gz
71,76921,GOY005.A0101.SG1.2.classified_gc_rl.tsv.gz
72,80756,GOY005.A0101.SG1.2.classified_gc_rl.tsv.gz
73,88177,GOY005.A0101.SG1.2.classified_gc_rl.tsv.gz
74,75557,GOY005.A0101.SG1.2.classified_gc_rl.tsv.gz
75,137433,GOY005.A0101.SG1.2.classified_gc_rl.tsv.gz
76,426801,GOY005.A0101.SG1.2.classified_gc_rl.tsv.gz
77,54021,GOY005.A0101.SG1.2.classified_gc_rl.tsv.gz
78,52308,GOY005.A0101.SG1.2.classified_gc_rl.tsv.gz
79,50602,GOY005.A0101.SG1.2.classified_gc_rl.tsv.gz
80,47696,GOY005.A0101.SG1.2.classified_gc_rl.tsv.gz
81,43822,GOY005.A0101.SG1.2.classified_gc_rl.tsv.gz
82,42479,GOY005.A0101.SG1.2.classified_gc_rl.tsv.gz
83,39872,GOY005.A0101.SG1.2.classified_gc_rl.tsv.gz
84,38855,GOY005.A0101.SG1.2.classified_gc_rl.tsv.gz
85,37781,GOY005.A0101.SG1.2.classified_gc_rl.tsv.gz
86,35583,GOY005.A0101.SG1.2.classified_gc_rl.tsv.gz
87,34397,GOY005.A0101.SG1.2.classified_gc_rl.tsv.gz
88,32290,GOY005.A0101.SG1.2.classified_gc_rl.tsv.gz
89,30472,GOY005.A0101.SG1.2.classified_gc_rl.tsv.gz
90,29925,GOY005.A0101.SG1.2.classified_gc_rl.tsv.gz
91,28618,GOY005.A0101.SG1.2.classified_gc_rl.tsv.gz
92,27256,GOY005.A0101.SG1.2.classified_gc_rl.tsv.gz
93,26550,GOY005.A0101.SG1.2.classified_gc_rl.tsv.gz
94,25568,GOY005.A0101.SG1.2.classified_gc_rl.tsv.gz
95,23419,GOY005.A0101.SG1.2.classified_gc_rl.tsv.gz
96,23026,GOY005.A0101.SG1.2.classified_gc_rl.tsv.gz
97,22125,GOY005.A0101.SG1.2.classified_gc_rl.tsv.gz
98,21430,GOY005.A0101.SG1.2.classified_gc_rl.tsv.gz
99,20636,GOY005.A0101.SG1.2.classified_gc_rl.tsv.gz
100,19962,GOY005.A0101.SG1.2.classified_gc_rl.tsv.gz
101,18141,GOY005.A0101.SG1.2.classified_gc_rl.tsv.gz
102,17987,GOY005.A0101.SG1.2.classified_gc_rl.tsv.gz
103,17322,GOY005.A0101.SG1.2.classified_gc_rl.tsv.gz
104,16678,GOY005.A0101.SG1.2.classified_gc_rl.tsv.gz
105,16356,GOY005.A0101.SG1.2.classified_gc_rl.tsv.gz
106,15729,GOY005.A0101.SG1.2.classified_gc_rl.tsv.gz
107,15228,GOY005.A0101.SG1.2.classified_gc_rl.tsv.gz
108,14180,GOY005.A0101.SG1.2.classified_gc_rl.tsv.gz
109,13884,GOY005.A0101.SG1.2.classified_gc_rl.tsv.gz
110,13323,GOY005.A0101.SG1.2.classified_gc_rl.tsv.gz
111,13106,GOY005.A0101.SG1.2.classified_gc_rl.tsv.gz
112,12694,GOY005.A0101.SG1.2.classified_gc_rl.tsv.gz
113,12431,GOY005.A0101.SG1.2.classified_gc_rl.tsv.gz
114,11808,GOY005.A0101.SG1.2.classified_gc_rl.tsv.gz
115,11475,GOY005.A0101.SG1.2.classified_gc_rl.tsv.gz
116,10834,GOY005.A0101.SG1.2.classified_gc_rl.tsv.gz
117,10565,GOY005.A0101.SG1.2.classified_gc_rl.tsv.gz
118,10374,GOY005.A0101.SG1.2.classified_gc_rl.tsv.gz
119,9915,GOY005.A0101.SG1.2.classified_gc_rl.tsv.gz
120,9806,GOY005.A0101.SG1.2.classified_gc_rl.tsv.gz
121,9202,GOY005.A0101.SG1.2.classified_gc_rl.tsv.gz
122,9043,GOY005.A0101.SG1.2.classified_gc_rl.tsv.gz
123,8761,GOY005.A0101.SG1.2.classified_gc_rl.tsv.gz
124,8560,GOY005.A0101.SG1.2.classified_gc_rl.tsv.gz
125,8412,GOY005.A0101.SG1.2.classified_gc_rl.tsv.gz
126,8006,GOY005.A0101.SG1.2.classified_gc_rl.tsv.gz
127,7994,GOY005.A0101.SG1.2.classified_gc_rl.tsv.gz
128,7478,GOY005.A0101.SG1.2.classified_gc_rl.tsv.gz
129,7342,GOY005.A0101.SG1.2.classified_gc_rl.tsv.gz
130,7170,GOY005.A0101.SG1.2.classified_gc_rl.tsv.gz
131,7036,GOY005.A0101.SG1.2.classified_gc_rl.tsv.gz
132,6943,GOY005.A0101.SG1.2.classified_gc_rl.tsv.gz
133,6708,GOY005.A0101.SG1.2.classified_gc_rl.tsv.gz
134,6593,GOY005.A0101.SG1.2.classified_gc_rl.tsv.gz
135,6308,GOY005.A0101.SG1.2.classified_gc_rl.tsv.gz
136,6441,GOY005.A0101.SG1.2.classified_gc_rl.tsv.gz
137,6366,GOY005.A0101.SG1.2.classified_gc_rl.tsv.gz
138,5937,GOY005.A0101.SG1.2.classified_gc_rl.tsv.gz
139,5720,GOY005.A0101.SG1.2.classified_gc_rl.tsv.gz
140,6362,GOY005.A0101.SG1.2.classified_gc_rl.tsv.gz
141,5173,GOY005.A0101.SG1.2.classified_gc_rl.tsv.gz
36,20654,GOY005.A0103.SG1.4.classified_gc_rl.tsv.gz
37,35906,GOY005.A0103.SG1.4.classified_gc_rl.tsv.gz
38,47085,GOY005.A0103.SG1.4.classified_gc_rl.tsv.gz
39,52439,GOY005.A0103.SG1.4.classified_gc_rl.tsv.gz
40,57211,GOY005.A0103.SG1.4.classified_gc_rl.tsv.gz
41,58168,GOY005.A0103.SG1.4.classified_gc_rl.tsv.gz
42,56385,GOY005.A0103.SG1.4.classified_gc_rl.tsv.gz
43,55839,GOY005.A0103.SG1.4.classified_gc_rl.tsv.gz
44,55020,GOY005.A0103.SG1.4.classified_gc_rl.tsv.gz
45,51962,GOY005.A0103.SG1.4.classified_gc_rl.tsv.gz
46,50441,GOY005.A0103.SG1.4.classified_gc_rl.tsv.gz
47,49187,GOY005.A0103.SG1.4.classified_gc_rl.tsv.gz
48,44474,GOY005.A0103.SG1.4.classified_gc_rl.tsv.gz
49,42179,GOY005.A0103.SG1.4.classified_gc_rl.tsv.gz
50,41075,GOY005.A0103.SG1.4.classified_gc_rl.tsv.gz
51,37542,GOY005.A0103.SG1.4.classified_gc_rl.tsv.gz
52,35889,GOY005.A0103.SG1.4.classified_gc_rl.tsv.gz
53,34507,GOY005.A0103.SG1.4.classified_gc_rl.tsv.gz
54,31786,GOY005.A0103.SG1.4.classified_gc_rl.tsv.gz
55,29113,GOY005.A0103.SG1.4.classified_gc_rl.tsv.gz
56,27274,GOY005.A0103.SG1.4.classified_gc_rl.tsv.gz
57,25162,GOY005.A0103.SG1.4.classified_gc_rl.tsv.gz
58,23721,GOY005.A0103.SG1.4.classified_gc_rl.tsv.gz
59,22745,GOY005.A0103.SG1.4.classified_gc_rl.tsv.gz
60,20333,GOY005.A0103.SG1.4.classified_gc_rl.tsv.gz
61,18515,GOY005.A0103.SG1.4.classified_gc_rl.tsv.gz
62,17645,GOY005.A0103.SG1.4.classified_gc_rl.tsv.gz
63,15995,GOY005.A0103.SG1.4.classified_gc_rl.tsv.gz
64,15150,GOY005.A0103.SG1.4.classified_gc_rl.tsv.gz
65,14631,GOY005.A0103.SG1.4.classified_gc_rl.tsv.gz
66,13225,GOY005.A0103.SG1.4.classified_gc_rl.tsv.gz
67,12496,GOY005.A0103.SG1.4.classified_gc_rl.tsv.gz
68,11404,GOY005.A0103.SG1.4.classified_gc_rl.tsv.gz
69,10369,GOY005.A0103.SG1.4.classified_gc_rl.tsv.gz
70,9852,GOY005.A0103.SG1.4.classified_gc_rl.tsv.gz
71,9299,GOY005.A0103.SG1.4.classified_gc_rl.tsv.gz
72,8992,GOY005.A0103.SG1.4.classified_gc_rl.tsv.gz
73,9359,GOY005.A0103.SG1.4.classified_gc_rl.tsv.gz
74,7566,GOY005.A0103.SG1.4.classified_gc_rl.tsv.gz
75,7483,GOY005.A0103.SG1.4.classified_gc_rl.tsv.gz
76,17696,GOY005.A0103.SG1.4.classified_gc_rl.tsv.gz
77,5857,GOY005.A0103.SG1.4.classified_gc_rl.tsv.gz
78,5169,GOY005.A0103.SG1.4.classified_gc_rl.tsv.gz
79,5070,GOY005.A0103.SG1.4.classified_gc_rl.tsv.gz
80,4666,GOY005.A0103.SG1.4.classified_gc_rl.tsv.gz
81,4089,GOY005.A0103.SG1.4.classified_gc_rl.tsv.gz
82,3880,GOY005.A0103.SG1.4.classified_gc_rl.tsv.gz
83,3581,GOY005.A0103.SG1.4.classified_gc_rl.tsv.gz
84,3261,GOY005.A0103.SG1.4.classified_gc_rl.tsv.gz
85,3141,GOY005.A0103.SG1.4.classified_gc_rl.tsv.gz
86,3067,GOY005.A0103.SG1.4.classified_gc_rl.tsv.gz
87,2783,GOY005.A0103.SG1.4.classified_gc_rl.tsv.gz
88,2482,GOY005.A0103.SG1.4.classified_gc_rl.tsv.gz
89,2300,GOY005.A0103.SG1.4.classified_gc_rl.tsv.gz
90,2229,GOY005.A0103.SG1.4.classified_gc_rl.tsv.gz
91,2052,GOY005.A0103.SG1.4.classified_gc_rl.tsv.gz
92,2012,GOY005.A0103.SG1.4.classified_gc_rl.tsv.gz
93,1859,GOY005.A0103.SG1.4.classified_gc_rl.tsv.gz
94,1848,GOY005.A0103.SG1.4.classified_gc_rl.tsv.gz
95,1586,GOY005.A0103.SG1.4.classified_gc_rl.tsv.gz
96,1483,GOY005.A0103.SG1.4.classified_gc_rl.tsv.gz
97,1443,GOY005.A0103.SG1.4.classified_gc_rl.tsv.gz
98,1312,GOY005.A0103.SG1.4.classified_gc_rl.tsv.gz
99,1235,GOY005.A0103.SG1.4.classified_gc_rl.tsv.gz
100,1218,GOY005.A0103.SG1.4.classified_gc_rl.tsv.gz
101,1109,GOY005.A0103.SG1.4.classified_gc_rl.tsv.gz
102,1023,GOY005.A0103.SG1.4.classified_gc_rl.tsv.gz
103,937,GOY005.A0103.SG1.4.classified_gc_rl.tsv.gz
104,934,GOY005.A0103.SG1.4.classified_gc_rl.tsv.gz
105,869,GOY005.A0103.SG1.4.classified_gc_rl.tsv.gz
106,863,GOY005.A0103.SG1.4.classified_gc_rl.tsv.gz
107,765,GOY005.A0103.SG1.4.classified_gc_rl.tsv.gz
108,779,GOY005.A0103.SG1.4.classified_gc_rl.tsv.gz
109,695,GOY005.A0103.SG1.4.classified_gc_rl.tsv.gz
110,686,GOY005.A0103.SG1.4.classified_gc_rl.tsv.gz
111,679,GOY005.A0103.SG1.4.classified_gc_rl.tsv.gz
112,553,GOY005.A0103.SG1.4.classified_gc_rl.tsv.gz
113,550,GOY005.A0103.SG1.4.classified_gc_rl.tsv.gz
114,584,GOY005.A0103.SG1.4.classified_gc_rl.tsv.gz
115,522,GOY005.A0103.SG1.4.classified_gc_rl.tsv.gz
116,497,GOY005.A0103.SG1.4.classified_gc_rl.tsv.gz
117,457,GOY005.A0103.SG1.4.classified_gc_rl.tsv.gz
118,467,GOY005.A0103.SG1.4.classified_gc_rl.tsv.gz
119,473,GOY005.A0103.SG1.4.classified_gc_rl.tsv.gz
120,425,GOY005.A0103.SG1.4.classified_gc_rl.tsv.gz
121,414,GOY005.A0103.SG1.4.classified_gc_rl.tsv.gz
122,401,GOY005.A0103.SG1.4.classified_gc_rl.tsv.gz
123,383,GOY005.A0103.SG1.4.classified_gc_rl.tsv.gz
124,355,GOY005.A0103.SG1.4.classified_gc_rl.tsv.gz
125,364,GOY005.A0103.SG1.4.classified_gc_rl.tsv.gz
126,340,GOY005.A0103.SG1.4.classified_gc_rl.tsv.gz
127,304,GOY005.A0103.SG1.4.classified_gc_rl.tsv.gz
128,293,GOY005.A0103.SG1.4.classified_gc_rl.tsv.gz
129,287,GOY005.A0103.SG1.4.classified_gc_rl.tsv.gz
130,263,GOY005.A0103.SG1.4.classified_gc_rl.tsv.gz
131,272,GOY005.A0103.SG1.4.classified_gc_rl.tsv.gz
132,248,GOY005.A0103.SG1.4.classified_gc_rl.tsv.gz
133,265,GOY005.A0103.SG1.4.classified_gc_rl.tsv.gz
134,294,GOY005.A0103.SG1.4.classified_gc_rl.tsv.gz
135,217,GOY005.A0103.SG1.4.classified_gc_rl.tsv.gz
136,258,GOY005.A0103.SG1.4.classified_gc_rl.tsv.gz
137,213,GOY005.A0103.SG1.4.classified_gc_rl.tsv.gz
138,198,GOY005.A0103.SG1.4.classified_gc_rl.tsv.gz
139,185,GOY005.A0103.SG1.4.classified_gc_rl.tsv.gz
140,206,GOY005.A0103.SG1.4.classified_gc_rl.tsv.gz
141,194,GOY005.A0103.SG1.4.classified_gc_rl.tsv.gz
36,40868,GOY006.A0101.SG1.2.classified_gc_rl.tsv.gz
37,78268,GOY006.A0101.SG1.2.classified_gc_rl.tsv.gz
38,103688,GOY006.A0101.SG1.2.classified_gc_rl.tsv.gz
39,125963,GOY006.A0101.SG1.2.classified_gc_rl.tsv.gz
40,146184,GOY006.A0101.SG1.2.classified_gc_rl.tsv.gz
41,150820,GOY006.A0101.SG1.2.classified_gc_rl.tsv.gz
42,157969,GOY006.A0101.SG1.2.classified_gc_rl.tsv.gz
43,163225,GOY006.A0101.SG1.2.classified_gc_rl.tsv.gz
44,162418,GOY006.A0101.SG1.2.classified_gc_rl.tsv.gz
45,167483,GOY006.A0101.SG1.2.classified_gc_rl.tsv.gz
46,169869,GOY006.A0101.SG1.2.classified_gc_rl.tsv.gz
47,166257,GOY006.A0101.SG1.2.classified_gc_rl.tsv.gz
48,163723,GOY006.A0101.SG1.2.classified_gc_rl.tsv.gz
49,164022,GOY006.A0101.SG1.2.classified_gc_rl.tsv.gz
50,159269,GOY006.A0101.SG1.2.classified_gc_rl.tsv.gz
51,159020,GOY006.A0101.SG1.2.classified_gc_rl.tsv.gz
52,158040,GOY006.A0101.SG1.2.classified_gc_rl.tsv.gz
53,152260,GOY006.A0101.SG1.2.classified_gc_rl.tsv.gz
54,150737,GOY006.A0101.SG1.2.classified_gc_rl.tsv.gz
55,145905,GOY006.A0101.SG1.2.classified_gc_rl.tsv.gz
56,140838,GOY006.A0101.SG1.2.classified_gc_rl.tsv.gz
57,138015,GOY006.A0101.SG1.2.classified_gc_rl.tsv.gz
58,135732,GOY006.A0101.SG1.2.classified_gc_rl.tsv.gz
59,129873,GOY006.A0101.SG1.2.classified_gc_rl.tsv.gz
60,127433,GOY006.A0101.SG1.2.classified_gc_rl.tsv.gz
61,121880,GOY006.A0101.SG1.2.classified_gc_rl.tsv.gz
62,115766,GOY006.A0101.SG1.2.classified_gc_rl.tsv.gz
63,113928,GOY006.A0101.SG1.2.classified_gc_rl.tsv.gz
64,110827,GOY006.A0101.SG1.2.classified_gc_rl.tsv.gz
65,106303,GOY006.A0101.SG1.2.classified_gc_rl.tsv.gz
66,103608,GOY006.A0101.SG1.2.classified_gc_rl.tsv.gz
67,100780,GOY006.A0101.SG1.2.classified_gc_rl.tsv.gz
68,93575,GOY006.A0101.SG1.2.classified_gc_rl.tsv.gz
69,92275,GOY006.A0101.SG1.2.classified_gc_rl.tsv.gz
70,89853,GOY006.A0101.SG1.2.classified_gc_rl.tsv.gz
71,86649,GOY006.A0101.SG1.2.classified_gc_rl.tsv.gz
72,88321,GOY006.A0101.SG1.2.classified_gc_rl.tsv.gz
73,93375,GOY006.A0101.SG1.2.classified_gc_rl.tsv.gz
74,82949,GOY006.A0101.SG1.2.classified_gc_rl.tsv.gz
75,116781,GOY006.A0101.SG1.2.classified_gc_rl.tsv.gz
76,289102,GOY006.A0101.SG1.2.classified_gc_rl.tsv.gz
77,65414,GOY006.A0101.SG1.2.classified_gc_rl.tsv.gz
78,63684,GOY006.A0101.SG1.2.classified_gc_rl.tsv.gz
79,62431,GOY006.A0101.SG1.2.classified_gc_rl.tsv.gz
80,58708,GOY006.A0101.SG1.2.classified_gc_rl.tsv.gz
81,55408,GOY006.A0101.SG1.2.classified_gc_rl.tsv.gz
82,53341,GOY006.A0101.SG1.2.classified_gc_rl.tsv.gz
83,50378,GOY006.A0101.SG1.2.classified_gc_rl.tsv.gz
84,49090,GOY006.A0101.SG1.2.classified_gc_rl.tsv.gz
85,48183,GOY006.A0101.SG1.2.classified_gc_rl.tsv.gz
86,45413,GOY006.A0101.SG1.2.classified_gc_rl.tsv.gz
87,44422,GOY006.A0101.SG1.2.classified_gc_rl.tsv.gz
88,41835,GOY006.A0101.SG1.2.classified_gc_rl.tsv.gz
89,39208,GOY006.A0101.SG1.2.classified_gc_rl.tsv.gz
90,38533,GOY006.A0101.SG1.2.classified_gc_rl.tsv.gz
91,37437,GOY006.A0101.SG1.2.classified_gc_rl.tsv.gz
92,35287,GOY006.A0101.SG1.2.classified_gc_rl.tsv.gz
93,34284,GOY006.A0101.SG1.2.classified_gc_rl.tsv.gz
94,33992,GOY006.A0101.SG1.2.classified_gc_rl.tsv.gz
95,30938,GOY006.A0101.SG1.2.classified_gc_rl.tsv.gz
96,29998,GOY006.A0101.SG1.2.classified_gc_rl.tsv.gz
97,29071,GOY006.A0101.SG1.2.classified_gc_rl.tsv.gz
98,27909,GOY006.A0101.SG1.2.classified_gc_rl.tsv.gz
99,27268,GOY006.A0101.SG1.2.classified_gc_rl.tsv.gz
100,26528,GOY006.A0101.SG1.2.classified_gc_rl.tsv.gz
101,24093,GOY006.A0101.SG1.2.classified_gc_rl.tsv.gz
102,23569,GOY006.A0101.SG1.2.classified_gc_rl.tsv.gz
103,22879,GOY006.A0101.SG1.2.classified_gc_rl.tsv.gz
104,21825,GOY006.A0101.SG1.2.classified_gc_rl.tsv.gz
105,21054,GOY006.A0101.SG1.2.classified_gc_rl.tsv.gz
106,20641,GOY006.A0101.SG1.2.classified_gc_rl.tsv.gz
107,19860,GOY006.A0101.SG1.2.classified_gc_rl.tsv.gz
108,18697,GOY006.A0101.SG1.2.classified_gc_rl.tsv.gz
109,17715,GOY006.A0101.SG1.2.classified_gc_rl.tsv.gz
110,17438,GOY006.A0101.SG1.2.classified_gc_rl.tsv.gz
111,16973,GOY006.A0101.SG1.2.classified_gc_rl.tsv.gz
112,16627,GOY006.A0101.SG1.2.classified_gc_rl.tsv.gz
113,15718,GOY006.A0101.SG1.2.classified_gc_rl.tsv.gz
114,15385,GOY006.A0101.SG1.2.classified_gc_rl.tsv.gz
115,14579,GOY006.A0101.SG1.2.classified_gc_rl.tsv.gz
116,13720,GOY006.A0101.SG1.2.classified_gc_rl.tsv.gz
117,13639,GOY006.A0101.SG1.2.classified_gc_rl.tsv.gz
118,13411,GOY006.A0101.SG1.2.classified_gc_rl.tsv.gz
119,12919,GOY006.A0101.SG1.2.classified_gc_rl.tsv.gz
120,12522,GOY006.A0101.SG1.2.classified_gc_rl.tsv.gz
121,12050,GOY006.A0101.SG1.2.classified_gc_rl.tsv.gz
122,11472,GOY006.A0101.SG1.2.classified_gc_rl.tsv.gz
123,11183,GOY006.A0101.SG1.2.classified_gc_rl.tsv.gz
124,10705,GOY006.A0101.SG1.2.classified_gc_rl.tsv.gz
125,10112,GOY006.A0101.SG1.2.classified_gc_rl.tsv.gz
126,9988,GOY006.A0101.SG1.2.classified_gc_rl.tsv.gz
127,9694,GOY006.A0101.SG1.2.classified_gc_rl.tsv.gz
128,9257,GOY006.A0101.SG1.2.classified_gc_rl.tsv.gz
129,8827,GOY006.A0101.SG1.2.classified_gc_rl.tsv.gz
130,8638,GOY006.A0101.SG1.2.classified_gc_rl.tsv.gz
131,8469,GOY006.A0101.SG1.2.classified_gc_rl.tsv.gz
132,8127,GOY006.A0101.SG1.2.classified_gc_rl.tsv.gz
133,8013,GOY006.A0101.SG1.2.classified_gc_rl.tsv.gz
134,7942,GOY006.A0101.SG1.2.classified_gc_rl.tsv.gz
135,7533,GOY006.A0101.SG1.2.classified_gc_rl.tsv.gz
136,7501,GOY006.A0101.SG1.2.classified_gc_rl.tsv.gz
137,7492,GOY006.A0101.SG1.2.classified_gc_rl.tsv.gz
138,6796,GOY006.A0101.SG1.2.classified_gc_rl.tsv.gz
139,6974,GOY006.A0101.SG1.2.classified_gc_rl.tsv.gz
140,7792,GOY006.A0101.SG1.2.classified_gc_rl.tsv.gz
141,5935,GOY006.A0101.SG1.2.classified_gc_rl.tsv.gz
36,19463,GOY006.A0102.SG1.5.classified_gc_rl.tsv.gz
37,34193,GOY006.A0102.SG1.5.classified_gc_rl.tsv.gz
38,45291,GOY006.A0102.SG1.5.classified_gc_rl.tsv.gz
39,51015,GOY006.A0102.SG1.5.classified_gc_rl.tsv.gz
40,56377,GOY006.A0102.SG1.5.classified_gc_rl.tsv.gz
41,58361,GOY006.A0102.SG1.5.classified_gc_rl.tsv.gz
42,55818,GOY006.A0102.SG1.5.classified_gc_rl.tsv.gz
43,56333,GOY006.A0102.SG1.5.classified_gc_rl.tsv.gz
44,57034,GOY006.A0102.SG1.5.classified_gc_rl.tsv.gz
45,54521,GOY006.A0102.SG1.5.classified_gc_rl.tsv.gz
46,53359,GOY006.A0102.SG1.5.classified_gc_rl.tsv.gz
47,53124,GOY006.A0102.SG1.5.classified_gc_rl.tsv.gz
48,48963,GOY006.A0102.SG1.5.classified_gc_rl.tsv.gz
49,47507,GOY006.A0102.SG1.5.classified_gc_rl.tsv.gz
50,46587,GOY006.A0102.SG1.5.classified_gc_rl.tsv.gz
51,43130,GOY006.A0102.SG1.5.classified_gc_rl.tsv.gz
52,41564,GOY006.A0102.SG1.5.classified_gc_rl.tsv.gz
53,40651,GOY006.A0102.SG1.5.classified_gc_rl.tsv.gz
54,38150,GOY006.A0102.SG1.5.classified_gc_rl.tsv.gz
55,35577,GOY006.A0102.SG1.5.classified_gc_rl.tsv.gz
56,34581,GOY006.A0102.SG1.5.classified_gc_rl.tsv.gz
57,31612,GOY006.A0102.SG1.5.classified_gc_rl.tsv.gz
58,30971,GOY006.A0102.SG1.5.classified_gc_rl.tsv.gz
59,29509,GOY006.A0102.SG1.5.classified_gc_rl.tsv.gz
60,27328,GOY006.A0102.SG1.5.classified_gc_rl.tsv.gz
61,25649,GOY006.A0102.SG1.5.classified_gc_rl.tsv.gz
62,24312,GOY006.A0102.SG1.5.classified_gc_rl.tsv.gz
63,22652,GOY006.A0102.SG1.5.classified_gc_rl.tsv.gz
64,21789,GOY006.A0102.SG1.5.classified_gc_rl.tsv.gz
65,21387,GOY006.A0102.SG1.5.classified_gc_rl.tsv.gz
66,19874,GOY006.A0102.SG1.5.classified_gc_rl.tsv.gz
67,18835,GOY006.A0102.SG1.5.classified_gc_rl.tsv.gz
68,17926,GOY006.A0102.SG1.5.classified_gc_rl.tsv.gz
69,16360,GOY006.A0102.SG1.5.classified_gc_rl.tsv.gz
70,16024,GOY006.A0102.SG1.5.classified_gc_rl.tsv.gz
71,15546,GOY006.A0102.SG1.5.classified_gc_rl.tsv.gz
72,15268,GOY006.A0102.SG1.5.classified_gc_rl.tsv.gz
73,16500,GOY006.A0102.SG1.5.classified_gc_rl.tsv.gz
74,13277,GOY006.A0102.SG1.5.classified_gc_rl.tsv.gz
75,13588,GOY006.A0102.SG1.5.classified_gc_rl.tsv.gz
76,34531,GOY006.A0102.SG1.5.classified_gc_rl.tsv.gz
77,10567,GOY006.A0102.SG1.5.classified_gc_rl.tsv.gz
78,9945,GOY006.A0102.SG1.5.classified_gc_rl.tsv.gz
79,9428,GOY006.A0102.SG1.5.classified_gc_rl.tsv.gz
80,9285,GOY006.A0102.SG1.5.classified_gc_rl.tsv.gz
81,8024,GOY006.A0102.SG1.5.classified_gc_rl.tsv.gz
82,7913,GOY006.A0102.SG1.5.classified_gc_rl.tsv.gz
83,7460,GOY006.A0102.SG1.5.classified_gc_rl.tsv.gz
84,6954,GOY006.A0102.SG1.5.classified_gc_rl.tsv.gz
85,6754,GOY006.A0102.SG1.5.classified_gc_rl.tsv.gz
86,6308,GOY006.A0102.SG1.5.classified_gc_rl.tsv.gz
87,6178,GOY006.A0102.SG1.5.classified_gc_rl.tsv.gz
88,5735,GOY006.A0102.SG1.5.classified_gc_rl.tsv.gz
89,5370,GOY006.A0102.SG1.5.classified_gc_rl.tsv.gz
90,5046,GOY006.A0102.SG1.5.classified_gc_rl.tsv.gz
91,4898,GOY006.A0102.SG1.5.classified_gc_rl.tsv.gz
92,4839,GOY006.A0102.SG1.5.classified_gc_rl.tsv.gz
93,4457,GOY006.A0102.SG1.5.classified_gc_rl.tsv.gz
94,4150,GOY006.A0102.SG1.5.classified_gc_rl.tsv.gz
95,4005,GOY006.A0102.SG1.5.classified_gc_rl.tsv.gz
96,3724,GOY006.A0102.SG1.5.classified_gc_rl.tsv.gz
97,3600,GOY006.A0102.SG1.5.classified_gc_rl.tsv.gz
98,3430,GOY006.A0102.SG1.5.classified_gc_rl.tsv.gz
99,3287,GOY006.A0102.SG1.5.classified_gc_rl.tsv.gz
100,3132,GOY006.A0102.SG1.5.classified_gc_rl.tsv.gz
101,2974,GOY006.A0102.SG1.5.classified_gc_rl.tsv.gz
102,2792,GOY006.A0102.SG1.5.classified_gc_rl.tsv.gz
103,2572,GOY006.A0102.SG1.5.classified_gc_rl.tsv.gz
104,2618,GOY006.A0102.SG1.5.classified_gc_rl.tsv.gz
105,2425,GOY006.A0102.SG1.5.classified_gc_rl.tsv.gz
106,2337,GOY006.A0102.SG1.5.classified_gc_rl.tsv.gz
107,2282,GOY006.A0102.SG1.5.classified_gc_rl.tsv.gz
108,2160,GOY006.A0102.SG1.5.classified_gc_rl.tsv.gz
109,2038,GOY006.A0102.SG1.5.classified_gc_rl.tsv.gz
110,1960,GOY006.A0102.SG1.5.classified_gc_rl.tsv.gz
111,1871,GOY006.A0102.SG1.5.classified_gc_rl.tsv.gz
112,1756,GOY006.A0102.SG1.5.classified_gc_rl.tsv.gz
113,1764,GOY006.A0102.SG1.5.classified_gc_rl.tsv.gz
114,1757,GOY006.A0102.SG1.5.classified_gc_rl.tsv.gz
115,1584,GOY006.A0102.SG1.5.classified_gc_rl.tsv.gz
116,1551,GOY006.A0102.SG1.5.classified_gc_rl.tsv.gz
117,1520,GOY006.A0102.SG1.5.classified_gc_rl.tsv.gz
118,1422,GOY006.A0102.SG1.5.classified_gc_rl.tsv.gz
119,1445,GOY006.A0102.SG1.5.classified_gc_rl.tsv.gz
120,1286,GOY006.A0102.SG1.5.classified_gc_rl.tsv.gz
121,1197,GOY006.A0102.SG1.5.classified_gc_rl.tsv.gz
122,1189,GOY006.A0102.SG1.5.classified_gc_rl.tsv.gz
123,1156,GOY006.A0102.SG1.5.classified_gc_rl.tsv.gz
124,1040,GOY006.A0102.SG1.5.classified_gc_rl.tsv.gz
125,1054,GOY006.A0102.SG1.5.classified_gc_rl.tsv.gz
126,1030,GOY006.A0102.SG1.5.classified_gc_rl.tsv.gz
127,1060,GOY006.A0102.SG1.5.classified_gc_rl.tsv.gz
128,910,GOY006.A0102.SG1.5.classified_gc_rl.tsv.gz
129,850,GOY006.A0102.SG1.5.classified_gc_rl.tsv.gz
130,862,GOY006.A0102.SG1.5.classified_gc_rl.tsv.gz
131,858,GOY006.A0102.SG1.5.classified_gc_rl.tsv.gz
132,844,GOY006.A0102.SG1.5.classified_gc_rl.tsv.gz
133,793,GOY006.A0102.SG1.5.classified_gc_rl.tsv.gz
134,716,GOY006.A0102.SG1.5.classified_gc_rl.tsv.gz
135,733,GOY006.A0102.SG1.5.classified_gc_rl.tsv.gz
136,761,GOY006.A0102.SG1.5.classified_gc_rl.tsv.gz
137,719,GOY006.A0102.SG1.5.classified_gc_rl.tsv.gz
138,620,GOY006.A0102.SG1.5.classified_gc_rl.tsv.gz
139,550,GOY006.A0102.SG1.5.classified_gc_rl.tsv.gz
140,616,GOY006.A0102.SG1.5.classified_gc_rl.tsv.gz
141,537,GOY006.A0102.SG1.5.classified_gc_rl.tsv.gz
36,1247,GUE001.A0101.SG1.1.classified_gc_rl.tsv.gz
37,2260,GUE001.A0101.SG1.1.classified_gc_rl.tsv.gz
38,3316,GUE001.A0101.SG1.1.classified_gc_rl.tsv.gz
39,4164,GUE001.A0101.SG1.1.classified_gc_rl.tsv.gz
40,5127,GUE001.A0101.SG1.1.classified_gc_rl.tsv.gz
41,5687,GUE001.A0101.SG1.1.classified_gc_rl.tsv.gz
42,6409,GUE001.A0101.SG1.1.classified_gc_rl.tsv.gz
43,7011,GUE001.A0101.SG1.1.classified_gc_rl.tsv.gz
44,7762,GUE001.A0101.SG1.1.classified_gc_rl.tsv.gz
45,7820,GUE001.A0101.SG1.1.classified_gc_rl.tsv.gz
46,8636,GUE001.A0101.SG1.1.classified_gc_rl.tsv.gz
47,8851,GUE001.A0101.SG1.1.classified_gc_rl.tsv.gz
48,9360,GUE001.A0101.SG1.1.classified_gc_rl.tsv.gz
49,9789,GUE001.A0101.SG1.1.classified_gc_rl.tsv.gz
50,10049,GUE001.A0101.SG1.1.classified_gc_rl.tsv.gz
51,10428,GUE001.A0101.SG1.1.classified_gc_rl.tsv.gz
52,11164,GUE001.A0101.SG1.1.classified_gc_rl.tsv.gz
53,11396,GUE001.A0101.SG1.1.classified_gc_rl.tsv.gz
54,11548,GUE001.A0101.SG1.1.classified_gc_rl.tsv.gz
55,12205,GUE001.A0101.SG1.1.classified_gc_rl.tsv.gz
56,11987,GUE001.A0101.SG1.1.classified_gc_rl.tsv.gz
57,12531,GUE001.A0101.SG1.1.classified_gc_rl.tsv.gz
58,12687,GUE001.A0101.SG1.1.classified_gc_rl.tsv.gz
59,12377,GUE001.A0101.SG1.1.classified_gc_rl.tsv.gz
60,12892,GUE001.A0101.SG1.1.classified_gc_rl.tsv.gz
61,12675,GUE001.A0101.SG1.1.classified_gc_rl.tsv.gz
62,12722,GUE001.A0101.SG1.1.classified_gc_rl.tsv.gz
63,13210,GUE001.A0101.SG1.1.classified_gc_rl.tsv.gz
64,13572,GUE001.A0101.SG1.1.classified_gc_rl.tsv.gz
65,14160,GUE001.A0101.SG1.1.classified_gc_rl.tsv.gz
66,14092,GUE001.A0101.SG1.1.classified_gc_rl.tsv.gz
67,14442,GUE001.A0101.SG1.1.classified_gc_rl.tsv.gz
68,14202,GUE001.A0101.SG1.1.classified_gc_rl.tsv.gz
69,15129,GUE001.A0101.SG1.1.classified_gc_rl.tsv.gz
70,15991,GUE001.A0101.SG1.1.classified_gc_rl.tsv.gz
71,16451,GUE001.A0101.SG1.1.classified_gc_rl.tsv.gz
72,21275,GUE001.A0101.SG1.1.classified_gc_rl.tsv.gz
73,26404,GUE001.A0101.SG1.1.classified_gc_rl.tsv.gz
74,32356,GUE001.A0101.SG1.1.classified_gc_rl.tsv.gz
75,91886,GUE001.A0101.SG1.1.classified_gc_rl.tsv.gz
76,227310,GUE001.A0101.SG1.1.classified_gc_rl.tsv.gz
77,12928,GUE001.A0101.SG1.1.classified_gc_rl.tsv.gz
78,13580,GUE001.A0101.SG1.1.classified_gc_rl.tsv.gz
79,13205,GUE001.A0101.SG1.1.classified_gc_rl.tsv.gz
80,13264,GUE001.A0101.SG1.1.classified_gc_rl.tsv.gz
81,12059,GUE001.A0101.SG1.1.classified_gc_rl.tsv.gz
82,12418,GUE001.A0101.SG1.1.classified_gc_rl.tsv.gz
83,12033,GUE001.A0101.SG1.1.classified_gc_rl.tsv.gz
84,12043,GUE001.A0101.SG1.1.classified_gc_rl.tsv.gz
85,12596,GUE001.A0101.SG1.1.classified_gc_rl.tsv.gz
86,12055,GUE001.A0101.SG1.1.classified_gc_rl.tsv.gz
87,12378,GUE001.A0101.SG1.1.classified_gc_rl.tsv.gz
88,11296,GUE001.A0101.SG1.1.classified_gc_rl.tsv.gz
89,10998,GUE001.A0101.SG1.1.classified_gc_rl.tsv.gz
90,11228,GUE001.A0101.SG1.1.classified_gc_rl.tsv.gz
91,11668,GUE001.A0101.SG1.1.classified_gc_rl.tsv.gz
92,11232,GUE001.A0101.SG1.1.classified_gc_rl.tsv.gz
93,11839,GUE001.A0101.SG1.1.classified_gc_rl.tsv.gz
94,11386,GUE001.A0101.SG1.1.classified_gc_rl.tsv.gz
95,10247,GUE001.A0101.SG1.1.classified_gc_rl.tsv.gz
96,10252,GUE001.A0101.SG1.1.classified_gc_rl.tsv.gz
97,10353,GUE001.A0101.SG1.1.classified_gc_rl.tsv.gz
98,10550,GUE001.A0101.SG1.1.classified_gc_rl.tsv.gz
99,10095,GUE001.A0101.SG1.1.classified_gc_rl.tsv.gz
100,10329,GUE001.A0101.SG1.1.classified_gc_rl.tsv.gz
101,8923,GUE001.A0101.SG1.1.classified_gc_rl.tsv.gz
102,9075,GUE001.A0101.SG1.1.classified_gc_rl.tsv.gz
103,9221,GUE001.A0101.SG1.1.classified_gc_rl.tsv.gz
104,9057,GUE001.A0101.SG1.1.classified_gc_rl.tsv.gz
105,8818,GUE001.A0101.SG1.1.classified_gc_rl.tsv.gz
106,8989,GUE001.A0101.SG1.1.classified_gc_rl.tsv.gz
107,8765,GUE001.A0101.SG1.1.classified_gc_rl.tsv.gz
108,8225,GUE001.A0101.SG1.1.classified_gc_rl.tsv.gz
109,8231,GUE001.A0101.SG1.1.classified_gc_rl.tsv.gz
110,8258,GUE001.A0101.SG1.1.classified_gc_rl.tsv.gz
111,8130,GUE001.A0101.SG1.1.classified_gc_rl.tsv.gz
112,7894,GUE001.A0101.SG1.1.classified_gc_rl.tsv.gz
113,8028,GUE001.A0101.SG1.1.classified_gc_rl.tsv.gz
114,8000,GUE001.A0101.SG1.1.classified_gc_rl.tsv.gz
115,7198,GUE001.A0101.SG1.1.classified_gc_rl.tsv.gz
116,7466,GUE001.A0101.SG1.1.classified_gc_rl.tsv.gz
117,6944,GUE001.A0101.SG1.1.classified_gc_rl.tsv.gz
118,7007,GUE001.A0101.SG1.1.classified_gc_rl.tsv.gz
119,6966,GUE001.A0101.SG1.1.classified_gc_rl.tsv.gz
120,7107,GUE001.A0101.SG1.1.classified_gc_rl.tsv.gz
121,6503,GUE001.A0101.SG1.1.classified_gc_rl.tsv.gz
122,6360,GUE001.A0101.SG1.1.classified_gc_rl.tsv.gz
123,6319,GUE001.A0101.SG1.1.classified_gc_rl.tsv.gz
124,6297,GUE001.A0101.SG1.1.classified_gc_rl.tsv.gz
125,6054,GUE001.A0101.SG1.1.classified_gc_rl.tsv.gz
126,5905,GUE001.A0101.SG1.1.classified_gc_rl.tsv.gz
127,6262,GUE001.A0101.SG1.1.classified_gc_rl.tsv.gz
128,5570,GUE001.A0101.SG1.1.classified_gc_rl.tsv.gz
129,5573,GUE001.A0101.SG1.1.classified_gc_rl.tsv.gz
130,5660,GUE001.A0101.SG1.1.classified_gc_rl.tsv.gz
131,5410,GUE001.A0101.SG1.1.classified_gc_rl.tsv.gz
132,5209,GUE001.A0101.SG1.1.classified_gc_rl.tsv.gz
133,5215,GUE001.A0101.SG1.1.classified_gc_rl.tsv.gz
134,5081,GUE001.A0101.SG1.1.classified_gc_rl.tsv.gz
135,4691,GUE001.A0101.SG1.1.classified_gc_rl.tsv.gz
136,4990,GUE001.A0101.SG1.1.classified_gc_rl.tsv.gz
137,5029,GUE001.A0101.SG1.1.classified_gc_rl.tsv.gz
138,4775,GUE001.A0101.SG1.1.classified_gc_rl.tsv.gz
139,4717,GUE001.A0101.SG1.1.classified_gc_rl.tsv.gz
140,5068,GUE001.A0101.SG1.1.classified_gc_rl.tsv.gz
141,3992,GUE001.A0101.SG1.1.classified_gc_rl.tsv.gz
36,518,GUE001.A0102.SG1.4.classified_gc_rl.tsv.gz
37,933,GUE001.A0102.SG1.4.classified_gc_rl.tsv.gz
38,1256,GUE001.A0102.SG1.4.classified_gc_rl.tsv.gz
39,1463,GUE001.A0102.SG1.4.classified_gc_rl.tsv.gz
40,1648,GUE001.A0102.SG1.4.classified_gc_rl.tsv.gz
41,1740,GUE001.A0102.SG1.4.classified_gc_rl.tsv.gz
42,1783,GUE001.A0102.SG1.4.classified_gc_rl.tsv.gz
43,1671,GUE001.A0102.SG1.4.classified_gc_rl.tsv.gz
44,1711,GUE001.A0102.SG1.4.classified_gc_rl.tsv.gz
45,1725,GUE001.A0102.SG1.4.classified_gc_rl.tsv.gz
46,1766,GUE001.A0102.SG1.4.classified_gc_rl.tsv.gz
47,1704,GUE001.A0102.SG1.4.classified_gc_rl.tsv.gz
48,1615,GUE001.A0102.SG1.4.classified_gc_rl.tsv.gz
49,1561,GUE001.A0102.SG1.4.classified_gc_rl.tsv.gz
50,1589,GUE001.A0102.SG1.4.classified_gc_rl.tsv.gz
51,1571,GUE001.A0102.SG1.4.classified_gc_rl.tsv.gz
52,1491,GUE001.A0102.SG1.4.classified_gc_rl.tsv.gz
53,1475,GUE001.A0102.SG1.4.classified_gc_rl.tsv.gz
54,1313,GUE001.A0102.SG1.4.classified_gc_rl.tsv.gz
55,1319,GUE001.A0102.SG1.4.classified_gc_rl.tsv.gz
56,1320,GUE001.A0102.SG1.4.classified_gc_rl.tsv.gz
57,1257,GUE001.A0102.SG1.4.classified_gc_rl.tsv.gz
58,1231,GUE001.A0102.SG1.4.classified_gc_rl.tsv.gz
59,1222,GUE001.A0102.SG1.4.classified_gc_rl.tsv.gz
60,1161,GUE001.A0102.SG1.4.classified_gc_rl.tsv.gz
61,1077,GUE001.A0102.SG1.4.classified_gc_rl.tsv.gz
62,1162,GUE001.A0102.SG1.4.classified_gc_rl.tsv.gz
63,1078,GUE001.A0102.SG1.4.classified_gc_rl.tsv.gz
64,1079,GUE001.A0102.SG1.4.classified_gc_rl.tsv.gz
65,1053,GUE001.A0102.SG1.4.classified_gc_rl.tsv.gz
66,1023,GUE001.A0102.SG1.4.classified_gc_rl.tsv.gz
67,955,GUE001.A0102.SG1.4.classified_gc_rl.tsv.gz
68,982,GUE001.A0102.SG1.4.classified_gc_rl.tsv.gz
69,905,GUE001.A0102.SG1.4.classified_gc_rl.tsv.gz
70,981,GUE001.A0102.SG1.4.classified_gc_rl.tsv.gz
71,929,GUE001.A0102.SG1.4.classified_gc_rl.tsv.gz
72,974,GUE001.A0102.SG1.4.classified_gc_rl.tsv.gz
73,1276,GUE001.A0102.SG1.4.classified_gc_rl.tsv.gz
74,931,GUE001.A0102.SG1.4.classified_gc_rl.tsv.gz
75,1263,GUE001.A0102.SG1.4.classified_gc_rl.tsv.gz
76,5219,GUE001.A0102.SG1.4.classified_gc_rl.tsv.gz
77,710,GUE001.A0102.SG1.4.classified_gc_rl.tsv.gz
78,657,GUE001.A0102.SG1.4.classified_gc_rl.tsv.gz
79,616,GUE001.A0102.SG1.4.classified_gc_rl.tsv.gz
80,667,GUE001.A0102.SG1.4.classified_gc_rl.tsv.gz
81,564,GUE001.A0102.SG1.4.classified_gc_rl.tsv.gz
82,573,GUE001.A0102.SG1.4.classified_gc_rl.tsv.gz
83,579,GUE001.A0102.SG1.4.classified_gc_rl.tsv.gz
84,525,GUE001.A0102.SG1.4.classified_gc_rl.tsv.gz
85,574,GUE001.A0102.SG1.4.classified_gc_rl.tsv.gz
86,542,GUE001.A0102.SG1.4.classified_gc_rl.tsv.gz
87,510,GUE001.A0102.SG1.4.classified_gc_rl.tsv.gz
88,473,GUE001.A0102.SG1.4.classified_gc_rl.tsv.gz
89,447,GUE001.A0102.SG1.4.classified_gc_rl.tsv.gz
90,439,GUE001.A0102.SG1.4.classified_gc_rl.tsv.gz
91,370,GUE001.A0102.SG1.4.classified_gc_rl.tsv.gz
92,441,GUE001.A0102.SG1.4.classified_gc_rl.tsv.gz
93,374,GUE001.A0102.SG1.4.classified_gc_rl.tsv.gz
94,410,GUE001.A0102.SG1.4.classified_gc_rl.tsv.gz
95,355,GUE001.A0102.SG1.4.classified_gc_rl.tsv.gz
96,355,GUE001.A0102.SG1.4.classified_gc_rl.tsv.gz
97,330,GUE001.A0102.SG1.4.classified_gc_rl.tsv.gz
98,357,GUE001.A0102.SG1.4.classified_gc_rl.tsv.gz
99,340,GUE001.A0102.SG1.4.classified_gc_rl.tsv.gz
100,340,GUE001.A0102.SG1.4.classified_gc_rl.tsv.gz
101,277,GUE001.A0102.SG1.4.classified_gc_rl.tsv.gz
102,296,GUE001.A0102.SG1.4.classified_gc_rl.tsv.gz
103,299,GUE001.A0102.SG1.4.classified_gc_rl.tsv.gz
104,296,GUE001.A0102.SG1.4.classified_gc_rl.tsv.gz
105,261,GUE001.A0102.SG1.4.classified_gc_rl.tsv.gz
106,253,GUE001.A0102.SG1.4.classified_gc_rl.tsv.gz
107,277,GUE001.A0102.SG1.4.classified_gc_rl.tsv.gz
108,239,GUE001.A0102.SG1.4.classified_gc_rl.tsv.gz
109,245,GUE001.A0102.SG1.4.classified_gc_rl.tsv.gz
110,237,GUE001.A0102.SG1.4.classified_gc_rl.tsv.gz
111,239,GUE001.A0102.SG1.4.classified_gc_rl.tsv.gz
112,230,GUE001.A0102.SG1.4.classified_gc_rl.tsv.gz
113,211,GUE001.A0102.SG1.4.classified_gc_rl.tsv.gz
114,189,GUE001.A0102.SG1.4.classified_gc_rl.tsv.gz
115,192,GUE001.A0102.SG1.4.classified_gc_rl.tsv.gz
116,191,GUE001.A0102.SG1.4.classified_gc_rl.tsv.gz
117,187,GUE001.A0102.SG1.4.classified_gc_rl.tsv.gz
118,177,GUE001.A0102.SG1.4.classified_gc_rl.tsv.gz
119,154,GUE001.A0102.SG1.4.classified_gc_rl.tsv.gz
120,154,GUE001.A0102.SG1.4.classified_gc_rl.tsv.gz
121,143,GUE001.A0102.SG1.4.classified_gc_rl.tsv.gz
122,183,GUE001.A0102.SG1.4.classified_gc_rl.tsv.gz
123,156,GUE001.A0102.SG1.4.classified_gc_rl.tsv.gz
124,147,GUE001.A0102.SG1.4.classified_gc_rl.tsv.gz
125,129,GUE001.A0102.SG1.4.classified_gc_rl.tsv.gz
126,153,GUE001.A0102.SG1.4.classified_gc_rl.tsv.gz
127,127,GUE001.A0102.SG1.4.classified_gc_rl.tsv.gz
128,114,GUE001.A0102.SG1.4.classified_gc_rl.tsv.gz
129,126,GUE001.A0102.SG1.4.classified_gc_rl.tsv.gz
130,100,GUE001.A0102.SG1.4.classified_gc_rl.tsv.gz
131,141,GUE001.A0102.SG1.4.classified_gc_rl.tsv.gz
132,110,GUE001.A0102.SG1.4.classified_gc_rl.tsv.gz
133,117,GUE001.A0102.SG1.4.classified_gc_rl.tsv.gz
134,111,GUE001.A0102.SG1.4.classified_gc_rl.tsv.gz
135,99,GUE001.A0102.SG1.4.classified_gc_rl.tsv.gz
136,108,GUE001.A0102.SG1.4.classified_gc_rl.tsv.gz
137,103,GUE001.A0102.SG1.4.classified_gc_rl.tsv.gz
138,102,GUE001.A0102.SG1.4.classified_gc_rl.tsv.gz
139,78,GUE001.A0102.SG1.4.classified_gc_rl.tsv.gz
140,67,GUE001.A0102.SG1.4.classified_gc_rl.tsv.gz
141,95,GUE001.A0102.SG1.4.classified_gc_rl.tsv.gz
36,31608,PES001.B0101.SG1.3.classified_gc_rl.tsv.gz
37,63114,PES001.B0101.SG1.3.classified_gc_rl.tsv.gz
38,89583,PES001.B0101.SG1.3.classified_gc_rl.tsv.gz
39,115483,PES001.B0101.SG1.3.classified_gc_rl.tsv.gz
40,139507,PES001.B0101.SG1.3.classified_gc_rl.tsv.gz
41,150332,PES001.B0101.SG1.3.classified_gc_rl.tsv.gz
42,166901,PES001.B0101.SG1.3.classified_gc_rl.tsv.gz
43,178335,PES001.B0101.SG1.3.classified_gc_rl.tsv.gz
44,185291,PES001.B0101.SG1.3.classified_gc_rl.tsv.gz
45,200798,PES001.B0101.SG1.3.classified_gc_rl.tsv.gz
46,208859,PES001.B0101.SG1.3.classified_gc_rl.tsv.gz
47,210375,PES001.B0101.SG1.3.classified_gc_rl.tsv.gz
48,218832,PES001.B0101.SG1.3.classified_gc_rl.tsv.gz
49,223694,PES001.B0101.SG1.3.classified_gc_rl.tsv.gz
50,221996,PES001.B0101.SG1.3.classified_gc_rl.tsv.gz
51,233046,PES001.B0101.SG1.3.classified_gc_rl.tsv.gz
52,237974,PES001.B0101.SG1.3.classified_gc_rl.tsv.gz
53,235762,PES001.B0101.SG1.3.classified_gc_rl.tsv.gz
54,245934,PES001.B0101.SG1.3.classified_gc_rl.tsv.gz
55,245174,PES001.B0101.SG1.3.classified_gc_rl.tsv.gz
56,239501,PES001.B0101.SG1.3.classified_gc_rl.tsv.gz
57,247973,PES001.B0101.SG1.3.classified_gc_rl.tsv.gz
58,250044,PES001.B0101.SG1.3.classified_gc_rl.tsv.gz
59,245505,PES001.B0101.SG1.3.classified_gc_rl.tsv.gz
60,252480,PES001.B0101.SG1.3.classified_gc_rl.tsv.gz
61,246239,PES001.B0101.SG1.3.classified_gc_rl.tsv.gz
62,240461,PES001.B0101.SG1.3.classified_gc_rl.tsv.gz
63,249281,PES001.B0101.SG1.3.classified_gc_rl.tsv.gz
64,250415,PES001.B0101.SG1.3.classified_gc_rl.tsv.gz
65,242728,PES001.B0101.SG1.3.classified_gc_rl.tsv.gz
66,250322,PES001.B0101.SG1.3.classified_gc_rl.tsv.gz
67,249823,PES001.B0101.SG1.3.classified_gc_rl.tsv.gz
68,235322,PES001.B0101.SG1.3.classified_gc_rl.tsv.gz
69,244561,PES001.B0101.SG1.3.classified_gc_rl.tsv.gz
70,248190,PES001.B0101.SG1.3.classified_gc_rl.tsv.gz
71,264852,PES001.B0101.SG1.3.classified_gc_rl.tsv.gz
72,338018,PES001.B0101.SG1.3.classified_gc_rl.tsv.gz
73,468178,PES001.B0101.SG1.3.classified_gc_rl.tsv.gz
74,329723,PES001.B0101.SG1.3.classified_gc_rl.tsv.gz
75,1027732,PES001.B0101.SG1.3.classified_gc_rl.tsv.gz
76,4206958,PES001.B0101.SG1.3.classified_gc_rl.tsv.gz
77,214121,PES001.B0101.SG1.3.classified_gc_rl.tsv.gz
78,221384,PES001.B0101.SG1.3.classified_gc_rl.tsv.gz
79,217389,PES001.B0101.SG1.3.classified_gc_rl.tsv.gz
80,210330,PES001.B0101.SG1.3.classified_gc_rl.tsv.gz
81,206685,PES001.B0101.SG1.3.classified_gc_rl.tsv.gz
82,203731,PES001.B0101.SG1.3.classified_gc_rl.tsv.gz
83,196389,PES001.B0101.SG1.3.classified_gc_rl.tsv.gz
84,200799,PES001.B0101.SG1.3.classified_gc_rl.tsv.gz
85,199636,PES001.B0101.SG1.3.classified_gc_rl.tsv.gz
86,191984,PES001.B0101.SG1.3.classified_gc_rl.tsv.gz
87,195936,PES001.B0101.SG1.3.classified_gc_rl.tsv.gz
88,186709,PES001.B0101.SG1.3.classified_gc_rl.tsv.gz
89,178489,PES001.B0101.SG1.3.classified_gc_rl.tsv.gz
90,183019,PES001.B0101.SG1.3.classified_gc_rl.tsv.gz
91,179126,PES001.B0101.SG1.3.classified_gc_rl.tsv.gz
92,172462,PES001.B0101.SG1.3.classified_gc_rl.tsv.gz
93,176722,PES001.B0101.SG1.3.classified_gc_rl.tsv.gz
94,174013,PES001.B0101.SG1.3.classified_gc_rl.tsv.gz
95,161138,PES001.B0101.SG1.3.classified_gc_rl.tsv.gz
96,165072,PES001.B0101.SG1.3.classified_gc_rl.tsv.gz
97,162219,PES001.B0101.SG1.3.classified_gc_rl.tsv.gz
98,155431,PES001.B0101.SG1.3.classified_gc_rl.tsv.gz
99,158154,PES001.B0101.SG1.3.classified_gc_rl.tsv.gz
100,155806,PES001.B0101.SG1.3.classified_gc_rl.tsv.gz
101,143910,PES001.B0101.SG1.3.classified_gc_rl.tsv.gz
102,146220,PES001.B0101.SG1.3.classified_gc_rl.tsv.gz
103,143478,PES001.B0101.SG1.3.classified_gc_rl.tsv.gz
104,138086,PES001.B0101.SG1.3.classified_gc_rl.tsv.gz
105,140123,PES001.B0101.SG1.3.classified_gc_rl.tsv.gz
106,138136,PES001.B0101.SG1.3.classified_gc_rl.tsv.gz
107,131944,PES001.B0101.SG1.3.classified_gc_rl.tsv.gz
108,130206,PES001.B0101.SG1.3.classified_gc_rl.tsv.gz
109,128195,PES001.B0101.SG1.3.classified_gc_rl.tsv.gz
110,122156,PES001.B0101.SG1.3.classified_gc_rl.tsv.gz
111,124343,PES001.B0101.SG1.3.classified_gc_rl.tsv.gz
112,121232,PES001.B0101.SG1.3.classified_gc_rl.tsv.gz
113,116569,PES001.B0101.SG1.3.classified_gc_rl.tsv.gz
114,118981,PES001.B0101.SG1.3.classified_gc_rl.tsv.gz
115,113441,PES001.B0101.SG1.3.classified_gc_rl.tsv.gz
116,108932,PES001.B0101.SG1.3.classified_gc_rl.tsv.gz
117,110150,PES001.B0101.SG1.3.classified_gc_rl.tsv.gz
118,108696,PES001.B0101.SG1.3.classified_gc_rl.tsv.gz
119,103643,PES001.B0101.SG1.3.classified_gc_rl.tsv.gz
120,104283,PES001.B0101.SG1.3.classified_gc_rl.tsv.gz
121,100658,PES001.B0101.SG1.3.classified_gc_rl.tsv.gz
122,95582,PES001.B0101.SG1.3.classified_gc_rl.tsv.gz
123,96935,PES001.B0101.SG1.3.classified_gc_rl.tsv.gz
124,95357,PES001.B0101.SG1.3.classified_gc_rl.tsv.gz
125,91057,PES001.B0101.SG1.3.classified_gc_rl.tsv.gz
126,92582,PES001.B0101.SG1.3.classified_gc_rl.tsv.gz
127,90451,PES001.B0101.SG1.3.classified_gc_rl.tsv.gz
128,84888,PES001.B0101.SG1.3.classified_gc_rl.tsv.gz
129,85384,PES001.B0101.SG1.3.classified_gc_rl.tsv.gz
130,83871,PES001.B0101.SG1.3.classified_gc_rl.tsv.gz
131,80854,PES001.B0101.SG1.3.classified_gc_rl.tsv.gz
132,80905,PES001.B0101.SG1.3.classified_gc_rl.tsv.gz
133,80752,PES001.B0101.SG1.3.classified_gc_rl.tsv.gz
134,78142,PES001.B0101.SG1.3.classified_gc_rl.tsv.gz
135,76027,PES001.B0101.SG1.3.classified_gc_rl.tsv.gz
136,75348,PES001.B0101.SG1.3.classified_gc_rl.tsv.gz
137,74575,PES001.B0101.SG1.3.classified_gc_rl.tsv.gz
138,72661,PES001.B0101.SG1.3.classified_gc_rl.tsv.gz
139,70445,PES001.B0101.SG1.3.classified_gc_rl.tsv.gz
140,73989,PES001.B0101.SG1.3.classified_gc_rl.tsv.gz
141,64268,PES001.B0101.SG1.3.classified_gc_rl.tsv.gz
36,23001,PES001.B0102.SG1.5.classified_gc_rl.tsv.gz
37,43130,PES001.B0102.SG1.5.classified_gc_rl.tsv.gz
38,58399,PES001.B0102.SG1.5.classified_gc_rl.tsv.gz
39,67020,PES001.B0102.SG1.5.classified_gc_rl.tsv.gz
40,78357,PES001.B0102.SG1.5.classified_gc_rl.tsv.gz
41,82150,PES001.B0102.SG1.5.classified_gc_rl.tsv.gz
42,79981,PES001.B0102.SG1.5.classified_gc_rl.tsv.gz
43,83187,PES001.B0102.SG1.5.classified_gc_rl.tsv.gz
44,85581,PES001.B0102.SG1.5.classified_gc_rl.tsv.gz
45,81941,PES001.B0102.SG1.5.classified_gc_rl.tsv.gz
46,84218,PES001.B0102.SG1.5.classified_gc_rl.tsv.gz
47,84247,PES001.B0102.SG1.5.classified_gc_rl.tsv.gz
48,78866,PES001.B0102.SG1.5.classified_gc_rl.tsv.gz
49,80256,PES001.B0102.SG1.5.classified_gc_rl.tsv.gz
50,80147,PES001.B0102.SG1.5.classified_gc_rl.tsv.gz
51,76163,PES001.B0102.SG1.5.classified_gc_rl.tsv.gz
52,76093,PES001.B0102.SG1.5.classified_gc_rl.tsv.gz
53,76435,PES001.B0102.SG1.5.classified_gc_rl.tsv.gz
54,72229,PES001.B0102.SG1.5.classified_gc_rl.tsv.gz
55,71530,PES001.B0102.SG1.5.classified_gc_rl.tsv.gz
56,71606,PES001.B0102.SG1.5.classified_gc_rl.tsv.gz
57,67779,PES001.B0102.SG1.5.classified_gc_rl.tsv.gz
58,67792,PES001.B0102.SG1.5.classified_gc_rl.tsv.gz
59,68105,PES001.B0102.SG1.5.classified_gc_rl.tsv.gz
60,64210,PES001.B0102.SG1.5.classified_gc_rl.tsv.gz
61,62708,PES001.B0102.SG1.5.classified_gc_rl.tsv.gz
62,61753,PES001.B0102.SG1.5.classified_gc_rl.tsv.gz
63,58657,PES001.B0102.SG1.5.classified_gc_rl.tsv.gz
64,58893,PES001.B0102.SG1.5.classified_gc_rl.tsv.gz
65,58796,PES001.B0102.SG1.5.classified_gc_rl.tsv.gz
66,55514,PES001.B0102.SG1.5.classified_gc_rl.tsv.gz
67,55956,PES001.B0102.SG1.5.classified_gc_rl.tsv.gz
68,53971,PES001.B0102.SG1.5.classified_gc_rl.tsv.gz
69,51258,PES001.B0102.SG1.5.classified_gc_rl.tsv.gz
70,52203,PES001.B0102.SG1.5.classified_gc_rl.tsv.gz
71,55346,PES001.B0102.SG1.5.classified_gc_rl.tsv.gz
72,62530,PES001.B0102.SG1.5.classified_gc_rl.tsv.gz
73,94367,PES001.B0102.SG1.5.classified_gc_rl.tsv.gz
74,51626,PES001.B0102.SG1.5.classified_gc_rl.tsv.gz
75,78328,PES001.B0102.SG1.5.classified_gc_rl.tsv.gz
76,427262,PES001.B0102.SG1.5.classified_gc_rl.tsv.gz
77,42257,PES001.B0102.SG1.5.classified_gc_rl.tsv.gz
78,40166,PES001.B0102.SG1.5.classified_gc_rl.tsv.gz
79,39948,PES001.B0102.SG1.5.classified_gc_rl.tsv.gz
80,39913,PES001.B0102.SG1.5.classified_gc_rl.tsv.gz
81,35668,PES001.B0102.SG1.5.classified_gc_rl.tsv.gz
82,35550,PES001.B0102.SG1.5.classified_gc_rl.tsv.gz
83,35386,PES001.B0102.SG1.5.classified_gc_rl.tsv.gz
84,33180,PES001.B0102.SG1.5.classified_gc_rl.tsv.gz
85,33002,PES001.B0102.SG1.5.classified_gc_rl.tsv.gz
86,32586,PES001.B0102.SG1.5.classified_gc_rl.tsv.gz
87,30870,PES001.B0102.SG1.5.classified_gc_rl.tsv.gz
88,29744,PES001.B0102.SG1.5.classified_gc_rl.tsv.gz
89,29767,PES001.B0102.SG1.5.classified_gc_rl.tsv.gz
90,27747,PES001.B0102.SG1.5.classified_gc_rl.tsv.gz
91,27586,PES001.B0102.SG1.5.classified_gc_rl.tsv.gz
92,27193,PES001.B0102.SG1.5.classified_gc_rl.tsv.gz
93,25833,PES001.B0102.SG1.5.classified_gc_rl.tsv.gz
94,25504,PES001.B0102.SG1.5.classified_gc_rl.tsv.gz
95,24726,PES001.B0102.SG1.5.classified_gc_rl.tsv.gz
96,23193,PES001.B0102.SG1.5.classified_gc_rl.tsv.gz
97,23091,PES001.B0102.SG1.5.classified_gc_rl.tsv.gz
98,22776,PES001.B0102.SG1.5.classified_gc_rl.tsv.gz
99,21754,PES001.B0102.SG1.5.classified_gc_rl.tsv.gz
100,21486,PES001.B0102.SG1.5.classified_gc_rl.tsv.gz
101,20231,PES001.B0102.SG1.5.classified_gc_rl.tsv.gz
102,19155,PES001.B0102.SG1.5.classified_gc_rl.tsv.gz
103,19030,PES001.B0102.SG1.5.classified_gc_rl.tsv.gz
104,18637,PES001.B0102.SG1.5.classified_gc_rl.tsv.gz
105,17753,PES001.B0102.SG1.5.classified_gc_rl.tsv.gz
106,17473,PES001.B0102.SG1.5.classified_gc_rl.tsv.gz
107,17397,PES001.B0102.SG1.5.classified_gc_rl.tsv.gz
108,15961,PES001.B0102.SG1.5.classified_gc_rl.tsv.gz
109,16149,PES001.B0102.SG1.5.classified_gc_rl.tsv.gz
110,15787,PES001.B0102.SG1.5.classified_gc_rl.tsv.gz
111,14835,PES001.B0102.SG1.5.classified_gc_rl.tsv.gz
112,14980,PES001.B0102.SG1.5.classified_gc_rl.tsv.gz
113,14666,PES001.B0102.SG1.5.classified_gc_rl.tsv.gz
114,13553,PES001.B0102.SG1.5.classified_gc_rl.tsv.gz
115,13310,PES001.B0102.SG1.5.classified_gc_rl.tsv.gz
116,13240,PES001.B0102.SG1.5.classified_gc_rl.tsv.gz
117,12620,PES001.B0102.SG1.5.classified_gc_rl.tsv.gz
118,12307,PES001.B0102.SG1.5.classified_gc_rl.tsv.gz
119,12384,PES001.B0102.SG1.5.classified_gc_rl.tsv.gz
120,11810,PES001.B0102.SG1.5.classified_gc_rl.tsv.gz
121,11276,PES001.B0102.SG1.5.classified_gc_rl.tsv.gz
122,11052,PES001.B0102.SG1.5.classified_gc_rl.tsv.gz
123,10428,PES001.B0102.SG1.5.classified_gc_rl.tsv.gz
124,10505,PES001.B0102.SG1.5.classified_gc_rl.tsv.gz
125,10168,PES001.B0102.SG1.5.classified_gc_rl.tsv.gz
126,9748,PES001.B0102.SG1.5.classified_gc_rl.tsv.gz
127,9728,PES001.B0102.SG1.5.classified_gc_rl.tsv.gz
128,9399,PES001.B0102.SG1.5.classified_gc_rl.tsv.gz
129,8833,PES001.B0102.SG1.5.classified_gc_rl.tsv.gz
130,8875,PES001.B0102.SG1.5.classified_gc_rl.tsv.gz
131,8749,PES001.B0102.SG1.5.classified_gc_rl.tsv.gz
132,8138,PES001.B0102.SG1.5.classified_gc_rl.tsv.gz
133,8276,PES001.B0102.SG1.5.classified_gc_rl.tsv.gz
134,8237,PES001.B0102.SG1.5.classified_gc_rl.tsv.gz
135,7810,PES001.B0102.SG1.5.classified_gc_rl.tsv.gz
136,7770,PES001.B0102.SG1.5.classified_gc_rl.tsv.gz
137,7505,PES001.B0102.SG1.5.classified_gc_rl.tsv.gz
138,7140,PES001.B0102.SG1.5.classified_gc_rl.tsv.gz
139,6552,PES001.B0102.SG1.5.classified_gc_rl.tsv.gz
140,6939,PES001.B0102.SG1.5.classified_gc_rl.tsv.gz
141,5723,PES001.B0102.SG1.5.classified_gc_rl.tsv.gz
36,1254,SPM002.A0101.SG1.1.classified_gc_rl.tsv.gz
37,2083,SPM002.A0101.SG1.1.classified_gc_rl.tsv.gz
38,2836,SPM002.A0101.SG1.1.classified_gc_rl.tsv.gz
39,3206,SPM002.A0101.SG1.1.classified_gc_rl.tsv.gz
40,3949,SPM002.A0101.SG1.1.classified_gc_rl.tsv.gz
41,3719,SPM002.A0101.SG1.1.classified_gc_rl.tsv.gz
42,3930,SPM002.A0101.SG1.1.classified_gc_rl.tsv.gz
43,4188,SPM002.A0101.SG1.1.classified_gc_rl.tsv.gz
44,4327,SPM002.A0101.SG1.1.classified_gc_rl.tsv.gz
45,4112,SPM002.A0101.SG1.1.classified_gc_rl.tsv.gz
46,4462,SPM002.A0101.SG1.1.classified_gc_rl.tsv.gz
47,4344,SPM002.A0101.SG1.1.classified_gc_rl.tsv.gz
48,4058,SPM002.A0101.SG1.1.classified_gc_rl.tsv.gz
49,4193,SPM002.A0101.SG1.1.classified_gc_rl.tsv.gz
50,4219,SPM002.A0101.SG1.1.classified_gc_rl.tsv.gz
51,4258,SPM002.A0101.SG1.1.classified_gc_rl.tsv.gz
52,4520,SPM002.A0101.SG1.1.classified_gc_rl.tsv.gz
53,4325,SPM002.A0101.SG1.1.classified_gc_rl.tsv.gz
54,4241,SPM002.A0101.SG1.1.classified_gc_rl.tsv.gz
55,4353,SPM002.A0101.SG1.1.classified_gc_rl.tsv.gz
56,4335,SPM002.A0101.SG1.1.classified_gc_rl.tsv.gz
57,4219,SPM002.A0101.SG1.1.classified_gc_rl.tsv.gz
58,4271,SPM002.A0101.SG1.1.classified_gc_rl.tsv.gz
59,4171,SPM002.A0101.SG1.1.classified_gc_rl.tsv.gz
60,4144,SPM002.A0101.SG1.1.classified_gc_rl.tsv.gz
61,4182,SPM002.A0101.SG1.1.classified_gc_rl.tsv.gz
62,3995,SPM002.A0101.SG1.1.classified_gc_rl.tsv.gz
63,4170,SPM002.A0101.SG1.1.classified_gc_rl.tsv.gz
64,4111,SPM002.A0101.SG1.1.classified_gc_rl.tsv.gz
65,4173,SPM002.A0101.SG1.1.classified_gc_rl.tsv.gz
66,4156,SPM002.A0101.SG1.1.classified_gc_rl.tsv.gz
67,4186,SPM002.A0101.SG1.1.classified_gc_rl.tsv.gz
68,4124,SPM002.A0101.SG1.1.classified_gc_rl.tsv.gz
69,4157,SPM002.A0101.SG1.1.classified_gc_rl.tsv.gz
70,4581,SPM002.A0101.SG1.1.classified_gc_rl.tsv.gz
71,5385,SPM002.A0101.SG1.1.classified_gc_rl.tsv.gz
72,7139,SPM002.A0101.SG1.1.classified_gc_rl.tsv.gz
73,9921,SPM002.A0101.SG1.1.classified_gc_rl.tsv.gz
74,12317,SPM002.A0101.SG1.1.classified_gc_rl.tsv.gz
75,37542,SPM002.A0101.SG1.1.classified_gc_rl.tsv.gz
76,91952,SPM002.A0101.SG1.1.classified_gc_rl.tsv.gz
77,3812,SPM002.A0101.SG1.1.classified_gc_rl.tsv.gz
78,3836,SPM002.A0101.SG1.1.classified_gc_rl.tsv.gz
79,3696,SPM002.A0101.SG1.1.classified_gc_rl.tsv.gz
80,3762,SPM002.A0101.SG1.1.classified_gc_rl.tsv.gz
81,3600,SPM002.A0101.SG1.1.classified_gc_rl.tsv.gz
82,3667,SPM002.A0101.SG1.1.classified_gc_rl.tsv.gz
83,3768,SPM002.A0101.SG1.1.classified_gc_rl.tsv.gz
84,3484,SPM002.A0101.SG1.1.classified_gc_rl.tsv.gz
85,3660,SPM002.A0101.SG1.1.classified_gc_rl.tsv.gz
86,3601,SPM002.A0101.SG1.1.classified_gc_rl.tsv.gz
87,3520,SPM002.A0101.SG1.1.classified_gc_rl.tsv.gz
88,3541,SPM002.A0101.SG1.1.classified_gc_rl.tsv.gz
89,3499,SPM002.A0101.SG1.1.classified_gc_rl.tsv.gz
90,3561,SPM002.A0101.SG1.1.classified_gc_rl.tsv.gz
91,3659,SPM002.A0101.SG1.1.classified_gc_rl.tsv.gz
92,3581,SPM002.A0101.SG1.1.classified_gc_rl.tsv.gz
93,3589,SPM002.A0101.SG1.1.classified_gc_rl.tsv.gz
94,3668,SPM002.A0101.SG1.1.classified_gc_rl.tsv.gz
95,3660,SPM002.A0101.SG1.1.classified_gc_rl.tsv.gz
96,3498,SPM002.A0101.SG1.1.classified_gc_rl.tsv.gz
97,3329,SPM002.A0101.SG1.1.classified_gc_rl.tsv.gz
98,3629,SPM002.A0101.SG1.1.classified_gc_rl.tsv.gz
99,3402,SPM002.A0101.SG1.1.classified_gc_rl.tsv.gz
100,3422,SPM002.A0101.SG1.1.classified_gc_rl.tsv.gz
101,3300,SPM002.A0101.SG1.1.classified_gc_rl.tsv.gz
102,3420,SPM002.A0101.SG1.1.classified_gc_rl.tsv.gz
103,3329,SPM002.A0101.SG1.1.classified_gc_rl.tsv.gz
104,3430,SPM002.A0101.SG1.1.classified_gc_rl.tsv.gz
105,3297,SPM002.A0101.SG1.1.classified_gc_rl.tsv.gz
106,3094,SPM002.A0101.SG1.1.classified_gc_rl.tsv.gz
107,3242,SPM002.A0101.SG1.1.classified_gc_rl.tsv.gz
108,2990,SPM002.A0101.SG1.1.classified_gc_rl.tsv.gz
109,2881,SPM002.A0101.SG1.1.classified_gc_rl.tsv.gz
110,3084,SPM002.A0101.SG1.1.classified_gc_rl.tsv.gz
111,3114,SPM002.A0101.SG1.1.classified_gc_rl.tsv.gz
112,3331,SPM002.A0101.SG1.1.classified_gc_rl.tsv.gz
113,2937,SPM002.A0101.SG1.1.classified_gc_rl.tsv.gz
114,3000,SPM002.A0101.SG1.1.classified_gc_rl.tsv.gz
115,2936,SPM002.A0101.SG1.1.classified_gc_rl.tsv.gz
116,2809,SPM002.A0101.SG1.1.classified_gc_rl.tsv.gz
117,2804,SPM002.A0101.SG1.1.classified_gc_rl.tsv.gz
118,3013,SPM002.A0101.SG1.1.classified_gc_rl.tsv.gz
119,2991,SPM002.A0101.SG1.1.classified_gc_rl.tsv.gz
120,2861,SPM002.A0101.SG1.1.classified_gc_rl.tsv.gz
121,2772,SPM002.A0101.SG1.1.classified_gc_rl.tsv.gz
122,2982,SPM002.A0101.SG1.1.classified_gc_rl.tsv.gz
123,2770,SPM002.A0101.SG1.1.classified_gc_rl.tsv.gz
124,2784,SPM002.A0101.SG1.1.classified_gc_rl.tsv.gz
125,2750,SPM002.A0101.SG1.1.classified_gc_rl.tsv.gz
126,2541,SPM002.A0101.SG1.1.classified_gc_rl.tsv.gz
127,2603,SPM002.A0101.SG1.1.classified_gc_rl.tsv.gz
128,2376,SPM002.A0101.SG1.1.classified_gc_rl.tsv.gz
129,2563,SPM002.A0101.SG1.1.classified_gc_rl.tsv.gz
130,2498,SPM002.A0101.SG1.1.classified_gc_rl.tsv.gz
131,2482,SPM002.A0101.SG1.1.classified_gc_rl.tsv.gz
132,2477,SPM002.A0101.SG1.1.classified_gc_rl.tsv.gz
133,2300,SPM002.A0101.SG1.1.classified_gc_rl.tsv.gz
134,2472,SPM002.A0101.SG1.1.classified_gc_rl.tsv.gz
135,2340,SPM002.A0101.SG1.1.classified_gc_rl.tsv.gz
136,2496,SPM002.A0101.SG1.1.classified_gc_rl.tsv.gz
137,2750,SPM002.A0101.SG1.1.classified_gc_rl.tsv.gz
138,2345,SPM002.A0101.SG1.1.classified_gc_rl.tsv.gz
139,2607,SPM002.A0101.SG1.1.classified_gc_rl.tsv.gz
140,3205,SPM002.A0101.SG1.1.classified_gc_rl.tsv.gz
141,2318,SPM002.A0101.SG1.1.classified_gc_rl.tsv.gz
36,1457,SPM002.A0103.SG1.4.classified_gc_rl.tsv.gz
37,2312,SPM002.A0103.SG1.4.classified_gc_rl.tsv.gz
38,3057,SPM002.A0103.SG1.4.classified_gc_rl.tsv.gz
39,3347,SPM002.A0103.SG1.4.classified_gc_rl.tsv.gz
40,3711,SPM002.A0103.SG1.4.classified_gc_rl.tsv.gz
41,3512,SPM002.A0103.SG1.4.classified_gc_rl.tsv.gz
42,3464,SPM002.A0103.SG1.4.classified_gc_rl.tsv.gz
43,3289,SPM002.A0103.SG1.4.classified_gc_rl.tsv.gz
44,3120,SPM002.A0103.SG1.4.classified_gc_rl.tsv.gz
45,3101,SPM002.A0103.SG1.4.classified_gc_rl.tsv.gz
46,2825,SPM002.A0103.SG1.4.classified_gc_rl.tsv.gz
47,2739,SPM002.A0103.SG1.4.classified_gc_rl.tsv.gz
48,2639,SPM002.A0103.SG1.4.classified_gc_rl.tsv.gz
49,2526,SPM002.A0103.SG1.4.classified_gc_rl.tsv.gz
50,2428,SPM002.A0103.SG1.4.classified_gc_rl.tsv.gz
51,2368,SPM002.A0103.SG1.4.classified_gc_rl.tsv.gz
52,2110,SPM002.A0103.SG1.4.classified_gc_rl.tsv.gz
53,2121,SPM002.A0103.SG1.4.classified_gc_rl.tsv.gz
54,1928,SPM002.A0103.SG1.4.classified_gc_rl.tsv.gz
55,1853,SPM002.A0103.SG1.4.classified_gc_rl.tsv.gz
56,1739,SPM002.A0103.SG1.4.classified_gc_rl.tsv.gz
57,1600,SPM002.A0103.SG1.4.classified_gc_rl.tsv.gz
58,1634,SPM002.A0103.SG1.4.classified_gc_rl.tsv.gz
59,1559,SPM002.A0103.SG1.4.classified_gc_rl.tsv.gz
60,1381,SPM002.A0103.SG1.4.classified_gc_rl.tsv.gz
61,1369,SPM002.A0103.SG1.4.classified_gc_rl.tsv.gz
62,1319,SPM002.A0103.SG1.4.classified_gc_rl.tsv.gz
63,1184,SPM002.A0103.SG1.4.classified_gc_rl.tsv.gz
64,1173,SPM002.A0103.SG1.4.classified_gc_rl.tsv.gz
65,1111,SPM002.A0103.SG1.4.classified_gc_rl.tsv.gz
66,1121,SPM002.A0103.SG1.4.classified_gc_rl.tsv.gz
67,1093,SPM002.A0103.SG1.4.classified_gc_rl.tsv.gz
68,993,SPM002.A0103.SG1.4.classified_gc_rl.tsv.gz
69,977,SPM002.A0103.SG1.4.classified_gc_rl.tsv.gz
70,937,SPM002.A0103.SG1.4.classified_gc_rl.tsv.gz
71,1008,SPM002.A0103.SG1.4.classified_gc_rl.tsv.gz
72,1241,SPM002.A0103.SG1.4.classified_gc_rl.tsv.gz
73,1819,SPM002.A0103.SG1.4.classified_gc_rl.tsv.gz
74,1129,SPM002.A0103.SG1.4.classified_gc_rl.tsv.gz
75,1721,SPM002.A0103.SG1.4.classified_gc_rl.tsv.gz
76,7725,SPM002.A0103.SG1.4.classified_gc_rl.tsv.gz
77,673,SPM002.A0103.SG1.4.classified_gc_rl.tsv.gz
78,649,SPM002.A0103.SG1.4.classified_gc_rl.tsv.gz
79,661,SPM002.A0103.SG1.4.classified_gc_rl.tsv.gz
80,607,SPM002.A0103.SG1.4.classified_gc_rl.tsv.gz
81,573,SPM002.A0103.SG1.4.classified_gc_rl.tsv.gz
82,555,SPM002.A0103.SG1.4.classified_gc_rl.tsv.gz
83,563,SPM002.A0103.SG1.4.classified_gc_rl.tsv.gz
84,537,SPM002.A0103.SG1.4.classified_gc_rl.tsv.gz
85,525,SPM002.A0103.SG1.4.classified_gc_rl.tsv.gz
86,536,SPM002.A0103.SG1.4.classified_gc_rl.tsv.gz
87,490,SPM002.A0103.SG1.4.classified_gc_rl.tsv.gz
88,491,SPM002.A0103.SG1.4.classified_gc_rl.tsv.gz
89,432,SPM002.A0103.SG1.4.classified_gc_rl.tsv.gz
90,504,SPM002.A0103.SG1.4.classified_gc_rl.tsv.gz
91,496,SPM002.A0103.SG1.4.classified_gc_rl.tsv.gz
92,481,SPM002.A0103.SG1.4.classified_gc_rl.tsv.gz
93,430,SPM002.A0103.SG1.4.classified_gc_rl.tsv.gz
94,441,SPM002.A0103.SG1.4.classified_gc_rl.tsv.gz
95,391,SPM002.A0103.SG1.4.classified_gc_rl.tsv.gz
96,438,SPM002.A0103.SG1.4.classified_gc_rl.tsv.gz
97,438,SPM002.A0103.SG1.4.classified_gc_rl.tsv.gz
98,416,SPM002.A0103.SG1.4.classified_gc_rl.tsv.gz
99,423,SPM002.A0103.SG1.4.classified_gc_rl.tsv.gz
100,406,SPM002.A0103.SG1.4.classified_gc_rl.tsv.gz
101,365,SPM002.A0103.SG1.4.classified_gc_rl.tsv.gz
102,341,SPM002.A0103.SG1.4.classified_gc_rl.tsv.gz
103,388,SPM002.A0103.SG1.4.classified_gc_rl.tsv.gz
104,353,SPM002.A0103.SG1.4.classified_gc_rl.tsv.gz
105,371,SPM002.A0103.SG1.4.classified_gc_rl.tsv.gz
106,369,SPM002.A0103.SG1.4.classified_gc_rl.tsv.gz
107,339,SPM002.A0103.SG1.4.classified_gc_rl.tsv.gz
108,338,SPM002.A0103.SG1.4.classified_gc_rl.tsv.gz
109,325,SPM002.A0103.SG1.4.classified_gc_rl.tsv.gz
110,280,SPM002.A0103.SG1.4.classified_gc_rl.tsv.gz
111,301,SPM002.A0103.SG1.4.classified_gc_rl.tsv.gz
112,285,SPM002.A0103.SG1.4.classified_gc_rl.tsv.gz
113,279,SPM002.A0103.SG1.4.classified_gc_rl.tsv.gz
114,279,SPM002.A0103.SG1.4.classified_gc_rl.tsv.gz
115,255,SPM002.A0103.SG1.4.classified_gc_rl.tsv.gz
116,296,SPM002.A0103.SG1.4.classified_gc_rl.tsv.gz
117,280,SPM002.A0103.SG1.4.classified_gc_rl.tsv.gz
118,310,SPM002.A0103.SG1.4.classified_gc_rl.tsv.gz
119,302,SPM002.A0103.SG1.4.classified_gc_rl.tsv.gz
120,291,SPM002.A0103.SG1.4.classified_gc_rl.tsv.gz
121,282,SPM002.A0103.SG1.4.classified_gc_rl.tsv.gz
122,264,SPM002.A0103.SG1.4.classified_gc_rl.tsv.gz
123,266,SPM002.A0103.SG1.4.classified_gc_rl.tsv.gz
124,285,SPM002.A0103.SG1.4.classified_gc_rl.tsv.gz
125,246,SPM002.A0103.SG1.4.classified_gc_rl.tsv.gz
126,274,SPM002.A0103.SG1.4.classified_gc_rl.tsv.gz
127,262,SPM002.A0103.SG1.4.classified_gc_rl.tsv.gz
128,263,SPM002.A0103.SG1.4.classified_gc_rl.tsv.gz
129,246,SPM002.A0103.SG1.4.classified_gc_rl.tsv.gz
130,256,SPM002.A0103.SG1.4.classified_gc_rl.tsv.gz
131,233,SPM002.A0103.SG1.4.classified_gc_rl.tsv.gz
132,244,SPM002.A0103.SG1.4.classified_gc_rl.tsv.gz
133,240,SPM002.A0103.SG1.4.classified_gc_rl.tsv.gz
134,223,SPM002.A0103.SG1.4.classified_gc_rl.tsv.gz
135,225,SPM002.A0103.SG1.4.classified_gc_rl.tsv.gz
136,258,SPM002.A0103.SG1.4.classified_gc_rl.tsv.gz
137,301,SPM002.A0103.SG1.4.classified_gc_rl.tsv.gz
138,236,SPM002.A0103.SG1.4.classified_gc_rl.tsv.gz
139,277,SPM002.A0103.SG1.4.classified_gc_rl.tsv.gz
140,318,SPM002.A0103.SG1.4.classified_gc_rl.tsv.gz
141,206,SPM002.A0103.SG1.4.classified_gc_rl.tsv.gz
36,10203,VLD001.A0101.SG1.1.classified_gc_rl.tsv.gz
37,19676,VLD001.A0101.SG1.1.classified_gc_rl.tsv.gz
38,26560,VLD001.A0101.SG1.1.classified_gc_rl.tsv.gz
39,32504,VLD001.A0101.SG1.1.classified_gc_rl.tsv.gz
40,37456,VLD001.A0101.SG1.1.classified_gc_rl.tsv.gz
41,38390,VLD001.A0101.SG1.1.classified_gc_rl.tsv.gz
42,40344,VLD001.A0101.SG1.1.classified_gc_rl.tsv.gz
43,41128,VLD001.A0101.SG1.1.classified_gc_rl.tsv.gz
44,41734,VLD001.A0101.SG1.1.classified_gc_rl.tsv.gz
45,42296,VLD001.A0101.SG1.1.classified_gc_rl.tsv.gz
46,42928,VLD001.A0101.SG1.1.classified_gc_rl.tsv.gz
47,42429,VLD001.A0101.SG1.1.classified_gc_rl.tsv.gz
48,41420,VLD001.A0101.SG1.1.classified_gc_rl.tsv.gz
49,41581,VLD001.A0101.SG1.1.classified_gc_rl.tsv.gz
50,40404,VLD001.A0101.SG1.1.classified_gc_rl.tsv.gz
51,40487,VLD001.A0101.SG1.1.classified_gc_rl.tsv.gz
52,40658,VLD001.A0101.SG1.1.classified_gc_rl.tsv.gz
53,38877,VLD001.A0101.SG1.1.classified_gc_rl.tsv.gz
54,38685,VLD001.A0101.SG1.1.classified_gc_rl.tsv.gz
55,37399,VLD001.A0101.SG1.1.classified_gc_rl.tsv.gz
56,35748,VLD001.A0101.SG1.1.classified_gc_rl.tsv.gz
57,35399,VLD001.A0101.SG1.1.classified_gc_rl.tsv.gz
58,34458,VLD001.A0101.SG1.1.classified_gc_rl.tsv.gz
59,33105,VLD001.A0101.SG1.1.classified_gc_rl.tsv.gz
60,32737,VLD001.A0101.SG1.1.classified_gc_rl.tsv.gz
61,31179,VLD001.A0101.SG1.1.classified_gc_rl.tsv.gz
62,29371,VLD001.A0101.SG1.1.classified_gc_rl.tsv.gz
63,29240,VLD001.A0101.SG1.1.classified_gc_rl.tsv.gz
64,28265,VLD001.A0101.SG1.1.classified_gc_rl.tsv.gz
65,27492,VLD001.A0101.SG1.1.classified_gc_rl.tsv.gz
66,26599,VLD001.A0101.SG1.1.classified_gc_rl.tsv.gz
67,25816,VLD001.A0101.SG1.1.classified_gc_rl.tsv.gz
68,23945,VLD001.A0101.SG1.1.classified_gc_rl.tsv.gz
69,23499,VLD001.A0101.SG1.1.classified_gc_rl.tsv.gz
70,22777,VLD001.A0101.SG1.1.classified_gc_rl.tsv.gz
71,22230,VLD001.A0101.SG1.1.classified_gc_rl.tsv.gz
72,22431,VLD001.A0101.SG1.1.classified_gc_rl.tsv.gz
73,22638,VLD001.A0101.SG1.1.classified_gc_rl.tsv.gz
74,22329,VLD001.A0101.SG1.1.classified_gc_rl.tsv.gz
75,29860,VLD001.A0101.SG1.1.classified_gc_rl.tsv.gz
76,48752,VLD001.A0101.SG1.1.classified_gc_rl.tsv.gz
77,16708,VLD001.A0101.SG1.1.classified_gc_rl.tsv.gz
78,16332,VLD001.A0101.SG1.1.classified_gc_rl.tsv.gz
79,15584,VLD001.A0101.SG1.1.classified_gc_rl.tsv.gz
80,14917,VLD001.A0101.SG1.1.classified_gc_rl.tsv.gz
81,13802,VLD001.A0101.SG1.1.classified_gc_rl.tsv.gz
82,13438,VLD001.A0101.SG1.1.classified_gc_rl.tsv.gz
83,12710,VLD001.A0101.SG1.1.classified_gc_rl.tsv.gz
84,12575,VLD001.A0101.SG1.1.classified_gc_rl.tsv.gz
85,11889,VLD001.A0101.SG1.1.classified_gc_rl.tsv.gz
86,11456,VLD001.A0101.SG1.1.classified_gc_rl.tsv.gz
87,11202,VLD001.A0101.SG1.1.classified_gc_rl.tsv.gz
88,10444,VLD001.A0101.SG1.1.classified_gc_rl.tsv.gz
89,9926,VLD001.A0101.SG1.1.classified_gc_rl.tsv.gz
90,9818,VLD001.A0101.SG1.1.classified_gc_rl.tsv.gz
91,9293,VLD001.A0101.SG1.1.classified_gc_rl.tsv.gz
92,8931,VLD001.A0101.SG1.1.classified_gc_rl.tsv.gz
93,8600,VLD001.A0101.SG1.1.classified_gc_rl.tsv.gz
94,8061,VLD001.A0101.SG1.1.classified_gc_rl.tsv.gz
95,7635,VLD001.A0101.SG1.1.classified_gc_rl.tsv.gz
96,7387,VLD001.A0101.SG1.1.classified_gc_rl.tsv.gz
97,7107,VLD001.A0101.SG1.1.classified_gc_rl.tsv.gz
98,6833,VLD001.A0101.SG1.1.classified_gc_rl.tsv.gz
99,6540,VLD001.A0101.SG1.1.classified_gc_rl.tsv.gz
100,6426,VLD001.A0101.SG1.1.classified_gc_rl.tsv.gz
101,5704,VLD001.A0101.SG1.1.classified_gc_rl.tsv.gz
102,5539,VLD001.A0101.SG1.1.classified_gc_rl.tsv.gz
103,5408,VLD001.A0101.SG1.1.classified_gc_rl.tsv.gz
104,5145,VLD001.A0101.SG1.1.classified_gc_rl.tsv.gz
105,5031,VLD001.A0101.SG1.1.classified_gc_rl.tsv.gz
106,4710,VLD001.A0101.SG1.1.classified_gc_rl.tsv.gz
107,4527,VLD001.A0101.SG1.1.classified_gc_rl.tsv.gz
108,4364,VLD001.A0101.SG1.1.classified_gc_rl.tsv.gz
109,4010,VLD001.A0101.SG1.1.classified_gc_rl.tsv.gz
110,3950,VLD001.A0101.SG1.1.classified_gc_rl.tsv.gz
111,3855,VLD001.A0101.SG1.1.classified_gc_rl.tsv.gz
112,3679,VLD001.A0101.SG1.1.classified_gc_rl.tsv.gz
113,3505,VLD001.A0101.SG1.1.classified_gc_rl.tsv.gz
114,3348,VLD001.A0101.SG1.1.classified_gc_rl.tsv.gz
115,3148,VLD001.A0101.SG1.1.classified_gc_rl.tsv.gz
116,3058,VLD001.A0101.SG1.1.classified_gc_rl.tsv.gz
117,2868,VLD001.A0101.SG1.1.classified_gc_rl.tsv.gz
118,2843,VLD001.A0101.SG1.1.classified_gc_rl.tsv.gz
119,2728,VLD001.A0101.SG1.1.classified_gc_rl.tsv.gz
120,2586,VLD001.A0101.SG1.1.classified_gc_rl.tsv.gz
121,2482,VLD001.A0101.SG1.1.classified_gc_rl.tsv.gz
122,2419,VLD001.A0101.SG1.1.classified_gc_rl.tsv.gz
123,2290,VLD001.A0101.SG1.1.classified_gc_rl.tsv.gz
124,2096,VLD001.A0101.SG1.1.classified_gc_rl.tsv.gz
125,2054,VLD001.A0101.SG1.1.classified_gc_rl.tsv.gz
126,2136,VLD001.A0101.SG1.1.classified_gc_rl.tsv.gz
127,1882,VLD001.A0101.SG1.1.classified_gc_rl.tsv.gz
128,1782,VLD001.A0101.SG1.1.classified_gc_rl.tsv.gz
129,1711,VLD001.A0101.SG1.1.classified_gc_rl.tsv.gz
130,1662,VLD001.A0101.SG1.1.classified_gc_rl.tsv.gz
131,1576,VLD001.A0101.SG1.1.classified_gc_rl.tsv.gz
132,1549,VLD001.A0101.SG1.1.classified_gc_rl.tsv.gz
133,1477,VLD001.A0101.SG1.1.classified_gc_rl.tsv.gz
134,1419,VLD001.A0101.SG1.1.classified_gc_rl.tsv.gz
135,1367,VLD001.A0101.SG1.1.classified_gc_rl.tsv.gz
136,1306,VLD001.A0101.SG1.1.classified_gc_rl.tsv.gz
137,1220,VLD001.A0101.SG1.1.classified_gc_rl.tsv.gz
138,1189,VLD001.A0101.SG1.1.classified_gc_rl.tsv.gz
139,1143,VLD001.A0101.SG1.1.classified_gc_rl.tsv.gz
140,1215,VLD001.A0101.SG1.1.classified_gc_rl.tsv.gz
141,945,VLD001.A0101.SG1.1.classified_gc_rl.tsv.gz
36,13492,VLD001.A0102.SG1.2.classified_gc_rl.tsv.gz
37,23365,VLD001.A0102.SG1.2.classified_gc_rl.tsv.gz
38,30797,VLD001.A0102.SG1.2.classified_gc_rl.tsv.gz
39,34178,VLD001.A0102.SG1.2.classified_gc_rl.tsv.gz
40,38115,VLD001.A0102.SG1.2.classified_gc_rl.tsv.gz
41,38116,VLD001.A0102.SG1.2.classified_gc_rl.tsv.gz
42,36400,VLD001.A0102.SG1.2.classified_gc_rl.tsv.gz
43,35773,VLD001.A0102.SG1.2.classified_gc_rl.tsv.gz
44,35547,VLD001.A0102.SG1.2.classified_gc_rl.tsv.gz
45,33424,VLD001.A0102.SG1.2.classified_gc_rl.tsv.gz
46,32449,VLD001.A0102.SG1.2.classified_gc_rl.tsv.gz
47,31818,VLD001.A0102.SG1.2.classified_gc_rl.tsv.gz
48,28670,VLD001.A0102.SG1.2.classified_gc_rl.tsv.gz
49,27241,VLD001.A0102.SG1.2.classified_gc_rl.tsv.gz
50,26631,VLD001.A0102.SG1.2.classified_gc_rl.tsv.gz
51,24905,VLD001.A0102.SG1.2.classified_gc_rl.tsv.gz
52,23391,VLD001.A0102.SG1.2.classified_gc_rl.tsv.gz
53,22189,VLD001.A0102.SG1.2.classified_gc_rl.tsv.gz
54,20715,VLD001.A0102.SG1.2.classified_gc_rl.tsv.gz
55,19220,VLD001.A0102.SG1.2.classified_gc_rl.tsv.gz
56,18518,VLD001.A0102.SG1.2.classified_gc_rl.tsv.gz
57,16996,VLD001.A0102.SG1.2.classified_gc_rl.tsv.gz
58,16000,VLD001.A0102.SG1.2.classified_gc_rl.tsv.gz
59,15300,VLD001.A0102.SG1.2.classified_gc_rl.tsv.gz
60,14007,VLD001.A0102.SG1.2.classified_gc_rl.tsv.gz
61,12916,VLD001.A0102.SG1.2.classified_gc_rl.tsv.gz
62,12479,VLD001.A0102.SG1.2.classified_gc_rl.tsv.gz
63,11129,VLD001.A0102.SG1.2.classified_gc_rl.tsv.gz
64,10582,VLD001.A0102.SG1.2.classified_gc_rl.tsv.gz
65,10367,VLD001.A0102.SG1.2.classified_gc_rl.tsv.gz
66,9264,VLD001.A0102.SG1.2.classified_gc_rl.tsv.gz
67,8627,VLD001.A0102.SG1.2.classified_gc_rl.tsv.gz
68,8210,VLD001.A0102.SG1.2.classified_gc_rl.tsv.gz
69,7419,VLD001.A0102.SG1.2.classified_gc_rl.tsv.gz
70,7080,VLD001.A0102.SG1.2.classified_gc_rl.tsv.gz
71,6728,VLD001.A0102.SG1.2.classified_gc_rl.tsv.gz
72,6381,VLD001.A0102.SG1.2.classified_gc_rl.tsv.gz
73,6389,VLD001.A0102.SG1.2.classified_gc_rl.tsv.gz
74,5730,VLD001.A0102.SG1.2.classified_gc_rl.tsv.gz
75,5267,VLD001.A0102.SG1.2.classified_gc_rl.tsv.gz
76,10407,VLD001.A0102.SG1.2.classified_gc_rl.tsv.gz
77,4451,VLD001.A0102.SG1.2.classified_gc_rl.tsv.gz
78,3940,VLD001.A0102.SG1.2.classified_gc_rl.tsv.gz
79,3746,VLD001.A0102.SG1.2.classified_gc_rl.tsv.gz
80,3560,VLD001.A0102.SG1.2.classified_gc_rl.tsv.gz
81,3170,VLD001.A0102.SG1.2.classified_gc_rl.tsv.gz
82,2999,VLD001.A0102.SG1.2.classified_gc_rl.tsv.gz
83,2798,VLD001.A0102.SG1.2.classified_gc_rl.tsv.gz
84,2639,VLD001.A0102.SG1.2.classified_gc_rl.tsv.gz
85,2480,VLD001.A0102.SG1.2.classified_gc_rl.tsv.gz
86,2412,VLD001.A0102.SG1.2.classified_gc_rl.tsv.gz
87,2186,VLD001.A0102.SG1.2.classified_gc_rl.tsv.gz
88,1933,VLD001.A0102.SG1.2.classified_gc_rl.tsv.gz
89,1847,VLD001.A0102.SG1.2.classified_gc_rl.tsv.gz
90,1810,VLD001.A0102.SG1.2.classified_gc_rl.tsv.gz
91,1658,VLD001.A0102.SG1.2.classified_gc_rl.tsv.gz
92,1580,VLD001.A0102.SG1.2.classified_gc_rl.tsv.gz
93,1456,VLD001.A0102.SG1.2.classified_gc_rl.tsv.gz
94,1375,VLD001.A0102.SG1.2.classified_gc_rl.tsv.gz
95,1384,VLD001.A0102.SG1.2.classified_gc_rl.tsv.gz
96,1149,VLD001.A0102.SG1.2.classified_gc_rl.tsv.gz
97,1128,VLD001.A0102.SG1.2.classified_gc_rl.tsv.gz
98,1066,VLD001.A0102.SG1.2.classified_gc_rl.tsv.gz
99,1006,VLD001.A0102.SG1.2.classified_gc_rl.tsv.gz
100,1002,VLD001.A0102.SG1.2.classified_gc_rl.tsv.gz
101,843,VLD001.A0102.SG1.2.classified_gc_rl.tsv.gz
102,788,VLD001.A0102.SG1.2.classified_gc_rl.tsv.gz
103,740,VLD001.A0102.SG1.2.classified_gc_rl.tsv.gz
104,758,VLD001.A0102.SG1.2.classified_gc_rl.tsv.gz
105,733,VLD001.A0102.SG1.2.classified_gc_rl.tsv.gz
106,657,VLD001.A0102.SG1.2.classified_gc_rl.tsv.gz
107,634,VLD001.A0102.SG1.2.classified_gc_rl.tsv.gz
108,562,VLD001.A0102.SG1.2.classified_gc_rl.tsv.gz
109,520,VLD001.A0102.SG1.2.classified_gc_rl.tsv.gz
110,480,VLD001.A0102.SG1.2.classified_gc_rl.tsv.gz
111,425,VLD001.A0102.SG1.2.classified_gc_rl.tsv.gz
112,442,VLD001.A0102.SG1.2.classified_gc_rl.tsv.gz
113,400,VLD001.A0102.SG1.2.classified_gc_rl.tsv.gz
114,427,VLD001.A0102.SG1.2.classified_gc_rl.tsv.gz
115,426,VLD001.A0102.SG1.2.classified_gc_rl.tsv.gz
116,349,VLD001.A0102.SG1.2.classified_gc_rl.tsv.gz
117,354,VLD001.A0102.SG1.2.classified_gc_rl.tsv.gz
118,320,VLD001.A0102.SG1.2.classified_gc_rl.tsv.gz
119,329,VLD001.A0102.SG1.2.classified_gc_rl.tsv.gz
120,308,VLD001.A0102.SG1.2.classified_gc_rl.tsv.gz
121,287,VLD001.A0102.SG1.2.classified_gc_rl.tsv.gz
122,281,VLD001.A0102.SG1.2.classified_gc_rl.tsv.gz
123,255,VLD001.A0102.SG1.2.classified_gc_rl.tsv.gz
124,232,VLD001.A0102.SG1.2.classified_gc_rl.tsv.gz
125,245,VLD001.A0102.SG1.2.classified_gc_rl.tsv.gz
126,190,VLD001.A0102.SG1.2.classified_gc_rl.tsv.gz
127,217,VLD001.A0102.SG1.2.classified_gc_rl.tsv.gz
128,219,VLD001.A0102.SG1.2.classified_gc_rl.tsv.gz
129,177,VLD001.A0102.SG1.2.classified_gc_rl.tsv.gz
130,191,VLD001.A0102.SG1.2.classified_gc_rl.tsv.gz
131,180,VLD001.A0102.SG1.2.classified_gc_rl.tsv.gz
132,162,VLD001.A0102.SG1.2.classified_gc_rl.tsv.gz
133,149,VLD001.A0102.SG1.2.classified_gc_rl.tsv.gz
134,170,VLD001.A0102.SG1.2.classified_gc_rl.tsv.gz
135,135,VLD001.A0102.SG1.2.classified_gc_rl.tsv.gz
136,142,VLD001.A0102.SG1.2.classified_gc_rl.tsv.gz
137,138,VLD001.A0102.SG1.2.classified_gc_rl.tsv.gz
138,111,VLD001.A0102.SG1.2.classified_gc_rl.tsv.gz
139,115,VLD001.A0102.SG1.2.classified_gc_rl.tsv.gz
140,101,VLD001.A0102.SG1.2.classified_gc_rl.tsv.gz
141,106,VLD001.A0102.SG1.2.classified_gc_rl.tsv.gz
36,7391,ZAF001.A0101.SG1.1.classified_gc_rl.tsv.gz
37,14305,ZAF001.A0101.SG1.1.classified_gc_rl.tsv.gz
38,18002,ZAF001.A0101.SG1.1.classified_gc_rl.tsv.gz
39,21779,ZAF001.A0101.SG1.1.classified_gc_rl.tsv.gz
40,24533,ZAF001.A0101.SG1.1.classified_gc_rl.tsv.gz
41,25064,ZAF001.A0101.SG1.1.classified_gc_rl.tsv.gz
42,25717,ZAF001.A0101.SG1.1.classified_gc_rl.tsv.gz
43,25607,ZAF001.A0101.SG1.1.classified_gc_rl.tsv.gz
44,25834,ZAF001.A0101.SG1.1.classified_gc_rl.tsv.gz
45,25754,ZAF001.A0101.SG1.1.classified_gc_rl.tsv.gz
46,24742,ZAF001.A0101.SG1.1.classified_gc_rl.tsv.gz
47,24658,ZAF001.A0101.SG1.1.classified_gc_rl.tsv.gz
48,24304,ZAF001.A0101.SG1.1.classified_gc_rl.tsv.gz
49,24347,ZAF001.A0101.SG1.1.classified_gc_rl.tsv.gz
50,23868,ZAF001.A0101.SG1.1.classified_gc_rl.tsv.gz
51,23514,ZAF001.A0101.SG1.1.classified_gc_rl.tsv.gz
52,22347,ZAF001.A0101.SG1.1.classified_gc_rl.tsv.gz
53,22745,ZAF001.A0101.SG1.1.classified_gc_rl.tsv.gz
54,21981,ZAF001.A0101.SG1.1.classified_gc_rl.tsv.gz
55,21102,ZAF001.A0101.SG1.1.classified_gc_rl.tsv.gz
56,20647,ZAF001.A0101.SG1.1.classified_gc_rl.tsv.gz
57,20301,ZAF001.A0101.SG1.1.classified_gc_rl.tsv.gz
58,19298,ZAF001.A0101.SG1.1.classified_gc_rl.tsv.gz
59,19065,ZAF001.A0101.SG1.1.classified_gc_rl.tsv.gz
60,18753,ZAF001.A0101.SG1.1.classified_gc_rl.tsv.gz
61,17872,ZAF001.A0101.SG1.1.classified_gc_rl.tsv.gz
62,16787,ZAF001.A0101.SG1.1.classified_gc_rl.tsv.gz
63,17160,ZAF001.A0101.SG1.1.classified_gc_rl.tsv.gz
64,16587,ZAF001.A0101.SG1.1.classified_gc_rl.tsv.gz
65,16160,ZAF001.A0101.SG1.1.classified_gc_rl.tsv.gz
66,15664,ZAF001.A0101.SG1.1.classified_gc_rl.tsv.gz
67,15178,ZAF001.A0101.SG1.1.classified_gc_rl.tsv.gz
68,14470,ZAF001.A0101.SG1.1.classified_gc_rl.tsv.gz
69,13954,ZAF001.A0101.SG1.1.classified_gc_rl.tsv.gz
70,13836,ZAF001.A0101.SG1.1.classified_gc_rl.tsv.gz
71,13722,ZAF001.A0101.SG1.1.classified_gc_rl.tsv.gz
72,15129,ZAF001.A0101.SG1.1.classified_gc_rl.tsv.gz
73,17213,ZAF001.A0101.SG1.1.classified_gc_rl.tsv.gz
74,18970,ZAF001.A0101.SG1.1.classified_gc_rl.tsv.gz
75,39096,ZAF001.A0101.SG1.1.classified_gc_rl.tsv.gz
76,85878,ZAF001.A0101.SG1.1.classified_gc_rl.tsv.gz
77,10552,ZAF001.A0101.SG1.1.classified_gc_rl.tsv.gz
78,10683,ZAF001.A0101.SG1.1.classified_gc_rl.tsv.gz
79,10277,ZAF001.A0101.SG1.1.classified_gc_rl.tsv.gz
80,9731,ZAF001.A0101.SG1.1.classified_gc_rl.tsv.gz
81,9288,ZAF001.A0101.SG1.1.classified_gc_rl.tsv.gz
82,8800,ZAF001.A0101.SG1.1.classified_gc_rl.tsv.gz
83,8685,ZAF001.A0101.SG1.1.classified_gc_rl.tsv.gz
84,8382,ZAF001.A0101.SG1.1.classified_gc_rl.tsv.gz
85,8283,ZAF001.A0101.SG1.1.classified_gc_rl.tsv.gz
86,7744,ZAF001.A0101.SG1.1.classified_gc_rl.tsv.gz
87,7633,ZAF001.A0101.SG1.1.classified_gc_rl.tsv.gz
88,7490,ZAF001.A0101.SG1.1.classified_gc_rl.tsv.gz
89,7213,ZAF001.A0101.SG1.1.classified_gc_rl.tsv.gz
90,7006,ZAF001.A0101.SG1.1.classified_gc_rl.tsv.gz
91,6685,ZAF001.A0101.SG1.1.classified_gc_rl.tsv.gz
92,6599,ZAF001.A0101.SG1.1.classified_gc_rl.tsv.gz
93,6551,ZAF001.A0101.SG1.1.classified_gc_rl.tsv.gz
94,6112,ZAF001.A0101.SG1.1.classified_gc_rl.tsv.gz
95,6110,ZAF001.A0101.SG1.1.classified_gc_rl.tsv.gz
96,5844,ZAF001.A0101.SG1.1.classified_gc_rl.tsv.gz
97,5735,ZAF001.A0101.SG1.1.classified_gc_rl.tsv.gz
98,5462,ZAF001.A0101.SG1.1.classified_gc_rl.tsv.gz
99,5314,ZAF001.A0101.SG1.1.classified_gc_rl.tsv.gz
100,5425,ZAF001.A0101.SG1.1.classified_gc_rl.tsv.gz
101,4955,ZAF001.A0101.SG1.1.classified_gc_rl.tsv.gz
102,4660,ZAF001.A0101.SG1.1.classified_gc_rl.tsv.gz
103,4796,ZAF001.A0101.SG1.1.classified_gc_rl.tsv.gz
104,4484,ZAF001.A0101.SG1.1.classified_gc_rl.tsv.gz
105,4377,ZAF001.A0101.SG1.1.classified_gc_rl.tsv.gz
106,4328,ZAF001.A0101.SG1.1.classified_gc_rl.tsv.gz
107,4249,ZAF001.A0101.SG1.1.classified_gc_rl.tsv.gz
108,4025,ZAF001.A0101.SG1.1.classified_gc_rl.tsv.gz
109,4000,ZAF001.A0101.SG1.1.classified_gc_rl.tsv.gz
110,3909,ZAF001.A0101.SG1.1.classified_gc_rl.tsv.gz
111,3773,ZAF001.A0101.SG1.1.classified_gc_rl.tsv.gz
112,3584,ZAF001.A0101.SG1.1.classified_gc_rl.tsv.gz
113,3557,ZAF001.A0101.SG1.1.classified_gc_rl.tsv.gz
114,3436,ZAF001.A0101.SG1.1.classified_gc_rl.tsv.gz
115,3310,ZAF001.A0101.SG1.1.classified_gc_rl.tsv.gz
116,3194,ZAF001.A0101.SG1.1.classified_gc_rl.tsv.gz
117,3133,ZAF001.A0101.SG1.1.classified_gc_rl.tsv.gz
118,3057,ZAF001.A0101.SG1.1.classified_gc_rl.tsv.gz
119,2900,ZAF001.A0101.SG1.1.classified_gc_rl.tsv.gz
120,2953,ZAF001.A0101.SG1.1.classified_gc_rl.tsv.gz
121,2854,ZAF001.A0101.SG1.1.classified_gc_rl.tsv.gz
122,2848,ZAF001.A0101.SG1.1.classified_gc_rl.tsv.gz
123,2738,ZAF001.A0101.SG1.1.classified_gc_rl.tsv.gz
124,2571,ZAF001.A0101.SG1.1.classified_gc_rl.tsv.gz
125,2518,ZAF001.A0101.SG1.1.classified_gc_rl.tsv.gz
126,2556,ZAF001.A0101.SG1.1.classified_gc_rl.tsv.gz
127,2399,ZAF001.A0101.SG1.1.classified_gc_rl.tsv.gz
128,2302,ZAF001.A0101.SG1.1.classified_gc_rl.tsv.gz
129,2178,ZAF001.A0101.SG1.1.classified_gc_rl.tsv.gz
130,2219,ZAF001.A0101.SG1.1.classified_gc_rl.tsv.gz
131,2256,ZAF001.A0101.SG1.1.classified_gc_rl.tsv.gz
132,2084,ZAF001.A0101.SG1.1.classified_gc_rl.tsv.gz
133,2092,ZAF001.A0101.SG1.1.classified_gc_rl.tsv.gz
134,2071,ZAF001.A0101.SG1.1.classified_gc_rl.tsv.gz
135,1987,ZAF001.A0101.SG1.1.classified_gc_rl.tsv.gz
136,2021,ZAF001.A0101.SG1.1.classified_gc_rl.tsv.gz
137,1979,ZAF001.A0101.SG1.1.classified_gc_rl.tsv.gz
138,1815,ZAF001.A0101.SG1.1.classified_gc_rl.tsv.gz
139,1798,ZAF001.A0101.SG1.1.classified_gc_rl.tsv.gz
140,1850,ZAF001.A0101.SG1.1.classified_gc_rl.tsv.gz
141,1636,ZAF001.A0101.SG1.1.classified_gc_rl.tsv.gz
36,5324,ZAF001.A0103.SG1.4.classified_gc_rl.tsv.gz
37,8843,ZAF001.A0103.SG1.4.classified_gc_rl.tsv.gz
38,10916,ZAF001.A0103.SG1.4.classified_gc_rl.tsv.gz
39,12581,ZAF001.A0103.SG1.4.classified_gc_rl.tsv.gz
40,13207,ZAF001.A0103.SG1.4.classified_gc_rl.tsv.gz
41,12807,ZAF001.A0103.SG1.4.classified_gc_rl.tsv.gz
42,12468,ZAF001.A0103.SG1.4.classified_gc_rl.tsv.gz
43,12159,ZAF001.A0103.SG1.4.classified_gc_rl.tsv.gz
44,11582,ZAF001.A0103.SG1.4.classified_gc_rl.tsv.gz
45,11259,ZAF001.A0103.SG1.4.classified_gc_rl.tsv.gz
46,10568,ZAF001.A0103.SG1.4.classified_gc_rl.tsv.gz
47,10051,ZAF001.A0103.SG1.4.classified_gc_rl.tsv.gz
48,9538,ZAF001.A0103.SG1.4.classified_gc_rl.tsv.gz
49,9101,ZAF001.A0103.SG1.4.classified_gc_rl.tsv.gz
50,8325,ZAF001.A0103.SG1.4.classified_gc_rl.tsv.gz
51,8080,ZAF001.A0103.SG1.4.classified_gc_rl.tsv.gz
52,7303,ZAF001.A0103.SG1.4.classified_gc_rl.tsv.gz
53,6995,ZAF001.A0103.SG1.4.classified_gc_rl.tsv.gz
54,6632,ZAF001.A0103.SG1.4.classified_gc_rl.tsv.gz
55,6258,ZAF001.A0103.SG1.4.classified_gc_rl.tsv.gz
56,5846,ZAF001.A0103.SG1.4.classified_gc_rl.tsv.gz
57,5562,ZAF001.A0103.SG1.4.classified_gc_rl.tsv.gz
58,5190,ZAF001.A0103.SG1.4.classified_gc_rl.tsv.gz
59,4820,ZAF001.A0103.SG1.4.classified_gc_rl.tsv.gz
60,4572,ZAF001.A0103.SG1.4.classified_gc_rl.tsv.gz
61,4397,ZAF001.A0103.SG1.4.classified_gc_rl.tsv.gz
62,4019,ZAF001.A0103.SG1.4.classified_gc_rl.tsv.gz
63,3755,ZAF001.A0103.SG1.4.classified_gc_rl.tsv.gz
64,3666,ZAF001.A0103.SG1.4.classified_gc_rl.tsv.gz
65,3396,ZAF001.A0103.SG1.4.classified_gc_rl.tsv.gz
66,3224,ZAF001.A0103.SG1.4.classified_gc_rl.tsv.gz
67,3050,ZAF001.A0103.SG1.4.classified_gc_rl.tsv.gz
68,2808,ZAF001.A0103.SG1.4.classified_gc_rl.tsv.gz
69,2657,ZAF001.A0103.SG1.4.classified_gc_rl.tsv.gz
70,2519,ZAF001.A0103.SG1.4.classified_gc_rl.tsv.gz
71,2434,ZAF001.A0103.SG1.4.classified_gc_rl.tsv.gz
72,2607,ZAF001.A0103.SG1.4.classified_gc_rl.tsv.gz
73,3098,ZAF001.A0103.SG1.4.classified_gc_rl.tsv.gz
74,2260,ZAF001.A0103.SG1.4.classified_gc_rl.tsv.gz
75,2633,ZAF001.A0103.SG1.4.classified_gc_rl.tsv.gz
76,9437,ZAF001.A0103.SG1.4.classified_gc_rl.tsv.gz
77,1757,ZAF001.A0103.SG1.4.classified_gc_rl.tsv.gz
78,1611,ZAF001.A0103.SG1.4.classified_gc_rl.tsv.gz
79,1511,ZAF001.A0103.SG1.4.classified_gc_rl.tsv.gz
80,1392,ZAF001.A0103.SG1.4.classified_gc_rl.tsv.gz
81,1363,ZAF001.A0103.SG1.4.classified_gc_rl.tsv.gz
82,1285,ZAF001.A0103.SG1.4.classified_gc_rl.tsv.gz
83,1250,ZAF001.A0103.SG1.4.classified_gc_rl.tsv.gz
84,1158,ZAF001.A0103.SG1.4.classified_gc_rl.tsv.gz
85,1050,ZAF001.A0103.SG1.4.classified_gc_rl.tsv.gz
86,1066,ZAF001.A0103.SG1.4.classified_gc_rl.tsv.gz
87,1050,ZAF001.A0103.SG1.4.classified_gc_rl.tsv.gz
88,927,ZAF001.A0103.SG1.4.classified_gc_rl.tsv.gz
89,921,ZAF001.A0103.SG1.4.classified_gc_rl.tsv.gz
90,891,ZAF001.A0103.SG1.4.classified_gc_rl.tsv.gz
91,785,ZAF001.A0103.SG1.4.classified_gc_rl.tsv.gz
92,772,ZAF001.A0103.SG1.4.classified_gc_rl.tsv.gz
93,739,ZAF001.A0103.SG1.4.classified_gc_rl.tsv.gz
94,721,ZAF001.A0103.SG1.4.classified_gc_rl.tsv.gz
95,686,ZAF001.A0103.SG1.4.classified_gc_rl.tsv.gz
96,670,ZAF001.A0103.SG1.4.classified_gc_rl.tsv.gz
97,585,ZAF001.A0103.SG1.4.classified_gc_rl.tsv.gz
98,617,ZAF001.A0103.SG1.4.classified_gc_rl.tsv.gz
99,597,ZAF001.A0103.SG1.4.classified_gc_rl.tsv.gz
100,551,ZAF001.A0103.SG1.4.classified_gc_rl.tsv.gz
101,562,ZAF001.A0103.SG1.4.classified_gc_rl.tsv.gz
102,470,ZAF001.A0103.SG1.4.classified_gc_rl.tsv.gz
103,504,ZAF001.A0103.SG1.4.classified_gc_rl.tsv.gz
104,478,ZAF001.A0103.SG1.4.classified_gc_rl.tsv.gz
105,461,ZAF001.A0103.SG1.4.classified_gc_rl.tsv.gz
106,456,ZAF001.A0103.SG1.4.classified_gc_rl.tsv.gz
107,422,ZAF001.A0103.SG1.4.classified_gc_rl.tsv.gz
108,409,ZAF001.A0103.SG1.4.classified_gc_rl.tsv.gz
109,374,ZAF001.A0103.SG1.4.classified_gc_rl.tsv.gz
110,405,ZAF001.A0103.SG1.4.classified_gc_rl.tsv.gz
111,380,ZAF001.A0103.SG1.4.classified_gc_rl.tsv.gz
112,332,ZAF001.A0103.SG1.4.classified_gc_rl.tsv.gz
113,327,ZAF001.A0103.SG1.4.classified_gc_rl.tsv.gz
114,315,ZAF001.A0103.SG1.4.classified_gc_rl.tsv.gz
115,283,ZAF001.A0103.SG1.4.classified_gc_rl.tsv.gz
116,311,ZAF001.A0103.SG1.4.classified_gc_rl.tsv.gz
117,295,ZAF001.A0103.SG1.4.classified_gc_rl.tsv.gz
118,255,ZAF001.A0103.SG1.4.classified_gc_rl.tsv.gz
119,276,ZAF001.A0103.SG1.4.classified_gc_rl.tsv.gz
120,244,ZAF001.A0103.SG1.4.classified_gc_rl.tsv.gz
121,241,ZAF001.A0103.SG1.4.classified_gc_rl.tsv.gz
122,243,ZAF001.A0103.SG1.4.classified_gc_rl.tsv.gz
123,238,ZAF001.A0103.SG1.4.classified_gc_rl.tsv.gz
124,216,ZAF001.A0103.SG1.4.classified_gc_rl.tsv.gz
125,206,ZAF001.A0103.SG1.4.classified_gc_rl.tsv.gz
126,218,ZAF001.A0103.SG1.4.classified_gc_rl.tsv.gz
127,189,ZAF001.A0103.SG1.4.classified_gc_rl.tsv.gz
128,210,ZAF001.A0103.SG1.4.classified_gc_rl.tsv.gz
129,194,ZAF001.A0103.SG1.4.classified_gc_rl.tsv.gz
130,210,ZAF001.A0103.SG1.4.classified_gc_rl.tsv.gz
131,205,ZAF001.A0103.SG1.4.classified_gc_rl.tsv.gz
132,153,ZAF001.A0103.SG1.4.classified_gc_rl.tsv.gz
133,176,ZAF001.A0103.SG1.4.classified_gc_rl.tsv.gz
134,197,ZAF001.A0103.SG1.4.classified_gc_rl.tsv.gz
135,174,ZAF001.A0103.SG1.4.classified_gc_rl.tsv.gz
136,186,ZAF001.A0103.SG1.4.classified_gc_rl.tsv.gz
137,138,ZAF001.A0103.SG1.4.classified_gc_rl.tsv.gz
138,149,ZAF001.A0103.SG1.4.classified_gc_rl.tsv.gz
139,153,ZAF001.A0103.SG1.4.classified_gc_rl.tsv.gz
140,176,ZAF001.A0103.SG1.4.classified_gc_rl.tsv.gz
141,139,ZAF001.A0103.SG1.4.classified_gc_rl.tsv.gz
