Length,counts_length,Study
36,7,BAN001.A0101.SG1.1.oral_gc_rl.tsv.gz
37,11,BAN001.A0101.SG1.1.oral_gc_rl.tsv.gz
38,11,BAN001.A0101.SG1.1.oral_gc_rl.tsv.gz
39,10,BAN001.A0101.SG1.1.oral_gc_rl.tsv.gz
40,10,BAN001.A0101.SG1.1.oral_gc_rl.tsv.gz
41,12,BAN001.A0101.SG1.1.oral_gc_rl.tsv.gz
42,21,BAN001.A0101.SG1.1.oral_gc_rl.tsv.gz
43,10,BAN001.A0101.SG1.1.oral_gc_rl.tsv.gz
44,10,BAN001.A0101.SG1.1.oral_gc_rl.tsv.gz
45,16,BAN001.A0101.SG1.1.oral_gc_rl.tsv.gz
46,15,BAN001.A0101.SG1.1.oral_gc_rl.tsv.gz
47,13,BAN001.A0101.SG1.1.oral_gc_rl.tsv.gz
48,21,BAN001.A0101.SG1.1.oral_gc_rl.tsv.gz
49,27,BAN001.A0101.SG1.1.oral_gc_rl.tsv.gz
50,13,BAN001.A0101.SG1.1.oral_gc_rl.tsv.gz
51,12,BAN001.A0101.SG1.1.oral_gc_rl.tsv.gz
52,19,BAN001.A0101.SG1.1.oral_gc_rl.tsv.gz
53,8,BAN001.A0101.SG1.1.oral_gc_rl.tsv.gz
54,16,BAN001.A0101.SG1.1.oral_gc_rl.tsv.gz
55,7,BAN001.A0101.SG1.1.oral_gc_rl.tsv.gz
56,15,BAN001.A0101.SG1.1.oral_gc_rl.tsv.gz
57,15,BAN001.A0101.SG1.1.oral_gc_rl.tsv.gz
58,19,BAN001.A0101.SG1.1.oral_gc_rl.tsv.gz
59,12,BAN001.A0101.SG1.1.oral_gc_rl.tsv.gz
60,14,BAN001.A0101.SG1.1.oral_gc_rl.tsv.gz
61,17,BAN001.A0101.SG1.1.oral_gc_rl.tsv.gz
62,15,BAN001.A0101.SG1.1.oral_gc_rl.tsv.gz
63,15,BAN001.A0101.SG1.1.oral_gc_rl.tsv.gz
64,6,BAN001.A0101.SG1.1.oral_gc_rl.tsv.gz
65,9,BAN001.A0101.SG1.1.oral_gc_rl.tsv.gz
66,6,BAN001.A0101.SG1.1.oral_gc_rl.tsv.gz
67,10,BAN001.A0101.SG1.1.oral_gc_rl.tsv.gz
68,6,BAN001.A0101.SG1.1.oral_gc_rl.tsv.gz
69,14,BAN001.A0101.SG1.1.oral_gc_rl.tsv.gz
70,5,BAN001.A0101.SG1.1.oral_gc_rl.tsv.gz
71,9,BAN001.A0101.SG1.1.oral_gc_rl.tsv.gz
72,12,BAN001.A0101.SG1.1.oral_gc_rl.tsv.gz
73,11,BAN001.A0101.SG1.1.oral_gc_rl.tsv.gz
74,8,BAN001.A0101.SG1.1.oral_gc_rl.tsv.gz
75,12,BAN001.A0101.SG1.1.oral_gc_rl.tsv.gz
76,35,BAN001.A0101.SG1.1.oral_gc_rl.tsv.gz
77,5,BAN001.A0101.SG1.1.oral_gc_rl.tsv.gz
78,8,BAN001.A0101.SG1.1.oral_gc_rl.tsv.gz
79,5,BAN001.A0101.SG1.1.oral_gc_rl.tsv.gz
80,10,BAN001.A0101.SG1.1.oral_gc_rl.tsv.gz
81,3,BAN001.A0101.SG1.1.oral_gc_rl.tsv.gz
82,12,BAN001.A0101.SG1.1.oral_gc_rl.tsv.gz
83,6,BAN001.A0101.SG1.1.oral_gc_rl.tsv.gz
84,4,BAN001.A0101.SG1.1.oral_gc_rl.tsv.gz
85,2,BAN001.A0101.SG1.1.oral_gc_rl.tsv.gz
86,3,BAN001.A0101.SG1.1.oral_gc_rl.tsv.gz
87,3,BAN001.A0101.SG1.1.oral_gc_rl.tsv.gz
88,3,BAN001.A0101.SG1.1.oral_gc_rl.tsv.gz
89,3,BAN001.A0101.SG1.1.oral_gc_rl.tsv.gz
90,4,BAN001.A0101.SG1.1.oral_gc_rl.tsv.gz
91,3,BAN001.A0101.SG1.1.oral_gc_rl.tsv.gz
92,5,BAN001.A0101.SG1.1.oral_gc_rl.tsv.gz
93,5,BAN001.A0101.SG1.1.oral_gc_rl.tsv.gz
94,1,BAN001.A0101.SG1.1.oral_gc_rl.tsv.gz
95,3,BAN001.A0101.SG1.1.oral_gc_rl.tsv.gz
96,4,BAN001.A0101.SG1.1.oral_gc_rl.tsv.gz
97,3,BAN001.A0101.SG1.1.oral_gc_rl.tsv.gz
98,5,BAN001.A0101.SG1.1.oral_gc_rl.tsv.gz
99,4,BAN001.A0101.SG1.1.oral_gc_rl.tsv.gz
100,2,BAN001.A0101.SG1.1.oral_gc_rl.tsv.gz
101,3,BAN001.A0101.SG1.1.oral_gc_rl.tsv.gz
102,3,BAN001.A0101.SG1.1.oral_gc_rl.tsv.gz
103,4,BAN001.A0101.SG1.1.oral_gc_rl.tsv.gz
104,3,BAN001.A0101.SG1.1.oral_gc_rl.tsv.gz
105,2,BAN001.A0101.SG1.1.oral_gc_rl.tsv.gz
106,1,BAN001.A0101.SG1.1.oral_gc_rl.tsv.gz
107,1,BAN001.A0101.SG1.1.oral_gc_rl.tsv.gz
108,1,BAN001.A0101.SG1.1.oral_gc_rl.tsv.gz
109,5,BAN001.A0101.SG1.1.oral_gc_rl.tsv.gz
110,3,BAN001.A0101.SG1.1.oral_gc_rl.tsv.gz
111,3,BAN001.A0101.SG1.1.oral_gc_rl.tsv.gz
112,1,BAN001.A0101.SG1.1.oral_gc_rl.tsv.gz
114,2,BAN001.A0101.SG1.1.oral_gc_rl.tsv.gz
115,2,BAN001.A0101.SG1.1.oral_gc_rl.tsv.gz
117,1,BAN001.A0101.SG1.1.oral_gc_rl.tsv.gz
118,2,BAN001.A0101.SG1.1.oral_gc_rl.tsv.gz
119,1,BAN001.A0101.SG1.1.oral_gc_rl.tsv.gz
121,2,BAN001.A0101.SG1.1.oral_gc_rl.tsv.gz
123,1,BAN001.A0101.SG1.1.oral_gc_rl.tsv.gz
126,3,BAN001.A0101.SG1.1.oral_gc_rl.tsv.gz
129,1,BAN001.A0101.SG1.1.oral_gc_rl.tsv.gz
130,2,BAN001.A0101.SG1.1.oral_gc_rl.tsv.gz
135,2,BAN001.A0101.SG1.1.oral_gc_rl.tsv.gz
139,1,BAN001.A0101.SG1.1.oral_gc_rl.tsv.gz
36,23,BAN001.A0102.SG1.4.oral_gc_rl.tsv.gz
37,35,BAN001.A0102.SG1.4.oral_gc_rl.tsv.gz
38,46,BAN001.A0102.SG1.4.oral_gc_rl.tsv.gz
39,52,BAN001.A0102.SG1.4.oral_gc_rl.tsv.gz
40,49,BAN001.A0102.SG1.4.oral_gc_rl.tsv.gz
41,53,BAN001.A0102.SG1.4.oral_gc_rl.tsv.gz
42,51,BAN001.A0102.SG1.4.oral_gc_rl.tsv.gz
43,38,BAN001.A0102.SG1.4.oral_gc_rl.tsv.gz
44,43,BAN001.A0102.SG1.4.oral_gc_rl.tsv.gz
45,48,BAN001.A0102.SG1.4.oral_gc_rl.tsv.gz
46,43,BAN001.A0102.SG1.4.oral_gc_rl.tsv.gz
47,39,BAN001.A0102.SG1.4.oral_gc_rl.tsv.gz
48,39,BAN001.A0102.SG1.4.oral_gc_rl.tsv.gz
49,31,BAN001.A0102.SG1.4.oral_gc_rl.tsv.gz
50,38,BAN001.A0102.SG1.4.oral_gc_rl.tsv.gz
51,21,BAN001.A0102.SG1.4.oral_gc_rl.tsv.gz
52,22,BAN001.A0102.SG1.4.oral_gc_rl.tsv.gz
53,26,BAN001.A0102.SG1.4.oral_gc_rl.tsv.gz
54,20,BAN001.A0102.SG1.4.oral_gc_rl.tsv.gz
55,26,BAN001.A0102.SG1.4.oral_gc_rl.tsv.gz
56,8,BAN001.A0102.SG1.4.oral_gc_rl.tsv.gz
57,19,BAN001.A0102.SG1.4.oral_gc_rl.tsv.gz
58,15,BAN001.A0102.SG1.4.oral_gc_rl.tsv.gz
59,24,BAN001.A0102.SG1.4.oral_gc_rl.tsv.gz
60,18,BAN001.A0102.SG1.4.oral_gc_rl.tsv.gz
61,16,BAN001.A0102.SG1.4.oral_gc_rl.tsv.gz
62,18,BAN001.A0102.SG1.4.oral_gc_rl.tsv.gz
63,11,BAN001.A0102.SG1.4.oral_gc_rl.tsv.gz
64,9,BAN001.A0102.SG1.4.oral_gc_rl.tsv.gz
65,8,BAN001.A0102.SG1.4.oral_gc_rl.tsv.gz
66,7,BAN001.A0102.SG1.4.oral_gc_rl.tsv.gz
67,11,BAN001.A0102.SG1.4.oral_gc_rl.tsv.gz
68,7,BAN001.A0102.SG1.4.oral_gc_rl.tsv.gz
69,10,BAN001.A0102.SG1.4.oral_gc_rl.tsv.gz
70,7,BAN001.A0102.SG1.4.oral_gc_rl.tsv.gz
71,6,BAN001.A0102.SG1.4.oral_gc_rl.tsv.gz
72,6,BAN001.A0102.SG1.4.oral_gc_rl.tsv.gz
73,11,BAN001.A0102.SG1.4.oral_gc_rl.tsv.gz
74,9,BAN001.A0102.SG1.4.oral_gc_rl.tsv.gz
75,10,BAN001.A0102.SG1.4.oral_gc_rl.tsv.gz
76,14,BAN001.A0102.SG1.4.oral_gc_rl.tsv.gz
77,4,BAN001.A0102.SG1.4.oral_gc_rl.tsv.gz
78,2,BAN001.A0102.SG1.4.oral_gc_rl.tsv.gz
79,1,BAN001.A0102.SG1.4.oral_gc_rl.tsv.gz
80,4,BAN001.A0102.SG1.4.oral_gc_rl.tsv.gz
81,3,BAN001.A0102.SG1.4.oral_gc_rl.tsv.gz
82,4,BAN001.A0102.SG1.4.oral_gc_rl.tsv.gz
83,2,BAN001.A0102.SG1.4.oral_gc_rl.tsv.gz
84,3,BAN001.A0102.SG1.4.oral_gc_rl.tsv.gz
85,2,BAN001.A0102.SG1.4.oral_gc_rl.tsv.gz
86,2,BAN001.A0102.SG1.4.oral_gc_rl.tsv.gz
87,3,BAN001.A0102.SG1.4.oral_gc_rl.tsv.gz
89,4,BAN001.A0102.SG1.4.oral_gc_rl.tsv.gz
90,2,BAN001.A0102.SG1.4.oral_gc_rl.tsv.gz
91,2,BAN001.A0102.SG1.4.oral_gc_rl.tsv.gz
94,1,BAN001.A0102.SG1.4.oral_gc_rl.tsv.gz
95,3,BAN001.A0102.SG1.4.oral_gc_rl.tsv.gz
96,1,BAN001.A0102.SG1.4.oral_gc_rl.tsv.gz
98,2,BAN001.A0102.SG1.4.oral_gc_rl.tsv.gz
101,3,BAN001.A0102.SG1.4.oral_gc_rl.tsv.gz
103,2,BAN001.A0102.SG1.4.oral_gc_rl.tsv.gz
104,2,BAN001.A0102.SG1.4.oral_gc_rl.tsv.gz
105,1,BAN001.A0102.SG1.4.oral_gc_rl.tsv.gz
109,1,BAN001.A0102.SG1.4.oral_gc_rl.tsv.gz
111,1,BAN001.A0102.SG1.4.oral_gc_rl.tsv.gz
112,2,BAN001.A0102.SG1.4.oral_gc_rl.tsv.gz
114,1,BAN001.A0102.SG1.4.oral_gc_rl.tsv.gz
116,1,BAN001.A0102.SG1.4.oral_gc_rl.tsv.gz
117,1,BAN001.A0102.SG1.4.oral_gc_rl.tsv.gz
118,1,BAN001.A0102.SG1.4.oral_gc_rl.tsv.gz
122,2,BAN001.A0102.SG1.4.oral_gc_rl.tsv.gz
123,1,BAN001.A0102.SG1.4.oral_gc_rl.tsv.gz
124,2,BAN001.A0102.SG1.4.oral_gc_rl.tsv.gz
125,2,BAN001.A0102.SG1.4.oral_gc_rl.tsv.gz
127,1,BAN001.A0102.SG1.4.oral_gc_rl.tsv.gz
129,1,BAN001.A0102.SG1.4.oral_gc_rl.tsv.gz
138,1,BAN001.A0102.SG1.4.oral_gc_rl.tsv.gz
36,6243,CDM019.A0101.SG1.1.oral_gc_rl.tsv.gz
37,12878,CDM019.A0101.SG1.1.oral_gc_rl.tsv.gz
38,17664,CDM019.A0101.SG1.1.oral_gc_rl.tsv.gz
39,22636,CDM019.A0101.SG1.1.oral_gc_rl.tsv.gz
40,26873,CDM019.A0101.SG1.1.oral_gc_rl.tsv.gz
41,27753,CDM019.A0101.SG1.1.oral_gc_rl.tsv.gz
42,30594,CDM019.A0101.SG1.1.oral_gc_rl.tsv.gz
43,32650,CDM019.A0101.SG1.1.oral_gc_rl.tsv.gz
44,33909,CDM019.A0101.SG1.1.oral_gc_rl.tsv.gz
45,35990,CDM019.A0101.SG1.1.oral_gc_rl.tsv.gz
46,38253,CDM019.A0101.SG1.1.oral_gc_rl.tsv.gz
47,39373,CDM019.A0101.SG1.1.oral_gc_rl.tsv.gz
48,38979,CDM019.A0101.SG1.1.oral_gc_rl.tsv.gz
49,39404,CDM019.A0101.SG1.1.oral_gc_rl.tsv.gz
50,39695,CDM019.A0101.SG1.1.oral_gc_rl.tsv.gz
51,40375,CDM019.A0101.SG1.1.oral_gc_rl.tsv.gz
52,41172,CDM019.A0101.SG1.1.oral_gc_rl.tsv.gz
53,41584,CDM019.A0101.SG1.1.oral_gc_rl.tsv.gz
54,42095,CDM019.A0101.SG1.1.oral_gc_rl.tsv.gz
55,40476,CDM019.A0101.SG1.1.oral_gc_rl.tsv.gz
56,41202,CDM019.A0101.SG1.1.oral_gc_rl.tsv.gz
57,42058,CDM019.A0101.SG1.1.oral_gc_rl.tsv.gz
58,42147,CDM019.A0101.SG1.1.oral_gc_rl.tsv.gz
59,41145,CDM019.A0101.SG1.1.oral_gc_rl.tsv.gz
60,41694,CDM019.A0101.SG1.1.oral_gc_rl.tsv.gz
61,39388,CDM019.A0101.SG1.1.oral_gc_rl.tsv.gz
62,38750,CDM019.A0101.SG1.1.oral_gc_rl.tsv.gz
63,39437,CDM019.A0101.SG1.1.oral_gc_rl.tsv.gz
64,38840,CDM019.A0101.SG1.1.oral_gc_rl.tsv.gz
65,38440,CDM019.A0101.SG1.1.oral_gc_rl.tsv.gz
66,38810,CDM019.A0101.SG1.1.oral_gc_rl.tsv.gz
67,38387,CDM019.A0101.SG1.1.oral_gc_rl.tsv.gz
68,35293,CDM019.A0101.SG1.1.oral_gc_rl.tsv.gz
69,35381,CDM019.A0101.SG1.1.oral_gc_rl.tsv.gz
70,35249,CDM019.A0101.SG1.1.oral_gc_rl.tsv.gz
71,35080,CDM019.A0101.SG1.1.oral_gc_rl.tsv.gz
72,38332,CDM019.A0101.SG1.1.oral_gc_rl.tsv.gz
73,42842,CDM019.A0101.SG1.1.oral_gc_rl.tsv.gz
74,38175,CDM019.A0101.SG1.1.oral_gc_rl.tsv.gz
75,68109,CDM019.A0101.SG1.1.oral_gc_rl.tsv.gz
76,227947,CDM019.A0101.SG1.1.oral_gc_rl.tsv.gz
77,29664,CDM019.A0101.SG1.1.oral_gc_rl.tsv.gz
78,29844,CDM019.A0101.SG1.1.oral_gc_rl.tsv.gz
79,29446,CDM019.A0101.SG1.1.oral_gc_rl.tsv.gz
80,28637,CDM019.A0101.SG1.1.oral_gc_rl.tsv.gz
81,26628,CDM019.A0101.SG1.1.oral_gc_rl.tsv.gz
82,26308,CDM019.A0101.SG1.1.oral_gc_rl.tsv.gz
83,25637,CDM019.A0101.SG1.1.oral_gc_rl.tsv.gz
84,25513,CDM019.A0101.SG1.1.oral_gc_rl.tsv.gz
85,25159,CDM019.A0101.SG1.1.oral_gc_rl.tsv.gz
86,24309,CDM019.A0101.SG1.1.oral_gc_rl.tsv.gz
87,24346,CDM019.A0101.SG1.1.oral_gc_rl.tsv.gz
88,23290,CDM019.A0101.SG1.1.oral_gc_rl.tsv.gz
89,22247,CDM019.A0101.SG1.1.oral_gc_rl.tsv.gz
90,22332,CDM019.A0101.SG1.1.oral_gc_rl.tsv.gz
91,21769,CDM019.A0101.SG1.1.oral_gc_rl.tsv.gz
92,20838,CDM019.A0101.SG1.1.oral_gc_rl.tsv.gz
93,20612,CDM019.A0101.SG1.1.oral_gc_rl.tsv.gz
94,20305,CDM019.A0101.SG1.1.oral_gc_rl.tsv.gz
95,19082,CDM019.A0101.SG1.1.oral_gc_rl.tsv.gz
96,18697,CDM019.A0101.SG1.1.oral_gc_rl.tsv.gz
97,18601,CDM019.A0101.SG1.1.oral_gc_rl.tsv.gz
98,18087,CDM019.A0101.SG1.1.oral_gc_rl.tsv.gz
99,17780,CDM019.A0101.SG1.1.oral_gc_rl.tsv.gz
100,17676,CDM019.A0101.SG1.1.oral_gc_rl.tsv.gz
101,16077,CDM019.A0101.SG1.1.oral_gc_rl.tsv.gz
102,15887,CDM019.A0101.SG1.1.oral_gc_rl.tsv.gz
103,15452,CDM019.A0101.SG1.1.oral_gc_rl.tsv.gz
104,15209,CDM019.A0101.SG1.1.oral_gc_rl.tsv.gz
105,15010,CDM019.A0101.SG1.1.oral_gc_rl.tsv.gz
106,14733,CDM019.A0101.SG1.1.oral_gc_rl.tsv.gz
107,14213,CDM019.A0101.SG1.1.oral_gc_rl.tsv.gz
108,13641,CDM019.A0101.SG1.1.oral_gc_rl.tsv.gz
109,13544,CDM019.A0101.SG1.1.oral_gc_rl.tsv.gz
110,12915,CDM019.A0101.SG1.1.oral_gc_rl.tsv.gz
111,12699,CDM019.A0101.SG1.1.oral_gc_rl.tsv.gz
112,12376,CDM019.A0101.SG1.1.oral_gc_rl.tsv.gz
113,11943,CDM019.A0101.SG1.1.oral_gc_rl.tsv.gz
114,12107,CDM019.A0101.SG1.1.oral_gc_rl.tsv.gz
115,11162,CDM019.A0101.SG1.1.oral_gc_rl.tsv.gz
116,10793,CDM019.A0101.SG1.1.oral_gc_rl.tsv.gz
117,10565,CDM019.A0101.SG1.1.oral_gc_rl.tsv.gz
118,10511,CDM019.A0101.SG1.1.oral_gc_rl.tsv.gz
119,9913,CDM019.A0101.SG1.1.oral_gc_rl.tsv.gz
120,9988,CDM019.A0101.SG1.1.oral_gc_rl.tsv.gz
121,9547,CDM019.A0101.SG1.1.oral_gc_rl.tsv.gz
122,9060,CDM019.A0101.SG1.1.oral_gc_rl.tsv.gz
123,9022,CDM019.A0101.SG1.1.oral_gc_rl.tsv.gz
124,8755,CDM019.A0101.SG1.1.oral_gc_rl.tsv.gz
125,8459,CDM019.A0101.SG1.1.oral_gc_rl.tsv.gz
126,8286,CDM019.A0101.SG1.1.oral_gc_rl.tsv.gz
127,8201,CDM019.A0101.SG1.1.oral_gc_rl.tsv.gz
128,7448,CDM019.A0101.SG1.1.oral_gc_rl.tsv.gz
129,7602,CDM019.A0101.SG1.1.oral_gc_rl.tsv.gz
130,7363,CDM019.A0101.SG1.1.oral_gc_rl.tsv.gz
131,7084,CDM019.A0101.SG1.1.oral_gc_rl.tsv.gz
132,6872,CDM019.A0101.SG1.1.oral_gc_rl.tsv.gz
133,6775,CDM019.A0101.SG1.1.oral_gc_rl.tsv.gz
134,6602,CDM019.A0101.SG1.1.oral_gc_rl.tsv.gz
135,6224,CDM019.A0101.SG1.1.oral_gc_rl.tsv.gz
136,6144,CDM019.A0101.SG1.1.oral_gc_rl.tsv.gz
137,6019,CDM019.A0101.SG1.1.oral_gc_rl.tsv.gz
138,5737,CDM019.A0101.SG1.1.oral_gc_rl.tsv.gz
139,5477,CDM019.A0101.SG1.1.oral_gc_rl.tsv.gz
140,5524,CDM019.A0101.SG1.1.oral_gc_rl.tsv.gz
141,4689,CDM019.A0101.SG1.1.oral_gc_rl.tsv.gz
36,23431,CDM019.A0102.SG1.4.oral_gc_rl.tsv.gz
37,43919,CDM019.A0102.SG1.4.oral_gc_rl.tsv.gz
38,59991,CDM019.A0102.SG1.4.oral_gc_rl.tsv.gz
39,72194,CDM019.A0102.SG1.4.oral_gc_rl.tsv.gz
40,84353,CDM019.A0102.SG1.4.oral_gc_rl.tsv.gz
41,87433,CDM019.A0102.SG1.4.oral_gc_rl.tsv.gz
42,87010,CDM019.A0102.SG1.4.oral_gc_rl.tsv.gz
43,88974,CDM019.A0102.SG1.4.oral_gc_rl.tsv.gz
44,91083,CDM019.A0102.SG1.4.oral_gc_rl.tsv.gz
45,90607,CDM019.A0102.SG1.4.oral_gc_rl.tsv.gz
46,92290,CDM019.A0102.SG1.4.oral_gc_rl.tsv.gz
47,93805,CDM019.A0102.SG1.4.oral_gc_rl.tsv.gz
48,88409,CDM019.A0102.SG1.4.oral_gc_rl.tsv.gz
49,89266,CDM019.A0102.SG1.4.oral_gc_rl.tsv.gz
50,89761,CDM019.A0102.SG1.4.oral_gc_rl.tsv.gz
51,87363,CDM019.A0102.SG1.4.oral_gc_rl.tsv.gz
52,86725,CDM019.A0102.SG1.4.oral_gc_rl.tsv.gz
53,85454,CDM019.A0102.SG1.4.oral_gc_rl.tsv.gz
54,82022,CDM019.A0102.SG1.4.oral_gc_rl.tsv.gz
55,78287,CDM019.A0102.SG1.4.oral_gc_rl.tsv.gz
56,77385,CDM019.A0102.SG1.4.oral_gc_rl.tsv.gz
57,74825,CDM019.A0102.SG1.4.oral_gc_rl.tsv.gz
58,73869,CDM019.A0102.SG1.4.oral_gc_rl.tsv.gz
59,73233,CDM019.A0102.SG1.4.oral_gc_rl.tsv.gz
60,70116,CDM019.A0102.SG1.4.oral_gc_rl.tsv.gz
61,67193,CDM019.A0102.SG1.4.oral_gc_rl.tsv.gz
62,66065,CDM019.A0102.SG1.4.oral_gc_rl.tsv.gz
63,63184,CDM019.A0102.SG1.4.oral_gc_rl.tsv.gz
64,61834,CDM019.A0102.SG1.4.oral_gc_rl.tsv.gz
65,60604,CDM019.A0102.SG1.4.oral_gc_rl.tsv.gz
66,57432,CDM019.A0102.SG1.4.oral_gc_rl.tsv.gz
67,56500,CDM019.A0102.SG1.4.oral_gc_rl.tsv.gz
68,52464,CDM019.A0102.SG1.4.oral_gc_rl.tsv.gz
69,50381,CDM019.A0102.SG1.4.oral_gc_rl.tsv.gz
70,49997,CDM019.A0102.SG1.4.oral_gc_rl.tsv.gz
71,50975,CDM019.A0102.SG1.4.oral_gc_rl.tsv.gz
72,55313,CDM019.A0102.SG1.4.oral_gc_rl.tsv.gz
73,73415,CDM019.A0102.SG1.4.oral_gc_rl.tsv.gz
74,47095,CDM019.A0102.SG1.4.oral_gc_rl.tsv.gz
75,62353,CDM019.A0102.SG1.4.oral_gc_rl.tsv.gz
76,288398,CDM019.A0102.SG1.4.oral_gc_rl.tsv.gz
77,38363,CDM019.A0102.SG1.4.oral_gc_rl.tsv.gz
78,36857,CDM019.A0102.SG1.4.oral_gc_rl.tsv.gz
79,36128,CDM019.A0102.SG1.4.oral_gc_rl.tsv.gz
80,35332,CDM019.A0102.SG1.4.oral_gc_rl.tsv.gz
81,32121,CDM019.A0102.SG1.4.oral_gc_rl.tsv.gz
82,31946,CDM019.A0102.SG1.4.oral_gc_rl.tsv.gz
83,31459,CDM019.A0102.SG1.4.oral_gc_rl.tsv.gz
84,29384,CDM019.A0102.SG1.4.oral_gc_rl.tsv.gz
85,28673,CDM019.A0102.SG1.4.oral_gc_rl.tsv.gz
86,28456,CDM019.A0102.SG1.4.oral_gc_rl.tsv.gz
87,26865,CDM019.A0102.SG1.4.oral_gc_rl.tsv.gz
88,25268,CDM019.A0102.SG1.4.oral_gc_rl.tsv.gz
89,25032,CDM019.A0102.SG1.4.oral_gc_rl.tsv.gz
90,23457,CDM019.A0102.SG1.4.oral_gc_rl.tsv.gz
91,23151,CDM019.A0102.SG1.4.oral_gc_rl.tsv.gz
92,22943,CDM019.A0102.SG1.4.oral_gc_rl.tsv.gz
93,21822,CDM019.A0102.SG1.4.oral_gc_rl.tsv.gz
94,21332,CDM019.A0102.SG1.4.oral_gc_rl.tsv.gz
95,20192,CDM019.A0102.SG1.4.oral_gc_rl.tsv.gz
96,19079,CDM019.A0102.SG1.4.oral_gc_rl.tsv.gz
97,18738,CDM019.A0102.SG1.4.oral_gc_rl.tsv.gz
98,18364,CDM019.A0102.SG1.4.oral_gc_rl.tsv.gz
99,17845,CDM019.A0102.SG1.4.oral_gc_rl.tsv.gz
100,17202,CDM019.A0102.SG1.4.oral_gc_rl.tsv.gz
101,16289,CDM019.A0102.SG1.4.oral_gc_rl.tsv.gz
102,15450,CDM019.A0102.SG1.4.oral_gc_rl.tsv.gz
103,15090,CDM019.A0102.SG1.4.oral_gc_rl.tsv.gz
104,15170,CDM019.A0102.SG1.4.oral_gc_rl.tsv.gz
105,14293,CDM019.A0102.SG1.4.oral_gc_rl.tsv.gz
106,14033,CDM019.A0102.SG1.4.oral_gc_rl.tsv.gz
107,13721,CDM019.A0102.SG1.4.oral_gc_rl.tsv.gz
108,12629,CDM019.A0102.SG1.4.oral_gc_rl.tsv.gz
109,12430,CDM019.A0102.SG1.4.oral_gc_rl.tsv.gz
110,12395,CDM019.A0102.SG1.4.oral_gc_rl.tsv.gz
111,11705,CDM019.A0102.SG1.4.oral_gc_rl.tsv.gz
112,11428,CDM019.A0102.SG1.4.oral_gc_rl.tsv.gz
113,11373,CDM019.A0102.SG1.4.oral_gc_rl.tsv.gz
114,10636,CDM019.A0102.SG1.4.oral_gc_rl.tsv.gz
115,10207,CDM019.A0102.SG1.4.oral_gc_rl.tsv.gz
116,10033,CDM019.A0102.SG1.4.oral_gc_rl.tsv.gz
117,9708,CDM019.A0102.SG1.4.oral_gc_rl.tsv.gz
118,9253,CDM019.A0102.SG1.4.oral_gc_rl.tsv.gz
119,9177,CDM019.A0102.SG1.4.oral_gc_rl.tsv.gz
120,8852,CDM019.A0102.SG1.4.oral_gc_rl.tsv.gz
121,8474,CDM019.A0102.SG1.4.oral_gc_rl.tsv.gz
122,8202,CDM019.A0102.SG1.4.oral_gc_rl.tsv.gz
123,7934,CDM019.A0102.SG1.4.oral_gc_rl.tsv.gz
124,7840,CDM019.A0102.SG1.4.oral_gc_rl.tsv.gz
125,7735,CDM019.A0102.SG1.4.oral_gc_rl.tsv.gz
126,7448,CDM019.A0102.SG1.4.oral_gc_rl.tsv.gz
127,7355,CDM019.A0102.SG1.4.oral_gc_rl.tsv.gz
128,6937,CDM019.A0102.SG1.4.oral_gc_rl.tsv.gz
129,6653,CDM019.A0102.SG1.4.oral_gc_rl.tsv.gz
130,6529,CDM019.A0102.SG1.4.oral_gc_rl.tsv.gz
131,6395,CDM019.A0102.SG1.4.oral_gc_rl.tsv.gz
132,6192,CDM019.A0102.SG1.4.oral_gc_rl.tsv.gz
133,6079,CDM019.A0102.SG1.4.oral_gc_rl.tsv.gz
134,6057,CDM019.A0102.SG1.4.oral_gc_rl.tsv.gz
135,5620,CDM019.A0102.SG1.4.oral_gc_rl.tsv.gz
136,5575,CDM019.A0102.SG1.4.oral_gc_rl.tsv.gz
137,5604,CDM019.A0102.SG1.4.oral_gc_rl.tsv.gz
138,5017,CDM019.A0102.SG1.4.oral_gc_rl.tsv.gz
139,4843,CDM019.A0102.SG1.4.oral_gc_rl.tsv.gz
140,4999,CDM019.A0102.SG1.4.oral_gc_rl.tsv.gz
141,4128,CDM019.A0102.SG1.4.oral_gc_rl.tsv.gz
36,5899,CDM020.A0101.SG1.1.oral_gc_rl.tsv.gz
37,11908,CDM020.A0101.SG1.1.oral_gc_rl.tsv.gz
38,16627,CDM020.A0101.SG1.1.oral_gc_rl.tsv.gz
39,21077,CDM020.A0101.SG1.1.oral_gc_rl.tsv.gz
40,24899,CDM020.A0101.SG1.1.oral_gc_rl.tsv.gz
41,25821,CDM020.A0101.SG1.1.oral_gc_rl.tsv.gz
42,28280,CDM020.A0101.SG1.1.oral_gc_rl.tsv.gz
43,29944,CDM020.A0101.SG1.1.oral_gc_rl.tsv.gz
44,31219,CDM020.A0101.SG1.1.oral_gc_rl.tsv.gz
45,33065,CDM020.A0101.SG1.1.oral_gc_rl.tsv.gz
46,34918,CDM020.A0101.SG1.1.oral_gc_rl.tsv.gz
47,35749,CDM020.A0101.SG1.1.oral_gc_rl.tsv.gz
48,35141,CDM020.A0101.SG1.1.oral_gc_rl.tsv.gz
49,35218,CDM020.A0101.SG1.1.oral_gc_rl.tsv.gz
50,35355,CDM020.A0101.SG1.1.oral_gc_rl.tsv.gz
51,36012,CDM020.A0101.SG1.1.oral_gc_rl.tsv.gz
52,36370,CDM020.A0101.SG1.1.oral_gc_rl.tsv.gz
53,36256,CDM020.A0101.SG1.1.oral_gc_rl.tsv.gz
54,36783,CDM020.A0101.SG1.1.oral_gc_rl.tsv.gz
55,34777,CDM020.A0101.SG1.1.oral_gc_rl.tsv.gz
56,34900,CDM020.A0101.SG1.1.oral_gc_rl.tsv.gz
57,35304,CDM020.A0101.SG1.1.oral_gc_rl.tsv.gz
58,35163,CDM020.A0101.SG1.1.oral_gc_rl.tsv.gz
59,34445,CDM020.A0101.SG1.1.oral_gc_rl.tsv.gz
60,34397,CDM020.A0101.SG1.1.oral_gc_rl.tsv.gz
61,32151,CDM020.A0101.SG1.1.oral_gc_rl.tsv.gz
62,31675,CDM020.A0101.SG1.1.oral_gc_rl.tsv.gz
63,31778,CDM020.A0101.SG1.1.oral_gc_rl.tsv.gz
64,30903,CDM020.A0101.SG1.1.oral_gc_rl.tsv.gz
65,30352,CDM020.A0101.SG1.1.oral_gc_rl.tsv.gz
66,30803,CDM020.A0101.SG1.1.oral_gc_rl.tsv.gz
67,30213,CDM020.A0101.SG1.1.oral_gc_rl.tsv.gz
68,27417,CDM020.A0101.SG1.1.oral_gc_rl.tsv.gz
69,27279,CDM020.A0101.SG1.1.oral_gc_rl.tsv.gz
70,26795,CDM020.A0101.SG1.1.oral_gc_rl.tsv.gz
71,26725,CDM020.A0101.SG1.1.oral_gc_rl.tsv.gz
72,28564,CDM020.A0101.SG1.1.oral_gc_rl.tsv.gz
73,31859,CDM020.A0101.SG1.1.oral_gc_rl.tsv.gz
74,28533,CDM020.A0101.SG1.1.oral_gc_rl.tsv.gz
75,49939,CDM020.A0101.SG1.1.oral_gc_rl.tsv.gz
76,155644,CDM020.A0101.SG1.1.oral_gc_rl.tsv.gz
77,21648,CDM020.A0101.SG1.1.oral_gc_rl.tsv.gz
78,21370,CDM020.A0101.SG1.1.oral_gc_rl.tsv.gz
79,20896,CDM020.A0101.SG1.1.oral_gc_rl.tsv.gz
80,20493,CDM020.A0101.SG1.1.oral_gc_rl.tsv.gz
81,18834,CDM020.A0101.SG1.1.oral_gc_rl.tsv.gz
82,18422,CDM020.A0101.SG1.1.oral_gc_rl.tsv.gz
83,17798,CDM020.A0101.SG1.1.oral_gc_rl.tsv.gz
84,17748,CDM020.A0101.SG1.1.oral_gc_rl.tsv.gz
85,17256,CDM020.A0101.SG1.1.oral_gc_rl.tsv.gz
86,16859,CDM020.A0101.SG1.1.oral_gc_rl.tsv.gz
87,16781,CDM020.A0101.SG1.1.oral_gc_rl.tsv.gz
88,15448,CDM020.A0101.SG1.1.oral_gc_rl.tsv.gz
89,14911,CDM020.A0101.SG1.1.oral_gc_rl.tsv.gz
90,14851,CDM020.A0101.SG1.1.oral_gc_rl.tsv.gz
91,14398,CDM020.A0101.SG1.1.oral_gc_rl.tsv.gz
92,13737,CDM020.A0101.SG1.1.oral_gc_rl.tsv.gz
93,13739,CDM020.A0101.SG1.1.oral_gc_rl.tsv.gz
94,13502,CDM020.A0101.SG1.1.oral_gc_rl.tsv.gz
95,12403,CDM020.A0101.SG1.1.oral_gc_rl.tsv.gz
96,12327,CDM020.A0101.SG1.1.oral_gc_rl.tsv.gz
97,12001,CDM020.A0101.SG1.1.oral_gc_rl.tsv.gz
98,11551,CDM020.A0101.SG1.1.oral_gc_rl.tsv.gz
99,11571,CDM020.A0101.SG1.1.oral_gc_rl.tsv.gz
100,11238,CDM020.A0101.SG1.1.oral_gc_rl.tsv.gz
101,10368,CDM020.A0101.SG1.1.oral_gc_rl.tsv.gz
102,10192,CDM020.A0101.SG1.1.oral_gc_rl.tsv.gz
103,9599,CDM020.A0101.SG1.1.oral_gc_rl.tsv.gz
104,9492,CDM020.A0101.SG1.1.oral_gc_rl.tsv.gz
105,9318,CDM020.A0101.SG1.1.oral_gc_rl.tsv.gz
106,9306,CDM020.A0101.SG1.1.oral_gc_rl.tsv.gz
107,8879,CDM020.A0101.SG1.1.oral_gc_rl.tsv.gz
108,8289,CDM020.A0101.SG1.1.oral_gc_rl.tsv.gz
109,8238,CDM020.A0101.SG1.1.oral_gc_rl.tsv.gz
110,8033,CDM020.A0101.SG1.1.oral_gc_rl.tsv.gz
111,7814,CDM020.A0101.SG1.1.oral_gc_rl.tsv.gz
112,7397,CDM020.A0101.SG1.1.oral_gc_rl.tsv.gz
113,7354,CDM020.A0101.SG1.1.oral_gc_rl.tsv.gz
114,7246,CDM020.A0101.SG1.1.oral_gc_rl.tsv.gz
115,6717,CDM020.A0101.SG1.1.oral_gc_rl.tsv.gz
116,6486,CDM020.A0101.SG1.1.oral_gc_rl.tsv.gz
117,6468,CDM020.A0101.SG1.1.oral_gc_rl.tsv.gz
118,6284,CDM020.A0101.SG1.1.oral_gc_rl.tsv.gz
119,5961,CDM020.A0101.SG1.1.oral_gc_rl.tsv.gz
120,5894,CDM020.A0101.SG1.1.oral_gc_rl.tsv.gz
121,5595,CDM020.A0101.SG1.1.oral_gc_rl.tsv.gz
122,5519,CDM020.A0101.SG1.1.oral_gc_rl.tsv.gz
123,5329,CDM020.A0101.SG1.1.oral_gc_rl.tsv.gz
124,5076,CDM020.A0101.SG1.1.oral_gc_rl.tsv.gz
125,4979,CDM020.A0101.SG1.1.oral_gc_rl.tsv.gz
126,4883,CDM020.A0101.SG1.1.oral_gc_rl.tsv.gz
127,4849,CDM020.A0101.SG1.1.oral_gc_rl.tsv.gz
128,4455,CDM020.A0101.SG1.1.oral_gc_rl.tsv.gz
129,4434,CDM020.A0101.SG1.1.oral_gc_rl.tsv.gz
130,4217,CDM020.A0101.SG1.1.oral_gc_rl.tsv.gz
131,4190,CDM020.A0101.SG1.1.oral_gc_rl.tsv.gz
132,4096,CDM020.A0101.SG1.1.oral_gc_rl.tsv.gz
133,4029,CDM020.A0101.SG1.1.oral_gc_rl.tsv.gz
134,4099,CDM020.A0101.SG1.1.oral_gc_rl.tsv.gz
135,3715,CDM020.A0101.SG1.1.oral_gc_rl.tsv.gz
136,3676,CDM020.A0101.SG1.1.oral_gc_rl.tsv.gz
137,3575,CDM020.A0101.SG1.1.oral_gc_rl.tsv.gz
138,3387,CDM020.A0101.SG1.1.oral_gc_rl.tsv.gz
139,3364,CDM020.A0101.SG1.1.oral_gc_rl.tsv.gz
140,3313,CDM020.A0101.SG1.1.oral_gc_rl.tsv.gz
141,2752,CDM020.A0101.SG1.1.oral_gc_rl.tsv.gz
36,23942,CDM020.A0102.SG1.4.oral_gc_rl.tsv.gz
37,44890,CDM020.A0102.SG1.4.oral_gc_rl.tsv.gz
38,62323,CDM020.A0102.SG1.4.oral_gc_rl.tsv.gz
39,75715,CDM020.A0102.SG1.4.oral_gc_rl.tsv.gz
40,89337,CDM020.A0102.SG1.4.oral_gc_rl.tsv.gz
41,90470,CDM020.A0102.SG1.4.oral_gc_rl.tsv.gz
42,93111,CDM020.A0102.SG1.4.oral_gc_rl.tsv.gz
43,96417,CDM020.A0102.SG1.4.oral_gc_rl.tsv.gz
44,99316,CDM020.A0102.SG1.4.oral_gc_rl.tsv.gz
45,99868,CDM020.A0102.SG1.4.oral_gc_rl.tsv.gz
46,102127,CDM020.A0102.SG1.4.oral_gc_rl.tsv.gz
47,103028,CDM020.A0102.SG1.4.oral_gc_rl.tsv.gz
48,98053,CDM020.A0102.SG1.4.oral_gc_rl.tsv.gz
49,98187,CDM020.A0102.SG1.4.oral_gc_rl.tsv.gz
50,98951,CDM020.A0102.SG1.4.oral_gc_rl.tsv.gz
51,96989,CDM020.A0102.SG1.4.oral_gc_rl.tsv.gz
52,96597,CDM020.A0102.SG1.4.oral_gc_rl.tsv.gz
53,95122,CDM020.A0102.SG1.4.oral_gc_rl.tsv.gz
54,92040,CDM020.A0102.SG1.4.oral_gc_rl.tsv.gz
55,87118,CDM020.A0102.SG1.4.oral_gc_rl.tsv.gz
56,86609,CDM020.A0102.SG1.4.oral_gc_rl.tsv.gz
57,83696,CDM020.A0102.SG1.4.oral_gc_rl.tsv.gz
58,82305,CDM020.A0102.SG1.4.oral_gc_rl.tsv.gz
59,81668,CDM020.A0102.SG1.4.oral_gc_rl.tsv.gz
60,78478,CDM020.A0102.SG1.4.oral_gc_rl.tsv.gz
61,74065,CDM020.A0102.SG1.4.oral_gc_rl.tsv.gz
62,72184,CDM020.A0102.SG1.4.oral_gc_rl.tsv.gz
63,69542,CDM020.A0102.SG1.4.oral_gc_rl.tsv.gz
64,68180,CDM020.A0102.SG1.4.oral_gc_rl.tsv.gz
65,66667,CDM020.A0102.SG1.4.oral_gc_rl.tsv.gz
66,63885,CDM020.A0102.SG1.4.oral_gc_rl.tsv.gz
67,63019,CDM020.A0102.SG1.4.oral_gc_rl.tsv.gz
68,56898,CDM020.A0102.SG1.4.oral_gc_rl.tsv.gz
69,54433,CDM020.A0102.SG1.4.oral_gc_rl.tsv.gz
70,54001,CDM020.A0102.SG1.4.oral_gc_rl.tsv.gz
71,54143,CDM020.A0102.SG1.4.oral_gc_rl.tsv.gz
72,57646,CDM020.A0102.SG1.4.oral_gc_rl.tsv.gz
73,72765,CDM020.A0102.SG1.4.oral_gc_rl.tsv.gz
74,49006,CDM020.A0102.SG1.4.oral_gc_rl.tsv.gz
75,59582,CDM020.A0102.SG1.4.oral_gc_rl.tsv.gz
76,244168,CDM020.A0102.SG1.4.oral_gc_rl.tsv.gz
77,40501,CDM020.A0102.SG1.4.oral_gc_rl.tsv.gz
78,38617,CDM020.A0102.SG1.4.oral_gc_rl.tsv.gz
79,37815,CDM020.A0102.SG1.4.oral_gc_rl.tsv.gz
80,36916,CDM020.A0102.SG1.4.oral_gc_rl.tsv.gz
81,33235,CDM020.A0102.SG1.4.oral_gc_rl.tsv.gz
82,32709,CDM020.A0102.SG1.4.oral_gc_rl.tsv.gz
83,31563,CDM020.A0102.SG1.4.oral_gc_rl.tsv.gz
84,29773,CDM020.A0102.SG1.4.oral_gc_rl.tsv.gz
85,29487,CDM020.A0102.SG1.4.oral_gc_rl.tsv.gz
86,28696,CDM020.A0102.SG1.4.oral_gc_rl.tsv.gz
87,27703,CDM020.A0102.SG1.4.oral_gc_rl.tsv.gz
88,25304,CDM020.A0102.SG1.4.oral_gc_rl.tsv.gz
89,24491,CDM020.A0102.SG1.4.oral_gc_rl.tsv.gz
90,23404,CDM020.A0102.SG1.4.oral_gc_rl.tsv.gz
91,23173,CDM020.A0102.SG1.4.oral_gc_rl.tsv.gz
92,22610,CDM020.A0102.SG1.4.oral_gc_rl.tsv.gz
93,21457,CDM020.A0102.SG1.4.oral_gc_rl.tsv.gz
94,20984,CDM020.A0102.SG1.4.oral_gc_rl.tsv.gz
95,19716,CDM020.A0102.SG1.4.oral_gc_rl.tsv.gz
96,18467,CDM020.A0102.SG1.4.oral_gc_rl.tsv.gz
97,18042,CDM020.A0102.SG1.4.oral_gc_rl.tsv.gz
98,17668,CDM020.A0102.SG1.4.oral_gc_rl.tsv.gz
99,16943,CDM020.A0102.SG1.4.oral_gc_rl.tsv.gz
100,16605,CDM020.A0102.SG1.4.oral_gc_rl.tsv.gz
101,15116,CDM020.A0102.SG1.4.oral_gc_rl.tsv.gz
102,14663,CDM020.A0102.SG1.4.oral_gc_rl.tsv.gz
103,14137,CDM020.A0102.SG1.4.oral_gc_rl.tsv.gz
104,13840,CDM020.A0102.SG1.4.oral_gc_rl.tsv.gz
105,13110,CDM020.A0102.SG1.4.oral_gc_rl.tsv.gz
106,12761,CDM020.A0102.SG1.4.oral_gc_rl.tsv.gz
107,12498,CDM020.A0102.SG1.4.oral_gc_rl.tsv.gz
108,11556,CDM020.A0102.SG1.4.oral_gc_rl.tsv.gz
109,11381,CDM020.A0102.SG1.4.oral_gc_rl.tsv.gz
110,10931,CDM020.A0102.SG1.4.oral_gc_rl.tsv.gz
111,10506,CDM020.A0102.SG1.4.oral_gc_rl.tsv.gz
112,10375,CDM020.A0102.SG1.4.oral_gc_rl.tsv.gz
113,10162,CDM020.A0102.SG1.4.oral_gc_rl.tsv.gz
114,9601,CDM020.A0102.SG1.4.oral_gc_rl.tsv.gz
115,9199,CDM020.A0102.SG1.4.oral_gc_rl.tsv.gz
116,8679,CDM020.A0102.SG1.4.oral_gc_rl.tsv.gz
117,8406,CDM020.A0102.SG1.4.oral_gc_rl.tsv.gz
118,8306,CDM020.A0102.SG1.4.oral_gc_rl.tsv.gz
119,8222,CDM020.A0102.SG1.4.oral_gc_rl.tsv.gz
120,7716,CDM020.A0102.SG1.4.oral_gc_rl.tsv.gz
121,7473,CDM020.A0102.SG1.4.oral_gc_rl.tsv.gz
122,7284,CDM020.A0102.SG1.4.oral_gc_rl.tsv.gz
123,6749,CDM020.A0102.SG1.4.oral_gc_rl.tsv.gz
124,6678,CDM020.A0102.SG1.4.oral_gc_rl.tsv.gz
125,6606,CDM020.A0102.SG1.4.oral_gc_rl.tsv.gz
126,6437,CDM020.A0102.SG1.4.oral_gc_rl.tsv.gz
127,6164,CDM020.A0102.SG1.4.oral_gc_rl.tsv.gz
128,5818,CDM020.A0102.SG1.4.oral_gc_rl.tsv.gz
129,5578,CDM020.A0102.SG1.4.oral_gc_rl.tsv.gz
130,5639,CDM020.A0102.SG1.4.oral_gc_rl.tsv.gz
131,5270,CDM020.A0102.SG1.4.oral_gc_rl.tsv.gz
132,5035,CDM020.A0102.SG1.4.oral_gc_rl.tsv.gz
133,5028,CDM020.A0102.SG1.4.oral_gc_rl.tsv.gz
134,4858,CDM020.A0102.SG1.4.oral_gc_rl.tsv.gz
135,4540,CDM020.A0102.SG1.4.oral_gc_rl.tsv.gz
136,4578,CDM020.A0102.SG1.4.oral_gc_rl.tsv.gz
137,4523,CDM020.A0102.SG1.4.oral_gc_rl.tsv.gz
138,4046,CDM020.A0102.SG1.4.oral_gc_rl.tsv.gz
139,3916,CDM020.A0102.SG1.4.oral_gc_rl.tsv.gz
140,4002,CDM020.A0102.SG1.4.oral_gc_rl.tsv.gz
141,3388,CDM020.A0102.SG1.4.oral_gc_rl.tsv.gz
36,7004,FUM001.A0101.SG1.1.oral_gc_rl.tsv.gz
37,14240,FUM001.A0101.SG1.1.oral_gc_rl.tsv.gz
38,19250,FUM001.A0101.SG1.1.oral_gc_rl.tsv.gz
39,23669,FUM001.A0101.SG1.1.oral_gc_rl.tsv.gz
40,27851,FUM001.A0101.SG1.1.oral_gc_rl.tsv.gz
41,26425,FUM001.A0101.SG1.1.oral_gc_rl.tsv.gz
42,28138,FUM001.A0101.SG1.1.oral_gc_rl.tsv.gz
43,29244,FUM001.A0101.SG1.1.oral_gc_rl.tsv.gz
44,29960,FUM001.A0101.SG1.1.oral_gc_rl.tsv.gz
45,30187,FUM001.A0101.SG1.1.oral_gc_rl.tsv.gz
46,29852,FUM001.A0101.SG1.1.oral_gc_rl.tsv.gz
47,29279,FUM001.A0101.SG1.1.oral_gc_rl.tsv.gz
48,27309,FUM001.A0101.SG1.1.oral_gc_rl.tsv.gz
49,27781,FUM001.A0101.SG1.1.oral_gc_rl.tsv.gz
50,27297,FUM001.A0101.SG1.1.oral_gc_rl.tsv.gz
51,27007,FUM001.A0101.SG1.1.oral_gc_rl.tsv.gz
52,25829,FUM001.A0101.SG1.1.oral_gc_rl.tsv.gz
53,24658,FUM001.A0101.SG1.1.oral_gc_rl.tsv.gz
54,24295,FUM001.A0101.SG1.1.oral_gc_rl.tsv.gz
55,22229,FUM001.A0101.SG1.1.oral_gc_rl.tsv.gz
56,21972,FUM001.A0101.SG1.1.oral_gc_rl.tsv.gz
57,21237,FUM001.A0101.SG1.1.oral_gc_rl.tsv.gz
58,19896,FUM001.A0101.SG1.1.oral_gc_rl.tsv.gz
59,18867,FUM001.A0101.SG1.1.oral_gc_rl.tsv.gz
60,18482,FUM001.A0101.SG1.1.oral_gc_rl.tsv.gz
61,16464,FUM001.A0101.SG1.1.oral_gc_rl.tsv.gz
62,15133,FUM001.A0101.SG1.1.oral_gc_rl.tsv.gz
63,15499,FUM001.A0101.SG1.1.oral_gc_rl.tsv.gz
64,14804,FUM001.A0101.SG1.1.oral_gc_rl.tsv.gz
65,13634,FUM001.A0101.SG1.1.oral_gc_rl.tsv.gz
66,13676,FUM001.A0101.SG1.1.oral_gc_rl.tsv.gz
67,12726,FUM001.A0101.SG1.1.oral_gc_rl.tsv.gz
68,10484,FUM001.A0101.SG1.1.oral_gc_rl.tsv.gz
69,10651,FUM001.A0101.SG1.1.oral_gc_rl.tsv.gz
70,10295,FUM001.A0101.SG1.1.oral_gc_rl.tsv.gz
71,9666,FUM001.A0101.SG1.1.oral_gc_rl.tsv.gz
72,8987,FUM001.A0101.SG1.1.oral_gc_rl.tsv.gz
73,8600,FUM001.A0101.SG1.1.oral_gc_rl.tsv.gz
74,8372,FUM001.A0101.SG1.1.oral_gc_rl.tsv.gz
75,8177,FUM001.A0101.SG1.1.oral_gc_rl.tsv.gz
76,13442,FUM001.A0101.SG1.1.oral_gc_rl.tsv.gz
77,6415,FUM001.A0101.SG1.1.oral_gc_rl.tsv.gz
78,6063,FUM001.A0101.SG1.1.oral_gc_rl.tsv.gz
79,6081,FUM001.A0101.SG1.1.oral_gc_rl.tsv.gz
80,5268,FUM001.A0101.SG1.1.oral_gc_rl.tsv.gz
81,4944,FUM001.A0101.SG1.1.oral_gc_rl.tsv.gz
82,4660,FUM001.A0101.SG1.1.oral_gc_rl.tsv.gz
83,4034,FUM001.A0101.SG1.1.oral_gc_rl.tsv.gz
84,4072,FUM001.A0101.SG1.1.oral_gc_rl.tsv.gz
85,4243,FUM001.A0101.SG1.1.oral_gc_rl.tsv.gz
86,3788,FUM001.A0101.SG1.1.oral_gc_rl.tsv.gz
87,3766,FUM001.A0101.SG1.1.oral_gc_rl.tsv.gz
88,2856,FUM001.A0101.SG1.1.oral_gc_rl.tsv.gz
89,3044,FUM001.A0101.SG1.1.oral_gc_rl.tsv.gz
90,2941,FUM001.A0101.SG1.1.oral_gc_rl.tsv.gz
91,2734,FUM001.A0101.SG1.1.oral_gc_rl.tsv.gz
92,2461,FUM001.A0101.SG1.1.oral_gc_rl.tsv.gz
93,2111,FUM001.A0101.SG1.1.oral_gc_rl.tsv.gz
94,2141,FUM001.A0101.SG1.1.oral_gc_rl.tsv.gz
95,2000,FUM001.A0101.SG1.1.oral_gc_rl.tsv.gz
96,2017,FUM001.A0101.SG1.1.oral_gc_rl.tsv.gz
97,1824,FUM001.A0101.SG1.1.oral_gc_rl.tsv.gz
98,1803,FUM001.A0101.SG1.1.oral_gc_rl.tsv.gz
99,1483,FUM001.A0101.SG1.1.oral_gc_rl.tsv.gz
100,1696,FUM001.A0101.SG1.1.oral_gc_rl.tsv.gz
101,1218,FUM001.A0101.SG1.1.oral_gc_rl.tsv.gz
102,1324,FUM001.A0101.SG1.1.oral_gc_rl.tsv.gz
103,1176,FUM001.A0101.SG1.1.oral_gc_rl.tsv.gz
104,1229,FUM001.A0101.SG1.1.oral_gc_rl.tsv.gz
105,1096,FUM001.A0101.SG1.1.oral_gc_rl.tsv.gz
106,1076,FUM001.A0101.SG1.1.oral_gc_rl.tsv.gz
107,1010,FUM001.A0101.SG1.1.oral_gc_rl.tsv.gz
108,1006,FUM001.A0101.SG1.1.oral_gc_rl.tsv.gz
109,881,FUM001.A0101.SG1.1.oral_gc_rl.tsv.gz
110,743,FUM001.A0101.SG1.1.oral_gc_rl.tsv.gz
111,818,FUM001.A0101.SG1.1.oral_gc_rl.tsv.gz
112,897,FUM001.A0101.SG1.1.oral_gc_rl.tsv.gz
113,658,FUM001.A0101.SG1.1.oral_gc_rl.tsv.gz
114,697,FUM001.A0101.SG1.1.oral_gc_rl.tsv.gz
115,588,FUM001.A0101.SG1.1.oral_gc_rl.tsv.gz
116,558,FUM001.A0101.SG1.1.oral_gc_rl.tsv.gz
117,658,FUM001.A0101.SG1.1.oral_gc_rl.tsv.gz
118,505,FUM001.A0101.SG1.1.oral_gc_rl.tsv.gz
119,412,FUM001.A0101.SG1.1.oral_gc_rl.tsv.gz
120,440,FUM001.A0101.SG1.1.oral_gc_rl.tsv.gz
121,420,FUM001.A0101.SG1.1.oral_gc_rl.tsv.gz
122,460,FUM001.A0101.SG1.1.oral_gc_rl.tsv.gz
123,413,FUM001.A0101.SG1.1.oral_gc_rl.tsv.gz
124,390,FUM001.A0101.SG1.1.oral_gc_rl.tsv.gz
125,347,FUM001.A0101.SG1.1.oral_gc_rl.tsv.gz
126,307,FUM001.A0101.SG1.1.oral_gc_rl.tsv.gz
127,393,FUM001.A0101.SG1.1.oral_gc_rl.tsv.gz
128,246,FUM001.A0101.SG1.1.oral_gc_rl.tsv.gz
129,251,FUM001.A0101.SG1.1.oral_gc_rl.tsv.gz
130,237,FUM001.A0101.SG1.1.oral_gc_rl.tsv.gz
131,295,FUM001.A0101.SG1.1.oral_gc_rl.tsv.gz
132,266,FUM001.A0101.SG1.1.oral_gc_rl.tsv.gz
133,220,FUM001.A0101.SG1.1.oral_gc_rl.tsv.gz
134,184,FUM001.A0101.SG1.1.oral_gc_rl.tsv.gz
135,182,FUM001.A0101.SG1.1.oral_gc_rl.tsv.gz
136,176,FUM001.A0101.SG1.1.oral_gc_rl.tsv.gz
137,208,FUM001.A0101.SG1.1.oral_gc_rl.tsv.gz
138,128,FUM001.A0101.SG1.1.oral_gc_rl.tsv.gz
139,145,FUM001.A0101.SG1.1.oral_gc_rl.tsv.gz
140,181,FUM001.A0101.SG1.1.oral_gc_rl.tsv.gz
141,159,FUM001.A0101.SG1.1.oral_gc_rl.tsv.gz
36,1721,FUM001.A0102.SG1.4.oral_gc_rl.tsv.gz
37,3211,FUM001.A0102.SG1.4.oral_gc_rl.tsv.gz
38,4450,FUM001.A0102.SG1.4.oral_gc_rl.tsv.gz
39,5112,FUM001.A0102.SG1.4.oral_gc_rl.tsv.gz
40,5568,FUM001.A0102.SG1.4.oral_gc_rl.tsv.gz
41,5570,FUM001.A0102.SG1.4.oral_gc_rl.tsv.gz
42,5517,FUM001.A0102.SG1.4.oral_gc_rl.tsv.gz
43,5603,FUM001.A0102.SG1.4.oral_gc_rl.tsv.gz
44,5674,FUM001.A0102.SG1.4.oral_gc_rl.tsv.gz
45,5368,FUM001.A0102.SG1.4.oral_gc_rl.tsv.gz
46,5047,FUM001.A0102.SG1.4.oral_gc_rl.tsv.gz
47,5226,FUM001.A0102.SG1.4.oral_gc_rl.tsv.gz
48,4713,FUM001.A0102.SG1.4.oral_gc_rl.tsv.gz
49,4526,FUM001.A0102.SG1.4.oral_gc_rl.tsv.gz
50,4509,FUM001.A0102.SG1.4.oral_gc_rl.tsv.gz
51,4155,FUM001.A0102.SG1.4.oral_gc_rl.tsv.gz
52,3995,FUM001.A0102.SG1.4.oral_gc_rl.tsv.gz
53,4073,FUM001.A0102.SG1.4.oral_gc_rl.tsv.gz
54,3564,FUM001.A0102.SG1.4.oral_gc_rl.tsv.gz
55,3372,FUM001.A0102.SG1.4.oral_gc_rl.tsv.gz
56,3178,FUM001.A0102.SG1.4.oral_gc_rl.tsv.gz
57,3008,FUM001.A0102.SG1.4.oral_gc_rl.tsv.gz
58,2912,FUM001.A0102.SG1.4.oral_gc_rl.tsv.gz
59,2727,FUM001.A0102.SG1.4.oral_gc_rl.tsv.gz
60,2484,FUM001.A0102.SG1.4.oral_gc_rl.tsv.gz
61,2314,FUM001.A0102.SG1.4.oral_gc_rl.tsv.gz
62,2196,FUM001.A0102.SG1.4.oral_gc_rl.tsv.gz
63,2033,FUM001.A0102.SG1.4.oral_gc_rl.tsv.gz
64,1904,FUM001.A0102.SG1.4.oral_gc_rl.tsv.gz
65,1924,FUM001.A0102.SG1.4.oral_gc_rl.tsv.gz
66,1718,FUM001.A0102.SG1.4.oral_gc_rl.tsv.gz
67,1660,FUM001.A0102.SG1.4.oral_gc_rl.tsv.gz
68,1402,FUM001.A0102.SG1.4.oral_gc_rl.tsv.gz
69,1338,FUM001.A0102.SG1.4.oral_gc_rl.tsv.gz
70,1239,FUM001.A0102.SG1.4.oral_gc_rl.tsv.gz
71,1274,FUM001.A0102.SG1.4.oral_gc_rl.tsv.gz
72,1071,FUM001.A0102.SG1.4.oral_gc_rl.tsv.gz
73,1098,FUM001.A0102.SG1.4.oral_gc_rl.tsv.gz
74,967,FUM001.A0102.SG1.4.oral_gc_rl.tsv.gz
75,886,FUM001.A0102.SG1.4.oral_gc_rl.tsv.gz
76,1270,FUM001.A0102.SG1.4.oral_gc_rl.tsv.gz
77,850,FUM001.A0102.SG1.4.oral_gc_rl.tsv.gz
78,733,FUM001.A0102.SG1.4.oral_gc_rl.tsv.gz
79,715,FUM001.A0102.SG1.4.oral_gc_rl.tsv.gz
80,675,FUM001.A0102.SG1.4.oral_gc_rl.tsv.gz
81,580,FUM001.A0102.SG1.4.oral_gc_rl.tsv.gz
82,489,FUM001.A0102.SG1.4.oral_gc_rl.tsv.gz
83,490,FUM001.A0102.SG1.4.oral_gc_rl.tsv.gz
84,478,FUM001.A0102.SG1.4.oral_gc_rl.tsv.gz
85,496,FUM001.A0102.SG1.4.oral_gc_rl.tsv.gz
86,417,FUM001.A0102.SG1.4.oral_gc_rl.tsv.gz
87,375,FUM001.A0102.SG1.4.oral_gc_rl.tsv.gz
88,351,FUM001.A0102.SG1.4.oral_gc_rl.tsv.gz
89,316,FUM001.A0102.SG1.4.oral_gc_rl.tsv.gz
90,292,FUM001.A0102.SG1.4.oral_gc_rl.tsv.gz
91,283,FUM001.A0102.SG1.4.oral_gc_rl.tsv.gz
92,254,FUM001.A0102.SG1.4.oral_gc_rl.tsv.gz
93,228,FUM001.A0102.SG1.4.oral_gc_rl.tsv.gz
94,225,FUM001.A0102.SG1.4.oral_gc_rl.tsv.gz
95,200,FUM001.A0102.SG1.4.oral_gc_rl.tsv.gz
96,201,FUM001.A0102.SG1.4.oral_gc_rl.tsv.gz
97,194,FUM001.A0102.SG1.4.oral_gc_rl.tsv.gz
98,179,FUM001.A0102.SG1.4.oral_gc_rl.tsv.gz
99,162,FUM001.A0102.SG1.4.oral_gc_rl.tsv.gz
100,144,FUM001.A0102.SG1.4.oral_gc_rl.tsv.gz
101,122,FUM001.A0102.SG1.4.oral_gc_rl.tsv.gz
102,135,FUM001.A0102.SG1.4.oral_gc_rl.tsv.gz
103,139,FUM001.A0102.SG1.4.oral_gc_rl.tsv.gz
104,109,FUM001.A0102.SG1.4.oral_gc_rl.tsv.gz
105,95,FUM001.A0102.SG1.4.oral_gc_rl.tsv.gz
106,117,FUM001.A0102.SG1.4.oral_gc_rl.tsv.gz
107,92,FUM001.A0102.SG1.4.oral_gc_rl.tsv.gz
108,115,FUM001.A0102.SG1.4.oral_gc_rl.tsv.gz
109,94,FUM001.A0102.SG1.4.oral_gc_rl.tsv.gz
110,70,FUM001.A0102.SG1.4.oral_gc_rl.tsv.gz
111,62,FUM001.A0102.SG1.4.oral_gc_rl.tsv.gz
112,75,FUM001.A0102.SG1.4.oral_gc_rl.tsv.gz
113,73,FUM001.A0102.SG1.4.oral_gc_rl.tsv.gz
114,57,FUM001.A0102.SG1.4.oral_gc_rl.tsv.gz
115,53,FUM001.A0102.SG1.4.oral_gc_rl.tsv.gz
116,45,FUM001.A0102.SG1.4.oral_gc_rl.tsv.gz
117,53,FUM001.A0102.SG1.4.oral_gc_rl.tsv.gz
118,50,FUM001.A0102.SG1.4.oral_gc_rl.tsv.gz
119,58,FUM001.A0102.SG1.4.oral_gc_rl.tsv.gz
120,40,FUM001.A0102.SG1.4.oral_gc_rl.tsv.gz
121,35,FUM001.A0102.SG1.4.oral_gc_rl.tsv.gz
122,35,FUM001.A0102.SG1.4.oral_gc_rl.tsv.gz
123,38,FUM001.A0102.SG1.4.oral_gc_rl.tsv.gz
124,31,FUM001.A0102.SG1.4.oral_gc_rl.tsv.gz
125,26,FUM001.A0102.SG1.4.oral_gc_rl.tsv.gz
126,34,FUM001.A0102.SG1.4.oral_gc_rl.tsv.gz
127,30,FUM001.A0102.SG1.4.oral_gc_rl.tsv.gz
128,23,FUM001.A0102.SG1.4.oral_gc_rl.tsv.gz
129,23,FUM001.A0102.SG1.4.oral_gc_rl.tsv.gz
130,27,FUM001.A0102.SG1.4.oral_gc_rl.tsv.gz
131,28,FUM001.A0102.SG1.4.oral_gc_rl.tsv.gz
132,22,FUM001.A0102.SG1.4.oral_gc_rl.tsv.gz
133,21,FUM001.A0102.SG1.4.oral_gc_rl.tsv.gz
134,17,FUM001.A0102.SG1.4.oral_gc_rl.tsv.gz
135,14,FUM001.A0102.SG1.4.oral_gc_rl.tsv.gz
136,25,FUM001.A0102.SG1.4.oral_gc_rl.tsv.gz
137,14,FUM001.A0102.SG1.4.oral_gc_rl.tsv.gz
138,19,FUM001.A0102.SG1.4.oral_gc_rl.tsv.gz
139,17,FUM001.A0102.SG1.4.oral_gc_rl.tsv.gz
140,10,FUM001.A0102.SG1.4.oral_gc_rl.tsv.gz
141,12,FUM001.A0102.SG1.4.oral_gc_rl.tsv.gz
36,9526,FUM002.A0101.SG1.1.oral_gc_rl.tsv.gz
37,19307,FUM002.A0101.SG1.1.oral_gc_rl.tsv.gz
38,26304,FUM002.A0101.SG1.1.oral_gc_rl.tsv.gz
39,33321,FUM002.A0101.SG1.1.oral_gc_rl.tsv.gz
40,39011,FUM002.A0101.SG1.1.oral_gc_rl.tsv.gz
41,36743,FUM002.A0101.SG1.1.oral_gc_rl.tsv.gz
42,40092,FUM002.A0101.SG1.1.oral_gc_rl.tsv.gz
43,42426,FUM002.A0101.SG1.1.oral_gc_rl.tsv.gz
44,42110,FUM002.A0101.SG1.1.oral_gc_rl.tsv.gz
45,44036,FUM002.A0101.SG1.1.oral_gc_rl.tsv.gz
46,44882,FUM002.A0101.SG1.1.oral_gc_rl.tsv.gz
47,42999,FUM002.A0101.SG1.1.oral_gc_rl.tsv.gz
48,40985,FUM002.A0101.SG1.1.oral_gc_rl.tsv.gz
49,41186,FUM002.A0101.SG1.1.oral_gc_rl.tsv.gz
50,39342,FUM002.A0101.SG1.1.oral_gc_rl.tsv.gz
51,40215,FUM002.A0101.SG1.1.oral_gc_rl.tsv.gz
52,40023,FUM002.A0101.SG1.1.oral_gc_rl.tsv.gz
53,38348,FUM002.A0101.SG1.1.oral_gc_rl.tsv.gz
54,38658,FUM002.A0101.SG1.1.oral_gc_rl.tsv.gz
55,35209,FUM002.A0101.SG1.1.oral_gc_rl.tsv.gz
56,33215,FUM002.A0101.SG1.1.oral_gc_rl.tsv.gz
57,33340,FUM002.A0101.SG1.1.oral_gc_rl.tsv.gz
58,32332,FUM002.A0101.SG1.1.oral_gc_rl.tsv.gz
59,30398,FUM002.A0101.SG1.1.oral_gc_rl.tsv.gz
60,30828,FUM002.A0101.SG1.1.oral_gc_rl.tsv.gz
61,27903,FUM002.A0101.SG1.1.oral_gc_rl.tsv.gz
62,26101,FUM002.A0101.SG1.1.oral_gc_rl.tsv.gz
63,25803,FUM002.A0101.SG1.1.oral_gc_rl.tsv.gz
64,25531,FUM002.A0101.SG1.1.oral_gc_rl.tsv.gz
65,23882,FUM002.A0101.SG1.1.oral_gc_rl.tsv.gz
66,23820,FUM002.A0101.SG1.1.oral_gc_rl.tsv.gz
67,23234,FUM002.A0101.SG1.1.oral_gc_rl.tsv.gz
68,18193,FUM002.A0101.SG1.1.oral_gc_rl.tsv.gz
69,18495,FUM002.A0101.SG1.1.oral_gc_rl.tsv.gz
70,17787,FUM002.A0101.SG1.1.oral_gc_rl.tsv.gz
71,16263,FUM002.A0101.SG1.1.oral_gc_rl.tsv.gz
72,16610,FUM002.A0101.SG1.1.oral_gc_rl.tsv.gz
73,16316,FUM002.A0101.SG1.1.oral_gc_rl.tsv.gz
74,15101,FUM002.A0101.SG1.1.oral_gc_rl.tsv.gz
75,15087,FUM002.A0101.SG1.1.oral_gc_rl.tsv.gz
76,25735,FUM002.A0101.SG1.1.oral_gc_rl.tsv.gz
77,11795,FUM002.A0101.SG1.1.oral_gc_rl.tsv.gz
78,11804,FUM002.A0101.SG1.1.oral_gc_rl.tsv.gz
79,11416,FUM002.A0101.SG1.1.oral_gc_rl.tsv.gz
80,10563,FUM002.A0101.SG1.1.oral_gc_rl.tsv.gz
81,9458,FUM002.A0101.SG1.1.oral_gc_rl.tsv.gz
82,9026,FUM002.A0101.SG1.1.oral_gc_rl.tsv.gz
83,8279,FUM002.A0101.SG1.1.oral_gc_rl.tsv.gz
84,8450,FUM002.A0101.SG1.1.oral_gc_rl.tsv.gz
85,8066,FUM002.A0101.SG1.1.oral_gc_rl.tsv.gz
86,7667,FUM002.A0101.SG1.1.oral_gc_rl.tsv.gz
87,7389,FUM002.A0101.SG1.1.oral_gc_rl.tsv.gz
88,6771,FUM002.A0101.SG1.1.oral_gc_rl.tsv.gz
89,5956,FUM002.A0101.SG1.1.oral_gc_rl.tsv.gz
90,6074,FUM002.A0101.SG1.1.oral_gc_rl.tsv.gz
91,5877,FUM002.A0101.SG1.1.oral_gc_rl.tsv.gz
92,5462,FUM002.A0101.SG1.1.oral_gc_rl.tsv.gz
93,5412,FUM002.A0101.SG1.1.oral_gc_rl.tsv.gz
94,5143,FUM002.A0101.SG1.1.oral_gc_rl.tsv.gz
95,4358,FUM002.A0101.SG1.1.oral_gc_rl.tsv.gz
96,4316,FUM002.A0101.SG1.1.oral_gc_rl.tsv.gz
97,4117,FUM002.A0101.SG1.1.oral_gc_rl.tsv.gz
98,3812,FUM002.A0101.SG1.1.oral_gc_rl.tsv.gz
99,3808,FUM002.A0101.SG1.1.oral_gc_rl.tsv.gz
100,3527,FUM002.A0101.SG1.1.oral_gc_rl.tsv.gz
101,3032,FUM002.A0101.SG1.1.oral_gc_rl.tsv.gz
102,2971,FUM002.A0101.SG1.1.oral_gc_rl.tsv.gz
103,2877,FUM002.A0101.SG1.1.oral_gc_rl.tsv.gz
104,2720,FUM002.A0101.SG1.1.oral_gc_rl.tsv.gz
105,2713,FUM002.A0101.SG1.1.oral_gc_rl.tsv.gz
106,2557,FUM002.A0101.SG1.1.oral_gc_rl.tsv.gz
107,2355,FUM002.A0101.SG1.1.oral_gc_rl.tsv.gz
108,2215,FUM002.A0101.SG1.1.oral_gc_rl.tsv.gz
109,2067,FUM002.A0101.SG1.1.oral_gc_rl.tsv.gz
110,2019,FUM002.A0101.SG1.1.oral_gc_rl.tsv.gz
111,1904,FUM002.A0101.SG1.1.oral_gc_rl.tsv.gz
112,1833,FUM002.A0101.SG1.1.oral_gc_rl.tsv.gz
113,1694,FUM002.A0101.SG1.1.oral_gc_rl.tsv.gz
114,1676,FUM002.A0101.SG1.1.oral_gc_rl.tsv.gz
115,1455,FUM002.A0101.SG1.1.oral_gc_rl.tsv.gz
116,1407,FUM002.A0101.SG1.1.oral_gc_rl.tsv.gz
117,1338,FUM002.A0101.SG1.1.oral_gc_rl.tsv.gz
118,1236,FUM002.A0101.SG1.1.oral_gc_rl.tsv.gz
119,1174,FUM002.A0101.SG1.1.oral_gc_rl.tsv.gz
120,1221,FUM002.A0101.SG1.1.oral_gc_rl.tsv.gz
121,1052,FUM002.A0101.SG1.1.oral_gc_rl.tsv.gz
122,891,FUM002.A0101.SG1.1.oral_gc_rl.tsv.gz
123,968,FUM002.A0101.SG1.1.oral_gc_rl.tsv.gz
124,876,FUM002.A0101.SG1.1.oral_gc_rl.tsv.gz
125,813,FUM002.A0101.SG1.1.oral_gc_rl.tsv.gz
126,846,FUM002.A0101.SG1.1.oral_gc_rl.tsv.gz
127,824,FUM002.A0101.SG1.1.oral_gc_rl.tsv.gz
128,700,FUM002.A0101.SG1.1.oral_gc_rl.tsv.gz
129,663,FUM002.A0101.SG1.1.oral_gc_rl.tsv.gz
130,630,FUM002.A0101.SG1.1.oral_gc_rl.tsv.gz
131,593,FUM002.A0101.SG1.1.oral_gc_rl.tsv.gz
132,567,FUM002.A0101.SG1.1.oral_gc_rl.tsv.gz
133,597,FUM002.A0101.SG1.1.oral_gc_rl.tsv.gz
134,536,FUM002.A0101.SG1.1.oral_gc_rl.tsv.gz
135,436,FUM002.A0101.SG1.1.oral_gc_rl.tsv.gz
136,448,FUM002.A0101.SG1.1.oral_gc_rl.tsv.gz
137,463,FUM002.A0101.SG1.1.oral_gc_rl.tsv.gz
138,431,FUM002.A0101.SG1.1.oral_gc_rl.tsv.gz
139,428,FUM002.A0101.SG1.1.oral_gc_rl.tsv.gz
140,391,FUM002.A0101.SG1.1.oral_gc_rl.tsv.gz
141,257,FUM002.A0101.SG1.1.oral_gc_rl.tsv.gz
36,8464,FUM002.A0102.SG1.5.oral_gc_rl.tsv.gz
37,16234,FUM002.A0102.SG1.5.oral_gc_rl.tsv.gz
38,22289,FUM002.A0102.SG1.5.oral_gc_rl.tsv.gz
39,25231,FUM002.A0102.SG1.5.oral_gc_rl.tsv.gz
40,28878,FUM002.A0102.SG1.5.oral_gc_rl.tsv.gz
41,28132,FUM002.A0102.SG1.5.oral_gc_rl.tsv.gz
42,27674,FUM002.A0102.SG1.5.oral_gc_rl.tsv.gz
43,28649,FUM002.A0102.SG1.5.oral_gc_rl.tsv.gz
44,29340,FUM002.A0102.SG1.5.oral_gc_rl.tsv.gz
45,27728,FUM002.A0102.SG1.5.oral_gc_rl.tsv.gz
46,28496,FUM002.A0102.SG1.5.oral_gc_rl.tsv.gz
47,28086,FUM002.A0102.SG1.5.oral_gc_rl.tsv.gz
48,24462,FUM002.A0102.SG1.5.oral_gc_rl.tsv.gz
49,24186,FUM002.A0102.SG1.5.oral_gc_rl.tsv.gz
50,23541,FUM002.A0102.SG1.5.oral_gc_rl.tsv.gz
51,22046,FUM002.A0102.SG1.5.oral_gc_rl.tsv.gz
52,21844,FUM002.A0102.SG1.5.oral_gc_rl.tsv.gz
53,21333,FUM002.A0102.SG1.5.oral_gc_rl.tsv.gz
54,19943,FUM002.A0102.SG1.5.oral_gc_rl.tsv.gz
55,18058,FUM002.A0102.SG1.5.oral_gc_rl.tsv.gz
56,17672,FUM002.A0102.SG1.5.oral_gc_rl.tsv.gz
57,16179,FUM002.A0102.SG1.5.oral_gc_rl.tsv.gz
58,15918,FUM002.A0102.SG1.5.oral_gc_rl.tsv.gz
59,15421,FUM002.A0102.SG1.5.oral_gc_rl.tsv.gz
60,14218,FUM002.A0102.SG1.5.oral_gc_rl.tsv.gz
61,12785,FUM002.A0102.SG1.5.oral_gc_rl.tsv.gz
62,12218,FUM002.A0102.SG1.5.oral_gc_rl.tsv.gz
63,11269,FUM002.A0102.SG1.5.oral_gc_rl.tsv.gz
64,11001,FUM002.A0102.SG1.5.oral_gc_rl.tsv.gz
65,10910,FUM002.A0102.SG1.5.oral_gc_rl.tsv.gz
66,9968,FUM002.A0102.SG1.5.oral_gc_rl.tsv.gz
67,9583,FUM002.A0102.SG1.5.oral_gc_rl.tsv.gz
68,7981,FUM002.A0102.SG1.5.oral_gc_rl.tsv.gz
69,7157,FUM002.A0102.SG1.5.oral_gc_rl.tsv.gz
70,7079,FUM002.A0102.SG1.5.oral_gc_rl.tsv.gz
71,6841,FUM002.A0102.SG1.5.oral_gc_rl.tsv.gz
72,6131,FUM002.A0102.SG1.5.oral_gc_rl.tsv.gz
73,6288,FUM002.A0102.SG1.5.oral_gc_rl.tsv.gz
74,6043,FUM002.A0102.SG1.5.oral_gc_rl.tsv.gz
75,5044,FUM002.A0102.SG1.5.oral_gc_rl.tsv.gz
76,6668,FUM002.A0102.SG1.5.oral_gc_rl.tsv.gz
77,4506,FUM002.A0102.SG1.5.oral_gc_rl.tsv.gz
78,4137,FUM002.A0102.SG1.5.oral_gc_rl.tsv.gz
79,4029,FUM002.A0102.SG1.5.oral_gc_rl.tsv.gz
80,3851,FUM002.A0102.SG1.5.oral_gc_rl.tsv.gz
81,3127,FUM002.A0102.SG1.5.oral_gc_rl.tsv.gz
82,3054,FUM002.A0102.SG1.5.oral_gc_rl.tsv.gz
83,2935,FUM002.A0102.SG1.5.oral_gc_rl.tsv.gz
84,2722,FUM002.A0102.SG1.5.oral_gc_rl.tsv.gz
85,2647,FUM002.A0102.SG1.5.oral_gc_rl.tsv.gz
86,2645,FUM002.A0102.SG1.5.oral_gc_rl.tsv.gz
87,2269,FUM002.A0102.SG1.5.oral_gc_rl.tsv.gz
88,2041,FUM002.A0102.SG1.5.oral_gc_rl.tsv.gz
89,1938,FUM002.A0102.SG1.5.oral_gc_rl.tsv.gz
90,1785,FUM002.A0102.SG1.5.oral_gc_rl.tsv.gz
91,1764,FUM002.A0102.SG1.5.oral_gc_rl.tsv.gz
92,1773,FUM002.A0102.SG1.5.oral_gc_rl.tsv.gz
93,1512,FUM002.A0102.SG1.5.oral_gc_rl.tsv.gz
94,1432,FUM002.A0102.SG1.5.oral_gc_rl.tsv.gz
95,1364,FUM002.A0102.SG1.5.oral_gc_rl.tsv.gz
96,1306,FUM002.A0102.SG1.5.oral_gc_rl.tsv.gz
97,1188,FUM002.A0102.SG1.5.oral_gc_rl.tsv.gz
98,1066,FUM002.A0102.SG1.5.oral_gc_rl.tsv.gz
99,1022,FUM002.A0102.SG1.5.oral_gc_rl.tsv.gz
100,1029,FUM002.A0102.SG1.5.oral_gc_rl.tsv.gz
101,847,FUM002.A0102.SG1.5.oral_gc_rl.tsv.gz
102,787,FUM002.A0102.SG1.5.oral_gc_rl.tsv.gz
103,795,FUM002.A0102.SG1.5.oral_gc_rl.tsv.gz
104,724,FUM002.A0102.SG1.5.oral_gc_rl.tsv.gz
105,629,FUM002.A0102.SG1.5.oral_gc_rl.tsv.gz
106,663,FUM002.A0102.SG1.5.oral_gc_rl.tsv.gz
107,624,FUM002.A0102.SG1.5.oral_gc_rl.tsv.gz
108,490,FUM002.A0102.SG1.5.oral_gc_rl.tsv.gz
109,554,FUM002.A0102.SG1.5.oral_gc_rl.tsv.gz
110,465,FUM002.A0102.SG1.5.oral_gc_rl.tsv.gz
111,456,FUM002.A0102.SG1.5.oral_gc_rl.tsv.gz
112,451,FUM002.A0102.SG1.5.oral_gc_rl.tsv.gz
113,408,FUM002.A0102.SG1.5.oral_gc_rl.tsv.gz
114,375,FUM002.A0102.SG1.5.oral_gc_rl.tsv.gz
115,367,FUM002.A0102.SG1.5.oral_gc_rl.tsv.gz
116,306,FUM002.A0102.SG1.5.oral_gc_rl.tsv.gz
117,299,FUM002.A0102.SG1.5.oral_gc_rl.tsv.gz
118,273,FUM002.A0102.SG1.5.oral_gc_rl.tsv.gz
119,276,FUM002.A0102.SG1.5.oral_gc_rl.tsv.gz
120,224,FUM002.A0102.SG1.5.oral_gc_rl.tsv.gz
121,255,FUM002.A0102.SG1.5.oral_gc_rl.tsv.gz
122,200,FUM002.A0102.SG1.5.oral_gc_rl.tsv.gz
123,194,FUM002.A0102.SG1.5.oral_gc_rl.tsv.gz
124,191,FUM002.A0102.SG1.5.oral_gc_rl.tsv.gz
125,191,FUM002.A0102.SG1.5.oral_gc_rl.tsv.gz
126,141,FUM002.A0102.SG1.5.oral_gc_rl.tsv.gz
127,135,FUM002.A0102.SG1.5.oral_gc_rl.tsv.gz
128,144,FUM002.A0102.SG1.5.oral_gc_rl.tsv.gz
129,133,FUM002.A0102.SG1.5.oral_gc_rl.tsv.gz
130,131,FUM002.A0102.SG1.5.oral_gc_rl.tsv.gz
131,150,FUM002.A0102.SG1.5.oral_gc_rl.tsv.gz
132,108,FUM002.A0102.SG1.5.oral_gc_rl.tsv.gz
133,97,FUM002.A0102.SG1.5.oral_gc_rl.tsv.gz
134,115,FUM002.A0102.SG1.5.oral_gc_rl.tsv.gz
135,81,FUM002.A0102.SG1.5.oral_gc_rl.tsv.gz
136,94,FUM002.A0102.SG1.5.oral_gc_rl.tsv.gz
137,90,FUM002.A0102.SG1.5.oral_gc_rl.tsv.gz
138,85,FUM002.A0102.SG1.5.oral_gc_rl.tsv.gz
139,65,FUM002.A0102.SG1.5.oral_gc_rl.tsv.gz
140,66,FUM002.A0102.SG1.5.oral_gc_rl.tsv.gz
141,59,FUM002.A0102.SG1.5.oral_gc_rl.tsv.gz
36,2306,FUM003.A0101.SG1.1.oral_gc_rl.tsv.gz
37,4713,FUM003.A0101.SG1.1.oral_gc_rl.tsv.gz
38,6272,FUM003.A0101.SG1.1.oral_gc_rl.tsv.gz
39,7974,FUM003.A0101.SG1.1.oral_gc_rl.tsv.gz
40,8822,FUM003.A0101.SG1.1.oral_gc_rl.tsv.gz
41,8560,FUM003.A0101.SG1.1.oral_gc_rl.tsv.gz
42,9244,FUM003.A0101.SG1.1.oral_gc_rl.tsv.gz
43,9589,FUM003.A0101.SG1.1.oral_gc_rl.tsv.gz
44,9278,FUM003.A0101.SG1.1.oral_gc_rl.tsv.gz
45,9911,FUM003.A0101.SG1.1.oral_gc_rl.tsv.gz
46,9716,FUM003.A0101.SG1.1.oral_gc_rl.tsv.gz
47,9445,FUM003.A0101.SG1.1.oral_gc_rl.tsv.gz
48,8846,FUM003.A0101.SG1.1.oral_gc_rl.tsv.gz
49,8924,FUM003.A0101.SG1.1.oral_gc_rl.tsv.gz
50,8730,FUM003.A0101.SG1.1.oral_gc_rl.tsv.gz
51,8563,FUM003.A0101.SG1.1.oral_gc_rl.tsv.gz
52,8434,FUM003.A0101.SG1.1.oral_gc_rl.tsv.gz
53,7898,FUM003.A0101.SG1.1.oral_gc_rl.tsv.gz
54,8159,FUM003.A0101.SG1.1.oral_gc_rl.tsv.gz
55,7327,FUM003.A0101.SG1.1.oral_gc_rl.tsv.gz
56,6839,FUM003.A0101.SG1.1.oral_gc_rl.tsv.gz
57,6963,FUM003.A0101.SG1.1.oral_gc_rl.tsv.gz
58,6569,FUM003.A0101.SG1.1.oral_gc_rl.tsv.gz
59,6445,FUM003.A0101.SG1.1.oral_gc_rl.tsv.gz
60,6472,FUM003.A0101.SG1.1.oral_gc_rl.tsv.gz
61,5746,FUM003.A0101.SG1.1.oral_gc_rl.tsv.gz
62,5021,FUM003.A0101.SG1.1.oral_gc_rl.tsv.gz
63,5373,FUM003.A0101.SG1.1.oral_gc_rl.tsv.gz
64,5265,FUM003.A0101.SG1.1.oral_gc_rl.tsv.gz
65,4850,FUM003.A0101.SG1.1.oral_gc_rl.tsv.gz
66,4788,FUM003.A0101.SG1.1.oral_gc_rl.tsv.gz
67,4648,FUM003.A0101.SG1.1.oral_gc_rl.tsv.gz
68,3600,FUM003.A0101.SG1.1.oral_gc_rl.tsv.gz
69,3679,FUM003.A0101.SG1.1.oral_gc_rl.tsv.gz
70,3556,FUM003.A0101.SG1.1.oral_gc_rl.tsv.gz
71,3204,FUM003.A0101.SG1.1.oral_gc_rl.tsv.gz
72,3300,FUM003.A0101.SG1.1.oral_gc_rl.tsv.gz
73,3311,FUM003.A0101.SG1.1.oral_gc_rl.tsv.gz
74,2948,FUM003.A0101.SG1.1.oral_gc_rl.tsv.gz
75,3329,FUM003.A0101.SG1.1.oral_gc_rl.tsv.gz
76,6503,FUM003.A0101.SG1.1.oral_gc_rl.tsv.gz
77,2303,FUM003.A0101.SG1.1.oral_gc_rl.tsv.gz
78,2258,FUM003.A0101.SG1.1.oral_gc_rl.tsv.gz
79,2254,FUM003.A0101.SG1.1.oral_gc_rl.tsv.gz
80,2092,FUM003.A0101.SG1.1.oral_gc_rl.tsv.gz
81,1876,FUM003.A0101.SG1.1.oral_gc_rl.tsv.gz
82,1751,FUM003.A0101.SG1.1.oral_gc_rl.tsv.gz
83,1585,FUM003.A0101.SG1.1.oral_gc_rl.tsv.gz
84,1643,FUM003.A0101.SG1.1.oral_gc_rl.tsv.gz
85,1525,FUM003.A0101.SG1.1.oral_gc_rl.tsv.gz
86,1430,FUM003.A0101.SG1.1.oral_gc_rl.tsv.gz
87,1496,FUM003.A0101.SG1.1.oral_gc_rl.tsv.gz
88,1281,FUM003.A0101.SG1.1.oral_gc_rl.tsv.gz
89,1263,FUM003.A0101.SG1.1.oral_gc_rl.tsv.gz
90,1133,FUM003.A0101.SG1.1.oral_gc_rl.tsv.gz
91,1046,FUM003.A0101.SG1.1.oral_gc_rl.tsv.gz
92,992,FUM003.A0101.SG1.1.oral_gc_rl.tsv.gz
93,1065,FUM003.A0101.SG1.1.oral_gc_rl.tsv.gz
94,953,FUM003.A0101.SG1.1.oral_gc_rl.tsv.gz
95,831,FUM003.A0101.SG1.1.oral_gc_rl.tsv.gz
96,749,FUM003.A0101.SG1.1.oral_gc_rl.tsv.gz
97,811,FUM003.A0101.SG1.1.oral_gc_rl.tsv.gz
98,738,FUM003.A0101.SG1.1.oral_gc_rl.tsv.gz
99,723,FUM003.A0101.SG1.1.oral_gc_rl.tsv.gz
100,753,FUM003.A0101.SG1.1.oral_gc_rl.tsv.gz
101,579,FUM003.A0101.SG1.1.oral_gc_rl.tsv.gz
102,590,FUM003.A0101.SG1.1.oral_gc_rl.tsv.gz
103,539,FUM003.A0101.SG1.1.oral_gc_rl.tsv.gz
104,510,FUM003.A0101.SG1.1.oral_gc_rl.tsv.gz
105,585,FUM003.A0101.SG1.1.oral_gc_rl.tsv.gz
106,484,FUM003.A0101.SG1.1.oral_gc_rl.tsv.gz
107,479,FUM003.A0101.SG1.1.oral_gc_rl.tsv.gz
108,446,FUM003.A0101.SG1.1.oral_gc_rl.tsv.gz
109,426,FUM003.A0101.SG1.1.oral_gc_rl.tsv.gz
110,388,FUM003.A0101.SG1.1.oral_gc_rl.tsv.gz
111,357,FUM003.A0101.SG1.1.oral_gc_rl.tsv.gz
112,359,FUM003.A0101.SG1.1.oral_gc_rl.tsv.gz
113,315,FUM003.A0101.SG1.1.oral_gc_rl.tsv.gz
114,332,FUM003.A0101.SG1.1.oral_gc_rl.tsv.gz
115,273,FUM003.A0101.SG1.1.oral_gc_rl.tsv.gz
116,281,FUM003.A0101.SG1.1.oral_gc_rl.tsv.gz
117,304,FUM003.A0101.SG1.1.oral_gc_rl.tsv.gz
118,246,FUM003.A0101.SG1.1.oral_gc_rl.tsv.gz
119,253,FUM003.A0101.SG1.1.oral_gc_rl.tsv.gz
120,225,FUM003.A0101.SG1.1.oral_gc_rl.tsv.gz
121,204,FUM003.A0101.SG1.1.oral_gc_rl.tsv.gz
122,184,FUM003.A0101.SG1.1.oral_gc_rl.tsv.gz
123,164,FUM003.A0101.SG1.1.oral_gc_rl.tsv.gz
124,210,FUM003.A0101.SG1.1.oral_gc_rl.tsv.gz
125,169,FUM003.A0101.SG1.1.oral_gc_rl.tsv.gz
126,202,FUM003.A0101.SG1.1.oral_gc_rl.tsv.gz
127,155,FUM003.A0101.SG1.1.oral_gc_rl.tsv.gz
128,143,FUM003.A0101.SG1.1.oral_gc_rl.tsv.gz
129,141,FUM003.A0101.SG1.1.oral_gc_rl.tsv.gz
130,149,FUM003.A0101.SG1.1.oral_gc_rl.tsv.gz
131,143,FUM003.A0101.SG1.1.oral_gc_rl.tsv.gz
132,152,FUM003.A0101.SG1.1.oral_gc_rl.tsv.gz
133,123,FUM003.A0101.SG1.1.oral_gc_rl.tsv.gz
134,126,FUM003.A0101.SG1.1.oral_gc_rl.tsv.gz
135,112,FUM003.A0101.SG1.1.oral_gc_rl.tsv.gz
136,123,FUM003.A0101.SG1.1.oral_gc_rl.tsv.gz
137,90,FUM003.A0101.SG1.1.oral_gc_rl.tsv.gz
138,114,FUM003.A0101.SG1.1.oral_gc_rl.tsv.gz
139,85,FUM003.A0101.SG1.1.oral_gc_rl.tsv.gz
140,89,FUM003.A0101.SG1.1.oral_gc_rl.tsv.gz
141,78,FUM003.A0101.SG1.1.oral_gc_rl.tsv.gz
36,2211,FUM003.A0102.SG1.4.oral_gc_rl.tsv.gz
37,3897,FUM003.A0102.SG1.4.oral_gc_rl.tsv.gz
38,5105,FUM003.A0102.SG1.4.oral_gc_rl.tsv.gz
39,5550,FUM003.A0102.SG1.4.oral_gc_rl.tsv.gz
40,6339,FUM003.A0102.SG1.4.oral_gc_rl.tsv.gz
41,5987,FUM003.A0102.SG1.4.oral_gc_rl.tsv.gz
42,5765,FUM003.A0102.SG1.4.oral_gc_rl.tsv.gz
43,5895,FUM003.A0102.SG1.4.oral_gc_rl.tsv.gz
44,5807,FUM003.A0102.SG1.4.oral_gc_rl.tsv.gz
45,5363,FUM003.A0102.SG1.4.oral_gc_rl.tsv.gz
46,5297,FUM003.A0102.SG1.4.oral_gc_rl.tsv.gz
47,5205,FUM003.A0102.SG1.4.oral_gc_rl.tsv.gz
48,4388,FUM003.A0102.SG1.4.oral_gc_rl.tsv.gz
49,4383,FUM003.A0102.SG1.4.oral_gc_rl.tsv.gz
50,4240,FUM003.A0102.SG1.4.oral_gc_rl.tsv.gz
51,3821,FUM003.A0102.SG1.4.oral_gc_rl.tsv.gz
52,3689,FUM003.A0102.SG1.4.oral_gc_rl.tsv.gz
53,3448,FUM003.A0102.SG1.4.oral_gc_rl.tsv.gz
54,3232,FUM003.A0102.SG1.4.oral_gc_rl.tsv.gz
55,2976,FUM003.A0102.SG1.4.oral_gc_rl.tsv.gz
56,2767,FUM003.A0102.SG1.4.oral_gc_rl.tsv.gz
57,2477,FUM003.A0102.SG1.4.oral_gc_rl.tsv.gz
58,2485,FUM003.A0102.SG1.4.oral_gc_rl.tsv.gz
59,2315,FUM003.A0102.SG1.4.oral_gc_rl.tsv.gz
60,2080,FUM003.A0102.SG1.4.oral_gc_rl.tsv.gz
61,1856,FUM003.A0102.SG1.4.oral_gc_rl.tsv.gz
62,1794,FUM003.A0102.SG1.4.oral_gc_rl.tsv.gz
63,1619,FUM003.A0102.SG1.4.oral_gc_rl.tsv.gz
64,1442,FUM003.A0102.SG1.4.oral_gc_rl.tsv.gz
65,1542,FUM003.A0102.SG1.4.oral_gc_rl.tsv.gz
66,1353,FUM003.A0102.SG1.4.oral_gc_rl.tsv.gz
67,1369,FUM003.A0102.SG1.4.oral_gc_rl.tsv.gz
68,1083,FUM003.A0102.SG1.4.oral_gc_rl.tsv.gz
69,966,FUM003.A0102.SG1.4.oral_gc_rl.tsv.gz
70,946,FUM003.A0102.SG1.4.oral_gc_rl.tsv.gz
71,936,FUM003.A0102.SG1.4.oral_gc_rl.tsv.gz
72,759,FUM003.A0102.SG1.4.oral_gc_rl.tsv.gz
73,845,FUM003.A0102.SG1.4.oral_gc_rl.tsv.gz
74,736,FUM003.A0102.SG1.4.oral_gc_rl.tsv.gz
75,667,FUM003.A0102.SG1.4.oral_gc_rl.tsv.gz
76,1144,FUM003.A0102.SG1.4.oral_gc_rl.tsv.gz
77,551,FUM003.A0102.SG1.4.oral_gc_rl.tsv.gz
78,514,FUM003.A0102.SG1.4.oral_gc_rl.tsv.gz
79,487,FUM003.A0102.SG1.4.oral_gc_rl.tsv.gz
80,461,FUM003.A0102.SG1.4.oral_gc_rl.tsv.gz
81,383,FUM003.A0102.SG1.4.oral_gc_rl.tsv.gz
82,382,FUM003.A0102.SG1.4.oral_gc_rl.tsv.gz
83,381,FUM003.A0102.SG1.4.oral_gc_rl.tsv.gz
84,341,FUM003.A0102.SG1.4.oral_gc_rl.tsv.gz
85,336,FUM003.A0102.SG1.4.oral_gc_rl.tsv.gz
86,309,FUM003.A0102.SG1.4.oral_gc_rl.tsv.gz
87,278,FUM003.A0102.SG1.4.oral_gc_rl.tsv.gz
88,234,FUM003.A0102.SG1.4.oral_gc_rl.tsv.gz
89,235,FUM003.A0102.SG1.4.oral_gc_rl.tsv.gz
90,210,FUM003.A0102.SG1.4.oral_gc_rl.tsv.gz
91,193,FUM003.A0102.SG1.4.oral_gc_rl.tsv.gz
92,198,FUM003.A0102.SG1.4.oral_gc_rl.tsv.gz
93,173,FUM003.A0102.SG1.4.oral_gc_rl.tsv.gz
94,160,FUM003.A0102.SG1.4.oral_gc_rl.tsv.gz
95,130,FUM003.A0102.SG1.4.oral_gc_rl.tsv.gz
96,146,FUM003.A0102.SG1.4.oral_gc_rl.tsv.gz
97,123,FUM003.A0102.SG1.4.oral_gc_rl.tsv.gz
98,136,FUM003.A0102.SG1.4.oral_gc_rl.tsv.gz
99,123,FUM003.A0102.SG1.4.oral_gc_rl.tsv.gz
100,136,FUM003.A0102.SG1.4.oral_gc_rl.tsv.gz
101,111,FUM003.A0102.SG1.4.oral_gc_rl.tsv.gz
102,79,FUM003.A0102.SG1.4.oral_gc_rl.tsv.gz
103,94,FUM003.A0102.SG1.4.oral_gc_rl.tsv.gz
104,93,FUM003.A0102.SG1.4.oral_gc_rl.tsv.gz
105,92,FUM003.A0102.SG1.4.oral_gc_rl.tsv.gz
106,83,FUM003.A0102.SG1.4.oral_gc_rl.tsv.gz
107,78,FUM003.A0102.SG1.4.oral_gc_rl.tsv.gz
108,77,FUM003.A0102.SG1.4.oral_gc_rl.tsv.gz
109,47,FUM003.A0102.SG1.4.oral_gc_rl.tsv.gz
110,57,FUM003.A0102.SG1.4.oral_gc_rl.tsv.gz
111,48,FUM003.A0102.SG1.4.oral_gc_rl.tsv.gz
112,64,FUM003.A0102.SG1.4.oral_gc_rl.tsv.gz
113,50,FUM003.A0102.SG1.4.oral_gc_rl.tsv.gz
114,48,FUM003.A0102.SG1.4.oral_gc_rl.tsv.gz
115,39,FUM003.A0102.SG1.4.oral_gc_rl.tsv.gz
116,42,FUM003.A0102.SG1.4.oral_gc_rl.tsv.gz
117,39,FUM003.A0102.SG1.4.oral_gc_rl.tsv.gz
118,36,FUM003.A0102.SG1.4.oral_gc_rl.tsv.gz
119,36,FUM003.A0102.SG1.4.oral_gc_rl.tsv.gz
120,33,FUM003.A0102.SG1.4.oral_gc_rl.tsv.gz
121,31,FUM003.A0102.SG1.4.oral_gc_rl.tsv.gz
122,33,FUM003.A0102.SG1.4.oral_gc_rl.tsv.gz
123,21,FUM003.A0102.SG1.4.oral_gc_rl.tsv.gz
124,31,FUM003.A0102.SG1.4.oral_gc_rl.tsv.gz
125,26,FUM003.A0102.SG1.4.oral_gc_rl.tsv.gz
126,28,FUM003.A0102.SG1.4.oral_gc_rl.tsv.gz
127,32,FUM003.A0102.SG1.4.oral_gc_rl.tsv.gz
128,18,FUM003.A0102.SG1.4.oral_gc_rl.tsv.gz
129,15,FUM003.A0102.SG1.4.oral_gc_rl.tsv.gz
130,17,FUM003.A0102.SG1.4.oral_gc_rl.tsv.gz
131,22,FUM003.A0102.SG1.4.oral_gc_rl.tsv.gz
132,20,FUM003.A0102.SG1.4.oral_gc_rl.tsv.gz
133,16,FUM003.A0102.SG1.4.oral_gc_rl.tsv.gz
134,15,FUM003.A0102.SG1.4.oral_gc_rl.tsv.gz
135,10,FUM003.A0102.SG1.4.oral_gc_rl.tsv.gz
136,13,FUM003.A0102.SG1.4.oral_gc_rl.tsv.gz
137,16,FUM003.A0102.SG1.4.oral_gc_rl.tsv.gz
138,11,FUM003.A0102.SG1.4.oral_gc_rl.tsv.gz
139,18,FUM003.A0102.SG1.4.oral_gc_rl.tsv.gz
140,14,FUM003.A0102.SG1.4.oral_gc_rl.tsv.gz
141,9,FUM003.A0102.SG1.4.oral_gc_rl.tsv.gz
36,3803,GDN001.A0101.SG1.1.oral_gc_rl.tsv.gz
37,8871,GDN001.A0101.SG1.1.oral_gc_rl.tsv.gz
38,12772,GDN001.A0101.SG1.1.oral_gc_rl.tsv.gz
39,16857,GDN001.A0101.SG1.1.oral_gc_rl.tsv.gz
40,20307,GDN001.A0101.SG1.1.oral_gc_rl.tsv.gz
41,21143,GDN001.A0101.SG1.1.oral_gc_rl.tsv.gz
42,23992,GDN001.A0101.SG1.1.oral_gc_rl.tsv.gz
43,27891,GDN001.A0101.SG1.1.oral_gc_rl.tsv.gz
44,28319,GDN001.A0101.SG1.1.oral_gc_rl.tsv.gz
45,32029,GDN001.A0101.SG1.1.oral_gc_rl.tsv.gz
46,33777,GDN001.A0101.SG1.1.oral_gc_rl.tsv.gz
47,35908,GDN001.A0101.SG1.1.oral_gc_rl.tsv.gz
48,34953,GDN001.A0101.SG1.1.oral_gc_rl.tsv.gz
49,37026,GDN001.A0101.SG1.1.oral_gc_rl.tsv.gz
50,38244,GDN001.A0101.SG1.1.oral_gc_rl.tsv.gz
51,39172,GDN001.A0101.SG1.1.oral_gc_rl.tsv.gz
52,40548,GDN001.A0101.SG1.1.oral_gc_rl.tsv.gz
53,40977,GDN001.A0101.SG1.1.oral_gc_rl.tsv.gz
54,42563,GDN001.A0101.SG1.1.oral_gc_rl.tsv.gz
55,41805,GDN001.A0101.SG1.1.oral_gc_rl.tsv.gz
56,40217,GDN001.A0101.SG1.1.oral_gc_rl.tsv.gz
57,41341,GDN001.A0101.SG1.1.oral_gc_rl.tsv.gz
58,41305,GDN001.A0101.SG1.1.oral_gc_rl.tsv.gz
59,41383,GDN001.A0101.SG1.1.oral_gc_rl.tsv.gz
60,40750,GDN001.A0101.SG1.1.oral_gc_rl.tsv.gz
61,39018,GDN001.A0101.SG1.1.oral_gc_rl.tsv.gz
62,36761,GDN001.A0101.SG1.1.oral_gc_rl.tsv.gz
63,37223,GDN001.A0101.SG1.1.oral_gc_rl.tsv.gz
64,35720,GDN001.A0101.SG1.1.oral_gc_rl.tsv.gz
65,35999,GDN001.A0101.SG1.1.oral_gc_rl.tsv.gz
66,34442,GDN001.A0101.SG1.1.oral_gc_rl.tsv.gz
67,33907,GDN001.A0101.SG1.1.oral_gc_rl.tsv.gz
68,27719,GDN001.A0101.SG1.1.oral_gc_rl.tsv.gz
69,27562,GDN001.A0101.SG1.1.oral_gc_rl.tsv.gz
70,27717,GDN001.A0101.SG1.1.oral_gc_rl.tsv.gz
71,24342,GDN001.A0101.SG1.1.oral_gc_rl.tsv.gz
72,24725,GDN001.A0101.SG1.1.oral_gc_rl.tsv.gz
73,24265,GDN001.A0101.SG1.1.oral_gc_rl.tsv.gz
74,23168,GDN001.A0101.SG1.1.oral_gc_rl.tsv.gz
75,21944,GDN001.A0101.SG1.1.oral_gc_rl.tsv.gz
76,26165,GDN001.A0101.SG1.1.oral_gc_rl.tsv.gz
77,18426,GDN001.A0101.SG1.1.oral_gc_rl.tsv.gz
78,17986,GDN001.A0101.SG1.1.oral_gc_rl.tsv.gz
79,17805,GDN001.A0101.SG1.1.oral_gc_rl.tsv.gz
80,15687,GDN001.A0101.SG1.1.oral_gc_rl.tsv.gz
81,14424,GDN001.A0101.SG1.1.oral_gc_rl.tsv.gz
82,13591,GDN001.A0101.SG1.1.oral_gc_rl.tsv.gz
83,12567,GDN001.A0101.SG1.1.oral_gc_rl.tsv.gz
84,12166,GDN001.A0101.SG1.1.oral_gc_rl.tsv.gz
85,12130,GDN001.A0101.SG1.1.oral_gc_rl.tsv.gz
86,10725,GDN001.A0101.SG1.1.oral_gc_rl.tsv.gz
87,10205,GDN001.A0101.SG1.1.oral_gc_rl.tsv.gz
88,9420,GDN001.A0101.SG1.1.oral_gc_rl.tsv.gz
89,8618,GDN001.A0101.SG1.1.oral_gc_rl.tsv.gz
90,8270,GDN001.A0101.SG1.1.oral_gc_rl.tsv.gz
91,8182,GDN001.A0101.SG1.1.oral_gc_rl.tsv.gz
92,7472,GDN001.A0101.SG1.1.oral_gc_rl.tsv.gz
93,6562,GDN001.A0101.SG1.1.oral_gc_rl.tsv.gz
94,6734,GDN001.A0101.SG1.1.oral_gc_rl.tsv.gz
95,5536,GDN001.A0101.SG1.1.oral_gc_rl.tsv.gz
96,5463,GDN001.A0101.SG1.1.oral_gc_rl.tsv.gz
97,5355,GDN001.A0101.SG1.1.oral_gc_rl.tsv.gz
98,4751,GDN001.A0101.SG1.1.oral_gc_rl.tsv.gz
99,4473,GDN001.A0101.SG1.1.oral_gc_rl.tsv.gz
100,4298,GDN001.A0101.SG1.1.oral_gc_rl.tsv.gz
101,3911,GDN001.A0101.SG1.1.oral_gc_rl.tsv.gz
102,3849,GDN001.A0101.SG1.1.oral_gc_rl.tsv.gz
103,3338,GDN001.A0101.SG1.1.oral_gc_rl.tsv.gz
104,3066,GDN001.A0101.SG1.1.oral_gc_rl.tsv.gz
105,3252,GDN001.A0101.SG1.1.oral_gc_rl.tsv.gz
106,2503,GDN001.A0101.SG1.1.oral_gc_rl.tsv.gz
107,2525,GDN001.A0101.SG1.1.oral_gc_rl.tsv.gz
108,2309,GDN001.A0101.SG1.1.oral_gc_rl.tsv.gz
109,1911,GDN001.A0101.SG1.1.oral_gc_rl.tsv.gz
110,2006,GDN001.A0101.SG1.1.oral_gc_rl.tsv.gz
111,1801,GDN001.A0101.SG1.1.oral_gc_rl.tsv.gz
112,1854,GDN001.A0101.SG1.1.oral_gc_rl.tsv.gz
113,1761,GDN001.A0101.SG1.1.oral_gc_rl.tsv.gz
114,1633,GDN001.A0101.SG1.1.oral_gc_rl.tsv.gz
115,1292,GDN001.A0101.SG1.1.oral_gc_rl.tsv.gz
116,1321,GDN001.A0101.SG1.1.oral_gc_rl.tsv.gz
117,1181,GDN001.A0101.SG1.1.oral_gc_rl.tsv.gz
118,1086,GDN001.A0101.SG1.1.oral_gc_rl.tsv.gz
119,1145,GDN001.A0101.SG1.1.oral_gc_rl.tsv.gz
120,1040,GDN001.A0101.SG1.1.oral_gc_rl.tsv.gz
121,926,GDN001.A0101.SG1.1.oral_gc_rl.tsv.gz
122,849,GDN001.A0101.SG1.1.oral_gc_rl.tsv.gz
123,814,GDN001.A0101.SG1.1.oral_gc_rl.tsv.gz
124,693,GDN001.A0101.SG1.1.oral_gc_rl.tsv.gz
125,735,GDN001.A0101.SG1.1.oral_gc_rl.tsv.gz
126,714,GDN001.A0101.SG1.1.oral_gc_rl.tsv.gz
127,602,GDN001.A0101.SG1.1.oral_gc_rl.tsv.gz
128,648,GDN001.A0101.SG1.1.oral_gc_rl.tsv.gz
129,449,GDN001.A0101.SG1.1.oral_gc_rl.tsv.gz
130,489,GDN001.A0101.SG1.1.oral_gc_rl.tsv.gz
131,455,GDN001.A0101.SG1.1.oral_gc_rl.tsv.gz
132,367,GDN001.A0101.SG1.1.oral_gc_rl.tsv.gz
133,412,GDN001.A0101.SG1.1.oral_gc_rl.tsv.gz
134,315,GDN001.A0101.SG1.1.oral_gc_rl.tsv.gz
135,284,GDN001.A0101.SG1.1.oral_gc_rl.tsv.gz
136,308,GDN001.A0101.SG1.1.oral_gc_rl.tsv.gz
137,280,GDN001.A0101.SG1.1.oral_gc_rl.tsv.gz
138,247,GDN001.A0101.SG1.1.oral_gc_rl.tsv.gz
139,256,GDN001.A0101.SG1.1.oral_gc_rl.tsv.gz
140,256,GDN001.A0101.SG1.1.oral_gc_rl.tsv.gz
141,171,GDN001.A0101.SG1.1.oral_gc_rl.tsv.gz
36,4080,GDN001.A0102.SG1.3.oral_gc_rl.tsv.gz
37,7964,GDN001.A0102.SG1.3.oral_gc_rl.tsv.gz
38,11351,GDN001.A0102.SG1.3.oral_gc_rl.tsv.gz
39,13773,GDN001.A0102.SG1.3.oral_gc_rl.tsv.gz
40,15368,GDN001.A0102.SG1.3.oral_gc_rl.tsv.gz
41,15903,GDN001.A0102.SG1.3.oral_gc_rl.tsv.gz
42,15843,GDN001.A0102.SG1.3.oral_gc_rl.tsv.gz
43,16102,GDN001.A0102.SG1.3.oral_gc_rl.tsv.gz
44,16423,GDN001.A0102.SG1.3.oral_gc_rl.tsv.gz
45,15800,GDN001.A0102.SG1.3.oral_gc_rl.tsv.gz
46,16354,GDN001.A0102.SG1.3.oral_gc_rl.tsv.gz
47,16126,GDN001.A0102.SG1.3.oral_gc_rl.tsv.gz
48,14910,GDN001.A0102.SG1.3.oral_gc_rl.tsv.gz
49,14913,GDN001.A0102.SG1.3.oral_gc_rl.tsv.gz
50,14823,GDN001.A0102.SG1.3.oral_gc_rl.tsv.gz
51,13946,GDN001.A0102.SG1.3.oral_gc_rl.tsv.gz
52,13610,GDN001.A0102.SG1.3.oral_gc_rl.tsv.gz
53,13369,GDN001.A0102.SG1.3.oral_gc_rl.tsv.gz
54,12874,GDN001.A0102.SG1.3.oral_gc_rl.tsv.gz
55,11785,GDN001.A0102.SG1.3.oral_gc_rl.tsv.gz
56,11548,GDN001.A0102.SG1.3.oral_gc_rl.tsv.gz
57,10673,GDN001.A0102.SG1.3.oral_gc_rl.tsv.gz
58,10614,GDN001.A0102.SG1.3.oral_gc_rl.tsv.gz
59,10262,GDN001.A0102.SG1.3.oral_gc_rl.tsv.gz
60,9470,GDN001.A0102.SG1.3.oral_gc_rl.tsv.gz
61,8740,GDN001.A0102.SG1.3.oral_gc_rl.tsv.gz
62,8335,GDN001.A0102.SG1.3.oral_gc_rl.tsv.gz
63,7800,GDN001.A0102.SG1.3.oral_gc_rl.tsv.gz
64,7338,GDN001.A0102.SG1.3.oral_gc_rl.tsv.gz
65,7153,GDN001.A0102.SG1.3.oral_gc_rl.tsv.gz
66,6415,GDN001.A0102.SG1.3.oral_gc_rl.tsv.gz
67,6397,GDN001.A0102.SG1.3.oral_gc_rl.tsv.gz
68,5736,GDN001.A0102.SG1.3.oral_gc_rl.tsv.gz
69,5037,GDN001.A0102.SG1.3.oral_gc_rl.tsv.gz
70,4911,GDN001.A0102.SG1.3.oral_gc_rl.tsv.gz
71,4626,GDN001.A0102.SG1.3.oral_gc_rl.tsv.gz
72,4297,GDN001.A0102.SG1.3.oral_gc_rl.tsv.gz
73,4266,GDN001.A0102.SG1.3.oral_gc_rl.tsv.gz
74,3923,GDN001.A0102.SG1.3.oral_gc_rl.tsv.gz
75,3246,GDN001.A0102.SG1.3.oral_gc_rl.tsv.gz
76,3838,GDN001.A0102.SG1.3.oral_gc_rl.tsv.gz
77,2973,GDN001.A0102.SG1.3.oral_gc_rl.tsv.gz
78,2703,GDN001.A0102.SG1.3.oral_gc_rl.tsv.gz
79,2691,GDN001.A0102.SG1.3.oral_gc_rl.tsv.gz
80,2470,GDN001.A0102.SG1.3.oral_gc_rl.tsv.gz
81,2003,GDN001.A0102.SG1.3.oral_gc_rl.tsv.gz
82,1886,GDN001.A0102.SG1.3.oral_gc_rl.tsv.gz
83,1820,GDN001.A0102.SG1.3.oral_gc_rl.tsv.gz
84,1773,GDN001.A0102.SG1.3.oral_gc_rl.tsv.gz
85,1532,GDN001.A0102.SG1.3.oral_gc_rl.tsv.gz
86,1497,GDN001.A0102.SG1.3.oral_gc_rl.tsv.gz
87,1309,GDN001.A0102.SG1.3.oral_gc_rl.tsv.gz
88,1215,GDN001.A0102.SG1.3.oral_gc_rl.tsv.gz
89,1122,GDN001.A0102.SG1.3.oral_gc_rl.tsv.gz
90,1057,GDN001.A0102.SG1.3.oral_gc_rl.tsv.gz
91,1088,GDN001.A0102.SG1.3.oral_gc_rl.tsv.gz
92,917,GDN001.A0102.SG1.3.oral_gc_rl.tsv.gz
93,852,GDN001.A0102.SG1.3.oral_gc_rl.tsv.gz
94,758,GDN001.A0102.SG1.3.oral_gc_rl.tsv.gz
95,722,GDN001.A0102.SG1.3.oral_gc_rl.tsv.gz
96,644,GDN001.A0102.SG1.3.oral_gc_rl.tsv.gz
97,664,GDN001.A0102.SG1.3.oral_gc_rl.tsv.gz
98,598,GDN001.A0102.SG1.3.oral_gc_rl.tsv.gz
99,546,GDN001.A0102.SG1.3.oral_gc_rl.tsv.gz
100,517,GDN001.A0102.SG1.3.oral_gc_rl.tsv.gz
101,411,GDN001.A0102.SG1.3.oral_gc_rl.tsv.gz
102,342,GDN001.A0102.SG1.3.oral_gc_rl.tsv.gz
103,395,GDN001.A0102.SG1.3.oral_gc_rl.tsv.gz
104,384,GDN001.A0102.SG1.3.oral_gc_rl.tsv.gz
105,343,GDN001.A0102.SG1.3.oral_gc_rl.tsv.gz
106,314,GDN001.A0102.SG1.3.oral_gc_rl.tsv.gz
107,270,GDN001.A0102.SG1.3.oral_gc_rl.tsv.gz
108,234,GDN001.A0102.SG1.3.oral_gc_rl.tsv.gz
109,259,GDN001.A0102.SG1.3.oral_gc_rl.tsv.gz
110,235,GDN001.A0102.SG1.3.oral_gc_rl.tsv.gz
111,219,GDN001.A0102.SG1.3.oral_gc_rl.tsv.gz
112,210,GDN001.A0102.SG1.3.oral_gc_rl.tsv.gz
113,190,GDN001.A0102.SG1.3.oral_gc_rl.tsv.gz
114,182,GDN001.A0102.SG1.3.oral_gc_rl.tsv.gz
115,132,GDN001.A0102.SG1.3.oral_gc_rl.tsv.gz
116,136,GDN001.A0102.SG1.3.oral_gc_rl.tsv.gz
117,158,GDN001.A0102.SG1.3.oral_gc_rl.tsv.gz
118,132,GDN001.A0102.SG1.3.oral_gc_rl.tsv.gz
119,87,GDN001.A0102.SG1.3.oral_gc_rl.tsv.gz
120,107,GDN001.A0102.SG1.3.oral_gc_rl.tsv.gz
121,108,GDN001.A0102.SG1.3.oral_gc_rl.tsv.gz
122,120,GDN001.A0102.SG1.3.oral_gc_rl.tsv.gz
123,87,GDN001.A0102.SG1.3.oral_gc_rl.tsv.gz
124,74,GDN001.A0102.SG1.3.oral_gc_rl.tsv.gz
125,91,GDN001.A0102.SG1.3.oral_gc_rl.tsv.gz
126,72,GDN001.A0102.SG1.3.oral_gc_rl.tsv.gz
127,70,GDN001.A0102.SG1.3.oral_gc_rl.tsv.gz
128,67,GDN001.A0102.SG1.3.oral_gc_rl.tsv.gz
129,53,GDN001.A0102.SG1.3.oral_gc_rl.tsv.gz
130,77,GDN001.A0102.SG1.3.oral_gc_rl.tsv.gz
131,49,GDN001.A0102.SG1.3.oral_gc_rl.tsv.gz
132,38,GDN001.A0102.SG1.3.oral_gc_rl.tsv.gz
133,36,GDN001.A0102.SG1.3.oral_gc_rl.tsv.gz
134,34,GDN001.A0102.SG1.3.oral_gc_rl.tsv.gz
135,49,GDN001.A0102.SG1.3.oral_gc_rl.tsv.gz
136,28,GDN001.A0102.SG1.3.oral_gc_rl.tsv.gz
137,41,GDN001.A0102.SG1.3.oral_gc_rl.tsv.gz
138,45,GDN001.A0102.SG1.3.oral_gc_rl.tsv.gz
139,25,GDN001.A0102.SG1.3.oral_gc_rl.tsv.gz
140,33,GDN001.A0102.SG1.3.oral_gc_rl.tsv.gz
141,18,GDN001.A0102.SG1.3.oral_gc_rl.tsv.gz
36,23472,GOY005.A0101.SG1.2.oral_gc_rl.tsv.gz
37,44874,GOY005.A0101.SG1.2.oral_gc_rl.tsv.gz
38,60885,GOY005.A0101.SG1.2.oral_gc_rl.tsv.gz
39,74174,GOY005.A0101.SG1.2.oral_gc_rl.tsv.gz
40,84993,GOY005.A0101.SG1.2.oral_gc_rl.tsv.gz
41,81785,GOY005.A0101.SG1.2.oral_gc_rl.tsv.gz
42,85774,GOY005.A0101.SG1.2.oral_gc_rl.tsv.gz
43,88747,GOY005.A0101.SG1.2.oral_gc_rl.tsv.gz
44,88871,GOY005.A0101.SG1.2.oral_gc_rl.tsv.gz
45,90002,GOY005.A0101.SG1.2.oral_gc_rl.tsv.gz
46,90056,GOY005.A0101.SG1.2.oral_gc_rl.tsv.gz
47,88045,GOY005.A0101.SG1.2.oral_gc_rl.tsv.gz
48,81814,GOY005.A0101.SG1.2.oral_gc_rl.tsv.gz
49,80801,GOY005.A0101.SG1.2.oral_gc_rl.tsv.gz
50,78440,GOY005.A0101.SG1.2.oral_gc_rl.tsv.gz
51,77499,GOY005.A0101.SG1.2.oral_gc_rl.tsv.gz
52,74989,GOY005.A0101.SG1.2.oral_gc_rl.tsv.gz
53,71989,GOY005.A0101.SG1.2.oral_gc_rl.tsv.gz
54,70677,GOY005.A0101.SG1.2.oral_gc_rl.tsv.gz
55,63348,GOY005.A0101.SG1.2.oral_gc_rl.tsv.gz
56,60110,GOY005.A0101.SG1.2.oral_gc_rl.tsv.gz
57,58496,GOY005.A0101.SG1.2.oral_gc_rl.tsv.gz
58,56042,GOY005.A0101.SG1.2.oral_gc_rl.tsv.gz
59,53624,GOY005.A0101.SG1.2.oral_gc_rl.tsv.gz
60,51444,GOY005.A0101.SG1.2.oral_gc_rl.tsv.gz
61,46678,GOY005.A0101.SG1.2.oral_gc_rl.tsv.gz
62,43702,GOY005.A0101.SG1.2.oral_gc_rl.tsv.gz
63,42133,GOY005.A0101.SG1.2.oral_gc_rl.tsv.gz
64,40242,GOY005.A0101.SG1.2.oral_gc_rl.tsv.gz
65,37831,GOY005.A0101.SG1.2.oral_gc_rl.tsv.gz
66,36549,GOY005.A0101.SG1.2.oral_gc_rl.tsv.gz
67,35295,GOY005.A0101.SG1.2.oral_gc_rl.tsv.gz
68,28413,GOY005.A0101.SG1.2.oral_gc_rl.tsv.gz
69,27728,GOY005.A0101.SG1.2.oral_gc_rl.tsv.gz
70,26369,GOY005.A0101.SG1.2.oral_gc_rl.tsv.gz
71,25051,GOY005.A0101.SG1.2.oral_gc_rl.tsv.gz
72,24522,GOY005.A0101.SG1.2.oral_gc_rl.tsv.gz
73,24052,GOY005.A0101.SG1.2.oral_gc_rl.tsv.gz
74,22059,GOY005.A0101.SG1.2.oral_gc_rl.tsv.gz
75,23903,GOY005.A0101.SG1.2.oral_gc_rl.tsv.gz
76,42007,GOY005.A0101.SG1.2.oral_gc_rl.tsv.gz
77,17062,GOY005.A0101.SG1.2.oral_gc_rl.tsv.gz
78,16349,GOY005.A0101.SG1.2.oral_gc_rl.tsv.gz
79,15314,GOY005.A0101.SG1.2.oral_gc_rl.tsv.gz
80,14648,GOY005.A0101.SG1.2.oral_gc_rl.tsv.gz
81,12682,GOY005.A0101.SG1.2.oral_gc_rl.tsv.gz
82,12226,GOY005.A0101.SG1.2.oral_gc_rl.tsv.gz
83,11295,GOY005.A0101.SG1.2.oral_gc_rl.tsv.gz
84,11116,GOY005.A0101.SG1.2.oral_gc_rl.tsv.gz
85,10648,GOY005.A0101.SG1.2.oral_gc_rl.tsv.gz
86,9716,GOY005.A0101.SG1.2.oral_gc_rl.tsv.gz
87,9466,GOY005.A0101.SG1.2.oral_gc_rl.tsv.gz
88,8498,GOY005.A0101.SG1.2.oral_gc_rl.tsv.gz
89,7916,GOY005.A0101.SG1.2.oral_gc_rl.tsv.gz
90,7680,GOY005.A0101.SG1.2.oral_gc_rl.tsv.gz
91,7237,GOY005.A0101.SG1.2.oral_gc_rl.tsv.gz
92,7025,GOY005.A0101.SG1.2.oral_gc_rl.tsv.gz
93,6641,GOY005.A0101.SG1.2.oral_gc_rl.tsv.gz
94,6355,GOY005.A0101.SG1.2.oral_gc_rl.tsv.gz
95,5487,GOY005.A0101.SG1.2.oral_gc_rl.tsv.gz
96,5472,GOY005.A0101.SG1.2.oral_gc_rl.tsv.gz
97,5186,GOY005.A0101.SG1.2.oral_gc_rl.tsv.gz
98,4994,GOY005.A0101.SG1.2.oral_gc_rl.tsv.gz
99,4780,GOY005.A0101.SG1.2.oral_gc_rl.tsv.gz
100,4462,GOY005.A0101.SG1.2.oral_gc_rl.tsv.gz
101,3901,GOY005.A0101.SG1.2.oral_gc_rl.tsv.gz
102,3772,GOY005.A0101.SG1.2.oral_gc_rl.tsv.gz
103,3616,GOY005.A0101.SG1.2.oral_gc_rl.tsv.gz
104,3433,GOY005.A0101.SG1.2.oral_gc_rl.tsv.gz
105,3322,GOY005.A0101.SG1.2.oral_gc_rl.tsv.gz
106,3212,GOY005.A0101.SG1.2.oral_gc_rl.tsv.gz
107,2974,GOY005.A0101.SG1.2.oral_gc_rl.tsv.gz
108,2763,GOY005.A0101.SG1.2.oral_gc_rl.tsv.gz
109,2686,GOY005.A0101.SG1.2.oral_gc_rl.tsv.gz
110,2482,GOY005.A0101.SG1.2.oral_gc_rl.tsv.gz
111,2427,GOY005.A0101.SG1.2.oral_gc_rl.tsv.gz
112,2418,GOY005.A0101.SG1.2.oral_gc_rl.tsv.gz
113,2326,GOY005.A0101.SG1.2.oral_gc_rl.tsv.gz
114,2216,GOY005.A0101.SG1.2.oral_gc_rl.tsv.gz
115,2019,GOY005.A0101.SG1.2.oral_gc_rl.tsv.gz
116,1777,GOY005.A0101.SG1.2.oral_gc_rl.tsv.gz
117,1790,GOY005.A0101.SG1.2.oral_gc_rl.tsv.gz
118,1713,GOY005.A0101.SG1.2.oral_gc_rl.tsv.gz
119,1621,GOY005.A0101.SG1.2.oral_gc_rl.tsv.gz
120,1603,GOY005.A0101.SG1.2.oral_gc_rl.tsv.gz
121,1430,GOY005.A0101.SG1.2.oral_gc_rl.tsv.gz
122,1402,GOY005.A0101.SG1.2.oral_gc_rl.tsv.gz
123,1293,GOY005.A0101.SG1.2.oral_gc_rl.tsv.gz
124,1318,GOY005.A0101.SG1.2.oral_gc_rl.tsv.gz
125,1268,GOY005.A0101.SG1.2.oral_gc_rl.tsv.gz
126,1230,GOY005.A0101.SG1.2.oral_gc_rl.tsv.gz
127,1084,GOY005.A0101.SG1.2.oral_gc_rl.tsv.gz
128,1023,GOY005.A0101.SG1.2.oral_gc_rl.tsv.gz
129,982,GOY005.A0101.SG1.2.oral_gc_rl.tsv.gz
130,972,GOY005.A0101.SG1.2.oral_gc_rl.tsv.gz
131,931,GOY005.A0101.SG1.2.oral_gc_rl.tsv.gz
132,899,GOY005.A0101.SG1.2.oral_gc_rl.tsv.gz
133,842,GOY005.A0101.SG1.2.oral_gc_rl.tsv.gz
134,853,GOY005.A0101.SG1.2.oral_gc_rl.tsv.gz
135,755,GOY005.A0101.SG1.2.oral_gc_rl.tsv.gz
136,767,GOY005.A0101.SG1.2.oral_gc_rl.tsv.gz
137,758,GOY005.A0101.SG1.2.oral_gc_rl.tsv.gz
138,680,GOY005.A0101.SG1.2.oral_gc_rl.tsv.gz
139,614,GOY005.A0101.SG1.2.oral_gc_rl.tsv.gz
140,670,GOY005.A0101.SG1.2.oral_gc_rl.tsv.gz
141,509,GOY005.A0101.SG1.2.oral_gc_rl.tsv.gz
36,8800,GOY005.A0103.SG1.4.oral_gc_rl.tsv.gz
37,15730,GOY005.A0103.SG1.4.oral_gc_rl.tsv.gz
38,20476,GOY005.A0103.SG1.4.oral_gc_rl.tsv.gz
39,23137,GOY005.A0103.SG1.4.oral_gc_rl.tsv.gz
40,25288,GOY005.A0103.SG1.4.oral_gc_rl.tsv.gz
41,24179,GOY005.A0103.SG1.4.oral_gc_rl.tsv.gz
42,24121,GOY005.A0103.SG1.4.oral_gc_rl.tsv.gz
43,24287,GOY005.A0103.SG1.4.oral_gc_rl.tsv.gz
44,23957,GOY005.A0103.SG1.4.oral_gc_rl.tsv.gz
45,22964,GOY005.A0103.SG1.4.oral_gc_rl.tsv.gz
46,22229,GOY005.A0103.SG1.4.oral_gc_rl.tsv.gz
47,21971,GOY005.A0103.SG1.4.oral_gc_rl.tsv.gz
48,18985,GOY005.A0103.SG1.4.oral_gc_rl.tsv.gz
49,18211,GOY005.A0103.SG1.4.oral_gc_rl.tsv.gz
50,17913,GOY005.A0103.SG1.4.oral_gc_rl.tsv.gz
51,16555,GOY005.A0103.SG1.4.oral_gc_rl.tsv.gz
52,15765,GOY005.A0103.SG1.4.oral_gc_rl.tsv.gz
53,15099,GOY005.A0103.SG1.4.oral_gc_rl.tsv.gz
54,13908,GOY005.A0103.SG1.4.oral_gc_rl.tsv.gz
55,12431,GOY005.A0103.SG1.4.oral_gc_rl.tsv.gz
56,11757,GOY005.A0103.SG1.4.oral_gc_rl.tsv.gz
57,10786,GOY005.A0103.SG1.4.oral_gc_rl.tsv.gz
58,10224,GOY005.A0103.SG1.4.oral_gc_rl.tsv.gz
59,9796,GOY005.A0103.SG1.4.oral_gc_rl.tsv.gz
60,8821,GOY005.A0103.SG1.4.oral_gc_rl.tsv.gz
61,7785,GOY005.A0103.SG1.4.oral_gc_rl.tsv.gz
62,7447,GOY005.A0103.SG1.4.oral_gc_rl.tsv.gz
63,6653,GOY005.A0103.SG1.4.oral_gc_rl.tsv.gz
64,6192,GOY005.A0103.SG1.4.oral_gc_rl.tsv.gz
65,6070,GOY005.A0103.SG1.4.oral_gc_rl.tsv.gz
66,5525,GOY005.A0103.SG1.4.oral_gc_rl.tsv.gz
67,5252,GOY005.A0103.SG1.4.oral_gc_rl.tsv.gz
68,4217,GOY005.A0103.SG1.4.oral_gc_rl.tsv.gz
69,3766,GOY005.A0103.SG1.4.oral_gc_rl.tsv.gz
70,3619,GOY005.A0103.SG1.4.oral_gc_rl.tsv.gz
71,3339,GOY005.A0103.SG1.4.oral_gc_rl.tsv.gz
72,3240,GOY005.A0103.SG1.4.oral_gc_rl.tsv.gz
73,3046,GOY005.A0103.SG1.4.oral_gc_rl.tsv.gz
74,2731,GOY005.A0103.SG1.4.oral_gc_rl.tsv.gz
75,2429,GOY005.A0103.SG1.4.oral_gc_rl.tsv.gz
76,3034,GOY005.A0103.SG1.4.oral_gc_rl.tsv.gz
77,1961,GOY005.A0103.SG1.4.oral_gc_rl.tsv.gz
78,1898,GOY005.A0103.SG1.4.oral_gc_rl.tsv.gz
79,1798,GOY005.A0103.SG1.4.oral_gc_rl.tsv.gz
80,1613,GOY005.A0103.SG1.4.oral_gc_rl.tsv.gz
81,1414,GOY005.A0103.SG1.4.oral_gc_rl.tsv.gz
82,1369,GOY005.A0103.SG1.4.oral_gc_rl.tsv.gz
83,1221,GOY005.A0103.SG1.4.oral_gc_rl.tsv.gz
84,1103,GOY005.A0103.SG1.4.oral_gc_rl.tsv.gz
85,1034,GOY005.A0103.SG1.4.oral_gc_rl.tsv.gz
86,1019,GOY005.A0103.SG1.4.oral_gc_rl.tsv.gz
87,852,GOY005.A0103.SG1.4.oral_gc_rl.tsv.gz
88,772,GOY005.A0103.SG1.4.oral_gc_rl.tsv.gz
89,728,GOY005.A0103.SG1.4.oral_gc_rl.tsv.gz
90,705,GOY005.A0103.SG1.4.oral_gc_rl.tsv.gz
91,633,GOY005.A0103.SG1.4.oral_gc_rl.tsv.gz
92,661,GOY005.A0103.SG1.4.oral_gc_rl.tsv.gz
93,547,GOY005.A0103.SG1.4.oral_gc_rl.tsv.gz
94,571,GOY005.A0103.SG1.4.oral_gc_rl.tsv.gz
95,468,GOY005.A0103.SG1.4.oral_gc_rl.tsv.gz
96,372,GOY005.A0103.SG1.4.oral_gc_rl.tsv.gz
97,390,GOY005.A0103.SG1.4.oral_gc_rl.tsv.gz
98,390,GOY005.A0103.SG1.4.oral_gc_rl.tsv.gz
99,338,GOY005.A0103.SG1.4.oral_gc_rl.tsv.gz
100,316,GOY005.A0103.SG1.4.oral_gc_rl.tsv.gz
101,279,GOY005.A0103.SG1.4.oral_gc_rl.tsv.gz
102,269,GOY005.A0103.SG1.4.oral_gc_rl.tsv.gz
103,233,GOY005.A0103.SG1.4.oral_gc_rl.tsv.gz
104,258,GOY005.A0103.SG1.4.oral_gc_rl.tsv.gz
105,230,GOY005.A0103.SG1.4.oral_gc_rl.tsv.gz
106,212,GOY005.A0103.SG1.4.oral_gc_rl.tsv.gz
107,186,GOY005.A0103.SG1.4.oral_gc_rl.tsv.gz
108,197,GOY005.A0103.SG1.4.oral_gc_rl.tsv.gz
109,142,GOY005.A0103.SG1.4.oral_gc_rl.tsv.gz
110,171,GOY005.A0103.SG1.4.oral_gc_rl.tsv.gz
111,149,GOY005.A0103.SG1.4.oral_gc_rl.tsv.gz
112,130,GOY005.A0103.SG1.4.oral_gc_rl.tsv.gz
113,119,GOY005.A0103.SG1.4.oral_gc_rl.tsv.gz
114,125,GOY005.A0103.SG1.4.oral_gc_rl.tsv.gz
115,115,GOY005.A0103.SG1.4.oral_gc_rl.tsv.gz
116,88,GOY005.A0103.SG1.4.oral_gc_rl.tsv.gz
117,104,GOY005.A0103.SG1.4.oral_gc_rl.tsv.gz
118,94,GOY005.A0103.SG1.4.oral_gc_rl.tsv.gz
119,100,GOY005.A0103.SG1.4.oral_gc_rl.tsv.gz
120,100,GOY005.A0103.SG1.4.oral_gc_rl.tsv.gz
121,81,GOY005.A0103.SG1.4.oral_gc_rl.tsv.gz
122,82,GOY005.A0103.SG1.4.oral_gc_rl.tsv.gz
123,74,GOY005.A0103.SG1.4.oral_gc_rl.tsv.gz
124,58,GOY005.A0103.SG1.4.oral_gc_rl.tsv.gz
125,73,GOY005.A0103.SG1.4.oral_gc_rl.tsv.gz
126,54,GOY005.A0103.SG1.4.oral_gc_rl.tsv.gz
127,45,GOY005.A0103.SG1.4.oral_gc_rl.tsv.gz
128,58,GOY005.A0103.SG1.4.oral_gc_rl.tsv.gz
129,47,GOY005.A0103.SG1.4.oral_gc_rl.tsv.gz
130,49,GOY005.A0103.SG1.4.oral_gc_rl.tsv.gz
131,41,GOY005.A0103.SG1.4.oral_gc_rl.tsv.gz
132,35,GOY005.A0103.SG1.4.oral_gc_rl.tsv.gz
133,44,GOY005.A0103.SG1.4.oral_gc_rl.tsv.gz
134,37,GOY005.A0103.SG1.4.oral_gc_rl.tsv.gz
135,34,GOY005.A0103.SG1.4.oral_gc_rl.tsv.gz
136,41,GOY005.A0103.SG1.4.oral_gc_rl.tsv.gz
137,31,GOY005.A0103.SG1.4.oral_gc_rl.tsv.gz
138,21,GOY005.A0103.SG1.4.oral_gc_rl.tsv.gz
139,27,GOY005.A0103.SG1.4.oral_gc_rl.tsv.gz
140,27,GOY005.A0103.SG1.4.oral_gc_rl.tsv.gz
141,24,GOY005.A0103.SG1.4.oral_gc_rl.tsv.gz
36,16578,GOY006.A0101.SG1.2.oral_gc_rl.tsv.gz
37,32417,GOY006.A0101.SG1.2.oral_gc_rl.tsv.gz
38,42743,GOY006.A0101.SG1.2.oral_gc_rl.tsv.gz
39,52181,GOY006.A0101.SG1.2.oral_gc_rl.tsv.gz
40,60581,GOY006.A0101.SG1.2.oral_gc_rl.tsv.gz
41,59215,GOY006.A0101.SG1.2.oral_gc_rl.tsv.gz
42,62303,GOY006.A0101.SG1.2.oral_gc_rl.tsv.gz
43,64823,GOY006.A0101.SG1.2.oral_gc_rl.tsv.gz
44,64939,GOY006.A0101.SG1.2.oral_gc_rl.tsv.gz
45,67396,GOY006.A0101.SG1.2.oral_gc_rl.tsv.gz
46,68451,GOY006.A0101.SG1.2.oral_gc_rl.tsv.gz
47,67499,GOY006.A0101.SG1.2.oral_gc_rl.tsv.gz
48,62652,GOY006.A0101.SG1.2.oral_gc_rl.tsv.gz
49,63490,GOY006.A0101.SG1.2.oral_gc_rl.tsv.gz
50,62220,GOY006.A0101.SG1.2.oral_gc_rl.tsv.gz
51,61845,GOY006.A0101.SG1.2.oral_gc_rl.tsv.gz
52,61557,GOY006.A0101.SG1.2.oral_gc_rl.tsv.gz
53,59503,GOY006.A0101.SG1.2.oral_gc_rl.tsv.gz
54,58912,GOY006.A0101.SG1.2.oral_gc_rl.tsv.gz
55,54504,GOY006.A0101.SG1.2.oral_gc_rl.tsv.gz
56,52526,GOY006.A0101.SG1.2.oral_gc_rl.tsv.gz
57,51470,GOY006.A0101.SG1.2.oral_gc_rl.tsv.gz
58,50740,GOY006.A0101.SG1.2.oral_gc_rl.tsv.gz
59,48620,GOY006.A0101.SG1.2.oral_gc_rl.tsv.gz
60,47622,GOY006.A0101.SG1.2.oral_gc_rl.tsv.gz
61,44086,GOY006.A0101.SG1.2.oral_gc_rl.tsv.gz
62,42109,GOY006.A0101.SG1.2.oral_gc_rl.tsv.gz
63,41006,GOY006.A0101.SG1.2.oral_gc_rl.tsv.gz
64,39947,GOY006.A0101.SG1.2.oral_gc_rl.tsv.gz
65,38087,GOY006.A0101.SG1.2.oral_gc_rl.tsv.gz
66,37273,GOY006.A0101.SG1.2.oral_gc_rl.tsv.gz
67,36120,GOY006.A0101.SG1.2.oral_gc_rl.tsv.gz
68,30259,GOY006.A0101.SG1.2.oral_gc_rl.tsv.gz
69,29669,GOY006.A0101.SG1.2.oral_gc_rl.tsv.gz
70,28751,GOY006.A0101.SG1.2.oral_gc_rl.tsv.gz
71,27452,GOY006.A0101.SG1.2.oral_gc_rl.tsv.gz
72,27377,GOY006.A0101.SG1.2.oral_gc_rl.tsv.gz
73,27016,GOY006.A0101.SG1.2.oral_gc_rl.tsv.gz
74,25033,GOY006.A0101.SG1.2.oral_gc_rl.tsv.gz
75,28283,GOY006.A0101.SG1.2.oral_gc_rl.tsv.gz
76,50765,GOY006.A0101.SG1.2.oral_gc_rl.tsv.gz
77,19913,GOY006.A0101.SG1.2.oral_gc_rl.tsv.gz
78,19375,GOY006.A0101.SG1.2.oral_gc_rl.tsv.gz
79,18904,GOY006.A0101.SG1.2.oral_gc_rl.tsv.gz
80,17599,GOY006.A0101.SG1.2.oral_gc_rl.tsv.gz
81,15862,GOY006.A0101.SG1.2.oral_gc_rl.tsv.gz
82,15517,GOY006.A0101.SG1.2.oral_gc_rl.tsv.gz
83,14411,GOY006.A0101.SG1.2.oral_gc_rl.tsv.gz
84,14266,GOY006.A0101.SG1.2.oral_gc_rl.tsv.gz
85,13659,GOY006.A0101.SG1.2.oral_gc_rl.tsv.gz
86,12897,GOY006.A0101.SG1.2.oral_gc_rl.tsv.gz
87,12468,GOY006.A0101.SG1.2.oral_gc_rl.tsv.gz
88,11416,GOY006.A0101.SG1.2.oral_gc_rl.tsv.gz
89,10585,GOY006.A0101.SG1.2.oral_gc_rl.tsv.gz
90,10501,GOY006.A0101.SG1.2.oral_gc_rl.tsv.gz
91,10056,GOY006.A0101.SG1.2.oral_gc_rl.tsv.gz
92,9488,GOY006.A0101.SG1.2.oral_gc_rl.tsv.gz
93,9040,GOY006.A0101.SG1.2.oral_gc_rl.tsv.gz
94,8941,GOY006.A0101.SG1.2.oral_gc_rl.tsv.gz
95,7948,GOY006.A0101.SG1.2.oral_gc_rl.tsv.gz
96,7665,GOY006.A0101.SG1.2.oral_gc_rl.tsv.gz
97,7362,GOY006.A0101.SG1.2.oral_gc_rl.tsv.gz
98,7063,GOY006.A0101.SG1.2.oral_gc_rl.tsv.gz
99,6707,GOY006.A0101.SG1.2.oral_gc_rl.tsv.gz
100,6546,GOY006.A0101.SG1.2.oral_gc_rl.tsv.gz
101,5679,GOY006.A0101.SG1.2.oral_gc_rl.tsv.gz
102,5619,GOY006.A0101.SG1.2.oral_gc_rl.tsv.gz
103,5429,GOY006.A0101.SG1.2.oral_gc_rl.tsv.gz
104,5014,GOY006.A0101.SG1.2.oral_gc_rl.tsv.gz
105,4947,GOY006.A0101.SG1.2.oral_gc_rl.tsv.gz
106,4763,GOY006.A0101.SG1.2.oral_gc_rl.tsv.gz
107,4503,GOY006.A0101.SG1.2.oral_gc_rl.tsv.gz
108,4118,GOY006.A0101.SG1.2.oral_gc_rl.tsv.gz
109,3924,GOY006.A0101.SG1.2.oral_gc_rl.tsv.gz
110,3685,GOY006.A0101.SG1.2.oral_gc_rl.tsv.gz
111,3550,GOY006.A0101.SG1.2.oral_gc_rl.tsv.gz
112,3525,GOY006.A0101.SG1.2.oral_gc_rl.tsv.gz
113,3324,GOY006.A0101.SG1.2.oral_gc_rl.tsv.gz
114,3230,GOY006.A0101.SG1.2.oral_gc_rl.tsv.gz
115,2899,GOY006.A0101.SG1.2.oral_gc_rl.tsv.gz
116,2747,GOY006.A0101.SG1.2.oral_gc_rl.tsv.gz
117,2798,GOY006.A0101.SG1.2.oral_gc_rl.tsv.gz
118,2569,GOY006.A0101.SG1.2.oral_gc_rl.tsv.gz
119,2450,GOY006.A0101.SG1.2.oral_gc_rl.tsv.gz
120,2392,GOY006.A0101.SG1.2.oral_gc_rl.tsv.gz
121,2208,GOY006.A0101.SG1.2.oral_gc_rl.tsv.gz
122,2139,GOY006.A0101.SG1.2.oral_gc_rl.tsv.gz
123,2057,GOY006.A0101.SG1.2.oral_gc_rl.tsv.gz
124,2023,GOY006.A0101.SG1.2.oral_gc_rl.tsv.gz
125,1832,GOY006.A0101.SG1.2.oral_gc_rl.tsv.gz
126,1794,GOY006.A0101.SG1.2.oral_gc_rl.tsv.gz
127,1673,GOY006.A0101.SG1.2.oral_gc_rl.tsv.gz
128,1489,GOY006.A0101.SG1.2.oral_gc_rl.tsv.gz
129,1499,GOY006.A0101.SG1.2.oral_gc_rl.tsv.gz
130,1442,GOY006.A0101.SG1.2.oral_gc_rl.tsv.gz
131,1403,GOY006.A0101.SG1.2.oral_gc_rl.tsv.gz
132,1334,GOY006.A0101.SG1.2.oral_gc_rl.tsv.gz
133,1314,GOY006.A0101.SG1.2.oral_gc_rl.tsv.gz
134,1221,GOY006.A0101.SG1.2.oral_gc_rl.tsv.gz
135,1144,GOY006.A0101.SG1.2.oral_gc_rl.tsv.gz
136,1102,GOY006.A0101.SG1.2.oral_gc_rl.tsv.gz
137,1036,GOY006.A0101.SG1.2.oral_gc_rl.tsv.gz
138,928,GOY006.A0101.SG1.2.oral_gc_rl.tsv.gz
139,909,GOY006.A0101.SG1.2.oral_gc_rl.tsv.gz
140,919,GOY006.A0101.SG1.2.oral_gc_rl.tsv.gz
141,776,GOY006.A0101.SG1.2.oral_gc_rl.tsv.gz
36,8163,GOY006.A0102.SG1.5.oral_gc_rl.tsv.gz
37,14631,GOY006.A0102.SG1.5.oral_gc_rl.tsv.gz
38,19180,GOY006.A0102.SG1.5.oral_gc_rl.tsv.gz
39,21758,GOY006.A0102.SG1.5.oral_gc_rl.tsv.gz
40,23789,GOY006.A0102.SG1.5.oral_gc_rl.tsv.gz
41,23256,GOY006.A0102.SG1.5.oral_gc_rl.tsv.gz
42,22651,GOY006.A0102.SG1.5.oral_gc_rl.tsv.gz
43,23016,GOY006.A0102.SG1.5.oral_gc_rl.tsv.gz
44,23216,GOY006.A0102.SG1.5.oral_gc_rl.tsv.gz
45,22463,GOY006.A0102.SG1.5.oral_gc_rl.tsv.gz
46,21847,GOY006.A0102.SG1.5.oral_gc_rl.tsv.gz
47,22011,GOY006.A0102.SG1.5.oral_gc_rl.tsv.gz
48,19397,GOY006.A0102.SG1.5.oral_gc_rl.tsv.gz
49,18838,GOY006.A0102.SG1.5.oral_gc_rl.tsv.gz
50,18323,GOY006.A0102.SG1.5.oral_gc_rl.tsv.gz
51,17200,GOY006.A0102.SG1.5.oral_gc_rl.tsv.gz
52,16473,GOY006.A0102.SG1.5.oral_gc_rl.tsv.gz
53,15949,GOY006.A0102.SG1.5.oral_gc_rl.tsv.gz
54,14837,GOY006.A0102.SG1.5.oral_gc_rl.tsv.gz
55,13407,GOY006.A0102.SG1.5.oral_gc_rl.tsv.gz
56,13101,GOY006.A0102.SG1.5.oral_gc_rl.tsv.gz
57,12012,GOY006.A0102.SG1.5.oral_gc_rl.tsv.gz
58,11660,GOY006.A0102.SG1.5.oral_gc_rl.tsv.gz
59,11025,GOY006.A0102.SG1.5.oral_gc_rl.tsv.gz
60,10254,GOY006.A0102.SG1.5.oral_gc_rl.tsv.gz
61,9169,GOY006.A0102.SG1.5.oral_gc_rl.tsv.gz
62,8750,GOY006.A0102.SG1.5.oral_gc_rl.tsv.gz
63,8064,GOY006.A0102.SG1.5.oral_gc_rl.tsv.gz
64,7651,GOY006.A0102.SG1.5.oral_gc_rl.tsv.gz
65,7528,GOY006.A0102.SG1.5.oral_gc_rl.tsv.gz
66,6891,GOY006.A0102.SG1.5.oral_gc_rl.tsv.gz
67,6480,GOY006.A0102.SG1.5.oral_gc_rl.tsv.gz
68,5695,GOY006.A0102.SG1.5.oral_gc_rl.tsv.gz
69,5112,GOY006.A0102.SG1.5.oral_gc_rl.tsv.gz
70,5080,GOY006.A0102.SG1.5.oral_gc_rl.tsv.gz
71,4716,GOY006.A0102.SG1.5.oral_gc_rl.tsv.gz
72,4329,GOY006.A0102.SG1.5.oral_gc_rl.tsv.gz
73,4309,GOY006.A0102.SG1.5.oral_gc_rl.tsv.gz
74,3989,GOY006.A0102.SG1.5.oral_gc_rl.tsv.gz
75,3449,GOY006.A0102.SG1.5.oral_gc_rl.tsv.gz
76,4927,GOY006.A0102.SG1.5.oral_gc_rl.tsv.gz
77,3071,GOY006.A0102.SG1.5.oral_gc_rl.tsv.gz
78,2864,GOY006.A0102.SG1.5.oral_gc_rl.tsv.gz
79,2631,GOY006.A0102.SG1.5.oral_gc_rl.tsv.gz
80,2600,GOY006.A0102.SG1.5.oral_gc_rl.tsv.gz
81,2171,GOY006.A0102.SG1.5.oral_gc_rl.tsv.gz
82,2107,GOY006.A0102.SG1.5.oral_gc_rl.tsv.gz
83,1893,GOY006.A0102.SG1.5.oral_gc_rl.tsv.gz
84,1840,GOY006.A0102.SG1.5.oral_gc_rl.tsv.gz
85,1697,GOY006.A0102.SG1.5.oral_gc_rl.tsv.gz
86,1561,GOY006.A0102.SG1.5.oral_gc_rl.tsv.gz
87,1550,GOY006.A0102.SG1.5.oral_gc_rl.tsv.gz
88,1420,GOY006.A0102.SG1.5.oral_gc_rl.tsv.gz
89,1306,GOY006.A0102.SG1.5.oral_gc_rl.tsv.gz
90,1256,GOY006.A0102.SG1.5.oral_gc_rl.tsv.gz
91,1104,GOY006.A0102.SG1.5.oral_gc_rl.tsv.gz
92,1124,GOY006.A0102.SG1.5.oral_gc_rl.tsv.gz
93,1024,GOY006.A0102.SG1.5.oral_gc_rl.tsv.gz
94,960,GOY006.A0102.SG1.5.oral_gc_rl.tsv.gz
95,837,GOY006.A0102.SG1.5.oral_gc_rl.tsv.gz
96,787,GOY006.A0102.SG1.5.oral_gc_rl.tsv.gz
97,815,GOY006.A0102.SG1.5.oral_gc_rl.tsv.gz
98,692,GOY006.A0102.SG1.5.oral_gc_rl.tsv.gz
99,681,GOY006.A0102.SG1.5.oral_gc_rl.tsv.gz
100,621,GOY006.A0102.SG1.5.oral_gc_rl.tsv.gz
101,581,GOY006.A0102.SG1.5.oral_gc_rl.tsv.gz
102,524,GOY006.A0102.SG1.5.oral_gc_rl.tsv.gz
103,474,GOY006.A0102.SG1.5.oral_gc_rl.tsv.gz
104,516,GOY006.A0102.SG1.5.oral_gc_rl.tsv.gz
105,445,GOY006.A0102.SG1.5.oral_gc_rl.tsv.gz
106,434,GOY006.A0102.SG1.5.oral_gc_rl.tsv.gz
107,391,GOY006.A0102.SG1.5.oral_gc_rl.tsv.gz
108,359,GOY006.A0102.SG1.5.oral_gc_rl.tsv.gz
109,325,GOY006.A0102.SG1.5.oral_gc_rl.tsv.gz
110,323,GOY006.A0102.SG1.5.oral_gc_rl.tsv.gz
111,293,GOY006.A0102.SG1.5.oral_gc_rl.tsv.gz
112,271,GOY006.A0102.SG1.5.oral_gc_rl.tsv.gz
113,272,GOY006.A0102.SG1.5.oral_gc_rl.tsv.gz
114,281,GOY006.A0102.SG1.5.oral_gc_rl.tsv.gz
115,268,GOY006.A0102.SG1.5.oral_gc_rl.tsv.gz
116,228,GOY006.A0102.SG1.5.oral_gc_rl.tsv.gz
117,238,GOY006.A0102.SG1.5.oral_gc_rl.tsv.gz
118,201,GOY006.A0102.SG1.5.oral_gc_rl.tsv.gz
119,183,GOY006.A0102.SG1.5.oral_gc_rl.tsv.gz
120,175,GOY006.A0102.SG1.5.oral_gc_rl.tsv.gz
121,182,GOY006.A0102.SG1.5.oral_gc_rl.tsv.gz
122,165,GOY006.A0102.SG1.5.oral_gc_rl.tsv.gz
123,158,GOY006.A0102.SG1.5.oral_gc_rl.tsv.gz
124,130,GOY006.A0102.SG1.5.oral_gc_rl.tsv.gz
125,117,GOY006.A0102.SG1.5.oral_gc_rl.tsv.gz
126,124,GOY006.A0102.SG1.5.oral_gc_rl.tsv.gz
127,132,GOY006.A0102.SG1.5.oral_gc_rl.tsv.gz
128,95,GOY006.A0102.SG1.5.oral_gc_rl.tsv.gz
129,109,GOY006.A0102.SG1.5.oral_gc_rl.tsv.gz
130,90,GOY006.A0102.SG1.5.oral_gc_rl.tsv.gz
131,101,GOY006.A0102.SG1.5.oral_gc_rl.tsv.gz
132,89,GOY006.A0102.SG1.5.oral_gc_rl.tsv.gz
133,91,GOY006.A0102.SG1.5.oral_gc_rl.tsv.gz
134,81,GOY006.A0102.SG1.5.oral_gc_rl.tsv.gz
135,76,GOY006.A0102.SG1.5.oral_gc_rl.tsv.gz
136,105,GOY006.A0102.SG1.5.oral_gc_rl.tsv.gz
137,71,GOY006.A0102.SG1.5.oral_gc_rl.tsv.gz
138,60,GOY006.A0102.SG1.5.oral_gc_rl.tsv.gz
139,47,GOY006.A0102.SG1.5.oral_gc_rl.tsv.gz
140,55,GOY006.A0102.SG1.5.oral_gc_rl.tsv.gz
141,50,GOY006.A0102.SG1.5.oral_gc_rl.tsv.gz
36,10,GUE001.A0101.SG1.1.oral_gc_rl.tsv.gz
37,2,GUE001.A0101.SG1.1.oral_gc_rl.tsv.gz
38,4,GUE001.A0101.SG1.1.oral_gc_rl.tsv.gz
39,7,GUE001.A0101.SG1.1.oral_gc_rl.tsv.gz
40,3,GUE001.A0101.SG1.1.oral_gc_rl.tsv.gz
41,12,GUE001.A0101.SG1.1.oral_gc_rl.tsv.gz
42,4,GUE001.A0101.SG1.1.oral_gc_rl.tsv.gz
43,12,GUE001.A0101.SG1.1.oral_gc_rl.tsv.gz
44,22,GUE001.A0101.SG1.1.oral_gc_rl.tsv.gz
45,10,GUE001.A0101.SG1.1.oral_gc_rl.tsv.gz
46,37,GUE001.A0101.SG1.1.oral_gc_rl.tsv.gz
47,16,GUE001.A0101.SG1.1.oral_gc_rl.tsv.gz
48,25,GUE001.A0101.SG1.1.oral_gc_rl.tsv.gz
49,14,GUE001.A0101.SG1.1.oral_gc_rl.tsv.gz
50,16,GUE001.A0101.SG1.1.oral_gc_rl.tsv.gz
51,22,GUE001.A0101.SG1.1.oral_gc_rl.tsv.gz
52,16,GUE001.A0101.SG1.1.oral_gc_rl.tsv.gz
53,10,GUE001.A0101.SG1.1.oral_gc_rl.tsv.gz
54,18,GUE001.A0101.SG1.1.oral_gc_rl.tsv.gz
55,30,GUE001.A0101.SG1.1.oral_gc_rl.tsv.gz
56,42,GUE001.A0101.SG1.1.oral_gc_rl.tsv.gz
57,24,GUE001.A0101.SG1.1.oral_gc_rl.tsv.gz
58,12,GUE001.A0101.SG1.1.oral_gc_rl.tsv.gz
59,28,GUE001.A0101.SG1.1.oral_gc_rl.tsv.gz
60,15,GUE001.A0101.SG1.1.oral_gc_rl.tsv.gz
61,14,GUE001.A0101.SG1.1.oral_gc_rl.tsv.gz
62,25,GUE001.A0101.SG1.1.oral_gc_rl.tsv.gz
63,16,GUE001.A0101.SG1.1.oral_gc_rl.tsv.gz
64,45,GUE001.A0101.SG1.1.oral_gc_rl.tsv.gz
65,39,GUE001.A0101.SG1.1.oral_gc_rl.tsv.gz
66,23,GUE001.A0101.SG1.1.oral_gc_rl.tsv.gz
67,25,GUE001.A0101.SG1.1.oral_gc_rl.tsv.gz
68,16,GUE001.A0101.SG1.1.oral_gc_rl.tsv.gz
69,32,GUE001.A0101.SG1.1.oral_gc_rl.tsv.gz
70,3,GUE001.A0101.SG1.1.oral_gc_rl.tsv.gz
71,21,GUE001.A0101.SG1.1.oral_gc_rl.tsv.gz
72,32,GUE001.A0101.SG1.1.oral_gc_rl.tsv.gz
73,19,GUE001.A0101.SG1.1.oral_gc_rl.tsv.gz
74,47,GUE001.A0101.SG1.1.oral_gc_rl.tsv.gz
75,112,GUE001.A0101.SG1.1.oral_gc_rl.tsv.gz
76,309,GUE001.A0101.SG1.1.oral_gc_rl.tsv.gz
77,17,GUE001.A0101.SG1.1.oral_gc_rl.tsv.gz
78,17,GUE001.A0101.SG1.1.oral_gc_rl.tsv.gz
79,20,GUE001.A0101.SG1.1.oral_gc_rl.tsv.gz
80,11,GUE001.A0101.SG1.1.oral_gc_rl.tsv.gz
81,21,GUE001.A0101.SG1.1.oral_gc_rl.tsv.gz
82,14,GUE001.A0101.SG1.1.oral_gc_rl.tsv.gz
83,15,GUE001.A0101.SG1.1.oral_gc_rl.tsv.gz
84,13,GUE001.A0101.SG1.1.oral_gc_rl.tsv.gz
85,10,GUE001.A0101.SG1.1.oral_gc_rl.tsv.gz
86,14,GUE001.A0101.SG1.1.oral_gc_rl.tsv.gz
87,33,GUE001.A0101.SG1.1.oral_gc_rl.tsv.gz
88,14,GUE001.A0101.SG1.1.oral_gc_rl.tsv.gz
89,8,GUE001.A0101.SG1.1.oral_gc_rl.tsv.gz
90,31,GUE001.A0101.SG1.1.oral_gc_rl.tsv.gz
91,17,GUE001.A0101.SG1.1.oral_gc_rl.tsv.gz
92,21,GUE001.A0101.SG1.1.oral_gc_rl.tsv.gz
93,16,GUE001.A0101.SG1.1.oral_gc_rl.tsv.gz
94,23,GUE001.A0101.SG1.1.oral_gc_rl.tsv.gz
95,9,GUE001.A0101.SG1.1.oral_gc_rl.tsv.gz
96,7,GUE001.A0101.SG1.1.oral_gc_rl.tsv.gz
97,21,GUE001.A0101.SG1.1.oral_gc_rl.tsv.gz
98,13,GUE001.A0101.SG1.1.oral_gc_rl.tsv.gz
99,7,GUE001.A0101.SG1.1.oral_gc_rl.tsv.gz
100,9,GUE001.A0101.SG1.1.oral_gc_rl.tsv.gz
101,6,GUE001.A0101.SG1.1.oral_gc_rl.tsv.gz
102,11,GUE001.A0101.SG1.1.oral_gc_rl.tsv.gz
103,8,GUE001.A0101.SG1.1.oral_gc_rl.tsv.gz
104,13,GUE001.A0101.SG1.1.oral_gc_rl.tsv.gz
105,12,GUE001.A0101.SG1.1.oral_gc_rl.tsv.gz
106,13,GUE001.A0101.SG1.1.oral_gc_rl.tsv.gz
107,12,GUE001.A0101.SG1.1.oral_gc_rl.tsv.gz
108,21,GUE001.A0101.SG1.1.oral_gc_rl.tsv.gz
109,15,GUE001.A0101.SG1.1.oral_gc_rl.tsv.gz
110,25,GUE001.A0101.SG1.1.oral_gc_rl.tsv.gz
111,7,GUE001.A0101.SG1.1.oral_gc_rl.tsv.gz
112,5,GUE001.A0101.SG1.1.oral_gc_rl.tsv.gz
113,6,GUE001.A0101.SG1.1.oral_gc_rl.tsv.gz
114,5,GUE001.A0101.SG1.1.oral_gc_rl.tsv.gz
115,2,GUE001.A0101.SG1.1.oral_gc_rl.tsv.gz
116,16,GUE001.A0101.SG1.1.oral_gc_rl.tsv.gz
117,5,GUE001.A0101.SG1.1.oral_gc_rl.tsv.gz
118,17,GUE001.A0101.SG1.1.oral_gc_rl.tsv.gz
119,8,GUE001.A0101.SG1.1.oral_gc_rl.tsv.gz
120,9,GUE001.A0101.SG1.1.oral_gc_rl.tsv.gz
121,1,GUE001.A0101.SG1.1.oral_gc_rl.tsv.gz
122,2,GUE001.A0101.SG1.1.oral_gc_rl.tsv.gz
123,4,GUE001.A0101.SG1.1.oral_gc_rl.tsv.gz
124,7,GUE001.A0101.SG1.1.oral_gc_rl.tsv.gz
125,2,GUE001.A0101.SG1.1.oral_gc_rl.tsv.gz
126,9,GUE001.A0101.SG1.1.oral_gc_rl.tsv.gz
127,15,GUE001.A0101.SG1.1.oral_gc_rl.tsv.gz
128,5,GUE001.A0101.SG1.1.oral_gc_rl.tsv.gz
129,12,GUE001.A0101.SG1.1.oral_gc_rl.tsv.gz
130,6,GUE001.A0101.SG1.1.oral_gc_rl.tsv.gz
131,2,GUE001.A0101.SG1.1.oral_gc_rl.tsv.gz
132,13,GUE001.A0101.SG1.1.oral_gc_rl.tsv.gz
133,9,GUE001.A0101.SG1.1.oral_gc_rl.tsv.gz
134,11,GUE001.A0101.SG1.1.oral_gc_rl.tsv.gz
135,3,GUE001.A0101.SG1.1.oral_gc_rl.tsv.gz
136,7,GUE001.A0101.SG1.1.oral_gc_rl.tsv.gz
137,5,GUE001.A0101.SG1.1.oral_gc_rl.tsv.gz
138,7,GUE001.A0101.SG1.1.oral_gc_rl.tsv.gz
139,5,GUE001.A0101.SG1.1.oral_gc_rl.tsv.gz
140,2,GUE001.A0101.SG1.1.oral_gc_rl.tsv.gz
141,4,GUE001.A0101.SG1.1.oral_gc_rl.tsv.gz
36,3,GUE001.A0102.SG1.4.oral_gc_rl.tsv.gz
37,6,GUE001.A0102.SG1.4.oral_gc_rl.tsv.gz
38,2,GUE001.A0102.SG1.4.oral_gc_rl.tsv.gz
39,5,GUE001.A0102.SG1.4.oral_gc_rl.tsv.gz
40,7,GUE001.A0102.SG1.4.oral_gc_rl.tsv.gz
41,7,GUE001.A0102.SG1.4.oral_gc_rl.tsv.gz
42,6,GUE001.A0102.SG1.4.oral_gc_rl.tsv.gz
43,5,GUE001.A0102.SG1.4.oral_gc_rl.tsv.gz
44,4,GUE001.A0102.SG1.4.oral_gc_rl.tsv.gz
45,8,GUE001.A0102.SG1.4.oral_gc_rl.tsv.gz
46,12,GUE001.A0102.SG1.4.oral_gc_rl.tsv.gz
47,4,GUE001.A0102.SG1.4.oral_gc_rl.tsv.gz
48,3,GUE001.A0102.SG1.4.oral_gc_rl.tsv.gz
49,8,GUE001.A0102.SG1.4.oral_gc_rl.tsv.gz
50,4,GUE001.A0102.SG1.4.oral_gc_rl.tsv.gz
51,4,GUE001.A0102.SG1.4.oral_gc_rl.tsv.gz
52,3,GUE001.A0102.SG1.4.oral_gc_rl.tsv.gz
53,4,GUE001.A0102.SG1.4.oral_gc_rl.tsv.gz
54,2,GUE001.A0102.SG1.4.oral_gc_rl.tsv.gz
55,4,GUE001.A0102.SG1.4.oral_gc_rl.tsv.gz
56,5,GUE001.A0102.SG1.4.oral_gc_rl.tsv.gz
57,6,GUE001.A0102.SG1.4.oral_gc_rl.tsv.gz
58,4,GUE001.A0102.SG1.4.oral_gc_rl.tsv.gz
59,3,GUE001.A0102.SG1.4.oral_gc_rl.tsv.gz
60,2,GUE001.A0102.SG1.4.oral_gc_rl.tsv.gz
61,6,GUE001.A0102.SG1.4.oral_gc_rl.tsv.gz
62,5,GUE001.A0102.SG1.4.oral_gc_rl.tsv.gz
63,3,GUE001.A0102.SG1.4.oral_gc_rl.tsv.gz
64,4,GUE001.A0102.SG1.4.oral_gc_rl.tsv.gz
65,1,GUE001.A0102.SG1.4.oral_gc_rl.tsv.gz
66,2,GUE001.A0102.SG1.4.oral_gc_rl.tsv.gz
67,7,GUE001.A0102.SG1.4.oral_gc_rl.tsv.gz
68,1,GUE001.A0102.SG1.4.oral_gc_rl.tsv.gz
69,3,GUE001.A0102.SG1.4.oral_gc_rl.tsv.gz
70,1,GUE001.A0102.SG1.4.oral_gc_rl.tsv.gz
71,3,GUE001.A0102.SG1.4.oral_gc_rl.tsv.gz
72,3,GUE001.A0102.SG1.4.oral_gc_rl.tsv.gz
73,6,GUE001.A0102.SG1.4.oral_gc_rl.tsv.gz
75,3,GUE001.A0102.SG1.4.oral_gc_rl.tsv.gz
76,12,GUE001.A0102.SG1.4.oral_gc_rl.tsv.gz
77,1,GUE001.A0102.SG1.4.oral_gc_rl.tsv.gz
80,2,GUE001.A0102.SG1.4.oral_gc_rl.tsv.gz
81,2,GUE001.A0102.SG1.4.oral_gc_rl.tsv.gz
83,4,GUE001.A0102.SG1.4.oral_gc_rl.tsv.gz
85,2,GUE001.A0102.SG1.4.oral_gc_rl.tsv.gz
86,2,GUE001.A0102.SG1.4.oral_gc_rl.tsv.gz
88,2,GUE001.A0102.SG1.4.oral_gc_rl.tsv.gz
89,1,GUE001.A0102.SG1.4.oral_gc_rl.tsv.gz
91,2,GUE001.A0102.SG1.4.oral_gc_rl.tsv.gz
92,1,GUE001.A0102.SG1.4.oral_gc_rl.tsv.gz
94,3,GUE001.A0102.SG1.4.oral_gc_rl.tsv.gz
95,1,GUE001.A0102.SG1.4.oral_gc_rl.tsv.gz
96,1,GUE001.A0102.SG1.4.oral_gc_rl.tsv.gz
101,2,GUE001.A0102.SG1.4.oral_gc_rl.tsv.gz
103,1,GUE001.A0102.SG1.4.oral_gc_rl.tsv.gz
104,1,GUE001.A0102.SG1.4.oral_gc_rl.tsv.gz
105,2,GUE001.A0102.SG1.4.oral_gc_rl.tsv.gz
108,1,GUE001.A0102.SG1.4.oral_gc_rl.tsv.gz
110,2,GUE001.A0102.SG1.4.oral_gc_rl.tsv.gz
113,2,GUE001.A0102.SG1.4.oral_gc_rl.tsv.gz
118,1,GUE001.A0102.SG1.4.oral_gc_rl.tsv.gz
123,2,GUE001.A0102.SG1.4.oral_gc_rl.tsv.gz
125,1,GUE001.A0102.SG1.4.oral_gc_rl.tsv.gz
132,2,GUE001.A0102.SG1.4.oral_gc_rl.tsv.gz
36,13091,PES001.B0101.SG1.3.oral_gc_rl.tsv.gz
37,27397,PES001.B0101.SG1.3.oral_gc_rl.tsv.gz
38,38969,PES001.B0101.SG1.3.oral_gc_rl.tsv.gz
39,50938,PES001.B0101.SG1.3.oral_gc_rl.tsv.gz
40,61320,PES001.B0101.SG1.3.oral_gc_rl.tsv.gz
41,62428,PES001.B0101.SG1.3.oral_gc_rl.tsv.gz
42,70296,PES001.B0101.SG1.3.oral_gc_rl.tsv.gz
43,75813,PES001.B0101.SG1.3.oral_gc_rl.tsv.gz
44,79670,PES001.B0101.SG1.3.oral_gc_rl.tsv.gz
45,87000,PES001.B0101.SG1.3.oral_gc_rl.tsv.gz
46,90903,PES001.B0101.SG1.3.oral_gc_rl.tsv.gz
47,92361,PES001.B0101.SG1.3.oral_gc_rl.tsv.gz
48,91648,PES001.B0101.SG1.3.oral_gc_rl.tsv.gz
49,94120,PES001.B0101.SG1.3.oral_gc_rl.tsv.gz
50,93911,PES001.B0101.SG1.3.oral_gc_rl.tsv.gz
51,99592,PES001.B0101.SG1.3.oral_gc_rl.tsv.gz
52,101014,PES001.B0101.SG1.3.oral_gc_rl.tsv.gz
53,101715,PES001.B0101.SG1.3.oral_gc_rl.tsv.gz
54,105602,PES001.B0101.SG1.3.oral_gc_rl.tsv.gz
55,101935,PES001.B0101.SG1.3.oral_gc_rl.tsv.gz
56,99213,PES001.B0101.SG1.3.oral_gc_rl.tsv.gz
57,102758,PES001.B0101.SG1.3.oral_gc_rl.tsv.gz
58,104180,PES001.B0101.SG1.3.oral_gc_rl.tsv.gz
59,103106,PES001.B0101.SG1.3.oral_gc_rl.tsv.gz
60,105749,PES001.B0101.SG1.3.oral_gc_rl.tsv.gz
61,98784,PES001.B0101.SG1.3.oral_gc_rl.tsv.gz
62,97363,PES001.B0101.SG1.3.oral_gc_rl.tsv.gz
63,100765,PES001.B0101.SG1.3.oral_gc_rl.tsv.gz
64,101795,PES001.B0101.SG1.3.oral_gc_rl.tsv.gz
65,98787,PES001.B0101.SG1.3.oral_gc_rl.tsv.gz
66,101743,PES001.B0101.SG1.3.oral_gc_rl.tsv.gz
67,102429,PES001.B0101.SG1.3.oral_gc_rl.tsv.gz
68,84898,PES001.B0101.SG1.3.oral_gc_rl.tsv.gz
69,87640,PES001.B0101.SG1.3.oral_gc_rl.tsv.gz
70,88477,PES001.B0101.SG1.3.oral_gc_rl.tsv.gz
71,90941,PES001.B0101.SG1.3.oral_gc_rl.tsv.gz
72,104878,PES001.B0101.SG1.3.oral_gc_rl.tsv.gz
73,125954,PES001.B0101.SG1.3.oral_gc_rl.tsv.gz
74,103691,PES001.B0101.SG1.3.oral_gc_rl.tsv.gz
75,239669,PES001.B0101.SG1.3.oral_gc_rl.tsv.gz
76,881644,PES001.B0101.SG1.3.oral_gc_rl.tsv.gz
77,74966,PES001.B0101.SG1.3.oral_gc_rl.tsv.gz
78,77378,PES001.B0101.SG1.3.oral_gc_rl.tsv.gz
79,76060,PES001.B0101.SG1.3.oral_gc_rl.tsv.gz
80,74159,PES001.B0101.SG1.3.oral_gc_rl.tsv.gz
81,68544,PES001.B0101.SG1.3.oral_gc_rl.tsv.gz
82,67932,PES001.B0101.SG1.3.oral_gc_rl.tsv.gz
83,65505,PES001.B0101.SG1.3.oral_gc_rl.tsv.gz
84,66688,PES001.B0101.SG1.3.oral_gc_rl.tsv.gz
85,66984,PES001.B0101.SG1.3.oral_gc_rl.tsv.gz
86,64391,PES001.B0101.SG1.3.oral_gc_rl.tsv.gz
87,65367,PES001.B0101.SG1.3.oral_gc_rl.tsv.gz
88,59719,PES001.B0101.SG1.3.oral_gc_rl.tsv.gz
89,57178,PES001.B0101.SG1.3.oral_gc_rl.tsv.gz
90,58457,PES001.B0101.SG1.3.oral_gc_rl.tsv.gz
91,57647,PES001.B0101.SG1.3.oral_gc_rl.tsv.gz
92,55423,PES001.B0101.SG1.3.oral_gc_rl.tsv.gz
93,56605,PES001.B0101.SG1.3.oral_gc_rl.tsv.gz
94,55741,PES001.B0101.SG1.3.oral_gc_rl.tsv.gz
95,49219,PES001.B0101.SG1.3.oral_gc_rl.tsv.gz
96,49961,PES001.B0101.SG1.3.oral_gc_rl.tsv.gz
97,49515,PES001.B0101.SG1.3.oral_gc_rl.tsv.gz
98,47533,PES001.B0101.SG1.3.oral_gc_rl.tsv.gz
99,47876,PES001.B0101.SG1.3.oral_gc_rl.tsv.gz
100,47479,PES001.B0101.SG1.3.oral_gc_rl.tsv.gz
101,41321,PES001.B0101.SG1.3.oral_gc_rl.tsv.gz
102,42237,PES001.B0101.SG1.3.oral_gc_rl.tsv.gz
103,41691,PES001.B0101.SG1.3.oral_gc_rl.tsv.gz
104,39989,PES001.B0101.SG1.3.oral_gc_rl.tsv.gz
105,40567,PES001.B0101.SG1.3.oral_gc_rl.tsv.gz
106,40023,PES001.B0101.SG1.3.oral_gc_rl.tsv.gz
107,38229,PES001.B0101.SG1.3.oral_gc_rl.tsv.gz
108,35987,PES001.B0101.SG1.3.oral_gc_rl.tsv.gz
109,35152,PES001.B0101.SG1.3.oral_gc_rl.tsv.gz
110,33382,PES001.B0101.SG1.3.oral_gc_rl.tsv.gz
111,33964,PES001.B0101.SG1.3.oral_gc_rl.tsv.gz
112,33375,PES001.B0101.SG1.3.oral_gc_rl.tsv.gz
113,32262,PES001.B0101.SG1.3.oral_gc_rl.tsv.gz
114,32977,PES001.B0101.SG1.3.oral_gc_rl.tsv.gz
115,29785,PES001.B0101.SG1.3.oral_gc_rl.tsv.gz
116,28683,PES001.B0101.SG1.3.oral_gc_rl.tsv.gz
117,28726,PES001.B0101.SG1.3.oral_gc_rl.tsv.gz
118,28448,PES001.B0101.SG1.3.oral_gc_rl.tsv.gz
119,27077,PES001.B0101.SG1.3.oral_gc_rl.tsv.gz
120,27212,PES001.B0101.SG1.3.oral_gc_rl.tsv.gz
121,25313,PES001.B0101.SG1.3.oral_gc_rl.tsv.gz
122,23759,PES001.B0101.SG1.3.oral_gc_rl.tsv.gz
123,23740,PES001.B0101.SG1.3.oral_gc_rl.tsv.gz
124,23548,PES001.B0101.SG1.3.oral_gc_rl.tsv.gz
125,22763,PES001.B0101.SG1.3.oral_gc_rl.tsv.gz
126,22978,PES001.B0101.SG1.3.oral_gc_rl.tsv.gz
127,22418,PES001.B0101.SG1.3.oral_gc_rl.tsv.gz
128,20010,PES001.B0101.SG1.3.oral_gc_rl.tsv.gz
129,20295,PES001.B0101.SG1.3.oral_gc_rl.tsv.gz
130,19741,PES001.B0101.SG1.3.oral_gc_rl.tsv.gz
131,19062,PES001.B0101.SG1.3.oral_gc_rl.tsv.gz
132,19035,PES001.B0101.SG1.3.oral_gc_rl.tsv.gz
133,18948,PES001.B0101.SG1.3.oral_gc_rl.tsv.gz
134,17963,PES001.B0101.SG1.3.oral_gc_rl.tsv.gz
135,16880,PES001.B0101.SG1.3.oral_gc_rl.tsv.gz
136,16747,PES001.B0101.SG1.3.oral_gc_rl.tsv.gz
137,16242,PES001.B0101.SG1.3.oral_gc_rl.tsv.gz
138,15897,PES001.B0101.SG1.3.oral_gc_rl.tsv.gz
139,15183,PES001.B0101.SG1.3.oral_gc_rl.tsv.gz
140,15574,PES001.B0101.SG1.3.oral_gc_rl.tsv.gz
141,13375,PES001.B0101.SG1.3.oral_gc_rl.tsv.gz
36,8716,PES001.B0102.SG1.5.oral_gc_rl.tsv.gz
37,16890,PES001.B0102.SG1.5.oral_gc_rl.tsv.gz
38,23175,PES001.B0102.SG1.5.oral_gc_rl.tsv.gz
39,26920,PES001.B0102.SG1.5.oral_gc_rl.tsv.gz
40,31691,PES001.B0102.SG1.5.oral_gc_rl.tsv.gz
41,31276,PES001.B0102.SG1.5.oral_gc_rl.tsv.gz
42,30858,PES001.B0102.SG1.5.oral_gc_rl.tsv.gz
43,32880,PES001.B0102.SG1.5.oral_gc_rl.tsv.gz
44,33775,PES001.B0102.SG1.5.oral_gc_rl.tsv.gz
45,32707,PES001.B0102.SG1.5.oral_gc_rl.tsv.gz
46,34023,PES001.B0102.SG1.5.oral_gc_rl.tsv.gz
47,34022,PES001.B0102.SG1.5.oral_gc_rl.tsv.gz
48,30624,PES001.B0102.SG1.5.oral_gc_rl.tsv.gz
49,31429,PES001.B0102.SG1.5.oral_gc_rl.tsv.gz
50,31425,PES001.B0102.SG1.5.oral_gc_rl.tsv.gz
51,30404,PES001.B0102.SG1.5.oral_gc_rl.tsv.gz
52,30140,PES001.B0102.SG1.5.oral_gc_rl.tsv.gz
53,30431,PES001.B0102.SG1.5.oral_gc_rl.tsv.gz
54,28897,PES001.B0102.SG1.5.oral_gc_rl.tsv.gz
55,27436,PES001.B0102.SG1.5.oral_gc_rl.tsv.gz
56,27363,PES001.B0102.SG1.5.oral_gc_rl.tsv.gz
57,25965,PES001.B0102.SG1.5.oral_gc_rl.tsv.gz
58,26196,PES001.B0102.SG1.5.oral_gc_rl.tsv.gz
59,26231,PES001.B0102.SG1.5.oral_gc_rl.tsv.gz
60,24754,PES001.B0102.SG1.5.oral_gc_rl.tsv.gz
61,23218,PES001.B0102.SG1.5.oral_gc_rl.tsv.gz
62,23157,PES001.B0102.SG1.5.oral_gc_rl.tsv.gz
63,21896,PES001.B0102.SG1.5.oral_gc_rl.tsv.gz
64,22090,PES001.B0102.SG1.5.oral_gc_rl.tsv.gz
65,21896,PES001.B0102.SG1.5.oral_gc_rl.tsv.gz
66,20848,PES001.B0102.SG1.5.oral_gc_rl.tsv.gz
67,20952,PES001.B0102.SG1.5.oral_gc_rl.tsv.gz
68,17784,PES001.B0102.SG1.5.oral_gc_rl.tsv.gz
69,17049,PES001.B0102.SG1.5.oral_gc_rl.tsv.gz
70,17045,PES001.B0102.SG1.5.oral_gc_rl.tsv.gz
71,17874,PES001.B0102.SG1.5.oral_gc_rl.tsv.gz
72,18367,PES001.B0102.SG1.5.oral_gc_rl.tsv.gz
73,24025,PES001.B0102.SG1.5.oral_gc_rl.tsv.gz
74,16481,PES001.B0102.SG1.5.oral_gc_rl.tsv.gz
75,18981,PES001.B0102.SG1.5.oral_gc_rl.tsv.gz
76,77251,PES001.B0102.SG1.5.oral_gc_rl.tsv.gz
77,13412,PES001.B0102.SG1.5.oral_gc_rl.tsv.gz
78,12809,PES001.B0102.SG1.5.oral_gc_rl.tsv.gz
79,12829,PES001.B0102.SG1.5.oral_gc_rl.tsv.gz
80,12707,PES001.B0102.SG1.5.oral_gc_rl.tsv.gz
81,10815,PES001.B0102.SG1.5.oral_gc_rl.tsv.gz
82,10772,PES001.B0102.SG1.5.oral_gc_rl.tsv.gz
83,10784,PES001.B0102.SG1.5.oral_gc_rl.tsv.gz
84,10003,PES001.B0102.SG1.5.oral_gc_rl.tsv.gz
85,10100,PES001.B0102.SG1.5.oral_gc_rl.tsv.gz
86,9691,PES001.B0102.SG1.5.oral_gc_rl.tsv.gz
87,9422,PES001.B0102.SG1.5.oral_gc_rl.tsv.gz
88,8598,PES001.B0102.SG1.5.oral_gc_rl.tsv.gz
89,8620,PES001.B0102.SG1.5.oral_gc_rl.tsv.gz
90,7956,PES001.B0102.SG1.5.oral_gc_rl.tsv.gz
91,8056,PES001.B0102.SG1.5.oral_gc_rl.tsv.gz
92,7907,PES001.B0102.SG1.5.oral_gc_rl.tsv.gz
93,7570,PES001.B0102.SG1.5.oral_gc_rl.tsv.gz
94,7481,PES001.B0102.SG1.5.oral_gc_rl.tsv.gz
95,6830,PES001.B0102.SG1.5.oral_gc_rl.tsv.gz
96,6340,PES001.B0102.SG1.5.oral_gc_rl.tsv.gz
97,6405,PES001.B0102.SG1.5.oral_gc_rl.tsv.gz
98,6244,PES001.B0102.SG1.5.oral_gc_rl.tsv.gz
99,5902,PES001.B0102.SG1.5.oral_gc_rl.tsv.gz
100,6011,PES001.B0102.SG1.5.oral_gc_rl.tsv.gz
101,5289,PES001.B0102.SG1.5.oral_gc_rl.tsv.gz
102,5030,PES001.B0102.SG1.5.oral_gc_rl.tsv.gz
103,4984,PES001.B0102.SG1.5.oral_gc_rl.tsv.gz
104,4755,PES001.B0102.SG1.5.oral_gc_rl.tsv.gz
105,4571,PES001.B0102.SG1.5.oral_gc_rl.tsv.gz
106,4514,PES001.B0102.SG1.5.oral_gc_rl.tsv.gz
107,4484,PES001.B0102.SG1.5.oral_gc_rl.tsv.gz
108,3974,PES001.B0102.SG1.5.oral_gc_rl.tsv.gz
109,4024,PES001.B0102.SG1.5.oral_gc_rl.tsv.gz
110,3921,PES001.B0102.SG1.5.oral_gc_rl.tsv.gz
111,3714,PES001.B0102.SG1.5.oral_gc_rl.tsv.gz
112,3752,PES001.B0102.SG1.5.oral_gc_rl.tsv.gz
113,3657,PES001.B0102.SG1.5.oral_gc_rl.tsv.gz
114,3221,PES001.B0102.SG1.5.oral_gc_rl.tsv.gz
115,3134,PES001.B0102.SG1.5.oral_gc_rl.tsv.gz
116,3025,PES001.B0102.SG1.5.oral_gc_rl.tsv.gz
117,3025,PES001.B0102.SG1.5.oral_gc_rl.tsv.gz
118,2843,PES001.B0102.SG1.5.oral_gc_rl.tsv.gz
119,2983,PES001.B0102.SG1.5.oral_gc_rl.tsv.gz
120,2664,PES001.B0102.SG1.5.oral_gc_rl.tsv.gz
121,2430,PES001.B0102.SG1.5.oral_gc_rl.tsv.gz
122,2505,PES001.B0102.SG1.5.oral_gc_rl.tsv.gz
123,2287,PES001.B0102.SG1.5.oral_gc_rl.tsv.gz
124,2375,PES001.B0102.SG1.5.oral_gc_rl.tsv.gz
125,2171,PES001.B0102.SG1.5.oral_gc_rl.tsv.gz
126,2175,PES001.B0102.SG1.5.oral_gc_rl.tsv.gz
127,2183,PES001.B0102.SG1.5.oral_gc_rl.tsv.gz
128,1988,PES001.B0102.SG1.5.oral_gc_rl.tsv.gz
129,1792,PES001.B0102.SG1.5.oral_gc_rl.tsv.gz
130,1859,PES001.B0102.SG1.5.oral_gc_rl.tsv.gz
131,1817,PES001.B0102.SG1.5.oral_gc_rl.tsv.gz
132,1660,PES001.B0102.SG1.5.oral_gc_rl.tsv.gz
133,1700,PES001.B0102.SG1.5.oral_gc_rl.tsv.gz
134,1701,PES001.B0102.SG1.5.oral_gc_rl.tsv.gz
135,1474,PES001.B0102.SG1.5.oral_gc_rl.tsv.gz
136,1529,PES001.B0102.SG1.5.oral_gc_rl.tsv.gz
137,1386,PES001.B0102.SG1.5.oral_gc_rl.tsv.gz
138,1344,PES001.B0102.SG1.5.oral_gc_rl.tsv.gz
139,1236,PES001.B0102.SG1.5.oral_gc_rl.tsv.gz
140,1284,PES001.B0102.SG1.5.oral_gc_rl.tsv.gz
141,958,PES001.B0102.SG1.5.oral_gc_rl.tsv.gz
36,6,SPM002.A0101.SG1.1.oral_gc_rl.tsv.gz
37,23,SPM002.A0101.SG1.1.oral_gc_rl.tsv.gz
38,9,SPM002.A0101.SG1.1.oral_gc_rl.tsv.gz
39,35,SPM002.A0101.SG1.1.oral_gc_rl.tsv.gz
40,15,SPM002.A0101.SG1.1.oral_gc_rl.tsv.gz
41,25,SPM002.A0101.SG1.1.oral_gc_rl.tsv.gz
42,38,SPM002.A0101.SG1.1.oral_gc_rl.tsv.gz
43,18,SPM002.A0101.SG1.1.oral_gc_rl.tsv.gz
44,44,SPM002.A0101.SG1.1.oral_gc_rl.tsv.gz
45,40,SPM002.A0101.SG1.1.oral_gc_rl.tsv.gz
46,43,SPM002.A0101.SG1.1.oral_gc_rl.tsv.gz
47,45,SPM002.A0101.SG1.1.oral_gc_rl.tsv.gz
48,13,SPM002.A0101.SG1.1.oral_gc_rl.tsv.gz
49,38,SPM002.A0101.SG1.1.oral_gc_rl.tsv.gz
50,23,SPM002.A0101.SG1.1.oral_gc_rl.tsv.gz
51,36,SPM002.A0101.SG1.1.oral_gc_rl.tsv.gz
52,30,SPM002.A0101.SG1.1.oral_gc_rl.tsv.gz
53,40,SPM002.A0101.SG1.1.oral_gc_rl.tsv.gz
54,55,SPM002.A0101.SG1.1.oral_gc_rl.tsv.gz
55,42,SPM002.A0101.SG1.1.oral_gc_rl.tsv.gz
56,51,SPM002.A0101.SG1.1.oral_gc_rl.tsv.gz
57,37,SPM002.A0101.SG1.1.oral_gc_rl.tsv.gz
58,52,SPM002.A0101.SG1.1.oral_gc_rl.tsv.gz
59,46,SPM002.A0101.SG1.1.oral_gc_rl.tsv.gz
60,50,SPM002.A0101.SG1.1.oral_gc_rl.tsv.gz
61,56,SPM002.A0101.SG1.1.oral_gc_rl.tsv.gz
62,70,SPM002.A0101.SG1.1.oral_gc_rl.tsv.gz
63,33,SPM002.A0101.SG1.1.oral_gc_rl.tsv.gz
64,44,SPM002.A0101.SG1.1.oral_gc_rl.tsv.gz
65,61,SPM002.A0101.SG1.1.oral_gc_rl.tsv.gz
66,62,SPM002.A0101.SG1.1.oral_gc_rl.tsv.gz
67,41,SPM002.A0101.SG1.1.oral_gc_rl.tsv.gz
68,50,SPM002.A0101.SG1.1.oral_gc_rl.tsv.gz
69,47,SPM002.A0101.SG1.1.oral_gc_rl.tsv.gz
70,67,SPM002.A0101.SG1.1.oral_gc_rl.tsv.gz
71,91,SPM002.A0101.SG1.1.oral_gc_rl.tsv.gz
72,133,SPM002.A0101.SG1.1.oral_gc_rl.tsv.gz
73,191,SPM002.A0101.SG1.1.oral_gc_rl.tsv.gz
74,252,SPM002.A0101.SG1.1.oral_gc_rl.tsv.gz
75,743,SPM002.A0101.SG1.1.oral_gc_rl.tsv.gz
76,1732,SPM002.A0101.SG1.1.oral_gc_rl.tsv.gz
77,55,SPM002.A0101.SG1.1.oral_gc_rl.tsv.gz
78,58,SPM002.A0101.SG1.1.oral_gc_rl.tsv.gz
79,44,SPM002.A0101.SG1.1.oral_gc_rl.tsv.gz
80,33,SPM002.A0101.SG1.1.oral_gc_rl.tsv.gz
81,66,SPM002.A0101.SG1.1.oral_gc_rl.tsv.gz
82,46,SPM002.A0101.SG1.1.oral_gc_rl.tsv.gz
83,31,SPM002.A0101.SG1.1.oral_gc_rl.tsv.gz
84,64,SPM002.A0101.SG1.1.oral_gc_rl.tsv.gz
85,31,SPM002.A0101.SG1.1.oral_gc_rl.tsv.gz
86,46,SPM002.A0101.SG1.1.oral_gc_rl.tsv.gz
87,69,SPM002.A0101.SG1.1.oral_gc_rl.tsv.gz
88,38,SPM002.A0101.SG1.1.oral_gc_rl.tsv.gz
89,69,SPM002.A0101.SG1.1.oral_gc_rl.tsv.gz
90,37,SPM002.A0101.SG1.1.oral_gc_rl.tsv.gz
91,44,SPM002.A0101.SG1.1.oral_gc_rl.tsv.gz
92,80,SPM002.A0101.SG1.1.oral_gc_rl.tsv.gz
93,42,SPM002.A0101.SG1.1.oral_gc_rl.tsv.gz
94,42,SPM002.A0101.SG1.1.oral_gc_rl.tsv.gz
95,75,SPM002.A0101.SG1.1.oral_gc_rl.tsv.gz
96,41,SPM002.A0101.SG1.1.oral_gc_rl.tsv.gz
97,48,SPM002.A0101.SG1.1.oral_gc_rl.tsv.gz
98,42,SPM002.A0101.SG1.1.oral_gc_rl.tsv.gz
99,64,SPM002.A0101.SG1.1.oral_gc_rl.tsv.gz
100,34,SPM002.A0101.SG1.1.oral_gc_rl.tsv.gz
101,68,SPM002.A0101.SG1.1.oral_gc_rl.tsv.gz
102,61,SPM002.A0101.SG1.1.oral_gc_rl.tsv.gz
103,49,SPM002.A0101.SG1.1.oral_gc_rl.tsv.gz
104,60,SPM002.A0101.SG1.1.oral_gc_rl.tsv.gz
105,40,SPM002.A0101.SG1.1.oral_gc_rl.tsv.gz
106,32,SPM002.A0101.SG1.1.oral_gc_rl.tsv.gz
107,81,SPM002.A0101.SG1.1.oral_gc_rl.tsv.gz
108,46,SPM002.A0101.SG1.1.oral_gc_rl.tsv.gz
109,27,SPM002.A0101.SG1.1.oral_gc_rl.tsv.gz
110,30,SPM002.A0101.SG1.1.oral_gc_rl.tsv.gz
111,31,SPM002.A0101.SG1.1.oral_gc_rl.tsv.gz
112,73,SPM002.A0101.SG1.1.oral_gc_rl.tsv.gz
113,70,SPM002.A0101.SG1.1.oral_gc_rl.tsv.gz
114,50,SPM002.A0101.SG1.1.oral_gc_rl.tsv.gz
115,38,SPM002.A0101.SG1.1.oral_gc_rl.tsv.gz
116,27,SPM002.A0101.SG1.1.oral_gc_rl.tsv.gz
117,29,SPM002.A0101.SG1.1.oral_gc_rl.tsv.gz
118,22,SPM002.A0101.SG1.1.oral_gc_rl.tsv.gz
119,56,SPM002.A0101.SG1.1.oral_gc_rl.tsv.gz
120,44,SPM002.A0101.SG1.1.oral_gc_rl.tsv.gz
121,35,SPM002.A0101.SG1.1.oral_gc_rl.tsv.gz
122,50,SPM002.A0101.SG1.1.oral_gc_rl.tsv.gz
123,40,SPM002.A0101.SG1.1.oral_gc_rl.tsv.gz
124,22,SPM002.A0101.SG1.1.oral_gc_rl.tsv.gz
125,36,SPM002.A0101.SG1.1.oral_gc_rl.tsv.gz
126,24,SPM002.A0101.SG1.1.oral_gc_rl.tsv.gz
127,23,SPM002.A0101.SG1.1.oral_gc_rl.tsv.gz
128,39,SPM002.A0101.SG1.1.oral_gc_rl.tsv.gz
129,46,SPM002.A0101.SG1.1.oral_gc_rl.tsv.gz
130,21,SPM002.A0101.SG1.1.oral_gc_rl.tsv.gz
131,30,SPM002.A0101.SG1.1.oral_gc_rl.tsv.gz
132,47,SPM002.A0101.SG1.1.oral_gc_rl.tsv.gz
133,20,SPM002.A0101.SG1.1.oral_gc_rl.tsv.gz
134,29,SPM002.A0101.SG1.1.oral_gc_rl.tsv.gz
135,36,SPM002.A0101.SG1.1.oral_gc_rl.tsv.gz
136,37,SPM002.A0101.SG1.1.oral_gc_rl.tsv.gz
137,26,SPM002.A0101.SG1.1.oral_gc_rl.tsv.gz
138,33,SPM002.A0101.SG1.1.oral_gc_rl.tsv.gz
139,30,SPM002.A0101.SG1.1.oral_gc_rl.tsv.gz
140,31,SPM002.A0101.SG1.1.oral_gc_rl.tsv.gz
141,26,SPM002.A0101.SG1.1.oral_gc_rl.tsv.gz
36,16,SPM002.A0103.SG1.4.oral_gc_rl.tsv.gz
37,30,SPM002.A0103.SG1.4.oral_gc_rl.tsv.gz
38,51,SPM002.A0103.SG1.4.oral_gc_rl.tsv.gz
39,59,SPM002.A0103.SG1.4.oral_gc_rl.tsv.gz
40,69,SPM002.A0103.SG1.4.oral_gc_rl.tsv.gz
41,45,SPM002.A0103.SG1.4.oral_gc_rl.tsv.gz
42,48,SPM002.A0103.SG1.4.oral_gc_rl.tsv.gz
43,41,SPM002.A0103.SG1.4.oral_gc_rl.tsv.gz
44,55,SPM002.A0103.SG1.4.oral_gc_rl.tsv.gz
45,41,SPM002.A0103.SG1.4.oral_gc_rl.tsv.gz
46,54,SPM002.A0103.SG1.4.oral_gc_rl.tsv.gz
47,60,SPM002.A0103.SG1.4.oral_gc_rl.tsv.gz
48,47,SPM002.A0103.SG1.4.oral_gc_rl.tsv.gz
49,43,SPM002.A0103.SG1.4.oral_gc_rl.tsv.gz
50,48,SPM002.A0103.SG1.4.oral_gc_rl.tsv.gz
51,43,SPM002.A0103.SG1.4.oral_gc_rl.tsv.gz
52,42,SPM002.A0103.SG1.4.oral_gc_rl.tsv.gz
53,37,SPM002.A0103.SG1.4.oral_gc_rl.tsv.gz
54,39,SPM002.A0103.SG1.4.oral_gc_rl.tsv.gz
55,37,SPM002.A0103.SG1.4.oral_gc_rl.tsv.gz
56,33,SPM002.A0103.SG1.4.oral_gc_rl.tsv.gz
57,38,SPM002.A0103.SG1.4.oral_gc_rl.tsv.gz
58,36,SPM002.A0103.SG1.4.oral_gc_rl.tsv.gz
59,35,SPM002.A0103.SG1.4.oral_gc_rl.tsv.gz
60,34,SPM002.A0103.SG1.4.oral_gc_rl.tsv.gz
61,28,SPM002.A0103.SG1.4.oral_gc_rl.tsv.gz
62,27,SPM002.A0103.SG1.4.oral_gc_rl.tsv.gz
63,35,SPM002.A0103.SG1.4.oral_gc_rl.tsv.gz
64,25,SPM002.A0103.SG1.4.oral_gc_rl.tsv.gz
65,20,SPM002.A0103.SG1.4.oral_gc_rl.tsv.gz
66,20,SPM002.A0103.SG1.4.oral_gc_rl.tsv.gz
67,23,SPM002.A0103.SG1.4.oral_gc_rl.tsv.gz
68,12,SPM002.A0103.SG1.4.oral_gc_rl.tsv.gz
69,19,SPM002.A0103.SG1.4.oral_gc_rl.tsv.gz
70,17,SPM002.A0103.SG1.4.oral_gc_rl.tsv.gz
71,28,SPM002.A0103.SG1.4.oral_gc_rl.tsv.gz
72,21,SPM002.A0103.SG1.4.oral_gc_rl.tsv.gz
73,41,SPM002.A0103.SG1.4.oral_gc_rl.tsv.gz
74,20,SPM002.A0103.SG1.4.oral_gc_rl.tsv.gz
75,32,SPM002.A0103.SG1.4.oral_gc_rl.tsv.gz
76,151,SPM002.A0103.SG1.4.oral_gc_rl.tsv.gz
77,10,SPM002.A0103.SG1.4.oral_gc_rl.tsv.gz
78,17,SPM002.A0103.SG1.4.oral_gc_rl.tsv.gz
79,14,SPM002.A0103.SG1.4.oral_gc_rl.tsv.gz
80,17,SPM002.A0103.SG1.4.oral_gc_rl.tsv.gz
81,16,SPM002.A0103.SG1.4.oral_gc_rl.tsv.gz
82,12,SPM002.A0103.SG1.4.oral_gc_rl.tsv.gz
83,12,SPM002.A0103.SG1.4.oral_gc_rl.tsv.gz
84,9,SPM002.A0103.SG1.4.oral_gc_rl.tsv.gz
85,12,SPM002.A0103.SG1.4.oral_gc_rl.tsv.gz
86,14,SPM002.A0103.SG1.4.oral_gc_rl.tsv.gz
87,16,SPM002.A0103.SG1.4.oral_gc_rl.tsv.gz
88,11,SPM002.A0103.SG1.4.oral_gc_rl.tsv.gz
89,5,SPM002.A0103.SG1.4.oral_gc_rl.tsv.gz
90,10,SPM002.A0103.SG1.4.oral_gc_rl.tsv.gz
91,10,SPM002.A0103.SG1.4.oral_gc_rl.tsv.gz
92,6,SPM002.A0103.SG1.4.oral_gc_rl.tsv.gz
93,4,SPM002.A0103.SG1.4.oral_gc_rl.tsv.gz
94,9,SPM002.A0103.SG1.4.oral_gc_rl.tsv.gz
95,6,SPM002.A0103.SG1.4.oral_gc_rl.tsv.gz
96,7,SPM002.A0103.SG1.4.oral_gc_rl.tsv.gz
97,7,SPM002.A0103.SG1.4.oral_gc_rl.tsv.gz
98,9,SPM002.A0103.SG1.4.oral_gc_rl.tsv.gz
99,7,SPM002.A0103.SG1.4.oral_gc_rl.tsv.gz
100,9,SPM002.A0103.SG1.4.oral_gc_rl.tsv.gz
101,3,SPM002.A0103.SG1.4.oral_gc_rl.tsv.gz
102,9,SPM002.A0103.SG1.4.oral_gc_rl.tsv.gz
103,4,SPM002.A0103.SG1.4.oral_gc_rl.tsv.gz
104,11,SPM002.A0103.SG1.4.oral_gc_rl.tsv.gz
105,4,SPM002.A0103.SG1.4.oral_gc_rl.tsv.gz
106,5,SPM002.A0103.SG1.4.oral_gc_rl.tsv.gz
107,9,SPM002.A0103.SG1.4.oral_gc_rl.tsv.gz
108,5,SPM002.A0103.SG1.4.oral_gc_rl.tsv.gz
109,5,SPM002.A0103.SG1.4.oral_gc_rl.tsv.gz
110,5,SPM002.A0103.SG1.4.oral_gc_rl.tsv.gz
111,2,SPM002.A0103.SG1.4.oral_gc_rl.tsv.gz
112,1,SPM002.A0103.SG1.4.oral_gc_rl.tsv.gz
113,1,SPM002.A0103.SG1.4.oral_gc_rl.tsv.gz
114,10,SPM002.A0103.SG1.4.oral_gc_rl.tsv.gz
115,2,SPM002.A0103.SG1.4.oral_gc_rl.tsv.gz
116,2,SPM002.A0103.SG1.4.oral_gc_rl.tsv.gz
117,5,SPM002.A0103.SG1.4.oral_gc_rl.tsv.gz
118,5,SPM002.A0103.SG1.4.oral_gc_rl.tsv.gz
119,7,SPM002.A0103.SG1.4.oral_gc_rl.tsv.gz
120,7,SPM002.A0103.SG1.4.oral_gc_rl.tsv.gz
121,5,SPM002.A0103.SG1.4.oral_gc_rl.tsv.gz
122,4,SPM002.A0103.SG1.4.oral_gc_rl.tsv.gz
123,2,SPM002.A0103.SG1.4.oral_gc_rl.tsv.gz
124,1,SPM002.A0103.SG1.4.oral_gc_rl.tsv.gz
125,5,SPM002.A0103.SG1.4.oral_gc_rl.tsv.gz
126,2,SPM002.A0103.SG1.4.oral_gc_rl.tsv.gz
127,3,SPM002.A0103.SG1.4.oral_gc_rl.tsv.gz
128,4,SPM002.A0103.SG1.4.oral_gc_rl.tsv.gz
129,4,SPM002.A0103.SG1.4.oral_gc_rl.tsv.gz
130,6,SPM002.A0103.SG1.4.oral_gc_rl.tsv.gz
131,2,SPM002.A0103.SG1.4.oral_gc_rl.tsv.gz
132,6,SPM002.A0103.SG1.4.oral_gc_rl.tsv.gz
133,2,SPM002.A0103.SG1.4.oral_gc_rl.tsv.gz
134,4,SPM002.A0103.SG1.4.oral_gc_rl.tsv.gz
135,2,SPM002.A0103.SG1.4.oral_gc_rl.tsv.gz
136,3,SPM002.A0103.SG1.4.oral_gc_rl.tsv.gz
137,1,SPM002.A0103.SG1.4.oral_gc_rl.tsv.gz
138,4,SPM002.A0103.SG1.4.oral_gc_rl.tsv.gz
139,3,SPM002.A0103.SG1.4.oral_gc_rl.tsv.gz
140,3,SPM002.A0103.SG1.4.oral_gc_rl.tsv.gz
141,2,SPM002.A0103.SG1.4.oral_gc_rl.tsv.gz
36,4668,VLD001.A0101.SG1.1.oral_gc_rl.tsv.gz
37,9220,VLD001.A0101.SG1.1.oral_gc_rl.tsv.gz
38,12716,VLD001.A0101.SG1.1.oral_gc_rl.tsv.gz
39,15222,VLD001.A0101.SG1.1.oral_gc_rl.tsv.gz
40,17676,VLD001.A0101.SG1.1.oral_gc_rl.tsv.gz
41,17415,VLD001.A0101.SG1.1.oral_gc_rl.tsv.gz
42,18284,VLD001.A0101.SG1.1.oral_gc_rl.tsv.gz
43,18913,VLD001.A0101.SG1.1.oral_gc_rl.tsv.gz
44,19267,VLD001.A0101.SG1.1.oral_gc_rl.tsv.gz
45,19510,VLD001.A0101.SG1.1.oral_gc_rl.tsv.gz
46,19722,VLD001.A0101.SG1.1.oral_gc_rl.tsv.gz
47,19785,VLD001.A0101.SG1.1.oral_gc_rl.tsv.gz
48,18634,VLD001.A0101.SG1.1.oral_gc_rl.tsv.gz
49,18535,VLD001.A0101.SG1.1.oral_gc_rl.tsv.gz
50,18011,VLD001.A0101.SG1.1.oral_gc_rl.tsv.gz
51,18085,VLD001.A0101.SG1.1.oral_gc_rl.tsv.gz
52,18278,VLD001.A0101.SG1.1.oral_gc_rl.tsv.gz
53,17243,VLD001.A0101.SG1.1.oral_gc_rl.tsv.gz
54,17157,VLD001.A0101.SG1.1.oral_gc_rl.tsv.gz
55,16303,VLD001.A0101.SG1.1.oral_gc_rl.tsv.gz
56,15266,VLD001.A0101.SG1.1.oral_gc_rl.tsv.gz
57,15146,VLD001.A0101.SG1.1.oral_gc_rl.tsv.gz
58,14992,VLD001.A0101.SG1.1.oral_gc_rl.tsv.gz
59,14086,VLD001.A0101.SG1.1.oral_gc_rl.tsv.gz
60,14002,VLD001.A0101.SG1.1.oral_gc_rl.tsv.gz
61,12913,VLD001.A0101.SG1.1.oral_gc_rl.tsv.gz
62,12286,VLD001.A0101.SG1.1.oral_gc_rl.tsv.gz
63,12267,VLD001.A0101.SG1.1.oral_gc_rl.tsv.gz
64,11659,VLD001.A0101.SG1.1.oral_gc_rl.tsv.gz
65,11428,VLD001.A0101.SG1.1.oral_gc_rl.tsv.gz
66,11259,VLD001.A0101.SG1.1.oral_gc_rl.tsv.gz
67,10802,VLD001.A0101.SG1.1.oral_gc_rl.tsv.gz
68,9137,VLD001.A0101.SG1.1.oral_gc_rl.tsv.gz
69,9159,VLD001.A0101.SG1.1.oral_gc_rl.tsv.gz
70,8930,VLD001.A0101.SG1.1.oral_gc_rl.tsv.gz
71,8669,VLD001.A0101.SG1.1.oral_gc_rl.tsv.gz
72,8580,VLD001.A0101.SG1.1.oral_gc_rl.tsv.gz
73,8517,VLD001.A0101.SG1.1.oral_gc_rl.tsv.gz
74,8444,VLD001.A0101.SG1.1.oral_gc_rl.tsv.gz
75,10363,VLD001.A0101.SG1.1.oral_gc_rl.tsv.gz
76,16383,VLD001.A0101.SG1.1.oral_gc_rl.tsv.gz
77,6266,VLD001.A0101.SG1.1.oral_gc_rl.tsv.gz
78,6201,VLD001.A0101.SG1.1.oral_gc_rl.tsv.gz
79,5963,VLD001.A0101.SG1.1.oral_gc_rl.tsv.gz
80,5547,VLD001.A0101.SG1.1.oral_gc_rl.tsv.gz
81,5006,VLD001.A0101.SG1.1.oral_gc_rl.tsv.gz
82,4892,VLD001.A0101.SG1.1.oral_gc_rl.tsv.gz
83,4667,VLD001.A0101.SG1.1.oral_gc_rl.tsv.gz
84,4597,VLD001.A0101.SG1.1.oral_gc_rl.tsv.gz
85,4463,VLD001.A0101.SG1.1.oral_gc_rl.tsv.gz
86,4204,VLD001.A0101.SG1.1.oral_gc_rl.tsv.gz
87,4127,VLD001.A0101.SG1.1.oral_gc_rl.tsv.gz
88,3806,VLD001.A0101.SG1.1.oral_gc_rl.tsv.gz
89,3581,VLD001.A0101.SG1.1.oral_gc_rl.tsv.gz
90,3507,VLD001.A0101.SG1.1.oral_gc_rl.tsv.gz
91,3345,VLD001.A0101.SG1.1.oral_gc_rl.tsv.gz
92,3290,VLD001.A0101.SG1.1.oral_gc_rl.tsv.gz
93,3084,VLD001.A0101.SG1.1.oral_gc_rl.tsv.gz
94,2945,VLD001.A0101.SG1.1.oral_gc_rl.tsv.gz
95,2763,VLD001.A0101.SG1.1.oral_gc_rl.tsv.gz
96,2616,VLD001.A0101.SG1.1.oral_gc_rl.tsv.gz
97,2488,VLD001.A0101.SG1.1.oral_gc_rl.tsv.gz
98,2471,VLD001.A0101.SG1.1.oral_gc_rl.tsv.gz
99,2305,VLD001.A0101.SG1.1.oral_gc_rl.tsv.gz
100,2245,VLD001.A0101.SG1.1.oral_gc_rl.tsv.gz
101,2012,VLD001.A0101.SG1.1.oral_gc_rl.tsv.gz
102,1930,VLD001.A0101.SG1.1.oral_gc_rl.tsv.gz
103,1882,VLD001.A0101.SG1.1.oral_gc_rl.tsv.gz
104,1815,VLD001.A0101.SG1.1.oral_gc_rl.tsv.gz
105,1738,VLD001.A0101.SG1.1.oral_gc_rl.tsv.gz
106,1589,VLD001.A0101.SG1.1.oral_gc_rl.tsv.gz
107,1619,VLD001.A0101.SG1.1.oral_gc_rl.tsv.gz
108,1494,VLD001.A0101.SG1.1.oral_gc_rl.tsv.gz
109,1469,VLD001.A0101.SG1.1.oral_gc_rl.tsv.gz
110,1263,VLD001.A0101.SG1.1.oral_gc_rl.tsv.gz
111,1311,VLD001.A0101.SG1.1.oral_gc_rl.tsv.gz
112,1179,VLD001.A0101.SG1.1.oral_gc_rl.tsv.gz
113,1188,VLD001.A0101.SG1.1.oral_gc_rl.tsv.gz
114,1131,VLD001.A0101.SG1.1.oral_gc_rl.tsv.gz
115,1068,VLD001.A0101.SG1.1.oral_gc_rl.tsv.gz
116,1018,VLD001.A0101.SG1.1.oral_gc_rl.tsv.gz
117,983,VLD001.A0101.SG1.1.oral_gc_rl.tsv.gz
118,968,VLD001.A0101.SG1.1.oral_gc_rl.tsv.gz
119,937,VLD001.A0101.SG1.1.oral_gc_rl.tsv.gz
120,950,VLD001.A0101.SG1.1.oral_gc_rl.tsv.gz
121,822,VLD001.A0101.SG1.1.oral_gc_rl.tsv.gz
122,798,VLD001.A0101.SG1.1.oral_gc_rl.tsv.gz
123,742,VLD001.A0101.SG1.1.oral_gc_rl.tsv.gz
124,656,VLD001.A0101.SG1.1.oral_gc_rl.tsv.gz
125,692,VLD001.A0101.SG1.1.oral_gc_rl.tsv.gz
126,691,VLD001.A0101.SG1.1.oral_gc_rl.tsv.gz
127,624,VLD001.A0101.SG1.1.oral_gc_rl.tsv.gz
128,589,VLD001.A0101.SG1.1.oral_gc_rl.tsv.gz
129,564,VLD001.A0101.SG1.1.oral_gc_rl.tsv.gz
130,524,VLD001.A0101.SG1.1.oral_gc_rl.tsv.gz
131,493,VLD001.A0101.SG1.1.oral_gc_rl.tsv.gz
132,511,VLD001.A0101.SG1.1.oral_gc_rl.tsv.gz
133,493,VLD001.A0101.SG1.1.oral_gc_rl.tsv.gz
134,444,VLD001.A0101.SG1.1.oral_gc_rl.tsv.gz
135,465,VLD001.A0101.SG1.1.oral_gc_rl.tsv.gz
136,424,VLD001.A0101.SG1.1.oral_gc_rl.tsv.gz
137,357,VLD001.A0101.SG1.1.oral_gc_rl.tsv.gz
138,356,VLD001.A0101.SG1.1.oral_gc_rl.tsv.gz
139,399,VLD001.A0101.SG1.1.oral_gc_rl.tsv.gz
140,404,VLD001.A0101.SG1.1.oral_gc_rl.tsv.gz
141,291,VLD001.A0101.SG1.1.oral_gc_rl.tsv.gz
36,5360,VLD001.A0102.SG1.2.oral_gc_rl.tsv.gz
37,9596,VLD001.A0102.SG1.2.oral_gc_rl.tsv.gz
38,12766,VLD001.A0102.SG1.2.oral_gc_rl.tsv.gz
39,14349,VLD001.A0102.SG1.2.oral_gc_rl.tsv.gz
40,16095,VLD001.A0102.SG1.2.oral_gc_rl.tsv.gz
41,15575,VLD001.A0102.SG1.2.oral_gc_rl.tsv.gz
42,14860,VLD001.A0102.SG1.2.oral_gc_rl.tsv.gz
43,14583,VLD001.A0102.SG1.2.oral_gc_rl.tsv.gz
44,14381,VLD001.A0102.SG1.2.oral_gc_rl.tsv.gz
45,13746,VLD001.A0102.SG1.2.oral_gc_rl.tsv.gz
46,13336,VLD001.A0102.SG1.2.oral_gc_rl.tsv.gz
47,13168,VLD001.A0102.SG1.2.oral_gc_rl.tsv.gz
48,11478,VLD001.A0102.SG1.2.oral_gc_rl.tsv.gz
49,10975,VLD001.A0102.SG1.2.oral_gc_rl.tsv.gz
50,10802,VLD001.A0102.SG1.2.oral_gc_rl.tsv.gz
51,10078,VLD001.A0102.SG1.2.oral_gc_rl.tsv.gz
52,9366,VLD001.A0102.SG1.2.oral_gc_rl.tsv.gz
53,8947,VLD001.A0102.SG1.2.oral_gc_rl.tsv.gz
54,8309,VLD001.A0102.SG1.2.oral_gc_rl.tsv.gz
55,7544,VLD001.A0102.SG1.2.oral_gc_rl.tsv.gz
56,7254,VLD001.A0102.SG1.2.oral_gc_rl.tsv.gz
57,6549,VLD001.A0102.SG1.2.oral_gc_rl.tsv.gz
58,6172,VLD001.A0102.SG1.2.oral_gc_rl.tsv.gz
59,5875,VLD001.A0102.SG1.2.oral_gc_rl.tsv.gz
60,5442,VLD001.A0102.SG1.2.oral_gc_rl.tsv.gz
61,5008,VLD001.A0102.SG1.2.oral_gc_rl.tsv.gz
62,4703,VLD001.A0102.SG1.2.oral_gc_rl.tsv.gz
63,4154,VLD001.A0102.SG1.2.oral_gc_rl.tsv.gz
64,3902,VLD001.A0102.SG1.2.oral_gc_rl.tsv.gz
65,3870,VLD001.A0102.SG1.2.oral_gc_rl.tsv.gz
66,3434,VLD001.A0102.SG1.2.oral_gc_rl.tsv.gz
67,3145,VLD001.A0102.SG1.2.oral_gc_rl.tsv.gz
68,2901,VLD001.A0102.SG1.2.oral_gc_rl.tsv.gz
69,2516,VLD001.A0102.SG1.2.oral_gc_rl.tsv.gz
70,2496,VLD001.A0102.SG1.2.oral_gc_rl.tsv.gz
71,2264,VLD001.A0102.SG1.2.oral_gc_rl.tsv.gz
72,2197,VLD001.A0102.SG1.2.oral_gc_rl.tsv.gz
73,2153,VLD001.A0102.SG1.2.oral_gc_rl.tsv.gz
74,2002,VLD001.A0102.SG1.2.oral_gc_rl.tsv.gz
75,1708,VLD001.A0102.SG1.2.oral_gc_rl.tsv.gz
76,2487,VLD001.A0102.SG1.2.oral_gc_rl.tsv.gz
77,1536,VLD001.A0102.SG1.2.oral_gc_rl.tsv.gz
78,1295,VLD001.A0102.SG1.2.oral_gc_rl.tsv.gz
79,1309,VLD001.A0102.SG1.2.oral_gc_rl.tsv.gz
80,1188,VLD001.A0102.SG1.2.oral_gc_rl.tsv.gz
81,1034,VLD001.A0102.SG1.2.oral_gc_rl.tsv.gz
82,934,VLD001.A0102.SG1.2.oral_gc_rl.tsv.gz
83,859,VLD001.A0102.SG1.2.oral_gc_rl.tsv.gz
84,874,VLD001.A0102.SG1.2.oral_gc_rl.tsv.gz
85,830,VLD001.A0102.SG1.2.oral_gc_rl.tsv.gz
86,758,VLD001.A0102.SG1.2.oral_gc_rl.tsv.gz
87,717,VLD001.A0102.SG1.2.oral_gc_rl.tsv.gz
88,647,VLD001.A0102.SG1.2.oral_gc_rl.tsv.gz
89,597,VLD001.A0102.SG1.2.oral_gc_rl.tsv.gz
90,555,VLD001.A0102.SG1.2.oral_gc_rl.tsv.gz
91,519,VLD001.A0102.SG1.2.oral_gc_rl.tsv.gz
92,486,VLD001.A0102.SG1.2.oral_gc_rl.tsv.gz
93,449,VLD001.A0102.SG1.2.oral_gc_rl.tsv.gz
94,443,VLD001.A0102.SG1.2.oral_gc_rl.tsv.gz
95,401,VLD001.A0102.SG1.2.oral_gc_rl.tsv.gz
96,371,VLD001.A0102.SG1.2.oral_gc_rl.tsv.gz
97,343,VLD001.A0102.SG1.2.oral_gc_rl.tsv.gz
98,326,VLD001.A0102.SG1.2.oral_gc_rl.tsv.gz
99,305,VLD001.A0102.SG1.2.oral_gc_rl.tsv.gz
100,301,VLD001.A0102.SG1.2.oral_gc_rl.tsv.gz
101,249,VLD001.A0102.SG1.2.oral_gc_rl.tsv.gz
102,233,VLD001.A0102.SG1.2.oral_gc_rl.tsv.gz
103,200,VLD001.A0102.SG1.2.oral_gc_rl.tsv.gz
104,227,VLD001.A0102.SG1.2.oral_gc_rl.tsv.gz
105,197,VLD001.A0102.SG1.2.oral_gc_rl.tsv.gz
106,195,VLD001.A0102.SG1.2.oral_gc_rl.tsv.gz
107,181,VLD001.A0102.SG1.2.oral_gc_rl.tsv.gz
108,151,VLD001.A0102.SG1.2.oral_gc_rl.tsv.gz
109,143,VLD001.A0102.SG1.2.oral_gc_rl.tsv.gz
110,128,VLD001.A0102.SG1.2.oral_gc_rl.tsv.gz
111,132,VLD001.A0102.SG1.2.oral_gc_rl.tsv.gz
112,116,VLD001.A0102.SG1.2.oral_gc_rl.tsv.gz
113,101,VLD001.A0102.SG1.2.oral_gc_rl.tsv.gz
114,127,VLD001.A0102.SG1.2.oral_gc_rl.tsv.gz
115,139,VLD001.A0102.SG1.2.oral_gc_rl.tsv.gz
116,105,VLD001.A0102.SG1.2.oral_gc_rl.tsv.gz
117,88,VLD001.A0102.SG1.2.oral_gc_rl.tsv.gz
118,88,VLD001.A0102.SG1.2.oral_gc_rl.tsv.gz
119,101,VLD001.A0102.SG1.2.oral_gc_rl.tsv.gz
120,87,VLD001.A0102.SG1.2.oral_gc_rl.tsv.gz
121,75,VLD001.A0102.SG1.2.oral_gc_rl.tsv.gz
122,75,VLD001.A0102.SG1.2.oral_gc_rl.tsv.gz
123,69,VLD001.A0102.SG1.2.oral_gc_rl.tsv.gz
124,58,VLD001.A0102.SG1.2.oral_gc_rl.tsv.gz
125,72,VLD001.A0102.SG1.2.oral_gc_rl.tsv.gz
126,47,VLD001.A0102.SG1.2.oral_gc_rl.tsv.gz
127,51,VLD001.A0102.SG1.2.oral_gc_rl.tsv.gz
128,51,VLD001.A0102.SG1.2.oral_gc_rl.tsv.gz
129,41,VLD001.A0102.SG1.2.oral_gc_rl.tsv.gz
130,53,VLD001.A0102.SG1.2.oral_gc_rl.tsv.gz
131,42,VLD001.A0102.SG1.2.oral_gc_rl.tsv.gz
132,38,VLD001.A0102.SG1.2.oral_gc_rl.tsv.gz
133,34,VLD001.A0102.SG1.2.oral_gc_rl.tsv.gz
134,49,VLD001.A0102.SG1.2.oral_gc_rl.tsv.gz
135,30,VLD001.A0102.SG1.2.oral_gc_rl.tsv.gz
136,23,VLD001.A0102.SG1.2.oral_gc_rl.tsv.gz
137,31,VLD001.A0102.SG1.2.oral_gc_rl.tsv.gz
138,25,VLD001.A0102.SG1.2.oral_gc_rl.tsv.gz
139,32,VLD001.A0102.SG1.2.oral_gc_rl.tsv.gz
140,17,VLD001.A0102.SG1.2.oral_gc_rl.tsv.gz
141,31,VLD001.A0102.SG1.2.oral_gc_rl.tsv.gz
36,294,ZAF001.A0101.SG1.1.oral_gc_rl.tsv.gz
37,729,ZAF001.A0101.SG1.1.oral_gc_rl.tsv.gz
38,889,ZAF001.A0101.SG1.1.oral_gc_rl.tsv.gz
39,884,ZAF001.A0101.SG1.1.oral_gc_rl.tsv.gz
40,1012,ZAF001.A0101.SG1.1.oral_gc_rl.tsv.gz
41,962,ZAF001.A0101.SG1.1.oral_gc_rl.tsv.gz
42,1003,ZAF001.A0101.SG1.1.oral_gc_rl.tsv.gz
43,1002,ZAF001.A0101.SG1.1.oral_gc_rl.tsv.gz
44,1045,ZAF001.A0101.SG1.1.oral_gc_rl.tsv.gz
45,930,ZAF001.A0101.SG1.1.oral_gc_rl.tsv.gz
46,946,ZAF001.A0101.SG1.1.oral_gc_rl.tsv.gz
47,946,ZAF001.A0101.SG1.1.oral_gc_rl.tsv.gz
48,792,ZAF001.A0101.SG1.1.oral_gc_rl.tsv.gz
49,829,ZAF001.A0101.SG1.1.oral_gc_rl.tsv.gz
50,803,ZAF001.A0101.SG1.1.oral_gc_rl.tsv.gz
51,819,ZAF001.A0101.SG1.1.oral_gc_rl.tsv.gz
52,783,ZAF001.A0101.SG1.1.oral_gc_rl.tsv.gz
53,730,ZAF001.A0101.SG1.1.oral_gc_rl.tsv.gz
54,810,ZAF001.A0101.SG1.1.oral_gc_rl.tsv.gz
55,747,ZAF001.A0101.SG1.1.oral_gc_rl.tsv.gz
56,690,ZAF001.A0101.SG1.1.oral_gc_rl.tsv.gz
57,676,ZAF001.A0101.SG1.1.oral_gc_rl.tsv.gz
58,700,ZAF001.A0101.SG1.1.oral_gc_rl.tsv.gz
59,742,ZAF001.A0101.SG1.1.oral_gc_rl.tsv.gz
60,759,ZAF001.A0101.SG1.1.oral_gc_rl.tsv.gz
61,636,ZAF001.A0101.SG1.1.oral_gc_rl.tsv.gz
62,549,ZAF001.A0101.SG1.1.oral_gc_rl.tsv.gz
63,632,ZAF001.A0101.SG1.1.oral_gc_rl.tsv.gz
64,663,ZAF001.A0101.SG1.1.oral_gc_rl.tsv.gz
65,556,ZAF001.A0101.SG1.1.oral_gc_rl.tsv.gz
66,642,ZAF001.A0101.SG1.1.oral_gc_rl.tsv.gz
67,606,ZAF001.A0101.SG1.1.oral_gc_rl.tsv.gz
68,517,ZAF001.A0101.SG1.1.oral_gc_rl.tsv.gz
69,511,ZAF001.A0101.SG1.1.oral_gc_rl.tsv.gz
70,542,ZAF001.A0101.SG1.1.oral_gc_rl.tsv.gz
71,529,ZAF001.A0101.SG1.1.oral_gc_rl.tsv.gz
72,565,ZAF001.A0101.SG1.1.oral_gc_rl.tsv.gz
73,734,ZAF001.A0101.SG1.1.oral_gc_rl.tsv.gz
74,808,ZAF001.A0101.SG1.1.oral_gc_rl.tsv.gz
75,1633,ZAF001.A0101.SG1.1.oral_gc_rl.tsv.gz
76,3532,ZAF001.A0101.SG1.1.oral_gc_rl.tsv.gz
77,456,ZAF001.A0101.SG1.1.oral_gc_rl.tsv.gz
78,392,ZAF001.A0101.SG1.1.oral_gc_rl.tsv.gz
79,388,ZAF001.A0101.SG1.1.oral_gc_rl.tsv.gz
80,415,ZAF001.A0101.SG1.1.oral_gc_rl.tsv.gz
81,352,ZAF001.A0101.SG1.1.oral_gc_rl.tsv.gz
82,366,ZAF001.A0101.SG1.1.oral_gc_rl.tsv.gz
83,346,ZAF001.A0101.SG1.1.oral_gc_rl.tsv.gz
84,320,ZAF001.A0101.SG1.1.oral_gc_rl.tsv.gz
85,389,ZAF001.A0101.SG1.1.oral_gc_rl.tsv.gz
86,335,ZAF001.A0101.SG1.1.oral_gc_rl.tsv.gz
87,335,ZAF001.A0101.SG1.1.oral_gc_rl.tsv.gz
88,336,ZAF001.A0101.SG1.1.oral_gc_rl.tsv.gz
89,315,ZAF001.A0101.SG1.1.oral_gc_rl.tsv.gz
90,300,ZAF001.A0101.SG1.1.oral_gc_rl.tsv.gz
91,290,ZAF001.A0101.SG1.1.oral_gc_rl.tsv.gz
92,285,ZAF001.A0101.SG1.1.oral_gc_rl.tsv.gz
93,339,ZAF001.A0101.SG1.1.oral_gc_rl.tsv.gz
94,293,ZAF001.A0101.SG1.1.oral_gc_rl.tsv.gz
95,295,ZAF001.A0101.SG1.1.oral_gc_rl.tsv.gz
96,270,ZAF001.A0101.SG1.1.oral_gc_rl.tsv.gz
97,241,ZAF001.A0101.SG1.1.oral_gc_rl.tsv.gz
98,200,ZAF001.A0101.SG1.1.oral_gc_rl.tsv.gz
99,222,ZAF001.A0101.SG1.1.oral_gc_rl.tsv.gz
100,244,ZAF001.A0101.SG1.1.oral_gc_rl.tsv.gz
101,231,ZAF001.A0101.SG1.1.oral_gc_rl.tsv.gz
102,194,ZAF001.A0101.SG1.1.oral_gc_rl.tsv.gz
103,240,ZAF001.A0101.SG1.1.oral_gc_rl.tsv.gz
104,219,ZAF001.A0101.SG1.1.oral_gc_rl.tsv.gz
105,199,ZAF001.A0101.SG1.1.oral_gc_rl.tsv.gz
106,212,ZAF001.A0101.SG1.1.oral_gc_rl.tsv.gz
107,208,ZAF001.A0101.SG1.1.oral_gc_rl.tsv.gz
108,200,ZAF001.A0101.SG1.1.oral_gc_rl.tsv.gz
109,180,ZAF001.A0101.SG1.1.oral_gc_rl.tsv.gz
110,168,ZAF001.A0101.SG1.1.oral_gc_rl.tsv.gz
111,208,ZAF001.A0101.SG1.1.oral_gc_rl.tsv.gz
112,151,ZAF001.A0101.SG1.1.oral_gc_rl.tsv.gz
113,186,ZAF001.A0101.SG1.1.oral_gc_rl.tsv.gz
114,153,ZAF001.A0101.SG1.1.oral_gc_rl.tsv.gz
115,164,ZAF001.A0101.SG1.1.oral_gc_rl.tsv.gz
116,120,ZAF001.A0101.SG1.1.oral_gc_rl.tsv.gz
117,150,ZAF001.A0101.SG1.1.oral_gc_rl.tsv.gz
118,148,ZAF001.A0101.SG1.1.oral_gc_rl.tsv.gz
119,143,ZAF001.A0101.SG1.1.oral_gc_rl.tsv.gz
120,142,ZAF001.A0101.SG1.1.oral_gc_rl.tsv.gz
121,118,ZAF001.A0101.SG1.1.oral_gc_rl.tsv.gz
122,137,ZAF001.A0101.SG1.1.oral_gc_rl.tsv.gz
123,129,ZAF001.A0101.SG1.1.oral_gc_rl.tsv.gz
124,138,ZAF001.A0101.SG1.1.oral_gc_rl.tsv.gz
125,118,ZAF001.A0101.SG1.1.oral_gc_rl.tsv.gz
126,141,ZAF001.A0101.SG1.1.oral_gc_rl.tsv.gz
127,132,ZAF001.A0101.SG1.1.oral_gc_rl.tsv.gz
128,110,ZAF001.A0101.SG1.1.oral_gc_rl.tsv.gz
129,97,ZAF001.A0101.SG1.1.oral_gc_rl.tsv.gz
130,93,ZAF001.A0101.SG1.1.oral_gc_rl.tsv.gz
131,104,ZAF001.A0101.SG1.1.oral_gc_rl.tsv.gz
132,98,ZAF001.A0101.SG1.1.oral_gc_rl.tsv.gz
133,105,ZAF001.A0101.SG1.1.oral_gc_rl.tsv.gz
134,94,ZAF001.A0101.SG1.1.oral_gc_rl.tsv.gz
135,94,ZAF001.A0101.SG1.1.oral_gc_rl.tsv.gz
136,100,ZAF001.A0101.SG1.1.oral_gc_rl.tsv.gz
137,86,ZAF001.A0101.SG1.1.oral_gc_rl.tsv.gz
138,72,ZAF001.A0101.SG1.1.oral_gc_rl.tsv.gz
139,60,ZAF001.A0101.SG1.1.oral_gc_rl.tsv.gz
140,99,ZAF001.A0101.SG1.1.oral_gc_rl.tsv.gz
141,75,ZAF001.A0101.SG1.1.oral_gc_rl.tsv.gz
36,314,ZAF001.A0103.SG1.4.oral_gc_rl.tsv.gz
37,505,ZAF001.A0103.SG1.4.oral_gc_rl.tsv.gz
38,629,ZAF001.A0103.SG1.4.oral_gc_rl.tsv.gz
39,665,ZAF001.A0103.SG1.4.oral_gc_rl.tsv.gz
40,713,ZAF001.A0103.SG1.4.oral_gc_rl.tsv.gz
41,591,ZAF001.A0103.SG1.4.oral_gc_rl.tsv.gz
42,595,ZAF001.A0103.SG1.4.oral_gc_rl.tsv.gz
43,567,ZAF001.A0103.SG1.4.oral_gc_rl.tsv.gz
44,563,ZAF001.A0103.SG1.4.oral_gc_rl.tsv.gz
45,523,ZAF001.A0103.SG1.4.oral_gc_rl.tsv.gz
46,553,ZAF001.A0103.SG1.4.oral_gc_rl.tsv.gz
47,487,ZAF001.A0103.SG1.4.oral_gc_rl.tsv.gz
48,439,ZAF001.A0103.SG1.4.oral_gc_rl.tsv.gz
49,399,ZAF001.A0103.SG1.4.oral_gc_rl.tsv.gz
50,367,ZAF001.A0103.SG1.4.oral_gc_rl.tsv.gz
51,382,ZAF001.A0103.SG1.4.oral_gc_rl.tsv.gz
52,341,ZAF001.A0103.SG1.4.oral_gc_rl.tsv.gz
53,311,ZAF001.A0103.SG1.4.oral_gc_rl.tsv.gz
54,327,ZAF001.A0103.SG1.4.oral_gc_rl.tsv.gz
55,305,ZAF001.A0103.SG1.4.oral_gc_rl.tsv.gz
56,256,ZAF001.A0103.SG1.4.oral_gc_rl.tsv.gz
57,240,ZAF001.A0103.SG1.4.oral_gc_rl.tsv.gz
58,238,ZAF001.A0103.SG1.4.oral_gc_rl.tsv.gz
59,229,ZAF001.A0103.SG1.4.oral_gc_rl.tsv.gz
60,234,ZAF001.A0103.SG1.4.oral_gc_rl.tsv.gz
61,242,ZAF001.A0103.SG1.4.oral_gc_rl.tsv.gz
62,195,ZAF001.A0103.SG1.4.oral_gc_rl.tsv.gz
63,184,ZAF001.A0103.SG1.4.oral_gc_rl.tsv.gz
64,196,ZAF001.A0103.SG1.4.oral_gc_rl.tsv.gz
65,169,ZAF001.A0103.SG1.4.oral_gc_rl.tsv.gz
66,154,ZAF001.A0103.SG1.4.oral_gc_rl.tsv.gz
67,159,ZAF001.A0103.SG1.4.oral_gc_rl.tsv.gz
68,117,ZAF001.A0103.SG1.4.oral_gc_rl.tsv.gz
69,134,ZAF001.A0103.SG1.4.oral_gc_rl.tsv.gz
70,135,ZAF001.A0103.SG1.4.oral_gc_rl.tsv.gz
71,108,ZAF001.A0103.SG1.4.oral_gc_rl.tsv.gz
72,146,ZAF001.A0103.SG1.4.oral_gc_rl.tsv.gz
73,182,ZAF001.A0103.SG1.4.oral_gc_rl.tsv.gz
74,113,ZAF001.A0103.SG1.4.oral_gc_rl.tsv.gz
75,150,ZAF001.A0103.SG1.4.oral_gc_rl.tsv.gz
76,638,ZAF001.A0103.SG1.4.oral_gc_rl.tsv.gz
77,96,ZAF001.A0103.SG1.4.oral_gc_rl.tsv.gz
78,91,ZAF001.A0103.SG1.4.oral_gc_rl.tsv.gz
79,84,ZAF001.A0103.SG1.4.oral_gc_rl.tsv.gz
80,78,ZAF001.A0103.SG1.4.oral_gc_rl.tsv.gz
81,76,ZAF001.A0103.SG1.4.oral_gc_rl.tsv.gz
82,78,ZAF001.A0103.SG1.4.oral_gc_rl.tsv.gz
83,62,ZAF001.A0103.SG1.4.oral_gc_rl.tsv.gz
84,60,ZAF001.A0103.SG1.4.oral_gc_rl.tsv.gz
85,76,ZAF001.A0103.SG1.4.oral_gc_rl.tsv.gz
86,53,ZAF001.A0103.SG1.4.oral_gc_rl.tsv.gz
87,54,ZAF001.A0103.SG1.4.oral_gc_rl.tsv.gz
88,47,ZAF001.A0103.SG1.4.oral_gc_rl.tsv.gz
89,47,ZAF001.A0103.SG1.4.oral_gc_rl.tsv.gz
90,60,ZAF001.A0103.SG1.4.oral_gc_rl.tsv.gz
91,51,ZAF001.A0103.SG1.4.oral_gc_rl.tsv.gz
92,37,ZAF001.A0103.SG1.4.oral_gc_rl.tsv.gz
93,47,ZAF001.A0103.SG1.4.oral_gc_rl.tsv.gz
94,33,ZAF001.A0103.SG1.4.oral_gc_rl.tsv.gz
95,30,ZAF001.A0103.SG1.4.oral_gc_rl.tsv.gz
96,51,ZAF001.A0103.SG1.4.oral_gc_rl.tsv.gz
97,29,ZAF001.A0103.SG1.4.oral_gc_rl.tsv.gz
98,22,ZAF001.A0103.SG1.4.oral_gc_rl.tsv.gz
99,33,ZAF001.A0103.SG1.4.oral_gc_rl.tsv.gz
100,42,ZAF001.A0103.SG1.4.oral_gc_rl.tsv.gz
101,45,ZAF001.A0103.SG1.4.oral_gc_rl.tsv.gz
102,37,ZAF001.A0103.SG1.4.oral_gc_rl.tsv.gz
103,33,ZAF001.A0103.SG1.4.oral_gc_rl.tsv.gz
104,31,ZAF001.A0103.SG1.4.oral_gc_rl.tsv.gz
105,32,ZAF001.A0103.SG1.4.oral_gc_rl.tsv.gz
106,27,ZAF001.A0103.SG1.4.oral_gc_rl.tsv.gz
107,30,ZAF001.A0103.SG1.4.oral_gc_rl.tsv.gz
108,27,ZAF001.A0103.SG1.4.oral_gc_rl.tsv.gz
109,15,ZAF001.A0103.SG1.4.oral_gc_rl.tsv.gz
110,28,ZAF001.A0103.SG1.4.oral_gc_rl.tsv.gz
111,22,ZAF001.A0103.SG1.4.oral_gc_rl.tsv.gz
112,21,ZAF001.A0103.SG1.4.oral_gc_rl.tsv.gz
113,18,ZAF001.A0103.SG1.4.oral_gc_rl.tsv.gz
114,19,ZAF001.A0103.SG1.4.oral_gc_rl.tsv.gz
115,17,ZAF001.A0103.SG1.4.oral_gc_rl.tsv.gz
116,20,ZAF001.A0103.SG1.4.oral_gc_rl.tsv.gz
117,10,ZAF001.A0103.SG1.4.oral_gc_rl.tsv.gz
118,13,ZAF001.A0103.SG1.4.oral_gc_rl.tsv.gz
119,32,ZAF001.A0103.SG1.4.oral_gc_rl.tsv.gz
120,12,ZAF001.A0103.SG1.4.oral_gc_rl.tsv.gz
121,12,ZAF001.A0103.SG1.4.oral_gc_rl.tsv.gz
122,12,ZAF001.A0103.SG1.4.oral_gc_rl.tsv.gz
123,11,ZAF001.A0103.SG1.4.oral_gc_rl.tsv.gz
124,11,ZAF001.A0103.SG1.4.oral_gc_rl.tsv.gz
125,9,ZAF001.A0103.SG1.4.oral_gc_rl.tsv.gz
126,17,ZAF001.A0103.SG1.4.oral_gc_rl.tsv.gz
127,10,ZAF001.A0103.SG1.4.oral_gc_rl.tsv.gz
128,16,ZAF001.A0103.SG1.4.oral_gc_rl.tsv.gz
129,10,ZAF001.A0103.SG1.4.oral_gc_rl.tsv.gz
130,16,ZAF001.A0103.SG1.4.oral_gc_rl.tsv.gz
131,13,ZAF001.A0103.SG1.4.oral_gc_rl.tsv.gz
132,8,ZAF001.A0103.SG1.4.oral_gc_rl.tsv.gz
133,9,ZAF001.A0103.SG1.4.oral_gc_rl.tsv.gz
134,13,ZAF001.A0103.SG1.4.oral_gc_rl.tsv.gz
135,14,ZAF001.A0103.SG1.4.oral_gc_rl.tsv.gz
136,18,ZAF001.A0103.SG1.4.oral_gc_rl.tsv.gz
137,13,ZAF001.A0103.SG1.4.oral_gc_rl.tsv.gz
138,10,ZAF001.A0103.SG1.4.oral_gc_rl.tsv.gz
139,9,ZAF001.A0103.SG1.4.oral_gc_rl.tsv.gz
140,4,ZAF001.A0103.SG1.4.oral_gc_rl.tsv.gz
141,14,ZAF001.A0103.SG1.4.oral_gc_rl.tsv.gz
