Species	BAN001.A0101.SG1.1_10M	BAN001.A0102.SG1.4_10M	CDM019.A0101.SG1.1_10M	CDM019.A0102.SG1.4_10M	CDM020.A0101.SG1.1_10M	CDM020.A0102.SG1.4_10M	FUM001.A0101.SG1.1_10M	FUM001.A0102.SG1.4_10M	FUM002.A0101.SG1.1_10M	FUM002.A0102.SG1.5_10M	FUM003.A0101.SG1.1_10M	FUM003.A0102.SG1.4_10M	GDN001.A0101.SG1.1_10M	GDN001.A0102.SG1.3_10M	GOY005.A0101.SG1.2_10M	GOY005.A0103.SG1.4_10M	GOY006.A0101.SG1.2_10M	GOY006.A0102.SG1.5_10M	GUE001.A0101.SG1.1_10M	GUE001.A0102.SG1.4_10M	PES001.B0101.SG1.3_10M	PES001.B0102.SG1.5_10M	SPM002.A0101.SG1.1_10M	SPM002.A0103.SG1.4_10M	VLD001.A0101.SG1.1_10M	VLD001.A0102.SG1.2_10M	ZAF001.A0101.SG1.1_10M	ZAF001.A0103.SG1.4_10M	BAN001.A0101.SG1.1_10M_over50bp	BAN001.A0101.SG1.1_10M_under50bp	BAN001.A0102.SG1.4_10M_over50bp	BAN001.A0102.SG1.4_10M_under50bp	CDM019.A0101.SG1.1_10M_over50bp	CDM019.A0101.SG1.1_10M_under50bp	CDM019.A0102.SG1.4_10M_over50bp	CDM019.A0102.SG1.4_10M_under50bp	CDM020.A0101.SG1.1_10M_over50bp	CDM020.A0101.SG1.1_10M_under50bp	CDM020.A0102.SG1.4_10M_over50bp	CDM020.A0102.SG1.4_10M_under50bp	FUM001.A0101.SG1.1_10M_over50bp	FUM001.A0101.SG1.1_10M_under50bp	FUM001.A0102.SG1.4_10M_over50bp	FUM001.A0102.SG1.4_10M_under50bp	FUM002.A0101.SG1.1_10M_over50bp	FUM002.A0101.SG1.1_10M_under50bp	FUM002.A0102.SG1.5_10M_over50bp	FUM002.A0102.SG1.5_10M_under50bp	FUM003.A0101.SG1.1_10M_over50bp	FUM003.A0101.SG1.1_10M_under50bp	FUM003.A0102.SG1.4_10M_over50bp	FUM003.A0102.SG1.4_10M_under50bp	GDN001.A0101.SG1.1_10M_over50bp	GDN001.A0101.SG1.1_10M_under50bp	GDN001.A0102.SG1.3_10M_over50bp	GDN001.A0102.SG1.3_10M_under50bp	GOY005.A0101.SG1.2_10M_over50bp	GOY005.A0101.SG1.2_10M_under50bp	GOY005.A0103.SG1.4_10M_over50bp	GOY005.A0103.SG1.4_10M_under50bp	GOY006.A0101.SG1.2_10M_over50bp	GOY006.A0101.SG1.2_10M_under50bp	GOY006.A0102.SG1.5_10M_over50bp	GOY006.A0102.SG1.5_10M_under50bp	GUE001.A0101.SG1.1_10M_over50bp	GUE001.A0101.SG1.1_10M_under50bp	GUE001.A0102.SG1.4_10M_over50bp	GUE001.A0102.SG1.4_10M_under50bp	PES001.B0101.SG1.3_10M_over50bp	PES001.B0101.SG1.3_10M_under50bp	PES001.B0102.SG1.5_10M_over50bp	PES001.B0102.SG1.5_10M_under50bp	SPM002.A0101.SG1.1_10M_over50bp	SPM002.A0101.SG1.1_10M_under50bp	SPM002.A0103.SG1.4_10M_over50bp	SPM002.A0103.SG1.4_10M_under50bp	VLD001.A0101.SG1.1_10M_over50bp	VLD001.A0101.SG1.1_10M_under50bp	VLD001.A0102.SG1.2_10M_over50bp	VLD001.A0102.SG1.2_10M_under50bp	ZAF001.A0101.SG1.1_10M_over50bp	ZAF001.A0101.SG1.1_10M_under50bp	ZAF001.A0103.SG1.4_10M_over50bp	ZAF001.A0103.SG1.4_10M_under50bp
34-128 sp014894735	834	317	0	0	0	0	0	0	0	0	0	0	0	0	20	8	0	3	6	1	0	0	2	0	0	1	0	1	726	108	150	167	0	0	0	0	0	0	0	0	0	0	0	0	0	0	0	0	0	0	0	0	0	0	0	0	20	0	5	3	0	0	1	2	6	0	1	0	0	0	0	0	2	0	0	0	0	0	1	0	0	0	1	0
40CM-3-62-11 sp001914955	0	0	11	3	0	1	106	21	26	11	545	135	1373	105	5	1	1	0	2498	91	10	7	0	0	5	0	48	4	0	0	0	0	9	2	3	0	0	0	0	1	96	10	12	9	23	3	8	3	471	74	86	49	1290	83	78	27	3	2	1	0	1	0	0	0	2217	281	66	25	9	1	7	0	0	0	0	0	2	3	0	0	27	21	2	2
AA32 sp003223555	1	1	1	4	1	4	231	17	6	8	59	15	691	32	0	1	7	0	282	7	17	6	0	0	4	1	41	3	1	0	1	0	1	0	0	4	1	0	2	2	214	17	13	4	2	4	2	6	53	6	10	5	657	34	23	9	0	0	1	0	6	1	0	0	266	16	5	2	14	3	4	2	0	0	0	0	3	1	1	0	28	13	2	1
AR31 sp003220535	0	0	6	2	3	3	344	33	13	7	259	59	1149	47	1	1	7	2	576	10	18	9	0	0	4	0	29	6	0	0	0	0	5	1	2	0	3	0	3	0	284	60	23	10	10	3	5	2	217	42	40	19	1086	63	36	11	0	1	1	0	5	2	1	1	533	43	8	2	18	0	7	2	0	0	0	0	0	4	0	0	20	9	4	2
AR31 sp003221615	0	0	6	1	4	3	187	20	16	2	123	28	421	20	0	1	8	2	409	12	20	13	2	0	0	2	32	3	0	0	0	0	6	0	1	0	2	2	1	2	143	44	7	13	12	4	2	0	106	17	20	8	405	16	13	7	0	0	1	0	3	5	0	2	377	32	8	4	15	5	6	7	2	0	0	0	0	0	2	0	10	22	1	2
AR31 sp003221655	0	1	3	1	2	0	520	45	127	28	796	193	922	42	2	0	8	1	395	12	12	5	0	0	1	0	23	4	0	0	1	0	2	1	0	1	1	1	0	0	367	153	26	19	104	23	20	8	688	108	124	69	855	67	31	11	2	0	0	0	6	2	1	0	338	57	10	2	9	3	4	1	0	0	0	0	0	1	0	0	15	8	3	1
Abiotrophia defectiva	4	3	133	165	5259	5298	308	52	138	149	131	51	0	0	2118	1146	1330	911	0	0	4045	2837	17	3	46	17	202	38	4	0	1	2	117	16	129	36	4406	853	4026	1272	249	59	38	14	78	60	75	74	71	60	21	30	0	0	0	0	1251	867	493	653	943	387	500	411	0	0	0	0	3557	488	2158	679	15	2	0	3	35	11	9	8	181	21	23	15
Abiotrophia sp001815865	2	1	293	283	13819	14723	376	58	196	170	210	102	5	0	2858	1495	1492	1001	1	0	4844	3259	8	1	39	18	126	16	2	0	1	0	254	39	213	70	11330	2489	11149	3574	305	71	35	23	95	101	80	90	117	93	41	61	0	5	0	0	1676	1182	662	833	1071	421	558	443	1	0	0	0	4278	566	2500	759	5	3	0	1	28	11	10	8	107	19	8	8
Acidovorax temperans	19	6	4	0	21	11	97	5	6	1	665	280	29	4	30	8	634	168	5	1	12	9	121	16	2975	615	2416	561	16	3	1	5	2	2	0	0	12	9	8	3	88	9	2	3	3	3	0	1	588	77	189	91	29	0	2	2	17	13	3	5	537	97	114	54	5	0	1	0	11	1	2	7	66	55	9	7	2126	849	254	361	1041	1375	128	433
Acinetobacter albensis	802	749	0	0	0	0	6	1	4	1	1	1	0	1	13	4	105	137	0	0	154	169	7	4	125	46	26	7	670	132	423	326	0	0	0	0	0	0	0	0	5	1	1	0	4	0	1	0	1	0	1	0	0	0	0	1	12	1	3	1	89	16	107	30	0	0	0	0	149	5	147	22	7	0	4	0	105	20	25	21	20	6	3	4
Acinetobacter fasciculus	60	35	0	0	1	0	180	21	5	10	100	33	6	3	264	50	44	25	23	0	971	864	107	17	95	40	144	39	46	14	11	24	0	0	0	0	0	1	0	0	173	7	15	6	4	1	8	2	90	10	23	10	6	0	2	1	244	20	37	13	37	7	17	8	23	0	0	0	939	32	764	100	97	10	10	7	75	20	24	16	113	31	21	18
Acinetobacter guillouiae	6	1	0	0	0	2	28	14	1	0	6	5	1	4	17525	4675	24	17	4	1	33	43	1	2	49	24	22	11	5	1	1	0	0	0	0	0	0	0	1	1	23	5	10	4	1	0	0	0	5	1	3	2	0	1	2	2	16895	630	4058	617	21	3	12	5	4	0	1	0	32	1	39	4	1	0	2	0	44	5	15	9	20	2	6	5
Acinetobacter idrijaensis	76	37	0	0	0	0	73	9	1	5	28	6	5	1	181	28	30	24	1	1	581	613	144	25	198	67	62	23	61	15	18	19	0	0	0	0	0	0	0	0	71	2	8	1	0	1	5	0	28	0	5	1	5	0	1	0	167	14	23	5	27	3	20	4	1	0	1	0	571	10	560	53	136	8	14	11	146	52	30	37	51	11	18	5
Acinetobacter johnsonii	250	220	0	0	0	1	680	133	39	35	222	89	66	17	315	55	833	487	101	6	62749	44460	1696	211	52994	14177	2213	769	191	59	111	109	0	0	0	0	0	0	0	1	594	86	105	28	37	2	28	7	198	24	73	16	61	5	10	7	279	36	40	15	764	69	374	113	101	0	4	2	61624	1125	39988	4472	1574	122	146	65	42197	10797	7732	6445	1591	622	390	379
Acinetobacter junii	4	4	0	1	0	1	51	12	6	5	38	22	22	8	29	7	8276	5326	3	0	101	103	34	11	47	10	71	35	4	0	0	4	0	0	1	0	0	0	1	0	39	12	8	4	6	0	3	2	37	1	18	4	15	7	6	2	26	3	5	2	7739	537	4285	1041	3	0	0	0	98	3	94	9	28	6	8	3	43	4	5	5	52	19	18	17
Acinetobacter kyonggiensis	2	6	0	0	0	0	4	3	0	0	3	0	0	0	7	1	19	29	0	0	773	917	17	4	54	20	20	9	2	0	2	4	0	0	0	0	0	0	0	0	4	0	1	2	0	0	0	0	2	1	0	0	0	0	0	0	7	0	1	0	15	4	23	6	0	0	0	0	749	24	839	78	15	2	3	1	40	14	11	9	8	12	5	4
Acinetobacter lwoffii	50	49	0	0	0	0	40	11	6	2	27	7	5	0	193	34	34	17	3	0	319	258	76	14	130	59	55	24	41	9	23	26	0	0	0	0	0	0	0	0	40	0	8	3	5	1	2	0	21	6	5	2	5	0	0	0	183	10	28	6	31	3	14	3	3	0	0	0	314	5	233	25	58	18	9	5	112	18	32	27	45	10	13	11
Acinetobacter lwoffii D	56	50	0	0	0	0	35	13	1	2	13	12	0	1	161	38	22	17	9	0	1284	1439	83	8	71	23	58	18	43	13	24	26	0	0	0	0	0	0	0	0	27	8	11	2	1	0	2	0	12	1	10	2	0	0	1	0	149	12	31	7	19	3	12	5	9	0	0	0	1250	34	1309	130	66	17	3	5	53	18	15	8	44	14	11	7
Acinetobacter parvus	7	2	0	0	1	0	110	15	2	0	32	22	13	1	35	11	2468	1297	4	0	200	223	262	42	76	35	57	35	3	4	1	1	0	0	0	0	1	0	0	0	105	5	12	3	1	1	0	0	29	3	20	2	13	0	1	0	33	2	8	3	2308	160	1043	254	4	0	0	0	193	7	205	18	257	5	28	14	63	13	22	13	41	16	20	15
Acinetobacter pseudolwoffii	19	12	0	0	1	0	14	6	0	1	10	5	1	2	56	13	79	279	2	0	283	245	48	4	1467	439	59	33	14	5	7	5	0	0	0	0	1	0	0	0	14	0	4	2	0	0	0	1	9	1	4	1	0	1	2	0	48	8	11	2	61	18	246	33	2	0	0	0	274	9	220	25	40	8	2	2	1145	322	236	203	42	17	18	15
Acinetobacter schindleri	16	12	0	0	1	0	119	12	0	1	27	6	0	5	185	29	34	27	9	2	266	200	49	13	63	27	139	52	14	2	6	6	0	0	0	0	1	0	0	0	101	18	7	5	0	0	1	0	26	1	4	2	0	0	4	1	156	29	18	11	31	3	23	4	9	0	0	2	258	8	179	21	46	3	8	5	49	14	14	13	99	40	21	31
Acinetobacter sp000214135	8	5	0	1	0	1	32	2	2	0	3	1	7	1	9	3	8	7	13	0	427	361	14	8	244	87	32	7	8	0	3	2	0	0	1	0	0	0	1	0	20	12	1	1	2	0	0	0	3	0	1	0	7	0	1	0	8	1	1	2	7	1	5	2	10	3	0	0	415	12	331	30	14	0	4	4	192	52	43	44	23	9	4	3
Acinetobacter sp000369525	1	1	0	0	0	0	3	0	0	0	3	2	0	1	5	1	5	8	0	0	232	190	10	3	682	227	3	1	1	0	0	1	0	0	0	0	0	0	0	0	1	2	0	0	0	0	0	0	1	2	2	0	0	0	1	0	4	1	0	1	4	1	5	3	0	0	0	0	228	4	171	19	10	0	3	0	549	133	124	103	2	1	0	1
Acinetobacter sp001612555	6	16	0	0	0	0	0	0	0	0	0	0	0	0	3	3	5	6	0	0	714	886	5	0	47	20	8	2	4	2	8	8	0	0	0	0	0	0	0	0	0	0	0	0	0	0	0	0	0	0	0	0	0	0	0	0	2	1	2	1	4	1	6	0	0	0	0	0	704	10	832	54	5	0	0	0	27	20	12	8	8	0	2	0
Acinetobacter sp002135205	31	16	0	0	0	0	70	8	2	4	28	2	5	0	40	8	52	49	2	0	4647	3341	116	19	5130	1399	175	45	27	4	4	12	0	0	0	0	0	0	0	0	48	22	4	4	2	0	3	1	25	3	2	0	5	0	0	0	36	4	6	2	50	2	33	16	2	0	0	0	4544	103	2989	352	108	8	15	4	4118	1012	797	602	115	60	25	20
Acinetobacter sp002135245	0	1	1	1	0	0	14	2	1	1	2	0	0	1	9	1	9	7	0	0	696	701	29	1	87	59	22	4	0	0	1	0	0	1	1	0	0	0	0	0	14	0	1	1	1	0	0	1	1	1	0	0	0	0	0	1	8	1	0	1	9	0	7	0	0	0	0	0	686	10	619	82	23	6	1	0	63	24	34	25	19	3	2	2
Acinetobacter sp002165305	66	43	0	0	0	1	145	21	8	8	32	16	25	2	70	9	168	106	19	2	11783	8402	318	43	10556	2789	494	157	49	17	23	20	0	0	0	0	0	0	0	1	117	28	17	4	8	0	8	0	28	4	11	5	25	0	1	1	66	4	7	2	153	15	78	28	19	0	2	0	11574	209	7552	850	280	38	29	14	8460	2096	1466	1323	346	148	80	77
Acinetobacter sp002296655	3	1	0	0	0	1	161	35	3	4	56	22	9	0	10	1	12	10	3	1	330	294	40	3	108	36	53	13	2	1	1	0	0	0	0	0	0	0	0	1	156	5	29	6	3	0	3	1	54	2	18	4	9	0	0	0	9	1	1	0	12	0	6	4	3	0	1	0	321	9	268	26	40	0	3	0	82	26	18	18	48	5	7	6
Acinetobacter sp004331285	1	1	1	0	0	0	0	0	0	0	2	0	0	0	8	0	5	18	0	0	2129	1636	1	0	17	10	2	2	1	0	1	0	0	1	0	0	0	0	0	0	0	0	0	0	0	0	0	0	0	2	0	0	0	0	0	0	8	0	0	0	4	1	12	6	0	0	0	0	2050	79	1374	262	1	0	0	0	11	6	6	4	0	2	1	1
Acinetobacter sp013072695	0	0	0	0	0	0	5	1	0	1	1	1	0	0	2	0	11	8	0	0	832	884	8	1	47	28	2	0	0	0	0	0	0	0	0	0	0	0	0	0	5	0	0	1	0	0	1	0	1	0	0	1	0	0	0	0	2	0	0	0	10	1	8	0	0	0	0	0	819	13	805	79	5	3	1	0	36	11	17	11	2	0	0	0
Acinetobacter ursingii	4	4	0	0	2	0	157	29	1	1	58	24	10	2	38	2	32	14	53	11	14182	10522	59	14	233	100	154	57	2	2	2	2	0	0	0	0	0	2	0	0	151	6	24	5	0	1	1	0	50	8	19	5	9	1	1	1	34	4	1	1	31	1	11	3	44	9	7	4	13859	323	9406	1116	59	0	11	3	174	59	54	46	129	25	34	23
Actinomyces bovis	1	0	168	82	195	115	99	8	399	159	70	19	683	84	112	25	180	55	0	0	382	179	0	1	132	20	2	0	1	0	0	0	137	31	50	32	150	45	78	37	77	22	5	3	241	158	88	71	38	32	7	12	491	192	52	32	53	59	10	15	118	62	27	28	0	0	0	0	310	72	111	68	0	0	0	1	96	36	9	11	0	2	0	0
Actinomyces bowdenii	0	0	730	396	318	136	485	23	1336	485	159	37	3452	416	237	47	751	238	10	0	985	321	0	1	305	63	5	1	0	0	0	0	620	110	290	106	256	62	88	48	336	149	15	8	891	445	282	203	97	62	20	17	2804	648	264	152	118	119	19	28	509	242	136	102	10	0	0	0	818	167	201	120	0	0	0	1	189	116	33	30	3	2	0	1
Actinomyces bowdenii B	1	0	299	101	332	129	358	27	1382	456	178	31	2472	196	296	49	502	163	2	0	1283	416	8	0	375	74	6	1	1	0	0	0	229	70	63	38	259	73	83	46	261	97	14	13	909	473	241	215	103	75	14	17	1917	555	114	82	169	127	17	32	317	185	79	84	1	1	0	0	1085	198	267	149	8	0	0	0	250	125	30	44	2	4	1	0
Actinomyces dentalis	5	1	246343	74747	157329	52931	16250	1162	7989	2426	973	163	131458	11231	2898	513	12700	3405	17	1	80053	21448	34	4	62349	11026	780	92	3	2	0	1	205141	41202	51096	23651	124419	32910	34584	18347	10352	5898	583	579	5160	2829	1190	1236	642	331	73	90	100308	31150	6188	5043	1535	1363	215	298	8227	4473	1657	1748	15	2	0	1	70789	9264	15163	6285	32	2	2	2	43522	18827	5267	5759	563	217	27	65
Actinomyces denticolens	0	0	205	76	219	93	200	8	460	166	114	26	1617	127	173	29	292	87	0	0	642	227	0	0	198	51	12	1	0	0	0	0	165	40	41	35	166	53	57	36	147	53	5	3	288	172	76	90	60	54	10	16	1214	403	84	43	103	70	11	18	183	109	41	46	0	0	0	0	537	105	148	79	0	0	0	0	107	91	22	29	11	1	0	1
Actinomyces gaoshouyii	0	0	143	33	190	91	112	6	417	142	73	23	1285	120	112	24	220	63	1	0	575	209	0	0	200	32	0	0	0	0	0	0	114	29	19	14	142	48	60	31	71	41	1	5	270	147	68	74	54	19	7	16	1042	243	79	41	57	55	9	15	148	72	30	33	0	1	0	0	486	89	136	73	0	0	0	0	134	66	13	19	0	0	0	0
Actinomyces gerencseriae	0	0	13509	4374	11827	4096	24425	1393	3242	1068	1122	210	12726	1096	3254	493	5139	1143	8	0	15717	5245	85	0	130220	18102	2937	448	0	0	0	0	11292	2217	3008	1366	8928	2899	2475	1621	16193	8232	727	666	2222	1020	581	487	769	353	93	117	10034	2692	677	419	1938	1316	200	293	3576	1563	542	601	8	0	0	0	13457	2260	3629	1616	74	11	0	0	95065	35155	9181	8921	1393	1544	112	336
Actinomyces glycerinitolerans	0	0	128	62	140	51	49	3	155	60	20	5	419	54	45	3	86	27	0	0	197	90	0	0	66	14	0	0	0	0	0	0	104	24	42	20	111	29	33	18	38	11	2	1	106	49	28	32	11	9	1	4	332	87	27	27	22	23	0	3	52	34	13	14	0	0	0	0	157	40	56	34	0	0	0	0	46	20	5	9	0	0	0	0
Actinomyces haliotis	1	0	172	66	349	141	125	16	447	133	72	12	2303	217	164	29	332	99	2	0	792	292	0	0	248	54	4	0	1	0	0	0	123	49	44	22	279	70	95	46	67	58	8	8	285	162	73	60	42	30	6	6	1785	518	122	95	91	73	13	16	207	125	44	55	2	0	0	0	656	136	171	121	0	0	0	0	155	93	23	31	2	2	0	0
Actinomyces howellii	0	1	534	202	812	319	362	26	2127	704	157	41	27374	2370	430	89	3169	907	0	0	8923	2899	0	0	2000	429	4	0	0	0	0	1	442	92	124	78	649	163	191	128	244	118	13	13	1438	689	398	306	96	61	18	23	22506	4868	1545	825	237	193	19	70	2150	1019	514	393	0	0	0	0	7849	1074	2066	833	0	0	0	0	1323	677	202	227	2	2	0	0
Actinomyces israelii	1	1	1718	600	1319	518	920	50	1044	358	189	41	5912	514	328	51	824	226	72	2	2313	824	108	2	3024	522	106	14	1	0	0	1	1401	317	398	202	1025	294	338	180	540	380	26	24	684	360	190	168	126	63	16	25	4487	1425	309	205	172	156	12	39	517	307	99	127	69	3	1	1	1952	361	553	271	95	13	0	2	2001	1023	225	297	68	38	4	10
Actinomyces johnsonii	2	0	2871	1181	10459	3903	23596	1657	38972	12698	13859	3018	1725	160	9945	1855	5786	1695	3	0	22554	6733	14	1	5721	1161	242	33	1	1	0	0	2372	499	836	345	8730	1729	2760	1143	15513	8083	899	758	26451	12521	7020	5678	8692	5167	1358	1660	1320	405	97	63	5743	4202	756	1099	3768	2018	811	884	3	0	0	0	19667	2887	4732	2001	10	4	0	1	3846	1875	578	583	114	128	8	25
Actinomyces lilanjuaniae	0	1	115	50	152	82	93	6	458	146	71	24	1258	144	125	32	252	109	0	0	514	200	0	0	162	31	1	0	0	0	0	1	90	25	28	22	127	25	50	32	65	28	0	6	316	142	72	74	33	38	9	15	1004	254	90	54	65	60	11	21	169	83	48	61	0	0	0	0	436	78	116	84	0	0	0	0	103	59	13	18	1	0	0	0
Actinomyces marmotae	0	0	206	78	283	103	78	2	510	174	47	16	953	73	132	21	174	72	2	0	457	188	0	0	149	31	1	0	0	0	0	0	163	43	52	26	233	50	67	36	53	25	1	1	330	180	98	76	28	19	8	8	710	243	38	35	64	68	7	14	107	67	40	32	0	2	0	0	381	76	130	58	0	0	0	0	86	63	12	19	1	0	0	0
Actinomyces massiliensis	0	0	1032	359	839	350	1369	86	1566	502	332	81	3105	278	499	82	772	222	56	0	2081	721	216	6	4222	663	180	17	0	0	0	0	837	195	230	129	645	194	215	135	881	488	46	40	1003	563	257	245	245	87	40	41	2485	620	158	120	283	216	31	51	490	282	111	111	55	1	0	0	1772	309	487	234	207	9	2	4	2983	1239	297	366	110	70	7	10
Actinomyces naeslundii	1	0	2508	928	15168	5793	32431	2196	33228	10796	5354	1008	1409	113	19574	3336	6735	2008	27	0	23152	6775	122	4	3034	585	377	81	1	0	0	0	2122	386	647	281	12440	2728	3851	1942	22052	10379	1246	950	22974	10254	6047	4749	3643	1711	471	537	1105	304	72	41	11896	7678	1431	1905	4385	2350	1042	966	22	5	0	0	20398	2754	4822	1953	114	8	2	2	1990	1044	263	322	181	196	22	59
Actinomyces oricola	0	1	394	194	517	220	199	19	1438	508	169	47	12802	1129	315	63	1419	416	6	0	4247	1376	0	0	1089	233	7	1	0	0	0	1	314	80	131	63	387	130	135	85	135	64	8	11	936	502	274	234	101	68	24	23	10030	2772	675	454	173	142	23	40	904	515	213	203	0	6	0	0	3718	529	941	435	0	0	0	0	698	391	102	131	3	4	0	1
Actinomyces oris	8	2	1994	736	1273	518	2655	204	13714	4621	1952	399	670	77	2159	395	2348	734	87	3	9969	3048	300	18	834	147	549	39	6	2	1	1	1637	357	512	224	1011	262	343	175	1702	953	122	82	9156	4558	2526	2095	1333	619	180	219	544	126	43	34	1284	875	162	233	1558	790	343	391	74	13	2	1	8562	1407	2062	986	293	7	14	4	608	226	75	72	446	103	20	19
Actinomyces oris A	8	1	919	334	902	382	1676	116	10644	3493	1554	304	599	58	1779	333	1869	604	57	1	6448	2123	146	9	395	55	954	70	0	8	0	1	738	181	224	110	742	160	251	131	1176	500	68	48	7172	3472	1945	1548	1081	473	166	138	467	132	28	30	1036	743	133	200	1226	643	319	285	54	3	0	1	5528	920	1440	683	141	5	8	1	250	145	26	29	759	195	46	24
Actinomyces oris B	3	0	3986	1383	4727	1859	3383	236	39774	13486	2891	620	6096	502	3183	621	4024	1232	15	0	22254	6672	35	1	2330	438	103	19	1	2	0	0	3179	807	943	440	3825	902	1252	607	2201	1182	130	106	27213	12561	7500	5986	1832	1059	263	357	4882	1214	314	188	1793	1390	252	369	2596	1428	615	617	11	4	0	0	19487	2767	4603	2069	35	0	1	0	1518	812	207	231	69	34	7	12
Actinomyces oris C	3	3	652	253	1066	455	2721	185	15687	5275	1795	384	1172	115	2213	429	2537	701	21	4	9457	3011	127	6	798	194	200	17	3	0	1	2	535	117	181	72	857	209	315	140	1745	976	91	94	10542	5145	2939	2336	1211	584	187	197	932	240	69	46	1278	935	178	251	1611	926	339	362	18	3	1	3	8182	1275	2079	932	110	17	4	2	539	259	91	103	142	58	9	8
Actinomyces oris D	2	0	401	156	3092	1205	3339	264	13817	4510	2366	474	1007	69	3828	720	3777	1071	22	0	23494	6852	18	1	705	127	122	21	2	0	0	0	328	73	111	45	2522	570	796	409	2189	1150	150	114	9178	4639	2444	2066	1572	794	213	261	848	159	39	30	2071	1757	283	437	2389	1388	509	562	20	2	0	0	20609	2885	4662	2190	18	0	1	0	463	242	65	62	73	49	4	17
Actinomyces oris E	7	3	408	169	1586	657	2465	183	12428	4170	2165	432	981	80	2419	479	2655	802	13	0	9628	3037	41	3	667	105	132	14	6	1	1	2	330	78	116	53	1283	303	436	221	1628	837	93	90	8263	4165	2273	1897	1473	692	191	241	803	178	43	37	1406	1013	185	294	1703	952	403	399	13	0	0	0	8353	1275	2070	967	36	5	1	2	424	243	57	48	87	45	5	9
Actinomyces procaprae	0	0	204	89	249	124	118	10	383	130	67	12	1926	208	119	35	262	83	4	1	712	260	0	0	229	65	2	1	0	0	0	0	161	43	57	32	189	60	76	48	61	57	4	6	244	139	62	68	39	28	5	7	1511	415	124	84	63	56	17	18	181	81	37	46	1	3	0	1	586	126	174	86	0	0	0	0	144	85	35	30	1	1	0	1
Actinomyces qiguomingii	0	0	278	150	379	155	137	13	530	175	73	24	1896	211	140	19	297	95	0	0	730	299	0	0	312	70	2	0	0	0	0	0	222	56	110	40	289	90	92	63	86	51	8	5	337	193	87	88	33	40	10	14	1517	379	125	86	86	54	9	10	179	118	41	54	0	0	0	0	610	120	195	104	0	0	0	0	205	107	38	32	1	1	0	0
Actinomyces radicidentis	0	0	256	98	575	195	162	17	654	233	94	22	3253	262	278	57	571	207	0	0	1117	426	0	0	338	67	11	1	0	0	0	0	197	59	56	42	450	125	127	68	69	93	9	8	417	237	132	101	55	39	10	12	2512	741	165	97	148	130	20	37	332	239	99	108	0	0	0	0	923	194	274	152	0	0	0	0	208	130	24	43	3	8	0	1
Actinomyces ruminicola	0	0	274	89	311	98	117	17	387	139	62	13	1899	223	107	26	248	91	0	0	697	268	0	0	278	57	9	0	0	0	0	0	198	76	61	28	245	66	59	39	69	48	10	7	258	129	70	69	36	26	5	8	1477	422	131	92	50	57	10	16	142	106	41	50	0	0	0	0	574	123	178	90	0	0	0	0	174	104	22	35	5	4	0	0
Actinomyces slackii	1	1	345	122	463	156	291	24	1251	435	157	26	4048	370	277	56	591	214	0	0	1563	556	3	0	464	104	9	3	1	0	1	0	270	75	82	40	371	92	86	70	204	87	12	12	783	468	220	215	99	58	8	18	3107	941	227	143	143	134	22	34	364	227	113	101	0	0	0	0	1280	283	357	199	3	0	0	0	294	170	44	60	3	6	2	1
Actinomyces sp000195595	8	1	404	170	1729	724	5067	300	20455	6487	3167	578	1230	144	4484	861	4039	1241	4	0	9703	3046	30	1	1182	211	118	18	5	3	0	1	326	78	109	61	1402	327	517	207	3325	1742	166	134	13827	6628	3589	2898	2054	1113	270	308	957	273	87	57	2604	1880	339	522	2591	1448	617	624	3	1	0	0	8347	1356	2083	963	25	5	1	0	800	382	89	122	69	49	4	14
Actinomyces sp000220835	1	0	989	391	777	319	971	40	1087	417	718	150	3138	320	378	69	540	179	110	6	1384	525	157	5	1754	283	162	16	0	1	0	0	784	205	268	123	608	169	209	110	724	247	26	14	718	369	219	198	586	132	93	57	2386	752	185	135	225	153	26	43	345	195	89	90	95	15	3	3	1150	234	359	166	138	19	1	4	1233	521	126	157	112	50	8	8
Actinomyces sp001278845	6	1	141161	47333	72794	25601	8372	639	5273	1720	633	134	69903	5890	1912	301	7383	2173	0	0	47426	12903	25	1	40413	7222	268	30	5	1	0	1	116927	24234	32215	15118	58004	14790	16955	8646	5450	2922	308	331	3260	2013	842	878	397	236	70	64	53741	16162	3388	2502	1055	857	113	188	4930	2453	1101	1072	0	0	0	0	42210	5216	9159	3744	23	2	0	1	28583	11830	3497	3725	190	78	15	15
Actinomyces sp002154335	0	0	202	89	278	127	145	8	427	180	76	13	1366	144	100	29	221	60	4	0	529	214	0	0	195	41	4	0	0	0	0	0	163	39	49	40	199	79	82	45	87	58	3	5	271	156	97	83	51	25	3	10	1024	342	85	59	61	39	14	15	142	79	35	25	3	1	0	0	434	95	143	71	0	0	0	0	125	70	16	25	3	1	0	0
Actinomyces sp002999235	3	0	1347	445	1122	469	424	27	926	306	212	36	3809	392	268	53	601	174	0	0	1734	630	0	0	1135	211	78	8	2	1	0	0	1107	240	307	138	868	254	290	179	249	175	16	11	576	350	169	137	140	72	16	20	2979	830	219	173	126	142	24	29	383	218	86	88	0	0	0	0	1506	228	418	212	0	0	0	0	751	384	96	115	53	25	6	2
Actinomyces sp009930875	0	0	224	88	227	95	107	9	500	186	67	20	1643	168	145	18	277	87	0	0	677	250	0	0	249	45	0	0	0	0	0	0	180	44	56	32	180	47	59	36	49	58	5	4	316	184	109	77	31	36	12	8	1263	380	100	68	86	59	5	13	159	118	36	51	0	0	0	0	541	136	157	93	0	0	0	0	150	99	21	24	0	0	0	0
Actinomyces sp011751985	0	0	1965	673	9130	3042	1284	91	5581	1864	857	188	7790	707	2627	511	2731	887	4	1	8971	2643	0	0	646	144	14	5	0	0	0	0	1677	288	468	205	7918	1212	2172	870	708	576	40	51	3819	1762	1053	811	564	293	88	100	6224	1566	425	282	1506	1121	228	283	1768	963	438	449	1	3	0	1	7947	1024	1864	779	0	0	0	0	433	213	65	79	6	8	1	4
Actinomyces sp011752065	0	0	349	116	945	363	3377	225	11971	3692	1871	379	1106	95	2358	425	2171	628	1	0	5352	1757	9	1	1171	225	16	5	0	0	0	0	274	75	66	50	730	215	224	139	2211	1166	134	91	7915	4056	1959	1733	1231	640	195	184	868	238	66	29	1304	1054	168	257	1380	791	300	328	1	0	0	0	4464	888	1147	610	5	4	1	0	789	382	109	116	11	5	3	2
Actinomyces sp013185035	1	0	358	121	501	225	169	11	684	228	119	27	2955	232	187	43	457	144	0	0	1121	419	0	0	323	75	8	2	0	1	0	0	292	66	84	37	395	106	157	68	123	46	5	6	407	277	120	108	68	51	11	16	2312	643	135	97	109	78	17	26	291	166	70	74	0	0	0	0	930	191	262	157	0	0	0	0	200	123	32	43	2	6	1	1
Actinomyces sp015711475	0	0	167	67	360	173	198	15	524	214	124	20	1694	128	163	42	256	78	8	2	753	278	26	1	169	47	10	1	0	0	0	0	130	37	40	27	289	71	117	56	157	41	8	7	336	188	111	103	81	43	10	10	1355	339	84	44	83	80	12	30	158	98	34	44	8	0	2	0	639	114	188	90	26	0	0	1	103	66	27	20	10	0	1	0
Actinomyces sp900323545	0	2	540	174	14856	5079	10005	668	197893	60562	19288	3804	2302	233	35038	6595	46821	12782	15	1	104650	29240	22	4	2018	387	313	61	0	0	1	1	451	89	120	54	12624	2232	3585	1494	6473	3532	372	296	137897	59996	34252	26310	13228	6060	1930	1874	1812	490	142	91	20014	15024	2627	3968	31187	15634	6449	6333	15	0	0	1	92922	11728	21181	8059	22	0	3	1	1367	651	178	209	112	201	14	47
Actinomyces succiniciruminis	0	0	111	42	154	74	56	4	204	82	29	5	709	55	64	16	97	43	2	0	244	77	0	0	106	26	2	0	0	0	0	0	89	22	30	12	119	35	49	25	42	14	3	1	136	68	45	37	17	12	1	4	555	154	37	18	31	33	8	8	63	34	24	19	2	0	0	0	201	43	48	29	0	0	0	0	64	42	13	13	1	1	0	0
Actinomyces timonensis	1	1	326	124	428	170	239	15	1311	566	203	37	1874	182	280	70	467	134	5	0	1110	379	6	1	399	78	443	24	1	0	0	1	257	69	89	35	347	81	113	57	164	75	6	9	874	437	315	251	132	71	17	20	1378	496	100	82	146	134	29	41	300	167	64	70	4	1	0	0	932	178	251	128	6	0	0	1	259	140	42	36	358	85	15	9
Actinomyces urogenitalis	0	0	277	133	531	220	170	3	689	247	108	20	2739	258	226	35	464	139	0	0	1104	410	0	0	323	75	4	1	0	0	0	0	214	63	85	48	410	121	140	80	98	72	2	1	423	266	125	122	64	44	8	12	2252	487	146	112	112	114	12	23	313	151	63	76	0	0	0	0	925	179	260	150	0	0	0	0	193	130	30	45	4	0	1	0
Actinomyces viscosus	0	1	445	161	1079	475	3039	234	12832	4318	1990	434	1155	101	2773	541	2403	695	1	0	6017	1964	14	0	1138	204	49	9	0	0	0	1	353	92	113	48	819	260	311	164	1939	1100	122	112	8580	4252	2317	2001	1257	733	194	240	892	263	56	45	1511	1262	202	339	1486	917	334	361	1	0	0	0	5133	884	1307	657	14	0	0	0	799	339	94	110	27	22	3	6
Actinomyces weissii	1	0	190	90	308	133	109	11	486	152	138	46	1959	213	195	34	325	127	0	0	817	291	0	0	224	50	3	2	0	1	0	0	153	37	56	34	243	65	77	56	42	67	9	2	324	162	88	64	91	47	20	26	1570	389	130	83	90	105	14	20	208	117	61	66	0	0	0	0	688	129	189	102	0	0	0	0	131	93	21	29	0	3	1	1
Actinomyces wuliandei	0	0	78	43	142	70	147	12	1666	617	72	17	1037	98	116	23	240	87	0	0	501	212	3	0	171	40	8	1	0	0	0	0	61	17	20	23	107	35	50	20	94	53	9	3	1105	561	346	271	42	30	8	9	844	193	56	42	65	51	8	15	161	79	35	52	0	0	0	0	426	75	139	73	3	0	0	0	107	64	16	24	8	0	0	1
Aerococcus sp002252085	1	3	0	1	0	1	6	0	0	1	0	0	0	0	5	2	901	665	0	0	0	1	0	0	0	0	13	4	0	1	2	1	0	0	1	0	0	0	1	0	6	0	0	0	0	0	1	0	0	0	0	0	0	0	0	0	5	0	2	0	825	76	490	175	0	0	0	0	0	0	1	0	0	0	0	0	0	0	0	0	13	0	3	1
Aerococcus urinaeequi	42	30	0	0	0	0	8	0	1	1	0	2	1	3	69	8	1489	974	0	0	29	15	0	0	2	2	16	5	34	8	15	15	0	0	0	0	0	0	0	0	8	0	0	0	1	0	1	0	0	0	1	1	1	0	2	1	66	3	5	3	1396	93	793	181	0	0	0	0	29	0	13	2	0	0	0	0	2	0	0	2	10	6	4	1
Aerococcus viridans	18	17	0	0	0	0	5	1	1	0	14	8	0	0	11	1	1731	1243	2	0	26	22	4	0	1	1	13	6	16	2	6	11	0	0	0	0	0	0	0	0	3	2	0	1	0	1	0	0	12	2	7	1	0	0	0	0	9	2	1	0	1587	144	966	277	2	0	0	0	26	0	19	3	4	0	0	0	1	0	1	0	12	1	4	2
Aeromonas caviae	11	5	1	1	1	1	235	7	9	2	84	16	10	2	2240	258	14	1	31	1	40	13	57	4	14	8	192	31	5	6	3	2	1	0	1	0	1	0	1	0	209	26	6	1	8	1	2	0	69	15	7	9	10	0	1	1	2010	230	187	71	14	0	1	0	26	5	1	0	38	2	11	2	48	9	3	1	9	5	4	4	150	42	11	20
Afipia broomeae	8	2	1	0	0	2	59	6	3	1	10092	2320	16	4	3	0	1	0	26	0	10	13	31	12	6	1	38	9	6	2	1	1	1	0	0	0	0	0	1	1	54	5	4	2	2	1	0	1	9249	843	1602	718	8	8	0	4	3	0	0	0	1	0	0	0	12	14	0	0	8	2	6	7	13	18	3	9	1	5	0	1	14	24	3	6
Aggregatibacter aphrophilus	0	0	34	47	592	684	43	7	155	182	1257	619	0	1	13690	7203	1081	916	0	0	568	583	0	0	3	1	25	4	0	0	0	0	26	8	27	20	474	118	497	187	17	26	4	3	65	90	69	113	675	582	245	374	0	0	0	1	8071	5619	3235	3968	650	431	417	499	0	0	0	0	380	188	310	273	0	0	0	0	1	2	0	1	24	1	2	2
Aggregatibacter kilianii	0	0	41	37	1788	2014	71	7	252	270	2620	1438	0	0	25841	13323	1158	1008	0	0	574	563	1	2	0	2	31	3	0	0	0	0	35	6	29	8	1372	416	1453	561	30	41	5	2	120	132	123	147	1300	1320	545	893	0	0	0	0	15403	10438	5943	7380	686	472	480	528	0	0	0	0	374	200	311	252	1	0	1	1	0	0	1	1	20	11	2	1
Aggregatibacter segnis	0	0	32	44	570	641	8	2	53	51	130	62	0	0	1702	836	250	201	2	0	71	79	0	0	0	1	6	1	0	0	0	0	27	5	34	10	431	139	470	171	5	3	2	0	22	31	28	23	65	65	26	36	0	0	0	0	975	727	394	442	147	103	94	107	2	0	0	0	37	34	41	38	0	0	0	0	0	0	0	1	3	3	1	0
Aggregatibacter segnis A	0	1	41	40	516	558	8	6	60	68	148	92	0	0	1976	893	293	255	4	0	98	103	1	0	2	0	4	5	0	0	0	1	31	10	26	14	395	121	401	157	3	5	1	5	24	36	33	35	74	74	39	53	0	0	0	0	1186	790	393	500	201	92	122	133	4	0	0	0	61	37	59	44	0	1	0	0	1	1	0	0	3	1	2	3
Aggregatibacter sp000466335	0	0	19	29	372	318	9	3	27	28	142	66	2	0	1255	613	165	124	4	0	71	66	0	2	5	0	12	1	0	0	0	0	18	1	15	14	286	86	232	86	9	0	3	0	13	14	10	18	75	67	26	40	2	0	0	0	698	557	281	332	106	59	56	68	4	0	0	0	48	23	51	15	0	0	2	0	4	1	0	0	7	5	1	0
Agrobacterium sp900013535	14	5	2	0	1	1	19	1	1	0	3	1	8	0	4	1	3	1	12	0	0	0	6	1	3799	731	13	1	10	4	2	3	2	0	0	0	0	1	1	0	9	10	0	1	0	1	0	0	2	1	1	0	8	0	0	0	3	1	1	0	3	0	0	1	9	3	0	0	0	0	0	0	4	2	1	0	2720	1079	320	411	6	7	0	1
Aliidongia dinghuensis	2	1	4	1	2	2	22	6	5	1	6	3	6	0	4	0	2262	1703	19	1	0	0	1	1	0	1	90	23	2	0	1	0	4	0	1	0	1	1	1	1	15	7	4	2	2	3	1	0	5	1	0	3	0	6	0	0	4	0	0	0	1919	343	1314	389	8	11	0	1	0	0	0	0	1	0	0	1	0	0	1	0	49	41	15	8
Alishewanella agri	7	5	0	0	0	2	8	0	0	0	0	0	11	0	648	96	6	2	4	0	315	144	11	9	13	3	136	14	6	1	3	2	0	0	0	0	0	0	1	1	6	2	0	0	0	0	0	0	0	0	0	0	11	0	0	0	586	62	77	19	5	1	1	1	4	0	0	0	304	11	116	28	10	1	5	4	12	1	1	2	82	54	4	10
Anaerococcus nagyae	13	1	0	0	0	1	315	134	6	15	74	68	4	7	40	13	20	36	32	7	3	6	88	21	50	22	131	80	8	5	1	0	0	0	0	0	0	0	1	0	296	19	108	26	6	0	14	1	68	6	53	15	0	4	6	1	38	2	10	3	18	2	26	10	30	2	7	0	3	0	5	1	81	7	19	2	42	8	15	7	117	14	60	20
Anaerococcus octavius	3	3	0	1	1	5	218	77	3	4	85	67	7	3	27	10	33	30	32	4	2	4	243	51	34	20	198	125	3	0	1	2	0	0	1	0	1	0	3	2	211	7	57	20	3	0	3	1	74	11	51	16	7	0	1	2	26	1	8	2	30	3	20	10	32	0	3	1	2	0	3	1	241	2	31	20	30	4	12	8	167	31	75	50
Anaerococcus urinomassiliensis	0	0	5	23	7	20	46	11	59	108	11	6	5	11	10	11	20	26	4	1	10	10	16	0	10	4	9781	2833	0	0	0	0	4	1	16	7	4	3	16	4	38	8	9	2	42	17	76	32	10	1	2	4	4	1	6	5	4	6	7	4	18	2	15	11	4	0	1	0	9	1	5	5	16	0	0	0	2	8	3	1	7466	2315	1619	1214
Anaerosphaera mikwangii	0	0	295	584	94	221	11	7	119	204	9	3	37	39	35	30	81	82	0	0	143	297	0	0	26	30	0	1	0	0	0	0	266	29	487	97	77	17	175	46	9	2	1	6	83	36	129	75	7	2	1	2	24	13	18	21	28	7	16	14	64	17	42	40	0	0	0	0	132	11	216	81	0	0	0	0	20	6	15	15	0	0	0	1
Aquabacterium commune	40	8	3	2	1	0	5	1	3	1	2566	649	5	3	8	4	8	2	0	0	5	2	0	0	42	24	1	0	22	18	6	2	2	1	1	1	1	0	0	0	5	0	0	1	2	1	0	1	2393	173	497	152	5	0	2	1	3	5	2	2	4	4	1	1	0	0	0	0	2	3	0	2	0	0	0	0	35	7	7	17	1	0	0	0
Arachnia propionica	0	1	80230	28816	102072	42041	9476	904	6246	2902	1141	352	8741	1122	9993	2594	10919	3339	2	0	70601	22507	4	1	1019	283	56	11	0	0	1	0	69182	11048	20662	8154	84993	17079	29341	12700	5006	4470	406	498	3706	2540	1405	1497	646	495	143	209	6994	1747	631	491	4720	5273	934	1660	6819	4100	1614	1725	2	0	0	0	61021	9580	15428	7079	4	0	0	1	509	510	90	193	23	33	2	9
Arachnia propionica B	0	0	54	15	401	180	15	4	77	30	9	5	58	12	103	26	120	34	1	0	442	141	1	0	21	1	1	0	0	0	0	0	39	15	8	7	333	68	117	63	13	2	1	3	47	30	13	17	6	3	0	5	46	12	5	7	52	51	8	18	72	48	19	15	0	1	0	0	359	83	95	46	1	0	0	0	14	7	0	1	0	1	0	0
Arachnia propionica C	0	0	83	33	301	156	23	2	83	41	22	7	28	5	110	25	83	47	0	0	398	167	3	0	13	2	0	1	0	0	0	0	63	20	24	9	249	52	84	72	11	12	1	1	50	33	15	26	13	9	4	3	16	12	3	2	56	54	9	16	52	31	24	23	0	0	0	0	318	80	92	75	3	0	0	0	8	5	0	2	0	0	1	0
Arachnia rubra	3	1	1218	496	2883	1385	235	19	378	190	88	23	237	42	561	176	493	177	15	1	2713	968	34	1	56	13	163	21	0	3	1	0	1023	195	342	154	2318	565	930	455	132	103	12	7	222	156	92	98	50	38	10	13	174	63	17	25	271	290	59	117	303	190	82	95	15	0	1	0	2244	469	651	317	24	10	1	0	41	15	4	9	112	51	9	12
Arachnia sp013333945	1	0	3961	1611	25788	11448	1369	145	6783	3488	1964	664	725	110	5519	1402	4726	1543	29	2	24072	7804	7	1	270	68	49	17	1	0	0	0	3368	593	1147	464	21468	4320	8059	3389	798	571	79	66	3885	2898	1645	1843	1053	911	244	420	563	162	55	55	2737	2782	540	862	2952	1774	715	828	25	4	0	2	20716	3356	5398	2406	6	1	1	0	168	102	33	35	23	26	3	14
Arachnia sp900607225	0	0	8459	3228	24922	10611	2212	214	3127	1544	468	151	1641	174	4058	1057	3895	1219	8	1	22267	7180	38	4	577	143	48	9	0	0	0	0	7261	1198	2292	936	20565	4357	7384	3227	1194	1018	96	118	1800	1327	782	762	238	230	67	84	1286	355	97	77	1908	2150	378	679	2421	1474	590	629	5	3	1	0	18824	3443	4800	2380	35	3	4	0	327	250	59	84	26	22	1	8
Arachnia sp905372155	0	0	39746	14572	69191	28074	10405	999	8538	3889	867	245	3230	396	6513	1659	6029	1912	13	1	36553	11756	6	0	3262	746	121	28	0	0	0	0	33612	6134	10199	4373	57150	12041	19349	8725	5538	4867	452	547	4866	3672	1754	2135	502	365	91	154	2487	743	214	182	3051	3462	575	1084	3721	2308	874	1038	13	0	0	1	31040	5513	7848	3908	2	4	0	0	1842	1420	283	463	31	90	5	23
Aureimonas A endophytica	1	1	4	3	5	3	33	4	3	2	4	1	10	0	3	2	3176	2426	27	1	2	2	4	0	11	3	149	56	1	0	0	1	3	1	3	0	4	1	3	0	27	6	2	2	2	1	1	1	4	0	0	1	1	9	0	0	2	1	2	0	2755	421	1903	523	23	4	1	0	1	1	2	0	4	0	0	0	8	3	1	2	105	44	33	23
Azonexus agitatus	0	0	5	4	7	4	8	1	3	0	22579	7886	0	0	5	2	2	0	2	0	0	1	3	1	2	0	1	0	0	0	0	0	4	1	2	2	4	3	3	1	8	0	1	0	2	1	0	0	20147	2432	5650	2236	0	0	0	0	5	0	1	1	1	1	0	0	2	0	0	0	0	0	1	0	0	3	1	0	2	0	0	0	1	0	0	0
Azonexus aromaticus A	0	0	4	1	4	1	0	1	1	0	3068	1144	1	0	14	1	9	5	5	0	1	2	2	0	1	0	0	0	0	0	0	0	2	2	1	0	3	1	1	0	0	0	1	0	1	0	0	0	2700	368	802	342	1	0	0	0	7	7	1	0	5	4	3	2	5	0	0	0	1	0	1	1	0	2	0	0	1	0	0	0	0	0	0	0
Azonexus aromaticus B	0	0	5	2	8	0	0	0	4	3	1216	465	8	0	2	3	1	2	1	0	1	0	0	0	1	0	3	0	0	0	0	0	3	2	2	0	7	1	0	0	0	0	0	0	0	4	1	2	1000	216	305	160	0	8	0	0	0	2	2	1	1	0	2	0	1	0	0	0	0	1	0	0	0	0	0	0	1	0	0	0	2	1	0	0
Azonexus denitrificans	0	0	4	4	8	0	0	0	2	1	1556	588	0	0	5	2	4	1	3	0	3	2	0	0	0	0	0	0	0	0	0	0	4	0	3	1	4	4	0	0	0	0	0	0	0	2	1	0	1358	198	386	202	0	0	0	0	3	2	0	2	2	2	1	0	3	0	0	0	3	0	1	1	0	0	0	0	0	0	0	0	0	0	0	0
Azonexus fungiphilus	0	0	3	5	1	1	0	0	5	0	872	359	2	0	5	0	3	2	0	0	1	1	0	0	0	0	3	1	0	0	0	0	2	1	2	3	0	1	0	1	0	0	0	0	2	3	0	0	739	133	240	119	2	0	0	0	3	2	0	0	2	1	1	1	0	0	0	0	1	0	1	0	0	0	0	0	0	0	0	0	1	2	0	1
Azonexus hortensis	2	1	2	1	3	1	13	5	11	11	3358	1331	0	0	2	1	87	52	0	0	2	1	0	1	2	0	13	4	1	1	1	0	2	0	1	0	2	1	0	1	13	0	5	0	9	2	9	2	3039	319	1000	331	0	0	0	0	0	2	1	0	77	10	33	19	0	0	0	0	1	1	1	0	0	0	0	1	2	0	0	0	9	4	2	2
Azonexus hydrophilus A	0	0	4	2	5	1	4	1	1	2	951	338	9	1	0	0	1	0	1	0	2	0	1	0	2	0	0	1	0	0	0	0	4	0	1	1	2	3	1	0	0	4	1	0	0	1	1	1	816	135	225	113	7	2	0	1	0	0	0	0	1	0	0	0	0	1	0	0	2	0	0	0	0	1	0	0	1	1	0	0	0	0	1	0
Azonexus sp002345845	0	0	5	2	10	3	3	0	3	1	2245	805	11	0	2	0	0	2	1	0	1	0	0	0	2	1	3	1	0	0	0	0	4	1	2	0	6	4	1	2	3	0	0	0	1	2	0	1	2012	233	555	250	11	0	0	0	1	1	0	0	0	0	1	1	1	0	0	0	1	0	0	0	0	0	0	0	2	0	0	1	2	1	0	1
Azonexus sp002425245	0	0	3	2	2	3	0	1	4	0	1084	430	0	0	0	0	1	0	0	0	1	0	0	0	1	0	1	1	0	0	0	0	1	2	1	1	1	1	0	3	0	0	1	0	2	2	0	0	911	173	304	126	0	0	0	0	0	0	0	0	1	0	0	0	0	0	0	0	1	0	0	0	0	0	0	0	0	1	0	0	0	1	1	0
Azonexus sp002440665	0	0	6	0	4	1	3	0	3	3	1602	527	0	0	4	0	2	1	0	0	1	1	4	0	0	0	1	2	0	0	0	0	5	1	0	0	3	1	1	0	0	3	0	0	3	0	1	2	1411	191	380	147	0	0	0	0	2	2	0	0	1	1	0	1	0	0	0	0	1	0	1	0	0	4	0	0	0	0	0	0	0	1	1	1
Azonexus sp002470165	0	0	4	3	1	0	0	0	1	1	5463	1985	0	0	0	0	1	1	0	0	0	0	0	0	3	0	0	0	0	0	0	0	3	1	3	0	1	0	0	0	0	0	0	0	1	0	0	1	4793	670	1328	657	0	0	0	0	0	0	0	0	0	1	0	1	0	0	0	0	0	0	0	0	0	0	0	0	3	0	0	0	0	0	0	0
Azonexus sp002840765	3	0	2	2	3	4	0	0	1	0	1956	731	0	0	4	2	4	0	1	0	3	1	0	0	4	0	0	0	2	1	0	0	2	0	0	2	2	1	2	2	0	0	0	0	1	0	0	0	1694	262	506	225	0	0	0	0	1	3	2	0	0	4	0	0	1	0	0	0	3	0	1	0	0	0	0	0	4	0	0	0	0	0	0	0
Azonexus sp002842145	0	0	0	3	4	2	0	0	2	4	3220	1155	0	0	5	0	1	2	0	0	0	1	0	0	0	0	7	1	0	0	0	0	0	0	3	0	2	2	0	2	0	0	0	0	2	0	3	1	2810	410	758	397	0	0	0	0	1	4	0	0	1	0	0	2	0	0	0	0	0	0	1	0	0	0	0	0	0	0	0	0	3	4	1	0
Azonexus sp003441615	0	0	0	6	4	2	3	1	0	2	1083	453	1	0	2	2	3	1	1	0	2	1	0	0	1	0	2	0	0	0	0	0	0	0	2	4	4	0	2	0	3	0	1	0	0	0	1	1	923	160	316	137	0	1	0	0	0	2	1	1	1	2	1	0	1	0	0	0	2	0	0	1	0	0	0	0	0	1	0	0	0	2	0	0
Azonexus sp003583745	0	0	5	1	4	4	0	0	7	0	1750	701	3	0	10	2	2	0	5	0	1	3	0	0	1	0	1	0	0	0	0	0	4	1	1	0	2	2	4	0	0	0	0	0	7	0	0	0	1478	272	465	236	3	0	0	0	9	1	1	1	2	0	0	0	1	4	0	0	1	0	1	2	0	0	0	0	1	0	0	0	1	0	0	0
Azonexus sp004379165	0	0	4	3	2	0	0	2	3	1	2297	858	0	0	9	0	5	0	7	0	2	1	0	0	1	0	4	0	0	0	0	0	4	0	3	0	1	1	0	0	0	0	1	1	3	0	0	1	1999	298	562	296	0	0	0	0	7	2	0	0	3	2	0	0	2	5	0	0	1	1	1	0	0	0	0	0	0	1	0	0	4	0	0	0
Azonexus sp008711155	1	1	6	0	7	9	47	4	2	2	95884	29583	9	0	9	1	1	3	13	1	3	1	0	0	9	3	3	1	1	0	1	0	4	2	0	0	7	0	6	3	34	13	3	1	1	1	2	0	87772	8112	22163	7420	9	0	0	0	7	2	1	0	1	0	2	1	4	9	0	1	1	2	0	1	0	0	0	0	2	7	1	2	3	0	1	0
Azonexus sp009469585	0	0	7	2	5	1	8	0	6	3	2594	889	4	1	1	1	1	2	2	0	0	1	4	0	3	2	0	0	0	0	0	0	5	2	1	1	2	3	0	1	7	1	0	0	3	3	1	2	2274	320	615	274	4	0	0	1	1	0	0	1	1	0	0	2	0	2	0	0	0	0	0	1	0	4	0	0	2	1	0	2	0	0	0	0
Azonexus sp009469615	0	0	2	1	1	3	4	0	1	0	7343	2597	12	0	9	1	5	1	2	0	1	2	0	1	1	1	8	1	0	0	0	0	2	0	0	1	0	1	2	1	4	0	0	0	1	0	0	0	6558	785	1872	725	12	0	0	0	7	2	1	0	5	0	0	1	0	2	0	0	1	0	2	0	0	0	0	1	1	0	1	0	4	4	1	0
Azonexus sp012026885	0	0	1	2	6	4	0	0	2	2	858	299	0	0	1	0	2	1	2	0	4	0	2	0	2	0	1	0	0	0	0	0	0	1	2	0	3	3	2	2	0	0	0	0	1	1	1	1	734	124	192	107	0	0	0	0	0	1	0	0	1	1	1	0	2	0	0	0	2	2	0	0	2	0	0	0	2	0	0	0	0	1	0	0
Azonexus sp013335535	0	0	5	5	4	1	1	0	1	3	2044	757	0	0	5	1	5	0	0	0	0	0	0	0	0	0	7	4	0	0	0	0	4	1	2	3	4	0	1	0	1	0	0	0	1	0	2	1	1803	241	531	226	0	0	0	0	3	2	0	1	0	5	0	0	0	0	0	0	0	0	0	0	0	0	0	0	0	0	0	0	2	5	1	3
Azonexus sp013363835	0	0	1	3	5	3	0	0	0	0	1906	660	0	0	2	0	1	0	0	0	1	1	0	0	1	2	0	0	0	0	0	0	1	0	1	2	4	1	1	2	0	0	0	0	0	0	0	0	1673	233	454	206	0	0	0	0	1	1	0	0	1	0	0	0	0	0	0	0	0	1	1	0	0	0	0	0	1	0	2	0	0	0	0	0
Azonexus sp016705475	0	1	5	0	7	2	0	1	2	3	1314	477	0	0	4	1	2	1	0	0	0	0	4	0	0	1	1	0	0	0	0	1	3	2	0	0	7	0	1	1	0	0	0	1	1	1	1	2	1158	156	338	139	0	0	0	0	2	2	0	1	1	1	0	1	0	0	0	0	0	0	0	0	4	0	0	0	0	0	1	0	1	0	0	0
Azonexus sp016709495	0	0	5	2	1	3	1	1	2	0	11674	4334	13	0	12	3	8	5	0	0	4	3	0	0	0	1	1	0	0	0	0	0	5	0	2	0	1	0	3	0	0	1	1	0	1	1	0	0	10324	1350	2978	1356	13	0	0	0	7	5	1	2	7	1	3	2	0	0	0	0	3	1	3	0	0	0	0	0	0	0	1	0	1	0	0	0
Azonexus sp016709965	0	0	4	1	3	2	1	2	1	2	4382	1609	0	0	3	1	1	0	0	0	2	1	0	0	1	0	5	1	0	0	0	0	3	1	0	1	3	0	1	1	0	1	2	0	0	1	1	1	3802	580	1073	536	0	0	0	0	3	0	0	1	0	1	0	0	0	0	0	0	2	0	0	1	0	0	0	0	1	0	0	0	2	3	0	1
Azonexus sp016721185	0	0	5	2	4	0	0	0	1	1	951	331	0	0	2	1	5	6	0	0	0	1	0	0	0	0	1	0	0	0	0	0	3	2	1	1	2	2	0	0	0	0	0	0	1	0	0	1	812	139	231	100	0	0	0	0	2	0	0	1	3	2	3	3	0	0	0	0	0	0	0	1	0	0	0	0	0	0	0	0	1	0	0	0
Azonexus sp016790815	0	0	2	1	2	1	1	0	2	0	2861	976	0	0	3	3	1	0	0	0	2	1	0	0	0	0	2	1	0	0	0	0	2	0	1	0	1	1	1	0	1	0	0	0	1	1	0	0	2579	282	697	279	0	0	0	0	3	0	0	3	0	1	0	0	0	0	0	0	0	2	0	1	0	0	0	0	0	0	0	0	0	2	0	1
Azonexus sp016790885	2	1	5	1	4	2	14	1	4	2	5977	2079	0	1	4	1	6	4	0	0	0	0	0	0	3	1	2	0	2	0	1	0	3	2	1	0	4	0	2	0	11	3	1	0	3	1	2	0	5182	795	1449	630	0	0	1	0	1	3	1	0	5	1	3	1	0	0	0	0	0	0	0	0	0	0	0	0	2	1	1	0	0	2	0	0
Azonexus sp016791065	0	0	1	1	4	5	2	0	3	0	2491	942	6	0	5	1	3	2	0	0	1	1	0	0	6	0	2	2	0	0	0	0	0	1	1	0	1	3	3	2	0	2	0	0	2	1	0	0	2190	301	635	307	5	1	0	0	5	0	0	1	3	0	1	1	0	0	0	0	1	0	1	0	0	0	0	0	3	3	0	0	0	2	1	1
Azonexus sp016864195	0	0	3	1	5	2	8	0	0	1	1321	534	3	1	1	2	4	1	0	0	0	2	0	0	3	1	1	0	0	0	0	0	2	1	1	0	2	3	1	1	8	0	0	0	0	0	0	1	1124	197	347	187	1	2	1	0	0	1	0	2	2	2	1	0	0	0	0	0	0	0	0	2	0	0	0	0	3	0	1	0	0	1	0	0
Azonexus sp017983615	0	0	1	1	0	0	0	0	2	0	1775	632	0	0	1	1	2	3	1	0	0	1	0	0	1	0	1	0	0	0	0	0	1	0	1	0	0	0	0	0	0	0	0	0	2	0	0	0	1499	276	428	204	0	0	0	0	0	1	0	1	2	0	0	3	1	0	0	0	0	0	1	0	0	0	0	0	1	0	0	0	1	0	0	0
Azonexus sp017983755	0	0	1	1	2	0	0	0	1	1	954	329	0	1	0	0	1	0	0	0	1	0	0	0	1	0	0	0	0	0	0	0	1	0	0	1	1	1	0	0	0	0	0	0	0	1	1	0	816	138	227	102	0	0	0	1	0	0	0	0	0	1	0	0	0	0	0	0	0	1	0	0	0	0	0	0	1	0	0	0	0	0	0	0
Azonexus sp018261895	1	0	2	0	3	4	7	0	3	0	1269	509	0	0	3	3	2	0	2	0	1	0	0	0	0	0	5	0	1	0	0	0	2	0	0	0	3	0	3	1	7	0	0	0	2	1	0	0	1099	170	338	171	0	0	0	0	2	1	1	2	2	0	0	0	2	0	0	0	1	0	0	0	0	0	0	0	0	0	0	0	2	3	0	0
Azonexus sp018261905	0	0	5	5	3	1	8	0	2	1	1183	455	1	0	2	0	5	1	0	0	3	1	0	0	5	0	1	0	0	0	0	0	5	0	4	1	2	1	1	0	8	0	0	0	1	1	1	0	1013	170	300	155	1	0	0	0	1	1	0	0	2	3	0	1	0	0	0	0	1	2	1	0	0	0	0	0	3	2	0	0	0	1	0	0
Azonexus sp018780195	0	0	2	0	4	0	6	1	1	0	2126	701	1	0	3	1	2	0	0	0	1	1	0	0	0	0	92	27	0	0	0	0	2	0	0	0	4	0	0	0	6	0	0	1	1	0	0	0	1878	248	463	238	1	0	0	0	1	2	0	1	1	1	0	0	0	0	0	0	1	0	0	1	0	0	0	0	0	0	0	0	41	51	11	16
Azonexus sp018828385	0	0	1	0	4	1	1	0	2	0	2747	832	0	0	1	0	2	0	3	0	2	0	0	0	1	1	11	4	0	0	0	0	1	0	0	0	2	2	1	0	1	0	0	0	2	0	0	0	2428	319	555	277	0	0	0	0	1	0	0	0	1	1	0	0	0	3	0	0	2	0	0	0	0	0	0	0	0	1	1	0	6	5	1	3
Azonexus sp903922075	0	0	1	0	5	2	1	0	2	0	2427	892	0	1	2	0	0	1	0	0	0	0	0	0	0	0	2	1	0	0	0	0	1	0	0	0	4	1	2	0	0	1	0	0	0	2	0	0	2078	349	593	299	0	0	1	0	2	0	0	0	0	0	0	1	0	0	0	0	0	0	0	0	0	0	0	0	0	0	0	0	1	1	0	1
Azonexus sp903930395	0	0	0	1	0	1	0	0	3	0	1417	599	10	2	0	0	2	1	0	0	1	2	0	0	1	0	5	0	0	0	0	0	0	0	1	0	0	0	0	1	0	0	0	0	2	1	0	0	1216	201	410	189	3	7	0	2	0	0	0	0	1	1	0	1	0	0	0	0	1	0	0	2	0	0	0	0	1	0	0	0	2	3	0	0
Azonexus sp907163225	0	0	7	6	3	4	5	0	5	1	1447	569	0	0	11	2	7	2	0	0	2	1	1	0	0	0	10	1	0	0	0	0	5	2	5	1	3	0	3	1	5	0	0	0	2	3	1	0	1254	193	384	185	0	0	0	0	8	3	1	1	2	5	2	0	0	0	0	0	0	2	0	1	1	0	0	0	0	0	0	0	4	6	0	1
Bacillus O smithii	1022	369	0	1	0	0	0	0	1	1	1	0	0	0	0	0	0	4	1	0	0	0	0	0	25	4	44	17	883	139	221	148	0	0	0	1	0	0	0	0	0	0	0	0	0	1	0	1	0	1	0	0	0	0	0	0	0	0	0	0	0	0	3	1	1	0	0	0	0	0	0	0	0	0	0	0	17	8	4	0	30	14	11	6
Bacteroides heparinolyticus	0	0	1785	1767	1592	1658	0	3	10	10	0	0	5	2	19	12	9	13	0	0	5	12	0	0	3	3	3	2	0	0	0	0	1283	502	1132	635	1098	494	1081	577	0	0	2	1	2	8	7	3	0	0	0	0	5	0	1	1	10	9	6	6	6	3	7	6	0	0	0	0	1	4	5	7	0	0	0	0	2	1	0	3	2	1	1	1
Blastomonas delafieldii A	1	0	0	0	0	0	688	61	0	0	16815	5293	14	6	3	0	0	0	1	1	0	0	6	0	1	0	8	0	1	0	0	0	0	0	0	0	0	0	0	0	552	136	39	22	0	0	0	0	14763	2052	3366	1927	14	0	2	4	2	1	0	0	0	0	0	0	0	1	0	1	0	0	0	0	2	4	0	0	1	0	0	0	6	2	0	0
Brachymonas sp017993135	1	0	10	5	24	15	36	12	47	11	154	56	38	5	602	83	278	100	0	0	105	39	0	0	17	7	0	0	1	0	0	0	9	1	4	1	21	3	7	8	23	13	6	6	31	16	8	3	112	42	27	29	36	2	2	3	439	163	44	39	206	72	56	44	0	0	0	0	93	12	25	14	0	0	0	0	13	4	1	6	0	0	0	0
Brachymonas sp017996515	0	0	66	43	110	50	378	48	387	164	1263	346	144	29	5160	786	2438	838	0	0	973	347	0	0	51	6	1	1	0	0	0	0	58	8	37	6	95	15	35	15	258	120	28	20	288	99	90	74	914	349	199	147	120	24	23	6	3969	1191	473	313	1865	573	501	337	0	0	0	0	885	88	271	76	0	0	0	0	30	21	5	1	1	0	1	0
Brachymonas sp018054915	0	0	6	4	19	18	75	5	72	34	198	74	27	2	943	146	398	153	0	0	139	64	0	0	8	3	2	0	0	0	0	0	6	0	3	1	14	5	10	8	54	21	2	3	44	28	20	14	150	48	38	36	22	5	1	1	698	245	88	58	290	108	87	66	0	0	0	0	122	17	47	17	0	0	0	0	3	5	1	2	0	2	0	0
Brachyspira hampsonii B	3	0	0	0	0	0	20	5	0	0	4	0	0	2	2	0	1501	1063	20	0	0	0	0	0	4	1	84	18	3	0	0	0	0	0	0	0	0	0	0	0	17	3	3	2	0	0	0	0	3	1	0	0	0	0	2	0	2	0	0	0	1263	238	835	228	10	10	0	0	0	0	0	0	0	0	0	0	4	0	1	0	46	38	8	10
Bradyrhizobium sp001556045	40	6	5	2	3	1	89	7	2	1	3011	871	21	9	2	0	0	0	14	0	3	7	29	5	2	3	34	10	24	16	2	4	4	1	2	0	2	1	0	1	83	6	6	1	2	0	0	1	2628	383	575	296	10	11	4	5	1	1	0	0	0	0	0	0	5	9	0	0	2	1	5	2	11	18	2	3	1	1	1	2	21	13	1	9
Bradyrhizobium sp003020115	4	7	0	0	0	1	283	42	16	15	76	36	0	3	90	12	17	12	20	4	7	6	46	16	30	33	404	130	2	2	2	5	0	0	0	0	0	0	0	1	225	58	35	7	14	2	15	0	68	8	23	13	0	0	1	2	84	6	10	2	12	5	10	2	17	3	4	0	5	2	4	2	39	7	8	8	19	11	16	17	344	60	94	36
Brooklawnia sp000413315	2	0	11809	5624	41075	20247	2924	219	53873	18102	43774	10222	369	39	25493	3274	22733	5288	0	0	3132	1153	0	0	2033	348	456	78	2	0	0	0	9796	2013	3827	1797	32775	8300	13465	6782	1956	968	135	84	34010	19863	9265	8837	26493	17281	4438	5784	319	50	29	10	18731	6762	1610	1664	17014	5719	2869	2419	0	0	0	0	2686	446	796	357	0	0	0	0	1471	562	178	170	168	288	15	63
Bulleidia moorei	0	3	686	1394	317	593	50	4	212	224	16	12	0	6	18	16	33	49	0	0	9	14	3	2	4	9	33	9	0	0	1	2	575	111	1069	325	254	63	436	157	48	2	4	0	135	77	125	99	7	9	4	8	0	0	3	3	13	5	9	7	27	6	28	21	0	0	0	0	9	0	11	3	3	0	0	2	2	2	4	5	33	0	7	2
Bulleidia sp016812035	0	0	202	516	63	131	42	8	171	252	9	10	40	56	67	32	139	147	0	0	61	68	0	0	7	6	0	0	0	0	0	0	158	44	413	103	50	13	105	26	37	5	4	4	118	53	155	97	5	4	6	4	24	16	31	25	47	20	18	14	114	25	90	57	0	0	0	0	55	6	51	17	0	0	0	0	7	0	2	4	0	0	0	0
CAG-791 sp900625025	0	0	282	383	195	209	5	0	35	44	2	1	54	21	10	5	17	21	0	0	55	48	0	0	21	14	2	0	0	0	0	0	234	48	303	80	167	28	159	50	5	0	0	0	21	14	33	11	0	2	0	1	37	17	11	10	5	5	2	3	13	4	11	10	0	0	0	0	52	3	35	13	0	0	0	0	15	6	10	4	2	0	0	0
CAJPNN01 sp905372035	0	0	7080	13161	2225	3908	99	45	91	129	5	5	1213	923	121	69	446	589	4	0	1168	1438	0	0	37	31	1	0	0	0	0	0	5773	1307	9718	3443	1828	397	3040	868	59	40	20	25	50	41	69	60	3	2	3	2	875	338	510	413	80	41	36	33	288	158	282	307	4	0	0	0	993	175	1006	432	0	0	0	0	26	11	15	16	1	0	0	0
CAJPPJ01 sp905372515	0	0	15	84	292	1100	5	4	17	55	162	204	0	4	38	46	41	118	0	0	8	3	0	0	2	0	0	2	0	0	0	0	11	4	63	21	239	53	913	187	5	0	4	0	8	9	35	20	85	77	93	111	0	0	3	1	25	13	25	21	32	9	70	48	0	0	0	0	8	0	1	2	0	0	0	0	1	1	0	0	0	0	1	1
CAJPQU01 sp905372875	0	1	5968	4296	1514	1095	513	62	22	12	0	1	163	46	59	16	338	157	0	0	1723	1101	0	0	132	50	6	0	0	0	0	1	5134	834	3214	1082	1247	267	783	312	284	229	40	22	15	7	6	6	0	0	0	1	137	26	24	22	33	26	10	6	232	106	96	61	0	0	0	0	1357	366	682	419	0	0	0	0	69	63	17	33	3	3	0	0
CAJPQU01 sp905373705	0	0	2392	1782	888	634	61	9	20	12	0	0	112	54	34	15	104	86	0	0	243	164	0	0	127	28	1	2	0	0	0	0	2069	323	1342	440	735	153	472	162	37	24	6	3	14	6	4	8	0	0	0	0	91	21	25	29	20	14	8	7	64	40	32	54	0	0	0	0	185	58	98	66	0	0	0	0	91	36	12	16	1	0	1	1
CAJPSE01 sp003860125	0	0	35946	17643	11063	6146	1698	216	1154	623	37	5	10808	2499	749	244	1822	1014	5	0	8994	4679	0	0	385	142	0	1	0	0	0	0	30270	5676	12580	5063	9204	1859	4410	1736	783	915	104	112	605	549	273	350	18	19	2	3	8176	2632	1226	1273	372	377	90	154	993	829	418	596	0	5	0	0	6665	2329	2778	1901	0	0	0	0	202	183	61	81	0	0	1	0
CAJPSE01 sp905373185	0	0	137478	60315	46764	22636	674	94	318	162	20	5	2703	716	1124	262	1808	863	0	0	5041	2812	3	0	248	78	11	1	0	0	0	0	116206	21272	43637	16678	38450	8314	15983	6653	316	358	28	66	162	156	69	93	8	12	0	5	1952	751	314	402	562	562	95	167	986	822	374	489	0	0	0	0	3581	1460	1534	1278	3	0	0	0	117	131	28	50	9	2	0	1
CSP1-1 sp001443365	1	1	0	2	0	0	81	17	31	52	382	275	0	0	0	1	9	3	214	61	1	0	0	1	3	3	852	402	0	1	0	1	0	0	2	0	0	0	0	0	70	11	12	5	29	2	43	9	334	48	181	94	0	0	0	0	0	0	1	0	6	3	2	1	196	18	38	23	1	0	0	0	0	0	0	1	2	1	0	3	484	368	153	249
Campylobacter A rectus	0	0	4680	4975	3435	3556	55	8	64	75	23	14	55	39	401	171	278	222	2	0	142	118	0	0	21	12	4	1	0	0	0	0	3636	1044	3503	1472	2580	855	2462	1094	24	31	2	6	21	43	26	49	12	11	3	11	28	27	15	24	214	187	68	103	145	133	98	124	2	0	0	0	93	49	68	50	0	0	0	0	12	9	4	8	4	0	0	1
Campylobacter A showae	0	2	391	410	1623	1475	71	5	80	90	23	20	0	1	471	207	308	246	0	0	99	88	0	0	5	6	3	1	0	0	0	2	324	67	287	123	1249	374	1016	459	30	41	2	3	36	44	38	52	13	10	6	14	0	0	1	0	242	229	81	126	180	128	106	140	0	0	0	0	71	28	47	41	0	0	0	0	3	2	2	4	3	0	0	1
Campylobacter A showae A	0	0	348	312	1314	1204	44	15	69	86	24	20	5	2	524	253	318	232	0	0	123	103	0	0	3	3	7	0	0	0	0	0	272	76	222	90	984	330	844	360	20	24	4	11	28	41	38	48	7	17	7	13	5	0	1	1	293	231	112	141	181	137	94	138	0	0	0	0	74	49	45	58	0	0	0	0	1	2	2	1	3	4	0	0
Campylobacter A showae B	2	0	425	401	1636	1702	29	16	84	107	26	24	2	0	592	290	341	281	0	0	123	123	0	0	8	1	0	0	2	0	0	0	340	85	286	115	1225	411	1201	501	12	17	7	9	35	49	39	68	12	14	11	13	2	0	0	0	310	282	126	164	195	146	135	146	0	0	0	0	85	38	70	53	0	0	0	0	4	4	0	1	0	0	0	0
Campylobacter A showae D	0	0	642	594	2878	2820	32	9	54	61	17	9	2	0	320	143	208	161	4	0	82	73	0	0	3	4	2	0	0	0	0	0	499	143	405	189	2257	621	2018	802	7	25	4	5	22	32	18	43	5	12	5	4	0	2	0	0	174	146	65	78	124	84	66	95	4	0	0	0	42	40	41	32	0	0	0	0	2	1	0	4	1	1	0	0
Campylobacter A showae E	0	0	508	527	2016	1965	26	6	88	83	27	19	6	2	446	230	255	213	0	0	125	102	0	1	7	4	3	2	0	0	0	0	396	112	365	162	1539	477	1437	528	10	16	1	5	35	53	24	59	13	14	6	13	6	0	2	0	239	207	87	143	143	112	84	129	0	0	0	0	69	56	58	44	0	0	1	0	5	2	2	2	3	0	2	0
Campylobacter A sp014253065	0	0	725	651	3234	3153	37	3	70	83	16	18	0	4	370	162	242	194	0	0	81	70	0	0	7	0	4	1	0	0	0	0	577	148	488	163	2489	745	2248	905	14	23	2	1	36	34	27	56	8	8	5	13	0	0	2	2	189	181	73	89	140	102	85	109	0	0	0	0	51	30	39	31	0	0	0	0	5	2	0	0	3	1	1	0
Campylobacter A sp905372745	1	1	380	374	1810	1737	15	6	49	57	12	11	8	2	266	125	160	125	0	0	57	48	1	0	3	3	1	0	1	0	0	1	285	95	279	95	1378	432	1222	515	1	14	3	3	23	26	29	28	7	5	5	6	8	0	1	1	139	127	54	71	103	57	60	65	0	0	0	0	39	18	20	28	1	0	0	0	2	1	3	0	1	0	0	0
Campylobacter B gracilis	0	0	1019	932	757	768	142	32	25	15	3	6	13	9	355	119	236	114	0	0	123	86	1	0	75	29	15	1	0	0	0	0	825	194	674	258	566	191	535	233	82	60	16	16	12	13	9	6	1	2	5	1	11	2	5	4	200	155	52	67	149	87	69	45	0	0	0	0	97	26	42	44	1	0	0	0	53	22	14	15	11	4	1	0
Campylobacter B gracilis A	0	0	790	713	664	577	102	24	12	20	7	0	6	10	280	111	176	99	0	0	101	87	2	0	63	18	11	0	0	0	0	0	648	142	523	190	511	153	425	152	76	26	15	9	4	8	8	12	3	4	0	0	5	1	2	8	160	120	43	68	108	68	45	54	0	0	0	0	74	27	48	39	2	0	0	0	33	30	8	10	10	1	0	0
Campylobacter B sp900539505	0	0	1420	1181	1022	956	239	41	40	29	12	5	26	9	549	179	353	210	0	0	124	137	1	0	104	58	6	1	0	0	0	0	1160	260	828	353	768	254	668	288	123	116	15	26	23	17	16	13	8	4	2	3	18	8	4	5	314	235	68	111	223	130	103	107	0	0	0	0	77	47	74	63	1	0	0	0	54	50	29	29	3	3	0	1
Campylobacter B sp905373215	0	0	1165	1012	892	826	242	23	30	28	9	4	16	2	408	141	257	149	2	0	116	92	0	0	57	32	9	1	0	0	0	0	928	237	716	296	688	204	558	268	115	127	11	12	18	12	13	15	7	2	3	1	12	4	1	1	229	179	52	89	160	97	71	78	2	0	0	0	82	34	58	34	0	0	0	0	32	25	15	17	9	0	1	0
Campylobacter B sp905373295	0	0	1121	956	873	732	240	32	33	23	13	4	22	10	496	169	274	159	0	0	151	108	0	0	100	32	13	3	0	0	0	0	926	195	665	291	670	203	511	221	139	101	9	23	12	21	11	12	8	5	2	2	15	7	4	6	296	200	69	100	180	94	84	75	0	0	0	0	106	45	59	49	0	0	0	0	66	34	7	25	13	0	1	2
Capnocytophaga bilenii	0	0	44	68	1447	2167	6	0	4	12	11	10	0	0	110	115	60	96	2	0	15	27	0	1	4	0	5	1	0	0	0	0	32	12	44	24	1087	360	1544	623	6	0	0	0	2	2	6	6	8	3	4	6	0	0	0	0	61	49	39	76	36	24	50	46	2	0	0	0	11	4	19	8	0	0	1	0	4	0	0	0	5	0	1	0
Capnocytophaga endodontalis	0	3	401	637	2583	4010	46	13	44	50	43	21	2	3	951	803	400	546	2	0	198	255	4	0	9	7	161	42	0	0	1	2	311	90	465	172	1879	704	2845	1165	31	15	5	8	21	23	23	27	20	23	11	10	2	0	1	2	488	463	364	439	243	157	239	307	2	0	0	0	148	50	147	108	4	0	0	0	8	1	2	5	147	14	32	10
Capnocytophaga gingivalis	3	2	130	193	3485	4843	44	4	47	69	121	76	0	0	832	614	493	576	0	0	196	215	19	1	8	4	48	13	1	2	1	1	104	26	140	53	2573	912	3511	1332	39	5	4	0	23	24	38	31	75	46	35	41	0	0	0	0	487	345	292	322	279	214	248	328	0	0	0	0	162	34	146	69	15	4	0	1	6	2	2	2	40	8	6	7
Capnocytophaga granulosa	1	1	371	562	9624	12391	15	2	9	7	17	10	0	1	159	148	152	177	1	0	49	53	3	0	7	2	11	10	0	1	0	1	298	73	394	168	7175	2449	8803	3588	15	0	2	0	4	5	6	1	13	4	3	7	0	0	0	1	91	68	64	84	99	53	88	89	1	0	0	0	41	8	38	15	1	2	0	0	6	1	0	2	11	0	5	5
Capnocytophaga leadbetteri	10	2	176	273	2343	3251	50	15	62	77	79	55	3	1	868	712	198	266	2	0	90	108	0	5	21	8	34	10	10	0	2	0	146	30	208	65	1815	528	2447	804	43	7	12	3	43	19	30	47	50	29	22	33	3	0	0	1	466	402	314	398	111	87	144	122	2	0	0	0	65	25	74	34	0	0	5	0	13	8	7	1	28	6	6	4
Capnocytophaga ochracea	1	0	2137	3723	5201	7862	96	46	89	129	30	19	30	22	1080	926	453	638	0	0	599	879	0	1	55	41	63	17	1	0	0	0	1695	442	2647	1076	3877	1324	5596	2266	59	37	18	28	52	37	50	79	20	10	8	11	21	9	11	11	506	574	370	556	246	207	265	373	0	0	0	0	409	190	514	365	0	0	1	0	29	26	13	28	45	18	11	6
Capnocytophaga sp000192225	0	0	134	226	346	663	17	10	6	11	16	13	7	6	110	108	48	70	1	0	50	61	0	0	1	0	6	1	0	0	0	0	108	26	169	57	275	71	487	176	9	8	3	7	3	3	6	5	6	10	9	4	0	7	4	2	53	57	57	51	27	21	29	41	1	0	0	0	38	12	41	20	0	0	0	0	1	0	0	0	6	0	0	1
Capnocytophaga sp000466425	1	0	45	73	1520	1918	6	0	12	8	18	8	0	0	123	110	99	119	0	0	39	34	4	1	1	0	4	6	1	0	0	0	38	7	51	22	1118	402	1394	524	6	0	0	0	5	7	2	6	7	11	3	5	0	0	0	0	66	57	51	59	62	37	55	64	0	0	0	0	28	11	28	6	4	0	0	1	1	0	0	0	1	3	4	2
Capnocytophaga sp002999135	0	1	54	68	408	621	15	7	73	85	98	74	11	3	1489	1233	291	371	0	0	85	89	0	0	0	1	6	0	0	0	1	0	43	11	48	20	313	95	465	156	4	11	3	4	25	48	35	50	50	48	18	56	11	0	2	1	812	677	522	711	183	108	162	209	0	0	0	0	64	21	56	33	0	0	0	0	0	0	1	0	5	1	0	0
Capnocytophaga sp905372595	0	0	3	16	667	969	5	1	9	9	24	22	0	0	146	132	51	83	0	0	39	34	4	0	0	0	2	2	0	0	0	0	3	0	10	6	502	165	692	277	5	0	0	1	4	5	4	5	9	15	13	9	0	0	0	0	74	72	51	81	35	16	50	33	0	0	0	0	34	5	21	13	4	0	0	0	0	0	0	0	1	1	1	1
Capnocytophaga sputigena	3	4	268	439	3520	5172	53	10	45	84	91	55	5	0	1970	1591	735	1026	3	0	298	405	7	3	12	4	87	23	2	1	0	4	209	59	314	125	2546	974	3692	1480	44	9	8	2	21	24	36	48	51	40	21	34	5	0	0	0	1021	949	672	919	417	318	461	565	3	0	0	0	229	69	251	154	4	3	0	3	10	2	2	2	76	11	13	10
Cardiobacterium hominis	7	2	273	174	8973	5064	30	5	46	25	45	11	1	7	426	111	132	73	12	0	58	40	3	0	22	3	44	6	5	2	0	2	225	48	124	50	7025	1948	3437	1627	15	15	2	3	21	25	12	13	28	17	7	4	1	0	3	4	230	196	31	80	82	50	39	34	6	6	0	0	36	22	22	18	3	0	0	0	15	7	2	1	34	10	2	4
Cardiobacterium valvarum	2	0	1958	1140	27412	15932	293	34	728	419	341	110	93	26	4791	1109	1758	769	0	0	1041	553	10	0	150	41	38	4	2	0	0	0	1640	318	817	323	22208	5204	11336	4596	125	168	8	26	428	300	204	215	239	102	44	66	79	14	8	18	2766	2025	476	633	1143	615	353	416	0	0	0	0	786	255	325	228	10	0	0	0	75	75	10	31	29	9	4	0
Catonella massiliensis	0	1	199	387	153	311	3	0	12	35	1	3	9	4	27	15	32	27	0	0	30	37	0	0	35	24	5	2	0	0	1	0	171	28	307	80	122	31	238	73	3	0	0	0	7	5	21	14	0	1	1	2	5	4	3	1	18	9	8	7	25	7	14	13	0	0	0	0	29	1	21	16	0	0	0	0	20	15	15	9	3	2	2	0
Catonella morbi	0	1	2444	4597	4955	8113	34	10	74	103	8	6	28	19	243	205	160	201	2	0	65	99	0	0	48	25	14	7	0	0	0	1	1925	519	3388	1209	3738	1217	5875	2238	11	23	5	5	43	31	59	44	6	2	1	5	25	3	14	5	147	96	100	105	104	56	97	104	2	0	0	0	52	13	78	21	0	0	0	0	32	16	16	9	12	2	5	2
Cellulomonas hominis	4	3	5	4	9	6	92	10	3	3	49173	9383	54	5	2	0	11	0	14	3	13	8	36	1	13	2	21	4	3	1	0	3	2	3	2	2	5	4	1	5	79	13	7	3	2	1	2	1	44898	4275	6075	3308	29	25	4	1	1	1	0	0	7	4	0	0	9	5	1	2	8	5	3	5	30	6	1	0	8	5	2	0	15	6	3	1
Cellulomonas hominis C	0	1	4	2	5	4	8	0	9	3	1380	371	26	4	0	1	6	2	5	0	12	3	0	0	5	3	3	0	0	0	0	1	3	1	1	1	5	0	2	2	6	2	0	0	6	3	1	2	1213	167	232	139	17	9	2	2	0	0	1	0	2	4	0	2	4	1	0	0	10	2	2	1	0	0	0	0	3	2	2	1	3	0	0	0
Cellulomonas sp003696205	0	0	3	2	7	3	3	2	8	1	1074	265	59	4	5	1	10	1	0	0	7	5	0	0	6	0	10	1	0	0	0	0	3	0	1	1	4	3	1	2	1	2	1	1	5	3	1	0	935	139	154	111	44	15	1	3	1	4	1	0	7	3	0	1	0	0	0	0	6	1	1	4	0	0	0	0	4	2	0	0	6	4	0	1
Cellulomonas sp008033115	0	0	6	3	3	1	4	1	4	2	907	248	10	3	3	0	0	2	0	0	7	3	0	0	2	2	0	0	0	0	0	0	5	1	2	1	3	0	0	1	4	0	0	1	2	2	2	0	821	86	158	90	7	3	2	1	1	2	0	0	0	0	0	2	0	0	0	0	3	4	2	1	0	0	0	0	1	1	0	2	0	0	0	0
Cellulomonas sp014763765	1	0	5	2	4	1	10	1	3	1	6474	1511	23	1	4	0	6	1	1	0	11	3	1	1	6	0	3	0	0	1	0	0	5	0	2	0	3	1	1	0	7	3	1	0	2	1	0	1	5731	743	895	616	19	4	1	0	2	2	0	0	4	2	0	1	1	0	0	0	10	1	2	1	0	1	1	0	5	1	0	0	3	0	0	0
Centipeda infelix	0	0	1400	853	987	695	15	2	10	7	1	1	0	0	23	8	20	14	0	0	29	24	1	0	9	3	4	2	0	0	0	0	1161	239	605	248	808	179	495	200	13	2	0	2	8	2	1	6	1	0	0	1	0	0	0	0	10	13	3	5	12	8	9	5	0	0	0	0	22	7	15	9	0	1	0	0	8	1	2	1	4	0	2	0
Centipeda massiliensis	0	0	1051	622	847	517	1	0	7	4	1	0	0	0	10	3	16	12	5	0	39	21	0	0	3	2	13	1	0	0	0	0	881	170	439	183	664	183	351	166	1	0	0	0	3	4	1	3	0	1	0	0	0	0	0	0	8	2	0	3	7	9	8	4	4	1	0	0	31	8	17	4	0	0	0	0	3	0	1	1	11	2	1	0
Centipeda noxia	1	1	2603	1830	3284	2472	49	5	22	16	9	1	10	1	42	13	71	38	0	1	185	114	6	1	70	29	112	12	1	0	0	1	2106	497	1207	623	2492	792	1655	817	32	17	2	3	13	9	11	5	6	3	1	0	10	0	0	1	28	14	7	6	36	35	18	20	0	0	1	0	137	48	61	53	6	0	1	0	40	30	11	18	88	24	8	4
Centipeda periodontii	0	0	2399	1564	1312	894	7	1	6	4	0	0	1	1	15	5	17	13	0	0	18	9	3	0	5	2	0	0	0	0	0	0	2010	389	1116	448	1081	231	641	253	7	0	1	0	3	3	2	2	0	0	0	0	1	0	0	1	9	6	2	3	8	9	8	5	0	0	0	0	17	1	5	4	0	3	0	0	3	2	2	0	0	0	0	0
Centipeda sp000286455	0	0	457	306	301	183	5	1	1	0	0	0	0	0	9	3	17	9	1	0	15	10	1	0	6	1	17	0	0	0	0	0	379	78	221	85	240	61	126	57	0	5	1	0	0	1	0	0	0	0	0	0	0	0	0	0	8	1	0	3	9	8	5	4	1	0	0	0	13	2	6	4	0	1	0	0	5	1	1	0	17	0	0	0
Centipeda sp000318175	1	0	426	225	256	187	2	0	7	0	2	1	0	1	11	5	13	9	0	0	18	10	0	1	1	1	5	0	0	1	0	0	336	90	140	85	203	53	131	56	2	0	0	0	4	3	0	0	0	2	0	1	0	0	1	0	7	4	1	4	7	6	2	7	0	0	0	0	16	2	3	7	0	0	0	1	0	1	1	0	5	0	0	0
Centipeda sp000468035	2	0	2086	1485	5556	3721	31	5	12	8	0	1	5	4	40	12	77	42	0	0	62	40	0	0	15	10	8	1	2	0	0	0	1684	402	1004	481	4388	1168	2590	1131	14	17	2	3	7	5	3	5	0	0	0	1	5	0	4	0	23	17	5	7	57	20	17	25	0	0	0	0	51	11	24	16	0	0	0	0	12	3	5	5	6	2	0	1
Centipeda sp001683335	0	0	1147	694	401	269	11	1	15	2	2	0	0	0	11	6	18	7	0	0	23	18	0	0	5	1	6	0	0	0	0	0	960	187	474	220	317	84	187	82	6	5	1	0	7	8	1	1	1	1	0	0	0	0	0	0	4	7	2	4	8	10	4	3	0	0	0	0	11	12	9	9	0	0	0	0	4	1	0	1	6	0	0	0
Centipeda sp001717585	0	0	3485	2266	939	660	15	2	3	2	0	0	0	0	16	6	18	15	0	0	28	24	0	0	3	3	8	0	0	0	0	0	2862	623	1554	712	759	180	438	222	2	13	0	2	2	1	2	0	0	0	0	0	0	0	0	0	10	6	2	4	14	4	8	7	0	0	0	0	22	6	15	9	0	0	0	0	0	3	2	1	4	4	0	0
Centipeda sp905372865	0	0	633	420	2181	1329	23	0	10	0	2	1	7	0	18	4	17	7	0	0	20	7	0	0	4	1	7	0	0	0	0	0	521	112	290	130	1748	433	923	406	23	0	0	0	6	4	0	0	2	0	1	0	7	0	0	0	8	10	1	3	11	6	1	6	0	0	0	0	15	5	3	4	0	0	0	0	2	2	0	1	5	2	0	0
Chlorobium sp016866305	0	0	0	0	263	254	1	0	0	1	2	2	0	0	28	12	132	62	0	0	454	286	0	0	0	0	0	0	0	0	0	0	0	0	0	0	233	30	216	38	0	1	0	0	0	0	0	1	2	0	0	2	0	0	0	0	20	8	7	5	103	29	37	25	0	0	0	0	392	62	211	75	0	0	0	0	0	0	0	0	0	0	0	0
Cloacibacterium caeni A	1	3	0	0	0	3	24	124	1	3	5	6	6	6	4	1	7	11	2	0	4	3	4	9	789	414	59	53	1	0	2	1	0	0	0	0	0	0	3	0	16	8	83	41	1	0	1	2	5	0	4	2	6	0	3	3	3	1	0	1	7	0	8	3	2	0	0	0	3	1	3	0	4	0	5	4	625	164	228	186	47	12	35	18
Cloacibacterium normanense	0	3	0	0	1	2	20	93	2	1	2	0	0	2	3	2	1	2	2	0	1	4	4	9	681	366	33	44	0	0	2	1	0	0	0	0	1	0	2	0	18	2	54	39	2	0	0	1	2	0	0	0	0	0	2	0	3	0	0	2	1	0	1	1	2	0	0	0	1	0	4	0	4	0	5	4	548	133	221	145	23	10	32	12
Cloacibacterium sp002422665	2	2	0	0	0	6	17	74	0	0	0	3	4	4	2	1	0	3	1	1	3	3	1	2	1074	560	27	26	2	0	1	1	0	0	0	0	0	0	6	0	10	7	48	26	0	0	0	0	0	0	2	1	0	4	3	1	1	1	0	1	0	0	2	1	1	0	1	0	3	0	2	1	1	0	1	1	844	230	316	244	17	10	18	8
Clostridium A leptum	2	0	2	1	1	0	555	59	14	5	529	134	67	0	58	6	32	13	167	5	8	4	262	21	110	24	122	12	1	1	0	0	2	0	0	1	1	0	0	0	452	103	41	18	12	2	5	0	483	46	94	40	60	7	0	0	48	10	3	3	30	2	5	8	156	11	3	2	7	1	3	1	228	34	12	9	79	31	10	14	92	30	7	5
Cohnella sp019091135	0	0	1	0	1	0	34	5	8	3	35	9	14	6	1	0	2	2	0	0	1	1	0	1	1	0	1179	337	0	0	0	0	1	0	0	0	1	0	0	0	34	0	5	0	8	0	2	1	32	3	9	0	14	0	5	1	1	0	0	0	1	1	2	0	0	0	0	0	1	0	1	0	0	0	1	0	1	0	0	0	1013	166	227	110
Comamonas antarcticus	7	1	3	0	9	0	11	1	3	1	37	13	5	1	19	1	7	3	9	0	2266	784	11	0	7	2	5	0	5	2	0	1	1	2	0	0	6	3	0	0	11	0	1	0	1	2	1	0	33	4	10	3	5	0	1	0	16	3	0	1	6	1	2	1	4	5	0	0	2179	87	611	173	11	0	0	0	4	3	1	1	1	4	0	0
Comamonas jiangduensis	14	2	1	0	3	1	7	2	3	1	5	4	8	0	20	4	8	3	2	0	4	0	2	1	1500	288	2	0	10	4	1	1	1	0	0	0	3	0	1	0	7	0	2	0	2	1	0	1	5	0	3	1	8	0	0	0	7	13	1	3	4	4	3	0	2	0	0	0	2	2	0	0	2	0	0	1	1137	363	127	161	2	0	0	0
Comamonas sp002472915	1	0	1	2	10	1	18	0	2	1	18	1	0	0	25	10	17	3	3	0	788	286	4	0	6	1	3	1	1	0	0	0	0	1	2	0	8	2	0	1	14	4	0	0	1	1	0	1	14	4	0	1	0	0	0	0	18	7	3	7	11	6	2	1	3	0	0	0	763	25	244	42	3	1	0	0	4	2	0	1	3	0	0	1
Corynebacterium accolens	21	9	1	1	1	3	2280	306	52	17	582	128	10	4	119	9	71	18	32	1	12	8	906	46	131	15	371	41	15	6	0	9	1	0	1	0	1	0	1	2	2013	267	231	75	49	3	12	5	531	51	87	41	10	0	2	2	111	8	7	2	63	8	14	4	27	5	0	1	12	0	7	1	879	27	29	17	114	17	11	4	310	61	27	14
Corynebacterium afermentans	56	20	0	1	3	1	565	22	4	2	86	25	44	7	68	3	16	3	219	8	4	4	184	10	52	9	858	108	42	14	11	9	0	0	1	0	1	2	0	1	477	88	18	4	3	1	1	1	71	15	16	9	33	11	2	5	60	8	3	0	14	2	3	0	190	29	7	1	3	1	3	1	175	9	6	4	45	7	6	3	673	185	53	55
Corynebacterium appendicis	49	11	2	3	3	0	347	8	2	2	42	12	16	7	18	1	8	8	306	14	9	7	270	21	31	13	265	29	42	7	2	9	1	1	2	1	0	3	0	0	269	78	8	0	2	0	1	1	37	5	5	7	16	0	5	2	14	4	0	1	6	2	1	7	266	40	5	9	8	1	4	3	215	55	11	10	27	4	6	7	224	41	13	16
Corynebacterium aurimucosum E	34	5	0	0	0	1	841	51	12	4	208	55	35	5	215	11	37	10	73	2	10	5	91	7	65	11	684	95	21	13	2	3	0	0	0	0	0	0	1	0	711	130	34	17	11	1	3	1	191	17	33	22	34	1	2	3	204	11	7	4	33	4	8	2	71	2	2	0	9	1	3	2	85	6	5	2	51	14	7	4	544	140	55	40
Corynebacterium durum	21	11	4	6	400	310	341	41	737	280	155	40	15	3	1493	458	5224	1451	21	0	4294	1585	56	6	35	6	411	76	16	5	5	6	2	2	4	2	298	102	202	108	299	42	29	12	530	207	175	105	122	33	23	17	12	3	3	0	890	603	192	266	3910	1314	810	641	15	6	0	0	3903	391	1174	411	52	4	3	3	26	9	2	4	261	150	39	37
Corynebacterium genitalium A	16	4	1	0	0	2	59	8	4	1	61	14	33	3	85	6	34	5	32	0	30	7	43	5	39	7	1323	150	10	6	2	2	1	0	0	0	0	0	1	1	42	17	5	3	3	1	1	0	53	8	10	4	27	6	1	2	79	6	4	2	29	5	2	3	31	1	0	0	27	3	4	3	38	5	3	2	26	13	3	4	982	341	87	63
Corynebacterium gottingense	15	5	3	1	4	4	411	18	5	2	68	15	33	3	144	5	22	5	83	1	83	28	150	7	81	15	2496	185	11	4	1	4	1	2	1	0	4	0	3	1	339	72	13	5	2	3	1	1	52	16	9	6	21	12	2	1	131	13	3	2	16	6	4	1	67	16	1	0	77	6	23	5	136	14	4	3	48	33	7	8	1891	605	100	85
Corynebacterium haemomassiliense	22	3	0	1	1	1	474	37	7	4	223	34	17	4	93	4	23	6	174	4	19	9	215	17	75	11	2118	211	17	5	0	3	0	0	0	1	0	1	0	1	381	93	26	11	7	0	4	0	204	19	27	7	16	1	2	2	85	8	3	1	20	3	4	2	164	10	3	1	16	3	4	5	200	15	9	8	68	7	6	5	1634	484	101	110
Corynebacterium jeikeium A	7	1	0	0	1	0	21	2	10	1	7	2	7	0	15	1	7	1	1	0	8	1	10	0	2	0	1339	112	2	5	1	0	0	0	0	0	1	0	0	0	15	6	2	0	7	3	0	1	7	0	0	2	4	3	0	0	12	3	1	0	7	0	0	1	1	0	0	0	7	1	0	1	9	1	0	0	2	0	0	0	1021	318	59	53
Corynebacterium kefirresidentii	21	6	1	0	3	3	2777	292	90	55	2069	493	77	10	343	14	220	41	596	26	55	23	964	50	213	51	5100	459	13	8	3	3	1	0	0	0	1	2	2	1	2437	340	206	86	79	11	46	9	1928	141	368	125	72	5	5	5	318	25	8	6	209	11	29	12	551	45	18	8	49	6	21	2	931	33	29	21	163	50	24	27	4100	1000	280	179
Corynebacterium kroppenstedtii B	12	3	2	1	0	4	800	66	6	2	139	35	58	10	477	31	693	202	219	4	5	1	178	16	188	53	1136	177	11	1	0	3	1	1	1	0	0	0	1	3	709	91	49	17	6	0	2	0	132	7	25	10	51	7	6	4	442	35	18	13	591	102	127	75	200	19	3	1	5	0	1	0	159	19	5	11	144	44	33	20	932	204	107	70
Corynebacterium lipophilum	41	9	2	0	3	0	259	11	2	2	34	14	23	2	37	1	11	4	142	5	11	4	125	8	29	9	854	86	29	12	4	5	1	1	0	0	1	2	0	0	216	43	9	2	2	0	2	0	30	4	5	9	18	5	0	2	35	2	0	1	9	2	2	2	129	13	5	0	10	1	2	2	114	11	3	5	22	7	6	3	644	210	45	41
Corynebacterium matruchotii	13	3	4126	2783	28725	22056	486	24	283	213	215	33	9	4	8633	3051	996	667	63	6	460	357	81	7	94	19	887	119	3	10	1	2	3233	893	1917	866	21721	7004	15189	6867	431	55	13	11	136	147	69	144	180	35	19	14	5	4	2	2	4644	3989	1286	1765	536	460	268	399	62	1	4	2	264	196	157	200	78	3	4	3	73	21	10	9	727	160	66	53
Corynebacterium minutissimum B	2	1	0	0	1	0	32	2	1	0	24	7	10	1	14	3	4	2	39	1	3	1	82	2	22	3	998	83	1	1	0	1	0	0	0	0	0	1	0	0	31	1	1	1	1	0	0	0	20	4	6	1	7	3	0	1	13	1	3	0	4	0	1	1	37	2	1	0	2	1	0	1	76	6	2	0	16	6	1	2	805	193	51	32
Corynebacterium singulare	25	7	1	1	2	3	70	3	5	0	18	6	9	0	39	1	11	5	111	9	37	10	153	7	15	9	60745	5111	19	6	3	4	1	0	0	1	2	0	1	2	69	1	3	0	4	1	0	0	15	3	5	1	4	5	0	0	36	3	1	0	8	3	4	1	100	11	5	4	35	2	9	1	146	7	5	2	12	3	3	6	48259	12486	2822	2289
Corynebacterium sp000478175	12	3	0	0	2	1	2268	266	29	23	316	71	29	4	128	9	77	13	48	1	15	8	754	26	91	24	331	38	6	6	1	2	0	0	0	0	1	1	1	0	2032	236	201	65	23	6	19	4	287	29	50	21	27	2	1	3	123	5	6	3	70	7	10	3	45	3	0	1	15	0	6	2	716	38	21	5	66	25	13	11	281	50	18	20
Corynebacterium sp001807265	14	0	3	1	1	4	114	10	2	2	41	10	17	0	30	1	2	2	105	3	5	4	126	8	18	6	1008	100	10	4	0	0	2	1	1	0	0	1	3	1	82	32	8	2	1	1	1	1	37	4	8	2	17	0	0	0	28	2	0	1	2	0	1	1	98	7	3	0	4	1	4	0	116	10	3	5	15	3	4	2	772	236	57	43
Corynebacterium sp001812805	4	1	0	0	2	1	26	5	0	0	13	3	8	0	5	1	1	1	1	1	4	2	18	2	8	6	1640	138	3	1	1	0	0	0	0	0	1	1	1	0	23	3	2	3	0	0	0	0	10	3	2	1	8	0	0	0	4	1	1	0	1	0	0	1	1	0	1	0	3	1	1	1	18	0	1	1	5	3	4	2	1326	314	81	57
Corynebacterium sp017942225	16	5	1	0	6	1	84	2	9	5	85	7	4	1	15	3	16	3	216	16	13	7	141	7	14	5	828	79	13	3	3	2	1	0	0	0	3	3	1	0	74	10	0	2	5	4	4	1	78	7	4	3	4	0	1	0	12	3	1	2	11	5	3	0	187	29	12	4	11	2	5	2	133	8	5	2	8	6	1	4	661	167	42	37
Corynebacterium sp900539985	14	6	0	0	1	2	358	31	6	1	156	28	33	2	83	8	29	4	50	4	9	5	65	6	48	10	405	37	12	2	3	3	0	0	0	0	1	0	1	1	311	47	20	11	6	0	1	0	137	19	21	7	33	0	2	0	77	6	8	0	23	6	4	0	44	6	3	1	8	1	3	2	55	10	4	2	40	8	5	5	312	93	18	19
Corynebacterium tuberculostearicum	29	5	2	1	1	0	387	45	18	1	193	45	68	2	148	4	31	10	61	1	18	15	86	7	61	14	913	88	20	9	3	2	2	0	1	0	0	1	0	0	342	45	34	11	17	1	1	0	175	18	28	17	57	11	0	2	138	10	2	2	28	3	6	4	47	14	1	0	18	0	14	1	75	11	5	2	49	12	5	9	771	142	52	36
Corynebacterium tuberculostearicum C	15	2	0	1	0	0	324	32	11	4	165	41	53	4	128	11	30	7	62	1	20	9	121	4	32	12	772	65	14	1	2	0	0	0	1	0	0	0	0	0	267	57	24	8	10	1	4	0	147	18	29	12	53	0	2	2	118	10	6	5	28	2	6	1	55	7	0	1	20	0	9	0	105	16	2	2	25	7	8	4	630	142	33	32
Corynebacterium tuberculostearicum D	32	13	1	1	0	0	475	36	7	5	195	42	40	3	107	4	35	7	135	7	17	7	55	5	53	8	582	58	26	6	6	7	1	0	0	1	0	0	0	0	375	100	23	13	6	1	4	1	177	18	32	10	33	7	2	1	99	8	4	0	32	3	3	4	118	17	3	4	16	1	5	2	43	12	4	1	41	12	1	7	480	102	36	22
Corynebacterium vitaeruminis	0	0	4	2	10	2	19	2	11	4	5	1	49	3	8	1	9	3	7	1	8	6	22	1	1159	273	20	1	0	0	0	0	4	0	1	1	8	2	2	0	14	5	1	1	8	3	1	3	4	1	1	0	32	17	2	1	5	3	0	1	5	4	1	2	6	1	1	0	5	3	3	3	22	0	0	1	780	379	120	153	13	7	1	0
Cupriavidus basilensis	0	1	11	1	4	0	23	1	1	0	24038	6781	5	7	19	0	10	2	4	0	6	1	1	0	5	0	5	0	0	0	1	0	5	6	1	0	0	4	0	0	12	11	1	0	1	0	0	0	21108	2930	4415	2366	1	4	5	2	14	5	0	0	8	2	2	0	4	0	0	0	3	3	1	0	1	0	0	0	4	1	0	0	4	1	0	0
Cupriavidus basilensis D	0	1	2	0	1	2	6	0	2	0	1477	454	1	0	0	1	2	0	3	0	3	2	0	0	6	1	0	0	0	0	0	1	2	0	0	0	1	0	1	1	3	3	0	0	0	2	0	0	1276	201	313	141	1	0	0	0	0	0	0	1	2	0	0	0	2	1	0	0	2	1	2	0	0	0	0	0	5	1	0	1	0	0	0	0
Cutibacterium avidum	1	1	8	5	20	14	735	90	42	21	279	75	58	7	112	2	105	21	121	4	40	12	339	23	92	14	1066	70	1	0	1	0	3	5	3	2	14	6	10	4	633	102	69	21	32	10	15	6	253	26	44	31	38	20	1	6	97	15	2	0	88	17	10	11	112	9	3	1	30	10	9	3	312	27	19	4	68	24	7	7	859	207	40	30
Cutibacterium granulosum	44	17	9	5	10	8	11641	946	249	90	3884	687	485	28	1014	59	666	186	1855	57	237	76	2560	126	634	110	1861	185	32	12	5	12	7	2	2	3	5	5	5	3	10212	1429	679	267	226	23	65	25	3589	295	495	192	464	21	18	10	917	97	32	27	553	113	109	77	1730	125	37	20	219	18	60	16	2399	161	87	39	475	159	59	51	1480	381	107	78
Cutibacterium modestum	15	6	10	6	18	6	1933	313	38	14	684	169	73	13	633	38	374	103	606	32	32	9	1189	88	449	90	502	53	9	6	3	3	7	3	3	3	10	8	4	2	1657	276	204	109	30	8	11	3	624	60	127	42	67	6	10	3	588	45	28	10	323	51	67	36	558	48	19	13	28	4	9	0	1082	107	53	35	342	107	48	42	380	122	29	24
Cutibacterium namnetense	36	8	7	2	9	10	2381	311	70	34	1568	410	208	12	1080	66	574	163	3663	214	108	46	8687	429	986	163	1829	179	28	8	4	4	5	2	1	1	6	3	8	2	2023	358	218	93	60	10	21	13	1395	173	265	145	205	3	10	2	981	99	41	25	480	94	103	60	3147	516	137	77	102	6	35	11	8032	655	272	157	778	208	83	80	1448	381	95	84
Cutibacterium porci	4	1	2	3	7	6	463	57	22	9	123	23	39	7	103	16	76	15	142	8	15	12	286	21	93	27	103	13	4	0	0	1	1	1	1	2	7	0	5	1	361	102	38	19	20	2	7	2	110	13	19	4	33	6	5	2	98	5	11	5	64	12	9	6	126	16	4	4	14	1	11	1	272	14	12	9	68	25	13	14	80	23	10	3
DP-20 sp005879255	0	0	4	1	3	1	42	8	1	3	72	25	224	27	2	0	3	2	825	23	17	2	0	0	2	0	9	3	0	0	0	0	3	1	0	1	2	1	0	1	35	7	5	3	1	0	3	0	61	11	17	8	212	12	24	3	1	1	0	0	3	0	2	0	770	55	17	6	17	0	1	1	0	0	0	0	1	1	0	0	5	4	0	3
DUUL01 sp012841575	0	0	84	186	23	45	10	1	85	86	0	0	175	52	27	11	57	35	0	0	78	62	0	0	7249	2491	3	2	0	0	0	0	81	3	167	19	22	1	40	5	9	1	0	1	56	29	62	24	0	0	0	0	145	30	39	13	23	4	7	4	42	15	23	12	0	0	0	0	65	13	51	11	0	0	0	0	5884	1365	1699	792	0	3	0	2
Dermacoccus nishinomiyaensis	0	0	1	0	9	2	1124	56	10	1	87	6	54	3	51	1	32	7	224	4	9	1	20	0	23	5	15	0	0	0	0	0	1	0	0	0	8	1	2	0	984	140	41	15	5	5	0	1	80	7	3	3	37	17	0	3	48	3	1	0	31	1	4	3	223	1	1	3	7	2	1	0	18	2	0	0	19	4	3	2	8	7	0	0
Desulfobulbus oralis	0	1	91466	49085	61364	30950	196566	20750	119575	58962	18237	5473	46676	9013	30991	6313	56706	22802	2	1	198913	82559	0	0	67338	21564	81	16	0	0	1	0	75191	16275	33452	15633	53029	8335	22498	8452	103195	93371	9335	11415	71155	48420	29742	29220	10830	7407	2254	3219	35920	10756	4730	4283	19237	11754	2742	3571	34664	22042	10400	12402	2	0	1	0	167180	31733	55450	27109	0	0	0	0	36421	30917	8135	13429	16	65	1	15
Desulfomicrobium orale	0	0	328634	167850	23354	14169	445	53	2764	1651	139	66	6976	1665	9910	2500	13394	5551	0	0	2051	1265	0	0	137	46	5	0	0	0	0	0	264517	64117	114804	53046	17645	5709	9258	4911	240	205	28	25	1317	1447	640	1011	69	70	21	45	4895	2081	849	816	5331	4579	931	1569	8089	5305	2393	3158	0	0	0	0	1326	725	579	686	0	0	0	0	72	65	18	28	1	4	0	0
Desulfovibrio sp000403945	0	0	258	181	186	91	411	55	241	130	47	11	143	27	54	21	147	55	0	0	507	206	0	0	183	54	1	0	0	0	0	0	209	49	121	60	163	23	71	20	199	212	26	29	139	102	60	70	26	21	5	6	117	26	14	13	32	22	10	11	97	50	29	26	0	0	0	0	428	79	145	61	0	0	0	0	102	81	15	39	0	1	0	0
Desulfovibrio sp003860215	0	0	3090	1664	5490	2949	24	3	13	11	3	7	11	9	83	14	38	13	0	0	15	9	0	0	2	2	0	1	0	0	0	0	2467	623	1126	538	4249	1241	1876	1073	19	5	2	1	8	5	4	7	3	0	7	0	7	4	5	4	48	35	5	9	21	17	7	6	0	0	0	0	14	1	5	4	0	0	0	0	1	1	0	2	0	0	0	1
Dialister invisus	22	3	2820	3781	611	576	74	9	6	6	30	8	13	12	19	7	22	19	14	0	176	120	8	1	11	5	34	2	22	0	1	2	2405	415	2918	863	536	75	461	115	61	13	7	2	4	2	4	2	29	1	5	3	13	0	8	4	16	3	3	4	16	6	12	7	14	0	0	0	170	6	96	24	8	0	1	0	8	3	2	3	29	5	0	2
Duganella sp900110275	0	0	2	0	1	1	15	0	0	3	12	7	6	0	1	1	2	1	1205	29	312	119	0	0	6	1	1	0	0	0	0	0	2	0	0	0	1	0	0	1	6	9	0	0	0	0	1	2	9	3	5	2	0	6	0	0	1	0	0	1	1	1	0	1	1142	63	24	5	295	17	96	23	0	0	0	0	2	4	0	1	0	1	0	0
Eggerthia catenaformis	0	0	899	1655	422	758	18	1	70	75	3	2	17	42	19	15	47	52	0	1	56	72	0	0	23	15	2	1	0	0	0	0	761	138	1281	374	343	79	593	165	8	10	1	0	38	32	39	36	2	1	1	1	17	0	25	17	15	4	7	8	34	13	26	26	0	0	0	1	47	9	49	23	0	0	0	0	16	7	7	8	2	0	0	1
Eikenella corrodens	0	1	372	280	4401	3045	48	5	51	30	169	60	0	0	2426	632	1754	842	2	0	214	110	1	0	0	1	31	2	0	0	0	1	307	65	219	61	3528	873	2155	890	22	26	1	4	28	23	14	16	98	71	29	31	0	0	0	0	1524	902	291	341	1078	676	413	429	2	0	0	0	164	50	72	38	1	0	0	0	0	0	1	0	31	0	1	1
Eikenella corrodens B	0	0	225	115	1480	835	56	4	43	22	135	39	11	4	2052	452	1452	633	1	0	169	89	1	0	0	1	8	0	0	0	0	0	177	48	77	38	1193	287	603	232	26	30	1	3	14	29	9	13	79	56	13	26	2	9	3	1	1316	736	211	241	881	571	276	357	1	0	0	0	136	33	58	31	1	0	0	0	0	0	1	0	4	4	0	0
Eikenella exigua	0	0	296	167	1088	700	66	8	63	31	162	48	19	13	1800	400	1261	529	0	0	185	90	0	0	10	4	0	2	0	0	0	0	232	64	111	56	856	232	485	215	33	33	1	7	27	36	16	15	94	68	16	32	19	0	4	9	1164	636	165	235	767	494	265	264	0	0	0	0	137	48	49	41	0	0	0	0	4	6	2	2	0	0	0	2
Eikenella halliae	0	0	140	86	1464	858	22	0	20	21	46	28	6	0	916	210	646	306	0	0	81	52	0	0	1	0	16	0	0	0	0	0	111	29	63	23	1173	291	611	247	8	14	0	0	13	7	11	10	28	18	12	16	6	0	0	0	569	347	108	102	392	254	139	167	0	0	0	0	63	18	33	19	0	0	0	0	0	1	0	0	15	1	0	0
Eikenella longinqua	0	0	854	511	227	124	10	1	13	16	21	4	2	0	276	56	171	59	0	0	38	19	0	0	3	0	0	0	0	0	0	0	682	172	353	158	177	50	88	36	8	2	0	1	11	2	6	10	12	9	2	2	2	0	0	0	177	99	24	32	111	60	31	28	0	0	0	0	29	9	14	5	0	0	0	0	0	3	0	0	0	0	0	0
Enterobacter hormaechei A	3	0	0	0	1	0	44	2	4	2	19	3	10	1	692	58	2	0	6	0	407	197	131	24	7	2	114	14	2	1	0	0	0	0	0	0	0	1	0	0	36	8	2	0	4	0	1	1	17	2	0	3	10	0	0	1	665	27	45	13	2	0	0	0	6	0	0	0	399	8	159	38	97	34	15	9	5	2	1	1	100	14	8	6
Epilithonimonas hispanica	3	4	0	0	0	1	204	36	1	5	34	16	4	5	13	12	11	8	9	1	1142	2132	157	29	27	17	46	30	2	1	2	2	0	0	0	0	0	0	0	1	180	24	26	10	1	0	4	1	31	3	10	6	4	0	4	1	10	3	9	3	11	0	6	2	9	0	1	0	1116	26	1957	175	146	11	17	12	19	8	13	4	34	12	17	13
Eubacterium B infirmum	1	3	279	452	99	185	20	15	108	97	22	11	17	26	71	62	101	88	4	0	248	303	0	0	67	32	8	3	1	0	0	3	247	32	364	88	88	11	143	42	20	0	8	7	52	56	49	48	10	12	3	8	9	8	14	12	42	29	34	28	75	26	53	35	4	0	0	0	194	54	225	78	0	0	0	0	52	15	11	21	8	0	2	1
Eubacterium M brachy	2	6	725	1234	191	364	54	7	19	46	17	6	16	26	28	24	68	53	1	0	23	41	3	1	24	19	59	21	2	0	5	1	525	200	820	414	137	54	266	98	45	9	2	5	14	5	27	19	17	0	5	1	14	2	22	4	19	9	16	8	49	19	32	21	1	0	0	0	19	4	31	10	3	0	0	1	20	4	13	6	59	0	9	12
Eubacterium N saphenum	1	2	4052	7221	952	1508	10	6	2	9	4	1	307	207	11	9	82	79	0	1	35	54	0	2	11	8	5	1	1	0	2	0	3562	490	5964	1257	766	186	1169	339	6	4	4	2	2	0	4	5	4	0	0	1	208	99	104	103	7	4	7	2	59	23	43	36	0	0	0	1	30	5	40	14	0	0	0	2	9	2	3	5	5	0	0	1
Exiguobacterium chiriqhucha	2	1	0	0	0	0	4	0	1	0	2	0	0	0	0	0	3	0	0	0	1	0	0	0	2194	649	10	2	2	0	1	0	0	0	0	0	0	0	0	0	4	0	0	0	1	0	0	0	2	0	0	0	0	0	0	0	0	0	0	0	3	0	0	0	0	0	0	0	1	0	0	0	0	0	0	0	1615	579	296	353	5	5	1	1
Exiguobacterium A acetylicum	0	0	0	1	0	1	9	0	0	0	1	0	0	0	2	0	0	1	5	0	6	3	0	0	1138	448	0	1	0	0	0	0	0	0	1	0	0	0	1	0	1	8	0	0	0	0	0	0	1	0	0	0	0	0	0	0	2	0	0	0	0	0	1	0	5	0	0	0	6	0	2	1	0	0	0	0	811	327	196	252	0	0	0	1
Exiguobacterium A undae	0	0	1	0	0	0	1	0	3	0	1	0	0	0	0	0	1	0	0	0	0	0	0	0	2021	524	1	1	0	0	0	0	1	0	0	0	0	0	0	0	1	0	0	0	3	0	0	0	0	1	0	0	0	0	0	0	0	0	0	0	1	0	0	0	0	0	0	0	0	0	0	0	0	0	0	0	1524	497	261	263	1	0	1	0
F0058 sp000163695	0	1	26181	34994	23514	29559	760	259	683	894	30	35	104	76	2487	1644	1363	1551	0	0	4122	5001	1	0	428	235	32	16	0	0	0	1	21236	4945	25409	9585	18415	5099	21559	8000	257	503	87	172	305	378	338	556	13	17	10	25	58	46	34	42	1184	1303	669	975	768	595	670	881	0	0	0	0	2931	1191	2813	2188	1	0	0	0	240	188	96	139	24	8	9	7
F0058 sp905372135	0	0	11656	14214	16933	19612	108	37	266	356	13	16	37	58	993	585	681	746	0	0	711	811	0	0	74	34	11	4	0	0	0	0	9337	2319	10192	4022	13657	3276	14682	4930	50	58	9	28	96	170	132	224	5	8	3	13	22	15	27	31	515	478	247	338	376	305	320	426	0	0	0	0	493	218	454	357	0	0	0	0	39	35	11	23	8	3	3	1
F0058 sp905372605	0	0	3054	3924	6600	7953	13	12	56	63	3	3	12	12	165	94	136	146	0	0	87	128	0	0	14	7	11	1	0	0	0	0	2467	587	2858	1066	5282	1318	5964	1989	1	12	2	10	25	31	18	45	1	2	1	2	6	6	5	7	87	78	40	54	82	54	68	78	0	0	0	0	61	26	76	52	0	0	0	0	12	2	3	4	10	1	0	1
Fictibacillus barbaricus	8581	5198	0	0	0	0	3	1	2	1	3	1	0	0	184	128	5	4	6	0	0	0	4	0	1	0	2	4	7554	1027	3585	1613	0	0	0	0	0	0	0	0	3	0	1	0	1	1	1	0	3	0	1	0	0	0	0	0	165	19	103	25	5	0	1	3	6	0	0	0	0	0	0	0	4	0	0	0	0	1	0	0	1	1	4	0
Filifactor alocis	1	8	2524	4800	1655	2853	27	18	56	76	11	11	74	62	109	85	290	374	5	0	96	143	0	0	44	30	12	10	1	0	7	1	1964	560	3435	1365	1293	362	2151	702	25	2	5	13	37	19	33	43	6	5	4	7	28	46	28	34	54	55	37	48	188	102	160	214	5	0	0	0	82	14	90	53	0	0	0	0	38	6	14	16	12	0	5	5
Finegoldia sp910589545	1	0	0	1	0	0	48	14	5	13	3	4	0	1	14	6	280	247	1	0	0	0	6	0	7	2	3089	1212	1	0	0	0	0	0	1	0	0	0	0	0	44	4	10	4	3	2	10	3	3	0	4	0	0	0	0	1	13	1	4	2	243	37	193	54	1	0	0	0	0	0	0	0	6	0	0	0	6	1	0	2	2076	1013	645	567
Flavobacterium sp003497625	0	0	0	0	0	0	2	0	0	0	0	0	0	0	0	0	1	2	0	0	0	0	0	0	961	556	0	0	0	0	0	0	0	0	0	0	0	0	0	0	2	0	0	0	0	0	0	0	0	0	0	0	0	0	0	0	0	0	0	0	1	0	2	0	0	0	0	0	0	0	0	0	0	0	0	0	773	188	306	250	0	0	0	0
Flexilinea sp001717545	0	0	240612	168013	118490	77485	12910	1480	9388	5795	709	224	325268	76947	2225	628	38630	16097	0	0	119561	50148	0	4	45216	13566	69	33	0	0	0	0	216497	24115	132430	35583	104585	13905	59879	17606	7731	5179	762	718	6240	3148	3403	2392	434	275	102	122	252107	73161	41613	35334	1431	794	310	318	26333	12297	8368	7729	0	0	0	0	106717	12844	37150	12998	0	0	3	1	27041	18175	5657	7909	15	54	5	28
Fretibacterium fastidiosum	0	0	34918	16099	15165	7507	869	101	200	103	22	1	607	179	586	140	1231	573	1	0	1865	1149	0	0	147	40	14	4	0	0	0	0	29899	5019	11784	4315	12672	2493	5389	2118	355	514	45	56	112	88	46	57	10	12	0	1	371	236	83	96	292	294	56	84	694	537	240	333	1	0	0	0	1300	565	602	547	0	0	0	0	65	82	15	25	9	5	1	3
Fusobacterium animalis	0	1	167	625	114	341	18	10	4	21	5	8	6	5	209	316	57	154	2	1	12	42	15	0	5	4	23	21	0	0	1	0	125	42	448	177	81	33	245	96	7	11	4	6	0	4	6	15	3	2	6	2	6	0	2	3	100	109	164	152	39	18	74	80	2	0	1	0	11	1	27	15	15	0	0	0	5	0	2	2	23	0	15	6
Fusobacterium canifelinum	0	1	182	602	261	724	16	25	28	53	27	46	13	12	955	1365	375	918	0	0	69	201	0	0	7	6	12	4	0	0	0	1	132	50	418	184	187	74	520	204	1	15	11	14	12	16	27	26	12	15	24	22	9	4	6	6	523	432	636	729	237	138	454	464	0	0	0	0	50	19	114	87	0	0	0	0	2	5	1	5	6	6	2	2
Fusobacterium hwasookii	0	0	101	390	605	1652	38	27	67	102	136	162	2	0	3212	4486	711	1515	1	1	137	389	0	0	2	4	14	7	0	0	0	0	71	30	288	102	418	187	1187	465	18	20	15	12	28	39	36	66	75	61	67	95	0	2	0	0	1799	1413	2106	2380	429	282	728	787	1	0	1	0	89	48	216	173	0	0	0	0	2	0	1	3	11	3	6	1
Fusobacterium nucleatum	2	1	406	1452	466	1397	75	45	10	27	21	19	11	26	390	576	205	465	0	0	44	129	0	0	2	10	3	4	2	0	0	1	289	117	1006	446	325	141	918	479	16	59	13	32	4	6	9	18	11	10	8	11	4	7	9	17	212	178	283	293	115	90	201	264	0	0	0	0	33	11	69	60	0	0	0	0	1	1	5	5	3	0	3	1
Fusobacterium nucleatum D	0	0	127	452	334	908	16	12	15	33	21	29	2	0	576	908	214	521	0	0	43	98	0	0	6	8	20	6	0	0	0	0	93	34	322	130	229	105	625	283	9	7	3	9	11	4	13	20	9	12	12	17	0	2	0	0	311	265	473	435	120	94	254	267	0	0	0	0	32	11	52	46	0	0	0	0	5	1	2	6	20	0	4	2
Fusobacterium nucleatum E	0	0	42	165	71	186	10	11	5	15	10	7	0	5	216	287	65	164	0	0	16	42	1	0	1	2	2	6	0	0	0	0	28	14	129	36	51	20	131	55	3	7	4	7	2	3	5	10	5	5	3	4	0	0	4	1	123	93	138	149	40	25	96	68	0	0	0	0	8	8	25	17	1	0	0	0	1	0	2	0	2	0	5	1
Fusobacterium nucleatum J	0	1	58	235	75	195	13	5	2	13	5	6	0	5	182	233	55	137	0	0	20	34	3	0	0	5	15	7	0	0	1	0	43	15	164	71	52	23	137	58	8	5	0	5	1	1	5	8	4	1	3	3	0	0	3	2	100	82	114	119	34	21	62	75	0	0	0	0	13	7	22	12	3	0	0	0	0	0	4	1	7	8	4	3
Fusobacterium periodonticum	0	1	42	125	52	169	10	7	7	23	17	22	0	0	708	902	123	292	0	0	18	57	0	0	2	2	10	8	0	0	1	0	31	11	90	35	39	13	121	48	4	6	4	3	3	4	12	11	13	4	10	12	0	0	0	0	407	301	459	443	77	46	131	161	0	0	0	0	10	8	36	21	0	0	0	0	2	0	0	2	9	1	6	2
Fusobacterium polymorphum	0	1	221	707	441	1172	33	11	34	42	13	26	63	60	526	753	175	468	0	0	34	103	0	3	7	7	63	20	0	0	0	1	172	49	514	193	311	130	839	333	21	12	5	6	19	15	18	24	9	4	10	16	42	21	34	26	315	211	377	376	106	69	231	237	0	0	0	0	16	18	62	41	0	0	1	2	4	3	3	4	57	6	14	6
Fusobacterium sp000235465	0	1	45	160	53	132	2	10	6	22	9	16	2	1	371	585	104	197	0	0	9	41	0	0	2	7	7	2	0	0	0	1	32	13	116	44	38	15	88	44	1	1	6	4	2	4	10	12	7	2	8	8	0	2	0	1	200	171	313	272	64	40	95	102	0	0	0	0	8	1	15	26	0	0	0	0	1	1	4	3	5	2	2	0
Fusobacterium vincentii	1	1	109	331	94	307	23	20	12	20	22	9	0	2	242	343	92	189	6	0	18	55	5	6	4	3	15	13	1	0	0	1	74	35	231	100	57	37	215	92	18	5	9	11	8	4	11	9	20	2	2	7	0	0	2	0	149	93	174	169	50	42	104	85	6	0	0	0	9	9	38	17	5	0	3	3	4	0	2	1	10	5	10	3
GN02-872 sp003260325	1	0	2	22	1642	4378	0	0	9	23	0	0	0	0	35	40	7	10	0	0	2	2	0	0	0	1	0	1	1	0	0	0	1	1	18	4	1253	389	3296	1082	0	0	0	0	2	7	9	14	0	0	0	0	0	0	0	0	15	20	18	22	5	2	6	4	0	0	0	0	1	1	1	1	0	0	0	0	0	0	0	1	0	0	1	0
GN02-873 sp003260345	0	0	2	7	520	725	0	0	0	0	1	0	0	0	0	0	0	0	0	0	0	0	0	0	0	0	0	0	0	0	0	0	1	1	3	4	423	97	541	184	0	0	0	0	0	0	0	0	1	0	0	0	0	0	0	0	0	0	0	0	0	0	0	0	0	0	0	0	0	0	0	0	0	0	0	0	0	0	0	0	0	0	0	0
Gemella morbillorum	0	8	127	363	2713	7133	570	153	898	1770	34	33	7	17	2378	2754	5710	7759	0	0	2348	3880	0	0	37	26	98	38	0	0	6	2	99	28	268	95	2224	489	5700	1433	454	116	107	46	558	340	1076	694	24	10	18	15	7	0	12	5	1469	909	1372	1382	4300	1410	4595	3164	0	0	0	0	2118	230	3136	744	0	0	0	0	31	6	18	8	89	9	23	15
Gemella sanguinis	11	15	0	3	29	78	73	29	11	38	16	14	0	1	41	58	116	134	5	0	60	102	7	5	6	8	441	187	11	0	7	8	0	0	3	0	25	4	66	12	64	9	24	5	7	4	19	19	15	1	9	5	0	0	1	0	25	16	30	28	94	22	71	63	5	0	0	0	53	7	87	15	7	0	3	2	6	0	7	1	409	32	130	57
Gemmobacter sp003509785	0	0	0	0	0	1	2	0	1	0	3	0	0	0	1	0	0	1	0	0	1	0	0	0	1940	282	2	0	0	0	0	0	0	0	0	0	0	0	0	1	2	0	0	0	0	1	0	0	3	0	0	0	0	0	0	0	1	0	0	0	0	0	0	1	0	0	0	0	1	0	0	0	0	0	0	0	1391	549	123	159	2	0	0	0
Gramella sp009735695	0	0	0	0	0	0	0	2	0	0	0	1	0	0	0	0	24	11	1229	52	0	0	6	1	333	29	5	3	0	0	0	0	0	0	0	0	0	0	0	0	0	0	1	1	0	0	0	0	0	0	1	0	0	0	0	0	0	0	0	0	22	2	11	0	1142	87	42	10	0	0	0	0	2	4	0	1	281	52	20	9	5	0	1	2
Granulicatella adiacens	2	1	21	63	488	900	28	6	51	83	20	16	0	3	185	162	61	78	12	1	135	213	12	2	16	7	98	32	1	1	0	1	18	3	45	18	397	91	695	205	16	12	5	1	26	25	39	44	12	8	11	5	0	0	2	1	104	81	73	89	50	11	41	37	12	0	1	0	112	23	140	73	12	0	1	1	14	2	3	4	79	19	20	12
Granulicatella sp905371865	0	0	21	28	299	429	3	1	41	53	6	5	3	1	83	90	25	43	3	0	90	78	1	2	1	0	21	4	0	0	0	0	15	6	26	2	234	65	311	118	3	0	1	0	24	17	22	31	5	1	5	0	0	3	1	0	47	36	40	50	21	4	15	28	3	0	0	0	68	22	55	23	1	0	1	1	1	0	0	0	18	3	4	0
H1 sp001653155	0	0	1879	2082	2874	3290	97	27	565	614	6	4	357	166	1364	822	441	439	4	0	1344	1453	0	0	278	114	0	1	0	0	0	0	1599	280	1616	466	2335	539	2485	805	74	23	5	22	306	259	280	334	1	5	1	3	305	52	96	70	689	675	352	470	274	167	187	252	4	0	0	0	1053	291	897	556	0	0	0	0	171	107	41	73	0	0	0	1
HOT-345 sp003260355	0	0	243	403	1217	1907	69	19	62	98	15	15	0	0	62	42	56	88	0	0	27	47	0	0	3	5	1	0	0	0	0	0	202	41	320	83	1019	198	1486	421	24	45	8	11	32	30	44	54	8	7	6	9	0	0	0	0	46	16	17	25	34	22	49	39	0	0	0	0	22	5	30	17	0	0	0	0	3	0	3	2	1	0	0	0
HOT-345 sp013333605	0	4	18	40	794	1461	4	2	12	12	29	21	0	0	164	155	74	86	1	0	9	16	1	0	3	0	1	0	0	0	3	1	15	3	33	7	650	144	1123	338	4	0	1	1	7	5	9	3	14	15	9	12	0	0	0	0	85	79	75	80	51	23	37	49	1	0	0	0	5	4	9	7	1	0	0	0	3	0	0	0	1	0	0	0
Hornefia minuta	0	0	77690	87871	22448	25251	809	210	2990	2803	175	84	40910	17351	2213	1197	7431	5992	0	0	32353	26363	0	2	20126	9853	7	5	0	0	0	0	65266	12424	65556	22315	17636	4812	18116	7135	417	392	96	114	1689	1301	1496	1307	101	74	37	47	30661	10249	9177	8174	1030	1183	456	741	4590	2841	2746	3246	0	0	0	0	27398	4955	18442	7921	0	0	1	1	11295	8831	3919	5934	2	5	0	5
Hornefia nodata	1	1	752	1622	355	744	49	6	82	126	4	10	320	271	36	33	121	129	0	0	207	297	0	0	77	38	27	5	1	0	1	0	617	135	1265	357	304	51	603	141	46	3	4	2	50	32	80	46	1	3	7	3	211	109	128	143	23	13	11	22	90	31	73	56	0	0	0	0	163	44	213	84	0	0	0	0	57	20	22	16	25	2	0	5
Ideonella sp018780145	0	0	3	1	2	3	6	2	3	2	6468	1620	5	2	9	2	10	3	11	1	2	2	0	0	9	0	21	0	0	0	0	0	3	0	0	1	2	0	1	2	6	0	2	0	2	1	0	2	6003	465	1179	441	5	0	1	1	6	3	1	1	5	5	1	2	0	11	1	0	1	1	1	1	0	0	0	0	6	3	0	0	14	7	0	0
Inhella sp017302655	0	0	0	1	1	0	7	0	4	1	1263	366	0	0	14	1	9	1	1	0	3	2	5	0	7	1	0	0	0	0	0	0	0	0	1	0	1	0	0	0	5	2	0	0	4	0	0	1	1112	151	230	136	0	0	0	0	8	6	1	0	2	7	1	0	0	1	0	0	2	1	2	0	5	0	0	0	6	1	0	1	0	0	0	0
JAAYOR01 sp012520235	0	0	572	321	196	124	7	0	4	2	0	0	29	11	8	2	13	9	0	0	33	25	0	0	3	1	0	0	0	0	0	0	468	104	230	91	161	35	85	39	0	7	0	0	3	1	0	2	0	0	0	0	25	4	5	6	3	5	1	1	7	6	4	5	0	0	0	0	26	7	14	11	0	0	0	0	3	0	0	1	0	0	0	0
JABCPE02 sp013333255	1	2	32	77	693	1131	292	103	256	376	4403	2539	4	0	3854	2496	467	498	0	0	1832	1914	1	3	6	7	21	11	1	0	1	1	27	5	64	13	587	106	916	215	173	119	54	49	144	112	211	165	2828	1575	1259	1280	4	0	0	0	2576	1278	1374	1122	315	152	280	218	0	0	0	0	1672	160	1543	371	1	0	2	1	3	3	2	5	16	5	5	6
JABCPE02 sp013333875	0	2	35	63	746	1364	426	167	392	501	5901	3528	21	13	5411	3625	692	726	1	0	2586	2740	0	2	5	9	15	6	0	0	1	1	26	9	47	16	597	149	1128	236	275	151	98	69	233	159	287	214	3701	2200	1771	1757	20	1	11	2	3647	1764	1939	1686	483	209	374	352	1	0	0	0	2369	217	2238	502	0	0	1	1	4	1	6	3	13	2	4	2
JACDBD01 sp013695115	0	0	4	3	0	0	249	26	9	3	26	6	58	3	9	1	429	80	325	5	42	23	4	1	7	0	82	2	0	0	0	0	4	0	2	1	0	0	0	0	208	41	17	9	5	4	1	2	24	2	4	2	58	0	3	0	6	3	0	1	305	124	45	35	313	12	4	1	40	2	21	2	2	2	1	0	6	1	0	0	49	33	2	0
JACPAU01 sp016180705	3	0	50	22	21	12	301	33	21	5	405	113	157	1	0	0	1	0	75	3	213	98	0	0	1	1	18	1	3	0	0	0	42	8	13	9	17	4	11	1	213	88	18	15	19	2	3	2	360	45	84	29	157	0	1	0	0	0	0	0	1	0	0	0	72	3	2	1	197	16	77	21	0	0	0	0	0	1	0	1	13	5	1	0
JACPRY01 sp016193565	0	0	6	6	5	0	415	92	6	2	1491	394	37	3	1	0	4	0	47	0	3	3	0	0	5	0	0	0	0	0	0	0	6	0	5	1	2	3	0	0	337	78	65	27	5	1	2	0	1348	143	283	111	37	0	2	1	1	0	0	0	4	0	0	0	47	0	0	0	2	1	3	0	0	0	0	0	4	1	0	0	0	0	0	0
Janibacter hoylei	7	0	1	3	5	1	116	3	16	4	75	5	35	1	878	22	102	10	34	3	11	2	48	0	17	2	35	2	5	2	0	0	1	0	3	0	5	0	0	1	93	23	2	1	10	6	2	2	66	9	1	4	31	4	1	0	823	55	13	9	95	7	8	2	33	1	3	0	8	3	2	0	39	9	0	0	11	6	1	1	29	6	1	1
Janthinobacterium psychrotolerans	4	3	3	0	5	2	58	4	3	0	5	4	8	0	6	2	6	2	9	0	2616	764	0	0	21	3	10	0	4	0	3	0	1	2	0	0	4	1	0	2	48	10	3	1	3	0	0	0	4	1	2	2	8	0	0	0	6	0	1	1	3	3	1	1	4	5	0	0	2519	97	649	115	0	0	0	0	13	8	3	0	10	0	0	0
Janthinobacterium sp002250505	1	0	1	1	2	2	61	3	1	0	5	1	13	0	3	1	2	1	8	0	1505	420	0	0	9	1	0	2	1	0	0	0	1	0	1	0	1	1	2	0	24	37	1	2	0	1	0	0	5	0	1	0	3	10	0	0	1	2	0	1	1	1	0	1	8	0	0	0	1461	44	364	56	0	0	0	0	7	2	0	1	0	0	1	1
Janthinobacterium sp002878455	6	2	6	4	2	0	18	2	0	1	45	30	4	0	3	1	2	0	8	0	4931	1256	0	0	29	7	1	0	4	2	1	1	4	2	3	1	2	0	0	0	14	4	0	2	0	0	0	1	31	14	22	8	4	0	0	0	2	1	1	0	1	1	0	0	8	0	0	0	4751	180	1029	227	0	0	0	0	27	2	5	2	0	1	0	0
Janthinobacterium sp014200725	0	0	0	2	2	1	1490	161	1	0	7	3	1	0	2	0	0	0	2	0	61	22	0	0	2	0	1	0	0	0	0	0	0	0	2	0	1	1	1	0	1024	466	97	64	0	1	0	0	7	0	2	1	1	0	0	0	0	2	0	0	0	0	0	0	2	0	0	0	55	6	17	5	0	0	0	0	0	2	0	0	1	0	0	0
Johnsonella ignava	0	0	5664	15806	7742	16062	12288	2780	863	1153	120	71	735	578	8161	5106	13584	13589	0	0	19962	23467	0	0	328	216	58	74	0	0	0	0	4823	841	12758	3048	6278	1464	12671	3391	8945	3343	1753	1027	593	270	738	415	71	49	34	37	520	215	350	228	6010	2151	2939	2167	10306	3278	8055	5534	0	0	0	0	18053	1909	18631	4836	0	0	0	0	241	87	116	100	17	41	18	56
Johnsonella sp900766185	0	1	1992	4845	13996	27807	327	90	797	1347	65	44	30	35	1143	820	2101	1951	3	0	2223	2743	0	3	50	42	67	21	0	0	0	1	1712	280	3891	954	11316	2680	21755	6052	220	107	56	34	487	310	793	554	33	32	20	24	21	9	20	15	819	324	485	335	1650	451	1283	668	3	0	0	0	1960	263	2143	600	0	0	1	2	37	13	29	13	58	9	13	8
Johnsonella sp905373785	0	1	744	1605	5632	10728	240	68	409	556	30	24	0	8	682	425	1678	1649	0	1	1016	1284	0	0	27	23	2	1	0	0	0	1	626	118	1296	309	4633	999	8446	2282	166	74	45	23	250	159	311	245	18	12	13	11	0	0	4	4	526	156	228	197	1339	339	1051	598	0	0	1	0	896	120	1011	273	0	0	0	0	24	3	14	9	2	0	1	0
Kaistella haifensis	7	3	0	0	1	0	65	21	2	1	20	6	5	3	29	9	1579	889	15	2	4	2	37	4	5	1	29	7	5	2	1	2	0	0	0	0	1	0	0	0	65	0	17	4	1	1	1	0	13	7	3	3	5	0	2	1	25	4	4	5	1432	147	707	182	15	0	2	0	4	0	1	1	37	0	4	0	3	2	1	0	21	8	1	6
Kingella A denitrificans	2	1	19	17	592	392	37	3	76	49	31	6	0	0	1300	391	172	83	0	0	113	50	1	0	12	1	17	4	0	2	1	0	14	5	12	5	465	127	259	133	21	16	2	1	32	44	20	29	17	14	3	3	0	0	0	0	674	626	158	233	106	66	45	38	0	0	0	0	89	24	26	24	0	1	0	0	10	2	1	0	6	11	4	0
Kinneretia sp013824165	1	0	2	0	0	1	1	0	0	0	27	10	1	0	5	0	2	1	2	0	4	0	0	0	999	199	1	1	1	0	0	0	2	0	0	0	0	0	1	0	1	0	0	0	0	0	0	0	19	8	7	3	1	0	0	0	2	3	0	0	2	0	1	0	2	0	0	0	4	0	0	0	0	0	0	0	729	270	81	118	0	1	0	1
Klebsiella grimontii	3	0	1	0	0	1	55	4	3	1	12	2	2	3	1957	147	17	2	6	0	2959	1463	44	1	32	4	18	4	3	0	0	0	1	0	0	0	0	0	0	1	51	4	2	2	1	2	0	1	9	3	1	1	2	0	0	3	1832	125	112	35	16	1	0	2	3	3	0	0	2879	80	1219	244	43	1	1	0	27	5	4	0	15	3	3	1
Kocuria palustris	68	10	2	1	3	4	3771	126	45	2	2320	412	53	6	158	11	854	194	93	2	37	13	322	18	117	32	895	96	43	25	1	9	2	0	0	1	3	0	1	3	3330	441	79	47	35	10	2	0	2087	233	260	152	41	12	3	3	140	18	7	4	696	158	105	89	86	7	0	2	35	2	11	2	300	22	6	12	85	32	15	17	666	229	50	46
Kocuria rhizophila	3	0	4	4	4	3	1513	67	17	7	157	38	39	6	241	15	140	18	82	3	9	5	62	3	25	3	213	17	1	2	0	0	2	2	4	0	1	3	2	1	1370	143	44	23	14	3	3	4	132	25	24	14	33	6	2	4	218	23	11	4	126	14	14	4	81	1	1	2	9	0	3	2	37	25	0	3	19	6	2	1	161	52	11	6
Kocuria rosea	148	23	1	1	4	1	29	6	19	2	108	19	8	6	11	1	373	77	19	1	10	1	33	4	40	13	200	28	79	69	7	16	0	1	1	0	2	2	1	0	19	10	4	2	12	7	1	1	84	24	15	4	7	1	2	4	9	2	0	1	281	92	42	35	11	8	0	1	4	6	1	0	30	3	0	4	23	17	4	9	141	59	13	15
Lachnoanaerobaculum gingivalis	1	2	64	147	246	437	5	4	57	110	7	8	8	17	83	59	56	58	0	0	76	122	2	0	4	3	2	2	1	0	0	2	54	10	118	29	196	50	328	109	5	0	2	2	32	25	63	47	3	4	3	5	6	2	11	6	43	40	34	25	40	16	38	20	0	0	0	0	62	14	88	34	2	0	0	0	4	0	2	1	2	0	2	0
Lachnoanaerobaculum saburreum	0	5	150	365	423	841	44	14	21	69	10	7	36	31	64	69	85	91	0	0	91	120	0	0	6	1	102	28	0	0	1	4	120	30	289	76	347	76	648	193	32	12	9	5	9	12	38	31	4	6	5	2	18	18	17	14	41	23	34	35	55	30	55	36	0	0	0	0	84	7	88	32	0	0	0	0	5	1	1	0	93	9	24	4
Lachnoanaerobaculum sp000209465	0	0	344	820	5633	10075	21	11	292	542	15	12	24	18	589	538	211	278	0	0	189	293	0	0	16	11	11	1	0	0	0	0	293	51	673	147	4257	1376	7465	2610	17	4	6	5	158	134	276	266	10	5	1	11	13	11	9	9	360	229	252	286	151	60	151	127	0	0	0	0	151	38	196	97	0	0	0	0	15	1	9	2	8	3	1	0
Lacticaseibacillus paracasei	2111	832	0	1	1	1	16	0	1	1	12	3	3	0	19	7	20	15	0	0	0	0	152	9	5	1	12	3	1536	575	345	487	0	0	1	0	0	1	1	0	16	0	0	0	0	1	1	0	11	1	2	1	3	0	0	0	10	9	3	4	13	7	7	8	0	0	0	0	0	0	0	0	146	6	6	3	5	0	1	0	10	2	1	2
Lactococcus cremoris	5	6	0	1	1	1	353	72	2	1	12	3	16	1	528	126	60	49	21	4	11	4	92	12	36	27	42	18	4	1	2	4	0	0	1	0	1	0	1	0	322	31	66	6	1	1	1	0	10	2	3	0	16	0	0	1	498	30	98	28	54	6	32	17	21	0	4	0	9	2	2	2	80	12	6	6	27	9	8	19	40	2	9	9
Lampropedia sp003703475	0	0	16	6	295	173	9	0	24	8	74	23	3	4	255	43	130	44	1	0	43	21	0	0	4	1	2	0	0	0	0	0	12	4	6	0	214	81	109	64	7	2	0	0	16	8	5	3	45	29	11	12	1	2	3	1	184	71	21	22	84	46	24	20	1	0	0	0	40	3	13	8	0	0	0	0	4	0	1	0	2	0	0	0
Lautropia dentalis	31	3	40	17	1077	479	64	5	53	32	160	41	9	0	2244	457	391	127	6	0	616	271	4	0	14	3	174	19	17	14	0	3	27	13	7	10	832	245	322	157	56	8	3	2	25	28	11	21	134	26	22	19	9	0	0	0	1215	1029	191	266	209	182	56	71	6	0	0	0	404	212	127	144	0	4	0	0	11	3	2	1	128	46	11	8
Lautropia mirabilis	14	5	2480	971	70776	29834	428	54	1746	956	900	293	22	2	62093	12140	10226	4041	50	0	21055	9532	69	11	83	22	167	13	10	4	3	2	1943	537	644	327	56703	14073	20490	9344	241	187	21	33	921	825	384	572	450	450	80	213	22	0	1	1	35112	26981	5049	7091	6104	4122	1778	2263	34	16	0	0	14533	6522	5029	4503	60	9	6	5	56	27	12	10	125	42	5	8
Lawsonella clevelandensis A	37	10	3	0	2	2	22226	5184	248	160	5820	1777	339	47	3504	183	816	231	4970	435	145	94	11748	704	1870	485	2641	416	33	4	5	5	2	1	0	0	1	1	0	2	18124	4102	3475	1709	225	23	117	43	5172	648	1274	503	326	13	31	16	3334	170	131	52	728	88	157	74	4458	512	293	142	140	5	75	19	10971	777	461	243	1438	432	257	228	1962	679	218	198
Lawsonella sp018376445	5	2	4	1	1	2	283	11	9	2	82	14	26	2	17	2	21	4	3	0	5	0	7	1	44	6	3974	346	5	0	0	2	3	1	0	1	1	0	2	0	230	53	8	3	8	1	0	2	75	7	12	2	15	11	0	2	15	2	0	2	18	3	2	2	3	0	0	0	4	1	0	0	7	0	1	0	30	14	2	4	3086	888	179	167
Lelliottia amnigena	13684	3307	1	0	1	3	0	1	1	0	5	0	0	0	4	2	4	4	0	0	3	3	17	0	0	0	3	0	9639	4045	1419	1888	1	0	0	0	1	0	0	3	0	0	0	1	1	0	0	0	4	1	0	0	0	0	0	0	4	0	2	0	3	1	2	2	0	0	0	0	2	1	2	1	14	3	0	0	0	0	0	0	0	3	0	0
Lelliottia nimipressuralis	13	0	1	0	2	0	4	1	0	0	0	0	0	0	7	1	1	0	0	0	1947	960	0	0	0	1	7	0	6	7	0	0	1	0	0	0	1	1	0	0	4	0	0	1	0	0	0	0	0	0	0	0	0	0	0	0	7	0	1	0	1	0	0	0	0	0	0	0	1888	59	819	141	0	0	0	0	0	0	0	1	3	4	0	0
Leptotrichia buccalis	0	1	1426	3247	1221	2513	6	5	6	12	0	1	11	1	149	175	66	103	0	0	87	127	0	0	13	3	12	7	0	0	0	1	973	453	2178	1069	823	398	1772	741	4	2	4	1	3	3	9	3	0	0	0	1	6	5	1	0	82	67	79	96	44	22	50	53	0	0	0	0	66	21	67	60	0	0	0	0	12	1	1	2	8	4	6	1
Leptotrichia hofstadii	0	0	115	202	279	513	1	0	2	2	0	0	0	0	146	206	20	48	0	0	18	46	5	0	1	1	15	10	0	0	0	0	79	36	124	78	195	84	365	148	1	0	0	0	0	2	1	1	0	0	0	0	0	0	0	0	80	66	105	101	16	4	24	24	0	0	0	0	14	4	26	20	5	0	0	0	1	0	0	1	14	1	4	6
Leptotrichia massiliensis	0	0	114	280	964	1919	10	6	27	43	5	1	0	0	471	618	40	92	0	0	31	71	3	0	6	5	26	16	0	0	0	0	71	43	184	96	689	275	1395	524	8	2	2	4	16	11	25	18	3	2	1	0	0	0	0	0	264	207	284	334	28	12	46	46	0	0	0	0	21	10	39	32	3	0	0	0	6	0	1	4	20	6	13	3
Leptotrichia sp013394795	0	0	192	404	153	305	4	0	3	6	0	0	0	1	110	100	15	30	0	0	29	37	0	0	0	0	6	5	0	0	0	0	140	52	270	134	104	49	223	82	4	0	0	0	3	0	6	0	0	0	0	0	0	0	1	0	68	42	43	57	8	7	13	17	0	0	0	0	18	11	28	9	0	0	0	0	0	0	0	0	4	2	4	1
Leptotrichia trevisanii	0	0	217	526	215	420	29	4	3	1	1	0	7	1	110	126	15	40	0	0	14	35	0	0	1	2	11	4	0	0	0	0	162	55	373	153	155	60	297	123	21	8	3	1	2	1	0	1	1	0	0	0	0	7	1	0	61	49	57	69	9	6	16	24	0	0	0	0	14	0	25	10	0	0	0	0	1	0	1	1	11	0	2	2
Leptotrichia A sp000469505	0	0	22	67	517	1170	3	5	41	70	8	4	0	5	847	975	156	269	0	0	92	184	0	2	11	6	71	29	0	0	0	0	12	10	44	23	416	101	870	300	3	0	2	3	21	20	39	31	3	5	1	3	0	0	1	4	505	342	503	472	94	62	141	128	0	0	0	0	68	24	120	64	0	0	2	0	8	3	5	1	69	2	24	5
Leptotrichia A sp001274535	2	1	57	188	5942	12227	27	14	110	256	33	39	17	24	6043	6562	888	1370	1	0	461	1151	0	2	12	7	48	12	2	0	1	0	42	15	136	52	4486	1456	9067	3160	12	15	9	5	45	65	99	157	20	13	10	29	14	3	7	17	3417	2626	3064	3498	565	323	697	673	1	0	0	0	336	125	676	475	0	0	1	1	5	7	3	4	44	4	8	4
Leptotrichia A sp905371725	0	1	25	62	2304	4632	28	6	42	85	10	10	0	0	1484	1595	285	440	0	0	129	279	0	0	8	4	28	11	0	0	0	1	18	7	47	15	1781	523	3473	1159	25	3	3	3	20	22	44	41	3	7	4	6	0	0	0	0	867	617	796	799	179	106	224	216	0	0	0	0	90	39	172	107	0	0	0	0	6	2	4	0	26	2	7	4
Leuconostoc mesenteroides	864	291	0	0	0	0	26	1	0	0	29	10	13	3	13	1	1	0	5	0	1	0	0	1	5	4	8	3	718	146	143	148	0	0	0	0	0	0	0	0	26	0	1	0	0	0	0	0	27	2	9	1	13	0	3	0	11	2	1	0	1	0	0	0	5	0	0	0	0	1	0	0	0	0	1	0	4	1	4	0	8	0	3	0
Leuconostoc pseudomesenteroides	3279	1329	0	0	0	0	0	0	1	2	1	0	0	0	2	0	6	2	0	0	0	0	2	2	1	1	8	5	2558	721	652	677	0	0	0	0	0	0	0	0	0	0	0	0	0	1	2	0	1	0	0	0	0	0	0	0	2	0	0	0	6	0	2	0	0	0	0	0	0	0	0	0	2	0	0	2	1	0	0	1	8	0	3	2
Ligilactobacillus acidipiscis	4284	1345	0	0	0	0	0	1	1	0	0	0	0	0	1	0	0	0	0	0	0	0	4	0	2	1	0	0	3429	855	670	675	0	0	0	0	0	0	0	0	0	0	0	1	1	0	0	0	0	0	0	0	0	0	0	0	1	0	0	0	0	0	0	0	0	0	0	0	0	0	0	0	0	4	0	0	1	1	0	1	0	0	0	0
Limnohabitans sp009923505	1	0	0	1	11	6	0	0	1	3	1224	339	0	0	16	5	19	14	8	0	4	1	0	0	6	1	18	3	0	1	0	0	0	0	1	0	7	4	3	3	0	0	0	0	1	0	1	2	1121	103	249	90	0	0	0	0	6	10	1	4	11	8	10	4	3	5	0	0	3	1	0	1	0	0	0	0	5	1	1	0	11	7	3	0
Lysobacter B sp002798295	0	0	50	31	63	51	28	3	33	21	139	52	8	1	413	61	202	64	0	0	29	22	0	0	1	0	0	0	0	0	0	0	45	5	27	4	46	17	37	14	28	0	0	3	25	8	13	8	79	60	32	20	8	0	1	0	314	99	31	30	151	51	37	27	0	0	0	0	21	8	20	2	0	0	0	0	1	0	0	0	0	0	0	0
Malikia spinosa	0	0	1	2	9	5	3	3	3	1	21	10	0	2	38	4	11	4	1	0	7	0	3	0	1717	315	3	0	0	0	0	0	0	1	2	0	5	4	4	1	2	1	2	1	3	0	0	1	11	10	4	6	0	0	0	2	29	9	1	3	6	5	2	2	1	0	0	0	7	0	0	0	3	0	0	0	1190	527	141	174	2	1	0	0
Massilia alkalitolerans	3	2	1	0	5	0	145	19	5	0	17	0	38	1	15	0	15	2	7	0	7	3	21	2	925	142	21	4	2	1	0	2	1	0	0	0	4	1	0	0	131	14	10	9	4	1	0	0	14	3	0	0	33	5	1	0	8	7	0	0	12	3	2	0	7	0	0	0	7	0	2	1	13	8	1	1	675	250	66	76	18	3	2	2
Mesocricetibacter sp905373425	5	3	51	48	2334	3017	708	131	899	989	2410	1414	0	0	17350	10239	4061	3659	0	0	1176	1128	0	0	9	5	9	6	5	0	3	0	42	9	33	15	1810	524	2222	795	478	230	69	62	478	421	472	517	1212	1198	536	878	0	0	0	0	10236	7114	4748	5491	2695	1366	1755	1904	0	0	0	0	921	255	692	436	0	0	0	0	4	5	3	2	8	1	1	5
Methanobrevibacter olleyae	0	0	7	20	4	12	2	3	69	176	1	0	428	360	92	117	22	47	0	0	358	654	0	0	21	15	5	0	0	0	0	0	5	2	19	1	3	1	7	5	2	0	1	2	34	35	79	97	1	0	0	0	360	68	263	97	41	51	42	75	9	13	28	19	0	0	0	0	272	86	422	232	0	0	0	0	15	6	11	4	0	5	0	0
Methanobrevibacter A gottschalkii	1	5	64	244	22	95	32	29	19	54	3	3	2446	1821	24	25	107	167	0	0	236	403	0	0	95	115	0	2	1	0	1	4	58	6	202	42	19	3	80	15	27	5	21	8	13	6	35	19	3	0	3	0	2246	200	1400	421	17	7	19	6	80	27	96	71	0	0	0	0	217	19	332	71	0	0	0	0	73	22	81	34	0	0	1	1
Methanobrevibacter A millerae	0	1	6	30	2	6	8	6	4	10	0	0	523	590	3	6	25	46	0	0	68	113	0	0	34	24	2	0	0	0	1	0	6	0	26	4	2	0	4	2	1	7	5	1	3	1	4	6	0	0	0	0	484	39	456	134	3	0	4	2	21	4	30	16	0	0	0	0	63	5	86	27	0	0	0	0	32	2	13	11	2	0	0	0
Methanobrevibacter A millerae A	0	0	20	66	7	18	6	8	10	10	0	1	8295	4657	43	25	42	46	0	0	98	107	0	0	38	15	1	0	0	0	0	0	15	5	52	14	7	0	12	6	2	4	6	2	10	0	6	4	0	0	0	1	7828	467	3670	987	32	11	17	8	30	12	27	19	0	0	0	0	92	6	87	20	0	0	0	0	33	5	9	6	1	0	0	0
Methanobrevibacter A oralis	0	0	215	1033	272	944	1474	598	767	1399	140	75	24110	17352	332	360	4126	5967	0	0	6566	10309	0	1	3291	2827	13	11	0	0	0	0	189	26	855	178	229	43	802	142	1047	427	390	208	467	300	863	536	105	35	38	37	22228	1882	13833	3519	225	107	216	144	3082	1044	3542	2425	0	0	0	0	6002	564	8425	1884	0	0	1	0	2576	715	1728	1099	4	9	2	9
Methanobrevibacter A smithii	1	0	5	6	5	13	1	0	1	10	4	0	611	442	6	9	19	25	0	0	32	55	0	0	15	9	0	2	1	0	0	0	3	2	6	0	4	1	10	3	1	0	0	0	0	1	7	3	2	2	0	0	550	61	346	96	5	1	4	5	14	5	15	10	0	0	0	0	29	3	42	13	0	0	0	0	12	3	5	4	0	0	2	0
Methanobrevibacter A smithii A	0	0	13	22	4	5	0	4	2	8	5	0	972	1127	17	12	21	29	0	0	29	44	0	0	24	16	3	1	0	0	0	0	12	1	17	5	4	0	3	2	0	0	3	1	2	0	6	2	4	1	0	0	869	103	881	246	14	3	7	5	15	6	15	14	0	0	0	0	27	2	33	11	0	0	0	0	17	7	9	7	3	0	1	0
Methanobrevibacter A sp017434555	0	0	8	55	9	19	1	1	1	10	2	0	1730	1077	9	7	8	46	0	0	26	52	0	0	6	20	0	0	0	0	0	0	7	1	45	10	8	1	15	4	0	1	1	0	0	1	8	2	0	2	0	0	1603	127	894	183	8	1	7	0	7	1	29	17	0	0	0	0	25	1	40	12	0	0	0	0	5	1	16	4	0	0	0	0
Methanobrevibacter A sp017468685	0	0	34	101	19	32	2	3	2	1	0	0	1223	1168	6	9	20	27	0	0	14	19	0	0	7	10	0	0	0	0	0	0	32	2	83	18	17	2	28	4	2	0	3	0	2	0	0	1	0	0	0	0	1016	207	881	287	2	4	6	3	14	6	19	8	0	0	0	0	12	2	15	4	0	0	0	0	4	3	7	3	0	0	0	0
Methanobrevibacter A sp900317865	0	0	6	29	5	9	5	1	1	9	0	0	550	542	15	7	15	23	0	0	24	47	0	0	8	8	0	0	0	0	0	0	5	1	21	8	5	0	7	2	5	0	0	1	0	1	5	4	0	0	0	0	479	71	409	133	12	3	3	4	10	5	12	11	0	0	0	0	22	2	42	5	0	0	0	0	5	3	6	2	0	0	0	0
Methanobrevibacter A sp900319535	0	0	14	59	4	8	7	5	10	7	0	1	515	576	5	7	39	72	0	0	61	103	0	0	29	20	0	0	0	0	0	0	11	3	46	13	3	1	7	1	5	2	3	2	5	5	2	5	0	0	0	1	463	52	436	140	2	3	5	2	29	10	42	30	0	0	0	0	55	6	85	18	0	0	0	0	24	5	9	11	0	0	0	0
Methanobrevibacter A sp900766745	0	0	2	14	2	6	11	2	5	3	0	0	1057	690	12	16	14	27	0	0	26	42	0	0	8	9	0	0	0	0	0	0	2	0	12	2	0	2	6	0	11	0	1	1	5	0	2	1	0	0	0	0	963	94	554	136	10	2	7	9	12	2	19	8	0	0	0	0	22	4	32	10	0	0	0	0	3	5	9	0	0	0	0	0
Methanobrevibacter A sp902764455	0	0	24	38	12	22	25	3	4	7	0	1	1241	967	14	9	24	32	2	0	43	79	0	0	51	31	0	0	0	0	0	0	22	2	29	9	11	1	19	3	23	2	2	1	4	0	3	4	0	0	1	0	1141	100	719	248	10	4	6	3	14	10	24	8	2	0	0	0	41	2	64	15	0	0	0	0	37	14	18	13	0	0	0	0
Methanobrevibacter A sp902783085	0	0	2	41	6	28	24	6	6	14	0	0	636	584	10	9	23	34	0	0	43	83	0	0	27	20	2	0	0	0	0	0	2	0	33	8	4	2	22	6	21	3	3	3	5	1	9	5	0	0	0	0	515	121	461	123	7	3	7	2	17	6	20	14	0	0	0	0	39	4	57	26	0	0	0	0	23	4	8	12	2	0	0	0
Methanobrevibacter A sp902785855	0	0	23	97	18	22	25	5	5	16	1	1	646	503	11	11	32	51	0	0	59	117	0	0	29	26	0	1	0	0	0	0	20	3	85	12	15	3	20	2	23	2	4	1	4	1	14	2	1	0	1	0	572	74	381	122	8	3	7	4	22	10	28	23	0	0	0	0	50	9	92	25	0	0	0	0	23	6	10	16	0	0	1	0
Methanobrevibacter A woesei	0	0	4	12	4	6	14	0	9	6	0	0	3034	1672	45	26	48	50	0	0	80	113	0	0	16	17	0	0	0	0	0	0	4	0	10	2	3	1	5	1	6	8	0	0	6	3	4	2	0	0	0	0	2712	322	1317	355	32	13	14	12	33	15	27	23	0	0	0	0	69	11	89	24	0	0	0	0	13	3	8	9	0	0	0	0
Methanobrevibacter B sp905235195	0	0	1	4	0	3	15	0	5	4	0	1	671	657	9	4	8	15	0	0	14	21	0	0	5	6	0	0	0	0	0	0	1	0	3	1	0	0	3	0	15	0	0	0	3	2	3	1	0	0	0	1	573	98	489	168	4	5	3	1	6	2	10	5	0	0	0	0	13	1	19	2	0	0	0	0	3	2	1	5	0	0	0	0
Methanobrevibacter C cuticularis	0	0	0	4	0	1	5	2	4	1	0	0	644	485	15	15	9	18	0	0	33	47	0	0	13	10	0	0	0	0	0	0	0	0	4	0	0	0	1	0	3	2	1	1	3	1	0	1	0	0	0	0	595	49	369	116	11	4	9	6	6	3	12	6	0	0	0	0	26	7	40	7	0	0	0	0	9	4	5	5	0	0	0	0
Methanobrevibacter C sp003315655	0	0	1	3	0	0	0	3	1	1	0	0	651	506	11	12	5	8	0	0	19	29	0	0	11	6	0	0	0	0	0	0	0	1	1	2	0	0	0	0	0	0	3	0	1	0	1	0	0	0	0	0	590	61	383	123	9	2	10	2	3	2	5	3	0	0	0	0	17	2	21	8	0	0	0	0	6	5	3	3	0	0	0	0
Methanobrevibacter C sp009777005	0	0	2	2	0	1	0	2	1	3	1	0	837	506	7	12	5	16	0	0	31	48	0	0	22	15	0	0	0	0	0	0	1	1	1	1	0	0	0	1	0	0	1	1	1	0	2	1	0	1	0	0	760	77	377	129	4	3	8	4	4	1	11	5	0	0	0	0	25	6	43	5	0	0	0	0	17	5	8	7	0	0	0	0
Methylobacterium organophilum	64	31	3	0	2	1	580	52	16	9	42	14	131	36	2	1	1	1	434	23	6	7	503	69	51	37	308	78	54	10	8	23	0	3	0	0	1	1	1	0	495	85	22	30	10	6	6	3	33	9	5	9	80	51	15	21	1	1	0	1	1	0	0	1	324	110	10	13	4	2	6	1	384	119	28	41	38	13	16	21	224	84	30	48
Methyloceanibacter sp002383105	0	0	1	2	0	1	8	0	2	1	21	8	5	1	2	0	13	1	1190	23	24	5	0	0	1	2	71	6	0	0	0	0	1	0	1	1	0	0	1	0	7	1	0	0	2	0	0	1	14	7	6	2	5	0	1	0	1	1	0	0	8	5	1	0	1106	84	21	2	19	5	5	0	0	0	0	0	0	1	2	0	47	24	4	2
Methylomirabilis sp016207095	0	0	0	1	0	1	657	99	4	0	49	14	20	0	1	0	41	8	1737	39	18	5	0	0	0	0	46	3	0	0	0	0	0	0	0	1	0	0	1	0	523	134	69	30	3	1	0	0	42	7	9	5	17	3	0	0	0	1	0	0	28	13	6	2	1656	81	34	5	18	0	5	0	0	0	0	0	0	0	0	0	18	28	1	2
Microbacterium algeriense	0	2	0	3	4	2	17	0	2	1	4141	674	39	2	8	0	3	0	17	2	4	2	5	0	28	0	0	1	0	0	0	2	0	0	0	3	3	1	2	0	16	1	0	0	1	1	1	0	3697	444	454	220	36	3	2	0	8	0	0	0	3	0	0	0	15	2	1	1	4	0	2	0	5	0	0	0	13	15	0	0	0	0	0	1
Micrococcus endophyticus	31	9	5	3	6	2	408	14	20	8	293	44	74	4	83	5	40	10	44	3	27	15	82	7	33	3	134	13	24	7	1	8	3	2	0	3	5	1	0	2	335	73	9	5	13	7	6	2	256	37	30	14	67	7	1	3	68	15	2	3	29	11	7	3	39	5	0	3	24	3	12	3	60	22	3	4	23	10	1	2	96	38	7	6
Micrococcus luteus	78	17	7	1	1	0	4818	216	293	57	4018	519	624	54	727	32	227	37	434	8	158	57	611	41	216	41	1009	126	60	18	7	10	2	5	0	1	1	0	0	0	4240	578	152	64	261	32	36	21	3610	408	309	210	586	38	39	15	629	98	24	8	181	46	17	20	380	54	5	3	142	16	42	15	488	123	14	27	156	60	19	22	764	245	60	66
Mogibacterium diversum	3	0	32	55	15	26	99	27	62	95	27	15	9	4	194	117	758	619	0	0	149	166	1	1	21	9	40	18	3	0	0	0	31	1	46	9	10	5	22	4	61	38	18	9	41	21	66	29	17	10	10	5	7	2	4	0	128	66	63	54	567	191	355	264	0	0	0	0	134	15	129	37	1	0	0	1	16	5	3	6	40	0	10	8
Mogibacterium pumilum	1	0	288	445	95	129	446	111	599	789	172	73	44	45	831	486	3535	2835	1	0	506	489	7	0	106	61	0	3	1	0	0	0	262	26	362	83	81	14	105	24	323	123	76	35	352	247	458	331	108	64	39	34	38	6	29	16	592	239	252	234	2657	878	1664	1171	1	0	0	0	450	56	377	112	7	0	0	0	73	33	27	34	0	0	2	1
Mogibacterium timidum	0	0	208	432	109	276	25	11	81	97	13	8	48	32	75	67	277	241	0	0	104	117	3	0	29	16	48	11	0	0	0	0	176	32	358	74	89	20	235	41	20	5	6	5	56	25	51	46	11	2	4	4	16	32	21	11	49	26	40	27	206	71	151	90	0	0	0	0	91	13	86	31	2	1	0	0	20	9	8	8	34	14	4	7
Moraxella A cinereus	26	36	0	0	0	1	936	130	44	22	399	119	90	19	140	8	1427	675	89	17	12	10	135	19	49	18	364	81	21	5	18	18	0	0	0	0	0	0	1	0	839	97	96	34	43	1	17	5	369	30	95	24	70	20	9	10	131	9	8	0	1304	123	515	160	85	4	13	4	11	1	9	1	128	7	12	7	38	11	10	8	313	51	54	27
Moraxella A osloensis	20	31	0	0	0	0	1159	167	70	32	601	159	87	13	154	17	3281	1441	108	18	21	12	142	20	47	13	431	92	18	2	14	17	0	0	0	0	0	0	0	0	1046	113	130	37	67	3	25	7	562	39	124	35	86	1	8	5	145	9	15	2	2987	294	1117	324	102	6	6	12	21	0	11	1	107	35	17	3	42	5	8	5	354	77	59	33
Moraxella A sp002478835	21	22	0	0	3	1	875	100	25	24	360	106	84	19	134	12	1993	969	97	15	146	99	112	17	23	11	364	74	16	5	12	10	0	0	0	0	2	1	1	0	800	75	78	22	21	4	18	6	331	29	85	21	81	3	10	9	124	10	8	4	1805	188	755	214	90	7	9	6	143	3	82	17	107	5	7	10	12	11	9	2	305	59	45	29
Muriiphilus lacisalsi	5	2	2	0	1	1	69	10	1	1	7	2	3	2	2	0	4331	3102	11	4	0	2	5	2	3	0	304	76	3	2	1	1	1	1	0	0	1	0	1	0	66	3	8	2	1	0	0	1	5	2	1	1	3	0	1	1	2	0	0	0	3745	586	2434	668	11	0	2	2	0	0	1	1	5	0	1	1	3	0	0	0	185	119	47	29
Murimonas intestini	1	1	5	3	2	3	14	2	1	0	1	0	0	0	3	0	709	362	1	0	1	0	0	0	4	0	89	23	0	1	0	1	5	0	3	0	2	0	3	0	14	0	2	0	0	1	0	0	1	0	0	0	0	0	0	0	1	2	0	0	597	112	276	86	1	0	0	0	1	0	0	0	0	0	0	0	3	1	0	0	53	36	9	14
Mycobacterium gordonae	124	19	1	0	2	2	52	26	6	5	23	3	155	30	17	1	3	0	712	24	3	2	859	55	88	23	487	68	115	9	5	14	0	1	0	0	2	0	1	1	39	13	15	11	2	4	3	2	19	4	2	1	114	41	14	16	17	0	0	1	3	0	0	0	641	71	14	10	2	1	1	1	755	104	27	28	74	14	10	13	440	47	32	36
NS-12 sp005877565	0	1	1	1	1	0	50	12	9	8	869	212	59	2	1	0	0	0	4	0	2	0	0	0	0	0	2	0	0	0	1	0	0	1	0	1	1	0	0	0	35	15	5	7	9	0	6	2	793	76	160	52	59	0	2	0	1	0	0	0	0	0	0	0	4	0	0	0	2	0	0	0	0	0	0	0	0	0	0	0	0	2	0	0
NS-12 sp005877615	0	0	0	0	1	0	62	14	8	2	763	183	154	2	0	0	0	0	1	0	1	1	0	0	0	0	0	1	0	0	0	0	0	0	0	0	0	1	0	0	48	14	8	6	8	0	2	0	687	76	131	52	147	7	1	1	0	0	0	0	0	0	0	0	1	0	0	0	1	0	1	0	0	0	0	0	0	0	0	0	0	0	1	0
Nanoperiomorbus periodonticus	0	0	4122	3702	802	863	71	26	17	20	1	0	53	11	32	20	62	34	0	0	636	447	2	0	976	371	4	1	0	0	0	0	3640	482	2862	840	702	100	666	197	33	38	11	15	9	8	12	8	1	0	0	0	41	12	4	7	17	15	7	13	41	21	16	18	0	0	0	0	530	106	303	144	2	0	0	0	568	408	165	206	0	4	1	0
Nanoperiomorbus sp013333515	0	0	4471	4065	900	798	156	35	49	41	4	2	82	40	34	24	75	45	0	0	832	597	0	0	1921	648	4	0	0	0	0	0	3933	538	3150	915	805	95	638	160	73	83	15	20	25	24	21	20	1	3	1	1	67	15	24	16	15	19	11	13	58	17	25	20	0	0	0	0	701	131	409	188	0	0	0	0	1236	685	316	332	4	0	0	0
Nanoperiomorbus sp905365345	0	0	4610	4073	906	811	203	24	22	24	1	0	56	22	43	20	88	45	0	0	854	563	0	0	1235	493	3	2	0	0	0	0	4056	554	3172	901	790	116	607	204	97	106	13	11	10	12	12	12	0	1	0	0	35	21	14	8	21	22	6	14	64	24	26	19	0	0	0	0	729	125	391	172	0	0	0	0	692	543	209	284	0	3	1	1
Nanoperiomorbus sp905372225	1	0	4459	4325	882	789	111	17	34	21	0	0	52	23	31	11	74	44	0	0	765	487	0	0	1109	426	3	0	1	0	0	0	3892	567	3393	932	772	110	609	180	71	40	12	5	18	16	11	10	0	0	0	0	41	11	8	15	16	15	4	7	43	31	24	20	0	0	0	0	640	125	330	157	0	0	0	0	644	465	168	258	2	1	0	0
Nanoperiomorbus sp905373275	0	0	4427	3932	909	807	89	25	21	14	0	0	52	14	41	12	60	32	0	0	726	516	0	0	1113	399	4	0	0	0	0	0	3904	523	3039	893	802	107	618	189	48	41	14	11	14	7	5	9	0	0	0	0	42	10	7	7	17	24	7	5	34	26	15	17	0	0	0	0	619	107	357	159	0	0	0	0	632	481	180	219	2	2	0	0
Nanoperiomorbus sp905373385	0	0	5085	4767	1029	970	102	31	21	19	0	0	19	19	33	17	77	44	0	0	815	633	0	0	1192	464	4	0	0	0	0	0	4462	623	3725	1042	904	125	760	210	55	47	13	18	8	13	8	11	0	0	0	0	16	3	9	10	18	15	7	10	48	29	23	21	0	0	0	0	685	130	438	195	0	0	0	0	706	486	175	289	4	0	0	0
Nanosynbacter lyticus	0	0	1033	951	1110	1039	237	42	760	577	566	256	1341	367	951	392	2371	1382	0	0	448	306	0	0	188	65	5	0	0	0	0	0	920	113	757	194	981	129	834	205	126	111	23	19	488	272	336	241	373	193	133	123	1162	179	211	156	680	271	222	170	1809	562	828	554	0	0	0	0	382	66	225	81	0	0	0	0	97	91	30	35	4	1	0	0
Nanosynbacter sp005697215	0	0	1408	1218	2105	1648	167	32	484	298	92	32	1132	320	212	61	467	224	1	0	376	255	0	0	156	55	8	1	0	0	0	0	1235	173	955	263	1786	319	1247	401	89	78	15	17	306	178	160	138	50	42	9	23	871	261	183	137	130	82	31	30	333	134	123	101	1	0	0	0	321	55	172	83	0	0	0	0	93	63	24	31	6	2	0	1
Nanosynbacter sp005697565	0	0	684	551	1360	1119	146	30	4493	3437	438	228	679	256	656	192	1086	570	0	0	1296	856	0	0	102	50	9	2	0	0	0	0	601	83	422	129	1174	186	885	234	112	34	11	19	2878	1615	1951	1486	277	161	115	113	510	169	141	115	446	210	104	88	790	296	336	234	0	0	0	0	1114	182	631	225	0	0	0	0	48	54	19	31	6	3	0	2
Nanosynbacter sp010202115	0	0	1311	1095	1920	1347	183	20	506	325	110	58	807	217	320	107	523	243	0	0	489	271	0	0	100	36	0	0	0	0	0	0	1138	173	865	230	1645	275	1004	343	96	87	7	13	319	187	163	162	65	45	30	28	670	137	126	91	199	121	49	58	350	173	130	113	0	0	0	0	397	92	180	91	0	0	0	0	57	43	20	16	0	0	0	0
Nanosynbacter sp010202465	0	0	952	881	1358	1081	118	17	382	252	100	45	732	161	170	59	376	177	0	0	281	187	0	0	92	34	0	1	0	0	0	0	840	112	668	213	1158	200	803	278	54	64	11	6	256	126	131	121	56	44	27	18	556	176	104	57	109	61	34	25	255	121	94	83	0	0	0	0	233	48	115	72	0	0	0	0	62	30	14	20	0	0	0	1
Nanosynbacter sp010202645	0	0	1712	1240	2129	1687	115	24	412	244	90	26	906	221	212	57	528	193	0	0	422	228	0	0	120	55	5	1	0	0	0	0	1498	214	949	291	1826	303	1260	427	53	62	8	16	254	158	125	119	62	28	8	18	778	128	136	85	137	75	25	32	378	150	117	76	0	0	0	0	353	69	157	71	0	0	0	0	79	41	23	32	3	2	0	1
Nanosynbacter sp010202845	0	0	1551	1076	2301	1745	179	27	450	244	100	35	1215	307	224	58	490	219	0	0	356	227	0	0	131	49	1	0	0	0	0	0	1341	210	829	247	1934	367	1335	410	94	85	13	14	275	175	137	107	59	41	15	20	1010	205	168	139	138	86	29	29	323	167	117	102	0	0	0	0	288	68	153	74	0	0	0	0	74	57	19	30	1	0	0	0
Nanosynbacter sp013099015	0	0	1794	1426	2673	2211	146	24	495	344	138	49	860	243	271	89	562	233	0	0	557	288	0	0	479	157	4	0	0	0	0	0	1550	244	1135	291	2248	425	1655	556	93	53	12	12	308	187	184	160	84	54	25	24	683	177	152	91	172	99	43	46	369	193	140	93	0	0	0	0	468	89	199	89	0	0	0	0	368	111	100	57	2	2	0	0
Nanosynbacter sp013099195	0	0	1235	1012	1825	1548	175	20	495	334	112	24	1040	274	248	74	515	261	0	0	379	251	0	0	152	48	3	1	0	0	0	0	1062	173	790	222	1566	259	1191	357	103	72	12	8	300	195	175	159	62	50	6	18	838	202	177	97	163	85	42	32	357	158	136	125	0	0	0	0	327	52	162	89	0	0	0	0	81	71	16	32	1	2	1	0
Nanosynbacter sp013100805	0	0	1529	1111	2333	1908	194	23	411	252	91	31	863	293	196	67	461	222	0	0	426	284	0	0	135	56	0	1	0	0	0	0	1344	185	842	269	1969	364	1446	462	111	83	7	16	256	155	125	127	54	37	11	20	696	167	166	127	115	81	29	38	310	151	122	100	0	0	0	0	349	77	194	90	0	0	0	0	85	50	31	25	0	0	0	1
Nanosynbacter sp013100825	0	0	727	610	1352	1036	162	22	504	271	101	37	795	172	208	43	451	201	0	0	362	202	0	0	115	47	10	0	0	0	0	0	632	95	458	152	1170	182	794	242	86	76	13	9	299	205	139	132	51	50	10	27	668	127	112	60	130	78	19	24	314	137	110	91	0	0	0	0	304	58	143	59	0	0	0	0	72	43	24	23	7	3	0	0
Nanosynbacter sp013333695	0	0	1383	1081	2036	1690	158	21	332	203	91	32	969	273	191	47	441	243	0	0	393	225	0	0	129	48	5	0	0	0	0	0	1200	183	818	263	1747	289	1301	389	72	86	8	13	205	127	123	80	52	39	23	9	813	156	175	98	125	66	27	20	295	146	142	101	0	0	0	0	330	63	155	70	0	0	0	0	71	58	21	27	2	3	0	0
Nanosynbacter sp015257635	0	0	262	304	198	219	9	7	44	32	9	3	62	13	15	2	39	23	0	0	15	8	0	0	18	6	21	5	0	0	0	0	229	33	242	62	172	26	185	34	0	9	6	1	23	21	18	14	4	5	1	2	38	24	5	8	11	4	1	1	27	12	14	9	0	0	0	0	9	6	4	4	0	0	0	0	11	7	3	3	17	4	3	2
Nanosynbacter sp905372305	2	0	19292	19190	7151	6718	1330	193	1207	763	199	70	16963	5188	506	169	2786	1320	0	0	2516	1749	0	0	2280	890	24	5	2	0	0	0	17166	2126	15510	3680	6215	936	5302	1416	628	702	95	98	782	425	462	301	108	91	31	39	13980	2983	3208	1980	350	156	79	90	2062	724	732	588	0	0	0	0	2156	360	1296	453	0	0	0	0	1391	889	380	510	9	15	2	3
Nanosynbacter sp905372835	0	0	991	808	1329	1170	174	30	5142	3600	567	211	752	248	704	223	1199	631	0	0	1467	1065	0	0	130	48	5	3	0	0	0	0	846	145	621	187	1145	184	928	242	108	66	17	13	3313	1829	2066	1534	370	197	115	96	631	121	161	87	493	211	110	113	878	321	368	263	0	0	0	0	1277	190	779	286	0	0	0	0	73	57	25	23	4	1	1	2
Nanosynbacter sp905373315	0	0	371	261	539	447	88	16	5670	4024	602	239	283	98	781	227	1152	597	2	0	1519	1030	2	0	65	23	0	0	0	0	0	0	324	47	207	54	460	79	342	105	57	31	6	10	3737	1933	2350	1674	388	214	126	113	217	66	62	36	543	238	116	111	847	305	353	244	2	0	0	0	1291	228	769	261	2	0	0	0	39	26	11	12	0	0	0	0
Nanosynbacter sp905373795	2	0	20159	19125	7506	7010	1030	192	1043	685	148	67	15428	4654	451	140	2345	1115	0	0	2289	1524	0	0	2211	910	13	8	2	0	0	0	18024	2135	15543	3582	6538	968	5539	1471	520	510	90	102	689	354	375	310	95	53	28	39	12952	2476	2839	1815	307	144	83	57	1745	600	625	490	0	0	0	0	2000	289	1139	385	0	0	0	0	1357	854	419	491	8	5	3	5
Negativicoccus succinicivorans	0	0	2	0	1	0	6	4	1	0	4	0	0	0	5	0	0	1	1	0	0	0	0	0	2	1	2222	262	0	0	0	0	1	1	0	0	1	0	0	0	6	0	1	3	0	1	0	0	4	0	0	0	0	0	0	0	4	1	0	0	0	0	0	1	0	1	0	0	0	0	0	0	0	0	0	0	2	0	1	0	1788	434	144	118
Neisseria cerebrosa	0	0	15	10	466	401	8	1	78	82	5	9	0	0	353	114	61	34	7	0	103	49	1	0	9	4	36	7	0	0	0	0	11	4	5	5	366	100	275	126	4	4	0	1	34	44	30	52	3	2	3	6	0	0	0	0	182	171	46	68	33	28	16	18	7	0	0	0	75	28	25	24	1	0	0	0	9	0	2	2	33	3	2	5
Neisseria elongata	6	4	262	183	8941	5968	47	6	1842	1285	353	135	8	1	11281	2636	1813	893	16	1	883	511	6	2	4	3	22	4	3	3	2	2	220	42	118	65	7018	1923	4101	1867	34	13	4	2	1006	836	613	672	206	147	55	80	8	0	0	1	7092	4189	1203	1433	1088	725	387	506	16	0	1	0	705	178	297	214	2	4	1	1	4	0	2	1	17	5	3	1
Neisseria lactamica B	0	0	26	25	754	595	23	0	78	62	15	9	2	0	1318	527	205	113	3	0	355	246	6	1	5	2	23	2	0	0	0	0	19	7	17	8	569	185	413	182	21	2	0	0	34	44	14	48	10	5	3	6	2	0	0	0	734	584	199	328	108	97	55	58	0	3	0	0	248	107	140	106	6	0	1	0	3	2	2	0	21	2	1	1
Neisseria macacae	0	0	13	3	291	251	17	0	34	22	11	3	7	0	394	160	79	51	3	0	121	74	0	0	2	1	4	4	0	0	0	0	12	1	1	2	224	67	177	74	13	4	0	0	11	23	10	12	4	7	1	2	7	0	0	0	208	186	60	100	49	30	29	22	3	0	0	0	82	39	42	32	0	0	0	0	2	0	0	1	4	0	0	4
Neisseria mucosa	0	0	17	8	679	565	5	1	31	31	25	7	2	1	400	154	61	62	1	0	80	70	1	1	3	1	19	6	0	0	0	0	11	6	4	4	491	188	389	176	4	1	0	1	15	16	13	18	18	7	1	6	2	0	0	1	222	178	68	86	39	22	29	33	1	0	0	0	53	27	43	27	1	0	0	1	2	1	1	0	15	4	3	3
Neisseria mucosa A	0	2	14	17	975	790	22	3	117	104	41	13	0	3	1303	465	227	141	0	0	357	262	4	3	9	1	111	16	0	0	0	2	13	1	15	2	754	221	547	243	12	10	2	1	41	76	44	60	20	21	3	10	0	0	2	1	683	620	196	269	140	87	53	88	0	0	0	0	260	97	140	122	0	4	3	0	8	1	1	0	89	22	12	4
Neisseria sicca	2	0	11	15	245	195	0	1	27	29	11	3	0	0	369	168	67	42	0	0	121	79	3	0	1	1	5	0	2	0	0	0	8	3	8	7	178	67	133	62	0	0	1	0	10	17	11	18	6	5	3	0	0	0	0	0	183	186	62	106	37	30	20	22	0	0	0	0	93	28	42	37	3	0	0	0	0	1	1	0	5	0	0	0
Neisseria sicca A	3	0	28	35	894	697	12	2	155	153	40	15	6	1	2657	1251	373	314	2	0	760	623	0	0	4	2	38	2	3	0	0	0	24	4	23	12	674	220	479	218	7	5	1	1	68	87	56	97	18	22	7	8	6	0	1	0	1432	1225	551	700	229	144	140	174	2	0	0	0	581	179	366	257	0	0	0	0	4	0	1	1	32	6	1	1
Neisseria sicca B	0	0	8	7	263	220	11	0	25	26	14	6	1	0	376	143	53	31	4	0	111	65	1	1	2	0	12	4	0	0	0	0	4	4	5	2	208	55	147	73	10	1	0	0	14	11	10	16	9	5	1	5	1	0	0	0	197	179	54	89	32	21	19	12	4	0	0	0	81	30	45	20	1	0	1	0	2	0	0	0	11	1	4	0
Neisseria sicca C	0	0	7	6	393	311	1	0	27	38	13	2	0	0	332	133	48	36	8	0	115	71	7	0	0	1	34	1	0	0	0	0	6	1	6	0	302	91	214	97	1	0	0	0	12	15	11	27	9	4	0	2	0	0	0	0	176	156	52	81	28	20	16	20	4	4	0	0	83	32	40	31	3	4	0	0	0	0	1	0	24	10	1	0
Neisseria sicca D	0	0	18	13	1725	1329	12	0	92	83	21	9	0	1	872	319	144	81	7	0	266	154	1	1	4	1	52	12	0	0	0	0	12	6	7	6	1319	406	918	411	12	0	0	0	41	51	30	53	12	9	4	5	0	0	0	1	486	386	142	177	90	54	37	44	7	0	0	0	186	80	83	71	1	0	1	0	4	0	0	1	46	6	6	6
Neisseria sicca E	2	0	20	15	1242	945	17	3	117	125	33	19	0	2	1336	463	195	161	0	0	371	238	0	0	5	2	22	6	1	1	0	0	15	5	11	4	972	270	650	295	7	10	2	1	57	60	56	69	15	18	10	9	0	0	2	0	706	630	195	268	115	80	66	95	0	0	0	0	265	106	136	102	0	0	0	0	5	0	1	1	13	9	5	1
Neisseria sp000090875	2	1	396	280	4650	3514	33	3	91	70	25	26	2	0	2955	1198	317	195	0	0	1285	919	12	1	11	3	27	5	2	0	0	1	309	87	190	90	3533	1117	2412	1102	29	4	2	1	36	55	32	38	8	17	2	24	2	0	0	0	1394	1561	471	727	172	145	86	109	0	0	0	0	829	456	454	465	12	0	1	0	5	6	1	2	22	5	2	3
Neisseria sp000227275	0	0	25	8	257	184	47	0	30	23	5	1	2	0	467	183	75	46	2	0	120	82	0	0	1	1	15	2	0	0	0	0	17	8	6	2	192	65	135	49	41	6	0	0	14	16	7	16	4	1	0	1	0	2	0	0	259	208	77	106	41	34	23	23	2	0	0	0	84	36	45	37	0	0	0	0	1	0	0	1	10	5	2	0
Neisseria sp000952795	1	0	14	9	325	292	14	0	19	29	11	7	0	0	318	99	54	41	0	0	87	59	0	0	0	2	25	3	0	1	0	0	12	2	8	1	256	69	212	80	11	3	0	0	11	8	12	17	6	5	2	5	0	0	0	0	153	165	38	61	19	35	20	21	0	0	0	0	65	22	29	30	0	0	0	0	0	0	1	1	23	2	1	2
Neisseria sp001809325	0	0	25	18	790	629	1	4	78	63	19	10	0	0	1258	563	194	145	0	0	371	262	3	0	6	0	17	2	0	0	0	0	18	7	14	4	595	195	447	182	1	0	2	2	31	47	21	42	8	11	2	8	0	0	0	0	668	590	260	303	114	80	64	81	0	0	0	0	261	110	157	105	3	0	0	0	4	2	0	0	9	8	2	0
Neisseria sp001815675	0	0	7	7	228	184	5	1	35	30	6	4	0	0	415	154	66	56	0	0	137	84	0	1	2	0	16	2	0	0	0	0	4	3	4	3	169	59	135	49	4	1	1	0	15	20	11	19	2	4	2	2	0	0	0	0	214	201	61	93	37	29	22	34	0	0	0	0	106	31	56	28	0	0	1	0	2	0	0	0	10	6	2	0
Neoactinobaculum massilliense	0	0	2	1	2	4	661	55	39	11	344	70	39	4	7	2	8	3	1	0	16	4	2	0	12	3	0	0	0	0	0	0	1	1	0	1	2	0	3	1	597	64	43	12	32	7	7	4	303	41	40	30	30	9	1	3	2	5	1	1	6	2	1	2	1	0	0	0	15	1	4	0	2	0	0	0	9	3	0	3	0	0	0	0
Nitratireductor C aestuarii	0	0	0	0	1	1	3	5	1	1	2	1	7	0	1	0	1037	921	12	2	1	0	0	1	3	0	25	12	0	0	0	0	0	0	0	0	0	1	0	1	1	2	2	3	0	1	0	1	0	2	0	1	7	0	0	0	1	0	0	0	877	160	640	281	12	0	0	2	0	1	0	0	0	0	0	1	3	0	0	0	16	9	8	4
Olsenella uli	1	0	3027	1273	225	123	76	7	27	6	0	0	212	27	11	0	18	8	1	0	113	46	0	1	275	45	4	2	0	1	0	0	2672	355	917	356	188	37	79	44	46	30	3	4	18	9	3	3	0	0	0	0	154	58	12	15	8	3	0	0	13	5	5	3	1	0	0	0	95	18	29	17	0	0	0	1	200	75	19	26	4	0	0	2
Olsenella F profusa A	2	1	201	102	150	62	109	7	41	14	18	7	271	24	11	2	22	9	2	0	171	67	8	1	443	74	13	6	0	2	0	1	168	33	71	31	127	23	40	22	75	34	4	3	29	12	9	5	15	3	4	3	242	29	12	12	9	2	0	2	16	6	3	6	2	0	0	0	140	31	38	29	8	0	0	1	295	148	42	32	11	2	4	2
Olsenella F sp001189515	5	1	347305	173922	173264	87993	52201	4163	14201	5404	75	27	66998	9740	3038	582	6411	1813	2	0	50259	21952	3	1	155508	26748	380	95	4	1	0	1	312557	34748	132737	41185	152682	20582	65793	22200	34962	17239	2252	1911	9884	4317	3177	2227	63	12	17	10	56209	10789	5898	3842	1855	1183	264	318	4338	2073	895	918	2	0	0	0	42281	7978	15073	6879	3	0	1	0	112742	42766	13942	12806	158	222	17	78
Olsenella I phocaeensis	1	0	377	174	179	91	151	6	58	13	1	4	224	32	7	2	26	9	0	0	140	70	0	0	482	84	3	0	1	0	0	0	327	50	129	45	148	31	62	29	97	54	4	2	40	18	8	5	1	0	0	4	167	57	17	15	4	3	0	2	16	10	4	5	0	0	0	0	115	25	45	25	0	0	0	0	331	151	38	46	3	0	0	0
Oribacterium sp000160135	0	0	270	214	159	137	19	2	13	10	3	2	22	7	11	1	19	12	6	0	239	153	9	0	13	4	27	4	0	0	0	0	223	47	157	57	124	35	107	30	19	0	2	0	9	4	4	6	3	0	2	0	8	14	4	3	6	5	1	0	13	6	5	7	6	0	0	0	197	42	99	54	9	0	0	0	8	5	4	0	22	5	1	3
Oribacterium sp013394775	0	0	2423	2868	353	434	1	1	9	9	3	0	8	12	7	2	15	14	0	0	28	18	0	1	11	0	0	0	0	0	0	0	2008	415	2059	809	291	62	324	110	0	1	0	1	4	5	5	4	2	1	0	0	3	5	3	9	4	3	0	2	11	4	9	5	0	0	0	0	23	5	14	4	0	0	1	0	4	7	0	0	0	0	0	0
Ottowia sp001262075	1	0	7857	3367	260356	116146	37	2	49	18	155	61	44	5	628	148	5227	2127	10	0	1244	673	1	2	10	2	7	2	0	1	0	0	6078	1779	2123	1244	203032	57324	77808	38338	19	18	2	0	29	20	11	7	105	50	22	39	33	11	3	2	426	202	74	74	2785	2442	813	1314	10	0	0	0	744	500	302	371	1	0	1	1	7	3	0	2	3	4	1	1
Ottowia sp003859965	0	0	33	6	322	135	90	7	142	43	365	113	40	4	1666	219	837	224	0	0	315	89	0	0	18	5	0	0	0	0	0	0	26	7	2	4	236	86	86	49	40	50	2	5	99	43	24	19	247	118	54	59	33	7	2	2	1257	409	124	95	617	220	129	95	0	0	0	0	277	38	68	21	0	0	0	0	14	4	3	2	0	0	0	0
Paenibacillus C sp001428245	0	1	0	2	0	0	31	3	1	0	1	0	45	2	0	0	98	40	1724	49	21	7	0	0	1	0	4	0	0	0	0	1	0	0	2	0	0	0	0	0	28	3	3	0	1	0	0	0	1	0	0	0	45	0	2	0	0	0	0	0	85	13	30	10	1666	58	40	9	21	0	7	0	0	0	0	0	1	0	0	0	4	0	0	0
Palsa-1315 sp005877535	0	0	6	1	1	2	183	24	2	2	967	315	2736	259	0	0	3	1	1969	53	19	13	0	0	1	0	757	100	0	0	0	0	6	0	1	0	1	0	2	0	150	33	16	8	2	0	2	0	879	88	231	84	2598	138	180	79	0	0	0	0	3	0	1	0	1838	131	44	9	19	0	12	1	0	0	0	0	0	1	0	0	387	370	33	67
Pantoea agglomerans	48	11	0	1	1	0	44	7	4	1	14	4	22	2	119	9	16	5	19	0	4534	1916	6	1	14	4	28	5	26	22	4	7	0	0	0	1	0	1	0	0	26	18	5	2	4	0	1	0	13	1	0	4	20	2	2	0	111	8	8	1	12	4	2	3	15	4	0	0	4424	110	1617	299	4	2	0	1	11	3	1	3	15	13	3	2
Pantoea brenneri	2	1	0	0	1	1	93	7	3	1	13	2	0	0	1033	79	1	1	14	1	9	6	2	1	9	0	12	3	2	0	1	0	0	0	0	0	0	1	1	0	67	26	6	1	3	0	0	1	12	1	2	0	0	0	0	0	968	65	50	29	1	0	0	1	9	5	1	0	8	1	5	1	2	0	1	0	7	2	0	0	12	0	1	2
Paraburkholderia sp001319865	1217	219	1	0	2	1	0	0	5	1	4	0	8	2	97	27	3	1	3	0	2	0	0	1	1	0	4	1	1014	203	134	85	0	1	0	0	2	0	1	0	0	0	0	0	4	1	1	0	2	2	0	0	7	1	2	0	90	7	23	4	1	2	0	1	3	0	0	0	1	1	0	0	0	0	1	0	1	0	0	0	2	2	1	0
Paracoccus aeridis	2	2	3	1	4	2	1455	63	18	3	268	34	71	4	61	2	27	2	43	1	5	2	53	3	8	0	54	4	2	0	2	0	2	1	1	0	4	0	1	1	1295	160	43	20	16	2	2	1	232	36	24	10	62	9	3	1	51	10	2	0	20	7	0	2	30	13	1	0	5	0	2	0	38	15	2	1	7	1	0	0	40	14	3	1
Paracoccus marcusii	20	7	2	1	2	0	828	52	11	3	85	16	83	8	176	14	65	16	32	1	50	12	118	15	36	7	317	28	15	5	4	3	2	0	0	1	2	0	0	0	742	86	41	11	10	1	3	0	71	14	14	2	70	13	7	1	154	22	7	7	48	17	12	4	25	7	1	0	49	1	8	4	107	11	11	4	32	4	4	3	215	102	13	15
Paracoccus salipaludis	2	0	0	1	2	1	1485	58	10	3	79	10	17	3	29	0	12	1	20	2	0	1	11	1	4	1	13	3	1	1	0	0	0	0	1	0	1	1	0	1	1369	116	44	14	10	0	2	1	74	5	5	5	16	1	1	2	27	2	0	0	11	1	1	0	17	3	0	2	0	0	1	0	11	0	1	0	4	0	1	0	9	4	2	1
Paracoccus yeei	5	0	2	1	0	1	903	35	7	1	65	10	13	0	49	6	20	2	21	0	0	0	28	1	7	2	39	2	5	0	0	0	2	0	1	0	0	0	1	0	801	102	25	10	7	0	1	0	57	8	6	4	13	0	0	0	43	6	4	2	18	2	1	1	19	2	0	0	0	0	0	0	28	0	1	0	4	3	1	1	27	12	0	2
Paraeggerthella hongkongensis A	2	1	213	127	55	34	0	0	290	125	1	0	45	5	44	8	52	25	0	0	16	6	0	0	132	23	1	0	2	0	0	1	191	22	98	29	50	5	31	3	0	0	0	0	197	93	81	44	1	0	0	0	45	0	5	0	35	9	3	5	43	9	13	12	0	0	0	0	16	0	6	0	0	0	0	0	93	39	10	13	0	1	0	0
Pararheinheimera mesophila	4	2	0	0	0	0	19	0	0	0	1	2	8	2	3138	515	2	0	0	0	1	1	37	6	173	72	95	28	1	3	1	1	0	0	0	0	0	0	0	0	16	3	0	0	0	0	0	0	1	0	1	1	8	0	2	0	2723	415	392	123	1	1	0	0	0	0	0	0	1	0	1	0	16	21	2	4	131	42	37	35	66	29	18	10
Pararheinheimera tangshanensis	14	15	0	0	2	0	46	7	2	0	14	13	20	2	158	21	16	11	17	0	37	23	73	17	486	143	100	18	9	5	5	10	0	0	0	0	1	1	0	0	37	9	7	0	2	0	0	0	13	1	8	5	12	8	1	1	136	22	16	5	16	0	9	2	11	6	0	0	35	2	19	4	61	12	11	6	368	118	84	59	74	26	6	12
Pararhizobium sp900468065	1	0	2	1	2	0	1	0	1	0	3	1	4	2	1	1	1	0	1544	26	0	1	0	0	4	0	0	0	1	0	0	0	1	1	0	1	1	1	0	0	1	0	0	0	1	0	0	0	3	0	1	0	4	0	2	0	1	0	0	1	0	1	0	0	1422	122	22	4	0	0	1	0	0	0	0	0	1	3	0	0	0	0	0	0
Pararhizobium sp900473045	0	0	1	3	3	0	5	0	1	0	1	1	0	0	3	0	1	0	1253	19	1	0	1	0	7	3	1	0	0	0	0	0	1	0	2	1	2	1	0	0	5	0	0	0	0	1	0	0	0	1	0	1	0	0	0	0	0	3	0	0	0	1	0	0	1212	41	12	7	0	1	0	0	1	0	0	0	4	3	2	1	1	0	0	0
Parvimonas micra	0	0	1450	4444	433	1208	56	25	107	318	32	56	43	33	158	186	365	628	1	0	68	126	0	0	12	11	22	14	0	0	0	0	1120	330	3332	1112	352	81	948	260	43	13	12	13	51	56	175	143	18	14	14	42	28	15	19	14	97	61	82	104	255	110	357	271	1	0	0	0	43	25	84	42	0	0	0	0	8	4	8	3	18	4	9	5
Parvimonas sp000214475	0	0	197	637	133	366	56	26	149	330	42	73	26	18	230	339	500	919	0	0	58	141	1	0	3	6	11	2	0	0	0	0	160	37	487	150	111	22	282	84	41	15	10	16	80	69	177	153	18	24	32	41	21	5	10	8	135	95	177	162	355	145	502	417	0	0	0	0	46	12	92	49	1	0	0	0	3	0	4	2	9	2	1	1
Parvimonas sp000223315	0	0	494	1709	653	1926	46	34	342	826	57	58	56	153	224	306	712	1334	0	0	129	321	0	0	8	11	0	5	0	0	0	0	388	106	1293	416	520	133	1525	401	41	5	18	16	168	174	466	360	21	36	16	42	24	32	72	81	131	93	166	140	508	204	734	600	0	0	0	0	105	24	212	109	0	0	0	0	7	1	7	4	0	0	4	1
Parvimonas sp001553085	0	0	21	99	30	88	74	20	78	176	19	14	25	17	53	85	160	261	0	0	27	65	0	1	4	0	0	1	0	0	0	0	16	5	76	23	27	3	73	15	66	8	14	6	49	29	87	89	12	7	6	8	13	12	8	9	34	19	41	44	113	47	135	126	0	0	0	0	23	4	48	17	0	0	0	1	4	0	0	0	0	0	1	0
Parvimonas sp015257355	1	3	41	155	51	201	3	7	98	284	17	18	24	19	87	132	216	417	0	0	19	74	0	0	3	1	5	2	1	0	2	1	31	10	126	29	42	9	164	37	2	1	2	5	59	39	150	134	5	12	6	12	16	8	9	10	54	33	75	57	162	54	238	179	0	0	0	0	16	3	45	29	0	0	0	0	1	2	1	0	5	0	1	1
Paucilactobacillus hokkaidonensis	1084	500	0	1	0	0	0	0	0	0	1	0	0	0	0	0	0	0	0	0	0	0	0	0	7	5	0	0	774	310	227	273	0	0	1	0	0	0	0	0	0	0	0	0	0	0	0	0	1	0	0	0	0	0	0	0	0	0	0	0	0	0	0	0	0	0	0	0	0	0	0	0	0	0	0	0	3	4	4	1	0	0	0	0
Pauljensenia bouchesdurhonensis	6	0	51	29	87	39	254	15	154	57	283	55	115	15	239	63	373	136	7	0	459	184	7	0	78	19	68	12	6	0	0	0	40	11	20	9	70	17	27	12	174	80	7	8	107	47	37	20	188	95	28	27	90	25	11	4	143	96	29	34	246	127	69	67	7	0	0	0	390	69	126	58	7	0	0	0	43	35	11	8	47	21	4	8
Pauljensenia cardiffensis	0	0	29849	13977	7721	3627	5301	462	60584	26551	54	27	10712	1283	2325	468	5357	2236	0	0	7385	2402	0	0	1651	470	63	12	0	0	0	0	26820	3029	10853	3124	6923	798	2784	843	3471	1830	256	206	41855	18729	15414	11137	30	24	7	20	9187	1525	848	435	1453	872	224	244	3546	1811	1116	1120	0	0	0	0	6731	654	1817	585	0	0	0	0	1031	620	189	281	34	29	3	9
Pauljensenia culturomici	0	0	176	96	99	41	55	5	147	65	51	17	305	23	60	9	110	29	1	0	223	78	2	0	42	11	1	0	0	0	0	0	137	39	61	35	75	24	33	8	35	20	1	4	78	69	34	31	36	15	11	6	239	66	13	10	35	25	5	4	66	44	12	17	1	0	0	0	165	58	51	27	2	0	0	0	27	15	7	4	1	0	0	0
Pauljensenia georgiae	0	0	16042	5123	6966	2366	2957	257	1867	579	6467	1199	703	63	2986	407	1488	437	2	0	2764	861	5	0	8141	1459	114	13	0	0	0	0	14022	2020	3700	1423	5952	1014	1635	731	1677	1280	107	150	1175	692	290	289	4427	2040	579	620	537	166	41	22	1874	1112	177	230	977	511	227	210	2	0	0	0	2361	403	566	295	5	0	0	0	5317	2824	646	813	94	20	8	5
Pauljensenia hongkongensis	2	0	9348	3124	9344	2991	3864	346	1455	481	9455	1677	350	41	2693	395	1395	397	7	0	2693	767	19	1	10970	2086	293	21	1	1	0	0	8068	1280	2195	929	7927	1417	2079	912	2330	1534	159	187	919	536	228	253	6367	3088	785	892	277	73	24	17	1705	988	173	222	840	555	180	217	7	0	0	0	2292	401	522	245	19	0	1	0	6997	3973	896	1190	240	53	5	16
Pauljensenia hyovaginalis	1	0	494	203	829	335	70	7	182	69	56	21	301	20	55	15	94	34	3	0	220	78	0	0	40	16	3	1	1	0	0	0	437	57	137	66	734	95	267	68	58	12	2	5	115	67	36	33	30	26	11	10	189	112	7	13	28	27	6	9	58	36	16	18	3	0	0	0	182	38	48	30	0	0	0	0	24	16	5	11	1	2	0	1
Pauljensenia mediterranea	1	1	397849	160817	280151	116635	82	14	644	251	65	14	281	35	79	17	164	67	0	0	253	102	0	0	68	16	4	1	0	1	0	1	344667	53182	114701	46116	245323	34828	83883	32752	26	56	8	6	418	226	140	111	42	23	5	9	243	38	17	18	44	35	5	12	114	50	31	36	0	0	0	0	220	33	65	37	0	0	0	0	47	21	5	11	4	0	1	0
Pauljensenia meyeri	2	0	1252	515	8227	3676	1128	111	216	72	847	213	29459	2931	730	145	3145	1051	3	0	14239	4710	0	0	302	65	17	3	2	0	0	0	1007	245	343	172	6160	2067	2273	1403	532	596	43	68	125	91	28	44	592	255	99	114	24175	5284	1842	1089	440	290	57	88	2088	1057	531	520	2	1	0	0	12647	1592	3347	1363	0	0	0	0	186	116	22	43	12	5	1	2
Pauljensenia odontolytica	5	3	1261	460	319	121	308	24	424	157	4014	986	228	26	3545	651	2797	1005	0	0	1516	471	30	4	82	19	62	6	3	2	1	2	1048	213	313	147	261	58	89	32	189	119	13	11	268	156	87	70	2718	1296	495	491	184	44	17	9	2068	1477	286	365	1780	1017	502	503	0	0	0	0	1290	226	315	156	14	16	2	2	56	26	9	10	47	15	4	2
Pauljensenia odontolytica A	0	0	53	21	35	14	117	12	85	27	361	83	83	6	387	76	301	106	28	0	456	156	19	2	72	12	295	24	0	0	0	0	45	8	15	6	29	6	8	6	99	18	5	7	58	27	14	13	229	132	43	40	59	24	5	1	231	156	34	42	189	112	48	58	25	3	0	0	384	72	98	58	12	7	2	0	45	27	5	7	233	62	10	14
Pauljensenia odontolytica B	3	1	32	8	15	8	125	8	74	25	258	60	30	11	263	44	257	100	2	0	287	103	7	0	16	6	330	20	3	0	0	1	25	7	7	1	13	2	4	4	114	11	4	4	55	19	15	10	167	91	32	28	23	7	8	3	153	110	18	26	176	81	42	58	2	0	0	0	240	47	59	44	6	1	0	0	10	6	4	2	265	65	9	11
Pauljensenia sp000185285	3	0	309	154	263	100	555	43	288	105	972	257	1031	98	1071	176	2386	795	12	0	5993	1953	41	3	270	68	416	29	0	3	0	0	263	46	114	40	212	51	67	33	350	205	24	19	194	94	55	50	636	336	139	118	848	183	64	34	660	411	84	92	1612	774	396	399	11	1	0	0	5314	679	1412	541	41	0	2	1	172	98	28	40	346	70	17	12
Pauljensenia sp000278725	2	2	63	36	63	36	465	47	201	103	410	106	145	12	449	79	478	172	61	1	672	221	110	3	114	19	1031	92	2	0	0	2	47	16	20	16	53	10	26	10	328	137	26	21	125	76	73	30	267	143	60	46	112	33	7	5	295	154	33	46	311	167	84	88	59	2	1	0	557	115	147	74	108	2	1	2	73	41	7	12	829	202	45	47
Pauljensenia sp000411415	1	0	58	20	40	16	130	10	80	26	215	50	75	7	228	50	239	98	5	0	354	134	5	0	37	6	36	10	1	0	0	0	47	11	14	6	31	9	10	6	89	41	6	4	47	33	13	13	134	81	26	24	55	20	4	3	133	95	20	30	153	86	38	60	5	0	0	0	294	60	92	42	5	0	0	0	16	21	3	3	29	7	5	5
Pauljensenia sp000466265	1	0	79	31	117	41	469	29	270	92	371	100	226	27	447	93	539	185	6	0	778	295	22	0	83	20	66	5	1	0	0	0	64	15	22	9	101	16	24	17	316	153	15	14	162	108	51	41	250	121	43	57	156	70	18	9	251	196	47	46	340	199	96	89	6	0	0	0	666	112	178	117	22	0	0	0	49	34	7	13	54	12	1	4
Pauljensenia sp001064145	0	0	44	19	40	14	136	8	52	18	221	38	49	12	200	41	241	61	2	0	271	100	1	1	35	3	36	4	0	0	0	0	37	7	17	2	28	12	7	7	77	59	5	3	30	22	7	11	138	83	15	23	34	15	9	3	110	90	19	22	154	87	26	35	1	1	0	0	233	38	63	37	1	0	1	0	14	21	2	1	27	9	3	1
Pauljensenia sp001838165	0	0	37	12	49	25	110	5	57	23	198	46	44	3	186	35	171	72	8	0	240	97	3	0	15	2	55	4	0	0	0	0	31	6	9	3	40	9	17	8	75	35	3	2	31	26	12	11	129	69	21	25	27	17	1	2	104	82	12	23	100	71	38	34	8	0	0	0	185	55	65	32	3	0	0	0	6	9	1	1	44	11	2	2
Pauljensenia sp018375675	0	0	29	16	32	11	83	6	72	34	151	42	50	3	148	20	141	40	0	0	205	82	0	0	17	4	84	7	0	0	0	0	24	5	11	5	25	7	9	2	53	30	6	0	47	25	17	17	93	58	15	27	42	8	2	1	90	58	10	10	85	56	20	20	0	0	0	0	167	38	49	33	0	0	0	0	12	5	2	2	73	11	6	1
Pauljensenia sp018986735	0	0	71	31	62	34	45	4	92	42	48	10	247	29	50	15	72	25	0	1	161	72	0	0	55	11	0	1	0	0	0	0	52	19	16	15	48	14	19	15	35	10	2	2	49	43	25	17	28	20	5	5	192	55	13	16	24	26	4	11	56	16	13	12	0	0	1	0	123	38	41	31	0	0	0	0	26	29	5	6	0	0	1	0
Pauljensenia sp900556405	0	0	65	32	32	17	85	8	45	22	117	32	45	4	146	25	155	53	9	0	212	79	0	0	18	4	18	2	0	0	0	0	57	8	24	8	25	7	11	6	62	23	3	5	29	16	8	14	83	34	16	16	33	12	3	1	87	59	9	16	96	59	23	30	9	0	0	0	173	39	52	27	0	0	0	0	15	3	2	2	18	0	0	2
Pauljensenia sp902373435	0	1	685	223	441	146	94	7	86	20	205	64	139	13	235	63	255	95	0	0	394	115	0	1	16	2	32	4	0	0	0	1	610	75	179	44	398	43	113	33	60	34	4	3	49	37	10	10	141	64	30	34	107	32	6	7	136	99	30	33	168	87	51	44	0	0	0	0	334	60	74	41	0	0	1	0	13	3	2	0	23	9	1	3
Pauljensenia sp902373545	2	0	87	47	106	52	450	33	222	87	356	83	175	17	360	73	537	138	0	0	792	233	5	0	83	25	106	12	1	1	0	0	65	22	31	16	83	23	42	10	271	179	18	15	143	79	49	38	224	132	45	38	140	35	10	7	215	145	32	41	343	194	66	72	0	0	0	0	663	129	163	70	5	0	0	0	50	33	15	10	85	21	6	6
Pelomonas depolymerans A	1	0	1	0	4	1	13	3	0	4	6530	1862	0	1	8	2	3	1	3	0	2	1	0	0	14	7	1	0	1	0	0	0	1	0	0	0	4	0	1	0	13	0	1	2	0	0	4	0	5927	603	1296	566	0	0	1	0	4	4	1	1	3	0	1	0	3	0	0	0	1	1	1	0	0	0	0	0	8	6	4	3	0	1	0	0
Pelomonas puraquae	2	0	2	1	7	0	1560	83	106	15	1712968	473616	33	3	15	1	5	1	13	1	3	2	15	1	22	1	5	1	2	0	0	0	2	0	0	1	4	3	0	0	1345	215	55	28	94	12	10	5	1525886	187082	290804	182812	21	12	2	1	10	5	0	1	2	3	0	1	11	2	1	0	3	0	2	0	14	1	1	0	14	8	1	0	4	1	1	0
Pelomonas saccharophila	1	1	2	2	4	4	28	1	7	0	10054	2959	1	1	11	1	2	0	4	0	3	2	1	1	47	16	7	1	0	1	0	1	2	0	2	0	2	2	2	2	22	6	1	0	3	4	0	0	9028	1026	1974	985	0	1	1	0	8	3	0	1	1	1	0	0	1	3	0	0	3	0	1	1	1	0	0	1	28	19	5	11	6	1	1	0
Pelomonas sp001426885	0	0	2	1	7	3	8	0	2	2	882	251	9	1	6	2	2	0	23	1	2	1	1	0	24	4	4	0	0	0	0	0	0	2	1	0	3	4	1	2	4	4	0	0	0	2	0	2	790	92	171	80	5	4	1	0	5	1	1	1	1	1	0	0	11	12	1	0	1	1	0	1	1	0	0	0	19	5	1	3	1	3	0	0
Pelomonas sp003963005	1	0	8	6	4	4	55	6	8	2	56861	16102	24	3	10	0	5	2	5	0	5	0	1	1	36	9	8	1	0	1	0	0	8	0	5	1	4	0	3	1	48	7	4	2	4	4	2	0	52322	4539	11253	4849	11	13	1	2	3	7	0	0	2	3	0	2	1	4	0	0	5	0	0	0	1	0	0	1	23	13	2	7	7	1	1	0
Pelomonas sp003963075	3	5	2	1	3	4	85	3	1	0	10938	3268	71	5	5	3	4	1	34	3	1	4	38	6	26	17	9	3	2	1	4	1	2	0	1	0	3	0	2	2	74	11	2	1	1	0	0	0	9927	1011	2252	1016	63	8	4	1	4	1	1	2	3	1	0	1	32	2	1	2	0	1	2	2	34	4	5	1	9	17	9	8	8	1	0	3
Pelomonas sp009996515	0	0	1	0	5	0	2	0	4	2	872	243	11	2	14	0	6	1	3	0	3	0	5	1	20	5	4	0	0	0	0	0	1	0	0	0	2	3	0	0	2	0	0	0	4	0	0	2	789	83	175	68	9	2	1	1	8	6	0	0	2	4	1	0	1	2	0	0	3	0	0	0	0	5	0	1	16	4	3	2	4	0	0	0
Peptidiphaga gingivicola	2	0	1463	642	1465	695	32	6	189	36	72	12	61	6	527	83	195	55	0	0	138	52	5	0	33	4	68	8	1	1	0	0	1205	258	430	212	1143	322	465	230	16	16	4	2	117	72	20	16	57	15	5	7	36	25	3	3	279	248	37	46	127	68	20	35	0	0	0	0	118	20	32	20	5	0	0	0	25	8	3	1	61	7	2	6
Peptidiphaga sp000466165	0	0	385	169	81	39	122	6	147	60	99	20	113	14	56	12	60	15	37	1	111	38	75	0	68	18	394	25	0	0	0	0	297	88	111	58	62	19	31	8	101	21	2	4	98	49	34	26	83	16	12	8	77	36	6	8	41	15	6	6	37	23	6	9	35	2	1	0	90	21	26	12	71	4	0	0	52	16	11	7	324	70	14	11
Peptidiphaga sp905373325	0	1	1331	549	4263	2099	23	2	69	29	24	9	45	6	755	154	252	74	0	0	100	52	4	0	32	4	11	1	0	0	1	0	1083	248	385	164	3286	977	1369	730	17	6	0	2	37	32	14	15	11	13	4	5	38	7	3	3	395	360	49	105	165	87	35	39	0	0	0	0	74	26	33	19	4	0	0	0	24	8	1	3	7	4	0	1
Peptoanaerobacter margaretiae	0	0	746	1953	4496	9053	94	37	416	796	400	398	2	10	4037	4165	1621	2608	0	0	732	1341	0	1	9	10	1	1	0	0	0	0	609	137	1506	447	3464	1032	6817	2236	56	38	9	28	186	230	365	431	178	222	132	266	1	1	6	4	2297	1740	1969	2196	996	625	1302	1306	0	0	0	0	556	176	833	508	0	0	1	0	7	2	6	4	0	1	0	1
Peptoanaerobacter stomatis	0	0	433	915	230	553	9	2	110	170	7	11	48	35	83	46	113	119	0	0	51	77	0	0	20	7	4	2	0	0	0	0	364	69	717	198	197	33	446	107	1	8	2	0	72	38	102	68	4	3	6	5	38	10	24	11	53	30	26	20	93	20	73	46	0	0	0	0	43	8	59	18	0	0	0	0	18	2	6	1	3	1	1	1
Peptoanaerobacter yurii	0	0	614	1495	10898	21511	41	23	497	975	472	460	1	15	4830	5260	1868	3000	0	0	915	1673	0	0	6	9	4	3	0	0	0	0	520	94	1115	380	8212	2686	16019	5492	29	12	11	12	233	264	466	509	190	282	147	313	1	0	9	6	2706	2124	2552	2708	1202	666	1512	1488	0	0	0	0	682	233	1066	607	0	0	0	0	4	2	2	7	3	1	0	3
Peptoniphilus A lacydonensis	7	3	1	5	1	3	256	89	5	13	99	75	6	5	42	10	58	59	13	14	5	7	655	109	37	22	386	224	7	0	1	2	1	0	2	3	1	0	3	0	218	38	67	22	5	0	11	2	85	14	55	20	6	0	5	0	41	1	9	1	50	8	44	15	13	0	9	5	5	0	6	1	638	17	81	28	29	8	13	9	309	77	132	92
Peptostreptococcus canis	0	0	229	596	380	949	12	6	127	204	3	4	47	36	36	23	63	65	0	0	31	55	0	0	8	8	1	0	0	0	0	0	209	20	479	117	309	71	782	167	9	3	4	2	85	42	143	61	0	3	1	3	32	15	17	19	21	15	13	10	49	14	34	31	0	0	0	0	28	3	45	10	0	0	0	0	7	1	4	4	1	0	0	0
Peptostreptococcus sp000758885	0	1	10	44	23	33	58	13	154	228	7	6	2	12	56	31	88	103	0	0	141	140	0	0	18	24	4	3	0	0	1	0	9	1	37	7	20	3	29	4	43	15	11	2	99	55	150	78	5	2	3	3	1	1	5	7	35	21	15	16	77	11	60	43	0	0	0	0	132	9	112	28	0	0	0	0	11	7	15	9	4	0	1	2
Peptostreptococcus sp900759325	0	0	19	66	18	50	204	50	292	403	13	9	13	20	97	96	213	206	0	0	263	355	0	0	46	41	8	4	0	0	0	0	16	3	52	14	16	2	45	5	127	77	37	13	170	122	245	158	7	6	4	5	13	0	11	9	69	28	51	45	161	52	122	84	0	0	0	0	249	14	292	63	0	0	0	0	35	11	20	21	8	0	3	1
Peptostreptococcus stomatis	0	1	874	1813	731	1615	2113	673	4113	5544	254	185	335	295	1445	1025	2554	2673	6	0	4093	4691	0	0	509	357	27	14	0	0	0	1	738	136	1486	327	624	107	1326	289	1542	571	435	238	2601	1512	3392	2152	163	91	95	90	230	105	179	116	1037	408	564	461	1937	617	1595	1078	6	0	0	0	3753	340	3844	847	0	0	0	0	360	149	214	143	24	3	7	7
Phocaeicola abscessus	0	0	9596	9432	1968	1981	0	1	2	8	1	1	5	3	3	1	5	2	0	0	15	15	0	0	4	0	1	0	0	0	0	0	7369	2227	6332	3100	1441	527	1316	665	0	0	0	1	1	1	5	3	1	0	1	0	1	4	1	2	1	2	1	0	2	3	1	1	0	0	0	0	14	1	12	3	0	0	0	0	2	2	0	0	0	1	0	0
Porphyromonas catoniae	1	2	8	10	914	768	14	3	18	13	85	41	0	0	686	285	118	88	1	0	15	19	3	0	0	1	92	12	1	0	1	1	6	2	6	4	744	170	563	205	6	8	3	0	8	10	5	8	25	60	15	26	0	0	0	0	382	304	137	148	68	50	34	54	1	0	0	0	10	5	12	7	3	0	0	0	0	0	0	1	81	11	8	4
Porphyromonas endodontalis	6	6	322	351	746	815	171	16	22	16	16	4	2	2	17	15	25	14	4	0	3	16	4	1	20	5	64	14	5	1	3	3	242	80	244	107	564	182	570	245	166	5	15	1	8	14	5	11	13	3	4	0	2	0	0	2	13	4	6	9	15	10	9	5	4	0	0	0	2	1	6	10	1	3	1	0	15	5	3	2	58	6	7	7
Porphyromonas gingivalis	4	1	6268	5644	1885	1758	28	7	488	400	21	12	50	29	68	34	105	112	6	0	65	62	7	0	58	27	42	9	3	1	0	1	4702	1566	3708	1936	1333	552	1162	596	23	5	4	3	201	287	161	239	19	2	6	6	16	34	9	20	36	32	12	22	48	57	33	79	6	0	0	0	45	20	38	24	7	0	0	0	30	28	14	13	34	8	6	3
Porphyromonas pasteri	2	6	8	8	102	90	120	16	4	3	23	11	0	1	758	267	285	176	5	0	13	12	28	5	44	16	215	23	2	0	3	3	6	2	6	2	81	21	58	32	110	10	12	4	3	1	1	2	20	3	9	2	0	0	1	0	451	307	127	140	164	121	87	89	5	0	0	0	8	5	8	4	21	7	3	2	32	12	10	6	180	35	8	15
Porphyromonas sp000467855	8	1	121	70	993	713	31	5	17	11	7	5	0	0	313	116	175	129	2	1	14	10	6	3	6	2	394	36	1	7	0	1	99	22	50	20	802	191	521	192	29	2	2	3	5	12	5	6	6	1	2	3	0	0	0	0	200	113	54	62	103	72	52	77	2	0	1	0	6	8	5	5	6	0	1	2	6	0	1	1	339	55	24	12
Porphyromonas sp018127745	0	1	7	2	406	195	22	0	13	5	6	1	0	0	501	140	78	43	3	0	6	4	0	0	1	0	7	2	0	0	0	1	5	2	2	0	318	88	140	55	13	9	0	0	5	8	0	5	5	1	0	1	0	0	0	0	302	199	67	73	50	28	17	26	3	0	0	0	5	1	2	2	0	0	0	0	1	0	0	0	3	4	2	0
Porphyromonas sp905372525	0	0	16	16	2895	2156	17	6	57	39	138	65	0	0	1690	612	246	165	2	0	82	60	1	1	0	1	301	40	0	0	0	0	14	2	13	3	2310	585	1554	602	15	2	3	3	24	33	14	25	64	74	22	43	0	0	0	0	991	699	263	349	146	100	87	78	2	0	0	0	69	13	31	29	1	0	1	0	0	0	0	1	276	25	35	5
Porphyromonas A bennonis	1	1	0	1	4	1	192	12	3	1	16	1	0	0	7	0	3	0	6	0	1	0	1	0	5	7	9789	881	1	0	0	1	0	0	1	0	2	2	1	0	175	17	9	3	3	0	1	0	16	0	0	1	0	0	0	0	6	1	0	0	3	0	0	0	6	0	0	0	1	0	0	0	1	0	0	0	3	2	4	3	7984	1805	517	364
Porphyromonas A sp001808555	0	0	1	0	2	0	139	13	2	1	12	3	0	3	16	2	4	4	7	1	0	1	0	0	3	0	21013	2054	0	0	0	0	0	1	0	0	2	0	0	0	109	30	8	5	2	0	1	0	10	2	1	2	0	0	2	1	15	1	0	2	4	0	4	0	1	6	0	1	0	0	0	1	0	0	0	0	3	0	0	0	17296	3717	1238	816
Porphyromonas A sp900541275	0	0	1	2	0	0	97	8	1	1	5	0	8	0	18	4	9	1	3	0	2	2	4	0	5	1	101461	9807	0	0	0	0	0	1	1	1	0	0	0	0	76	21	6	2	1	0	1	0	4	1	0	0	8	0	0	0	18	0	3	1	8	1	1	0	3	0	0	0	1	1	0	2	4	0	0	0	2	3	1	0	81915	19546	5755	4052
Prevotella buccae	3	2	603	533	379	355	7	2	1	0	0	1	0	2	3	3	1	0	4	0	3	2	0	0	1	0	13	2	3	0	1	1	480	123	360	173	297	82	233	122	7	0	2	0	0	1	0	0	0	0	0	1	0	0	0	2	1	2	2	1	1	0	0	0	1	3	0	0	2	1	2	0	0	0	0	0	1	0	0	0	13	0	2	0
Prevotella conceptionensis	1	3	4003	3890	4373	4224	112	17	34	38	11	5	0	0	789	386	296	270	0	0	68	67	20	3	27	7	59	13	0	1	2	1	2999	1004	2550	1340	3343	1030	2987	1237	79	33	9	8	12	22	11	27	10	1	3	2	0	0	0	0	401	388	174	212	161	135	115	155	0	0	0	0	45	23	25	42	20	0	2	1	19	8	3	4	50	9	6	7
Prevotella intermedia	7	4	518	629	510	597	53	6	57	65	7	1	11	3	223	146	154	185	0	0	82	74	0	2	23	10	36	7	4	3	2	2	388	130	430	199	361	149	389	208	38	15	2	4	17	40	14	51	7	0	0	1	4	7	1	2	120	103	55	91	91	63	78	107	0	0	0	0	49	33	44	30	0	0	0	2	14	9	4	6	29	7	4	3
Prevotella koreensis	1	2	2363	2754	506	634	57	19	25	44	1	0	11	2	136	82	209	218	4	0	119	160	0	0	156	77	19	4	1	0	1	1	1886	477	1951	803	369	137	433	201	9	48	4	15	11	14	10	34	0	1	0	0	11	0	0	2	59	77	37	45	123	86	102	116	4	0	0	0	88	31	75	85	0	0	0	0	71	85	28	49	15	4	2	2
Prevotella loescheii	3	1	1732	1798	9440	9708	84	13	159	170	22	25	4	0	11429	6465	2980	2731	0	0	876	940	12	4	58	26	73	12	2	1	0	1	1333	399	1209	589	6908	2532	6649	3059	29	55	4	9	53	106	47	123	10	12	8	17	2	2	0	0	5680	5749	2649	3816	1654	1326	1114	1617	0	0	0	0	543	333	450	490	10	2	3	1	35	23	10	16	66	7	7	5
Prevotella maculosa	2	1	1071	1150	313	336	17	1	12	7	14	0	4	1	15	2	3	5	1	0	12	17	0	0	5	2	30	5	1	1	0	1	833	238	769	381	238	75	232	104	17	0	1	0	4	8	5	2	14	0	0	0	4	0	0	1	11	4	1	1	1	2	3	2	0	1	0	0	9	3	7	10	0	0	0	0	2	3	0	2	28	2	1	4
Prevotella micans	0	0	511	600	314	424	13	0	0	0	0	0	0	0	0	3	1	1	0	0	12	13	2	0	1	0	1	0	0	0	0	0	401	110	392	208	230	84	285	139	12	1	0	0	0	0	0	0	0	0	0	0	0	0	0	0	0	0	1	2	0	1	1	0	0	0	0	0	9	3	7	6	2	0	0	0	1	0	0	0	1	0	0	0
Prevotella saccharolytica	2	2	775	1059	3444	4222	15	2	60	73	15	11	6	1	556	385	148	141	0	0	103	100	0	0	16	19	4	1	2	0	1	1	593	182	700	359	2515	929	2970	1252	3	12	1	1	24	36	24	49	4	11	1	10	0	6	1	0	297	259	164	221	82	66	57	84	0	0	0	0	77	26	50	50	0	0	0	0	10	6	9	10	3	1	1	0
Prevotella shahii	1	1	213	264	351	406	0	4	4	8	1	2	0	0	156	97	39	44	0	0	19	12	0	0	1	0	6	2	0	1	1	0	153	60	177	87	264	87	275	131	0	0	2	2	1	3	5	3	0	1	1	1	0	0	0	0	78	78	56	41	24	15	23	21	0	0	0	0	7	12	8	4	0	0	0	0	1	0	0	0	5	1	1	1
Prevotella sp905373605	0	4	947	902	179	217	10	0	6	2	3	1	0	0	77	38	16	22	0	0	6	8	0	0	0	0	0	2	0	0	2	2	670	277	554	348	126	53	139	78	9	1	0	0	3	3	1	1	3	0	1	0	0	0	0	0	41	36	17	21	5	11	8	14	0	0	0	0	4	2	5	3	0	0	0	0	0	0	0	0	0	0	2	0
Propionibacterium acidifaciens	1	1	75	34	220	76	79	8	57	12	252	81	152	15	21	3	43	7	0	1	71	33	7	1	38	8	40	2	1	0	1	0	65	10	20	14	178	42	55	21	66	13	5	3	35	22	6	6	213	39	55	26	101	51	5	10	13	8	0	3	28	15	2	5	0	0	1	0	45	26	26	7	7	0	1	0	28	10	4	4	35	5	2	0
Prosthecochloris vibrioformis	0	0	7	4	90	79	6	2	0	1	2	1	0	2	22	9	105	85	0	0	720	468	0	0	8	2	0	0	0	0	0	0	5	2	3	1	80	10	63	16	6	0	1	1	0	0	1	0	0	2	0	1	0	0	1	1	19	3	5	4	84	21	50	35	0	0	0	0	662	58	357	111	0	0	0	0	4	4	1	1	0	0	0	0
Proteiniphilum sp003712195	0	0	551	683	97	124	0	0	0	0	0	0	7	5	3	2	2	0	0	0	2	2	0	0	0	0	0	0	0	0	0	0	427	124	503	180	65	32	83	41	0	0	0	0	0	0	0	0	0	0	0	0	6	1	3	2	1	2	1	1	1	1	0	0	0	0	0	0	1	1	0	2	0	0	0	0	0	0	0	0	0	0	0	0
Pseudoduganella guangdongensis	0	0	2	0	3	1	0	1	1	0	6	5	4	0	1	0	1	1	4	0	2	4	0	0	4372	1020	34	10	0	0	0	0	2	0	0	0	2	1	0	1	0	0	0	1	1	0	0	0	3	3	2	3	4	0	0	0	1	0	0	0	1	0	0	1	4	0	0	0	2	0	3	1	0	0	0	0	2841	1531	405	615	15	19	3	7
Pseudomonas B oryzihabitans B	5	1	0	1	1	0	81	3	2	1	45	8	0	3	229	8	15	5	437	19	402	81	9	1	6	3	17	7	2	3	1	0	0	0	0	1	0	1	0	0	50	31	3	0	2	0	0	1	41	4	6	2	0	0	0	3	213	16	8	0	12	3	3	2	392	45	14	5	380	22	63	18	7	2	1	0	4	2	0	3	10	7	2	5
Pseudomonas B oryzihabitans D	0	0	0	0	1	1	1	1	2	2	4	0	0	1	20	1	5	0	38	0	4088	772	0	0	1	0	1	0	0	0	0	0	0	0	0	0	1	0	1	0	0	1	1	0	1	1	0	2	4	0	0	0	0	0	1	0	18	2	1	0	4	1	0	0	27	11	0	0	3929	159	611	161	0	0	0	0	0	1	0	0	0	1	0	0
Pseudomonas E anatoliensis	1	0	1	0	0	0	2	1	0	0	0	0	0	0	3	0	1	1	0	0	1525	565	0	0	2	0	10	1	1	0	0	0	0	1	0	0	0	0	0	0	0	2	1	0	0	0	0	0	0	0	0	0	0	0	0	0	2	1	0	0	1	0	1	0	0	0	0	0	1472	53	489	76	0	0	0	0	1	1	0	0	4	6	0	1
Pseudomonas E azotoformans A	3	0	1	0	2	0	9	3	0	0	1	0	13	2	1	0	1	0	3	1	19678	7681	5	0	8	0	270	29	3	0	0	0	1	0	0	0	1	1	0	0	9	0	2	1	0	0	0	0	1	0	0	0	13	0	0	2	1	0	0	0	1	0	0	0	3	0	1	0	18919	759	6369	1312	5	0	0	0	6	2	0	0	246	24	15	14
Pseudomonas E bubulae	3	0	0	0	0	0	322	25	1	0	26	5	8	2	4	1	15	3	11	1	2762	883	36	2	18	6	304	27	0	3	0	0	0	0	0	0	0	0	0	0	261	61	18	7	1	0	0	0	22	4	1	4	8	0	1	1	4	0	0	1	13	2	2	1	6	5	1	0	2661	101	730	153	32	4	0	2	17	1	5	1	231	73	13	14
Pseudomonas E coleopterorum	0	0	1	0	2	2	24	0	2	1	8	1	0	1	4	0	1	0	4	0	4790	1526	4	0	9	0	17	2	0	0	0	0	0	1	0	0	2	0	0	2	24	0	0	0	2	0	1	0	8	0	0	1	0	0	0	1	3	1	0	0	1	0	0	0	4	0	0	0	4679	111	1270	256	4	0	0	0	7	2	0	0	13	4	1	1
Pseudomonas E fragi	2	1	0	1	0	0	428	41	1	0	9	0	0	4	11	2	24	3	1	0	515	150	18	0	66	10	78	10	2	0	0	1	0	0	1	0	0	0	0	0	319	109	30	11	1	0	0	0	5	4	0	0	0	0	2	2	10	1	1	1	18	6	1	2	1	0	0	0	489	26	120	30	15	3	0	0	59	7	3	7	55	23	8	2
Pseudomonas E fulva	3	0	0	0	0	1	10	0	3	0	9	1	9	1	1379	83	0	0	0	1	61	28	8	0	2	1	7	1	2	1	0	0	0	0	0	0	0	0	1	0	8	2	0	0	2	1	0	0	9	0	1	0	9	0	1	0	1277	102	62	21	0	0	0	0	0	0	0	1	58	3	25	3	8	0	0	0	1	1	0	1	5	2	0	1
Pseudomonas E helleri	0	1	1	0	1	2	39	1	2	3	1	0	13	1	11	0	4	0	10	0	784	311	16	0	3	4	16	0	0	0	0	1	1	0	0	0	1	0	0	2	39	0	1	0	0	2	1	2	0	1	0	0	4	9	1	0	11	0	0	0	2	2	0	0	10	0	0	0	763	21	268	43	16	0	0	0	2	1	0	4	16	0	0	0
Pseudomonas E hunanensis	8	6	0	0	0	1	37	1	3	0	3	1	23	9	73	5	9	4	19	2	6837	2510	13	7	388	77	28	4	6	2	1	5	0	0	0	0	0	0	0	1	32	5	0	1	2	1	0	0	2	1	0	1	18	5	0	9	68	5	3	2	9	0	3	1	13	6	0	2	6640	197	2072	438	10	3	2	5	283	105	34	43	25	3	3	1
Pseudomonas E iridis	11	3	1	0	0	1	0	1	2	0	9	3	0	0	6	0	2	1	0	1	3959	1364	0	1	5	1	18	4	7	4	2	1	1	0	0	0	0	0	1	0	0	0	1	0	2	0	0	0	7	2	0	3	0	0	0	0	5	1	0	0	1	1	0	1	0	0	1	0	3851	108	1170	194	0	0	0	1	2	3	1	0	16	2	1	3
Pseudomonas E juntendi	2	1	0	0	0	0	168	3	5	2	20	2	39	2	69	5	5	0	16	1	3437	933	11	0	26	3	113	10	2	0	1	0	0	0	0	0	0	0	0	0	150	18	2	1	3	2	2	0	17	3	1	1	30	9	0	2	58	11	5	0	3	2	0	0	13	3	0	1	3334	103	743	190	6	5	0	0	21	5	1	2	95	18	7	3
Pseudomonas E paracarnis	1	0	0	0	0	0	214	39	2	0	15	4	12	2	17	2	2	0	9	0	3831	1206	33	1	18	4	14	4	1	0	0	0	0	0	0	0	0	0	0	0	172	42	21	18	2	0	0	0	15	0	2	2	11	1	0	2	16	1	2	0	1	1	0	0	9	0	0	0	3590	241	977	229	32	1	1	0	14	4	2	2	11	3	1	3
Pseudomonas E proteolytica	4	0	1	1	1	0	11	0	1	0	3	2	0	0	1	0	26	15	5	0	812	251	11	0	2	0	183	37	1	3	0	0	1	0	1	0	1	0	0	0	4	7	0	0	0	1	0	0	2	1	1	1	0	0	0	0	1	0	0	0	19	7	13	2	5	0	0	0	779	33	218	33	11	0	0	0	1	1	0	0	126	57	17	20
Pseudomonas E psychrophila	0	0	1	0	2	0	97	7	0	0	4	0	0	0	34	0	17	10	2	0	3288	1112	2	2	1	0	313	42	0	0	0	0	1	0	0	0	2	0	0	0	76	21	2	5	0	0	0	0	4	0	0	0	0	0	0	0	33	1	0	0	15	2	7	3	2	0	0	0	3207	81	946	166	2	0	1	1	1	0	0	0	226	87	24	18
Pseudomonas E putida	1	0	0	0	0	1	175	13	2	0	11	5	8	1	430	22	10	1	23	1	419	141	20	2	12	3	33	2	1	0	0	0	0	0	0	0	0	0	1	0	163	12	9	4	1	1	0	0	9	2	3	2	7	1	1	0	383	47	21	1	7	3	0	1	20	3	0	1	413	6	121	20	20	0	1	1	10	2	2	1	28	5	2	0
Pseudomonas E putida E	40	7	0	0	0	1	384	5	0	0	5	2	4	0	38	4	1	1	3	1	22	6	47	15	6	1	1518	334	35	5	4	3	0	0	0	0	0	0	1	0	356	28	4	1	0	0	0	0	4	1	1	1	4	0	0	0	36	2	3	1	1	0	1	0	0	3	0	1	20	2	6	0	28	19	7	8	6	0	0	1	1110	408	165	169
Pseudomonas E putida H	15	2	0	0	2	1	47	3	3	5	4	1	0	1	2639	145	9	3	6	1	75	25	6	0	31	3	11	7	10	5	1	1	0	0	0	0	2	0	1	0	41	6	1	2	3	0	2	3	4	0	1	0	0	0	0	1	2479	160	106	39	6	3	2	1	6	0	1	0	73	2	22	3	6	0	0	0	24	7	2	1	10	1	3	4
Pseudomonas E putida P	4	1	0	0	1	0	11	2	1	1	5	2	5	2	36	0	1	1	3	1	2993	1122	10	3	14	6	5	3	4	0	0	1	0	0	0	0	1	0	0	0	8	3	0	2	1	0	1	0	4	1	2	0	5	0	1	1	34	2	0	0	0	1	0	1	3	0	1	0	2861	132	939	183	10	0	2	1	13	1	2	4	2	3	2	1
Pseudomonas E sivasensis	1	0	1	1	0	0	1384	125	2	0	9	0	0	0	4	1	6	1	0	0	791	321	7	2	1	0	76	14	1	0	0	0	1	0	0	1	0	0	0	0	899	485	70	55	2	0	0	0	5	4	0	0	0	0	0	0	3	1	1	0	6	0	1	0	0	0	0	0	776	15	259	62	4	3	1	1	1	0	0	0	42	34	6	8
Pseudomonas E sp000416235	0	0	0	0	1	1	2	0	0	1	0	0	0	0	0	0	1	1	0	0	1923	652	0	1	3	0	6	0	0	0	0	0	0	0	0	0	1	0	1	0	1	1	0	0	0	0	1	0	0	0	0	0	0	0	0	0	0	0	0	0	1	0	0	1	0	0	0	0	1856	67	537	115	0	0	0	1	1	2	0	0	6	0	0	0
Pseudomonas E sp001269815	4	1	0	0	0	0	0	0	0	0	1	0	0	0	3	0	0	1	0	0	1319	542	7	0	21	4	11	0	3	1	0	1	0	0	0	0	0	0	0	0	0	0	0	0	0	0	0	0	1	0	0	0	0	0	0	0	3	0	0	0	0	0	1	0	0	0	0	0	1279	40	458	84	7	0	0	0	18	3	3	1	6	5	0	0
Pseudomonas E sp002836515	6	3	0	0	0	0	4	0	2	0	4	1	1	1	26	2	9	3	0	0	15677	5757	13	1	4	1	19	2	4	2	2	1	0	0	0	0	0	0	0	0	4	0	0	0	2	0	0	0	4	0	1	0	0	1	1	0	23	3	1	1	7	2	2	1	0	0	0	0	15148	529	4873	884	8	5	0	1	4	0	1	0	15	4	0	2
Pseudomonas E sp002843585	19	5	0	0	2	1	64	4	1	1	28	2	6	1	12	0	12	0	11	0	9598	3003	9	0	3	0	11	4	16	3	3	2	0	0	0	0	0	2	1	0	64	0	3	1	0	1	1	0	27	1	1	1	6	0	1	0	9	3	0	0	9	3	0	0	8	3	0	0	9347	251	2542	461	7	2	0	0	2	1	0	0	6	5	3	1
Pseudomonas E sp900583165	5	0	0	0	0	0	13	0	0	0	0	1	0	0	5	0	6	4	0	0	1021	453	1	0	1	1	2	0	3	2	0	0	0	0	0	0	0	0	0	0	13	0	0	0	0	0	0	0	0	0	1	0	0	0	0	0	5	0	0	0	5	1	3	1	0	0	0	0	982	39	381	72	1	0	0	0	1	0	1	0	0	2	0	0
Pseudoxanthomonas A sp900104085	0	0	2	1	2	0	0	0	0	1	3	3	1	0	0	0	2	0	1693	29	0	1	0	0	0	0	0	0	0	0	0	0	1	1	1	0	2	0	0	0	0	0	0	0	0	0	1	0	3	0	2	1	0	1	0	0	0	0	0	0	0	2	0	0	1576	117	26	3	0	0	0	1	0	0	0	0	0	0	0	0	0	0	0	0
Psychrobacter faecalis	154	65	0	0	0	0	19	6	0	1	6	2	2	2	13021	1910	155	135	2	1	2	3	10	3	4	1	78	41	118	36	39	26	0	0	0	0	0	0	0	0	19	0	5	1	0	0	0	1	5	1	1	1	2	0	2	0	12464	557	1608	302	118	37	105	30	0	2	1	0	2	0	3	0	10	0	1	2	4	0	0	1	67	11	33	8
Psychrobacter sp002377905	44	26	0	0	1	0	8	2	0	0	0	0	1	0	1194	165	22	28	0	0	0	0	0	1	1	1	22	13	37	7	18	8	0	0	0	0	1	0	0	0	6	2	2	0	0	0	0	0	0	0	0	0	1	0	0	0	1149	45	134	31	16	6	24	4	0	0	0	0	0	0	0	0	0	0	1	0	0	1	0	1	19	3	8	5
Puteibacter caeruleilacunae	0	0	0	0	0	2	11	1	0	1	0	2	0	4	0	1	34	27	2979	111	1	0	22	6	747	104	13	4	0	0	0	0	0	0	0	0	0	0	1	1	11	0	1	0	0	0	1	0	0	0	2	0	0	0	4	0	0	0	1	0	33	1	26	1	2678	301	76	35	1	0	0	0	19	3	1	5	633	114	62	42	12	1	2	2
Pyramidobacter piscolens	0	0	796	507	1032	636	0	2	1	5	1	0	5	3	1	1	9	1	2	0	6	9	0	0	1	1	4	0	0	0	0	0	653	143	338	169	793	239	412	224	0	0	0	2	1	0	4	1	1	0	0	0	5	0	2	1	0	1	1	0	4	5	1	0	2	0	0	0	5	1	3	6	0	0	0	0	1	0	1	0	4	0	0	0
QFNR01 sp003248485	32	9	0	0	0	1	803	171	90	126	700	364	90	18	352	63	347	232	87	1	16	15	137	5	152	55	406	98	28	4	5	4	0	0	0	0	0	0	0	1	702	101	139	32	77	13	107	19	649	51	278	86	85	5	14	4	327	25	48	15	306	41	168	64	86	1	1	0	16	0	13	2	135	2	5	0	138	14	36	19	351	55	67	31
RCIZ01 sp016793485	0	1	1	0	1	0	1	2	1	0	1413	369	3	0	0	0	0	0	10	0	2	1	0	0	1	0	3	1	0	0	1	0	1	0	0	0	1	0	0	0	1	0	1	1	0	1	0	0	1291	122	262	107	0	3	0	0	0	0	0	0	0	0	0	0	10	0	0	0	2	0	1	0	0	0	0	0	0	1	0	0	2	1	0	1
Rahnella aceris	10744	2841	1	0	2	0	59	4	1	1	6	1	15	1	1	0	3	0	5	0	2636	1563	0	0	1	2	6	1	7524	3220	1221	1620	0	1	0	0	1	1	0	0	57	2	4	0	1	0	1	0	6	0	1	0	13	2	1	0	1	0	0	0	3	0	0	0	5	0	0	0	2574	62	1300	263	0	0	0	0	0	1	0	2	6	0	0	1
Rahnella aquatilis	245	56	0	0	0	0	4	2	1	1	1	0	0	0	1	0	0	0	6	0	1941	1008	0	0	0	0	5	0	170	75	28	28	0	0	0	0	0	0	0	0	4	0	2	0	1	0	1	0	1	0	0	0	0	0	0	0	1	0	0	0	0	0	0	0	6	0	0	0	1892	49	847	161	0	0	0	0	0	0	0	0	5	0	0	0
Rahnella inusitata	8	2	0	0	0	1	1	2	2	4	2	0	0	0	1	0	0	0	0	0	3489	1838	5	0	2	0	13	1	7	1	1	1	0	0	0	0	0	0	1	0	0	1	1	1	2	0	3	1	2	0	0	0	0	0	0	0	1	0	0	0	0	0	0	0	0	0	0	0	3396	93	1578	260	5	0	0	0	1	1	0	0	13	0	0	1
Rahnella sp004195115	2935	727	1	1	2	0	0	0	0	0	0	0	0	0	2	0	3	0	2	1	75077	40443	0	0	0	0	5	0	2108	827	306	421	0	1	1	0	1	1	0	0	0	0	0	0	0	0	0	0	0	0	0	0	0	0	0	0	1	1	0	0	3	0	0	0	2	0	1	0	73153	1924	34495	5948	0	0	0	0	0	0	0	0	5	0	0	0
Rahnella victoriana	3129	763	0	0	2	1	293	14	0	0	1	1	3	0	4	0	0	1	0	0	197	99	0	0	0	0	96	12	2206	923	314	449	0	0	0	0	1	1	1	0	268	25	9	5	0	0	0	0	1	0	1	0	3	0	0	0	4	0	0	0	0	0	1	0	0	0	0	0	188	9	88	11	0	0	0	0	0	0	0	0	89	7	8	4
Ralstonia sp000620465	35	11	0	0	3	0	307	25	5	5	27	7	81	13	1	3	2	0	305	9	5	7	319	36	39	18	156	45	30	5	3	8	0	0	0	0	3	0	0	0	248	59	17	8	4	1	4	1	25	2	3	4	65	16	8	5	1	0	0	3	2	0	0	0	250	55	5	4	4	1	5	2	238	81	14	22	29	10	8	10	127	29	22	23
Rhodoferax sp008015235	0	0	3	0	9	5	2	0	6	5	1279	431	14	1	44	6	19	6	0	0	6	1	0	0	7	1	0	2	0	0	0	0	2	1	0	0	8	1	4	1	0	2	0	0	5	1	3	2	1164	115	325	106	14	0	0	1	29	15	2	4	9	10	4	2	0	0	0	0	5	1	0	1	0	0	0	0	6	1	1	0	0	0	1	1
Rothia aeria	23	11	416	250	3193	2588	329	26	19	14	144	34	13	1	1306	301	8871	2503	60	1	7009	2793	98	8	52	10	480	71	14	9	4	7	329	87	174	76	2479	714	1785	803	275	54	20	6	16	3	8	6	135	9	25	9	12	1	0	1	868	438	140	161	6664	2207	1380	1123	60	0	1	0	6142	867	1974	819	85	13	6	2	44	8	5	5	359	121	39	32
Rothia amarae	0	0	1	0	4	0	34	1	4	1	791	345	0	2	17	1	3	4	0	0	4	3	12	2	1	0	21	2	0	0	0	0	0	1	0	0	4	0	0	0	26	8	1	0	3	1	0	1	736	55	247	98	0	0	1	1	16	1	1	0	2	1	1	3	0	0	0	0	4	0	3	0	12	0	2	0	0	1	0	0	14	7	1	1
Rothia dentocariosa	40	21	568	446	302	261	1033	93	84	38	931	262	56	6	569	81	877	208	114	5	539	235	277	28	179	45	1453	197	29	11	9	12	453	115	307	139	229	73	171	90	914	119	72	21	69	15	21	17	844	87	197	65	55	1	4	2	506	63	42	39	683	194	124	84	100	14	4	1	456	83	166	69	273	4	17	11	133	46	20	25	1200	253	133	64
Rothia kristinae	1	1	5	2	12	4	62	4	8	6	1625	436	12	0	11	3	138	27	7	0	16	5	20	0	1	2	36	0	1	0	0	1	4	1	0	2	10	2	2	2	56	6	4	0	3	5	4	2	1470	155	273	163	11	1	0	0	9	2	2	1	103	35	15	12	7	0	0	0	13	3	1	4	20	0	0	0	0	1	0	2	31	5	0	0
Rothia mucilaginosa	43	11	1	1	10	7	242	26	5	0	84	14	19	0	79	5	31	7	16	1	7	5	82	2	57	11	538	55	34	9	3	8	1	0	0	1	8	2	5	2	209	33	20	6	4	1	0	0	76	8	11	3	19	0	0	0	69	10	2	3	29	2	3	4	16	0	1	0	7	0	4	1	77	5	2	0	46	11	4	7	454	84	35	20
Rothia sp001808955	30	5	0	2	6	6	274	22	9	0	149	22	57	4	77	3	28	5	6	0	18	5	60	1	110	33	851	88	16	14	2	3	0	0	2	0	6	0	3	3	251	23	18	4	7	2	0	0	135	14	16	6	51	6	4	0	72	5	1	2	23	5	3	2	3	3	0	0	15	3	4	1	51	9	1	0	75	35	18	15	692	159	56	32
Rouxiella badensis	3	0	1	1	1	1	0	1	1	0	0	0	0	1	2	0	4	3	4	0	2361	1209	1	0	1	0	2	0	1	2	0	0	1	0	1	0	1	0	0	1	0	0	1	0	0	1	0	0	0	0	0	0	0	0	1	0	1	1	0	0	2	2	3	0	4	0	0	0	2294	67	1006	203	1	0	0	0	1	0	0	0	2	0	0	0
Rubrivivax sp001724995	0	0	1	1	8	3	5	0	2	2	1138	289	3	0	17	2	8	1	10	1	4	2	1	1	4	0	1	0	0	0	0	0	1	0	1	0	6	2	1	2	0	5	0	0	0	2	2	0	1053	85	196	93	3	0	0	0	12	5	2	0	7	1	0	1	10	0	1	0	4	0	2	0	0	1	1	0	4	0	0	0	1	0	0	0
Rubrivivax sp013822265	2	0	1	0	1	1	15	0	2	2	2598	734	0	2	8	3	7	2	15	0	1	2	0	0	4	2	1	0	2	0	0	0	1	0	0	0	1	0	1	0	15	0	0	0	0	2	0	2	2396	202	516	218	0	0	0	2	7	1	2	1	4	3	1	1	14	1	0	0	1	0	1	1	0	0	0	0	2	2	2	0	1	0	0	0
S5-A14a sp900112915	0	0	293	533	108	186	0	1	113	138	2	1	32	27	17	11	56	46	0	0	61	67	0	0	8	3	6	1	0	0	0	0	230	63	414	119	96	12	157	29	0	0	0	1	74	39	86	52	1	1	0	1	21	11	18	9	13	4	6	5	43	13	26	20	0	0	0	0	53	8	43	24	0	0	0	0	4	4	1	2	6	0	1	0
SDRW01 sp007845485	0	1	1537	2233	23779	42008	63	11	248	191	46	12	484	201	58	27	220	117	3	0	210	185	1	2	198	82	89	12	0	0	1	0	1354	183	1793	440	20577	3202	34500	7508	41	22	8	3	146	102	122	69	25	21	5	7	409	75	119	82	38	20	13	14	162	58	66	51	3	0	0	0	182	28	135	50	1	0	2	0	118	80	40	42	80	9	8	4
SSSZ01 sp016720065	0	0	7	3	11	10	0	0	8	3	1371	531	0	0	7	1	7	4	2	0	3	1	0	0	3	1	0	0	0	0	0	0	7	0	1	2	9	2	4	6	0	0	0	0	7	1	1	2	1230	141	388	143	0	0	0	0	5	2	0	1	4	3	1	3	2	0	0	0	2	1	1	0	0	0	0	0	2	1	0	1	0	0	0	0
Saccharimonas sp010202265	0	0	4062	3909	11273	10849	377	69	1764	1460	106	47	131	63	1247	337	898	478	0	0	315	219	0	0	124	70	0	0	0	0	0	0	3528	534	3063	846	9886	1387	8600	2249	251	126	32	37	1168	596	847	613	69	37	25	22	113	18	32	31	1003	244	221	116	694	204	299	179	0	0	0	0	265	50	160	59	0	0	0	0	82	42	38	32	0	0	0	0
Saccharimonas sp013333625	0	0	5254	4341	2639	2243	787	110	1004	775	98	26	459	142	154	55	438	233	0	0	1004	704	5	0	117	22	21	1	0	0	0	0	4606	648	3380	961	2294	345	1792	451	535	252	53	57	646	358	486	289	70	28	16	10	388	71	84	58	105	49	34	21	329	109	143	90	0	0	0	0	878	126	536	168	0	5	0	0	63	54	9	13	14	7	0	1
Saccharimonas sp013333645	0	0	147	108	65	53	10	1	178	101	4	1	86	19	163	32	170	60	0	0	38	25	9	2	278	91	2	5	0	0	0	0	134	13	91	17	54	11	45	8	9	1	0	1	119	59	62	39	1	3	0	1	71	15	12	7	120	43	15	17	115	55	34	26	0	0	0	0	35	3	24	1	9	0	1	1	216	62	52	39	1	1	4	1
Saccharimonas sp013333795	0	0	4723	4369	2361	2225	679	66	127	80	22	5	513	147	56	12	213	120	0	0	601	438	0	0	321	115	33	4	0	0	0	0	4110	613	3475	894	2063	298	1747	478	419	260	37	29	76	51	47	33	14	8	1	4	423	90	93	54	35	21	7	5	160	53	66	54	0	0	0	0	520	81	334	104	0	0	0	0	228	93	69	46	26	7	2	2
Saccharimonas sp013333845	0	0	6462	6863	2698	2507	960	82	143	78	13	3	385	116	60	27	315	169	0	0	849	615	0	0	37	7	14	0	0	0	0	0	5675	787	5445	1418	2328	370	2009	498	619	341	51	31	86	57	46	32	6	7	2	1	326	59	65	51	44	16	15	12	236	79	104	65	0	0	0	0	740	109	458	157	0	0	0	0	18	19	2	5	9	5	0	0
Saccharimonas sp015257605	0	0	4988	4271	2303	2107	594	76	135	71	13	10	460	121	56	11	224	99	0	0	581	375	0	0	86	29	15	1	0	0	0	0	4396	592	3316	955	2031	272	1671	436	333	261	48	28	91	44	44	27	9	4	5	5	360	100	79	42	40	16	6	5	172	52	61	38	0	0	0	0	504	77	257	118	0	0	0	0	50	36	11	18	13	2	1	0
Saccharimonas sp015257665	0	0	110	85	87	84	75	8	553	259	60	18	47	8	252	70	237	94	4	0	101	39	5	0	95	11	15	0	0	0	0	0	93	17	69	16	70	17	61	23	52	23	2	6	376	177	142	117	36	24	10	8	37	10	5	3	176	76	19	51	170	67	50	44	3	1	0	0	86	15	28	11	5	0	0	0	75	20	6	5	12	3	0	0
Saccharimonas sp905365145	0	0	5875	5120	2940	2708	939	136	235	180	47	17	894	297	86	34	389	168	0	0	907	618	0	1	100	36	15	3	0	0	0	0	5169	706	4031	1089	2576	364	2163	545	549	390	71	65	142	93	105	75	30	17	9	8	736	158	169	128	59	27	20	14	286	103	99	69	0	0	0	0	777	130	461	157	0	0	1	0	64	36	19	17	11	4	0	3
Saccharimonas sp905371595	0	0	5545	4895	2698	2439	715	113	243	182	34	11	522	162	75	25	335	151	0	0	645	444	0	0	90	32	25	3	0	0	0	0	4868	677	3838	1057	2373	325	1940	499	416	299	62	51	161	82	106	76	21	13	6	5	444	78	95	67	53	22	12	13	243	92	89	62	0	0	0	0	533	112	333	111	0	0	0	0	48	42	19	13	17	8	1	2
Saccharimonas sp905372095	0	0	7922	7121	3515	3160	1002	123	199	140	27	11	619	204	95	26	365	169	0	0	818	511	0	0	104	39	16	4	0	0	0	0	6943	979	5569	1552	3088	427	2508	652	589	413	70	53	132	67	83	57	17	10	3	8	502	117	116	88	61	34	10	16	268	97	94	75	0	0	0	0	702	116	358	153	0	0	0	0	63	41	20	19	13	3	0	4
Saccharimonas sp905372275	0	0	6103	5343	3154	2749	969	120	176	135	26	10	967	312	119	33	454	253	0	0	784	492	0	0	99	41	20	4	0	0	0	0	5320	783	4208	1135	2741	413	2157	592	594	375	57	63	108	68	74	61	12	14	7	3	804	163	200	112	83	36	15	18	345	109	157	96	0	0	0	0	678	106	356	136	0	0	0	0	58	41	25	16	13	7	0	4
Saccharimonas sp905373835	0	0	94	61	68	79	32	2	174	94	8	7	43	10	183	43	192	93	0	0	33	19	0	1	13	3	10	2	0	0	0	0	86	8	39	22	56	12	62	17	20	12	1	1	116	58	54	40	6	2	3	4	33	10	3	7	115	68	23	20	144	48	46	47	0	0	0	0	28	5	14	5	0	0	0	1	4	9	1	2	6	4	2	0
Saccharopolyspora dendranthemae	6	2	1	0	2	0	32	2	6	1	32	4	51	3	2026	420	19	3	17668	233	3	2	5	0	4	1	9	0	3	3	0	2	0	1	0	0	1	1	0	0	31	1	2	0	5	1	1	0	28	4	3	1	46	5	3	0	1332	694	225	195	14	5	3	0	16551	1117	168	65	3	0	1	1	1	4	0	0	2	2	1	0	9	0	0	0
Saccharopolyspora endophytica	2	0	10	0	5	4	782	120	6	0	11	5	47	2	137	33	4	0	1053	17	12	4	2	1	7	1	21	2	1	1	0	0	9	1	0	0	3	2	4	0	569	213	66	54	5	1	0	0	10	1	2	3	42	5	2	0	88	49	15	18	3	1	0	0	989	64	13	4	8	4	3	1	0	2	0	1	4	3	1	0	9	12	0	2
Selenomonas sp905372355	0	0	1921	1118	235	158	35	0	43	36	2	0	5	2	18	6	19	6	3	0	78	44	0	0	8	6	14	2	0	0	0	0	1619	302	826	292	188	47	121	37	26	9	0	0	26	17	20	16	1	1	0	0	0	5	1	1	14	4	4	2	12	7	1	5	3	0	0	0	61	17	25	19	0	0	0	0	3	5	3	3	13	1	1	1
Selenomonas sp905373085	0	0	1635	1057	246	153	3	1	51	26	3	0	0	0	9	7	22	11	5	0	84	44	0	0	19	6	12	2	0	0	0	0	1390	245	747	310	205	41	107	46	0	3	1	0	28	23	17	9	1	2	0	0	0	0	0	0	6	3	4	3	13	9	3	8	5	0	0	0	69	15	28	16	0	0	0	0	12	7	1	5	11	1	2	0
Selenomonas sputigena	0	0	3817	2339	409	289	20	4	82	52	2	1	0	0	22	7	32	12	0	0	90	60	0	0	23	13	16	1	0	0	0	0	3224	593	1657	682	334	75	204	85	15	5	3	1	41	41	25	27	2	0	1	0	0	0	0	0	12	10	3	4	22	10	4	8	0	0	0	0	62	28	37	23	0	0	0	0	14	9	5	8	11	5	1	0
Shewanella bicestrii	0	0	0	0	0	0	0	0	0	0	0	0	0	0	1785	283	0	0	1	0	1	0	6	1	1	0	8	4	0	0	0	0	0	0	0	0	0	0	0	0	0	0	0	0	0	0	0	0	0	0	0	0	0	0	0	0	1574	211	209	74	0	0	0	0	1	0	0	0	1	0	0	0	6	0	0	1	0	1	0	0	8	0	3	1
Shewanella sp000203935	1	0	0	0	0	0	13	0	1	0	2	0	0	0	2387	378	1	1	7	0	0	0	12	2	4	0	22	4	0	1	0	0	0	0	0	0	0	0	0	0	13	0	0	0	0	1	0	0	2	0	0	0	0	0	0	0	2140	247	270	108	1	0	1	0	7	0	0	0	0	0	0	0	10	2	1	1	3	1	0	0	12	10	2	2
Slackia exigua	0	0	8439	3861	1688	841	260	36	230	145	4	2	27	9	24	1	37	13	0	0	612	293	0	0	2547	761	30	1	0	0	0	0	7078	1361	2711	1150	1376	312	604	237	85	175	14	22	102	128	57	88	1	3	1	1	20	7	7	2	10	14	1	0	24	13	5	8	0	0	0	0	427	185	169	124	0	0	0	0	1244	1303	228	533	22	8	0	1
Sphaerotilus sp013294065	1	0	1	0	2	0	4	0	3	0	1045	319	11	2	1	0	7	2	11	0	2	1	0	0	5	1	6	0	0	1	0	0	1	0	0	0	1	1	0	0	1	3	0	0	2	1	0	0	940	105	216	103	3	8	1	1	1	0	0	0	5	2	1	1	6	5	0	0	2	0	0	1	0	0	0	0	5	0	0	1	5	1	0	0
Sphingobacterium kitahiroshimense	668	399	0	1	0	0	5	2	0	1	1	0	0	2	5	2	1	3	2	1	149	270	2	0	24	8	80	20	495	173	189	210	0	0	1	0	0	0	0	0	5	0	1	1	0	0	0	1	1	0	0	0	0	0	2	0	5	0	2	0	1	0	1	2	0	2	1	0	146	3	234	36	2	0	0	0	18	6	5	3	62	18	14	6
Sphingobium xenophagum	0	0	0	0	1	1	10	0	0	0	1876	469	0	0	1	2	0	0	3	1	3	2	7	1	0	0	2	2	0	0	0	0	0	0	0	0	1	0	1	0	10	0	0	0	0	0	0	0	1718	158	317	152	0	0	0	0	0	1	0	2	0	0	0	0	2	1	0	1	3	0	0	2	7	0	1	0	0	0	0	0	2	0	1	1
Sphingomonas sp016820445	41	17	1	1	0	0	278	20	6	0	17	4	171	30	6	3	2	3	104	7	19	31	344	44	23	12	168	36	30	11	9	8	1	0	1	0	0	0	0	0	240	38	13	7	5	1	0	0	14	3	2	2	119	52	12	18	5	1	0	3	2	0	3	0	89	15	4	3	14	5	23	8	257	87	17	27	13	10	4	8	117	51	15	21
Spirillospora cremea	7	0	4	2	3	1	491	42	18	6	129	18	42	1	37	6	431	78	104	4	8	3	1811	146	120	11	197	25	7	0	0	0	1	3	0	2	1	2	0	1	477	14	40	2	17	1	4	2	117	12	17	1	35	7	1	0	34	3	5	1	427	4	76	2	85	19	4	0	5	3	2	1	1790	21	144	2	108	12	8	3	178	19	25	0
Staphylococcus auricularis	2	10	0	0	0	0	3370	919	7	13	40	28	9	2	25	10	20	6	36	7	1	0	146	15	68	45	378	111	0	2	3	7	0	0	0	0	0	0	0	0	3232	138	779	140	6	1	11	2	38	2	24	4	9	0	0	2	21	4	7	3	16	4	4	2	32	4	5	2	1	0	0	0	136	10	13	2	38	30	22	23	323	55	61	50
Staphylococcus capitis	112	125	0	0	0	1	9321	5410	52	92	2241	1776	34	25	162	67	343	369	475	139	256	347	4221	946	234	192	913	525	81	31	54	71	0	0	0	0	0	0	1	0	8402	919	4499	911	49	3	79	13	1967	274	1386	390	34	0	18	7	150	12	52	15	314	29	277	92	445	30	74	65	252	4	318	29	3998	223	715	231	182	52	110	82	748	165	294	231
Staphylococcus epidermidis	84	153	0	0	0	0	7495	3557	156	348	3999	3221	177	65	540	163	559	490	611	139	93	129	2793	605	1068	854	2060	997	66	18	71	82	0	0	0	0	0	0	0	0	6685	810	2767	790	148	8	303	45	3706	293	2583	638	157	20	35	30	517	23	129	34	513	46	367	123	573	38	97	42	89	4	117	12	2681	112	425	180	861	207	481	373	1762	298	605	392
Staphylococcus equorum	261	120	0	1	0	0	1263	464	115	226	1086	598	0	1	37	9	57	58	16	2	0	3	57	22	56	32	110	55	220	41	61	59	0	0	1	0	0	0	0	0	1195	68	375	89	109	6	197	29	1025	61	477	121	0	0	1	0	34	3	6	3	52	5	47	11	16	0	1	1	0	0	3	0	46	11	16	6	40	16	18	14	92	18	34	21
Staphylococcus haemolyticus	47	23	1	0	0	0	64	30	4	9	485	341	7	6	32	3	17	9	31	1	24	23	20	11	17	14	104	45	42	5	14	9	1	0	0	0	0	0	0	0	55	9	25	5	4	0	7	2	432	53	281	60	7	0	4	2	30	2	1	2	15	2	8	1	31	0	1	0	22	2	19	4	18	2	9	2	14	3	9	5	83	21	25	20
Staphylococcus hominis	66	65	0	0	0	0	1009	462	10	24	2534	2102	50	16	215	57	81	62	125	23	20	39	199	75	127	116	545	351	51	15	24	41	0	0	0	0	0	0	0	0	918	91	375	87	9	1	18	6	2314	220	1683	419	48	2	11	5	204	11	48	9	79	2	48	14	119	6	13	10	19	1	35	4	190	9	42	33	106	21	54	62	459	86	215	136
Staphylococcus pseudoxylosus	2	1	0	0	0	1	313	127	27	60	262	152	0	1	7	3	190	190	2	1	0	1	231	69	11	4	11	7	2	0	0	1	0	0	0	0	0	0	0	1	287	26	107	20	27	0	52	8	238	24	122	30	0	0	0	1	5	2	3	0	156	34	138	52	2	0	1	0	0	0	0	1	185	46	35	34	6	5	3	1	10	1	4	3
Staphylococcus saccharolyticus	12	7	0	1	0	3	1474	601	15	37	451	344	9	8	166	21	17	10	17	2	2	3	7	6	209	180	45	40	9	3	4	3	0	0	1	0	0	0	1	2	1298	176	460	141	14	1	28	9	416	35	269	75	9	0	5	3	162	4	20	1	17	0	9	1	16	1	1	1	2	0	1	2	7	0	4	2	165	44	95	85	39	6	23	17
Staphylococcus saprophyticus	1	3	0	0	0	0	793	265	29	52	221	132	5	6	21	19	6	8	4	2	0	1	34	9	29	34	14	11	1	0	1	2	0	0	0	0	0	0	0	0	714	79	215	50	28	1	45	7	206	15	103	29	5	0	6	0	19	2	12	7	5	1	8	0	4	0	1	1	0	0	0	1	29	5	5	4	23	6	15	19	9	5	5	6
Staphylococcus succinus	26	14	1	1	0	0	592	114	40	79	352	203	0	1	1	0	4	9	1	0	0	2	17	9	5	6	18	7	21	5	6	8	1	0	1	0	0	0	0	0	552	40	98	16	36	4	72	7	332	20	172	31	0	0	0	1	0	1	0	0	4	0	7	2	1	0	0	0	0	0	1	1	14	3	5	4	5	0	5	1	14	4	4	3
Staphylococcus warneri	10	16	0	1	0	0	324	121	9	8	127	87	12	6	96	24	50	39	11	2	6	14	597	123	27	20	115	61	8	2	7	9	0	0	0	1	0	0	0	0	263	61	94	27	8	1	7	1	115	12	76	11	1	11	4	2	86	10	15	9	43	7	26	13	10	1	2	0	6	0	13	1	588	9	100	23	20	7	12	8	102	13	38	23
Staphylococcus xylosus	15	11	0	0	0	0	4028	1537	412	673	3269	1951	8	2	409	138	17	7	4	0	0	0	3134	809	5	3	17	3	12	3	7	4	0	0	0	0	0	0	0	0	3794	234	1343	194	395	17	580	93	3068	201	1637	314	8	0	2	0	387	22	116	22	16	1	7	0	4	0	0	0	0	0	0	0	2646	488	493	316	5	0	3	0	14	3	1	2
Streptococcus anginosus	0	1	546	928	187	409	27	4	26	21	14	6	5	2	33	12	22	15	4	1	194	199	6	0	14	2	24	2	0	0	0	1	465	81	716	212	154	33	323	86	27	0	3	1	15	11	11	10	11	3	3	3	1	4	0	2	19	14	6	6	16	6	7	8	4	0	1	0	169	25	155	44	6	0	0	0	10	4	2	0	23	1	1	1
Streptococcus anginosus C	0	1	317	478	84	116	91	8	39	64	19	12	0	2	28	21	39	33	0	0	161	164	0	0	22	13	17	5	0	0	1	0	274	43	374	104	68	16	88	28	39	52	5	3	22	17	32	32	16	3	11	1	0	0	1	1	20	8	9	12	21	18	15	18	0	0	0	0	143	18	118	46	0	0	0	0	19	3	10	3	16	1	4	1
Streptococcus constellatus	0	0	8303	13266	313	508	190	38	109	127	44	21	4	2	96	67	85	106	0	0	597	501	1	0	79	41	11	6	0	0	0	0	7080	1223	10293	2973	269	44	380	128	127	63	26	12	71	38	72	55	29	15	11	10	4	0	2	0	61	35	38	29	67	18	56	50	0	0	0	0	550	47	382	119	1	0	0	0	64	15	25	16	11	0	2	4
Streptococcus constellatus A	0	0	407	698	88	143	61	6	18	29	20	9	0	0	46	30	42	33	0	1	228	183	0	0	22	9	4	1	0	0	0	0	352	55	562	136	74	14	107	36	39	22	5	1	11	7	17	12	12	8	4	5	0	0	0	0	30	16	15	15	30	12	19	14	0	0	1	0	203	25	143	40	0	0	0	0	20	2	4	5	4	0	1	0
Streptococcus cristatus	1	0	343	426	551	724	393	64	163	128	119	51	0	0	249	105	162	122	0	0	1677	972	0	0	74	27	30	8	1	0	0	0	304	39	331	95	438	113	556	168	271	122	41	23	95	68	71	57	81	38	30	21	0	0	0	0	161	88	47	58	113	49	74	48	0	0	0	0	1542	135	746	226	0	0	0	0	54	20	19	8	22	8	3	5
Streptococcus cristatus A	0	1	256	377	525	630	421	60	185	179	172	55	0	1	272	166	161	118	0	0	1995	1307	0	0	98	46	26	2	0	0	0	1	220	36	292	85	426	99	478	152	288	133	36	24	131	54	114	65	102	70	25	30	0	0	1	0	168	104	72	94	120	41	55	63	0	0	0	0	1793	202	994	313	0	0	0	0	67	31	31	15	20	6	0	2
Streptococcus cristatus B	0	1	567	847	890	1085	636	116	307	304	184	51	5	0	407	193	286	223	0	0	2691	1650	0	0	201	98	24	6	0	0	0	1	477	90	665	182	731	159	829	256	454	182	81	35	203	104	168	136	125	59	29	22	5	0	0	0	282	125	78	115	217	69	121	102	0	0	0	0	2453	238	1306	344	0	0	0	0	131	70	66	32	14	10	1	5
Streptococcus cristatus C	0	3	304	414	674	943	406	66	170	156	128	48	0	0	290	127	212	128	0	0	1878	1238	4	0	111	41	21	9	0	0	1	2	257	47	315	99	565	109	741	202	283	123	42	24	107	63	86	70	94	34	30	18	0	0	0	0	173	117	68	59	162	50	86	42	0	0	0	0	1710	168	986	252	4	0	0	0	84	27	20	21	8	13	2	7
Streptococcus cristatus D	2	2	406	468	657	827	481	53	150	159	156	67	0	0	291	158	165	119	1	0	2042	1237	0	0	99	36	18	10	2	0	1	1	363	43	366	102	544	113	643	184	352	129	29	24	107	43	95	64	118	38	31	36	0	0	0	0	185	106	74	84	126	39	65	54	1	0	0	0	1878	164	963	274	0	0	0	0	69	30	18	18	11	7	6	4
Streptococcus cristatus E	1	0	380	475	699	812	518	59	175	156	141	51	3	0	269	136	198	140	3	0	1941	1164	0	0	108	36	16	3	1	0	0	0	323	57	359	116	580	119	644	168	379	139	44	15	124	51	95	61	101	40	27	24	3	0	0	0	173	96	59	77	155	43	68	72	3	0	0	0	1774	167	912	252	0	0	0	0	74	34	20	16	10	6	1	2
Streptococcus cristatus F	0	1	283	425	562	671	429	69	173	126	153	48	0	0	254	125	174	97	0	0	2105	1278	0	0	108	63	24	3	0	0	1	0	236	47	336	89	462	100	526	145	299	130	44	25	101	72	76	50	101	52	27	21	0	0	0	0	165	89	63	62	113	61	59	38	0	0	0	0	1908	197	1016	262	0	0	0	0	67	41	34	29	14	10	1	2
Streptococcus cristatus G	0	2	1749	2059	1858	2306	935	163	447	449	171	55	4	2	379	147	384	269	0	0	3021	1833	0	0	377	174	32	8	0	0	1	1	1520	229	1632	427	1541	317	1773	533	648	287	109	54	297	150	284	165	126	45	29	26	4	0	2	0	249	130	77	70	270	114	139	130	0	0	0	0	2755	266	1427	406	0	0	0	0	275	102	94	80	23	9	2	6
Streptococcus gordonii	7	5	309	531	1472	1852	540	80	145	125	259	119	14	0	608	345	760	761	9	1	3455	2103	29	4	96	38	405	106	7	0	2	3	261	48	403	128	1229	243	1414	438	406	134	52	28	91	54	87	38	178	81	67	52	14	0	0	0	370	238	178	167	530	230	390	371	9	0	0	1	3162	293	1652	451	21	8	1	3	78	18	16	22	346	59	68	38
Streptococcus gordonii A	1	2	266	492	877	1363	521	61	143	135	222	99	7	0	547	268	662	651	6	0	3217	2026	16	4	96	23	233	70	1	0	1	1	213	53	382	110	738	139	1065	298	378	143	39	22	90	53	75	60	134	88	57	42	7	0	0	0	346	201	123	145	474	188	327	324	3	3	0	0	2926	291	1580	446	16	0	2	2	73	23	17	6	186	47	45	25
Streptococcus intermedius	0	0	940	1492	140	197	247	26	58	51	102	35	0	0	158	94	108	86	1	0	1209	887	8	2	41	12	31	10	0	0	0	0	795	145	1161	331	112	28	151	46	195	52	14	12	40	18	32	19	74	28	26	9	0	0	0	0	106	52	44	50	81	27	46	40	1	0	0	0	1117	92	707	180	8	0	0	2	26	15	7	5	26	5	6	4
Streptococcus lactarius	1	1	70	83	111	132	62	12	10	8	18	6	0	0	40	17	133	87	0	0	210	156	5	0	6	1	10	2	0	1	0	1	59	11	66	17	89	22	105	27	54	8	2	10	6	4	3	5	12	6	2	4	0	0	0	0	28	12	9	8	109	24	59	28	0	0	0	0	191	19	116	40	5	0	0	0	5	1	1	0	7	3	1	1
Streptococcus massiliensis	1	0	56	100	80	122	73	24	46	49	35	13	0	1	80	42	57	34	0	0	358	240	0	0	32	20	1	2	1	0	0	0	45	11	78	22	59	21	90	32	56	17	15	9	27	19	34	15	26	9	7	6	0	0	1	0	43	37	19	23	41	16	23	11	0	0	0	0	320	38	179	61	0	0	0	0	24	8	16	4	1	0	1	1
Streptococcus oralis BL	1	0	4	7	121	214	55	15	18	20	24	13	0	0	63	41	30	27	0	0	285	227	5	0	10	5	23	5	0	1	0	0	4	0	6	1	103	18	178	36	55	0	9	6	12	6	11	9	14	10	8	5	0	0	0	0	50	13	23	18	24	6	18	9	0	0	0	0	272	13	183	44	5	0	0	0	6	4	4	1	21	2	2	3
Streptococcus oricebi	0	0	8	14	36	41	71	11	23	35	42	14	0	0	54	33	38	32	0	0	436	310	0	0	14	5	2	0	0	0	0	0	7	1	13	1	28	8	30	11	57	14	10	1	10	13	23	12	26	16	7	7	0	0	0	0	37	17	19	14	29	9	17	15	0	0	0	0	386	50	253	57	0	0	0	0	8	6	1	4	2	0	0	0
Streptococcus panodentis	0	0	52	89	250	394	627	113	178	153	294	134	0	0	569	310	305	207	0	0	4031	2610	0	0	98	23	8	6	0	0	0	0	40	12	69	20	209	41	305	89	467	160	83	30	123	55	91	62	205	89	79	55	0	0	0	0	366	203	160	150	235	70	126	81	0	0	0	0	3662	369	2072	538	0	0	0	0	64	34	15	8	3	5	1	5
Streptococcus sanguinis	1	0	119	148	2174	2756	1506	226	333	310	795	340	10	4	1475	787	619	431	9	0	10586	6496	10	4	154	43	79	27	1	0	0	0	101	18	105	43	1874	300	2240	516	1142	364	149	77	231	102	197	113	546	249	200	140	10	0	2	2	950	525	381	406	469	150	258	173	7	2	0	0	9763	823	5185	1311	10	0	3	1	120	34	22	21	42	37	8	19
Streptococcus sanguinis A	0	1	168	188	2600	3183	2947	378	692	587	1455	586	13	1	2838	1228	1299	797	0	0	18416	10543	2	1	211	78	90	38	0	0	1	0	141	27	150	38	2215	385	2556	627	2212	735	259	119	463	229	361	226	997	458	302	284	11	2	0	1	1908	930	586	642	1004	295	457	340	0	0	0	0	17188	1228	8568	1975	2	0	1	0	172	39	47	31	44	46	18	20
Streptococcus sanguinis C	3	0	114	129	1728	2057	1557	239	361	306	805	295	2	3	1412	656	546	352	7	0	9986	5994	7	1	143	43	83	22	2	1	0	0	94	20	96	33	1458	270	1637	420	1093	464	163	76	244	117	200	106	524	281	164	131	0	2	2	1	934	478	364	292	422	124	211	141	7	0	0	0	9198	788	4799	1195	7	0	1	0	109	34	27	16	53	30	11	11
Streptococcus sanguinis D	3	0	273	300	4068	4884	2735	391	640	549	1481	578	0	2	2674	1245	1191	836	0	0	19061	11267	9	3	222	57	91	39	3	0	0	0	224	49	240	60	3519	549	3916	968	2062	673	268	123	423	217	332	217	1010	471	313	265	0	0	0	2	1763	911	657	588	895	296	507	329	0	0	0	0	17699	1362	9173	2094	9	0	3	0	173	49	35	22	56	35	15	24
Streptococcus sanguinis E	2	2	152	200	3111	3830	1743	263	467	366	916	350	2	0	1793	842	795	457	9	0	12301	7355	9	0	150	55	75	24	2	0	2	0	126	26	147	53	2675	436	3063	767	1353	390	180	83	305	162	218	148	636	280	181	169	2	0	0	0	1200	593	409	433	590	205	254	203	8	1	0	0	11418	883	6005	1350	9	0	0	0	111	39	30	25	39	36	12	12
Streptococcus sanguinis F	1	0	159	175	2747	3348	2104	297	500	455	1145	438	0	0	2090	946	884	577	3	0	14010	8130	0	1	158	48	74	20	1	0	0	0	127	32	131	44	2379	368	2676	672	1570	534	204	93	343	157	281	174	791	354	236	202	0	0	0	0	1388	702	457	489	676	208	334	243	3	0	0	0	13024	986	6559	1571	0	0	1	0	125	33	25	23	34	40	6	14
Streptococcus sanguinis G	0	1	212	239	3213	4139	2378	383	675	536	1402	566	9	1	2506	1265	1124	706	0	0	17315	10591	1	2	184	55	106	31	0	0	1	0	186	26	172	67	2712	501	3366	773	1838	540	264	119	470	205	359	177	940	462	333	233	7	2	0	1	1657	849	618	647	856	268	412	294	0	0	0	0	16182	1133	8719	1872	0	1	0	2	139	45	34	21	66	40	9	22
Streptococcus sanguinis H	1	3	113	153	2113	2554	1721	258	419	353	800	365	5	0	1510	706	728	455	3	0	11614	6877	5	2	150	47	95	46	0	1	2	1	89	24	111	42	1818	295	2036	518	1271	450	167	91	272	147	210	143	545	255	194	171	5	0	0	0	989	521	378	328	538	190	267	188	3	0	0	0	10750	864	5501	1376	5	0	2	0	110	40	26	21	50	45	20	26
Streptococcus sanguinis I	1	0	286	330	2612	3350	3008	484	825	708	1724	703	8	0	3274	1528	1477	1029	1	0	20739	12419	4	1	239	104	110	37	1	0	0	0	230	56	256	74	2249	363	2725	625	2244	764	323	161	546	279	446	262	1160	564	374	329	7	1	0	0	2183	1091	816	712	1148	329	606	423	1	0	0	0	19389	1350	10243	2176	4	0	1	0	184	55	60	44	61	49	12	25
Streptococcus sinensis	0	0	24520	33470	24494	33112	12957	2344	8515	8247	715	270	63	26	3680	1939	6568	4758	2	0	42861	28063	0	1	7440	2722	128	81	0	0	0	0	21354	3166	26664	6806	20862	3632	26367	6745	9462	3495	1550	794	5692	2823	5106	3141	474	241	131	139	59	4	22	4	2502	1178	1041	898	4881	1687	2650	2108	2	0	0	0	39404	3457	22435	5628	0	0	1	0	5459	1981	1518	1204	36	92	21	60
Streptococcus sp000220065	0	0	92	137	1541	2286	583	102	121	125	223	85	2	0	415	212	226	182	0	0	3010	1885	0	0	65	23	21	19	0	0	0	0	81	11	98	39	1242	299	1794	492	444	139	69	33	83	38	80	45	166	57	45	40	2	0	0	0	264	151	117	95	163	63	100	82	0	0	0	0	2760	250	1482	403	0	0	0	0	49	16	11	12	12	9	7	12
Streptococcus sp902460355	1	0	388	527	630	826	472	74	190	181	134	45	2	1	343	145	230	178	0	0	2298	1452	0	1	135	49	16	4	1	0	0	0	332	56	407	120	509	121	623	203	316	156	45	29	131	59	103	78	83	51	21	24	2	0	1	0	220	123	73	72	166	64	105	73	0	0	0	0	2092	206	1145	307	0	0	1	0	89	46	29	20	7	9	0	4
Streptococcus sp905221295	0	0	120	193	393	597	20	9	22	14	1	5	0	0	25	18	11	19	0	0	75	82	0	0	14	5	4	1	0	0	0	0	94	26	159	34	322	71	443	154	13	7	5	4	12	10	5	9	1	0	1	4	0	0	0	0	6	19	7	11	8	3	11	8	0	0	0	0	61	14	57	25	0	0	0	0	9	5	2	3	3	1	0	1
Streptococcus sp905372115	1	1	230	284	4420	5408	2231	347	575	431	1196	439	4	0	2191	1038	1056	682	0	0	15504	9037	1	0	175	59	79	24	1	0	0	1	188	42	226	58	3848	572	4326	1082	1696	535	228	119	379	196	258	173	834	362	254	185	1	3	0	0	1460	731	561	477	779	277	378	304	0	0	0	0	14357	1147	7318	1719	1	0	0	0	139	36	33	26	35	44	9	15
Streptococcus thermophilus	2	1	5	5	10	18	144	52	13	14	114	57	8	6	503	100	47	36	25	1	34	54	391	34	31	14	52	10	2	0	0	1	4	1	3	2	4	6	13	5	121	23	38	14	7	6	8	6	106	8	43	14	8	0	5	1	479	24	78	22	37	10	25	11	25	0	0	1	29	5	41	13	367	24	21	13	29	2	5	9	41	11	7	3
Streptomyces actuosus A	13300	6693	4	0	7	1	6	1	7	2	2	1	45	7	444	159	12	8	8	0	2	5	1	0	5	0	23	7	11424	1876	4344	2349	3	1	0	0	4	3	1	0	6	0	1	0	5	2	2	0	2	0	1	0	31	14	7	0	394	50	122	37	9	3	6	2	8	0	0	0	2	0	3	2	1	0	0	0	3	2	0	0	12	11	4	3
Streptomyces mutabilis	1637	909	2	0	2	0	100	53	11	12	84	64	26	3	70	26	23	24	33	3	8	4	33	7	13	6	21	8	1267	370	460	449	1	1	0	0	0	2	0	0	93	7	46	7	7	4	12	0	78	6	53	11	25	1	3	0	55	15	20	6	22	1	18	6	25	8	2	1	6	2	2	2	33	0	3	4	10	3	2	4	19	2	7	1
TA-21 sp014523495	0	0	0	0	0	0	189	55	10	16	2446	1415	206	55	2	1	4	7	108	3	0	1	0	0	38	21	13	12	0	0	0	0	0	0	0	0	0	0	0	0	182	7	41	14	10	0	15	1	2232	214	1120	295	202	4	43	12	2	0	0	1	4	0	5	2	105	3	2	1	0	0	1	0	0	0	0	0	28	10	12	9	7	6	9	3
TA-21 sp014523595	0	1	0	2	0	0	19	3	0	0	26	27	0	1	4	1	100	108	2529	108	4	9	0	0	2	1	325	146	0	0	1	0	0	0	1	1	0	0	0	0	17	2	3	0	0	0	0	0	26	0	19	8	0	0	0	1	4	0	0	1	91	9	84	24	2436	93	97	11	4	0	7	2	0	0	0	0	1	1	1	0	249	76	80	66
TH5896 sp009377575	4	1	7	15	0	2	4	0	1	2	2	1	2	0	140	43	1170	750	10191	500	502	494	3	0	10	10	836	290	2	2	0	1	6	1	15	0	0	0	2	0	4	0	0	0	1	0	2	0	2	0	1	0	2	0	0	0	131	9	36	7	989	181	504	246	9953	238	418	82	482	20	430	64	3	0	0	0	7	3	4	6	560	276	133	157
Tannerella forsythia	4	3	19810	16651	14121	12620	132	32	243	254	23	8	174	148	1128	501	947	765	8	0	608	630	2	1	51	33	62	6	4	0	1	2	16052	3758	11889	4762	11453	2668	9350	3270	58	74	9	23	90	153	104	150	21	2	6	2	79	95	52	96	582	546	202	299	521	426	290	475	6	2	0	0	396	212	308	322	2	0	1	0	21	30	10	23	60	2	2	4
Tannerella forsythia A	0	0	5157	4452	3845	3437	56	15	86	90	6	3	78	33	339	165	276	248	1	0	162	206	0	0	21	12	1	0	0	0	0	0	4262	895	3299	1153	3199	646	2591	846	27	29	5	10	47	39	36	54	1	5	1	2	36	42	14	19	187	152	64	101	137	139	101	147	1	0	0	0	117	45	125	81	0	0	0	0	9	12	1	11	0	1	0	0
Tannerella sp002890585	2	0	3443	1984	3620	2053	28	6	25	20	5	2	0	0	377	86	191	120	2	0	237	120	1	0	13	0	27	3	1	1	0	0	2878	565	1464	520	2953	667	1514	539	16	12	4	2	17	8	6	14	5	0	0	2	0	0	0	0	194	183	32	54	113	78	63	57	2	0	0	0	162	75	65	55	1	0	0	0	8	5	0	0	20	7	2	1
Tannerella sp003033925	9	4	8053	5125	32554	18743	55	9	107	91	33	10	0	0	2732	716	1009	553	1	0	1463	812	7	0	34	5	42	9	9	0	1	3	6534	1519	3599	1526	26833	5721	13453	5290	41	14	7	2	51	56	43	48	15	18	2	8	0	0	0	0	1594	1138	305	411	621	388	253	300	1	0	0	0	1031	432	451	361	7	0	0	0	25	9	2	3	28	14	6	3
Tepidiphilus succinatimandens	190	32	2	0	4	1	133	31	3	1	21	21	18	5	5	2	474	142	24	6	3	8	8	1	13	5	356	38	134	56	14	18	2	0	0	0	0	4	1	0	120	13	15	16	3	0	1	0	13	8	10	11	14	4	1	4	5	0	2	0	372	102	82	60	24	0	5	1	2	1	3	5	8	0	0	1	11	2	4	1	305	51	21	17
Thiomicrorhabdus sp013391695	0	0	1	0	0	1	3	0	1	0	1272	377	0	0	2	0	1	1	0	0	0	3	0	0	1	0	0	0	0	0	0	0	1	0	0	0	0	0	0	1	1	2	0	0	1	0	0	0	1148	124	269	108	0	0	0	0	1	1	0	0	1	0	1	0	0	0	0	0	0	0	2	1	0	0	0	0	0	1	0	0	0	0	0	0
Treponema sp000775995	1	1	568	742	841	885	13	5	16	8	1	0	7	13	37	15	45	31	0	0	27	47	0	0	11	2	1	0	0	1	1	0	463	105	527	215	671	170	689	196	0	13	3	2	11	5	4	4	0	1	0	0	7	0	8	5	22	15	4	11	30	15	14	17	0	0	0	0	21	6	33	14	0	0	0	0	8	3	1	1	0	1	0	0
Treponema B denticola	0	0	3482	6688	2664	4503	196	59	41	63	10	7	123	185	74	53	128	144	0	0	565	729	0	0	150	57	3	1	0	0	0	0	2855	627	5097	1591	2166	498	3538	965	120	76	33	26	18	23	27	36	5	5	2	5	61	62	103	82	40	34	24	29	84	44	71	73	0	0	0	0	464	101	460	269	0	0	0	0	108	42	31	26	3	0	1	0
Treponema B denticola A	0	1	1604	2896	1231	2022	56	28	30	42	5	3	118	88	34	27	66	74	0	0	212	329	0	0	59	22	6	3	0	0	0	1	1315	289	2216	680	996	235	1559	463	19	37	8	20	14	16	20	22	2	3	0	3	76	42	42	46	20	14	12	15	41	25	33	41	0	0	0	0	164	48	217	112	0	0	0	0	44	15	13	9	6	0	1	2
Treponema B putidum	0	0	648	1384	725	1443	37	13	10	9	6	3	55	42	16	15	28	46	0	0	84	138	0	0	22	17	6	1	0	0	0	0	516	132	1070	314	598	127	1119	324	26	11	11	2	4	6	2	7	4	2	1	2	32	23	28	14	6	10	7	8	20	8	19	27	0	0	0	0	69	15	100	38	0	0	0	0	13	9	9	8	6	0	1	0
Treponema B sp905372345	0	0	722	1220	574	915	25	6	10	17	1	3	40	52	19	10	36	33	0	0	85	128	0	0	28	17	4	1	0	0	0	0	578	144	912	308	460	114	706	209	19	6	1	5	4	6	6	11	1	0	1	2	28	12	25	27	9	10	6	4	24	12	19	14	0	0	0	0	69	16	82	46	0	0	0	0	23	5	7	10	3	1	0	1
Treponema C lecithinolyticum	1	0	255	288	310	373	23	6	6	3	5	0	46	23	3	2	7	7	0	0	30	25	0	0	6	4	2	4	1	0	0	0	203	52	201	87	229	81	232	141	7	16	4	2	3	3	1	2	4	1	0	0	33	13	10	13	1	2	1	1	5	2	4	3	0	0	0	0	26	4	15	10	0	0	0	0	4	2	2	2	2	0	1	3
Treponema C maltophilum	0	0	2260	2085	2118	1794	185	25	58	46	3	0	126	51	91	25	90	51	0	0	593	472	0	1	77	22	0	0	0	0	0	0	1819	441	1493	592	1726	392	1313	481	130	55	16	9	25	33	18	28	0	3	0	0	97	29	24	27	46	45	9	16	52	38	16	35	0	0	0	0	467	126	317	155	0	0	0	1	43	34	5	17	0	0	0	0
Treponema C sp905372025	3	0	3022	2816	2265	1924	179	30	54	50	5	3	406	184	96	35	94	75	1	0	626	529	0	0	69	21	2	0	3	0	0	0	2374	648	1956	860	1824	441	1391	533	84	95	7	23	27	27	27	23	2	3	0	3	278	128	79	105	47	49	14	21	57	37	31	44	0	1	0	0	498	128	340	189	0	0	0	0	46	23	6	15	1	1	0	0
Treponema D buccale	0	0	2430	1962	1061	910	133	15	29	18	7	2	141	90	64	27	93	56	1	0	521	426	0	0	79	37	0	0	0	0	0	0	1958	472	1405	557	854	207	655	255	58	75	9	6	17	12	10	8	3	4	1	1	115	26	29	61	30	34	5	22	60	33	27	29	1	0	0	0	401	120	252	174	0	0	0	0	54	25	17	20	0	0	0	0
Treponema D paredis	0	0	3043	2465	2845	2277	214	40	61	52	2	3	231	102	179	59	201	123	0	0	915	598	0	0	111	36	2	0	0	0	0	0	2471	572	1785	680	2276	569	1596	681	124	90	22	18	28	33	29	23	1	1	0	3	190	41	52	50	97	82	23	36	127	74	59	64	0	0	0	0	684	231	400	198	0	0	0	0	62	49	11	25	1	1	0	0
Treponema D parvum	1	0	440	652	346	389	4	2	4	8	2	0	26	3	6	2	12	6	0	0	97	82	0	0	50	13	0	0	1	0	0	0	344	96	493	159	276	70	295	94	1	3	2	0	3	1	2	6	0	2	0	0	18	8	3	0	2	4	1	1	7	5	1	5	0	0	0	0	88	9	54	28	0	0	0	0	40	10	6	7	0	0	0	0
Treponema D socranskii	0	0	4005	3422	1777	1494	65	9	22	12	5	3	111	69	37	11	47	38	0	0	355	259	0	0	68	18	0	1	0	0	0	0	3194	811	2418	1004	1383	394	1050	444	45	20	4	5	9	13	6	6	3	2	3	0	78	33	40	29	22	15	6	5	35	12	20	18	0	0	0	0	267	88	135	124	0	0	0	0	42	26	5	13	0	0	0	1
Treponema D sp014334325	0	2	1553	1255	1265	995	63	6	17	7	1	3	66	26	32	17	42	26	0	0	187	146	0	2	30	16	3	0	0	0	2	0	1278	275	885	370	1019	246	744	251	31	32	2	4	10	7	2	5	1	0	0	3	57	9	13	13	17	15	6	11	29	13	10	16	0	0	0	0	137	50	81	65	0	0	0	2	22	8	6	10	3	0	0	0
Treponema D sp014334335	0	0	378	545	249	329	4	2	1	7	0	1	0	1	2	2	7	5	0	0	6	6	0	0	4	0	3	7	0	0	0	0	271	107	387	158	188	61	230	99	4	0	1	1	1	0	4	3	0	0	0	1	0	0	0	1	1	1	2	0	5	2	4	1	0	0	0	0	5	1	4	2	0	0	0	0	2	2	0	0	2	1	4	3
Tropicimonas sabulilitoris	1123	137	0	0	2	0	6	3	3	0	7	0	0	0	110	12	5	1	11	0	1	0	10	1	3	0	12	2	904	219	81	56	0	0	0	0	1	1	0	0	2	4	1	2	3	0	0	0	6	1	0	0	0	0	0	0	98	12	9	3	3	2	1	0	8	3	0	0	1	0	0	0	10	0	0	1	3	0	0	0	8	4	1	1
UBA1181 sp900769555	1	0	2	0	0	0	4	0	0	0	1	1	4	4	3	2	641	897	2	0	0	0	0	0	1	0	2	6	1	0	0	0	1	1	0	0	0	0	0	0	4	0	0	0	0	0	0	0	1	0	1	0	0	4	0	4	3	0	0	2	605	36	810	87	2	0	0	0	0	0	0	0	0	0	0	0	1	0	0	0	2	0	5	1
UBA412 sp002495685	0	0	3	7	0	1	7	1	1	3	0	0	594	475	9	7	6	10	0	0	18	32	0	0	3	3	2	0	0	0	0	0	2	1	3	4	0	0	1	0	0	7	1	0	0	1	3	0	0	0	0	0	538	56	364	111	9	0	4	3	2	4	5	5	0	0	0	0	15	3	25	7	0	0	0	0	2	1	0	3	2	0	0	0
UBA5704 sp002420005	1	0	6	2	1	4	15	3	1	1	2	4	26	2	3	2	2	2	1811	30	5	0	0	0	3	0	5	0	0	1	0	0	4	2	1	1	1	0	2	2	14	1	3	0	1	0	1	0	1	1	3	1	26	0	2	0	3	0	1	1	0	2	1	1	1674	137	26	4	3	2	0	0	0	0	0	0	1	2	0	0	4	1	0	0
VHBM01 sp016176745	0	0	3	15	1	0	120	37	13	33	12	6	0	1	0	0	44	54	2982	471	114	135	0	0	1	0	4781	1773	0	0	0	0	3	0	12	3	0	1	0	0	87	33	26	11	11	2	28	5	9	3	4	2	0	0	1	0	0	0	0	0	41	3	41	13	2895	87	349	122	108	6	115	20	0	0	0	0	1	0	0	0	2667	2114	712	1061
VHBM01 sp016871975	0	0	2	3	0	0	19	4	3	7	4	2	0	0	0	0	5	9	387	76	60	77	0	0	0	0	658	270	0	0	0	0	2	0	2	1	0	0	0	0	18	1	3	1	2	1	4	3	4	0	2	0	0	0	0	0	0	0	0	0	5	0	6	3	361	26	54	22	54	6	66	11	0	0	0	0	0	0	0	0	381	277	116	154
Veillonella parvula A	1	2	18	54	12	21	80	13	3	5	19	20	14	0	141	88	56	70	34	3	45	51	48	7	53	20	504	101	0	1	1	1	16	2	33	21	9	3	17	4	76	4	10	3	1	2	4	1	19	0	11	9	13	1	0	0	103	38	46	42	40	16	37	33	30	4	1	2	41	4	37	14	47	1	4	3	37	16	13	7	455	49	73	28
Veillonella sp900757715	1	3	21	49	13	28	20	4	5	6	19	6	0	0	245	156	118	125	3	0	85	106	5	3	15	7	172	35	1	0	2	1	18	3	34	15	11	2	25	3	16	4	3	1	1	4	3	3	15	4	4	2	0	0	0	0	130	115	65	91	68	50	61	64	3	0	0	0	74	11	70	36	4	1	3	0	14	1	6	1	152	20	23	12
W11650 sp002999035	0	0	15635	15216	11316	11176	85	34	349	377	28	13	57	65	512	243	590	584	0	0	352	343	0	0	89	35	7	3	0	0	0	0	12168	3467	10665	4551	8786	2530	8105	3071	51	34	14	20	179	170	188	189	11	17	4	9	35	22	38	27	279	233	104	139	357	233	268	316	0	0	0	0	270	82	224	119	0	0	0	0	60	29	15	20	6	1	0	3
W11650 sp003858485	0	1	235	337	135	298	12	3	65	59	2	0	228	198	37	29	75	79	0	0	50	75	0	0	49	24	2	0	0	0	1	0	190	45	271	66	112	23	257	41	12	0	3	0	42	23	34	25	1	1	0	0	148	80	100	98	25	12	15	14	54	21	45	34	0	0	0	0	43	7	49	26	0	0	0	0	41	8	17	7	0	2	0	0
W5053 sp000467935	0	0	13188	24105	4989	8010	104	42	438	678	27	21	3240	2937	176	116	849	914	0	0	1821	2178	0	1	218	159	2	0	0	0	0	0	11090	2098	18796	5309	3888	1101	5960	2050	77	27	21	21	273	165	392	286	14	13	8	13	2132	1108	1540	1397	101	75	59	57	600	249	445	469	0	0	0	0	1557	264	1574	604	0	0	0	1	135	83	74	85	2	0	0	0
WRIP01 sp012520915	0	0	747	1524	147	309	0	0	219	224	18	9	18	26	20	6	66	50	0	0	108	134	0	0	0	1	0	0	0	0	0	0	596	151	1151	373	121	26	232	77	0	0	0	0	160	59	140	84	11	7	6	3	16	2	12	14	14	6	4	2	56	10	32	18	0	0	0	0	93	15	103	31	0	0	0	0	0	0	1	0	0	0	0	0
Xylophilus sp016428875	0	0	2	1	2	1	0	0	4	0	896	252	2	0	18	1	5	1	5	0	3	1	0	0	5	0	2	0	0	0	0	0	2	0	1	0	2	0	1	0	0	0	0	0	3	1	0	0	847	49	196	56	2	0	0	0	14	4	1	0	3	2	1	0	5	0	0	0	2	1	1	0	0	0	0	0	3	2	0	0	2	0	0	0
Zoogloea sp002028455	1	0	2	2	3	1	1	1	2	0	8790	3112	0	0	13	0	5	1	0	0	23	18	2	0	32	11	7	0	1	0	0	0	2	0	1	1	1	2	1	0	1	0	1	0	2	0	0	0	7721	1069	2038	1074	0	0	0	0	9	4	0	0	4	1	0	1	0	0	0	0	22	1	16	2	2	0	0	0	25	7	5	6	2	5	0	0
