gc_bin,counts_gc,Study
"[0,1]",22,BAN001.A0101.SG1.1.10M.artifact_removal_gc_rl.tsv.gz
"(1,2]",46,BAN001.A0101.SG1.1.10M.artifact_removal_gc_rl.tsv.gz
"(2,3]",68,BAN001.A0101.SG1.1.10M.artifact_removal_gc_rl.tsv.gz
"(3,4]",49,BAN001.A0101.SG1.1.10M.artifact_removal_gc_rl.tsv.gz
"(4,5]",63,BAN001.A0101.SG1.1.10M.artifact_removal_gc_rl.tsv.gz
"(5,6]",140,BAN001.A0101.SG1.1.10M.artifact_removal_gc_rl.tsv.gz
"(6,7]",142,BAN001.A0101.SG1.1.10M.artifact_removal_gc_rl.tsv.gz
"(7,8]",176,BAN001.A0101.SG1.1.10M.artifact_removal_gc_rl.tsv.gz
"(8,9]",205,BAN001.A0101.SG1.1.10M.artifact_removal_gc_rl.tsv.gz
"(9,10]",375,BAN001.A0101.SG1.1.10M.artifact_removal_gc_rl.tsv.gz
"(10,11]",374,BAN001.A0101.SG1.1.10M.artifact_removal_gc_rl.tsv.gz
"(11,12]",548,BAN001.A0101.SG1.1.10M.artifact_removal_gc_rl.tsv.gz
"(12,13]",679,BAN001.A0101.SG1.1.10M.artifact_removal_gc_rl.tsv.gz
"(13,14]",1097,BAN001.A0101.SG1.1.10M.artifact_removal_gc_rl.tsv.gz
"(14,15]",1545,BAN001.A0101.SG1.1.10M.artifact_removal_gc_rl.tsv.gz
"(15,16]",2253,BAN001.A0101.SG1.1.10M.artifact_removal_gc_rl.tsv.gz
"(16,17]",2947,BAN001.A0101.SG1.1.10M.artifact_removal_gc_rl.tsv.gz
"(17,18]",4345,BAN001.A0101.SG1.1.10M.artifact_removal_gc_rl.tsv.gz
"(18,19]",5948,BAN001.A0101.SG1.1.10M.artifact_removal_gc_rl.tsv.gz
"(19,20]",9702,BAN001.A0101.SG1.1.10M.artifact_removal_gc_rl.tsv.gz
"(20,21]",8524,BAN001.A0101.SG1.1.10M.artifact_removal_gc_rl.tsv.gz
"(21,22]",14296,BAN001.A0101.SG1.1.10M.artifact_removal_gc_rl.tsv.gz
"(22,23]",16808,BAN001.A0101.SG1.1.10M.artifact_removal_gc_rl.tsv.gz
"(23,24]",21320,BAN001.A0101.SG1.1.10M.artifact_removal_gc_rl.tsv.gz
"(24,25]",28400,BAN001.A0101.SG1.1.10M.artifact_removal_gc_rl.tsv.gz
"(25,26]",22860,BAN001.A0101.SG1.1.10M.artifact_removal_gc_rl.tsv.gz
"(26,27]",32640,BAN001.A0101.SG1.1.10M.artifact_removal_gc_rl.tsv.gz
"(27,28]",40001,BAN001.A0101.SG1.1.10M.artifact_removal_gc_rl.tsv.gz
"(28,29]",42672,BAN001.A0101.SG1.1.10M.artifact_removal_gc_rl.tsv.gz
"(29,30]",54455,BAN001.A0101.SG1.1.10M.artifact_removal_gc_rl.tsv.gz
"(30,31]",55228,BAN001.A0101.SG1.1.10M.artifact_removal_gc_rl.tsv.gz
"(31,32]",71727,BAN001.A0101.SG1.1.10M.artifact_removal_gc_rl.tsv.gz
"(32,33]",78972,BAN001.A0101.SG1.1.10M.artifact_removal_gc_rl.tsv.gz
"(33,34]",91567,BAN001.A0101.SG1.1.10M.artifact_removal_gc_rl.tsv.gz
"(34,35]",116078,BAN001.A0101.SG1.1.10M.artifact_removal_gc_rl.tsv.gz
"(35,36]",133069,BAN001.A0101.SG1.1.10M.artifact_removal_gc_rl.tsv.gz
"(36,37]",151214,BAN001.A0101.SG1.1.10M.artifact_removal_gc_rl.tsv.gz
"(37,38]",167221,BAN001.A0101.SG1.1.10M.artifact_removal_gc_rl.tsv.gz
"(38,39]",196234,BAN001.A0101.SG1.1.10M.artifact_removal_gc_rl.tsv.gz
"(39,40]",266934,BAN001.A0101.SG1.1.10M.artifact_removal_gc_rl.tsv.gz
"(40,41]",204768,BAN001.A0101.SG1.1.10M.artifact_removal_gc_rl.tsv.gz
"(41,42]",270749,BAN001.A0101.SG1.1.10M.artifact_removal_gc_rl.tsv.gz
"(42,43]",295967,BAN001.A0101.SG1.1.10M.artifact_removal_gc_rl.tsv.gz
"(43,44]",349176,BAN001.A0101.SG1.1.10M.artifact_removal_gc_rl.tsv.gz
"(44,45]",351037,BAN001.A0101.SG1.1.10M.artifact_removal_gc_rl.tsv.gz
"(45,46]",354285,BAN001.A0101.SG1.1.10M.artifact_removal_gc_rl.tsv.gz
"(46,47]",377768,BAN001.A0101.SG1.1.10M.artifact_removal_gc_rl.tsv.gz
"(47,48]",419306,BAN001.A0101.SG1.1.10M.artifact_removal_gc_rl.tsv.gz
"(48,49]",414784,BAN001.A0101.SG1.1.10M.artifact_removal_gc_rl.tsv.gz
"(49,50]",572575,BAN001.A0101.SG1.1.10M.artifact_removal_gc_rl.tsv.gz
"(50,51]",197047,BAN001.A0101.SG1.1.10M.artifact_removal_gc_rl.tsv.gz
"(51,52]",440327,BAN001.A0101.SG1.1.10M.artifact_removal_gc_rl.tsv.gz
"(52,53]",380480,BAN001.A0101.SG1.1.10M.artifact_removal_gc_rl.tsv.gz
"(53,54]",376441,BAN001.A0101.SG1.1.10M.artifact_removal_gc_rl.tsv.gz
"(54,55]",353965,BAN001.A0101.SG1.1.10M.artifact_removal_gc_rl.tsv.gz
"(55,56]",318497,BAN001.A0101.SG1.1.10M.artifact_removal_gc_rl.tsv.gz
"(56,57]",296429,BAN001.A0101.SG1.1.10M.artifact_removal_gc_rl.tsv.gz
"(57,58]",272934,BAN001.A0101.SG1.1.10M.artifact_removal_gc_rl.tsv.gz
"(58,59]",227538,BAN001.A0101.SG1.1.10M.artifact_removal_gc_rl.tsv.gz
"(59,60]",247453,BAN001.A0101.SG1.1.10M.artifact_removal_gc_rl.tsv.gz
"(60,61]",142903,BAN001.A0101.SG1.1.10M.artifact_removal_gc_rl.tsv.gz
"(61,62]",161762,BAN001.A0101.SG1.1.10M.artifact_removal_gc_rl.tsv.gz
"(62,63]",121453,BAN001.A0101.SG1.1.10M.artifact_removal_gc_rl.tsv.gz
"(63,64]",121361,BAN001.A0101.SG1.1.10M.artifact_removal_gc_rl.tsv.gz
"(64,65]",94737,BAN001.A0101.SG1.1.10M.artifact_removal_gc_rl.tsv.gz
"(65,66]",73242,BAN001.A0101.SG1.1.10M.artifact_removal_gc_rl.tsv.gz
"(66,67]",57888,BAN001.A0101.SG1.1.10M.artifact_removal_gc_rl.tsv.gz
"(67,68]",50329,BAN001.A0101.SG1.1.10M.artifact_removal_gc_rl.tsv.gz
"(68,69]",37595,BAN001.A0101.SG1.1.10M.artifact_removal_gc_rl.tsv.gz
"(69,70]",36235,BAN001.A0101.SG1.1.10M.artifact_removal_gc_rl.tsv.gz
"(70,71]",21956,BAN001.A0101.SG1.1.10M.artifact_removal_gc_rl.tsv.gz
"(71,72]",20927,BAN001.A0101.SG1.1.10M.artifact_removal_gc_rl.tsv.gz
"(72,73]",14984,BAN001.A0101.SG1.1.10M.artifact_removal_gc_rl.tsv.gz
"(73,74]",12966,BAN001.A0101.SG1.1.10M.artifact_removal_gc_rl.tsv.gz
"(74,75]",12389,BAN001.A0101.SG1.1.10M.artifact_removal_gc_rl.tsv.gz
"(75,76]",5231,BAN001.A0101.SG1.1.10M.artifact_removal_gc_rl.tsv.gz
"(76,77]",6113,BAN001.A0101.SG1.1.10M.artifact_removal_gc_rl.tsv.gz
"(77,78]",4828,BAN001.A0101.SG1.1.10M.artifact_removal_gc_rl.tsv.gz
"(78,79]",3891,BAN001.A0101.SG1.1.10M.artifact_removal_gc_rl.tsv.gz
"(79,80]",3227,BAN001.A0101.SG1.1.10M.artifact_removal_gc_rl.tsv.gz
"(80,81]",1720,BAN001.A0101.SG1.1.10M.artifact_removal_gc_rl.tsv.gz
"(81,82]",1837,BAN001.A0101.SG1.1.10M.artifact_removal_gc_rl.tsv.gz
"(82,83]",1363,BAN001.A0101.SG1.1.10M.artifact_removal_gc_rl.tsv.gz
"(83,84]",1091,BAN001.A0101.SG1.1.10M.artifact_removal_gc_rl.tsv.gz
"(84,85]",909,BAN001.A0101.SG1.1.10M.artifact_removal_gc_rl.tsv.gz
"(85,86]",707,BAN001.A0101.SG1.1.10M.artifact_removal_gc_rl.tsv.gz
"(86,87]",711,BAN001.A0101.SG1.1.10M.artifact_removal_gc_rl.tsv.gz
"(87,88]",580,BAN001.A0101.SG1.1.10M.artifact_removal_gc_rl.tsv.gz
"(88,89]",520,BAN001.A0101.SG1.1.10M.artifact_removal_gc_rl.tsv.gz
"(89,90]",541,BAN001.A0101.SG1.1.10M.artifact_removal_gc_rl.tsv.gz
"(90,91]",527,BAN001.A0101.SG1.1.10M.artifact_removal_gc_rl.tsv.gz
"(91,92]",456,BAN001.A0101.SG1.1.10M.artifact_removal_gc_rl.tsv.gz
"(92,93]",341,BAN001.A0101.SG1.1.10M.artifact_removal_gc_rl.tsv.gz
"(93,94]",427,BAN001.A0101.SG1.1.10M.artifact_removal_gc_rl.tsv.gz
"(94,95]",409,BAN001.A0101.SG1.1.10M.artifact_removal_gc_rl.tsv.gz
"(95,96]",337,BAN001.A0101.SG1.1.10M.artifact_removal_gc_rl.tsv.gz
"(96,97]",245,BAN001.A0101.SG1.1.10M.artifact_removal_gc_rl.tsv.gz
"(97,98]",275,BAN001.A0101.SG1.1.10M.artifact_removal_gc_rl.tsv.gz
"(98,99]",327,BAN001.A0101.SG1.1.10M.artifact_removal_gc_rl.tsv.gz
"(99,100]",333,BAN001.A0101.SG1.1.10M.artifact_removal_gc_rl.tsv.gz
"[0,1]",32,BAN001.A0102.SG1.4.10M.artifact_removal_gc_rl.tsv.gz
"(1,2]",26,BAN001.A0102.SG1.4.10M.artifact_removal_gc_rl.tsv.gz
"(2,3]",220,BAN001.A0102.SG1.4.10M.artifact_removal_gc_rl.tsv.gz
"(3,4]",121,BAN001.A0102.SG1.4.10M.artifact_removal_gc_rl.tsv.gz
"(4,5]",343,BAN001.A0102.SG1.4.10M.artifact_removal_gc_rl.tsv.gz
"(5,6]",715,BAN001.A0102.SG1.4.10M.artifact_removal_gc_rl.tsv.gz
"(6,7]",887,BAN001.A0102.SG1.4.10M.artifact_removal_gc_rl.tsv.gz
"(7,8]",1443,BAN001.A0102.SG1.4.10M.artifact_removal_gc_rl.tsv.gz
"(8,9]",2305,BAN001.A0102.SG1.4.10M.artifact_removal_gc_rl.tsv.gz
"(9,10]",3794,BAN001.A0102.SG1.4.10M.artifact_removal_gc_rl.tsv.gz
"(10,11]",3239,BAN001.A0102.SG1.4.10M.artifact_removal_gc_rl.tsv.gz
"(11,12]",5682,BAN001.A0102.SG1.4.10M.artifact_removal_gc_rl.tsv.gz
"(12,13]",7289,BAN001.A0102.SG1.4.10M.artifact_removal_gc_rl.tsv.gz
"(13,14]",9417,BAN001.A0102.SG1.4.10M.artifact_removal_gc_rl.tsv.gz
"(14,15]",10445,BAN001.A0102.SG1.4.10M.artifact_removal_gc_rl.tsv.gz
"(15,16]",13260,BAN001.A0102.SG1.4.10M.artifact_removal_gc_rl.tsv.gz
"(16,17]",15030,BAN001.A0102.SG1.4.10M.artifact_removal_gc_rl.tsv.gz
"(17,18]",18722,BAN001.A0102.SG1.4.10M.artifact_removal_gc_rl.tsv.gz
"(18,19]",21267,BAN001.A0102.SG1.4.10M.artifact_removal_gc_rl.tsv.gz
"(19,20]",30406,BAN001.A0102.SG1.4.10M.artifact_removal_gc_rl.tsv.gz
"(20,21]",17630,BAN001.A0102.SG1.4.10M.artifact_removal_gc_rl.tsv.gz
"(21,22]",30278,BAN001.A0102.SG1.4.10M.artifact_removal_gc_rl.tsv.gz
"(22,23]",29385,BAN001.A0102.SG1.4.10M.artifact_removal_gc_rl.tsv.gz
"(23,24]",34038,BAN001.A0102.SG1.4.10M.artifact_removal_gc_rl.tsv.gz
"(24,25]",42448,BAN001.A0102.SG1.4.10M.artifact_removal_gc_rl.tsv.gz
"(25,26]",28668,BAN001.A0102.SG1.4.10M.artifact_removal_gc_rl.tsv.gz
"(26,27]",39291,BAN001.A0102.SG1.4.10M.artifact_removal_gc_rl.tsv.gz
"(27,28]",42650,BAN001.A0102.SG1.4.10M.artifact_removal_gc_rl.tsv.gz
"(28,29]",44026,BAN001.A0102.SG1.4.10M.artifact_removal_gc_rl.tsv.gz
"(29,30]",59080,BAN001.A0102.SG1.4.10M.artifact_removal_gc_rl.tsv.gz
"(30,31]",46355,BAN001.A0102.SG1.4.10M.artifact_removal_gc_rl.tsv.gz
"(31,32]",56958,BAN001.A0102.SG1.4.10M.artifact_removal_gc_rl.tsv.gz
"(32,33]",60393,BAN001.A0102.SG1.4.10M.artifact_removal_gc_rl.tsv.gz
"(33,34]",69346,BAN001.A0102.SG1.4.10M.artifact_removal_gc_rl.tsv.gz
"(34,35]",78163,BAN001.A0102.SG1.4.10M.artifact_removal_gc_rl.tsv.gz
"(35,36]",80633,BAN001.A0102.SG1.4.10M.artifact_removal_gc_rl.tsv.gz
"(36,37]",91709,BAN001.A0102.SG1.4.10M.artifact_removal_gc_rl.tsv.gz
"(37,38]",89035,BAN001.A0102.SG1.4.10M.artifact_removal_gc_rl.tsv.gz
"(38,39]",100170,BAN001.A0102.SG1.4.10M.artifact_removal_gc_rl.tsv.gz
"(39,40]",135027,BAN001.A0102.SG1.4.10M.artifact_removal_gc_rl.tsv.gz
"(40,41]",80462,BAN001.A0102.SG1.4.10M.artifact_removal_gc_rl.tsv.gz
"(41,42]",122872,BAN001.A0102.SG1.4.10M.artifact_removal_gc_rl.tsv.gz
"(42,43]",111509,BAN001.A0102.SG1.4.10M.artifact_removal_gc_rl.tsv.gz
"(43,44]",136367,BAN001.A0102.SG1.4.10M.artifact_removal_gc_rl.tsv.gz
"(44,45]",112250,BAN001.A0102.SG1.4.10M.artifact_removal_gc_rl.tsv.gz
"(45,46]",133618,BAN001.A0102.SG1.4.10M.artifact_removal_gc_rl.tsv.gz
"(46,47]",127798,BAN001.A0102.SG1.4.10M.artifact_removal_gc_rl.tsv.gz
"(47,48]",121111,BAN001.A0102.SG1.4.10M.artifact_removal_gc_rl.tsv.gz
"(48,49]",143663,BAN001.A0102.SG1.4.10M.artifact_removal_gc_rl.tsv.gz
"(49,50]",174464,BAN001.A0102.SG1.4.10M.artifact_removal_gc_rl.tsv.gz
"(50,51]",25805,BAN001.A0102.SG1.4.10M.artifact_removal_gc_rl.tsv.gz
"(51,52]",134857,BAN001.A0102.SG1.4.10M.artifact_removal_gc_rl.tsv.gz
"(52,53]",95029,BAN001.A0102.SG1.4.10M.artifact_removal_gc_rl.tsv.gz
"(53,54]",102565,BAN001.A0102.SG1.4.10M.artifact_removal_gc_rl.tsv.gz
"(54,55]",102524,BAN001.A0102.SG1.4.10M.artifact_removal_gc_rl.tsv.gz
"(55,56]",64592,BAN001.A0102.SG1.4.10M.artifact_removal_gc_rl.tsv.gz
"(56,57]",79805,BAN001.A0102.SG1.4.10M.artifact_removal_gc_rl.tsv.gz
"(57,58]",61667,BAN001.A0102.SG1.4.10M.artifact_removal_gc_rl.tsv.gz
"(58,59]",60824,BAN001.A0102.SG1.4.10M.artifact_removal_gc_rl.tsv.gz
"(59,60]",64568,BAN001.A0102.SG1.4.10M.artifact_removal_gc_rl.tsv.gz
"(60,61]",30281,BAN001.A0102.SG1.4.10M.artifact_removal_gc_rl.tsv.gz
"(61,62]",40160,BAN001.A0102.SG1.4.10M.artifact_removal_gc_rl.tsv.gz
"(62,63]",29470,BAN001.A0102.SG1.4.10M.artifact_removal_gc_rl.tsv.gz
"(63,64]",31355,BAN001.A0102.SG1.4.10M.artifact_removal_gc_rl.tsv.gz
"(64,65]",25035,BAN001.A0102.SG1.4.10M.artifact_removal_gc_rl.tsv.gz
"(65,66]",18292,BAN001.A0102.SG1.4.10M.artifact_removal_gc_rl.tsv.gz
"(66,67]",16703,BAN001.A0102.SG1.4.10M.artifact_removal_gc_rl.tsv.gz
"(67,68]",13042,BAN001.A0102.SG1.4.10M.artifact_removal_gc_rl.tsv.gz
"(68,69]",9804,BAN001.A0102.SG1.4.10M.artifact_removal_gc_rl.tsv.gz
"(69,70]",11101,BAN001.A0102.SG1.4.10M.artifact_removal_gc_rl.tsv.gz
"(70,71]",6766,BAN001.A0102.SG1.4.10M.artifact_removal_gc_rl.tsv.gz
"(71,72]",5788,BAN001.A0102.SG1.4.10M.artifact_removal_gc_rl.tsv.gz
"(72,73]",4292,BAN001.A0102.SG1.4.10M.artifact_removal_gc_rl.tsv.gz
"(73,74]",4314,BAN001.A0102.SG1.4.10M.artifact_removal_gc_rl.tsv.gz
"(74,75]",4574,BAN001.A0102.SG1.4.10M.artifact_removal_gc_rl.tsv.gz
"(75,76]",1546,BAN001.A0102.SG1.4.10M.artifact_removal_gc_rl.tsv.gz
"(76,77]",2165,BAN001.A0102.SG1.4.10M.artifact_removal_gc_rl.tsv.gz
"(77,78]",1646,BAN001.A0102.SG1.4.10M.artifact_removal_gc_rl.tsv.gz
"(78,79]",1398,BAN001.A0102.SG1.4.10M.artifact_removal_gc_rl.tsv.gz
"(79,80]",1195,BAN001.A0102.SG1.4.10M.artifact_removal_gc_rl.tsv.gz
"(80,81]",639,BAN001.A0102.SG1.4.10M.artifact_removal_gc_rl.tsv.gz
"(81,82]",604,BAN001.A0102.SG1.4.10M.artifact_removal_gc_rl.tsv.gz
"(82,83]",363,BAN001.A0102.SG1.4.10M.artifact_removal_gc_rl.tsv.gz
"(83,84]",440,BAN001.A0102.SG1.4.10M.artifact_removal_gc_rl.tsv.gz
"(84,85]",243,BAN001.A0102.SG1.4.10M.artifact_removal_gc_rl.tsv.gz
"(85,86]",133,BAN001.A0102.SG1.4.10M.artifact_removal_gc_rl.tsv.gz
"(86,87]",119,BAN001.A0102.SG1.4.10M.artifact_removal_gc_rl.tsv.gz
"(87,88]",137,BAN001.A0102.SG1.4.10M.artifact_removal_gc_rl.tsv.gz
"(88,89]",52,BAN001.A0102.SG1.4.10M.artifact_removal_gc_rl.tsv.gz
"(89,90]",85,BAN001.A0102.SG1.4.10M.artifact_removal_gc_rl.tsv.gz
"(90,91]",78,BAN001.A0102.SG1.4.10M.artifact_removal_gc_rl.tsv.gz
"(91,92]",32,BAN001.A0102.SG1.4.10M.artifact_removal_gc_rl.tsv.gz
"(92,93]",31,BAN001.A0102.SG1.4.10M.artifact_removal_gc_rl.tsv.gz
"(93,94]",45,BAN001.A0102.SG1.4.10M.artifact_removal_gc_rl.tsv.gz
"(94,95]",28,BAN001.A0102.SG1.4.10M.artifact_removal_gc_rl.tsv.gz
"(95,96]",16,BAN001.A0102.SG1.4.10M.artifact_removal_gc_rl.tsv.gz
"(96,97]",7,BAN001.A0102.SG1.4.10M.artifact_removal_gc_rl.tsv.gz
"(97,98]",14,BAN001.A0102.SG1.4.10M.artifact_removal_gc_rl.tsv.gz
"(98,99]",10,BAN001.A0102.SG1.4.10M.artifact_removal_gc_rl.tsv.gz
"(99,100]",20,BAN001.A0102.SG1.4.10M.artifact_removal_gc_rl.tsv.gz
"[0,1]",1,CDM019.A0101.SG1.1.10M.artifact_removal_gc_rl.tsv.gz
"(2,3]",2,CDM019.A0101.SG1.1.10M.artifact_removal_gc_rl.tsv.gz
"(3,4]",2,CDM019.A0101.SG1.1.10M.artifact_removal_gc_rl.tsv.gz
"(4,5]",7,CDM019.A0101.SG1.1.10M.artifact_removal_gc_rl.tsv.gz
"(5,6]",12,CDM019.A0101.SG1.1.10M.artifact_removal_gc_rl.tsv.gz
"(6,7]",4,CDM019.A0101.SG1.1.10M.artifact_removal_gc_rl.tsv.gz
"(7,8]",10,CDM019.A0101.SG1.1.10M.artifact_removal_gc_rl.tsv.gz
"(8,9]",20,CDM019.A0101.SG1.1.10M.artifact_removal_gc_rl.tsv.gz
"(9,10]",36,CDM019.A0101.SG1.1.10M.artifact_removal_gc_rl.tsv.gz
"(10,11]",40,CDM019.A0101.SG1.1.10M.artifact_removal_gc_rl.tsv.gz
"(11,12]",81,CDM019.A0101.SG1.1.10M.artifact_removal_gc_rl.tsv.gz
"(12,13]",106,CDM019.A0101.SG1.1.10M.artifact_removal_gc_rl.tsv.gz
"(13,14]",205,CDM019.A0101.SG1.1.10M.artifact_removal_gc_rl.tsv.gz
"(14,15]",320,CDM019.A0101.SG1.1.10M.artifact_removal_gc_rl.tsv.gz
"(15,16]",478,CDM019.A0101.SG1.1.10M.artifact_removal_gc_rl.tsv.gz
"(16,17]",686,CDM019.A0101.SG1.1.10M.artifact_removal_gc_rl.tsv.gz
"(17,18]",1274,CDM019.A0101.SG1.1.10M.artifact_removal_gc_rl.tsv.gz
"(18,19]",1561,CDM019.A0101.SG1.1.10M.artifact_removal_gc_rl.tsv.gz
"(19,20]",2934,CDM019.A0101.SG1.1.10M.artifact_removal_gc_rl.tsv.gz
"(20,21]",2481,CDM019.A0101.SG1.1.10M.artifact_removal_gc_rl.tsv.gz
"(21,22]",4599,CDM019.A0101.SG1.1.10M.artifact_removal_gc_rl.tsv.gz
"(22,23]",5527,CDM019.A0101.SG1.1.10M.artifact_removal_gc_rl.tsv.gz
"(23,24]",7887,CDM019.A0101.SG1.1.10M.artifact_removal_gc_rl.tsv.gz
"(24,25]",11547,CDM019.A0101.SG1.1.10M.artifact_removal_gc_rl.tsv.gz
"(25,26]",9469,CDM019.A0101.SG1.1.10M.artifact_removal_gc_rl.tsv.gz
"(26,27]",14584,CDM019.A0101.SG1.1.10M.artifact_removal_gc_rl.tsv.gz
"(27,28]",19414,CDM019.A0101.SG1.1.10M.artifact_removal_gc_rl.tsv.gz
"(28,29]",21929,CDM019.A0101.SG1.1.10M.artifact_removal_gc_rl.tsv.gz
"(29,30]",28436,CDM019.A0101.SG1.1.10M.artifact_removal_gc_rl.tsv.gz
"(30,31]",29691,CDM019.A0101.SG1.1.10M.artifact_removal_gc_rl.tsv.gz
"(31,32]",38525,CDM019.A0101.SG1.1.10M.artifact_removal_gc_rl.tsv.gz
"(32,33]",42856,CDM019.A0101.SG1.1.10M.artifact_removal_gc_rl.tsv.gz
"(33,34]",46854,CDM019.A0101.SG1.1.10M.artifact_removal_gc_rl.tsv.gz
"(34,35]",59690,CDM019.A0101.SG1.1.10M.artifact_removal_gc_rl.tsv.gz
"(35,36]",64854,CDM019.A0101.SG1.1.10M.artifact_removal_gc_rl.tsv.gz
"(36,37]",72442,CDM019.A0101.SG1.1.10M.artifact_removal_gc_rl.tsv.gz
"(37,38]",77198,CDM019.A0101.SG1.1.10M.artifact_removal_gc_rl.tsv.gz
"(38,39]",90221,CDM019.A0101.SG1.1.10M.artifact_removal_gc_rl.tsv.gz
"(39,40]",117905,CDM019.A0101.SG1.1.10M.artifact_removal_gc_rl.tsv.gz
"(40,41]",91721,CDM019.A0101.SG1.1.10M.artifact_removal_gc_rl.tsv.gz
"(41,42]",115482,CDM019.A0101.SG1.1.10M.artifact_removal_gc_rl.tsv.gz
"(42,43]",126620,CDM019.A0101.SG1.1.10M.artifact_removal_gc_rl.tsv.gz
"(43,44]",147174,CDM019.A0101.SG1.1.10M.artifact_removal_gc_rl.tsv.gz
"(44,45]",150771,CDM019.A0101.SG1.1.10M.artifact_removal_gc_rl.tsv.gz
"(45,46]",151876,CDM019.A0101.SG1.1.10M.artifact_removal_gc_rl.tsv.gz
"(46,47]",170078,CDM019.A0101.SG1.1.10M.artifact_removal_gc_rl.tsv.gz
"(47,48]",192805,CDM019.A0101.SG1.1.10M.artifact_removal_gc_rl.tsv.gz
"(48,49]",200430,CDM019.A0101.SG1.1.10M.artifact_removal_gc_rl.tsv.gz
"(49,50]",294690,CDM019.A0101.SG1.1.10M.artifact_removal_gc_rl.tsv.gz
"(50,51]",113948,CDM019.A0101.SG1.1.10M.artifact_removal_gc_rl.tsv.gz
"(51,52]",257428,CDM019.A0101.SG1.1.10M.artifact_removal_gc_rl.tsv.gz
"(52,53]",250510,CDM019.A0101.SG1.1.10M.artifact_removal_gc_rl.tsv.gz
"(53,54]",278227,CDM019.A0101.SG1.1.10M.artifact_removal_gc_rl.tsv.gz
"(54,55]",282216,CDM019.A0101.SG1.1.10M.artifact_removal_gc_rl.tsv.gz
"(55,56]",302607,CDM019.A0101.SG1.1.10M.artifact_removal_gc_rl.tsv.gz
"(56,57]",322121,CDM019.A0101.SG1.1.10M.artifact_removal_gc_rl.tsv.gz
"(57,58]",346615,CDM019.A0101.SG1.1.10M.artifact_removal_gc_rl.tsv.gz
"(58,59]",328056,CDM019.A0101.SG1.1.10M.artifact_removal_gc_rl.tsv.gz
"(59,60]",428947,CDM019.A0101.SG1.1.10M.artifact_removal_gc_rl.tsv.gz
"(60,61]",315699,CDM019.A0101.SG1.1.10M.artifact_removal_gc_rl.tsv.gz
"(61,62]",391536,CDM019.A0101.SG1.1.10M.artifact_removal_gc_rl.tsv.gz
"(62,63]",338154,CDM019.A0101.SG1.1.10M.artifact_removal_gc_rl.tsv.gz
"(63,64]",393104,CDM019.A0101.SG1.1.10M.artifact_removal_gc_rl.tsv.gz
"(64,65]",368358,CDM019.A0101.SG1.1.10M.artifact_removal_gc_rl.tsv.gz
"(65,66]",346372,CDM019.A0101.SG1.1.10M.artifact_removal_gc_rl.tsv.gz
"(66,67]",287843,CDM019.A0101.SG1.1.10M.artifact_removal_gc_rl.tsv.gz
"(67,68]",316139,CDM019.A0101.SG1.1.10M.artifact_removal_gc_rl.tsv.gz
"(68,69]",268647,CDM019.A0101.SG1.1.10M.artifact_removal_gc_rl.tsv.gz
"(69,70]",276196,CDM019.A0101.SG1.1.10M.artifact_removal_gc_rl.tsv.gz
"(70,71]",188829,CDM019.A0101.SG1.1.10M.artifact_removal_gc_rl.tsv.gz
"(71,72]",206486,CDM019.A0101.SG1.1.10M.artifact_removal_gc_rl.tsv.gz
"(72,73]",167938,CDM019.A0101.SG1.1.10M.artifact_removal_gc_rl.tsv.gz
"(73,74]",150136,CDM019.A0101.SG1.1.10M.artifact_removal_gc_rl.tsv.gz
"(74,75]",148767,CDM019.A0101.SG1.1.10M.artifact_removal_gc_rl.tsv.gz
"(75,76]",74055,CDM019.A0101.SG1.1.10M.artifact_removal_gc_rl.tsv.gz
"(76,77]",84367,CDM019.A0101.SG1.1.10M.artifact_removal_gc_rl.tsv.gz
"(77,78]",70382,CDM019.A0101.SG1.1.10M.artifact_removal_gc_rl.tsv.gz
"(78,79]",55873,CDM019.A0101.SG1.1.10M.artifact_removal_gc_rl.tsv.gz
"(79,80]",47585,CDM019.A0101.SG1.1.10M.artifact_removal_gc_rl.tsv.gz
"(80,81]",25834,CDM019.A0101.SG1.1.10M.artifact_removal_gc_rl.tsv.gz
"(81,82]",26115,CDM019.A0101.SG1.1.10M.artifact_removal_gc_rl.tsv.gz
"(82,83]",18247,CDM019.A0101.SG1.1.10M.artifact_removal_gc_rl.tsv.gz
"(83,84]",15039,CDM019.A0101.SG1.1.10M.artifact_removal_gc_rl.tsv.gz
"(84,85]",10890,CDM019.A0101.SG1.1.10M.artifact_removal_gc_rl.tsv.gz
"(85,86]",6820,CDM019.A0101.SG1.1.10M.artifact_removal_gc_rl.tsv.gz
"(86,87]",5943,CDM019.A0101.SG1.1.10M.artifact_removal_gc_rl.tsv.gz
"(87,88]",4778,CDM019.A0101.SG1.1.10M.artifact_removal_gc_rl.tsv.gz
"(88,89]",3045,CDM019.A0101.SG1.1.10M.artifact_removal_gc_rl.tsv.gz
"(89,90]",2399,CDM019.A0101.SG1.1.10M.artifact_removal_gc_rl.tsv.gz
"(90,91]",1750,CDM019.A0101.SG1.1.10M.artifact_removal_gc_rl.tsv.gz
"(91,92]",1314,CDM019.A0101.SG1.1.10M.artifact_removal_gc_rl.tsv.gz
"(92,93]",757,CDM019.A0101.SG1.1.10M.artifact_removal_gc_rl.tsv.gz
"(93,94]",879,CDM019.A0101.SG1.1.10M.artifact_removal_gc_rl.tsv.gz
"(94,95]",649,CDM019.A0101.SG1.1.10M.artifact_removal_gc_rl.tsv.gz
"(95,96]",455,CDM019.A0101.SG1.1.10M.artifact_removal_gc_rl.tsv.gz
"(96,97]",363,CDM019.A0101.SG1.1.10M.artifact_removal_gc_rl.tsv.gz
"(97,98]",398,CDM019.A0101.SG1.1.10M.artifact_removal_gc_rl.tsv.gz
"(98,99]",406,CDM019.A0101.SG1.1.10M.artifact_removal_gc_rl.tsv.gz
"(99,100]",663,CDM019.A0101.SG1.1.10M.artifact_removal_gc_rl.tsv.gz
"[0,1]",17,CDM019.A0102.SG1.4.10M.artifact_removal_gc_rl.tsv.gz
"(1,2]",24,CDM019.A0102.SG1.4.10M.artifact_removal_gc_rl.tsv.gz
"(2,3]",55,CDM019.A0102.SG1.4.10M.artifact_removal_gc_rl.tsv.gz
"(3,4]",59,CDM019.A0102.SG1.4.10M.artifact_removal_gc_rl.tsv.gz
"(4,5]",122,CDM019.A0102.SG1.4.10M.artifact_removal_gc_rl.tsv.gz
"(5,6]",203,CDM019.A0102.SG1.4.10M.artifact_removal_gc_rl.tsv.gz
"(6,7]",291,CDM019.A0102.SG1.4.10M.artifact_removal_gc_rl.tsv.gz
"(7,8]",485,CDM019.A0102.SG1.4.10M.artifact_removal_gc_rl.tsv.gz
"(8,9]",599,CDM019.A0102.SG1.4.10M.artifact_removal_gc_rl.tsv.gz
"(9,10]",1105,CDM019.A0102.SG1.4.10M.artifact_removal_gc_rl.tsv.gz
"(10,11]",1355,CDM019.A0102.SG1.4.10M.artifact_removal_gc_rl.tsv.gz
"(11,12]",2215,CDM019.A0102.SG1.4.10M.artifact_removal_gc_rl.tsv.gz
"(12,13]",2744,CDM019.A0102.SG1.4.10M.artifact_removal_gc_rl.tsv.gz
"(13,14]",4343,CDM019.A0102.SG1.4.10M.artifact_removal_gc_rl.tsv.gz
"(14,15]",5674,CDM019.A0102.SG1.4.10M.artifact_removal_gc_rl.tsv.gz
"(15,16]",7475,CDM019.A0102.SG1.4.10M.artifact_removal_gc_rl.tsv.gz
"(16,17]",8068,CDM019.A0102.SG1.4.10M.artifact_removal_gc_rl.tsv.gz
"(17,18]",12691,CDM019.A0102.SG1.4.10M.artifact_removal_gc_rl.tsv.gz
"(18,19]",15124,CDM019.A0102.SG1.4.10M.artifact_removal_gc_rl.tsv.gz
"(19,20]",23042,CDM019.A0102.SG1.4.10M.artifact_removal_gc_rl.tsv.gz
"(20,21]",16277,CDM019.A0102.SG1.4.10M.artifact_removal_gc_rl.tsv.gz
"(21,22]",29695,CDM019.A0102.SG1.4.10M.artifact_removal_gc_rl.tsv.gz
"(22,23]",33183,CDM019.A0102.SG1.4.10M.artifact_removal_gc_rl.tsv.gz
"(23,24]",41173,CDM019.A0102.SG1.4.10M.artifact_removal_gc_rl.tsv.gz
"(24,25]",56286,CDM019.A0102.SG1.4.10M.artifact_removal_gc_rl.tsv.gz
"(25,26]",39866,CDM019.A0102.SG1.4.10M.artifact_removal_gc_rl.tsv.gz
"(26,27]",60892,CDM019.A0102.SG1.4.10M.artifact_removal_gc_rl.tsv.gz
"(27,28]",72828,CDM019.A0102.SG1.4.10M.artifact_removal_gc_rl.tsv.gz
"(28,29]",78444,CDM019.A0102.SG1.4.10M.artifact_removal_gc_rl.tsv.gz
"(29,30]",93044,CDM019.A0102.SG1.4.10M.artifact_removal_gc_rl.tsv.gz
"(30,31]",90321,CDM019.A0102.SG1.4.10M.artifact_removal_gc_rl.tsv.gz
"(31,32]",110060,CDM019.A0102.SG1.4.10M.artifact_removal_gc_rl.tsv.gz
"(32,33]",115655,CDM019.A0102.SG1.4.10M.artifact_removal_gc_rl.tsv.gz
"(33,34]",117538,CDM019.A0102.SG1.4.10M.artifact_removal_gc_rl.tsv.gz
"(34,35]",144076,CDM019.A0102.SG1.4.10M.artifact_removal_gc_rl.tsv.gz
"(35,36]",146935,CDM019.A0102.SG1.4.10M.artifact_removal_gc_rl.tsv.gz
"(36,37]",156564,CDM019.A0102.SG1.4.10M.artifact_removal_gc_rl.tsv.gz
"(37,38]",149431,CDM019.A0102.SG1.4.10M.artifact_removal_gc_rl.tsv.gz
"(38,39]",170875,CDM019.A0102.SG1.4.10M.artifact_removal_gc_rl.tsv.gz
"(39,40]",214765,CDM019.A0102.SG1.4.10M.artifact_removal_gc_rl.tsv.gz
"(40,41]",147959,CDM019.A0102.SG1.4.10M.artifact_removal_gc_rl.tsv.gz
"(41,42]",183777,CDM019.A0102.SG1.4.10M.artifact_removal_gc_rl.tsv.gz
"(42,43]",188448,CDM019.A0102.SG1.4.10M.artifact_removal_gc_rl.tsv.gz
"(43,44]",212125,CDM019.A0102.SG1.4.10M.artifact_removal_gc_rl.tsv.gz
"(44,45]",197216,CDM019.A0102.SG1.4.10M.artifact_removal_gc_rl.tsv.gz
"(45,46]",198121,CDM019.A0102.SG1.4.10M.artifact_removal_gc_rl.tsv.gz
"(46,47]",203143,CDM019.A0102.SG1.4.10M.artifact_removal_gc_rl.tsv.gz
"(47,48]",214429,CDM019.A0102.SG1.4.10M.artifact_removal_gc_rl.tsv.gz
"(48,49]",226456,CDM019.A0102.SG1.4.10M.artifact_removal_gc_rl.tsv.gz
"(49,50]",305086,CDM019.A0102.SG1.4.10M.artifact_removal_gc_rl.tsv.gz
"(50,51]",81325,CDM019.A0102.SG1.4.10M.artifact_removal_gc_rl.tsv.gz
"(51,52]",245993,CDM019.A0102.SG1.4.10M.artifact_removal_gc_rl.tsv.gz
"(52,53]",214430,CDM019.A0102.SG1.4.10M.artifact_removal_gc_rl.tsv.gz
"(53,54]",225158,CDM019.A0102.SG1.4.10M.artifact_removal_gc_rl.tsv.gz
"(54,55]",232460,CDM019.A0102.SG1.4.10M.artifact_removal_gc_rl.tsv.gz
"(55,56]",211246,CDM019.A0102.SG1.4.10M.artifact_removal_gc_rl.tsv.gz
"(56,57]",229228,CDM019.A0102.SG1.4.10M.artifact_removal_gc_rl.tsv.gz
"(57,58]",225451,CDM019.A0102.SG1.4.10M.artifact_removal_gc_rl.tsv.gz
"(58,59]",215307,CDM019.A0102.SG1.4.10M.artifact_removal_gc_rl.tsv.gz
"(59,60]",266606,CDM019.A0102.SG1.4.10M.artifact_removal_gc_rl.tsv.gz
"(60,61]",168989,CDM019.A0102.SG1.4.10M.artifact_removal_gc_rl.tsv.gz
"(61,62]",216191,CDM019.A0102.SG1.4.10M.artifact_removal_gc_rl.tsv.gz
"(62,63]",180791,CDM019.A0102.SG1.4.10M.artifact_removal_gc_rl.tsv.gz
"(63,64]",204447,CDM019.A0102.SG1.4.10M.artifact_removal_gc_rl.tsv.gz
"(64,65]",183994,CDM019.A0102.SG1.4.10M.artifact_removal_gc_rl.tsv.gz
"(65,66]",165248,CDM019.A0102.SG1.4.10M.artifact_removal_gc_rl.tsv.gz
"(66,67]",139238,CDM019.A0102.SG1.4.10M.artifact_removal_gc_rl.tsv.gz
"(67,68]",137877,CDM019.A0102.SG1.4.10M.artifact_removal_gc_rl.tsv.gz
"(68,69]",115761,CDM019.A0102.SG1.4.10M.artifact_removal_gc_rl.tsv.gz
"(69,70]",122761,CDM019.A0102.SG1.4.10M.artifact_removal_gc_rl.tsv.gz
"(70,71]",82985,CDM019.A0102.SG1.4.10M.artifact_removal_gc_rl.tsv.gz
"(71,72]",83125,CDM019.A0102.SG1.4.10M.artifact_removal_gc_rl.tsv.gz
"(72,73]",66027,CDM019.A0102.SG1.4.10M.artifact_removal_gc_rl.tsv.gz
"(73,74]",59497,CDM019.A0102.SG1.4.10M.artifact_removal_gc_rl.tsv.gz
"(74,75]",61778,CDM019.A0102.SG1.4.10M.artifact_removal_gc_rl.tsv.gz
"(75,76]",26857,CDM019.A0102.SG1.4.10M.artifact_removal_gc_rl.tsv.gz
"(76,77]",32917,CDM019.A0102.SG1.4.10M.artifact_removal_gc_rl.tsv.gz
"(77,78]",26216,CDM019.A0102.SG1.4.10M.artifact_removal_gc_rl.tsv.gz
"(78,79]",22385,CDM019.A0102.SG1.4.10M.artifact_removal_gc_rl.tsv.gz
"(79,80]",19189,CDM019.A0102.SG1.4.10M.artifact_removal_gc_rl.tsv.gz
"(80,81]",9313,CDM019.A0102.SG1.4.10M.artifact_removal_gc_rl.tsv.gz
"(81,82]",10253,CDM019.A0102.SG1.4.10M.artifact_removal_gc_rl.tsv.gz
"(82,83]",6643,CDM019.A0102.SG1.4.10M.artifact_removal_gc_rl.tsv.gz
"(83,84]",6368,CDM019.A0102.SG1.4.10M.artifact_removal_gc_rl.tsv.gz
"(84,85]",4376,CDM019.A0102.SG1.4.10M.artifact_removal_gc_rl.tsv.gz
"(85,86]",2189,CDM019.A0102.SG1.4.10M.artifact_removal_gc_rl.tsv.gz
"(86,87]",2178,CDM019.A0102.SG1.4.10M.artifact_removal_gc_rl.tsv.gz
"(87,88]",2011,CDM019.A0102.SG1.4.10M.artifact_removal_gc_rl.tsv.gz
"(88,89]",952,CDM019.A0102.SG1.4.10M.artifact_removal_gc_rl.tsv.gz
"(89,90]",726,CDM019.A0102.SG1.4.10M.artifact_removal_gc_rl.tsv.gz
"(90,91]",649,CDM019.A0102.SG1.4.10M.artifact_removal_gc_rl.tsv.gz
"(91,92]",285,CDM019.A0102.SG1.4.10M.artifact_removal_gc_rl.tsv.gz
"(92,93]",144,CDM019.A0102.SG1.4.10M.artifact_removal_gc_rl.tsv.gz
"(93,94]",316,CDM019.A0102.SG1.4.10M.artifact_removal_gc_rl.tsv.gz
"(94,95]",111,CDM019.A0102.SG1.4.10M.artifact_removal_gc_rl.tsv.gz
"(95,96]",36,CDM019.A0102.SG1.4.10M.artifact_removal_gc_rl.tsv.gz
"(96,97]",51,CDM019.A0102.SG1.4.10M.artifact_removal_gc_rl.tsv.gz
"(97,98]",40,CDM019.A0102.SG1.4.10M.artifact_removal_gc_rl.tsv.gz
"(98,99]",29,CDM019.A0102.SG1.4.10M.artifact_removal_gc_rl.tsv.gz
"(99,100]",112,CDM019.A0102.SG1.4.10M.artifact_removal_gc_rl.tsv.gz
"[0,1]",3,CDM020.A0101.SG1.1.10M.artifact_removal_gc_rl.tsv.gz
"(1,2]",4,CDM020.A0101.SG1.1.10M.artifact_removal_gc_rl.tsv.gz
"(2,3]",4,CDM020.A0101.SG1.1.10M.artifact_removal_gc_rl.tsv.gz
"(3,4]",3,CDM020.A0101.SG1.1.10M.artifact_removal_gc_rl.tsv.gz
"(4,5]",10,CDM020.A0101.SG1.1.10M.artifact_removal_gc_rl.tsv.gz
"(5,6]",12,CDM020.A0101.SG1.1.10M.artifact_removal_gc_rl.tsv.gz
"(6,7]",12,CDM020.A0101.SG1.1.10M.artifact_removal_gc_rl.tsv.gz
"(7,8]",17,CDM020.A0101.SG1.1.10M.artifact_removal_gc_rl.tsv.gz
"(8,9]",25,CDM020.A0101.SG1.1.10M.artifact_removal_gc_rl.tsv.gz
"(9,10]",62,CDM020.A0101.SG1.1.10M.artifact_removal_gc_rl.tsv.gz
"(10,11]",86,CDM020.A0101.SG1.1.10M.artifact_removal_gc_rl.tsv.gz
"(11,12]",201,CDM020.A0101.SG1.1.10M.artifact_removal_gc_rl.tsv.gz
"(12,13]",272,CDM020.A0101.SG1.1.10M.artifact_removal_gc_rl.tsv.gz
"(13,14]",470,CDM020.A0101.SG1.1.10M.artifact_removal_gc_rl.tsv.gz
"(14,15]",735,CDM020.A0101.SG1.1.10M.artifact_removal_gc_rl.tsv.gz
"(15,16]",1093,CDM020.A0101.SG1.1.10M.artifact_removal_gc_rl.tsv.gz
"(16,17]",1428,CDM020.A0101.SG1.1.10M.artifact_removal_gc_rl.tsv.gz
"(17,18]",2532,CDM020.A0101.SG1.1.10M.artifact_removal_gc_rl.tsv.gz
"(18,19]",3195,CDM020.A0101.SG1.1.10M.artifact_removal_gc_rl.tsv.gz
"(19,20]",5591,CDM020.A0101.SG1.1.10M.artifact_removal_gc_rl.tsv.gz
"(20,21]",4888,CDM020.A0101.SG1.1.10M.artifact_removal_gc_rl.tsv.gz
"(21,22]",8269,CDM020.A0101.SG1.1.10M.artifact_removal_gc_rl.tsv.gz
"(22,23]",9772,CDM020.A0101.SG1.1.10M.artifact_removal_gc_rl.tsv.gz
"(23,24]",13150,CDM020.A0101.SG1.1.10M.artifact_removal_gc_rl.tsv.gz
"(24,25]",19279,CDM020.A0101.SG1.1.10M.artifact_removal_gc_rl.tsv.gz
"(25,26]",14861,CDM020.A0101.SG1.1.10M.artifact_removal_gc_rl.tsv.gz
"(26,27]",22376,CDM020.A0101.SG1.1.10M.artifact_removal_gc_rl.tsv.gz
"(27,28]",28441,CDM020.A0101.SG1.1.10M.artifact_removal_gc_rl.tsv.gz
"(28,29]",31646,CDM020.A0101.SG1.1.10M.artifact_removal_gc_rl.tsv.gz
"(29,30]",39445,CDM020.A0101.SG1.1.10M.artifact_removal_gc_rl.tsv.gz
"(30,31]",39960,CDM020.A0101.SG1.1.10M.artifact_removal_gc_rl.tsv.gz
"(31,32]",50627,CDM020.A0101.SG1.1.10M.artifact_removal_gc_rl.tsv.gz
"(32,33]",54040,CDM020.A0101.SG1.1.10M.artifact_removal_gc_rl.tsv.gz
"(33,34]",58340,CDM020.A0101.SG1.1.10M.artifact_removal_gc_rl.tsv.gz
"(34,35]",72388,CDM020.A0101.SG1.1.10M.artifact_removal_gc_rl.tsv.gz
"(35,36]",76280,CDM020.A0101.SG1.1.10M.artifact_removal_gc_rl.tsv.gz
"(36,37]",84482,CDM020.A0101.SG1.1.10M.artifact_removal_gc_rl.tsv.gz
"(37,38]",86788,CDM020.A0101.SG1.1.10M.artifact_removal_gc_rl.tsv.gz
"(38,39]",99103,CDM020.A0101.SG1.1.10M.artifact_removal_gc_rl.tsv.gz
"(39,40]",129473,CDM020.A0101.SG1.1.10M.artifact_removal_gc_rl.tsv.gz
"(40,41]",94534,CDM020.A0101.SG1.1.10M.artifact_removal_gc_rl.tsv.gz
"(41,42]",120602,CDM020.A0101.SG1.1.10M.artifact_removal_gc_rl.tsv.gz
"(42,43]",129474,CDM020.A0101.SG1.1.10M.artifact_removal_gc_rl.tsv.gz
"(43,44]",148584,CDM020.A0101.SG1.1.10M.artifact_removal_gc_rl.tsv.gz
"(44,45]",147676,CDM020.A0101.SG1.1.10M.artifact_removal_gc_rl.tsv.gz
"(45,46]",149848,CDM020.A0101.SG1.1.10M.artifact_removal_gc_rl.tsv.gz
"(46,47]",163980,CDM020.A0101.SG1.1.10M.artifact_removal_gc_rl.tsv.gz
"(47,48]",185561,CDM020.A0101.SG1.1.10M.artifact_removal_gc_rl.tsv.gz
"(48,49]",194929,CDM020.A0101.SG1.1.10M.artifact_removal_gc_rl.tsv.gz
"(49,50]",279921,CDM020.A0101.SG1.1.10M.artifact_removal_gc_rl.tsv.gz
"(50,51]",96147,CDM020.A0101.SG1.1.10M.artifact_removal_gc_rl.tsv.gz
"(51,52]",245366,CDM020.A0101.SG1.1.10M.artifact_removal_gc_rl.tsv.gz
"(52,53]",233707,CDM020.A0101.SG1.1.10M.artifact_removal_gc_rl.tsv.gz
"(53,54]",256401,CDM020.A0101.SG1.1.10M.artifact_removal_gc_rl.tsv.gz
"(54,55]",267164,CDM020.A0101.SG1.1.10M.artifact_removal_gc_rl.tsv.gz
"(55,56]",277346,CDM020.A0101.SG1.1.10M.artifact_removal_gc_rl.tsv.gz
"(56,57]",298998,CDM020.A0101.SG1.1.10M.artifact_removal_gc_rl.tsv.gz
"(57,58]",322814,CDM020.A0101.SG1.1.10M.artifact_removal_gc_rl.tsv.gz
"(58,59]",307847,CDM020.A0101.SG1.1.10M.artifact_removal_gc_rl.tsv.gz
"(59,60]",403760,CDM020.A0101.SG1.1.10M.artifact_removal_gc_rl.tsv.gz
"(60,61]",292222,CDM020.A0101.SG1.1.10M.artifact_removal_gc_rl.tsv.gz
"(61,62]",368988,CDM020.A0101.SG1.1.10M.artifact_removal_gc_rl.tsv.gz
"(62,63]",323555,CDM020.A0101.SG1.1.10M.artifact_removal_gc_rl.tsv.gz
"(63,64]",379843,CDM020.A0101.SG1.1.10M.artifact_removal_gc_rl.tsv.gz
"(64,65]",356866,CDM020.A0101.SG1.1.10M.artifact_removal_gc_rl.tsv.gz
"(65,66]",338032,CDM020.A0101.SG1.1.10M.artifact_removal_gc_rl.tsv.gz
"(66,67]",285864,CDM020.A0101.SG1.1.10M.artifact_removal_gc_rl.tsv.gz
"(67,68]",313686,CDM020.A0101.SG1.1.10M.artifact_removal_gc_rl.tsv.gz
"(68,69]",266870,CDM020.A0101.SG1.1.10M.artifact_removal_gc_rl.tsv.gz
"(69,70]",280531,CDM020.A0101.SG1.1.10M.artifact_removal_gc_rl.tsv.gz
"(70,71]",189921,CDM020.A0101.SG1.1.10M.artifact_removal_gc_rl.tsv.gz
"(71,72]",207681,CDM020.A0101.SG1.1.10M.artifact_removal_gc_rl.tsv.gz
"(72,73]",167591,CDM020.A0101.SG1.1.10M.artifact_removal_gc_rl.tsv.gz
"(73,74]",149487,CDM020.A0101.SG1.1.10M.artifact_removal_gc_rl.tsv.gz
"(74,75]",146723,CDM020.A0101.SG1.1.10M.artifact_removal_gc_rl.tsv.gz
"(75,76]",70709,CDM020.A0101.SG1.1.10M.artifact_removal_gc_rl.tsv.gz
"(76,77]",80801,CDM020.A0101.SG1.1.10M.artifact_removal_gc_rl.tsv.gz
"(77,78]",65777,CDM020.A0101.SG1.1.10M.artifact_removal_gc_rl.tsv.gz
"(78,79]",51972,CDM020.A0101.SG1.1.10M.artifact_removal_gc_rl.tsv.gz
"(79,80]",44264,CDM020.A0101.SG1.1.10M.artifact_removal_gc_rl.tsv.gz
"(80,81]",22741,CDM020.A0101.SG1.1.10M.artifact_removal_gc_rl.tsv.gz
"(81,82]",22987,CDM020.A0101.SG1.1.10M.artifact_removal_gc_rl.tsv.gz
"(82,83]",15989,CDM020.A0101.SG1.1.10M.artifact_removal_gc_rl.tsv.gz
"(83,84]",13195,CDM020.A0101.SG1.1.10M.artifact_removal_gc_rl.tsv.gz
"(84,85]",9504,CDM020.A0101.SG1.1.10M.artifact_removal_gc_rl.tsv.gz
"(85,86]",5524,CDM020.A0101.SG1.1.10M.artifact_removal_gc_rl.tsv.gz
"(86,87]",5100,CDM020.A0101.SG1.1.10M.artifact_removal_gc_rl.tsv.gz
"(87,88]",4111,CDM020.A0101.SG1.1.10M.artifact_removal_gc_rl.tsv.gz
"(88,89]",2296,CDM020.A0101.SG1.1.10M.artifact_removal_gc_rl.tsv.gz
"(89,90]",1900,CDM020.A0101.SG1.1.10M.artifact_removal_gc_rl.tsv.gz
"(90,91]",1441,CDM020.A0101.SG1.1.10M.artifact_removal_gc_rl.tsv.gz
"(91,92]",1071,CDM020.A0101.SG1.1.10M.artifact_removal_gc_rl.tsv.gz
"(92,93]",611,CDM020.A0101.SG1.1.10M.artifact_removal_gc_rl.tsv.gz
"(93,94]",724,CDM020.A0101.SG1.1.10M.artifact_removal_gc_rl.tsv.gz
"(94,95]",619,CDM020.A0101.SG1.1.10M.artifact_removal_gc_rl.tsv.gz
"(95,96]",366,CDM020.A0101.SG1.1.10M.artifact_removal_gc_rl.tsv.gz
"(96,97]",339,CDM020.A0101.SG1.1.10M.artifact_removal_gc_rl.tsv.gz
"(97,98]",389,CDM020.A0101.SG1.1.10M.artifact_removal_gc_rl.tsv.gz
"(98,99]",333,CDM020.A0101.SG1.1.10M.artifact_removal_gc_rl.tsv.gz
"(99,100]",642,CDM020.A0101.SG1.1.10M.artifact_removal_gc_rl.tsv.gz
"[0,1]",15,CDM020.A0102.SG1.4.10M.artifact_removal_gc_rl.tsv.gz
"(1,2]",33,CDM020.A0102.SG1.4.10M.artifact_removal_gc_rl.tsv.gz
"(2,3]",52,CDM020.A0102.SG1.4.10M.artifact_removal_gc_rl.tsv.gz
"(3,4]",48,CDM020.A0102.SG1.4.10M.artifact_removal_gc_rl.tsv.gz
"(4,5]",139,CDM020.A0102.SG1.4.10M.artifact_removal_gc_rl.tsv.gz
"(5,6]",219,CDM020.A0102.SG1.4.10M.artifact_removal_gc_rl.tsv.gz
"(6,7]",334,CDM020.A0102.SG1.4.10M.artifact_removal_gc_rl.tsv.gz
"(7,8]",601,CDM020.A0102.SG1.4.10M.artifact_removal_gc_rl.tsv.gz
"(8,9]",803,CDM020.A0102.SG1.4.10M.artifact_removal_gc_rl.tsv.gz
"(9,10]",1498,CDM020.A0102.SG1.4.10M.artifact_removal_gc_rl.tsv.gz
"(10,11]",1826,CDM020.A0102.SG1.4.10M.artifact_removal_gc_rl.tsv.gz
"(11,12]",2984,CDM020.A0102.SG1.4.10M.artifact_removal_gc_rl.tsv.gz
"(12,13]",3640,CDM020.A0102.SG1.4.10M.artifact_removal_gc_rl.tsv.gz
"(13,14]",5825,CDM020.A0102.SG1.4.10M.artifact_removal_gc_rl.tsv.gz
"(14,15]",7489,CDM020.A0102.SG1.4.10M.artifact_removal_gc_rl.tsv.gz
"(15,16]",9699,CDM020.A0102.SG1.4.10M.artifact_removal_gc_rl.tsv.gz
"(16,17]",10691,CDM020.A0102.SG1.4.10M.artifact_removal_gc_rl.tsv.gz
"(17,18]",16189,CDM020.A0102.SG1.4.10M.artifact_removal_gc_rl.tsv.gz
"(18,19]",19361,CDM020.A0102.SG1.4.10M.artifact_removal_gc_rl.tsv.gz
"(19,20]",28857,CDM020.A0102.SG1.4.10M.artifact_removal_gc_rl.tsv.gz
"(20,21]",20027,CDM020.A0102.SG1.4.10M.artifact_removal_gc_rl.tsv.gz
"(21,22]",36171,CDM020.A0102.SG1.4.10M.artifact_removal_gc_rl.tsv.gz
"(22,23]",39873,CDM020.A0102.SG1.4.10M.artifact_removal_gc_rl.tsv.gz
"(23,24]",48660,CDM020.A0102.SG1.4.10M.artifact_removal_gc_rl.tsv.gz
"(24,25]",63745,CDM020.A0102.SG1.4.10M.artifact_removal_gc_rl.tsv.gz
"(25,26]",45592,CDM020.A0102.SG1.4.10M.artifact_removal_gc_rl.tsv.gz
"(26,27]",67396,CDM020.A0102.SG1.4.10M.artifact_removal_gc_rl.tsv.gz
"(27,28]",80181,CDM020.A0102.SG1.4.10M.artifact_removal_gc_rl.tsv.gz
"(28,29]",84030,CDM020.A0102.SG1.4.10M.artifact_removal_gc_rl.tsv.gz
"(29,30]",98247,CDM020.A0102.SG1.4.10M.artifact_removal_gc_rl.tsv.gz
"(30,31]",95411,CDM020.A0102.SG1.4.10M.artifact_removal_gc_rl.tsv.gz
"(31,32]",115135,CDM020.A0102.SG1.4.10M.artifact_removal_gc_rl.tsv.gz
"(32,33]",117438,CDM020.A0102.SG1.4.10M.artifact_removal_gc_rl.tsv.gz
"(33,34]",118283,CDM020.A0102.SG1.4.10M.artifact_removal_gc_rl.tsv.gz
"(34,35]",143275,CDM020.A0102.SG1.4.10M.artifact_removal_gc_rl.tsv.gz
"(35,36]",145046,CDM020.A0102.SG1.4.10M.artifact_removal_gc_rl.tsv.gz
"(36,37]",152247,CDM020.A0102.SG1.4.10M.artifact_removal_gc_rl.tsv.gz
"(37,38]",145902,CDM020.A0102.SG1.4.10M.artifact_removal_gc_rl.tsv.gz
"(38,39]",164153,CDM020.A0102.SG1.4.10M.artifact_removal_gc_rl.tsv.gz
"(39,40]",204550,CDM020.A0102.SG1.4.10M.artifact_removal_gc_rl.tsv.gz
"(40,41]",139581,CDM020.A0102.SG1.4.10M.artifact_removal_gc_rl.tsv.gz
"(41,42]",174532,CDM020.A0102.SG1.4.10M.artifact_removal_gc_rl.tsv.gz
"(42,43]",177639,CDM020.A0102.SG1.4.10M.artifact_removal_gc_rl.tsv.gz
"(43,44]",198061,CDM020.A0102.SG1.4.10M.artifact_removal_gc_rl.tsv.gz
"(44,45]",185250,CDM020.A0102.SG1.4.10M.artifact_removal_gc_rl.tsv.gz
"(45,46]",186099,CDM020.A0102.SG1.4.10M.artifact_removal_gc_rl.tsv.gz
"(46,47]",189612,CDM020.A0102.SG1.4.10M.artifact_removal_gc_rl.tsv.gz
"(47,48]",201605,CDM020.A0102.SG1.4.10M.artifact_removal_gc_rl.tsv.gz
"(48,49]",214203,CDM020.A0102.SG1.4.10M.artifact_removal_gc_rl.tsv.gz
"(49,50]",288748,CDM020.A0102.SG1.4.10M.artifact_removal_gc_rl.tsv.gz
"(50,51]",75782,CDM020.A0102.SG1.4.10M.artifact_removal_gc_rl.tsv.gz
"(51,52]",235013,CDM020.A0102.SG1.4.10M.artifact_removal_gc_rl.tsv.gz
"(52,53]",205458,CDM020.A0102.SG1.4.10M.artifact_removal_gc_rl.tsv.gz
"(53,54]",216925,CDM020.A0102.SG1.4.10M.artifact_removal_gc_rl.tsv.gz
"(54,55]",228492,CDM020.A0102.SG1.4.10M.artifact_removal_gc_rl.tsv.gz
"(55,56]",204937,CDM020.A0102.SG1.4.10M.artifact_removal_gc_rl.tsv.gz
"(56,57]",224479,CDM020.A0102.SG1.4.10M.artifact_removal_gc_rl.tsv.gz
"(57,58]",224111,CDM020.A0102.SG1.4.10M.artifact_removal_gc_rl.tsv.gz
"(58,59]",217541,CDM020.A0102.SG1.4.10M.artifact_removal_gc_rl.tsv.gz
"(59,60]",268973,CDM020.A0102.SG1.4.10M.artifact_removal_gc_rl.tsv.gz
"(60,61]",169152,CDM020.A0102.SG1.4.10M.artifact_removal_gc_rl.tsv.gz
"(61,62]",219486,CDM020.A0102.SG1.4.10M.artifact_removal_gc_rl.tsv.gz
"(62,63]",188803,CDM020.A0102.SG1.4.10M.artifact_removal_gc_rl.tsv.gz
"(63,64]",212051,CDM020.A0102.SG1.4.10M.artifact_removal_gc_rl.tsv.gz
"(64,65]",191883,CDM020.A0102.SG1.4.10M.artifact_removal_gc_rl.tsv.gz
"(65,66]",172983,CDM020.A0102.SG1.4.10M.artifact_removal_gc_rl.tsv.gz
"(66,67]",149898,CDM020.A0102.SG1.4.10M.artifact_removal_gc_rl.tsv.gz
"(67,68]",145982,CDM020.A0102.SG1.4.10M.artifact_removal_gc_rl.tsv.gz
"(68,69]",123855,CDM020.A0102.SG1.4.10M.artifact_removal_gc_rl.tsv.gz
"(69,70]",130813,CDM020.A0102.SG1.4.10M.artifact_removal_gc_rl.tsv.gz
"(70,71]",88566,CDM020.A0102.SG1.4.10M.artifact_removal_gc_rl.tsv.gz
"(71,72]",88360,CDM020.A0102.SG1.4.10M.artifact_removal_gc_rl.tsv.gz
"(72,73]",69457,CDM020.A0102.SG1.4.10M.artifact_removal_gc_rl.tsv.gz
"(73,74]",61639,CDM020.A0102.SG1.4.10M.artifact_removal_gc_rl.tsv.gz
"(74,75]",64497,CDM020.A0102.SG1.4.10M.artifact_removal_gc_rl.tsv.gz
"(75,76]",27156,CDM020.A0102.SG1.4.10M.artifact_removal_gc_rl.tsv.gz
"(76,77]",33349,CDM020.A0102.SG1.4.10M.artifact_removal_gc_rl.tsv.gz
"(77,78]",26264,CDM020.A0102.SG1.4.10M.artifact_removal_gc_rl.tsv.gz
"(78,79]",21968,CDM020.A0102.SG1.4.10M.artifact_removal_gc_rl.tsv.gz
"(79,80]",18643,CDM020.A0102.SG1.4.10M.artifact_removal_gc_rl.tsv.gz
"(80,81]",8947,CDM020.A0102.SG1.4.10M.artifact_removal_gc_rl.tsv.gz
"(81,82]",9439,CDM020.A0102.SG1.4.10M.artifact_removal_gc_rl.tsv.gz
"(82,83]",5993,CDM020.A0102.SG1.4.10M.artifact_removal_gc_rl.tsv.gz
"(83,84]",5745,CDM020.A0102.SG1.4.10M.artifact_removal_gc_rl.tsv.gz
"(84,85]",3796,CDM020.A0102.SG1.4.10M.artifact_removal_gc_rl.tsv.gz
"(85,86]",1675,CDM020.A0102.SG1.4.10M.artifact_removal_gc_rl.tsv.gz
"(86,87]",1945,CDM020.A0102.SG1.4.10M.artifact_removal_gc_rl.tsv.gz
"(87,88]",1681,CDM020.A0102.SG1.4.10M.artifact_removal_gc_rl.tsv.gz
"(88,89]",757,CDM020.A0102.SG1.4.10M.artifact_removal_gc_rl.tsv.gz
"(89,90]",522,CDM020.A0102.SG1.4.10M.artifact_removal_gc_rl.tsv.gz
"(90,91]",440,CDM020.A0102.SG1.4.10M.artifact_removal_gc_rl.tsv.gz
"(91,92]",237,CDM020.A0102.SG1.4.10M.artifact_removal_gc_rl.tsv.gz
"(92,93]",81,CDM020.A0102.SG1.4.10M.artifact_removal_gc_rl.tsv.gz
"(93,94]",226,CDM020.A0102.SG1.4.10M.artifact_removal_gc_rl.tsv.gz
"(94,95]",76,CDM020.A0102.SG1.4.10M.artifact_removal_gc_rl.tsv.gz
"(95,96]",23,CDM020.A0102.SG1.4.10M.artifact_removal_gc_rl.tsv.gz
"(96,97]",47,CDM020.A0102.SG1.4.10M.artifact_removal_gc_rl.tsv.gz
"(97,98]",31,CDM020.A0102.SG1.4.10M.artifact_removal_gc_rl.tsv.gz
"(98,99]",37,CDM020.A0102.SG1.4.10M.artifact_removal_gc_rl.tsv.gz
"(99,100]",133,CDM020.A0102.SG1.4.10M.artifact_removal_gc_rl.tsv.gz
"[0,1]",32,FUM001.A0101.SG1.1.10M.artifact_removal_gc_rl.tsv.gz
"(1,2]",37,FUM001.A0101.SG1.1.10M.artifact_removal_gc_rl.tsv.gz
"(2,3]",65,FUM001.A0101.SG1.1.10M.artifact_removal_gc_rl.tsv.gz
"(3,4]",38,FUM001.A0101.SG1.1.10M.artifact_removal_gc_rl.tsv.gz
"(4,5]",58,FUM001.A0101.SG1.1.10M.artifact_removal_gc_rl.tsv.gz
"(5,6]",91,FUM001.A0101.SG1.1.10M.artifact_removal_gc_rl.tsv.gz
"(6,7]",92,FUM001.A0101.SG1.1.10M.artifact_removal_gc_rl.tsv.gz
"(7,8]",90,FUM001.A0101.SG1.1.10M.artifact_removal_gc_rl.tsv.gz
"(8,9]",102,FUM001.A0101.SG1.1.10M.artifact_removal_gc_rl.tsv.gz
"(9,10]",197,FUM001.A0101.SG1.1.10M.artifact_removal_gc_rl.tsv.gz
"(10,11]",203,FUM001.A0101.SG1.1.10M.artifact_removal_gc_rl.tsv.gz
"(11,12]",302,FUM001.A0101.SG1.1.10M.artifact_removal_gc_rl.tsv.gz
"(12,13]",377,FUM001.A0101.SG1.1.10M.artifact_removal_gc_rl.tsv.gz
"(13,14]",502,FUM001.A0101.SG1.1.10M.artifact_removal_gc_rl.tsv.gz
"(14,15]",621,FUM001.A0101.SG1.1.10M.artifact_removal_gc_rl.tsv.gz
"(15,16]",971,FUM001.A0101.SG1.1.10M.artifact_removal_gc_rl.tsv.gz
"(16,17]",1223,FUM001.A0101.SG1.1.10M.artifact_removal_gc_rl.tsv.gz
"(17,18]",1693,FUM001.A0101.SG1.1.10M.artifact_removal_gc_rl.tsv.gz
"(18,19]",2228,FUM001.A0101.SG1.1.10M.artifact_removal_gc_rl.tsv.gz
"(19,20]",3677,FUM001.A0101.SG1.1.10M.artifact_removal_gc_rl.tsv.gz
"(20,21]",2643,FUM001.A0101.SG1.1.10M.artifact_removal_gc_rl.tsv.gz
"(21,22]",5149,FUM001.A0101.SG1.1.10M.artifact_removal_gc_rl.tsv.gz
"(22,23]",5741,FUM001.A0101.SG1.1.10M.artifact_removal_gc_rl.tsv.gz
"(23,24]",7909,FUM001.A0101.SG1.1.10M.artifact_removal_gc_rl.tsv.gz
"(24,25]",11099,FUM001.A0101.SG1.1.10M.artifact_removal_gc_rl.tsv.gz
"(25,26]",8482,FUM001.A0101.SG1.1.10M.artifact_removal_gc_rl.tsv.gz
"(26,27]",13309,FUM001.A0101.SG1.1.10M.artifact_removal_gc_rl.tsv.gz
"(27,28]",16461,FUM001.A0101.SG1.1.10M.artifact_removal_gc_rl.tsv.gz
"(28,29]",18038,FUM001.A0101.SG1.1.10M.artifact_removal_gc_rl.tsv.gz
"(29,30]",22384,FUM001.A0101.SG1.1.10M.artifact_removal_gc_rl.tsv.gz
"(30,31]",22747,FUM001.A0101.SG1.1.10M.artifact_removal_gc_rl.tsv.gz
"(31,32]",28849,FUM001.A0101.SG1.1.10M.artifact_removal_gc_rl.tsv.gz
"(32,33]",30256,FUM001.A0101.SG1.1.10M.artifact_removal_gc_rl.tsv.gz
"(33,34]",32448,FUM001.A0101.SG1.1.10M.artifact_removal_gc_rl.tsv.gz
"(34,35]",40884,FUM001.A0101.SG1.1.10M.artifact_removal_gc_rl.tsv.gz
"(35,36]",44791,FUM001.A0101.SG1.1.10M.artifact_removal_gc_rl.tsv.gz
"(36,37]",47761,FUM001.A0101.SG1.1.10M.artifact_removal_gc_rl.tsv.gz
"(37,38]",49055,FUM001.A0101.SG1.1.10M.artifact_removal_gc_rl.tsv.gz
"(38,39]",56272,FUM001.A0101.SG1.1.10M.artifact_removal_gc_rl.tsv.gz
"(39,40]",74132,FUM001.A0101.SG1.1.10M.artifact_removal_gc_rl.tsv.gz
"(40,41]",52855,FUM001.A0101.SG1.1.10M.artifact_removal_gc_rl.tsv.gz
"(41,42]",71220,FUM001.A0101.SG1.1.10M.artifact_removal_gc_rl.tsv.gz
"(42,43]",75203,FUM001.A0101.SG1.1.10M.artifact_removal_gc_rl.tsv.gz
"(43,44]",88919,FUM001.A0101.SG1.1.10M.artifact_removal_gc_rl.tsv.gz
"(44,45]",90394,FUM001.A0101.SG1.1.10M.artifact_removal_gc_rl.tsv.gz
"(45,46]",96879,FUM001.A0101.SG1.1.10M.artifact_removal_gc_rl.tsv.gz
"(46,47]",101018,FUM001.A0101.SG1.1.10M.artifact_removal_gc_rl.tsv.gz
"(47,48]",113640,FUM001.A0101.SG1.1.10M.artifact_removal_gc_rl.tsv.gz
"(48,49]",124657,FUM001.A0101.SG1.1.10M.artifact_removal_gc_rl.tsv.gz
"(49,50]",174414,FUM001.A0101.SG1.1.10M.artifact_removal_gc_rl.tsv.gz
"(50,51]",47456,FUM001.A0101.SG1.1.10M.artifact_removal_gc_rl.tsv.gz
"(51,52]",151605,FUM001.A0101.SG1.1.10M.artifact_removal_gc_rl.tsv.gz
"(52,53]",139328,FUM001.A0101.SG1.1.10M.artifact_removal_gc_rl.tsv.gz
"(53,54]",149854,FUM001.A0101.SG1.1.10M.artifact_removal_gc_rl.tsv.gz
"(54,55]",162290,FUM001.A0101.SG1.1.10M.artifact_removal_gc_rl.tsv.gz
"(55,56]",155973,FUM001.A0101.SG1.1.10M.artifact_removal_gc_rl.tsv.gz
"(56,57]",175370,FUM001.A0101.SG1.1.10M.artifact_removal_gc_rl.tsv.gz
"(57,58]",185180,FUM001.A0101.SG1.1.10M.artifact_removal_gc_rl.tsv.gz
"(58,59]",183818,FUM001.A0101.SG1.1.10M.artifact_removal_gc_rl.tsv.gz
"(59,60]",236610,FUM001.A0101.SG1.1.10M.artifact_removal_gc_rl.tsv.gz
"(60,61]",162634,FUM001.A0101.SG1.1.10M.artifact_removal_gc_rl.tsv.gz
"(61,62]",214615,FUM001.A0101.SG1.1.10M.artifact_removal_gc_rl.tsv.gz
"(62,63]",190726,FUM001.A0101.SG1.1.10M.artifact_removal_gc_rl.tsv.gz
"(63,64]",221298,FUM001.A0101.SG1.1.10M.artifact_removal_gc_rl.tsv.gz
"(64,65]",213046,FUM001.A0101.SG1.1.10M.artifact_removal_gc_rl.tsv.gz
"(65,66]",200061,FUM001.A0101.SG1.1.10M.artifact_removal_gc_rl.tsv.gz
"(66,67]",176523,FUM001.A0101.SG1.1.10M.artifact_removal_gc_rl.tsv.gz
"(67,68]",185247,FUM001.A0101.SG1.1.10M.artifact_removal_gc_rl.tsv.gz
"(68,69]",161190,FUM001.A0101.SG1.1.10M.artifact_removal_gc_rl.tsv.gz
"(69,70]",179240,FUM001.A0101.SG1.1.10M.artifact_removal_gc_rl.tsv.gz
"(70,71]",124490,FUM001.A0101.SG1.1.10M.artifact_removal_gc_rl.tsv.gz
"(71,72]",133205,FUM001.A0101.SG1.1.10M.artifact_removal_gc_rl.tsv.gz
"(72,73]",111155,FUM001.A0101.SG1.1.10M.artifact_removal_gc_rl.tsv.gz
"(73,74]",98828,FUM001.A0101.SG1.1.10M.artifact_removal_gc_rl.tsv.gz
"(74,75]",102769,FUM001.A0101.SG1.1.10M.artifact_removal_gc_rl.tsv.gz
"(75,76]",47322,FUM001.A0101.SG1.1.10M.artifact_removal_gc_rl.tsv.gz
"(76,77]",56104,FUM001.A0101.SG1.1.10M.artifact_removal_gc_rl.tsv.gz
"(77,78]",46021,FUM001.A0101.SG1.1.10M.artifact_removal_gc_rl.tsv.gz
"(78,79]",37453,FUM001.A0101.SG1.1.10M.artifact_removal_gc_rl.tsv.gz
"(79,80]",32115,FUM001.A0101.SG1.1.10M.artifact_removal_gc_rl.tsv.gz
"(80,81]",15548,FUM001.A0101.SG1.1.10M.artifact_removal_gc_rl.tsv.gz
"(81,82]",16817,FUM001.A0101.SG1.1.10M.artifact_removal_gc_rl.tsv.gz
"(82,83]",11714,FUM001.A0101.SG1.1.10M.artifact_removal_gc_rl.tsv.gz
"(83,84]",9782,FUM001.A0101.SG1.1.10M.artifact_removal_gc_rl.tsv.gz
"(84,85]",6884,FUM001.A0101.SG1.1.10M.artifact_removal_gc_rl.tsv.gz
"(85,86]",4021,FUM001.A0101.SG1.1.10M.artifact_removal_gc_rl.tsv.gz
"(86,87]",4111,FUM001.A0101.SG1.1.10M.artifact_removal_gc_rl.tsv.gz
"(87,88]",3404,FUM001.A0101.SG1.1.10M.artifact_removal_gc_rl.tsv.gz
"(88,89]",2031,FUM001.A0101.SG1.1.10M.artifact_removal_gc_rl.tsv.gz
"(89,90]",1966,FUM001.A0101.SG1.1.10M.artifact_removal_gc_rl.tsv.gz
"(90,91]",1833,FUM001.A0101.SG1.1.10M.artifact_removal_gc_rl.tsv.gz
"(91,92]",1337,FUM001.A0101.SG1.1.10M.artifact_removal_gc_rl.tsv.gz
"(92,93]",953,FUM001.A0101.SG1.1.10M.artifact_removal_gc_rl.tsv.gz
"(93,94]",1107,FUM001.A0101.SG1.1.10M.artifact_removal_gc_rl.tsv.gz
"(94,95]",1012,FUM001.A0101.SG1.1.10M.artifact_removal_gc_rl.tsv.gz
"(95,96]",667,FUM001.A0101.SG1.1.10M.artifact_removal_gc_rl.tsv.gz
"(96,97]",583,FUM001.A0101.SG1.1.10M.artifact_removal_gc_rl.tsv.gz
"(97,98]",647,FUM001.A0101.SG1.1.10M.artifact_removal_gc_rl.tsv.gz
"(98,99]",645,FUM001.A0101.SG1.1.10M.artifact_removal_gc_rl.tsv.gz
"(99,100]",819,FUM001.A0101.SG1.1.10M.artifact_removal_gc_rl.tsv.gz
"[0,1]",18,FUM001.A0102.SG1.4.10M.artifact_removal_gc_rl.tsv.gz
"(1,2]",17,FUM001.A0102.SG1.4.10M.artifact_removal_gc_rl.tsv.gz
"(2,3]",62,FUM001.A0102.SG1.4.10M.artifact_removal_gc_rl.tsv.gz
"(3,4]",33,FUM001.A0102.SG1.4.10M.artifact_removal_gc_rl.tsv.gz
"(4,5]",95,FUM001.A0102.SG1.4.10M.artifact_removal_gc_rl.tsv.gz
"(5,6]",190,FUM001.A0102.SG1.4.10M.artifact_removal_gc_rl.tsv.gz
"(6,7]",211,FUM001.A0102.SG1.4.10M.artifact_removal_gc_rl.tsv.gz
"(7,8]",282,FUM001.A0102.SG1.4.10M.artifact_removal_gc_rl.tsv.gz
"(8,9]",426,FUM001.A0102.SG1.4.10M.artifact_removal_gc_rl.tsv.gz
"(9,10]",751,FUM001.A0102.SG1.4.10M.artifact_removal_gc_rl.tsv.gz
"(10,11]",522,FUM001.A0102.SG1.4.10M.artifact_removal_gc_rl.tsv.gz
"(11,12]",928,FUM001.A0102.SG1.4.10M.artifact_removal_gc_rl.tsv.gz
"(12,13]",1263,FUM001.A0102.SG1.4.10M.artifact_removal_gc_rl.tsv.gz
"(13,14]",1485,FUM001.A0102.SG1.4.10M.artifact_removal_gc_rl.tsv.gz
"(14,15]",1510,FUM001.A0102.SG1.4.10M.artifact_removal_gc_rl.tsv.gz
"(15,16]",2197,FUM001.A0102.SG1.4.10M.artifact_removal_gc_rl.tsv.gz
"(16,17]",2513,FUM001.A0102.SG1.4.10M.artifact_removal_gc_rl.tsv.gz
"(17,18]",3012,FUM001.A0102.SG1.4.10M.artifact_removal_gc_rl.tsv.gz
"(18,19]",3856,FUM001.A0102.SG1.4.10M.artifact_removal_gc_rl.tsv.gz
"(19,20]",5603,FUM001.A0102.SG1.4.10M.artifact_removal_gc_rl.tsv.gz
"(20,21]",2865,FUM001.A0102.SG1.4.10M.artifact_removal_gc_rl.tsv.gz
"(21,22]",6053,FUM001.A0102.SG1.4.10M.artifact_removal_gc_rl.tsv.gz
"(22,23]",6115,FUM001.A0102.SG1.4.10M.artifact_removal_gc_rl.tsv.gz
"(23,24]",7175,FUM001.A0102.SG1.4.10M.artifact_removal_gc_rl.tsv.gz
"(24,25]",8830,FUM001.A0102.SG1.4.10M.artifact_removal_gc_rl.tsv.gz
"(25,26]",6180,FUM001.A0102.SG1.4.10M.artifact_removal_gc_rl.tsv.gz
"(26,27]",9152,FUM001.A0102.SG1.4.10M.artifact_removal_gc_rl.tsv.gz
"(27,28]",9943,FUM001.A0102.SG1.4.10M.artifact_removal_gc_rl.tsv.gz
"(28,29]",10416,FUM001.A0102.SG1.4.10M.artifact_removal_gc_rl.tsv.gz
"(29,30]",12868,FUM001.A0102.SG1.4.10M.artifact_removal_gc_rl.tsv.gz
"(30,31]",11024,FUM001.A0102.SG1.4.10M.artifact_removal_gc_rl.tsv.gz
"(31,32]",13142,FUM001.A0102.SG1.4.10M.artifact_removal_gc_rl.tsv.gz
"(32,33]",13254,FUM001.A0102.SG1.4.10M.artifact_removal_gc_rl.tsv.gz
"(33,34]",13778,FUM001.A0102.SG1.4.10M.artifact_removal_gc_rl.tsv.gz
"(34,35]",15447,FUM001.A0102.SG1.4.10M.artifact_removal_gc_rl.tsv.gz
"(35,36]",15360,FUM001.A0102.SG1.4.10M.artifact_removal_gc_rl.tsv.gz
"(36,37]",16527,FUM001.A0102.SG1.4.10M.artifact_removal_gc_rl.tsv.gz
"(37,38]",14793,FUM001.A0102.SG1.4.10M.artifact_removal_gc_rl.tsv.gz
"(38,39]",16828,FUM001.A0102.SG1.4.10M.artifact_removal_gc_rl.tsv.gz
"(39,40]",21230,FUM001.A0102.SG1.4.10M.artifact_removal_gc_rl.tsv.gz
"(40,41]",13157,FUM001.A0102.SG1.4.10M.artifact_removal_gc_rl.tsv.gz
"(41,42]",18023,FUM001.A0102.SG1.4.10M.artifact_removal_gc_rl.tsv.gz
"(42,43]",16900,FUM001.A0102.SG1.4.10M.artifact_removal_gc_rl.tsv.gz
"(43,44]",20468,FUM001.A0102.SG1.4.10M.artifact_removal_gc_rl.tsv.gz
"(44,45]",18146,FUM001.A0102.SG1.4.10M.artifact_removal_gc_rl.tsv.gz
"(45,46]",20300,FUM001.A0102.SG1.4.10M.artifact_removal_gc_rl.tsv.gz
"(46,47]",20299,FUM001.A0102.SG1.4.10M.artifact_removal_gc_rl.tsv.gz
"(47,48]",21490,FUM001.A0102.SG1.4.10M.artifact_removal_gc_rl.tsv.gz
"(48,49]",24906,FUM001.A0102.SG1.4.10M.artifact_removal_gc_rl.tsv.gz
"(49,50]",34913,FUM001.A0102.SG1.4.10M.artifact_removal_gc_rl.tsv.gz
"(50,51]",6475,FUM001.A0102.SG1.4.10M.artifact_removal_gc_rl.tsv.gz
"(51,52]",30275,FUM001.A0102.SG1.4.10M.artifact_removal_gc_rl.tsv.gz
"(52,53]",24747,FUM001.A0102.SG1.4.10M.artifact_removal_gc_rl.tsv.gz
"(53,54]",25705,FUM001.A0102.SG1.4.10M.artifact_removal_gc_rl.tsv.gz
"(54,55]",26597,FUM001.A0102.SG1.4.10M.artifact_removal_gc_rl.tsv.gz
"(55,56]",22043,FUM001.A0102.SG1.4.10M.artifact_removal_gc_rl.tsv.gz
"(56,57]",25543,FUM001.A0102.SG1.4.10M.artifact_removal_gc_rl.tsv.gz
"(57,58]",24335,FUM001.A0102.SG1.4.10M.artifact_removal_gc_rl.tsv.gz
"(58,59]",24864,FUM001.A0102.SG1.4.10M.artifact_removal_gc_rl.tsv.gz
"(59,60]",31194,FUM001.A0102.SG1.4.10M.artifact_removal_gc_rl.tsv.gz
"(60,61]",18289,FUM001.A0102.SG1.4.10M.artifact_removal_gc_rl.tsv.gz
"(61,62]",25235,FUM001.A0102.SG1.4.10M.artifact_removal_gc_rl.tsv.gz
"(62,63]",22225,FUM001.A0102.SG1.4.10M.artifact_removal_gc_rl.tsv.gz
"(63,64]",25446,FUM001.A0102.SG1.4.10M.artifact_removal_gc_rl.tsv.gz
"(64,65]",23395,FUM001.A0102.SG1.4.10M.artifact_removal_gc_rl.tsv.gz
"(65,66]",21451,FUM001.A0102.SG1.4.10M.artifact_removal_gc_rl.tsv.gz
"(66,67]",19877,FUM001.A0102.SG1.4.10M.artifact_removal_gc_rl.tsv.gz
"(67,68]",18783,FUM001.A0102.SG1.4.10M.artifact_removal_gc_rl.tsv.gz
"(68,69]",16513,FUM001.A0102.SG1.4.10M.artifact_removal_gc_rl.tsv.gz
"(69,70]",18479,FUM001.A0102.SG1.4.10M.artifact_removal_gc_rl.tsv.gz
"(70,71]",13044,FUM001.A0102.SG1.4.10M.artifact_removal_gc_rl.tsv.gz
"(71,72]",12967,FUM001.A0102.SG1.4.10M.artifact_removal_gc_rl.tsv.gz
"(72,73]",10467,FUM001.A0102.SG1.4.10M.artifact_removal_gc_rl.tsv.gz
"(73,74]",9723,FUM001.A0102.SG1.4.10M.artifact_removal_gc_rl.tsv.gz
"(74,75]",10913,FUM001.A0102.SG1.4.10M.artifact_removal_gc_rl.tsv.gz
"(75,76]",4455,FUM001.A0102.SG1.4.10M.artifact_removal_gc_rl.tsv.gz
"(76,77]",5851,FUM001.A0102.SG1.4.10M.artifact_removal_gc_rl.tsv.gz
"(77,78]",4553,FUM001.A0102.SG1.4.10M.artifact_removal_gc_rl.tsv.gz
"(78,79]",3937,FUM001.A0102.SG1.4.10M.artifact_removal_gc_rl.tsv.gz
"(79,80]",3388,FUM001.A0102.SG1.4.10M.artifact_removal_gc_rl.tsv.gz
"(80,81]",1684,FUM001.A0102.SG1.4.10M.artifact_removal_gc_rl.tsv.gz
"(81,82]",1763,FUM001.A0102.SG1.4.10M.artifact_removal_gc_rl.tsv.gz
"(82,83]",1054,FUM001.A0102.SG1.4.10M.artifact_removal_gc_rl.tsv.gz
"(83,84]",1132,FUM001.A0102.SG1.4.10M.artifact_removal_gc_rl.tsv.gz
"(84,85]",749,FUM001.A0102.SG1.4.10M.artifact_removal_gc_rl.tsv.gz
"(85,86]",387,FUM001.A0102.SG1.4.10M.artifact_removal_gc_rl.tsv.gz
"(86,87]",382,FUM001.A0102.SG1.4.10M.artifact_removal_gc_rl.tsv.gz
"(87,88]",329,FUM001.A0102.SG1.4.10M.artifact_removal_gc_rl.tsv.gz
"(88,89]",168,FUM001.A0102.SG1.4.10M.artifact_removal_gc_rl.tsv.gz
"(89,90]",133,FUM001.A0102.SG1.4.10M.artifact_removal_gc_rl.tsv.gz
"(90,91]",136,FUM001.A0102.SG1.4.10M.artifact_removal_gc_rl.tsv.gz
"(91,92]",64,FUM001.A0102.SG1.4.10M.artifact_removal_gc_rl.tsv.gz
"(92,93]",46,FUM001.A0102.SG1.4.10M.artifact_removal_gc_rl.tsv.gz
"(93,94]",73,FUM001.A0102.SG1.4.10M.artifact_removal_gc_rl.tsv.gz
"(94,95]",42,FUM001.A0102.SG1.4.10M.artifact_removal_gc_rl.tsv.gz
"(95,96]",12,FUM001.A0102.SG1.4.10M.artifact_removal_gc_rl.tsv.gz
"(96,97]",14,FUM001.A0102.SG1.4.10M.artifact_removal_gc_rl.tsv.gz
"(97,98]",21,FUM001.A0102.SG1.4.10M.artifact_removal_gc_rl.tsv.gz
"(98,99]",14,FUM001.A0102.SG1.4.10M.artifact_removal_gc_rl.tsv.gz
"(99,100]",21,FUM001.A0102.SG1.4.10M.artifact_removal_gc_rl.tsv.gz
"(1,2]",5,FUM002.A0101.SG1.1.10M.artifact_removal_gc_rl.tsv.gz
"(2,3]",6,FUM002.A0101.SG1.1.10M.artifact_removal_gc_rl.tsv.gz
"(3,4]",2,FUM002.A0101.SG1.1.10M.artifact_removal_gc_rl.tsv.gz
"(4,5]",4,FUM002.A0101.SG1.1.10M.artifact_removal_gc_rl.tsv.gz
"(5,6]",8,FUM002.A0101.SG1.1.10M.artifact_removal_gc_rl.tsv.gz
"(6,7]",14,FUM002.A0101.SG1.1.10M.artifact_removal_gc_rl.tsv.gz
"(7,8]",22,FUM002.A0101.SG1.1.10M.artifact_removal_gc_rl.tsv.gz
"(8,9]",59,FUM002.A0101.SG1.1.10M.artifact_removal_gc_rl.tsv.gz
"(9,10]",90,FUM002.A0101.SG1.1.10M.artifact_removal_gc_rl.tsv.gz
"(10,11]",92,FUM002.A0101.SG1.1.10M.artifact_removal_gc_rl.tsv.gz
"(11,12]",234,FUM002.A0101.SG1.1.10M.artifact_removal_gc_rl.tsv.gz
"(12,13]",341,FUM002.A0101.SG1.1.10M.artifact_removal_gc_rl.tsv.gz
"(13,14]",575,FUM002.A0101.SG1.1.10M.artifact_removal_gc_rl.tsv.gz
"(14,15]",843,FUM002.A0101.SG1.1.10M.artifact_removal_gc_rl.tsv.gz
"(15,16]",1202,FUM002.A0101.SG1.1.10M.artifact_removal_gc_rl.tsv.gz
"(16,17]",1531,FUM002.A0101.SG1.1.10M.artifact_removal_gc_rl.tsv.gz
"(17,18]",2309,FUM002.A0101.SG1.1.10M.artifact_removal_gc_rl.tsv.gz
"(18,19]",2857,FUM002.A0101.SG1.1.10M.artifact_removal_gc_rl.tsv.gz
"(19,20]",4896,FUM002.A0101.SG1.1.10M.artifact_removal_gc_rl.tsv.gz
"(20,21]",3597,FUM002.A0101.SG1.1.10M.artifact_removal_gc_rl.tsv.gz
"(21,22]",6836,FUM002.A0101.SG1.1.10M.artifact_removal_gc_rl.tsv.gz
"(22,23]",7330,FUM002.A0101.SG1.1.10M.artifact_removal_gc_rl.tsv.gz
"(23,24]",9971,FUM002.A0101.SG1.1.10M.artifact_removal_gc_rl.tsv.gz
"(24,25]",14528,FUM002.A0101.SG1.1.10M.artifact_removal_gc_rl.tsv.gz
"(25,26]",10521,FUM002.A0101.SG1.1.10M.artifact_removal_gc_rl.tsv.gz
"(26,27]",15433,FUM002.A0101.SG1.1.10M.artifact_removal_gc_rl.tsv.gz
"(27,28]",19517,FUM002.A0101.SG1.1.10M.artifact_removal_gc_rl.tsv.gz
"(28,29]",21663,FUM002.A0101.SG1.1.10M.artifact_removal_gc_rl.tsv.gz
"(29,30]",29366,FUM002.A0101.SG1.1.10M.artifact_removal_gc_rl.tsv.gz
"(30,31]",26044,FUM002.A0101.SG1.1.10M.artifact_removal_gc_rl.tsv.gz
"(31,32]",32908,FUM002.A0101.SG1.1.10M.artifact_removal_gc_rl.tsv.gz
"(32,33]",35387,FUM002.A0101.SG1.1.10M.artifact_removal_gc_rl.tsv.gz
"(33,34]",41870,FUM002.A0101.SG1.1.10M.artifact_removal_gc_rl.tsv.gz
"(34,35]",50778,FUM002.A0101.SG1.1.10M.artifact_removal_gc_rl.tsv.gz
"(35,36]",52218,FUM002.A0101.SG1.1.10M.artifact_removal_gc_rl.tsv.gz
"(36,37]",60123,FUM002.A0101.SG1.1.10M.artifact_removal_gc_rl.tsv.gz
"(37,38]",63021,FUM002.A0101.SG1.1.10M.artifact_removal_gc_rl.tsv.gz
"(38,39]",71658,FUM002.A0101.SG1.1.10M.artifact_removal_gc_rl.tsv.gz
"(39,40]",98689,FUM002.A0101.SG1.1.10M.artifact_removal_gc_rl.tsv.gz
"(40,41]",63766,FUM002.A0101.SG1.1.10M.artifact_removal_gc_rl.tsv.gz
"(41,42]",99475,FUM002.A0101.SG1.1.10M.artifact_removal_gc_rl.tsv.gz
"(42,43]",98817,FUM002.A0101.SG1.1.10M.artifact_removal_gc_rl.tsv.gz
"(43,44]",120038,FUM002.A0101.SG1.1.10M.artifact_removal_gc_rl.tsv.gz
"(44,45]",118243,FUM002.A0101.SG1.1.10M.artifact_removal_gc_rl.tsv.gz
"(45,46]",139411,FUM002.A0101.SG1.1.10M.artifact_removal_gc_rl.tsv.gz
"(46,47]",137287,FUM002.A0101.SG1.1.10M.artifact_removal_gc_rl.tsv.gz
"(47,48]",157475,FUM002.A0101.SG1.1.10M.artifact_removal_gc_rl.tsv.gz
"(48,49]",188467,FUM002.A0101.SG1.1.10M.artifact_removal_gc_rl.tsv.gz
"(49,50]",264485,FUM002.A0101.SG1.1.10M.artifact_removal_gc_rl.tsv.gz
"(50,51]",59577,FUM002.A0101.SG1.1.10M.artifact_removal_gc_rl.tsv.gz
"(51,52]",238644,FUM002.A0101.SG1.1.10M.artifact_removal_gc_rl.tsv.gz
"(52,53]",212655,FUM002.A0101.SG1.1.10M.artifact_removal_gc_rl.tsv.gz
"(53,54]",229388,FUM002.A0101.SG1.1.10M.artifact_removal_gc_rl.tsv.gz
"(54,55]",265929,FUM002.A0101.SG1.1.10M.artifact_removal_gc_rl.tsv.gz
"(55,56]",232112,FUM002.A0101.SG1.1.10M.artifact_removal_gc_rl.tsv.gz
"(56,57]",266180,FUM002.A0101.SG1.1.10M.artifact_removal_gc_rl.tsv.gz
"(57,58]",274390,FUM002.A0101.SG1.1.10M.artifact_removal_gc_rl.tsv.gz
"(58,59]",285606,FUM002.A0101.SG1.1.10M.artifact_removal_gc_rl.tsv.gz
"(59,60]",358977,FUM002.A0101.SG1.1.10M.artifact_removal_gc_rl.tsv.gz
"(60,61]",233390,FUM002.A0101.SG1.1.10M.artifact_removal_gc_rl.tsv.gz
"(61,62]",320603,FUM002.A0101.SG1.1.10M.artifact_removal_gc_rl.tsv.gz
"(62,63]",292962,FUM002.A0101.SG1.1.10M.artifact_removal_gc_rl.tsv.gz
"(63,64]",337463,FUM002.A0101.SG1.1.10M.artifact_removal_gc_rl.tsv.gz
"(64,65]",327023,FUM002.A0101.SG1.1.10M.artifact_removal_gc_rl.tsv.gz
"(65,66]",305331,FUM002.A0101.SG1.1.10M.artifact_removal_gc_rl.tsv.gz
"(66,67]",286234,FUM002.A0101.SG1.1.10M.artifact_removal_gc_rl.tsv.gz
"(67,68]",289899,FUM002.A0101.SG1.1.10M.artifact_removal_gc_rl.tsv.gz
"(68,69]",254656,FUM002.A0101.SG1.1.10M.artifact_removal_gc_rl.tsv.gz
"(69,70]",282457,FUM002.A0101.SG1.1.10M.artifact_removal_gc_rl.tsv.gz
"(70,71]",200337,FUM002.A0101.SG1.1.10M.artifact_removal_gc_rl.tsv.gz
"(71,72]",204300,FUM002.A0101.SG1.1.10M.artifact_removal_gc_rl.tsv.gz
"(72,73]",167634,FUM002.A0101.SG1.1.10M.artifact_removal_gc_rl.tsv.gz
"(73,74]",149126,FUM002.A0101.SG1.1.10M.artifact_removal_gc_rl.tsv.gz
"(74,75]",151720,FUM002.A0101.SG1.1.10M.artifact_removal_gc_rl.tsv.gz
"(75,76]",68987,FUM002.A0101.SG1.1.10M.artifact_removal_gc_rl.tsv.gz
"(76,77]",79700,FUM002.A0101.SG1.1.10M.artifact_removal_gc_rl.tsv.gz
"(77,78]",62085,FUM002.A0101.SG1.1.10M.artifact_removal_gc_rl.tsv.gz
"(78,79]",49507,FUM002.A0101.SG1.1.10M.artifact_removal_gc_rl.tsv.gz
"(79,80]",40458,FUM002.A0101.SG1.1.10M.artifact_removal_gc_rl.tsv.gz
"(80,81]",19361,FUM002.A0101.SG1.1.10M.artifact_removal_gc_rl.tsv.gz
"(81,82]",19472,FUM002.A0101.SG1.1.10M.artifact_removal_gc_rl.tsv.gz
"(82,83]",12335,FUM002.A0101.SG1.1.10M.artifact_removal_gc_rl.tsv.gz
"(83,84]",10409,FUM002.A0101.SG1.1.10M.artifact_removal_gc_rl.tsv.gz
"(84,85]",6667,FUM002.A0101.SG1.1.10M.artifact_removal_gc_rl.tsv.gz
"(85,86]",3479,FUM002.A0101.SG1.1.10M.artifact_removal_gc_rl.tsv.gz
"(86,87]",3089,FUM002.A0101.SG1.1.10M.artifact_removal_gc_rl.tsv.gz
"(87,88]",2510,FUM002.A0101.SG1.1.10M.artifact_removal_gc_rl.tsv.gz
"(88,89]",1404,FUM002.A0101.SG1.1.10M.artifact_removal_gc_rl.tsv.gz
"(89,90]",1081,FUM002.A0101.SG1.1.10M.artifact_removal_gc_rl.tsv.gz
"(90,91]",900,FUM002.A0101.SG1.1.10M.artifact_removal_gc_rl.tsv.gz
"(91,92]",617,FUM002.A0101.SG1.1.10M.artifact_removal_gc_rl.tsv.gz
"(92,93]",411,FUM002.A0101.SG1.1.10M.artifact_removal_gc_rl.tsv.gz
"(93,94]",535,FUM002.A0101.SG1.1.10M.artifact_removal_gc_rl.tsv.gz
"(94,95]",404,FUM002.A0101.SG1.1.10M.artifact_removal_gc_rl.tsv.gz
"(95,96]",305,FUM002.A0101.SG1.1.10M.artifact_removal_gc_rl.tsv.gz
"(96,97]",288,FUM002.A0101.SG1.1.10M.artifact_removal_gc_rl.tsv.gz
"(97,98]",254,FUM002.A0101.SG1.1.10M.artifact_removal_gc_rl.tsv.gz
"(98,99]",290,FUM002.A0101.SG1.1.10M.artifact_removal_gc_rl.tsv.gz
"(99,100]",524,FUM002.A0101.SG1.1.10M.artifact_removal_gc_rl.tsv.gz
"[0,1]",20,FUM002.A0102.SG1.5.10M.artifact_removal_gc_rl.tsv.gz
"(1,2]",25,FUM002.A0102.SG1.5.10M.artifact_removal_gc_rl.tsv.gz
"(2,3]",95,FUM002.A0102.SG1.5.10M.artifact_removal_gc_rl.tsv.gz
"(3,4]",63,FUM002.A0102.SG1.5.10M.artifact_removal_gc_rl.tsv.gz
"(4,5]",162,FUM002.A0102.SG1.5.10M.artifact_removal_gc_rl.tsv.gz
"(5,6]",329,FUM002.A0102.SG1.5.10M.artifact_removal_gc_rl.tsv.gz
"(6,7]",393,FUM002.A0102.SG1.5.10M.artifact_removal_gc_rl.tsv.gz
"(7,8]",636,FUM002.A0102.SG1.5.10M.artifact_removal_gc_rl.tsv.gz
"(8,9]",990,FUM002.A0102.SG1.5.10M.artifact_removal_gc_rl.tsv.gz
"(9,10]",1593,FUM002.A0102.SG1.5.10M.artifact_removal_gc_rl.tsv.gz
"(10,11]",1403,FUM002.A0102.SG1.5.10M.artifact_removal_gc_rl.tsv.gz
"(11,12]",2543,FUM002.A0102.SG1.5.10M.artifact_removal_gc_rl.tsv.gz
"(12,13]",3317,FUM002.A0102.SG1.5.10M.artifact_removal_gc_rl.tsv.gz
"(13,14]",4185,FUM002.A0102.SG1.5.10M.artifact_removal_gc_rl.tsv.gz
"(14,15]",4895,FUM002.A0102.SG1.5.10M.artifact_removal_gc_rl.tsv.gz
"(15,16]",6639,FUM002.A0102.SG1.5.10M.artifact_removal_gc_rl.tsv.gz
"(16,17]",7641,FUM002.A0102.SG1.5.10M.artifact_removal_gc_rl.tsv.gz
"(17,18]",10023,FUM002.A0102.SG1.5.10M.artifact_removal_gc_rl.tsv.gz
"(18,19]",11634,FUM002.A0102.SG1.5.10M.artifact_removal_gc_rl.tsv.gz
"(19,20]",18184,FUM002.A0102.SG1.5.10M.artifact_removal_gc_rl.tsv.gz
"(20,21]",11002,FUM002.A0102.SG1.5.10M.artifact_removal_gc_rl.tsv.gz
"(21,22]",20977,FUM002.A0102.SG1.5.10M.artifact_removal_gc_rl.tsv.gz
"(22,23]",21445,FUM002.A0102.SG1.5.10M.artifact_removal_gc_rl.tsv.gz
"(23,24]",26340,FUM002.A0102.SG1.5.10M.artifact_removal_gc_rl.tsv.gz
"(24,25]",35486,FUM002.A0102.SG1.5.10M.artifact_removal_gc_rl.tsv.gz
"(25,26]",24849,FUM002.A0102.SG1.5.10M.artifact_removal_gc_rl.tsv.gz
"(26,27]",34685,FUM002.A0102.SG1.5.10M.artifact_removal_gc_rl.tsv.gz
"(27,28]",39024,FUM002.A0102.SG1.5.10M.artifact_removal_gc_rl.tsv.gz
"(28,29]",42113,FUM002.A0102.SG1.5.10M.artifact_removal_gc_rl.tsv.gz
"(29,30]",56859,FUM002.A0102.SG1.5.10M.artifact_removal_gc_rl.tsv.gz
"(30,31]",44430,FUM002.A0102.SG1.5.10M.artifact_removal_gc_rl.tsv.gz
"(31,32]",54723,FUM002.A0102.SG1.5.10M.artifact_removal_gc_rl.tsv.gz
"(32,33]",56665,FUM002.A0102.SG1.5.10M.artifact_removal_gc_rl.tsv.gz
"(33,34]",64292,FUM002.A0102.SG1.5.10M.artifact_removal_gc_rl.tsv.gz
"(34,35]",72850,FUM002.A0102.SG1.5.10M.artifact_removal_gc_rl.tsv.gz
"(35,36]",72618,FUM002.A0102.SG1.5.10M.artifact_removal_gc_rl.tsv.gz
"(36,37]",81669,FUM002.A0102.SG1.5.10M.artifact_removal_gc_rl.tsv.gz
"(37,38]",79399,FUM002.A0102.SG1.5.10M.artifact_removal_gc_rl.tsv.gz
"(38,39]",86978,FUM002.A0102.SG1.5.10M.artifact_removal_gc_rl.tsv.gz
"(39,40]",116457,FUM002.A0102.SG1.5.10M.artifact_removal_gc_rl.tsv.gz
"(40,41]",68980,FUM002.A0102.SG1.5.10M.artifact_removal_gc_rl.tsv.gz
"(41,42]",106883,FUM002.A0102.SG1.5.10M.artifact_removal_gc_rl.tsv.gz
"(42,43]",99259,FUM002.A0102.SG1.5.10M.artifact_removal_gc_rl.tsv.gz
"(43,44]",120346,FUM002.A0102.SG1.5.10M.artifact_removal_gc_rl.tsv.gz
"(44,45]",106479,FUM002.A0102.SG1.5.10M.artifact_removal_gc_rl.tsv.gz
"(45,46]",128835,FUM002.A0102.SG1.5.10M.artifact_removal_gc_rl.tsv.gz
"(46,47]",121882,FUM002.A0102.SG1.5.10M.artifact_removal_gc_rl.tsv.gz
"(47,48]",127921,FUM002.A0102.SG1.5.10M.artifact_removal_gc_rl.tsv.gz
"(48,49]",156574,FUM002.A0102.SG1.5.10M.artifact_removal_gc_rl.tsv.gz
"(49,50]",206004,FUM002.A0102.SG1.5.10M.artifact_removal_gc_rl.tsv.gz
"(50,51]",33992,FUM002.A0102.SG1.5.10M.artifact_removal_gc_rl.tsv.gz
"(51,52]",175870,FUM002.A0102.SG1.5.10M.artifact_removal_gc_rl.tsv.gz
"(52,53]",141319,FUM002.A0102.SG1.5.10M.artifact_removal_gc_rl.tsv.gz
"(53,54]",153738,FUM002.A0102.SG1.5.10M.artifact_removal_gc_rl.tsv.gz
"(54,55]",174109,FUM002.A0102.SG1.5.10M.artifact_removal_gc_rl.tsv.gz
"(55,56]",134843,FUM002.A0102.SG1.5.10M.artifact_removal_gc_rl.tsv.gz
"(56,57]",162604,FUM002.A0102.SG1.5.10M.artifact_removal_gc_rl.tsv.gz
"(57,58]",152024,FUM002.A0102.SG1.5.10M.artifact_removal_gc_rl.tsv.gz
"(58,59]",159480,FUM002.A0102.SG1.5.10M.artifact_removal_gc_rl.tsv.gz
"(59,60]",196477,FUM002.A0102.SG1.5.10M.artifact_removal_gc_rl.tsv.gz
"(60,61]",110770,FUM002.A0102.SG1.5.10M.artifact_removal_gc_rl.tsv.gz
"(61,62]",157570,FUM002.A0102.SG1.5.10M.artifact_removal_gc_rl.tsv.gz
"(62,63]",139751,FUM002.A0102.SG1.5.10M.artifact_removal_gc_rl.tsv.gz
"(63,64]",160889,FUM002.A0102.SG1.5.10M.artifact_removal_gc_rl.tsv.gz
"(64,65]",147469,FUM002.A0102.SG1.5.10M.artifact_removal_gc_rl.tsv.gz
"(65,66]",134994,FUM002.A0102.SG1.5.10M.artifact_removal_gc_rl.tsv.gz
"(66,67]",123901,FUM002.A0102.SG1.5.10M.artifact_removal_gc_rl.tsv.gz
"(67,68]",119663,FUM002.A0102.SG1.5.10M.artifact_removal_gc_rl.tsv.gz
"(68,69]",105531,FUM002.A0102.SG1.5.10M.artifact_removal_gc_rl.tsv.gz
"(69,70]",118106,FUM002.A0102.SG1.5.10M.artifact_removal_gc_rl.tsv.gz
"(70,71]",83070,FUM002.A0102.SG1.5.10M.artifact_removal_gc_rl.tsv.gz
"(71,72]",82434,FUM002.A0102.SG1.5.10M.artifact_removal_gc_rl.tsv.gz
"(72,73]",66125,FUM002.A0102.SG1.5.10M.artifact_removal_gc_rl.tsv.gz
"(73,74]",61488,FUM002.A0102.SG1.5.10M.artifact_removal_gc_rl.tsv.gz
"(74,75]",66656,FUM002.A0102.SG1.5.10M.artifact_removal_gc_rl.tsv.gz
"(75,76]",26251,FUM002.A0102.SG1.5.10M.artifact_removal_gc_rl.tsv.gz
"(76,77]",34655,FUM002.A0102.SG1.5.10M.artifact_removal_gc_rl.tsv.gz
"(77,78]",26698,FUM002.A0102.SG1.5.10M.artifact_removal_gc_rl.tsv.gz
"(78,79]",22332,FUM002.A0102.SG1.5.10M.artifact_removal_gc_rl.tsv.gz
"(79,80]",18437,FUM002.A0102.SG1.5.10M.artifact_removal_gc_rl.tsv.gz
"(80,81]",8432,FUM002.A0102.SG1.5.10M.artifact_removal_gc_rl.tsv.gz
"(81,82]",9051,FUM002.A0102.SG1.5.10M.artifact_removal_gc_rl.tsv.gz
"(82,83]",5404,FUM002.A0102.SG1.5.10M.artifact_removal_gc_rl.tsv.gz
"(83,84]",5255,FUM002.A0102.SG1.5.10M.artifact_removal_gc_rl.tsv.gz
"(84,85]",3106,FUM002.A0102.SG1.5.10M.artifact_removal_gc_rl.tsv.gz
"(85,86]",1418,FUM002.A0102.SG1.5.10M.artifact_removal_gc_rl.tsv.gz
"(86,87]",1396,FUM002.A0102.SG1.5.10M.artifact_removal_gc_rl.tsv.gz
"(87,88]",1284,FUM002.A0102.SG1.5.10M.artifact_removal_gc_rl.tsv.gz
"(88,89]",475,FUM002.A0102.SG1.5.10M.artifact_removal_gc_rl.tsv.gz
"(89,90]",359,FUM002.A0102.SG1.5.10M.artifact_removal_gc_rl.tsv.gz
"(90,91]",287,FUM002.A0102.SG1.5.10M.artifact_removal_gc_rl.tsv.gz
"(91,92]",145,FUM002.A0102.SG1.5.10M.artifact_removal_gc_rl.tsv.gz
"(92,93]",62,FUM002.A0102.SG1.5.10M.artifact_removal_gc_rl.tsv.gz
"(93,94]",162,FUM002.A0102.SG1.5.10M.artifact_removal_gc_rl.tsv.gz
"(94,95]",46,FUM002.A0102.SG1.5.10M.artifact_removal_gc_rl.tsv.gz
"(95,96]",10,FUM002.A0102.SG1.5.10M.artifact_removal_gc_rl.tsv.gz
"(96,97]",34,FUM002.A0102.SG1.5.10M.artifact_removal_gc_rl.tsv.gz
"(97,98]",21,FUM002.A0102.SG1.5.10M.artifact_removal_gc_rl.tsv.gz
"(98,99]",15,FUM002.A0102.SG1.5.10M.artifact_removal_gc_rl.tsv.gz
"(99,100]",95,FUM002.A0102.SG1.5.10M.artifact_removal_gc_rl.tsv.gz
"[0,1]",20,FUM003.A0101.SG1.1.10M.artifact_removal_gc_rl.tsv.gz
"(1,2]",21,FUM003.A0101.SG1.1.10M.artifact_removal_gc_rl.tsv.gz
"(2,3]",19,FUM003.A0101.SG1.1.10M.artifact_removal_gc_rl.tsv.gz
"(3,4]",7,FUM003.A0101.SG1.1.10M.artifact_removal_gc_rl.tsv.gz
"(4,5]",16,FUM003.A0101.SG1.1.10M.artifact_removal_gc_rl.tsv.gz
"(5,6]",38,FUM003.A0101.SG1.1.10M.artifact_removal_gc_rl.tsv.gz
"(6,7]",45,FUM003.A0101.SG1.1.10M.artifact_removal_gc_rl.tsv.gz
"(7,8]",41,FUM003.A0101.SG1.1.10M.artifact_removal_gc_rl.tsv.gz
"(8,9]",66,FUM003.A0101.SG1.1.10M.artifact_removal_gc_rl.tsv.gz
"(9,10]",129,FUM003.A0101.SG1.1.10M.artifact_removal_gc_rl.tsv.gz
"(10,11]",113,FUM003.A0101.SG1.1.10M.artifact_removal_gc_rl.tsv.gz
"(11,12]",248,FUM003.A0101.SG1.1.10M.artifact_removal_gc_rl.tsv.gz
"(12,13]",291,FUM003.A0101.SG1.1.10M.artifact_removal_gc_rl.tsv.gz
"(13,14]",460,FUM003.A0101.SG1.1.10M.artifact_removal_gc_rl.tsv.gz
"(14,15]",636,FUM003.A0101.SG1.1.10M.artifact_removal_gc_rl.tsv.gz
"(15,16]",825,FUM003.A0101.SG1.1.10M.artifact_removal_gc_rl.tsv.gz
"(16,17]",1045,FUM003.A0101.SG1.1.10M.artifact_removal_gc_rl.tsv.gz
"(17,18]",1578,FUM003.A0101.SG1.1.10M.artifact_removal_gc_rl.tsv.gz
"(18,19]",1993,FUM003.A0101.SG1.1.10M.artifact_removal_gc_rl.tsv.gz
"(19,20]",3257,FUM003.A0101.SG1.1.10M.artifact_removal_gc_rl.tsv.gz
"(20,21]",2174,FUM003.A0101.SG1.1.10M.artifact_removal_gc_rl.tsv.gz
"(21,22]",4234,FUM003.A0101.SG1.1.10M.artifact_removal_gc_rl.tsv.gz
"(22,23]",4767,FUM003.A0101.SG1.1.10M.artifact_removal_gc_rl.tsv.gz
"(23,24]",6007,FUM003.A0101.SG1.1.10M.artifact_removal_gc_rl.tsv.gz
"(24,25]",8830,FUM003.A0101.SG1.1.10M.artifact_removal_gc_rl.tsv.gz
"(25,26]",6232,FUM003.A0101.SG1.1.10M.artifact_removal_gc_rl.tsv.gz
"(26,27]",9476,FUM003.A0101.SG1.1.10M.artifact_removal_gc_rl.tsv.gz
"(27,28]",11860,FUM003.A0101.SG1.1.10M.artifact_removal_gc_rl.tsv.gz
"(28,29]",12895,FUM003.A0101.SG1.1.10M.artifact_removal_gc_rl.tsv.gz
"(29,30]",16390,FUM003.A0101.SG1.1.10M.artifact_removal_gc_rl.tsv.gz
"(30,31]",15509,FUM003.A0101.SG1.1.10M.artifact_removal_gc_rl.tsv.gz
"(31,32]",19245,FUM003.A0101.SG1.1.10M.artifact_removal_gc_rl.tsv.gz
"(32,33]",20129,FUM003.A0101.SG1.1.10M.artifact_removal_gc_rl.tsv.gz
"(33,34]",22007,FUM003.A0101.SG1.1.10M.artifact_removal_gc_rl.tsv.gz
"(34,35]",27207,FUM003.A0101.SG1.1.10M.artifact_removal_gc_rl.tsv.gz
"(35,36]",27994,FUM003.A0101.SG1.1.10M.artifact_removal_gc_rl.tsv.gz
"(36,37]",31264,FUM003.A0101.SG1.1.10M.artifact_removal_gc_rl.tsv.gz
"(37,38]",30212,FUM003.A0101.SG1.1.10M.artifact_removal_gc_rl.tsv.gz
"(38,39]",35915,FUM003.A0101.SG1.1.10M.artifact_removal_gc_rl.tsv.gz
"(39,40]",47213,FUM003.A0101.SG1.1.10M.artifact_removal_gc_rl.tsv.gz
"(40,41]",31640,FUM003.A0101.SG1.1.10M.artifact_removal_gc_rl.tsv.gz
"(41,42]",43609,FUM003.A0101.SG1.1.10M.artifact_removal_gc_rl.tsv.gz
"(42,43]",46056,FUM003.A0101.SG1.1.10M.artifact_removal_gc_rl.tsv.gz
"(43,44]",55100,FUM003.A0101.SG1.1.10M.artifact_removal_gc_rl.tsv.gz
"(44,45]",53873,FUM003.A0101.SG1.1.10M.artifact_removal_gc_rl.tsv.gz
"(45,46]",59797,FUM003.A0101.SG1.1.10M.artifact_removal_gc_rl.tsv.gz
"(46,47]",66716,FUM003.A0101.SG1.1.10M.artifact_removal_gc_rl.tsv.gz
"(47,48]",78104,FUM003.A0101.SG1.1.10M.artifact_removal_gc_rl.tsv.gz
"(48,49]",92882,FUM003.A0101.SG1.1.10M.artifact_removal_gc_rl.tsv.gz
"(49,50]",138098,FUM003.A0101.SG1.1.10M.artifact_removal_gc_rl.tsv.gz
"(50,51]",42845,FUM003.A0101.SG1.1.10M.artifact_removal_gc_rl.tsv.gz
"(51,52]",140374,FUM003.A0101.SG1.1.10M.artifact_removal_gc_rl.tsv.gz
"(52,53]",139324,FUM003.A0101.SG1.1.10M.artifact_removal_gc_rl.tsv.gz
"(53,54]",169406,FUM003.A0101.SG1.1.10M.artifact_removal_gc_rl.tsv.gz
"(54,55]",176807,FUM003.A0101.SG1.1.10M.artifact_removal_gc_rl.tsv.gz
"(55,56]",209921,FUM003.A0101.SG1.1.10M.artifact_removal_gc_rl.tsv.gz
"(56,57]",245663,FUM003.A0101.SG1.1.10M.artifact_removal_gc_rl.tsv.gz
"(57,58]",283977,FUM003.A0101.SG1.1.10M.artifact_removal_gc_rl.tsv.gz
"(58,59]",268420,FUM003.A0101.SG1.1.10M.artifact_removal_gc_rl.tsv.gz
"(59,60]",402274,FUM003.A0101.SG1.1.10M.artifact_removal_gc_rl.tsv.gz
"(60,61]",319059,FUM003.A0101.SG1.1.10M.artifact_removal_gc_rl.tsv.gz
"(61,62]",423397,FUM003.A0101.SG1.1.10M.artifact_removal_gc_rl.tsv.gz
"(62,63]",353908,FUM003.A0101.SG1.1.10M.artifact_removal_gc_rl.tsv.gz
"(63,64]",477561,FUM003.A0101.SG1.1.10M.artifact_removal_gc_rl.tsv.gz
"(64,65]",467577,FUM003.A0101.SG1.1.10M.artifact_removal_gc_rl.tsv.gz
"(65,66]",468916,FUM003.A0101.SG1.1.10M.artifact_removal_gc_rl.tsv.gz
"(66,67]",372552,FUM003.A0101.SG1.1.10M.artifact_removal_gc_rl.tsv.gz
"(67,68]",470771,FUM003.A0101.SG1.1.10M.artifact_removal_gc_rl.tsv.gz
"(68,69]",409923,FUM003.A0101.SG1.1.10M.artifact_removal_gc_rl.tsv.gz
"(69,70]",431878,FUM003.A0101.SG1.1.10M.artifact_removal_gc_rl.tsv.gz
"(70,71]",275487,FUM003.A0101.SG1.1.10M.artifact_removal_gc_rl.tsv.gz
"(71,72]",334502,FUM003.A0101.SG1.1.10M.artifact_removal_gc_rl.tsv.gz
"(72,73]",265276,FUM003.A0101.SG1.1.10M.artifact_removal_gc_rl.tsv.gz
"(73,74]",233626,FUM003.A0101.SG1.1.10M.artifact_removal_gc_rl.tsv.gz
"(74,75]",214416,FUM003.A0101.SG1.1.10M.artifact_removal_gc_rl.tsv.gz
"(75,76]",97735,FUM003.A0101.SG1.1.10M.artifact_removal_gc_rl.tsv.gz
"(76,77]",111639,FUM003.A0101.SG1.1.10M.artifact_removal_gc_rl.tsv.gz
"(77,78]",86587,FUM003.A0101.SG1.1.10M.artifact_removal_gc_rl.tsv.gz
"(78,79]",61963,FUM003.A0101.SG1.1.10M.artifact_removal_gc_rl.tsv.gz
"(79,80]",47940,FUM003.A0101.SG1.1.10M.artifact_removal_gc_rl.tsv.gz
"(80,81]",24434,FUM003.A0101.SG1.1.10M.artifact_removal_gc_rl.tsv.gz
"(81,82]",23263,FUM003.A0101.SG1.1.10M.artifact_removal_gc_rl.tsv.gz
"(82,83]",14664,FUM003.A0101.SG1.1.10M.artifact_removal_gc_rl.tsv.gz
"(83,84]",11542,FUM003.A0101.SG1.1.10M.artifact_removal_gc_rl.tsv.gz
"(84,85]",7940,FUM003.A0101.SG1.1.10M.artifact_removal_gc_rl.tsv.gz
"(85,86]",4470,FUM003.A0101.SG1.1.10M.artifact_removal_gc_rl.tsv.gz
"(86,87]",3689,FUM003.A0101.SG1.1.10M.artifact_removal_gc_rl.tsv.gz
"(87,88]",3007,FUM003.A0101.SG1.1.10M.artifact_removal_gc_rl.tsv.gz
"(88,89]",1768,FUM003.A0101.SG1.1.10M.artifact_removal_gc_rl.tsv.gz
"(89,90]",1570,FUM003.A0101.SG1.1.10M.artifact_removal_gc_rl.tsv.gz
"(90,91]",1181,FUM003.A0101.SG1.1.10M.artifact_removal_gc_rl.tsv.gz
"(91,92]",975,FUM003.A0101.SG1.1.10M.artifact_removal_gc_rl.tsv.gz
"(92,93]",643,FUM003.A0101.SG1.1.10M.artifact_removal_gc_rl.tsv.gz
"(93,94]",845,FUM003.A0101.SG1.1.10M.artifact_removal_gc_rl.tsv.gz
"(94,95]",777,FUM003.A0101.SG1.1.10M.artifact_removal_gc_rl.tsv.gz
"(95,96]",548,FUM003.A0101.SG1.1.10M.artifact_removal_gc_rl.tsv.gz
"(96,97]",497,FUM003.A0101.SG1.1.10M.artifact_removal_gc_rl.tsv.gz
"(97,98]",502,FUM003.A0101.SG1.1.10M.artifact_removal_gc_rl.tsv.gz
"(98,99]",599,FUM003.A0101.SG1.1.10M.artifact_removal_gc_rl.tsv.gz
"(99,100]",950,FUM003.A0101.SG1.1.10M.artifact_removal_gc_rl.tsv.gz
"[0,1]",28,FUM003.A0102.SG1.4.10M.artifact_removal_gc_rl.tsv.gz
"(1,2]",35,FUM003.A0102.SG1.4.10M.artifact_removal_gc_rl.tsv.gz
"(2,3]",95,FUM003.A0102.SG1.4.10M.artifact_removal_gc_rl.tsv.gz
"(3,4]",51,FUM003.A0102.SG1.4.10M.artifact_removal_gc_rl.tsv.gz
"(4,5]",114,FUM003.A0102.SG1.4.10M.artifact_removal_gc_rl.tsv.gz
"(5,6]",276,FUM003.A0102.SG1.4.10M.artifact_removal_gc_rl.tsv.gz
"(6,7]",315,FUM003.A0102.SG1.4.10M.artifact_removal_gc_rl.tsv.gz
"(7,8]",344,FUM003.A0102.SG1.4.10M.artifact_removal_gc_rl.tsv.gz
"(8,9]",602,FUM003.A0102.SG1.4.10M.artifact_removal_gc_rl.tsv.gz
"(9,10]",981,FUM003.A0102.SG1.4.10M.artifact_removal_gc_rl.tsv.gz
"(10,11]",768,FUM003.A0102.SG1.4.10M.artifact_removal_gc_rl.tsv.gz
"(11,12]",1341,FUM003.A0102.SG1.4.10M.artifact_removal_gc_rl.tsv.gz
"(12,13]",1864,FUM003.A0102.SG1.4.10M.artifact_removal_gc_rl.tsv.gz
"(13,14]",2076,FUM003.A0102.SG1.4.10M.artifact_removal_gc_rl.tsv.gz
"(14,15]",2279,FUM003.A0102.SG1.4.10M.artifact_removal_gc_rl.tsv.gz
"(15,16]",2971,FUM003.A0102.SG1.4.10M.artifact_removal_gc_rl.tsv.gz
"(16,17]",3409,FUM003.A0102.SG1.4.10M.artifact_removal_gc_rl.tsv.gz
"(17,18]",4063,FUM003.A0102.SG1.4.10M.artifact_removal_gc_rl.tsv.gz
"(18,19]",4921,FUM003.A0102.SG1.4.10M.artifact_removal_gc_rl.tsv.gz
"(19,20]",7643,FUM003.A0102.SG1.4.10M.artifact_removal_gc_rl.tsv.gz
"(20,21]",3862,FUM003.A0102.SG1.4.10M.artifact_removal_gc_rl.tsv.gz
"(21,22]",8196,FUM003.A0102.SG1.4.10M.artifact_removal_gc_rl.tsv.gz
"(22,23]",8295,FUM003.A0102.SG1.4.10M.artifact_removal_gc_rl.tsv.gz
"(23,24]",9909,FUM003.A0102.SG1.4.10M.artifact_removal_gc_rl.tsv.gz
"(24,25]",12733,FUM003.A0102.SG1.4.10M.artifact_removal_gc_rl.tsv.gz
"(25,26]",8763,FUM003.A0102.SG1.4.10M.artifact_removal_gc_rl.tsv.gz
"(26,27]",12888,FUM003.A0102.SG1.4.10M.artifact_removal_gc_rl.tsv.gz
"(27,28]",14020,FUM003.A0102.SG1.4.10M.artifact_removal_gc_rl.tsv.gz
"(28,29]",14613,FUM003.A0102.SG1.4.10M.artifact_removal_gc_rl.tsv.gz
"(29,30]",19178,FUM003.A0102.SG1.4.10M.artifact_removal_gc_rl.tsv.gz
"(30,31]",14975,FUM003.A0102.SG1.4.10M.artifact_removal_gc_rl.tsv.gz
"(31,32]",18674,FUM003.A0102.SG1.4.10M.artifact_removal_gc_rl.tsv.gz
"(32,33]",18813,FUM003.A0102.SG1.4.10M.artifact_removal_gc_rl.tsv.gz
"(33,34]",20262,FUM003.A0102.SG1.4.10M.artifact_removal_gc_rl.tsv.gz
"(34,35]",22736,FUM003.A0102.SG1.4.10M.artifact_removal_gc_rl.tsv.gz
"(35,36]",22957,FUM003.A0102.SG1.4.10M.artifact_removal_gc_rl.tsv.gz
"(36,37]",25591,FUM003.A0102.SG1.4.10M.artifact_removal_gc_rl.tsv.gz
"(37,38]",22576,FUM003.A0102.SG1.4.10M.artifact_removal_gc_rl.tsv.gz
"(38,39]",26187,FUM003.A0102.SG1.4.10M.artifact_removal_gc_rl.tsv.gz
"(39,40]",34835,FUM003.A0102.SG1.4.10M.artifact_removal_gc_rl.tsv.gz
"(40,41]",20410,FUM003.A0102.SG1.4.10M.artifact_removal_gc_rl.tsv.gz
"(41,42]",30727,FUM003.A0102.SG1.4.10M.artifact_removal_gc_rl.tsv.gz
"(42,43]",29053,FUM003.A0102.SG1.4.10M.artifact_removal_gc_rl.tsv.gz
"(43,44]",37044,FUM003.A0102.SG1.4.10M.artifact_removal_gc_rl.tsv.gz
"(44,45]",32567,FUM003.A0102.SG1.4.10M.artifact_removal_gc_rl.tsv.gz
"(45,46]",40617,FUM003.A0102.SG1.4.10M.artifact_removal_gc_rl.tsv.gz
"(46,47]",41878,FUM003.A0102.SG1.4.10M.artifact_removal_gc_rl.tsv.gz
"(47,48]",43497,FUM003.A0102.SG1.4.10M.artifact_removal_gc_rl.tsv.gz
"(48,49]",58458,FUM003.A0102.SG1.4.10M.artifact_removal_gc_rl.tsv.gz
"(49,50]",83667,FUM003.A0102.SG1.4.10M.artifact_removal_gc_rl.tsv.gz
"(50,51]",15957,FUM003.A0102.SG1.4.10M.artifact_removal_gc_rl.tsv.gz
"(51,52]",80665,FUM003.A0102.SG1.4.10M.artifact_removal_gc_rl.tsv.gz
"(52,53]",70267,FUM003.A0102.SG1.4.10M.artifact_removal_gc_rl.tsv.gz
"(53,54]",84487,FUM003.A0102.SG1.4.10M.artifact_removal_gc_rl.tsv.gz
"(54,55]",98769,FUM003.A0102.SG1.4.10M.artifact_removal_gc_rl.tsv.gz
"(55,56]",88664,FUM003.A0102.SG1.4.10M.artifact_removal_gc_rl.tsv.gz
"(56,57]",114010,FUM003.A0102.SG1.4.10M.artifact_removal_gc_rl.tsv.gz
"(57,58]",117493,FUM003.A0102.SG1.4.10M.artifact_removal_gc_rl.tsv.gz
"(58,59]",125344,FUM003.A0102.SG1.4.10M.artifact_removal_gc_rl.tsv.gz
"(59,60]",170688,FUM003.A0102.SG1.4.10M.artifact_removal_gc_rl.tsv.gz
"(60,61]",111540,FUM003.A0102.SG1.4.10M.artifact_removal_gc_rl.tsv.gz
"(61,62]",157832,FUM003.A0102.SG1.4.10M.artifact_removal_gc_rl.tsv.gz
"(62,63]",141644,FUM003.A0102.SG1.4.10M.artifact_removal_gc_rl.tsv.gz
"(63,64]",173444,FUM003.A0102.SG1.4.10M.artifact_removal_gc_rl.tsv.gz
"(64,65]",165678,FUM003.A0102.SG1.4.10M.artifact_removal_gc_rl.tsv.gz
"(65,66]",155400,FUM003.A0102.SG1.4.10M.artifact_removal_gc_rl.tsv.gz
"(66,67]",144509,FUM003.A0102.SG1.4.10M.artifact_removal_gc_rl.tsv.gz
"(67,68]",146542,FUM003.A0102.SG1.4.10M.artifact_removal_gc_rl.tsv.gz
"(68,69]",129578,FUM003.A0102.SG1.4.10M.artifact_removal_gc_rl.tsv.gz
"(69,70]",143891,FUM003.A0102.SG1.4.10M.artifact_removal_gc_rl.tsv.gz
"(70,71]",100064,FUM003.A0102.SG1.4.10M.artifact_removal_gc_rl.tsv.gz
"(71,72]",100997,FUM003.A0102.SG1.4.10M.artifact_removal_gc_rl.tsv.gz
"(72,73]",81560,FUM003.A0102.SG1.4.10M.artifact_removal_gc_rl.tsv.gz
"(73,74]",74579,FUM003.A0102.SG1.4.10M.artifact_removal_gc_rl.tsv.gz
"(74,75]",79356,FUM003.A0102.SG1.4.10M.artifact_removal_gc_rl.tsv.gz
"(75,76]",33720,FUM003.A0102.SG1.4.10M.artifact_removal_gc_rl.tsv.gz
"(76,77]",42431,FUM003.A0102.SG1.4.10M.artifact_removal_gc_rl.tsv.gz
"(77,78]",33597,FUM003.A0102.SG1.4.10M.artifact_removal_gc_rl.tsv.gz
"(78,79]",28171,FUM003.A0102.SG1.4.10M.artifact_removal_gc_rl.tsv.gz
"(79,80]",24028,FUM003.A0102.SG1.4.10M.artifact_removal_gc_rl.tsv.gz
"(80,81]",11403,FUM003.A0102.SG1.4.10M.artifact_removal_gc_rl.tsv.gz
"(81,82]",11953,FUM003.A0102.SG1.4.10M.artifact_removal_gc_rl.tsv.gz
"(82,83]",7488,FUM003.A0102.SG1.4.10M.artifact_removal_gc_rl.tsv.gz
"(83,84]",7259,FUM003.A0102.SG1.4.10M.artifact_removal_gc_rl.tsv.gz
"(84,85]",4522,FUM003.A0102.SG1.4.10M.artifact_removal_gc_rl.tsv.gz
"(85,86]",2094,FUM003.A0102.SG1.4.10M.artifact_removal_gc_rl.tsv.gz
"(86,87]",2140,FUM003.A0102.SG1.4.10M.artifact_removal_gc_rl.tsv.gz
"(87,88]",1794,FUM003.A0102.SG1.4.10M.artifact_removal_gc_rl.tsv.gz
"(88,89]",753,FUM003.A0102.SG1.4.10M.artifact_removal_gc_rl.tsv.gz
"(89,90]",543,FUM003.A0102.SG1.4.10M.artifact_removal_gc_rl.tsv.gz
"(90,91]",497,FUM003.A0102.SG1.4.10M.artifact_removal_gc_rl.tsv.gz
"(91,92]",228,FUM003.A0102.SG1.4.10M.artifact_removal_gc_rl.tsv.gz
"(92,93]",112,FUM003.A0102.SG1.4.10M.artifact_removal_gc_rl.tsv.gz
"(93,94]",182,FUM003.A0102.SG1.4.10M.artifact_removal_gc_rl.tsv.gz
"(94,95]",93,FUM003.A0102.SG1.4.10M.artifact_removal_gc_rl.tsv.gz
"(95,96]",43,FUM003.A0102.SG1.4.10M.artifact_removal_gc_rl.tsv.gz
"(96,97]",44,FUM003.A0102.SG1.4.10M.artifact_removal_gc_rl.tsv.gz
"(97,98]",47,FUM003.A0102.SG1.4.10M.artifact_removal_gc_rl.tsv.gz
"(98,99]",47,FUM003.A0102.SG1.4.10M.artifact_removal_gc_rl.tsv.gz
"(99,100]",138,FUM003.A0102.SG1.4.10M.artifact_removal_gc_rl.tsv.gz
"[0,1]",14,GDN001.A0101.SG1.1.10M.artifact_removal_gc_rl.tsv.gz
"(1,2]",21,GDN001.A0101.SG1.1.10M.artifact_removal_gc_rl.tsv.gz
"(2,3]",26,GDN001.A0101.SG1.1.10M.artifact_removal_gc_rl.tsv.gz
"(3,4]",14,GDN001.A0101.SG1.1.10M.artifact_removal_gc_rl.tsv.gz
"(4,5]",47,GDN001.A0101.SG1.1.10M.artifact_removal_gc_rl.tsv.gz
"(5,6]",137,GDN001.A0101.SG1.1.10M.artifact_removal_gc_rl.tsv.gz
"(6,7]",182,GDN001.A0101.SG1.1.10M.artifact_removal_gc_rl.tsv.gz
"(7,8]",385,GDN001.A0101.SG1.1.10M.artifact_removal_gc_rl.tsv.gz
"(8,9]",642,GDN001.A0101.SG1.1.10M.artifact_removal_gc_rl.tsv.gz
"(9,10]",1220,GDN001.A0101.SG1.1.10M.artifact_removal_gc_rl.tsv.gz
"(10,11]",1333,GDN001.A0101.SG1.1.10M.artifact_removal_gc_rl.tsv.gz
"(11,12]",2760,GDN001.A0101.SG1.1.10M.artifact_removal_gc_rl.tsv.gz
"(12,13]",3741,GDN001.A0101.SG1.1.10M.artifact_removal_gc_rl.tsv.gz
"(13,14]",5514,GDN001.A0101.SG1.1.10M.artifact_removal_gc_rl.tsv.gz
"(14,15]",7542,GDN001.A0101.SG1.1.10M.artifact_removal_gc_rl.tsv.gz
"(15,16]",10608,GDN001.A0101.SG1.1.10M.artifact_removal_gc_rl.tsv.gz
"(16,17]",13979,GDN001.A0101.SG1.1.10M.artifact_removal_gc_rl.tsv.gz
"(17,18]",20808,GDN001.A0101.SG1.1.10M.artifact_removal_gc_rl.tsv.gz
"(18,19]",26646,GDN001.A0101.SG1.1.10M.artifact_removal_gc_rl.tsv.gz
"(19,20]",41988,GDN001.A0101.SG1.1.10M.artifact_removal_gc_rl.tsv.gz
"(20,21]",34888,GDN001.A0101.SG1.1.10M.artifact_removal_gc_rl.tsv.gz
"(21,22]",55566,GDN001.A0101.SG1.1.10M.artifact_removal_gc_rl.tsv.gz
"(22,23]",62817,GDN001.A0101.SG1.1.10M.artifact_removal_gc_rl.tsv.gz
"(23,24]",72862,GDN001.A0101.SG1.1.10M.artifact_removal_gc_rl.tsv.gz
"(24,25]",89592,GDN001.A0101.SG1.1.10M.artifact_removal_gc_rl.tsv.gz
"(25,26]",66541,GDN001.A0101.SG1.1.10M.artifact_removal_gc_rl.tsv.gz
"(26,27]",86048,GDN001.A0101.SG1.1.10M.artifact_removal_gc_rl.tsv.gz
"(27,28]",88866,GDN001.A0101.SG1.1.10M.artifact_removal_gc_rl.tsv.gz
"(28,29]",84233,GDN001.A0101.SG1.1.10M.artifact_removal_gc_rl.tsv.gz
"(29,30]",87734,GDN001.A0101.SG1.1.10M.artifact_removal_gc_rl.tsv.gz
"(30,31]",75882,GDN001.A0101.SG1.1.10M.artifact_removal_gc_rl.tsv.gz
"(31,32]",76818,GDN001.A0101.SG1.1.10M.artifact_removal_gc_rl.tsv.gz
"(32,33]",70372,GDN001.A0101.SG1.1.10M.artifact_removal_gc_rl.tsv.gz
"(33,34]",62226,GDN001.A0101.SG1.1.10M.artifact_removal_gc_rl.tsv.gz
"(34,35]",62301,GDN001.A0101.SG1.1.10M.artifact_removal_gc_rl.tsv.gz
"(35,36]",55577,GDN001.A0101.SG1.1.10M.artifact_removal_gc_rl.tsv.gz
"(36,37]",52909,GDN001.A0101.SG1.1.10M.artifact_removal_gc_rl.tsv.gz
"(37,38]",47772,GDN001.A0101.SG1.1.10M.artifact_removal_gc_rl.tsv.gz
"(38,39]",48395,GDN001.A0101.SG1.1.10M.artifact_removal_gc_rl.tsv.gz
"(39,40]",57426,GDN001.A0101.SG1.1.10M.artifact_removal_gc_rl.tsv.gz
"(40,41]",38507,GDN001.A0101.SG1.1.10M.artifact_removal_gc_rl.tsv.gz
"(41,42]",48279,GDN001.A0101.SG1.1.10M.artifact_removal_gc_rl.tsv.gz
"(42,43]",48333,GDN001.A0101.SG1.1.10M.artifact_removal_gc_rl.tsv.gz
"(43,44]",55976,GDN001.A0101.SG1.1.10M.artifact_removal_gc_rl.tsv.gz
"(44,45]",55993,GDN001.A0101.SG1.1.10M.artifact_removal_gc_rl.tsv.gz
"(45,46]",62353,GDN001.A0101.SG1.1.10M.artifact_removal_gc_rl.tsv.gz
"(46,47]",62675,GDN001.A0101.SG1.1.10M.artifact_removal_gc_rl.tsv.gz
"(47,48]",69521,GDN001.A0101.SG1.1.10M.artifact_removal_gc_rl.tsv.gz
"(48,49]",71206,GDN001.A0101.SG1.1.10M.artifact_removal_gc_rl.tsv.gz
"(49,50]",106162,GDN001.A0101.SG1.1.10M.artifact_removal_gc_rl.tsv.gz
"(50,51]",39040,GDN001.A0101.SG1.1.10M.artifact_removal_gc_rl.tsv.gz
"(51,52]",91701,GDN001.A0101.SG1.1.10M.artifact_removal_gc_rl.tsv.gz
"(52,53]",89449,GDN001.A0101.SG1.1.10M.artifact_removal_gc_rl.tsv.gz
"(53,54]",102237,GDN001.A0101.SG1.1.10M.artifact_removal_gc_rl.tsv.gz
"(54,55]",111746,GDN001.A0101.SG1.1.10M.artifact_removal_gc_rl.tsv.gz
"(55,56]",119007,GDN001.A0101.SG1.1.10M.artifact_removal_gc_rl.tsv.gz
"(56,57]",134606,GDN001.A0101.SG1.1.10M.artifact_removal_gc_rl.tsv.gz
"(57,58]",151409,GDN001.A0101.SG1.1.10M.artifact_removal_gc_rl.tsv.gz
"(58,59]",159431,GDN001.A0101.SG1.1.10M.artifact_removal_gc_rl.tsv.gz
"(59,60]",220837,GDN001.A0101.SG1.1.10M.artifact_removal_gc_rl.tsv.gz
"(60,61]",170631,GDN001.A0101.SG1.1.10M.artifact_removal_gc_rl.tsv.gz
"(61,62]",233072,GDN001.A0101.SG1.1.10M.artifact_removal_gc_rl.tsv.gz
"(62,63]",233928,GDN001.A0101.SG1.1.10M.artifact_removal_gc_rl.tsv.gz
"(63,64]",285010,GDN001.A0101.SG1.1.10M.artifact_removal_gc_rl.tsv.gz
"(64,65]",295648,GDN001.A0101.SG1.1.10M.artifact_removal_gc_rl.tsv.gz
"(65,66]",307250,GDN001.A0101.SG1.1.10M.artifact_removal_gc_rl.tsv.gz
"(66,67]",303226,GDN001.A0101.SG1.1.10M.artifact_removal_gc_rl.tsv.gz
"(67,68]",359250,GDN001.A0101.SG1.1.10M.artifact_removal_gc_rl.tsv.gz
"(68,69]",332712,GDN001.A0101.SG1.1.10M.artifact_removal_gc_rl.tsv.gz
"(69,70]",379932,GDN001.A0101.SG1.1.10M.artifact_removal_gc_rl.tsv.gz
"(70,71]",300587,GDN001.A0101.SG1.1.10M.artifact_removal_gc_rl.tsv.gz
"(71,72]",332818,GDN001.A0101.SG1.1.10M.artifact_removal_gc_rl.tsv.gz
"(72,73]",293600,GDN001.A0101.SG1.1.10M.artifact_removal_gc_rl.tsv.gz
"(73,74]",280261,GDN001.A0101.SG1.1.10M.artifact_removal_gc_rl.tsv.gz
"(74,75]",291386,GDN001.A0101.SG1.1.10M.artifact_removal_gc_rl.tsv.gz
"(75,76]",161579,GDN001.A0101.SG1.1.10M.artifact_removal_gc_rl.tsv.gz
"(76,77]",176103,GDN001.A0101.SG1.1.10M.artifact_removal_gc_rl.tsv.gz
"(77,78]",153753,GDN001.A0101.SG1.1.10M.artifact_removal_gc_rl.tsv.gz
"(78,79]",121610,GDN001.A0101.SG1.1.10M.artifact_removal_gc_rl.tsv.gz
"(79,80]",113506,GDN001.A0101.SG1.1.10M.artifact_removal_gc_rl.tsv.gz
"(80,81]",58711,GDN001.A0101.SG1.1.10M.artifact_removal_gc_rl.tsv.gz
"(81,82]",59513,GDN001.A0101.SG1.1.10M.artifact_removal_gc_rl.tsv.gz
"(82,83]",42759,GDN001.A0101.SG1.1.10M.artifact_removal_gc_rl.tsv.gz
"(83,84]",32473,GDN001.A0101.SG1.1.10M.artifact_removal_gc_rl.tsv.gz
"(84,85]",23566,GDN001.A0101.SG1.1.10M.artifact_removal_gc_rl.tsv.gz
"(85,86]",15046,GDN001.A0101.SG1.1.10M.artifact_removal_gc_rl.tsv.gz
"(86,87]",11866,GDN001.A0101.SG1.1.10M.artifact_removal_gc_rl.tsv.gz
"(87,88]",8805,GDN001.A0101.SG1.1.10M.artifact_removal_gc_rl.tsv.gz
"(88,89]",5556,GDN001.A0101.SG1.1.10M.artifact_removal_gc_rl.tsv.gz
"(89,90]",4277,GDN001.A0101.SG1.1.10M.artifact_removal_gc_rl.tsv.gz
"(90,91]",2846,GDN001.A0101.SG1.1.10M.artifact_removal_gc_rl.tsv.gz
"(91,92]",2095,GDN001.A0101.SG1.1.10M.artifact_removal_gc_rl.tsv.gz
"(92,93]",1233,GDN001.A0101.SG1.1.10M.artifact_removal_gc_rl.tsv.gz
"(93,94]",1313,GDN001.A0101.SG1.1.10M.artifact_removal_gc_rl.tsv.gz
"(94,95]",983,GDN001.A0101.SG1.1.10M.artifact_removal_gc_rl.tsv.gz
"(95,96]",571,GDN001.A0101.SG1.1.10M.artifact_removal_gc_rl.tsv.gz
"(96,97]",503,GDN001.A0101.SG1.1.10M.artifact_removal_gc_rl.tsv.gz
"(97,98]",607,GDN001.A0101.SG1.1.10M.artifact_removal_gc_rl.tsv.gz
"(98,99]",524,GDN001.A0101.SG1.1.10M.artifact_removal_gc_rl.tsv.gz
"(99,100]",902,GDN001.A0101.SG1.1.10M.artifact_removal_gc_rl.tsv.gz
"[0,1]",274,GDN001.A0102.SG1.3.10M.artifact_removal_gc_rl.tsv.gz
"(1,2]",237,GDN001.A0102.SG1.3.10M.artifact_removal_gc_rl.tsv.gz
"(2,3]",1593,GDN001.A0102.SG1.3.10M.artifact_removal_gc_rl.tsv.gz
"(3,4]",1073,GDN001.A0102.SG1.3.10M.artifact_removal_gc_rl.tsv.gz
"(4,5]",2671,GDN001.A0102.SG1.3.10M.artifact_removal_gc_rl.tsv.gz
"(5,6]",4676,GDN001.A0102.SG1.3.10M.artifact_removal_gc_rl.tsv.gz
"(6,7]",5421,GDN001.A0102.SG1.3.10M.artifact_removal_gc_rl.tsv.gz
"(7,8]",7601,GDN001.A0102.SG1.3.10M.artifact_removal_gc_rl.tsv.gz
"(8,9]",10691,GDN001.A0102.SG1.3.10M.artifact_removal_gc_rl.tsv.gz
"(9,10]",16037,GDN001.A0102.SG1.3.10M.artifact_removal_gc_rl.tsv.gz
"(10,11]",14303,GDN001.A0102.SG1.3.10M.artifact_removal_gc_rl.tsv.gz
"(11,12]",21921,GDN001.A0102.SG1.3.10M.artifact_removal_gc_rl.tsv.gz
"(12,13]",26617,GDN001.A0102.SG1.3.10M.artifact_removal_gc_rl.tsv.gz
"(13,14]",31792,GDN001.A0102.SG1.3.10M.artifact_removal_gc_rl.tsv.gz
"(14,15]",35620,GDN001.A0102.SG1.3.10M.artifact_removal_gc_rl.tsv.gz
"(15,16]",43218,GDN001.A0102.SG1.3.10M.artifact_removal_gc_rl.tsv.gz
"(16,17]",49092,GDN001.A0102.SG1.3.10M.artifact_removal_gc_rl.tsv.gz
"(17,18]",58262,GDN001.A0102.SG1.3.10M.artifact_removal_gc_rl.tsv.gz
"(18,19]",64747,GDN001.A0102.SG1.3.10M.artifact_removal_gc_rl.tsv.gz
"(19,20]",89228,GDN001.A0102.SG1.3.10M.artifact_removal_gc_rl.tsv.gz
"(20,21]",58862,GDN001.A0102.SG1.3.10M.artifact_removal_gc_rl.tsv.gz
"(21,22]",88361,GDN001.A0102.SG1.3.10M.artifact_removal_gc_rl.tsv.gz
"(22,23]",85456,GDN001.A0102.SG1.3.10M.artifact_removal_gc_rl.tsv.gz
"(23,24]",92718,GDN001.A0102.SG1.3.10M.artifact_removal_gc_rl.tsv.gz
"(24,25]",106849,GDN001.A0102.SG1.3.10M.artifact_removal_gc_rl.tsv.gz
"(25,26]",68733,GDN001.A0102.SG1.3.10M.artifact_removal_gc_rl.tsv.gz
"(26,27]",83780,GDN001.A0102.SG1.3.10M.artifact_removal_gc_rl.tsv.gz
"(27,28]",82580,GDN001.A0102.SG1.3.10M.artifact_removal_gc_rl.tsv.gz
"(28,29]",75792,GDN001.A0102.SG1.3.10M.artifact_removal_gc_rl.tsv.gz
"(29,30]",85058,GDN001.A0102.SG1.3.10M.artifact_removal_gc_rl.tsv.gz
"(30,31]",59636,GDN001.A0102.SG1.3.10M.artifact_removal_gc_rl.tsv.gz
"(31,32]",62459,GDN001.A0102.SG1.3.10M.artifact_removal_gc_rl.tsv.gz
"(32,33]",55667,GDN001.A0102.SG1.3.10M.artifact_removal_gc_rl.tsv.gz
"(33,34]",53586,GDN001.A0102.SG1.3.10M.artifact_removal_gc_rl.tsv.gz
"(34,35]",50658,GDN001.A0102.SG1.3.10M.artifact_removal_gc_rl.tsv.gz
"(35,36]",45099,GDN001.A0102.SG1.3.10M.artifact_removal_gc_rl.tsv.gz
"(36,37]",44027,GDN001.A0102.SG1.3.10M.artifact_removal_gc_rl.tsv.gz
"(37,38]",38081,GDN001.A0102.SG1.3.10M.artifact_removal_gc_rl.tsv.gz
"(38,39]",37082,GDN001.A0102.SG1.3.10M.artifact_removal_gc_rl.tsv.gz
"(39,40]",45136,GDN001.A0102.SG1.3.10M.artifact_removal_gc_rl.tsv.gz
"(40,41]",24706,GDN001.A0102.SG1.3.10M.artifact_removal_gc_rl.tsv.gz
"(41,42]",35918,GDN001.A0102.SG1.3.10M.artifact_removal_gc_rl.tsv.gz
"(42,43]",31587,GDN001.A0102.SG1.3.10M.artifact_removal_gc_rl.tsv.gz
"(43,44]",36895,GDN001.A0102.SG1.3.10M.artifact_removal_gc_rl.tsv.gz
"(44,45]",30310,GDN001.A0102.SG1.3.10M.artifact_removal_gc_rl.tsv.gz
"(45,46]",35446,GDN001.A0102.SG1.3.10M.artifact_removal_gc_rl.tsv.gz
"(46,47]",33066,GDN001.A0102.SG1.3.10M.artifact_removal_gc_rl.tsv.gz
"(47,48]",32958,GDN001.A0102.SG1.3.10M.artifact_removal_gc_rl.tsv.gz
"(48,49]",39614,GDN001.A0102.SG1.3.10M.artifact_removal_gc_rl.tsv.gz
"(49,50]",52410,GDN001.A0102.SG1.3.10M.artifact_removal_gc_rl.tsv.gz
"(50,51]",9229,GDN001.A0102.SG1.3.10M.artifact_removal_gc_rl.tsv.gz
"(51,52]",43091,GDN001.A0102.SG1.3.10M.artifact_removal_gc_rl.tsv.gz
"(52,53]",34792,GDN001.A0102.SG1.3.10M.artifact_removal_gc_rl.tsv.gz
"(53,54]",38019,GDN001.A0102.SG1.3.10M.artifact_removal_gc_rl.tsv.gz
"(54,55]",41990,GDN001.A0102.SG1.3.10M.artifact_removal_gc_rl.tsv.gz
"(55,56]",34030,GDN001.A0102.SG1.3.10M.artifact_removal_gc_rl.tsv.gz
"(56,57]",40779,GDN001.A0102.SG1.3.10M.artifact_removal_gc_rl.tsv.gz
"(57,58]",39909,GDN001.A0102.SG1.3.10M.artifact_removal_gc_rl.tsv.gz
"(58,59]",42069,GDN001.A0102.SG1.3.10M.artifact_removal_gc_rl.tsv.gz
"(59,60]",53942,GDN001.A0102.SG1.3.10M.artifact_removal_gc_rl.tsv.gz
"(60,61]",32833,GDN001.A0102.SG1.3.10M.artifact_removal_gc_rl.tsv.gz
"(61,62]",46466,GDN001.A0102.SG1.3.10M.artifact_removal_gc_rl.tsv.gz
"(62,63]",43056,GDN001.A0102.SG1.3.10M.artifact_removal_gc_rl.tsv.gz
"(63,64]",51073,GDN001.A0102.SG1.3.10M.artifact_removal_gc_rl.tsv.gz
"(64,65]",49333,GDN001.A0102.SG1.3.10M.artifact_removal_gc_rl.tsv.gz
"(65,66]",47658,GDN001.A0102.SG1.3.10M.artifact_removal_gc_rl.tsv.gz
"(66,67]",45406,GDN001.A0102.SG1.3.10M.artifact_removal_gc_rl.tsv.gz
"(67,68]",47544,GDN001.A0102.SG1.3.10M.artifact_removal_gc_rl.tsv.gz
"(68,69]",43488,GDN001.A0102.SG1.3.10M.artifact_removal_gc_rl.tsv.gz
"(69,70]",49613,GDN001.A0102.SG1.3.10M.artifact_removal_gc_rl.tsv.gz
"(70,71]",37108,GDN001.A0102.SG1.3.10M.artifact_removal_gc_rl.tsv.gz
"(71,72]",39430,GDN001.A0102.SG1.3.10M.artifact_removal_gc_rl.tsv.gz
"(72,73]",33882,GDN001.A0102.SG1.3.10M.artifact_removal_gc_rl.tsv.gz
"(73,74]",32152,GDN001.A0102.SG1.3.10M.artifact_removal_gc_rl.tsv.gz
"(74,75]",35202,GDN001.A0102.SG1.3.10M.artifact_removal_gc_rl.tsv.gz
"(75,76]",16546,GDN001.A0102.SG1.3.10M.artifact_removal_gc_rl.tsv.gz
"(76,77]",20400,GDN001.A0102.SG1.3.10M.artifact_removal_gc_rl.tsv.gz
"(77,78]",17076,GDN001.A0102.SG1.3.10M.artifact_removal_gc_rl.tsv.gz
"(78,79]",14222,GDN001.A0102.SG1.3.10M.artifact_removal_gc_rl.tsv.gz
"(79,80]",12920,GDN001.A0102.SG1.3.10M.artifact_removal_gc_rl.tsv.gz
"(80,81]",6372,GDN001.A0102.SG1.3.10M.artifact_removal_gc_rl.tsv.gz
"(81,82]",6747,GDN001.A0102.SG1.3.10M.artifact_removal_gc_rl.tsv.gz
"(82,83]",4713,GDN001.A0102.SG1.3.10M.artifact_removal_gc_rl.tsv.gz
"(83,84]",3855,GDN001.A0102.SG1.3.10M.artifact_removal_gc_rl.tsv.gz
"(84,85]",2766,GDN001.A0102.SG1.3.10M.artifact_removal_gc_rl.tsv.gz
"(85,86]",1419,GDN001.A0102.SG1.3.10M.artifact_removal_gc_rl.tsv.gz
"(86,87]",1414,GDN001.A0102.SG1.3.10M.artifact_removal_gc_rl.tsv.gz
"(87,88]",1131,GDN001.A0102.SG1.3.10M.artifact_removal_gc_rl.tsv.gz
"(88,89]",525,GDN001.A0102.SG1.3.10M.artifact_removal_gc_rl.tsv.gz
"(89,90]",403,GDN001.A0102.SG1.3.10M.artifact_removal_gc_rl.tsv.gz
"(90,91]",316,GDN001.A0102.SG1.3.10M.artifact_removal_gc_rl.tsv.gz
"(91,92]",143,GDN001.A0102.SG1.3.10M.artifact_removal_gc_rl.tsv.gz
"(92,93]",36,GDN001.A0102.SG1.3.10M.artifact_removal_gc_rl.tsv.gz
"(93,94]",112,GDN001.A0102.SG1.3.10M.artifact_removal_gc_rl.tsv.gz
"(94,95]",37,GDN001.A0102.SG1.3.10M.artifact_removal_gc_rl.tsv.gz
"(95,96]",5,GDN001.A0102.SG1.3.10M.artifact_removal_gc_rl.tsv.gz
"(96,97]",25,GDN001.A0102.SG1.3.10M.artifact_removal_gc_rl.tsv.gz
"(97,98]",5,GDN001.A0102.SG1.3.10M.artifact_removal_gc_rl.tsv.gz
"(99,100]",3,GDN001.A0102.SG1.3.10M.artifact_removal_gc_rl.tsv.gz
"[0,1]",35,GOY005.A0101.SG1.2.10M.artifact_removal_gc_rl.tsv.gz
"(1,2]",40,GOY005.A0101.SG1.2.10M.artifact_removal_gc_rl.tsv.gz
"(2,3]",52,GOY005.A0101.SG1.2.10M.artifact_removal_gc_rl.tsv.gz
"(3,4]",51,GOY005.A0101.SG1.2.10M.artifact_removal_gc_rl.tsv.gz
"(4,5]",115,GOY005.A0101.SG1.2.10M.artifact_removal_gc_rl.tsv.gz
"(5,6]",197,GOY005.A0101.SG1.2.10M.artifact_removal_gc_rl.tsv.gz
"(6,7]",251,GOY005.A0101.SG1.2.10M.artifact_removal_gc_rl.tsv.gz
"(7,8]",295,GOY005.A0101.SG1.2.10M.artifact_removal_gc_rl.tsv.gz
"(8,9]",509,GOY005.A0101.SG1.2.10M.artifact_removal_gc_rl.tsv.gz
"(9,10]",942,GOY005.A0101.SG1.2.10M.artifact_removal_gc_rl.tsv.gz
"(10,11]",993,GOY005.A0101.SG1.2.10M.artifact_removal_gc_rl.tsv.gz
"(11,12]",1581,GOY005.A0101.SG1.2.10M.artifact_removal_gc_rl.tsv.gz
"(12,13]",1966,GOY005.A0101.SG1.2.10M.artifact_removal_gc_rl.tsv.gz
"(13,14]",3169,GOY005.A0101.SG1.2.10M.artifact_removal_gc_rl.tsv.gz
"(14,15]",3936,GOY005.A0101.SG1.2.10M.artifact_removal_gc_rl.tsv.gz
"(15,16]",5382,GOY005.A0101.SG1.2.10M.artifact_removal_gc_rl.tsv.gz
"(16,17]",5969,GOY005.A0101.SG1.2.10M.artifact_removal_gc_rl.tsv.gz
"(17,18]",9305,GOY005.A0101.SG1.2.10M.artifact_removal_gc_rl.tsv.gz
"(18,19]",10898,GOY005.A0101.SG1.2.10M.artifact_removal_gc_rl.tsv.gz
"(19,20]",16846,GOY005.A0101.SG1.2.10M.artifact_removal_gc_rl.tsv.gz
"(20,21]",11676,GOY005.A0101.SG1.2.10M.artifact_removal_gc_rl.tsv.gz
"(21,22]",21163,GOY005.A0101.SG1.2.10M.artifact_removal_gc_rl.tsv.gz
"(22,23]",22602,GOY005.A0101.SG1.2.10M.artifact_removal_gc_rl.tsv.gz
"(23,24]",28721,GOY005.A0101.SG1.2.10M.artifact_removal_gc_rl.tsv.gz
"(24,25]",37985,GOY005.A0101.SG1.2.10M.artifact_removal_gc_rl.tsv.gz
"(25,26]",27435,GOY005.A0101.SG1.2.10M.artifact_removal_gc_rl.tsv.gz
"(26,27]",39324,GOY005.A0101.SG1.2.10M.artifact_removal_gc_rl.tsv.gz
"(27,28]",49056,GOY005.A0101.SG1.2.10M.artifact_removal_gc_rl.tsv.gz
"(28,29]",50549,GOY005.A0101.SG1.2.10M.artifact_removal_gc_rl.tsv.gz
"(29,30]",61949,GOY005.A0101.SG1.2.10M.artifact_removal_gc_rl.tsv.gz
"(30,31]",58106,GOY005.A0101.SG1.2.10M.artifact_removal_gc_rl.tsv.gz
"(31,32]",71715,GOY005.A0101.SG1.2.10M.artifact_removal_gc_rl.tsv.gz
"(32,33]",70817,GOY005.A0101.SG1.2.10M.artifact_removal_gc_rl.tsv.gz
"(33,34]",78080,GOY005.A0101.SG1.2.10M.artifact_removal_gc_rl.tsv.gz
"(34,35]",95523,GOY005.A0101.SG1.2.10M.artifact_removal_gc_rl.tsv.gz
"(35,36]",97038,GOY005.A0101.SG1.2.10M.artifact_removal_gc_rl.tsv.gz
"(36,37]",103931,GOY005.A0101.SG1.2.10M.artifact_removal_gc_rl.tsv.gz
"(37,38]",103353,GOY005.A0101.SG1.2.10M.artifact_removal_gc_rl.tsv.gz
"(38,39]",115902,GOY005.A0101.SG1.2.10M.artifact_removal_gc_rl.tsv.gz
"(39,40]",152515,GOY005.A0101.SG1.2.10M.artifact_removal_gc_rl.tsv.gz
"(40,41]",97105,GOY005.A0101.SG1.2.10M.artifact_removal_gc_rl.tsv.gz
"(41,42]",138577,GOY005.A0101.SG1.2.10M.artifact_removal_gc_rl.tsv.gz
"(42,43]",138464,GOY005.A0101.SG1.2.10M.artifact_removal_gc_rl.tsv.gz
"(43,44]",159130,GOY005.A0101.SG1.2.10M.artifact_removal_gc_rl.tsv.gz
"(44,45]",151987,GOY005.A0101.SG1.2.10M.artifact_removal_gc_rl.tsv.gz
"(45,46]",165665,GOY005.A0101.SG1.2.10M.artifact_removal_gc_rl.tsv.gz
"(46,47]",165740,GOY005.A0101.SG1.2.10M.artifact_removal_gc_rl.tsv.gz
"(47,48]",187727,GOY005.A0101.SG1.2.10M.artifact_removal_gc_rl.tsv.gz
"(48,49]",213821,GOY005.A0101.SG1.2.10M.artifact_removal_gc_rl.tsv.gz
"(49,50]",289900,GOY005.A0101.SG1.2.10M.artifact_removal_gc_rl.tsv.gz
"(50,51]",68431,GOY005.A0101.SG1.2.10M.artifact_removal_gc_rl.tsv.gz
"(51,52]",258347,GOY005.A0101.SG1.2.10M.artifact_removal_gc_rl.tsv.gz
"(52,53]",228313,GOY005.A0101.SG1.2.10M.artifact_removal_gc_rl.tsv.gz
"(53,54]",245213,GOY005.A0101.SG1.2.10M.artifact_removal_gc_rl.tsv.gz
"(54,55]",274914,GOY005.A0101.SG1.2.10M.artifact_removal_gc_rl.tsv.gz
"(55,56]",247318,GOY005.A0101.SG1.2.10M.artifact_removal_gc_rl.tsv.gz
"(56,57]",276808,GOY005.A0101.SG1.2.10M.artifact_removal_gc_rl.tsv.gz
"(57,58]",281237,GOY005.A0101.SG1.2.10M.artifact_removal_gc_rl.tsv.gz
"(58,59]",280573,GOY005.A0101.SG1.2.10M.artifact_removal_gc_rl.tsv.gz
"(59,60]",349254,GOY005.A0101.SG1.2.10M.artifact_removal_gc_rl.tsv.gz
"(60,61]",219069,GOY005.A0101.SG1.2.10M.artifact_removal_gc_rl.tsv.gz
"(61,62]",291094,GOY005.A0101.SG1.2.10M.artifact_removal_gc_rl.tsv.gz
"(62,63]",252169,GOY005.A0101.SG1.2.10M.artifact_removal_gc_rl.tsv.gz
"(63,64]",284873,GOY005.A0101.SG1.2.10M.artifact_removal_gc_rl.tsv.gz
"(64,65]",262662,GOY005.A0101.SG1.2.10M.artifact_removal_gc_rl.tsv.gz
"(65,66]",231921,GOY005.A0101.SG1.2.10M.artifact_removal_gc_rl.tsv.gz
"(66,67]",207037,GOY005.A0101.SG1.2.10M.artifact_removal_gc_rl.tsv.gz
"(67,68]",197923,GOY005.A0101.SG1.2.10M.artifact_removal_gc_rl.tsv.gz
"(68,69]",166762,GOY005.A0101.SG1.2.10M.artifact_removal_gc_rl.tsv.gz
"(69,70]",183350,GOY005.A0101.SG1.2.10M.artifact_removal_gc_rl.tsv.gz
"(70,71]",124509,GOY005.A0101.SG1.2.10M.artifact_removal_gc_rl.tsv.gz
"(71,72]",121143,GOY005.A0101.SG1.2.10M.artifact_removal_gc_rl.tsv.gz
"(72,73]",96236,GOY005.A0101.SG1.2.10M.artifact_removal_gc_rl.tsv.gz
"(73,74]",86653,GOY005.A0101.SG1.2.10M.artifact_removal_gc_rl.tsv.gz
"(74,75]",92890,GOY005.A0101.SG1.2.10M.artifact_removal_gc_rl.tsv.gz
"(75,76]",36349,GOY005.A0101.SG1.2.10M.artifact_removal_gc_rl.tsv.gz
"(76,77]",47584,GOY005.A0101.SG1.2.10M.artifact_removal_gc_rl.tsv.gz
"(77,78]",36148,GOY005.A0101.SG1.2.10M.artifact_removal_gc_rl.tsv.gz
"(78,79]",30096,GOY005.A0101.SG1.2.10M.artifact_removal_gc_rl.tsv.gz
"(79,80]",24904,GOY005.A0101.SG1.2.10M.artifact_removal_gc_rl.tsv.gz
"(80,81]",11553,GOY005.A0101.SG1.2.10M.artifact_removal_gc_rl.tsv.gz
"(81,82]",12164,GOY005.A0101.SG1.2.10M.artifact_removal_gc_rl.tsv.gz
"(82,83]",7128,GOY005.A0101.SG1.2.10M.artifact_removal_gc_rl.tsv.gz
"(83,84]",7128,GOY005.A0101.SG1.2.10M.artifact_removal_gc_rl.tsv.gz
"(84,85]",4291,GOY005.A0101.SG1.2.10M.artifact_removal_gc_rl.tsv.gz
"(85,86]",1926,GOY005.A0101.SG1.2.10M.artifact_removal_gc_rl.tsv.gz
"(86,87]",2046,GOY005.A0101.SG1.2.10M.artifact_removal_gc_rl.tsv.gz
"(87,88]",1740,GOY005.A0101.SG1.2.10M.artifact_removal_gc_rl.tsv.gz
"(88,89]",730,GOY005.A0101.SG1.2.10M.artifact_removal_gc_rl.tsv.gz
"(89,90]",657,GOY005.A0101.SG1.2.10M.artifact_removal_gc_rl.tsv.gz
"(90,91]",521,GOY005.A0101.SG1.2.10M.artifact_removal_gc_rl.tsv.gz
"(91,92]",322,GOY005.A0101.SG1.2.10M.artifact_removal_gc_rl.tsv.gz
"(92,93]",155,GOY005.A0101.SG1.2.10M.artifact_removal_gc_rl.tsv.gz
"(93,94]",236,GOY005.A0101.SG1.2.10M.artifact_removal_gc_rl.tsv.gz
"(94,95]",182,GOY005.A0101.SG1.2.10M.artifact_removal_gc_rl.tsv.gz
"(95,96]",124,GOY005.A0101.SG1.2.10M.artifact_removal_gc_rl.tsv.gz
"(96,97]",115,GOY005.A0101.SG1.2.10M.artifact_removal_gc_rl.tsv.gz
"(97,98]",130,GOY005.A0101.SG1.2.10M.artifact_removal_gc_rl.tsv.gz
"(98,99]",162,GOY005.A0101.SG1.2.10M.artifact_removal_gc_rl.tsv.gz
"(99,100]",354,GOY005.A0101.SG1.2.10M.artifact_removal_gc_rl.tsv.gz
"[0,1]",60,GOY005.A0103.SG1.4.10M.artifact_removal_gc_rl.tsv.gz
"(1,2]",34,GOY005.A0103.SG1.4.10M.artifact_removal_gc_rl.tsv.gz
"(2,3]",340,GOY005.A0103.SG1.4.10M.artifact_removal_gc_rl.tsv.gz
"(3,4]",161,GOY005.A0103.SG1.4.10M.artifact_removal_gc_rl.tsv.gz
"(4,5]",550,GOY005.A0103.SG1.4.10M.artifact_removal_gc_rl.tsv.gz
"(5,6]",1235,GOY005.A0103.SG1.4.10M.artifact_removal_gc_rl.tsv.gz
"(6,7]",1441,GOY005.A0103.SG1.4.10M.artifact_removal_gc_rl.tsv.gz
"(7,8]",1904,GOY005.A0103.SG1.4.10M.artifact_removal_gc_rl.tsv.gz
"(8,9]",3262,GOY005.A0103.SG1.4.10M.artifact_removal_gc_rl.tsv.gz
"(9,10]",5384,GOY005.A0103.SG1.4.10M.artifact_removal_gc_rl.tsv.gz
"(10,11]",4454,GOY005.A0103.SG1.4.10M.artifact_removal_gc_rl.tsv.gz
"(11,12]",7939,GOY005.A0103.SG1.4.10M.artifact_removal_gc_rl.tsv.gz
"(12,13]",10444,GOY005.A0103.SG1.4.10M.artifact_removal_gc_rl.tsv.gz
"(13,14]",12432,GOY005.A0103.SG1.4.10M.artifact_removal_gc_rl.tsv.gz
"(14,15]",14249,GOY005.A0103.SG1.4.10M.artifact_removal_gc_rl.tsv.gz
"(15,16]",17979,GOY005.A0103.SG1.4.10M.artifact_removal_gc_rl.tsv.gz
"(16,17]",21093,GOY005.A0103.SG1.4.10M.artifact_removal_gc_rl.tsv.gz
"(17,18]",25497,GOY005.A0103.SG1.4.10M.artifact_removal_gc_rl.tsv.gz
"(18,19]",29760,GOY005.A0103.SG1.4.10M.artifact_removal_gc_rl.tsv.gz
"(19,20]",44870,GOY005.A0103.SG1.4.10M.artifact_removal_gc_rl.tsv.gz
"(20,21]",25673,GOY005.A0103.SG1.4.10M.artifact_removal_gc_rl.tsv.gz
"(21,22]",48297,GOY005.A0103.SG1.4.10M.artifact_removal_gc_rl.tsv.gz
"(22,23]",46849,GOY005.A0103.SG1.4.10M.artifact_removal_gc_rl.tsv.gz
"(23,24]",56421,GOY005.A0103.SG1.4.10M.artifact_removal_gc_rl.tsv.gz
"(24,25]",72168,GOY005.A0103.SG1.4.10M.artifact_removal_gc_rl.tsv.gz
"(25,26]",48501,GOY005.A0103.SG1.4.10M.artifact_removal_gc_rl.tsv.gz
"(26,27]",66656,GOY005.A0103.SG1.4.10M.artifact_removal_gc_rl.tsv.gz
"(27,28]",73383,GOY005.A0103.SG1.4.10M.artifact_removal_gc_rl.tsv.gz
"(28,29]",75404,GOY005.A0103.SG1.4.10M.artifact_removal_gc_rl.tsv.gz
"(29,30]",97777,GOY005.A0103.SG1.4.10M.artifact_removal_gc_rl.tsv.gz
"(30,31]",74099,GOY005.A0103.SG1.4.10M.artifact_removal_gc_rl.tsv.gz
"(31,32]",88386,GOY005.A0103.SG1.4.10M.artifact_removal_gc_rl.tsv.gz
"(32,33]",87298,GOY005.A0103.SG1.4.10M.artifact_removal_gc_rl.tsv.gz
"(33,34]",96176,GOY005.A0103.SG1.4.10M.artifact_removal_gc_rl.tsv.gz
"(34,35]",104144,GOY005.A0103.SG1.4.10M.artifact_removal_gc_rl.tsv.gz
"(35,36]",99657,GOY005.A0103.SG1.4.10M.artifact_removal_gc_rl.tsv.gz
"(36,37]",109681,GOY005.A0103.SG1.4.10M.artifact_removal_gc_rl.tsv.gz
"(37,38]",99165,GOY005.A0103.SG1.4.10M.artifact_removal_gc_rl.tsv.gz
"(38,39]",104642,GOY005.A0103.SG1.4.10M.artifact_removal_gc_rl.tsv.gz
"(39,40]",135351,GOY005.A0103.SG1.4.10M.artifact_removal_gc_rl.tsv.gz
"(40,41]",74642,GOY005.A0103.SG1.4.10M.artifact_removal_gc_rl.tsv.gz
"(41,42]",113174,GOY005.A0103.SG1.4.10M.artifact_removal_gc_rl.tsv.gz
"(42,43]",99328,GOY005.A0103.SG1.4.10M.artifact_removal_gc_rl.tsv.gz
"(43,44]",116978,GOY005.A0103.SG1.4.10M.artifact_removal_gc_rl.tsv.gz
"(44,45]",95470,GOY005.A0103.SG1.4.10M.artifact_removal_gc_rl.tsv.gz
"(45,46]",114757,GOY005.A0103.SG1.4.10M.artifact_removal_gc_rl.tsv.gz
"(46,47]",104134,GOY005.A0103.SG1.4.10M.artifact_removal_gc_rl.tsv.gz
"(47,48]",100730,GOY005.A0103.SG1.4.10M.artifact_removal_gc_rl.tsv.gz
"(48,49]",126585,GOY005.A0103.SG1.4.10M.artifact_removal_gc_rl.tsv.gz
"(49,50]",155206,GOY005.A0103.SG1.4.10M.artifact_removal_gc_rl.tsv.gz
"(50,51]",17550,GOY005.A0103.SG1.4.10M.artifact_removal_gc_rl.tsv.gz
"(51,52]",128560,GOY005.A0103.SG1.4.10M.artifact_removal_gc_rl.tsv.gz
"(52,53]",93695,GOY005.A0103.SG1.4.10M.artifact_removal_gc_rl.tsv.gz
"(53,54]",104251,GOY005.A0103.SG1.4.10M.artifact_removal_gc_rl.tsv.gz
"(54,55]",115535,GOY005.A0103.SG1.4.10M.artifact_removal_gc_rl.tsv.gz
"(55,56]",81102,GOY005.A0103.SG1.4.10M.artifact_removal_gc_rl.tsv.gz
"(56,57]",103458,GOY005.A0103.SG1.4.10M.artifact_removal_gc_rl.tsv.gz
"(57,58]",88593,GOY005.A0103.SG1.4.10M.artifact_removal_gc_rl.tsv.gz
"(58,59]",94483,GOY005.A0103.SG1.4.10M.artifact_removal_gc_rl.tsv.gz
"(59,60]",113272,GOY005.A0103.SG1.4.10M.artifact_removal_gc_rl.tsv.gz
"(60,61]",56864,GOY005.A0103.SG1.4.10M.artifact_removal_gc_rl.tsv.gz
"(61,62]",83705,GOY005.A0103.SG1.4.10M.artifact_removal_gc_rl.tsv.gz
"(62,63]",69012,GOY005.A0103.SG1.4.10M.artifact_removal_gc_rl.tsv.gz
"(63,64]",80482,GOY005.A0103.SG1.4.10M.artifact_removal_gc_rl.tsv.gz
"(64,65]",69479,GOY005.A0103.SG1.4.10M.artifact_removal_gc_rl.tsv.gz
"(65,66]",57735,GOY005.A0103.SG1.4.10M.artifact_removal_gc_rl.tsv.gz
"(66,67]",56699,GOY005.A0103.SG1.4.10M.artifact_removal_gc_rl.tsv.gz
"(67,68]",48340,GOY005.A0103.SG1.4.10M.artifact_removal_gc_rl.tsv.gz
"(68,69]",40199,GOY005.A0103.SG1.4.10M.artifact_removal_gc_rl.tsv.gz
"(69,70]",46683,GOY005.A0103.SG1.4.10M.artifact_removal_gc_rl.tsv.gz
"(70,71]",31139,GOY005.A0103.SG1.4.10M.artifact_removal_gc_rl.tsv.gz
"(71,72]",28454,GOY005.A0103.SG1.4.10M.artifact_removal_gc_rl.tsv.gz
"(72,73]",21653,GOY005.A0103.SG1.4.10M.artifact_removal_gc_rl.tsv.gz
"(73,74]",21803,GOY005.A0103.SG1.4.10M.artifact_removal_gc_rl.tsv.gz
"(74,75]",23985,GOY005.A0103.SG1.4.10M.artifact_removal_gc_rl.tsv.gz
"(75,76]",8223,GOY005.A0103.SG1.4.10M.artifact_removal_gc_rl.tsv.gz
"(76,77]",11870,GOY005.A0103.SG1.4.10M.artifact_removal_gc_rl.tsv.gz
"(77,78]",8976,GOY005.A0103.SG1.4.10M.artifact_removal_gc_rl.tsv.gz
"(78,79]",7570,GOY005.A0103.SG1.4.10M.artifact_removal_gc_rl.tsv.gz
"(79,80]",6116,GOY005.A0103.SG1.4.10M.artifact_removal_gc_rl.tsv.gz
"(80,81]",2891,GOY005.A0103.SG1.4.10M.artifact_removal_gc_rl.tsv.gz
"(81,82]",3069,GOY005.A0103.SG1.4.10M.artifact_removal_gc_rl.tsv.gz
"(82,83]",1640,GOY005.A0103.SG1.4.10M.artifact_removal_gc_rl.tsv.gz
"(83,84]",1976,GOY005.A0103.SG1.4.10M.artifact_removal_gc_rl.tsv.gz
"(84,85]",1065,GOY005.A0103.SG1.4.10M.artifact_removal_gc_rl.tsv.gz
"(85,86]",437,GOY005.A0103.SG1.4.10M.artifact_removal_gc_rl.tsv.gz
"(86,87]",518,GOY005.A0103.SG1.4.10M.artifact_removal_gc_rl.tsv.gz
"(87,88]",455,GOY005.A0103.SG1.4.10M.artifact_removal_gc_rl.tsv.gz
"(88,89]",171,GOY005.A0103.SG1.4.10M.artifact_removal_gc_rl.tsv.gz
"(89,90]",141,GOY005.A0103.SG1.4.10M.artifact_removal_gc_rl.tsv.gz
"(90,91]",134,GOY005.A0103.SG1.4.10M.artifact_removal_gc_rl.tsv.gz
"(91,92]",57,GOY005.A0103.SG1.4.10M.artifact_removal_gc_rl.tsv.gz
"(92,93]",45,GOY005.A0103.SG1.4.10M.artifact_removal_gc_rl.tsv.gz
"(93,94]",108,GOY005.A0103.SG1.4.10M.artifact_removal_gc_rl.tsv.gz
"(94,95]",31,GOY005.A0103.SG1.4.10M.artifact_removal_gc_rl.tsv.gz
"(95,96]",10,GOY005.A0103.SG1.4.10M.artifact_removal_gc_rl.tsv.gz
"(96,97]",19,GOY005.A0103.SG1.4.10M.artifact_removal_gc_rl.tsv.gz
"(97,98]",26,GOY005.A0103.SG1.4.10M.artifact_removal_gc_rl.tsv.gz
"(98,99]",9,GOY005.A0103.SG1.4.10M.artifact_removal_gc_rl.tsv.gz
"(99,100]",26,GOY005.A0103.SG1.4.10M.artifact_removal_gc_rl.tsv.gz
"[0,1]",30,GOY006.A0101.SG1.2.10M.artifact_removal_gc_rl.tsv.gz
"(1,2]",37,GOY006.A0101.SG1.2.10M.artifact_removal_gc_rl.tsv.gz
"(2,3]",47,GOY006.A0101.SG1.2.10M.artifact_removal_gc_rl.tsv.gz
"(3,4]",49,GOY006.A0101.SG1.2.10M.artifact_removal_gc_rl.tsv.gz
"(4,5]",76,GOY006.A0101.SG1.2.10M.artifact_removal_gc_rl.tsv.gz
"(5,6]",161,GOY006.A0101.SG1.2.10M.artifact_removal_gc_rl.tsv.gz
"(6,7]",193,GOY006.A0101.SG1.2.10M.artifact_removal_gc_rl.tsv.gz
"(7,8]",230,GOY006.A0101.SG1.2.10M.artifact_removal_gc_rl.tsv.gz
"(8,9]",318,GOY006.A0101.SG1.2.10M.artifact_removal_gc_rl.tsv.gz
"(9,10]",680,GOY006.A0101.SG1.2.10M.artifact_removal_gc_rl.tsv.gz
"(10,11]",746,GOY006.A0101.SG1.2.10M.artifact_removal_gc_rl.tsv.gz
"(11,12]",1135,GOY006.A0101.SG1.2.10M.artifact_removal_gc_rl.tsv.gz
"(12,13]",1239,GOY006.A0101.SG1.2.10M.artifact_removal_gc_rl.tsv.gz
"(13,14]",2225,GOY006.A0101.SG1.2.10M.artifact_removal_gc_rl.tsv.gz
"(14,15]",2756,GOY006.A0101.SG1.2.10M.artifact_removal_gc_rl.tsv.gz
"(15,16]",3676,GOY006.A0101.SG1.2.10M.artifact_removal_gc_rl.tsv.gz
"(16,17]",3761,GOY006.A0101.SG1.2.10M.artifact_removal_gc_rl.tsv.gz
"(17,18]",6214,GOY006.A0101.SG1.2.10M.artifact_removal_gc_rl.tsv.gz
"(18,19]",7509,GOY006.A0101.SG1.2.10M.artifact_removal_gc_rl.tsv.gz
"(19,20]",10656,GOY006.A0101.SG1.2.10M.artifact_removal_gc_rl.tsv.gz
"(20,21]",7843,GOY006.A0101.SG1.2.10M.artifact_removal_gc_rl.tsv.gz
"(21,22]",14267,GOY006.A0101.SG1.2.10M.artifact_removal_gc_rl.tsv.gz
"(22,23]",15462,GOY006.A0101.SG1.2.10M.artifact_removal_gc_rl.tsv.gz
"(23,24]",18492,GOY006.A0101.SG1.2.10M.artifact_removal_gc_rl.tsv.gz
"(24,25]",23770,GOY006.A0101.SG1.2.10M.artifact_removal_gc_rl.tsv.gz
"(25,26]",17505,GOY006.A0101.SG1.2.10M.artifact_removal_gc_rl.tsv.gz
"(26,27]",25779,GOY006.A0101.SG1.2.10M.artifact_removal_gc_rl.tsv.gz
"(27,28]",31750,GOY006.A0101.SG1.2.10M.artifact_removal_gc_rl.tsv.gz
"(28,29]",31575,GOY006.A0101.SG1.2.10M.artifact_removal_gc_rl.tsv.gz
"(29,30]",37538,GOY006.A0101.SG1.2.10M.artifact_removal_gc_rl.tsv.gz
"(30,31]",37405,GOY006.A0101.SG1.2.10M.artifact_removal_gc_rl.tsv.gz
"(31,32]",46257,GOY006.A0101.SG1.2.10M.artifact_removal_gc_rl.tsv.gz
"(32,33]",46364,GOY006.A0101.SG1.2.10M.artifact_removal_gc_rl.tsv.gz
"(33,34]",49023,GOY006.A0101.SG1.2.10M.artifact_removal_gc_rl.tsv.gz
"(34,35]",60915,GOY006.A0101.SG1.2.10M.artifact_removal_gc_rl.tsv.gz
"(35,36]",63764,GOY006.A0101.SG1.2.10M.artifact_removal_gc_rl.tsv.gz
"(36,37]",67715,GOY006.A0101.SG1.2.10M.artifact_removal_gc_rl.tsv.gz
"(37,38]",69187,GOY006.A0101.SG1.2.10M.artifact_removal_gc_rl.tsv.gz
"(38,39]",78603,GOY006.A0101.SG1.2.10M.artifact_removal_gc_rl.tsv.gz
"(39,40]",101857,GOY006.A0101.SG1.2.10M.artifact_removal_gc_rl.tsv.gz
"(40,41]",71507,GOY006.A0101.SG1.2.10M.artifact_removal_gc_rl.tsv.gz
"(41,42]",94367,GOY006.A0101.SG1.2.10M.artifact_removal_gc_rl.tsv.gz
"(42,43]",96991,GOY006.A0101.SG1.2.10M.artifact_removal_gc_rl.tsv.gz
"(43,44]",111023,GOY006.A0101.SG1.2.10M.artifact_removal_gc_rl.tsv.gz
"(44,45]",109175,GOY006.A0101.SG1.2.10M.artifact_removal_gc_rl.tsv.gz
"(45,46]",115971,GOY006.A0101.SG1.2.10M.artifact_removal_gc_rl.tsv.gz
"(46,47]",120142,GOY006.A0101.SG1.2.10M.artifact_removal_gc_rl.tsv.gz
"(47,48]",136456,GOY006.A0101.SG1.2.10M.artifact_removal_gc_rl.tsv.gz
"(48,49]",147331,GOY006.A0101.SG1.2.10M.artifact_removal_gc_rl.tsv.gz
"(49,50]",210917,GOY006.A0101.SG1.2.10M.artifact_removal_gc_rl.tsv.gz
"(50,51]",63559,GOY006.A0101.SG1.2.10M.artifact_removal_gc_rl.tsv.gz
"(51,52]",183761,GOY006.A0101.SG1.2.10M.artifact_removal_gc_rl.tsv.gz
"(52,53]",171126,GOY006.A0101.SG1.2.10M.artifact_removal_gc_rl.tsv.gz
"(53,54]",182619,GOY006.A0101.SG1.2.10M.artifact_removal_gc_rl.tsv.gz
"(54,55]",201790,GOY006.A0101.SG1.2.10M.artifact_removal_gc_rl.tsv.gz
"(55,56]",188060,GOY006.A0101.SG1.2.10M.artifact_removal_gc_rl.tsv.gz
"(56,57]",205267,GOY006.A0101.SG1.2.10M.artifact_removal_gc_rl.tsv.gz
"(57,58]",212700,GOY006.A0101.SG1.2.10M.artifact_removal_gc_rl.tsv.gz
"(58,59]",211346,GOY006.A0101.SG1.2.10M.artifact_removal_gc_rl.tsv.gz
"(59,60]",262110,GOY006.A0101.SG1.2.10M.artifact_removal_gc_rl.tsv.gz
"(60,61]",170869,GOY006.A0101.SG1.2.10M.artifact_removal_gc_rl.tsv.gz
"(61,62]",223320,GOY006.A0101.SG1.2.10M.artifact_removal_gc_rl.tsv.gz
"(62,63]",199293,GOY006.A0101.SG1.2.10M.artifact_removal_gc_rl.tsv.gz
"(63,64]",224996,GOY006.A0101.SG1.2.10M.artifact_removal_gc_rl.tsv.gz
"(64,65]",214612,GOY006.A0101.SG1.2.10M.artifact_removal_gc_rl.tsv.gz
"(65,66]",198469,GOY006.A0101.SG1.2.10M.artifact_removal_gc_rl.tsv.gz
"(66,67]",180018,GOY006.A0101.SG1.2.10M.artifact_removal_gc_rl.tsv.gz
"(67,68]",183242,GOY006.A0101.SG1.2.10M.artifact_removal_gc_rl.tsv.gz
"(68,69]",160166,GOY006.A0101.SG1.2.10M.artifact_removal_gc_rl.tsv.gz
"(69,70]",178356,GOY006.A0101.SG1.2.10M.artifact_removal_gc_rl.tsv.gz
"(70,71]",126861,GOY006.A0101.SG1.2.10M.artifact_removal_gc_rl.tsv.gz
"(71,72]",130811,GOY006.A0101.SG1.2.10M.artifact_removal_gc_rl.tsv.gz
"(72,73]",109368,GOY006.A0101.SG1.2.10M.artifact_removal_gc_rl.tsv.gz
"(73,74]",99511,GOY006.A0101.SG1.2.10M.artifact_removal_gc_rl.tsv.gz
"(74,75]",107084,GOY006.A0101.SG1.2.10M.artifact_removal_gc_rl.tsv.gz
"(75,76]",47658,GOY006.A0101.SG1.2.10M.artifact_removal_gc_rl.tsv.gz
"(76,77]",58847,GOY006.A0101.SG1.2.10M.artifact_removal_gc_rl.tsv.gz
"(77,78]",47326,GOY006.A0101.SG1.2.10M.artifact_removal_gc_rl.tsv.gz
"(78,79]",39633,GOY006.A0101.SG1.2.10M.artifact_removal_gc_rl.tsv.gz
"(79,80]",34055,GOY006.A0101.SG1.2.10M.artifact_removal_gc_rl.tsv.gz
"(80,81]",16822,GOY006.A0101.SG1.2.10M.artifact_removal_gc_rl.tsv.gz
"(81,82]",17537,GOY006.A0101.SG1.2.10M.artifact_removal_gc_rl.tsv.gz
"(82,83]",11312,GOY006.A0101.SG1.2.10M.artifact_removal_gc_rl.tsv.gz
"(83,84]",10220,GOY006.A0101.SG1.2.10M.artifact_removal_gc_rl.tsv.gz
"(84,85]",6786,GOY006.A0101.SG1.2.10M.artifact_removal_gc_rl.tsv.gz
"(85,86]",3455,GOY006.A0101.SG1.2.10M.artifact_removal_gc_rl.tsv.gz
"(86,87]",3394,GOY006.A0101.SG1.2.10M.artifact_removal_gc_rl.tsv.gz
"(87,88]",2783,GOY006.A0101.SG1.2.10M.artifact_removal_gc_rl.tsv.gz
"(88,89]",1360,GOY006.A0101.SG1.2.10M.artifact_removal_gc_rl.tsv.gz
"(89,90]",1038,GOY006.A0101.SG1.2.10M.artifact_removal_gc_rl.tsv.gz
"(90,91]",791,GOY006.A0101.SG1.2.10M.artifact_removal_gc_rl.tsv.gz
"(91,92]",440,GOY006.A0101.SG1.2.10M.artifact_removal_gc_rl.tsv.gz
"(92,93]",212,GOY006.A0101.SG1.2.10M.artifact_removal_gc_rl.tsv.gz
"(93,94]",326,GOY006.A0101.SG1.2.10M.artifact_removal_gc_rl.tsv.gz
"(94,95]",200,GOY006.A0101.SG1.2.10M.artifact_removal_gc_rl.tsv.gz
"(95,96]",98,GOY006.A0101.SG1.2.10M.artifact_removal_gc_rl.tsv.gz
"(96,97]",95,GOY006.A0101.SG1.2.10M.artifact_removal_gc_rl.tsv.gz
"(97,98]",111,GOY006.A0101.SG1.2.10M.artifact_removal_gc_rl.tsv.gz
"(98,99]",99,GOY006.A0101.SG1.2.10M.artifact_removal_gc_rl.tsv.gz
"(99,100]",263,GOY006.A0101.SG1.2.10M.artifact_removal_gc_rl.tsv.gz
"[0,1]",41,GOY006.A0102.SG1.5.10M.artifact_removal_gc_rl.tsv.gz
"(1,2]",58,GOY006.A0102.SG1.5.10M.artifact_removal_gc_rl.tsv.gz
"(2,3]",211,GOY006.A0102.SG1.5.10M.artifact_removal_gc_rl.tsv.gz
"(3,4]",142,GOY006.A0102.SG1.5.10M.artifact_removal_gc_rl.tsv.gz
"(4,5]",349,GOY006.A0102.SG1.5.10M.artifact_removal_gc_rl.tsv.gz
"(5,6]",712,GOY006.A0102.SG1.5.10M.artifact_removal_gc_rl.tsv.gz
"(6,7]",882,GOY006.A0102.SG1.5.10M.artifact_removal_gc_rl.tsv.gz
"(7,8]",1193,GOY006.A0102.SG1.5.10M.artifact_removal_gc_rl.tsv.gz
"(8,9]",1975,GOY006.A0102.SG1.5.10M.artifact_removal_gc_rl.tsv.gz
"(9,10]",3242,GOY006.A0102.SG1.5.10M.artifact_removal_gc_rl.tsv.gz
"(10,11]",2983,GOY006.A0102.SG1.5.10M.artifact_removal_gc_rl.tsv.gz
"(11,12]",4987,GOY006.A0102.SG1.5.10M.artifact_removal_gc_rl.tsv.gz
"(12,13]",6362,GOY006.A0102.SG1.5.10M.artifact_removal_gc_rl.tsv.gz
"(13,14]",8357,GOY006.A0102.SG1.5.10M.artifact_removal_gc_rl.tsv.gz
"(14,15]",9540,GOY006.A0102.SG1.5.10M.artifact_removal_gc_rl.tsv.gz
"(15,16]",12416,GOY006.A0102.SG1.5.10M.artifact_removal_gc_rl.tsv.gz
"(16,17]",14288,GOY006.A0102.SG1.5.10M.artifact_removal_gc_rl.tsv.gz
"(17,18]",18485,GOY006.A0102.SG1.5.10M.artifact_removal_gc_rl.tsv.gz
"(18,19]",21317,GOY006.A0102.SG1.5.10M.artifact_removal_gc_rl.tsv.gz
"(19,20]",32038,GOY006.A0102.SG1.5.10M.artifact_removal_gc_rl.tsv.gz
"(20,21]",19944,GOY006.A0102.SG1.5.10M.artifact_removal_gc_rl.tsv.gz
"(21,22]",36402,GOY006.A0102.SG1.5.10M.artifact_removal_gc_rl.tsv.gz
"(22,23]",36495,GOY006.A0102.SG1.5.10M.artifact_removal_gc_rl.tsv.gz
"(23,24]",44051,GOY006.A0102.SG1.5.10M.artifact_removal_gc_rl.tsv.gz
"(24,25]",57550,GOY006.A0102.SG1.5.10M.artifact_removal_gc_rl.tsv.gz
"(25,26]",39612,GOY006.A0102.SG1.5.10M.artifact_removal_gc_rl.tsv.gz
"(26,27]",55061,GOY006.A0102.SG1.5.10M.artifact_removal_gc_rl.tsv.gz
"(27,28]",61304,GOY006.A0102.SG1.5.10M.artifact_removal_gc_rl.tsv.gz
"(28,29]",63506,GOY006.A0102.SG1.5.10M.artifact_removal_gc_rl.tsv.gz
"(29,30]",80580,GOY006.A0102.SG1.5.10M.artifact_removal_gc_rl.tsv.gz
"(30,31]",64767,GOY006.A0102.SG1.5.10M.artifact_removal_gc_rl.tsv.gz
"(31,32]",77674,GOY006.A0102.SG1.5.10M.artifact_removal_gc_rl.tsv.gz
"(32,33]",78091,GOY006.A0102.SG1.5.10M.artifact_removal_gc_rl.tsv.gz
"(33,34]",84271,GOY006.A0102.SG1.5.10M.artifact_removal_gc_rl.tsv.gz
"(34,35]",94286,GOY006.A0102.SG1.5.10M.artifact_removal_gc_rl.tsv.gz
"(35,36]",92351,GOY006.A0102.SG1.5.10M.artifact_removal_gc_rl.tsv.gz
"(36,37]",100375,GOY006.A0102.SG1.5.10M.artifact_removal_gc_rl.tsv.gz
"(37,38]",93832,GOY006.A0102.SG1.5.10M.artifact_removal_gc_rl.tsv.gz
"(38,39]",102259,GOY006.A0102.SG1.5.10M.artifact_removal_gc_rl.tsv.gz
"(39,40]",129103,GOY006.A0102.SG1.5.10M.artifact_removal_gc_rl.tsv.gz
"(40,41]",77860,GOY006.A0102.SG1.5.10M.artifact_removal_gc_rl.tsv.gz
"(41,42]",110804,GOY006.A0102.SG1.5.10M.artifact_removal_gc_rl.tsv.gz
"(42,43]",103528,GOY006.A0102.SG1.5.10M.artifact_removal_gc_rl.tsv.gz
"(43,44]",119001,GOY006.A0102.SG1.5.10M.artifact_removal_gc_rl.tsv.gz
"(44,45]",103772,GOY006.A0102.SG1.5.10M.artifact_removal_gc_rl.tsv.gz
"(45,46]",118184,GOY006.A0102.SG1.5.10M.artifact_removal_gc_rl.tsv.gz
"(46,47]",109969,GOY006.A0102.SG1.5.10M.artifact_removal_gc_rl.tsv.gz
"(47,48]",111668,GOY006.A0102.SG1.5.10M.artifact_removal_gc_rl.tsv.gz
"(48,49]",133458,GOY006.A0102.SG1.5.10M.artifact_removal_gc_rl.tsv.gz
"(49,50]",170526,GOY006.A0102.SG1.5.10M.artifact_removal_gc_rl.tsv.gz
"(50,51]",26734,GOY006.A0102.SG1.5.10M.artifact_removal_gc_rl.tsv.gz
"(51,52]",141849,GOY006.A0102.SG1.5.10M.artifact_removal_gc_rl.tsv.gz
"(52,53]",110589,GOY006.A0102.SG1.5.10M.artifact_removal_gc_rl.tsv.gz
"(53,54]",118824,GOY006.A0102.SG1.5.10M.artifact_removal_gc_rl.tsv.gz
"(54,55]",132884,GOY006.A0102.SG1.5.10M.artifact_removal_gc_rl.tsv.gz
"(55,56]",100371,GOY006.A0102.SG1.5.10M.artifact_removal_gc_rl.tsv.gz
"(56,57]",120876,GOY006.A0102.SG1.5.10M.artifact_removal_gc_rl.tsv.gz
"(57,58]",110572,GOY006.A0102.SG1.5.10M.artifact_removal_gc_rl.tsv.gz
"(58,59]",113427,GOY006.A0102.SG1.5.10M.artifact_removal_gc_rl.tsv.gz
"(59,60]",137969,GOY006.A0102.SG1.5.10M.artifact_removal_gc_rl.tsv.gz
"(60,61]",75363,GOY006.A0102.SG1.5.10M.artifact_removal_gc_rl.tsv.gz
"(61,62]",106174,GOY006.A0102.SG1.5.10M.artifact_removal_gc_rl.tsv.gz
"(62,63]",91081,GOY006.A0102.SG1.5.10M.artifact_removal_gc_rl.tsv.gz
"(63,64]",104599,GOY006.A0102.SG1.5.10M.artifact_removal_gc_rl.tsv.gz
"(64,65]",94701,GOY006.A0102.SG1.5.10M.artifact_removal_gc_rl.tsv.gz
"(65,66]",83773,GOY006.A0102.SG1.5.10M.artifact_removal_gc_rl.tsv.gz
"(66,67]",78071,GOY006.A0102.SG1.5.10M.artifact_removal_gc_rl.tsv.gz
"(67,68]",72826,GOY006.A0102.SG1.5.10M.artifact_removal_gc_rl.tsv.gz
"(68,69]",62953,GOY006.A0102.SG1.5.10M.artifact_removal_gc_rl.tsv.gz
"(69,70]",72258,GOY006.A0102.SG1.5.10M.artifact_removal_gc_rl.tsv.gz
"(70,71]",50258,GOY006.A0102.SG1.5.10M.artifact_removal_gc_rl.tsv.gz
"(71,72]",49574,GOY006.A0102.SG1.5.10M.artifact_removal_gc_rl.tsv.gz
"(72,73]",39777,GOY006.A0102.SG1.5.10M.artifact_removal_gc_rl.tsv.gz
"(73,74]",37920,GOY006.A0102.SG1.5.10M.artifact_removal_gc_rl.tsv.gz
"(74,75]",42442,GOY006.A0102.SG1.5.10M.artifact_removal_gc_rl.tsv.gz
"(75,76]",16512,GOY006.A0102.SG1.5.10M.artifact_removal_gc_rl.tsv.gz
"(76,77]",22288,GOY006.A0102.SG1.5.10M.artifact_removal_gc_rl.tsv.gz
"(77,78]",17658,GOY006.A0102.SG1.5.10M.artifact_removal_gc_rl.tsv.gz
"(78,79]",15199,GOY006.A0102.SG1.5.10M.artifact_removal_gc_rl.tsv.gz
"(79,80]",12827,GOY006.A0102.SG1.5.10M.artifact_removal_gc_rl.tsv.gz
"(80,81]",6142,GOY006.A0102.SG1.5.10M.artifact_removal_gc_rl.tsv.gz
"(81,82]",6452,GOY006.A0102.SG1.5.10M.artifact_removal_gc_rl.tsv.gz
"(82,83]",3945,GOY006.A0102.SG1.5.10M.artifact_removal_gc_rl.tsv.gz
"(83,84]",4097,GOY006.A0102.SG1.5.10M.artifact_removal_gc_rl.tsv.gz
"(84,85]",2420,GOY006.A0102.SG1.5.10M.artifact_removal_gc_rl.tsv.gz
"(85,86]",1235,GOY006.A0102.SG1.5.10M.artifact_removal_gc_rl.tsv.gz
"(86,87]",1219,GOY006.A0102.SG1.5.10M.artifact_removal_gc_rl.tsv.gz
"(87,88]",1097,GOY006.A0102.SG1.5.10M.artifact_removal_gc_rl.tsv.gz
"(88,89]",433,GOY006.A0102.SG1.5.10M.artifact_removal_gc_rl.tsv.gz
"(89,90]",321,GOY006.A0102.SG1.5.10M.artifact_removal_gc_rl.tsv.gz
"(90,91]",325,GOY006.A0102.SG1.5.10M.artifact_removal_gc_rl.tsv.gz
"(91,92]",140,GOY006.A0102.SG1.5.10M.artifact_removal_gc_rl.tsv.gz
"(92,93]",68,GOY006.A0102.SG1.5.10M.artifact_removal_gc_rl.tsv.gz
"(93,94]",146,GOY006.A0102.SG1.5.10M.artifact_removal_gc_rl.tsv.gz
"(94,95]",52,GOY006.A0102.SG1.5.10M.artifact_removal_gc_rl.tsv.gz
"(95,96]",14,GOY006.A0102.SG1.5.10M.artifact_removal_gc_rl.tsv.gz
"(96,97]",22,GOY006.A0102.SG1.5.10M.artifact_removal_gc_rl.tsv.gz
"(97,98]",27,GOY006.A0102.SG1.5.10M.artifact_removal_gc_rl.tsv.gz
"(98,99]",13,GOY006.A0102.SG1.5.10M.artifact_removal_gc_rl.tsv.gz
"(99,100]",51,GOY006.A0102.SG1.5.10M.artifact_removal_gc_rl.tsv.gz
"[0,1]",5,GUE001.A0101.SG1.1.10M.artifact_removal_gc_rl.tsv.gz
"(1,2]",3,GUE001.A0101.SG1.1.10M.artifact_removal_gc_rl.tsv.gz
"(2,3]",8,GUE001.A0101.SG1.1.10M.artifact_removal_gc_rl.tsv.gz
"(3,4]",6,GUE001.A0101.SG1.1.10M.artifact_removal_gc_rl.tsv.gz
"(4,5]",4,GUE001.A0101.SG1.1.10M.artifact_removal_gc_rl.tsv.gz
"(5,6]",14,GUE001.A0101.SG1.1.10M.artifact_removal_gc_rl.tsv.gz
"(6,7]",16,GUE001.A0101.SG1.1.10M.artifact_removal_gc_rl.tsv.gz
"(7,8]",17,GUE001.A0101.SG1.1.10M.artifact_removal_gc_rl.tsv.gz
"(8,9]",26,GUE001.A0101.SG1.1.10M.artifact_removal_gc_rl.tsv.gz
"(9,10]",53,GUE001.A0101.SG1.1.10M.artifact_removal_gc_rl.tsv.gz
"(10,11]",83,GUE001.A0101.SG1.1.10M.artifact_removal_gc_rl.tsv.gz
"(11,12]",142,GUE001.A0101.SG1.1.10M.artifact_removal_gc_rl.tsv.gz
"(12,13]",262,GUE001.A0101.SG1.1.10M.artifact_removal_gc_rl.tsv.gz
"(13,14]",359,GUE001.A0101.SG1.1.10M.artifact_removal_gc_rl.tsv.gz
"(14,15]",474,GUE001.A0101.SG1.1.10M.artifact_removal_gc_rl.tsv.gz
"(15,16]",708,GUE001.A0101.SG1.1.10M.artifact_removal_gc_rl.tsv.gz
"(16,17]",1084,GUE001.A0101.SG1.1.10M.artifact_removal_gc_rl.tsv.gz
"(17,18]",1799,GUE001.A0101.SG1.1.10M.artifact_removal_gc_rl.tsv.gz
"(18,19]",2355,GUE001.A0101.SG1.1.10M.artifact_removal_gc_rl.tsv.gz
"(19,20]",4037,GUE001.A0101.SG1.1.10M.artifact_removal_gc_rl.tsv.gz
"(20,21]",3032,GUE001.A0101.SG1.1.10M.artifact_removal_gc_rl.tsv.gz
"(21,22]",5889,GUE001.A0101.SG1.1.10M.artifact_removal_gc_rl.tsv.gz
"(22,23]",7071,GUE001.A0101.SG1.1.10M.artifact_removal_gc_rl.tsv.gz
"(23,24]",9406,GUE001.A0101.SG1.1.10M.artifact_removal_gc_rl.tsv.gz
"(24,25]",14565,GUE001.A0101.SG1.1.10M.artifact_removal_gc_rl.tsv.gz
"(25,26]",11397,GUE001.A0101.SG1.1.10M.artifact_removal_gc_rl.tsv.gz
"(26,27]",17540,GUE001.A0101.SG1.1.10M.artifact_removal_gc_rl.tsv.gz
"(27,28]",22628,GUE001.A0101.SG1.1.10M.artifact_removal_gc_rl.tsv.gz
"(28,29]",25778,GUE001.A0101.SG1.1.10M.artifact_removal_gc_rl.tsv.gz
"(29,30]",32163,GUE001.A0101.SG1.1.10M.artifact_removal_gc_rl.tsv.gz
"(30,31]",33154,GUE001.A0101.SG1.1.10M.artifact_removal_gc_rl.tsv.gz
"(31,32]",41698,GUE001.A0101.SG1.1.10M.artifact_removal_gc_rl.tsv.gz
"(32,33]",44593,GUE001.A0101.SG1.1.10M.artifact_removal_gc_rl.tsv.gz
"(33,34]",47876,GUE001.A0101.SG1.1.10M.artifact_removal_gc_rl.tsv.gz
"(34,35]",58626,GUE001.A0101.SG1.1.10M.artifact_removal_gc_rl.tsv.gz
"(35,36]",61819,GUE001.A0101.SG1.1.10M.artifact_removal_gc_rl.tsv.gz
"(36,37]",64922,GUE001.A0101.SG1.1.10M.artifact_removal_gc_rl.tsv.gz
"(37,38]",66639,GUE001.A0101.SG1.1.10M.artifact_removal_gc_rl.tsv.gz
"(38,39]",74309,GUE001.A0101.SG1.1.10M.artifact_removal_gc_rl.tsv.gz
"(39,40]",95930,GUE001.A0101.SG1.1.10M.artifact_removal_gc_rl.tsv.gz
"(40,41]",67325,GUE001.A0101.SG1.1.10M.artifact_removal_gc_rl.tsv.gz
"(41,42]",84993,GUE001.A0101.SG1.1.10M.artifact_removal_gc_rl.tsv.gz
"(42,43]",88490,GUE001.A0101.SG1.1.10M.artifact_removal_gc_rl.tsv.gz
"(43,44]",101983,GUE001.A0101.SG1.1.10M.artifact_removal_gc_rl.tsv.gz
"(44,45]",96362,GUE001.A0101.SG1.1.10M.artifact_removal_gc_rl.tsv.gz
"(45,46]",96387,GUE001.A0101.SG1.1.10M.artifact_removal_gc_rl.tsv.gz
"(46,47]",105643,GUE001.A0101.SG1.1.10M.artifact_removal_gc_rl.tsv.gz
"(47,48]",120933,GUE001.A0101.SG1.1.10M.artifact_removal_gc_rl.tsv.gz
"(48,49]",123793,GUE001.A0101.SG1.1.10M.artifact_removal_gc_rl.tsv.gz
"(49,50]",179840,GUE001.A0101.SG1.1.10M.artifact_removal_gc_rl.tsv.gz
"(50,51]",69035,GUE001.A0101.SG1.1.10M.artifact_removal_gc_rl.tsv.gz
"(51,52]",169518,GUE001.A0101.SG1.1.10M.artifact_removal_gc_rl.tsv.gz
"(52,53]",165771,GUE001.A0101.SG1.1.10M.artifact_removal_gc_rl.tsv.gz
"(53,54]",193827,GUE001.A0101.SG1.1.10M.artifact_removal_gc_rl.tsv.gz
"(54,55]",191638,GUE001.A0101.SG1.1.10M.artifact_removal_gc_rl.tsv.gz
"(55,56]",233131,GUE001.A0101.SG1.1.10M.artifact_removal_gc_rl.tsv.gz
"(56,57]",249557,GUE001.A0101.SG1.1.10M.artifact_removal_gc_rl.tsv.gz
"(57,58]",289353,GUE001.A0101.SG1.1.10M.artifact_removal_gc_rl.tsv.gz
"(58,59]",262141,GUE001.A0101.SG1.1.10M.artifact_removal_gc_rl.tsv.gz
"(59,60]",382530,GUE001.A0101.SG1.1.10M.artifact_removal_gc_rl.tsv.gz
"(60,61]",304830,GUE001.A0101.SG1.1.10M.artifact_removal_gc_rl.tsv.gz
"(61,62]",391683,GUE001.A0101.SG1.1.10M.artifact_removal_gc_rl.tsv.gz
"(62,63]",327276,GUE001.A0101.SG1.1.10M.artifact_removal_gc_rl.tsv.gz
"(63,64]",437670,GUE001.A0101.SG1.1.10M.artifact_removal_gc_rl.tsv.gz
"(64,65]",409463,GUE001.A0101.SG1.1.10M.artifact_removal_gc_rl.tsv.gz
"(65,66]",424629,GUE001.A0101.SG1.1.10M.artifact_removal_gc_rl.tsv.gz
"(66,67]",335316,GUE001.A0101.SG1.1.10M.artifact_removal_gc_rl.tsv.gz
"(67,68]",424287,GUE001.A0101.SG1.1.10M.artifact_removal_gc_rl.tsv.gz
"(68,69]",355855,GUE001.A0101.SG1.1.10M.artifact_removal_gc_rl.tsv.gz
"(69,70]",376439,GUE001.A0101.SG1.1.10M.artifact_removal_gc_rl.tsv.gz
"(70,71]",247040,GUE001.A0101.SG1.1.10M.artifact_removal_gc_rl.tsv.gz
"(71,72]",296965,GUE001.A0101.SG1.1.10M.artifact_removal_gc_rl.tsv.gz
"(72,73]",227250,GUE001.A0101.SG1.1.10M.artifact_removal_gc_rl.tsv.gz
"(73,74]",208935,GUE001.A0101.SG1.1.10M.artifact_removal_gc_rl.tsv.gz
"(74,75]",187475,GUE001.A0101.SG1.1.10M.artifact_removal_gc_rl.tsv.gz
"(75,76]",91769,GUE001.A0101.SG1.1.10M.artifact_removal_gc_rl.tsv.gz
"(76,77]",95332,GUE001.A0101.SG1.1.10M.artifact_removal_gc_rl.tsv.gz
"(77,78]",79863,GUE001.A0101.SG1.1.10M.artifact_removal_gc_rl.tsv.gz
"(78,79]",56456,GUE001.A0101.SG1.1.10M.artifact_removal_gc_rl.tsv.gz
"(79,80]",40646,GUE001.A0101.SG1.1.10M.artifact_removal_gc_rl.tsv.gz
"(80,81]",22538,GUE001.A0101.SG1.1.10M.artifact_removal_gc_rl.tsv.gz
"(81,82]",21290,GUE001.A0101.SG1.1.10M.artifact_removal_gc_rl.tsv.gz
"(82,83]",13996,GUE001.A0101.SG1.1.10M.artifact_removal_gc_rl.tsv.gz
"(83,84]",10277,GUE001.A0101.SG1.1.10M.artifact_removal_gc_rl.tsv.gz
"(84,85]",7399,GUE001.A0101.SG1.1.10M.artifact_removal_gc_rl.tsv.gz
"(85,86]",5379,GUE001.A0101.SG1.1.10M.artifact_removal_gc_rl.tsv.gz
"(86,87]",4738,GUE001.A0101.SG1.1.10M.artifact_removal_gc_rl.tsv.gz
"(87,88]",3575,GUE001.A0101.SG1.1.10M.artifact_removal_gc_rl.tsv.gz
"(88,89]",2446,GUE001.A0101.SG1.1.10M.artifact_removal_gc_rl.tsv.gz
"(89,90]",2601,GUE001.A0101.SG1.1.10M.artifact_removal_gc_rl.tsv.gz
"(90,91]",2254,GUE001.A0101.SG1.1.10M.artifact_removal_gc_rl.tsv.gz
"(91,92]",1721,GUE001.A0101.SG1.1.10M.artifact_removal_gc_rl.tsv.gz
"(92,93]",1364,GUE001.A0101.SG1.1.10M.artifact_removal_gc_rl.tsv.gz
"(93,94]",1574,GUE001.A0101.SG1.1.10M.artifact_removal_gc_rl.tsv.gz
"(94,95]",1643,GUE001.A0101.SG1.1.10M.artifact_removal_gc_rl.tsv.gz
"(95,96]",1368,GUE001.A0101.SG1.1.10M.artifact_removal_gc_rl.tsv.gz
"(96,97]",966,GUE001.A0101.SG1.1.10M.artifact_removal_gc_rl.tsv.gz
"(97,98]",1195,GUE001.A0101.SG1.1.10M.artifact_removal_gc_rl.tsv.gz
"(98,99]",1327,GUE001.A0101.SG1.1.10M.artifact_removal_gc_rl.tsv.gz
"(99,100]",1921,GUE001.A0101.SG1.1.10M.artifact_removal_gc_rl.tsv.gz
"[0,1]",27,GUE001.A0102.SG1.4.10M.artifact_removal_gc_rl.tsv.gz
"(1,2]",20,GUE001.A0102.SG1.4.10M.artifact_removal_gc_rl.tsv.gz
"(2,3]",98,GUE001.A0102.SG1.4.10M.artifact_removal_gc_rl.tsv.gz
"(3,4]",56,GUE001.A0102.SG1.4.10M.artifact_removal_gc_rl.tsv.gz
"(4,5]",103,GUE001.A0102.SG1.4.10M.artifact_removal_gc_rl.tsv.gz
"(5,6]",229,GUE001.A0102.SG1.4.10M.artifact_removal_gc_rl.tsv.gz
"(6,7]",244,GUE001.A0102.SG1.4.10M.artifact_removal_gc_rl.tsv.gz
"(7,8]",312,GUE001.A0102.SG1.4.10M.artifact_removal_gc_rl.tsv.gz
"(8,9]",453,GUE001.A0102.SG1.4.10M.artifact_removal_gc_rl.tsv.gz
"(9,10]",761,GUE001.A0102.SG1.4.10M.artifact_removal_gc_rl.tsv.gz
"(10,11]",610,GUE001.A0102.SG1.4.10M.artifact_removal_gc_rl.tsv.gz
"(11,12]",1024,GUE001.A0102.SG1.4.10M.artifact_removal_gc_rl.tsv.gz
"(12,13]",1315,GUE001.A0102.SG1.4.10M.artifact_removal_gc_rl.tsv.gz
"(13,14]",1433,GUE001.A0102.SG1.4.10M.artifact_removal_gc_rl.tsv.gz
"(14,15]",1672,GUE001.A0102.SG1.4.10M.artifact_removal_gc_rl.tsv.gz
"(15,16]",2095,GUE001.A0102.SG1.4.10M.artifact_removal_gc_rl.tsv.gz
"(16,17]",2392,GUE001.A0102.SG1.4.10M.artifact_removal_gc_rl.tsv.gz
"(17,18]",2909,GUE001.A0102.SG1.4.10M.artifact_removal_gc_rl.tsv.gz
"(18,19]",3606,GUE001.A0102.SG1.4.10M.artifact_removal_gc_rl.tsv.gz
"(19,20]",5346,GUE001.A0102.SG1.4.10M.artifact_removal_gc_rl.tsv.gz
"(20,21]",2601,GUE001.A0102.SG1.4.10M.artifact_removal_gc_rl.tsv.gz
"(21,22]",5794,GUE001.A0102.SG1.4.10M.artifact_removal_gc_rl.tsv.gz
"(22,23]",5843,GUE001.A0102.SG1.4.10M.artifact_removal_gc_rl.tsv.gz
"(23,24]",6781,GUE001.A0102.SG1.4.10M.artifact_removal_gc_rl.tsv.gz
"(24,25]",8375,GUE001.A0102.SG1.4.10M.artifact_removal_gc_rl.tsv.gz
"(25,26]",5624,GUE001.A0102.SG1.4.10M.artifact_removal_gc_rl.tsv.gz
"(26,27]",8148,GUE001.A0102.SG1.4.10M.artifact_removal_gc_rl.tsv.gz
"(27,28]",8702,GUE001.A0102.SG1.4.10M.artifact_removal_gc_rl.tsv.gz
"(28,29]",8226,GUE001.A0102.SG1.4.10M.artifact_removal_gc_rl.tsv.gz
"(29,30]",9820,GUE001.A0102.SG1.4.10M.artifact_removal_gc_rl.tsv.gz
"(30,31]",8062,GUE001.A0102.SG1.4.10M.artifact_removal_gc_rl.tsv.gz
"(31,32]",9016,GUE001.A0102.SG1.4.10M.artifact_removal_gc_rl.tsv.gz
"(32,33]",8373,GUE001.A0102.SG1.4.10M.artifact_removal_gc_rl.tsv.gz
"(33,34]",8682,GUE001.A0102.SG1.4.10M.artifact_removal_gc_rl.tsv.gz
"(34,35]",9126,GUE001.A0102.SG1.4.10M.artifact_removal_gc_rl.tsv.gz
"(35,36]",8837,GUE001.A0102.SG1.4.10M.artifact_removal_gc_rl.tsv.gz
"(36,37]",9310,GUE001.A0102.SG1.4.10M.artifact_removal_gc_rl.tsv.gz
"(37,38]",7981,GUE001.A0102.SG1.4.10M.artifact_removal_gc_rl.tsv.gz
"(38,39]",8582,GUE001.A0102.SG1.4.10M.artifact_removal_gc_rl.tsv.gz
"(39,40]",10791,GUE001.A0102.SG1.4.10M.artifact_removal_gc_rl.tsv.gz
"(40,41]",6154,GUE001.A0102.SG1.4.10M.artifact_removal_gc_rl.tsv.gz
"(41,42]",8691,GUE001.A0102.SG1.4.10M.artifact_removal_gc_rl.tsv.gz
"(42,43]",7696,GUE001.A0102.SG1.4.10M.artifact_removal_gc_rl.tsv.gz
"(43,44]",9446,GUE001.A0102.SG1.4.10M.artifact_removal_gc_rl.tsv.gz
"(44,45]",8677,GUE001.A0102.SG1.4.10M.artifact_removal_gc_rl.tsv.gz
"(45,46]",9072,GUE001.A0102.SG1.4.10M.artifact_removal_gc_rl.tsv.gz
"(46,47]",9103,GUE001.A0102.SG1.4.10M.artifact_removal_gc_rl.tsv.gz
"(47,48]",9439,GUE001.A0102.SG1.4.10M.artifact_removal_gc_rl.tsv.gz
"(48,49]",11561,GUE001.A0102.SG1.4.10M.artifact_removal_gc_rl.tsv.gz
"(49,50]",16709,GUE001.A0102.SG1.4.10M.artifact_removal_gc_rl.tsv.gz
"(50,51]",3095,GUE001.A0102.SG1.4.10M.artifact_removal_gc_rl.tsv.gz
"(51,52]",15077,GUE001.A0102.SG1.4.10M.artifact_removal_gc_rl.tsv.gz
"(52,53]",12111,GUE001.A0102.SG1.4.10M.artifact_removal_gc_rl.tsv.gz
"(53,54]",12333,GUE001.A0102.SG1.4.10M.artifact_removal_gc_rl.tsv.gz
"(54,55]",11851,GUE001.A0102.SG1.4.10M.artifact_removal_gc_rl.tsv.gz
"(55,56]",10108,GUE001.A0102.SG1.4.10M.artifact_removal_gc_rl.tsv.gz
"(56,57]",11829,GUE001.A0102.SG1.4.10M.artifact_removal_gc_rl.tsv.gz
"(57,58]",11198,GUE001.A0102.SG1.4.10M.artifact_removal_gc_rl.tsv.gz
"(58,59]",11518,GUE001.A0102.SG1.4.10M.artifact_removal_gc_rl.tsv.gz
"(59,60]",14485,GUE001.A0102.SG1.4.10M.artifact_removal_gc_rl.tsv.gz
"(60,61]",9158,GUE001.A0102.SG1.4.10M.artifact_removal_gc_rl.tsv.gz
"(61,62]",12506,GUE001.A0102.SG1.4.10M.artifact_removal_gc_rl.tsv.gz
"(62,63]",10869,GUE001.A0102.SG1.4.10M.artifact_removal_gc_rl.tsv.gz
"(63,64]",12981,GUE001.A0102.SG1.4.10M.artifact_removal_gc_rl.tsv.gz
"(64,65]",12197,GUE001.A0102.SG1.4.10M.artifact_removal_gc_rl.tsv.gz
"(65,66]",11004,GUE001.A0102.SG1.4.10M.artifact_removal_gc_rl.tsv.gz
"(66,67]",9998,GUE001.A0102.SG1.4.10M.artifact_removal_gc_rl.tsv.gz
"(67,68]",10330,GUE001.A0102.SG1.4.10M.artifact_removal_gc_rl.tsv.gz
"(68,69]",8819,GUE001.A0102.SG1.4.10M.artifact_removal_gc_rl.tsv.gz
"(69,70]",9765,GUE001.A0102.SG1.4.10M.artifact_removal_gc_rl.tsv.gz
"(70,71]",6705,GUE001.A0102.SG1.4.10M.artifact_removal_gc_rl.tsv.gz
"(71,72]",6850,GUE001.A0102.SG1.4.10M.artifact_removal_gc_rl.tsv.gz
"(72,73]",5517,GUE001.A0102.SG1.4.10M.artifact_removal_gc_rl.tsv.gz
"(73,74]",5023,GUE001.A0102.SG1.4.10M.artifact_removal_gc_rl.tsv.gz
"(74,75]",5229,GUE001.A0102.SG1.4.10M.artifact_removal_gc_rl.tsv.gz
"(75,76]",2310,GUE001.A0102.SG1.4.10M.artifact_removal_gc_rl.tsv.gz
"(76,77]",2853,GUE001.A0102.SG1.4.10M.artifact_removal_gc_rl.tsv.gz
"(77,78]",2250,GUE001.A0102.SG1.4.10M.artifact_removal_gc_rl.tsv.gz
"(78,79]",1915,GUE001.A0102.SG1.4.10M.artifact_removal_gc_rl.tsv.gz
"(79,80]",1601,GUE001.A0102.SG1.4.10M.artifact_removal_gc_rl.tsv.gz
"(80,81]",762,GUE001.A0102.SG1.4.10M.artifact_removal_gc_rl.tsv.gz
"(81,82]",850,GUE001.A0102.SG1.4.10M.artifact_removal_gc_rl.tsv.gz
"(82,83]",576,GUE001.A0102.SG1.4.10M.artifact_removal_gc_rl.tsv.gz
"(83,84]",533,GUE001.A0102.SG1.4.10M.artifact_removal_gc_rl.tsv.gz
"(84,85]",366,GUE001.A0102.SG1.4.10M.artifact_removal_gc_rl.tsv.gz
"(85,86]",195,GUE001.A0102.SG1.4.10M.artifact_removal_gc_rl.tsv.gz
"(86,87]",203,GUE001.A0102.SG1.4.10M.artifact_removal_gc_rl.tsv.gz
"(87,88]",144,GUE001.A0102.SG1.4.10M.artifact_removal_gc_rl.tsv.gz
"(88,89]",68,GUE001.A0102.SG1.4.10M.artifact_removal_gc_rl.tsv.gz
"(89,90]",77,GUE001.A0102.SG1.4.10M.artifact_removal_gc_rl.tsv.gz
"(90,91]",62,GUE001.A0102.SG1.4.10M.artifact_removal_gc_rl.tsv.gz
"(91,92]",32,GUE001.A0102.SG1.4.10M.artifact_removal_gc_rl.tsv.gz
"(92,93]",24,GUE001.A0102.SG1.4.10M.artifact_removal_gc_rl.tsv.gz
"(93,94]",30,GUE001.A0102.SG1.4.10M.artifact_removal_gc_rl.tsv.gz
"(94,95]",16,GUE001.A0102.SG1.4.10M.artifact_removal_gc_rl.tsv.gz
"(95,96]",4,GUE001.A0102.SG1.4.10M.artifact_removal_gc_rl.tsv.gz
"(96,97]",8,GUE001.A0102.SG1.4.10M.artifact_removal_gc_rl.tsv.gz
"(97,98]",7,GUE001.A0102.SG1.4.10M.artifact_removal_gc_rl.tsv.gz
"(98,99]",3,GUE001.A0102.SG1.4.10M.artifact_removal_gc_rl.tsv.gz
"(99,100]",17,GUE001.A0102.SG1.4.10M.artifact_removal_gc_rl.tsv.gz
"[0,1]",19,PES001.B0101.SG1.3.10M.artifact_removal_gc_rl.tsv.gz
"(1,2]",41,PES001.B0101.SG1.3.10M.artifact_removal_gc_rl.tsv.gz
"(2,3]",38,PES001.B0101.SG1.3.10M.artifact_removal_gc_rl.tsv.gz
"(3,4]",33,PES001.B0101.SG1.3.10M.artifact_removal_gc_rl.tsv.gz
"(4,5]",62,PES001.B0101.SG1.3.10M.artifact_removal_gc_rl.tsv.gz
"(5,6]",110,PES001.B0101.SG1.3.10M.artifact_removal_gc_rl.tsv.gz
"(6,7]",122,PES001.B0101.SG1.3.10M.artifact_removal_gc_rl.tsv.gz
"(7,8]",146,PES001.B0101.SG1.3.10M.artifact_removal_gc_rl.tsv.gz
"(8,9]",135,PES001.B0101.SG1.3.10M.artifact_removal_gc_rl.tsv.gz
"(9,10]",269,PES001.B0101.SG1.3.10M.artifact_removal_gc_rl.tsv.gz
"(10,11]",310,PES001.B0101.SG1.3.10M.artifact_removal_gc_rl.tsv.gz
"(11,12]",398,PES001.B0101.SG1.3.10M.artifact_removal_gc_rl.tsv.gz
"(12,13]",347,PES001.B0101.SG1.3.10M.artifact_removal_gc_rl.tsv.gz
"(13,14]",732,PES001.B0101.SG1.3.10M.artifact_removal_gc_rl.tsv.gz
"(14,15]",929,PES001.B0101.SG1.3.10M.artifact_removal_gc_rl.tsv.gz
"(15,16]",1345,PES001.B0101.SG1.3.10M.artifact_removal_gc_rl.tsv.gz
"(16,17]",1199,PES001.B0101.SG1.3.10M.artifact_removal_gc_rl.tsv.gz
"(17,18]",2500,PES001.B0101.SG1.3.10M.artifact_removal_gc_rl.tsv.gz
"(18,19]",3353,PES001.B0101.SG1.3.10M.artifact_removal_gc_rl.tsv.gz
"(19,20]",5037,PES001.B0101.SG1.3.10M.artifact_removal_gc_rl.tsv.gz
"(20,21]",3647,PES001.B0101.SG1.3.10M.artifact_removal_gc_rl.tsv.gz
"(21,22]",8007,PES001.B0101.SG1.3.10M.artifact_removal_gc_rl.tsv.gz
"(22,23]",10232,PES001.B0101.SG1.3.10M.artifact_removal_gc_rl.tsv.gz
"(23,24]",13481,PES001.B0101.SG1.3.10M.artifact_removal_gc_rl.tsv.gz
"(24,25]",17894,PES001.B0101.SG1.3.10M.artifact_removal_gc_rl.tsv.gz
"(25,26]",13351,PES001.B0101.SG1.3.10M.artifact_removal_gc_rl.tsv.gz
"(26,27]",23822,PES001.B0101.SG1.3.10M.artifact_removal_gc_rl.tsv.gz
"(27,28]",30806,PES001.B0101.SG1.3.10M.artifact_removal_gc_rl.tsv.gz
"(28,29]",32500,PES001.B0101.SG1.3.10M.artifact_removal_gc_rl.tsv.gz
"(29,30]",33163,PES001.B0101.SG1.3.10M.artifact_removal_gc_rl.tsv.gz
"(30,31]",44594,PES001.B0101.SG1.3.10M.artifact_removal_gc_rl.tsv.gz
"(31,32]",56311,PES001.B0101.SG1.3.10M.artifact_removal_gc_rl.tsv.gz
"(32,33]",58214,PES001.B0101.SG1.3.10M.artifact_removal_gc_rl.tsv.gz
"(33,34]",52375,PES001.B0101.SG1.3.10M.artifact_removal_gc_rl.tsv.gz
"(34,35]",80652,PES001.B0101.SG1.3.10M.artifact_removal_gc_rl.tsv.gz
"(35,36]",91340,PES001.B0101.SG1.3.10M.artifact_removal_gc_rl.tsv.gz
"(36,37]",97273,PES001.B0101.SG1.3.10M.artifact_removal_gc_rl.tsv.gz
"(37,38]",85479,PES001.B0101.SG1.3.10M.artifact_removal_gc_rl.tsv.gz
"(38,39]",125228,PES001.B0101.SG1.3.10M.artifact_removal_gc_rl.tsv.gz
"(39,40]",159472,PES001.B0101.SG1.3.10M.artifact_removal_gc_rl.tsv.gz
"(40,41]",133857,PES001.B0101.SG1.3.10M.artifact_removal_gc_rl.tsv.gz
"(41,42]",132545,PES001.B0101.SG1.3.10M.artifact_removal_gc_rl.tsv.gz
"(42,43]",182048,PES001.B0101.SG1.3.10M.artifact_removal_gc_rl.tsv.gz
"(43,44]",208343,PES001.B0101.SG1.3.10M.artifact_removal_gc_rl.tsv.gz
"(44,45]",205090,PES001.B0101.SG1.3.10M.artifact_removal_gc_rl.tsv.gz
"(45,46]",173343,PES001.B0101.SG1.3.10M.artifact_removal_gc_rl.tsv.gz
"(46,47]",231892,PES001.B0101.SG1.3.10M.artifact_removal_gc_rl.tsv.gz
"(47,48]",249051,PES001.B0101.SG1.3.10M.artifact_removal_gc_rl.tsv.gz
"(48,49]",237222,PES001.B0101.SG1.3.10M.artifact_removal_gc_rl.tsv.gz
"(49,50]",318487,PES001.B0101.SG1.3.10M.artifact_removal_gc_rl.tsv.gz
"(50,51]",120228,PES001.B0101.SG1.3.10M.artifact_removal_gc_rl.tsv.gz
"(51,52]",260621,PES001.B0101.SG1.3.10M.artifact_removal_gc_rl.tsv.gz
"(52,53]",240166,PES001.B0101.SG1.3.10M.artifact_removal_gc_rl.tsv.gz
"(53,54]",256324,PES001.B0101.SG1.3.10M.artifact_removal_gc_rl.tsv.gz
"(54,55]",222844,PES001.B0101.SG1.3.10M.artifact_removal_gc_rl.tsv.gz
"(55,56]",259500,PES001.B0101.SG1.3.10M.artifact_removal_gc_rl.tsv.gz
"(56,57]",265511,PES001.B0101.SG1.3.10M.artifact_removal_gc_rl.tsv.gz
"(57,58]",287316,PES001.B0101.SG1.3.10M.artifact_removal_gc_rl.tsv.gz
"(58,59]",250005,PES001.B0101.SG1.3.10M.artifact_removal_gc_rl.tsv.gz
"(59,60]",359139,PES001.B0101.SG1.3.10M.artifact_removal_gc_rl.tsv.gz
"(60,61]",278870,PES001.B0101.SG1.3.10M.artifact_removal_gc_rl.tsv.gz
"(61,62]",354088,PES001.B0101.SG1.3.10M.artifact_removal_gc_rl.tsv.gz
"(62,63]",296880,PES001.B0101.SG1.3.10M.artifact_removal_gc_rl.tsv.gz
"(63,64]",387561,PES001.B0101.SG1.3.10M.artifact_removal_gc_rl.tsv.gz
"(64,65]",375705,PES001.B0101.SG1.3.10M.artifact_removal_gc_rl.tsv.gz
"(65,66]",379271,PES001.B0101.SG1.3.10M.artifact_removal_gc_rl.tsv.gz
"(66,67]",309654,PES001.B0101.SG1.3.10M.artifact_removal_gc_rl.tsv.gz
"(67,68]",380979,PES001.B0101.SG1.3.10M.artifact_removal_gc_rl.tsv.gz
"(68,69]",332175,PES001.B0101.SG1.3.10M.artifact_removal_gc_rl.tsv.gz
"(69,70]",349470,PES001.B0101.SG1.3.10M.artifact_removal_gc_rl.tsv.gz
"(70,71]",236457,PES001.B0101.SG1.3.10M.artifact_removal_gc_rl.tsv.gz
"(71,72]",274017,PES001.B0101.SG1.3.10M.artifact_removal_gc_rl.tsv.gz
"(72,73]",217102,PES001.B0101.SG1.3.10M.artifact_removal_gc_rl.tsv.gz
"(73,74]",193829,PES001.B0101.SG1.3.10M.artifact_removal_gc_rl.tsv.gz
"(74,75]",178445,PES001.B0101.SG1.3.10M.artifact_removal_gc_rl.tsv.gz
"(75,76]",85686,PES001.B0101.SG1.3.10M.artifact_removal_gc_rl.tsv.gz
"(76,77]",91289,PES001.B0101.SG1.3.10M.artifact_removal_gc_rl.tsv.gz
"(77,78]",72962,PES001.B0101.SG1.3.10M.artifact_removal_gc_rl.tsv.gz
"(78,79]",51477,PES001.B0101.SG1.3.10M.artifact_removal_gc_rl.tsv.gz
"(79,80]",39453,PES001.B0101.SG1.3.10M.artifact_removal_gc_rl.tsv.gz
"(80,81]",20095,PES001.B0101.SG1.3.10M.artifact_removal_gc_rl.tsv.gz
"(81,82]",18945,PES001.B0101.SG1.3.10M.artifact_removal_gc_rl.tsv.gz
"(82,83]",12041,PES001.B0101.SG1.3.10M.artifact_removal_gc_rl.tsv.gz
"(83,84]",8852,PES001.B0101.SG1.3.10M.artifact_removal_gc_rl.tsv.gz
"(84,85]",6174,PES001.B0101.SG1.3.10M.artifact_removal_gc_rl.tsv.gz
"(85,86]",3656,PES001.B0101.SG1.3.10M.artifact_removal_gc_rl.tsv.gz
"(86,87]",2992,PES001.B0101.SG1.3.10M.artifact_removal_gc_rl.tsv.gz
"(87,88]",2160,PES001.B0101.SG1.3.10M.artifact_removal_gc_rl.tsv.gz
"(88,89]",1284,PES001.B0101.SG1.3.10M.artifact_removal_gc_rl.tsv.gz
"(89,90]",1073,PES001.B0101.SG1.3.10M.artifact_removal_gc_rl.tsv.gz
"(90,91]",762,PES001.B0101.SG1.3.10M.artifact_removal_gc_rl.tsv.gz
"(91,92]",484,PES001.B0101.SG1.3.10M.artifact_removal_gc_rl.tsv.gz
"(92,93]",351,PES001.B0101.SG1.3.10M.artifact_removal_gc_rl.tsv.gz
"(93,94]",341,PES001.B0101.SG1.3.10M.artifact_removal_gc_rl.tsv.gz
"(94,95]",263,PES001.B0101.SG1.3.10M.artifact_removal_gc_rl.tsv.gz
"(95,96]",174,PES001.B0101.SG1.3.10M.artifact_removal_gc_rl.tsv.gz
"(96,97]",135,PES001.B0101.SG1.3.10M.artifact_removal_gc_rl.tsv.gz
"(97,98]",158,PES001.B0101.SG1.3.10M.artifact_removal_gc_rl.tsv.gz
"(98,99]",183,PES001.B0101.SG1.3.10M.artifact_removal_gc_rl.tsv.gz
"(99,100]",648,PES001.B0101.SG1.3.10M.artifact_removal_gc_rl.tsv.gz
"[0,1]",27,PES001.B0102.SG1.5.10M.artifact_removal_gc_rl.tsv.gz
"(1,2]",42,PES001.B0102.SG1.5.10M.artifact_removal_gc_rl.tsv.gz
"(2,3]",85,PES001.B0102.SG1.5.10M.artifact_removal_gc_rl.tsv.gz
"(3,4]",75,PES001.B0102.SG1.5.10M.artifact_removal_gc_rl.tsv.gz
"(4,5]",188,PES001.B0102.SG1.5.10M.artifact_removal_gc_rl.tsv.gz
"(5,6]",343,PES001.B0102.SG1.5.10M.artifact_removal_gc_rl.tsv.gz
"(6,7]",417,PES001.B0102.SG1.5.10M.artifact_removal_gc_rl.tsv.gz
"(7,8]",591,PES001.B0102.SG1.5.10M.artifact_removal_gc_rl.tsv.gz
"(8,9]",942,PES001.B0102.SG1.5.10M.artifact_removal_gc_rl.tsv.gz
"(9,10]",1542,PES001.B0102.SG1.5.10M.artifact_removal_gc_rl.tsv.gz
"(10,11]",1555,PES001.B0102.SG1.5.10M.artifact_removal_gc_rl.tsv.gz
"(11,12]",2556,PES001.B0102.SG1.5.10M.artifact_removal_gc_rl.tsv.gz
"(12,13]",3006,PES001.B0102.SG1.5.10M.artifact_removal_gc_rl.tsv.gz
"(13,14]",4276,PES001.B0102.SG1.5.10M.artifact_removal_gc_rl.tsv.gz
"(14,15]",5440,PES001.B0102.SG1.5.10M.artifact_removal_gc_rl.tsv.gz
"(15,16]",7080,PES001.B0102.SG1.5.10M.artifact_removal_gc_rl.tsv.gz
"(16,17]",7955,PES001.B0102.SG1.5.10M.artifact_removal_gc_rl.tsv.gz
"(17,18]",11200,PES001.B0102.SG1.5.10M.artifact_removal_gc_rl.tsv.gz
"(18,19]",13562,PES001.B0102.SG1.5.10M.artifact_removal_gc_rl.tsv.gz
"(19,20]",20682,PES001.B0102.SG1.5.10M.artifact_removal_gc_rl.tsv.gz
"(20,21]",13463,PES001.B0102.SG1.5.10M.artifact_removal_gc_rl.tsv.gz
"(21,22]",25331,PES001.B0102.SG1.5.10M.artifact_removal_gc_rl.tsv.gz
"(22,23]",27710,PES001.B0102.SG1.5.10M.artifact_removal_gc_rl.tsv.gz
"(23,24]",33804,PES001.B0102.SG1.5.10M.artifact_removal_gc_rl.tsv.gz
"(24,25]",44558,PES001.B0102.SG1.5.10M.artifact_removal_gc_rl.tsv.gz
"(25,26]",31152,PES001.B0102.SG1.5.10M.artifact_removal_gc_rl.tsv.gz
"(26,27]",47093,PES001.B0102.SG1.5.10M.artifact_removal_gc_rl.tsv.gz
"(27,28]",54979,PES001.B0102.SG1.5.10M.artifact_removal_gc_rl.tsv.gz
"(28,29]",58334,PES001.B0102.SG1.5.10M.artifact_removal_gc_rl.tsv.gz
"(29,30]",68051,PES001.B0102.SG1.5.10M.artifact_removal_gc_rl.tsv.gz
"(30,31]",65774,PES001.B0102.SG1.5.10M.artifact_removal_gc_rl.tsv.gz
"(31,32]",79518,PES001.B0102.SG1.5.10M.artifact_removal_gc_rl.tsv.gz
"(32,33]",83936,PES001.B0102.SG1.5.10M.artifact_removal_gc_rl.tsv.gz
"(33,34]",83088,PES001.B0102.SG1.5.10M.artifact_removal_gc_rl.tsv.gz
"(34,35]",103795,PES001.B0102.SG1.5.10M.artifact_removal_gc_rl.tsv.gz
"(35,36]",108291,PES001.B0102.SG1.5.10M.artifact_removal_gc_rl.tsv.gz
"(36,37]",118761,PES001.B0102.SG1.5.10M.artifact_removal_gc_rl.tsv.gz
"(37,38]",109705,PES001.B0102.SG1.5.10M.artifact_removal_gc_rl.tsv.gz
"(38,39]",131875,PES001.B0102.SG1.5.10M.artifact_removal_gc_rl.tsv.gz
"(39,40]",167583,PES001.B0102.SG1.5.10M.artifact_removal_gc_rl.tsv.gz
"(40,41]",118234,PES001.B0102.SG1.5.10M.artifact_removal_gc_rl.tsv.gz
"(41,42]",143793,PES001.B0102.SG1.5.10M.artifact_removal_gc_rl.tsv.gz
"(42,43]",153985,PES001.B0102.SG1.5.10M.artifact_removal_gc_rl.tsv.gz
"(43,44]",173738,PES001.B0102.SG1.5.10M.artifact_removal_gc_rl.tsv.gz
"(44,45]",159299,PES001.B0102.SG1.5.10M.artifact_removal_gc_rl.tsv.gz
"(45,46]",157941,PES001.B0102.SG1.5.10M.artifact_removal_gc_rl.tsv.gz
"(46,47]",164579,PES001.B0102.SG1.5.10M.artifact_removal_gc_rl.tsv.gz
"(47,48]",166939,PES001.B0102.SG1.5.10M.artifact_removal_gc_rl.tsv.gz
"(48,49]",176769,PES001.B0102.SG1.5.10M.artifact_removal_gc_rl.tsv.gz
"(49,50]",227417,PES001.B0102.SG1.5.10M.artifact_removal_gc_rl.tsv.gz
"(50,51]",56004,PES001.B0102.SG1.5.10M.artifact_removal_gc_rl.tsv.gz
"(51,52]",179945,PES001.B0102.SG1.5.10M.artifact_removal_gc_rl.tsv.gz
"(52,53]",148810,PES001.B0102.SG1.5.10M.artifact_removal_gc_rl.tsv.gz
"(53,54]",157558,PES001.B0102.SG1.5.10M.artifact_removal_gc_rl.tsv.gz
"(54,55]",161583,PES001.B0102.SG1.5.10M.artifact_removal_gc_rl.tsv.gz
"(55,56]",141577,PES001.B0102.SG1.5.10M.artifact_removal_gc_rl.tsv.gz
"(56,57]",159407,PES001.B0102.SG1.5.10M.artifact_removal_gc_rl.tsv.gz
"(57,58]",156146,PES001.B0102.SG1.5.10M.artifact_removal_gc_rl.tsv.gz
"(58,59]",153630,PES001.B0102.SG1.5.10M.artifact_removal_gc_rl.tsv.gz
"(59,60]",199008,PES001.B0102.SG1.5.10M.artifact_removal_gc_rl.tsv.gz
"(60,61]",127181,PES001.B0102.SG1.5.10M.artifact_removal_gc_rl.tsv.gz
"(61,62]",171399,PES001.B0102.SG1.5.10M.artifact_removal_gc_rl.tsv.gz
"(62,63]",151564,PES001.B0102.SG1.5.10M.artifact_removal_gc_rl.tsv.gz
"(63,64]",180610,PES001.B0102.SG1.5.10M.artifact_removal_gc_rl.tsv.gz
"(64,65]",170804,PES001.B0102.SG1.5.10M.artifact_removal_gc_rl.tsv.gz
"(65,66]",160713,PES001.B0102.SG1.5.10M.artifact_removal_gc_rl.tsv.gz
"(66,67]",144096,PES001.B0102.SG1.5.10M.artifact_removal_gc_rl.tsv.gz
"(67,68]",151248,PES001.B0102.SG1.5.10M.artifact_removal_gc_rl.tsv.gz
"(68,69]",132688,PES001.B0102.SG1.5.10M.artifact_removal_gc_rl.tsv.gz
"(69,70]",145259,PES001.B0102.SG1.5.10M.artifact_removal_gc_rl.tsv.gz
"(70,71]",102747,PES001.B0102.SG1.5.10M.artifact_removal_gc_rl.tsv.gz
"(71,72]",104767,PES001.B0102.SG1.5.10M.artifact_removal_gc_rl.tsv.gz
"(72,73]",84323,PES001.B0102.SG1.5.10M.artifact_removal_gc_rl.tsv.gz
"(73,74]",76181,PES001.B0102.SG1.5.10M.artifact_removal_gc_rl.tsv.gz
"(74,75]",80066,PES001.B0102.SG1.5.10M.artifact_removal_gc_rl.tsv.gz
"(75,76]",34242,PES001.B0102.SG1.5.10M.artifact_removal_gc_rl.tsv.gz
"(76,77]",40473,PES001.B0102.SG1.5.10M.artifact_removal_gc_rl.tsv.gz
"(77,78]",32537,PES001.B0102.SG1.5.10M.artifact_removal_gc_rl.tsv.gz
"(78,79]",25919,PES001.B0102.SG1.5.10M.artifact_removal_gc_rl.tsv.gz
"(79,80]",22096,PES001.B0102.SG1.5.10M.artifact_removal_gc_rl.tsv.gz
"(80,81]",10514,PES001.B0102.SG1.5.10M.artifact_removal_gc_rl.tsv.gz
"(81,82]",10946,PES001.B0102.SG1.5.10M.artifact_removal_gc_rl.tsv.gz
"(82,83]",6581,PES001.B0102.SG1.5.10M.artifact_removal_gc_rl.tsv.gz
"(83,84]",6473,PES001.B0102.SG1.5.10M.artifact_removal_gc_rl.tsv.gz
"(84,85]",3984,PES001.B0102.SG1.5.10M.artifact_removal_gc_rl.tsv.gz
"(85,86]",1870,PES001.B0102.SG1.5.10M.artifact_removal_gc_rl.tsv.gz
"(86,87]",1886,PES001.B0102.SG1.5.10M.artifact_removal_gc_rl.tsv.gz
"(87,88]",1611,PES001.B0102.SG1.5.10M.artifact_removal_gc_rl.tsv.gz
"(88,89]",654,PES001.B0102.SG1.5.10M.artifact_removal_gc_rl.tsv.gz
"(89,90]",557,PES001.B0102.SG1.5.10M.artifact_removal_gc_rl.tsv.gz
"(90,91]",436,PES001.B0102.SG1.5.10M.artifact_removal_gc_rl.tsv.gz
"(91,92]",247,PES001.B0102.SG1.5.10M.artifact_removal_gc_rl.tsv.gz
"(92,93]",120,PES001.B0102.SG1.5.10M.artifact_removal_gc_rl.tsv.gz
"(93,94]",219,PES001.B0102.SG1.5.10M.artifact_removal_gc_rl.tsv.gz
"(94,95]",88,PES001.B0102.SG1.5.10M.artifact_removal_gc_rl.tsv.gz
"(95,96]",19,PES001.B0102.SG1.5.10M.artifact_removal_gc_rl.tsv.gz
"(96,97]",44,PES001.B0102.SG1.5.10M.artifact_removal_gc_rl.tsv.gz
"(97,98]",42,PES001.B0102.SG1.5.10M.artifact_removal_gc_rl.tsv.gz
"(98,99]",43,PES001.B0102.SG1.5.10M.artifact_removal_gc_rl.tsv.gz
"(99,100]",152,PES001.B0102.SG1.5.10M.artifact_removal_gc_rl.tsv.gz
"[0,1]",54,SPM002.A0101.SG1.1.10M.artifact_removal_gc_rl.tsv.gz
"(1,2]",98,SPM002.A0101.SG1.1.10M.artifact_removal_gc_rl.tsv.gz
"(2,3]",123,SPM002.A0101.SG1.1.10M.artifact_removal_gc_rl.tsv.gz
"(3,4]",90,SPM002.A0101.SG1.1.10M.artifact_removal_gc_rl.tsv.gz
"(4,5]",113,SPM002.A0101.SG1.1.10M.artifact_removal_gc_rl.tsv.gz
"(5,6]",230,SPM002.A0101.SG1.1.10M.artifact_removal_gc_rl.tsv.gz
"(6,7]",204,SPM002.A0101.SG1.1.10M.artifact_removal_gc_rl.tsv.gz
"(7,8]",204,SPM002.A0101.SG1.1.10M.artifact_removal_gc_rl.tsv.gz
"(8,9]",173,SPM002.A0101.SG1.1.10M.artifact_removal_gc_rl.tsv.gz
"(9,10]",343,SPM002.A0101.SG1.1.10M.artifact_removal_gc_rl.tsv.gz
"(10,11]",344,SPM002.A0101.SG1.1.10M.artifact_removal_gc_rl.tsv.gz
"(11,12]",386,SPM002.A0101.SG1.1.10M.artifact_removal_gc_rl.tsv.gz
"(12,13]",297,SPM002.A0101.SG1.1.10M.artifact_removal_gc_rl.tsv.gz
"(13,14]",593,SPM002.A0101.SG1.1.10M.artifact_removal_gc_rl.tsv.gz
"(14,15]",706,SPM002.A0101.SG1.1.10M.artifact_removal_gc_rl.tsv.gz
"(15,16]",773,SPM002.A0101.SG1.1.10M.artifact_removal_gc_rl.tsv.gz
"(16,17]",530,SPM002.A0101.SG1.1.10M.artifact_removal_gc_rl.tsv.gz
"(17,18]",1094,SPM002.A0101.SG1.1.10M.artifact_removal_gc_rl.tsv.gz
"(18,19]",1348,SPM002.A0101.SG1.1.10M.artifact_removal_gc_rl.tsv.gz
"(19,20]",1706,SPM002.A0101.SG1.1.10M.artifact_removal_gc_rl.tsv.gz
"(20,21]",1108,SPM002.A0101.SG1.1.10M.artifact_removal_gc_rl.tsv.gz
"(21,22]",2451,SPM002.A0101.SG1.1.10M.artifact_removal_gc_rl.tsv.gz
"(22,23]",3136,SPM002.A0101.SG1.1.10M.artifact_removal_gc_rl.tsv.gz
"(23,24]",3712,SPM002.A0101.SG1.1.10M.artifact_removal_gc_rl.tsv.gz
"(24,25]",4369,SPM002.A0101.SG1.1.10M.artifact_removal_gc_rl.tsv.gz
"(25,26]",3868,SPM002.A0101.SG1.1.10M.artifact_removal_gc_rl.tsv.gz
"(26,27]",6515,SPM002.A0101.SG1.1.10M.artifact_removal_gc_rl.tsv.gz
"(27,28]",8648,SPM002.A0101.SG1.1.10M.artifact_removal_gc_rl.tsv.gz
"(28,29]",8711,SPM002.A0101.SG1.1.10M.artifact_removal_gc_rl.tsv.gz
"(29,30]",9303,SPM002.A0101.SG1.1.10M.artifact_removal_gc_rl.tsv.gz
"(30,31]",12723,SPM002.A0101.SG1.1.10M.artifact_removal_gc_rl.tsv.gz
"(31,32]",16219,SPM002.A0101.SG1.1.10M.artifact_removal_gc_rl.tsv.gz
"(32,33]",16464,SPM002.A0101.SG1.1.10M.artifact_removal_gc_rl.tsv.gz
"(33,34]",16784,SPM002.A0101.SG1.1.10M.artifact_removal_gc_rl.tsv.gz
"(34,35]",23711,SPM002.A0101.SG1.1.10M.artifact_removal_gc_rl.tsv.gz
"(35,36]",26904,SPM002.A0101.SG1.1.10M.artifact_removal_gc_rl.tsv.gz
"(36,37]",27002,SPM002.A0101.SG1.1.10M.artifact_removal_gc_rl.tsv.gz
"(37,38]",24704,SPM002.A0101.SG1.1.10M.artifact_removal_gc_rl.tsv.gz
"(38,39]",29481,SPM002.A0101.SG1.1.10M.artifact_removal_gc_rl.tsv.gz
"(39,40]",33209,SPM002.A0101.SG1.1.10M.artifact_removal_gc_rl.tsv.gz
"(40,41]",24903,SPM002.A0101.SG1.1.10M.artifact_removal_gc_rl.tsv.gz
"(41,42]",25105,SPM002.A0101.SG1.1.10M.artifact_removal_gc_rl.tsv.gz
"(42,43]",28248,SPM002.A0101.SG1.1.10M.artifact_removal_gc_rl.tsv.gz
"(43,44]",30086,SPM002.A0101.SG1.1.10M.artifact_removal_gc_rl.tsv.gz
"(44,45]",26431,SPM002.A0101.SG1.1.10M.artifact_removal_gc_rl.tsv.gz
"(45,46]",25813,SPM002.A0101.SG1.1.10M.artifact_removal_gc_rl.tsv.gz
"(46,47]",29769,SPM002.A0101.SG1.1.10M.artifact_removal_gc_rl.tsv.gz
"(47,48]",33497,SPM002.A0101.SG1.1.10M.artifact_removal_gc_rl.tsv.gz
"(48,49]",27652,SPM002.A0101.SG1.1.10M.artifact_removal_gc_rl.tsv.gz
"(49,50]",37568,SPM002.A0101.SG1.1.10M.artifact_removal_gc_rl.tsv.gz
"(50,51]",14083,SPM002.A0101.SG1.1.10M.artifact_removal_gc_rl.tsv.gz
"(51,52]",30768,SPM002.A0101.SG1.1.10M.artifact_removal_gc_rl.tsv.gz
"(52,53]",27801,SPM002.A0101.SG1.1.10M.artifact_removal_gc_rl.tsv.gz
"(53,54]",29939,SPM002.A0101.SG1.1.10M.artifact_removal_gc_rl.tsv.gz
"(54,55]",26267,SPM002.A0101.SG1.1.10M.artifact_removal_gc_rl.tsv.gz
"(55,56]",33508,SPM002.A0101.SG1.1.10M.artifact_removal_gc_rl.tsv.gz
"(56,57]",34176,SPM002.A0101.SG1.1.10M.artifact_removal_gc_rl.tsv.gz
"(57,58]",37294,SPM002.A0101.SG1.1.10M.artifact_removal_gc_rl.tsv.gz
"(58,59]",31693,SPM002.A0101.SG1.1.10M.artifact_removal_gc_rl.tsv.gz
"(59,60]",44782,SPM002.A0101.SG1.1.10M.artifact_removal_gc_rl.tsv.gz
"(60,61]",32623,SPM002.A0101.SG1.1.10M.artifact_removal_gc_rl.tsv.gz
"(61,62]",39519,SPM002.A0101.SG1.1.10M.artifact_removal_gc_rl.tsv.gz
"(62,63]",29631,SPM002.A0101.SG1.1.10M.artifact_removal_gc_rl.tsv.gz
"(63,64]",37941,SPM002.A0101.SG1.1.10M.artifact_removal_gc_rl.tsv.gz
"(64,65]",32101,SPM002.A0101.SG1.1.10M.artifact_removal_gc_rl.tsv.gz
"(65,66]",29214,SPM002.A0101.SG1.1.10M.artifact_removal_gc_rl.tsv.gz
"(66,67]",21584,SPM002.A0101.SG1.1.10M.artifact_removal_gc_rl.tsv.gz
"(67,68]",24735,SPM002.A0101.SG1.1.10M.artifact_removal_gc_rl.tsv.gz
"(68,69]",18555,SPM002.A0101.SG1.1.10M.artifact_removal_gc_rl.tsv.gz
"(69,70]",18332,SPM002.A0101.SG1.1.10M.artifact_removal_gc_rl.tsv.gz
"(70,71]",11595,SPM002.A0101.SG1.1.10M.artifact_removal_gc_rl.tsv.gz
"(71,72]",12799,SPM002.A0101.SG1.1.10M.artifact_removal_gc_rl.tsv.gz
"(72,73]",9831,SPM002.A0101.SG1.1.10M.artifact_removal_gc_rl.tsv.gz
"(73,74]",8966,SPM002.A0101.SG1.1.10M.artifact_removal_gc_rl.tsv.gz
"(74,75]",8866,SPM002.A0101.SG1.1.10M.artifact_removal_gc_rl.tsv.gz
"(75,76]",4144,SPM002.A0101.SG1.1.10M.artifact_removal_gc_rl.tsv.gz
"(76,77]",4984,SPM002.A0101.SG1.1.10M.artifact_removal_gc_rl.tsv.gz
"(77,78]",4525,SPM002.A0101.SG1.1.10M.artifact_removal_gc_rl.tsv.gz
"(78,79]",3656,SPM002.A0101.SG1.1.10M.artifact_removal_gc_rl.tsv.gz
"(79,80]",3153,SPM002.A0101.SG1.1.10M.artifact_removal_gc_rl.tsv.gz
"(80,81]",1905,SPM002.A0101.SG1.1.10M.artifact_removal_gc_rl.tsv.gz
"(81,82]",2350,SPM002.A0101.SG1.1.10M.artifact_removal_gc_rl.tsv.gz
"(82,83]",1828,SPM002.A0101.SG1.1.10M.artifact_removal_gc_rl.tsv.gz
"(83,84]",1509,SPM002.A0101.SG1.1.10M.artifact_removal_gc_rl.tsv.gz
"(84,85]",1367,SPM002.A0101.SG1.1.10M.artifact_removal_gc_rl.tsv.gz
"(85,86]",1392,SPM002.A0101.SG1.1.10M.artifact_removal_gc_rl.tsv.gz
"(86,87]",1367,SPM002.A0101.SG1.1.10M.artifact_removal_gc_rl.tsv.gz
"(87,88]",1179,SPM002.A0101.SG1.1.10M.artifact_removal_gc_rl.tsv.gz
"(88,89]",1023,SPM002.A0101.SG1.1.10M.artifact_removal_gc_rl.tsv.gz
"(89,90]",1347,SPM002.A0101.SG1.1.10M.artifact_removal_gc_rl.tsv.gz
"(90,91]",1259,SPM002.A0101.SG1.1.10M.artifact_removal_gc_rl.tsv.gz
"(91,92]",1079,SPM002.A0101.SG1.1.10M.artifact_removal_gc_rl.tsv.gz
"(92,93]",823,SPM002.A0101.SG1.1.10M.artifact_removal_gc_rl.tsv.gz
"(93,94]",1049,SPM002.A0101.SG1.1.10M.artifact_removal_gc_rl.tsv.gz
"(94,95]",1058,SPM002.A0101.SG1.1.10M.artifact_removal_gc_rl.tsv.gz
"(95,96]",866,SPM002.A0101.SG1.1.10M.artifact_removal_gc_rl.tsv.gz
"(96,97]",583,SPM002.A0101.SG1.1.10M.artifact_removal_gc_rl.tsv.gz
"(97,98]",738,SPM002.A0101.SG1.1.10M.artifact_removal_gc_rl.tsv.gz
"(98,99]",781,SPM002.A0101.SG1.1.10M.artifact_removal_gc_rl.tsv.gz
"(99,100]",880,SPM002.A0101.SG1.1.10M.artifact_removal_gc_rl.tsv.gz
"[0,1]",36,SPM002.A0103.SG1.4.10M.artifact_removal_gc_rl.tsv.gz
"(1,2]",44,SPM002.A0103.SG1.4.10M.artifact_removal_gc_rl.tsv.gz
"(2,3]",61,SPM002.A0103.SG1.4.10M.artifact_removal_gc_rl.tsv.gz
"(3,4]",48,SPM002.A0103.SG1.4.10M.artifact_removal_gc_rl.tsv.gz
"(4,5]",97,SPM002.A0103.SG1.4.10M.artifact_removal_gc_rl.tsv.gz
"(5,6]",144,SPM002.A0103.SG1.4.10M.artifact_removal_gc_rl.tsv.gz
"(6,7]",187,SPM002.A0103.SG1.4.10M.artifact_removal_gc_rl.tsv.gz
"(7,8]",219,SPM002.A0103.SG1.4.10M.artifact_removal_gc_rl.tsv.gz
"(8,9]",194,SPM002.A0103.SG1.4.10M.artifact_removal_gc_rl.tsv.gz
"(9,10]",437,SPM002.A0103.SG1.4.10M.artifact_removal_gc_rl.tsv.gz
"(10,11]",528,SPM002.A0103.SG1.4.10M.artifact_removal_gc_rl.tsv.gz
"(11,12]",639,SPM002.A0103.SG1.4.10M.artifact_removal_gc_rl.tsv.gz
"(12,13]",542,SPM002.A0103.SG1.4.10M.artifact_removal_gc_rl.tsv.gz
"(13,14]",1219,SPM002.A0103.SG1.4.10M.artifact_removal_gc_rl.tsv.gz
"(14,15]",1432,SPM002.A0103.SG1.4.10M.artifact_removal_gc_rl.tsv.gz
"(15,16]",1938,SPM002.A0103.SG1.4.10M.artifact_removal_gc_rl.tsv.gz
"(16,17]",1171,SPM002.A0103.SG1.4.10M.artifact_removal_gc_rl.tsv.gz
"(17,18]",3217,SPM002.A0103.SG1.4.10M.artifact_removal_gc_rl.tsv.gz
"(18,19]",4061,SPM002.A0103.SG1.4.10M.artifact_removal_gc_rl.tsv.gz
"(19,20]",5031,SPM002.A0103.SG1.4.10M.artifact_removal_gc_rl.tsv.gz
"(20,21]",2463,SPM002.A0103.SG1.4.10M.artifact_removal_gc_rl.tsv.gz
"(21,22]",6984,SPM002.A0103.SG1.4.10M.artifact_removal_gc_rl.tsv.gz
"(22,23]",7818,SPM002.A0103.SG1.4.10M.artifact_removal_gc_rl.tsv.gz
"(23,24]",8638,SPM002.A0103.SG1.4.10M.artifact_removal_gc_rl.tsv.gz
"(24,25]",8782,SPM002.A0103.SG1.4.10M.artifact_removal_gc_rl.tsv.gz
"(25,26]",5886,SPM002.A0103.SG1.4.10M.artifact_removal_gc_rl.tsv.gz
"(26,27]",10847,SPM002.A0103.SG1.4.10M.artifact_removal_gc_rl.tsv.gz
"(27,28]",13206,SPM002.A0103.SG1.4.10M.artifact_removal_gc_rl.tsv.gz
"(28,29]",10113,SPM002.A0103.SG1.4.10M.artifact_removal_gc_rl.tsv.gz
"(29,30]",8608,SPM002.A0103.SG1.4.10M.artifact_removal_gc_rl.tsv.gz
"(30,31]",11278,SPM002.A0103.SG1.4.10M.artifact_removal_gc_rl.tsv.gz
"(31,32]",12593,SPM002.A0103.SG1.4.10M.artifact_removal_gc_rl.tsv.gz
"(32,33]",8984,SPM002.A0103.SG1.4.10M.artifact_removal_gc_rl.tsv.gz
"(33,34]",7052,SPM002.A0103.SG1.4.10M.artifact_removal_gc_rl.tsv.gz
"(34,35]",9235,SPM002.A0103.SG1.4.10M.artifact_removal_gc_rl.tsv.gz
"(35,36]",9076,SPM002.A0103.SG1.4.10M.artifact_removal_gc_rl.tsv.gz
"(36,37]",7448,SPM002.A0103.SG1.4.10M.artifact_removal_gc_rl.tsv.gz
"(37,38]",5313,SPM002.A0103.SG1.4.10M.artifact_removal_gc_rl.tsv.gz
"(38,39]",6871,SPM002.A0103.SG1.4.10M.artifact_removal_gc_rl.tsv.gz
"(39,40]",7103,SPM002.A0103.SG1.4.10M.artifact_removal_gc_rl.tsv.gz
"(40,41]",4538,SPM002.A0103.SG1.4.10M.artifact_removal_gc_rl.tsv.gz
"(41,42]",4602,SPM002.A0103.SG1.4.10M.artifact_removal_gc_rl.tsv.gz
"(42,43]",5066,SPM002.A0103.SG1.4.10M.artifact_removal_gc_rl.tsv.gz
"(43,44]",5940,SPM002.A0103.SG1.4.10M.artifact_removal_gc_rl.tsv.gz
"(44,45]",4944,SPM002.A0103.SG1.4.10M.artifact_removal_gc_rl.tsv.gz
"(45,46]",4353,SPM002.A0103.SG1.4.10M.artifact_removal_gc_rl.tsv.gz
"(46,47]",5918,SPM002.A0103.SG1.4.10M.artifact_removal_gc_rl.tsv.gz
"(47,48]",5648,SPM002.A0103.SG1.4.10M.artifact_removal_gc_rl.tsv.gz
"(48,49]",6473,SPM002.A0103.SG1.4.10M.artifact_removal_gc_rl.tsv.gz
"(49,50]",9084,SPM002.A0103.SG1.4.10M.artifact_removal_gc_rl.tsv.gz
"(50,51]",1734,SPM002.A0103.SG1.4.10M.artifact_removal_gc_rl.tsv.gz
"(51,52]",7646,SPM002.A0103.SG1.4.10M.artifact_removal_gc_rl.tsv.gz
"(52,53]",5468,SPM002.A0103.SG1.4.10M.artifact_removal_gc_rl.tsv.gz
"(53,54]",4990,SPM002.A0103.SG1.4.10M.artifact_removal_gc_rl.tsv.gz
"(54,55]",4511,SPM002.A0103.SG1.4.10M.artifact_removal_gc_rl.tsv.gz
"(55,56]",3604,SPM002.A0103.SG1.4.10M.artifact_removal_gc_rl.tsv.gz
"(56,57]",4366,SPM002.A0103.SG1.4.10M.artifact_removal_gc_rl.tsv.gz
"(57,58]",3907,SPM002.A0103.SG1.4.10M.artifact_removal_gc_rl.tsv.gz
"(58,59]",3889,SPM002.A0103.SG1.4.10M.artifact_removal_gc_rl.tsv.gz
"(59,60]",4894,SPM002.A0103.SG1.4.10M.artifact_removal_gc_rl.tsv.gz
"(60,61]",2904,SPM002.A0103.SG1.4.10M.artifact_removal_gc_rl.tsv.gz
"(61,62]",3977,SPM002.A0103.SG1.4.10M.artifact_removal_gc_rl.tsv.gz
"(62,63]",3222,SPM002.A0103.SG1.4.10M.artifact_removal_gc_rl.tsv.gz
"(63,64]",3936,SPM002.A0103.SG1.4.10M.artifact_removal_gc_rl.tsv.gz
"(64,65]",3457,SPM002.A0103.SG1.4.10M.artifact_removal_gc_rl.tsv.gz
"(65,66]",2934,SPM002.A0103.SG1.4.10M.artifact_removal_gc_rl.tsv.gz
"(66,67]",2840,SPM002.A0103.SG1.4.10M.artifact_removal_gc_rl.tsv.gz
"(67,68]",2626,SPM002.A0103.SG1.4.10M.artifact_removal_gc_rl.tsv.gz
"(68,69]",2119,SPM002.A0103.SG1.4.10M.artifact_removal_gc_rl.tsv.gz
"(69,70]",2563,SPM002.A0103.SG1.4.10M.artifact_removal_gc_rl.tsv.gz
"(70,71]",1732,SPM002.A0103.SG1.4.10M.artifact_removal_gc_rl.tsv.gz
"(71,72]",1602,SPM002.A0103.SG1.4.10M.artifact_removal_gc_rl.tsv.gz
"(72,73]",1367,SPM002.A0103.SG1.4.10M.artifact_removal_gc_rl.tsv.gz
"(73,74]",1330,SPM002.A0103.SG1.4.10M.artifact_removal_gc_rl.tsv.gz
"(74,75]",1535,SPM002.A0103.SG1.4.10M.artifact_removal_gc_rl.tsv.gz
"(75,76]",562,SPM002.A0103.SG1.4.10M.artifact_removal_gc_rl.tsv.gz
"(76,77]",840,SPM002.A0103.SG1.4.10M.artifact_removal_gc_rl.tsv.gz
"(77,78]",681,SPM002.A0103.SG1.4.10M.artifact_removal_gc_rl.tsv.gz
"(78,79]",579,SPM002.A0103.SG1.4.10M.artifact_removal_gc_rl.tsv.gz
"(79,80]",515,SPM002.A0103.SG1.4.10M.artifact_removal_gc_rl.tsv.gz
"(80,81]",262,SPM002.A0103.SG1.4.10M.artifact_removal_gc_rl.tsv.gz
"(81,82]",273,SPM002.A0103.SG1.4.10M.artifact_removal_gc_rl.tsv.gz
"(82,83]",165,SPM002.A0103.SG1.4.10M.artifact_removal_gc_rl.tsv.gz
"(83,84]",207,SPM002.A0103.SG1.4.10M.artifact_removal_gc_rl.tsv.gz
"(84,85]",163,SPM002.A0103.SG1.4.10M.artifact_removal_gc_rl.tsv.gz
"(85,86]",95,SPM002.A0103.SG1.4.10M.artifact_removal_gc_rl.tsv.gz
"(86,87]",106,SPM002.A0103.SG1.4.10M.artifact_removal_gc_rl.tsv.gz
"(87,88]",94,SPM002.A0103.SG1.4.10M.artifact_removal_gc_rl.tsv.gz
"(88,89]",79,SPM002.A0103.SG1.4.10M.artifact_removal_gc_rl.tsv.gz
"(89,90]",98,SPM002.A0103.SG1.4.10M.artifact_removal_gc_rl.tsv.gz
"(90,91]",82,SPM002.A0103.SG1.4.10M.artifact_removal_gc_rl.tsv.gz
"(91,92]",59,SPM002.A0103.SG1.4.10M.artifact_removal_gc_rl.tsv.gz
"(92,93]",33,SPM002.A0103.SG1.4.10M.artifact_removal_gc_rl.tsv.gz
"(93,94]",32,SPM002.A0103.SG1.4.10M.artifact_removal_gc_rl.tsv.gz
"(94,95]",20,SPM002.A0103.SG1.4.10M.artifact_removal_gc_rl.tsv.gz
"(95,96]",18,SPM002.A0103.SG1.4.10M.artifact_removal_gc_rl.tsv.gz
"(96,97]",16,SPM002.A0103.SG1.4.10M.artifact_removal_gc_rl.tsv.gz
"(97,98]",9,SPM002.A0103.SG1.4.10M.artifact_removal_gc_rl.tsv.gz
"(98,99]",15,SPM002.A0103.SG1.4.10M.artifact_removal_gc_rl.tsv.gz
"(99,100]",19,SPM002.A0103.SG1.4.10M.artifact_removal_gc_rl.tsv.gz
"[0,1]",12,VLD001.A0101.SG1.1.10M.artifact_removal_gc_rl.tsv.gz
"(1,2]",10,VLD001.A0101.SG1.1.10M.artifact_removal_gc_rl.tsv.gz
"(2,3]",8,VLD001.A0101.SG1.1.10M.artifact_removal_gc_rl.tsv.gz
"(3,4]",7,VLD001.A0101.SG1.1.10M.artifact_removal_gc_rl.tsv.gz
"(4,5]",18,VLD001.A0101.SG1.1.10M.artifact_removal_gc_rl.tsv.gz
"(5,6]",24,VLD001.A0101.SG1.1.10M.artifact_removal_gc_rl.tsv.gz
"(6,7]",28,VLD001.A0101.SG1.1.10M.artifact_removal_gc_rl.tsv.gz
"(7,8]",28,VLD001.A0101.SG1.1.10M.artifact_removal_gc_rl.tsv.gz
"(8,9]",32,VLD001.A0101.SG1.1.10M.artifact_removal_gc_rl.tsv.gz
"(9,10]",93,VLD001.A0101.SG1.1.10M.artifact_removal_gc_rl.tsv.gz
"(10,11]",99,VLD001.A0101.SG1.1.10M.artifact_removal_gc_rl.tsv.gz
"(11,12]",200,VLD001.A0101.SG1.1.10M.artifact_removal_gc_rl.tsv.gz
"(12,13]",350,VLD001.A0101.SG1.1.10M.artifact_removal_gc_rl.tsv.gz
"(13,14]",609,VLD001.A0101.SG1.1.10M.artifact_removal_gc_rl.tsv.gz
"(14,15]",930,VLD001.A0101.SG1.1.10M.artifact_removal_gc_rl.tsv.gz
"(15,16]",1481,VLD001.A0101.SG1.1.10M.artifact_removal_gc_rl.tsv.gz
"(16,17]",2191,VLD001.A0101.SG1.1.10M.artifact_removal_gc_rl.tsv.gz
"(17,18]",3516,VLD001.A0101.SG1.1.10M.artifact_removal_gc_rl.tsv.gz
"(18,19]",4829,VLD001.A0101.SG1.1.10M.artifact_removal_gc_rl.tsv.gz
"(19,20]",8840,VLD001.A0101.SG1.1.10M.artifact_removal_gc_rl.tsv.gz
"(20,21]",7834,VLD001.A0101.SG1.1.10M.artifact_removal_gc_rl.tsv.gz
"(21,22]",14028,VLD001.A0101.SG1.1.10M.artifact_removal_gc_rl.tsv.gz
"(22,23]",17662,VLD001.A0101.SG1.1.10M.artifact_removal_gc_rl.tsv.gz
"(23,24]",24068,VLD001.A0101.SG1.1.10M.artifact_removal_gc_rl.tsv.gz
"(24,25]",35794,VLD001.A0101.SG1.1.10M.artifact_removal_gc_rl.tsv.gz
"(25,26]",30191,VLD001.A0101.SG1.1.10M.artifact_removal_gc_rl.tsv.gz
"(26,27]",45098,VLD001.A0101.SG1.1.10M.artifact_removal_gc_rl.tsv.gz
"(27,28]",56822,VLD001.A0101.SG1.1.10M.artifact_removal_gc_rl.tsv.gz
"(28,29]",63885,VLD001.A0101.SG1.1.10M.artifact_removal_gc_rl.tsv.gz
"(29,30]",81024,VLD001.A0101.SG1.1.10M.artifact_removal_gc_rl.tsv.gz
"(30,31]",80519,VLD001.A0101.SG1.1.10M.artifact_removal_gc_rl.tsv.gz
"(31,32]",100930,VLD001.A0101.SG1.1.10M.artifact_removal_gc_rl.tsv.gz
"(32,33]",105687,VLD001.A0101.SG1.1.10M.artifact_removal_gc_rl.tsv.gz
"(33,34]",113270,VLD001.A0101.SG1.1.10M.artifact_removal_gc_rl.tsv.gz
"(34,35]",130816,VLD001.A0101.SG1.1.10M.artifact_removal_gc_rl.tsv.gz
"(35,36]",133475,VLD001.A0101.SG1.1.10M.artifact_removal_gc_rl.tsv.gz
"(36,37]",138822,VLD001.A0101.SG1.1.10M.artifact_removal_gc_rl.tsv.gz
"(37,38]",142467,VLD001.A0101.SG1.1.10M.artifact_removal_gc_rl.tsv.gz
"(38,39]",148016,VLD001.A0101.SG1.1.10M.artifact_removal_gc_rl.tsv.gz
"(39,40]",180543,VLD001.A0101.SG1.1.10M.artifact_removal_gc_rl.tsv.gz
"(40,41]",121025,VLD001.A0101.SG1.1.10M.artifact_removal_gc_rl.tsv.gz
"(41,42]",156985,VLD001.A0101.SG1.1.10M.artifact_removal_gc_rl.tsv.gz
"(42,43]",148793,VLD001.A0101.SG1.1.10M.artifact_removal_gc_rl.tsv.gz
"(43,44]",162827,VLD001.A0101.SG1.1.10M.artifact_removal_gc_rl.tsv.gz
"(44,45]",149569,VLD001.A0101.SG1.1.10M.artifact_removal_gc_rl.tsv.gz
"(45,46]",154217,VLD001.A0101.SG1.1.10M.artifact_removal_gc_rl.tsv.gz
"(46,47]",147133,VLD001.A0101.SG1.1.10M.artifact_removal_gc_rl.tsv.gz
"(47,48]",157539,VLD001.A0101.SG1.1.10M.artifact_removal_gc_rl.tsv.gz
"(48,49]",167552,VLD001.A0101.SG1.1.10M.artifact_removal_gc_rl.tsv.gz
"(49,50]",224928,VLD001.A0101.SG1.1.10M.artifact_removal_gc_rl.tsv.gz
"(50,51]",54654,VLD001.A0101.SG1.1.10M.artifact_removal_gc_rl.tsv.gz
"(51,52]",185418,VLD001.A0101.SG1.1.10M.artifact_removal_gc_rl.tsv.gz
"(52,53]",159653,VLD001.A0101.SG1.1.10M.artifact_removal_gc_rl.tsv.gz
"(53,54]",169824,VLD001.A0101.SG1.1.10M.artifact_removal_gc_rl.tsv.gz
"(54,55]",187759,VLD001.A0101.SG1.1.10M.artifact_removal_gc_rl.tsv.gz
"(55,56]",163281,VLD001.A0101.SG1.1.10M.artifact_removal_gc_rl.tsv.gz
"(56,57]",184075,VLD001.A0101.SG1.1.10M.artifact_removal_gc_rl.tsv.gz
"(57,58]",186316,VLD001.A0101.SG1.1.10M.artifact_removal_gc_rl.tsv.gz
"(58,59]",189381,VLD001.A0101.SG1.1.10M.artifact_removal_gc_rl.tsv.gz
"(59,60]",236163,VLD001.A0101.SG1.1.10M.artifact_removal_gc_rl.tsv.gz
"(60,61]",149175,VLD001.A0101.SG1.1.10M.artifact_removal_gc_rl.tsv.gz
"(61,62]",203438,VLD001.A0101.SG1.1.10M.artifact_removal_gc_rl.tsv.gz
"(62,63]",181525,VLD001.A0101.SG1.1.10M.artifact_removal_gc_rl.tsv.gz
"(63,64]",207733,VLD001.A0101.SG1.1.10M.artifact_removal_gc_rl.tsv.gz
"(64,65]",194720,VLD001.A0101.SG1.1.10M.artifact_removal_gc_rl.tsv.gz
"(65,66]",178478,VLD001.A0101.SG1.1.10M.artifact_removal_gc_rl.tsv.gz
"(66,67]",165851,VLD001.A0101.SG1.1.10M.artifact_removal_gc_rl.tsv.gz
"(67,68]",166380,VLD001.A0101.SG1.1.10M.artifact_removal_gc_rl.tsv.gz
"(68,69]",143917,VLD001.A0101.SG1.1.10M.artifact_removal_gc_rl.tsv.gz
"(69,70]",161465,VLD001.A0101.SG1.1.10M.artifact_removal_gc_rl.tsv.gz
"(70,71]",114702,VLD001.A0101.SG1.1.10M.artifact_removal_gc_rl.tsv.gz
"(71,72]",117629,VLD001.A0101.SG1.1.10M.artifact_removal_gc_rl.tsv.gz
"(72,73]",97219,VLD001.A0101.SG1.1.10M.artifact_removal_gc_rl.tsv.gz
"(73,74]",90323,VLD001.A0101.SG1.1.10M.artifact_removal_gc_rl.tsv.gz
"(74,75]",94845,VLD001.A0101.SG1.1.10M.artifact_removal_gc_rl.tsv.gz
"(75,76]",43819,VLD001.A0101.SG1.1.10M.artifact_removal_gc_rl.tsv.gz
"(76,77]",52606,VLD001.A0101.SG1.1.10M.artifact_removal_gc_rl.tsv.gz
"(77,78]",42778,VLD001.A0101.SG1.1.10M.artifact_removal_gc_rl.tsv.gz
"(78,79]",35849,VLD001.A0101.SG1.1.10M.artifact_removal_gc_rl.tsv.gz
"(79,80]",31422,VLD001.A0101.SG1.1.10M.artifact_removal_gc_rl.tsv.gz
"(80,81]",16464,VLD001.A0101.SG1.1.10M.artifact_removal_gc_rl.tsv.gz
"(81,82]",17149,VLD001.A0101.SG1.1.10M.artifact_removal_gc_rl.tsv.gz
"(82,83]",11403,VLD001.A0101.SG1.1.10M.artifact_removal_gc_rl.tsv.gz
"(83,84]",10754,VLD001.A0101.SG1.1.10M.artifact_removal_gc_rl.tsv.gz
"(84,85]",7388,VLD001.A0101.SG1.1.10M.artifact_removal_gc_rl.tsv.gz
"(85,86]",4482,VLD001.A0101.SG1.1.10M.artifact_removal_gc_rl.tsv.gz
"(86,87]",4482,VLD001.A0101.SG1.1.10M.artifact_removal_gc_rl.tsv.gz
"(87,88]",3810,VLD001.A0101.SG1.1.10M.artifact_removal_gc_rl.tsv.gz
"(88,89]",2317,VLD001.A0101.SG1.1.10M.artifact_removal_gc_rl.tsv.gz
"(89,90]",2170,VLD001.A0101.SG1.1.10M.artifact_removal_gc_rl.tsv.gz
"(90,91]",1916,VLD001.A0101.SG1.1.10M.artifact_removal_gc_rl.tsv.gz
"(91,92]",1369,VLD001.A0101.SG1.1.10M.artifact_removal_gc_rl.tsv.gz
"(92,93]",909,VLD001.A0101.SG1.1.10M.artifact_removal_gc_rl.tsv.gz
"(93,94]",1144,VLD001.A0101.SG1.1.10M.artifact_removal_gc_rl.tsv.gz
"(94,95]",1038,VLD001.A0101.SG1.1.10M.artifact_removal_gc_rl.tsv.gz
"(95,96]",727,VLD001.A0101.SG1.1.10M.artifact_removal_gc_rl.tsv.gz
"(96,97]",538,VLD001.A0101.SG1.1.10M.artifact_removal_gc_rl.tsv.gz
"(97,98]",616,VLD001.A0101.SG1.1.10M.artifact_removal_gc_rl.tsv.gz
"(98,99]",671,VLD001.A0101.SG1.1.10M.artifact_removal_gc_rl.tsv.gz
"(99,100]",909,VLD001.A0101.SG1.1.10M.artifact_removal_gc_rl.tsv.gz
"[0,1]",35,VLD001.A0102.SG1.2.10M.artifact_removal_gc_rl.tsv.gz
"(1,2]",30,VLD001.A0102.SG1.2.10M.artifact_removal_gc_rl.tsv.gz
"(2,3]",185,VLD001.A0102.SG1.2.10M.artifact_removal_gc_rl.tsv.gz
"(3,4]",78,VLD001.A0102.SG1.2.10M.artifact_removal_gc_rl.tsv.gz
"(4,5]",208,VLD001.A0102.SG1.2.10M.artifact_removal_gc_rl.tsv.gz
"(5,6]",563,VLD001.A0102.SG1.2.10M.artifact_removal_gc_rl.tsv.gz
"(6,7]",543,VLD001.A0102.SG1.2.10M.artifact_removal_gc_rl.tsv.gz
"(7,8]",746,VLD001.A0102.SG1.2.10M.artifact_removal_gc_rl.tsv.gz
"(8,9]",1327,VLD001.A0102.SG1.2.10M.artifact_removal_gc_rl.tsv.gz
"(9,10]",2206,VLD001.A0102.SG1.2.10M.artifact_removal_gc_rl.tsv.gz
"(10,11]",1816,VLD001.A0102.SG1.2.10M.artifact_removal_gc_rl.tsv.gz
"(11,12]",3300,VLD001.A0102.SG1.2.10M.artifact_removal_gc_rl.tsv.gz
"(12,13]",4542,VLD001.A0102.SG1.2.10M.artifact_removal_gc_rl.tsv.gz
"(13,14]",5327,VLD001.A0102.SG1.2.10M.artifact_removal_gc_rl.tsv.gz
"(14,15]",6549,VLD001.A0102.SG1.2.10M.artifact_removal_gc_rl.tsv.gz
"(15,16]",8666,VLD001.A0102.SG1.2.10M.artifact_removal_gc_rl.tsv.gz
"(16,17]",10926,VLD001.A0102.SG1.2.10M.artifact_removal_gc_rl.tsv.gz
"(17,18]",13394,VLD001.A0102.SG1.2.10M.artifact_removal_gc_rl.tsv.gz
"(18,19]",16148,VLD001.A0102.SG1.2.10M.artifact_removal_gc_rl.tsv.gz
"(19,20]",25287,VLD001.A0102.SG1.2.10M.artifact_removal_gc_rl.tsv.gz
"(20,21]",15382,VLD001.A0102.SG1.2.10M.artifact_removal_gc_rl.tsv.gz
"(21,22]",28341,VLD001.A0102.SG1.2.10M.artifact_removal_gc_rl.tsv.gz
"(22,23]",29397,VLD001.A0102.SG1.2.10M.artifact_removal_gc_rl.tsv.gz
"(23,24]",36438,VLD001.A0102.SG1.2.10M.artifact_removal_gc_rl.tsv.gz
"(24,25]",48652,VLD001.A0102.SG1.2.10M.artifact_removal_gc_rl.tsv.gz
"(25,26]",34572,VLD001.A0102.SG1.2.10M.artifact_removal_gc_rl.tsv.gz
"(26,27]",48090,VLD001.A0102.SG1.2.10M.artifact_removal_gc_rl.tsv.gz
"(27,28]",53723,VLD001.A0102.SG1.2.10M.artifact_removal_gc_rl.tsv.gz
"(28,29]",57293,VLD001.A0102.SG1.2.10M.artifact_removal_gc_rl.tsv.gz
"(29,30]",75241,VLD001.A0102.SG1.2.10M.artifact_removal_gc_rl.tsv.gz
"(30,31]",58528,VLD001.A0102.SG1.2.10M.artifact_removal_gc_rl.tsv.gz
"(31,32]",69374,VLD001.A0102.SG1.2.10M.artifact_removal_gc_rl.tsv.gz
"(32,33]",70541,VLD001.A0102.SG1.2.10M.artifact_removal_gc_rl.tsv.gz
"(33,34]",77390,VLD001.A0102.SG1.2.10M.artifact_removal_gc_rl.tsv.gz
"(34,35]",82369,VLD001.A0102.SG1.2.10M.artifact_removal_gc_rl.tsv.gz
"(35,36]",78557,VLD001.A0102.SG1.2.10M.artifact_removal_gc_rl.tsv.gz
"(36,37]",85396,VLD001.A0102.SG1.2.10M.artifact_removal_gc_rl.tsv.gz
"(37,38]",78351,VLD001.A0102.SG1.2.10M.artifact_removal_gc_rl.tsv.gz
"(38,39]",80351,VLD001.A0102.SG1.2.10M.artifact_removal_gc_rl.tsv.gz
"(39,40]",100342,VLD001.A0102.SG1.2.10M.artifact_removal_gc_rl.tsv.gz
"(40,41]",56581,VLD001.A0102.SG1.2.10M.artifact_removal_gc_rl.tsv.gz
"(41,42]",81899,VLD001.A0102.SG1.2.10M.artifact_removal_gc_rl.tsv.gz
"(42,43]",70735,VLD001.A0102.SG1.2.10M.artifact_removal_gc_rl.tsv.gz
"(43,44]",80756,VLD001.A0102.SG1.2.10M.artifact_removal_gc_rl.tsv.gz
"(44,45]",66137,VLD001.A0102.SG1.2.10M.artifact_removal_gc_rl.tsv.gz
"(45,46]",76813,VLD001.A0102.SG1.2.10M.artifact_removal_gc_rl.tsv.gz
"(46,47]",68249,VLD001.A0102.SG1.2.10M.artifact_removal_gc_rl.tsv.gz
"(47,48]",66221,VLD001.A0102.SG1.2.10M.artifact_removal_gc_rl.tsv.gz
"(48,49]",80134,VLD001.A0102.SG1.2.10M.artifact_removal_gc_rl.tsv.gz
"(49,50]",98188,VLD001.A0102.SG1.2.10M.artifact_removal_gc_rl.tsv.gz
"(50,51]",11009,VLD001.A0102.SG1.2.10M.artifact_removal_gc_rl.tsv.gz
"(51,52]",80996,VLD001.A0102.SG1.2.10M.artifact_removal_gc_rl.tsv.gz
"(52,53]",59074,VLD001.A0102.SG1.2.10M.artifact_removal_gc_rl.tsv.gz
"(53,54]",65436,VLD001.A0102.SG1.2.10M.artifact_removal_gc_rl.tsv.gz
"(54,55]",73460,VLD001.A0102.SG1.2.10M.artifact_removal_gc_rl.tsv.gz
"(55,56]",52084,VLD001.A0102.SG1.2.10M.artifact_removal_gc_rl.tsv.gz
"(56,57]",66729,VLD001.A0102.SG1.2.10M.artifact_removal_gc_rl.tsv.gz
"(57,58]",58398,VLD001.A0102.SG1.2.10M.artifact_removal_gc_rl.tsv.gz
"(58,59]",63327,VLD001.A0102.SG1.2.10M.artifact_removal_gc_rl.tsv.gz
"(59,60]",78656,VLD001.A0102.SG1.2.10M.artifact_removal_gc_rl.tsv.gz
"(60,61]",40643,VLD001.A0102.SG1.2.10M.artifact_removal_gc_rl.tsv.gz
"(61,62]",60817,VLD001.A0102.SG1.2.10M.artifact_removal_gc_rl.tsv.gz
"(62,63]",51935,VLD001.A0102.SG1.2.10M.artifact_removal_gc_rl.tsv.gz
"(63,64]",62731,VLD001.A0102.SG1.2.10M.artifact_removal_gc_rl.tsv.gz
"(64,65]",56541,VLD001.A0102.SG1.2.10M.artifact_removal_gc_rl.tsv.gz
"(65,66]",49565,VLD001.A0102.SG1.2.10M.artifact_removal_gc_rl.tsv.gz
"(66,67]",48857,VLD001.A0102.SG1.2.10M.artifact_removal_gc_rl.tsv.gz
"(67,68]",44734,VLD001.A0102.SG1.2.10M.artifact_removal_gc_rl.tsv.gz
"(68,69]",39225,VLD001.A0102.SG1.2.10M.artifact_removal_gc_rl.tsv.gz
"(69,70]",46892,VLD001.A0102.SG1.2.10M.artifact_removal_gc_rl.tsv.gz
"(70,71]",33140,VLD001.A0102.SG1.2.10M.artifact_removal_gc_rl.tsv.gz
"(71,72]",32248,VLD001.A0102.SG1.2.10M.artifact_removal_gc_rl.tsv.gz
"(72,73]",27122,VLD001.A0102.SG1.2.10M.artifact_removal_gc_rl.tsv.gz
"(73,74]",26542,VLD001.A0102.SG1.2.10M.artifact_removal_gc_rl.tsv.gz
"(74,75]",30333,VLD001.A0102.SG1.2.10M.artifact_removal_gc_rl.tsv.gz
"(75,76]",12130,VLD001.A0102.SG1.2.10M.artifact_removal_gc_rl.tsv.gz
"(76,77]",17242,VLD001.A0102.SG1.2.10M.artifact_removal_gc_rl.tsv.gz
"(77,78]",14061,VLD001.A0102.SG1.2.10M.artifact_removal_gc_rl.tsv.gz
"(78,79]",12405,VLD001.A0102.SG1.2.10M.artifact_removal_gc_rl.tsv.gz
"(79,80]",10980,VLD001.A0102.SG1.2.10M.artifact_removal_gc_rl.tsv.gz
"(80,81]",5474,VLD001.A0102.SG1.2.10M.artifact_removal_gc_rl.tsv.gz
"(81,82]",6196,VLD001.A0102.SG1.2.10M.artifact_removal_gc_rl.tsv.gz
"(82,83]",3999,VLD001.A0102.SG1.2.10M.artifact_removal_gc_rl.tsv.gz
"(83,84]",4302,VLD001.A0102.SG1.2.10M.artifact_removal_gc_rl.tsv.gz
"(84,85]",2786,VLD001.A0102.SG1.2.10M.artifact_removal_gc_rl.tsv.gz
"(85,86]",1410,VLD001.A0102.SG1.2.10M.artifact_removal_gc_rl.tsv.gz
"(86,87]",1576,VLD001.A0102.SG1.2.10M.artifact_removal_gc_rl.tsv.gz
"(87,88]",1377,VLD001.A0102.SG1.2.10M.artifact_removal_gc_rl.tsv.gz
"(88,89]",645,VLD001.A0102.SG1.2.10M.artifact_removal_gc_rl.tsv.gz
"(89,90]",495,VLD001.A0102.SG1.2.10M.artifact_removal_gc_rl.tsv.gz
"(90,91]",477,VLD001.A0102.SG1.2.10M.artifact_removal_gc_rl.tsv.gz
"(91,92]",221,VLD001.A0102.SG1.2.10M.artifact_removal_gc_rl.tsv.gz
"(92,93]",81,VLD001.A0102.SG1.2.10M.artifact_removal_gc_rl.tsv.gz
"(93,94]",205,VLD001.A0102.SG1.2.10M.artifact_removal_gc_rl.tsv.gz
"(94,95]",112,VLD001.A0102.SG1.2.10M.artifact_removal_gc_rl.tsv.gz
"(95,96]",5,VLD001.A0102.SG1.2.10M.artifact_removal_gc_rl.tsv.gz
"(96,97]",35,VLD001.A0102.SG1.2.10M.artifact_removal_gc_rl.tsv.gz
"(97,98]",20,VLD001.A0102.SG1.2.10M.artifact_removal_gc_rl.tsv.gz
"(98,99]",2,VLD001.A0102.SG1.2.10M.artifact_removal_gc_rl.tsv.gz
"(99,100]",9,VLD001.A0102.SG1.2.10M.artifact_removal_gc_rl.tsv.gz
"[0,1]",8,ZAF001.A0101.SG1.1.10M.artifact_removal_gc_rl.tsv.gz
"(1,2]",20,ZAF001.A0101.SG1.1.10M.artifact_removal_gc_rl.tsv.gz
"(2,3]",15,ZAF001.A0101.SG1.1.10M.artifact_removal_gc_rl.tsv.gz
"(3,4]",16,ZAF001.A0101.SG1.1.10M.artifact_removal_gc_rl.tsv.gz
"(4,5]",19,ZAF001.A0101.SG1.1.10M.artifact_removal_gc_rl.tsv.gz
"(5,6]",30,ZAF001.A0101.SG1.1.10M.artifact_removal_gc_rl.tsv.gz
"(6,7]",36,ZAF001.A0101.SG1.1.10M.artifact_removal_gc_rl.tsv.gz
"(7,8]",36,ZAF001.A0101.SG1.1.10M.artifact_removal_gc_rl.tsv.gz
"(8,9]",56,ZAF001.A0101.SG1.1.10M.artifact_removal_gc_rl.tsv.gz
"(9,10]",81,ZAF001.A0101.SG1.1.10M.artifact_removal_gc_rl.tsv.gz
"(10,11]",82,ZAF001.A0101.SG1.1.10M.artifact_removal_gc_rl.tsv.gz
"(11,12]",142,ZAF001.A0101.SG1.1.10M.artifact_removal_gc_rl.tsv.gz
"(12,13]",228,ZAF001.A0101.SG1.1.10M.artifact_removal_gc_rl.tsv.gz
"(13,14]",299,ZAF001.A0101.SG1.1.10M.artifact_removal_gc_rl.tsv.gz
"(14,15]",446,ZAF001.A0101.SG1.1.10M.artifact_removal_gc_rl.tsv.gz
"(15,16]",510,ZAF001.A0101.SG1.1.10M.artifact_removal_gc_rl.tsv.gz
"(16,17]",810,ZAF001.A0101.SG1.1.10M.artifact_removal_gc_rl.tsv.gz
"(17,18]",1276,ZAF001.A0101.SG1.1.10M.artifact_removal_gc_rl.tsv.gz
"(18,19]",1512,ZAF001.A0101.SG1.1.10M.artifact_removal_gc_rl.tsv.gz
"(19,20]",2897,ZAF001.A0101.SG1.1.10M.artifact_removal_gc_rl.tsv.gz
"(20,21]",2061,ZAF001.A0101.SG1.1.10M.artifact_removal_gc_rl.tsv.gz
"(21,22]",4024,ZAF001.A0101.SG1.1.10M.artifact_removal_gc_rl.tsv.gz
"(22,23]",4660,ZAF001.A0101.SG1.1.10M.artifact_removal_gc_rl.tsv.gz
"(23,24]",6386,ZAF001.A0101.SG1.1.10M.artifact_removal_gc_rl.tsv.gz
"(24,25]",9092,ZAF001.A0101.SG1.1.10M.artifact_removal_gc_rl.tsv.gz
"(25,26]",7438,ZAF001.A0101.SG1.1.10M.artifact_removal_gc_rl.tsv.gz
"(26,27]",10766,ZAF001.A0101.SG1.1.10M.artifact_removal_gc_rl.tsv.gz
"(27,28]",13638,ZAF001.A0101.SG1.1.10M.artifact_removal_gc_rl.tsv.gz
"(28,29]",14660,ZAF001.A0101.SG1.1.10M.artifact_removal_gc_rl.tsv.gz
"(29,30]",19160,ZAF001.A0101.SG1.1.10M.artifact_removal_gc_rl.tsv.gz
"(30,31]",18215,ZAF001.A0101.SG1.1.10M.artifact_removal_gc_rl.tsv.gz
"(31,32]",22714,ZAF001.A0101.SG1.1.10M.artifact_removal_gc_rl.tsv.gz
"(32,33]",23537,ZAF001.A0101.SG1.1.10M.artifact_removal_gc_rl.tsv.gz
"(33,34]",26137,ZAF001.A0101.SG1.1.10M.artifact_removal_gc_rl.tsv.gz
"(34,35]",30768,ZAF001.A0101.SG1.1.10M.artifact_removal_gc_rl.tsv.gz
"(35,36]",32183,ZAF001.A0101.SG1.1.10M.artifact_removal_gc_rl.tsv.gz
"(36,37]",34871,ZAF001.A0101.SG1.1.10M.artifact_removal_gc_rl.tsv.gz
"(37,38]",34202,ZAF001.A0101.SG1.1.10M.artifact_removal_gc_rl.tsv.gz
"(38,39]",39156,ZAF001.A0101.SG1.1.10M.artifact_removal_gc_rl.tsv.gz
"(39,40]",50884,ZAF001.A0101.SG1.1.10M.artifact_removal_gc_rl.tsv.gz
"(40,41]",34275,ZAF001.A0101.SG1.1.10M.artifact_removal_gc_rl.tsv.gz
"(41,42]",48435,ZAF001.A0101.SG1.1.10M.artifact_removal_gc_rl.tsv.gz
"(42,43]",48804,ZAF001.A0101.SG1.1.10M.artifact_removal_gc_rl.tsv.gz
"(43,44]",60703,ZAF001.A0101.SG1.1.10M.artifact_removal_gc_rl.tsv.gz
"(44,45]",57683,ZAF001.A0101.SG1.1.10M.artifact_removal_gc_rl.tsv.gz
"(45,46]",69998,ZAF001.A0101.SG1.1.10M.artifact_removal_gc_rl.tsv.gz
"(46,47]",72479,ZAF001.A0101.SG1.1.10M.artifact_removal_gc_rl.tsv.gz
"(47,48]",81506,ZAF001.A0101.SG1.1.10M.artifact_removal_gc_rl.tsv.gz
"(48,49]",101674,ZAF001.A0101.SG1.1.10M.artifact_removal_gc_rl.tsv.gz
"(49,50]",148903,ZAF001.A0101.SG1.1.10M.artifact_removal_gc_rl.tsv.gz
"(50,51]",30267,ZAF001.A0101.SG1.1.10M.artifact_removal_gc_rl.tsv.gz
"(51,52]",144894,ZAF001.A0101.SG1.1.10M.artifact_removal_gc_rl.tsv.gz
"(52,53]",127632,ZAF001.A0101.SG1.1.10M.artifact_removal_gc_rl.tsv.gz
"(53,54]",149386,ZAF001.A0101.SG1.1.10M.artifact_removal_gc_rl.tsv.gz
"(54,55]",179614,ZAF001.A0101.SG1.1.10M.artifact_removal_gc_rl.tsv.gz
"(55,56]",158054,ZAF001.A0101.SG1.1.10M.artifact_removal_gc_rl.tsv.gz
"(56,57]",195797,ZAF001.A0101.SG1.1.10M.artifact_removal_gc_rl.tsv.gz
"(57,58]",200442,ZAF001.A0101.SG1.1.10M.artifact_removal_gc_rl.tsv.gz
"(58,59]",215444,ZAF001.A0101.SG1.1.10M.artifact_removal_gc_rl.tsv.gz
"(59,60]",278974,ZAF001.A0101.SG1.1.10M.artifact_removal_gc_rl.tsv.gz
"(60,61]",170176,ZAF001.A0101.SG1.1.10M.artifact_removal_gc_rl.tsv.gz
"(61,62]",242249,ZAF001.A0101.SG1.1.10M.artifact_removal_gc_rl.tsv.gz
"(62,63]",214661,ZAF001.A0101.SG1.1.10M.artifact_removal_gc_rl.tsv.gz
"(63,64]",252887,ZAF001.A0101.SG1.1.10M.artifact_removal_gc_rl.tsv.gz
"(64,65]",235841,ZAF001.A0101.SG1.1.10M.artifact_removal_gc_rl.tsv.gz
"(65,66]",209566,ZAF001.A0101.SG1.1.10M.artifact_removal_gc_rl.tsv.gz
"(66,67]",197721,ZAF001.A0101.SG1.1.10M.artifact_removal_gc_rl.tsv.gz
"(67,68]",186981,ZAF001.A0101.SG1.1.10M.artifact_removal_gc_rl.tsv.gz
"(68,69]",158864,ZAF001.A0101.SG1.1.10M.artifact_removal_gc_rl.tsv.gz
"(69,70]",178016,ZAF001.A0101.SG1.1.10M.artifact_removal_gc_rl.tsv.gz
"(70,71]",120656,ZAF001.A0101.SG1.1.10M.artifact_removal_gc_rl.tsv.gz
"(71,72]",117629,ZAF001.A0101.SG1.1.10M.artifact_removal_gc_rl.tsv.gz
"(72,73]",92923,ZAF001.A0101.SG1.1.10M.artifact_removal_gc_rl.tsv.gz
"(73,74]",85524,ZAF001.A0101.SG1.1.10M.artifact_removal_gc_rl.tsv.gz
"(74,75]",89333,ZAF001.A0101.SG1.1.10M.artifact_removal_gc_rl.tsv.gz
"(75,76]",35657,ZAF001.A0101.SG1.1.10M.artifact_removal_gc_rl.tsv.gz
"(76,77]",45454,ZAF001.A0101.SG1.1.10M.artifact_removal_gc_rl.tsv.gz
"(77,78]",35492,ZAF001.A0101.SG1.1.10M.artifact_removal_gc_rl.tsv.gz
"(78,79]",28405,ZAF001.A0101.SG1.1.10M.artifact_removal_gc_rl.tsv.gz
"(79,80]",23798,ZAF001.A0101.SG1.1.10M.artifact_removal_gc_rl.tsv.gz
"(80,81]",11380,ZAF001.A0101.SG1.1.10M.artifact_removal_gc_rl.tsv.gz
"(81,82]",12013,ZAF001.A0101.SG1.1.10M.artifact_removal_gc_rl.tsv.gz
"(82,83]",7447,ZAF001.A0101.SG1.1.10M.artifact_removal_gc_rl.tsv.gz
"(83,84]",7274,ZAF001.A0101.SG1.1.10M.artifact_removal_gc_rl.tsv.gz
"(84,85]",4545,ZAF001.A0101.SG1.1.10M.artifact_removal_gc_rl.tsv.gz
"(85,86]",2548,ZAF001.A0101.SG1.1.10M.artifact_removal_gc_rl.tsv.gz
"(86,87]",2672,ZAF001.A0101.SG1.1.10M.artifact_removal_gc_rl.tsv.gz
"(87,88]",2295,ZAF001.A0101.SG1.1.10M.artifact_removal_gc_rl.tsv.gz
"(88,89]",1317,ZAF001.A0101.SG1.1.10M.artifact_removal_gc_rl.tsv.gz
"(89,90]",1347,ZAF001.A0101.SG1.1.10M.artifact_removal_gc_rl.tsv.gz
"(90,91]",1203,ZAF001.A0101.SG1.1.10M.artifact_removal_gc_rl.tsv.gz
"(91,92]",949,ZAF001.A0101.SG1.1.10M.artifact_removal_gc_rl.tsv.gz
"(92,93]",656,ZAF001.A0101.SG1.1.10M.artifact_removal_gc_rl.tsv.gz
"(93,94]",833,ZAF001.A0101.SG1.1.10M.artifact_removal_gc_rl.tsv.gz
"(94,95]",806,ZAF001.A0101.SG1.1.10M.artifact_removal_gc_rl.tsv.gz
"(95,96]",674,ZAF001.A0101.SG1.1.10M.artifact_removal_gc_rl.tsv.gz
"(96,97]",496,ZAF001.A0101.SG1.1.10M.artifact_removal_gc_rl.tsv.gz
"(97,98]",584,ZAF001.A0101.SG1.1.10M.artifact_removal_gc_rl.tsv.gz
"(98,99]",617,ZAF001.A0101.SG1.1.10M.artifact_removal_gc_rl.tsv.gz
"(99,100]",745,ZAF001.A0101.SG1.1.10M.artifact_removal_gc_rl.tsv.gz
"[0,1]",48,ZAF001.A0103.SG1.4.10M.artifact_removal_gc_rl.tsv.gz
"(1,2]",42,ZAF001.A0103.SG1.4.10M.artifact_removal_gc_rl.tsv.gz
"(2,3]",107,ZAF001.A0103.SG1.4.10M.artifact_removal_gc_rl.tsv.gz
"(3,4]",92,ZAF001.A0103.SG1.4.10M.artifact_removal_gc_rl.tsv.gz
"(4,5]",173,ZAF001.A0103.SG1.4.10M.artifact_removal_gc_rl.tsv.gz
"(5,6]",306,ZAF001.A0103.SG1.4.10M.artifact_removal_gc_rl.tsv.gz
"(6,7]",327,ZAF001.A0103.SG1.4.10M.artifact_removal_gc_rl.tsv.gz
"(7,8]",435,ZAF001.A0103.SG1.4.10M.artifact_removal_gc_rl.tsv.gz
"(8,9]",548,ZAF001.A0103.SG1.4.10M.artifact_removal_gc_rl.tsv.gz
"(9,10]",919,ZAF001.A0103.SG1.4.10M.artifact_removal_gc_rl.tsv.gz
"(10,11]",773,ZAF001.A0103.SG1.4.10M.artifact_removal_gc_rl.tsv.gz
"(11,12]",1183,ZAF001.A0103.SG1.4.10M.artifact_removal_gc_rl.tsv.gz
"(12,13]",1605,ZAF001.A0103.SG1.4.10M.artifact_removal_gc_rl.tsv.gz
"(13,14]",1889,ZAF001.A0103.SG1.4.10M.artifact_removal_gc_rl.tsv.gz
"(14,15]",2110,ZAF001.A0103.SG1.4.10M.artifact_removal_gc_rl.tsv.gz
"(15,16]",2773,ZAF001.A0103.SG1.4.10M.artifact_removal_gc_rl.tsv.gz
"(16,17]",3073,ZAF001.A0103.SG1.4.10M.artifact_removal_gc_rl.tsv.gz
"(17,18]",3848,ZAF001.A0103.SG1.4.10M.artifact_removal_gc_rl.tsv.gz
"(18,19]",4559,ZAF001.A0103.SG1.4.10M.artifact_removal_gc_rl.tsv.gz
"(19,20]",7105,ZAF001.A0103.SG1.4.10M.artifact_removal_gc_rl.tsv.gz
"(20,21]",3800,ZAF001.A0103.SG1.4.10M.artifact_removal_gc_rl.tsv.gz
"(21,22]",7592,ZAF001.A0103.SG1.4.10M.artifact_removal_gc_rl.tsv.gz
"(22,23]",7852,ZAF001.A0103.SG1.4.10M.artifact_removal_gc_rl.tsv.gz
"(23,24]",9422,ZAF001.A0103.SG1.4.10M.artifact_removal_gc_rl.tsv.gz
"(24,25]",11834,ZAF001.A0103.SG1.4.10M.artifact_removal_gc_rl.tsv.gz
"(25,26]",8042,ZAF001.A0103.SG1.4.10M.artifact_removal_gc_rl.tsv.gz
"(26,27]",11567,ZAF001.A0103.SG1.4.10M.artifact_removal_gc_rl.tsv.gz
"(27,28]",12483,ZAF001.A0103.SG1.4.10M.artifact_removal_gc_rl.tsv.gz
"(28,29]",12526,ZAF001.A0103.SG1.4.10M.artifact_removal_gc_rl.tsv.gz
"(29,30]",16246,ZAF001.A0103.SG1.4.10M.artifact_removal_gc_rl.tsv.gz
"(30,31]",12523,ZAF001.A0103.SG1.4.10M.artifact_removal_gc_rl.tsv.gz
"(31,32]",14455,ZAF001.A0103.SG1.4.10M.artifact_removal_gc_rl.tsv.gz
"(32,33]",14288,ZAF001.A0103.SG1.4.10M.artifact_removal_gc_rl.tsv.gz
"(33,34]",15179,ZAF001.A0103.SG1.4.10M.artifact_removal_gc_rl.tsv.gz
"(34,35]",16009,ZAF001.A0103.SG1.4.10M.artifact_removal_gc_rl.tsv.gz
"(35,36]",16093,ZAF001.A0103.SG1.4.10M.artifact_removal_gc_rl.tsv.gz
"(36,37]",17285,ZAF001.A0103.SG1.4.10M.artifact_removal_gc_rl.tsv.gz
"(37,38]",15135,ZAF001.A0103.SG1.4.10M.artifact_removal_gc_rl.tsv.gz
"(38,39]",16819,ZAF001.A0103.SG1.4.10M.artifact_removal_gc_rl.tsv.gz
"(39,40]",21474,ZAF001.A0103.SG1.4.10M.artifact_removal_gc_rl.tsv.gz
"(40,41]",11942,ZAF001.A0103.SG1.4.10M.artifact_removal_gc_rl.tsv.gz
"(41,42]",18189,ZAF001.A0103.SG1.4.10M.artifact_removal_gc_rl.tsv.gz
"(42,43]",15890,ZAF001.A0103.SG1.4.10M.artifact_removal_gc_rl.tsv.gz
"(43,44]",20453,ZAF001.A0103.SG1.4.10M.artifact_removal_gc_rl.tsv.gz
"(44,45]",16329,ZAF001.A0103.SG1.4.10M.artifact_removal_gc_rl.tsv.gz
"(45,46]",21658,ZAF001.A0103.SG1.4.10M.artifact_removal_gc_rl.tsv.gz
"(46,47]",22074,ZAF001.A0103.SG1.4.10M.artifact_removal_gc_rl.tsv.gz
"(47,48]",20264,ZAF001.A0103.SG1.4.10M.artifact_removal_gc_rl.tsv.gz
"(48,49]",28672,ZAF001.A0103.SG1.4.10M.artifact_removal_gc_rl.tsv.gz
"(49,50]",38993,ZAF001.A0103.SG1.4.10M.artifact_removal_gc_rl.tsv.gz
"(50,51]",4072,ZAF001.A0103.SG1.4.10M.artifact_removal_gc_rl.tsv.gz
"(51,52]",36197,ZAF001.A0103.SG1.4.10M.artifact_removal_gc_rl.tsv.gz
"(52,53]",27364,ZAF001.A0103.SG1.4.10M.artifact_removal_gc_rl.tsv.gz
"(53,54]",31891,ZAF001.A0103.SG1.4.10M.artifact_removal_gc_rl.tsv.gz
"(54,55]",37017,ZAF001.A0103.SG1.4.10M.artifact_removal_gc_rl.tsv.gz
"(55,56]",26523,ZAF001.A0103.SG1.4.10M.artifact_removal_gc_rl.tsv.gz
"(56,57]",36175,ZAF001.A0103.SG1.4.10M.artifact_removal_gc_rl.tsv.gz
"(57,58]",31696,ZAF001.A0103.SG1.4.10M.artifact_removal_gc_rl.tsv.gz
"(58,59]",35898,ZAF001.A0103.SG1.4.10M.artifact_removal_gc_rl.tsv.gz
"(59,60]",46221,ZAF001.A0103.SG1.4.10M.artifact_removal_gc_rl.tsv.gz
"(60,61]",24055,ZAF001.A0103.SG1.4.10M.artifact_removal_gc_rl.tsv.gz
"(61,62]",36550,ZAF001.A0103.SG1.4.10M.artifact_removal_gc_rl.tsv.gz
"(62,63]",31454,ZAF001.A0103.SG1.4.10M.artifact_removal_gc_rl.tsv.gz
"(63,64]",37892,ZAF001.A0103.SG1.4.10M.artifact_removal_gc_rl.tsv.gz
"(64,65]",34007,ZAF001.A0103.SG1.4.10M.artifact_removal_gc_rl.tsv.gz
"(65,66]",29276,ZAF001.A0103.SG1.4.10M.artifact_removal_gc_rl.tsv.gz
"(66,67]",29411,ZAF001.A0103.SG1.4.10M.artifact_removal_gc_rl.tsv.gz
"(67,68]",25831,ZAF001.A0103.SG1.4.10M.artifact_removal_gc_rl.tsv.gz
"(68,69]",21793,ZAF001.A0103.SG1.4.10M.artifact_removal_gc_rl.tsv.gz
"(69,70]",25922,ZAF001.A0103.SG1.4.10M.artifact_removal_gc_rl.tsv.gz
"(70,71]",17396,ZAF001.A0103.SG1.4.10M.artifact_removal_gc_rl.tsv.gz
"(71,72]",16558,ZAF001.A0103.SG1.4.10M.artifact_removal_gc_rl.tsv.gz
"(72,73]",12887,ZAF001.A0103.SG1.4.10M.artifact_removal_gc_rl.tsv.gz
"(73,74]",12535,ZAF001.A0103.SG1.4.10M.artifact_removal_gc_rl.tsv.gz
"(74,75]",14055,ZAF001.A0103.SG1.4.10M.artifact_removal_gc_rl.tsv.gz
"(75,76]",4978,ZAF001.A0103.SG1.4.10M.artifact_removal_gc_rl.tsv.gz
"(76,77]",7136,ZAF001.A0103.SG1.4.10M.artifact_removal_gc_rl.tsv.gz
"(77,78]",5448,ZAF001.A0103.SG1.4.10M.artifact_removal_gc_rl.tsv.gz
"(78,79]",4763,ZAF001.A0103.SG1.4.10M.artifact_removal_gc_rl.tsv.gz
"(79,80]",3907,ZAF001.A0103.SG1.4.10M.artifact_removal_gc_rl.tsv.gz
"(80,81]",1839,ZAF001.A0103.SG1.4.10M.artifact_removal_gc_rl.tsv.gz
"(81,82]",1991,ZAF001.A0103.SG1.4.10M.artifact_removal_gc_rl.tsv.gz
"(82,83]",1127,ZAF001.A0103.SG1.4.10M.artifact_removal_gc_rl.tsv.gz
"(83,84]",1337,ZAF001.A0103.SG1.4.10M.artifact_removal_gc_rl.tsv.gz
"(84,85]",738,ZAF001.A0103.SG1.4.10M.artifact_removal_gc_rl.tsv.gz
"(85,86]",360,ZAF001.A0103.SG1.4.10M.artifact_removal_gc_rl.tsv.gz
"(86,87]",401,ZAF001.A0103.SG1.4.10M.artifact_removal_gc_rl.tsv.gz
"(87,88]",410,ZAF001.A0103.SG1.4.10M.artifact_removal_gc_rl.tsv.gz
"(88,89]",167,ZAF001.A0103.SG1.4.10M.artifact_removal_gc_rl.tsv.gz
"(89,90]",178,ZAF001.A0103.SG1.4.10M.artifact_removal_gc_rl.tsv.gz
"(90,91]",144,ZAF001.A0103.SG1.4.10M.artifact_removal_gc_rl.tsv.gz
"(91,92]",69,ZAF001.A0103.SG1.4.10M.artifact_removal_gc_rl.tsv.gz
"(92,93]",34,ZAF001.A0103.SG1.4.10M.artifact_removal_gc_rl.tsv.gz
"(93,94]",76,ZAF001.A0103.SG1.4.10M.artifact_removal_gc_rl.tsv.gz
"(94,95]",11,ZAF001.A0103.SG1.4.10M.artifact_removal_gc_rl.tsv.gz
"(95,96]",5,ZAF001.A0103.SG1.4.10M.artifact_removal_gc_rl.tsv.gz
"(96,97]",7,ZAF001.A0103.SG1.4.10M.artifact_removal_gc_rl.tsv.gz
"(97,98]",14,ZAF001.A0103.SG1.4.10M.artifact_removal_gc_rl.tsv.gz
"(98,99]",7,ZAF001.A0103.SG1.4.10M.artifact_removal_gc_rl.tsv.gz
"(99,100]",27,ZAF001.A0103.SG1.4.10M.artifact_removal_gc_rl.tsv.gz
