Length,counts_length,Study
30,127002,BAN001.A0101.SG1.1.10M.artifact_removal_gc_rl.tsv.gz
31,122080,BAN001.A0101.SG1.1.10M.artifact_removal_gc_rl.tsv.gz
32,122985,BAN001.A0101.SG1.1.10M.artifact_removal_gc_rl.tsv.gz
33,130335,BAN001.A0101.SG1.1.10M.artifact_removal_gc_rl.tsv.gz
34,140773,BAN001.A0101.SG1.1.10M.artifact_removal_gc_rl.tsv.gz
35,152487,BAN001.A0101.SG1.1.10M.artifact_removal_gc_rl.tsv.gz
36,169769,BAN001.A0101.SG1.1.10M.artifact_removal_gc_rl.tsv.gz
37,199215,BAN001.A0101.SG1.1.10M.artifact_removal_gc_rl.tsv.gz
38,220365,BAN001.A0101.SG1.1.10M.artifact_removal_gc_rl.tsv.gz
39,213973,BAN001.A0101.SG1.1.10M.artifact_removal_gc_rl.tsv.gz
40,185763,BAN001.A0101.SG1.1.10M.artifact_removal_gc_rl.tsv.gz
41,163212,BAN001.A0101.SG1.1.10M.artifact_removal_gc_rl.tsv.gz
42,149968,BAN001.A0101.SG1.1.10M.artifact_removal_gc_rl.tsv.gz
43,147434,BAN001.A0101.SG1.1.10M.artifact_removal_gc_rl.tsv.gz
44,150639,BAN001.A0101.SG1.1.10M.artifact_removal_gc_rl.tsv.gz
45,156566,BAN001.A0101.SG1.1.10M.artifact_removal_gc_rl.tsv.gz
46,162382,BAN001.A0101.SG1.1.10M.artifact_removal_gc_rl.tsv.gz
47,180132,BAN001.A0101.SG1.1.10M.artifact_removal_gc_rl.tsv.gz
48,205890,BAN001.A0101.SG1.1.10M.artifact_removal_gc_rl.tsv.gz
49,212815,BAN001.A0101.SG1.1.10M.artifact_removal_gc_rl.tsv.gz
50,187932,BAN001.A0101.SG1.1.10M.artifact_removal_gc_rl.tsv.gz
51,160708,BAN001.A0101.SG1.1.10M.artifact_removal_gc_rl.tsv.gz
52,142401,BAN001.A0101.SG1.1.10M.artifact_removal_gc_rl.tsv.gz
53,133091,BAN001.A0101.SG1.1.10M.artifact_removal_gc_rl.tsv.gz
54,131356,BAN001.A0101.SG1.1.10M.artifact_removal_gc_rl.tsv.gz
55,133640,BAN001.A0101.SG1.1.10M.artifact_removal_gc_rl.tsv.gz
56,139643,BAN001.A0101.SG1.1.10M.artifact_removal_gc_rl.tsv.gz
57,150825,BAN001.A0101.SG1.1.10M.artifact_removal_gc_rl.tsv.gz
58,164432,BAN001.A0101.SG1.1.10M.artifact_removal_gc_rl.tsv.gz
59,167218,BAN001.A0101.SG1.1.10M.artifact_removal_gc_rl.tsv.gz
60,152830,BAN001.A0101.SG1.1.10M.artifact_removal_gc_rl.tsv.gz
61,133191,BAN001.A0101.SG1.1.10M.artifact_removal_gc_rl.tsv.gz
62,117293,BAN001.A0101.SG1.1.10M.artifact_removal_gc_rl.tsv.gz
63,109308,BAN001.A0101.SG1.1.10M.artifact_removal_gc_rl.tsv.gz
64,103954,BAN001.A0101.SG1.1.10M.artifact_removal_gc_rl.tsv.gz
65,102752,BAN001.A0101.SG1.1.10M.artifact_removal_gc_rl.tsv.gz
66,102746,BAN001.A0101.SG1.1.10M.artifact_removal_gc_rl.tsv.gz
67,106501,BAN001.A0101.SG1.1.10M.artifact_removal_gc_rl.tsv.gz
68,117781,BAN001.A0101.SG1.1.10M.artifact_removal_gc_rl.tsv.gz
69,123738,BAN001.A0101.SG1.1.10M.artifact_removal_gc_rl.tsv.gz
70,115965,BAN001.A0101.SG1.1.10M.artifact_removal_gc_rl.tsv.gz
71,102703,BAN001.A0101.SG1.1.10M.artifact_removal_gc_rl.tsv.gz
72,95777,BAN001.A0101.SG1.1.10M.artifact_removal_gc_rl.tsv.gz
73,99499,BAN001.A0101.SG1.1.10M.artifact_removal_gc_rl.tsv.gz
74,123015,BAN001.A0101.SG1.1.10M.artifact_removal_gc_rl.tsv.gz
75,230666,BAN001.A0101.SG1.1.10M.artifact_removal_gc_rl.tsv.gz
76,431990,BAN001.A0101.SG1.1.10M.artifact_removal_gc_rl.tsv.gz
77,78410,BAN001.A0101.SG1.1.10M.artifact_removal_gc_rl.tsv.gz
78,84627,BAN001.A0101.SG1.1.10M.artifact_removal_gc_rl.tsv.gz
79,86702,BAN001.A0101.SG1.1.10M.artifact_removal_gc_rl.tsv.gz
80,80772,BAN001.A0101.SG1.1.10M.artifact_removal_gc_rl.tsv.gz
81,71614,BAN001.A0101.SG1.1.10M.artifact_removal_gc_rl.tsv.gz
82,64905,BAN001.A0101.SG1.1.10M.artifact_removal_gc_rl.tsv.gz
83,59566,BAN001.A0101.SG1.1.10M.artifact_removal_gc_rl.tsv.gz
84,57472,BAN001.A0101.SG1.1.10M.artifact_removal_gc_rl.tsv.gz
85,55228,BAN001.A0101.SG1.1.10M.artifact_removal_gc_rl.tsv.gz
86,54138,BAN001.A0101.SG1.1.10M.artifact_removal_gc_rl.tsv.gz
87,54087,BAN001.A0101.SG1.1.10M.artifact_removal_gc_rl.tsv.gz
88,55604,BAN001.A0101.SG1.1.10M.artifact_removal_gc_rl.tsv.gz
89,58469,BAN001.A0101.SG1.1.10M.artifact_removal_gc_rl.tsv.gz
90,57441,BAN001.A0101.SG1.1.10M.artifact_removal_gc_rl.tsv.gz
91,52020,BAN001.A0101.SG1.1.10M.artifact_removal_gc_rl.tsv.gz
92,47604,BAN001.A0101.SG1.1.10M.artifact_removal_gc_rl.tsv.gz
93,44190,BAN001.A0101.SG1.1.10M.artifact_removal_gc_rl.tsv.gz
94,41854,BAN001.A0101.SG1.1.10M.artifact_removal_gc_rl.tsv.gz
95,41184,BAN001.A0101.SG1.1.10M.artifact_removal_gc_rl.tsv.gz
96,40450,BAN001.A0101.SG1.1.10M.artifact_removal_gc_rl.tsv.gz
97,40566,BAN001.A0101.SG1.1.10M.artifact_removal_gc_rl.tsv.gz
98,41464,BAN001.A0101.SG1.1.10M.artifact_removal_gc_rl.tsv.gz
99,41272,BAN001.A0101.SG1.1.10M.artifact_removal_gc_rl.tsv.gz
100,40432,BAN001.A0101.SG1.1.10M.artifact_removal_gc_rl.tsv.gz
101,38060,BAN001.A0101.SG1.1.10M.artifact_removal_gc_rl.tsv.gz
102,35344,BAN001.A0101.SG1.1.10M.artifact_removal_gc_rl.tsv.gz
103,33349,BAN001.A0101.SG1.1.10M.artifact_removal_gc_rl.tsv.gz
104,31522,BAN001.A0101.SG1.1.10M.artifact_removal_gc_rl.tsv.gz
105,30524,BAN001.A0101.SG1.1.10M.artifact_removal_gc_rl.tsv.gz
106,29564,BAN001.A0101.SG1.1.10M.artifact_removal_gc_rl.tsv.gz
107,29464,BAN001.A0101.SG1.1.10M.artifact_removal_gc_rl.tsv.gz
108,29412,BAN001.A0101.SG1.1.10M.artifact_removal_gc_rl.tsv.gz
109,29617,BAN001.A0101.SG1.1.10M.artifact_removal_gc_rl.tsv.gz
110,28872,BAN001.A0101.SG1.1.10M.artifact_removal_gc_rl.tsv.gz
111,27815,BAN001.A0101.SG1.1.10M.artifact_removal_gc_rl.tsv.gz
112,25650,BAN001.A0101.SG1.1.10M.artifact_removal_gc_rl.tsv.gz
113,24471,BAN001.A0101.SG1.1.10M.artifact_removal_gc_rl.tsv.gz
114,23815,BAN001.A0101.SG1.1.10M.artifact_removal_gc_rl.tsv.gz
115,22604,BAN001.A0101.SG1.1.10M.artifact_removal_gc_rl.tsv.gz
116,21662,BAN001.A0101.SG1.1.10M.artifact_removal_gc_rl.tsv.gz
117,21179,BAN001.A0101.SG1.1.10M.artifact_removal_gc_rl.tsv.gz
118,21312,BAN001.A0101.SG1.1.10M.artifact_removal_gc_rl.tsv.gz
119,20600,BAN001.A0101.SG1.1.10M.artifact_removal_gc_rl.tsv.gz
120,20271,BAN001.A0101.SG1.1.10M.artifact_removal_gc_rl.tsv.gz
121,19212,BAN001.A0101.SG1.1.10M.artifact_removal_gc_rl.tsv.gz
122,18504,BAN001.A0101.SG1.1.10M.artifact_removal_gc_rl.tsv.gz
123,17281,BAN001.A0101.SG1.1.10M.artifact_removal_gc_rl.tsv.gz
124,16983,BAN001.A0101.SG1.1.10M.artifact_removal_gc_rl.tsv.gz
125,16042,BAN001.A0101.SG1.1.10M.artifact_removal_gc_rl.tsv.gz
126,15626,BAN001.A0101.SG1.1.10M.artifact_removal_gc_rl.tsv.gz
127,15228,BAN001.A0101.SG1.1.10M.artifact_removal_gc_rl.tsv.gz
128,15058,BAN001.A0101.SG1.1.10M.artifact_removal_gc_rl.tsv.gz
129,14442,BAN001.A0101.SG1.1.10M.artifact_removal_gc_rl.tsv.gz
130,14338,BAN001.A0101.SG1.1.10M.artifact_removal_gc_rl.tsv.gz
131,13726,BAN001.A0101.SG1.1.10M.artifact_removal_gc_rl.tsv.gz
132,13048,BAN001.A0101.SG1.1.10M.artifact_removal_gc_rl.tsv.gz
133,12576,BAN001.A0101.SG1.1.10M.artifact_removal_gc_rl.tsv.gz
134,12185,BAN001.A0101.SG1.1.10M.artifact_removal_gc_rl.tsv.gz
135,11831,BAN001.A0101.SG1.1.10M.artifact_removal_gc_rl.tsv.gz
136,11379,BAN001.A0101.SG1.1.10M.artifact_removal_gc_rl.tsv.gz
137,11195,BAN001.A0101.SG1.1.10M.artifact_removal_gc_rl.tsv.gz
138,10758,BAN001.A0101.SG1.1.10M.artifact_removal_gc_rl.tsv.gz
139,10765,BAN001.A0101.SG1.1.10M.artifact_removal_gc_rl.tsv.gz
140,10984,BAN001.A0101.SG1.1.10M.artifact_removal_gc_rl.tsv.gz
141,9064,BAN001.A0101.SG1.1.10M.artifact_removal_gc_rl.tsv.gz
30,198271,BAN001.A0102.SG1.4.10M.artifact_removal_gc_rl.tsv.gz
31,204665,BAN001.A0102.SG1.4.10M.artifact_removal_gc_rl.tsv.gz
32,190482,BAN001.A0102.SG1.4.10M.artifact_removal_gc_rl.tsv.gz
33,170353,BAN001.A0102.SG1.4.10M.artifact_removal_gc_rl.tsv.gz
34,152904,BAN001.A0102.SG1.4.10M.artifact_removal_gc_rl.tsv.gz
35,142456,BAN001.A0102.SG1.4.10M.artifact_removal_gc_rl.tsv.gz
36,137647,BAN001.A0102.SG1.4.10M.artifact_removal_gc_rl.tsv.gz
37,132596,BAN001.A0102.SG1.4.10M.artifact_removal_gc_rl.tsv.gz
38,131496,BAN001.A0102.SG1.4.10M.artifact_removal_gc_rl.tsv.gz
39,133961,BAN001.A0102.SG1.4.10M.artifact_removal_gc_rl.tsv.gz
40,138420,BAN001.A0102.SG1.4.10M.artifact_removal_gc_rl.tsv.gz
41,138143,BAN001.A0102.SG1.4.10M.artifact_removal_gc_rl.tsv.gz
42,124437,BAN001.A0102.SG1.4.10M.artifact_removal_gc_rl.tsv.gz
43,103620,BAN001.A0102.SG1.4.10M.artifact_removal_gc_rl.tsv.gz
44,89417,BAN001.A0102.SG1.4.10M.artifact_removal_gc_rl.tsv.gz
45,80088,BAN001.A0102.SG1.4.10M.artifact_removal_gc_rl.tsv.gz
46,72492,BAN001.A0102.SG1.4.10M.artifact_removal_gc_rl.tsv.gz
47,68737,BAN001.A0102.SG1.4.10M.artifact_removal_gc_rl.tsv.gz
48,66606,BAN001.A0102.SG1.4.10M.artifact_removal_gc_rl.tsv.gz
49,65106,BAN001.A0102.SG1.4.10M.artifact_removal_gc_rl.tsv.gz
50,65176,BAN001.A0102.SG1.4.10M.artifact_removal_gc_rl.tsv.gz
51,66943,BAN001.A0102.SG1.4.10M.artifact_removal_gc_rl.tsv.gz
52,64896,BAN001.A0102.SG1.4.10M.artifact_removal_gc_rl.tsv.gz
53,55702,BAN001.A0102.SG1.4.10M.artifact_removal_gc_rl.tsv.gz
54,46444,BAN001.A0102.SG1.4.10M.artifact_removal_gc_rl.tsv.gz
55,41092,BAN001.A0102.SG1.4.10M.artifact_removal_gc_rl.tsv.gz
56,36791,BAN001.A0102.SG1.4.10M.artifact_removal_gc_rl.tsv.gz
57,34328,BAN001.A0102.SG1.4.10M.artifact_removal_gc_rl.tsv.gz
58,32742,BAN001.A0102.SG1.4.10M.artifact_removal_gc_rl.tsv.gz
59,31794,BAN001.A0102.SG1.4.10M.artifact_removal_gc_rl.tsv.gz
60,31463,BAN001.A0102.SG1.4.10M.artifact_removal_gc_rl.tsv.gz
61,31778,BAN001.A0102.SG1.4.10M.artifact_removal_gc_rl.tsv.gz
62,30561,BAN001.A0102.SG1.4.10M.artifact_removal_gc_rl.tsv.gz
63,27006,BAN001.A0102.SG1.4.10M.artifact_removal_gc_rl.tsv.gz
64,23093,BAN001.A0102.SG1.4.10M.artifact_removal_gc_rl.tsv.gz
65,21040,BAN001.A0102.SG1.4.10M.artifact_removal_gc_rl.tsv.gz
66,19142,BAN001.A0102.SG1.4.10M.artifact_removal_gc_rl.tsv.gz
67,17707,BAN001.A0102.SG1.4.10M.artifact_removal_gc_rl.tsv.gz
68,16583,BAN001.A0102.SG1.4.10M.artifact_removal_gc_rl.tsv.gz
69,16346,BAN001.A0102.SG1.4.10M.artifact_removal_gc_rl.tsv.gz
70,16199,BAN001.A0102.SG1.4.10M.artifact_removal_gc_rl.tsv.gz
71,16417,BAN001.A0102.SG1.4.10M.artifact_removal_gc_rl.tsv.gz
72,17677,BAN001.A0102.SG1.4.10M.artifact_removal_gc_rl.tsv.gz
73,17909,BAN001.A0102.SG1.4.10M.artifact_removal_gc_rl.tsv.gz
74,18610,BAN001.A0102.SG1.4.10M.artifact_removal_gc_rl.tsv.gz
75,24570,BAN001.A0102.SG1.4.10M.artifact_removal_gc_rl.tsv.gz
76,64463,BAN001.A0102.SG1.4.10M.artifact_removal_gc_rl.tsv.gz
77,9606,BAN001.A0102.SG1.4.10M.artifact_removal_gc_rl.tsv.gz
78,9102,BAN001.A0102.SG1.4.10M.artifact_removal_gc_rl.tsv.gz
79,8882,BAN001.A0102.SG1.4.10M.artifact_removal_gc_rl.tsv.gz
80,8548,BAN001.A0102.SG1.4.10M.artifact_removal_gc_rl.tsv.gz
81,8592,BAN001.A0102.SG1.4.10M.artifact_removal_gc_rl.tsv.gz
82,8574,BAN001.A0102.SG1.4.10M.artifact_removal_gc_rl.tsv.gz
83,8219,BAN001.A0102.SG1.4.10M.artifact_removal_gc_rl.tsv.gz
84,7511,BAN001.A0102.SG1.4.10M.artifact_removal_gc_rl.tsv.gz
85,6414,BAN001.A0102.SG1.4.10M.artifact_removal_gc_rl.tsv.gz
86,5921,BAN001.A0102.SG1.4.10M.artifact_removal_gc_rl.tsv.gz
87,5637,BAN001.A0102.SG1.4.10M.artifact_removal_gc_rl.tsv.gz
88,5305,BAN001.A0102.SG1.4.10M.artifact_removal_gc_rl.tsv.gz
89,5030,BAN001.A0102.SG1.4.10M.artifact_removal_gc_rl.tsv.gz
90,5047,BAN001.A0102.SG1.4.10M.artifact_removal_gc_rl.tsv.gz
91,4783,BAN001.A0102.SG1.4.10M.artifact_removal_gc_rl.tsv.gz
92,4950,BAN001.A0102.SG1.4.10M.artifact_removal_gc_rl.tsv.gz
93,4723,BAN001.A0102.SG1.4.10M.artifact_removal_gc_rl.tsv.gz
94,4669,BAN001.A0102.SG1.4.10M.artifact_removal_gc_rl.tsv.gz
95,4233,BAN001.A0102.SG1.4.10M.artifact_removal_gc_rl.tsv.gz
96,3816,BAN001.A0102.SG1.4.10M.artifact_removal_gc_rl.tsv.gz
97,3590,BAN001.A0102.SG1.4.10M.artifact_removal_gc_rl.tsv.gz
98,3484,BAN001.A0102.SG1.4.10M.artifact_removal_gc_rl.tsv.gz
99,3283,BAN001.A0102.SG1.4.10M.artifact_removal_gc_rl.tsv.gz
100,3292,BAN001.A0102.SG1.4.10M.artifact_removal_gc_rl.tsv.gz
101,3281,BAN001.A0102.SG1.4.10M.artifact_removal_gc_rl.tsv.gz
102,3278,BAN001.A0102.SG1.4.10M.artifact_removal_gc_rl.tsv.gz
103,3043,BAN001.A0102.SG1.4.10M.artifact_removal_gc_rl.tsv.gz
104,2986,BAN001.A0102.SG1.4.10M.artifact_removal_gc_rl.tsv.gz
105,2749,BAN001.A0102.SG1.4.10M.artifact_removal_gc_rl.tsv.gz
106,2637,BAN001.A0102.SG1.4.10M.artifact_removal_gc_rl.tsv.gz
107,2521,BAN001.A0102.SG1.4.10M.artifact_removal_gc_rl.tsv.gz
108,2357,BAN001.A0102.SG1.4.10M.artifact_removal_gc_rl.tsv.gz
109,2213,BAN001.A0102.SG1.4.10M.artifact_removal_gc_rl.tsv.gz
110,2096,BAN001.A0102.SG1.4.10M.artifact_removal_gc_rl.tsv.gz
111,2120,BAN001.A0102.SG1.4.10M.artifact_removal_gc_rl.tsv.gz
112,2030,BAN001.A0102.SG1.4.10M.artifact_removal_gc_rl.tsv.gz
113,2020,BAN001.A0102.SG1.4.10M.artifact_removal_gc_rl.tsv.gz
114,1890,BAN001.A0102.SG1.4.10M.artifact_removal_gc_rl.tsv.gz
115,1771,BAN001.A0102.SG1.4.10M.artifact_removal_gc_rl.tsv.gz
116,1769,BAN001.A0102.SG1.4.10M.artifact_removal_gc_rl.tsv.gz
117,1566,BAN001.A0102.SG1.4.10M.artifact_removal_gc_rl.tsv.gz
118,1619,BAN001.A0102.SG1.4.10M.artifact_removal_gc_rl.tsv.gz
119,1530,BAN001.A0102.SG1.4.10M.artifact_removal_gc_rl.tsv.gz
120,1434,BAN001.A0102.SG1.4.10M.artifact_removal_gc_rl.tsv.gz
121,1484,BAN001.A0102.SG1.4.10M.artifact_removal_gc_rl.tsv.gz
122,1416,BAN001.A0102.SG1.4.10M.artifact_removal_gc_rl.tsv.gz
123,1320,BAN001.A0102.SG1.4.10M.artifact_removal_gc_rl.tsv.gz
124,1328,BAN001.A0102.SG1.4.10M.artifact_removal_gc_rl.tsv.gz
125,1202,BAN001.A0102.SG1.4.10M.artifact_removal_gc_rl.tsv.gz
126,1251,BAN001.A0102.SG1.4.10M.artifact_removal_gc_rl.tsv.gz
127,1133,BAN001.A0102.SG1.4.10M.artifact_removal_gc_rl.tsv.gz
128,1138,BAN001.A0102.SG1.4.10M.artifact_removal_gc_rl.tsv.gz
129,1025,BAN001.A0102.SG1.4.10M.artifact_removal_gc_rl.tsv.gz
130,971,BAN001.A0102.SG1.4.10M.artifact_removal_gc_rl.tsv.gz
131,996,BAN001.A0102.SG1.4.10M.artifact_removal_gc_rl.tsv.gz
132,968,BAN001.A0102.SG1.4.10M.artifact_removal_gc_rl.tsv.gz
133,953,BAN001.A0102.SG1.4.10M.artifact_removal_gc_rl.tsv.gz
134,944,BAN001.A0102.SG1.4.10M.artifact_removal_gc_rl.tsv.gz
135,854,BAN001.A0102.SG1.4.10M.artifact_removal_gc_rl.tsv.gz
136,886,BAN001.A0102.SG1.4.10M.artifact_removal_gc_rl.tsv.gz
137,829,BAN001.A0102.SG1.4.10M.artifact_removal_gc_rl.tsv.gz
138,812,BAN001.A0102.SG1.4.10M.artifact_removal_gc_rl.tsv.gz
139,765,BAN001.A0102.SG1.4.10M.artifact_removal_gc_rl.tsv.gz
140,798,BAN001.A0102.SG1.4.10M.artifact_removal_gc_rl.tsv.gz
141,736,BAN001.A0102.SG1.4.10M.artifact_removal_gc_rl.tsv.gz
30,89548,CDM019.A0101.SG1.1.10M.artifact_removal_gc_rl.tsv.gz
31,100370,CDM019.A0101.SG1.1.10M.artifact_removal_gc_rl.tsv.gz
32,111765,CDM019.A0101.SG1.1.10M.artifact_removal_gc_rl.tsv.gz
33,123977,CDM019.A0101.SG1.1.10M.artifact_removal_gc_rl.tsv.gz
34,134259,CDM019.A0101.SG1.1.10M.artifact_removal_gc_rl.tsv.gz
35,142128,CDM019.A0101.SG1.1.10M.artifact_removal_gc_rl.tsv.gz
36,153272,CDM019.A0101.SG1.1.10M.artifact_removal_gc_rl.tsv.gz
37,158647,CDM019.A0101.SG1.1.10M.artifact_removal_gc_rl.tsv.gz
38,159584,CDM019.A0101.SG1.1.10M.artifact_removal_gc_rl.tsv.gz
39,163019,CDM019.A0101.SG1.1.10M.artifact_removal_gc_rl.tsv.gz
40,163844,CDM019.A0101.SG1.1.10M.artifact_removal_gc_rl.tsv.gz
41,164379,CDM019.A0101.SG1.1.10M.artifact_removal_gc_rl.tsv.gz
42,167373,CDM019.A0101.SG1.1.10M.artifact_removal_gc_rl.tsv.gz
43,168566,CDM019.A0101.SG1.1.10M.artifact_removal_gc_rl.tsv.gz
44,167814,CDM019.A0101.SG1.1.10M.artifact_removal_gc_rl.tsv.gz
45,170201,CDM019.A0101.SG1.1.10M.artifact_removal_gc_rl.tsv.gz
46,171783,CDM019.A0101.SG1.1.10M.artifact_removal_gc_rl.tsv.gz
47,170008,CDM019.A0101.SG1.1.10M.artifact_removal_gc_rl.tsv.gz
48,169268,CDM019.A0101.SG1.1.10M.artifact_removal_gc_rl.tsv.gz
49,166691,CDM019.A0101.SG1.1.10M.artifact_removal_gc_rl.tsv.gz
50,161289,CDM019.A0101.SG1.1.10M.artifact_removal_gc_rl.tsv.gz
51,160614,CDM019.A0101.SG1.1.10M.artifact_removal_gc_rl.tsv.gz
52,159112,CDM019.A0101.SG1.1.10M.artifact_removal_gc_rl.tsv.gz
53,155587,CDM019.A0101.SG1.1.10M.artifact_removal_gc_rl.tsv.gz
54,154312,CDM019.A0101.SG1.1.10M.artifact_removal_gc_rl.tsv.gz
55,151899,CDM019.A0101.SG1.1.10M.artifact_removal_gc_rl.tsv.gz
56,149183,CDM019.A0101.SG1.1.10M.artifact_removal_gc_rl.tsv.gz
57,149425,CDM019.A0101.SG1.1.10M.artifact_removal_gc_rl.tsv.gz
58,146448,CDM019.A0101.SG1.1.10M.artifact_removal_gc_rl.tsv.gz
59,140114,CDM019.A0101.SG1.1.10M.artifact_removal_gc_rl.tsv.gz
60,138609,CDM019.A0101.SG1.1.10M.artifact_removal_gc_rl.tsv.gz
61,134532,CDM019.A0101.SG1.1.10M.artifact_removal_gc_rl.tsv.gz
62,130211,CDM019.A0101.SG1.1.10M.artifact_removal_gc_rl.tsv.gz
63,129009,CDM019.A0101.SG1.1.10M.artifact_removal_gc_rl.tsv.gz
64,125471,CDM019.A0101.SG1.1.10M.artifact_removal_gc_rl.tsv.gz
65,122767,CDM019.A0101.SG1.1.10M.artifact_removal_gc_rl.tsv.gz
66,121381,CDM019.A0101.SG1.1.10M.artifact_removal_gc_rl.tsv.gz
67,119246,CDM019.A0101.SG1.1.10M.artifact_removal_gc_rl.tsv.gz
68,114906,CDM019.A0101.SG1.1.10M.artifact_removal_gc_rl.tsv.gz
69,113486,CDM019.A0101.SG1.1.10M.artifact_removal_gc_rl.tsv.gz
70,110195,CDM019.A0101.SG1.1.10M.artifact_removal_gc_rl.tsv.gz
71,106244,CDM019.A0101.SG1.1.10M.artifact_removal_gc_rl.tsv.gz
72,106346,CDM019.A0101.SG1.1.10M.artifact_removal_gc_rl.tsv.gz
73,107162,CDM019.A0101.SG1.1.10M.artifact_removal_gc_rl.tsv.gz
74,120762,CDM019.A0101.SG1.1.10M.artifact_removal_gc_rl.tsv.gz
75,219591,CDM019.A0101.SG1.1.10M.artifact_removal_gc_rl.tsv.gz
76,697824,CDM019.A0101.SG1.1.10M.artifact_removal_gc_rl.tsv.gz
77,89064,CDM019.A0101.SG1.1.10M.artifact_removal_gc_rl.tsv.gz
78,88334,CDM019.A0101.SG1.1.10M.artifact_removal_gc_rl.tsv.gz
79,85835,CDM019.A0101.SG1.1.10M.artifact_removal_gc_rl.tsv.gz
80,82248,CDM019.A0101.SG1.1.10M.artifact_removal_gc_rl.tsv.gz
81,80323,CDM019.A0101.SG1.1.10M.artifact_removal_gc_rl.tsv.gz
82,78036,CDM019.A0101.SG1.1.10M.artifact_removal_gc_rl.tsv.gz
83,75457,CDM019.A0101.SG1.1.10M.artifact_removal_gc_rl.tsv.gz
84,73599,CDM019.A0101.SG1.1.10M.artifact_removal_gc_rl.tsv.gz
85,71886,CDM019.A0101.SG1.1.10M.artifact_removal_gc_rl.tsv.gz
86,69369,CDM019.A0101.SG1.1.10M.artifact_removal_gc_rl.tsv.gz
87,68148,CDM019.A0101.SG1.1.10M.artifact_removal_gc_rl.tsv.gz
88,66760,CDM019.A0101.SG1.1.10M.artifact_removal_gc_rl.tsv.gz
89,63981,CDM019.A0101.SG1.1.10M.artifact_removal_gc_rl.tsv.gz
90,63036,CDM019.A0101.SG1.1.10M.artifact_removal_gc_rl.tsv.gz
91,61242,CDM019.A0101.SG1.1.10M.artifact_removal_gc_rl.tsv.gz
92,58002,CDM019.A0101.SG1.1.10M.artifact_removal_gc_rl.tsv.gz
93,57552,CDM019.A0101.SG1.1.10M.artifact_removal_gc_rl.tsv.gz
94,55483,CDM019.A0101.SG1.1.10M.artifact_removal_gc_rl.tsv.gz
95,53947,CDM019.A0101.SG1.1.10M.artifact_removal_gc_rl.tsv.gz
96,52607,CDM019.A0101.SG1.1.10M.artifact_removal_gc_rl.tsv.gz
97,51759,CDM019.A0101.SG1.1.10M.artifact_removal_gc_rl.tsv.gz
98,49696,CDM019.A0101.SG1.1.10M.artifact_removal_gc_rl.tsv.gz
99,48383,CDM019.A0101.SG1.1.10M.artifact_removal_gc_rl.tsv.gz
100,47249,CDM019.A0101.SG1.1.10M.artifact_removal_gc_rl.tsv.gz
101,45048,CDM019.A0101.SG1.1.10M.artifact_removal_gc_rl.tsv.gz
102,44254,CDM019.A0101.SG1.1.10M.artifact_removal_gc_rl.tsv.gz
103,42737,CDM019.A0101.SG1.1.10M.artifact_removal_gc_rl.tsv.gz
104,40847,CDM019.A0101.SG1.1.10M.artifact_removal_gc_rl.tsv.gz
105,40287,CDM019.A0101.SG1.1.10M.artifact_removal_gc_rl.tsv.gz
106,39455,CDM019.A0101.SG1.1.10M.artifact_removal_gc_rl.tsv.gz
107,37889,CDM019.A0101.SG1.1.10M.artifact_removal_gc_rl.tsv.gz
108,37390,CDM019.A0101.SG1.1.10M.artifact_removal_gc_rl.tsv.gz
109,36398,CDM019.A0101.SG1.1.10M.artifact_removal_gc_rl.tsv.gz
110,34838,CDM019.A0101.SG1.1.10M.artifact_removal_gc_rl.tsv.gz
111,34264,CDM019.A0101.SG1.1.10M.artifact_removal_gc_rl.tsv.gz
112,33191,CDM019.A0101.SG1.1.10M.artifact_removal_gc_rl.tsv.gz
113,31926,CDM019.A0101.SG1.1.10M.artifact_removal_gc_rl.tsv.gz
114,31340,CDM019.A0101.SG1.1.10M.artifact_removal_gc_rl.tsv.gz
115,30255,CDM019.A0101.SG1.1.10M.artifact_removal_gc_rl.tsv.gz
116,28916,CDM019.A0101.SG1.1.10M.artifact_removal_gc_rl.tsv.gz
117,28319,CDM019.A0101.SG1.1.10M.artifact_removal_gc_rl.tsv.gz
118,27772,CDM019.A0101.SG1.1.10M.artifact_removal_gc_rl.tsv.gz
119,26645,CDM019.A0101.SG1.1.10M.artifact_removal_gc_rl.tsv.gz
120,25950,CDM019.A0101.SG1.1.10M.artifact_removal_gc_rl.tsv.gz
121,25285,CDM019.A0101.SG1.1.10M.artifact_removal_gc_rl.tsv.gz
122,24161,CDM019.A0101.SG1.1.10M.artifact_removal_gc_rl.tsv.gz
123,24025,CDM019.A0101.SG1.1.10M.artifact_removal_gc_rl.tsv.gz
124,23016,CDM019.A0101.SG1.1.10M.artifact_removal_gc_rl.tsv.gz
125,21986,CDM019.A0101.SG1.1.10M.artifact_removal_gc_rl.tsv.gz
126,21459,CDM019.A0101.SG1.1.10M.artifact_removal_gc_rl.tsv.gz
127,21129,CDM019.A0101.SG1.1.10M.artifact_removal_gc_rl.tsv.gz
128,19948,CDM019.A0101.SG1.1.10M.artifact_removal_gc_rl.tsv.gz
129,19863,CDM019.A0101.SG1.1.10M.artifact_removal_gc_rl.tsv.gz
130,19175,CDM019.A0101.SG1.1.10M.artifact_removal_gc_rl.tsv.gz
131,18445,CDM019.A0101.SG1.1.10M.artifact_removal_gc_rl.tsv.gz
132,17722,CDM019.A0101.SG1.1.10M.artifact_removal_gc_rl.tsv.gz
133,17467,CDM019.A0101.SG1.1.10M.artifact_removal_gc_rl.tsv.gz
134,16986,CDM019.A0101.SG1.1.10M.artifact_removal_gc_rl.tsv.gz
135,16338,CDM019.A0101.SG1.1.10M.artifact_removal_gc_rl.tsv.gz
136,16195,CDM019.A0101.SG1.1.10M.artifact_removal_gc_rl.tsv.gz
137,15783,CDM019.A0101.SG1.1.10M.artifact_removal_gc_rl.tsv.gz
138,15186,CDM019.A0101.SG1.1.10M.artifact_removal_gc_rl.tsv.gz
139,15103,CDM019.A0101.SG1.1.10M.artifact_removal_gc_rl.tsv.gz
140,15115,CDM019.A0101.SG1.1.10M.artifact_removal_gc_rl.tsv.gz
141,13095,CDM019.A0101.SG1.1.10M.artifact_removal_gc_rl.tsv.gz
30,205386,CDM019.A0102.SG1.4.10M.artifact_removal_gc_rl.tsv.gz
31,215834,CDM019.A0102.SG1.4.10M.artifact_removal_gc_rl.tsv.gz
32,217509,CDM019.A0102.SG1.4.10M.artifact_removal_gc_rl.tsv.gz
33,212797,CDM019.A0102.SG1.4.10M.artifact_removal_gc_rl.tsv.gz
34,218095,CDM019.A0102.SG1.4.10M.artifact_removal_gc_rl.tsv.gz
35,220916,CDM019.A0102.SG1.4.10M.artifact_removal_gc_rl.tsv.gz
36,217253,CDM019.A0102.SG1.4.10M.artifact_removal_gc_rl.tsv.gz
37,216995,CDM019.A0102.SG1.4.10M.artifact_removal_gc_rl.tsv.gz
38,215642,CDM019.A0102.SG1.4.10M.artifact_removal_gc_rl.tsv.gz
39,209315,CDM019.A0102.SG1.4.10M.artifact_removal_gc_rl.tsv.gz
40,211322,CDM019.A0102.SG1.4.10M.artifact_removal_gc_rl.tsv.gz
41,210310,CDM019.A0102.SG1.4.10M.artifact_removal_gc_rl.tsv.gz
42,199385,CDM019.A0102.SG1.4.10M.artifact_removal_gc_rl.tsv.gz
43,194353,CDM019.A0102.SG1.4.10M.artifact_removal_gc_rl.tsv.gz
44,190515,CDM019.A0102.SG1.4.10M.artifact_removal_gc_rl.tsv.gz
45,182039,CDM019.A0102.SG1.4.10M.artifact_removal_gc_rl.tsv.gz
46,179599,CDM019.A0102.SG1.4.10M.artifact_removal_gc_rl.tsv.gz
47,174983,CDM019.A0102.SG1.4.10M.artifact_removal_gc_rl.tsv.gz
48,166314,CDM019.A0102.SG1.4.10M.artifact_removal_gc_rl.tsv.gz
49,162369,CDM019.A0102.SG1.4.10M.artifact_removal_gc_rl.tsv.gz
50,159695,CDM019.A0102.SG1.4.10M.artifact_removal_gc_rl.tsv.gz
51,151778,CDM019.A0102.SG1.4.10M.artifact_removal_gc_rl.tsv.gz
52,147576,CDM019.A0102.SG1.4.10M.artifact_removal_gc_rl.tsv.gz
53,141396,CDM019.A0102.SG1.4.10M.artifact_removal_gc_rl.tsv.gz
54,132706,CDM019.A0102.SG1.4.10M.artifact_removal_gc_rl.tsv.gz
55,129213,CDM019.A0102.SG1.4.10M.artifact_removal_gc_rl.tsv.gz
56,125988,CDM019.A0102.SG1.4.10M.artifact_removal_gc_rl.tsv.gz
57,118469,CDM019.A0102.SG1.4.10M.artifact_removal_gc_rl.tsv.gz
58,114750,CDM019.A0102.SG1.4.10M.artifact_removal_gc_rl.tsv.gz
59,111848,CDM019.A0102.SG1.4.10M.artifact_removal_gc_rl.tsv.gz
60,104984,CDM019.A0102.SG1.4.10M.artifact_removal_gc_rl.tsv.gz
61,102962,CDM019.A0102.SG1.4.10M.artifact_removal_gc_rl.tsv.gz
62,99469,CDM019.A0102.SG1.4.10M.artifact_removal_gc_rl.tsv.gz
63,92531,CDM019.A0102.SG1.4.10M.artifact_removal_gc_rl.tsv.gz
64,89853,CDM019.A0102.SG1.4.10M.artifact_removal_gc_rl.tsv.gz
65,86355,CDM019.A0102.SG1.4.10M.artifact_removal_gc_rl.tsv.gz
66,81214,CDM019.A0102.SG1.4.10M.artifact_removal_gc_rl.tsv.gz
67,79063,CDM019.A0102.SG1.4.10M.artifact_removal_gc_rl.tsv.gz
68,77054,CDM019.A0102.SG1.4.10M.artifact_removal_gc_rl.tsv.gz
69,72784,CDM019.A0102.SG1.4.10M.artifact_removal_gc_rl.tsv.gz
70,71164,CDM019.A0102.SG1.4.10M.artifact_removal_gc_rl.tsv.gz
71,69631,CDM019.A0102.SG1.4.10M.artifact_removal_gc_rl.tsv.gz
72,66457,CDM019.A0102.SG1.4.10M.artifact_removal_gc_rl.tsv.gz
73,65938,CDM019.A0102.SG1.4.10M.artifact_removal_gc_rl.tsv.gz
74,69361,CDM019.A0102.SG1.4.10M.artifact_removal_gc_rl.tsv.gz
75,100376,CDM019.A0102.SG1.4.10M.artifact_removal_gc_rl.tsv.gz
76,446846,CDM019.A0102.SG1.4.10M.artifact_removal_gc_rl.tsv.gz
77,52633,CDM019.A0102.SG1.4.10M.artifact_removal_gc_rl.tsv.gz
78,49198,CDM019.A0102.SG1.4.10M.artifact_removal_gc_rl.tsv.gz
79,48154,CDM019.A0102.SG1.4.10M.artifact_removal_gc_rl.tsv.gz
80,46503,CDM019.A0102.SG1.4.10M.artifact_removal_gc_rl.tsv.gz
81,43835,CDM019.A0102.SG1.4.10M.artifact_removal_gc_rl.tsv.gz
82,42706,CDM019.A0102.SG1.4.10M.artifact_removal_gc_rl.tsv.gz
83,41561,CDM019.A0102.SG1.4.10M.artifact_removal_gc_rl.tsv.gz
84,38652,CDM019.A0102.SG1.4.10M.artifact_removal_gc_rl.tsv.gz
85,37259,CDM019.A0102.SG1.4.10M.artifact_removal_gc_rl.tsv.gz
86,36699,CDM019.A0102.SG1.4.10M.artifact_removal_gc_rl.tsv.gz
87,34193,CDM019.A0102.SG1.4.10M.artifact_removal_gc_rl.tsv.gz
88,33715,CDM019.A0102.SG1.4.10M.artifact_removal_gc_rl.tsv.gz
89,32456,CDM019.A0102.SG1.4.10M.artifact_removal_gc_rl.tsv.gz
90,30277,CDM019.A0102.SG1.4.10M.artifact_removal_gc_rl.tsv.gz
91,29865,CDM019.A0102.SG1.4.10M.artifact_removal_gc_rl.tsv.gz
92,29009,CDM019.A0102.SG1.4.10M.artifact_removal_gc_rl.tsv.gz
93,27512,CDM019.A0102.SG1.4.10M.artifact_removal_gc_rl.tsv.gz
94,26634,CDM019.A0102.SG1.4.10M.artifact_removal_gc_rl.tsv.gz
95,25695,CDM019.A0102.SG1.4.10M.artifact_removal_gc_rl.tsv.gz
96,24359,CDM019.A0102.SG1.4.10M.artifact_removal_gc_rl.tsv.gz
97,23755,CDM019.A0102.SG1.4.10M.artifact_removal_gc_rl.tsv.gz
98,22839,CDM019.A0102.SG1.4.10M.artifact_removal_gc_rl.tsv.gz
99,21842,CDM019.A0102.SG1.4.10M.artifact_removal_gc_rl.tsv.gz
100,21030,CDM019.A0102.SG1.4.10M.artifact_removal_gc_rl.tsv.gz
101,20601,CDM019.A0102.SG1.4.10M.artifact_removal_gc_rl.tsv.gz
102,19541,CDM019.A0102.SG1.4.10M.artifact_removal_gc_rl.tsv.gz
103,19132,CDM019.A0102.SG1.4.10M.artifact_removal_gc_rl.tsv.gz
104,18517,CDM019.A0102.SG1.4.10M.artifact_removal_gc_rl.tsv.gz
105,17504,CDM019.A0102.SG1.4.10M.artifact_removal_gc_rl.tsv.gz
106,17011,CDM019.A0102.SG1.4.10M.artifact_removal_gc_rl.tsv.gz
107,16482,CDM019.A0102.SG1.4.10M.artifact_removal_gc_rl.tsv.gz
108,15704,CDM019.A0102.SG1.4.10M.artifact_removal_gc_rl.tsv.gz
109,15318,CDM019.A0102.SG1.4.10M.artifact_removal_gc_rl.tsv.gz
110,15080,CDM019.A0102.SG1.4.10M.artifact_removal_gc_rl.tsv.gz
111,14234,CDM019.A0102.SG1.4.10M.artifact_removal_gc_rl.tsv.gz
112,13824,CDM019.A0102.SG1.4.10M.artifact_removal_gc_rl.tsv.gz
113,13557,CDM019.A0102.SG1.4.10M.artifact_removal_gc_rl.tsv.gz
114,12723,CDM019.A0102.SG1.4.10M.artifact_removal_gc_rl.tsv.gz
115,12389,CDM019.A0102.SG1.4.10M.artifact_removal_gc_rl.tsv.gz
116,12337,CDM019.A0102.SG1.4.10M.artifact_removal_gc_rl.tsv.gz
117,11363,CDM019.A0102.SG1.4.10M.artifact_removal_gc_rl.tsv.gz
118,11160,CDM019.A0102.SG1.4.10M.artifact_removal_gc_rl.tsv.gz
119,10960,CDM019.A0102.SG1.4.10M.artifact_removal_gc_rl.tsv.gz
120,10525,CDM019.A0102.SG1.4.10M.artifact_removal_gc_rl.tsv.gz
121,10083,CDM019.A0102.SG1.4.10M.artifact_removal_gc_rl.tsv.gz
122,10002,CDM019.A0102.SG1.4.10M.artifact_removal_gc_rl.tsv.gz
123,9333,CDM019.A0102.SG1.4.10M.artifact_removal_gc_rl.tsv.gz
124,9236,CDM019.A0102.SG1.4.10M.artifact_removal_gc_rl.tsv.gz
125,9091,CDM019.A0102.SG1.4.10M.artifact_removal_gc_rl.tsv.gz
126,8614,CDM019.A0102.SG1.4.10M.artifact_removal_gc_rl.tsv.gz
127,8337,CDM019.A0102.SG1.4.10M.artifact_removal_gc_rl.tsv.gz
128,8104,CDM019.A0102.SG1.4.10M.artifact_removal_gc_rl.tsv.gz
129,7823,CDM019.A0102.SG1.4.10M.artifact_removal_gc_rl.tsv.gz
130,7738,CDM019.A0102.SG1.4.10M.artifact_removal_gc_rl.tsv.gz
131,7687,CDM019.A0102.SG1.4.10M.artifact_removal_gc_rl.tsv.gz
132,7274,CDM019.A0102.SG1.4.10M.artifact_removal_gc_rl.tsv.gz
133,6994,CDM019.A0102.SG1.4.10M.artifact_removal_gc_rl.tsv.gz
134,7127,CDM019.A0102.SG1.4.10M.artifact_removal_gc_rl.tsv.gz
135,6622,CDM019.A0102.SG1.4.10M.artifact_removal_gc_rl.tsv.gz
136,6593,CDM019.A0102.SG1.4.10M.artifact_removal_gc_rl.tsv.gz
137,6661,CDM019.A0102.SG1.4.10M.artifact_removal_gc_rl.tsv.gz
138,6087,CDM019.A0102.SG1.4.10M.artifact_removal_gc_rl.tsv.gz
139,6251,CDM019.A0102.SG1.4.10M.artifact_removal_gc_rl.tsv.gz
140,6573,CDM019.A0102.SG1.4.10M.artifact_removal_gc_rl.tsv.gz
141,5653,CDM019.A0102.SG1.4.10M.artifact_removal_gc_rl.tsv.gz
30,121173,CDM020.A0101.SG1.1.10M.artifact_removal_gc_rl.tsv.gz
31,134324,CDM020.A0101.SG1.1.10M.artifact_removal_gc_rl.tsv.gz
32,144771,CDM020.A0101.SG1.1.10M.artifact_removal_gc_rl.tsv.gz
33,157412,CDM020.A0101.SG1.1.10M.artifact_removal_gc_rl.tsv.gz
34,165855,CDM020.A0101.SG1.1.10M.artifact_removal_gc_rl.tsv.gz
35,173859,CDM020.A0101.SG1.1.10M.artifact_removal_gc_rl.tsv.gz
36,183303,CDM020.A0101.SG1.1.10M.artifact_removal_gc_rl.tsv.gz
37,188313,CDM020.A0101.SG1.1.10M.artifact_removal_gc_rl.tsv.gz
38,188919,CDM020.A0101.SG1.1.10M.artifact_removal_gc_rl.tsv.gz
39,190846,CDM020.A0101.SG1.1.10M.artifact_removal_gc_rl.tsv.gz
40,191424,CDM020.A0101.SG1.1.10M.artifact_removal_gc_rl.tsv.gz
41,191576,CDM020.A0101.SG1.1.10M.artifact_removal_gc_rl.tsv.gz
42,193140,CDM020.A0101.SG1.1.10M.artifact_removal_gc_rl.tsv.gz
43,191874,CDM020.A0101.SG1.1.10M.artifact_removal_gc_rl.tsv.gz
44,189249,CDM020.A0101.SG1.1.10M.artifact_removal_gc_rl.tsv.gz
45,189061,CDM020.A0101.SG1.1.10M.artifact_removal_gc_rl.tsv.gz
46,189843,CDM020.A0101.SG1.1.10M.artifact_removal_gc_rl.tsv.gz
47,186212,CDM020.A0101.SG1.1.10M.artifact_removal_gc_rl.tsv.gz
48,184210,CDM020.A0101.SG1.1.10M.artifact_removal_gc_rl.tsv.gz
49,179963,CDM020.A0101.SG1.1.10M.artifact_removal_gc_rl.tsv.gz
50,173992,CDM020.A0101.SG1.1.10M.artifact_removal_gc_rl.tsv.gz
51,170411,CDM020.A0101.SG1.1.10M.artifact_removal_gc_rl.tsv.gz
52,168218,CDM020.A0101.SG1.1.10M.artifact_removal_gc_rl.tsv.gz
53,162448,CDM020.A0101.SG1.1.10M.artifact_removal_gc_rl.tsv.gz
54,160087,CDM020.A0101.SG1.1.10M.artifact_removal_gc_rl.tsv.gz
55,156241,CDM020.A0101.SG1.1.10M.artifact_removal_gc_rl.tsv.gz
56,151798,CDM020.A0101.SG1.1.10M.artifact_removal_gc_rl.tsv.gz
57,149553,CDM020.A0101.SG1.1.10M.artifact_removal_gc_rl.tsv.gz
58,145039,CDM020.A0101.SG1.1.10M.artifact_removal_gc_rl.tsv.gz
59,139538,CDM020.A0101.SG1.1.10M.artifact_removal_gc_rl.tsv.gz
60,136141,CDM020.A0101.SG1.1.10M.artifact_removal_gc_rl.tsv.gz
61,131164,CDM020.A0101.SG1.1.10M.artifact_removal_gc_rl.tsv.gz
62,126504,CDM020.A0101.SG1.1.10M.artifact_removal_gc_rl.tsv.gz
63,123650,CDM020.A0101.SG1.1.10M.artifact_removal_gc_rl.tsv.gz
64,119349,CDM020.A0101.SG1.1.10M.artifact_removal_gc_rl.tsv.gz
65,115241,CDM020.A0101.SG1.1.10M.artifact_removal_gc_rl.tsv.gz
66,113639,CDM020.A0101.SG1.1.10M.artifact_removal_gc_rl.tsv.gz
67,109595,CDM020.A0101.SG1.1.10M.artifact_removal_gc_rl.tsv.gz
68,105592,CDM020.A0101.SG1.1.10M.artifact_removal_gc_rl.tsv.gz
69,104206,CDM020.A0101.SG1.1.10M.artifact_removal_gc_rl.tsv.gz
70,99682,CDM020.A0101.SG1.1.10M.artifact_removal_gc_rl.tsv.gz
71,96365,CDM020.A0101.SG1.1.10M.artifact_removal_gc_rl.tsv.gz
72,95316,CDM020.A0101.SG1.1.10M.artifact_removal_gc_rl.tsv.gz
73,95973,CDM020.A0101.SG1.1.10M.artifact_removal_gc_rl.tsv.gz
74,108887,CDM020.A0101.SG1.1.10M.artifact_removal_gc_rl.tsv.gz
75,207142,CDM020.A0101.SG1.1.10M.artifact_removal_gc_rl.tsv.gz
76,642804,CDM020.A0101.SG1.1.10M.artifact_removal_gc_rl.tsv.gz
77,77496,CDM020.A0101.SG1.1.10M.artifact_removal_gc_rl.tsv.gz
78,75763,CDM020.A0101.SG1.1.10M.artifact_removal_gc_rl.tsv.gz
79,72647,CDM020.A0101.SG1.1.10M.artifact_removal_gc_rl.tsv.gz
80,69546,CDM020.A0101.SG1.1.10M.artifact_removal_gc_rl.tsv.gz
81,67577,CDM020.A0101.SG1.1.10M.artifact_removal_gc_rl.tsv.gz
82,65419,CDM020.A0101.SG1.1.10M.artifact_removal_gc_rl.tsv.gz
83,62314,CDM020.A0101.SG1.1.10M.artifact_removal_gc_rl.tsv.gz
84,61276,CDM020.A0101.SG1.1.10M.artifact_removal_gc_rl.tsv.gz
85,59199,CDM020.A0101.SG1.1.10M.artifact_removal_gc_rl.tsv.gz
86,57289,CDM020.A0101.SG1.1.10M.artifact_removal_gc_rl.tsv.gz
87,56056,CDM020.A0101.SG1.1.10M.artifact_removal_gc_rl.tsv.gz
88,53438,CDM020.A0101.SG1.1.10M.artifact_removal_gc_rl.tsv.gz
89,51514,CDM020.A0101.SG1.1.10M.artifact_removal_gc_rl.tsv.gz
90,50393,CDM020.A0101.SG1.1.10M.artifact_removal_gc_rl.tsv.gz
91,48556,CDM020.A0101.SG1.1.10M.artifact_removal_gc_rl.tsv.gz
92,45998,CDM020.A0101.SG1.1.10M.artifact_removal_gc_rl.tsv.gz
93,45065,CDM020.A0101.SG1.1.10M.artifact_removal_gc_rl.tsv.gz
94,43916,CDM020.A0101.SG1.1.10M.artifact_removal_gc_rl.tsv.gz
95,42163,CDM020.A0101.SG1.1.10M.artifact_removal_gc_rl.tsv.gz
96,41307,CDM020.A0101.SG1.1.10M.artifact_removal_gc_rl.tsv.gz
97,40082,CDM020.A0101.SG1.1.10M.artifact_removal_gc_rl.tsv.gz
98,38389,CDM020.A0101.SG1.1.10M.artifact_removal_gc_rl.tsv.gz
99,37863,CDM020.A0101.SG1.1.10M.artifact_removal_gc_rl.tsv.gz
100,36161,CDM020.A0101.SG1.1.10M.artifact_removal_gc_rl.tsv.gz
101,34864,CDM020.A0101.SG1.1.10M.artifact_removal_gc_rl.tsv.gz
102,34165,CDM020.A0101.SG1.1.10M.artifact_removal_gc_rl.tsv.gz
103,32771,CDM020.A0101.SG1.1.10M.artifact_removal_gc_rl.tsv.gz
104,31829,CDM020.A0101.SG1.1.10M.artifact_removal_gc_rl.tsv.gz
105,30992,CDM020.A0101.SG1.1.10M.artifact_removal_gc_rl.tsv.gz
106,30011,CDM020.A0101.SG1.1.10M.artifact_removal_gc_rl.tsv.gz
107,28752,CDM020.A0101.SG1.1.10M.artifact_removal_gc_rl.tsv.gz
108,28378,CDM020.A0101.SG1.1.10M.artifact_removal_gc_rl.tsv.gz
109,27491,CDM020.A0101.SG1.1.10M.artifact_removal_gc_rl.tsv.gz
110,26414,CDM020.A0101.SG1.1.10M.artifact_removal_gc_rl.tsv.gz
111,25768,CDM020.A0101.SG1.1.10M.artifact_removal_gc_rl.tsv.gz
112,24473,CDM020.A0101.SG1.1.10M.artifact_removal_gc_rl.tsv.gz
113,23764,CDM020.A0101.SG1.1.10M.artifact_removal_gc_rl.tsv.gz
114,23334,CDM020.A0101.SG1.1.10M.artifact_removal_gc_rl.tsv.gz
115,22783,CDM020.A0101.SG1.1.10M.artifact_removal_gc_rl.tsv.gz
116,21755,CDM020.A0101.SG1.1.10M.artifact_removal_gc_rl.tsv.gz
117,21370,CDM020.A0101.SG1.1.10M.artifact_removal_gc_rl.tsv.gz
118,20426,CDM020.A0101.SG1.1.10M.artifact_removal_gc_rl.tsv.gz
119,19827,CDM020.A0101.SG1.1.10M.artifact_removal_gc_rl.tsv.gz
120,19601,CDM020.A0101.SG1.1.10M.artifact_removal_gc_rl.tsv.gz
121,18912,CDM020.A0101.SG1.1.10M.artifact_removal_gc_rl.tsv.gz
122,18214,CDM020.A0101.SG1.1.10M.artifact_removal_gc_rl.tsv.gz
123,17881,CDM020.A0101.SG1.1.10M.artifact_removal_gc_rl.tsv.gz
124,17135,CDM020.A0101.SG1.1.10M.artifact_removal_gc_rl.tsv.gz
125,16728,CDM020.A0101.SG1.1.10M.artifact_removal_gc_rl.tsv.gz
126,16153,CDM020.A0101.SG1.1.10M.artifact_removal_gc_rl.tsv.gz
127,15605,CDM020.A0101.SG1.1.10M.artifact_removal_gc_rl.tsv.gz
128,15273,CDM020.A0101.SG1.1.10M.artifact_removal_gc_rl.tsv.gz
129,14945,CDM020.A0101.SG1.1.10M.artifact_removal_gc_rl.tsv.gz
130,14670,CDM020.A0101.SG1.1.10M.artifact_removal_gc_rl.tsv.gz
131,14133,CDM020.A0101.SG1.1.10M.artifact_removal_gc_rl.tsv.gz
132,13618,CDM020.A0101.SG1.1.10M.artifact_removal_gc_rl.tsv.gz
133,13495,CDM020.A0101.SG1.1.10M.artifact_removal_gc_rl.tsv.gz
134,12944,CDM020.A0101.SG1.1.10M.artifact_removal_gc_rl.tsv.gz
135,12776,CDM020.A0101.SG1.1.10M.artifact_removal_gc_rl.tsv.gz
136,12522,CDM020.A0101.SG1.1.10M.artifact_removal_gc_rl.tsv.gz
137,12390,CDM020.A0101.SG1.1.10M.artifact_removal_gc_rl.tsv.gz
138,11701,CDM020.A0101.SG1.1.10M.artifact_removal_gc_rl.tsv.gz
139,11947,CDM020.A0101.SG1.1.10M.artifact_removal_gc_rl.tsv.gz
140,11995,CDM020.A0101.SG1.1.10M.artifact_removal_gc_rl.tsv.gz
141,10153,CDM020.A0101.SG1.1.10M.artifact_removal_gc_rl.tsv.gz
30,201953,CDM020.A0102.SG1.4.10M.artifact_removal_gc_rl.tsv.gz
31,211669,CDM020.A0102.SG1.4.10M.artifact_removal_gc_rl.tsv.gz
32,217349,CDM020.A0102.SG1.4.10M.artifact_removal_gc_rl.tsv.gz
33,216353,CDM020.A0102.SG1.4.10M.artifact_removal_gc_rl.tsv.gz
34,222602,CDM020.A0102.SG1.4.10M.artifact_removal_gc_rl.tsv.gz
35,227776,CDM020.A0102.SG1.4.10M.artifact_removal_gc_rl.tsv.gz
36,224828,CDM020.A0102.SG1.4.10M.artifact_removal_gc_rl.tsv.gz
37,224697,CDM020.A0102.SG1.4.10M.artifact_removal_gc_rl.tsv.gz
38,224105,CDM020.A0102.SG1.4.10M.artifact_removal_gc_rl.tsv.gz
39,217982,CDM020.A0102.SG1.4.10M.artifact_removal_gc_rl.tsv.gz
40,218091,CDM020.A0102.SG1.4.10M.artifact_removal_gc_rl.tsv.gz
41,215905,CDM020.A0102.SG1.4.10M.artifact_removal_gc_rl.tsv.gz
42,207400,CDM020.A0102.SG1.4.10M.artifact_removal_gc_rl.tsv.gz
43,202909,CDM020.A0102.SG1.4.10M.artifact_removal_gc_rl.tsv.gz
44,200258,CDM020.A0102.SG1.4.10M.artifact_removal_gc_rl.tsv.gz
45,191679,CDM020.A0102.SG1.4.10M.artifact_removal_gc_rl.tsv.gz
46,188423,CDM020.A0102.SG1.4.10M.artifact_removal_gc_rl.tsv.gz
47,183487,CDM020.A0102.SG1.4.10M.artifact_removal_gc_rl.tsv.gz
48,175325,CDM020.A0102.SG1.4.10M.artifact_removal_gc_rl.tsv.gz
49,169287,CDM020.A0102.SG1.4.10M.artifact_removal_gc_rl.tsv.gz
50,164696,CDM020.A0102.SG1.4.10M.artifact_removal_gc_rl.tsv.gz
51,157134,CDM020.A0102.SG1.4.10M.artifact_removal_gc_rl.tsv.gz
52,151373,CDM020.A0102.SG1.4.10M.artifact_removal_gc_rl.tsv.gz
53,146276,CDM020.A0102.SG1.4.10M.artifact_removal_gc_rl.tsv.gz
54,138118,CDM020.A0102.SG1.4.10M.artifact_removal_gc_rl.tsv.gz
55,134536,CDM020.A0102.SG1.4.10M.artifact_removal_gc_rl.tsv.gz
56,130178,CDM020.A0102.SG1.4.10M.artifact_removal_gc_rl.tsv.gz
57,123241,CDM020.A0102.SG1.4.10M.artifact_removal_gc_rl.tsv.gz
58,118641,CDM020.A0102.SG1.4.10M.artifact_removal_gc_rl.tsv.gz
59,114632,CDM020.A0102.SG1.4.10M.artifact_removal_gc_rl.tsv.gz
60,108241,CDM020.A0102.SG1.4.10M.artifact_removal_gc_rl.tsv.gz
61,104078,CDM020.A0102.SG1.4.10M.artifact_removal_gc_rl.tsv.gz
62,100464,CDM020.A0102.SG1.4.10M.artifact_removal_gc_rl.tsv.gz
63,94475,CDM020.A0102.SG1.4.10M.artifact_removal_gc_rl.tsv.gz
64,91053,CDM020.A0102.SG1.4.10M.artifact_removal_gc_rl.tsv.gz
65,87923,CDM020.A0102.SG1.4.10M.artifact_removal_gc_rl.tsv.gz
66,82827,CDM020.A0102.SG1.4.10M.artifact_removal_gc_rl.tsv.gz
67,80097,CDM020.A0102.SG1.4.10M.artifact_removal_gc_rl.tsv.gz
68,77818,CDM020.A0102.SG1.4.10M.artifact_removal_gc_rl.tsv.gz
69,73146,CDM020.A0102.SG1.4.10M.artifact_removal_gc_rl.tsv.gz
70,71428,CDM020.A0102.SG1.4.10M.artifact_removal_gc_rl.tsv.gz
71,69472,CDM020.A0102.SG1.4.10M.artifact_removal_gc_rl.tsv.gz
72,67734,CDM020.A0102.SG1.4.10M.artifact_removal_gc_rl.tsv.gz
73,68261,CDM020.A0102.SG1.4.10M.artifact_removal_gc_rl.tsv.gz
74,72435,CDM020.A0102.SG1.4.10M.artifact_removal_gc_rl.tsv.gz
75,100116,CDM020.A0102.SG1.4.10M.artifact_removal_gc_rl.tsv.gz
76,385731,CDM020.A0102.SG1.4.10M.artifact_removal_gc_rl.tsv.gz
77,50468,CDM020.A0102.SG1.4.10M.artifact_removal_gc_rl.tsv.gz
78,47667,CDM020.A0102.SG1.4.10M.artifact_removal_gc_rl.tsv.gz
79,46396,CDM020.A0102.SG1.4.10M.artifact_removal_gc_rl.tsv.gz
80,44619,CDM020.A0102.SG1.4.10M.artifact_removal_gc_rl.tsv.gz
81,41823,CDM020.A0102.SG1.4.10M.artifact_removal_gc_rl.tsv.gz
82,40498,CDM020.A0102.SG1.4.10M.artifact_removal_gc_rl.tsv.gz
83,39220,CDM020.A0102.SG1.4.10M.artifact_removal_gc_rl.tsv.gz
84,36706,CDM020.A0102.SG1.4.10M.artifact_removal_gc_rl.tsv.gz
85,35367,CDM020.A0102.SG1.4.10M.artifact_removal_gc_rl.tsv.gz
86,34198,CDM020.A0102.SG1.4.10M.artifact_removal_gc_rl.tsv.gz
87,32237,CDM020.A0102.SG1.4.10M.artifact_removal_gc_rl.tsv.gz
88,30865,CDM020.A0102.SG1.4.10M.artifact_removal_gc_rl.tsv.gz
89,29805,CDM020.A0102.SG1.4.10M.artifact_removal_gc_rl.tsv.gz
90,27878,CDM020.A0102.SG1.4.10M.artifact_removal_gc_rl.tsv.gz
91,27176,CDM020.A0102.SG1.4.10M.artifact_removal_gc_rl.tsv.gz
92,26302,CDM020.A0102.SG1.4.10M.artifact_removal_gc_rl.tsv.gz
93,24529,CDM020.A0102.SG1.4.10M.artifact_removal_gc_rl.tsv.gz
94,24123,CDM020.A0102.SG1.4.10M.artifact_removal_gc_rl.tsv.gz
95,23070,CDM020.A0102.SG1.4.10M.artifact_removal_gc_rl.tsv.gz
96,21658,CDM020.A0102.SG1.4.10M.artifact_removal_gc_rl.tsv.gz
97,21002,CDM020.A0102.SG1.4.10M.artifact_removal_gc_rl.tsv.gz
98,20643,CDM020.A0102.SG1.4.10M.artifact_removal_gc_rl.tsv.gz
99,19261,CDM020.A0102.SG1.4.10M.artifact_removal_gc_rl.tsv.gz
100,18568,CDM020.A0102.SG1.4.10M.artifact_removal_gc_rl.tsv.gz
101,17932,CDM020.A0102.SG1.4.10M.artifact_removal_gc_rl.tsv.gz
102,17073,CDM020.A0102.SG1.4.10M.artifact_removal_gc_rl.tsv.gz
103,16364,CDM020.A0102.SG1.4.10M.artifact_removal_gc_rl.tsv.gz
104,15986,CDM020.A0102.SG1.4.10M.artifact_removal_gc_rl.tsv.gz
105,14810,CDM020.A0102.SG1.4.10M.artifact_removal_gc_rl.tsv.gz
106,14816,CDM020.A0102.SG1.4.10M.artifact_removal_gc_rl.tsv.gz
107,14143,CDM020.A0102.SG1.4.10M.artifact_removal_gc_rl.tsv.gz
108,13335,CDM020.A0102.SG1.4.10M.artifact_removal_gc_rl.tsv.gz
109,12951,CDM020.A0102.SG1.4.10M.artifact_removal_gc_rl.tsv.gz
110,12346,CDM020.A0102.SG1.4.10M.artifact_removal_gc_rl.tsv.gz
111,11954,CDM020.A0102.SG1.4.10M.artifact_removal_gc_rl.tsv.gz
112,11516,CDM020.A0102.SG1.4.10M.artifact_removal_gc_rl.tsv.gz
113,11179,CDM020.A0102.SG1.4.10M.artifact_removal_gc_rl.tsv.gz
114,10633,CDM020.A0102.SG1.4.10M.artifact_removal_gc_rl.tsv.gz
115,10234,CDM020.A0102.SG1.4.10M.artifact_removal_gc_rl.tsv.gz
116,10036,CDM020.A0102.SG1.4.10M.artifact_removal_gc_rl.tsv.gz
117,9301,CDM020.A0102.SG1.4.10M.artifact_removal_gc_rl.tsv.gz
118,9109,CDM020.A0102.SG1.4.10M.artifact_removal_gc_rl.tsv.gz
119,8928,CDM020.A0102.SG1.4.10M.artifact_removal_gc_rl.tsv.gz
120,8498,CDM020.A0102.SG1.4.10M.artifact_removal_gc_rl.tsv.gz
121,8293,CDM020.A0102.SG1.4.10M.artifact_removal_gc_rl.tsv.gz
122,8033,CDM020.A0102.SG1.4.10M.artifact_removal_gc_rl.tsv.gz
123,7481,CDM020.A0102.SG1.4.10M.artifact_removal_gc_rl.tsv.gz
124,7311,CDM020.A0102.SG1.4.10M.artifact_removal_gc_rl.tsv.gz
125,7418,CDM020.A0102.SG1.4.10M.artifact_removal_gc_rl.tsv.gz
126,6943,CDM020.A0102.SG1.4.10M.artifact_removal_gc_rl.tsv.gz
127,6698,CDM020.A0102.SG1.4.10M.artifact_removal_gc_rl.tsv.gz
128,6621,CDM020.A0102.SG1.4.10M.artifact_removal_gc_rl.tsv.gz
129,6321,CDM020.A0102.SG1.4.10M.artifact_removal_gc_rl.tsv.gz
130,6192,CDM020.A0102.SG1.4.10M.artifact_removal_gc_rl.tsv.gz
131,5901,CDM020.A0102.SG1.4.10M.artifact_removal_gc_rl.tsv.gz
132,5578,CDM020.A0102.SG1.4.10M.artifact_removal_gc_rl.tsv.gz
133,5406,CDM020.A0102.SG1.4.10M.artifact_removal_gc_rl.tsv.gz
134,5365,CDM020.A0102.SG1.4.10M.artifact_removal_gc_rl.tsv.gz
135,5096,CDM020.A0102.SG1.4.10M.artifact_removal_gc_rl.tsv.gz
136,5083,CDM020.A0102.SG1.4.10M.artifact_removal_gc_rl.tsv.gz
137,5116,CDM020.A0102.SG1.4.10M.artifact_removal_gc_rl.tsv.gz
138,4625,CDM020.A0102.SG1.4.10M.artifact_removal_gc_rl.tsv.gz
139,4799,CDM020.A0102.SG1.4.10M.artifact_removal_gc_rl.tsv.gz
140,5094,CDM020.A0102.SG1.4.10M.artifact_removal_gc_rl.tsv.gz
141,4543,CDM020.A0102.SG1.4.10M.artifact_removal_gc_rl.tsv.gz
30,120658,FUM001.A0101.SG1.1.10M.artifact_removal_gc_rl.tsv.gz
31,132957,FUM001.A0101.SG1.1.10M.artifact_removal_gc_rl.tsv.gz
32,138775,FUM001.A0101.SG1.1.10M.artifact_removal_gc_rl.tsv.gz
33,147371,FUM001.A0101.SG1.1.10M.artifact_removal_gc_rl.tsv.gz
34,153397,FUM001.A0101.SG1.1.10M.artifact_removal_gc_rl.tsv.gz
35,152906,FUM001.A0101.SG1.1.10M.artifact_removal_gc_rl.tsv.gz
36,156841,FUM001.A0101.SG1.1.10M.artifact_removal_gc_rl.tsv.gz
37,157502,FUM001.A0101.SG1.1.10M.artifact_removal_gc_rl.tsv.gz
38,153820,FUM001.A0101.SG1.1.10M.artifact_removal_gc_rl.tsv.gz
39,155326,FUM001.A0101.SG1.1.10M.artifact_removal_gc_rl.tsv.gz
40,153016,FUM001.A0101.SG1.1.10M.artifact_removal_gc_rl.tsv.gz
41,148876,FUM001.A0101.SG1.1.10M.artifact_removal_gc_rl.tsv.gz
42,148205,FUM001.A0101.SG1.1.10M.artifact_removal_gc_rl.tsv.gz
43,146188,FUM001.A0101.SG1.1.10M.artifact_removal_gc_rl.tsv.gz
44,140496,FUM001.A0101.SG1.1.10M.artifact_removal_gc_rl.tsv.gz
45,139535,FUM001.A0101.SG1.1.10M.artifact_removal_gc_rl.tsv.gz
46,135656,FUM001.A0101.SG1.1.10M.artifact_removal_gc_rl.tsv.gz
47,129234,FUM001.A0101.SG1.1.10M.artifact_removal_gc_rl.tsv.gz
48,127482,FUM001.A0101.SG1.1.10M.artifact_removal_gc_rl.tsv.gz
49,122378,FUM001.A0101.SG1.1.10M.artifact_removal_gc_rl.tsv.gz
50,116063,FUM001.A0101.SG1.1.10M.artifact_removal_gc_rl.tsv.gz
51,113857,FUM001.A0101.SG1.1.10M.artifact_removal_gc_rl.tsv.gz
52,108594,FUM001.A0101.SG1.1.10M.artifact_removal_gc_rl.tsv.gz
53,102698,FUM001.A0101.SG1.1.10M.artifact_removal_gc_rl.tsv.gz
54,99590,FUM001.A0101.SG1.1.10M.artifact_removal_gc_rl.tsv.gz
55,97960,FUM001.A0101.SG1.1.10M.artifact_removal_gc_rl.tsv.gz
56,91227,FUM001.A0101.SG1.1.10M.artifact_removal_gc_rl.tsv.gz
57,89032,FUM001.A0101.SG1.1.10M.artifact_removal_gc_rl.tsv.gz
58,84527,FUM001.A0101.SG1.1.10M.artifact_removal_gc_rl.tsv.gz
59,79953,FUM001.A0101.SG1.1.10M.artifact_removal_gc_rl.tsv.gz
60,76967,FUM001.A0101.SG1.1.10M.artifact_removal_gc_rl.tsv.gz
61,73441,FUM001.A0101.SG1.1.10M.artifact_removal_gc_rl.tsv.gz
62,69257,FUM001.A0101.SG1.1.10M.artifact_removal_gc_rl.tsv.gz
63,68935,FUM001.A0101.SG1.1.10M.artifact_removal_gc_rl.tsv.gz
64,65036,FUM001.A0101.SG1.1.10M.artifact_removal_gc_rl.tsv.gz
65,60780,FUM001.A0101.SG1.1.10M.artifact_removal_gc_rl.tsv.gz
66,59238,FUM001.A0101.SG1.1.10M.artifact_removal_gc_rl.tsv.gz
67,56879,FUM001.A0101.SG1.1.10M.artifact_removal_gc_rl.tsv.gz
68,52327,FUM001.A0101.SG1.1.10M.artifact_removal_gc_rl.tsv.gz
69,52209,FUM001.A0101.SG1.1.10M.artifact_removal_gc_rl.tsv.gz
70,51565,FUM001.A0101.SG1.1.10M.artifact_removal_gc_rl.tsv.gz
71,48352,FUM001.A0101.SG1.1.10M.artifact_removal_gc_rl.tsv.gz
72,47321,FUM001.A0101.SG1.1.10M.artifact_removal_gc_rl.tsv.gz
73,49695,FUM001.A0101.SG1.1.10M.artifact_removal_gc_rl.tsv.gz
74,55053,FUM001.A0101.SG1.1.10M.artifact_removal_gc_rl.tsv.gz
75,88625,FUM001.A0101.SG1.1.10M.artifact_removal_gc_rl.tsv.gz
76,280673,FUM001.A0101.SG1.1.10M.artifact_removal_gc_rl.tsv.gz
77,34799,FUM001.A0101.SG1.1.10M.artifact_removal_gc_rl.tsv.gz
78,33321,FUM001.A0101.SG1.1.10M.artifact_removal_gc_rl.tsv.gz
79,31904,FUM001.A0101.SG1.1.10M.artifact_removal_gc_rl.tsv.gz
80,30304,FUM001.A0101.SG1.1.10M.artifact_removal_gc_rl.tsv.gz
81,29488,FUM001.A0101.SG1.1.10M.artifact_removal_gc_rl.tsv.gz
82,27713,FUM001.A0101.SG1.1.10M.artifact_removal_gc_rl.tsv.gz
83,25862,FUM001.A0101.SG1.1.10M.artifact_removal_gc_rl.tsv.gz
84,25489,FUM001.A0101.SG1.1.10M.artifact_removal_gc_rl.tsv.gz
85,24689,FUM001.A0101.SG1.1.10M.artifact_removal_gc_rl.tsv.gz
86,22826,FUM001.A0101.SG1.1.10M.artifact_removal_gc_rl.tsv.gz
87,21866,FUM001.A0101.SG1.1.10M.artifact_removal_gc_rl.tsv.gz
88,21327,FUM001.A0101.SG1.1.10M.artifact_removal_gc_rl.tsv.gz
89,19978,FUM001.A0101.SG1.1.10M.artifact_removal_gc_rl.tsv.gz
90,19498,FUM001.A0101.SG1.1.10M.artifact_removal_gc_rl.tsv.gz
91,18760,FUM001.A0101.SG1.1.10M.artifact_removal_gc_rl.tsv.gz
92,17789,FUM001.A0101.SG1.1.10M.artifact_removal_gc_rl.tsv.gz
93,16828,FUM001.A0101.SG1.1.10M.artifact_removal_gc_rl.tsv.gz
94,16694,FUM001.A0101.SG1.1.10M.artifact_removal_gc_rl.tsv.gz
95,15850,FUM001.A0101.SG1.1.10M.artifact_removal_gc_rl.tsv.gz
96,15170,FUM001.A0101.SG1.1.10M.artifact_removal_gc_rl.tsv.gz
97,14151,FUM001.A0101.SG1.1.10M.artifact_removal_gc_rl.tsv.gz
98,14139,FUM001.A0101.SG1.1.10M.artifact_removal_gc_rl.tsv.gz
99,13510,FUM001.A0101.SG1.1.10M.artifact_removal_gc_rl.tsv.gz
100,13235,FUM001.A0101.SG1.1.10M.artifact_removal_gc_rl.tsv.gz
101,12448,FUM001.A0101.SG1.1.10M.artifact_removal_gc_rl.tsv.gz
102,12256,FUM001.A0101.SG1.1.10M.artifact_removal_gc_rl.tsv.gz
103,11333,FUM001.A0101.SG1.1.10M.artifact_removal_gc_rl.tsv.gz
104,11119,FUM001.A0101.SG1.1.10M.artifact_removal_gc_rl.tsv.gz
105,10137,FUM001.A0101.SG1.1.10M.artifact_removal_gc_rl.tsv.gz
106,10000,FUM001.A0101.SG1.1.10M.artifact_removal_gc_rl.tsv.gz
107,9766,FUM001.A0101.SG1.1.10M.artifact_removal_gc_rl.tsv.gz
108,9228,FUM001.A0101.SG1.1.10M.artifact_removal_gc_rl.tsv.gz
109,9161,FUM001.A0101.SG1.1.10M.artifact_removal_gc_rl.tsv.gz
110,8755,FUM001.A0101.SG1.1.10M.artifact_removal_gc_rl.tsv.gz
111,8544,FUM001.A0101.SG1.1.10M.artifact_removal_gc_rl.tsv.gz
112,8528,FUM001.A0101.SG1.1.10M.artifact_removal_gc_rl.tsv.gz
113,8171,FUM001.A0101.SG1.1.10M.artifact_removal_gc_rl.tsv.gz
114,7682,FUM001.A0101.SG1.1.10M.artifact_removal_gc_rl.tsv.gz
115,7720,FUM001.A0101.SG1.1.10M.artifact_removal_gc_rl.tsv.gz
116,7095,FUM001.A0101.SG1.1.10M.artifact_removal_gc_rl.tsv.gz
117,7031,FUM001.A0101.SG1.1.10M.artifact_removal_gc_rl.tsv.gz
118,6886,FUM001.A0101.SG1.1.10M.artifact_removal_gc_rl.tsv.gz
119,6653,FUM001.A0101.SG1.1.10M.artifact_removal_gc_rl.tsv.gz
120,6558,FUM001.A0101.SG1.1.10M.artifact_removal_gc_rl.tsv.gz
121,6192,FUM001.A0101.SG1.1.10M.artifact_removal_gc_rl.tsv.gz
122,6008,FUM001.A0101.SG1.1.10M.artifact_removal_gc_rl.tsv.gz
123,5908,FUM001.A0101.SG1.1.10M.artifact_removal_gc_rl.tsv.gz
124,5518,FUM001.A0101.SG1.1.10M.artifact_removal_gc_rl.tsv.gz
125,5426,FUM001.A0101.SG1.1.10M.artifact_removal_gc_rl.tsv.gz
126,5451,FUM001.A0101.SG1.1.10M.artifact_removal_gc_rl.tsv.gz
127,5190,FUM001.A0101.SG1.1.10M.artifact_removal_gc_rl.tsv.gz
128,4997,FUM001.A0101.SG1.1.10M.artifact_removal_gc_rl.tsv.gz
129,4548,FUM001.A0101.SG1.1.10M.artifact_removal_gc_rl.tsv.gz
130,4704,FUM001.A0101.SG1.1.10M.artifact_removal_gc_rl.tsv.gz
131,4591,FUM001.A0101.SG1.1.10M.artifact_removal_gc_rl.tsv.gz
132,4465,FUM001.A0101.SG1.1.10M.artifact_removal_gc_rl.tsv.gz
133,4184,FUM001.A0101.SG1.1.10M.artifact_removal_gc_rl.tsv.gz
134,4457,FUM001.A0101.SG1.1.10M.artifact_removal_gc_rl.tsv.gz
135,4146,FUM001.A0101.SG1.1.10M.artifact_removal_gc_rl.tsv.gz
136,4267,FUM001.A0101.SG1.1.10M.artifact_removal_gc_rl.tsv.gz
137,4675,FUM001.A0101.SG1.1.10M.artifact_removal_gc_rl.tsv.gz
138,4147,FUM001.A0101.SG1.1.10M.artifact_removal_gc_rl.tsv.gz
139,4657,FUM001.A0101.SG1.1.10M.artifact_removal_gc_rl.tsv.gz
140,5382,FUM001.A0101.SG1.1.10M.artifact_removal_gc_rl.tsv.gz
141,3968,FUM001.A0101.SG1.1.10M.artifact_removal_gc_rl.tsv.gz
30,44795,FUM001.A0102.SG1.4.10M.artifact_removal_gc_rl.tsv.gz
31,44128,FUM001.A0102.SG1.4.10M.artifact_removal_gc_rl.tsv.gz
32,43311,FUM001.A0102.SG1.4.10M.artifact_removal_gc_rl.tsv.gz
33,40751,FUM001.A0102.SG1.4.10M.artifact_removal_gc_rl.tsv.gz
34,39597,FUM001.A0102.SG1.4.10M.artifact_removal_gc_rl.tsv.gz
35,38993,FUM001.A0102.SG1.4.10M.artifact_removal_gc_rl.tsv.gz
36,36044,FUM001.A0102.SG1.4.10M.artifact_removal_gc_rl.tsv.gz
37,34798,FUM001.A0102.SG1.4.10M.artifact_removal_gc_rl.tsv.gz
38,33350,FUM001.A0102.SG1.4.10M.artifact_removal_gc_rl.tsv.gz
39,31130,FUM001.A0102.SG1.4.10M.artifact_removal_gc_rl.tsv.gz
40,29855,FUM001.A0102.SG1.4.10M.artifact_removal_gc_rl.tsv.gz
41,28365,FUM001.A0102.SG1.4.10M.artifact_removal_gc_rl.tsv.gz
42,26276,FUM001.A0102.SG1.4.10M.artifact_removal_gc_rl.tsv.gz
43,25577,FUM001.A0102.SG1.4.10M.artifact_removal_gc_rl.tsv.gz
44,24397,FUM001.A0102.SG1.4.10M.artifact_removal_gc_rl.tsv.gz
45,22605,FUM001.A0102.SG1.4.10M.artifact_removal_gc_rl.tsv.gz
46,22090,FUM001.A0102.SG1.4.10M.artifact_removal_gc_rl.tsv.gz
47,20750,FUM001.A0102.SG1.4.10M.artifact_removal_gc_rl.tsv.gz
48,19105,FUM001.A0102.SG1.4.10M.artifact_removal_gc_rl.tsv.gz
49,18438,FUM001.A0102.SG1.4.10M.artifact_removal_gc_rl.tsv.gz
50,17652,FUM001.A0102.SG1.4.10M.artifact_removal_gc_rl.tsv.gz
51,16040,FUM001.A0102.SG1.4.10M.artifact_removal_gc_rl.tsv.gz
52,15293,FUM001.A0102.SG1.4.10M.artifact_removal_gc_rl.tsv.gz
53,14537,FUM001.A0102.SG1.4.10M.artifact_removal_gc_rl.tsv.gz
54,13396,FUM001.A0102.SG1.4.10M.artifact_removal_gc_rl.tsv.gz
55,12805,FUM001.A0102.SG1.4.10M.artifact_removal_gc_rl.tsv.gz
56,12439,FUM001.A0102.SG1.4.10M.artifact_removal_gc_rl.tsv.gz
57,11419,FUM001.A0102.SG1.4.10M.artifact_removal_gc_rl.tsv.gz
58,10973,FUM001.A0102.SG1.4.10M.artifact_removal_gc_rl.tsv.gz
59,10298,FUM001.A0102.SG1.4.10M.artifact_removal_gc_rl.tsv.gz
60,9610,FUM001.A0102.SG1.4.10M.artifact_removal_gc_rl.tsv.gz
61,9127,FUM001.A0102.SG1.4.10M.artifact_removal_gc_rl.tsv.gz
62,8895,FUM001.A0102.SG1.4.10M.artifact_removal_gc_rl.tsv.gz
63,8067,FUM001.A0102.SG1.4.10M.artifact_removal_gc_rl.tsv.gz
64,7610,FUM001.A0102.SG1.4.10M.artifact_removal_gc_rl.tsv.gz
65,7414,FUM001.A0102.SG1.4.10M.artifact_removal_gc_rl.tsv.gz
66,6928,FUM001.A0102.SG1.4.10M.artifact_removal_gc_rl.tsv.gz
67,6450,FUM001.A0102.SG1.4.10M.artifact_removal_gc_rl.tsv.gz
68,6375,FUM001.A0102.SG1.4.10M.artifact_removal_gc_rl.tsv.gz
69,6150,FUM001.A0102.SG1.4.10M.artifact_removal_gc_rl.tsv.gz
70,6076,FUM001.A0102.SG1.4.10M.artifact_removal_gc_rl.tsv.gz
71,6236,FUM001.A0102.SG1.4.10M.artifact_removal_gc_rl.tsv.gz
72,6499,FUM001.A0102.SG1.4.10M.artifact_removal_gc_rl.tsv.gz
73,7828,FUM001.A0102.SG1.4.10M.artifact_removal_gc_rl.tsv.gz
74,9479,FUM001.A0102.SG1.4.10M.artifact_removal_gc_rl.tsv.gz
75,13963,FUM001.A0102.SG1.4.10M.artifact_removal_gc_rl.tsv.gz
76,45423,FUM001.A0102.SG1.4.10M.artifact_removal_gc_rl.tsv.gz
77,3719,FUM001.A0102.SG1.4.10M.artifact_removal_gc_rl.tsv.gz
78,3443,FUM001.A0102.SG1.4.10M.artifact_removal_gc_rl.tsv.gz
79,3116,FUM001.A0102.SG1.4.10M.artifact_removal_gc_rl.tsv.gz
80,3136,FUM001.A0102.SG1.4.10M.artifact_removal_gc_rl.tsv.gz
81,2819,FUM001.A0102.SG1.4.10M.artifact_removal_gc_rl.tsv.gz
82,2708,FUM001.A0102.SG1.4.10M.artifact_removal_gc_rl.tsv.gz
83,2568,FUM001.A0102.SG1.4.10M.artifact_removal_gc_rl.tsv.gz
84,2420,FUM001.A0102.SG1.4.10M.artifact_removal_gc_rl.tsv.gz
85,2218,FUM001.A0102.SG1.4.10M.artifact_removal_gc_rl.tsv.gz
86,2227,FUM001.A0102.SG1.4.10M.artifact_removal_gc_rl.tsv.gz
87,2067,FUM001.A0102.SG1.4.10M.artifact_removal_gc_rl.tsv.gz
88,1976,FUM001.A0102.SG1.4.10M.artifact_removal_gc_rl.tsv.gz
89,1793,FUM001.A0102.SG1.4.10M.artifact_removal_gc_rl.tsv.gz
90,1808,FUM001.A0102.SG1.4.10M.artifact_removal_gc_rl.tsv.gz
91,1701,FUM001.A0102.SG1.4.10M.artifact_removal_gc_rl.tsv.gz
92,1576,FUM001.A0102.SG1.4.10M.artifact_removal_gc_rl.tsv.gz
93,1473,FUM001.A0102.SG1.4.10M.artifact_removal_gc_rl.tsv.gz
94,1490,FUM001.A0102.SG1.4.10M.artifact_removal_gc_rl.tsv.gz
95,1407,FUM001.A0102.SG1.4.10M.artifact_removal_gc_rl.tsv.gz
96,1319,FUM001.A0102.SG1.4.10M.artifact_removal_gc_rl.tsv.gz
97,1290,FUM001.A0102.SG1.4.10M.artifact_removal_gc_rl.tsv.gz
98,1204,FUM001.A0102.SG1.4.10M.artifact_removal_gc_rl.tsv.gz
99,1104,FUM001.A0102.SG1.4.10M.artifact_removal_gc_rl.tsv.gz
100,1112,FUM001.A0102.SG1.4.10M.artifact_removal_gc_rl.tsv.gz
101,1082,FUM001.A0102.SG1.4.10M.artifact_removal_gc_rl.tsv.gz
102,959,FUM001.A0102.SG1.4.10M.artifact_removal_gc_rl.tsv.gz
103,967,FUM001.A0102.SG1.4.10M.artifact_removal_gc_rl.tsv.gz
104,916,FUM001.A0102.SG1.4.10M.artifact_removal_gc_rl.tsv.gz
105,889,FUM001.A0102.SG1.4.10M.artifact_removal_gc_rl.tsv.gz
106,893,FUM001.A0102.SG1.4.10M.artifact_removal_gc_rl.tsv.gz
107,795,FUM001.A0102.SG1.4.10M.artifact_removal_gc_rl.tsv.gz
108,850,FUM001.A0102.SG1.4.10M.artifact_removal_gc_rl.tsv.gz
109,741,FUM001.A0102.SG1.4.10M.artifact_removal_gc_rl.tsv.gz
110,716,FUM001.A0102.SG1.4.10M.artifact_removal_gc_rl.tsv.gz
111,649,FUM001.A0102.SG1.4.10M.artifact_removal_gc_rl.tsv.gz
112,614,FUM001.A0102.SG1.4.10M.artifact_removal_gc_rl.tsv.gz
113,617,FUM001.A0102.SG1.4.10M.artifact_removal_gc_rl.tsv.gz
114,589,FUM001.A0102.SG1.4.10M.artifact_removal_gc_rl.tsv.gz
115,536,FUM001.A0102.SG1.4.10M.artifact_removal_gc_rl.tsv.gz
116,569,FUM001.A0102.SG1.4.10M.artifact_removal_gc_rl.tsv.gz
117,499,FUM001.A0102.SG1.4.10M.artifact_removal_gc_rl.tsv.gz
118,553,FUM001.A0102.SG1.4.10M.artifact_removal_gc_rl.tsv.gz
119,528,FUM001.A0102.SG1.4.10M.artifact_removal_gc_rl.tsv.gz
120,439,FUM001.A0102.SG1.4.10M.artifact_removal_gc_rl.tsv.gz
121,421,FUM001.A0102.SG1.4.10M.artifact_removal_gc_rl.tsv.gz
122,463,FUM001.A0102.SG1.4.10M.artifact_removal_gc_rl.tsv.gz
123,456,FUM001.A0102.SG1.4.10M.artifact_removal_gc_rl.tsv.gz
124,439,FUM001.A0102.SG1.4.10M.artifact_removal_gc_rl.tsv.gz
125,400,FUM001.A0102.SG1.4.10M.artifact_removal_gc_rl.tsv.gz
126,401,FUM001.A0102.SG1.4.10M.artifact_removal_gc_rl.tsv.gz
127,383,FUM001.A0102.SG1.4.10M.artifact_removal_gc_rl.tsv.gz
128,380,FUM001.A0102.SG1.4.10M.artifact_removal_gc_rl.tsv.gz
129,340,FUM001.A0102.SG1.4.10M.artifact_removal_gc_rl.tsv.gz
130,380,FUM001.A0102.SG1.4.10M.artifact_removal_gc_rl.tsv.gz
131,354,FUM001.A0102.SG1.4.10M.artifact_removal_gc_rl.tsv.gz
132,331,FUM001.A0102.SG1.4.10M.artifact_removal_gc_rl.tsv.gz
133,347,FUM001.A0102.SG1.4.10M.artifact_removal_gc_rl.tsv.gz
134,346,FUM001.A0102.SG1.4.10M.artifact_removal_gc_rl.tsv.gz
135,323,FUM001.A0102.SG1.4.10M.artifact_removal_gc_rl.tsv.gz
136,352,FUM001.A0102.SG1.4.10M.artifact_removal_gc_rl.tsv.gz
137,409,FUM001.A0102.SG1.4.10M.artifact_removal_gc_rl.tsv.gz
138,321,FUM001.A0102.SG1.4.10M.artifact_removal_gc_rl.tsv.gz
139,406,FUM001.A0102.SG1.4.10M.artifact_removal_gc_rl.tsv.gz
140,501,FUM001.A0102.SG1.4.10M.artifact_removal_gc_rl.tsv.gz
141,364,FUM001.A0102.SG1.4.10M.artifact_removal_gc_rl.tsv.gz
30,254352,FUM002.A0101.SG1.1.10M.artifact_removal_gc_rl.tsv.gz
31,272236,FUM002.A0101.SG1.1.10M.artifact_removal_gc_rl.tsv.gz
32,277604,FUM002.A0101.SG1.1.10M.artifact_removal_gc_rl.tsv.gz
33,296592,FUM002.A0101.SG1.1.10M.artifact_removal_gc_rl.tsv.gz
34,300136,FUM002.A0101.SG1.1.10M.artifact_removal_gc_rl.tsv.gz
35,289234,FUM002.A0101.SG1.1.10M.artifact_removal_gc_rl.tsv.gz
36,295063,FUM002.A0101.SG1.1.10M.artifact_removal_gc_rl.tsv.gz
37,289296,FUM002.A0101.SG1.1.10M.artifact_removal_gc_rl.tsv.gz
38,275722,FUM002.A0101.SG1.1.10M.artifact_removal_gc_rl.tsv.gz
39,276051,FUM002.A0101.SG1.1.10M.artifact_removal_gc_rl.tsv.gz
40,267695,FUM002.A0101.SG1.1.10M.artifact_removal_gc_rl.tsv.gz
41,252104,FUM002.A0101.SG1.1.10M.artifact_removal_gc_rl.tsv.gz
42,251991,FUM002.A0101.SG1.1.10M.artifact_removal_gc_rl.tsv.gz
43,243607,FUM002.A0101.SG1.1.10M.artifact_removal_gc_rl.tsv.gz
44,228049,FUM002.A0101.SG1.1.10M.artifact_removal_gc_rl.tsv.gz
45,224126,FUM002.A0101.SG1.1.10M.artifact_removal_gc_rl.tsv.gz
46,215061,FUM002.A0101.SG1.1.10M.artifact_removal_gc_rl.tsv.gz
47,198383,FUM002.A0101.SG1.1.10M.artifact_removal_gc_rl.tsv.gz
48,196053,FUM002.A0101.SG1.1.10M.artifact_removal_gc_rl.tsv.gz
49,187435,FUM002.A0101.SG1.1.10M.artifact_removal_gc_rl.tsv.gz
50,173131,FUM002.A0101.SG1.1.10M.artifact_removal_gc_rl.tsv.gz
51,170856,FUM002.A0101.SG1.1.10M.artifact_removal_gc_rl.tsv.gz
52,163077,FUM002.A0101.SG1.1.10M.artifact_removal_gc_rl.tsv.gz
53,150167,FUM002.A0101.SG1.1.10M.artifact_removal_gc_rl.tsv.gz
54,147497,FUM002.A0101.SG1.1.10M.artifact_removal_gc_rl.tsv.gz
55,140397,FUM002.A0101.SG1.1.10M.artifact_removal_gc_rl.tsv.gz
56,129122,FUM002.A0101.SG1.1.10M.artifact_removal_gc_rl.tsv.gz
57,126240,FUM002.A0101.SG1.1.10M.artifact_removal_gc_rl.tsv.gz
58,119721,FUM002.A0101.SG1.1.10M.artifact_removal_gc_rl.tsv.gz
59,109867,FUM002.A0101.SG1.1.10M.artifact_removal_gc_rl.tsv.gz
60,107827,FUM002.A0101.SG1.1.10M.artifact_removal_gc_rl.tsv.gz
61,102114,FUM002.A0101.SG1.1.10M.artifact_removal_gc_rl.tsv.gz
62,94525,FUM002.A0101.SG1.1.10M.artifact_removal_gc_rl.tsv.gz
63,91910,FUM002.A0101.SG1.1.10M.artifact_removal_gc_rl.tsv.gz
64,88019,FUM002.A0101.SG1.1.10M.artifact_removal_gc_rl.tsv.gz
65,80320,FUM002.A0101.SG1.1.10M.artifact_removal_gc_rl.tsv.gz
66,79204,FUM002.A0101.SG1.1.10M.artifact_removal_gc_rl.tsv.gz
67,75181,FUM002.A0101.SG1.1.10M.artifact_removal_gc_rl.tsv.gz
68,68574,FUM002.A0101.SG1.1.10M.artifact_removal_gc_rl.tsv.gz
69,67764,FUM002.A0101.SG1.1.10M.artifact_removal_gc_rl.tsv.gz
70,64697,FUM002.A0101.SG1.1.10M.artifact_removal_gc_rl.tsv.gz
71,59209,FUM002.A0101.SG1.1.10M.artifact_removal_gc_rl.tsv.gz
72,58591,FUM002.A0101.SG1.1.10M.artifact_removal_gc_rl.tsv.gz
73,56441,FUM002.A0101.SG1.1.10M.artifact_removal_gc_rl.tsv.gz
74,53933,FUM002.A0101.SG1.1.10M.artifact_removal_gc_rl.tsv.gz
75,65327,FUM002.A0101.SG1.1.10M.artifact_removal_gc_rl.tsv.gz
76,131579,FUM002.A0101.SG1.1.10M.artifact_removal_gc_rl.tsv.gz
77,42569,FUM002.A0101.SG1.1.10M.artifact_removal_gc_rl.tsv.gz
78,41676,FUM002.A0101.SG1.1.10M.artifact_removal_gc_rl.tsv.gz
79,39223,FUM002.A0101.SG1.1.10M.artifact_removal_gc_rl.tsv.gz
80,35983,FUM002.A0101.SG1.1.10M.artifact_removal_gc_rl.tsv.gz
81,35415,FUM002.A0101.SG1.1.10M.artifact_removal_gc_rl.tsv.gz
82,33482,FUM002.A0101.SG1.1.10M.artifact_removal_gc_rl.tsv.gz
83,30805,FUM002.A0101.SG1.1.10M.artifact_removal_gc_rl.tsv.gz
84,30459,FUM002.A0101.SG1.1.10M.artifact_removal_gc_rl.tsv.gz
85,28046,FUM002.A0101.SG1.1.10M.artifact_removal_gc_rl.tsv.gz
86,26608,FUM002.A0101.SG1.1.10M.artifact_removal_gc_rl.tsv.gz
87,26045,FUM002.A0101.SG1.1.10M.artifact_removal_gc_rl.tsv.gz
88,24628,FUM002.A0101.SG1.1.10M.artifact_removal_gc_rl.tsv.gz
89,22705,FUM002.A0101.SG1.1.10M.artifact_removal_gc_rl.tsv.gz
90,22003,FUM002.A0101.SG1.1.10M.artifact_removal_gc_rl.tsv.gz
91,20795,FUM002.A0101.SG1.1.10M.artifact_removal_gc_rl.tsv.gz
92,19118,FUM002.A0101.SG1.1.10M.artifact_removal_gc_rl.tsv.gz
93,18999,FUM002.A0101.SG1.1.10M.artifact_removal_gc_rl.tsv.gz
94,17770,FUM002.A0101.SG1.1.10M.artifact_removal_gc_rl.tsv.gz
95,16336,FUM002.A0101.SG1.1.10M.artifact_removal_gc_rl.tsv.gz
96,16305,FUM002.A0101.SG1.1.10M.artifact_removal_gc_rl.tsv.gz
97,15305,FUM002.A0101.SG1.1.10M.artifact_removal_gc_rl.tsv.gz
98,13992,FUM002.A0101.SG1.1.10M.artifact_removal_gc_rl.tsv.gz
99,13748,FUM002.A0101.SG1.1.10M.artifact_removal_gc_rl.tsv.gz
100,12806,FUM002.A0101.SG1.1.10M.artifact_removal_gc_rl.tsv.gz
101,12095,FUM002.A0101.SG1.1.10M.artifact_removal_gc_rl.tsv.gz
102,11674,FUM002.A0101.SG1.1.10M.artifact_removal_gc_rl.tsv.gz
103,11053,FUM002.A0101.SG1.1.10M.artifact_removal_gc_rl.tsv.gz
104,10344,FUM002.A0101.SG1.1.10M.artifact_removal_gc_rl.tsv.gz
105,10061,FUM002.A0101.SG1.1.10M.artifact_removal_gc_rl.tsv.gz
106,9640,FUM002.A0101.SG1.1.10M.artifact_removal_gc_rl.tsv.gz
107,8869,FUM002.A0101.SG1.1.10M.artifact_removal_gc_rl.tsv.gz
108,8742,FUM002.A0101.SG1.1.10M.artifact_removal_gc_rl.tsv.gz
109,8258,FUM002.A0101.SG1.1.10M.artifact_removal_gc_rl.tsv.gz
110,7512,FUM002.A0101.SG1.1.10M.artifact_removal_gc_rl.tsv.gz
111,7357,FUM002.A0101.SG1.1.10M.artifact_removal_gc_rl.tsv.gz
112,6912,FUM002.A0101.SG1.1.10M.artifact_removal_gc_rl.tsv.gz
113,6372,FUM002.A0101.SG1.1.10M.artifact_removal_gc_rl.tsv.gz
114,6301,FUM002.A0101.SG1.1.10M.artifact_removal_gc_rl.tsv.gz
115,6003,FUM002.A0101.SG1.1.10M.artifact_removal_gc_rl.tsv.gz
116,5520,FUM002.A0101.SG1.1.10M.artifact_removal_gc_rl.tsv.gz
117,5375,FUM002.A0101.SG1.1.10M.artifact_removal_gc_rl.tsv.gz
118,5055,FUM002.A0101.SG1.1.10M.artifact_removal_gc_rl.tsv.gz
119,4679,FUM002.A0101.SG1.1.10M.artifact_removal_gc_rl.tsv.gz
120,4707,FUM002.A0101.SG1.1.10M.artifact_removal_gc_rl.tsv.gz
121,4416,FUM002.A0101.SG1.1.10M.artifact_removal_gc_rl.tsv.gz
122,4003,FUM002.A0101.SG1.1.10M.artifact_removal_gc_rl.tsv.gz
123,3989,FUM002.A0101.SG1.1.10M.artifact_removal_gc_rl.tsv.gz
124,3778,FUM002.A0101.SG1.1.10M.artifact_removal_gc_rl.tsv.gz
125,3509,FUM002.A0101.SG1.1.10M.artifact_removal_gc_rl.tsv.gz
126,3442,FUM002.A0101.SG1.1.10M.artifact_removal_gc_rl.tsv.gz
127,3318,FUM002.A0101.SG1.1.10M.artifact_removal_gc_rl.tsv.gz
128,3026,FUM002.A0101.SG1.1.10M.artifact_removal_gc_rl.tsv.gz
129,2984,FUM002.A0101.SG1.1.10M.artifact_removal_gc_rl.tsv.gz
130,2851,FUM002.A0101.SG1.1.10M.artifact_removal_gc_rl.tsv.gz
131,2547,FUM002.A0101.SG1.1.10M.artifact_removal_gc_rl.tsv.gz
132,2454,FUM002.A0101.SG1.1.10M.artifact_removal_gc_rl.tsv.gz
133,2353,FUM002.A0101.SG1.1.10M.artifact_removal_gc_rl.tsv.gz
134,2181,FUM002.A0101.SG1.1.10M.artifact_removal_gc_rl.tsv.gz
135,2127,FUM002.A0101.SG1.1.10M.artifact_removal_gc_rl.tsv.gz
136,2029,FUM002.A0101.SG1.1.10M.artifact_removal_gc_rl.tsv.gz
137,2002,FUM002.A0101.SG1.1.10M.artifact_removal_gc_rl.tsv.gz
138,1939,FUM002.A0101.SG1.1.10M.artifact_removal_gc_rl.tsv.gz
139,1912,FUM002.A0101.SG1.1.10M.artifact_removal_gc_rl.tsv.gz
140,1828,FUM002.A0101.SG1.1.10M.artifact_removal_gc_rl.tsv.gz
141,1559,FUM002.A0101.SG1.1.10M.artifact_removal_gc_rl.tsv.gz
30,280951,FUM002.A0102.SG1.5.10M.artifact_removal_gc_rl.tsv.gz
31,282912,FUM002.A0102.SG1.5.10M.artifact_removal_gc_rl.tsv.gz
32,282578,FUM002.A0102.SG1.5.10M.artifact_removal_gc_rl.tsv.gz
33,264243,FUM002.A0102.SG1.5.10M.artifact_removal_gc_rl.tsv.gz
34,263373,FUM002.A0102.SG1.5.10M.artifact_removal_gc_rl.tsv.gz
35,259037,FUM002.A0102.SG1.5.10M.artifact_removal_gc_rl.tsv.gz
36,238117,FUM002.A0102.SG1.5.10M.artifact_removal_gc_rl.tsv.gz
37,230420,FUM002.A0102.SG1.5.10M.artifact_removal_gc_rl.tsv.gz
38,221705,FUM002.A0102.SG1.5.10M.artifact_removal_gc_rl.tsv.gz
39,200104,FUM002.A0102.SG1.5.10M.artifact_removal_gc_rl.tsv.gz
40,194524,FUM002.A0102.SG1.5.10M.artifact_removal_gc_rl.tsv.gz
41,187053,FUM002.A0102.SG1.5.10M.artifact_removal_gc_rl.tsv.gz
42,168669,FUM002.A0102.SG1.5.10M.artifact_removal_gc_rl.tsv.gz
43,163129,FUM002.A0102.SG1.5.10M.artifact_removal_gc_rl.tsv.gz
44,157488,FUM002.A0102.SG1.5.10M.artifact_removal_gc_rl.tsv.gz
45,142134,FUM002.A0102.SG1.5.10M.artifact_removal_gc_rl.tsv.gz
46,137092,FUM002.A0102.SG1.5.10M.artifact_removal_gc_rl.tsv.gz
47,130746,FUM002.A0102.SG1.5.10M.artifact_removal_gc_rl.tsv.gz
48,116935,FUM002.A0102.SG1.5.10M.artifact_removal_gc_rl.tsv.gz
49,111603,FUM002.A0102.SG1.5.10M.artifact_removal_gc_rl.tsv.gz
50,105730,FUM002.A0102.SG1.5.10M.artifact_removal_gc_rl.tsv.gz
51,94865,FUM002.A0102.SG1.5.10M.artifact_removal_gc_rl.tsv.gz
52,90972,FUM002.A0102.SG1.5.10M.artifact_removal_gc_rl.tsv.gz
53,86538,FUM002.A0102.SG1.5.10M.artifact_removal_gc_rl.tsv.gz
54,77929,FUM002.A0102.SG1.5.10M.artifact_removal_gc_rl.tsv.gz
55,74991,FUM002.A0102.SG1.5.10M.artifact_removal_gc_rl.tsv.gz
56,71594,FUM002.A0102.SG1.5.10M.artifact_removal_gc_rl.tsv.gz
57,63819,FUM002.A0102.SG1.5.10M.artifact_removal_gc_rl.tsv.gz
58,60737,FUM002.A0102.SG1.5.10M.artifact_removal_gc_rl.tsv.gz
59,57629,FUM002.A0102.SG1.5.10M.artifact_removal_gc_rl.tsv.gz
60,51816,FUM002.A0102.SG1.5.10M.artifact_removal_gc_rl.tsv.gz
61,49314,FUM002.A0102.SG1.5.10M.artifact_removal_gc_rl.tsv.gz
62,46668,FUM002.A0102.SG1.5.10M.artifact_removal_gc_rl.tsv.gz
63,42064,FUM002.A0102.SG1.5.10M.artifact_removal_gc_rl.tsv.gz
64,40176,FUM002.A0102.SG1.5.10M.artifact_removal_gc_rl.tsv.gz
65,38507,FUM002.A0102.SG1.5.10M.artifact_removal_gc_rl.tsv.gz
66,34495,FUM002.A0102.SG1.5.10M.artifact_removal_gc_rl.tsv.gz
67,33251,FUM002.A0102.SG1.5.10M.artifact_removal_gc_rl.tsv.gz
68,31295,FUM002.A0102.SG1.5.10M.artifact_removal_gc_rl.tsv.gz
69,28711,FUM002.A0102.SG1.5.10M.artifact_removal_gc_rl.tsv.gz
70,27561,FUM002.A0102.SG1.5.10M.artifact_removal_gc_rl.tsv.gz
71,26164,FUM002.A0102.SG1.5.10M.artifact_removal_gc_rl.tsv.gz
72,24386,FUM002.A0102.SG1.5.10M.artifact_removal_gc_rl.tsv.gz
73,24763,FUM002.A0102.SG1.5.10M.artifact_removal_gc_rl.tsv.gz
74,25823,FUM002.A0102.SG1.5.10M.artifact_removal_gc_rl.tsv.gz
75,29395,FUM002.A0102.SG1.5.10M.artifact_removal_gc_rl.tsv.gz
76,54559,FUM002.A0102.SG1.5.10M.artifact_removal_gc_rl.tsv.gz
77,16935,FUM002.A0102.SG1.5.10M.artifact_removal_gc_rl.tsv.gz
78,15246,FUM002.A0102.SG1.5.10M.artifact_removal_gc_rl.tsv.gz
79,14684,FUM002.A0102.SG1.5.10M.artifact_removal_gc_rl.tsv.gz
80,13761,FUM002.A0102.SG1.5.10M.artifact_removal_gc_rl.tsv.gz
81,12688,FUM002.A0102.SG1.5.10M.artifact_removal_gc_rl.tsv.gz
82,11987,FUM002.A0102.SG1.5.10M.artifact_removal_gc_rl.tsv.gz
83,11374,FUM002.A0102.SG1.5.10M.artifact_removal_gc_rl.tsv.gz
84,10320,FUM002.A0102.SG1.5.10M.artifact_removal_gc_rl.tsv.gz
85,9971,FUM002.A0102.SG1.5.10M.artifact_removal_gc_rl.tsv.gz
86,9320,FUM002.A0102.SG1.5.10M.artifact_removal_gc_rl.tsv.gz
87,8493,FUM002.A0102.SG1.5.10M.artifact_removal_gc_rl.tsv.gz
88,8023,FUM002.A0102.SG1.5.10M.artifact_removal_gc_rl.tsv.gz
89,7690,FUM002.A0102.SG1.5.10M.artifact_removal_gc_rl.tsv.gz
90,6946,FUM002.A0102.SG1.5.10M.artifact_removal_gc_rl.tsv.gz
91,6718,FUM002.A0102.SG1.5.10M.artifact_removal_gc_rl.tsv.gz
92,6405,FUM002.A0102.SG1.5.10M.artifact_removal_gc_rl.tsv.gz
93,5703,FUM002.A0102.SG1.5.10M.artifact_removal_gc_rl.tsv.gz
94,5535,FUM002.A0102.SG1.5.10M.artifact_removal_gc_rl.tsv.gz
95,5244,FUM002.A0102.SG1.5.10M.artifact_removal_gc_rl.tsv.gz
96,4637,FUM002.A0102.SG1.5.10M.artifact_removal_gc_rl.tsv.gz
97,4593,FUM002.A0102.SG1.5.10M.artifact_removal_gc_rl.tsv.gz
98,4301,FUM002.A0102.SG1.5.10M.artifact_removal_gc_rl.tsv.gz
99,3859,FUM002.A0102.SG1.5.10M.artifact_removal_gc_rl.tsv.gz
100,3688,FUM002.A0102.SG1.5.10M.artifact_removal_gc_rl.tsv.gz
101,3516,FUM002.A0102.SG1.5.10M.artifact_removal_gc_rl.tsv.gz
102,3087,FUM002.A0102.SG1.5.10M.artifact_removal_gc_rl.tsv.gz
103,3150,FUM002.A0102.SG1.5.10M.artifact_removal_gc_rl.tsv.gz
104,2961,FUM002.A0102.SG1.5.10M.artifact_removal_gc_rl.tsv.gz
105,2593,FUM002.A0102.SG1.5.10M.artifact_removal_gc_rl.tsv.gz
106,2582,FUM002.A0102.SG1.5.10M.artifact_removal_gc_rl.tsv.gz
107,2499,FUM002.A0102.SG1.5.10M.artifact_removal_gc_rl.tsv.gz
108,2180,FUM002.A0102.SG1.5.10M.artifact_removal_gc_rl.tsv.gz
109,2138,FUM002.A0102.SG1.5.10M.artifact_removal_gc_rl.tsv.gz
110,2100,FUM002.A0102.SG1.5.10M.artifact_removal_gc_rl.tsv.gz
111,1865,FUM002.A0102.SG1.5.10M.artifact_removal_gc_rl.tsv.gz
112,1771,FUM002.A0102.SG1.5.10M.artifact_removal_gc_rl.tsv.gz
113,1746,FUM002.A0102.SG1.5.10M.artifact_removal_gc_rl.tsv.gz
114,1516,FUM002.A0102.SG1.5.10M.artifact_removal_gc_rl.tsv.gz
115,1499,FUM002.A0102.SG1.5.10M.artifact_removal_gc_rl.tsv.gz
116,1411,FUM002.A0102.SG1.5.10M.artifact_removal_gc_rl.tsv.gz
117,1311,FUM002.A0102.SG1.5.10M.artifact_removal_gc_rl.tsv.gz
118,1280,FUM002.A0102.SG1.5.10M.artifact_removal_gc_rl.tsv.gz
119,1095,FUM002.A0102.SG1.5.10M.artifact_removal_gc_rl.tsv.gz
120,1039,FUM002.A0102.SG1.5.10M.artifact_removal_gc_rl.tsv.gz
121,1050,FUM002.A0102.SG1.5.10M.artifact_removal_gc_rl.tsv.gz
122,943,FUM002.A0102.SG1.5.10M.artifact_removal_gc_rl.tsv.gz
123,909,FUM002.A0102.SG1.5.10M.artifact_removal_gc_rl.tsv.gz
124,854,FUM002.A0102.SG1.5.10M.artifact_removal_gc_rl.tsv.gz
125,846,FUM002.A0102.SG1.5.10M.artifact_removal_gc_rl.tsv.gz
126,732,FUM002.A0102.SG1.5.10M.artifact_removal_gc_rl.tsv.gz
127,705,FUM002.A0102.SG1.5.10M.artifact_removal_gc_rl.tsv.gz
128,694,FUM002.A0102.SG1.5.10M.artifact_removal_gc_rl.tsv.gz
129,613,FUM002.A0102.SG1.5.10M.artifact_removal_gc_rl.tsv.gz
130,598,FUM002.A0102.SG1.5.10M.artifact_removal_gc_rl.tsv.gz
131,598,FUM002.A0102.SG1.5.10M.artifact_removal_gc_rl.tsv.gz
132,526,FUM002.A0102.SG1.5.10M.artifact_removal_gc_rl.tsv.gz
133,532,FUM002.A0102.SG1.5.10M.artifact_removal_gc_rl.tsv.gz
134,500,FUM002.A0102.SG1.5.10M.artifact_removal_gc_rl.tsv.gz
135,447,FUM002.A0102.SG1.5.10M.artifact_removal_gc_rl.tsv.gz
136,462,FUM002.A0102.SG1.5.10M.artifact_removal_gc_rl.tsv.gz
137,438,FUM002.A0102.SG1.5.10M.artifact_removal_gc_rl.tsv.gz
138,400,FUM002.A0102.SG1.5.10M.artifact_removal_gc_rl.tsv.gz
139,431,FUM002.A0102.SG1.5.10M.artifact_removal_gc_rl.tsv.gz
140,428,FUM002.A0102.SG1.5.10M.artifact_removal_gc_rl.tsv.gz
141,366,FUM002.A0102.SG1.5.10M.artifact_removal_gc_rl.tsv.gz
30,131958,FUM003.A0101.SG1.1.10M.artifact_removal_gc_rl.tsv.gz
31,140919,FUM003.A0101.SG1.1.10M.artifact_removal_gc_rl.tsv.gz
32,146277,FUM003.A0101.SG1.1.10M.artifact_removal_gc_rl.tsv.gz
33,153158,FUM003.A0101.SG1.1.10M.artifact_removal_gc_rl.tsv.gz
34,154822,FUM003.A0101.SG1.1.10M.artifact_removal_gc_rl.tsv.gz
35,152307,FUM003.A0101.SG1.1.10M.artifact_removal_gc_rl.tsv.gz
36,152955,FUM003.A0101.SG1.1.10M.artifact_removal_gc_rl.tsv.gz
37,152108,FUM003.A0101.SG1.1.10M.artifact_removal_gc_rl.tsv.gz
38,147047,FUM003.A0101.SG1.1.10M.artifact_removal_gc_rl.tsv.gz
39,147355,FUM003.A0101.SG1.1.10M.artifact_removal_gc_rl.tsv.gz
40,145219,FUM003.A0101.SG1.1.10M.artifact_removal_gc_rl.tsv.gz
41,141444,FUM003.A0101.SG1.1.10M.artifact_removal_gc_rl.tsv.gz
42,140831,FUM003.A0101.SG1.1.10M.artifact_removal_gc_rl.tsv.gz
43,138450,FUM003.A0101.SG1.1.10M.artifact_removal_gc_rl.tsv.gz
44,134009,FUM003.A0101.SG1.1.10M.artifact_removal_gc_rl.tsv.gz
45,133733,FUM003.A0101.SG1.1.10M.artifact_removal_gc_rl.tsv.gz
46,130983,FUM003.A0101.SG1.1.10M.artifact_removal_gc_rl.tsv.gz
47,127133,FUM003.A0101.SG1.1.10M.artifact_removal_gc_rl.tsv.gz
48,125442,FUM003.A0101.SG1.1.10M.artifact_removal_gc_rl.tsv.gz
49,123416,FUM003.A0101.SG1.1.10M.artifact_removal_gc_rl.tsv.gz
50,119255,FUM003.A0101.SG1.1.10M.artifact_removal_gc_rl.tsv.gz
51,117754,FUM003.A0101.SG1.1.10M.artifact_removal_gc_rl.tsv.gz
52,115641,FUM003.A0101.SG1.1.10M.artifact_removal_gc_rl.tsv.gz
53,112790,FUM003.A0101.SG1.1.10M.artifact_removal_gc_rl.tsv.gz
54,111951,FUM003.A0101.SG1.1.10M.artifact_removal_gc_rl.tsv.gz
55,109292,FUM003.A0101.SG1.1.10M.artifact_removal_gc_rl.tsv.gz
56,106249,FUM003.A0101.SG1.1.10M.artifact_removal_gc_rl.tsv.gz
57,105728,FUM003.A0101.SG1.1.10M.artifact_removal_gc_rl.tsv.gz
58,102821,FUM003.A0101.SG1.1.10M.artifact_removal_gc_rl.tsv.gz
59,99618,FUM003.A0101.SG1.1.10M.artifact_removal_gc_rl.tsv.gz
60,98676,FUM003.A0101.SG1.1.10M.artifact_removal_gc_rl.tsv.gz
61,96853,FUM003.A0101.SG1.1.10M.artifact_removal_gc_rl.tsv.gz
62,94384,FUM003.A0101.SG1.1.10M.artifact_removal_gc_rl.tsv.gz
63,93105,FUM003.A0101.SG1.1.10M.artifact_removal_gc_rl.tsv.gz
64,91151,FUM003.A0101.SG1.1.10M.artifact_removal_gc_rl.tsv.gz
65,88839,FUM003.A0101.SG1.1.10M.artifact_removal_gc_rl.tsv.gz
66,87657,FUM003.A0101.SG1.1.10M.artifact_removal_gc_rl.tsv.gz
67,85833,FUM003.A0101.SG1.1.10M.artifact_removal_gc_rl.tsv.gz
68,83754,FUM003.A0101.SG1.1.10M.artifact_removal_gc_rl.tsv.gz
69,82629,FUM003.A0101.SG1.1.10M.artifact_removal_gc_rl.tsv.gz
70,81454,FUM003.A0101.SG1.1.10M.artifact_removal_gc_rl.tsv.gz
71,80030,FUM003.A0101.SG1.1.10M.artifact_removal_gc_rl.tsv.gz
72,79730,FUM003.A0101.SG1.1.10M.artifact_removal_gc_rl.tsv.gz
73,84857,FUM003.A0101.SG1.1.10M.artifact_removal_gc_rl.tsv.gz
74,110364,FUM003.A0101.SG1.1.10M.artifact_removal_gc_rl.tsv.gz
75,285863,FUM003.A0101.SG1.1.10M.artifact_removal_gc_rl.tsv.gz
76,1219693,FUM003.A0101.SG1.1.10M.artifact_removal_gc_rl.tsv.gz
77,68003,FUM003.A0101.SG1.1.10M.artifact_removal_gc_rl.tsv.gz
78,66869,FUM003.A0101.SG1.1.10M.artifact_removal_gc_rl.tsv.gz
79,65507,FUM003.A0101.SG1.1.10M.artifact_removal_gc_rl.tsv.gz
80,63053,FUM003.A0101.SG1.1.10M.artifact_removal_gc_rl.tsv.gz
81,62050,FUM003.A0101.SG1.1.10M.artifact_removal_gc_rl.tsv.gz
82,60954,FUM003.A0101.SG1.1.10M.artifact_removal_gc_rl.tsv.gz
83,58959,FUM003.A0101.SG1.1.10M.artifact_removal_gc_rl.tsv.gz
84,58340,FUM003.A0101.SG1.1.10M.artifact_removal_gc_rl.tsv.gz
85,57777,FUM003.A0101.SG1.1.10M.artifact_removal_gc_rl.tsv.gz
86,55636,FUM003.A0101.SG1.1.10M.artifact_removal_gc_rl.tsv.gz
87,54752,FUM003.A0101.SG1.1.10M.artifact_removal_gc_rl.tsv.gz
88,53715,FUM003.A0101.SG1.1.10M.artifact_removal_gc_rl.tsv.gz
89,52978,FUM003.A0101.SG1.1.10M.artifact_removal_gc_rl.tsv.gz
90,51459,FUM003.A0101.SG1.1.10M.artifact_removal_gc_rl.tsv.gz
91,50126,FUM003.A0101.SG1.1.10M.artifact_removal_gc_rl.tsv.gz
92,48706,FUM003.A0101.SG1.1.10M.artifact_removal_gc_rl.tsv.gz
93,47362,FUM003.A0101.SG1.1.10M.artifact_removal_gc_rl.tsv.gz
94,47212,FUM003.A0101.SG1.1.10M.artifact_removal_gc_rl.tsv.gz
95,45731,FUM003.A0101.SG1.1.10M.artifact_removal_gc_rl.tsv.gz
96,45100,FUM003.A0101.SG1.1.10M.artifact_removal_gc_rl.tsv.gz
97,43587,FUM003.A0101.SG1.1.10M.artifact_removal_gc_rl.tsv.gz
98,42776,FUM003.A0101.SG1.1.10M.artifact_removal_gc_rl.tsv.gz
99,42024,FUM003.A0101.SG1.1.10M.artifact_removal_gc_rl.tsv.gz
100,40715,FUM003.A0101.SG1.1.10M.artifact_removal_gc_rl.tsv.gz
101,39739,FUM003.A0101.SG1.1.10M.artifact_removal_gc_rl.tsv.gz
102,39476,FUM003.A0101.SG1.1.10M.artifact_removal_gc_rl.tsv.gz
103,38622,FUM003.A0101.SG1.1.10M.artifact_removal_gc_rl.tsv.gz
104,36904,FUM003.A0101.SG1.1.10M.artifact_removal_gc_rl.tsv.gz
105,36513,FUM003.A0101.SG1.1.10M.artifact_removal_gc_rl.tsv.gz
106,36037,FUM003.A0101.SG1.1.10M.artifact_removal_gc_rl.tsv.gz
107,35261,FUM003.A0101.SG1.1.10M.artifact_removal_gc_rl.tsv.gz
108,33941,FUM003.A0101.SG1.1.10M.artifact_removal_gc_rl.tsv.gz
109,33771,FUM003.A0101.SG1.1.10M.artifact_removal_gc_rl.tsv.gz
110,32598,FUM003.A0101.SG1.1.10M.artifact_removal_gc_rl.tsv.gz
111,32135,FUM003.A0101.SG1.1.10M.artifact_removal_gc_rl.tsv.gz
112,31625,FUM003.A0101.SG1.1.10M.artifact_removal_gc_rl.tsv.gz
113,30437,FUM003.A0101.SG1.1.10M.artifact_removal_gc_rl.tsv.gz
114,29697,FUM003.A0101.SG1.1.10M.artifact_removal_gc_rl.tsv.gz
115,29324,FUM003.A0101.SG1.1.10M.artifact_removal_gc_rl.tsv.gz
116,28426,FUM003.A0101.SG1.1.10M.artifact_removal_gc_rl.tsv.gz
117,27555,FUM003.A0101.SG1.1.10M.artifact_removal_gc_rl.tsv.gz
118,27582,FUM003.A0101.SG1.1.10M.artifact_removal_gc_rl.tsv.gz
119,26515,FUM003.A0101.SG1.1.10M.artifact_removal_gc_rl.tsv.gz
120,26088,FUM003.A0101.SG1.1.10M.artifact_removal_gc_rl.tsv.gz
121,25208,FUM003.A0101.SG1.1.10M.artifact_removal_gc_rl.tsv.gz
122,24954,FUM003.A0101.SG1.1.10M.artifact_removal_gc_rl.tsv.gz
123,24073,FUM003.A0101.SG1.1.10M.artifact_removal_gc_rl.tsv.gz
124,23896,FUM003.A0101.SG1.1.10M.artifact_removal_gc_rl.tsv.gz
125,23378,FUM003.A0101.SG1.1.10M.artifact_removal_gc_rl.tsv.gz
126,22858,FUM003.A0101.SG1.1.10M.artifact_removal_gc_rl.tsv.gz
127,22371,FUM003.A0101.SG1.1.10M.artifact_removal_gc_rl.tsv.gz
128,21915,FUM003.A0101.SG1.1.10M.artifact_removal_gc_rl.tsv.gz
129,21331,FUM003.A0101.SG1.1.10M.artifact_removal_gc_rl.tsv.gz
130,21099,FUM003.A0101.SG1.1.10M.artifact_removal_gc_rl.tsv.gz
131,20554,FUM003.A0101.SG1.1.10M.artifact_removal_gc_rl.tsv.gz
132,20136,FUM003.A0101.SG1.1.10M.artifact_removal_gc_rl.tsv.gz
133,19812,FUM003.A0101.SG1.1.10M.artifact_removal_gc_rl.tsv.gz
134,19463,FUM003.A0101.SG1.1.10M.artifact_removal_gc_rl.tsv.gz
135,18689,FUM003.A0101.SG1.1.10M.artifact_removal_gc_rl.tsv.gz
136,18849,FUM003.A0101.SG1.1.10M.artifact_removal_gc_rl.tsv.gz
137,19498,FUM003.A0101.SG1.1.10M.artifact_removal_gc_rl.tsv.gz
138,18340,FUM003.A0101.SG1.1.10M.artifact_removal_gc_rl.tsv.gz
139,19010,FUM003.A0101.SG1.1.10M.artifact_removal_gc_rl.tsv.gz
140,20348,FUM003.A0101.SG1.1.10M.artifact_removal_gc_rl.tsv.gz
141,16915,FUM003.A0101.SG1.1.10M.artifact_removal_gc_rl.tsv.gz
30,178010,FUM003.A0102.SG1.4.10M.artifact_removal_gc_rl.tsv.gz
31,174615,FUM003.A0102.SG1.4.10M.artifact_removal_gc_rl.tsv.gz
32,170022,FUM003.A0102.SG1.4.10M.artifact_removal_gc_rl.tsv.gz
33,161652,FUM003.A0102.SG1.4.10M.artifact_removal_gc_rl.tsv.gz
34,157329,FUM003.A0102.SG1.4.10M.artifact_removal_gc_rl.tsv.gz
35,153574,FUM003.A0102.SG1.4.10M.artifact_removal_gc_rl.tsv.gz
36,143207,FUM003.A0102.SG1.4.10M.artifact_removal_gc_rl.tsv.gz
37,136186,FUM003.A0102.SG1.4.10M.artifact_removal_gc_rl.tsv.gz
38,129672,FUM003.A0102.SG1.4.10M.artifact_removal_gc_rl.tsv.gz
39,119370,FUM003.A0102.SG1.4.10M.artifact_removal_gc_rl.tsv.gz
40,113274,FUM003.A0102.SG1.4.10M.artifact_removal_gc_rl.tsv.gz
41,107664,FUM003.A0102.SG1.4.10M.artifact_removal_gc_rl.tsv.gz
42,100320,FUM003.A0102.SG1.4.10M.artifact_removal_gc_rl.tsv.gz
43,95924,FUM003.A0102.SG1.4.10M.artifact_removal_gc_rl.tsv.gz
44,91963,FUM003.A0102.SG1.4.10M.artifact_removal_gc_rl.tsv.gz
45,85512,FUM003.A0102.SG1.4.10M.artifact_removal_gc_rl.tsv.gz
46,82027,FUM003.A0102.SG1.4.10M.artifact_removal_gc_rl.tsv.gz
47,77644,FUM003.A0102.SG1.4.10M.artifact_removal_gc_rl.tsv.gz
48,71266,FUM003.A0102.SG1.4.10M.artifact_removal_gc_rl.tsv.gz
49,67499,FUM003.A0102.SG1.4.10M.artifact_removal_gc_rl.tsv.gz
50,63639,FUM003.A0102.SG1.4.10M.artifact_removal_gc_rl.tsv.gz
51,58986,FUM003.A0102.SG1.4.10M.artifact_removal_gc_rl.tsv.gz
52,55776,FUM003.A0102.SG1.4.10M.artifact_removal_gc_rl.tsv.gz
53,53505,FUM003.A0102.SG1.4.10M.artifact_removal_gc_rl.tsv.gz
54,49846,FUM003.A0102.SG1.4.10M.artifact_removal_gc_rl.tsv.gz
55,47412,FUM003.A0102.SG1.4.10M.artifact_removal_gc_rl.tsv.gz
56,45771,FUM003.A0102.SG1.4.10M.artifact_removal_gc_rl.tsv.gz
57,42601,FUM003.A0102.SG1.4.10M.artifact_removal_gc_rl.tsv.gz
58,40522,FUM003.A0102.SG1.4.10M.artifact_removal_gc_rl.tsv.gz
59,38586,FUM003.A0102.SG1.4.10M.artifact_removal_gc_rl.tsv.gz
60,36506,FUM003.A0102.SG1.4.10M.artifact_removal_gc_rl.tsv.gz
61,33901,FUM003.A0102.SG1.4.10M.artifact_removal_gc_rl.tsv.gz
62,32274,FUM003.A0102.SG1.4.10M.artifact_removal_gc_rl.tsv.gz
63,30349,FUM003.A0102.SG1.4.10M.artifact_removal_gc_rl.tsv.gz
64,29619,FUM003.A0102.SG1.4.10M.artifact_removal_gc_rl.tsv.gz
65,28073,FUM003.A0102.SG1.4.10M.artifact_removal_gc_rl.tsv.gz
66,26663,FUM003.A0102.SG1.4.10M.artifact_removal_gc_rl.tsv.gz
67,25627,FUM003.A0102.SG1.4.10M.artifact_removal_gc_rl.tsv.gz
68,24684,FUM003.A0102.SG1.4.10M.artifact_removal_gc_rl.tsv.gz
69,23020,FUM003.A0102.SG1.4.10M.artifact_removal_gc_rl.tsv.gz
70,22627,FUM003.A0102.SG1.4.10M.artifact_removal_gc_rl.tsv.gz
71,21911,FUM003.A0102.SG1.4.10M.artifact_removal_gc_rl.tsv.gz
72,21236,FUM003.A0102.SG1.4.10M.artifact_removal_gc_rl.tsv.gz
73,21833,FUM003.A0102.SG1.4.10M.artifact_removal_gc_rl.tsv.gz
74,23916,FUM003.A0102.SG1.4.10M.artifact_removal_gc_rl.tsv.gz
75,35318,FUM003.A0102.SG1.4.10M.artifact_removal_gc_rl.tsv.gz
76,139071,FUM003.A0102.SG1.4.10M.artifact_removal_gc_rl.tsv.gz
77,16160,FUM003.A0102.SG1.4.10M.artifact_removal_gc_rl.tsv.gz
78,15027,FUM003.A0102.SG1.4.10M.artifact_removal_gc_rl.tsv.gz
79,14523,FUM003.A0102.SG1.4.10M.artifact_removal_gc_rl.tsv.gz
80,13798,FUM003.A0102.SG1.4.10M.artifact_removal_gc_rl.tsv.gz
81,13194,FUM003.A0102.SG1.4.10M.artifact_removal_gc_rl.tsv.gz
82,12729,FUM003.A0102.SG1.4.10M.artifact_removal_gc_rl.tsv.gz
83,12386,FUM003.A0102.SG1.4.10M.artifact_removal_gc_rl.tsv.gz
84,11678,FUM003.A0102.SG1.4.10M.artifact_removal_gc_rl.tsv.gz
85,11534,FUM003.A0102.SG1.4.10M.artifact_removal_gc_rl.tsv.gz
86,11007,FUM003.A0102.SG1.4.10M.artifact_removal_gc_rl.tsv.gz
87,10305,FUM003.A0102.SG1.4.10M.artifact_removal_gc_rl.tsv.gz
88,10136,FUM003.A0102.SG1.4.10M.artifact_removal_gc_rl.tsv.gz
89,9864,FUM003.A0102.SG1.4.10M.artifact_removal_gc_rl.tsv.gz
90,9505,FUM003.A0102.SG1.4.10M.artifact_removal_gc_rl.tsv.gz
91,8987,FUM003.A0102.SG1.4.10M.artifact_removal_gc_rl.tsv.gz
92,8651,FUM003.A0102.SG1.4.10M.artifact_removal_gc_rl.tsv.gz
93,8314,FUM003.A0102.SG1.4.10M.artifact_removal_gc_rl.tsv.gz
94,7973,FUM003.A0102.SG1.4.10M.artifact_removal_gc_rl.tsv.gz
95,7817,FUM003.A0102.SG1.4.10M.artifact_removal_gc_rl.tsv.gz
96,7482,FUM003.A0102.SG1.4.10M.artifact_removal_gc_rl.tsv.gz
97,7167,FUM003.A0102.SG1.4.10M.artifact_removal_gc_rl.tsv.gz
98,6998,FUM003.A0102.SG1.4.10M.artifact_removal_gc_rl.tsv.gz
99,6730,FUM003.A0102.SG1.4.10M.artifact_removal_gc_rl.tsv.gz
100,6530,FUM003.A0102.SG1.4.10M.artifact_removal_gc_rl.tsv.gz
101,6361,FUM003.A0102.SG1.4.10M.artifact_removal_gc_rl.tsv.gz
102,5778,FUM003.A0102.SG1.4.10M.artifact_removal_gc_rl.tsv.gz
103,5729,FUM003.A0102.SG1.4.10M.artifact_removal_gc_rl.tsv.gz
104,5567,FUM003.A0102.SG1.4.10M.artifact_removal_gc_rl.tsv.gz
105,5297,FUM003.A0102.SG1.4.10M.artifact_removal_gc_rl.tsv.gz
106,5161,FUM003.A0102.SG1.4.10M.artifact_removal_gc_rl.tsv.gz
107,5041,FUM003.A0102.SG1.4.10M.artifact_removal_gc_rl.tsv.gz
108,4909,FUM003.A0102.SG1.4.10M.artifact_removal_gc_rl.tsv.gz
109,4770,FUM003.A0102.SG1.4.10M.artifact_removal_gc_rl.tsv.gz
110,4634,FUM003.A0102.SG1.4.10M.artifact_removal_gc_rl.tsv.gz
111,4235,FUM003.A0102.SG1.4.10M.artifact_removal_gc_rl.tsv.gz
112,4251,FUM003.A0102.SG1.4.10M.artifact_removal_gc_rl.tsv.gz
113,3954,FUM003.A0102.SG1.4.10M.artifact_removal_gc_rl.tsv.gz
114,3950,FUM003.A0102.SG1.4.10M.artifact_removal_gc_rl.tsv.gz
115,3855,FUM003.A0102.SG1.4.10M.artifact_removal_gc_rl.tsv.gz
116,3637,FUM003.A0102.SG1.4.10M.artifact_removal_gc_rl.tsv.gz
117,3545,FUM003.A0102.SG1.4.10M.artifact_removal_gc_rl.tsv.gz
118,3356,FUM003.A0102.SG1.4.10M.artifact_removal_gc_rl.tsv.gz
119,3345,FUM003.A0102.SG1.4.10M.artifact_removal_gc_rl.tsv.gz
120,3208,FUM003.A0102.SG1.4.10M.artifact_removal_gc_rl.tsv.gz
121,3157,FUM003.A0102.SG1.4.10M.artifact_removal_gc_rl.tsv.gz
122,3076,FUM003.A0102.SG1.4.10M.artifact_removal_gc_rl.tsv.gz
123,2875,FUM003.A0102.SG1.4.10M.artifact_removal_gc_rl.tsv.gz
124,2850,FUM003.A0102.SG1.4.10M.artifact_removal_gc_rl.tsv.gz
125,2741,FUM003.A0102.SG1.4.10M.artifact_removal_gc_rl.tsv.gz
126,2601,FUM003.A0102.SG1.4.10M.artifact_removal_gc_rl.tsv.gz
127,2550,FUM003.A0102.SG1.4.10M.artifact_removal_gc_rl.tsv.gz
128,2540,FUM003.A0102.SG1.4.10M.artifact_removal_gc_rl.tsv.gz
129,2392,FUM003.A0102.SG1.4.10M.artifact_removal_gc_rl.tsv.gz
130,2283,FUM003.A0102.SG1.4.10M.artifact_removal_gc_rl.tsv.gz
131,2313,FUM003.A0102.SG1.4.10M.artifact_removal_gc_rl.tsv.gz
132,2170,FUM003.A0102.SG1.4.10M.artifact_removal_gc_rl.tsv.gz
133,2106,FUM003.A0102.SG1.4.10M.artifact_removal_gc_rl.tsv.gz
134,2130,FUM003.A0102.SG1.4.10M.artifact_removal_gc_rl.tsv.gz
135,1972,FUM003.A0102.SG1.4.10M.artifact_removal_gc_rl.tsv.gz
136,1927,FUM003.A0102.SG1.4.10M.artifact_removal_gc_rl.tsv.gz
137,2069,FUM003.A0102.SG1.4.10M.artifact_removal_gc_rl.tsv.gz
138,1874,FUM003.A0102.SG1.4.10M.artifact_removal_gc_rl.tsv.gz
139,1950,FUM003.A0102.SG1.4.10M.artifact_removal_gc_rl.tsv.gz
140,1989,FUM003.A0102.SG1.4.10M.artifact_removal_gc_rl.tsv.gz
141,1797,FUM003.A0102.SG1.4.10M.artifact_removal_gc_rl.tsv.gz
30,78874,GDN001.A0101.SG1.1.10M.artifact_removal_gc_rl.tsv.gz
31,86496,GDN001.A0101.SG1.1.10M.artifact_removal_gc_rl.tsv.gz
32,92526,GDN001.A0101.SG1.1.10M.artifact_removal_gc_rl.tsv.gz
33,102653,GDN001.A0101.SG1.1.10M.artifact_removal_gc_rl.tsv.gz
34,108634,GDN001.A0101.SG1.1.10M.artifact_removal_gc_rl.tsv.gz
35,113802,GDN001.A0101.SG1.1.10M.artifact_removal_gc_rl.tsv.gz
36,122190,GDN001.A0101.SG1.1.10M.artifact_removal_gc_rl.tsv.gz
37,128107,GDN001.A0101.SG1.1.10M.artifact_removal_gc_rl.tsv.gz
38,128920,GDN001.A0101.SG1.1.10M.artifact_removal_gc_rl.tsv.gz
39,136956,GDN001.A0101.SG1.1.10M.artifact_removal_gc_rl.tsv.gz
40,143626,GDN001.A0101.SG1.1.10M.artifact_removal_gc_rl.tsv.gz
41,144070,GDN001.A0101.SG1.1.10M.artifact_removal_gc_rl.tsv.gz
42,154274,GDN001.A0101.SG1.1.10M.artifact_removal_gc_rl.tsv.gz
43,160603,GDN001.A0101.SG1.1.10M.artifact_removal_gc_rl.tsv.gz
44,162447,GDN001.A0101.SG1.1.10M.artifact_removal_gc_rl.tsv.gz
45,172049,GDN001.A0101.SG1.1.10M.artifact_removal_gc_rl.tsv.gz
46,174769,GDN001.A0101.SG1.1.10M.artifact_removal_gc_rl.tsv.gz
47,175325,GDN001.A0101.SG1.1.10M.artifact_removal_gc_rl.tsv.gz
48,180311,GDN001.A0101.SG1.1.10M.artifact_removal_gc_rl.tsv.gz
49,183601,GDN001.A0101.SG1.1.10M.artifact_removal_gc_rl.tsv.gz
50,178011,GDN001.A0101.SG1.1.10M.artifact_removal_gc_rl.tsv.gz
51,181769,GDN001.A0101.SG1.1.10M.artifact_removal_gc_rl.tsv.gz
52,186107,GDN001.A0101.SG1.1.10M.artifact_removal_gc_rl.tsv.gz
53,179128,GDN001.A0101.SG1.1.10M.artifact_removal_gc_rl.tsv.gz
54,183607,GDN001.A0101.SG1.1.10M.artifact_removal_gc_rl.tsv.gz
55,183793,GDN001.A0101.SG1.1.10M.artifact_removal_gc_rl.tsv.gz
56,174116,GDN001.A0101.SG1.1.10M.artifact_removal_gc_rl.tsv.gz
57,178095,GDN001.A0101.SG1.1.10M.artifact_removal_gc_rl.tsv.gz
58,175129,GDN001.A0101.SG1.1.10M.artifact_removal_gc_rl.tsv.gz
59,166068,GDN001.A0101.SG1.1.10M.artifact_removal_gc_rl.tsv.gz
60,166508,GDN001.A0101.SG1.1.10M.artifact_removal_gc_rl.tsv.gz
61,163020,GDN001.A0101.SG1.1.10M.artifact_removal_gc_rl.tsv.gz
62,154148,GDN001.A0101.SG1.1.10M.artifact_removal_gc_rl.tsv.gz
63,155441,GDN001.A0101.SG1.1.10M.artifact_removal_gc_rl.tsv.gz
64,148942,GDN001.A0101.SG1.1.10M.artifact_removal_gc_rl.tsv.gz
65,140178,GDN001.A0101.SG1.1.10M.artifact_removal_gc_rl.tsv.gz
66,139435,GDN001.A0101.SG1.1.10M.artifact_removal_gc_rl.tsv.gz
67,133961,GDN001.A0101.SG1.1.10M.artifact_removal_gc_rl.tsv.gz
68,125825,GDN001.A0101.SG1.1.10M.artifact_removal_gc_rl.tsv.gz
69,126086,GDN001.A0101.SG1.1.10M.artifact_removal_gc_rl.tsv.gz
70,121360,GDN001.A0101.SG1.1.10M.artifact_removal_gc_rl.tsv.gz
71,112349,GDN001.A0101.SG1.1.10M.artifact_removal_gc_rl.tsv.gz
72,112561,GDN001.A0101.SG1.1.10M.artifact_removal_gc_rl.tsv.gz
73,112815,GDN001.A0101.SG1.1.10M.artifact_removal_gc_rl.tsv.gz
74,114384,GDN001.A0101.SG1.1.10M.artifact_removal_gc_rl.tsv.gz
75,142560,GDN001.A0101.SG1.1.10M.artifact_removal_gc_rl.tsv.gz
76,287442,GDN001.A0101.SG1.1.10M.artifact_removal_gc_rl.tsv.gz
77,84794,GDN001.A0101.SG1.1.10M.artifact_removal_gc_rl.tsv.gz
78,83063,GDN001.A0101.SG1.1.10M.artifact_removal_gc_rl.tsv.gz
79,79880,GDN001.A0101.SG1.1.10M.artifact_removal_gc_rl.tsv.gz
80,73703,GDN001.A0101.SG1.1.10M.artifact_removal_gc_rl.tsv.gz
81,72383,GDN001.A0101.SG1.1.10M.artifact_removal_gc_rl.tsv.gz
82,68330,GDN001.A0101.SG1.1.10M.artifact_removal_gc_rl.tsv.gz
83,63802,GDN001.A0101.SG1.1.10M.artifact_removal_gc_rl.tsv.gz
84,62754,GDN001.A0101.SG1.1.10M.artifact_removal_gc_rl.tsv.gz
85,59850,GDN001.A0101.SG1.1.10M.artifact_removal_gc_rl.tsv.gz
86,55845,GDN001.A0101.SG1.1.10M.artifact_removal_gc_rl.tsv.gz
87,55198,GDN001.A0101.SG1.1.10M.artifact_removal_gc_rl.tsv.gz
88,50742,GDN001.A0101.SG1.1.10M.artifact_removal_gc_rl.tsv.gz
89,47176,GDN001.A0101.SG1.1.10M.artifact_removal_gc_rl.tsv.gz
90,47147,GDN001.A0101.SG1.1.10M.artifact_removal_gc_rl.tsv.gz
91,44610,GDN001.A0101.SG1.1.10M.artifact_removal_gc_rl.tsv.gz
92,40954,GDN001.A0101.SG1.1.10M.artifact_removal_gc_rl.tsv.gz
93,39216,GDN001.A0101.SG1.1.10M.artifact_removal_gc_rl.tsv.gz
94,38091,GDN001.A0101.SG1.1.10M.artifact_removal_gc_rl.tsv.gz
95,35426,GDN001.A0101.SG1.1.10M.artifact_removal_gc_rl.tsv.gz
96,34727,GDN001.A0101.SG1.1.10M.artifact_removal_gc_rl.tsv.gz
97,32340,GDN001.A0101.SG1.1.10M.artifact_removal_gc_rl.tsv.gz
98,29789,GDN001.A0101.SG1.1.10M.artifact_removal_gc_rl.tsv.gz
99,29462,GDN001.A0101.SG1.1.10M.artifact_removal_gc_rl.tsv.gz
100,27551,GDN001.A0101.SG1.1.10M.artifact_removal_gc_rl.tsv.gz
101,25962,GDN001.A0101.SG1.1.10M.artifact_removal_gc_rl.tsv.gz
102,25639,GDN001.A0101.SG1.1.10M.artifact_removal_gc_rl.tsv.gz
103,24145,GDN001.A0101.SG1.1.10M.artifact_removal_gc_rl.tsv.gz
104,22448,GDN001.A0101.SG1.1.10M.artifact_removal_gc_rl.tsv.gz
105,21675,GDN001.A0101.SG1.1.10M.artifact_removal_gc_rl.tsv.gz
106,19945,GDN001.A0101.SG1.1.10M.artifact_removal_gc_rl.tsv.gz
107,18957,GDN001.A0101.SG1.1.10M.artifact_removal_gc_rl.tsv.gz
108,18995,GDN001.A0101.SG1.1.10M.artifact_removal_gc_rl.tsv.gz
109,17384,GDN001.A0101.SG1.1.10M.artifact_removal_gc_rl.tsv.gz
110,16193,GDN001.A0101.SG1.1.10M.artifact_removal_gc_rl.tsv.gz
111,16143,GDN001.A0101.SG1.1.10M.artifact_removal_gc_rl.tsv.gz
112,15071,GDN001.A0101.SG1.1.10M.artifact_removal_gc_rl.tsv.gz
113,14266,GDN001.A0101.SG1.1.10M.artifact_removal_gc_rl.tsv.gz
114,13306,GDN001.A0101.SG1.1.10M.artifact_removal_gc_rl.tsv.gz
115,13155,GDN001.A0101.SG1.1.10M.artifact_removal_gc_rl.tsv.gz
116,12569,GDN001.A0101.SG1.1.10M.artifact_removal_gc_rl.tsv.gz
117,11474,GDN001.A0101.SG1.1.10M.artifact_removal_gc_rl.tsv.gz
118,11473,GDN001.A0101.SG1.1.10M.artifact_removal_gc_rl.tsv.gz
119,10257,GDN001.A0101.SG1.1.10M.artifact_removal_gc_rl.tsv.gz
120,9992,GDN001.A0101.SG1.1.10M.artifact_removal_gc_rl.tsv.gz
121,9637,GDN001.A0101.SG1.1.10M.artifact_removal_gc_rl.tsv.gz
122,8608,GDN001.A0101.SG1.1.10M.artifact_removal_gc_rl.tsv.gz
123,8493,GDN001.A0101.SG1.1.10M.artifact_removal_gc_rl.tsv.gz
124,7981,GDN001.A0101.SG1.1.10M.artifact_removal_gc_rl.tsv.gz
125,7696,GDN001.A0101.SG1.1.10M.artifact_removal_gc_rl.tsv.gz
126,7352,GDN001.A0101.SG1.1.10M.artifact_removal_gc_rl.tsv.gz
127,7188,GDN001.A0101.SG1.1.10M.artifact_removal_gc_rl.tsv.gz
128,6007,GDN001.A0101.SG1.1.10M.artifact_removal_gc_rl.tsv.gz
129,6144,GDN001.A0101.SG1.1.10M.artifact_removal_gc_rl.tsv.gz
130,5955,GDN001.A0101.SG1.1.10M.artifact_removal_gc_rl.tsv.gz
131,5543,GDN001.A0101.SG1.1.10M.artifact_removal_gc_rl.tsv.gz
132,5478,GDN001.A0101.SG1.1.10M.artifact_removal_gc_rl.tsv.gz
133,4964,GDN001.A0101.SG1.1.10M.artifact_removal_gc_rl.tsv.gz
134,4966,GDN001.A0101.SG1.1.10M.artifact_removal_gc_rl.tsv.gz
135,4675,GDN001.A0101.SG1.1.10M.artifact_removal_gc_rl.tsv.gz
136,4528,GDN001.A0101.SG1.1.10M.artifact_removal_gc_rl.tsv.gz
137,4289,GDN001.A0101.SG1.1.10M.artifact_removal_gc_rl.tsv.gz
138,4281,GDN001.A0101.SG1.1.10M.artifact_removal_gc_rl.tsv.gz
139,4168,GDN001.A0101.SG1.1.10M.artifact_removal_gc_rl.tsv.gz
140,4161,GDN001.A0101.SG1.1.10M.artifact_removal_gc_rl.tsv.gz
141,3844,GDN001.A0101.SG1.1.10M.artifact_removal_gc_rl.tsv.gz
30,111786,GDN001.A0102.SG1.3.10M.artifact_removal_gc_rl.tsv.gz
31,114857,GDN001.A0102.SG1.3.10M.artifact_removal_gc_rl.tsv.gz
32,114738,GDN001.A0102.SG1.3.10M.artifact_removal_gc_rl.tsv.gz
33,111076,GDN001.A0102.SG1.3.10M.artifact_removal_gc_rl.tsv.gz
34,110247,GDN001.A0102.SG1.3.10M.artifact_removal_gc_rl.tsv.gz
35,109429,GDN001.A0102.SG1.3.10M.artifact_removal_gc_rl.tsv.gz
36,103875,GDN001.A0102.SG1.3.10M.artifact_removal_gc_rl.tsv.gz
37,102711,GDN001.A0102.SG1.3.10M.artifact_removal_gc_rl.tsv.gz
38,100785,GDN001.A0102.SG1.3.10M.artifact_removal_gc_rl.tsv.gz
39,95162,GDN001.A0102.SG1.3.10M.artifact_removal_gc_rl.tsv.gz
40,95329,GDN001.A0102.SG1.3.10M.artifact_removal_gc_rl.tsv.gz
41,92473,GDN001.A0102.SG1.3.10M.artifact_removal_gc_rl.tsv.gz
42,87435,GDN001.A0102.SG1.3.10M.artifact_removal_gc_rl.tsv.gz
43,86526,GDN001.A0102.SG1.3.10M.artifact_removal_gc_rl.tsv.gz
44,84491,GDN001.A0102.SG1.3.10M.artifact_removal_gc_rl.tsv.gz
45,78896,GDN001.A0102.SG1.3.10M.artifact_removal_gc_rl.tsv.gz
46,77539,GDN001.A0102.SG1.3.10M.artifact_removal_gc_rl.tsv.gz
47,76296,GDN001.A0102.SG1.3.10M.artifact_removal_gc_rl.tsv.gz
48,71202,GDN001.A0102.SG1.3.10M.artifact_removal_gc_rl.tsv.gz
49,69730,GDN001.A0102.SG1.3.10M.artifact_removal_gc_rl.tsv.gz
50,68556,GDN001.A0102.SG1.3.10M.artifact_removal_gc_rl.tsv.gz
51,63054,GDN001.A0102.SG1.3.10M.artifact_removal_gc_rl.tsv.gz
52,61787,GDN001.A0102.SG1.3.10M.artifact_removal_gc_rl.tsv.gz
53,59618,GDN001.A0102.SG1.3.10M.artifact_removal_gc_rl.tsv.gz
54,56137,GDN001.A0102.SG1.3.10M.artifact_removal_gc_rl.tsv.gz
55,54531,GDN001.A0102.SG1.3.10M.artifact_removal_gc_rl.tsv.gz
56,52832,GDN001.A0102.SG1.3.10M.artifact_removal_gc_rl.tsv.gz
57,48136,GDN001.A0102.SG1.3.10M.artifact_removal_gc_rl.tsv.gz
58,47696,GDN001.A0102.SG1.3.10M.artifact_removal_gc_rl.tsv.gz
59,45594,GDN001.A0102.SG1.3.10M.artifact_removal_gc_rl.tsv.gz
60,41855,GDN001.A0102.SG1.3.10M.artifact_removal_gc_rl.tsv.gz
61,40796,GDN001.A0102.SG1.3.10M.artifact_removal_gc_rl.tsv.gz
62,39117,GDN001.A0102.SG1.3.10M.artifact_removal_gc_rl.tsv.gz
63,35954,GDN001.A0102.SG1.3.10M.artifact_removal_gc_rl.tsv.gz
64,35233,GDN001.A0102.SG1.3.10M.artifact_removal_gc_rl.tsv.gz
65,34238,GDN001.A0102.SG1.3.10M.artifact_removal_gc_rl.tsv.gz
66,30783,GDN001.A0102.SG1.3.10M.artifact_removal_gc_rl.tsv.gz
67,29931,GDN001.A0102.SG1.3.10M.artifact_removal_gc_rl.tsv.gz
68,29108,GDN001.A0102.SG1.3.10M.artifact_removal_gc_rl.tsv.gz
69,26776,GDN001.A0102.SG1.3.10M.artifact_removal_gc_rl.tsv.gz
70,25776,GDN001.A0102.SG1.3.10M.artifact_removal_gc_rl.tsv.gz
71,25074,GDN001.A0102.SG1.3.10M.artifact_removal_gc_rl.tsv.gz
72,22491,GDN001.A0102.SG1.3.10M.artifact_removal_gc_rl.tsv.gz
73,22192,GDN001.A0102.SG1.3.10M.artifact_removal_gc_rl.tsv.gz
74,21993,GDN001.A0102.SG1.3.10M.artifact_removal_gc_rl.tsv.gz
75,21432,GDN001.A0102.SG1.3.10M.artifact_removal_gc_rl.tsv.gz
76,43525,GDN001.A0102.SG1.3.10M.artifact_removal_gc_rl.tsv.gz
77,17703,GDN001.A0102.SG1.3.10M.artifact_removal_gc_rl.tsv.gz
78,16179,GDN001.A0102.SG1.3.10M.artifact_removal_gc_rl.tsv.gz
79,15868,GDN001.A0102.SG1.3.10M.artifact_removal_gc_rl.tsv.gz
80,15044,GDN001.A0102.SG1.3.10M.artifact_removal_gc_rl.tsv.gz
81,13361,GDN001.A0102.SG1.3.10M.artifact_removal_gc_rl.tsv.gz
82,13320,GDN001.A0102.SG1.3.10M.artifact_removal_gc_rl.tsv.gz
83,12633,GDN001.A0102.SG1.3.10M.artifact_removal_gc_rl.tsv.gz
84,11392,GDN001.A0102.SG1.3.10M.artifact_removal_gc_rl.tsv.gz
85,11273,GDN001.A0102.SG1.3.10M.artifact_removal_gc_rl.tsv.gz
86,10583,GDN001.A0102.SG1.3.10M.artifact_removal_gc_rl.tsv.gz
87,9797,GDN001.A0102.SG1.3.10M.artifact_removal_gc_rl.tsv.gz
88,9397,GDN001.A0102.SG1.3.10M.artifact_removal_gc_rl.tsv.gz
89,9044,GDN001.A0102.SG1.3.10M.artifact_removal_gc_rl.tsv.gz
90,8273,GDN001.A0102.SG1.3.10M.artifact_removal_gc_rl.tsv.gz
91,7818,GDN001.A0102.SG1.3.10M.artifact_removal_gc_rl.tsv.gz
92,7613,GDN001.A0102.SG1.3.10M.artifact_removal_gc_rl.tsv.gz
93,6764,GDN001.A0102.SG1.3.10M.artifact_removal_gc_rl.tsv.gz
94,6611,GDN001.A0102.SG1.3.10M.artifact_removal_gc_rl.tsv.gz
95,6246,GDN001.A0102.SG1.3.10M.artifact_removal_gc_rl.tsv.gz
96,5562,GDN001.A0102.SG1.3.10M.artifact_removal_gc_rl.tsv.gz
97,5382,GDN001.A0102.SG1.3.10M.artifact_removal_gc_rl.tsv.gz
98,5276,GDN001.A0102.SG1.3.10M.artifact_removal_gc_rl.tsv.gz
99,4627,GDN001.A0102.SG1.3.10M.artifact_removal_gc_rl.tsv.gz
100,4410,GDN001.A0102.SG1.3.10M.artifact_removal_gc_rl.tsv.gz
101,4277,GDN001.A0102.SG1.3.10M.artifact_removal_gc_rl.tsv.gz
102,3912,GDN001.A0102.SG1.3.10M.artifact_removal_gc_rl.tsv.gz
103,3793,GDN001.A0102.SG1.3.10M.artifact_removal_gc_rl.tsv.gz
104,3612,GDN001.A0102.SG1.3.10M.artifact_removal_gc_rl.tsv.gz
105,3226,GDN001.A0102.SG1.3.10M.artifact_removal_gc_rl.tsv.gz
106,3222,GDN001.A0102.SG1.3.10M.artifact_removal_gc_rl.tsv.gz
107,2967,GDN001.A0102.SG1.3.10M.artifact_removal_gc_rl.tsv.gz
108,2709,GDN001.A0102.SG1.3.10M.artifact_removal_gc_rl.tsv.gz
109,2732,GDN001.A0102.SG1.3.10M.artifact_removal_gc_rl.tsv.gz
110,2548,GDN001.A0102.SG1.3.10M.artifact_removal_gc_rl.tsv.gz
111,2209,GDN001.A0102.SG1.3.10M.artifact_removal_gc_rl.tsv.gz
112,2285,GDN001.A0102.SG1.3.10M.artifact_removal_gc_rl.tsv.gz
113,2037,GDN001.A0102.SG1.3.10M.artifact_removal_gc_rl.tsv.gz
114,1959,GDN001.A0102.SG1.3.10M.artifact_removal_gc_rl.tsv.gz
115,1837,GDN001.A0102.SG1.3.10M.artifact_removal_gc_rl.tsv.gz
116,1874,GDN001.A0102.SG1.3.10M.artifact_removal_gc_rl.tsv.gz
117,1624,GDN001.A0102.SG1.3.10M.artifact_removal_gc_rl.tsv.gz
118,1647,GDN001.A0102.SG1.3.10M.artifact_removal_gc_rl.tsv.gz
119,1499,GDN001.A0102.SG1.3.10M.artifact_removal_gc_rl.tsv.gz
120,1407,GDN001.A0102.SG1.3.10M.artifact_removal_gc_rl.tsv.gz
121,1334,GDN001.A0102.SG1.3.10M.artifact_removal_gc_rl.tsv.gz
122,1194,GDN001.A0102.SG1.3.10M.artifact_removal_gc_rl.tsv.gz
123,1164,GDN001.A0102.SG1.3.10M.artifact_removal_gc_rl.tsv.gz
124,1151,GDN001.A0102.SG1.3.10M.artifact_removal_gc_rl.tsv.gz
125,1037,GDN001.A0102.SG1.3.10M.artifact_removal_gc_rl.tsv.gz
126,936,GDN001.A0102.SG1.3.10M.artifact_removal_gc_rl.tsv.gz
127,926,GDN001.A0102.SG1.3.10M.artifact_removal_gc_rl.tsv.gz
128,919,GDN001.A0102.SG1.3.10M.artifact_removal_gc_rl.tsv.gz
129,724,GDN001.A0102.SG1.3.10M.artifact_removal_gc_rl.tsv.gz
130,761,GDN001.A0102.SG1.3.10M.artifact_removal_gc_rl.tsv.gz
131,754,GDN001.A0102.SG1.3.10M.artifact_removal_gc_rl.tsv.gz
132,692,GDN001.A0102.SG1.3.10M.artifact_removal_gc_rl.tsv.gz
133,646,GDN001.A0102.SG1.3.10M.artifact_removal_gc_rl.tsv.gz
134,658,GDN001.A0102.SG1.3.10M.artifact_removal_gc_rl.tsv.gz
135,603,GDN001.A0102.SG1.3.10M.artifact_removal_gc_rl.tsv.gz
136,556,GDN001.A0102.SG1.3.10M.artifact_removal_gc_rl.tsv.gz
137,576,GDN001.A0102.SG1.3.10M.artifact_removal_gc_rl.tsv.gz
138,512,GDN001.A0102.SG1.3.10M.artifact_removal_gc_rl.tsv.gz
139,492,GDN001.A0102.SG1.3.10M.artifact_removal_gc_rl.tsv.gz
140,491,GDN001.A0102.SG1.3.10M.artifact_removal_gc_rl.tsv.gz
141,413,GDN001.A0102.SG1.3.10M.artifact_removal_gc_rl.tsv.gz
30,272329,GOY005.A0101.SG1.2.10M.artifact_removal_gc_rl.tsv.gz
31,292729,GOY005.A0101.SG1.2.10M.artifact_removal_gc_rl.tsv.gz
32,303240,GOY005.A0101.SG1.2.10M.artifact_removal_gc_rl.tsv.gz
33,314912,GOY005.A0101.SG1.2.10M.artifact_removal_gc_rl.tsv.gz
34,317852,GOY005.A0101.SG1.2.10M.artifact_removal_gc_rl.tsv.gz
35,308193,GOY005.A0101.SG1.2.10M.artifact_removal_gc_rl.tsv.gz
36,303661,GOY005.A0101.SG1.2.10M.artifact_removal_gc_rl.tsv.gz
37,295531,GOY005.A0101.SG1.2.10M.artifact_removal_gc_rl.tsv.gz
38,282364,GOY005.A0101.SG1.2.10M.artifact_removal_gc_rl.tsv.gz
39,275474,GOY005.A0101.SG1.2.10M.artifact_removal_gc_rl.tsv.gz
40,266278,GOY005.A0101.SG1.2.10M.artifact_removal_gc_rl.tsv.gz
41,252154,GOY005.A0101.SG1.2.10M.artifact_removal_gc_rl.tsv.gz
42,243225,GOY005.A0101.SG1.2.10M.artifact_removal_gc_rl.tsv.gz
43,233167,GOY005.A0101.SG1.2.10M.artifact_removal_gc_rl.tsv.gz
44,219148,GOY005.A0101.SG1.2.10M.artifact_removal_gc_rl.tsv.gz
45,209489,GOY005.A0101.SG1.2.10M.artifact_removal_gc_rl.tsv.gz
46,201193,GOY005.A0101.SG1.2.10M.artifact_removal_gc_rl.tsv.gz
47,187502,GOY005.A0101.SG1.2.10M.artifact_removal_gc_rl.tsv.gz
48,180244,GOY005.A0101.SG1.2.10M.artifact_removal_gc_rl.tsv.gz
49,170268,GOY005.A0101.SG1.2.10M.artifact_removal_gc_rl.tsv.gz
50,159604,GOY005.A0101.SG1.2.10M.artifact_removal_gc_rl.tsv.gz
51,153893,GOY005.A0101.SG1.2.10M.artifact_removal_gc_rl.tsv.gz
52,145393,GOY005.A0101.SG1.2.10M.artifact_removal_gc_rl.tsv.gz
53,135284,GOY005.A0101.SG1.2.10M.artifact_removal_gc_rl.tsv.gz
54,129384,GOY005.A0101.SG1.2.10M.artifact_removal_gc_rl.tsv.gz
55,122437,GOY005.A0101.SG1.2.10M.artifact_removal_gc_rl.tsv.gz
56,114126,GOY005.A0101.SG1.2.10M.artifact_removal_gc_rl.tsv.gz
57,108805,GOY005.A0101.SG1.2.10M.artifact_removal_gc_rl.tsv.gz
58,103142,GOY005.A0101.SG1.2.10M.artifact_removal_gc_rl.tsv.gz
59,95464,GOY005.A0101.SG1.2.10M.artifact_removal_gc_rl.tsv.gz
60,91470,GOY005.A0101.SG1.2.10M.artifact_removal_gc_rl.tsv.gz
61,87020,GOY005.A0101.SG1.2.10M.artifact_removal_gc_rl.tsv.gz
62,80880,GOY005.A0101.SG1.2.10M.artifact_removal_gc_rl.tsv.gz
63,77642,GOY005.A0101.SG1.2.10M.artifact_removal_gc_rl.tsv.gz
64,73246,GOY005.A0101.SG1.2.10M.artifact_removal_gc_rl.tsv.gz
65,68783,GOY005.A0101.SG1.2.10M.artifact_removal_gc_rl.tsv.gz
66,66487,GOY005.A0101.SG1.2.10M.artifact_removal_gc_rl.tsv.gz
67,63266,GOY005.A0101.SG1.2.10M.artifact_removal_gc_rl.tsv.gz
68,59374,GOY005.A0101.SG1.2.10M.artifact_removal_gc_rl.tsv.gz
69,58486,GOY005.A0101.SG1.2.10M.artifact_removal_gc_rl.tsv.gz
70,57019,GOY005.A0101.SG1.2.10M.artifact_removal_gc_rl.tsv.gz
71,56553,GOY005.A0101.SG1.2.10M.artifact_removal_gc_rl.tsv.gz
72,58264,GOY005.A0101.SG1.2.10M.artifact_removal_gc_rl.tsv.gz
73,63224,GOY005.A0101.SG1.2.10M.artifact_removal_gc_rl.tsv.gz
74,74472,GOY005.A0101.SG1.2.10M.artifact_removal_gc_rl.tsv.gz
75,120959,GOY005.A0101.SG1.2.10M.artifact_removal_gc_rl.tsv.gz
76,291890,GOY005.A0101.SG1.2.10M.artifact_removal_gc_rl.tsv.gz
77,35596,GOY005.A0101.SG1.2.10M.artifact_removal_gc_rl.tsv.gz
78,34032,GOY005.A0101.SG1.2.10M.artifact_removal_gc_rl.tsv.gz
79,32453,GOY005.A0101.SG1.2.10M.artifact_removal_gc_rl.tsv.gz
80,30614,GOY005.A0101.SG1.2.10M.artifact_removal_gc_rl.tsv.gz
81,29120,GOY005.A0101.SG1.2.10M.artifact_removal_gc_rl.tsv.gz
82,27693,GOY005.A0101.SG1.2.10M.artifact_removal_gc_rl.tsv.gz
83,26278,GOY005.A0101.SG1.2.10M.artifact_removal_gc_rl.tsv.gz
84,25222,GOY005.A0101.SG1.2.10M.artifact_removal_gc_rl.tsv.gz
85,24238,GOY005.A0101.SG1.2.10M.artifact_removal_gc_rl.tsv.gz
86,22385,GOY005.A0101.SG1.2.10M.artifact_removal_gc_rl.tsv.gz
87,22220,GOY005.A0101.SG1.2.10M.artifact_removal_gc_rl.tsv.gz
88,21105,GOY005.A0101.SG1.2.10M.artifact_removal_gc_rl.tsv.gz
89,20049,GOY005.A0101.SG1.2.10M.artifact_removal_gc_rl.tsv.gz
90,19126,GOY005.A0101.SG1.2.10M.artifact_removal_gc_rl.tsv.gz
91,18215,GOY005.A0101.SG1.2.10M.artifact_removal_gc_rl.tsv.gz
92,17283,GOY005.A0101.SG1.2.10M.artifact_removal_gc_rl.tsv.gz
93,16674,GOY005.A0101.SG1.2.10M.artifact_removal_gc_rl.tsv.gz
94,16031,GOY005.A0101.SG1.2.10M.artifact_removal_gc_rl.tsv.gz
95,15273,GOY005.A0101.SG1.2.10M.artifact_removal_gc_rl.tsv.gz
96,14834,GOY005.A0101.SG1.2.10M.artifact_removal_gc_rl.tsv.gz
97,14028,GOY005.A0101.SG1.2.10M.artifact_removal_gc_rl.tsv.gz
98,13402,GOY005.A0101.SG1.2.10M.artifact_removal_gc_rl.tsv.gz
99,12918,GOY005.A0101.SG1.2.10M.artifact_removal_gc_rl.tsv.gz
100,12469,GOY005.A0101.SG1.2.10M.artifact_removal_gc_rl.tsv.gz
101,11934,GOY005.A0101.SG1.2.10M.artifact_removal_gc_rl.tsv.gz
102,11508,GOY005.A0101.SG1.2.10M.artifact_removal_gc_rl.tsv.gz
103,11045,GOY005.A0101.SG1.2.10M.artifact_removal_gc_rl.tsv.gz
104,10443,GOY005.A0101.SG1.2.10M.artifact_removal_gc_rl.tsv.gz
105,10258,GOY005.A0101.SG1.2.10M.artifact_removal_gc_rl.tsv.gz
106,9783,GOY005.A0101.SG1.2.10M.artifact_removal_gc_rl.tsv.gz
107,9339,GOY005.A0101.SG1.2.10M.artifact_removal_gc_rl.tsv.gz
108,9001,GOY005.A0101.SG1.2.10M.artifact_removal_gc_rl.tsv.gz
109,8639,GOY005.A0101.SG1.2.10M.artifact_removal_gc_rl.tsv.gz
110,8491,GOY005.A0101.SG1.2.10M.artifact_removal_gc_rl.tsv.gz
111,8158,GOY005.A0101.SG1.2.10M.artifact_removal_gc_rl.tsv.gz
112,7873,GOY005.A0101.SG1.2.10M.artifact_removal_gc_rl.tsv.gz
113,7438,GOY005.A0101.SG1.2.10M.artifact_removal_gc_rl.tsv.gz
114,7289,GOY005.A0101.SG1.2.10M.artifact_removal_gc_rl.tsv.gz
115,7009,GOY005.A0101.SG1.2.10M.artifact_removal_gc_rl.tsv.gz
116,6701,GOY005.A0101.SG1.2.10M.artifact_removal_gc_rl.tsv.gz
117,6466,GOY005.A0101.SG1.2.10M.artifact_removal_gc_rl.tsv.gz
118,6091,GOY005.A0101.SG1.2.10M.artifact_removal_gc_rl.tsv.gz
119,5864,GOY005.A0101.SG1.2.10M.artifact_removal_gc_rl.tsv.gz
120,5837,GOY005.A0101.SG1.2.10M.artifact_removal_gc_rl.tsv.gz
121,5690,GOY005.A0101.SG1.2.10M.artifact_removal_gc_rl.tsv.gz
122,5427,GOY005.A0101.SG1.2.10M.artifact_removal_gc_rl.tsv.gz
123,5280,GOY005.A0101.SG1.2.10M.artifact_removal_gc_rl.tsv.gz
124,4950,GOY005.A0101.SG1.2.10M.artifact_removal_gc_rl.tsv.gz
125,4860,GOY005.A0101.SG1.2.10M.artifact_removal_gc_rl.tsv.gz
126,4666,GOY005.A0101.SG1.2.10M.artifact_removal_gc_rl.tsv.gz
127,4518,GOY005.A0101.SG1.2.10M.artifact_removal_gc_rl.tsv.gz
128,4452,GOY005.A0101.SG1.2.10M.artifact_removal_gc_rl.tsv.gz
129,4298,GOY005.A0101.SG1.2.10M.artifact_removal_gc_rl.tsv.gz
130,4205,GOY005.A0101.SG1.2.10M.artifact_removal_gc_rl.tsv.gz
131,4053,GOY005.A0101.SG1.2.10M.artifact_removal_gc_rl.tsv.gz
132,3851,GOY005.A0101.SG1.2.10M.artifact_removal_gc_rl.tsv.gz
133,3754,GOY005.A0101.SG1.2.10M.artifact_removal_gc_rl.tsv.gz
134,3660,GOY005.A0101.SG1.2.10M.artifact_removal_gc_rl.tsv.gz
135,3587,GOY005.A0101.SG1.2.10M.artifact_removal_gc_rl.tsv.gz
136,3544,GOY005.A0101.SG1.2.10M.artifact_removal_gc_rl.tsv.gz
137,3459,GOY005.A0101.SG1.2.10M.artifact_removal_gc_rl.tsv.gz
138,3302,GOY005.A0101.SG1.2.10M.artifact_removal_gc_rl.tsv.gz
139,3380,GOY005.A0101.SG1.2.10M.artifact_removal_gc_rl.tsv.gz
140,3548,GOY005.A0101.SG1.2.10M.artifact_removal_gc_rl.tsv.gz
141,3103,GOY005.A0101.SG1.2.10M.artifact_removal_gc_rl.tsv.gz
30,286974,GOY005.A0103.SG1.4.10M.artifact_removal_gc_rl.tsv.gz
31,281463,GOY005.A0103.SG1.4.10M.artifact_removal_gc_rl.tsv.gz
32,276638,GOY005.A0103.SG1.4.10M.artifact_removal_gc_rl.tsv.gz
33,258699,GOY005.A0103.SG1.4.10M.artifact_removal_gc_rl.tsv.gz
34,249040,GOY005.A0103.SG1.4.10M.artifact_removal_gc_rl.tsv.gz
35,238991,GOY005.A0103.SG1.4.10M.artifact_removal_gc_rl.tsv.gz
36,220514,GOY005.A0103.SG1.4.10M.artifact_removal_gc_rl.tsv.gz
37,206434,GOY005.A0103.SG1.4.10M.artifact_removal_gc_rl.tsv.gz
38,194965,GOY005.A0103.SG1.4.10M.artifact_removal_gc_rl.tsv.gz
39,176704,GOY005.A0103.SG1.4.10M.artifact_removal_gc_rl.tsv.gz
40,164779,GOY005.A0103.SG1.4.10M.artifact_removal_gc_rl.tsv.gz
41,155686,GOY005.A0103.SG1.4.10M.artifact_removal_gc_rl.tsv.gz
42,141212,GOY005.A0103.SG1.4.10M.artifact_removal_gc_rl.tsv.gz
43,132361,GOY005.A0103.SG1.4.10M.artifact_removal_gc_rl.tsv.gz
44,124165,GOY005.A0103.SG1.4.10M.artifact_removal_gc_rl.tsv.gz
45,112569,GOY005.A0103.SG1.4.10M.artifact_removal_gc_rl.tsv.gz
46,105225,GOY005.A0103.SG1.4.10M.artifact_removal_gc_rl.tsv.gz
47,98081,GOY005.A0103.SG1.4.10M.artifact_removal_gc_rl.tsv.gz
48,88346,GOY005.A0103.SG1.4.10M.artifact_removal_gc_rl.tsv.gz
49,81950,GOY005.A0103.SG1.4.10M.artifact_removal_gc_rl.tsv.gz
50,75886,GOY005.A0103.SG1.4.10M.artifact_removal_gc_rl.tsv.gz
51,67804,GOY005.A0103.SG1.4.10M.artifact_removal_gc_rl.tsv.gz
52,63716,GOY005.A0103.SG1.4.10M.artifact_removal_gc_rl.tsv.gz
53,59035,GOY005.A0103.SG1.4.10M.artifact_removal_gc_rl.tsv.gz
54,53286,GOY005.A0103.SG1.4.10M.artifact_removal_gc_rl.tsv.gz
55,49623,GOY005.A0103.SG1.4.10M.artifact_removal_gc_rl.tsv.gz
56,46275,GOY005.A0103.SG1.4.10M.artifact_removal_gc_rl.tsv.gz
57,41929,GOY005.A0103.SG1.4.10M.artifact_removal_gc_rl.tsv.gz
58,38653,GOY005.A0103.SG1.4.10M.artifact_removal_gc_rl.tsv.gz
59,35778,GOY005.A0103.SG1.4.10M.artifact_removal_gc_rl.tsv.gz
60,32217,GOY005.A0103.SG1.4.10M.artifact_removal_gc_rl.tsv.gz
61,29561,GOY005.A0103.SG1.4.10M.artifact_removal_gc_rl.tsv.gz
62,27623,GOY005.A0103.SG1.4.10M.artifact_removal_gc_rl.tsv.gz
63,24948,GOY005.A0103.SG1.4.10M.artifact_removal_gc_rl.tsv.gz
64,23302,GOY005.A0103.SG1.4.10M.artifact_removal_gc_rl.tsv.gz
65,21691,GOY005.A0103.SG1.4.10M.artifact_removal_gc_rl.tsv.gz
66,19847,GOY005.A0103.SG1.4.10M.artifact_removal_gc_rl.tsv.gz
67,18547,GOY005.A0103.SG1.4.10M.artifact_removal_gc_rl.tsv.gz
68,17552,GOY005.A0103.SG1.4.10M.artifact_removal_gc_rl.tsv.gz
69,16071,GOY005.A0103.SG1.4.10M.artifact_removal_gc_rl.tsv.gz
70,15161,GOY005.A0103.SG1.4.10M.artifact_removal_gc_rl.tsv.gz
71,15138,GOY005.A0103.SG1.4.10M.artifact_removal_gc_rl.tsv.gz
72,15078,GOY005.A0103.SG1.4.10M.artifact_removal_gc_rl.tsv.gz
73,16502,GOY005.A0103.SG1.4.10M.artifact_removal_gc_rl.tsv.gz
74,20009,GOY005.A0103.SG1.4.10M.artifact_removal_gc_rl.tsv.gz
75,27584,GOY005.A0103.SG1.4.10M.artifact_removal_gc_rl.tsv.gz
76,60416,GOY005.A0103.SG1.4.10M.artifact_removal_gc_rl.tsv.gz
77,8145,GOY005.A0103.SG1.4.10M.artifact_removal_gc_rl.tsv.gz
78,7377,GOY005.A0103.SG1.4.10M.artifact_removal_gc_rl.tsv.gz
79,6970,GOY005.A0103.SG1.4.10M.artifact_removal_gc_rl.tsv.gz
80,6335,GOY005.A0103.SG1.4.10M.artifact_removal_gc_rl.tsv.gz
81,5714,GOY005.A0103.SG1.4.10M.artifact_removal_gc_rl.tsv.gz
82,5479,GOY005.A0103.SG1.4.10M.artifact_removal_gc_rl.tsv.gz
83,5163,GOY005.A0103.SG1.4.10M.artifact_removal_gc_rl.tsv.gz
84,4642,GOY005.A0103.SG1.4.10M.artifact_removal_gc_rl.tsv.gz
85,4217,GOY005.A0103.SG1.4.10M.artifact_removal_gc_rl.tsv.gz
86,4202,GOY005.A0103.SG1.4.10M.artifact_removal_gc_rl.tsv.gz
87,3738,GOY005.A0103.SG1.4.10M.artifact_removal_gc_rl.tsv.gz
88,3558,GOY005.A0103.SG1.4.10M.artifact_removal_gc_rl.tsv.gz
89,3206,GOY005.A0103.SG1.4.10M.artifact_removal_gc_rl.tsv.gz
90,3008,GOY005.A0103.SG1.4.10M.artifact_removal_gc_rl.tsv.gz
91,2785,GOY005.A0103.SG1.4.10M.artifact_removal_gc_rl.tsv.gz
92,2624,GOY005.A0103.SG1.4.10M.artifact_removal_gc_rl.tsv.gz
93,2484,GOY005.A0103.SG1.4.10M.artifact_removal_gc_rl.tsv.gz
94,2301,GOY005.A0103.SG1.4.10M.artifact_removal_gc_rl.tsv.gz
95,2264,GOY005.A0103.SG1.4.10M.artifact_removal_gc_rl.tsv.gz
96,2017,GOY005.A0103.SG1.4.10M.artifact_removal_gc_rl.tsv.gz
97,1884,GOY005.A0103.SG1.4.10M.artifact_removal_gc_rl.tsv.gz
98,1770,GOY005.A0103.SG1.4.10M.artifact_removal_gc_rl.tsv.gz
99,1667,GOY005.A0103.SG1.4.10M.artifact_removal_gc_rl.tsv.gz
100,1592,GOY005.A0103.SG1.4.10M.artifact_removal_gc_rl.tsv.gz
101,1482,GOY005.A0103.SG1.4.10M.artifact_removal_gc_rl.tsv.gz
102,1394,GOY005.A0103.SG1.4.10M.artifact_removal_gc_rl.tsv.gz
103,1279,GOY005.A0103.SG1.4.10M.artifact_removal_gc_rl.tsv.gz
104,1182,GOY005.A0103.SG1.4.10M.artifact_removal_gc_rl.tsv.gz
105,1172,GOY005.A0103.SG1.4.10M.artifact_removal_gc_rl.tsv.gz
106,1117,GOY005.A0103.SG1.4.10M.artifact_removal_gc_rl.tsv.gz
107,1018,GOY005.A0103.SG1.4.10M.artifact_removal_gc_rl.tsv.gz
108,1031,GOY005.A0103.SG1.4.10M.artifact_removal_gc_rl.tsv.gz
109,907,GOY005.A0103.SG1.4.10M.artifact_removal_gc_rl.tsv.gz
110,935,GOY005.A0103.SG1.4.10M.artifact_removal_gc_rl.tsv.gz
111,848,GOY005.A0103.SG1.4.10M.artifact_removal_gc_rl.tsv.gz
112,726,GOY005.A0103.SG1.4.10M.artifact_removal_gc_rl.tsv.gz
113,746,GOY005.A0103.SG1.4.10M.artifact_removal_gc_rl.tsv.gz
114,697,GOY005.A0103.SG1.4.10M.artifact_removal_gc_rl.tsv.gz
115,619,GOY005.A0103.SG1.4.10M.artifact_removal_gc_rl.tsv.gz
116,623,GOY005.A0103.SG1.4.10M.artifact_removal_gc_rl.tsv.gz
117,546,GOY005.A0103.SG1.4.10M.artifact_removal_gc_rl.tsv.gz
118,560,GOY005.A0103.SG1.4.10M.artifact_removal_gc_rl.tsv.gz
119,539,GOY005.A0103.SG1.4.10M.artifact_removal_gc_rl.tsv.gz
120,536,GOY005.A0103.SG1.4.10M.artifact_removal_gc_rl.tsv.gz
121,474,GOY005.A0103.SG1.4.10M.artifact_removal_gc_rl.tsv.gz
122,488,GOY005.A0103.SG1.4.10M.artifact_removal_gc_rl.tsv.gz
123,448,GOY005.A0103.SG1.4.10M.artifact_removal_gc_rl.tsv.gz
124,479,GOY005.A0103.SG1.4.10M.artifact_removal_gc_rl.tsv.gz
125,402,GOY005.A0103.SG1.4.10M.artifact_removal_gc_rl.tsv.gz
126,392,GOY005.A0103.SG1.4.10M.artifact_removal_gc_rl.tsv.gz
127,380,GOY005.A0103.SG1.4.10M.artifact_removal_gc_rl.tsv.gz
128,327,GOY005.A0103.SG1.4.10M.artifact_removal_gc_rl.tsv.gz
129,304,GOY005.A0103.SG1.4.10M.artifact_removal_gc_rl.tsv.gz
130,345,GOY005.A0103.SG1.4.10M.artifact_removal_gc_rl.tsv.gz
131,283,GOY005.A0103.SG1.4.10M.artifact_removal_gc_rl.tsv.gz
132,296,GOY005.A0103.SG1.4.10M.artifact_removal_gc_rl.tsv.gz
133,295,GOY005.A0103.SG1.4.10M.artifact_removal_gc_rl.tsv.gz
134,298,GOY005.A0103.SG1.4.10M.artifact_removal_gc_rl.tsv.gz
135,287,GOY005.A0103.SG1.4.10M.artifact_removal_gc_rl.tsv.gz
136,293,GOY005.A0103.SG1.4.10M.artifact_removal_gc_rl.tsv.gz
137,257,GOY005.A0103.SG1.4.10M.artifact_removal_gc_rl.tsv.gz
138,257,GOY005.A0103.SG1.4.10M.artifact_removal_gc_rl.tsv.gz
139,233,GOY005.A0103.SG1.4.10M.artifact_removal_gc_rl.tsv.gz
140,280,GOY005.A0103.SG1.4.10M.artifact_removal_gc_rl.tsv.gz
141,189,GOY005.A0103.SG1.4.10M.artifact_removal_gc_rl.tsv.gz
30,152857,GOY006.A0101.SG1.2.10M.artifact_removal_gc_rl.tsv.gz
31,166851,GOY006.A0101.SG1.2.10M.artifact_removal_gc_rl.tsv.gz
32,174897,GOY006.A0101.SG1.2.10M.artifact_removal_gc_rl.tsv.gz
33,184773,GOY006.A0101.SG1.2.10M.artifact_removal_gc_rl.tsv.gz
34,191434,GOY006.A0101.SG1.2.10M.artifact_removal_gc_rl.tsv.gz
35,189515,GOY006.A0101.SG1.2.10M.artifact_removal_gc_rl.tsv.gz
36,191435,GOY006.A0101.SG1.2.10M.artifact_removal_gc_rl.tsv.gz
37,190894,GOY006.A0101.SG1.2.10M.artifact_removal_gc_rl.tsv.gz
38,185469,GOY006.A0101.SG1.2.10M.artifact_removal_gc_rl.tsv.gz
39,183365,GOY006.A0101.SG1.2.10M.artifact_removal_gc_rl.tsv.gz
40,180867,GOY006.A0101.SG1.2.10M.artifact_removal_gc_rl.tsv.gz
41,173623,GOY006.A0101.SG1.2.10M.artifact_removal_gc_rl.tsv.gz
42,171674,GOY006.A0101.SG1.2.10M.artifact_removal_gc_rl.tsv.gz
43,167831,GOY006.A0101.SG1.2.10M.artifact_removal_gc_rl.tsv.gz
44,160394,GOY006.A0101.SG1.2.10M.artifact_removal_gc_rl.tsv.gz
45,157771,GOY006.A0101.SG1.2.10M.artifact_removal_gc_rl.tsv.gz
46,153955,GOY006.A0101.SG1.2.10M.artifact_removal_gc_rl.tsv.gz
47,146098,GOY006.A0101.SG1.2.10M.artifact_removal_gc_rl.tsv.gz
48,142682,GOY006.A0101.SG1.2.10M.artifact_removal_gc_rl.tsv.gz
49,137502,GOY006.A0101.SG1.2.10M.artifact_removal_gc_rl.tsv.gz
50,130474,GOY006.A0101.SG1.2.10M.artifact_removal_gc_rl.tsv.gz
51,126816,GOY006.A0101.SG1.2.10M.artifact_removal_gc_rl.tsv.gz
52,122652,GOY006.A0101.SG1.2.10M.artifact_removal_gc_rl.tsv.gz
53,115457,GOY006.A0101.SG1.2.10M.artifact_removal_gc_rl.tsv.gz
54,111890,GOY006.A0101.SG1.2.10M.artifact_removal_gc_rl.tsv.gz
55,108509,GOY006.A0101.SG1.2.10M.artifact_removal_gc_rl.tsv.gz
56,102174,GOY006.A0101.SG1.2.10M.artifact_removal_gc_rl.tsv.gz
57,99046,GOY006.A0101.SG1.2.10M.artifact_removal_gc_rl.tsv.gz
58,95818,GOY006.A0101.SG1.2.10M.artifact_removal_gc_rl.tsv.gz
59,89799,GOY006.A0101.SG1.2.10M.artifact_removal_gc_rl.tsv.gz
60,86780,GOY006.A0101.SG1.2.10M.artifact_removal_gc_rl.tsv.gz
61,83473,GOY006.A0101.SG1.2.10M.artifact_removal_gc_rl.tsv.gz
62,78706,GOY006.A0101.SG1.2.10M.artifact_removal_gc_rl.tsv.gz
63,76123,GOY006.A0101.SG1.2.10M.artifact_removal_gc_rl.tsv.gz
64,73399,GOY006.A0101.SG1.2.10M.artifact_removal_gc_rl.tsv.gz
65,69265,GOY006.A0101.SG1.2.10M.artifact_removal_gc_rl.tsv.gz
66,67360,GOY006.A0101.SG1.2.10M.artifact_removal_gc_rl.tsv.gz
67,65276,GOY006.A0101.SG1.2.10M.artifact_removal_gc_rl.tsv.gz
68,61107,GOY006.A0101.SG1.2.10M.artifact_removal_gc_rl.tsv.gz
69,60577,GOY006.A0101.SG1.2.10M.artifact_removal_gc_rl.tsv.gz
70,59465,GOY006.A0101.SG1.2.10M.artifact_removal_gc_rl.tsv.gz
71,58293,GOY006.A0101.SG1.2.10M.artifact_removal_gc_rl.tsv.gz
72,60475,GOY006.A0101.SG1.2.10M.artifact_removal_gc_rl.tsv.gz
73,65265,GOY006.A0101.SG1.2.10M.artifact_removal_gc_rl.tsv.gz
74,74544,GOY006.A0101.SG1.2.10M.artifact_removal_gc_rl.tsv.gz
75,109964,GOY006.A0101.SG1.2.10M.artifact_removal_gc_rl.tsv.gz
76,222710,GOY006.A0101.SG1.2.10M.artifact_removal_gc_rl.tsv.gz
77,40060,GOY006.A0101.SG1.2.10M.artifact_removal_gc_rl.tsv.gz
78,39022,GOY006.A0101.SG1.2.10M.artifact_removal_gc_rl.tsv.gz
79,37318,GOY006.A0101.SG1.2.10M.artifact_removal_gc_rl.tsv.gz
80,34773,GOY006.A0101.SG1.2.10M.artifact_removal_gc_rl.tsv.gz
81,33904,GOY006.A0101.SG1.2.10M.artifact_removal_gc_rl.tsv.gz
82,32353,GOY006.A0101.SG1.2.10M.artifact_removal_gc_rl.tsv.gz
83,30934,GOY006.A0101.SG1.2.10M.artifact_removal_gc_rl.tsv.gz
84,29387,GOY006.A0101.SG1.2.10M.artifact_removal_gc_rl.tsv.gz
85,28444,GOY006.A0101.SG1.2.10M.artifact_removal_gc_rl.tsv.gz
86,26631,GOY006.A0101.SG1.2.10M.artifact_removal_gc_rl.tsv.gz
87,25812,GOY006.A0101.SG1.2.10M.artifact_removal_gc_rl.tsv.gz
88,24954,GOY006.A0101.SG1.2.10M.artifact_removal_gc_rl.tsv.gz
89,23438,GOY006.A0101.SG1.2.10M.artifact_removal_gc_rl.tsv.gz
90,22740,GOY006.A0101.SG1.2.10M.artifact_removal_gc_rl.tsv.gz
91,21666,GOY006.A0101.SG1.2.10M.artifact_removal_gc_rl.tsv.gz
92,20569,GOY006.A0101.SG1.2.10M.artifact_removal_gc_rl.tsv.gz
93,19832,GOY006.A0101.SG1.2.10M.artifact_removal_gc_rl.tsv.gz
94,19212,GOY006.A0101.SG1.2.10M.artifact_removal_gc_rl.tsv.gz
95,18003,GOY006.A0101.SG1.2.10M.artifact_removal_gc_rl.tsv.gz
96,17351,GOY006.A0101.SG1.2.10M.artifact_removal_gc_rl.tsv.gz
97,16593,GOY006.A0101.SG1.2.10M.artifact_removal_gc_rl.tsv.gz
98,15922,GOY006.A0101.SG1.2.10M.artifact_removal_gc_rl.tsv.gz
99,15420,GOY006.A0101.SG1.2.10M.artifact_removal_gc_rl.tsv.gz
100,14739,GOY006.A0101.SG1.2.10M.artifact_removal_gc_rl.tsv.gz
101,13832,GOY006.A0101.SG1.2.10M.artifact_removal_gc_rl.tsv.gz
102,13543,GOY006.A0101.SG1.2.10M.artifact_removal_gc_rl.tsv.gz
103,13166,GOY006.A0101.SG1.2.10M.artifact_removal_gc_rl.tsv.gz
104,12230,GOY006.A0101.SG1.2.10M.artifact_removal_gc_rl.tsv.gz
105,11986,GOY006.A0101.SG1.2.10M.artifact_removal_gc_rl.tsv.gz
106,11408,GOY006.A0101.SG1.2.10M.artifact_removal_gc_rl.tsv.gz
107,10753,GOY006.A0101.SG1.2.10M.artifact_removal_gc_rl.tsv.gz
108,10651,GOY006.A0101.SG1.2.10M.artifact_removal_gc_rl.tsv.gz
109,10171,GOY006.A0101.SG1.2.10M.artifact_removal_gc_rl.tsv.gz
110,9670,GOY006.A0101.SG1.2.10M.artifact_removal_gc_rl.tsv.gz
111,9513,GOY006.A0101.SG1.2.10M.artifact_removal_gc_rl.tsv.gz
112,9042,GOY006.A0101.SG1.2.10M.artifact_removal_gc_rl.tsv.gz
113,8569,GOY006.A0101.SG1.2.10M.artifact_removal_gc_rl.tsv.gz
114,8298,GOY006.A0101.SG1.2.10M.artifact_removal_gc_rl.tsv.gz
115,7840,GOY006.A0101.SG1.2.10M.artifact_removal_gc_rl.tsv.gz
116,7444,GOY006.A0101.SG1.2.10M.artifact_removal_gc_rl.tsv.gz
117,7459,GOY006.A0101.SG1.2.10M.artifact_removal_gc_rl.tsv.gz
118,7356,GOY006.A0101.SG1.2.10M.artifact_removal_gc_rl.tsv.gz
119,6983,GOY006.A0101.SG1.2.10M.artifact_removal_gc_rl.tsv.gz
120,6828,GOY006.A0101.SG1.2.10M.artifact_removal_gc_rl.tsv.gz
121,6690,GOY006.A0101.SG1.2.10M.artifact_removal_gc_rl.tsv.gz
122,6217,GOY006.A0101.SG1.2.10M.artifact_removal_gc_rl.tsv.gz
123,6130,GOY006.A0101.SG1.2.10M.artifact_removal_gc_rl.tsv.gz
124,5871,GOY006.A0101.SG1.2.10M.artifact_removal_gc_rl.tsv.gz
125,5501,GOY006.A0101.SG1.2.10M.artifact_removal_gc_rl.tsv.gz
126,5300,GOY006.A0101.SG1.2.10M.artifact_removal_gc_rl.tsv.gz
127,5294,GOY006.A0101.SG1.2.10M.artifact_removal_gc_rl.tsv.gz
128,5039,GOY006.A0101.SG1.2.10M.artifact_removal_gc_rl.tsv.gz
129,4913,GOY006.A0101.SG1.2.10M.artifact_removal_gc_rl.tsv.gz
130,4891,GOY006.A0101.SG1.2.10M.artifact_removal_gc_rl.tsv.gz
131,4748,GOY006.A0101.SG1.2.10M.artifact_removal_gc_rl.tsv.gz
132,4673,GOY006.A0101.SG1.2.10M.artifact_removal_gc_rl.tsv.gz
133,4476,GOY006.A0101.SG1.2.10M.artifact_removal_gc_rl.tsv.gz
134,4705,GOY006.A0101.SG1.2.10M.artifact_removal_gc_rl.tsv.gz
135,4352,GOY006.A0101.SG1.2.10M.artifact_removal_gc_rl.tsv.gz
136,4531,GOY006.A0101.SG1.2.10M.artifact_removal_gc_rl.tsv.gz
137,5058,GOY006.A0101.SG1.2.10M.artifact_removal_gc_rl.tsv.gz
138,4428,GOY006.A0101.SG1.2.10M.artifact_removal_gc_rl.tsv.gz
139,5276,GOY006.A0101.SG1.2.10M.artifact_removal_gc_rl.tsv.gz
140,6949,GOY006.A0101.SG1.2.10M.artifact_removal_gc_rl.tsv.gz
141,4699,GOY006.A0101.SG1.2.10M.artifact_removal_gc_rl.tsv.gz
30,244406,GOY006.A0102.SG1.5.10M.artifact_removal_gc_rl.tsv.gz
31,245009,GOY006.A0102.SG1.5.10M.artifact_removal_gc_rl.tsv.gz
32,244460,GOY006.A0102.SG1.5.10M.artifact_removal_gc_rl.tsv.gz
33,230954,GOY006.A0102.SG1.5.10M.artifact_removal_gc_rl.tsv.gz
34,227614,GOY006.A0102.SG1.5.10M.artifact_removal_gc_rl.tsv.gz
35,222587,GOY006.A0102.SG1.5.10M.artifact_removal_gc_rl.tsv.gz
36,206788,GOY006.A0102.SG1.5.10M.artifact_removal_gc_rl.tsv.gz
37,197827,GOY006.A0102.SG1.5.10M.artifact_removal_gc_rl.tsv.gz
38,189734,GOY006.A0102.SG1.5.10M.artifact_removal_gc_rl.tsv.gz
39,173419,GOY006.A0102.SG1.5.10M.artifact_removal_gc_rl.tsv.gz
40,165774,GOY006.A0102.SG1.5.10M.artifact_removal_gc_rl.tsv.gz
41,158208,GOY006.A0102.SG1.5.10M.artifact_removal_gc_rl.tsv.gz
42,144967,GOY006.A0102.SG1.5.10M.artifact_removal_gc_rl.tsv.gz
43,137933,GOY006.A0102.SG1.5.10M.artifact_removal_gc_rl.tsv.gz
44,132391,GOY006.A0102.SG1.5.10M.artifact_removal_gc_rl.tsv.gz
45,122191,GOY006.A0102.SG1.5.10M.artifact_removal_gc_rl.tsv.gz
46,114659,GOY006.A0102.SG1.5.10M.artifact_removal_gc_rl.tsv.gz
47,109048,GOY006.A0102.SG1.5.10M.artifact_removal_gc_rl.tsv.gz
48,99361,GOY006.A0102.SG1.5.10M.artifact_removal_gc_rl.tsv.gz
49,93689,GOY006.A0102.SG1.5.10M.artifact_removal_gc_rl.tsv.gz
50,88361,GOY006.A0102.SG1.5.10M.artifact_removal_gc_rl.tsv.gz
51,80313,GOY006.A0102.SG1.5.10M.artifact_removal_gc_rl.tsv.gz
52,75569,GOY006.A0102.SG1.5.10M.artifact_removal_gc_rl.tsv.gz
53,71347,GOY006.A0102.SG1.5.10M.artifact_removal_gc_rl.tsv.gz
54,65288,GOY006.A0102.SG1.5.10M.artifact_removal_gc_rl.tsv.gz
55,61926,GOY006.A0102.SG1.5.10M.artifact_removal_gc_rl.tsv.gz
56,58976,GOY006.A0102.SG1.5.10M.artifact_removal_gc_rl.tsv.gz
57,53574,GOY006.A0102.SG1.5.10M.artifact_removal_gc_rl.tsv.gz
58,50571,GOY006.A0102.SG1.5.10M.artifact_removal_gc_rl.tsv.gz
59,47756,GOY006.A0102.SG1.5.10M.artifact_removal_gc_rl.tsv.gz
60,43566,GOY006.A0102.SG1.5.10M.artifact_removal_gc_rl.tsv.gz
61,41005,GOY006.A0102.SG1.5.10M.artifact_removal_gc_rl.tsv.gz
62,38735,GOY006.A0102.SG1.5.10M.artifact_removal_gc_rl.tsv.gz
63,35474,GOY006.A0102.SG1.5.10M.artifact_removal_gc_rl.tsv.gz
64,33546,GOY006.A0102.SG1.5.10M.artifact_removal_gc_rl.tsv.gz
65,32506,GOY006.A0102.SG1.5.10M.artifact_removal_gc_rl.tsv.gz
66,29570,GOY006.A0102.SG1.5.10M.artifact_removal_gc_rl.tsv.gz
67,28155,GOY006.A0102.SG1.5.10M.artifact_removal_gc_rl.tsv.gz
68,27092,GOY006.A0102.SG1.5.10M.artifact_removal_gc_rl.tsv.gz
69,24765,GOY006.A0102.SG1.5.10M.artifact_removal_gc_rl.tsv.gz
70,23930,GOY006.A0102.SG1.5.10M.artifact_removal_gc_rl.tsv.gz
71,22971,GOY006.A0102.SG1.5.10M.artifact_removal_gc_rl.tsv.gz
72,22122,GOY006.A0102.SG1.5.10M.artifact_removal_gc_rl.tsv.gz
73,22271,GOY006.A0102.SG1.5.10M.artifact_removal_gc_rl.tsv.gz
74,24009,GOY006.A0102.SG1.5.10M.artifact_removal_gc_rl.tsv.gz
75,30231,GOY006.A0102.SG1.5.10M.artifact_removal_gc_rl.tsv.gz
76,93829,GOY006.A0102.SG1.5.10M.artifact_removal_gc_rl.tsv.gz
77,15433,GOY006.A0102.SG1.5.10M.artifact_removal_gc_rl.tsv.gz
78,14322,GOY006.A0102.SG1.5.10M.artifact_removal_gc_rl.tsv.gz
79,13648,GOY006.A0102.SG1.5.10M.artifact_removal_gc_rl.tsv.gz
80,13123,GOY006.A0102.SG1.5.10M.artifact_removal_gc_rl.tsv.gz
81,12251,GOY006.A0102.SG1.5.10M.artifact_removal_gc_rl.tsv.gz
82,11709,GOY006.A0102.SG1.5.10M.artifact_removal_gc_rl.tsv.gz
83,11161,GOY006.A0102.SG1.5.10M.artifact_removal_gc_rl.tsv.gz
84,10252,GOY006.A0102.SG1.5.10M.artifact_removal_gc_rl.tsv.gz
85,9940,GOY006.A0102.SG1.5.10M.artifact_removal_gc_rl.tsv.gz
86,9300,GOY006.A0102.SG1.5.10M.artifact_removal_gc_rl.tsv.gz
87,8847,GOY006.A0102.SG1.5.10M.artifact_removal_gc_rl.tsv.gz
88,8444,GOY006.A0102.SG1.5.10M.artifact_removal_gc_rl.tsv.gz
89,8074,GOY006.A0102.SG1.5.10M.artifact_removal_gc_rl.tsv.gz
90,7579,GOY006.A0102.SG1.5.10M.artifact_removal_gc_rl.tsv.gz
91,7191,GOY006.A0102.SG1.5.10M.artifact_removal_gc_rl.tsv.gz
92,6997,GOY006.A0102.SG1.5.10M.artifact_removal_gc_rl.tsv.gz
93,6518,GOY006.A0102.SG1.5.10M.artifact_removal_gc_rl.tsv.gz
94,6192,GOY006.A0102.SG1.5.10M.artifact_removal_gc_rl.tsv.gz
95,5992,GOY006.A0102.SG1.5.10M.artifact_removal_gc_rl.tsv.gz
96,5785,GOY006.A0102.SG1.5.10M.artifact_removal_gc_rl.tsv.gz
97,5552,GOY006.A0102.SG1.5.10M.artifact_removal_gc_rl.tsv.gz
98,5281,GOY006.A0102.SG1.5.10M.artifact_removal_gc_rl.tsv.gz
99,5038,GOY006.A0102.SG1.5.10M.artifact_removal_gc_rl.tsv.gz
100,4720,GOY006.A0102.SG1.5.10M.artifact_removal_gc_rl.tsv.gz
101,4590,GOY006.A0102.SG1.5.10M.artifact_removal_gc_rl.tsv.gz
102,4432,GOY006.A0102.SG1.5.10M.artifact_removal_gc_rl.tsv.gz
103,4224,GOY006.A0102.SG1.5.10M.artifact_removal_gc_rl.tsv.gz
104,4083,GOY006.A0102.SG1.5.10M.artifact_removal_gc_rl.tsv.gz
105,3779,GOY006.A0102.SG1.5.10M.artifact_removal_gc_rl.tsv.gz
106,3715,GOY006.A0102.SG1.5.10M.artifact_removal_gc_rl.tsv.gz
107,3539,GOY006.A0102.SG1.5.10M.artifact_removal_gc_rl.tsv.gz
108,3373,GOY006.A0102.SG1.5.10M.artifact_removal_gc_rl.tsv.gz
109,3210,GOY006.A0102.SG1.5.10M.artifact_removal_gc_rl.tsv.gz
110,3144,GOY006.A0102.SG1.5.10M.artifact_removal_gc_rl.tsv.gz
111,3007,GOY006.A0102.SG1.5.10M.artifact_removal_gc_rl.tsv.gz
112,2873,GOY006.A0102.SG1.5.10M.artifact_removal_gc_rl.tsv.gz
113,2712,GOY006.A0102.SG1.5.10M.artifact_removal_gc_rl.tsv.gz
114,2717,GOY006.A0102.SG1.5.10M.artifact_removal_gc_rl.tsv.gz
115,2569,GOY006.A0102.SG1.5.10M.artifact_removal_gc_rl.tsv.gz
116,2413,GOY006.A0102.SG1.5.10M.artifact_removal_gc_rl.tsv.gz
117,2447,GOY006.A0102.SG1.5.10M.artifact_removal_gc_rl.tsv.gz
118,2355,GOY006.A0102.SG1.5.10M.artifact_removal_gc_rl.tsv.gz
119,2291,GOY006.A0102.SG1.5.10M.artifact_removal_gc_rl.tsv.gz
120,2146,GOY006.A0102.SG1.5.10M.artifact_removal_gc_rl.tsv.gz
121,2107,GOY006.A0102.SG1.5.10M.artifact_removal_gc_rl.tsv.gz
122,1953,GOY006.A0102.SG1.5.10M.artifact_removal_gc_rl.tsv.gz
123,1916,GOY006.A0102.SG1.5.10M.artifact_removal_gc_rl.tsv.gz
124,1809,GOY006.A0102.SG1.5.10M.artifact_removal_gc_rl.tsv.gz
125,1824,GOY006.A0102.SG1.5.10M.artifact_removal_gc_rl.tsv.gz
126,1661,GOY006.A0102.SG1.5.10M.artifact_removal_gc_rl.tsv.gz
127,1643,GOY006.A0102.SG1.5.10M.artifact_removal_gc_rl.tsv.gz
128,1532,GOY006.A0102.SG1.5.10M.artifact_removal_gc_rl.tsv.gz
129,1580,GOY006.A0102.SG1.5.10M.artifact_removal_gc_rl.tsv.gz
130,1458,GOY006.A0102.SG1.5.10M.artifact_removal_gc_rl.tsv.gz
131,1478,GOY006.A0102.SG1.5.10M.artifact_removal_gc_rl.tsv.gz
132,1353,GOY006.A0102.SG1.5.10M.artifact_removal_gc_rl.tsv.gz
133,1346,GOY006.A0102.SG1.5.10M.artifact_removal_gc_rl.tsv.gz
134,1375,GOY006.A0102.SG1.5.10M.artifact_removal_gc_rl.tsv.gz
135,1273,GOY006.A0102.SG1.5.10M.artifact_removal_gc_rl.tsv.gz
136,1356,GOY006.A0102.SG1.5.10M.artifact_removal_gc_rl.tsv.gz
137,1454,GOY006.A0102.SG1.5.10M.artifact_removal_gc_rl.tsv.gz
138,1278,GOY006.A0102.SG1.5.10M.artifact_removal_gc_rl.tsv.gz
139,1468,GOY006.A0102.SG1.5.10M.artifact_removal_gc_rl.tsv.gz
140,1789,GOY006.A0102.SG1.5.10M.artifact_removal_gc_rl.tsv.gz
141,1332,GOY006.A0102.SG1.5.10M.artifact_removal_gc_rl.tsv.gz
30,62167,GUE001.A0101.SG1.1.10M.artifact_removal_gc_rl.tsv.gz
31,68389,GUE001.A0101.SG1.1.10M.artifact_removal_gc_rl.tsv.gz
32,74549,GUE001.A0101.SG1.1.10M.artifact_removal_gc_rl.tsv.gz
33,78806,GUE001.A0101.SG1.1.10M.artifact_removal_gc_rl.tsv.gz
34,84333,GUE001.A0101.SG1.1.10M.artifact_removal_gc_rl.tsv.gz
35,90935,GUE001.A0101.SG1.1.10M.artifact_removal_gc_rl.tsv.gz
36,95852,GUE001.A0101.SG1.1.10M.artifact_removal_gc_rl.tsv.gz
37,99452,GUE001.A0101.SG1.1.10M.artifact_removal_gc_rl.tsv.gz
38,100942,GUE001.A0101.SG1.1.10M.artifact_removal_gc_rl.tsv.gz
39,105657,GUE001.A0101.SG1.1.10M.artifact_removal_gc_rl.tsv.gz
40,108342,GUE001.A0101.SG1.1.10M.artifact_removal_gc_rl.tsv.gz
41,109973,GUE001.A0101.SG1.1.10M.artifact_removal_gc_rl.tsv.gz
42,112200,GUE001.A0101.SG1.1.10M.artifact_removal_gc_rl.tsv.gz
43,114451,GUE001.A0101.SG1.1.10M.artifact_removal_gc_rl.tsv.gz
44,114529,GUE001.A0101.SG1.1.10M.artifact_removal_gc_rl.tsv.gz
45,116772,GUE001.A0101.SG1.1.10M.artifact_removal_gc_rl.tsv.gz
46,116374,GUE001.A0101.SG1.1.10M.artifact_removal_gc_rl.tsv.gz
47,116638,GUE001.A0101.SG1.1.10M.artifact_removal_gc_rl.tsv.gz
48,116466,GUE001.A0101.SG1.1.10M.artifact_removal_gc_rl.tsv.gz
49,113659,GUE001.A0101.SG1.1.10M.artifact_removal_gc_rl.tsv.gz
50,113304,GUE001.A0101.SG1.1.10M.artifact_removal_gc_rl.tsv.gz
51,113365,GUE001.A0101.SG1.1.10M.artifact_removal_gc_rl.tsv.gz
52,112007,GUE001.A0101.SG1.1.10M.artifact_removal_gc_rl.tsv.gz
53,111216,GUE001.A0101.SG1.1.10M.artifact_removal_gc_rl.tsv.gz
54,110401,GUE001.A0101.SG1.1.10M.artifact_removal_gc_rl.tsv.gz
55,110353,GUE001.A0101.SG1.1.10M.artifact_removal_gc_rl.tsv.gz
56,108129,GUE001.A0101.SG1.1.10M.artifact_removal_gc_rl.tsv.gz
57,106383,GUE001.A0101.SG1.1.10M.artifact_removal_gc_rl.tsv.gz
58,105050,GUE001.A0101.SG1.1.10M.artifact_removal_gc_rl.tsv.gz
59,102862,GUE001.A0101.SG1.1.10M.artifact_removal_gc_rl.tsv.gz
60,102460,GUE001.A0101.SG1.1.10M.artifact_removal_gc_rl.tsv.gz
61,101435,GUE001.A0101.SG1.1.10M.artifact_removal_gc_rl.tsv.gz
62,99138,GUE001.A0101.SG1.1.10M.artifact_removal_gc_rl.tsv.gz
63,98211,GUE001.A0101.SG1.1.10M.artifact_removal_gc_rl.tsv.gz
64,98112,GUE001.A0101.SG1.1.10M.artifact_removal_gc_rl.tsv.gz
65,95230,GUE001.A0101.SG1.1.10M.artifact_removal_gc_rl.tsv.gz
66,95594,GUE001.A0101.SG1.1.10M.artifact_removal_gc_rl.tsv.gz
67,93267,GUE001.A0101.SG1.1.10M.artifact_removal_gc_rl.tsv.gz
68,92080,GUE001.A0101.SG1.1.10M.artifact_removal_gc_rl.tsv.gz
69,92625,GUE001.A0101.SG1.1.10M.artifact_removal_gc_rl.tsv.gz
70,93707,GUE001.A0101.SG1.1.10M.artifact_removal_gc_rl.tsv.gz
71,93426,GUE001.A0101.SG1.1.10M.artifact_removal_gc_rl.tsv.gz
72,101911,GUE001.A0101.SG1.1.10M.artifact_removal_gc_rl.tsv.gz
73,123018,GUE001.A0101.SG1.1.10M.artifact_removal_gc_rl.tsv.gz
74,195659,GUE001.A0101.SG1.1.10M.artifact_removal_gc_rl.tsv.gz
75,548161,GUE001.A0101.SG1.1.10M.artifact_removal_gc_rl.tsv.gz
76,1300103,GUE001.A0101.SG1.1.10M.artifact_removal_gc_rl.tsv.gz
77,75333,GUE001.A0101.SG1.1.10M.artifact_removal_gc_rl.tsv.gz
78,75307,GUE001.A0101.SG1.1.10M.artifact_removal_gc_rl.tsv.gz
79,73506,GUE001.A0101.SG1.1.10M.artifact_removal_gc_rl.tsv.gz
80,71877,GUE001.A0101.SG1.1.10M.artifact_removal_gc_rl.tsv.gz
81,70961,GUE001.A0101.SG1.1.10M.artifact_removal_gc_rl.tsv.gz
82,69588,GUE001.A0101.SG1.1.10M.artifact_removal_gc_rl.tsv.gz
83,67568,GUE001.A0101.SG1.1.10M.artifact_removal_gc_rl.tsv.gz
84,66488,GUE001.A0101.SG1.1.10M.artifact_removal_gc_rl.tsv.gz
85,66182,GUE001.A0101.SG1.1.10M.artifact_removal_gc_rl.tsv.gz
86,63960,GUE001.A0101.SG1.1.10M.artifact_removal_gc_rl.tsv.gz
87,63262,GUE001.A0101.SG1.1.10M.artifact_removal_gc_rl.tsv.gz
88,62835,GUE001.A0101.SG1.1.10M.artifact_removal_gc_rl.tsv.gz
89,60481,GUE001.A0101.SG1.1.10M.artifact_removal_gc_rl.tsv.gz
90,60454,GUE001.A0101.SG1.1.10M.artifact_removal_gc_rl.tsv.gz
91,60138,GUE001.A0101.SG1.1.10M.artifact_removal_gc_rl.tsv.gz
92,57773,GUE001.A0101.SG1.1.10M.artifact_removal_gc_rl.tsv.gz
93,57845,GUE001.A0101.SG1.1.10M.artifact_removal_gc_rl.tsv.gz
94,56272,GUE001.A0101.SG1.1.10M.artifact_removal_gc_rl.tsv.gz
95,54491,GUE001.A0101.SG1.1.10M.artifact_removal_gc_rl.tsv.gz
96,54414,GUE001.A0101.SG1.1.10M.artifact_removal_gc_rl.tsv.gz
97,54225,GUE001.A0101.SG1.1.10M.artifact_removal_gc_rl.tsv.gz
98,52783,GUE001.A0101.SG1.1.10M.artifact_removal_gc_rl.tsv.gz
99,51495,GUE001.A0101.SG1.1.10M.artifact_removal_gc_rl.tsv.gz
100,51325,GUE001.A0101.SG1.1.10M.artifact_removal_gc_rl.tsv.gz
101,48890,GUE001.A0101.SG1.1.10M.artifact_removal_gc_rl.tsv.gz
102,49042,GUE001.A0101.SG1.1.10M.artifact_removal_gc_rl.tsv.gz
103,48446,GUE001.A0101.SG1.1.10M.artifact_removal_gc_rl.tsv.gz
104,47357,GUE001.A0101.SG1.1.10M.artifact_removal_gc_rl.tsv.gz
105,46771,GUE001.A0101.SG1.1.10M.artifact_removal_gc_rl.tsv.gz
106,45201,GUE001.A0101.SG1.1.10M.artifact_removal_gc_rl.tsv.gz
107,44468,GUE001.A0101.SG1.1.10M.artifact_removal_gc_rl.tsv.gz
108,44216,GUE001.A0101.SG1.1.10M.artifact_removal_gc_rl.tsv.gz
109,43477,GUE001.A0101.SG1.1.10M.artifact_removal_gc_rl.tsv.gz
110,42165,GUE001.A0101.SG1.1.10M.artifact_removal_gc_rl.tsv.gz
111,41707,GUE001.A0101.SG1.1.10M.artifact_removal_gc_rl.tsv.gz
112,40755,GUE001.A0101.SG1.1.10M.artifact_removal_gc_rl.tsv.gz
113,39929,GUE001.A0101.SG1.1.10M.artifact_removal_gc_rl.tsv.gz
114,39109,GUE001.A0101.SG1.1.10M.artifact_removal_gc_rl.tsv.gz
115,38173,GUE001.A0101.SG1.1.10M.artifact_removal_gc_rl.tsv.gz
116,37815,GUE001.A0101.SG1.1.10M.artifact_removal_gc_rl.tsv.gz
117,37193,GUE001.A0101.SG1.1.10M.artifact_removal_gc_rl.tsv.gz
118,36780,GUE001.A0101.SG1.1.10M.artifact_removal_gc_rl.tsv.gz
119,35004,GUE001.A0101.SG1.1.10M.artifact_removal_gc_rl.tsv.gz
120,34694,GUE001.A0101.SG1.1.10M.artifact_removal_gc_rl.tsv.gz
121,34289,GUE001.A0101.SG1.1.10M.artifact_removal_gc_rl.tsv.gz
122,33408,GUE001.A0101.SG1.1.10M.artifact_removal_gc_rl.tsv.gz
123,32102,GUE001.A0101.SG1.1.10M.artifact_removal_gc_rl.tsv.gz
124,31813,GUE001.A0101.SG1.1.10M.artifact_removal_gc_rl.tsv.gz
125,31082,GUE001.A0101.SG1.1.10M.artifact_removal_gc_rl.tsv.gz
126,30438,GUE001.A0101.SG1.1.10M.artifact_removal_gc_rl.tsv.gz
127,30293,GUE001.A0101.SG1.1.10M.artifact_removal_gc_rl.tsv.gz
128,29303,GUE001.A0101.SG1.1.10M.artifact_removal_gc_rl.tsv.gz
129,28438,GUE001.A0101.SG1.1.10M.artifact_removal_gc_rl.tsv.gz
130,28609,GUE001.A0101.SG1.1.10M.artifact_removal_gc_rl.tsv.gz
131,27949,GUE001.A0101.SG1.1.10M.artifact_removal_gc_rl.tsv.gz
132,26750,GUE001.A0101.SG1.1.10M.artifact_removal_gc_rl.tsv.gz
133,27073,GUE001.A0101.SG1.1.10M.artifact_removal_gc_rl.tsv.gz
134,25852,GUE001.A0101.SG1.1.10M.artifact_removal_gc_rl.tsv.gz
135,25132,GUE001.A0101.SG1.1.10M.artifact_removal_gc_rl.tsv.gz
136,25774,GUE001.A0101.SG1.1.10M.artifact_removal_gc_rl.tsv.gz
137,26228,GUE001.A0101.SG1.1.10M.artifact_removal_gc_rl.tsv.gz
138,24742,GUE001.A0101.SG1.1.10M.artifact_removal_gc_rl.tsv.gz
139,25218,GUE001.A0101.SG1.1.10M.artifact_removal_gc_rl.tsv.gz
140,27007,GUE001.A0101.SG1.1.10M.artifact_removal_gc_rl.tsv.gz
141,22543,GUE001.A0101.SG1.1.10M.artifact_removal_gc_rl.tsv.gz
30,23999,GUE001.A0102.SG1.4.10M.artifact_removal_gc_rl.tsv.gz
31,23280,GUE001.A0102.SG1.4.10M.artifact_removal_gc_rl.tsv.gz
32,23084,GUE001.A0102.SG1.4.10M.artifact_removal_gc_rl.tsv.gz
33,21750,GUE001.A0102.SG1.4.10M.artifact_removal_gc_rl.tsv.gz
34,20952,GUE001.A0102.SG1.4.10M.artifact_removal_gc_rl.tsv.gz
35,19738,GUE001.A0102.SG1.4.10M.artifact_removal_gc_rl.tsv.gz
36,19165,GUE001.A0102.SG1.4.10M.artifact_removal_gc_rl.tsv.gz
37,18033,GUE001.A0102.SG1.4.10M.artifact_removal_gc_rl.tsv.gz
38,17158,GUE001.A0102.SG1.4.10M.artifact_removal_gc_rl.tsv.gz
39,15804,GUE001.A0102.SG1.4.10M.artifact_removal_gc_rl.tsv.gz
40,15369,GUE001.A0102.SG1.4.10M.artifact_removal_gc_rl.tsv.gz
41,14338,GUE001.A0102.SG1.4.10M.artifact_removal_gc_rl.tsv.gz
42,13493,GUE001.A0102.SG1.4.10M.artifact_removal_gc_rl.tsv.gz
43,12592,GUE001.A0102.SG1.4.10M.artifact_removal_gc_rl.tsv.gz
44,12044,GUE001.A0102.SG1.4.10M.artifact_removal_gc_rl.tsv.gz
45,11401,GUE001.A0102.SG1.4.10M.artifact_removal_gc_rl.tsv.gz
46,10944,GUE001.A0102.SG1.4.10M.artifact_removal_gc_rl.tsv.gz
47,10100,GUE001.A0102.SG1.4.10M.artifact_removal_gc_rl.tsv.gz
48,9397,GUE001.A0102.SG1.4.10M.artifact_removal_gc_rl.tsv.gz
49,8841,GUE001.A0102.SG1.4.10M.artifact_removal_gc_rl.tsv.gz
50,8402,GUE001.A0102.SG1.4.10M.artifact_removal_gc_rl.tsv.gz
51,7719,GUE001.A0102.SG1.4.10M.artifact_removal_gc_rl.tsv.gz
52,7308,GUE001.A0102.SG1.4.10M.artifact_removal_gc_rl.tsv.gz
53,6986,GUE001.A0102.SG1.4.10M.artifact_removal_gc_rl.tsv.gz
54,6518,GUE001.A0102.SG1.4.10M.artifact_removal_gc_rl.tsv.gz
55,6192,GUE001.A0102.SG1.4.10M.artifact_removal_gc_rl.tsv.gz
56,5799,GUE001.A0102.SG1.4.10M.artifact_removal_gc_rl.tsv.gz
57,5589,GUE001.A0102.SG1.4.10M.artifact_removal_gc_rl.tsv.gz
58,5344,GUE001.A0102.SG1.4.10M.artifact_removal_gc_rl.tsv.gz
59,4945,GUE001.A0102.SG1.4.10M.artifact_removal_gc_rl.tsv.gz
60,4702,GUE001.A0102.SG1.4.10M.artifact_removal_gc_rl.tsv.gz
61,4506,GUE001.A0102.SG1.4.10M.artifact_removal_gc_rl.tsv.gz
62,4411,GUE001.A0102.SG1.4.10M.artifact_removal_gc_rl.tsv.gz
63,4079,GUE001.A0102.SG1.4.10M.artifact_removal_gc_rl.tsv.gz
64,4008,GUE001.A0102.SG1.4.10M.artifact_removal_gc_rl.tsv.gz
65,3988,GUE001.A0102.SG1.4.10M.artifact_removal_gc_rl.tsv.gz
66,3604,GUE001.A0102.SG1.4.10M.artifact_removal_gc_rl.tsv.gz
67,3419,GUE001.A0102.SG1.4.10M.artifact_removal_gc_rl.tsv.gz
68,3394,GUE001.A0102.SG1.4.10M.artifact_removal_gc_rl.tsv.gz
69,3389,GUE001.A0102.SG1.4.10M.artifact_removal_gc_rl.tsv.gz
70,3605,GUE001.A0102.SG1.4.10M.artifact_removal_gc_rl.tsv.gz
71,3772,GUE001.A0102.SG1.4.10M.artifact_removal_gc_rl.tsv.gz
72,4331,GUE001.A0102.SG1.4.10M.artifact_removal_gc_rl.tsv.gz
73,5510,GUE001.A0102.SG1.4.10M.artifact_removal_gc_rl.tsv.gz
74,7271,GUE001.A0102.SG1.4.10M.artifact_removal_gc_rl.tsv.gz
75,11280,GUE001.A0102.SG1.4.10M.artifact_removal_gc_rl.tsv.gz
76,36658,GUE001.A0102.SG1.4.10M.artifact_removal_gc_rl.tsv.gz
77,2031,GUE001.A0102.SG1.4.10M.artifact_removal_gc_rl.tsv.gz
78,1926,GUE001.A0102.SG1.4.10M.artifact_removal_gc_rl.tsv.gz
79,1851,GUE001.A0102.SG1.4.10M.artifact_removal_gc_rl.tsv.gz
80,1790,GUE001.A0102.SG1.4.10M.artifact_removal_gc_rl.tsv.gz
81,1637,GUE001.A0102.SG1.4.10M.artifact_removal_gc_rl.tsv.gz
82,1588,GUE001.A0102.SG1.4.10M.artifact_removal_gc_rl.tsv.gz
83,1523,GUE001.A0102.SG1.4.10M.artifact_removal_gc_rl.tsv.gz
84,1545,GUE001.A0102.SG1.4.10M.artifact_removal_gc_rl.tsv.gz
85,1397,GUE001.A0102.SG1.4.10M.artifact_removal_gc_rl.tsv.gz
86,1316,GUE001.A0102.SG1.4.10M.artifact_removal_gc_rl.tsv.gz
87,1219,GUE001.A0102.SG1.4.10M.artifact_removal_gc_rl.tsv.gz
88,1277,GUE001.A0102.SG1.4.10M.artifact_removal_gc_rl.tsv.gz
89,1145,GUE001.A0102.SG1.4.10M.artifact_removal_gc_rl.tsv.gz
90,1139,GUE001.A0102.SG1.4.10M.artifact_removal_gc_rl.tsv.gz
91,1097,GUE001.A0102.SG1.4.10M.artifact_removal_gc_rl.tsv.gz
92,1057,GUE001.A0102.SG1.4.10M.artifact_removal_gc_rl.tsv.gz
93,1016,GUE001.A0102.SG1.4.10M.artifact_removal_gc_rl.tsv.gz
94,958,GUE001.A0102.SG1.4.10M.artifact_removal_gc_rl.tsv.gz
95,924,GUE001.A0102.SG1.4.10M.artifact_removal_gc_rl.tsv.gz
96,859,GUE001.A0102.SG1.4.10M.artifact_removal_gc_rl.tsv.gz
97,861,GUE001.A0102.SG1.4.10M.artifact_removal_gc_rl.tsv.gz
98,868,GUE001.A0102.SG1.4.10M.artifact_removal_gc_rl.tsv.gz
99,827,GUE001.A0102.SG1.4.10M.artifact_removal_gc_rl.tsv.gz
100,766,GUE001.A0102.SG1.4.10M.artifact_removal_gc_rl.tsv.gz
101,726,GUE001.A0102.SG1.4.10M.artifact_removal_gc_rl.tsv.gz
102,723,GUE001.A0102.SG1.4.10M.artifact_removal_gc_rl.tsv.gz
103,700,GUE001.A0102.SG1.4.10M.artifact_removal_gc_rl.tsv.gz
104,684,GUE001.A0102.SG1.4.10M.artifact_removal_gc_rl.tsv.gz
105,639,GUE001.A0102.SG1.4.10M.artifact_removal_gc_rl.tsv.gz
106,598,GUE001.A0102.SG1.4.10M.artifact_removal_gc_rl.tsv.gz
107,626,GUE001.A0102.SG1.4.10M.artifact_removal_gc_rl.tsv.gz
108,556,GUE001.A0102.SG1.4.10M.artifact_removal_gc_rl.tsv.gz
109,602,GUE001.A0102.SG1.4.10M.artifact_removal_gc_rl.tsv.gz
110,538,GUE001.A0102.SG1.4.10M.artifact_removal_gc_rl.tsv.gz
111,514,GUE001.A0102.SG1.4.10M.artifact_removal_gc_rl.tsv.gz
112,492,GUE001.A0102.SG1.4.10M.artifact_removal_gc_rl.tsv.gz
113,495,GUE001.A0102.SG1.4.10M.artifact_removal_gc_rl.tsv.gz
114,468,GUE001.A0102.SG1.4.10M.artifact_removal_gc_rl.tsv.gz
115,432,GUE001.A0102.SG1.4.10M.artifact_removal_gc_rl.tsv.gz
116,440,GUE001.A0102.SG1.4.10M.artifact_removal_gc_rl.tsv.gz
117,422,GUE001.A0102.SG1.4.10M.artifact_removal_gc_rl.tsv.gz
118,383,GUE001.A0102.SG1.4.10M.artifact_removal_gc_rl.tsv.gz
119,412,GUE001.A0102.SG1.4.10M.artifact_removal_gc_rl.tsv.gz
120,395,GUE001.A0102.SG1.4.10M.artifact_removal_gc_rl.tsv.gz
121,356,GUE001.A0102.SG1.4.10M.artifact_removal_gc_rl.tsv.gz
122,364,GUE001.A0102.SG1.4.10M.artifact_removal_gc_rl.tsv.gz
123,333,GUE001.A0102.SG1.4.10M.artifact_removal_gc_rl.tsv.gz
124,364,GUE001.A0102.SG1.4.10M.artifact_removal_gc_rl.tsv.gz
125,281,GUE001.A0102.SG1.4.10M.artifact_removal_gc_rl.tsv.gz
126,308,GUE001.A0102.SG1.4.10M.artifact_removal_gc_rl.tsv.gz
127,272,GUE001.A0102.SG1.4.10M.artifact_removal_gc_rl.tsv.gz
128,254,GUE001.A0102.SG1.4.10M.artifact_removal_gc_rl.tsv.gz
129,257,GUE001.A0102.SG1.4.10M.artifact_removal_gc_rl.tsv.gz
130,253,GUE001.A0102.SG1.4.10M.artifact_removal_gc_rl.tsv.gz
131,281,GUE001.A0102.SG1.4.10M.artifact_removal_gc_rl.tsv.gz
132,271,GUE001.A0102.SG1.4.10M.artifact_removal_gc_rl.tsv.gz
133,242,GUE001.A0102.SG1.4.10M.artifact_removal_gc_rl.tsv.gz
134,248,GUE001.A0102.SG1.4.10M.artifact_removal_gc_rl.tsv.gz
135,259,GUE001.A0102.SG1.4.10M.artifact_removal_gc_rl.tsv.gz
136,240,GUE001.A0102.SG1.4.10M.artifact_removal_gc_rl.tsv.gz
137,259,GUE001.A0102.SG1.4.10M.artifact_removal_gc_rl.tsv.gz
138,235,GUE001.A0102.SG1.4.10M.artifact_removal_gc_rl.tsv.gz
139,205,GUE001.A0102.SG1.4.10M.artifact_removal_gc_rl.tsv.gz
140,242,GUE001.A0102.SG1.4.10M.artifact_removal_gc_rl.tsv.gz
141,192,GUE001.A0102.SG1.4.10M.artifact_removal_gc_rl.tsv.gz
30,63775,PES001.B0101.SG1.3.10M.artifact_removal_gc_rl.tsv.gz
31,71314,PES001.B0101.SG1.3.10M.artifact_removal_gc_rl.tsv.gz
32,77341,PES001.B0101.SG1.3.10M.artifact_removal_gc_rl.tsv.gz
33,88368,PES001.B0101.SG1.3.10M.artifact_removal_gc_rl.tsv.gz
34,97228,PES001.B0101.SG1.3.10M.artifact_removal_gc_rl.tsv.gz
35,103788,PES001.B0101.SG1.3.10M.artifact_removal_gc_rl.tsv.gz
36,111838,PES001.B0101.SG1.3.10M.artifact_removal_gc_rl.tsv.gz
37,116339,PES001.B0101.SG1.3.10M.artifact_removal_gc_rl.tsv.gz
38,116683,PES001.B0101.SG1.3.10M.artifact_removal_gc_rl.tsv.gz
39,121576,PES001.B0101.SG1.3.10M.artifact_removal_gc_rl.tsv.gz
40,123195,PES001.B0101.SG1.3.10M.artifact_removal_gc_rl.tsv.gz
41,123363,PES001.B0101.SG1.3.10M.artifact_removal_gc_rl.tsv.gz
42,128297,PES001.B0101.SG1.3.10M.artifact_removal_gc_rl.tsv.gz
43,130353,PES001.B0101.SG1.3.10M.artifact_removal_gc_rl.tsv.gz
44,129248,PES001.B0101.SG1.3.10M.artifact_removal_gc_rl.tsv.gz
45,135063,PES001.B0101.SG1.3.10M.artifact_removal_gc_rl.tsv.gz
46,135234,PES001.B0101.SG1.3.10M.artifact_removal_gc_rl.tsv.gz
47,132513,PES001.B0101.SG1.3.10M.artifact_removal_gc_rl.tsv.gz
48,134597,PES001.B0101.SG1.3.10M.artifact_removal_gc_rl.tsv.gz
49,133167,PES001.B0101.SG1.3.10M.artifact_removal_gc_rl.tsv.gz
50,129693,PES001.B0101.SG1.3.10M.artifact_removal_gc_rl.tsv.gz
51,132073,PES001.B0101.SG1.3.10M.artifact_removal_gc_rl.tsv.gz
52,130446,PES001.B0101.SG1.3.10M.artifact_removal_gc_rl.tsv.gz
53,127353,PES001.B0101.SG1.3.10M.artifact_removal_gc_rl.tsv.gz
54,129808,PES001.B0101.SG1.3.10M.artifact_removal_gc_rl.tsv.gz
55,128533,PES001.B0101.SG1.3.10M.artifact_removal_gc_rl.tsv.gz
56,123626,PES001.B0101.SG1.3.10M.artifact_removal_gc_rl.tsv.gz
57,125409,PES001.B0101.SG1.3.10M.artifact_removal_gc_rl.tsv.gz
58,123444,PES001.B0101.SG1.3.10M.artifact_removal_gc_rl.tsv.gz
59,118776,PES001.B0101.SG1.3.10M.artifact_removal_gc_rl.tsv.gz
60,120677,PES001.B0101.SG1.3.10M.artifact_removal_gc_rl.tsv.gz
61,117772,PES001.B0101.SG1.3.10M.artifact_removal_gc_rl.tsv.gz
62,113675,PES001.B0101.SG1.3.10M.artifact_removal_gc_rl.tsv.gz
63,115769,PES001.B0101.SG1.3.10M.artifact_removal_gc_rl.tsv.gz
64,114677,PES001.B0101.SG1.3.10M.artifact_removal_gc_rl.tsv.gz
65,109415,PES001.B0101.SG1.3.10M.artifact_removal_gc_rl.tsv.gz
66,111307,PES001.B0101.SG1.3.10M.artifact_removal_gc_rl.tsv.gz
67,109605,PES001.B0101.SG1.3.10M.artifact_removal_gc_rl.tsv.gz
68,105323,PES001.B0101.SG1.3.10M.artifact_removal_gc_rl.tsv.gz
69,108311,PES001.B0101.SG1.3.10M.artifact_removal_gc_rl.tsv.gz
70,107409,PES001.B0101.SG1.3.10M.artifact_removal_gc_rl.tsv.gz
71,107570,PES001.B0101.SG1.3.10M.artifact_removal_gc_rl.tsv.gz
72,113751,PES001.B0101.SG1.3.10M.artifact_removal_gc_rl.tsv.gz
73,124758,PES001.B0101.SG1.3.10M.artifact_removal_gc_rl.tsv.gz
74,160742,PES001.B0101.SG1.3.10M.artifact_removal_gc_rl.tsv.gz
75,443465,PES001.B0101.SG1.3.10M.artifact_removal_gc_rl.tsv.gz
76,1623273,PES001.B0101.SG1.3.10M.artifact_removal_gc_rl.tsv.gz
77,88645,PES001.B0101.SG1.3.10M.artifact_removal_gc_rl.tsv.gz
78,89302,PES001.B0101.SG1.3.10M.artifact_removal_gc_rl.tsv.gz
79,87050,PES001.B0101.SG1.3.10M.artifact_removal_gc_rl.tsv.gz
80,83573,PES001.B0101.SG1.3.10M.artifact_removal_gc_rl.tsv.gz
81,84324,PES001.B0101.SG1.3.10M.artifact_removal_gc_rl.tsv.gz
82,81997,PES001.B0101.SG1.3.10M.artifact_removal_gc_rl.tsv.gz
83,79124,PES001.B0101.SG1.3.10M.artifact_removal_gc_rl.tsv.gz
84,79778,PES001.B0101.SG1.3.10M.artifact_removal_gc_rl.tsv.gz
85,77975,PES001.B0101.SG1.3.10M.artifact_removal_gc_rl.tsv.gz
86,74957,PES001.B0101.SG1.3.10M.artifact_removal_gc_rl.tsv.gz
87,75619,PES001.B0101.SG1.3.10M.artifact_removal_gc_rl.tsv.gz
88,73666,PES001.B0101.SG1.3.10M.artifact_removal_gc_rl.tsv.gz
89,69838,PES001.B0101.SG1.3.10M.artifact_removal_gc_rl.tsv.gz
90,70879,PES001.B0101.SG1.3.10M.artifact_removal_gc_rl.tsv.gz
91,69039,PES001.B0101.SG1.3.10M.artifact_removal_gc_rl.tsv.gz
92,66117,PES001.B0101.SG1.3.10M.artifact_removal_gc_rl.tsv.gz
93,66629,PES001.B0101.SG1.3.10M.artifact_removal_gc_rl.tsv.gz
94,65110,PES001.B0101.SG1.3.10M.artifact_removal_gc_rl.tsv.gz
95,62510,PES001.B0101.SG1.3.10M.artifact_removal_gc_rl.tsv.gz
96,62557,PES001.B0101.SG1.3.10M.artifact_removal_gc_rl.tsv.gz
97,61212,PES001.B0101.SG1.3.10M.artifact_removal_gc_rl.tsv.gz
98,58129,PES001.B0101.SG1.3.10M.artifact_removal_gc_rl.tsv.gz
99,59007,PES001.B0101.SG1.3.10M.artifact_removal_gc_rl.tsv.gz
100,57533,PES001.B0101.SG1.3.10M.artifact_removal_gc_rl.tsv.gz
101,54722,PES001.B0101.SG1.3.10M.artifact_removal_gc_rl.tsv.gz
102,54637,PES001.B0101.SG1.3.10M.artifact_removal_gc_rl.tsv.gz
103,53833,PES001.B0101.SG1.3.10M.artifact_removal_gc_rl.tsv.gz
104,51121,PES001.B0101.SG1.3.10M.artifact_removal_gc_rl.tsv.gz
105,51508,PES001.B0101.SG1.3.10M.artifact_removal_gc_rl.tsv.gz
106,50704,PES001.B0101.SG1.3.10M.artifact_removal_gc_rl.tsv.gz
107,47955,PES001.B0101.SG1.3.10M.artifact_removal_gc_rl.tsv.gz
108,48000,PES001.B0101.SG1.3.10M.artifact_removal_gc_rl.tsv.gz
109,47177,PES001.B0101.SG1.3.10M.artifact_removal_gc_rl.tsv.gz
110,44512,PES001.B0101.SG1.3.10M.artifact_removal_gc_rl.tsv.gz
111,45342,PES001.B0101.SG1.3.10M.artifact_removal_gc_rl.tsv.gz
112,43958,PES001.B0101.SG1.3.10M.artifact_removal_gc_rl.tsv.gz
113,42085,PES001.B0101.SG1.3.10M.artifact_removal_gc_rl.tsv.gz
114,42284,PES001.B0101.SG1.3.10M.artifact_removal_gc_rl.tsv.gz
115,40966,PES001.B0101.SG1.3.10M.artifact_removal_gc_rl.tsv.gz
116,39077,PES001.B0101.SG1.3.10M.artifact_removal_gc_rl.tsv.gz
117,39482,PES001.B0101.SG1.3.10M.artifact_removal_gc_rl.tsv.gz
118,38710,PES001.B0101.SG1.3.10M.artifact_removal_gc_rl.tsv.gz
119,36313,PES001.B0101.SG1.3.10M.artifact_removal_gc_rl.tsv.gz
120,36676,PES001.B0101.SG1.3.10M.artifact_removal_gc_rl.tsv.gz
121,35750,PES001.B0101.SG1.3.10M.artifact_removal_gc_rl.tsv.gz
122,34359,PES001.B0101.SG1.3.10M.artifact_removal_gc_rl.tsv.gz
123,34138,PES001.B0101.SG1.3.10M.artifact_removal_gc_rl.tsv.gz
124,33797,PES001.B0101.SG1.3.10M.artifact_removal_gc_rl.tsv.gz
125,31696,PES001.B0101.SG1.3.10M.artifact_removal_gc_rl.tsv.gz
126,31896,PES001.B0101.SG1.3.10M.artifact_removal_gc_rl.tsv.gz
127,31380,PES001.B0101.SG1.3.10M.artifact_removal_gc_rl.tsv.gz
128,30160,PES001.B0101.SG1.3.10M.artifact_removal_gc_rl.tsv.gz
129,29612,PES001.B0101.SG1.3.10M.artifact_removal_gc_rl.tsv.gz
130,28932,PES001.B0101.SG1.3.10M.artifact_removal_gc_rl.tsv.gz
131,28140,PES001.B0101.SG1.3.10M.artifact_removal_gc_rl.tsv.gz
132,27974,PES001.B0101.SG1.3.10M.artifact_removal_gc_rl.tsv.gz
133,27526,PES001.B0101.SG1.3.10M.artifact_removal_gc_rl.tsv.gz
134,26890,PES001.B0101.SG1.3.10M.artifact_removal_gc_rl.tsv.gz
135,26452,PES001.B0101.SG1.3.10M.artifact_removal_gc_rl.tsv.gz
136,26011,PES001.B0101.SG1.3.10M.artifact_removal_gc_rl.tsv.gz
137,25674,PES001.B0101.SG1.3.10M.artifact_removal_gc_rl.tsv.gz
138,25052,PES001.B0101.SG1.3.10M.artifact_removal_gc_rl.tsv.gz
139,25419,PES001.B0101.SG1.3.10M.artifact_removal_gc_rl.tsv.gz
140,26801,PES001.B0101.SG1.3.10M.artifact_removal_gc_rl.tsv.gz
141,23408,PES001.B0101.SG1.3.10M.artifact_removal_gc_rl.tsv.gz
30,209681,PES001.B0102.SG1.5.10M.artifact_removal_gc_rl.tsv.gz
31,213492,PES001.B0102.SG1.5.10M.artifact_removal_gc_rl.tsv.gz
32,213722,PES001.B0102.SG1.5.10M.artifact_removal_gc_rl.tsv.gz
33,203258,PES001.B0102.SG1.5.10M.artifact_removal_gc_rl.tsv.gz
34,203698,PES001.B0102.SG1.5.10M.artifact_removal_gc_rl.tsv.gz
35,202968,PES001.B0102.SG1.5.10M.artifact_removal_gc_rl.tsv.gz
36,191309,PES001.B0102.SG1.5.10M.artifact_removal_gc_rl.tsv.gz
37,189861,PES001.B0102.SG1.5.10M.artifact_removal_gc_rl.tsv.gz
38,183746,PES001.B0102.SG1.5.10M.artifact_removal_gc_rl.tsv.gz
39,171014,PES001.B0102.SG1.5.10M.artifact_removal_gc_rl.tsv.gz
40,169157,PES001.B0102.SG1.5.10M.artifact_removal_gc_rl.tsv.gz
41,164485,PES001.B0102.SG1.5.10M.artifact_removal_gc_rl.tsv.gz
42,152289,PES001.B0102.SG1.5.10M.artifact_removal_gc_rl.tsv.gz
43,149916,PES001.B0102.SG1.5.10M.artifact_removal_gc_rl.tsv.gz
44,146481,PES001.B0102.SG1.5.10M.artifact_removal_gc_rl.tsv.gz
45,136437,PES001.B0102.SG1.5.10M.artifact_removal_gc_rl.tsv.gz
46,134030,PES001.B0102.SG1.5.10M.artifact_removal_gc_rl.tsv.gz
47,130478,PES001.B0102.SG1.5.10M.artifact_removal_gc_rl.tsv.gz
48,120599,PES001.B0102.SG1.5.10M.artifact_removal_gc_rl.tsv.gz
49,118493,PES001.B0102.SG1.5.10M.artifact_removal_gc_rl.tsv.gz
50,114767,PES001.B0102.SG1.5.10M.artifact_removal_gc_rl.tsv.gz
51,105966,PES001.B0102.SG1.5.10M.artifact_removal_gc_rl.tsv.gz
52,104515,PES001.B0102.SG1.5.10M.artifact_removal_gc_rl.tsv.gz
53,101226,PES001.B0102.SG1.5.10M.artifact_removal_gc_rl.tsv.gz
54,94239,PES001.B0102.SG1.5.10M.artifact_removal_gc_rl.tsv.gz
55,92616,PES001.B0102.SG1.5.10M.artifact_removal_gc_rl.tsv.gz
56,91072,PES001.B0102.SG1.5.10M.artifact_removal_gc_rl.tsv.gz
57,84298,PES001.B0102.SG1.5.10M.artifact_removal_gc_rl.tsv.gz
58,82002,PES001.B0102.SG1.5.10M.artifact_removal_gc_rl.tsv.gz
59,81155,PES001.B0102.SG1.5.10M.artifact_removal_gc_rl.tsv.gz
60,75113,PES001.B0102.SG1.5.10M.artifact_removal_gc_rl.tsv.gz
61,73829,PES001.B0102.SG1.5.10M.artifact_removal_gc_rl.tsv.gz
62,71672,PES001.B0102.SG1.5.10M.artifact_removal_gc_rl.tsv.gz
63,66541,PES001.B0102.SG1.5.10M.artifact_removal_gc_rl.tsv.gz
64,65833,PES001.B0102.SG1.5.10M.artifact_removal_gc_rl.tsv.gz
65,64559,PES001.B0102.SG1.5.10M.artifact_removal_gc_rl.tsv.gz
66,59999,PES001.B0102.SG1.5.10M.artifact_removal_gc_rl.tsv.gz
67,59340,PES001.B0102.SG1.5.10M.artifact_removal_gc_rl.tsv.gz
68,57978,PES001.B0102.SG1.5.10M.artifact_removal_gc_rl.tsv.gz
69,54383,PES001.B0102.SG1.5.10M.artifact_removal_gc_rl.tsv.gz
70,53629,PES001.B0102.SG1.5.10M.artifact_removal_gc_rl.tsv.gz
71,53348,PES001.B0102.SG1.5.10M.artifact_removal_gc_rl.tsv.gz
72,49716,PES001.B0102.SG1.5.10M.artifact_removal_gc_rl.tsv.gz
73,50589,PES001.B0102.SG1.5.10M.artifact_removal_gc_rl.tsv.gz
74,54913,PES001.B0102.SG1.5.10M.artifact_removal_gc_rl.tsv.gz
75,86007,PES001.B0102.SG1.5.10M.artifact_removal_gc_rl.tsv.gz
76,423545,PES001.B0102.SG1.5.10M.artifact_removal_gc_rl.tsv.gz
77,42066,PES001.B0102.SG1.5.10M.artifact_removal_gc_rl.tsv.gz
78,39087,PES001.B0102.SG1.5.10M.artifact_removal_gc_rl.tsv.gz
79,38703,PES001.B0102.SG1.5.10M.artifact_removal_gc_rl.tsv.gz
80,37906,PES001.B0102.SG1.5.10M.artifact_removal_gc_rl.tsv.gz
81,34992,PES001.B0102.SG1.5.10M.artifact_removal_gc_rl.tsv.gz
82,34725,PES001.B0102.SG1.5.10M.artifact_removal_gc_rl.tsv.gz
83,33873,PES001.B0102.SG1.5.10M.artifact_removal_gc_rl.tsv.gz
84,31517,PES001.B0102.SG1.5.10M.artifact_removal_gc_rl.tsv.gz
85,30981,PES001.B0102.SG1.5.10M.artifact_removal_gc_rl.tsv.gz
86,30520,PES001.B0102.SG1.5.10M.artifact_removal_gc_rl.tsv.gz
87,28337,PES001.B0102.SG1.5.10M.artifact_removal_gc_rl.tsv.gz
88,28097,PES001.B0102.SG1.5.10M.artifact_removal_gc_rl.tsv.gz
89,27929,PES001.B0102.SG1.5.10M.artifact_removal_gc_rl.tsv.gz
90,25606,PES001.B0102.SG1.5.10M.artifact_removal_gc_rl.tsv.gz
91,25224,PES001.B0102.SG1.5.10M.artifact_removal_gc_rl.tsv.gz
92,24726,PES001.B0102.SG1.5.10M.artifact_removal_gc_rl.tsv.gz
93,23161,PES001.B0102.SG1.5.10M.artifact_removal_gc_rl.tsv.gz
94,23019,PES001.B0102.SG1.5.10M.artifact_removal_gc_rl.tsv.gz
95,22467,PES001.B0102.SG1.5.10M.artifact_removal_gc_rl.tsv.gz
96,20987,PES001.B0102.SG1.5.10M.artifact_removal_gc_rl.tsv.gz
97,20814,PES001.B0102.SG1.5.10M.artifact_removal_gc_rl.tsv.gz
98,20230,PES001.B0102.SG1.5.10M.artifact_removal_gc_rl.tsv.gz
99,19115,PES001.B0102.SG1.5.10M.artifact_removal_gc_rl.tsv.gz
100,18756,PES001.B0102.SG1.5.10M.artifact_removal_gc_rl.tsv.gz
101,18338,PES001.B0102.SG1.5.10M.artifact_removal_gc_rl.tsv.gz
102,17187,PES001.B0102.SG1.5.10M.artifact_removal_gc_rl.tsv.gz
103,16770,PES001.B0102.SG1.5.10M.artifact_removal_gc_rl.tsv.gz
104,16426,PES001.B0102.SG1.5.10M.artifact_removal_gc_rl.tsv.gz
105,15407,PES001.B0102.SG1.5.10M.artifact_removal_gc_rl.tsv.gz
106,15272,PES001.B0102.SG1.5.10M.artifact_removal_gc_rl.tsv.gz
107,14728,PES001.B0102.SG1.5.10M.artifact_removal_gc_rl.tsv.gz
108,13825,PES001.B0102.SG1.5.10M.artifact_removal_gc_rl.tsv.gz
109,14057,PES001.B0102.SG1.5.10M.artifact_removal_gc_rl.tsv.gz
110,13558,PES001.B0102.SG1.5.10M.artifact_removal_gc_rl.tsv.gz
111,12565,PES001.B0102.SG1.5.10M.artifact_removal_gc_rl.tsv.gz
112,12715,PES001.B0102.SG1.5.10M.artifact_removal_gc_rl.tsv.gz
113,12377,PES001.B0102.SG1.5.10M.artifact_removal_gc_rl.tsv.gz
114,11637,PES001.B0102.SG1.5.10M.artifact_removal_gc_rl.tsv.gz
115,11601,PES001.B0102.SG1.5.10M.artifact_removal_gc_rl.tsv.gz
116,11197,PES001.B0102.SG1.5.10M.artifact_removal_gc_rl.tsv.gz
117,10485,PES001.B0102.SG1.5.10M.artifact_removal_gc_rl.tsv.gz
118,10381,PES001.B0102.SG1.5.10M.artifact_removal_gc_rl.tsv.gz
119,10290,PES001.B0102.SG1.5.10M.artifact_removal_gc_rl.tsv.gz
120,9829,PES001.B0102.SG1.5.10M.artifact_removal_gc_rl.tsv.gz
121,9285,PES001.B0102.SG1.5.10M.artifact_removal_gc_rl.tsv.gz
122,9224,PES001.B0102.SG1.5.10M.artifact_removal_gc_rl.tsv.gz
123,8519,PES001.B0102.SG1.5.10M.artifact_removal_gc_rl.tsv.gz
124,8588,PES001.B0102.SG1.5.10M.artifact_removal_gc_rl.tsv.gz
125,8469,PES001.B0102.SG1.5.10M.artifact_removal_gc_rl.tsv.gz
126,7976,PES001.B0102.SG1.5.10M.artifact_removal_gc_rl.tsv.gz
127,7926,PES001.B0102.SG1.5.10M.artifact_removal_gc_rl.tsv.gz
128,7692,PES001.B0102.SG1.5.10M.artifact_removal_gc_rl.tsv.gz
129,7323,PES001.B0102.SG1.5.10M.artifact_removal_gc_rl.tsv.gz
130,7151,PES001.B0102.SG1.5.10M.artifact_removal_gc_rl.tsv.gz
131,6973,PES001.B0102.SG1.5.10M.artifact_removal_gc_rl.tsv.gz
132,6631,PES001.B0102.SG1.5.10M.artifact_removal_gc_rl.tsv.gz
133,6509,PES001.B0102.SG1.5.10M.artifact_removal_gc_rl.tsv.gz
134,6681,PES001.B0102.SG1.5.10M.artifact_removal_gc_rl.tsv.gz
135,6374,PES001.B0102.SG1.5.10M.artifact_removal_gc_rl.tsv.gz
136,6170,PES001.B0102.SG1.5.10M.artifact_removal_gc_rl.tsv.gz
137,6153,PES001.B0102.SG1.5.10M.artifact_removal_gc_rl.tsv.gz
138,5747,PES001.B0102.SG1.5.10M.artifact_removal_gc_rl.tsv.gz
139,5948,PES001.B0102.SG1.5.10M.artifact_removal_gc_rl.tsv.gz
140,6135,PES001.B0102.SG1.5.10M.artifact_removal_gc_rl.tsv.gz
141,5205,PES001.B0102.SG1.5.10M.artifact_removal_gc_rl.tsv.gz
30,8983,SPM002.A0101.SG1.1.10M.artifact_removal_gc_rl.tsv.gz
31,10176,SPM002.A0101.SG1.1.10M.artifact_removal_gc_rl.tsv.gz
32,9597,SPM002.A0101.SG1.1.10M.artifact_removal_gc_rl.tsv.gz
33,9967,SPM002.A0101.SG1.1.10M.artifact_removal_gc_rl.tsv.gz
34,9905,SPM002.A0101.SG1.1.10M.artifact_removal_gc_rl.tsv.gz
35,9999,SPM002.A0101.SG1.1.10M.artifact_removal_gc_rl.tsv.gz
36,9822,SPM002.A0101.SG1.1.10M.artifact_removal_gc_rl.tsv.gz
37,9745,SPM002.A0101.SG1.1.10M.artifact_removal_gc_rl.tsv.gz
38,10003,SPM002.A0101.SG1.1.10M.artifact_removal_gc_rl.tsv.gz
39,9904,SPM002.A0101.SG1.1.10M.artifact_removal_gc_rl.tsv.gz
40,9939,SPM002.A0101.SG1.1.10M.artifact_removal_gc_rl.tsv.gz
41,9753,SPM002.A0101.SG1.1.10M.artifact_removal_gc_rl.tsv.gz
42,9373,SPM002.A0101.SG1.1.10M.artifact_removal_gc_rl.tsv.gz
43,9770,SPM002.A0101.SG1.1.10M.artifact_removal_gc_rl.tsv.gz
44,9461,SPM002.A0101.SG1.1.10M.artifact_removal_gc_rl.tsv.gz
45,8977,SPM002.A0101.SG1.1.10M.artifact_removal_gc_rl.tsv.gz
46,9502,SPM002.A0101.SG1.1.10M.artifact_removal_gc_rl.tsv.gz
47,9164,SPM002.A0101.SG1.1.10M.artifact_removal_gc_rl.tsv.gz
48,8848,SPM002.A0101.SG1.1.10M.artifact_removal_gc_rl.tsv.gz
49,8724,SPM002.A0101.SG1.1.10M.artifact_removal_gc_rl.tsv.gz
50,8585,SPM002.A0101.SG1.1.10M.artifact_removal_gc_rl.tsv.gz
51,8483,SPM002.A0101.SG1.1.10M.artifact_removal_gc_rl.tsv.gz
52,8535,SPM002.A0101.SG1.1.10M.artifact_removal_gc_rl.tsv.gz
53,8513,SPM002.A0101.SG1.1.10M.artifact_removal_gc_rl.tsv.gz
54,8469,SPM002.A0101.SG1.1.10M.artifact_removal_gc_rl.tsv.gz
55,8084,SPM002.A0101.SG1.1.10M.artifact_removal_gc_rl.tsv.gz
56,8152,SPM002.A0101.SG1.1.10M.artifact_removal_gc_rl.tsv.gz
57,8219,SPM002.A0101.SG1.1.10M.artifact_removal_gc_rl.tsv.gz
58,8067,SPM002.A0101.SG1.1.10M.artifact_removal_gc_rl.tsv.gz
59,8067,SPM002.A0101.SG1.1.10M.artifact_removal_gc_rl.tsv.gz
60,8142,SPM002.A0101.SG1.1.10M.artifact_removal_gc_rl.tsv.gz
61,8525,SPM002.A0101.SG1.1.10M.artifact_removal_gc_rl.tsv.gz
62,8372,SPM002.A0101.SG1.1.10M.artifact_removal_gc_rl.tsv.gz
63,8823,SPM002.A0101.SG1.1.10M.artifact_removal_gc_rl.tsv.gz
64,8964,SPM002.A0101.SG1.1.10M.artifact_removal_gc_rl.tsv.gz
65,8835,SPM002.A0101.SG1.1.10M.artifact_removal_gc_rl.tsv.gz
66,9294,SPM002.A0101.SG1.1.10M.artifact_removal_gc_rl.tsv.gz
67,9986,SPM002.A0101.SG1.1.10M.artifact_removal_gc_rl.tsv.gz
68,10887,SPM002.A0101.SG1.1.10M.artifact_removal_gc_rl.tsv.gz
69,11700,SPM002.A0101.SG1.1.10M.artifact_removal_gc_rl.tsv.gz
70,14076,SPM002.A0101.SG1.1.10M.artifact_removal_gc_rl.tsv.gz
71,18281,SPM002.A0101.SG1.1.10M.artifact_removal_gc_rl.tsv.gz
72,22611,SPM002.A0101.SG1.1.10M.artifact_removal_gc_rl.tsv.gz
73,31300,SPM002.A0101.SG1.1.10M.artifact_removal_gc_rl.tsv.gz
74,50932,SPM002.A0101.SG1.1.10M.artifact_removal_gc_rl.tsv.gz
75,107439,SPM002.A0101.SG1.1.10M.artifact_removal_gc_rl.tsv.gz
76,222052,SPM002.A0101.SG1.1.10M.artifact_removal_gc_rl.tsv.gz
77,9063,SPM002.A0101.SG1.1.10M.artifact_removal_gc_rl.tsv.gz
78,8767,SPM002.A0101.SG1.1.10M.artifact_removal_gc_rl.tsv.gz
79,8541,SPM002.A0101.SG1.1.10M.artifact_removal_gc_rl.tsv.gz
80,8427,SPM002.A0101.SG1.1.10M.artifact_removal_gc_rl.tsv.gz
81,8081,SPM002.A0101.SG1.1.10M.artifact_removal_gc_rl.tsv.gz
82,7956,SPM002.A0101.SG1.1.10M.artifact_removal_gc_rl.tsv.gz
83,7726,SPM002.A0101.SG1.1.10M.artifact_removal_gc_rl.tsv.gz
84,7522,SPM002.A0101.SG1.1.10M.artifact_removal_gc_rl.tsv.gz
85,7384,SPM002.A0101.SG1.1.10M.artifact_removal_gc_rl.tsv.gz
86,7278,SPM002.A0101.SG1.1.10M.artifact_removal_gc_rl.tsv.gz
87,6815,SPM002.A0101.SG1.1.10M.artifact_removal_gc_rl.tsv.gz
88,7035,SPM002.A0101.SG1.1.10M.artifact_removal_gc_rl.tsv.gz
89,7036,SPM002.A0101.SG1.1.10M.artifact_removal_gc_rl.tsv.gz
90,6948,SPM002.A0101.SG1.1.10M.artifact_removal_gc_rl.tsv.gz
91,6988,SPM002.A0101.SG1.1.10M.artifact_removal_gc_rl.tsv.gz
92,6896,SPM002.A0101.SG1.1.10M.artifact_removal_gc_rl.tsv.gz
93,6951,SPM002.A0101.SG1.1.10M.artifact_removal_gc_rl.tsv.gz
94,6969,SPM002.A0101.SG1.1.10M.artifact_removal_gc_rl.tsv.gz
95,6807,SPM002.A0101.SG1.1.10M.artifact_removal_gc_rl.tsv.gz
96,6578,SPM002.A0101.SG1.1.10M.artifact_removal_gc_rl.tsv.gz
97,6407,SPM002.A0101.SG1.1.10M.artifact_removal_gc_rl.tsv.gz
98,6603,SPM002.A0101.SG1.1.10M.artifact_removal_gc_rl.tsv.gz
99,6272,SPM002.A0101.SG1.1.10M.artifact_removal_gc_rl.tsv.gz
100,6088,SPM002.A0101.SG1.1.10M.artifact_removal_gc_rl.tsv.gz
101,6239,SPM002.A0101.SG1.1.10M.artifact_removal_gc_rl.tsv.gz
102,6120,SPM002.A0101.SG1.1.10M.artifact_removal_gc_rl.tsv.gz
103,5895,SPM002.A0101.SG1.1.10M.artifact_removal_gc_rl.tsv.gz
104,6095,SPM002.A0101.SG1.1.10M.artifact_removal_gc_rl.tsv.gz
105,6028,SPM002.A0101.SG1.1.10M.artifact_removal_gc_rl.tsv.gz
106,5732,SPM002.A0101.SG1.1.10M.artifact_removal_gc_rl.tsv.gz
107,5835,SPM002.A0101.SG1.1.10M.artifact_removal_gc_rl.tsv.gz
108,5693,SPM002.A0101.SG1.1.10M.artifact_removal_gc_rl.tsv.gz
109,5341,SPM002.A0101.SG1.1.10M.artifact_removal_gc_rl.tsv.gz
110,5654,SPM002.A0101.SG1.1.10M.artifact_removal_gc_rl.tsv.gz
111,5595,SPM002.A0101.SG1.1.10M.artifact_removal_gc_rl.tsv.gz
112,5753,SPM002.A0101.SG1.1.10M.artifact_removal_gc_rl.tsv.gz
113,5390,SPM002.A0101.SG1.1.10M.artifact_removal_gc_rl.tsv.gz
114,5380,SPM002.A0101.SG1.1.10M.artifact_removal_gc_rl.tsv.gz
115,5244,SPM002.A0101.SG1.1.10M.artifact_removal_gc_rl.tsv.gz
116,5201,SPM002.A0101.SG1.1.10M.artifact_removal_gc_rl.tsv.gz
117,5437,SPM002.A0101.SG1.1.10M.artifact_removal_gc_rl.tsv.gz
118,5632,SPM002.A0101.SG1.1.10M.artifact_removal_gc_rl.tsv.gz
119,5528,SPM002.A0101.SG1.1.10M.artifact_removal_gc_rl.tsv.gz
120,5358,SPM002.A0101.SG1.1.10M.artifact_removal_gc_rl.tsv.gz
121,5488,SPM002.A0101.SG1.1.10M.artifact_removal_gc_rl.tsv.gz
122,5567,SPM002.A0101.SG1.1.10M.artifact_removal_gc_rl.tsv.gz
123,5407,SPM002.A0101.SG1.1.10M.artifact_removal_gc_rl.tsv.gz
124,5397,SPM002.A0101.SG1.1.10M.artifact_removal_gc_rl.tsv.gz
125,5280,SPM002.A0101.SG1.1.10M.artifact_removal_gc_rl.tsv.gz
126,5038,SPM002.A0101.SG1.1.10M.artifact_removal_gc_rl.tsv.gz
127,5105,SPM002.A0101.SG1.1.10M.artifact_removal_gc_rl.tsv.gz
128,5250,SPM002.A0101.SG1.1.10M.artifact_removal_gc_rl.tsv.gz
129,5159,SPM002.A0101.SG1.1.10M.artifact_removal_gc_rl.tsv.gz
130,5437,SPM002.A0101.SG1.1.10M.artifact_removal_gc_rl.tsv.gz
131,5880,SPM002.A0101.SG1.1.10M.artifact_removal_gc_rl.tsv.gz
132,5320,SPM002.A0101.SG1.1.10M.artifact_removal_gc_rl.tsv.gz
133,5952,SPM002.A0101.SG1.1.10M.artifact_removal_gc_rl.tsv.gz
134,6891,SPM002.A0101.SG1.1.10M.artifact_removal_gc_rl.tsv.gz
135,5958,SPM002.A0101.SG1.1.10M.artifact_removal_gc_rl.tsv.gz
136,7453,SPM002.A0101.SG1.1.10M.artifact_removal_gc_rl.tsv.gz
137,9474,SPM002.A0101.SG1.1.10M.artifact_removal_gc_rl.tsv.gz
138,7502,SPM002.A0101.SG1.1.10M.artifact_removal_gc_rl.tsv.gz
139,11374,SPM002.A0101.SG1.1.10M.artifact_removal_gc_rl.tsv.gz
140,16899,SPM002.A0101.SG1.1.10M.artifact_removal_gc_rl.tsv.gz
141,9827,SPM002.A0101.SG1.1.10M.artifact_removal_gc_rl.tsv.gz
30,8181,SPM002.A0103.SG1.4.10M.artifact_removal_gc_rl.tsv.gz
31,7682,SPM002.A0103.SG1.4.10M.artifact_removal_gc_rl.tsv.gz
32,7090,SPM002.A0103.SG1.4.10M.artifact_removal_gc_rl.tsv.gz
33,6663,SPM002.A0103.SG1.4.10M.artifact_removal_gc_rl.tsv.gz
34,6413,SPM002.A0103.SG1.4.10M.artifact_removal_gc_rl.tsv.gz
35,5987,SPM002.A0103.SG1.4.10M.artifact_removal_gc_rl.tsv.gz
36,5528,SPM002.A0103.SG1.4.10M.artifact_removal_gc_rl.tsv.gz
37,5094,SPM002.A0103.SG1.4.10M.artifact_removal_gc_rl.tsv.gz
38,4759,SPM002.A0103.SG1.4.10M.artifact_removal_gc_rl.tsv.gz
39,4409,SPM002.A0103.SG1.4.10M.artifact_removal_gc_rl.tsv.gz
40,4304,SPM002.A0103.SG1.4.10M.artifact_removal_gc_rl.tsv.gz
41,3814,SPM002.A0103.SG1.4.10M.artifact_removal_gc_rl.tsv.gz
42,3489,SPM002.A0103.SG1.4.10M.artifact_removal_gc_rl.tsv.gz
43,3198,SPM002.A0103.SG1.4.10M.artifact_removal_gc_rl.tsv.gz
44,3029,SPM002.A0103.SG1.4.10M.artifact_removal_gc_rl.tsv.gz
45,2882,SPM002.A0103.SG1.4.10M.artifact_removal_gc_rl.tsv.gz
46,2688,SPM002.A0103.SG1.4.10M.artifact_removal_gc_rl.tsv.gz
47,2488,SPM002.A0103.SG1.4.10M.artifact_removal_gc_rl.tsv.gz
48,2344,SPM002.A0103.SG1.4.10M.artifact_removal_gc_rl.tsv.gz
49,2154,SPM002.A0103.SG1.4.10M.artifact_removal_gc_rl.tsv.gz
50,2054,SPM002.A0103.SG1.4.10M.artifact_removal_gc_rl.tsv.gz
51,1940,SPM002.A0103.SG1.4.10M.artifact_removal_gc_rl.tsv.gz
52,1840,SPM002.A0103.SG1.4.10M.artifact_removal_gc_rl.tsv.gz
53,1735,SPM002.A0103.SG1.4.10M.artifact_removal_gc_rl.tsv.gz
54,1700,SPM002.A0103.SG1.4.10M.artifact_removal_gc_rl.tsv.gz
55,1517,SPM002.A0103.SG1.4.10M.artifact_removal_gc_rl.tsv.gz
56,1501,SPM002.A0103.SG1.4.10M.artifact_removal_gc_rl.tsv.gz
57,1344,SPM002.A0103.SG1.4.10M.artifact_removal_gc_rl.tsv.gz
58,1456,SPM002.A0103.SG1.4.10M.artifact_removal_gc_rl.tsv.gz
59,1288,SPM002.A0103.SG1.4.10M.artifact_removal_gc_rl.tsv.gz
60,1263,SPM002.A0103.SG1.4.10M.artifact_removal_gc_rl.tsv.gz
61,1233,SPM002.A0103.SG1.4.10M.artifact_removal_gc_rl.tsv.gz
62,1276,SPM002.A0103.SG1.4.10M.artifact_removal_gc_rl.tsv.gz
63,1227,SPM002.A0103.SG1.4.10M.artifact_removal_gc_rl.tsv.gz
64,1292,SPM002.A0103.SG1.4.10M.artifact_removal_gc_rl.tsv.gz
65,1399,SPM002.A0103.SG1.4.10M.artifact_removal_gc_rl.tsv.gz
66,1398,SPM002.A0103.SG1.4.10M.artifact_removal_gc_rl.tsv.gz
67,1576,SPM002.A0103.SG1.4.10M.artifact_removal_gc_rl.tsv.gz
68,1883,SPM002.A0103.SG1.4.10M.artifact_removal_gc_rl.tsv.gz
69,2511,SPM002.A0103.SG1.4.10M.artifact_removal_gc_rl.tsv.gz
70,3376,SPM002.A0103.SG1.4.10M.artifact_removal_gc_rl.tsv.gz
71,5228,SPM002.A0103.SG1.4.10M.artifact_removal_gc_rl.tsv.gz
72,8377,SPM002.A0103.SG1.4.10M.artifact_removal_gc_rl.tsv.gz
73,14255,SPM002.A0103.SG1.4.10M.artifact_removal_gc_rl.tsv.gz
74,23760,SPM002.A0103.SG1.4.10M.artifact_removal_gc_rl.tsv.gz
75,40179,SPM002.A0103.SG1.4.10M.artifact_removal_gc_rl.tsv.gz
76,80556,SPM002.A0103.SG1.4.10M.artifact_removal_gc_rl.tsv.gz
77,800,SPM002.A0103.SG1.4.10M.artifact_removal_gc_rl.tsv.gz
78,715,SPM002.A0103.SG1.4.10M.artifact_removal_gc_rl.tsv.gz
79,703,SPM002.A0103.SG1.4.10M.artifact_removal_gc_rl.tsv.gz
80,613,SPM002.A0103.SG1.4.10M.artifact_removal_gc_rl.tsv.gz
81,602,SPM002.A0103.SG1.4.10M.artifact_removal_gc_rl.tsv.gz
82,655,SPM002.A0103.SG1.4.10M.artifact_removal_gc_rl.tsv.gz
83,657,SPM002.A0103.SG1.4.10M.artifact_removal_gc_rl.tsv.gz
84,618,SPM002.A0103.SG1.4.10M.artifact_removal_gc_rl.tsv.gz
85,614,SPM002.A0103.SG1.4.10M.artifact_removal_gc_rl.tsv.gz
86,594,SPM002.A0103.SG1.4.10M.artifact_removal_gc_rl.tsv.gz
87,519,SPM002.A0103.SG1.4.10M.artifact_removal_gc_rl.tsv.gz
88,520,SPM002.A0103.SG1.4.10M.artifact_removal_gc_rl.tsv.gz
89,485,SPM002.A0103.SG1.4.10M.artifact_removal_gc_rl.tsv.gz
90,588,SPM002.A0103.SG1.4.10M.artifact_removal_gc_rl.tsv.gz
91,593,SPM002.A0103.SG1.4.10M.artifact_removal_gc_rl.tsv.gz
92,600,SPM002.A0103.SG1.4.10M.artifact_removal_gc_rl.tsv.gz
93,554,SPM002.A0103.SG1.4.10M.artifact_removal_gc_rl.tsv.gz
94,546,SPM002.A0103.SG1.4.10M.artifact_removal_gc_rl.tsv.gz
95,561,SPM002.A0103.SG1.4.10M.artifact_removal_gc_rl.tsv.gz
96,543,SPM002.A0103.SG1.4.10M.artifact_removal_gc_rl.tsv.gz
97,534,SPM002.A0103.SG1.4.10M.artifact_removal_gc_rl.tsv.gz
98,531,SPM002.A0103.SG1.4.10M.artifact_removal_gc_rl.tsv.gz
99,485,SPM002.A0103.SG1.4.10M.artifact_removal_gc_rl.tsv.gz
100,497,SPM002.A0103.SG1.4.10M.artifact_removal_gc_rl.tsv.gz
101,493,SPM002.A0103.SG1.4.10M.artifact_removal_gc_rl.tsv.gz
102,475,SPM002.A0103.SG1.4.10M.artifact_removal_gc_rl.tsv.gz
103,478,SPM002.A0103.SG1.4.10M.artifact_removal_gc_rl.tsv.gz
104,506,SPM002.A0103.SG1.4.10M.artifact_removal_gc_rl.tsv.gz
105,444,SPM002.A0103.SG1.4.10M.artifact_removal_gc_rl.tsv.gz
106,486,SPM002.A0103.SG1.4.10M.artifact_removal_gc_rl.tsv.gz
107,435,SPM002.A0103.SG1.4.10M.artifact_removal_gc_rl.tsv.gz
108,440,SPM002.A0103.SG1.4.10M.artifact_removal_gc_rl.tsv.gz
109,425,SPM002.A0103.SG1.4.10M.artifact_removal_gc_rl.tsv.gz
110,419,SPM002.A0103.SG1.4.10M.artifact_removal_gc_rl.tsv.gz
111,425,SPM002.A0103.SG1.4.10M.artifact_removal_gc_rl.tsv.gz
112,420,SPM002.A0103.SG1.4.10M.artifact_removal_gc_rl.tsv.gz
113,463,SPM002.A0103.SG1.4.10M.artifact_removal_gc_rl.tsv.gz
114,407,SPM002.A0103.SG1.4.10M.artifact_removal_gc_rl.tsv.gz
115,396,SPM002.A0103.SG1.4.10M.artifact_removal_gc_rl.tsv.gz
116,423,SPM002.A0103.SG1.4.10M.artifact_removal_gc_rl.tsv.gz
117,427,SPM002.A0103.SG1.4.10M.artifact_removal_gc_rl.tsv.gz
118,436,SPM002.A0103.SG1.4.10M.artifact_removal_gc_rl.tsv.gz
119,465,SPM002.A0103.SG1.4.10M.artifact_removal_gc_rl.tsv.gz
120,446,SPM002.A0103.SG1.4.10M.artifact_removal_gc_rl.tsv.gz
121,425,SPM002.A0103.SG1.4.10M.artifact_removal_gc_rl.tsv.gz
122,438,SPM002.A0103.SG1.4.10M.artifact_removal_gc_rl.tsv.gz
123,431,SPM002.A0103.SG1.4.10M.artifact_removal_gc_rl.tsv.gz
124,417,SPM002.A0103.SG1.4.10M.artifact_removal_gc_rl.tsv.gz
125,428,SPM002.A0103.SG1.4.10M.artifact_removal_gc_rl.tsv.gz
126,412,SPM002.A0103.SG1.4.10M.artifact_removal_gc_rl.tsv.gz
127,441,SPM002.A0103.SG1.4.10M.artifact_removal_gc_rl.tsv.gz
128,462,SPM002.A0103.SG1.4.10M.artifact_removal_gc_rl.tsv.gz
129,425,SPM002.A0103.SG1.4.10M.artifact_removal_gc_rl.tsv.gz
130,453,SPM002.A0103.SG1.4.10M.artifact_removal_gc_rl.tsv.gz
131,472,SPM002.A0103.SG1.4.10M.artifact_removal_gc_rl.tsv.gz
132,430,SPM002.A0103.SG1.4.10M.artifact_removal_gc_rl.tsv.gz
133,448,SPM002.A0103.SG1.4.10M.artifact_removal_gc_rl.tsv.gz
134,554,SPM002.A0103.SG1.4.10M.artifact_removal_gc_rl.tsv.gz
135,501,SPM002.A0103.SG1.4.10M.artifact_removal_gc_rl.tsv.gz
136,586,SPM002.A0103.SG1.4.10M.artifact_removal_gc_rl.tsv.gz
137,830,SPM002.A0103.SG1.4.10M.artifact_removal_gc_rl.tsv.gz
138,605,SPM002.A0103.SG1.4.10M.artifact_removal_gc_rl.tsv.gz
139,936,SPM002.A0103.SG1.4.10M.artifact_removal_gc_rl.tsv.gz
140,1340,SPM002.A0103.SG1.4.10M.artifact_removal_gc_rl.tsv.gz
141,854,SPM002.A0103.SG1.4.10M.artifact_removal_gc_rl.tsv.gz
30,180015,VLD001.A0101.SG1.1.10M.artifact_removal_gc_rl.tsv.gz
31,188403,VLD001.A0101.SG1.1.10M.artifact_removal_gc_rl.tsv.gz
32,191764,VLD001.A0101.SG1.1.10M.artifact_removal_gc_rl.tsv.gz
33,197300,VLD001.A0101.SG1.1.10M.artifact_removal_gc_rl.tsv.gz
34,199885,VLD001.A0101.SG1.1.10M.artifact_removal_gc_rl.tsv.gz
35,200103,VLD001.A0101.SG1.1.10M.artifact_removal_gc_rl.tsv.gz
36,202935,VLD001.A0101.SG1.1.10M.artifact_removal_gc_rl.tsv.gz
37,200637,VLD001.A0101.SG1.1.10M.artifact_removal_gc_rl.tsv.gz
38,195025,VLD001.A0101.SG1.1.10M.artifact_removal_gc_rl.tsv.gz
39,194685,VLD001.A0101.SG1.1.10M.artifact_removal_gc_rl.tsv.gz
40,191926,VLD001.A0101.SG1.1.10M.artifact_removal_gc_rl.tsv.gz
41,187019,VLD001.A0101.SG1.1.10M.artifact_removal_gc_rl.tsv.gz
42,185263,VLD001.A0101.SG1.1.10M.artifact_removal_gc_rl.tsv.gz
43,181723,VLD001.A0101.SG1.1.10M.artifact_removal_gc_rl.tsv.gz
44,176189,VLD001.A0101.SG1.1.10M.artifact_removal_gc_rl.tsv.gz
45,173560,VLD001.A0101.SG1.1.10M.artifact_removal_gc_rl.tsv.gz
46,169482,VLD001.A0101.SG1.1.10M.artifact_removal_gc_rl.tsv.gz
47,163326,VLD001.A0101.SG1.1.10M.artifact_removal_gc_rl.tsv.gz
48,158547,VLD001.A0101.SG1.1.10M.artifact_removal_gc_rl.tsv.gz
49,153611,VLD001.A0101.SG1.1.10M.artifact_removal_gc_rl.tsv.gz
50,148000,VLD001.A0101.SG1.1.10M.artifact_removal_gc_rl.tsv.gz
51,144756,VLD001.A0101.SG1.1.10M.artifact_removal_gc_rl.tsv.gz
52,140483,VLD001.A0101.SG1.1.10M.artifact_removal_gc_rl.tsv.gz
53,134553,VLD001.A0101.SG1.1.10M.artifact_removal_gc_rl.tsv.gz
54,131041,VLD001.A0101.SG1.1.10M.artifact_removal_gc_rl.tsv.gz
55,126523,VLD001.A0101.SG1.1.10M.artifact_removal_gc_rl.tsv.gz
56,120561,VLD001.A0101.SG1.1.10M.artifact_removal_gc_rl.tsv.gz
57,117076,VLD001.A0101.SG1.1.10M.artifact_removal_gc_rl.tsv.gz
58,111604,VLD001.A0101.SG1.1.10M.artifact_removal_gc_rl.tsv.gz
59,105934,VLD001.A0101.SG1.1.10M.artifact_removal_gc_rl.tsv.gz
60,103636,VLD001.A0101.SG1.1.10M.artifact_removal_gc_rl.tsv.gz
61,98945,VLD001.A0101.SG1.1.10M.artifact_removal_gc_rl.tsv.gz
62,94268,VLD001.A0101.SG1.1.10M.artifact_removal_gc_rl.tsv.gz
63,92416,VLD001.A0101.SG1.1.10M.artifact_removal_gc_rl.tsv.gz
64,88153,VLD001.A0101.SG1.1.10M.artifact_removal_gc_rl.tsv.gz
65,84312,VLD001.A0101.SG1.1.10M.artifact_removal_gc_rl.tsv.gz
66,81499,VLD001.A0101.SG1.1.10M.artifact_removal_gc_rl.tsv.gz
67,78690,VLD001.A0101.SG1.1.10M.artifact_removal_gc_rl.tsv.gz
68,74646,VLD001.A0101.SG1.1.10M.artifact_removal_gc_rl.tsv.gz
69,72637,VLD001.A0101.SG1.1.10M.artifact_removal_gc_rl.tsv.gz
70,69751,VLD001.A0101.SG1.1.10M.artifact_removal_gc_rl.tsv.gz
71,67381,VLD001.A0101.SG1.1.10M.artifact_removal_gc_rl.tsv.gz
72,67509,VLD001.A0101.SG1.1.10M.artifact_removal_gc_rl.tsv.gz
73,67172,VLD001.A0101.SG1.1.10M.artifact_removal_gc_rl.tsv.gz
74,72695,VLD001.A0101.SG1.1.10M.artifact_removal_gc_rl.tsv.gz
75,103937,VLD001.A0101.SG1.1.10M.artifact_removal_gc_rl.tsv.gz
76,174963,VLD001.A0101.SG1.1.10M.artifact_removal_gc_rl.tsv.gz
77,49278,VLD001.A0101.SG1.1.10M.artifact_removal_gc_rl.tsv.gz
78,47906,VLD001.A0101.SG1.1.10M.artifact_removal_gc_rl.tsv.gz
79,45481,VLD001.A0101.SG1.1.10M.artifact_removal_gc_rl.tsv.gz
80,43053,VLD001.A0101.SG1.1.10M.artifact_removal_gc_rl.tsv.gz
81,41403,VLD001.A0101.SG1.1.10M.artifact_removal_gc_rl.tsv.gz
82,39559,VLD001.A0101.SG1.1.10M.artifact_removal_gc_rl.tsv.gz
83,37387,VLD001.A0101.SG1.1.10M.artifact_removal_gc_rl.tsv.gz
84,36712,VLD001.A0101.SG1.1.10M.artifact_removal_gc_rl.tsv.gz
85,34572,VLD001.A0101.SG1.1.10M.artifact_removal_gc_rl.tsv.gz
86,32909,VLD001.A0101.SG1.1.10M.artifact_removal_gc_rl.tsv.gz
87,32288,VLD001.A0101.SG1.1.10M.artifact_removal_gc_rl.tsv.gz
88,30743,VLD001.A0101.SG1.1.10M.artifact_removal_gc_rl.tsv.gz
89,29073,VLD001.A0101.SG1.1.10M.artifact_removal_gc_rl.tsv.gz
90,28119,VLD001.A0101.SG1.1.10M.artifact_removal_gc_rl.tsv.gz
91,26821,VLD001.A0101.SG1.1.10M.artifact_removal_gc_rl.tsv.gz
92,25630,VLD001.A0101.SG1.1.10M.artifact_removal_gc_rl.tsv.gz
93,24460,VLD001.A0101.SG1.1.10M.artifact_removal_gc_rl.tsv.gz
94,23214,VLD001.A0101.SG1.1.10M.artifact_removal_gc_rl.tsv.gz
95,22437,VLD001.A0101.SG1.1.10M.artifact_removal_gc_rl.tsv.gz
96,21587,VLD001.A0101.SG1.1.10M.artifact_removal_gc_rl.tsv.gz
97,20356,VLD001.A0101.SG1.1.10M.artifact_removal_gc_rl.tsv.gz
98,19613,VLD001.A0101.SG1.1.10M.artifact_removal_gc_rl.tsv.gz
99,18612,VLD001.A0101.SG1.1.10M.artifact_removal_gc_rl.tsv.gz
100,18169,VLD001.A0101.SG1.1.10M.artifact_removal_gc_rl.tsv.gz
101,17011,VLD001.A0101.SG1.1.10M.artifact_removal_gc_rl.tsv.gz
102,16410,VLD001.A0101.SG1.1.10M.artifact_removal_gc_rl.tsv.gz
103,15552,VLD001.A0101.SG1.1.10M.artifact_removal_gc_rl.tsv.gz
104,14878,VLD001.A0101.SG1.1.10M.artifact_removal_gc_rl.tsv.gz
105,14581,VLD001.A0101.SG1.1.10M.artifact_removal_gc_rl.tsv.gz
106,13563,VLD001.A0101.SG1.1.10M.artifact_removal_gc_rl.tsv.gz
107,13245,VLD001.A0101.SG1.1.10M.artifact_removal_gc_rl.tsv.gz
108,12612,VLD001.A0101.SG1.1.10M.artifact_removal_gc_rl.tsv.gz
109,11922,VLD001.A0101.SG1.1.10M.artifact_removal_gc_rl.tsv.gz
110,11293,VLD001.A0101.SG1.1.10M.artifact_removal_gc_rl.tsv.gz
111,11387,VLD001.A0101.SG1.1.10M.artifact_removal_gc_rl.tsv.gz
112,10548,VLD001.A0101.SG1.1.10M.artifact_removal_gc_rl.tsv.gz
113,9972,VLD001.A0101.SG1.1.10M.artifact_removal_gc_rl.tsv.gz
114,9528,VLD001.A0101.SG1.1.10M.artifact_removal_gc_rl.tsv.gz
115,9146,VLD001.A0101.SG1.1.10M.artifact_removal_gc_rl.tsv.gz
116,8756,VLD001.A0101.SG1.1.10M.artifact_removal_gc_rl.tsv.gz
117,8407,VLD001.A0101.SG1.1.10M.artifact_removal_gc_rl.tsv.gz
118,8029,VLD001.A0101.SG1.1.10M.artifact_removal_gc_rl.tsv.gz
119,7612,VLD001.A0101.SG1.1.10M.artifact_removal_gc_rl.tsv.gz
120,7437,VLD001.A0101.SG1.1.10M.artifact_removal_gc_rl.tsv.gz
121,7097,VLD001.A0101.SG1.1.10M.artifact_removal_gc_rl.tsv.gz
122,6609,VLD001.A0101.SG1.1.10M.artifact_removal_gc_rl.tsv.gz
123,6618,VLD001.A0101.SG1.1.10M.artifact_removal_gc_rl.tsv.gz
124,6047,VLD001.A0101.SG1.1.10M.artifact_removal_gc_rl.tsv.gz
125,5789,VLD001.A0101.SG1.1.10M.artifact_removal_gc_rl.tsv.gz
126,5693,VLD001.A0101.SG1.1.10M.artifact_removal_gc_rl.tsv.gz
127,5252,VLD001.A0101.SG1.1.10M.artifact_removal_gc_rl.tsv.gz
128,5123,VLD001.A0101.SG1.1.10M.artifact_removal_gc_rl.tsv.gz
129,4997,VLD001.A0101.SG1.1.10M.artifact_removal_gc_rl.tsv.gz
130,4828,VLD001.A0101.SG1.1.10M.artifact_removal_gc_rl.tsv.gz
131,4513,VLD001.A0101.SG1.1.10M.artifact_removal_gc_rl.tsv.gz
132,4354,VLD001.A0101.SG1.1.10M.artifact_removal_gc_rl.tsv.gz
133,4166,VLD001.A0101.SG1.1.10M.artifact_removal_gc_rl.tsv.gz
134,4035,VLD001.A0101.SG1.1.10M.artifact_removal_gc_rl.tsv.gz
135,3841,VLD001.A0101.SG1.1.10M.artifact_removal_gc_rl.tsv.gz
136,3703,VLD001.A0101.SG1.1.10M.artifact_removal_gc_rl.tsv.gz
137,3623,VLD001.A0101.SG1.1.10M.artifact_removal_gc_rl.tsv.gz
138,3475,VLD001.A0101.SG1.1.10M.artifact_removal_gc_rl.tsv.gz
139,3457,VLD001.A0101.SG1.1.10M.artifact_removal_gc_rl.tsv.gz
140,3534,VLD001.A0101.SG1.1.10M.artifact_removal_gc_rl.tsv.gz
141,2914,VLD001.A0101.SG1.1.10M.artifact_removal_gc_rl.tsv.gz
30,194612,VLD001.A0102.SG1.2.10M.artifact_removal_gc_rl.tsv.gz
31,189919,VLD001.A0102.SG1.2.10M.artifact_removal_gc_rl.tsv.gz
32,183884,VLD001.A0102.SG1.2.10M.artifact_removal_gc_rl.tsv.gz
33,173790,VLD001.A0102.SG1.2.10M.artifact_removal_gc_rl.tsv.gz
34,166764,VLD001.A0102.SG1.2.10M.artifact_removal_gc_rl.tsv.gz
35,161835,VLD001.A0102.SG1.2.10M.artifact_removal_gc_rl.tsv.gz
36,150048,VLD001.A0102.SG1.2.10M.artifact_removal_gc_rl.tsv.gz
37,141007,VLD001.A0102.SG1.2.10M.artifact_removal_gc_rl.tsv.gz
38,133867,VLD001.A0102.SG1.2.10M.artifact_removal_gc_rl.tsv.gz
39,123255,VLD001.A0102.SG1.2.10M.artifact_removal_gc_rl.tsv.gz
40,117151,VLD001.A0102.SG1.2.10M.artifact_removal_gc_rl.tsv.gz
41,110677,VLD001.A0102.SG1.2.10M.artifact_removal_gc_rl.tsv.gz
42,102352,VLD001.A0102.SG1.2.10M.artifact_removal_gc_rl.tsv.gz
43,96094,VLD001.A0102.SG1.2.10M.artifact_removal_gc_rl.tsv.gz
44,91750,VLD001.A0102.SG1.2.10M.artifact_removal_gc_rl.tsv.gz
45,83494,VLD001.A0102.SG1.2.10M.artifact_removal_gc_rl.tsv.gz
46,78651,VLD001.A0102.SG1.2.10M.artifact_removal_gc_rl.tsv.gz
47,74338,VLD001.A0102.SG1.2.10M.artifact_removal_gc_rl.tsv.gz
48,67817,VLD001.A0102.SG1.2.10M.artifact_removal_gc_rl.tsv.gz
49,63612,VLD001.A0102.SG1.2.10M.artifact_removal_gc_rl.tsv.gz
50,59861,VLD001.A0102.SG1.2.10M.artifact_removal_gc_rl.tsv.gz
51,55098,VLD001.A0102.SG1.2.10M.artifact_removal_gc_rl.tsv.gz
52,50916,VLD001.A0102.SG1.2.10M.artifact_removal_gc_rl.tsv.gz
53,47407,VLD001.A0102.SG1.2.10M.artifact_removal_gc_rl.tsv.gz
54,44002,VLD001.A0102.SG1.2.10M.artifact_removal_gc_rl.tsv.gz
55,41192,VLD001.A0102.SG1.2.10M.artifact_removal_gc_rl.tsv.gz
56,39070,VLD001.A0102.SG1.2.10M.artifact_removal_gc_rl.tsv.gz
57,35794,VLD001.A0102.SG1.2.10M.artifact_removal_gc_rl.tsv.gz
58,33186,VLD001.A0102.SG1.2.10M.artifact_removal_gc_rl.tsv.gz
59,31240,VLD001.A0102.SG1.2.10M.artifact_removal_gc_rl.tsv.gz
60,28763,VLD001.A0102.SG1.2.10M.artifact_removal_gc_rl.tsv.gz
61,26635,VLD001.A0102.SG1.2.10M.artifact_removal_gc_rl.tsv.gz
62,25257,VLD001.A0102.SG1.2.10M.artifact_removal_gc_rl.tsv.gz
63,22975,VLD001.A0102.SG1.2.10M.artifact_removal_gc_rl.tsv.gz
64,21775,VLD001.A0102.SG1.2.10M.artifact_removal_gc_rl.tsv.gz
65,20821,VLD001.A0102.SG1.2.10M.artifact_removal_gc_rl.tsv.gz
66,19054,VLD001.A0102.SG1.2.10M.artifact_removal_gc_rl.tsv.gz
67,17724,VLD001.A0102.SG1.2.10M.artifact_removal_gc_rl.tsv.gz
68,16731,VLD001.A0102.SG1.2.10M.artifact_removal_gc_rl.tsv.gz
69,15477,VLD001.A0102.SG1.2.10M.artifact_removal_gc_rl.tsv.gz
70,14645,VLD001.A0102.SG1.2.10M.artifact_removal_gc_rl.tsv.gz
71,13759,VLD001.A0102.SG1.2.10M.artifact_removal_gc_rl.tsv.gz
72,12975,VLD001.A0102.SG1.2.10M.artifact_removal_gc_rl.tsv.gz
73,12042,VLD001.A0102.SG1.2.10M.artifact_removal_gc_rl.tsv.gz
74,12006,VLD001.A0102.SG1.2.10M.artifact_removal_gc_rl.tsv.gz
75,12489,VLD001.A0102.SG1.2.10M.artifact_removal_gc_rl.tsv.gz
76,33490,VLD001.A0102.SG1.2.10M.artifact_removal_gc_rl.tsv.gz
77,8867,VLD001.A0102.SG1.2.10M.artifact_removal_gc_rl.tsv.gz
78,8198,VLD001.A0102.SG1.2.10M.artifact_removal_gc_rl.tsv.gz
79,7636,VLD001.A0102.SG1.2.10M.artifact_removal_gc_rl.tsv.gz
80,7177,VLD001.A0102.SG1.2.10M.artifact_removal_gc_rl.tsv.gz
81,6661,VLD001.A0102.SG1.2.10M.artifact_removal_gc_rl.tsv.gz
82,6237,VLD001.A0102.SG1.2.10M.artifact_removal_gc_rl.tsv.gz
83,5893,VLD001.A0102.SG1.2.10M.artifact_removal_gc_rl.tsv.gz
84,5480,VLD001.A0102.SG1.2.10M.artifact_removal_gc_rl.tsv.gz
85,5097,VLD001.A0102.SG1.2.10M.artifact_removal_gc_rl.tsv.gz
86,4802,VLD001.A0102.SG1.2.10M.artifact_removal_gc_rl.tsv.gz
87,4483,VLD001.A0102.SG1.2.10M.artifact_removal_gc_rl.tsv.gz
88,4187,VLD001.A0102.SG1.2.10M.artifact_removal_gc_rl.tsv.gz
89,3880,VLD001.A0102.SG1.2.10M.artifact_removal_gc_rl.tsv.gz
90,3755,VLD001.A0102.SG1.2.10M.artifact_removal_gc_rl.tsv.gz
91,3511,VLD001.A0102.SG1.2.10M.artifact_removal_gc_rl.tsv.gz
92,3365,VLD001.A0102.SG1.2.10M.artifact_removal_gc_rl.tsv.gz
93,3006,VLD001.A0102.SG1.2.10M.artifact_removal_gc_rl.tsv.gz
94,2990,VLD001.A0102.SG1.2.10M.artifact_removal_gc_rl.tsv.gz
95,2875,VLD001.A0102.SG1.2.10M.artifact_removal_gc_rl.tsv.gz
96,2551,VLD001.A0102.SG1.2.10M.artifact_removal_gc_rl.tsv.gz
97,2431,VLD001.A0102.SG1.2.10M.artifact_removal_gc_rl.tsv.gz
98,2335,VLD001.A0102.SG1.2.10M.artifact_removal_gc_rl.tsv.gz
99,2137,VLD001.A0102.SG1.2.10M.artifact_removal_gc_rl.tsv.gz
100,2071,VLD001.A0102.SG1.2.10M.artifact_removal_gc_rl.tsv.gz
101,1988,VLD001.A0102.SG1.2.10M.artifact_removal_gc_rl.tsv.gz
102,1809,VLD001.A0102.SG1.2.10M.artifact_removal_gc_rl.tsv.gz
103,1730,VLD001.A0102.SG1.2.10M.artifact_removal_gc_rl.tsv.gz
104,1662,VLD001.A0102.SG1.2.10M.artifact_removal_gc_rl.tsv.gz
105,1616,VLD001.A0102.SG1.2.10M.artifact_removal_gc_rl.tsv.gz
106,1464,VLD001.A0102.SG1.2.10M.artifact_removal_gc_rl.tsv.gz
107,1432,VLD001.A0102.SG1.2.10M.artifact_removal_gc_rl.tsv.gz
108,1373,VLD001.A0102.SG1.2.10M.artifact_removal_gc_rl.tsv.gz
109,1259,VLD001.A0102.SG1.2.10M.artifact_removal_gc_rl.tsv.gz
110,1215,VLD001.A0102.SG1.2.10M.artifact_removal_gc_rl.tsv.gz
111,1118,VLD001.A0102.SG1.2.10M.artifact_removal_gc_rl.tsv.gz
112,1065,VLD001.A0102.SG1.2.10M.artifact_removal_gc_rl.tsv.gz
113,959,VLD001.A0102.SG1.2.10M.artifact_removal_gc_rl.tsv.gz
114,978,VLD001.A0102.SG1.2.10M.artifact_removal_gc_rl.tsv.gz
115,965,VLD001.A0102.SG1.2.10M.artifact_removal_gc_rl.tsv.gz
116,893,VLD001.A0102.SG1.2.10M.artifact_removal_gc_rl.tsv.gz
117,865,VLD001.A0102.SG1.2.10M.artifact_removal_gc_rl.tsv.gz
118,792,VLD001.A0102.SG1.2.10M.artifact_removal_gc_rl.tsv.gz
119,707,VLD001.A0102.SG1.2.10M.artifact_removal_gc_rl.tsv.gz
120,689,VLD001.A0102.SG1.2.10M.artifact_removal_gc_rl.tsv.gz
121,678,VLD001.A0102.SG1.2.10M.artifact_removal_gc_rl.tsv.gz
122,623,VLD001.A0102.SG1.2.10M.artifact_removal_gc_rl.tsv.gz
123,626,VLD001.A0102.SG1.2.10M.artifact_removal_gc_rl.tsv.gz
124,541,VLD001.A0102.SG1.2.10M.artifact_removal_gc_rl.tsv.gz
125,529,VLD001.A0102.SG1.2.10M.artifact_removal_gc_rl.tsv.gz
126,500,VLD001.A0102.SG1.2.10M.artifact_removal_gc_rl.tsv.gz
127,517,VLD001.A0102.SG1.2.10M.artifact_removal_gc_rl.tsv.gz
128,479,VLD001.A0102.SG1.2.10M.artifact_removal_gc_rl.tsv.gz
129,446,VLD001.A0102.SG1.2.10M.artifact_removal_gc_rl.tsv.gz
130,418,VLD001.A0102.SG1.2.10M.artifact_removal_gc_rl.tsv.gz
131,431,VLD001.A0102.SG1.2.10M.artifact_removal_gc_rl.tsv.gz
132,378,VLD001.A0102.SG1.2.10M.artifact_removal_gc_rl.tsv.gz
133,375,VLD001.A0102.SG1.2.10M.artifact_removal_gc_rl.tsv.gz
134,359,VLD001.A0102.SG1.2.10M.artifact_removal_gc_rl.tsv.gz
135,349,VLD001.A0102.SG1.2.10M.artifact_removal_gc_rl.tsv.gz
136,343,VLD001.A0102.SG1.2.10M.artifact_removal_gc_rl.tsv.gz
137,305,VLD001.A0102.SG1.2.10M.artifact_removal_gc_rl.tsv.gz
138,300,VLD001.A0102.SG1.2.10M.artifact_removal_gc_rl.tsv.gz
139,337,VLD001.A0102.SG1.2.10M.artifact_removal_gc_rl.tsv.gz
140,327,VLD001.A0102.SG1.2.10M.artifact_removal_gc_rl.tsv.gz
141,290,VLD001.A0102.SG1.2.10M.artifact_removal_gc_rl.tsv.gz
30,247186,ZAF001.A0101.SG1.1.10M.artifact_removal_gc_rl.tsv.gz
31,244889,ZAF001.A0101.SG1.1.10M.artifact_removal_gc_rl.tsv.gz
32,236885,ZAF001.A0101.SG1.1.10M.artifact_removal_gc_rl.tsv.gz
33,232342,ZAF001.A0101.SG1.1.10M.artifact_removal_gc_rl.tsv.gz
34,225964,ZAF001.A0101.SG1.1.10M.artifact_removal_gc_rl.tsv.gz
35,214369,ZAF001.A0101.SG1.1.10M.artifact_removal_gc_rl.tsv.gz
36,206353,ZAF001.A0101.SG1.1.10M.artifact_removal_gc_rl.tsv.gz
37,195497,ZAF001.A0101.SG1.1.10M.artifact_removal_gc_rl.tsv.gz
38,183136,ZAF001.A0101.SG1.1.10M.artifact_removal_gc_rl.tsv.gz
39,176120,ZAF001.A0101.SG1.1.10M.artifact_removal_gc_rl.tsv.gz
40,166717,ZAF001.A0101.SG1.1.10M.artifact_removal_gc_rl.tsv.gz
41,155960,ZAF001.A0101.SG1.1.10M.artifact_removal_gc_rl.tsv.gz
42,149544,ZAF001.A0101.SG1.1.10M.artifact_removal_gc_rl.tsv.gz
43,141166,ZAF001.A0101.SG1.1.10M.artifact_removal_gc_rl.tsv.gz
44,132056,ZAF001.A0101.SG1.1.10M.artifact_removal_gc_rl.tsv.gz
45,125787,ZAF001.A0101.SG1.1.10M.artifact_removal_gc_rl.tsv.gz
46,118703,ZAF001.A0101.SG1.1.10M.artifact_removal_gc_rl.tsv.gz
47,110922,ZAF001.A0101.SG1.1.10M.artifact_removal_gc_rl.tsv.gz
48,104937,ZAF001.A0101.SG1.1.10M.artifact_removal_gc_rl.tsv.gz
49,98299,ZAF001.A0101.SG1.1.10M.artifact_removal_gc_rl.tsv.gz
50,93250,ZAF001.A0101.SG1.1.10M.artifact_removal_gc_rl.tsv.gz
51,88398,ZAF001.A0101.SG1.1.10M.artifact_removal_gc_rl.tsv.gz
52,83610,ZAF001.A0101.SG1.1.10M.artifact_removal_gc_rl.tsv.gz
53,79644,ZAF001.A0101.SG1.1.10M.artifact_removal_gc_rl.tsv.gz
54,74999,ZAF001.A0101.SG1.1.10M.artifact_removal_gc_rl.tsv.gz
55,71198,ZAF001.A0101.SG1.1.10M.artifact_removal_gc_rl.tsv.gz
56,67254,ZAF001.A0101.SG1.1.10M.artifact_removal_gc_rl.tsv.gz
57,63434,ZAF001.A0101.SG1.1.10M.artifact_removal_gc_rl.tsv.gz
58,59721,ZAF001.A0101.SG1.1.10M.artifact_removal_gc_rl.tsv.gz
59,56681,ZAF001.A0101.SG1.1.10M.artifact_removal_gc_rl.tsv.gz
60,53691,ZAF001.A0101.SG1.1.10M.artifact_removal_gc_rl.tsv.gz
61,51177,ZAF001.A0101.SG1.1.10M.artifact_removal_gc_rl.tsv.gz
62,48078,ZAF001.A0101.SG1.1.10M.artifact_removal_gc_rl.tsv.gz
63,46686,ZAF001.A0101.SG1.1.10M.artifact_removal_gc_rl.tsv.gz
64,44012,ZAF001.A0101.SG1.1.10M.artifact_removal_gc_rl.tsv.gz
65,41812,ZAF001.A0101.SG1.1.10M.artifact_removal_gc_rl.tsv.gz
66,40219,ZAF001.A0101.SG1.1.10M.artifact_removal_gc_rl.tsv.gz
67,38503,ZAF001.A0101.SG1.1.10M.artifact_removal_gc_rl.tsv.gz
68,36724,ZAF001.A0101.SG1.1.10M.artifact_removal_gc_rl.tsv.gz
69,35278,ZAF001.A0101.SG1.1.10M.artifact_removal_gc_rl.tsv.gz
70,34659,ZAF001.A0101.SG1.1.10M.artifact_removal_gc_rl.tsv.gz
71,34021,ZAF001.A0101.SG1.1.10M.artifact_removal_gc_rl.tsv.gz
72,34107,ZAF001.A0101.SG1.1.10M.artifact_removal_gc_rl.tsv.gz
73,36282,ZAF001.A0101.SG1.1.10M.artifact_removal_gc_rl.tsv.gz
74,43595,ZAF001.A0101.SG1.1.10M.artifact_removal_gc_rl.tsv.gz
75,78404,ZAF001.A0101.SG1.1.10M.artifact_removal_gc_rl.tsv.gz
76,158267,ZAF001.A0101.SG1.1.10M.artifact_removal_gc_rl.tsv.gz
77,22299,ZAF001.A0101.SG1.1.10M.artifact_removal_gc_rl.tsv.gz
78,22077,ZAF001.A0101.SG1.1.10M.artifact_removal_gc_rl.tsv.gz
79,21176,ZAF001.A0101.SG1.1.10M.artifact_removal_gc_rl.tsv.gz
80,19962,ZAF001.A0101.SG1.1.10M.artifact_removal_gc_rl.tsv.gz
81,19000,ZAF001.A0101.SG1.1.10M.artifact_removal_gc_rl.tsv.gz
82,17897,ZAF001.A0101.SG1.1.10M.artifact_removal_gc_rl.tsv.gz
83,17378,ZAF001.A0101.SG1.1.10M.artifact_removal_gc_rl.tsv.gz
84,16454,ZAF001.A0101.SG1.1.10M.artifact_removal_gc_rl.tsv.gz
85,15781,ZAF001.A0101.SG1.1.10M.artifact_removal_gc_rl.tsv.gz
86,15121,ZAF001.A0101.SG1.1.10M.artifact_removal_gc_rl.tsv.gz
87,14693,ZAF001.A0101.SG1.1.10M.artifact_removal_gc_rl.tsv.gz
88,14054,ZAF001.A0101.SG1.1.10M.artifact_removal_gc_rl.tsv.gz
89,13468,ZAF001.A0101.SG1.1.10M.artifact_removal_gc_rl.tsv.gz
90,13097,ZAF001.A0101.SG1.1.10M.artifact_removal_gc_rl.tsv.gz
91,12391,ZAF001.A0101.SG1.1.10M.artifact_removal_gc_rl.tsv.gz
92,11823,ZAF001.A0101.SG1.1.10M.artifact_removal_gc_rl.tsv.gz
93,11525,ZAF001.A0101.SG1.1.10M.artifact_removal_gc_rl.tsv.gz
94,10894,ZAF001.A0101.SG1.1.10M.artifact_removal_gc_rl.tsv.gz
95,10836,ZAF001.A0101.SG1.1.10M.artifact_removal_gc_rl.tsv.gz
96,10147,ZAF001.A0101.SG1.1.10M.artifact_removal_gc_rl.tsv.gz
97,9940,ZAF001.A0101.SG1.1.10M.artifact_removal_gc_rl.tsv.gz
98,9324,ZAF001.A0101.SG1.1.10M.artifact_removal_gc_rl.tsv.gz
99,9187,ZAF001.A0101.SG1.1.10M.artifact_removal_gc_rl.tsv.gz
100,8891,ZAF001.A0101.SG1.1.10M.artifact_removal_gc_rl.tsv.gz
101,8364,ZAF001.A0101.SG1.1.10M.artifact_removal_gc_rl.tsv.gz
102,8134,ZAF001.A0101.SG1.1.10M.artifact_removal_gc_rl.tsv.gz
103,7977,ZAF001.A0101.SG1.1.10M.artifact_removal_gc_rl.tsv.gz
104,7580,ZAF001.A0101.SG1.1.10M.artifact_removal_gc_rl.tsv.gz
105,7198,ZAF001.A0101.SG1.1.10M.artifact_removal_gc_rl.tsv.gz
106,7115,ZAF001.A0101.SG1.1.10M.artifact_removal_gc_rl.tsv.gz
107,6741,ZAF001.A0101.SG1.1.10M.artifact_removal_gc_rl.tsv.gz
108,6499,ZAF001.A0101.SG1.1.10M.artifact_removal_gc_rl.tsv.gz
109,6460,ZAF001.A0101.SG1.1.10M.artifact_removal_gc_rl.tsv.gz
110,6207,ZAF001.A0101.SG1.1.10M.artifact_removal_gc_rl.tsv.gz
111,5916,ZAF001.A0101.SG1.1.10M.artifact_removal_gc_rl.tsv.gz
112,5678,ZAF001.A0101.SG1.1.10M.artifact_removal_gc_rl.tsv.gz
113,5534,ZAF001.A0101.SG1.1.10M.artifact_removal_gc_rl.tsv.gz
114,5148,ZAF001.A0101.SG1.1.10M.artifact_removal_gc_rl.tsv.gz
115,5169,ZAF001.A0101.SG1.1.10M.artifact_removal_gc_rl.tsv.gz
116,4877,ZAF001.A0101.SG1.1.10M.artifact_removal_gc_rl.tsv.gz
117,4844,ZAF001.A0101.SG1.1.10M.artifact_removal_gc_rl.tsv.gz
118,4695,ZAF001.A0101.SG1.1.10M.artifact_removal_gc_rl.tsv.gz
119,4509,ZAF001.A0101.SG1.1.10M.artifact_removal_gc_rl.tsv.gz
120,4537,ZAF001.A0101.SG1.1.10M.artifact_removal_gc_rl.tsv.gz
121,4417,ZAF001.A0101.SG1.1.10M.artifact_removal_gc_rl.tsv.gz
122,4204,ZAF001.A0101.SG1.1.10M.artifact_removal_gc_rl.tsv.gz
123,3968,ZAF001.A0101.SG1.1.10M.artifact_removal_gc_rl.tsv.gz
124,3767,ZAF001.A0101.SG1.1.10M.artifact_removal_gc_rl.tsv.gz
125,3738,ZAF001.A0101.SG1.1.10M.artifact_removal_gc_rl.tsv.gz
126,3581,ZAF001.A0101.SG1.1.10M.artifact_removal_gc_rl.tsv.gz
127,3384,ZAF001.A0101.SG1.1.10M.artifact_removal_gc_rl.tsv.gz
128,3413,ZAF001.A0101.SG1.1.10M.artifact_removal_gc_rl.tsv.gz
129,3293,ZAF001.A0101.SG1.1.10M.artifact_removal_gc_rl.tsv.gz
130,3278,ZAF001.A0101.SG1.1.10M.artifact_removal_gc_rl.tsv.gz
131,3185,ZAF001.A0101.SG1.1.10M.artifact_removal_gc_rl.tsv.gz
132,3070,ZAF001.A0101.SG1.1.10M.artifact_removal_gc_rl.tsv.gz
133,3059,ZAF001.A0101.SG1.1.10M.artifact_removal_gc_rl.tsv.gz
134,3031,ZAF001.A0101.SG1.1.10M.artifact_removal_gc_rl.tsv.gz
135,2943,ZAF001.A0101.SG1.1.10M.artifact_removal_gc_rl.tsv.gz
136,2739,ZAF001.A0101.SG1.1.10M.artifact_removal_gc_rl.tsv.gz
137,2886,ZAF001.A0101.SG1.1.10M.artifact_removal_gc_rl.tsv.gz
138,2730,ZAF001.A0101.SG1.1.10M.artifact_removal_gc_rl.tsv.gz
139,2799,ZAF001.A0101.SG1.1.10M.artifact_removal_gc_rl.tsv.gz
140,3138,ZAF001.A0101.SG1.1.10M.artifact_removal_gc_rl.tsv.gz
141,2513,ZAF001.A0101.SG1.1.10M.artifact_removal_gc_rl.tsv.gz
30,89307,ZAF001.A0103.SG1.4.10M.artifact_removal_gc_rl.tsv.gz
31,84764,ZAF001.A0103.SG1.4.10M.artifact_removal_gc_rl.tsv.gz
32,79432,ZAF001.A0103.SG1.4.10M.artifact_removal_gc_rl.tsv.gz
33,73060,ZAF001.A0103.SG1.4.10M.artifact_removal_gc_rl.tsv.gz
34,68730,ZAF001.A0103.SG1.4.10M.artifact_removal_gc_rl.tsv.gz
35,63691,ZAF001.A0103.SG1.4.10M.artifact_removal_gc_rl.tsv.gz
36,57623,ZAF001.A0103.SG1.4.10M.artifact_removal_gc_rl.tsv.gz
37,53267,ZAF001.A0103.SG1.4.10M.artifact_removal_gc_rl.tsv.gz
38,48547,ZAF001.A0103.SG1.4.10M.artifact_removal_gc_rl.tsv.gz
39,44010,ZAF001.A0103.SG1.4.10M.artifact_removal_gc_rl.tsv.gz
40,40603,ZAF001.A0103.SG1.4.10M.artifact_removal_gc_rl.tsv.gz
41,37228,ZAF001.A0103.SG1.4.10M.artifact_removal_gc_rl.tsv.gz
42,33142,ZAF001.A0103.SG1.4.10M.artifact_removal_gc_rl.tsv.gz
43,30911,ZAF001.A0103.SG1.4.10M.artifact_removal_gc_rl.tsv.gz
44,28450,ZAF001.A0103.SG1.4.10M.artifact_removal_gc_rl.tsv.gz
45,25735,ZAF001.A0103.SG1.4.10M.artifact_removal_gc_rl.tsv.gz
46,23541,ZAF001.A0103.SG1.4.10M.artifact_removal_gc_rl.tsv.gz
47,21736,ZAF001.A0103.SG1.4.10M.artifact_removal_gc_rl.tsv.gz
48,19863,ZAF001.A0103.SG1.4.10M.artifact_removal_gc_rl.tsv.gz
49,18178,ZAF001.A0103.SG1.4.10M.artifact_removal_gc_rl.tsv.gz
50,16352,ZAF001.A0103.SG1.4.10M.artifact_removal_gc_rl.tsv.gz
51,14795,ZAF001.A0103.SG1.4.10M.artifact_removal_gc_rl.tsv.gz
52,13831,ZAF001.A0103.SG1.4.10M.artifact_removal_gc_rl.tsv.gz
53,12613,ZAF001.A0103.SG1.4.10M.artifact_removal_gc_rl.tsv.gz
54,11436,ZAF001.A0103.SG1.4.10M.artifact_removal_gc_rl.tsv.gz
55,10649,ZAF001.A0103.SG1.4.10M.artifact_removal_gc_rl.tsv.gz
56,9855,ZAF001.A0103.SG1.4.10M.artifact_removal_gc_rl.tsv.gz
57,8913,ZAF001.A0103.SG1.4.10M.artifact_removal_gc_rl.tsv.gz
58,8217,ZAF001.A0103.SG1.4.10M.artifact_removal_gc_rl.tsv.gz
59,7796,ZAF001.A0103.SG1.4.10M.artifact_removal_gc_rl.tsv.gz
60,7114,ZAF001.A0103.SG1.4.10M.artifact_removal_gc_rl.tsv.gz
61,6724,ZAF001.A0103.SG1.4.10M.artifact_removal_gc_rl.tsv.gz
62,6209,ZAF001.A0103.SG1.4.10M.artifact_removal_gc_rl.tsv.gz
63,5799,ZAF001.A0103.SG1.4.10M.artifact_removal_gc_rl.tsv.gz
64,5359,ZAF001.A0103.SG1.4.10M.artifact_removal_gc_rl.tsv.gz
65,5111,ZAF001.A0103.SG1.4.10M.artifact_removal_gc_rl.tsv.gz
66,4677,ZAF001.A0103.SG1.4.10M.artifact_removal_gc_rl.tsv.gz
67,4483,ZAF001.A0103.SG1.4.10M.artifact_removal_gc_rl.tsv.gz
68,4346,ZAF001.A0103.SG1.4.10M.artifact_removal_gc_rl.tsv.gz
69,4051,ZAF001.A0103.SG1.4.10M.artifact_removal_gc_rl.tsv.gz
70,4135,ZAF001.A0103.SG1.4.10M.artifact_removal_gc_rl.tsv.gz
71,4207,ZAF001.A0103.SG1.4.10M.artifact_removal_gc_rl.tsv.gz
72,4628,ZAF001.A0103.SG1.4.10M.artifact_removal_gc_rl.tsv.gz
73,5592,ZAF001.A0103.SG1.4.10M.artifact_removal_gc_rl.tsv.gz
74,7293,ZAF001.A0103.SG1.4.10M.artifact_removal_gc_rl.tsv.gz
75,10853,ZAF001.A0103.SG1.4.10M.artifact_removal_gc_rl.tsv.gz
76,35288,ZAF001.A0103.SG1.4.10M.artifact_removal_gc_rl.tsv.gz
77,2264,ZAF001.A0103.SG1.4.10M.artifact_removal_gc_rl.tsv.gz
78,2131,ZAF001.A0103.SG1.4.10M.artifact_removal_gc_rl.tsv.gz
79,1931,ZAF001.A0103.SG1.4.10M.artifact_removal_gc_rl.tsv.gz
80,1704,ZAF001.A0103.SG1.4.10M.artifact_removal_gc_rl.tsv.gz
81,1729,ZAF001.A0103.SG1.4.10M.artifact_removal_gc_rl.tsv.gz
82,1660,ZAF001.A0103.SG1.4.10M.artifact_removal_gc_rl.tsv.gz
83,1544,ZAF001.A0103.SG1.4.10M.artifact_removal_gc_rl.tsv.gz
84,1417,ZAF001.A0103.SG1.4.10M.artifact_removal_gc_rl.tsv.gz
85,1328,ZAF001.A0103.SG1.4.10M.artifact_removal_gc_rl.tsv.gz
86,1292,ZAF001.A0103.SG1.4.10M.artifact_removal_gc_rl.tsv.gz
87,1211,ZAF001.A0103.SG1.4.10M.artifact_removal_gc_rl.tsv.gz
88,1070,ZAF001.A0103.SG1.4.10M.artifact_removal_gc_rl.tsv.gz
89,1132,ZAF001.A0103.SG1.4.10M.artifact_removal_gc_rl.tsv.gz
90,1023,ZAF001.A0103.SG1.4.10M.artifact_removal_gc_rl.tsv.gz
91,940,ZAF001.A0103.SG1.4.10M.artifact_removal_gc_rl.tsv.gz
92,996,ZAF001.A0103.SG1.4.10M.artifact_removal_gc_rl.tsv.gz
93,900,ZAF001.A0103.SG1.4.10M.artifact_removal_gc_rl.tsv.gz
94,840,ZAF001.A0103.SG1.4.10M.artifact_removal_gc_rl.tsv.gz
95,846,ZAF001.A0103.SG1.4.10M.artifact_removal_gc_rl.tsv.gz
96,836,ZAF001.A0103.SG1.4.10M.artifact_removal_gc_rl.tsv.gz
97,724,ZAF001.A0103.SG1.4.10M.artifact_removal_gc_rl.tsv.gz
98,679,ZAF001.A0103.SG1.4.10M.artifact_removal_gc_rl.tsv.gz
99,661,ZAF001.A0103.SG1.4.10M.artifact_removal_gc_rl.tsv.gz
100,636,ZAF001.A0103.SG1.4.10M.artifact_removal_gc_rl.tsv.gz
101,604,ZAF001.A0103.SG1.4.10M.artifact_removal_gc_rl.tsv.gz
102,592,ZAF001.A0103.SG1.4.10M.artifact_removal_gc_rl.tsv.gz
103,579,ZAF001.A0103.SG1.4.10M.artifact_removal_gc_rl.tsv.gz
104,538,ZAF001.A0103.SG1.4.10M.artifact_removal_gc_rl.tsv.gz
105,507,ZAF001.A0103.SG1.4.10M.artifact_removal_gc_rl.tsv.gz
106,473,ZAF001.A0103.SG1.4.10M.artifact_removal_gc_rl.tsv.gz
107,491,ZAF001.A0103.SG1.4.10M.artifact_removal_gc_rl.tsv.gz
108,437,ZAF001.A0103.SG1.4.10M.artifact_removal_gc_rl.tsv.gz
109,412,ZAF001.A0103.SG1.4.10M.artifact_removal_gc_rl.tsv.gz
110,403,ZAF001.A0103.SG1.4.10M.artifact_removal_gc_rl.tsv.gz
111,406,ZAF001.A0103.SG1.4.10M.artifact_removal_gc_rl.tsv.gz
112,425,ZAF001.A0103.SG1.4.10M.artifact_removal_gc_rl.tsv.gz
113,378,ZAF001.A0103.SG1.4.10M.artifact_removal_gc_rl.tsv.gz
114,334,ZAF001.A0103.SG1.4.10M.artifact_removal_gc_rl.tsv.gz
115,349,ZAF001.A0103.SG1.4.10M.artifact_removal_gc_rl.tsv.gz
116,325,ZAF001.A0103.SG1.4.10M.artifact_removal_gc_rl.tsv.gz
117,344,ZAF001.A0103.SG1.4.10M.artifact_removal_gc_rl.tsv.gz
118,308,ZAF001.A0103.SG1.4.10M.artifact_removal_gc_rl.tsv.gz
119,320,ZAF001.A0103.SG1.4.10M.artifact_removal_gc_rl.tsv.gz
120,293,ZAF001.A0103.SG1.4.10M.artifact_removal_gc_rl.tsv.gz
121,311,ZAF001.A0103.SG1.4.10M.artifact_removal_gc_rl.tsv.gz
122,300,ZAF001.A0103.SG1.4.10M.artifact_removal_gc_rl.tsv.gz
123,283,ZAF001.A0103.SG1.4.10M.artifact_removal_gc_rl.tsv.gz
124,242,ZAF001.A0103.SG1.4.10M.artifact_removal_gc_rl.tsv.gz
125,241,ZAF001.A0103.SG1.4.10M.artifact_removal_gc_rl.tsv.gz
126,235,ZAF001.A0103.SG1.4.10M.artifact_removal_gc_rl.tsv.gz
127,228,ZAF001.A0103.SG1.4.10M.artifact_removal_gc_rl.tsv.gz
128,222,ZAF001.A0103.SG1.4.10M.artifact_removal_gc_rl.tsv.gz
129,211,ZAF001.A0103.SG1.4.10M.artifact_removal_gc_rl.tsv.gz
130,176,ZAF001.A0103.SG1.4.10M.artifact_removal_gc_rl.tsv.gz
131,247,ZAF001.A0103.SG1.4.10M.artifact_removal_gc_rl.tsv.gz
132,208,ZAF001.A0103.SG1.4.10M.artifact_removal_gc_rl.tsv.gz
133,200,ZAF001.A0103.SG1.4.10M.artifact_removal_gc_rl.tsv.gz
134,208,ZAF001.A0103.SG1.4.10M.artifact_removal_gc_rl.tsv.gz
135,195,ZAF001.A0103.SG1.4.10M.artifact_removal_gc_rl.tsv.gz
136,205,ZAF001.A0103.SG1.4.10M.artifact_removal_gc_rl.tsv.gz
137,178,ZAF001.A0103.SG1.4.10M.artifact_removal_gc_rl.tsv.gz
138,161,ZAF001.A0103.SG1.4.10M.artifact_removal_gc_rl.tsv.gz
139,202,ZAF001.A0103.SG1.4.10M.artifact_removal_gc_rl.tsv.gz
140,258,ZAF001.A0103.SG1.4.10M.artifact_removal_gc_rl.tsv.gz
141,186,ZAF001.A0103.SG1.4.10M.artifact_removal_gc_rl.tsv.gz
