Length,counts_length,Study
36,7,BAN001.A0101.SG1.1_10M.oral_gc_rl.tsv.gz
37,11,BAN001.A0101.SG1.1_10M.oral_gc_rl.tsv.gz
38,10,BAN001.A0101.SG1.1_10M.oral_gc_rl.tsv.gz
39,10,BAN001.A0101.SG1.1_10M.oral_gc_rl.tsv.gz
40,10,BAN001.A0101.SG1.1_10M.oral_gc_rl.tsv.gz
41,13,BAN001.A0101.SG1.1_10M.oral_gc_rl.tsv.gz
42,21,BAN001.A0101.SG1.1_10M.oral_gc_rl.tsv.gz
43,9,BAN001.A0101.SG1.1_10M.oral_gc_rl.tsv.gz
44,9,BAN001.A0101.SG1.1_10M.oral_gc_rl.tsv.gz
45,14,BAN001.A0101.SG1.1_10M.oral_gc_rl.tsv.gz
46,15,BAN001.A0101.SG1.1_10M.oral_gc_rl.tsv.gz
47,11,BAN001.A0101.SG1.1_10M.oral_gc_rl.tsv.gz
48,17,BAN001.A0101.SG1.1_10M.oral_gc_rl.tsv.gz
49,25,BAN001.A0101.SG1.1_10M.oral_gc_rl.tsv.gz
50,13,BAN001.A0101.SG1.1_10M.oral_gc_rl.tsv.gz
51,10,BAN001.A0101.SG1.1_10M.oral_gc_rl.tsv.gz
52,19,BAN001.A0101.SG1.1_10M.oral_gc_rl.tsv.gz
53,5,BAN001.A0101.SG1.1_10M.oral_gc_rl.tsv.gz
54,14,BAN001.A0101.SG1.1_10M.oral_gc_rl.tsv.gz
55,7,BAN001.A0101.SG1.1_10M.oral_gc_rl.tsv.gz
56,16,BAN001.A0101.SG1.1_10M.oral_gc_rl.tsv.gz
57,14,BAN001.A0101.SG1.1_10M.oral_gc_rl.tsv.gz
58,18,BAN001.A0101.SG1.1_10M.oral_gc_rl.tsv.gz
59,11,BAN001.A0101.SG1.1_10M.oral_gc_rl.tsv.gz
60,14,BAN001.A0101.SG1.1_10M.oral_gc_rl.tsv.gz
61,16,BAN001.A0101.SG1.1_10M.oral_gc_rl.tsv.gz
62,14,BAN001.A0101.SG1.1_10M.oral_gc_rl.tsv.gz
63,14,BAN001.A0101.SG1.1_10M.oral_gc_rl.tsv.gz
64,5,BAN001.A0101.SG1.1_10M.oral_gc_rl.tsv.gz
65,9,BAN001.A0101.SG1.1_10M.oral_gc_rl.tsv.gz
66,4,BAN001.A0101.SG1.1_10M.oral_gc_rl.tsv.gz
67,9,BAN001.A0101.SG1.1_10M.oral_gc_rl.tsv.gz
68,5,BAN001.A0101.SG1.1_10M.oral_gc_rl.tsv.gz
69,11,BAN001.A0101.SG1.1_10M.oral_gc_rl.tsv.gz
70,6,BAN001.A0101.SG1.1_10M.oral_gc_rl.tsv.gz
71,9,BAN001.A0101.SG1.1_10M.oral_gc_rl.tsv.gz
72,12,BAN001.A0101.SG1.1_10M.oral_gc_rl.tsv.gz
73,10,BAN001.A0101.SG1.1_10M.oral_gc_rl.tsv.gz
74,7,BAN001.A0101.SG1.1_10M.oral_gc_rl.tsv.gz
75,12,BAN001.A0101.SG1.1_10M.oral_gc_rl.tsv.gz
76,33,BAN001.A0101.SG1.1_10M.oral_gc_rl.tsv.gz
77,4,BAN001.A0101.SG1.1_10M.oral_gc_rl.tsv.gz
78,7,BAN001.A0101.SG1.1_10M.oral_gc_rl.tsv.gz
79,4,BAN001.A0101.SG1.1_10M.oral_gc_rl.tsv.gz
80,10,BAN001.A0101.SG1.1_10M.oral_gc_rl.tsv.gz
81,3,BAN001.A0101.SG1.1_10M.oral_gc_rl.tsv.gz
82,12,BAN001.A0101.SG1.1_10M.oral_gc_rl.tsv.gz
83,6,BAN001.A0101.SG1.1_10M.oral_gc_rl.tsv.gz
84,3,BAN001.A0101.SG1.1_10M.oral_gc_rl.tsv.gz
85,1,BAN001.A0101.SG1.1_10M.oral_gc_rl.tsv.gz
86,3,BAN001.A0101.SG1.1_10M.oral_gc_rl.tsv.gz
87,3,BAN001.A0101.SG1.1_10M.oral_gc_rl.tsv.gz
88,3,BAN001.A0101.SG1.1_10M.oral_gc_rl.tsv.gz
89,3,BAN001.A0101.SG1.1_10M.oral_gc_rl.tsv.gz
90,4,BAN001.A0101.SG1.1_10M.oral_gc_rl.tsv.gz
91,3,BAN001.A0101.SG1.1_10M.oral_gc_rl.tsv.gz
92,5,BAN001.A0101.SG1.1_10M.oral_gc_rl.tsv.gz
93,5,BAN001.A0101.SG1.1_10M.oral_gc_rl.tsv.gz
94,1,BAN001.A0101.SG1.1_10M.oral_gc_rl.tsv.gz
95,3,BAN001.A0101.SG1.1_10M.oral_gc_rl.tsv.gz
96,3,BAN001.A0101.SG1.1_10M.oral_gc_rl.tsv.gz
97,2,BAN001.A0101.SG1.1_10M.oral_gc_rl.tsv.gz
98,4,BAN001.A0101.SG1.1_10M.oral_gc_rl.tsv.gz
99,4,BAN001.A0101.SG1.1_10M.oral_gc_rl.tsv.gz
100,1,BAN001.A0101.SG1.1_10M.oral_gc_rl.tsv.gz
101,3,BAN001.A0101.SG1.1_10M.oral_gc_rl.tsv.gz
102,3,BAN001.A0101.SG1.1_10M.oral_gc_rl.tsv.gz
103,4,BAN001.A0101.SG1.1_10M.oral_gc_rl.tsv.gz
104,3,BAN001.A0101.SG1.1_10M.oral_gc_rl.tsv.gz
105,2,BAN001.A0101.SG1.1_10M.oral_gc_rl.tsv.gz
106,1,BAN001.A0101.SG1.1_10M.oral_gc_rl.tsv.gz
107,1,BAN001.A0101.SG1.1_10M.oral_gc_rl.tsv.gz
108,1,BAN001.A0101.SG1.1_10M.oral_gc_rl.tsv.gz
109,4,BAN001.A0101.SG1.1_10M.oral_gc_rl.tsv.gz
110,3,BAN001.A0101.SG1.1_10M.oral_gc_rl.tsv.gz
111,3,BAN001.A0101.SG1.1_10M.oral_gc_rl.tsv.gz
112,1,BAN001.A0101.SG1.1_10M.oral_gc_rl.tsv.gz
114,2,BAN001.A0101.SG1.1_10M.oral_gc_rl.tsv.gz
115,2,BAN001.A0101.SG1.1_10M.oral_gc_rl.tsv.gz
117,1,BAN001.A0101.SG1.1_10M.oral_gc_rl.tsv.gz
118,1,BAN001.A0101.SG1.1_10M.oral_gc_rl.tsv.gz
119,1,BAN001.A0101.SG1.1_10M.oral_gc_rl.tsv.gz
121,2,BAN001.A0101.SG1.1_10M.oral_gc_rl.tsv.gz
123,1,BAN001.A0101.SG1.1_10M.oral_gc_rl.tsv.gz
126,3,BAN001.A0101.SG1.1_10M.oral_gc_rl.tsv.gz
129,1,BAN001.A0101.SG1.1_10M.oral_gc_rl.tsv.gz
130,2,BAN001.A0101.SG1.1_10M.oral_gc_rl.tsv.gz
135,1,BAN001.A0101.SG1.1_10M.oral_gc_rl.tsv.gz
139,1,BAN001.A0101.SG1.1_10M.oral_gc_rl.tsv.gz
36,9,BAN001.A0102.SG1.4_10M.oral_gc_rl.tsv.gz
37,14,BAN001.A0102.SG1.4_10M.oral_gc_rl.tsv.gz
38,20,BAN001.A0102.SG1.4_10M.oral_gc_rl.tsv.gz
39,20,BAN001.A0102.SG1.4_10M.oral_gc_rl.tsv.gz
40,23,BAN001.A0102.SG1.4_10M.oral_gc_rl.tsv.gz
41,23,BAN001.A0102.SG1.4_10M.oral_gc_rl.tsv.gz
42,23,BAN001.A0102.SG1.4_10M.oral_gc_rl.tsv.gz
43,13,BAN001.A0102.SG1.4_10M.oral_gc_rl.tsv.gz
44,26,BAN001.A0102.SG1.4_10M.oral_gc_rl.tsv.gz
45,26,BAN001.A0102.SG1.4_10M.oral_gc_rl.tsv.gz
46,20,BAN001.A0102.SG1.4_10M.oral_gc_rl.tsv.gz
47,12,BAN001.A0102.SG1.4_10M.oral_gc_rl.tsv.gz
48,16,BAN001.A0102.SG1.4_10M.oral_gc_rl.tsv.gz
49,9,BAN001.A0102.SG1.4_10M.oral_gc_rl.tsv.gz
50,15,BAN001.A0102.SG1.4_10M.oral_gc_rl.tsv.gz
51,4,BAN001.A0102.SG1.4_10M.oral_gc_rl.tsv.gz
52,6,BAN001.A0102.SG1.4_10M.oral_gc_rl.tsv.gz
53,7,BAN001.A0102.SG1.4_10M.oral_gc_rl.tsv.gz
54,8,BAN001.A0102.SG1.4_10M.oral_gc_rl.tsv.gz
55,9,BAN001.A0102.SG1.4_10M.oral_gc_rl.tsv.gz
56,2,BAN001.A0102.SG1.4_10M.oral_gc_rl.tsv.gz
57,7,BAN001.A0102.SG1.4_10M.oral_gc_rl.tsv.gz
58,7,BAN001.A0102.SG1.4_10M.oral_gc_rl.tsv.gz
59,9,BAN001.A0102.SG1.4_10M.oral_gc_rl.tsv.gz
60,9,BAN001.A0102.SG1.4_10M.oral_gc_rl.tsv.gz
61,8,BAN001.A0102.SG1.4_10M.oral_gc_rl.tsv.gz
62,9,BAN001.A0102.SG1.4_10M.oral_gc_rl.tsv.gz
63,3,BAN001.A0102.SG1.4_10M.oral_gc_rl.tsv.gz
64,5,BAN001.A0102.SG1.4_10M.oral_gc_rl.tsv.gz
65,2,BAN001.A0102.SG1.4_10M.oral_gc_rl.tsv.gz
66,5,BAN001.A0102.SG1.4_10M.oral_gc_rl.tsv.gz
67,4,BAN001.A0102.SG1.4_10M.oral_gc_rl.tsv.gz
68,3,BAN001.A0102.SG1.4_10M.oral_gc_rl.tsv.gz
69,6,BAN001.A0102.SG1.4_10M.oral_gc_rl.tsv.gz
70,5,BAN001.A0102.SG1.4_10M.oral_gc_rl.tsv.gz
71,2,BAN001.A0102.SG1.4_10M.oral_gc_rl.tsv.gz
72,3,BAN001.A0102.SG1.4_10M.oral_gc_rl.tsv.gz
73,5,BAN001.A0102.SG1.4_10M.oral_gc_rl.tsv.gz
74,5,BAN001.A0102.SG1.4_10M.oral_gc_rl.tsv.gz
75,5,BAN001.A0102.SG1.4_10M.oral_gc_rl.tsv.gz
76,6,BAN001.A0102.SG1.4_10M.oral_gc_rl.tsv.gz
77,1,BAN001.A0102.SG1.4_10M.oral_gc_rl.tsv.gz
78,1,BAN001.A0102.SG1.4_10M.oral_gc_rl.tsv.gz
80,2,BAN001.A0102.SG1.4_10M.oral_gc_rl.tsv.gz
81,1,BAN001.A0102.SG1.4_10M.oral_gc_rl.tsv.gz
82,2,BAN001.A0102.SG1.4_10M.oral_gc_rl.tsv.gz
83,1,BAN001.A0102.SG1.4_10M.oral_gc_rl.tsv.gz
85,1,BAN001.A0102.SG1.4_10M.oral_gc_rl.tsv.gz
86,1,BAN001.A0102.SG1.4_10M.oral_gc_rl.tsv.gz
87,1,BAN001.A0102.SG1.4_10M.oral_gc_rl.tsv.gz
89,2,BAN001.A0102.SG1.4_10M.oral_gc_rl.tsv.gz
90,2,BAN001.A0102.SG1.4_10M.oral_gc_rl.tsv.gz
91,1,BAN001.A0102.SG1.4_10M.oral_gc_rl.tsv.gz
95,1,BAN001.A0102.SG1.4_10M.oral_gc_rl.tsv.gz
101,2,BAN001.A0102.SG1.4_10M.oral_gc_rl.tsv.gz
103,2,BAN001.A0102.SG1.4_10M.oral_gc_rl.tsv.gz
109,1,BAN001.A0102.SG1.4_10M.oral_gc_rl.tsv.gz
112,2,BAN001.A0102.SG1.4_10M.oral_gc_rl.tsv.gz
114,1,BAN001.A0102.SG1.4_10M.oral_gc_rl.tsv.gz
122,1,BAN001.A0102.SG1.4_10M.oral_gc_rl.tsv.gz
125,2,BAN001.A0102.SG1.4_10M.oral_gc_rl.tsv.gz
138,1,BAN001.A0102.SG1.4_10M.oral_gc_rl.tsv.gz
36,5438,CDM019.A0101.SG1.1_10M.oral_gc_rl.tsv.gz
37,11285,CDM019.A0101.SG1.1_10M.oral_gc_rl.tsv.gz
38,15522,CDM019.A0101.SG1.1_10M.oral_gc_rl.tsv.gz
39,19864,CDM019.A0101.SG1.1_10M.oral_gc_rl.tsv.gz
40,23541,CDM019.A0101.SG1.1_10M.oral_gc_rl.tsv.gz
41,24327,CDM019.A0101.SG1.1_10M.oral_gc_rl.tsv.gz
42,26772,CDM019.A0101.SG1.1_10M.oral_gc_rl.tsv.gz
43,28667,CDM019.A0101.SG1.1_10M.oral_gc_rl.tsv.gz
44,29806,CDM019.A0101.SG1.1_10M.oral_gc_rl.tsv.gz
45,31622,CDM019.A0101.SG1.1_10M.oral_gc_rl.tsv.gz
46,33620,CDM019.A0101.SG1.1_10M.oral_gc_rl.tsv.gz
47,34638,CDM019.A0101.SG1.1_10M.oral_gc_rl.tsv.gz
48,34211,CDM019.A0101.SG1.1_10M.oral_gc_rl.tsv.gz
49,34535,CDM019.A0101.SG1.1_10M.oral_gc_rl.tsv.gz
50,34701,CDM019.A0101.SG1.1_10M.oral_gc_rl.tsv.gz
51,35313,CDM019.A0101.SG1.1_10M.oral_gc_rl.tsv.gz
52,35979,CDM019.A0101.SG1.1_10M.oral_gc_rl.tsv.gz
53,36532,CDM019.A0101.SG1.1_10M.oral_gc_rl.tsv.gz
54,37047,CDM019.A0101.SG1.1_10M.oral_gc_rl.tsv.gz
55,35464,CDM019.A0101.SG1.1_10M.oral_gc_rl.tsv.gz
56,36149,CDM019.A0101.SG1.1_10M.oral_gc_rl.tsv.gz
57,36862,CDM019.A0101.SG1.1_10M.oral_gc_rl.tsv.gz
58,37109,CDM019.A0101.SG1.1_10M.oral_gc_rl.tsv.gz
59,36164,CDM019.A0101.SG1.1_10M.oral_gc_rl.tsv.gz
60,36503,CDM019.A0101.SG1.1_10M.oral_gc_rl.tsv.gz
61,34597,CDM019.A0101.SG1.1_10M.oral_gc_rl.tsv.gz
62,34111,CDM019.A0101.SG1.1_10M.oral_gc_rl.tsv.gz
63,34495,CDM019.A0101.SG1.1_10M.oral_gc_rl.tsv.gz
64,34190,CDM019.A0101.SG1.1_10M.oral_gc_rl.tsv.gz
65,33912,CDM019.A0101.SG1.1_10M.oral_gc_rl.tsv.gz
66,34063,CDM019.A0101.SG1.1_10M.oral_gc_rl.tsv.gz
67,33515,CDM019.A0101.SG1.1_10M.oral_gc_rl.tsv.gz
68,30809,CDM019.A0101.SG1.1_10M.oral_gc_rl.tsv.gz
69,31104,CDM019.A0101.SG1.1_10M.oral_gc_rl.tsv.gz
70,30887,CDM019.A0101.SG1.1_10M.oral_gc_rl.tsv.gz
71,30813,CDM019.A0101.SG1.1_10M.oral_gc_rl.tsv.gz
72,33634,CDM019.A0101.SG1.1_10M.oral_gc_rl.tsv.gz
73,37512,CDM019.A0101.SG1.1_10M.oral_gc_rl.tsv.gz
74,33416,CDM019.A0101.SG1.1_10M.oral_gc_rl.tsv.gz
75,59841,CDM019.A0101.SG1.1_10M.oral_gc_rl.tsv.gz
76,199625,CDM019.A0101.SG1.1_10M.oral_gc_rl.tsv.gz
77,26039,CDM019.A0101.SG1.1_10M.oral_gc_rl.tsv.gz
78,26242,CDM019.A0101.SG1.1_10M.oral_gc_rl.tsv.gz
79,25886,CDM019.A0101.SG1.1_10M.oral_gc_rl.tsv.gz
80,25098,CDM019.A0101.SG1.1_10M.oral_gc_rl.tsv.gz
81,23410,CDM019.A0101.SG1.1_10M.oral_gc_rl.tsv.gz
82,23051,CDM019.A0101.SG1.1_10M.oral_gc_rl.tsv.gz
83,22485,CDM019.A0101.SG1.1_10M.oral_gc_rl.tsv.gz
84,22342,CDM019.A0101.SG1.1_10M.oral_gc_rl.tsv.gz
85,22097,CDM019.A0101.SG1.1_10M.oral_gc_rl.tsv.gz
86,21350,CDM019.A0101.SG1.1_10M.oral_gc_rl.tsv.gz
87,21344,CDM019.A0101.SG1.1_10M.oral_gc_rl.tsv.gz
88,20349,CDM019.A0101.SG1.1_10M.oral_gc_rl.tsv.gz
89,19424,CDM019.A0101.SG1.1_10M.oral_gc_rl.tsv.gz
90,19613,CDM019.A0101.SG1.1_10M.oral_gc_rl.tsv.gz
91,19059,CDM019.A0101.SG1.1_10M.oral_gc_rl.tsv.gz
92,18348,CDM019.A0101.SG1.1_10M.oral_gc_rl.tsv.gz
93,18162,CDM019.A0101.SG1.1_10M.oral_gc_rl.tsv.gz
94,17821,CDM019.A0101.SG1.1_10M.oral_gc_rl.tsv.gz
95,16693,CDM019.A0101.SG1.1_10M.oral_gc_rl.tsv.gz
96,16353,CDM019.A0101.SG1.1_10M.oral_gc_rl.tsv.gz
97,16337,CDM019.A0101.SG1.1_10M.oral_gc_rl.tsv.gz
98,15885,CDM019.A0101.SG1.1_10M.oral_gc_rl.tsv.gz
99,15580,CDM019.A0101.SG1.1_10M.oral_gc_rl.tsv.gz
100,15505,CDM019.A0101.SG1.1_10M.oral_gc_rl.tsv.gz
101,14118,CDM019.A0101.SG1.1_10M.oral_gc_rl.tsv.gz
102,13964,CDM019.A0101.SG1.1_10M.oral_gc_rl.tsv.gz
103,13582,CDM019.A0101.SG1.1_10M.oral_gc_rl.tsv.gz
104,13358,CDM019.A0101.SG1.1_10M.oral_gc_rl.tsv.gz
105,13075,CDM019.A0101.SG1.1_10M.oral_gc_rl.tsv.gz
106,12898,CDM019.A0101.SG1.1_10M.oral_gc_rl.tsv.gz
107,12440,CDM019.A0101.SG1.1_10M.oral_gc_rl.tsv.gz
108,12046,CDM019.A0101.SG1.1_10M.oral_gc_rl.tsv.gz
109,11922,CDM019.A0101.SG1.1_10M.oral_gc_rl.tsv.gz
110,11297,CDM019.A0101.SG1.1_10M.oral_gc_rl.tsv.gz
111,11143,CDM019.A0101.SG1.1_10M.oral_gc_rl.tsv.gz
112,10817,CDM019.A0101.SG1.1_10M.oral_gc_rl.tsv.gz
113,10530,CDM019.A0101.SG1.1_10M.oral_gc_rl.tsv.gz
114,10601,CDM019.A0101.SG1.1_10M.oral_gc_rl.tsv.gz
115,9731,CDM019.A0101.SG1.1_10M.oral_gc_rl.tsv.gz
116,9430,CDM019.A0101.SG1.1_10M.oral_gc_rl.tsv.gz
117,9298,CDM019.A0101.SG1.1_10M.oral_gc_rl.tsv.gz
118,9253,CDM019.A0101.SG1.1_10M.oral_gc_rl.tsv.gz
119,8709,CDM019.A0101.SG1.1_10M.oral_gc_rl.tsv.gz
120,8766,CDM019.A0101.SG1.1_10M.oral_gc_rl.tsv.gz
121,8358,CDM019.A0101.SG1.1_10M.oral_gc_rl.tsv.gz
122,7922,CDM019.A0101.SG1.1_10M.oral_gc_rl.tsv.gz
123,7959,CDM019.A0101.SG1.1_10M.oral_gc_rl.tsv.gz
124,7718,CDM019.A0101.SG1.1_10M.oral_gc_rl.tsv.gz
125,7427,CDM019.A0101.SG1.1_10M.oral_gc_rl.tsv.gz
126,7264,CDM019.A0101.SG1.1_10M.oral_gc_rl.tsv.gz
127,7169,CDM019.A0101.SG1.1_10M.oral_gc_rl.tsv.gz
128,6545,CDM019.A0101.SG1.1_10M.oral_gc_rl.tsv.gz
129,6669,CDM019.A0101.SG1.1_10M.oral_gc_rl.tsv.gz
130,6446,CDM019.A0101.SG1.1_10M.oral_gc_rl.tsv.gz
131,6212,CDM019.A0101.SG1.1_10M.oral_gc_rl.tsv.gz
132,5997,CDM019.A0101.SG1.1_10M.oral_gc_rl.tsv.gz
133,5862,CDM019.A0101.SG1.1_10M.oral_gc_rl.tsv.gz
134,5779,CDM019.A0101.SG1.1_10M.oral_gc_rl.tsv.gz
135,5460,CDM019.A0101.SG1.1_10M.oral_gc_rl.tsv.gz
136,5422,CDM019.A0101.SG1.1_10M.oral_gc_rl.tsv.gz
137,5306,CDM019.A0101.SG1.1_10M.oral_gc_rl.tsv.gz
138,5038,CDM019.A0101.SG1.1_10M.oral_gc_rl.tsv.gz
139,4807,CDM019.A0101.SG1.1_10M.oral_gc_rl.tsv.gz
140,4865,CDM019.A0101.SG1.1_10M.oral_gc_rl.tsv.gz
141,4134,CDM019.A0101.SG1.1_10M.oral_gc_rl.tsv.gz
36,8066,CDM019.A0102.SG1.4_10M.oral_gc_rl.tsv.gz
37,15267,CDM019.A0102.SG1.4_10M.oral_gc_rl.tsv.gz
38,20920,CDM019.A0102.SG1.4_10M.oral_gc_rl.tsv.gz
39,25109,CDM019.A0102.SG1.4_10M.oral_gc_rl.tsv.gz
40,29522,CDM019.A0102.SG1.4_10M.oral_gc_rl.tsv.gz
41,30474,CDM019.A0102.SG1.4_10M.oral_gc_rl.tsv.gz
42,30170,CDM019.A0102.SG1.4_10M.oral_gc_rl.tsv.gz
43,31076,CDM019.A0102.SG1.4_10M.oral_gc_rl.tsv.gz
44,31753,CDM019.A0102.SG1.4_10M.oral_gc_rl.tsv.gz
45,31421,CDM019.A0102.SG1.4_10M.oral_gc_rl.tsv.gz
46,32303,CDM019.A0102.SG1.4_10M.oral_gc_rl.tsv.gz
47,32449,CDM019.A0102.SG1.4_10M.oral_gc_rl.tsv.gz
48,30785,CDM019.A0102.SG1.4_10M.oral_gc_rl.tsv.gz
49,30932,CDM019.A0102.SG1.4_10M.oral_gc_rl.tsv.gz
50,31401,CDM019.A0102.SG1.4_10M.oral_gc_rl.tsv.gz
51,30353,CDM019.A0102.SG1.4_10M.oral_gc_rl.tsv.gz
52,30191,CDM019.A0102.SG1.4_10M.oral_gc_rl.tsv.gz
53,29605,CDM019.A0102.SG1.4_10M.oral_gc_rl.tsv.gz
54,28617,CDM019.A0102.SG1.4_10M.oral_gc_rl.tsv.gz
55,27030,CDM019.A0102.SG1.4_10M.oral_gc_rl.tsv.gz
56,26949,CDM019.A0102.SG1.4_10M.oral_gc_rl.tsv.gz
57,26007,CDM019.A0102.SG1.4_10M.oral_gc_rl.tsv.gz
58,25750,CDM019.A0102.SG1.4_10M.oral_gc_rl.tsv.gz
59,25598,CDM019.A0102.SG1.4_10M.oral_gc_rl.tsv.gz
60,24277,CDM019.A0102.SG1.4_10M.oral_gc_rl.tsv.gz
61,23231,CDM019.A0102.SG1.4_10M.oral_gc_rl.tsv.gz
62,22890,CDM019.A0102.SG1.4_10M.oral_gc_rl.tsv.gz
63,21882,CDM019.A0102.SG1.4_10M.oral_gc_rl.tsv.gz
64,21500,CDM019.A0102.SG1.4_10M.oral_gc_rl.tsv.gz
65,20966,CDM019.A0102.SG1.4_10M.oral_gc_rl.tsv.gz
66,20159,CDM019.A0102.SG1.4_10M.oral_gc_rl.tsv.gz
67,19581,CDM019.A0102.SG1.4_10M.oral_gc_rl.tsv.gz
68,18220,CDM019.A0102.SG1.4_10M.oral_gc_rl.tsv.gz
69,17694,CDM019.A0102.SG1.4_10M.oral_gc_rl.tsv.gz
70,17333,CDM019.A0102.SG1.4_10M.oral_gc_rl.tsv.gz
71,17789,CDM019.A0102.SG1.4_10M.oral_gc_rl.tsv.gz
72,19241,CDM019.A0102.SG1.4_10M.oral_gc_rl.tsv.gz
73,25711,CDM019.A0102.SG1.4_10M.oral_gc_rl.tsv.gz
74,16354,CDM019.A0102.SG1.4_10M.oral_gc_rl.tsv.gz
75,21974,CDM019.A0102.SG1.4_10M.oral_gc_rl.tsv.gz
76,101366,CDM019.A0102.SG1.4_10M.oral_gc_rl.tsv.gz
77,13378,CDM019.A0102.SG1.4_10M.oral_gc_rl.tsv.gz
78,12871,CDM019.A0102.SG1.4_10M.oral_gc_rl.tsv.gz
79,12613,CDM019.A0102.SG1.4_10M.oral_gc_rl.tsv.gz
80,12250,CDM019.A0102.SG1.4_10M.oral_gc_rl.tsv.gz
81,11164,CDM019.A0102.SG1.4_10M.oral_gc_rl.tsv.gz
82,11262,CDM019.A0102.SG1.4_10M.oral_gc_rl.tsv.gz
83,10849,CDM019.A0102.SG1.4_10M.oral_gc_rl.tsv.gz
84,10273,CDM019.A0102.SG1.4_10M.oral_gc_rl.tsv.gz
85,9986,CDM019.A0102.SG1.4_10M.oral_gc_rl.tsv.gz
86,9931,CDM019.A0102.SG1.4_10M.oral_gc_rl.tsv.gz
87,9325,CDM019.A0102.SG1.4_10M.oral_gc_rl.tsv.gz
88,8795,CDM019.A0102.SG1.4_10M.oral_gc_rl.tsv.gz
89,8636,CDM019.A0102.SG1.4_10M.oral_gc_rl.tsv.gz
90,8112,CDM019.A0102.SG1.4_10M.oral_gc_rl.tsv.gz
91,7864,CDM019.A0102.SG1.4_10M.oral_gc_rl.tsv.gz
92,8017,CDM019.A0102.SG1.4_10M.oral_gc_rl.tsv.gz
93,7577,CDM019.A0102.SG1.4_10M.oral_gc_rl.tsv.gz
94,7434,CDM019.A0102.SG1.4_10M.oral_gc_rl.tsv.gz
95,6985,CDM019.A0102.SG1.4_10M.oral_gc_rl.tsv.gz
96,6673,CDM019.A0102.SG1.4_10M.oral_gc_rl.tsv.gz
97,6514,CDM019.A0102.SG1.4_10M.oral_gc_rl.tsv.gz
98,6320,CDM019.A0102.SG1.4_10M.oral_gc_rl.tsv.gz
99,6138,CDM019.A0102.SG1.4_10M.oral_gc_rl.tsv.gz
100,5941,CDM019.A0102.SG1.4_10M.oral_gc_rl.tsv.gz
101,5554,CDM019.A0102.SG1.4_10M.oral_gc_rl.tsv.gz
102,5384,CDM019.A0102.SG1.4_10M.oral_gc_rl.tsv.gz
103,5179,CDM019.A0102.SG1.4_10M.oral_gc_rl.tsv.gz
104,5250,CDM019.A0102.SG1.4_10M.oral_gc_rl.tsv.gz
105,4959,CDM019.A0102.SG1.4_10M.oral_gc_rl.tsv.gz
106,4863,CDM019.A0102.SG1.4_10M.oral_gc_rl.tsv.gz
107,4759,CDM019.A0102.SG1.4_10M.oral_gc_rl.tsv.gz
108,4360,CDM019.A0102.SG1.4_10M.oral_gc_rl.tsv.gz
109,4287,CDM019.A0102.SG1.4_10M.oral_gc_rl.tsv.gz
110,4306,CDM019.A0102.SG1.4_10M.oral_gc_rl.tsv.gz
111,4150,CDM019.A0102.SG1.4_10M.oral_gc_rl.tsv.gz
112,3956,CDM019.A0102.SG1.4_10M.oral_gc_rl.tsv.gz
113,3995,CDM019.A0102.SG1.4_10M.oral_gc_rl.tsv.gz
114,3741,CDM019.A0102.SG1.4_10M.oral_gc_rl.tsv.gz
115,3509,CDM019.A0102.SG1.4_10M.oral_gc_rl.tsv.gz
116,3492,CDM019.A0102.SG1.4_10M.oral_gc_rl.tsv.gz
117,3335,CDM019.A0102.SG1.4_10M.oral_gc_rl.tsv.gz
118,3208,CDM019.A0102.SG1.4_10M.oral_gc_rl.tsv.gz
119,3170,CDM019.A0102.SG1.4_10M.oral_gc_rl.tsv.gz
120,3059,CDM019.A0102.SG1.4_10M.oral_gc_rl.tsv.gz
121,2898,CDM019.A0102.SG1.4_10M.oral_gc_rl.tsv.gz
122,2850,CDM019.A0102.SG1.4_10M.oral_gc_rl.tsv.gz
123,2718,CDM019.A0102.SG1.4_10M.oral_gc_rl.tsv.gz
124,2651,CDM019.A0102.SG1.4_10M.oral_gc_rl.tsv.gz
125,2712,CDM019.A0102.SG1.4_10M.oral_gc_rl.tsv.gz
126,2572,CDM019.A0102.SG1.4_10M.oral_gc_rl.tsv.gz
127,2565,CDM019.A0102.SG1.4_10M.oral_gc_rl.tsv.gz
128,2414,CDM019.A0102.SG1.4_10M.oral_gc_rl.tsv.gz
129,2370,CDM019.A0102.SG1.4_10M.oral_gc_rl.tsv.gz
130,2319,CDM019.A0102.SG1.4_10M.oral_gc_rl.tsv.gz
131,2248,CDM019.A0102.SG1.4_10M.oral_gc_rl.tsv.gz
132,2169,CDM019.A0102.SG1.4_10M.oral_gc_rl.tsv.gz
133,2079,CDM019.A0102.SG1.4_10M.oral_gc_rl.tsv.gz
134,2164,CDM019.A0102.SG1.4_10M.oral_gc_rl.tsv.gz
135,1932,CDM019.A0102.SG1.4_10M.oral_gc_rl.tsv.gz
136,1975,CDM019.A0102.SG1.4_10M.oral_gc_rl.tsv.gz
137,1919,CDM019.A0102.SG1.4_10M.oral_gc_rl.tsv.gz
138,1723,CDM019.A0102.SG1.4_10M.oral_gc_rl.tsv.gz
139,1722,CDM019.A0102.SG1.4_10M.oral_gc_rl.tsv.gz
140,1737,CDM019.A0102.SG1.4_10M.oral_gc_rl.tsv.gz
141,1489,CDM019.A0102.SG1.4_10M.oral_gc_rl.tsv.gz
36,5805,CDM020.A0101.SG1.1_10M.oral_gc_rl.tsv.gz
37,11719,CDM020.A0101.SG1.1_10M.oral_gc_rl.tsv.gz
38,16312,CDM020.A0101.SG1.1_10M.oral_gc_rl.tsv.gz
39,20716,CDM020.A0101.SG1.1_10M.oral_gc_rl.tsv.gz
40,24460,CDM020.A0101.SG1.1_10M.oral_gc_rl.tsv.gz
41,25389,CDM020.A0101.SG1.1_10M.oral_gc_rl.tsv.gz
42,27769,CDM020.A0101.SG1.1_10M.oral_gc_rl.tsv.gz
43,29400,CDM020.A0101.SG1.1_10M.oral_gc_rl.tsv.gz
44,30681,CDM020.A0101.SG1.1_10M.oral_gc_rl.tsv.gz
45,32414,CDM020.A0101.SG1.1_10M.oral_gc_rl.tsv.gz
46,34316,CDM020.A0101.SG1.1_10M.oral_gc_rl.tsv.gz
47,35115,CDM020.A0101.SG1.1_10M.oral_gc_rl.tsv.gz
48,34530,CDM020.A0101.SG1.1_10M.oral_gc_rl.tsv.gz
49,34595,CDM020.A0101.SG1.1_10M.oral_gc_rl.tsv.gz
50,34706,CDM020.A0101.SG1.1_10M.oral_gc_rl.tsv.gz
51,35313,CDM020.A0101.SG1.1_10M.oral_gc_rl.tsv.gz
52,35720,CDM020.A0101.SG1.1_10M.oral_gc_rl.tsv.gz
53,35654,CDM020.A0101.SG1.1_10M.oral_gc_rl.tsv.gz
54,36174,CDM020.A0101.SG1.1_10M.oral_gc_rl.tsv.gz
55,34140,CDM020.A0101.SG1.1_10M.oral_gc_rl.tsv.gz
56,34284,CDM020.A0101.SG1.1_10M.oral_gc_rl.tsv.gz
57,34608,CDM020.A0101.SG1.1_10M.oral_gc_rl.tsv.gz
58,34547,CDM020.A0101.SG1.1_10M.oral_gc_rl.tsv.gz
59,33808,CDM020.A0101.SG1.1_10M.oral_gc_rl.tsv.gz
60,33773,CDM020.A0101.SG1.1_10M.oral_gc_rl.tsv.gz
61,31591,CDM020.A0101.SG1.1_10M.oral_gc_rl.tsv.gz
62,31042,CDM020.A0101.SG1.1_10M.oral_gc_rl.tsv.gz
63,31176,CDM020.A0101.SG1.1_10M.oral_gc_rl.tsv.gz
64,30370,CDM020.A0101.SG1.1_10M.oral_gc_rl.tsv.gz
65,29847,CDM020.A0101.SG1.1_10M.oral_gc_rl.tsv.gz
66,30283,CDM020.A0101.SG1.1_10M.oral_gc_rl.tsv.gz
67,29651,CDM020.A0101.SG1.1_10M.oral_gc_rl.tsv.gz
68,26925,CDM020.A0101.SG1.1_10M.oral_gc_rl.tsv.gz
69,26775,CDM020.A0101.SG1.1_10M.oral_gc_rl.tsv.gz
70,26305,CDM020.A0101.SG1.1_10M.oral_gc_rl.tsv.gz
71,26215,CDM020.A0101.SG1.1_10M.oral_gc_rl.tsv.gz
72,28027,CDM020.A0101.SG1.1_10M.oral_gc_rl.tsv.gz
73,31312,CDM020.A0101.SG1.1_10M.oral_gc_rl.tsv.gz
74,28042,CDM020.A0101.SG1.1_10M.oral_gc_rl.tsv.gz
75,49071,CDM020.A0101.SG1.1_10M.oral_gc_rl.tsv.gz
76,152847,CDM020.A0101.SG1.1_10M.oral_gc_rl.tsv.gz
77,21274,CDM020.A0101.SG1.1_10M.oral_gc_rl.tsv.gz
78,21038,CDM020.A0101.SG1.1_10M.oral_gc_rl.tsv.gz
79,20474,CDM020.A0101.SG1.1_10M.oral_gc_rl.tsv.gz
80,20110,CDM020.A0101.SG1.1_10M.oral_gc_rl.tsv.gz
81,18499,CDM020.A0101.SG1.1_10M.oral_gc_rl.tsv.gz
82,18122,CDM020.A0101.SG1.1_10M.oral_gc_rl.tsv.gz
83,17446,CDM020.A0101.SG1.1_10M.oral_gc_rl.tsv.gz
84,17397,CDM020.A0101.SG1.1_10M.oral_gc_rl.tsv.gz
85,16938,CDM020.A0101.SG1.1_10M.oral_gc_rl.tsv.gz
86,16556,CDM020.A0101.SG1.1_10M.oral_gc_rl.tsv.gz
87,16471,CDM020.A0101.SG1.1_10M.oral_gc_rl.tsv.gz
88,15184,CDM020.A0101.SG1.1_10M.oral_gc_rl.tsv.gz
89,14654,CDM020.A0101.SG1.1_10M.oral_gc_rl.tsv.gz
90,14581,CDM020.A0101.SG1.1_10M.oral_gc_rl.tsv.gz
91,14182,CDM020.A0101.SG1.1_10M.oral_gc_rl.tsv.gz
92,13470,CDM020.A0101.SG1.1_10M.oral_gc_rl.tsv.gz
93,13532,CDM020.A0101.SG1.1_10M.oral_gc_rl.tsv.gz
94,13223,CDM020.A0101.SG1.1_10M.oral_gc_rl.tsv.gz
95,12167,CDM020.A0101.SG1.1_10M.oral_gc_rl.tsv.gz
96,12117,CDM020.A0101.SG1.1_10M.oral_gc_rl.tsv.gz
97,11776,CDM020.A0101.SG1.1_10M.oral_gc_rl.tsv.gz
98,11342,CDM020.A0101.SG1.1_10M.oral_gc_rl.tsv.gz
99,11374,CDM020.A0101.SG1.1_10M.oral_gc_rl.tsv.gz
100,11063,CDM020.A0101.SG1.1_10M.oral_gc_rl.tsv.gz
101,10169,CDM020.A0101.SG1.1_10M.oral_gc_rl.tsv.gz
102,10011,CDM020.A0101.SG1.1_10M.oral_gc_rl.tsv.gz
103,9429,CDM020.A0101.SG1.1_10M.oral_gc_rl.tsv.gz
104,9316,CDM020.A0101.SG1.1_10M.oral_gc_rl.tsv.gz
105,9120,CDM020.A0101.SG1.1_10M.oral_gc_rl.tsv.gz
106,9133,CDM020.A0101.SG1.1_10M.oral_gc_rl.tsv.gz
107,8722,CDM020.A0101.SG1.1_10M.oral_gc_rl.tsv.gz
108,8160,CDM020.A0101.SG1.1_10M.oral_gc_rl.tsv.gz
109,8055,CDM020.A0101.SG1.1_10M.oral_gc_rl.tsv.gz
110,7875,CDM020.A0101.SG1.1_10M.oral_gc_rl.tsv.gz
111,7661,CDM020.A0101.SG1.1_10M.oral_gc_rl.tsv.gz
112,7260,CDM020.A0101.SG1.1_10M.oral_gc_rl.tsv.gz
113,7232,CDM020.A0101.SG1.1_10M.oral_gc_rl.tsv.gz
114,7116,CDM020.A0101.SG1.1_10M.oral_gc_rl.tsv.gz
115,6604,CDM020.A0101.SG1.1_10M.oral_gc_rl.tsv.gz
116,6372,CDM020.A0101.SG1.1_10M.oral_gc_rl.tsv.gz
117,6352,CDM020.A0101.SG1.1_10M.oral_gc_rl.tsv.gz
118,6180,CDM020.A0101.SG1.1_10M.oral_gc_rl.tsv.gz
119,5834,CDM020.A0101.SG1.1_10M.oral_gc_rl.tsv.gz
120,5794,CDM020.A0101.SG1.1_10M.oral_gc_rl.tsv.gz
121,5505,CDM020.A0101.SG1.1_10M.oral_gc_rl.tsv.gz
122,5414,CDM020.A0101.SG1.1_10M.oral_gc_rl.tsv.gz
123,5224,CDM020.A0101.SG1.1_10M.oral_gc_rl.tsv.gz
124,4974,CDM020.A0101.SG1.1_10M.oral_gc_rl.tsv.gz
125,4891,CDM020.A0101.SG1.1_10M.oral_gc_rl.tsv.gz
126,4797,CDM020.A0101.SG1.1_10M.oral_gc_rl.tsv.gz
127,4754,CDM020.A0101.SG1.1_10M.oral_gc_rl.tsv.gz
128,4376,CDM020.A0101.SG1.1_10M.oral_gc_rl.tsv.gz
129,4361,CDM020.A0101.SG1.1_10M.oral_gc_rl.tsv.gz
130,4138,CDM020.A0101.SG1.1_10M.oral_gc_rl.tsv.gz
131,4134,CDM020.A0101.SG1.1_10M.oral_gc_rl.tsv.gz
132,4014,CDM020.A0101.SG1.1_10M.oral_gc_rl.tsv.gz
133,3954,CDM020.A0101.SG1.1_10M.oral_gc_rl.tsv.gz
134,4020,CDM020.A0101.SG1.1_10M.oral_gc_rl.tsv.gz
135,3652,CDM020.A0101.SG1.1_10M.oral_gc_rl.tsv.gz
136,3614,CDM020.A0101.SG1.1_10M.oral_gc_rl.tsv.gz
137,3521,CDM020.A0101.SG1.1_10M.oral_gc_rl.tsv.gz
138,3314,CDM020.A0101.SG1.1_10M.oral_gc_rl.tsv.gz
139,3315,CDM020.A0101.SG1.1_10M.oral_gc_rl.tsv.gz
140,3257,CDM020.A0101.SG1.1_10M.oral_gc_rl.tsv.gz
141,2696,CDM020.A0101.SG1.1_10M.oral_gc_rl.tsv.gz
36,7389,CDM020.A0102.SG1.4_10M.oral_gc_rl.tsv.gz
37,13857,CDM020.A0102.SG1.4_10M.oral_gc_rl.tsv.gz
38,19186,CDM020.A0102.SG1.4_10M.oral_gc_rl.tsv.gz
39,23257,CDM020.A0102.SG1.4_10M.oral_gc_rl.tsv.gz
40,27057,CDM020.A0102.SG1.4_10M.oral_gc_rl.tsv.gz
41,27673,CDM020.A0102.SG1.4_10M.oral_gc_rl.tsv.gz
42,28563,CDM020.A0102.SG1.4_10M.oral_gc_rl.tsv.gz
43,29394,CDM020.A0102.SG1.4_10M.oral_gc_rl.tsv.gz
44,30536,CDM020.A0102.SG1.4_10M.oral_gc_rl.tsv.gz
45,30402,CDM020.A0102.SG1.4_10M.oral_gc_rl.tsv.gz
46,31405,CDM020.A0102.SG1.4_10M.oral_gc_rl.tsv.gz
47,31644,CDM020.A0102.SG1.4_10M.oral_gc_rl.tsv.gz
48,29934,CDM020.A0102.SG1.4_10M.oral_gc_rl.tsv.gz
49,29971,CDM020.A0102.SG1.4_10M.oral_gc_rl.tsv.gz
50,30401,CDM020.A0102.SG1.4_10M.oral_gc_rl.tsv.gz
51,29597,CDM020.A0102.SG1.4_10M.oral_gc_rl.tsv.gz
52,29771,CDM020.A0102.SG1.4_10M.oral_gc_rl.tsv.gz
53,29032,CDM020.A0102.SG1.4_10M.oral_gc_rl.tsv.gz
54,28178,CDM020.A0102.SG1.4_10M.oral_gc_rl.tsv.gz
55,26842,CDM020.A0102.SG1.4_10M.oral_gc_rl.tsv.gz
56,26096,CDM020.A0102.SG1.4_10M.oral_gc_rl.tsv.gz
57,25642,CDM020.A0102.SG1.4_10M.oral_gc_rl.tsv.gz
58,25160,CDM020.A0102.SG1.4_10M.oral_gc_rl.tsv.gz
59,24945,CDM020.A0102.SG1.4_10M.oral_gc_rl.tsv.gz
60,24024,CDM020.A0102.SG1.4_10M.oral_gc_rl.tsv.gz
61,22624,CDM020.A0102.SG1.4_10M.oral_gc_rl.tsv.gz
62,22345,CDM020.A0102.SG1.4_10M.oral_gc_rl.tsv.gz
63,21288,CDM020.A0102.SG1.4_10M.oral_gc_rl.tsv.gz
64,21031,CDM020.A0102.SG1.4_10M.oral_gc_rl.tsv.gz
65,20337,CDM020.A0102.SG1.4_10M.oral_gc_rl.tsv.gz
66,19470,CDM020.A0102.SG1.4_10M.oral_gc_rl.tsv.gz
67,19242,CDM020.A0102.SG1.4_10M.oral_gc_rl.tsv.gz
68,17421,CDM020.A0102.SG1.4_10M.oral_gc_rl.tsv.gz
69,16712,CDM020.A0102.SG1.4_10M.oral_gc_rl.tsv.gz
70,16672,CDM020.A0102.SG1.4_10M.oral_gc_rl.tsv.gz
71,16435,CDM020.A0102.SG1.4_10M.oral_gc_rl.tsv.gz
72,17800,CDM020.A0102.SG1.4_10M.oral_gc_rl.tsv.gz
73,22352,CDM020.A0102.SG1.4_10M.oral_gc_rl.tsv.gz
74,15067,CDM020.A0102.SG1.4_10M.oral_gc_rl.tsv.gz
75,18158,CDM020.A0102.SG1.4_10M.oral_gc_rl.tsv.gz
76,75347,CDM020.A0102.SG1.4_10M.oral_gc_rl.tsv.gz
77,12226,CDM020.A0102.SG1.4_10M.oral_gc_rl.tsv.gz
78,11640,CDM020.A0102.SG1.4_10M.oral_gc_rl.tsv.gz
79,11394,CDM020.A0102.SG1.4_10M.oral_gc_rl.tsv.gz
80,11305,CDM020.A0102.SG1.4_10M.oral_gc_rl.tsv.gz
81,10186,CDM020.A0102.SG1.4_10M.oral_gc_rl.tsv.gz
82,9978,CDM020.A0102.SG1.4_10M.oral_gc_rl.tsv.gz
83,9774,CDM020.A0102.SG1.4_10M.oral_gc_rl.tsv.gz
84,9093,CDM020.A0102.SG1.4_10M.oral_gc_rl.tsv.gz
85,8911,CDM020.A0102.SG1.4_10M.oral_gc_rl.tsv.gz
86,8889,CDM020.A0102.SG1.4_10M.oral_gc_rl.tsv.gz
87,8500,CDM020.A0102.SG1.4_10M.oral_gc_rl.tsv.gz
88,7675,CDM020.A0102.SG1.4_10M.oral_gc_rl.tsv.gz
89,7545,CDM020.A0102.SG1.4_10M.oral_gc_rl.tsv.gz
90,7112,CDM020.A0102.SG1.4_10M.oral_gc_rl.tsv.gz
91,7239,CDM020.A0102.SG1.4_10M.oral_gc_rl.tsv.gz
92,6871,CDM020.A0102.SG1.4_10M.oral_gc_rl.tsv.gz
93,6517,CDM020.A0102.SG1.4_10M.oral_gc_rl.tsv.gz
94,6521,CDM020.A0102.SG1.4_10M.oral_gc_rl.tsv.gz
95,6001,CDM020.A0102.SG1.4_10M.oral_gc_rl.tsv.gz
96,5736,CDM020.A0102.SG1.4_10M.oral_gc_rl.tsv.gz
97,5551,CDM020.A0102.SG1.4_10M.oral_gc_rl.tsv.gz
98,5435,CDM020.A0102.SG1.4_10M.oral_gc_rl.tsv.gz
99,5270,CDM020.A0102.SG1.4_10M.oral_gc_rl.tsv.gz
100,5170,CDM020.A0102.SG1.4_10M.oral_gc_rl.tsv.gz
101,4632,CDM020.A0102.SG1.4_10M.oral_gc_rl.tsv.gz
102,4504,CDM020.A0102.SG1.4_10M.oral_gc_rl.tsv.gz
103,4281,CDM020.A0102.SG1.4_10M.oral_gc_rl.tsv.gz
104,4353,CDM020.A0102.SG1.4_10M.oral_gc_rl.tsv.gz
105,3940,CDM020.A0102.SG1.4_10M.oral_gc_rl.tsv.gz
106,3907,CDM020.A0102.SG1.4_10M.oral_gc_rl.tsv.gz
107,3777,CDM020.A0102.SG1.4_10M.oral_gc_rl.tsv.gz
108,3507,CDM020.A0102.SG1.4_10M.oral_gc_rl.tsv.gz
109,3544,CDM020.A0102.SG1.4_10M.oral_gc_rl.tsv.gz
110,3334,CDM020.A0102.SG1.4_10M.oral_gc_rl.tsv.gz
111,3164,CDM020.A0102.SG1.4_10M.oral_gc_rl.tsv.gz
112,3175,CDM020.A0102.SG1.4_10M.oral_gc_rl.tsv.gz
113,3061,CDM020.A0102.SG1.4_10M.oral_gc_rl.tsv.gz
114,2900,CDM020.A0102.SG1.4_10M.oral_gc_rl.tsv.gz
115,2798,CDM020.A0102.SG1.4_10M.oral_gc_rl.tsv.gz
116,2646,CDM020.A0102.SG1.4_10M.oral_gc_rl.tsv.gz
117,2533,CDM020.A0102.SG1.4_10M.oral_gc_rl.tsv.gz
118,2562,CDM020.A0102.SG1.4_10M.oral_gc_rl.tsv.gz
119,2469,CDM020.A0102.SG1.4_10M.oral_gc_rl.tsv.gz
120,2356,CDM020.A0102.SG1.4_10M.oral_gc_rl.tsv.gz
121,2277,CDM020.A0102.SG1.4_10M.oral_gc_rl.tsv.gz
122,2241,CDM020.A0102.SG1.4_10M.oral_gc_rl.tsv.gz
123,2033,CDM020.A0102.SG1.4_10M.oral_gc_rl.tsv.gz
124,2063,CDM020.A0102.SG1.4_10M.oral_gc_rl.tsv.gz
125,2028,CDM020.A0102.SG1.4_10M.oral_gc_rl.tsv.gz
126,1991,CDM020.A0102.SG1.4_10M.oral_gc_rl.tsv.gz
127,1885,CDM020.A0102.SG1.4_10M.oral_gc_rl.tsv.gz
128,1793,CDM020.A0102.SG1.4_10M.oral_gc_rl.tsv.gz
129,1648,CDM020.A0102.SG1.4_10M.oral_gc_rl.tsv.gz
130,1754,CDM020.A0102.SG1.4_10M.oral_gc_rl.tsv.gz
131,1577,CDM020.A0102.SG1.4_10M.oral_gc_rl.tsv.gz
132,1536,CDM020.A0102.SG1.4_10M.oral_gc_rl.tsv.gz
133,1509,CDM020.A0102.SG1.4_10M.oral_gc_rl.tsv.gz
134,1483,CDM020.A0102.SG1.4_10M.oral_gc_rl.tsv.gz
135,1352,CDM020.A0102.SG1.4_10M.oral_gc_rl.tsv.gz
136,1393,CDM020.A0102.SG1.4_10M.oral_gc_rl.tsv.gz
137,1390,CDM020.A0102.SG1.4_10M.oral_gc_rl.tsv.gz
138,1216,CDM020.A0102.SG1.4_10M.oral_gc_rl.tsv.gz
139,1234,CDM020.A0102.SG1.4_10M.oral_gc_rl.tsv.gz
140,1222,CDM020.A0102.SG1.4_10M.oral_gc_rl.tsv.gz
141,1071,CDM020.A0102.SG1.4_10M.oral_gc_rl.tsv.gz
36,4031,FUM001.A0101.SG1.1_10M.oral_gc_rl.tsv.gz
37,8360,FUM001.A0101.SG1.1_10M.oral_gc_rl.tsv.gz
38,11176,FUM001.A0101.SG1.1_10M.oral_gc_rl.tsv.gz
39,13900,FUM001.A0101.SG1.1_10M.oral_gc_rl.tsv.gz
40,16342,FUM001.A0101.SG1.1_10M.oral_gc_rl.tsv.gz
41,15601,FUM001.A0101.SG1.1_10M.oral_gc_rl.tsv.gz
42,16471,FUM001.A0101.SG1.1_10M.oral_gc_rl.tsv.gz
43,17126,FUM001.A0101.SG1.1_10M.oral_gc_rl.tsv.gz
44,17550,FUM001.A0101.SG1.1_10M.oral_gc_rl.tsv.gz
45,17811,FUM001.A0101.SG1.1_10M.oral_gc_rl.tsv.gz
46,17549,FUM001.A0101.SG1.1_10M.oral_gc_rl.tsv.gz
47,17152,FUM001.A0101.SG1.1_10M.oral_gc_rl.tsv.gz
48,16042,FUM001.A0101.SG1.1_10M.oral_gc_rl.tsv.gz
49,16489,FUM001.A0101.SG1.1_10M.oral_gc_rl.tsv.gz
50,16159,FUM001.A0101.SG1.1_10M.oral_gc_rl.tsv.gz
51,15834,FUM001.A0101.SG1.1_10M.oral_gc_rl.tsv.gz
52,15243,FUM001.A0101.SG1.1_10M.oral_gc_rl.tsv.gz
53,14372,FUM001.A0101.SG1.1_10M.oral_gc_rl.tsv.gz
54,14281,FUM001.A0101.SG1.1_10M.oral_gc_rl.tsv.gz
55,12921,FUM001.A0101.SG1.1_10M.oral_gc_rl.tsv.gz
56,13056,FUM001.A0101.SG1.1_10M.oral_gc_rl.tsv.gz
57,12428,FUM001.A0101.SG1.1_10M.oral_gc_rl.tsv.gz
58,11621,FUM001.A0101.SG1.1_10M.oral_gc_rl.tsv.gz
59,11106,FUM001.A0101.SG1.1_10M.oral_gc_rl.tsv.gz
60,10786,FUM001.A0101.SG1.1_10M.oral_gc_rl.tsv.gz
61,9634,FUM001.A0101.SG1.1_10M.oral_gc_rl.tsv.gz
62,8815,FUM001.A0101.SG1.1_10M.oral_gc_rl.tsv.gz
63,9125,FUM001.A0101.SG1.1_10M.oral_gc_rl.tsv.gz
64,8663,FUM001.A0101.SG1.1_10M.oral_gc_rl.tsv.gz
65,8019,FUM001.A0101.SG1.1_10M.oral_gc_rl.tsv.gz
66,7994,FUM001.A0101.SG1.1_10M.oral_gc_rl.tsv.gz
67,7492,FUM001.A0101.SG1.1_10M.oral_gc_rl.tsv.gz
68,6142,FUM001.A0101.SG1.1_10M.oral_gc_rl.tsv.gz
69,6415,FUM001.A0101.SG1.1_10M.oral_gc_rl.tsv.gz
70,6083,FUM001.A0101.SG1.1_10M.oral_gc_rl.tsv.gz
71,5700,FUM001.A0101.SG1.1_10M.oral_gc_rl.tsv.gz
72,5269,FUM001.A0101.SG1.1_10M.oral_gc_rl.tsv.gz
73,5046,FUM001.A0101.SG1.1_10M.oral_gc_rl.tsv.gz
74,5030,FUM001.A0101.SG1.1_10M.oral_gc_rl.tsv.gz
75,4803,FUM001.A0101.SG1.1_10M.oral_gc_rl.tsv.gz
76,7877,FUM001.A0101.SG1.1_10M.oral_gc_rl.tsv.gz
77,3801,FUM001.A0101.SG1.1_10M.oral_gc_rl.tsv.gz
78,3582,FUM001.A0101.SG1.1_10M.oral_gc_rl.tsv.gz
79,3544,FUM001.A0101.SG1.1_10M.oral_gc_rl.tsv.gz
80,3037,FUM001.A0101.SG1.1_10M.oral_gc_rl.tsv.gz
81,2861,FUM001.A0101.SG1.1_10M.oral_gc_rl.tsv.gz
82,2733,FUM001.A0101.SG1.1_10M.oral_gc_rl.tsv.gz
83,2352,FUM001.A0101.SG1.1_10M.oral_gc_rl.tsv.gz
84,2411,FUM001.A0101.SG1.1_10M.oral_gc_rl.tsv.gz
85,2513,FUM001.A0101.SG1.1_10M.oral_gc_rl.tsv.gz
86,2189,FUM001.A0101.SG1.1_10M.oral_gc_rl.tsv.gz
87,2252,FUM001.A0101.SG1.1_10M.oral_gc_rl.tsv.gz
88,1658,FUM001.A0101.SG1.1_10M.oral_gc_rl.tsv.gz
89,1808,FUM001.A0101.SG1.1_10M.oral_gc_rl.tsv.gz
90,1762,FUM001.A0101.SG1.1_10M.oral_gc_rl.tsv.gz
91,1589,FUM001.A0101.SG1.1_10M.oral_gc_rl.tsv.gz
92,1475,FUM001.A0101.SG1.1_10M.oral_gc_rl.tsv.gz
93,1259,FUM001.A0101.SG1.1_10M.oral_gc_rl.tsv.gz
94,1246,FUM001.A0101.SG1.1_10M.oral_gc_rl.tsv.gz
95,1217,FUM001.A0101.SG1.1_10M.oral_gc_rl.tsv.gz
96,1162,FUM001.A0101.SG1.1_10M.oral_gc_rl.tsv.gz
97,1062,FUM001.A0101.SG1.1_10M.oral_gc_rl.tsv.gz
98,1040,FUM001.A0101.SG1.1_10M.oral_gc_rl.tsv.gz
99,879,FUM001.A0101.SG1.1_10M.oral_gc_rl.tsv.gz
100,1001,FUM001.A0101.SG1.1_10M.oral_gc_rl.tsv.gz
101,699,FUM001.A0101.SG1.1_10M.oral_gc_rl.tsv.gz
102,745,FUM001.A0101.SG1.1_10M.oral_gc_rl.tsv.gz
103,698,FUM001.A0101.SG1.1_10M.oral_gc_rl.tsv.gz
104,734,FUM001.A0101.SG1.1_10M.oral_gc_rl.tsv.gz
105,637,FUM001.A0101.SG1.1_10M.oral_gc_rl.tsv.gz
106,635,FUM001.A0101.SG1.1_10M.oral_gc_rl.tsv.gz
107,595,FUM001.A0101.SG1.1_10M.oral_gc_rl.tsv.gz
108,587,FUM001.A0101.SG1.1_10M.oral_gc_rl.tsv.gz
109,503,FUM001.A0101.SG1.1_10M.oral_gc_rl.tsv.gz
110,450,FUM001.A0101.SG1.1_10M.oral_gc_rl.tsv.gz
111,472,FUM001.A0101.SG1.1_10M.oral_gc_rl.tsv.gz
112,534,FUM001.A0101.SG1.1_10M.oral_gc_rl.tsv.gz
113,390,FUM001.A0101.SG1.1_10M.oral_gc_rl.tsv.gz
114,404,FUM001.A0101.SG1.1_10M.oral_gc_rl.tsv.gz
115,349,FUM001.A0101.SG1.1_10M.oral_gc_rl.tsv.gz
116,338,FUM001.A0101.SG1.1_10M.oral_gc_rl.tsv.gz
117,372,FUM001.A0101.SG1.1_10M.oral_gc_rl.tsv.gz
118,323,FUM001.A0101.SG1.1_10M.oral_gc_rl.tsv.gz
119,229,FUM001.A0101.SG1.1_10M.oral_gc_rl.tsv.gz
120,237,FUM001.A0101.SG1.1_10M.oral_gc_rl.tsv.gz
121,245,FUM001.A0101.SG1.1_10M.oral_gc_rl.tsv.gz
122,287,FUM001.A0101.SG1.1_10M.oral_gc_rl.tsv.gz
123,236,FUM001.A0101.SG1.1_10M.oral_gc_rl.tsv.gz
124,220,FUM001.A0101.SG1.1_10M.oral_gc_rl.tsv.gz
125,210,FUM001.A0101.SG1.1_10M.oral_gc_rl.tsv.gz
126,174,FUM001.A0101.SG1.1_10M.oral_gc_rl.tsv.gz
127,230,FUM001.A0101.SG1.1_10M.oral_gc_rl.tsv.gz
128,142,FUM001.A0101.SG1.1_10M.oral_gc_rl.tsv.gz
129,154,FUM001.A0101.SG1.1_10M.oral_gc_rl.tsv.gz
130,139,FUM001.A0101.SG1.1_10M.oral_gc_rl.tsv.gz
131,171,FUM001.A0101.SG1.1_10M.oral_gc_rl.tsv.gz
132,150,FUM001.A0101.SG1.1_10M.oral_gc_rl.tsv.gz
133,140,FUM001.A0101.SG1.1_10M.oral_gc_rl.tsv.gz
134,116,FUM001.A0101.SG1.1_10M.oral_gc_rl.tsv.gz
135,113,FUM001.A0101.SG1.1_10M.oral_gc_rl.tsv.gz
136,109,FUM001.A0101.SG1.1_10M.oral_gc_rl.tsv.gz
137,115,FUM001.A0101.SG1.1_10M.oral_gc_rl.tsv.gz
138,75,FUM001.A0101.SG1.1_10M.oral_gc_rl.tsv.gz
139,95,FUM001.A0101.SG1.1_10M.oral_gc_rl.tsv.gz
140,101,FUM001.A0101.SG1.1_10M.oral_gc_rl.tsv.gz
141,83,FUM001.A0101.SG1.1_10M.oral_gc_rl.tsv.gz
36,668,FUM001.A0102.SG1.4_10M.oral_gc_rl.tsv.gz
37,1246,FUM001.A0102.SG1.4_10M.oral_gc_rl.tsv.gz
38,1705,FUM001.A0102.SG1.4_10M.oral_gc_rl.tsv.gz
39,2023,FUM001.A0102.SG1.4_10M.oral_gc_rl.tsv.gz
40,2209,FUM001.A0102.SG1.4_10M.oral_gc_rl.tsv.gz
41,2217,FUM001.A0102.SG1.4_10M.oral_gc_rl.tsv.gz
42,2199,FUM001.A0102.SG1.4_10M.oral_gc_rl.tsv.gz
43,2205,FUM001.A0102.SG1.4_10M.oral_gc_rl.tsv.gz
44,2265,FUM001.A0102.SG1.4_10M.oral_gc_rl.tsv.gz
45,2134,FUM001.A0102.SG1.4_10M.oral_gc_rl.tsv.gz
46,1970,FUM001.A0102.SG1.4_10M.oral_gc_rl.tsv.gz
47,2061,FUM001.A0102.SG1.4_10M.oral_gc_rl.tsv.gz
48,1847,FUM001.A0102.SG1.4_10M.oral_gc_rl.tsv.gz
49,1759,FUM001.A0102.SG1.4_10M.oral_gc_rl.tsv.gz
50,1801,FUM001.A0102.SG1.4_10M.oral_gc_rl.tsv.gz
51,1644,FUM001.A0102.SG1.4_10M.oral_gc_rl.tsv.gz
52,1613,FUM001.A0102.SG1.4_10M.oral_gc_rl.tsv.gz
53,1576,FUM001.A0102.SG1.4_10M.oral_gc_rl.tsv.gz
54,1392,FUM001.A0102.SG1.4_10M.oral_gc_rl.tsv.gz
55,1358,FUM001.A0102.SG1.4_10M.oral_gc_rl.tsv.gz
56,1226,FUM001.A0102.SG1.4_10M.oral_gc_rl.tsv.gz
57,1203,FUM001.A0102.SG1.4_10M.oral_gc_rl.tsv.gz
58,1208,FUM001.A0102.SG1.4_10M.oral_gc_rl.tsv.gz
59,1056,FUM001.A0102.SG1.4_10M.oral_gc_rl.tsv.gz
60,952,FUM001.A0102.SG1.4_10M.oral_gc_rl.tsv.gz
61,936,FUM001.A0102.SG1.4_10M.oral_gc_rl.tsv.gz
62,890,FUM001.A0102.SG1.4_10M.oral_gc_rl.tsv.gz
63,836,FUM001.A0102.SG1.4_10M.oral_gc_rl.tsv.gz
64,743,FUM001.A0102.SG1.4_10M.oral_gc_rl.tsv.gz
65,763,FUM001.A0102.SG1.4_10M.oral_gc_rl.tsv.gz
66,688,FUM001.A0102.SG1.4_10M.oral_gc_rl.tsv.gz
67,697,FUM001.A0102.SG1.4_10M.oral_gc_rl.tsv.gz
68,555,FUM001.A0102.SG1.4_10M.oral_gc_rl.tsv.gz
69,484,FUM001.A0102.SG1.4_10M.oral_gc_rl.tsv.gz
70,464,FUM001.A0102.SG1.4_10M.oral_gc_rl.tsv.gz
71,504,FUM001.A0102.SG1.4_10M.oral_gc_rl.tsv.gz
72,389,FUM001.A0102.SG1.4_10M.oral_gc_rl.tsv.gz
73,438,FUM001.A0102.SG1.4_10M.oral_gc_rl.tsv.gz
74,388,FUM001.A0102.SG1.4_10M.oral_gc_rl.tsv.gz
75,340,FUM001.A0102.SG1.4_10M.oral_gc_rl.tsv.gz
76,535,FUM001.A0102.SG1.4_10M.oral_gc_rl.tsv.gz
77,336,FUM001.A0102.SG1.4_10M.oral_gc_rl.tsv.gz
78,288,FUM001.A0102.SG1.4_10M.oral_gc_rl.tsv.gz
79,273,FUM001.A0102.SG1.4_10M.oral_gc_rl.tsv.gz
80,255,FUM001.A0102.SG1.4_10M.oral_gc_rl.tsv.gz
81,235,FUM001.A0102.SG1.4_10M.oral_gc_rl.tsv.gz
82,187,FUM001.A0102.SG1.4_10M.oral_gc_rl.tsv.gz
83,196,FUM001.A0102.SG1.4_10M.oral_gc_rl.tsv.gz
84,173,FUM001.A0102.SG1.4_10M.oral_gc_rl.tsv.gz
85,192,FUM001.A0102.SG1.4_10M.oral_gc_rl.tsv.gz
86,164,FUM001.A0102.SG1.4_10M.oral_gc_rl.tsv.gz
87,144,FUM001.A0102.SG1.4_10M.oral_gc_rl.tsv.gz
88,149,FUM001.A0102.SG1.4_10M.oral_gc_rl.tsv.gz
89,112,FUM001.A0102.SG1.4_10M.oral_gc_rl.tsv.gz
90,108,FUM001.A0102.SG1.4_10M.oral_gc_rl.tsv.gz
91,120,FUM001.A0102.SG1.4_10M.oral_gc_rl.tsv.gz
92,88,FUM001.A0102.SG1.4_10M.oral_gc_rl.tsv.gz
93,90,FUM001.A0102.SG1.4_10M.oral_gc_rl.tsv.gz
94,85,FUM001.A0102.SG1.4_10M.oral_gc_rl.tsv.gz
95,70,FUM001.A0102.SG1.4_10M.oral_gc_rl.tsv.gz
96,79,FUM001.A0102.SG1.4_10M.oral_gc_rl.tsv.gz
97,70,FUM001.A0102.SG1.4_10M.oral_gc_rl.tsv.gz
98,80,FUM001.A0102.SG1.4_10M.oral_gc_rl.tsv.gz
99,61,FUM001.A0102.SG1.4_10M.oral_gc_rl.tsv.gz
100,64,FUM001.A0102.SG1.4_10M.oral_gc_rl.tsv.gz
101,48,FUM001.A0102.SG1.4_10M.oral_gc_rl.tsv.gz
102,57,FUM001.A0102.SG1.4_10M.oral_gc_rl.tsv.gz
103,57,FUM001.A0102.SG1.4_10M.oral_gc_rl.tsv.gz
104,49,FUM001.A0102.SG1.4_10M.oral_gc_rl.tsv.gz
105,37,FUM001.A0102.SG1.4_10M.oral_gc_rl.tsv.gz
106,55,FUM001.A0102.SG1.4_10M.oral_gc_rl.tsv.gz
107,40,FUM001.A0102.SG1.4_10M.oral_gc_rl.tsv.gz
108,41,FUM001.A0102.SG1.4_10M.oral_gc_rl.tsv.gz
109,37,FUM001.A0102.SG1.4_10M.oral_gc_rl.tsv.gz
110,33,FUM001.A0102.SG1.4_10M.oral_gc_rl.tsv.gz
111,21,FUM001.A0102.SG1.4_10M.oral_gc_rl.tsv.gz
112,25,FUM001.A0102.SG1.4_10M.oral_gc_rl.tsv.gz
113,30,FUM001.A0102.SG1.4_10M.oral_gc_rl.tsv.gz
114,26,FUM001.A0102.SG1.4_10M.oral_gc_rl.tsv.gz
115,16,FUM001.A0102.SG1.4_10M.oral_gc_rl.tsv.gz
116,14,FUM001.A0102.SG1.4_10M.oral_gc_rl.tsv.gz
117,21,FUM001.A0102.SG1.4_10M.oral_gc_rl.tsv.gz
118,27,FUM001.A0102.SG1.4_10M.oral_gc_rl.tsv.gz
119,26,FUM001.A0102.SG1.4_10M.oral_gc_rl.tsv.gz
120,16,FUM001.A0102.SG1.4_10M.oral_gc_rl.tsv.gz
121,16,FUM001.A0102.SG1.4_10M.oral_gc_rl.tsv.gz
122,14,FUM001.A0102.SG1.4_10M.oral_gc_rl.tsv.gz
123,12,FUM001.A0102.SG1.4_10M.oral_gc_rl.tsv.gz
124,9,FUM001.A0102.SG1.4_10M.oral_gc_rl.tsv.gz
125,10,FUM001.A0102.SG1.4_10M.oral_gc_rl.tsv.gz
126,16,FUM001.A0102.SG1.4_10M.oral_gc_rl.tsv.gz
127,12,FUM001.A0102.SG1.4_10M.oral_gc_rl.tsv.gz
128,8,FUM001.A0102.SG1.4_10M.oral_gc_rl.tsv.gz
129,9,FUM001.A0102.SG1.4_10M.oral_gc_rl.tsv.gz
130,13,FUM001.A0102.SG1.4_10M.oral_gc_rl.tsv.gz
131,8,FUM001.A0102.SG1.4_10M.oral_gc_rl.tsv.gz
132,7,FUM001.A0102.SG1.4_10M.oral_gc_rl.tsv.gz
133,8,FUM001.A0102.SG1.4_10M.oral_gc_rl.tsv.gz
134,7,FUM001.A0102.SG1.4_10M.oral_gc_rl.tsv.gz
135,6,FUM001.A0102.SG1.4_10M.oral_gc_rl.tsv.gz
136,9,FUM001.A0102.SG1.4_10M.oral_gc_rl.tsv.gz
137,4,FUM001.A0102.SG1.4_10M.oral_gc_rl.tsv.gz
138,7,FUM001.A0102.SG1.4_10M.oral_gc_rl.tsv.gz
139,8,FUM001.A0102.SG1.4_10M.oral_gc_rl.tsv.gz
140,2,FUM001.A0102.SG1.4_10M.oral_gc_rl.tsv.gz
141,9,FUM001.A0102.SG1.4_10M.oral_gc_rl.tsv.gz
36,4880,FUM002.A0101.SG1.1_10M.oral_gc_rl.tsv.gz
37,9754,FUM002.A0101.SG1.1_10M.oral_gc_rl.tsv.gz
38,13521,FUM002.A0101.SG1.1_10M.oral_gc_rl.tsv.gz
39,16841,FUM002.A0101.SG1.1_10M.oral_gc_rl.tsv.gz
40,19835,FUM002.A0101.SG1.1_10M.oral_gc_rl.tsv.gz
41,18605,FUM002.A0101.SG1.1_10M.oral_gc_rl.tsv.gz
42,20283,FUM002.A0101.SG1.1_10M.oral_gc_rl.tsv.gz
43,21342,FUM002.A0101.SG1.1_10M.oral_gc_rl.tsv.gz
44,21405,FUM002.A0101.SG1.1_10M.oral_gc_rl.tsv.gz
45,22499,FUM002.A0101.SG1.1_10M.oral_gc_rl.tsv.gz
46,22895,FUM002.A0101.SG1.1_10M.oral_gc_rl.tsv.gz
47,21741,FUM002.A0101.SG1.1_10M.oral_gc_rl.tsv.gz
48,20664,FUM002.A0101.SG1.1_10M.oral_gc_rl.tsv.gz
49,21101,FUM002.A0101.SG1.1_10M.oral_gc_rl.tsv.gz
50,19922,FUM002.A0101.SG1.1_10M.oral_gc_rl.tsv.gz
51,20300,FUM002.A0101.SG1.1_10M.oral_gc_rl.tsv.gz
52,20600,FUM002.A0101.SG1.1_10M.oral_gc_rl.tsv.gz
53,19479,FUM002.A0101.SG1.1_10M.oral_gc_rl.tsv.gz
54,19708,FUM002.A0101.SG1.1_10M.oral_gc_rl.tsv.gz
55,18033,FUM002.A0101.SG1.1_10M.oral_gc_rl.tsv.gz
56,16833,FUM002.A0101.SG1.1_10M.oral_gc_rl.tsv.gz
57,17102,FUM002.A0101.SG1.1_10M.oral_gc_rl.tsv.gz
58,16426,FUM002.A0101.SG1.1_10M.oral_gc_rl.tsv.gz
59,15470,FUM002.A0101.SG1.1_10M.oral_gc_rl.tsv.gz
60,15583,FUM002.A0101.SG1.1_10M.oral_gc_rl.tsv.gz
61,14091,FUM002.A0101.SG1.1_10M.oral_gc_rl.tsv.gz
62,13435,FUM002.A0101.SG1.1_10M.oral_gc_rl.tsv.gz
63,12908,FUM002.A0101.SG1.1_10M.oral_gc_rl.tsv.gz
64,13069,FUM002.A0101.SG1.1_10M.oral_gc_rl.tsv.gz
65,12066,FUM002.A0101.SG1.1_10M.oral_gc_rl.tsv.gz
66,12186,FUM002.A0101.SG1.1_10M.oral_gc_rl.tsv.gz
67,11773,FUM002.A0101.SG1.1_10M.oral_gc_rl.tsv.gz
68,9369,FUM002.A0101.SG1.1_10M.oral_gc_rl.tsv.gz
69,9441,FUM002.A0101.SG1.1_10M.oral_gc_rl.tsv.gz
70,9058,FUM002.A0101.SG1.1_10M.oral_gc_rl.tsv.gz
71,8134,FUM002.A0101.SG1.1_10M.oral_gc_rl.tsv.gz
72,8428,FUM002.A0101.SG1.1_10M.oral_gc_rl.tsv.gz
73,8348,FUM002.A0101.SG1.1_10M.oral_gc_rl.tsv.gz
74,7597,FUM002.A0101.SG1.1_10M.oral_gc_rl.tsv.gz
75,7669,FUM002.A0101.SG1.1_10M.oral_gc_rl.tsv.gz
76,13105,FUM002.A0101.SG1.1_10M.oral_gc_rl.tsv.gz
77,5953,FUM002.A0101.SG1.1_10M.oral_gc_rl.tsv.gz
78,6053,FUM002.A0101.SG1.1_10M.oral_gc_rl.tsv.gz
79,5721,FUM002.A0101.SG1.1_10M.oral_gc_rl.tsv.gz
80,5380,FUM002.A0101.SG1.1_10M.oral_gc_rl.tsv.gz
81,4767,FUM002.A0101.SG1.1_10M.oral_gc_rl.tsv.gz
82,4553,FUM002.A0101.SG1.1_10M.oral_gc_rl.tsv.gz
83,4243,FUM002.A0101.SG1.1_10M.oral_gc_rl.tsv.gz
84,4277,FUM002.A0101.SG1.1_10M.oral_gc_rl.tsv.gz
85,4145,FUM002.A0101.SG1.1_10M.oral_gc_rl.tsv.gz
86,3910,FUM002.A0101.SG1.1_10M.oral_gc_rl.tsv.gz
87,3797,FUM002.A0101.SG1.1_10M.oral_gc_rl.tsv.gz
88,3422,FUM002.A0101.SG1.1_10M.oral_gc_rl.tsv.gz
89,3017,FUM002.A0101.SG1.1_10M.oral_gc_rl.tsv.gz
90,3062,FUM002.A0101.SG1.1_10M.oral_gc_rl.tsv.gz
91,3047,FUM002.A0101.SG1.1_10M.oral_gc_rl.tsv.gz
92,2865,FUM002.A0101.SG1.1_10M.oral_gc_rl.tsv.gz
93,2697,FUM002.A0101.SG1.1_10M.oral_gc_rl.tsv.gz
94,2523,FUM002.A0101.SG1.1_10M.oral_gc_rl.tsv.gz
95,2254,FUM002.A0101.SG1.1_10M.oral_gc_rl.tsv.gz
96,2231,FUM002.A0101.SG1.1_10M.oral_gc_rl.tsv.gz
97,2060,FUM002.A0101.SG1.1_10M.oral_gc_rl.tsv.gz
98,1998,FUM002.A0101.SG1.1_10M.oral_gc_rl.tsv.gz
99,1964,FUM002.A0101.SG1.1_10M.oral_gc_rl.tsv.gz
100,1781,FUM002.A0101.SG1.1_10M.oral_gc_rl.tsv.gz
101,1529,FUM002.A0101.SG1.1_10M.oral_gc_rl.tsv.gz
102,1554,FUM002.A0101.SG1.1_10M.oral_gc_rl.tsv.gz
103,1503,FUM002.A0101.SG1.1_10M.oral_gc_rl.tsv.gz
104,1405,FUM002.A0101.SG1.1_10M.oral_gc_rl.tsv.gz
105,1376,FUM002.A0101.SG1.1_10M.oral_gc_rl.tsv.gz
106,1280,FUM002.A0101.SG1.1_10M.oral_gc_rl.tsv.gz
107,1161,FUM002.A0101.SG1.1_10M.oral_gc_rl.tsv.gz
108,1094,FUM002.A0101.SG1.1_10M.oral_gc_rl.tsv.gz
109,1060,FUM002.A0101.SG1.1_10M.oral_gc_rl.tsv.gz
110,986,FUM002.A0101.SG1.1_10M.oral_gc_rl.tsv.gz
111,979,FUM002.A0101.SG1.1_10M.oral_gc_rl.tsv.gz
112,943,FUM002.A0101.SG1.1_10M.oral_gc_rl.tsv.gz
113,865,FUM002.A0101.SG1.1_10M.oral_gc_rl.tsv.gz
114,815,FUM002.A0101.SG1.1_10M.oral_gc_rl.tsv.gz
115,720,FUM002.A0101.SG1.1_10M.oral_gc_rl.tsv.gz
116,741,FUM002.A0101.SG1.1_10M.oral_gc_rl.tsv.gz
117,698,FUM002.A0101.SG1.1_10M.oral_gc_rl.tsv.gz
118,641,FUM002.A0101.SG1.1_10M.oral_gc_rl.tsv.gz
119,592,FUM002.A0101.SG1.1_10M.oral_gc_rl.tsv.gz
120,634,FUM002.A0101.SG1.1_10M.oral_gc_rl.tsv.gz
121,539,FUM002.A0101.SG1.1_10M.oral_gc_rl.tsv.gz
122,445,FUM002.A0101.SG1.1_10M.oral_gc_rl.tsv.gz
123,468,FUM002.A0101.SG1.1_10M.oral_gc_rl.tsv.gz
124,451,FUM002.A0101.SG1.1_10M.oral_gc_rl.tsv.gz
125,436,FUM002.A0101.SG1.1_10M.oral_gc_rl.tsv.gz
126,441,FUM002.A0101.SG1.1_10M.oral_gc_rl.tsv.gz
127,414,FUM002.A0101.SG1.1_10M.oral_gc_rl.tsv.gz
128,369,FUM002.A0101.SG1.1_10M.oral_gc_rl.tsv.gz
129,336,FUM002.A0101.SG1.1_10M.oral_gc_rl.tsv.gz
130,316,FUM002.A0101.SG1.1_10M.oral_gc_rl.tsv.gz
131,301,FUM002.A0101.SG1.1_10M.oral_gc_rl.tsv.gz
132,298,FUM002.A0101.SG1.1_10M.oral_gc_rl.tsv.gz
133,303,FUM002.A0101.SG1.1_10M.oral_gc_rl.tsv.gz
134,275,FUM002.A0101.SG1.1_10M.oral_gc_rl.tsv.gz
135,236,FUM002.A0101.SG1.1_10M.oral_gc_rl.tsv.gz
136,224,FUM002.A0101.SG1.1_10M.oral_gc_rl.tsv.gz
137,242,FUM002.A0101.SG1.1_10M.oral_gc_rl.tsv.gz
138,219,FUM002.A0101.SG1.1_10M.oral_gc_rl.tsv.gz
139,220,FUM002.A0101.SG1.1_10M.oral_gc_rl.tsv.gz
140,199,FUM002.A0101.SG1.1_10M.oral_gc_rl.tsv.gz
141,129,FUM002.A0101.SG1.1_10M.oral_gc_rl.tsv.gz
36,3454,FUM002.A0102.SG1.5_10M.oral_gc_rl.tsv.gz
37,6724,FUM002.A0102.SG1.5_10M.oral_gc_rl.tsv.gz
38,9226,FUM002.A0102.SG1.5_10M.oral_gc_rl.tsv.gz
39,10388,FUM002.A0102.SG1.5_10M.oral_gc_rl.tsv.gz
40,11811,FUM002.A0102.SG1.5_10M.oral_gc_rl.tsv.gz
41,11440,FUM002.A0102.SG1.5_10M.oral_gc_rl.tsv.gz
42,11453,FUM002.A0102.SG1.5_10M.oral_gc_rl.tsv.gz
43,11737,FUM002.A0102.SG1.5_10M.oral_gc_rl.tsv.gz
44,12279,FUM002.A0102.SG1.5_10M.oral_gc_rl.tsv.gz
45,11318,FUM002.A0102.SG1.5_10M.oral_gc_rl.tsv.gz
46,11650,FUM002.A0102.SG1.5_10M.oral_gc_rl.tsv.gz
47,11618,FUM002.A0102.SG1.5_10M.oral_gc_rl.tsv.gz
48,10100,FUM002.A0102.SG1.5_10M.oral_gc_rl.tsv.gz
49,9932,FUM002.A0102.SG1.5_10M.oral_gc_rl.tsv.gz
50,9681,FUM002.A0102.SG1.5_10M.oral_gc_rl.tsv.gz
51,9002,FUM002.A0102.SG1.5_10M.oral_gc_rl.tsv.gz
52,8921,FUM002.A0102.SG1.5_10M.oral_gc_rl.tsv.gz
53,8723,FUM002.A0102.SG1.5_10M.oral_gc_rl.tsv.gz
54,8214,FUM002.A0102.SG1.5_10M.oral_gc_rl.tsv.gz
55,7382,FUM002.A0102.SG1.5_10M.oral_gc_rl.tsv.gz
56,7300,FUM002.A0102.SG1.5_10M.oral_gc_rl.tsv.gz
57,6738,FUM002.A0102.SG1.5_10M.oral_gc_rl.tsv.gz
58,6458,FUM002.A0102.SG1.5_10M.oral_gc_rl.tsv.gz
59,6307,FUM002.A0102.SG1.5_10M.oral_gc_rl.tsv.gz
60,5803,FUM002.A0102.SG1.5_10M.oral_gc_rl.tsv.gz
61,5183,FUM002.A0102.SG1.5_10M.oral_gc_rl.tsv.gz
62,5063,FUM002.A0102.SG1.5_10M.oral_gc_rl.tsv.gz
63,4624,FUM002.A0102.SG1.5_10M.oral_gc_rl.tsv.gz
64,4558,FUM002.A0102.SG1.5_10M.oral_gc_rl.tsv.gz
65,4493,FUM002.A0102.SG1.5_10M.oral_gc_rl.tsv.gz
66,4131,FUM002.A0102.SG1.5_10M.oral_gc_rl.tsv.gz
67,3974,FUM002.A0102.SG1.5_10M.oral_gc_rl.tsv.gz
68,3223,FUM002.A0102.SG1.5_10M.oral_gc_rl.tsv.gz
69,2991,FUM002.A0102.SG1.5_10M.oral_gc_rl.tsv.gz
70,2877,FUM002.A0102.SG1.5_10M.oral_gc_rl.tsv.gz
71,2765,FUM002.A0102.SG1.5_10M.oral_gc_rl.tsv.gz
72,2557,FUM002.A0102.SG1.5_10M.oral_gc_rl.tsv.gz
73,2565,FUM002.A0102.SG1.5_10M.oral_gc_rl.tsv.gz
74,2516,FUM002.A0102.SG1.5_10M.oral_gc_rl.tsv.gz
75,2081,FUM002.A0102.SG1.5_10M.oral_gc_rl.tsv.gz
76,2821,FUM002.A0102.SG1.5_10M.oral_gc_rl.tsv.gz
77,1809,FUM002.A0102.SG1.5_10M.oral_gc_rl.tsv.gz
78,1703,FUM002.A0102.SG1.5_10M.oral_gc_rl.tsv.gz
79,1640,FUM002.A0102.SG1.5_10M.oral_gc_rl.tsv.gz
80,1513,FUM002.A0102.SG1.5_10M.oral_gc_rl.tsv.gz
81,1286,FUM002.A0102.SG1.5_10M.oral_gc_rl.tsv.gz
82,1271,FUM002.A0102.SG1.5_10M.oral_gc_rl.tsv.gz
83,1229,FUM002.A0102.SG1.5_10M.oral_gc_rl.tsv.gz
84,1130,FUM002.A0102.SG1.5_10M.oral_gc_rl.tsv.gz
85,1111,FUM002.A0102.SG1.5_10M.oral_gc_rl.tsv.gz
86,1084,FUM002.A0102.SG1.5_10M.oral_gc_rl.tsv.gz
87,940,FUM002.A0102.SG1.5_10M.oral_gc_rl.tsv.gz
88,827,FUM002.A0102.SG1.5_10M.oral_gc_rl.tsv.gz
89,750,FUM002.A0102.SG1.5_10M.oral_gc_rl.tsv.gz
90,711,FUM002.A0102.SG1.5_10M.oral_gc_rl.tsv.gz
91,745,FUM002.A0102.SG1.5_10M.oral_gc_rl.tsv.gz
92,744,FUM002.A0102.SG1.5_10M.oral_gc_rl.tsv.gz
93,644,FUM002.A0102.SG1.5_10M.oral_gc_rl.tsv.gz
94,586,FUM002.A0102.SG1.5_10M.oral_gc_rl.tsv.gz
95,583,FUM002.A0102.SG1.5_10M.oral_gc_rl.tsv.gz
96,518,FUM002.A0102.SG1.5_10M.oral_gc_rl.tsv.gz
97,491,FUM002.A0102.SG1.5_10M.oral_gc_rl.tsv.gz
98,429,FUM002.A0102.SG1.5_10M.oral_gc_rl.tsv.gz
99,415,FUM002.A0102.SG1.5_10M.oral_gc_rl.tsv.gz
100,407,FUM002.A0102.SG1.5_10M.oral_gc_rl.tsv.gz
101,362,FUM002.A0102.SG1.5_10M.oral_gc_rl.tsv.gz
102,303,FUM002.A0102.SG1.5_10M.oral_gc_rl.tsv.gz
103,328,FUM002.A0102.SG1.5_10M.oral_gc_rl.tsv.gz
104,283,FUM002.A0102.SG1.5_10M.oral_gc_rl.tsv.gz
105,241,FUM002.A0102.SG1.5_10M.oral_gc_rl.tsv.gz
106,284,FUM002.A0102.SG1.5_10M.oral_gc_rl.tsv.gz
107,267,FUM002.A0102.SG1.5_10M.oral_gc_rl.tsv.gz
108,204,FUM002.A0102.SG1.5_10M.oral_gc_rl.tsv.gz
109,217,FUM002.A0102.SG1.5_10M.oral_gc_rl.tsv.gz
110,190,FUM002.A0102.SG1.5_10M.oral_gc_rl.tsv.gz
111,192,FUM002.A0102.SG1.5_10M.oral_gc_rl.tsv.gz
112,174,FUM002.A0102.SG1.5_10M.oral_gc_rl.tsv.gz
113,169,FUM002.A0102.SG1.5_10M.oral_gc_rl.tsv.gz
114,144,FUM002.A0102.SG1.5_10M.oral_gc_rl.tsv.gz
115,149,FUM002.A0102.SG1.5_10M.oral_gc_rl.tsv.gz
116,125,FUM002.A0102.SG1.5_10M.oral_gc_rl.tsv.gz
117,112,FUM002.A0102.SG1.5_10M.oral_gc_rl.tsv.gz
118,112,FUM002.A0102.SG1.5_10M.oral_gc_rl.tsv.gz
119,113,FUM002.A0102.SG1.5_10M.oral_gc_rl.tsv.gz
120,92,FUM002.A0102.SG1.5_10M.oral_gc_rl.tsv.gz
121,104,FUM002.A0102.SG1.5_10M.oral_gc_rl.tsv.gz
122,72,FUM002.A0102.SG1.5_10M.oral_gc_rl.tsv.gz
123,78,FUM002.A0102.SG1.5_10M.oral_gc_rl.tsv.gz
124,78,FUM002.A0102.SG1.5_10M.oral_gc_rl.tsv.gz
125,77,FUM002.A0102.SG1.5_10M.oral_gc_rl.tsv.gz
126,59,FUM002.A0102.SG1.5_10M.oral_gc_rl.tsv.gz
127,49,FUM002.A0102.SG1.5_10M.oral_gc_rl.tsv.gz
128,66,FUM002.A0102.SG1.5_10M.oral_gc_rl.tsv.gz
129,51,FUM002.A0102.SG1.5_10M.oral_gc_rl.tsv.gz
130,51,FUM002.A0102.SG1.5_10M.oral_gc_rl.tsv.gz
131,66,FUM002.A0102.SG1.5_10M.oral_gc_rl.tsv.gz
132,40,FUM002.A0102.SG1.5_10M.oral_gc_rl.tsv.gz
133,43,FUM002.A0102.SG1.5_10M.oral_gc_rl.tsv.gz
134,50,FUM002.A0102.SG1.5_10M.oral_gc_rl.tsv.gz
135,34,FUM002.A0102.SG1.5_10M.oral_gc_rl.tsv.gz
136,44,FUM002.A0102.SG1.5_10M.oral_gc_rl.tsv.gz
137,40,FUM002.A0102.SG1.5_10M.oral_gc_rl.tsv.gz
138,34,FUM002.A0102.SG1.5_10M.oral_gc_rl.tsv.gz
139,24,FUM002.A0102.SG1.5_10M.oral_gc_rl.tsv.gz
140,25,FUM002.A0102.SG1.5_10M.oral_gc_rl.tsv.gz
141,27,FUM002.A0102.SG1.5_10M.oral_gc_rl.tsv.gz
36,1377,FUM003.A0101.SG1.1_10M.oral_gc_rl.tsv.gz
37,2806,FUM003.A0101.SG1.1_10M.oral_gc_rl.tsv.gz
38,3572,FUM003.A0101.SG1.1_10M.oral_gc_rl.tsv.gz
39,4694,FUM003.A0101.SG1.1_10M.oral_gc_rl.tsv.gz
40,5116,FUM003.A0101.SG1.1_10M.oral_gc_rl.tsv.gz
41,5094,FUM003.A0101.SG1.1_10M.oral_gc_rl.tsv.gz
42,5403,FUM003.A0101.SG1.1_10M.oral_gc_rl.tsv.gz
43,5651,FUM003.A0101.SG1.1_10M.oral_gc_rl.tsv.gz
44,5489,FUM003.A0101.SG1.1_10M.oral_gc_rl.tsv.gz
45,5779,FUM003.A0101.SG1.1_10M.oral_gc_rl.tsv.gz
46,5707,FUM003.A0101.SG1.1_10M.oral_gc_rl.tsv.gz
47,5563,FUM003.A0101.SG1.1_10M.oral_gc_rl.tsv.gz
48,5232,FUM003.A0101.SG1.1_10M.oral_gc_rl.tsv.gz
49,5222,FUM003.A0101.SG1.1_10M.oral_gc_rl.tsv.gz
50,5097,FUM003.A0101.SG1.1_10M.oral_gc_rl.tsv.gz
51,5045,FUM003.A0101.SG1.1_10M.oral_gc_rl.tsv.gz
52,4979,FUM003.A0101.SG1.1_10M.oral_gc_rl.tsv.gz
53,4688,FUM003.A0101.SG1.1_10M.oral_gc_rl.tsv.gz
54,4793,FUM003.A0101.SG1.1_10M.oral_gc_rl.tsv.gz
55,4350,FUM003.A0101.SG1.1_10M.oral_gc_rl.tsv.gz
56,4005,FUM003.A0101.SG1.1_10M.oral_gc_rl.tsv.gz
57,4079,FUM003.A0101.SG1.1_10M.oral_gc_rl.tsv.gz
58,3868,FUM003.A0101.SG1.1_10M.oral_gc_rl.tsv.gz
59,3799,FUM003.A0101.SG1.1_10M.oral_gc_rl.tsv.gz
60,3809,FUM003.A0101.SG1.1_10M.oral_gc_rl.tsv.gz
61,3421,FUM003.A0101.SG1.1_10M.oral_gc_rl.tsv.gz
62,2966,FUM003.A0101.SG1.1_10M.oral_gc_rl.tsv.gz
63,3142,FUM003.A0101.SG1.1_10M.oral_gc_rl.tsv.gz
64,3095,FUM003.A0101.SG1.1_10M.oral_gc_rl.tsv.gz
65,2915,FUM003.A0101.SG1.1_10M.oral_gc_rl.tsv.gz
66,2813,FUM003.A0101.SG1.1_10M.oral_gc_rl.tsv.gz
67,2736,FUM003.A0101.SG1.1_10M.oral_gc_rl.tsv.gz
68,2136,FUM003.A0101.SG1.1_10M.oral_gc_rl.tsv.gz
69,2214,FUM003.A0101.SG1.1_10M.oral_gc_rl.tsv.gz
70,2113,FUM003.A0101.SG1.1_10M.oral_gc_rl.tsv.gz
71,1869,FUM003.A0101.SG1.1_10M.oral_gc_rl.tsv.gz
72,1991,FUM003.A0101.SG1.1_10M.oral_gc_rl.tsv.gz
73,1978,FUM003.A0101.SG1.1_10M.oral_gc_rl.tsv.gz
74,1741,FUM003.A0101.SG1.1_10M.oral_gc_rl.tsv.gz
75,1987,FUM003.A0101.SG1.1_10M.oral_gc_rl.tsv.gz
76,3834,FUM003.A0101.SG1.1_10M.oral_gc_rl.tsv.gz
77,1362,FUM003.A0101.SG1.1_10M.oral_gc_rl.tsv.gz
78,1307,FUM003.A0101.SG1.1_10M.oral_gc_rl.tsv.gz
79,1325,FUM003.A0101.SG1.1_10M.oral_gc_rl.tsv.gz
80,1231,FUM003.A0101.SG1.1_10M.oral_gc_rl.tsv.gz
81,1098,FUM003.A0101.SG1.1_10M.oral_gc_rl.tsv.gz
82,1019,FUM003.A0101.SG1.1_10M.oral_gc_rl.tsv.gz
83,951,FUM003.A0101.SG1.1_10M.oral_gc_rl.tsv.gz
84,970,FUM003.A0101.SG1.1_10M.oral_gc_rl.tsv.gz
85,895,FUM003.A0101.SG1.1_10M.oral_gc_rl.tsv.gz
86,821,FUM003.A0101.SG1.1_10M.oral_gc_rl.tsv.gz
87,879,FUM003.A0101.SG1.1_10M.oral_gc_rl.tsv.gz
88,759,FUM003.A0101.SG1.1_10M.oral_gc_rl.tsv.gz
89,737,FUM003.A0101.SG1.1_10M.oral_gc_rl.tsv.gz
90,648,FUM003.A0101.SG1.1_10M.oral_gc_rl.tsv.gz
91,647,FUM003.A0101.SG1.1_10M.oral_gc_rl.tsv.gz
92,585,FUM003.A0101.SG1.1_10M.oral_gc_rl.tsv.gz
93,626,FUM003.A0101.SG1.1_10M.oral_gc_rl.tsv.gz
94,529,FUM003.A0101.SG1.1_10M.oral_gc_rl.tsv.gz
95,481,FUM003.A0101.SG1.1_10M.oral_gc_rl.tsv.gz
96,469,FUM003.A0101.SG1.1_10M.oral_gc_rl.tsv.gz
97,468,FUM003.A0101.SG1.1_10M.oral_gc_rl.tsv.gz
98,424,FUM003.A0101.SG1.1_10M.oral_gc_rl.tsv.gz
99,403,FUM003.A0101.SG1.1_10M.oral_gc_rl.tsv.gz
100,458,FUM003.A0101.SG1.1_10M.oral_gc_rl.tsv.gz
101,346,FUM003.A0101.SG1.1_10M.oral_gc_rl.tsv.gz
102,353,FUM003.A0101.SG1.1_10M.oral_gc_rl.tsv.gz
103,322,FUM003.A0101.SG1.1_10M.oral_gc_rl.tsv.gz
104,308,FUM003.A0101.SG1.1_10M.oral_gc_rl.tsv.gz
105,353,FUM003.A0101.SG1.1_10M.oral_gc_rl.tsv.gz
106,281,FUM003.A0101.SG1.1_10M.oral_gc_rl.tsv.gz
107,276,FUM003.A0101.SG1.1_10M.oral_gc_rl.tsv.gz
108,264,FUM003.A0101.SG1.1_10M.oral_gc_rl.tsv.gz
109,258,FUM003.A0101.SG1.1_10M.oral_gc_rl.tsv.gz
110,242,FUM003.A0101.SG1.1_10M.oral_gc_rl.tsv.gz
111,221,FUM003.A0101.SG1.1_10M.oral_gc_rl.tsv.gz
112,222,FUM003.A0101.SG1.1_10M.oral_gc_rl.tsv.gz
113,174,FUM003.A0101.SG1.1_10M.oral_gc_rl.tsv.gz
114,193,FUM003.A0101.SG1.1_10M.oral_gc_rl.tsv.gz
115,176,FUM003.A0101.SG1.1_10M.oral_gc_rl.tsv.gz
116,147,FUM003.A0101.SG1.1_10M.oral_gc_rl.tsv.gz
117,187,FUM003.A0101.SG1.1_10M.oral_gc_rl.tsv.gz
118,145,FUM003.A0101.SG1.1_10M.oral_gc_rl.tsv.gz
119,147,FUM003.A0101.SG1.1_10M.oral_gc_rl.tsv.gz
120,125,FUM003.A0101.SG1.1_10M.oral_gc_rl.tsv.gz
121,118,FUM003.A0101.SG1.1_10M.oral_gc_rl.tsv.gz
122,107,FUM003.A0101.SG1.1_10M.oral_gc_rl.tsv.gz
123,102,FUM003.A0101.SG1.1_10M.oral_gc_rl.tsv.gz
124,111,FUM003.A0101.SG1.1_10M.oral_gc_rl.tsv.gz
125,101,FUM003.A0101.SG1.1_10M.oral_gc_rl.tsv.gz
126,125,FUM003.A0101.SG1.1_10M.oral_gc_rl.tsv.gz
127,92,FUM003.A0101.SG1.1_10M.oral_gc_rl.tsv.gz
128,86,FUM003.A0101.SG1.1_10M.oral_gc_rl.tsv.gz
129,78,FUM003.A0101.SG1.1_10M.oral_gc_rl.tsv.gz
130,94,FUM003.A0101.SG1.1_10M.oral_gc_rl.tsv.gz
131,80,FUM003.A0101.SG1.1_10M.oral_gc_rl.tsv.gz
132,96,FUM003.A0101.SG1.1_10M.oral_gc_rl.tsv.gz
133,71,FUM003.A0101.SG1.1_10M.oral_gc_rl.tsv.gz
134,72,FUM003.A0101.SG1.1_10M.oral_gc_rl.tsv.gz
135,64,FUM003.A0101.SG1.1_10M.oral_gc_rl.tsv.gz
136,72,FUM003.A0101.SG1.1_10M.oral_gc_rl.tsv.gz
137,67,FUM003.A0101.SG1.1_10M.oral_gc_rl.tsv.gz
138,67,FUM003.A0101.SG1.1_10M.oral_gc_rl.tsv.gz
139,46,FUM003.A0101.SG1.1_10M.oral_gc_rl.tsv.gz
140,64,FUM003.A0101.SG1.1_10M.oral_gc_rl.tsv.gz
141,48,FUM003.A0101.SG1.1_10M.oral_gc_rl.tsv.gz
36,932,FUM003.A0102.SG1.4_10M.oral_gc_rl.tsv.gz
37,1558,FUM003.A0102.SG1.4_10M.oral_gc_rl.tsv.gz
38,2050,FUM003.A0102.SG1.4_10M.oral_gc_rl.tsv.gz
39,2253,FUM003.A0102.SG1.4_10M.oral_gc_rl.tsv.gz
40,2522,FUM003.A0102.SG1.4_10M.oral_gc_rl.tsv.gz
41,2466,FUM003.A0102.SG1.4_10M.oral_gc_rl.tsv.gz
42,2349,FUM003.A0102.SG1.4_10M.oral_gc_rl.tsv.gz
43,2354,FUM003.A0102.SG1.4_10M.oral_gc_rl.tsv.gz
44,2360,FUM003.A0102.SG1.4_10M.oral_gc_rl.tsv.gz
45,2264,FUM003.A0102.SG1.4_10M.oral_gc_rl.tsv.gz
46,2185,FUM003.A0102.SG1.4_10M.oral_gc_rl.tsv.gz
47,2137,FUM003.A0102.SG1.4_10M.oral_gc_rl.tsv.gz
48,1776,FUM003.A0102.SG1.4_10M.oral_gc_rl.tsv.gz
49,1792,FUM003.A0102.SG1.4_10M.oral_gc_rl.tsv.gz
50,1707,FUM003.A0102.SG1.4_10M.oral_gc_rl.tsv.gz
51,1575,FUM003.A0102.SG1.4_10M.oral_gc_rl.tsv.gz
52,1556,FUM003.A0102.SG1.4_10M.oral_gc_rl.tsv.gz
53,1415,FUM003.A0102.SG1.4_10M.oral_gc_rl.tsv.gz
54,1312,FUM003.A0102.SG1.4_10M.oral_gc_rl.tsv.gz
55,1204,FUM003.A0102.SG1.4_10M.oral_gc_rl.tsv.gz
56,1156,FUM003.A0102.SG1.4_10M.oral_gc_rl.tsv.gz
57,1052,FUM003.A0102.SG1.4_10M.oral_gc_rl.tsv.gz
58,993,FUM003.A0102.SG1.4_10M.oral_gc_rl.tsv.gz
59,925,FUM003.A0102.SG1.4_10M.oral_gc_rl.tsv.gz
60,857,FUM003.A0102.SG1.4_10M.oral_gc_rl.tsv.gz
61,740,FUM003.A0102.SG1.4_10M.oral_gc_rl.tsv.gz
62,711,FUM003.A0102.SG1.4_10M.oral_gc_rl.tsv.gz
63,687,FUM003.A0102.SG1.4_10M.oral_gc_rl.tsv.gz
64,595,FUM003.A0102.SG1.4_10M.oral_gc_rl.tsv.gz
65,664,FUM003.A0102.SG1.4_10M.oral_gc_rl.tsv.gz
66,556,FUM003.A0102.SG1.4_10M.oral_gc_rl.tsv.gz
67,553,FUM003.A0102.SG1.4_10M.oral_gc_rl.tsv.gz
68,450,FUM003.A0102.SG1.4_10M.oral_gc_rl.tsv.gz
69,401,FUM003.A0102.SG1.4_10M.oral_gc_rl.tsv.gz
70,390,FUM003.A0102.SG1.4_10M.oral_gc_rl.tsv.gz
71,359,FUM003.A0102.SG1.4_10M.oral_gc_rl.tsv.gz
72,307,FUM003.A0102.SG1.4_10M.oral_gc_rl.tsv.gz
73,332,FUM003.A0102.SG1.4_10M.oral_gc_rl.tsv.gz
74,318,FUM003.A0102.SG1.4_10M.oral_gc_rl.tsv.gz
75,273,FUM003.A0102.SG1.4_10M.oral_gc_rl.tsv.gz
76,458,FUM003.A0102.SG1.4_10M.oral_gc_rl.tsv.gz
77,228,FUM003.A0102.SG1.4_10M.oral_gc_rl.tsv.gz
78,200,FUM003.A0102.SG1.4_10M.oral_gc_rl.tsv.gz
79,218,FUM003.A0102.SG1.4_10M.oral_gc_rl.tsv.gz
80,211,FUM003.A0102.SG1.4_10M.oral_gc_rl.tsv.gz
81,164,FUM003.A0102.SG1.4_10M.oral_gc_rl.tsv.gz
82,165,FUM003.A0102.SG1.4_10M.oral_gc_rl.tsv.gz
83,144,FUM003.A0102.SG1.4_10M.oral_gc_rl.tsv.gz
84,132,FUM003.A0102.SG1.4_10M.oral_gc_rl.tsv.gz
85,131,FUM003.A0102.SG1.4_10M.oral_gc_rl.tsv.gz
86,117,FUM003.A0102.SG1.4_10M.oral_gc_rl.tsv.gz
87,118,FUM003.A0102.SG1.4_10M.oral_gc_rl.tsv.gz
88,97,FUM003.A0102.SG1.4_10M.oral_gc_rl.tsv.gz
89,105,FUM003.A0102.SG1.4_10M.oral_gc_rl.tsv.gz
90,90,FUM003.A0102.SG1.4_10M.oral_gc_rl.tsv.gz
91,79,FUM003.A0102.SG1.4_10M.oral_gc_rl.tsv.gz
92,94,FUM003.A0102.SG1.4_10M.oral_gc_rl.tsv.gz
93,77,FUM003.A0102.SG1.4_10M.oral_gc_rl.tsv.gz
94,74,FUM003.A0102.SG1.4_10M.oral_gc_rl.tsv.gz
95,50,FUM003.A0102.SG1.4_10M.oral_gc_rl.tsv.gz
96,48,FUM003.A0102.SG1.4_10M.oral_gc_rl.tsv.gz
97,54,FUM003.A0102.SG1.4_10M.oral_gc_rl.tsv.gz
98,67,FUM003.A0102.SG1.4_10M.oral_gc_rl.tsv.gz
99,39,FUM003.A0102.SG1.4_10M.oral_gc_rl.tsv.gz
100,62,FUM003.A0102.SG1.4_10M.oral_gc_rl.tsv.gz
101,46,FUM003.A0102.SG1.4_10M.oral_gc_rl.tsv.gz
102,33,FUM003.A0102.SG1.4_10M.oral_gc_rl.tsv.gz
103,33,FUM003.A0102.SG1.4_10M.oral_gc_rl.tsv.gz
104,32,FUM003.A0102.SG1.4_10M.oral_gc_rl.tsv.gz
105,27,FUM003.A0102.SG1.4_10M.oral_gc_rl.tsv.gz
106,33,FUM003.A0102.SG1.4_10M.oral_gc_rl.tsv.gz
107,30,FUM003.A0102.SG1.4_10M.oral_gc_rl.tsv.gz
108,39,FUM003.A0102.SG1.4_10M.oral_gc_rl.tsv.gz
109,22,FUM003.A0102.SG1.4_10M.oral_gc_rl.tsv.gz
110,22,FUM003.A0102.SG1.4_10M.oral_gc_rl.tsv.gz
111,16,FUM003.A0102.SG1.4_10M.oral_gc_rl.tsv.gz
112,29,FUM003.A0102.SG1.4_10M.oral_gc_rl.tsv.gz
113,24,FUM003.A0102.SG1.4_10M.oral_gc_rl.tsv.gz
114,20,FUM003.A0102.SG1.4_10M.oral_gc_rl.tsv.gz
115,19,FUM003.A0102.SG1.4_10M.oral_gc_rl.tsv.gz
116,20,FUM003.A0102.SG1.4_10M.oral_gc_rl.tsv.gz
117,11,FUM003.A0102.SG1.4_10M.oral_gc_rl.tsv.gz
118,10,FUM003.A0102.SG1.4_10M.oral_gc_rl.tsv.gz
119,14,FUM003.A0102.SG1.4_10M.oral_gc_rl.tsv.gz
120,15,FUM003.A0102.SG1.4_10M.oral_gc_rl.tsv.gz
121,12,FUM003.A0102.SG1.4_10M.oral_gc_rl.tsv.gz
122,14,FUM003.A0102.SG1.4_10M.oral_gc_rl.tsv.gz
123,8,FUM003.A0102.SG1.4_10M.oral_gc_rl.tsv.gz
124,14,FUM003.A0102.SG1.4_10M.oral_gc_rl.tsv.gz
125,13,FUM003.A0102.SG1.4_10M.oral_gc_rl.tsv.gz
126,13,FUM003.A0102.SG1.4_10M.oral_gc_rl.tsv.gz
127,10,FUM003.A0102.SG1.4_10M.oral_gc_rl.tsv.gz
128,8,FUM003.A0102.SG1.4_10M.oral_gc_rl.tsv.gz
129,4,FUM003.A0102.SG1.4_10M.oral_gc_rl.tsv.gz
130,2,FUM003.A0102.SG1.4_10M.oral_gc_rl.tsv.gz
131,4,FUM003.A0102.SG1.4_10M.oral_gc_rl.tsv.gz
132,6,FUM003.A0102.SG1.4_10M.oral_gc_rl.tsv.gz
133,7,FUM003.A0102.SG1.4_10M.oral_gc_rl.tsv.gz
134,6,FUM003.A0102.SG1.4_10M.oral_gc_rl.tsv.gz
135,4,FUM003.A0102.SG1.4_10M.oral_gc_rl.tsv.gz
136,6,FUM003.A0102.SG1.4_10M.oral_gc_rl.tsv.gz
137,7,FUM003.A0102.SG1.4_10M.oral_gc_rl.tsv.gz
138,3,FUM003.A0102.SG1.4_10M.oral_gc_rl.tsv.gz
139,8,FUM003.A0102.SG1.4_10M.oral_gc_rl.tsv.gz
140,6,FUM003.A0102.SG1.4_10M.oral_gc_rl.tsv.gz
141,2,FUM003.A0102.SG1.4_10M.oral_gc_rl.tsv.gz
36,2184,GDN001.A0101.SG1.1_10M.oral_gc_rl.tsv.gz
37,5217,GDN001.A0101.SG1.1_10M.oral_gc_rl.tsv.gz
38,7474,GDN001.A0101.SG1.1_10M.oral_gc_rl.tsv.gz
39,9747,GDN001.A0101.SG1.1_10M.oral_gc_rl.tsv.gz
40,11731,GDN001.A0101.SG1.1_10M.oral_gc_rl.tsv.gz
41,12244,GDN001.A0101.SG1.1_10M.oral_gc_rl.tsv.gz
42,13860,GDN001.A0101.SG1.1_10M.oral_gc_rl.tsv.gz
43,16302,GDN001.A0101.SG1.1_10M.oral_gc_rl.tsv.gz
44,16574,GDN001.A0101.SG1.1_10M.oral_gc_rl.tsv.gz
45,18512,GDN001.A0101.SG1.1_10M.oral_gc_rl.tsv.gz
46,19559,GDN001.A0101.SG1.1_10M.oral_gc_rl.tsv.gz
47,20814,GDN001.A0101.SG1.1_10M.oral_gc_rl.tsv.gz
48,20329,GDN001.A0101.SG1.1_10M.oral_gc_rl.tsv.gz
49,21481,GDN001.A0101.SG1.1_10M.oral_gc_rl.tsv.gz
50,22228,GDN001.A0101.SG1.1_10M.oral_gc_rl.tsv.gz
51,22656,GDN001.A0101.SG1.1_10M.oral_gc_rl.tsv.gz
52,23539,GDN001.A0101.SG1.1_10M.oral_gc_rl.tsv.gz
53,23771,GDN001.A0101.SG1.1_10M.oral_gc_rl.tsv.gz
54,24704,GDN001.A0101.SG1.1_10M.oral_gc_rl.tsv.gz
55,24150,GDN001.A0101.SG1.1_10M.oral_gc_rl.tsv.gz
56,23456,GDN001.A0101.SG1.1_10M.oral_gc_rl.tsv.gz
57,23865,GDN001.A0101.SG1.1_10M.oral_gc_rl.tsv.gz
58,23748,GDN001.A0101.SG1.1_10M.oral_gc_rl.tsv.gz
59,23793,GDN001.A0101.SG1.1_10M.oral_gc_rl.tsv.gz
60,23685,GDN001.A0101.SG1.1_10M.oral_gc_rl.tsv.gz
61,22556,GDN001.A0101.SG1.1_10M.oral_gc_rl.tsv.gz
62,21514,GDN001.A0101.SG1.1_10M.oral_gc_rl.tsv.gz
63,21523,GDN001.A0101.SG1.1_10M.oral_gc_rl.tsv.gz
64,20655,GDN001.A0101.SG1.1_10M.oral_gc_rl.tsv.gz
65,20743,GDN001.A0101.SG1.1_10M.oral_gc_rl.tsv.gz
66,19909,GDN001.A0101.SG1.1_10M.oral_gc_rl.tsv.gz
67,19626,GDN001.A0101.SG1.1_10M.oral_gc_rl.tsv.gz
68,16119,GDN001.A0101.SG1.1_10M.oral_gc_rl.tsv.gz
69,15921,GDN001.A0101.SG1.1_10M.oral_gc_rl.tsv.gz
70,16166,GDN001.A0101.SG1.1_10M.oral_gc_rl.tsv.gz
71,14047,GDN001.A0101.SG1.1_10M.oral_gc_rl.tsv.gz
72,14330,GDN001.A0101.SG1.1_10M.oral_gc_rl.tsv.gz
73,13952,GDN001.A0101.SG1.1_10M.oral_gc_rl.tsv.gz
74,13416,GDN001.A0101.SG1.1_10M.oral_gc_rl.tsv.gz
75,12624,GDN001.A0101.SG1.1_10M.oral_gc_rl.tsv.gz
76,15122,GDN001.A0101.SG1.1_10M.oral_gc_rl.tsv.gz
77,10733,GDN001.A0101.SG1.1_10M.oral_gc_rl.tsv.gz
78,10583,GDN001.A0101.SG1.1_10M.oral_gc_rl.tsv.gz
79,10395,GDN001.A0101.SG1.1_10M.oral_gc_rl.tsv.gz
80,9087,GDN001.A0101.SG1.1_10M.oral_gc_rl.tsv.gz
81,8320,GDN001.A0101.SG1.1_10M.oral_gc_rl.tsv.gz
82,7887,GDN001.A0101.SG1.1_10M.oral_gc_rl.tsv.gz
83,7194,GDN001.A0101.SG1.1_10M.oral_gc_rl.tsv.gz
84,6957,GDN001.A0101.SG1.1_10M.oral_gc_rl.tsv.gz
85,7041,GDN001.A0101.SG1.1_10M.oral_gc_rl.tsv.gz
86,6283,GDN001.A0101.SG1.1_10M.oral_gc_rl.tsv.gz
87,5928,GDN001.A0101.SG1.1_10M.oral_gc_rl.tsv.gz
88,5405,GDN001.A0101.SG1.1_10M.oral_gc_rl.tsv.gz
89,4926,GDN001.A0101.SG1.1_10M.oral_gc_rl.tsv.gz
90,4788,GDN001.A0101.SG1.1_10M.oral_gc_rl.tsv.gz
91,4762,GDN001.A0101.SG1.1_10M.oral_gc_rl.tsv.gz
92,4324,GDN001.A0101.SG1.1_10M.oral_gc_rl.tsv.gz
93,3806,GDN001.A0101.SG1.1_10M.oral_gc_rl.tsv.gz
94,3883,GDN001.A0101.SG1.1_10M.oral_gc_rl.tsv.gz
95,3175,GDN001.A0101.SG1.1_10M.oral_gc_rl.tsv.gz
96,3080,GDN001.A0101.SG1.1_10M.oral_gc_rl.tsv.gz
97,3174,GDN001.A0101.SG1.1_10M.oral_gc_rl.tsv.gz
98,2729,GDN001.A0101.SG1.1_10M.oral_gc_rl.tsv.gz
99,2619,GDN001.A0101.SG1.1_10M.oral_gc_rl.tsv.gz
100,2490,GDN001.A0101.SG1.1_10M.oral_gc_rl.tsv.gz
101,2283,GDN001.A0101.SG1.1_10M.oral_gc_rl.tsv.gz
102,2207,GDN001.A0101.SG1.1_10M.oral_gc_rl.tsv.gz
103,1946,GDN001.A0101.SG1.1_10M.oral_gc_rl.tsv.gz
104,1787,GDN001.A0101.SG1.1_10M.oral_gc_rl.tsv.gz
105,1898,GDN001.A0101.SG1.1_10M.oral_gc_rl.tsv.gz
106,1467,GDN001.A0101.SG1.1_10M.oral_gc_rl.tsv.gz
107,1455,GDN001.A0101.SG1.1_10M.oral_gc_rl.tsv.gz
108,1362,GDN001.A0101.SG1.1_10M.oral_gc_rl.tsv.gz
109,1120,GDN001.A0101.SG1.1_10M.oral_gc_rl.tsv.gz
110,1175,GDN001.A0101.SG1.1_10M.oral_gc_rl.tsv.gz
111,1059,GDN001.A0101.SG1.1_10M.oral_gc_rl.tsv.gz
112,1079,GDN001.A0101.SG1.1_10M.oral_gc_rl.tsv.gz
113,992,GDN001.A0101.SG1.1_10M.oral_gc_rl.tsv.gz
114,926,GDN001.A0101.SG1.1_10M.oral_gc_rl.tsv.gz
115,715,GDN001.A0101.SG1.1_10M.oral_gc_rl.tsv.gz
116,780,GDN001.A0101.SG1.1_10M.oral_gc_rl.tsv.gz
117,697,GDN001.A0101.SG1.1_10M.oral_gc_rl.tsv.gz
118,648,GDN001.A0101.SG1.1_10M.oral_gc_rl.tsv.gz
119,684,GDN001.A0101.SG1.1_10M.oral_gc_rl.tsv.gz
120,604,GDN001.A0101.SG1.1_10M.oral_gc_rl.tsv.gz
121,542,GDN001.A0101.SG1.1_10M.oral_gc_rl.tsv.gz
122,479,GDN001.A0101.SG1.1_10M.oral_gc_rl.tsv.gz
123,475,GDN001.A0101.SG1.1_10M.oral_gc_rl.tsv.gz
124,410,GDN001.A0101.SG1.1_10M.oral_gc_rl.tsv.gz
125,431,GDN001.A0101.SG1.1_10M.oral_gc_rl.tsv.gz
126,427,GDN001.A0101.SG1.1_10M.oral_gc_rl.tsv.gz
127,320,GDN001.A0101.SG1.1_10M.oral_gc_rl.tsv.gz
128,374,GDN001.A0101.SG1.1_10M.oral_gc_rl.tsv.gz
129,259,GDN001.A0101.SG1.1_10M.oral_gc_rl.tsv.gz
130,270,GDN001.A0101.SG1.1_10M.oral_gc_rl.tsv.gz
131,268,GDN001.A0101.SG1.1_10M.oral_gc_rl.tsv.gz
132,216,GDN001.A0101.SG1.1_10M.oral_gc_rl.tsv.gz
133,240,GDN001.A0101.SG1.1_10M.oral_gc_rl.tsv.gz
134,179,GDN001.A0101.SG1.1_10M.oral_gc_rl.tsv.gz
135,173,GDN001.A0101.SG1.1_10M.oral_gc_rl.tsv.gz
136,168,GDN001.A0101.SG1.1_10M.oral_gc_rl.tsv.gz
137,161,GDN001.A0101.SG1.1_10M.oral_gc_rl.tsv.gz
138,141,GDN001.A0101.SG1.1_10M.oral_gc_rl.tsv.gz
139,147,GDN001.A0101.SG1.1_10M.oral_gc_rl.tsv.gz
140,155,GDN001.A0101.SG1.1_10M.oral_gc_rl.tsv.gz
141,102,GDN001.A0101.SG1.1_10M.oral_gc_rl.tsv.gz
36,1669,GDN001.A0102.SG1.3_10M.oral_gc_rl.tsv.gz
37,3226,GDN001.A0102.SG1.3_10M.oral_gc_rl.tsv.gz
38,4659,GDN001.A0102.SG1.3_10M.oral_gc_rl.tsv.gz
39,5565,GDN001.A0102.SG1.3_10M.oral_gc_rl.tsv.gz
40,6270,GDN001.A0102.SG1.3_10M.oral_gc_rl.tsv.gz
41,6513,GDN001.A0102.SG1.3_10M.oral_gc_rl.tsv.gz
42,6464,GDN001.A0102.SG1.3_10M.oral_gc_rl.tsv.gz
43,6581,GDN001.A0102.SG1.3_10M.oral_gc_rl.tsv.gz
44,6568,GDN001.A0102.SG1.3_10M.oral_gc_rl.tsv.gz
45,6465,GDN001.A0102.SG1.3_10M.oral_gc_rl.tsv.gz
46,6580,GDN001.A0102.SG1.3_10M.oral_gc_rl.tsv.gz
47,6595,GDN001.A0102.SG1.3_10M.oral_gc_rl.tsv.gz
48,6092,GDN001.A0102.SG1.3_10M.oral_gc_rl.tsv.gz
49,6127,GDN001.A0102.SG1.3_10M.oral_gc_rl.tsv.gz
50,5985,GDN001.A0102.SG1.3_10M.oral_gc_rl.tsv.gz
51,5638,GDN001.A0102.SG1.3_10M.oral_gc_rl.tsv.gz
52,5647,GDN001.A0102.SG1.3_10M.oral_gc_rl.tsv.gz
53,5402,GDN001.A0102.SG1.3_10M.oral_gc_rl.tsv.gz
54,5245,GDN001.A0102.SG1.3_10M.oral_gc_rl.tsv.gz
55,4808,GDN001.A0102.SG1.3_10M.oral_gc_rl.tsv.gz
56,4669,GDN001.A0102.SG1.3_10M.oral_gc_rl.tsv.gz
57,4324,GDN001.A0102.SG1.3_10M.oral_gc_rl.tsv.gz
58,4320,GDN001.A0102.SG1.3_10M.oral_gc_rl.tsv.gz
59,4107,GDN001.A0102.SG1.3_10M.oral_gc_rl.tsv.gz
60,3846,GDN001.A0102.SG1.3_10M.oral_gc_rl.tsv.gz
61,3551,GDN001.A0102.SG1.3_10M.oral_gc_rl.tsv.gz
62,3456,GDN001.A0102.SG1.3_10M.oral_gc_rl.tsv.gz
63,3166,GDN001.A0102.SG1.3_10M.oral_gc_rl.tsv.gz
64,2950,GDN001.A0102.SG1.3_10M.oral_gc_rl.tsv.gz
65,2918,GDN001.A0102.SG1.3_10M.oral_gc_rl.tsv.gz
66,2562,GDN001.A0102.SG1.3_10M.oral_gc_rl.tsv.gz
67,2577,GDN001.A0102.SG1.3_10M.oral_gc_rl.tsv.gz
68,2411,GDN001.A0102.SG1.3_10M.oral_gc_rl.tsv.gz
69,2087,GDN001.A0102.SG1.3_10M.oral_gc_rl.tsv.gz
70,1993,GDN001.A0102.SG1.3_10M.oral_gc_rl.tsv.gz
71,1888,GDN001.A0102.SG1.3_10M.oral_gc_rl.tsv.gz
72,1734,GDN001.A0102.SG1.3_10M.oral_gc_rl.tsv.gz
73,1696,GDN001.A0102.SG1.3_10M.oral_gc_rl.tsv.gz
74,1574,GDN001.A0102.SG1.3_10M.oral_gc_rl.tsv.gz
75,1337,GDN001.A0102.SG1.3_10M.oral_gc_rl.tsv.gz
76,1575,GDN001.A0102.SG1.3_10M.oral_gc_rl.tsv.gz
77,1235,GDN001.A0102.SG1.3_10M.oral_gc_rl.tsv.gz
78,1134,GDN001.A0102.SG1.3_10M.oral_gc_rl.tsv.gz
79,1106,GDN001.A0102.SG1.3_10M.oral_gc_rl.tsv.gz
80,1022,GDN001.A0102.SG1.3_10M.oral_gc_rl.tsv.gz
81,806,GDN001.A0102.SG1.3_10M.oral_gc_rl.tsv.gz
82,762,GDN001.A0102.SG1.3_10M.oral_gc_rl.tsv.gz
83,706,GDN001.A0102.SG1.3_10M.oral_gc_rl.tsv.gz
84,719,GDN001.A0102.SG1.3_10M.oral_gc_rl.tsv.gz
85,639,GDN001.A0102.SG1.3_10M.oral_gc_rl.tsv.gz
86,585,GDN001.A0102.SG1.3_10M.oral_gc_rl.tsv.gz
87,546,GDN001.A0102.SG1.3_10M.oral_gc_rl.tsv.gz
88,483,GDN001.A0102.SG1.3_10M.oral_gc_rl.tsv.gz
89,428,GDN001.A0102.SG1.3_10M.oral_gc_rl.tsv.gz
90,437,GDN001.A0102.SG1.3_10M.oral_gc_rl.tsv.gz
91,427,GDN001.A0102.SG1.3_10M.oral_gc_rl.tsv.gz
92,384,GDN001.A0102.SG1.3_10M.oral_gc_rl.tsv.gz
93,357,GDN001.A0102.SG1.3_10M.oral_gc_rl.tsv.gz
94,315,GDN001.A0102.SG1.3_10M.oral_gc_rl.tsv.gz
95,299,GDN001.A0102.SG1.3_10M.oral_gc_rl.tsv.gz
96,269,GDN001.A0102.SG1.3_10M.oral_gc_rl.tsv.gz
97,268,GDN001.A0102.SG1.3_10M.oral_gc_rl.tsv.gz
98,235,GDN001.A0102.SG1.3_10M.oral_gc_rl.tsv.gz
99,228,GDN001.A0102.SG1.3_10M.oral_gc_rl.tsv.gz
100,205,GDN001.A0102.SG1.3_10M.oral_gc_rl.tsv.gz
101,168,GDN001.A0102.SG1.3_10M.oral_gc_rl.tsv.gz
102,140,GDN001.A0102.SG1.3_10M.oral_gc_rl.tsv.gz
103,174,GDN001.A0102.SG1.3_10M.oral_gc_rl.tsv.gz
104,151,GDN001.A0102.SG1.3_10M.oral_gc_rl.tsv.gz
105,142,GDN001.A0102.SG1.3_10M.oral_gc_rl.tsv.gz
106,125,GDN001.A0102.SG1.3_10M.oral_gc_rl.tsv.gz
107,106,GDN001.A0102.SG1.3_10M.oral_gc_rl.tsv.gz
108,81,GDN001.A0102.SG1.3_10M.oral_gc_rl.tsv.gz
109,99,GDN001.A0102.SG1.3_10M.oral_gc_rl.tsv.gz
110,94,GDN001.A0102.SG1.3_10M.oral_gc_rl.tsv.gz
111,92,GDN001.A0102.SG1.3_10M.oral_gc_rl.tsv.gz
112,73,GDN001.A0102.SG1.3_10M.oral_gc_rl.tsv.gz
113,79,GDN001.A0102.SG1.3_10M.oral_gc_rl.tsv.gz
114,69,GDN001.A0102.SG1.3_10M.oral_gc_rl.tsv.gz
115,53,GDN001.A0102.SG1.3_10M.oral_gc_rl.tsv.gz
116,57,GDN001.A0102.SG1.3_10M.oral_gc_rl.tsv.gz
117,57,GDN001.A0102.SG1.3_10M.oral_gc_rl.tsv.gz
118,54,GDN001.A0102.SG1.3_10M.oral_gc_rl.tsv.gz
119,40,GDN001.A0102.SG1.3_10M.oral_gc_rl.tsv.gz
120,43,GDN001.A0102.SG1.3_10M.oral_gc_rl.tsv.gz
121,40,GDN001.A0102.SG1.3_10M.oral_gc_rl.tsv.gz
122,47,GDN001.A0102.SG1.3_10M.oral_gc_rl.tsv.gz
123,34,GDN001.A0102.SG1.3_10M.oral_gc_rl.tsv.gz
124,37,GDN001.A0102.SG1.3_10M.oral_gc_rl.tsv.gz
125,34,GDN001.A0102.SG1.3_10M.oral_gc_rl.tsv.gz
126,24,GDN001.A0102.SG1.3_10M.oral_gc_rl.tsv.gz
127,32,GDN001.A0102.SG1.3_10M.oral_gc_rl.tsv.gz
128,36,GDN001.A0102.SG1.3_10M.oral_gc_rl.tsv.gz
129,25,GDN001.A0102.SG1.3_10M.oral_gc_rl.tsv.gz
130,38,GDN001.A0102.SG1.3_10M.oral_gc_rl.tsv.gz
131,24,GDN001.A0102.SG1.3_10M.oral_gc_rl.tsv.gz
132,21,GDN001.A0102.SG1.3_10M.oral_gc_rl.tsv.gz
133,13,GDN001.A0102.SG1.3_10M.oral_gc_rl.tsv.gz
134,16,GDN001.A0102.SG1.3_10M.oral_gc_rl.tsv.gz
135,18,GDN001.A0102.SG1.3_10M.oral_gc_rl.tsv.gz
136,14,GDN001.A0102.SG1.3_10M.oral_gc_rl.tsv.gz
137,20,GDN001.A0102.SG1.3_10M.oral_gc_rl.tsv.gz
138,12,GDN001.A0102.SG1.3_10M.oral_gc_rl.tsv.gz
139,11,GDN001.A0102.SG1.3_10M.oral_gc_rl.tsv.gz
140,16,GDN001.A0102.SG1.3_10M.oral_gc_rl.tsv.gz
141,6,GDN001.A0102.SG1.3_10M.oral_gc_rl.tsv.gz
36,4638,GOY005.A0101.SG1.2_10M.oral_gc_rl.tsv.gz
37,8920,GOY005.A0101.SG1.2_10M.oral_gc_rl.tsv.gz
38,12250,GOY005.A0101.SG1.2_10M.oral_gc_rl.tsv.gz
39,14797,GOY005.A0101.SG1.2_10M.oral_gc_rl.tsv.gz
40,17075,GOY005.A0101.SG1.2_10M.oral_gc_rl.tsv.gz
41,16446,GOY005.A0101.SG1.2_10M.oral_gc_rl.tsv.gz
42,17285,GOY005.A0101.SG1.2_10M.oral_gc_rl.tsv.gz
43,17682,GOY005.A0101.SG1.2_10M.oral_gc_rl.tsv.gz
44,17665,GOY005.A0101.SG1.2_10M.oral_gc_rl.tsv.gz
45,18027,GOY005.A0101.SG1.2_10M.oral_gc_rl.tsv.gz
46,17936,GOY005.A0101.SG1.2_10M.oral_gc_rl.tsv.gz
47,17659,GOY005.A0101.SG1.2_10M.oral_gc_rl.tsv.gz
48,16442,GOY005.A0101.SG1.2_10M.oral_gc_rl.tsv.gz
49,16149,GOY005.A0101.SG1.2_10M.oral_gc_rl.tsv.gz
50,15578,GOY005.A0101.SG1.2_10M.oral_gc_rl.tsv.gz
51,15598,GOY005.A0101.SG1.2_10M.oral_gc_rl.tsv.gz
52,15087,GOY005.A0101.SG1.2_10M.oral_gc_rl.tsv.gz
53,14340,GOY005.A0101.SG1.2_10M.oral_gc_rl.tsv.gz
54,14075,GOY005.A0101.SG1.2_10M.oral_gc_rl.tsv.gz
55,12675,GOY005.A0101.SG1.2_10M.oral_gc_rl.tsv.gz
56,12050,GOY005.A0101.SG1.2_10M.oral_gc_rl.tsv.gz
57,11739,GOY005.A0101.SG1.2_10M.oral_gc_rl.tsv.gz
58,11186,GOY005.A0101.SG1.2_10M.oral_gc_rl.tsv.gz
59,10762,GOY005.A0101.SG1.2_10M.oral_gc_rl.tsv.gz
60,10472,GOY005.A0101.SG1.2_10M.oral_gc_rl.tsv.gz
61,9359,GOY005.A0101.SG1.2_10M.oral_gc_rl.tsv.gz
62,8775,GOY005.A0101.SG1.2_10M.oral_gc_rl.tsv.gz
63,8352,GOY005.A0101.SG1.2_10M.oral_gc_rl.tsv.gz
64,8146,GOY005.A0101.SG1.2_10M.oral_gc_rl.tsv.gz
65,7613,GOY005.A0101.SG1.2_10M.oral_gc_rl.tsv.gz
66,7279,GOY005.A0101.SG1.2_10M.oral_gc_rl.tsv.gz
67,7129,GOY005.A0101.SG1.2_10M.oral_gc_rl.tsv.gz
68,5736,GOY005.A0101.SG1.2_10M.oral_gc_rl.tsv.gz
69,5526,GOY005.A0101.SG1.2_10M.oral_gc_rl.tsv.gz
70,5235,GOY005.A0101.SG1.2_10M.oral_gc_rl.tsv.gz
71,4988,GOY005.A0101.SG1.2_10M.oral_gc_rl.tsv.gz
72,4879,GOY005.A0101.SG1.2_10M.oral_gc_rl.tsv.gz
73,4732,GOY005.A0101.SG1.2_10M.oral_gc_rl.tsv.gz
74,4271,GOY005.A0101.SG1.2_10M.oral_gc_rl.tsv.gz
75,4752,GOY005.A0101.SG1.2_10M.oral_gc_rl.tsv.gz
76,8350,GOY005.A0101.SG1.2_10M.oral_gc_rl.tsv.gz
77,3387,GOY005.A0101.SG1.2_10M.oral_gc_rl.tsv.gz
78,3296,GOY005.A0101.SG1.2_10M.oral_gc_rl.tsv.gz
79,3062,GOY005.A0101.SG1.2_10M.oral_gc_rl.tsv.gz
80,2905,GOY005.A0101.SG1.2_10M.oral_gc_rl.tsv.gz
81,2579,GOY005.A0101.SG1.2_10M.oral_gc_rl.tsv.gz
82,2393,GOY005.A0101.SG1.2_10M.oral_gc_rl.tsv.gz
83,2322,GOY005.A0101.SG1.2_10M.oral_gc_rl.tsv.gz
84,2295,GOY005.A0101.SG1.2_10M.oral_gc_rl.tsv.gz
85,2108,GOY005.A0101.SG1.2_10M.oral_gc_rl.tsv.gz
86,1881,GOY005.A0101.SG1.2_10M.oral_gc_rl.tsv.gz
87,1929,GOY005.A0101.SG1.2_10M.oral_gc_rl.tsv.gz
88,1715,GOY005.A0101.SG1.2_10M.oral_gc_rl.tsv.gz
89,1561,GOY005.A0101.SG1.2_10M.oral_gc_rl.tsv.gz
90,1565,GOY005.A0101.SG1.2_10M.oral_gc_rl.tsv.gz
91,1451,GOY005.A0101.SG1.2_10M.oral_gc_rl.tsv.gz
92,1428,GOY005.A0101.SG1.2_10M.oral_gc_rl.tsv.gz
93,1358,GOY005.A0101.SG1.2_10M.oral_gc_rl.tsv.gz
94,1295,GOY005.A0101.SG1.2_10M.oral_gc_rl.tsv.gz
95,1121,GOY005.A0101.SG1.2_10M.oral_gc_rl.tsv.gz
96,1125,GOY005.A0101.SG1.2_10M.oral_gc_rl.tsv.gz
97,1007,GOY005.A0101.SG1.2_10M.oral_gc_rl.tsv.gz
98,941,GOY005.A0101.SG1.2_10M.oral_gc_rl.tsv.gz
99,989,GOY005.A0101.SG1.2_10M.oral_gc_rl.tsv.gz
100,892,GOY005.A0101.SG1.2_10M.oral_gc_rl.tsv.gz
101,801,GOY005.A0101.SG1.2_10M.oral_gc_rl.tsv.gz
102,773,GOY005.A0101.SG1.2_10M.oral_gc_rl.tsv.gz
103,770,GOY005.A0101.SG1.2_10M.oral_gc_rl.tsv.gz
104,719,GOY005.A0101.SG1.2_10M.oral_gc_rl.tsv.gz
105,649,GOY005.A0101.SG1.2_10M.oral_gc_rl.tsv.gz
106,647,GOY005.A0101.SG1.2_10M.oral_gc_rl.tsv.gz
107,590,GOY005.A0101.SG1.2_10M.oral_gc_rl.tsv.gz
108,566,GOY005.A0101.SG1.2_10M.oral_gc_rl.tsv.gz
109,534,GOY005.A0101.SG1.2_10M.oral_gc_rl.tsv.gz
110,534,GOY005.A0101.SG1.2_10M.oral_gc_rl.tsv.gz
111,505,GOY005.A0101.SG1.2_10M.oral_gc_rl.tsv.gz
112,520,GOY005.A0101.SG1.2_10M.oral_gc_rl.tsv.gz
113,456,GOY005.A0101.SG1.2_10M.oral_gc_rl.tsv.gz
114,464,GOY005.A0101.SG1.2_10M.oral_gc_rl.tsv.gz
115,392,GOY005.A0101.SG1.2_10M.oral_gc_rl.tsv.gz
116,356,GOY005.A0101.SG1.2_10M.oral_gc_rl.tsv.gz
117,330,GOY005.A0101.SG1.2_10M.oral_gc_rl.tsv.gz
118,334,GOY005.A0101.SG1.2_10M.oral_gc_rl.tsv.gz
119,351,GOY005.A0101.SG1.2_10M.oral_gc_rl.tsv.gz
120,326,GOY005.A0101.SG1.2_10M.oral_gc_rl.tsv.gz
121,304,GOY005.A0101.SG1.2_10M.oral_gc_rl.tsv.gz
122,290,GOY005.A0101.SG1.2_10M.oral_gc_rl.tsv.gz
123,257,GOY005.A0101.SG1.2_10M.oral_gc_rl.tsv.gz
124,262,GOY005.A0101.SG1.2_10M.oral_gc_rl.tsv.gz
125,259,GOY005.A0101.SG1.2_10M.oral_gc_rl.tsv.gz
126,254,GOY005.A0101.SG1.2_10M.oral_gc_rl.tsv.gz
127,208,GOY005.A0101.SG1.2_10M.oral_gc_rl.tsv.gz
128,227,GOY005.A0101.SG1.2_10M.oral_gc_rl.tsv.gz
129,190,GOY005.A0101.SG1.2_10M.oral_gc_rl.tsv.gz
130,196,GOY005.A0101.SG1.2_10M.oral_gc_rl.tsv.gz
131,220,GOY005.A0101.SG1.2_10M.oral_gc_rl.tsv.gz
132,158,GOY005.A0101.SG1.2_10M.oral_gc_rl.tsv.gz
133,161,GOY005.A0101.SG1.2_10M.oral_gc_rl.tsv.gz
134,172,GOY005.A0101.SG1.2_10M.oral_gc_rl.tsv.gz
135,153,GOY005.A0101.SG1.2_10M.oral_gc_rl.tsv.gz
136,173,GOY005.A0101.SG1.2_10M.oral_gc_rl.tsv.gz
137,165,GOY005.A0101.SG1.2_10M.oral_gc_rl.tsv.gz
138,134,GOY005.A0101.SG1.2_10M.oral_gc_rl.tsv.gz
139,123,GOY005.A0101.SG1.2_10M.oral_gc_rl.tsv.gz
140,111,GOY005.A0101.SG1.2_10M.oral_gc_rl.tsv.gz
141,109,GOY005.A0101.SG1.2_10M.oral_gc_rl.tsv.gz
36,3199,GOY005.A0103.SG1.4_10M.oral_gc_rl.tsv.gz
37,5542,GOY005.A0103.SG1.4_10M.oral_gc_rl.tsv.gz
38,7474,GOY005.A0103.SG1.4_10M.oral_gc_rl.tsv.gz
39,8208,GOY005.A0103.SG1.4_10M.oral_gc_rl.tsv.gz
40,9012,GOY005.A0103.SG1.4_10M.oral_gc_rl.tsv.gz
41,8658,GOY005.A0103.SG1.4_10M.oral_gc_rl.tsv.gz
42,8520,GOY005.A0103.SG1.4_10M.oral_gc_rl.tsv.gz
43,8717,GOY005.A0103.SG1.4_10M.oral_gc_rl.tsv.gz
44,8639,GOY005.A0103.SG1.4_10M.oral_gc_rl.tsv.gz
45,8201,GOY005.A0103.SG1.4_10M.oral_gc_rl.tsv.gz
46,7965,GOY005.A0103.SG1.4_10M.oral_gc_rl.tsv.gz
47,7827,GOY005.A0103.SG1.4_10M.oral_gc_rl.tsv.gz
48,6686,GOY005.A0103.SG1.4_10M.oral_gc_rl.tsv.gz
49,6539,GOY005.A0103.SG1.4_10M.oral_gc_rl.tsv.gz
50,6361,GOY005.A0103.SG1.4_10M.oral_gc_rl.tsv.gz
51,5933,GOY005.A0103.SG1.4_10M.oral_gc_rl.tsv.gz
52,5685,GOY005.A0103.SG1.4_10M.oral_gc_rl.tsv.gz
53,5391,GOY005.A0103.SG1.4_10M.oral_gc_rl.tsv.gz
54,5011,GOY005.A0103.SG1.4_10M.oral_gc_rl.tsv.gz
55,4475,GOY005.A0103.SG1.4_10M.oral_gc_rl.tsv.gz
56,4230,GOY005.A0103.SG1.4_10M.oral_gc_rl.tsv.gz
57,3904,GOY005.A0103.SG1.4_10M.oral_gc_rl.tsv.gz
58,3609,GOY005.A0103.SG1.4_10M.oral_gc_rl.tsv.gz
59,3466,GOY005.A0103.SG1.4_10M.oral_gc_rl.tsv.gz
60,3237,GOY005.A0103.SG1.4_10M.oral_gc_rl.tsv.gz
61,2740,GOY005.A0103.SG1.4_10M.oral_gc_rl.tsv.gz
62,2693,GOY005.A0103.SG1.4_10M.oral_gc_rl.tsv.gz
63,2387,GOY005.A0103.SG1.4_10M.oral_gc_rl.tsv.gz
64,2237,GOY005.A0103.SG1.4_10M.oral_gc_rl.tsv.gz
65,2186,GOY005.A0103.SG1.4_10M.oral_gc_rl.tsv.gz
66,2032,GOY005.A0103.SG1.4_10M.oral_gc_rl.tsv.gz
67,1860,GOY005.A0103.SG1.4_10M.oral_gc_rl.tsv.gz
68,1499,GOY005.A0103.SG1.4_10M.oral_gc_rl.tsv.gz
69,1350,GOY005.A0103.SG1.4_10M.oral_gc_rl.tsv.gz
70,1222,GOY005.A0103.SG1.4_10M.oral_gc_rl.tsv.gz
71,1252,GOY005.A0103.SG1.4_10M.oral_gc_rl.tsv.gz
72,1179,GOY005.A0103.SG1.4_10M.oral_gc_rl.tsv.gz
73,1093,GOY005.A0103.SG1.4_10M.oral_gc_rl.tsv.gz
74,974,GOY005.A0103.SG1.4_10M.oral_gc_rl.tsv.gz
75,903,GOY005.A0103.SG1.4_10M.oral_gc_rl.tsv.gz
76,1088,GOY005.A0103.SG1.4_10M.oral_gc_rl.tsv.gz
77,709,GOY005.A0103.SG1.4_10M.oral_gc_rl.tsv.gz
78,652,GOY005.A0103.SG1.4_10M.oral_gc_rl.tsv.gz
79,628,GOY005.A0103.SG1.4_10M.oral_gc_rl.tsv.gz
80,611,GOY005.A0103.SG1.4_10M.oral_gc_rl.tsv.gz
81,510,GOY005.A0103.SG1.4_10M.oral_gc_rl.tsv.gz
82,505,GOY005.A0103.SG1.4_10M.oral_gc_rl.tsv.gz
83,454,GOY005.A0103.SG1.4_10M.oral_gc_rl.tsv.gz
84,403,GOY005.A0103.SG1.4_10M.oral_gc_rl.tsv.gz
85,386,GOY005.A0103.SG1.4_10M.oral_gc_rl.tsv.gz
86,362,GOY005.A0103.SG1.4_10M.oral_gc_rl.tsv.gz
87,316,GOY005.A0103.SG1.4_10M.oral_gc_rl.tsv.gz
88,281,GOY005.A0103.SG1.4_10M.oral_gc_rl.tsv.gz
89,265,GOY005.A0103.SG1.4_10M.oral_gc_rl.tsv.gz
90,252,GOY005.A0103.SG1.4_10M.oral_gc_rl.tsv.gz
91,238,GOY005.A0103.SG1.4_10M.oral_gc_rl.tsv.gz
92,224,GOY005.A0103.SG1.4_10M.oral_gc_rl.tsv.gz
93,190,GOY005.A0103.SG1.4_10M.oral_gc_rl.tsv.gz
94,209,GOY005.A0103.SG1.4_10M.oral_gc_rl.tsv.gz
95,176,GOY005.A0103.SG1.4_10M.oral_gc_rl.tsv.gz
96,130,GOY005.A0103.SG1.4_10M.oral_gc_rl.tsv.gz
97,135,GOY005.A0103.SG1.4_10M.oral_gc_rl.tsv.gz
98,139,GOY005.A0103.SG1.4_10M.oral_gc_rl.tsv.gz
99,103,GOY005.A0103.SG1.4_10M.oral_gc_rl.tsv.gz
100,97,GOY005.A0103.SG1.4_10M.oral_gc_rl.tsv.gz
101,96,GOY005.A0103.SG1.4_10M.oral_gc_rl.tsv.gz
102,110,GOY005.A0103.SG1.4_10M.oral_gc_rl.tsv.gz
103,86,GOY005.A0103.SG1.4_10M.oral_gc_rl.tsv.gz
104,99,GOY005.A0103.SG1.4_10M.oral_gc_rl.tsv.gz
105,77,GOY005.A0103.SG1.4_10M.oral_gc_rl.tsv.gz
106,75,GOY005.A0103.SG1.4_10M.oral_gc_rl.tsv.gz
107,75,GOY005.A0103.SG1.4_10M.oral_gc_rl.tsv.gz
108,90,GOY005.A0103.SG1.4_10M.oral_gc_rl.tsv.gz
109,54,GOY005.A0103.SG1.4_10M.oral_gc_rl.tsv.gz
110,67,GOY005.A0103.SG1.4_10M.oral_gc_rl.tsv.gz
111,62,GOY005.A0103.SG1.4_10M.oral_gc_rl.tsv.gz
112,49,GOY005.A0103.SG1.4_10M.oral_gc_rl.tsv.gz
113,39,GOY005.A0103.SG1.4_10M.oral_gc_rl.tsv.gz
114,38,GOY005.A0103.SG1.4_10M.oral_gc_rl.tsv.gz
115,46,GOY005.A0103.SG1.4_10M.oral_gc_rl.tsv.gz
116,36,GOY005.A0103.SG1.4_10M.oral_gc_rl.tsv.gz
117,33,GOY005.A0103.SG1.4_10M.oral_gc_rl.tsv.gz
118,23,GOY005.A0103.SG1.4_10M.oral_gc_rl.tsv.gz
119,43,GOY005.A0103.SG1.4_10M.oral_gc_rl.tsv.gz
120,25,GOY005.A0103.SG1.4_10M.oral_gc_rl.tsv.gz
121,29,GOY005.A0103.SG1.4_10M.oral_gc_rl.tsv.gz
122,32,GOY005.A0103.SG1.4_10M.oral_gc_rl.tsv.gz
123,25,GOY005.A0103.SG1.4_10M.oral_gc_rl.tsv.gz
124,21,GOY005.A0103.SG1.4_10M.oral_gc_rl.tsv.gz
125,26,GOY005.A0103.SG1.4_10M.oral_gc_rl.tsv.gz
126,22,GOY005.A0103.SG1.4_10M.oral_gc_rl.tsv.gz
127,12,GOY005.A0103.SG1.4_10M.oral_gc_rl.tsv.gz
128,23,GOY005.A0103.SG1.4_10M.oral_gc_rl.tsv.gz
129,11,GOY005.A0103.SG1.4_10M.oral_gc_rl.tsv.gz
130,22,GOY005.A0103.SG1.4_10M.oral_gc_rl.tsv.gz
131,17,GOY005.A0103.SG1.4_10M.oral_gc_rl.tsv.gz
132,11,GOY005.A0103.SG1.4_10M.oral_gc_rl.tsv.gz
133,20,GOY005.A0103.SG1.4_10M.oral_gc_rl.tsv.gz
134,10,GOY005.A0103.SG1.4_10M.oral_gc_rl.tsv.gz
135,13,GOY005.A0103.SG1.4_10M.oral_gc_rl.tsv.gz
136,16,GOY005.A0103.SG1.4_10M.oral_gc_rl.tsv.gz
137,11,GOY005.A0103.SG1.4_10M.oral_gc_rl.tsv.gz
138,4,GOY005.A0103.SG1.4_10M.oral_gc_rl.tsv.gz
139,9,GOY005.A0103.SG1.4_10M.oral_gc_rl.tsv.gz
140,13,GOY005.A0103.SG1.4_10M.oral_gc_rl.tsv.gz
141,6,GOY005.A0103.SG1.4_10M.oral_gc_rl.tsv.gz
36,3175,GOY006.A0101.SG1.2_10M.oral_gc_rl.tsv.gz
37,6284,GOY006.A0101.SG1.2_10M.oral_gc_rl.tsv.gz
38,8358,GOY006.A0101.SG1.2_10M.oral_gc_rl.tsv.gz
39,10114,GOY006.A0101.SG1.2_10M.oral_gc_rl.tsv.gz
40,11879,GOY006.A0101.SG1.2_10M.oral_gc_rl.tsv.gz
41,11552,GOY006.A0101.SG1.2_10M.oral_gc_rl.tsv.gz
42,12040,GOY006.A0101.SG1.2_10M.oral_gc_rl.tsv.gz
43,12487,GOY006.A0101.SG1.2_10M.oral_gc_rl.tsv.gz
44,12484,GOY006.A0101.SG1.2_10M.oral_gc_rl.tsv.gz
45,12970,GOY006.A0101.SG1.2_10M.oral_gc_rl.tsv.gz
46,13581,GOY006.A0101.SG1.2_10M.oral_gc_rl.tsv.gz
47,13247,GOY006.A0101.SG1.2_10M.oral_gc_rl.tsv.gz
48,12309,GOY006.A0101.SG1.2_10M.oral_gc_rl.tsv.gz
49,12332,GOY006.A0101.SG1.2_10M.oral_gc_rl.tsv.gz
50,12191,GOY006.A0101.SG1.2_10M.oral_gc_rl.tsv.gz
51,11841,GOY006.A0101.SG1.2_10M.oral_gc_rl.tsv.gz
52,11849,GOY006.A0101.SG1.2_10M.oral_gc_rl.tsv.gz
53,11494,GOY006.A0101.SG1.2_10M.oral_gc_rl.tsv.gz
54,11472,GOY006.A0101.SG1.2_10M.oral_gc_rl.tsv.gz
55,10640,GOY006.A0101.SG1.2_10M.oral_gc_rl.tsv.gz
56,10040,GOY006.A0101.SG1.2_10M.oral_gc_rl.tsv.gz
57,10014,GOY006.A0101.SG1.2_10M.oral_gc_rl.tsv.gz
58,9804,GOY006.A0101.SG1.2_10M.oral_gc_rl.tsv.gz
59,9502,GOY006.A0101.SG1.2_10M.oral_gc_rl.tsv.gz
60,9157,GOY006.A0101.SG1.2_10M.oral_gc_rl.tsv.gz
61,8537,GOY006.A0101.SG1.2_10M.oral_gc_rl.tsv.gz
62,8271,GOY006.A0101.SG1.2_10M.oral_gc_rl.tsv.gz
63,7969,GOY006.A0101.SG1.2_10M.oral_gc_rl.tsv.gz
64,7703,GOY006.A0101.SG1.2_10M.oral_gc_rl.tsv.gz
65,7458,GOY006.A0101.SG1.2_10M.oral_gc_rl.tsv.gz
66,7284,GOY006.A0101.SG1.2_10M.oral_gc_rl.tsv.gz
67,7085,GOY006.A0101.SG1.2_10M.oral_gc_rl.tsv.gz
68,5837,GOY006.A0101.SG1.2_10M.oral_gc_rl.tsv.gz
69,5726,GOY006.A0101.SG1.2_10M.oral_gc_rl.tsv.gz
70,5560,GOY006.A0101.SG1.2_10M.oral_gc_rl.tsv.gz
71,5305,GOY006.A0101.SG1.2_10M.oral_gc_rl.tsv.gz
72,5258,GOY006.A0101.SG1.2_10M.oral_gc_rl.tsv.gz
73,5182,GOY006.A0101.SG1.2_10M.oral_gc_rl.tsv.gz
74,4803,GOY006.A0101.SG1.2_10M.oral_gc_rl.tsv.gz
75,5451,GOY006.A0101.SG1.2_10M.oral_gc_rl.tsv.gz
76,9860,GOY006.A0101.SG1.2_10M.oral_gc_rl.tsv.gz
77,3812,GOY006.A0101.SG1.2_10M.oral_gc_rl.tsv.gz
78,3847,GOY006.A0101.SG1.2_10M.oral_gc_rl.tsv.gz
79,3740,GOY006.A0101.SG1.2_10M.oral_gc_rl.tsv.gz
80,3381,GOY006.A0101.SG1.2_10M.oral_gc_rl.tsv.gz
81,3027,GOY006.A0101.SG1.2_10M.oral_gc_rl.tsv.gz
82,2936,GOY006.A0101.SG1.2_10M.oral_gc_rl.tsv.gz
83,2804,GOY006.A0101.SG1.2_10M.oral_gc_rl.tsv.gz
84,2779,GOY006.A0101.SG1.2_10M.oral_gc_rl.tsv.gz
85,2647,GOY006.A0101.SG1.2_10M.oral_gc_rl.tsv.gz
86,2539,GOY006.A0101.SG1.2_10M.oral_gc_rl.tsv.gz
87,2429,GOY006.A0101.SG1.2_10M.oral_gc_rl.tsv.gz
88,2234,GOY006.A0101.SG1.2_10M.oral_gc_rl.tsv.gz
89,2067,GOY006.A0101.SG1.2_10M.oral_gc_rl.tsv.gz
90,2050,GOY006.A0101.SG1.2_10M.oral_gc_rl.tsv.gz
91,2008,GOY006.A0101.SG1.2_10M.oral_gc_rl.tsv.gz
92,1843,GOY006.A0101.SG1.2_10M.oral_gc_rl.tsv.gz
93,1774,GOY006.A0101.SG1.2_10M.oral_gc_rl.tsv.gz
94,1740,GOY006.A0101.SG1.2_10M.oral_gc_rl.tsv.gz
95,1496,GOY006.A0101.SG1.2_10M.oral_gc_rl.tsv.gz
96,1533,GOY006.A0101.SG1.2_10M.oral_gc_rl.tsv.gz
97,1472,GOY006.A0101.SG1.2_10M.oral_gc_rl.tsv.gz
98,1366,GOY006.A0101.SG1.2_10M.oral_gc_rl.tsv.gz
99,1306,GOY006.A0101.SG1.2_10M.oral_gc_rl.tsv.gz
100,1249,GOY006.A0101.SG1.2_10M.oral_gc_rl.tsv.gz
101,1082,GOY006.A0101.SG1.2_10M.oral_gc_rl.tsv.gz
102,1060,GOY006.A0101.SG1.2_10M.oral_gc_rl.tsv.gz
103,1073,GOY006.A0101.SG1.2_10M.oral_gc_rl.tsv.gz
104,941,GOY006.A0101.SG1.2_10M.oral_gc_rl.tsv.gz
105,982,GOY006.A0101.SG1.2_10M.oral_gc_rl.tsv.gz
106,885,GOY006.A0101.SG1.2_10M.oral_gc_rl.tsv.gz
107,853,GOY006.A0101.SG1.2_10M.oral_gc_rl.tsv.gz
108,819,GOY006.A0101.SG1.2_10M.oral_gc_rl.tsv.gz
109,770,GOY006.A0101.SG1.2_10M.oral_gc_rl.tsv.gz
110,764,GOY006.A0101.SG1.2_10M.oral_gc_rl.tsv.gz
111,667,GOY006.A0101.SG1.2_10M.oral_gc_rl.tsv.gz
112,679,GOY006.A0101.SG1.2_10M.oral_gc_rl.tsv.gz
113,674,GOY006.A0101.SG1.2_10M.oral_gc_rl.tsv.gz
114,612,GOY006.A0101.SG1.2_10M.oral_gc_rl.tsv.gz
115,554,GOY006.A0101.SG1.2_10M.oral_gc_rl.tsv.gz
116,525,GOY006.A0101.SG1.2_10M.oral_gc_rl.tsv.gz
117,569,GOY006.A0101.SG1.2_10M.oral_gc_rl.tsv.gz
118,507,GOY006.A0101.SG1.2_10M.oral_gc_rl.tsv.gz
119,482,GOY006.A0101.SG1.2_10M.oral_gc_rl.tsv.gz
120,493,GOY006.A0101.SG1.2_10M.oral_gc_rl.tsv.gz
121,411,GOY006.A0101.SG1.2_10M.oral_gc_rl.tsv.gz
122,428,GOY006.A0101.SG1.2_10M.oral_gc_rl.tsv.gz
123,367,GOY006.A0101.SG1.2_10M.oral_gc_rl.tsv.gz
124,399,GOY006.A0101.SG1.2_10M.oral_gc_rl.tsv.gz
125,336,GOY006.A0101.SG1.2_10M.oral_gc_rl.tsv.gz
126,364,GOY006.A0101.SG1.2_10M.oral_gc_rl.tsv.gz
127,312,GOY006.A0101.SG1.2_10M.oral_gc_rl.tsv.gz
128,274,GOY006.A0101.SG1.2_10M.oral_gc_rl.tsv.gz
129,303,GOY006.A0101.SG1.2_10M.oral_gc_rl.tsv.gz
130,316,GOY006.A0101.SG1.2_10M.oral_gc_rl.tsv.gz
131,258,GOY006.A0101.SG1.2_10M.oral_gc_rl.tsv.gz
132,270,GOY006.A0101.SG1.2_10M.oral_gc_rl.tsv.gz
133,227,GOY006.A0101.SG1.2_10M.oral_gc_rl.tsv.gz
134,210,GOY006.A0101.SG1.2_10M.oral_gc_rl.tsv.gz
135,253,GOY006.A0101.SG1.2_10M.oral_gc_rl.tsv.gz
136,212,GOY006.A0101.SG1.2_10M.oral_gc_rl.tsv.gz
137,194,GOY006.A0101.SG1.2_10M.oral_gc_rl.tsv.gz
138,174,GOY006.A0101.SG1.2_10M.oral_gc_rl.tsv.gz
139,174,GOY006.A0101.SG1.2_10M.oral_gc_rl.tsv.gz
140,180,GOY006.A0101.SG1.2_10M.oral_gc_rl.tsv.gz
141,137,GOY006.A0101.SG1.2_10M.oral_gc_rl.tsv.gz
36,3182,GOY006.A0102.SG1.5_10M.oral_gc_rl.tsv.gz
37,5706,GOY006.A0102.SG1.5_10M.oral_gc_rl.tsv.gz
38,7424,GOY006.A0102.SG1.5_10M.oral_gc_rl.tsv.gz
39,8574,GOY006.A0102.SG1.5_10M.oral_gc_rl.tsv.gz
40,9269,GOY006.A0102.SG1.5_10M.oral_gc_rl.tsv.gz
41,8909,GOY006.A0102.SG1.5_10M.oral_gc_rl.tsv.gz
42,8741,GOY006.A0102.SG1.5_10M.oral_gc_rl.tsv.gz
43,8725,GOY006.A0102.SG1.5_10M.oral_gc_rl.tsv.gz
44,9029,GOY006.A0102.SG1.5_10M.oral_gc_rl.tsv.gz
45,8763,GOY006.A0102.SG1.5_10M.oral_gc_rl.tsv.gz
46,8455,GOY006.A0102.SG1.5_10M.oral_gc_rl.tsv.gz
47,8439,GOY006.A0102.SG1.5_10M.oral_gc_rl.tsv.gz
48,7437,GOY006.A0102.SG1.5_10M.oral_gc_rl.tsv.gz
49,7297,GOY006.A0102.SG1.5_10M.oral_gc_rl.tsv.gz
50,7053,GOY006.A0102.SG1.5_10M.oral_gc_rl.tsv.gz
51,6728,GOY006.A0102.SG1.5_10M.oral_gc_rl.tsv.gz
52,6377,GOY006.A0102.SG1.5_10M.oral_gc_rl.tsv.gz
53,6149,GOY006.A0102.SG1.5_10M.oral_gc_rl.tsv.gz
54,5757,GOY006.A0102.SG1.5_10M.oral_gc_rl.tsv.gz
55,5178,GOY006.A0102.SG1.5_10M.oral_gc_rl.tsv.gz
56,4992,GOY006.A0102.SG1.5_10M.oral_gc_rl.tsv.gz
57,4756,GOY006.A0102.SG1.5_10M.oral_gc_rl.tsv.gz
58,4425,GOY006.A0102.SG1.5_10M.oral_gc_rl.tsv.gz
59,4266,GOY006.A0102.SG1.5_10M.oral_gc_rl.tsv.gz
60,4049,GOY006.A0102.SG1.5_10M.oral_gc_rl.tsv.gz
61,3594,GOY006.A0102.SG1.5_10M.oral_gc_rl.tsv.gz
62,3358,GOY006.A0102.SG1.5_10M.oral_gc_rl.tsv.gz
63,3084,GOY006.A0102.SG1.5_10M.oral_gc_rl.tsv.gz
64,2969,GOY006.A0102.SG1.5_10M.oral_gc_rl.tsv.gz
65,2909,GOY006.A0102.SG1.5_10M.oral_gc_rl.tsv.gz
66,2620,GOY006.A0102.SG1.5_10M.oral_gc_rl.tsv.gz
67,2455,GOY006.A0102.SG1.5_10M.oral_gc_rl.tsv.gz
68,2194,GOY006.A0102.SG1.5_10M.oral_gc_rl.tsv.gz
69,1983,GOY006.A0102.SG1.5_10M.oral_gc_rl.tsv.gz
70,1960,GOY006.A0102.SG1.5_10M.oral_gc_rl.tsv.gz
71,1822,GOY006.A0102.SG1.5_10M.oral_gc_rl.tsv.gz
72,1724,GOY006.A0102.SG1.5_10M.oral_gc_rl.tsv.gz
73,1650,GOY006.A0102.SG1.5_10M.oral_gc_rl.tsv.gz
74,1561,GOY006.A0102.SG1.5_10M.oral_gc_rl.tsv.gz
75,1365,GOY006.A0102.SG1.5_10M.oral_gc_rl.tsv.gz
76,1976,GOY006.A0102.SG1.5_10M.oral_gc_rl.tsv.gz
77,1148,GOY006.A0102.SG1.5_10M.oral_gc_rl.tsv.gz
78,1107,GOY006.A0102.SG1.5_10M.oral_gc_rl.tsv.gz
79,987,GOY006.A0102.SG1.5_10M.oral_gc_rl.tsv.gz
80,988,GOY006.A0102.SG1.5_10M.oral_gc_rl.tsv.gz
81,865,GOY006.A0102.SG1.5_10M.oral_gc_rl.tsv.gz
82,781,GOY006.A0102.SG1.5_10M.oral_gc_rl.tsv.gz
83,704,GOY006.A0102.SG1.5_10M.oral_gc_rl.tsv.gz
84,703,GOY006.A0102.SG1.5_10M.oral_gc_rl.tsv.gz
85,674,GOY006.A0102.SG1.5_10M.oral_gc_rl.tsv.gz
86,610,GOY006.A0102.SG1.5_10M.oral_gc_rl.tsv.gz
87,584,GOY006.A0102.SG1.5_10M.oral_gc_rl.tsv.gz
88,551,GOY006.A0102.SG1.5_10M.oral_gc_rl.tsv.gz
89,501,GOY006.A0102.SG1.5_10M.oral_gc_rl.tsv.gz
90,458,GOY006.A0102.SG1.5_10M.oral_gc_rl.tsv.gz
91,411,GOY006.A0102.SG1.5_10M.oral_gc_rl.tsv.gz
92,459,GOY006.A0102.SG1.5_10M.oral_gc_rl.tsv.gz
93,379,GOY006.A0102.SG1.5_10M.oral_gc_rl.tsv.gz
94,386,GOY006.A0102.SG1.5_10M.oral_gc_rl.tsv.gz
95,328,GOY006.A0102.SG1.5_10M.oral_gc_rl.tsv.gz
96,292,GOY006.A0102.SG1.5_10M.oral_gc_rl.tsv.gz
97,326,GOY006.A0102.SG1.5_10M.oral_gc_rl.tsv.gz
98,255,GOY006.A0102.SG1.5_10M.oral_gc_rl.tsv.gz
99,257,GOY006.A0102.SG1.5_10M.oral_gc_rl.tsv.gz
100,247,GOY006.A0102.SG1.5_10M.oral_gc_rl.tsv.gz
101,210,GOY006.A0102.SG1.5_10M.oral_gc_rl.tsv.gz
102,206,GOY006.A0102.SG1.5_10M.oral_gc_rl.tsv.gz
103,180,GOY006.A0102.SG1.5_10M.oral_gc_rl.tsv.gz
104,192,GOY006.A0102.SG1.5_10M.oral_gc_rl.tsv.gz
105,160,GOY006.A0102.SG1.5_10M.oral_gc_rl.tsv.gz
106,163,GOY006.A0102.SG1.5_10M.oral_gc_rl.tsv.gz
107,159,GOY006.A0102.SG1.5_10M.oral_gc_rl.tsv.gz
108,138,GOY006.A0102.SG1.5_10M.oral_gc_rl.tsv.gz
109,126,GOY006.A0102.SG1.5_10M.oral_gc_rl.tsv.gz
110,126,GOY006.A0102.SG1.5_10M.oral_gc_rl.tsv.gz
111,108,GOY006.A0102.SG1.5_10M.oral_gc_rl.tsv.gz
112,94,GOY006.A0102.SG1.5_10M.oral_gc_rl.tsv.gz
113,96,GOY006.A0102.SG1.5_10M.oral_gc_rl.tsv.gz
114,129,GOY006.A0102.SG1.5_10M.oral_gc_rl.tsv.gz
115,118,GOY006.A0102.SG1.5_10M.oral_gc_rl.tsv.gz
116,85,GOY006.A0102.SG1.5_10M.oral_gc_rl.tsv.gz
117,93,GOY006.A0102.SG1.5_10M.oral_gc_rl.tsv.gz
118,75,GOY006.A0102.SG1.5_10M.oral_gc_rl.tsv.gz
119,69,GOY006.A0102.SG1.5_10M.oral_gc_rl.tsv.gz
120,70,GOY006.A0102.SG1.5_10M.oral_gc_rl.tsv.gz
121,65,GOY006.A0102.SG1.5_10M.oral_gc_rl.tsv.gz
122,63,GOY006.A0102.SG1.5_10M.oral_gc_rl.tsv.gz
123,71,GOY006.A0102.SG1.5_10M.oral_gc_rl.tsv.gz
124,59,GOY006.A0102.SG1.5_10M.oral_gc_rl.tsv.gz
125,43,GOY006.A0102.SG1.5_10M.oral_gc_rl.tsv.gz
126,48,GOY006.A0102.SG1.5_10M.oral_gc_rl.tsv.gz
127,53,GOY006.A0102.SG1.5_10M.oral_gc_rl.tsv.gz
128,32,GOY006.A0102.SG1.5_10M.oral_gc_rl.tsv.gz
129,41,GOY006.A0102.SG1.5_10M.oral_gc_rl.tsv.gz
130,30,GOY006.A0102.SG1.5_10M.oral_gc_rl.tsv.gz
131,48,GOY006.A0102.SG1.5_10M.oral_gc_rl.tsv.gz
132,40,GOY006.A0102.SG1.5_10M.oral_gc_rl.tsv.gz
133,40,GOY006.A0102.SG1.5_10M.oral_gc_rl.tsv.gz
134,26,GOY006.A0102.SG1.5_10M.oral_gc_rl.tsv.gz
135,34,GOY006.A0102.SG1.5_10M.oral_gc_rl.tsv.gz
136,50,GOY006.A0102.SG1.5_10M.oral_gc_rl.tsv.gz
137,30,GOY006.A0102.SG1.5_10M.oral_gc_rl.tsv.gz
138,23,GOY006.A0102.SG1.5_10M.oral_gc_rl.tsv.gz
139,18,GOY006.A0102.SG1.5_10M.oral_gc_rl.tsv.gz
140,15,GOY006.A0102.SG1.5_10M.oral_gc_rl.tsv.gz
141,18,GOY006.A0102.SG1.5_10M.oral_gc_rl.tsv.gz
36,10,GUE001.A0101.SG1.1_10M.oral_gc_rl.tsv.gz
37,2,GUE001.A0101.SG1.1_10M.oral_gc_rl.tsv.gz
38,3,GUE001.A0101.SG1.1_10M.oral_gc_rl.tsv.gz
39,7,GUE001.A0101.SG1.1_10M.oral_gc_rl.tsv.gz
40,3,GUE001.A0101.SG1.1_10M.oral_gc_rl.tsv.gz
41,10,GUE001.A0101.SG1.1_10M.oral_gc_rl.tsv.gz
42,3,GUE001.A0101.SG1.1_10M.oral_gc_rl.tsv.gz
43,12,GUE001.A0101.SG1.1_10M.oral_gc_rl.tsv.gz
44,21,GUE001.A0101.SG1.1_10M.oral_gc_rl.tsv.gz
45,8,GUE001.A0101.SG1.1_10M.oral_gc_rl.tsv.gz
46,33,GUE001.A0101.SG1.1_10M.oral_gc_rl.tsv.gz
47,13,GUE001.A0101.SG1.1_10M.oral_gc_rl.tsv.gz
48,21,GUE001.A0101.SG1.1_10M.oral_gc_rl.tsv.gz
49,14,GUE001.A0101.SG1.1_10M.oral_gc_rl.tsv.gz
50,14,GUE001.A0101.SG1.1_10M.oral_gc_rl.tsv.gz
51,20,GUE001.A0101.SG1.1_10M.oral_gc_rl.tsv.gz
52,15,GUE001.A0101.SG1.1_10M.oral_gc_rl.tsv.gz
53,7,GUE001.A0101.SG1.1_10M.oral_gc_rl.tsv.gz
54,15,GUE001.A0101.SG1.1_10M.oral_gc_rl.tsv.gz
55,25,GUE001.A0101.SG1.1_10M.oral_gc_rl.tsv.gz
56,35,GUE001.A0101.SG1.1_10M.oral_gc_rl.tsv.gz
57,22,GUE001.A0101.SG1.1_10M.oral_gc_rl.tsv.gz
58,10,GUE001.A0101.SG1.1_10M.oral_gc_rl.tsv.gz
59,28,GUE001.A0101.SG1.1_10M.oral_gc_rl.tsv.gz
60,10,GUE001.A0101.SG1.1_10M.oral_gc_rl.tsv.gz
61,14,GUE001.A0101.SG1.1_10M.oral_gc_rl.tsv.gz
62,20,GUE001.A0101.SG1.1_10M.oral_gc_rl.tsv.gz
63,8,GUE001.A0101.SG1.1_10M.oral_gc_rl.tsv.gz
64,36,GUE001.A0101.SG1.1_10M.oral_gc_rl.tsv.gz
65,37,GUE001.A0101.SG1.1_10M.oral_gc_rl.tsv.gz
66,21,GUE001.A0101.SG1.1_10M.oral_gc_rl.tsv.gz
67,22,GUE001.A0101.SG1.1_10M.oral_gc_rl.tsv.gz
68,14,GUE001.A0101.SG1.1_10M.oral_gc_rl.tsv.gz
69,32,GUE001.A0101.SG1.1_10M.oral_gc_rl.tsv.gz
70,3,GUE001.A0101.SG1.1_10M.oral_gc_rl.tsv.gz
71,18,GUE001.A0101.SG1.1_10M.oral_gc_rl.tsv.gz
72,29,GUE001.A0101.SG1.1_10M.oral_gc_rl.tsv.gz
73,18,GUE001.A0101.SG1.1_10M.oral_gc_rl.tsv.gz
74,43,GUE001.A0101.SG1.1_10M.oral_gc_rl.tsv.gz
75,99,GUE001.A0101.SG1.1_10M.oral_gc_rl.tsv.gz
76,273,GUE001.A0101.SG1.1_10M.oral_gc_rl.tsv.gz
77,15,GUE001.A0101.SG1.1_10M.oral_gc_rl.tsv.gz
78,16,GUE001.A0101.SG1.1_10M.oral_gc_rl.tsv.gz
79,15,GUE001.A0101.SG1.1_10M.oral_gc_rl.tsv.gz
80,10,GUE001.A0101.SG1.1_10M.oral_gc_rl.tsv.gz
81,22,GUE001.A0101.SG1.1_10M.oral_gc_rl.tsv.gz
82,11,GUE001.A0101.SG1.1_10M.oral_gc_rl.tsv.gz
83,13,GUE001.A0101.SG1.1_10M.oral_gc_rl.tsv.gz
84,12,GUE001.A0101.SG1.1_10M.oral_gc_rl.tsv.gz
85,10,GUE001.A0101.SG1.1_10M.oral_gc_rl.tsv.gz
86,11,GUE001.A0101.SG1.1_10M.oral_gc_rl.tsv.gz
87,31,GUE001.A0101.SG1.1_10M.oral_gc_rl.tsv.gz
88,12,GUE001.A0101.SG1.1_10M.oral_gc_rl.tsv.gz
89,5,GUE001.A0101.SG1.1_10M.oral_gc_rl.tsv.gz
90,24,GUE001.A0101.SG1.1_10M.oral_gc_rl.tsv.gz
91,16,GUE001.A0101.SG1.1_10M.oral_gc_rl.tsv.gz
92,17,GUE001.A0101.SG1.1_10M.oral_gc_rl.tsv.gz
93,14,GUE001.A0101.SG1.1_10M.oral_gc_rl.tsv.gz
94,21,GUE001.A0101.SG1.1_10M.oral_gc_rl.tsv.gz
95,8,GUE001.A0101.SG1.1_10M.oral_gc_rl.tsv.gz
96,4,GUE001.A0101.SG1.1_10M.oral_gc_rl.tsv.gz
97,17,GUE001.A0101.SG1.1_10M.oral_gc_rl.tsv.gz
98,11,GUE001.A0101.SG1.1_10M.oral_gc_rl.tsv.gz
99,7,GUE001.A0101.SG1.1_10M.oral_gc_rl.tsv.gz
100,9,GUE001.A0101.SG1.1_10M.oral_gc_rl.tsv.gz
101,4,GUE001.A0101.SG1.1_10M.oral_gc_rl.tsv.gz
102,9,GUE001.A0101.SG1.1_10M.oral_gc_rl.tsv.gz
103,6,GUE001.A0101.SG1.1_10M.oral_gc_rl.tsv.gz
104,13,GUE001.A0101.SG1.1_10M.oral_gc_rl.tsv.gz
105,10,GUE001.A0101.SG1.1_10M.oral_gc_rl.tsv.gz
106,12,GUE001.A0101.SG1.1_10M.oral_gc_rl.tsv.gz
107,10,GUE001.A0101.SG1.1_10M.oral_gc_rl.tsv.gz
108,20,GUE001.A0101.SG1.1_10M.oral_gc_rl.tsv.gz
109,15,GUE001.A0101.SG1.1_10M.oral_gc_rl.tsv.gz
110,22,GUE001.A0101.SG1.1_10M.oral_gc_rl.tsv.gz
111,5,GUE001.A0101.SG1.1_10M.oral_gc_rl.tsv.gz
112,3,GUE001.A0101.SG1.1_10M.oral_gc_rl.tsv.gz
113,6,GUE001.A0101.SG1.1_10M.oral_gc_rl.tsv.gz
114,5,GUE001.A0101.SG1.1_10M.oral_gc_rl.tsv.gz
115,2,GUE001.A0101.SG1.1_10M.oral_gc_rl.tsv.gz
116,13,GUE001.A0101.SG1.1_10M.oral_gc_rl.tsv.gz
117,5,GUE001.A0101.SG1.1_10M.oral_gc_rl.tsv.gz
118,14,GUE001.A0101.SG1.1_10M.oral_gc_rl.tsv.gz
119,7,GUE001.A0101.SG1.1_10M.oral_gc_rl.tsv.gz
120,8,GUE001.A0101.SG1.1_10M.oral_gc_rl.tsv.gz
121,1,GUE001.A0101.SG1.1_10M.oral_gc_rl.tsv.gz
122,2,GUE001.A0101.SG1.1_10M.oral_gc_rl.tsv.gz
123,4,GUE001.A0101.SG1.1_10M.oral_gc_rl.tsv.gz
124,6,GUE001.A0101.SG1.1_10M.oral_gc_rl.tsv.gz
125,2,GUE001.A0101.SG1.1_10M.oral_gc_rl.tsv.gz
126,8,GUE001.A0101.SG1.1_10M.oral_gc_rl.tsv.gz
127,14,GUE001.A0101.SG1.1_10M.oral_gc_rl.tsv.gz
128,5,GUE001.A0101.SG1.1_10M.oral_gc_rl.tsv.gz
129,11,GUE001.A0101.SG1.1_10M.oral_gc_rl.tsv.gz
130,6,GUE001.A0101.SG1.1_10M.oral_gc_rl.tsv.gz
131,3,GUE001.A0101.SG1.1_10M.oral_gc_rl.tsv.gz
132,11,GUE001.A0101.SG1.1_10M.oral_gc_rl.tsv.gz
133,8,GUE001.A0101.SG1.1_10M.oral_gc_rl.tsv.gz
134,8,GUE001.A0101.SG1.1_10M.oral_gc_rl.tsv.gz
135,3,GUE001.A0101.SG1.1_10M.oral_gc_rl.tsv.gz
136,6,GUE001.A0101.SG1.1_10M.oral_gc_rl.tsv.gz
137,5,GUE001.A0101.SG1.1_10M.oral_gc_rl.tsv.gz
138,7,GUE001.A0101.SG1.1_10M.oral_gc_rl.tsv.gz
139,5,GUE001.A0101.SG1.1_10M.oral_gc_rl.tsv.gz
140,1,GUE001.A0101.SG1.1_10M.oral_gc_rl.tsv.gz
141,3,GUE001.A0101.SG1.1_10M.oral_gc_rl.tsv.gz
36,1,GUE001.A0102.SG1.4_10M.oral_gc_rl.tsv.gz
37,4,GUE001.A0102.SG1.4_10M.oral_gc_rl.tsv.gz
38,1,GUE001.A0102.SG1.4_10M.oral_gc_rl.tsv.gz
39,1,GUE001.A0102.SG1.4_10M.oral_gc_rl.tsv.gz
40,1,GUE001.A0102.SG1.4_10M.oral_gc_rl.tsv.gz
41,5,GUE001.A0102.SG1.4_10M.oral_gc_rl.tsv.gz
42,2,GUE001.A0102.SG1.4_10M.oral_gc_rl.tsv.gz
43,2,GUE001.A0102.SG1.4_10M.oral_gc_rl.tsv.gz
44,1,GUE001.A0102.SG1.4_10M.oral_gc_rl.tsv.gz
45,2,GUE001.A0102.SG1.4_10M.oral_gc_rl.tsv.gz
46,7,GUE001.A0102.SG1.4_10M.oral_gc_rl.tsv.gz
47,1,GUE001.A0102.SG1.4_10M.oral_gc_rl.tsv.gz
49,5,GUE001.A0102.SG1.4_10M.oral_gc_rl.tsv.gz
51,1,GUE001.A0102.SG1.4_10M.oral_gc_rl.tsv.gz
52,2,GUE001.A0102.SG1.4_10M.oral_gc_rl.tsv.gz
53,3,GUE001.A0102.SG1.4_10M.oral_gc_rl.tsv.gz
54,1,GUE001.A0102.SG1.4_10M.oral_gc_rl.tsv.gz
56,3,GUE001.A0102.SG1.4_10M.oral_gc_rl.tsv.gz
57,3,GUE001.A0102.SG1.4_10M.oral_gc_rl.tsv.gz
59,1,GUE001.A0102.SG1.4_10M.oral_gc_rl.tsv.gz
60,1,GUE001.A0102.SG1.4_10M.oral_gc_rl.tsv.gz
61,4,GUE001.A0102.SG1.4_10M.oral_gc_rl.tsv.gz
62,1,GUE001.A0102.SG1.4_10M.oral_gc_rl.tsv.gz
63,2,GUE001.A0102.SG1.4_10M.oral_gc_rl.tsv.gz
64,2,GUE001.A0102.SG1.4_10M.oral_gc_rl.tsv.gz
65,1,GUE001.A0102.SG1.4_10M.oral_gc_rl.tsv.gz
66,1,GUE001.A0102.SG1.4_10M.oral_gc_rl.tsv.gz
67,2,GUE001.A0102.SG1.4_10M.oral_gc_rl.tsv.gz
69,2,GUE001.A0102.SG1.4_10M.oral_gc_rl.tsv.gz
70,1,GUE001.A0102.SG1.4_10M.oral_gc_rl.tsv.gz
71,2,GUE001.A0102.SG1.4_10M.oral_gc_rl.tsv.gz
75,2,GUE001.A0102.SG1.4_10M.oral_gc_rl.tsv.gz
76,1,GUE001.A0102.SG1.4_10M.oral_gc_rl.tsv.gz
80,1,GUE001.A0102.SG1.4_10M.oral_gc_rl.tsv.gz
83,1,GUE001.A0102.SG1.4_10M.oral_gc_rl.tsv.gz
85,1,GUE001.A0102.SG1.4_10M.oral_gc_rl.tsv.gz
92,1,GUE001.A0102.SG1.4_10M.oral_gc_rl.tsv.gz
94,1,GUE001.A0102.SG1.4_10M.oral_gc_rl.tsv.gz
95,1,GUE001.A0102.SG1.4_10M.oral_gc_rl.tsv.gz
104,1,GUE001.A0102.SG1.4_10M.oral_gc_rl.tsv.gz
105,1,GUE001.A0102.SG1.4_10M.oral_gc_rl.tsv.gz
110,2,GUE001.A0102.SG1.4_10M.oral_gc_rl.tsv.gz
113,1,GUE001.A0102.SG1.4_10M.oral_gc_rl.tsv.gz
118,1,GUE001.A0102.SG1.4_10M.oral_gc_rl.tsv.gz
123,1,GUE001.A0102.SG1.4_10M.oral_gc_rl.tsv.gz
125,1,GUE001.A0102.SG1.4_10M.oral_gc_rl.tsv.gz
36,2434,PES001.B0101.SG1.3_10M.oral_gc_rl.tsv.gz
37,5274,PES001.B0101.SG1.3_10M.oral_gc_rl.tsv.gz
38,7496,PES001.B0101.SG1.3_10M.oral_gc_rl.tsv.gz
39,9561,PES001.B0101.SG1.3_10M.oral_gc_rl.tsv.gz
40,11783,PES001.B0101.SG1.3_10M.oral_gc_rl.tsv.gz
41,11922,PES001.B0101.SG1.3_10M.oral_gc_rl.tsv.gz
42,13533,PES001.B0101.SG1.3_10M.oral_gc_rl.tsv.gz
43,14224,PES001.B0101.SG1.3_10M.oral_gc_rl.tsv.gz
44,14957,PES001.B0101.SG1.3_10M.oral_gc_rl.tsv.gz
45,16524,PES001.B0101.SG1.3_10M.oral_gc_rl.tsv.gz
46,17383,PES001.B0101.SG1.3_10M.oral_gc_rl.tsv.gz
47,17843,PES001.B0101.SG1.3_10M.oral_gc_rl.tsv.gz
48,17338,PES001.B0101.SG1.3_10M.oral_gc_rl.tsv.gz
49,18097,PES001.B0101.SG1.3_10M.oral_gc_rl.tsv.gz
50,17760,PES001.B0101.SG1.3_10M.oral_gc_rl.tsv.gz
51,18826,PES001.B0101.SG1.3_10M.oral_gc_rl.tsv.gz
52,19087,PES001.B0101.SG1.3_10M.oral_gc_rl.tsv.gz
53,19441,PES001.B0101.SG1.3_10M.oral_gc_rl.tsv.gz
54,20149,PES001.B0101.SG1.3_10M.oral_gc_rl.tsv.gz
55,19207,PES001.B0101.SG1.3_10M.oral_gc_rl.tsv.gz
56,19049,PES001.B0101.SG1.3_10M.oral_gc_rl.tsv.gz
57,19432,PES001.B0101.SG1.3_10M.oral_gc_rl.tsv.gz
58,20040,PES001.B0101.SG1.3_10M.oral_gc_rl.tsv.gz
59,19702,PES001.B0101.SG1.3_10M.oral_gc_rl.tsv.gz
60,20054,PES001.B0101.SG1.3_10M.oral_gc_rl.tsv.gz
61,18970,PES001.B0101.SG1.3_10M.oral_gc_rl.tsv.gz
62,18552,PES001.B0101.SG1.3_10M.oral_gc_rl.tsv.gz
63,19123,PES001.B0101.SG1.3_10M.oral_gc_rl.tsv.gz
64,19411,PES001.B0101.SG1.3_10M.oral_gc_rl.tsv.gz
65,18809,PES001.B0101.SG1.3_10M.oral_gc_rl.tsv.gz
66,19406,PES001.B0101.SG1.3_10M.oral_gc_rl.tsv.gz
67,19537,PES001.B0101.SG1.3_10M.oral_gc_rl.tsv.gz
68,16070,PES001.B0101.SG1.3_10M.oral_gc_rl.tsv.gz
69,16766,PES001.B0101.SG1.3_10M.oral_gc_rl.tsv.gz
70,16923,PES001.B0101.SG1.3_10M.oral_gc_rl.tsv.gz
71,17329,PES001.B0101.SG1.3_10M.oral_gc_rl.tsv.gz
72,19938,PES001.B0101.SG1.3_10M.oral_gc_rl.tsv.gz
73,24086,PES001.B0101.SG1.3_10M.oral_gc_rl.tsv.gz
74,19911,PES001.B0101.SG1.3_10M.oral_gc_rl.tsv.gz
75,45611,PES001.B0101.SG1.3_10M.oral_gc_rl.tsv.gz
76,168592,PES001.B0101.SG1.3_10M.oral_gc_rl.tsv.gz
77,14546,PES001.B0101.SG1.3_10M.oral_gc_rl.tsv.gz
78,14637,PES001.B0101.SG1.3_10M.oral_gc_rl.tsv.gz
79,14502,PES001.B0101.SG1.3_10M.oral_gc_rl.tsv.gz
80,14077,PES001.B0101.SG1.3_10M.oral_gc_rl.tsv.gz
81,12892,PES001.B0101.SG1.3_10M.oral_gc_rl.tsv.gz
82,12975,PES001.B0101.SG1.3_10M.oral_gc_rl.tsv.gz
83,12537,PES001.B0101.SG1.3_10M.oral_gc_rl.tsv.gz
84,12755,PES001.B0101.SG1.3_10M.oral_gc_rl.tsv.gz
85,12789,PES001.B0101.SG1.3_10M.oral_gc_rl.tsv.gz
86,12346,PES001.B0101.SG1.3_10M.oral_gc_rl.tsv.gz
87,12743,PES001.B0101.SG1.3_10M.oral_gc_rl.tsv.gz
88,11141,PES001.B0101.SG1.3_10M.oral_gc_rl.tsv.gz
89,10724,PES001.B0101.SG1.3_10M.oral_gc_rl.tsv.gz
90,11147,PES001.B0101.SG1.3_10M.oral_gc_rl.tsv.gz
91,11119,PES001.B0101.SG1.3_10M.oral_gc_rl.tsv.gz
92,10434,PES001.B0101.SG1.3_10M.oral_gc_rl.tsv.gz
93,10685,PES001.B0101.SG1.3_10M.oral_gc_rl.tsv.gz
94,10739,PES001.B0101.SG1.3_10M.oral_gc_rl.tsv.gz
95,9450,PES001.B0101.SG1.3_10M.oral_gc_rl.tsv.gz
96,9465,PES001.B0101.SG1.3_10M.oral_gc_rl.tsv.gz
97,9447,PES001.B0101.SG1.3_10M.oral_gc_rl.tsv.gz
98,9002,PES001.B0101.SG1.3_10M.oral_gc_rl.tsv.gz
99,9152,PES001.B0101.SG1.3_10M.oral_gc_rl.tsv.gz
100,9112,PES001.B0101.SG1.3_10M.oral_gc_rl.tsv.gz
101,7925,PES001.B0101.SG1.3_10M.oral_gc_rl.tsv.gz
102,7902,PES001.B0101.SG1.3_10M.oral_gc_rl.tsv.gz
103,8020,PES001.B0101.SG1.3_10M.oral_gc_rl.tsv.gz
104,7634,PES001.B0101.SG1.3_10M.oral_gc_rl.tsv.gz
105,7799,PES001.B0101.SG1.3_10M.oral_gc_rl.tsv.gz
106,7642,PES001.B0101.SG1.3_10M.oral_gc_rl.tsv.gz
107,7315,PES001.B0101.SG1.3_10M.oral_gc_rl.tsv.gz
108,6721,PES001.B0101.SG1.3_10M.oral_gc_rl.tsv.gz
109,6816,PES001.B0101.SG1.3_10M.oral_gc_rl.tsv.gz
110,6196,PES001.B0101.SG1.3_10M.oral_gc_rl.tsv.gz
111,6484,PES001.B0101.SG1.3_10M.oral_gc_rl.tsv.gz
112,6387,PES001.B0101.SG1.3_10M.oral_gc_rl.tsv.gz
113,6313,PES001.B0101.SG1.3_10M.oral_gc_rl.tsv.gz
114,6361,PES001.B0101.SG1.3_10M.oral_gc_rl.tsv.gz
115,5680,PES001.B0101.SG1.3_10M.oral_gc_rl.tsv.gz
116,5559,PES001.B0101.SG1.3_10M.oral_gc_rl.tsv.gz
117,5612,PES001.B0101.SG1.3_10M.oral_gc_rl.tsv.gz
118,5360,PES001.B0101.SG1.3_10M.oral_gc_rl.tsv.gz
119,5194,PES001.B0101.SG1.3_10M.oral_gc_rl.tsv.gz
120,5204,PES001.B0101.SG1.3_10M.oral_gc_rl.tsv.gz
121,4797,PES001.B0101.SG1.3_10M.oral_gc_rl.tsv.gz
122,4506,PES001.B0101.SG1.3_10M.oral_gc_rl.tsv.gz
123,4447,PES001.B0101.SG1.3_10M.oral_gc_rl.tsv.gz
124,4446,PES001.B0101.SG1.3_10M.oral_gc_rl.tsv.gz
125,4341,PES001.B0101.SG1.3_10M.oral_gc_rl.tsv.gz
126,4413,PES001.B0101.SG1.3_10M.oral_gc_rl.tsv.gz
127,4330,PES001.B0101.SG1.3_10M.oral_gc_rl.tsv.gz
128,3823,PES001.B0101.SG1.3_10M.oral_gc_rl.tsv.gz
129,3896,PES001.B0101.SG1.3_10M.oral_gc_rl.tsv.gz
130,3756,PES001.B0101.SG1.3_10M.oral_gc_rl.tsv.gz
131,3637,PES001.B0101.SG1.3_10M.oral_gc_rl.tsv.gz
132,3698,PES001.B0101.SG1.3_10M.oral_gc_rl.tsv.gz
133,3665,PES001.B0101.SG1.3_10M.oral_gc_rl.tsv.gz
134,3451,PES001.B0101.SG1.3_10M.oral_gc_rl.tsv.gz
135,3249,PES001.B0101.SG1.3_10M.oral_gc_rl.tsv.gz
136,3209,PES001.B0101.SG1.3_10M.oral_gc_rl.tsv.gz
137,3082,PES001.B0101.SG1.3_10M.oral_gc_rl.tsv.gz
138,3058,PES001.B0101.SG1.3_10M.oral_gc_rl.tsv.gz
139,2966,PES001.B0101.SG1.3_10M.oral_gc_rl.tsv.gz
140,2941,PES001.B0101.SG1.3_10M.oral_gc_rl.tsv.gz
141,2566,PES001.B0101.SG1.3_10M.oral_gc_rl.tsv.gz
36,3864,PES001.B0102.SG1.5_10M.oral_gc_rl.tsv.gz
37,7452,PES001.B0102.SG1.5_10M.oral_gc_rl.tsv.gz
38,10197,PES001.B0102.SG1.5_10M.oral_gc_rl.tsv.gz
39,11846,PES001.B0102.SG1.5_10M.oral_gc_rl.tsv.gz
40,14020,PES001.B0102.SG1.5_10M.oral_gc_rl.tsv.gz
41,13892,PES001.B0102.SG1.5_10M.oral_gc_rl.tsv.gz
42,13619,PES001.B0102.SG1.5_10M.oral_gc_rl.tsv.gz
43,14506,PES001.B0102.SG1.5_10M.oral_gc_rl.tsv.gz
44,14910,PES001.B0102.SG1.5_10M.oral_gc_rl.tsv.gz
45,14398,PES001.B0102.SG1.5_10M.oral_gc_rl.tsv.gz
46,14880,PES001.B0102.SG1.5_10M.oral_gc_rl.tsv.gz
47,15049,PES001.B0102.SG1.5_10M.oral_gc_rl.tsv.gz
48,13584,PES001.B0102.SG1.5_10M.oral_gc_rl.tsv.gz
49,13914,PES001.B0102.SG1.5_10M.oral_gc_rl.tsv.gz
50,13907,PES001.B0102.SG1.5_10M.oral_gc_rl.tsv.gz
51,13458,PES001.B0102.SG1.5_10M.oral_gc_rl.tsv.gz
52,13425,PES001.B0102.SG1.5_10M.oral_gc_rl.tsv.gz
53,13260,PES001.B0102.SG1.5_10M.oral_gc_rl.tsv.gz
54,12771,PES001.B0102.SG1.5_10M.oral_gc_rl.tsv.gz
55,12151,PES001.B0102.SG1.5_10M.oral_gc_rl.tsv.gz
56,12009,PES001.B0102.SG1.5_10M.oral_gc_rl.tsv.gz
57,11607,PES001.B0102.SG1.5_10M.oral_gc_rl.tsv.gz
58,11506,PES001.B0102.SG1.5_10M.oral_gc_rl.tsv.gz
59,11591,PES001.B0102.SG1.5_10M.oral_gc_rl.tsv.gz
60,10949,PES001.B0102.SG1.5_10M.oral_gc_rl.tsv.gz
61,10218,PES001.B0102.SG1.5_10M.oral_gc_rl.tsv.gz
62,10265,PES001.B0102.SG1.5_10M.oral_gc_rl.tsv.gz
63,9572,PES001.B0102.SG1.5_10M.oral_gc_rl.tsv.gz
64,9792,PES001.B0102.SG1.5_10M.oral_gc_rl.tsv.gz
65,9645,PES001.B0102.SG1.5_10M.oral_gc_rl.tsv.gz
66,9198,PES001.B0102.SG1.5_10M.oral_gc_rl.tsv.gz
67,9292,PES001.B0102.SG1.5_10M.oral_gc_rl.tsv.gz
68,7796,PES001.B0102.SG1.5_10M.oral_gc_rl.tsv.gz
69,7580,PES001.B0102.SG1.5_10M.oral_gc_rl.tsv.gz
70,7446,PES001.B0102.SG1.5_10M.oral_gc_rl.tsv.gz
71,7880,PES001.B0102.SG1.5_10M.oral_gc_rl.tsv.gz
72,8233,PES001.B0102.SG1.5_10M.oral_gc_rl.tsv.gz
73,10581,PES001.B0102.SG1.5_10M.oral_gc_rl.tsv.gz
74,7378,PES001.B0102.SG1.5_10M.oral_gc_rl.tsv.gz
75,8485,PES001.B0102.SG1.5_10M.oral_gc_rl.tsv.gz
76,34463,PES001.B0102.SG1.5_10M.oral_gc_rl.tsv.gz
77,6045,PES001.B0102.SG1.5_10M.oral_gc_rl.tsv.gz
78,5724,PES001.B0102.SG1.5_10M.oral_gc_rl.tsv.gz
79,5649,PES001.B0102.SG1.5_10M.oral_gc_rl.tsv.gz
80,5630,PES001.B0102.SG1.5_10M.oral_gc_rl.tsv.gz
81,4720,PES001.B0102.SG1.5_10M.oral_gc_rl.tsv.gz
82,4837,PES001.B0102.SG1.5_10M.oral_gc_rl.tsv.gz
83,4817,PES001.B0102.SG1.5_10M.oral_gc_rl.tsv.gz
84,4403,PES001.B0102.SG1.5_10M.oral_gc_rl.tsv.gz
85,4441,PES001.B0102.SG1.5_10M.oral_gc_rl.tsv.gz
86,4249,PES001.B0102.SG1.5_10M.oral_gc_rl.tsv.gz
87,4178,PES001.B0102.SG1.5_10M.oral_gc_rl.tsv.gz
88,3839,PES001.B0102.SG1.5_10M.oral_gc_rl.tsv.gz
89,3804,PES001.B0102.SG1.5_10M.oral_gc_rl.tsv.gz
90,3557,PES001.B0102.SG1.5_10M.oral_gc_rl.tsv.gz
91,3515,PES001.B0102.SG1.5_10M.oral_gc_rl.tsv.gz
92,3531,PES001.B0102.SG1.5_10M.oral_gc_rl.tsv.gz
93,3271,PES001.B0102.SG1.5_10M.oral_gc_rl.tsv.gz
94,3302,PES001.B0102.SG1.5_10M.oral_gc_rl.tsv.gz
95,3050,PES001.B0102.SG1.5_10M.oral_gc_rl.tsv.gz
96,2880,PES001.B0102.SG1.5_10M.oral_gc_rl.tsv.gz
97,2842,PES001.B0102.SG1.5_10M.oral_gc_rl.tsv.gz
98,2776,PES001.B0102.SG1.5_10M.oral_gc_rl.tsv.gz
99,2617,PES001.B0102.SG1.5_10M.oral_gc_rl.tsv.gz
100,2600,PES001.B0102.SG1.5_10M.oral_gc_rl.tsv.gz
101,2368,PES001.B0102.SG1.5_10M.oral_gc_rl.tsv.gz
102,2214,PES001.B0102.SG1.5_10M.oral_gc_rl.tsv.gz
103,2242,PES001.B0102.SG1.5_10M.oral_gc_rl.tsv.gz
104,2072,PES001.B0102.SG1.5_10M.oral_gc_rl.tsv.gz
105,1994,PES001.B0102.SG1.5_10M.oral_gc_rl.tsv.gz
106,2006,PES001.B0102.SG1.5_10M.oral_gc_rl.tsv.gz
107,1868,PES001.B0102.SG1.5_10M.oral_gc_rl.tsv.gz
108,1731,PES001.B0102.SG1.5_10M.oral_gc_rl.tsv.gz
109,1836,PES001.B0102.SG1.5_10M.oral_gc_rl.tsv.gz
110,1660,PES001.B0102.SG1.5_10M.oral_gc_rl.tsv.gz
111,1679,PES001.B0102.SG1.5_10M.oral_gc_rl.tsv.gz
112,1697,PES001.B0102.SG1.5_10M.oral_gc_rl.tsv.gz
113,1609,PES001.B0102.SG1.5_10M.oral_gc_rl.tsv.gz
114,1404,PES001.B0102.SG1.5_10M.oral_gc_rl.tsv.gz
115,1423,PES001.B0102.SG1.5_10M.oral_gc_rl.tsv.gz
116,1310,PES001.B0102.SG1.5_10M.oral_gc_rl.tsv.gz
117,1311,PES001.B0102.SG1.5_10M.oral_gc_rl.tsv.gz
118,1264,PES001.B0102.SG1.5_10M.oral_gc_rl.tsv.gz
119,1360,PES001.B0102.SG1.5_10M.oral_gc_rl.tsv.gz
120,1204,PES001.B0102.SG1.5_10M.oral_gc_rl.tsv.gz
121,1063,PES001.B0102.SG1.5_10M.oral_gc_rl.tsv.gz
122,1093,PES001.B0102.SG1.5_10M.oral_gc_rl.tsv.gz
123,1022,PES001.B0102.SG1.5_10M.oral_gc_rl.tsv.gz
124,1032,PES001.B0102.SG1.5_10M.oral_gc_rl.tsv.gz
125,938,PES001.B0102.SG1.5_10M.oral_gc_rl.tsv.gz
126,960,PES001.B0102.SG1.5_10M.oral_gc_rl.tsv.gz
127,924,PES001.B0102.SG1.5_10M.oral_gc_rl.tsv.gz
128,858,PES001.B0102.SG1.5_10M.oral_gc_rl.tsv.gz
129,821,PES001.B0102.SG1.5_10M.oral_gc_rl.tsv.gz
130,839,PES001.B0102.SG1.5_10M.oral_gc_rl.tsv.gz
131,804,PES001.B0102.SG1.5_10M.oral_gc_rl.tsv.gz
132,730,PES001.B0102.SG1.5_10M.oral_gc_rl.tsv.gz
133,743,PES001.B0102.SG1.5_10M.oral_gc_rl.tsv.gz
134,746,PES001.B0102.SG1.5_10M.oral_gc_rl.tsv.gz
135,657,PES001.B0102.SG1.5_10M.oral_gc_rl.tsv.gz
136,675,PES001.B0102.SG1.5_10M.oral_gc_rl.tsv.gz
137,653,PES001.B0102.SG1.5_10M.oral_gc_rl.tsv.gz
138,592,PES001.B0102.SG1.5_10M.oral_gc_rl.tsv.gz
139,550,PES001.B0102.SG1.5_10M.oral_gc_rl.tsv.gz
140,561,PES001.B0102.SG1.5_10M.oral_gc_rl.tsv.gz
141,424,PES001.B0102.SG1.5_10M.oral_gc_rl.tsv.gz
36,6,SPM002.A0101.SG1.1_10M.oral_gc_rl.tsv.gz
37,22,SPM002.A0101.SG1.1_10M.oral_gc_rl.tsv.gz
38,9,SPM002.A0101.SG1.1_10M.oral_gc_rl.tsv.gz
39,34,SPM002.A0101.SG1.1_10M.oral_gc_rl.tsv.gz
40,14,SPM002.A0101.SG1.1_10M.oral_gc_rl.tsv.gz
41,23,SPM002.A0101.SG1.1_10M.oral_gc_rl.tsv.gz
42,36,SPM002.A0101.SG1.1_10M.oral_gc_rl.tsv.gz
43,18,SPM002.A0101.SG1.1_10M.oral_gc_rl.tsv.gz
44,42,SPM002.A0101.SG1.1_10M.oral_gc_rl.tsv.gz
45,39,SPM002.A0101.SG1.1_10M.oral_gc_rl.tsv.gz
46,38,SPM002.A0101.SG1.1_10M.oral_gc_rl.tsv.gz
47,43,SPM002.A0101.SG1.1_10M.oral_gc_rl.tsv.gz
48,10,SPM002.A0101.SG1.1_10M.oral_gc_rl.tsv.gz
49,38,SPM002.A0101.SG1.1_10M.oral_gc_rl.tsv.gz
50,23,SPM002.A0101.SG1.1_10M.oral_gc_rl.tsv.gz
51,36,SPM002.A0101.SG1.1_10M.oral_gc_rl.tsv.gz
52,30,SPM002.A0101.SG1.1_10M.oral_gc_rl.tsv.gz
53,39,SPM002.A0101.SG1.1_10M.oral_gc_rl.tsv.gz
54,53,SPM002.A0101.SG1.1_10M.oral_gc_rl.tsv.gz
55,42,SPM002.A0101.SG1.1_10M.oral_gc_rl.tsv.gz
56,47,SPM002.A0101.SG1.1_10M.oral_gc_rl.tsv.gz
57,37,SPM002.A0101.SG1.1_10M.oral_gc_rl.tsv.gz
58,49,SPM002.A0101.SG1.1_10M.oral_gc_rl.tsv.gz
59,47,SPM002.A0101.SG1.1_10M.oral_gc_rl.tsv.gz
60,46,SPM002.A0101.SG1.1_10M.oral_gc_rl.tsv.gz
61,47,SPM002.A0101.SG1.1_10M.oral_gc_rl.tsv.gz
62,65,SPM002.A0101.SG1.1_10M.oral_gc_rl.tsv.gz
63,31,SPM002.A0101.SG1.1_10M.oral_gc_rl.tsv.gz
64,41,SPM002.A0101.SG1.1_10M.oral_gc_rl.tsv.gz
65,57,SPM002.A0101.SG1.1_10M.oral_gc_rl.tsv.gz
66,59,SPM002.A0101.SG1.1_10M.oral_gc_rl.tsv.gz
67,39,SPM002.A0101.SG1.1_10M.oral_gc_rl.tsv.gz
68,46,SPM002.A0101.SG1.1_10M.oral_gc_rl.tsv.gz
69,46,SPM002.A0101.SG1.1_10M.oral_gc_rl.tsv.gz
70,61,SPM002.A0101.SG1.1_10M.oral_gc_rl.tsv.gz
71,86,SPM002.A0101.SG1.1_10M.oral_gc_rl.tsv.gz
72,122,SPM002.A0101.SG1.1_10M.oral_gc_rl.tsv.gz
73,171,SPM002.A0101.SG1.1_10M.oral_gc_rl.tsv.gz
74,237,SPM002.A0101.SG1.1_10M.oral_gc_rl.tsv.gz
75,704,SPM002.A0101.SG1.1_10M.oral_gc_rl.tsv.gz
76,1602,SPM002.A0101.SG1.1_10M.oral_gc_rl.tsv.gz
77,49,SPM002.A0101.SG1.1_10M.oral_gc_rl.tsv.gz
78,54,SPM002.A0101.SG1.1_10M.oral_gc_rl.tsv.gz
79,39,SPM002.A0101.SG1.1_10M.oral_gc_rl.tsv.gz
80,29,SPM002.A0101.SG1.1_10M.oral_gc_rl.tsv.gz
81,62,SPM002.A0101.SG1.1_10M.oral_gc_rl.tsv.gz
82,43,SPM002.A0101.SG1.1_10M.oral_gc_rl.tsv.gz
83,27,SPM002.A0101.SG1.1_10M.oral_gc_rl.tsv.gz
84,58,SPM002.A0101.SG1.1_10M.oral_gc_rl.tsv.gz
85,30,SPM002.A0101.SG1.1_10M.oral_gc_rl.tsv.gz
86,44,SPM002.A0101.SG1.1_10M.oral_gc_rl.tsv.gz
87,65,SPM002.A0101.SG1.1_10M.oral_gc_rl.tsv.gz
88,38,SPM002.A0101.SG1.1_10M.oral_gc_rl.tsv.gz
89,64,SPM002.A0101.SG1.1_10M.oral_gc_rl.tsv.gz
90,33,SPM002.A0101.SG1.1_10M.oral_gc_rl.tsv.gz
91,38,SPM002.A0101.SG1.1_10M.oral_gc_rl.tsv.gz
92,73,SPM002.A0101.SG1.1_10M.oral_gc_rl.tsv.gz
93,41,SPM002.A0101.SG1.1_10M.oral_gc_rl.tsv.gz
94,38,SPM002.A0101.SG1.1_10M.oral_gc_rl.tsv.gz
95,68,SPM002.A0101.SG1.1_10M.oral_gc_rl.tsv.gz
96,39,SPM002.A0101.SG1.1_10M.oral_gc_rl.tsv.gz
97,42,SPM002.A0101.SG1.1_10M.oral_gc_rl.tsv.gz
98,36,SPM002.A0101.SG1.1_10M.oral_gc_rl.tsv.gz
99,55,SPM002.A0101.SG1.1_10M.oral_gc_rl.tsv.gz
100,31,SPM002.A0101.SG1.1_10M.oral_gc_rl.tsv.gz
101,63,SPM002.A0101.SG1.1_10M.oral_gc_rl.tsv.gz
102,55,SPM002.A0101.SG1.1_10M.oral_gc_rl.tsv.gz
103,45,SPM002.A0101.SG1.1_10M.oral_gc_rl.tsv.gz
104,53,SPM002.A0101.SG1.1_10M.oral_gc_rl.tsv.gz
105,39,SPM002.A0101.SG1.1_10M.oral_gc_rl.tsv.gz
106,27,SPM002.A0101.SG1.1_10M.oral_gc_rl.tsv.gz
107,76,SPM002.A0101.SG1.1_10M.oral_gc_rl.tsv.gz
108,43,SPM002.A0101.SG1.1_10M.oral_gc_rl.tsv.gz
109,26,SPM002.A0101.SG1.1_10M.oral_gc_rl.tsv.gz
110,28,SPM002.A0101.SG1.1_10M.oral_gc_rl.tsv.gz
111,30,SPM002.A0101.SG1.1_10M.oral_gc_rl.tsv.gz
112,64,SPM002.A0101.SG1.1_10M.oral_gc_rl.tsv.gz
113,62,SPM002.A0101.SG1.1_10M.oral_gc_rl.tsv.gz
114,50,SPM002.A0101.SG1.1_10M.oral_gc_rl.tsv.gz
115,34,SPM002.A0101.SG1.1_10M.oral_gc_rl.tsv.gz
116,25,SPM002.A0101.SG1.1_10M.oral_gc_rl.tsv.gz
117,28,SPM002.A0101.SG1.1_10M.oral_gc_rl.tsv.gz
118,20,SPM002.A0101.SG1.1_10M.oral_gc_rl.tsv.gz
119,50,SPM002.A0101.SG1.1_10M.oral_gc_rl.tsv.gz
120,38,SPM002.A0101.SG1.1_10M.oral_gc_rl.tsv.gz
121,31,SPM002.A0101.SG1.1_10M.oral_gc_rl.tsv.gz
122,49,SPM002.A0101.SG1.1_10M.oral_gc_rl.tsv.gz
123,38,SPM002.A0101.SG1.1_10M.oral_gc_rl.tsv.gz
124,19,SPM002.A0101.SG1.1_10M.oral_gc_rl.tsv.gz
125,33,SPM002.A0101.SG1.1_10M.oral_gc_rl.tsv.gz
126,21,SPM002.A0101.SG1.1_10M.oral_gc_rl.tsv.gz
127,20,SPM002.A0101.SG1.1_10M.oral_gc_rl.tsv.gz
128,35,SPM002.A0101.SG1.1_10M.oral_gc_rl.tsv.gz
129,41,SPM002.A0101.SG1.1_10M.oral_gc_rl.tsv.gz
130,20,SPM002.A0101.SG1.1_10M.oral_gc_rl.tsv.gz
131,30,SPM002.A0101.SG1.1_10M.oral_gc_rl.tsv.gz
132,44,SPM002.A0101.SG1.1_10M.oral_gc_rl.tsv.gz
133,20,SPM002.A0101.SG1.1_10M.oral_gc_rl.tsv.gz
134,26,SPM002.A0101.SG1.1_10M.oral_gc_rl.tsv.gz
135,32,SPM002.A0101.SG1.1_10M.oral_gc_rl.tsv.gz
136,34,SPM002.A0101.SG1.1_10M.oral_gc_rl.tsv.gz
137,25,SPM002.A0101.SG1.1_10M.oral_gc_rl.tsv.gz
138,32,SPM002.A0101.SG1.1_10M.oral_gc_rl.tsv.gz
139,27,SPM002.A0101.SG1.1_10M.oral_gc_rl.tsv.gz
140,31,SPM002.A0101.SG1.1_10M.oral_gc_rl.tsv.gz
141,25,SPM002.A0101.SG1.1_10M.oral_gc_rl.tsv.gz
36,3,SPM002.A0103.SG1.4_10M.oral_gc_rl.tsv.gz
37,12,SPM002.A0103.SG1.4_10M.oral_gc_rl.tsv.gz
38,21,SPM002.A0103.SG1.4_10M.oral_gc_rl.tsv.gz
39,24,SPM002.A0103.SG1.4_10M.oral_gc_rl.tsv.gz
40,23,SPM002.A0103.SG1.4_10M.oral_gc_rl.tsv.gz
41,17,SPM002.A0103.SG1.4_10M.oral_gc_rl.tsv.gz
42,21,SPM002.A0103.SG1.4_10M.oral_gc_rl.tsv.gz
43,15,SPM002.A0103.SG1.4_10M.oral_gc_rl.tsv.gz
44,12,SPM002.A0103.SG1.4_10M.oral_gc_rl.tsv.gz
45,12,SPM002.A0103.SG1.4_10M.oral_gc_rl.tsv.gz
46,24,SPM002.A0103.SG1.4_10M.oral_gc_rl.tsv.gz
47,20,SPM002.A0103.SG1.4_10M.oral_gc_rl.tsv.gz
48,19,SPM002.A0103.SG1.4_10M.oral_gc_rl.tsv.gz
49,21,SPM002.A0103.SG1.4_10M.oral_gc_rl.tsv.gz
50,13,SPM002.A0103.SG1.4_10M.oral_gc_rl.tsv.gz
51,18,SPM002.A0103.SG1.4_10M.oral_gc_rl.tsv.gz
52,16,SPM002.A0103.SG1.4_10M.oral_gc_rl.tsv.gz
53,14,SPM002.A0103.SG1.4_10M.oral_gc_rl.tsv.gz
54,13,SPM002.A0103.SG1.4_10M.oral_gc_rl.tsv.gz
55,11,SPM002.A0103.SG1.4_10M.oral_gc_rl.tsv.gz
56,9,SPM002.A0103.SG1.4_10M.oral_gc_rl.tsv.gz
57,15,SPM002.A0103.SG1.4_10M.oral_gc_rl.tsv.gz
58,7,SPM002.A0103.SG1.4_10M.oral_gc_rl.tsv.gz
59,16,SPM002.A0103.SG1.4_10M.oral_gc_rl.tsv.gz
60,11,SPM002.A0103.SG1.4_10M.oral_gc_rl.tsv.gz
61,9,SPM002.A0103.SG1.4_10M.oral_gc_rl.tsv.gz
62,9,SPM002.A0103.SG1.4_10M.oral_gc_rl.tsv.gz
63,16,SPM002.A0103.SG1.4_10M.oral_gc_rl.tsv.gz
64,9,SPM002.A0103.SG1.4_10M.oral_gc_rl.tsv.gz
65,9,SPM002.A0103.SG1.4_10M.oral_gc_rl.tsv.gz
66,7,SPM002.A0103.SG1.4_10M.oral_gc_rl.tsv.gz
67,10,SPM002.A0103.SG1.4_10M.oral_gc_rl.tsv.gz
68,3,SPM002.A0103.SG1.4_10M.oral_gc_rl.tsv.gz
69,4,SPM002.A0103.SG1.4_10M.oral_gc_rl.tsv.gz
70,4,SPM002.A0103.SG1.4_10M.oral_gc_rl.tsv.gz
71,10,SPM002.A0103.SG1.4_10M.oral_gc_rl.tsv.gz
72,10,SPM002.A0103.SG1.4_10M.oral_gc_rl.tsv.gz
73,15,SPM002.A0103.SG1.4_10M.oral_gc_rl.tsv.gz
74,5,SPM002.A0103.SG1.4_10M.oral_gc_rl.tsv.gz
75,11,SPM002.A0103.SG1.4_10M.oral_gc_rl.tsv.gz
76,58,SPM002.A0103.SG1.4_10M.oral_gc_rl.tsv.gz
77,3,SPM002.A0103.SG1.4_10M.oral_gc_rl.tsv.gz
78,9,SPM002.A0103.SG1.4_10M.oral_gc_rl.tsv.gz
79,3,SPM002.A0103.SG1.4_10M.oral_gc_rl.tsv.gz
80,6,SPM002.A0103.SG1.4_10M.oral_gc_rl.tsv.gz
81,4,SPM002.A0103.SG1.4_10M.oral_gc_rl.tsv.gz
82,4,SPM002.A0103.SG1.4_10M.oral_gc_rl.tsv.gz
83,4,SPM002.A0103.SG1.4_10M.oral_gc_rl.tsv.gz
84,3,SPM002.A0103.SG1.4_10M.oral_gc_rl.tsv.gz
85,7,SPM002.A0103.SG1.4_10M.oral_gc_rl.tsv.gz
86,4,SPM002.A0103.SG1.4_10M.oral_gc_rl.tsv.gz
87,1,SPM002.A0103.SG1.4_10M.oral_gc_rl.tsv.gz
88,5,SPM002.A0103.SG1.4_10M.oral_gc_rl.tsv.gz
89,2,SPM002.A0103.SG1.4_10M.oral_gc_rl.tsv.gz
90,4,SPM002.A0103.SG1.4_10M.oral_gc_rl.tsv.gz
91,1,SPM002.A0103.SG1.4_10M.oral_gc_rl.tsv.gz
92,4,SPM002.A0103.SG1.4_10M.oral_gc_rl.tsv.gz
93,2,SPM002.A0103.SG1.4_10M.oral_gc_rl.tsv.gz
94,2,SPM002.A0103.SG1.4_10M.oral_gc_rl.tsv.gz
95,2,SPM002.A0103.SG1.4_10M.oral_gc_rl.tsv.gz
97,2,SPM002.A0103.SG1.4_10M.oral_gc_rl.tsv.gz
98,3,SPM002.A0103.SG1.4_10M.oral_gc_rl.tsv.gz
99,2,SPM002.A0103.SG1.4_10M.oral_gc_rl.tsv.gz
100,5,SPM002.A0103.SG1.4_10M.oral_gc_rl.tsv.gz
101,1,SPM002.A0103.SG1.4_10M.oral_gc_rl.tsv.gz
102,5,SPM002.A0103.SG1.4_10M.oral_gc_rl.tsv.gz
103,1,SPM002.A0103.SG1.4_10M.oral_gc_rl.tsv.gz
104,5,SPM002.A0103.SG1.4_10M.oral_gc_rl.tsv.gz
105,2,SPM002.A0103.SG1.4_10M.oral_gc_rl.tsv.gz
106,3,SPM002.A0103.SG1.4_10M.oral_gc_rl.tsv.gz
107,4,SPM002.A0103.SG1.4_10M.oral_gc_rl.tsv.gz
108,2,SPM002.A0103.SG1.4_10M.oral_gc_rl.tsv.gz
109,1,SPM002.A0103.SG1.4_10M.oral_gc_rl.tsv.gz
110,2,SPM002.A0103.SG1.4_10M.oral_gc_rl.tsv.gz
111,2,SPM002.A0103.SG1.4_10M.oral_gc_rl.tsv.gz
113,1,SPM002.A0103.SG1.4_10M.oral_gc_rl.tsv.gz
114,5,SPM002.A0103.SG1.4_10M.oral_gc_rl.tsv.gz
115,1,SPM002.A0103.SG1.4_10M.oral_gc_rl.tsv.gz
117,3,SPM002.A0103.SG1.4_10M.oral_gc_rl.tsv.gz
118,2,SPM002.A0103.SG1.4_10M.oral_gc_rl.tsv.gz
119,4,SPM002.A0103.SG1.4_10M.oral_gc_rl.tsv.gz
120,1,SPM002.A0103.SG1.4_10M.oral_gc_rl.tsv.gz
121,1,SPM002.A0103.SG1.4_10M.oral_gc_rl.tsv.gz
122,1,SPM002.A0103.SG1.4_10M.oral_gc_rl.tsv.gz
123,1,SPM002.A0103.SG1.4_10M.oral_gc_rl.tsv.gz
127,1,SPM002.A0103.SG1.4_10M.oral_gc_rl.tsv.gz
128,1,SPM002.A0103.SG1.4_10M.oral_gc_rl.tsv.gz
129,3,SPM002.A0103.SG1.4_10M.oral_gc_rl.tsv.gz
130,4,SPM002.A0103.SG1.4_10M.oral_gc_rl.tsv.gz
131,1,SPM002.A0103.SG1.4_10M.oral_gc_rl.tsv.gz
132,5,SPM002.A0103.SG1.4_10M.oral_gc_rl.tsv.gz
134,1,SPM002.A0103.SG1.4_10M.oral_gc_rl.tsv.gz
135,1,SPM002.A0103.SG1.4_10M.oral_gc_rl.tsv.gz
137,1,SPM002.A0103.SG1.4_10M.oral_gc_rl.tsv.gz
139,2,SPM002.A0103.SG1.4_10M.oral_gc_rl.tsv.gz
140,2,SPM002.A0103.SG1.4_10M.oral_gc_rl.tsv.gz
36,3929,VLD001.A0101.SG1.1_10M.oral_gc_rl.tsv.gz
37,7772,VLD001.A0101.SG1.1_10M.oral_gc_rl.tsv.gz
38,10780,VLD001.A0101.SG1.1_10M.oral_gc_rl.tsv.gz
39,12885,VLD001.A0101.SG1.1_10M.oral_gc_rl.tsv.gz
40,15055,VLD001.A0101.SG1.1_10M.oral_gc_rl.tsv.gz
41,14723,VLD001.A0101.SG1.1_10M.oral_gc_rl.tsv.gz
42,15555,VLD001.A0101.SG1.1_10M.oral_gc_rl.tsv.gz
43,16015,VLD001.A0101.SG1.1_10M.oral_gc_rl.tsv.gz
44,16324,VLD001.A0101.SG1.1_10M.oral_gc_rl.tsv.gz
45,16533,VLD001.A0101.SG1.1_10M.oral_gc_rl.tsv.gz
46,16807,VLD001.A0101.SG1.1_10M.oral_gc_rl.tsv.gz
47,16855,VLD001.A0101.SG1.1_10M.oral_gc_rl.tsv.gz
48,15827,VLD001.A0101.SG1.1_10M.oral_gc_rl.tsv.gz
49,15676,VLD001.A0101.SG1.1_10M.oral_gc_rl.tsv.gz
50,15268,VLD001.A0101.SG1.1_10M.oral_gc_rl.tsv.gz
51,15303,VLD001.A0101.SG1.1_10M.oral_gc_rl.tsv.gz
52,15468,VLD001.A0101.SG1.1_10M.oral_gc_rl.tsv.gz
53,14547,VLD001.A0101.SG1.1_10M.oral_gc_rl.tsv.gz
54,14601,VLD001.A0101.SG1.1_10M.oral_gc_rl.tsv.gz
55,13826,VLD001.A0101.SG1.1_10M.oral_gc_rl.tsv.gz
56,12952,VLD001.A0101.SG1.1_10M.oral_gc_rl.tsv.gz
57,12837,VLD001.A0101.SG1.1_10M.oral_gc_rl.tsv.gz
58,12647,VLD001.A0101.SG1.1_10M.oral_gc_rl.tsv.gz
59,11954,VLD001.A0101.SG1.1_10M.oral_gc_rl.tsv.gz
60,11957,VLD001.A0101.SG1.1_10M.oral_gc_rl.tsv.gz
61,10906,VLD001.A0101.SG1.1_10M.oral_gc_rl.tsv.gz
62,10417,VLD001.A0101.SG1.1_10M.oral_gc_rl.tsv.gz
63,10461,VLD001.A0101.SG1.1_10M.oral_gc_rl.tsv.gz
64,9890,VLD001.A0101.SG1.1_10M.oral_gc_rl.tsv.gz
65,9721,VLD001.A0101.SG1.1_10M.oral_gc_rl.tsv.gz
66,9545,VLD001.A0101.SG1.1_10M.oral_gc_rl.tsv.gz
67,9139,VLD001.A0101.SG1.1_10M.oral_gc_rl.tsv.gz
68,7807,VLD001.A0101.SG1.1_10M.oral_gc_rl.tsv.gz
69,7733,VLD001.A0101.SG1.1_10M.oral_gc_rl.tsv.gz
70,7596,VLD001.A0101.SG1.1_10M.oral_gc_rl.tsv.gz
71,7301,VLD001.A0101.SG1.1_10M.oral_gc_rl.tsv.gz
72,7287,VLD001.A0101.SG1.1_10M.oral_gc_rl.tsv.gz
73,7271,VLD001.A0101.SG1.1_10M.oral_gc_rl.tsv.gz
74,7143,VLD001.A0101.SG1.1_10M.oral_gc_rl.tsv.gz
75,8763,VLD001.A0101.SG1.1_10M.oral_gc_rl.tsv.gz
76,13961,VLD001.A0101.SG1.1_10M.oral_gc_rl.tsv.gz
77,5382,VLD001.A0101.SG1.1_10M.oral_gc_rl.tsv.gz
78,5294,VLD001.A0101.SG1.1_10M.oral_gc_rl.tsv.gz
79,5025,VLD001.A0101.SG1.1_10M.oral_gc_rl.tsv.gz
80,4686,VLD001.A0101.SG1.1_10M.oral_gc_rl.tsv.gz
81,4217,VLD001.A0101.SG1.1_10M.oral_gc_rl.tsv.gz
82,4170,VLD001.A0101.SG1.1_10M.oral_gc_rl.tsv.gz
83,4023,VLD001.A0101.SG1.1_10M.oral_gc_rl.tsv.gz
84,3890,VLD001.A0101.SG1.1_10M.oral_gc_rl.tsv.gz
85,3793,VLD001.A0101.SG1.1_10M.oral_gc_rl.tsv.gz
86,3532,VLD001.A0101.SG1.1_10M.oral_gc_rl.tsv.gz
87,3535,VLD001.A0101.SG1.1_10M.oral_gc_rl.tsv.gz
88,3218,VLD001.A0101.SG1.1_10M.oral_gc_rl.tsv.gz
89,3028,VLD001.A0101.SG1.1_10M.oral_gc_rl.tsv.gz
90,2965,VLD001.A0101.SG1.1_10M.oral_gc_rl.tsv.gz
91,2824,VLD001.A0101.SG1.1_10M.oral_gc_rl.tsv.gz
92,2788,VLD001.A0101.SG1.1_10M.oral_gc_rl.tsv.gz
93,2628,VLD001.A0101.SG1.1_10M.oral_gc_rl.tsv.gz
94,2495,VLD001.A0101.SG1.1_10M.oral_gc_rl.tsv.gz
95,2369,VLD001.A0101.SG1.1_10M.oral_gc_rl.tsv.gz
96,2250,VLD001.A0101.SG1.1_10M.oral_gc_rl.tsv.gz
97,2115,VLD001.A0101.SG1.1_10M.oral_gc_rl.tsv.gz
98,2088,VLD001.A0101.SG1.1_10M.oral_gc_rl.tsv.gz
99,1966,VLD001.A0101.SG1.1_10M.oral_gc_rl.tsv.gz
100,1922,VLD001.A0101.SG1.1_10M.oral_gc_rl.tsv.gz
101,1708,VLD001.A0101.SG1.1_10M.oral_gc_rl.tsv.gz
102,1624,VLD001.A0101.SG1.1_10M.oral_gc_rl.tsv.gz
103,1582,VLD001.A0101.SG1.1_10M.oral_gc_rl.tsv.gz
104,1546,VLD001.A0101.SG1.1_10M.oral_gc_rl.tsv.gz
105,1483,VLD001.A0101.SG1.1_10M.oral_gc_rl.tsv.gz
106,1345,VLD001.A0101.SG1.1_10M.oral_gc_rl.tsv.gz
107,1384,VLD001.A0101.SG1.1_10M.oral_gc_rl.tsv.gz
108,1277,VLD001.A0101.SG1.1_10M.oral_gc_rl.tsv.gz
109,1261,VLD001.A0101.SG1.1_10M.oral_gc_rl.tsv.gz
110,1076,VLD001.A0101.SG1.1_10M.oral_gc_rl.tsv.gz
111,1120,VLD001.A0101.SG1.1_10M.oral_gc_rl.tsv.gz
112,1016,VLD001.A0101.SG1.1_10M.oral_gc_rl.tsv.gz
113,1018,VLD001.A0101.SG1.1_10M.oral_gc_rl.tsv.gz
114,966,VLD001.A0101.SG1.1_10M.oral_gc_rl.tsv.gz
115,905,VLD001.A0101.SG1.1_10M.oral_gc_rl.tsv.gz
116,867,VLD001.A0101.SG1.1_10M.oral_gc_rl.tsv.gz
117,832,VLD001.A0101.SG1.1_10M.oral_gc_rl.tsv.gz
118,812,VLD001.A0101.SG1.1_10M.oral_gc_rl.tsv.gz
119,790,VLD001.A0101.SG1.1_10M.oral_gc_rl.tsv.gz
120,806,VLD001.A0101.SG1.1_10M.oral_gc_rl.tsv.gz
121,712,VLD001.A0101.SG1.1_10M.oral_gc_rl.tsv.gz
122,681,VLD001.A0101.SG1.1_10M.oral_gc_rl.tsv.gz
123,636,VLD001.A0101.SG1.1_10M.oral_gc_rl.tsv.gz
124,569,VLD001.A0101.SG1.1_10M.oral_gc_rl.tsv.gz
125,576,VLD001.A0101.SG1.1_10M.oral_gc_rl.tsv.gz
126,596,VLD001.A0101.SG1.1_10M.oral_gc_rl.tsv.gz
127,520,VLD001.A0101.SG1.1_10M.oral_gc_rl.tsv.gz
128,512,VLD001.A0101.SG1.1_10M.oral_gc_rl.tsv.gz
129,485,VLD001.A0101.SG1.1_10M.oral_gc_rl.tsv.gz
130,437,VLD001.A0101.SG1.1_10M.oral_gc_rl.tsv.gz
131,422,VLD001.A0101.SG1.1_10M.oral_gc_rl.tsv.gz
132,429,VLD001.A0101.SG1.1_10M.oral_gc_rl.tsv.gz
133,416,VLD001.A0101.SG1.1_10M.oral_gc_rl.tsv.gz
134,377,VLD001.A0101.SG1.1_10M.oral_gc_rl.tsv.gz
135,402,VLD001.A0101.SG1.1_10M.oral_gc_rl.tsv.gz
136,367,VLD001.A0101.SG1.1_10M.oral_gc_rl.tsv.gz
137,297,VLD001.A0101.SG1.1_10M.oral_gc_rl.tsv.gz
138,299,VLD001.A0101.SG1.1_10M.oral_gc_rl.tsv.gz
139,350,VLD001.A0101.SG1.1_10M.oral_gc_rl.tsv.gz
140,338,VLD001.A0101.SG1.1_10M.oral_gc_rl.tsv.gz
141,245,VLD001.A0101.SG1.1_10M.oral_gc_rl.tsv.gz
36,2098,VLD001.A0102.SG1.2_10M.oral_gc_rl.tsv.gz
37,3708,VLD001.A0102.SG1.2_10M.oral_gc_rl.tsv.gz
38,5026,VLD001.A0102.SG1.2_10M.oral_gc_rl.tsv.gz
39,5736,VLD001.A0102.SG1.2_10M.oral_gc_rl.tsv.gz
40,6440,VLD001.A0102.SG1.2_10M.oral_gc_rl.tsv.gz
41,6122,VLD001.A0102.SG1.2_10M.oral_gc_rl.tsv.gz
42,5995,VLD001.A0102.SG1.2_10M.oral_gc_rl.tsv.gz
43,5768,VLD001.A0102.SG1.2_10M.oral_gc_rl.tsv.gz
44,5816,VLD001.A0102.SG1.2_10M.oral_gc_rl.tsv.gz
45,5446,VLD001.A0102.SG1.2_10M.oral_gc_rl.tsv.gz
46,5334,VLD001.A0102.SG1.2_10M.oral_gc_rl.tsv.gz
47,5144,VLD001.A0102.SG1.2_10M.oral_gc_rl.tsv.gz
48,4519,VLD001.A0102.SG1.2_10M.oral_gc_rl.tsv.gz
49,4407,VLD001.A0102.SG1.2_10M.oral_gc_rl.tsv.gz
50,4361,VLD001.A0102.SG1.2_10M.oral_gc_rl.tsv.gz
51,4027,VLD001.A0102.SG1.2_10M.oral_gc_rl.tsv.gz
52,3663,VLD001.A0102.SG1.2_10M.oral_gc_rl.tsv.gz
53,3476,VLD001.A0102.SG1.2_10M.oral_gc_rl.tsv.gz
54,3384,VLD001.A0102.SG1.2_10M.oral_gc_rl.tsv.gz
55,2939,VLD001.A0102.SG1.2_10M.oral_gc_rl.tsv.gz
56,2925,VLD001.A0102.SG1.2_10M.oral_gc_rl.tsv.gz
57,2706,VLD001.A0102.SG1.2_10M.oral_gc_rl.tsv.gz
58,2439,VLD001.A0102.SG1.2_10M.oral_gc_rl.tsv.gz
59,2244,VLD001.A0102.SG1.2_10M.oral_gc_rl.tsv.gz
60,2157,VLD001.A0102.SG1.2_10M.oral_gc_rl.tsv.gz
61,2011,VLD001.A0102.SG1.2_10M.oral_gc_rl.tsv.gz
62,1845,VLD001.A0102.SG1.2_10M.oral_gc_rl.tsv.gz
63,1595,VLD001.A0102.SG1.2_10M.oral_gc_rl.tsv.gz
64,1571,VLD001.A0102.SG1.2_10M.oral_gc_rl.tsv.gz
65,1509,VLD001.A0102.SG1.2_10M.oral_gc_rl.tsv.gz
66,1387,VLD001.A0102.SG1.2_10M.oral_gc_rl.tsv.gz
67,1193,VLD001.A0102.SG1.2_10M.oral_gc_rl.tsv.gz
68,1125,VLD001.A0102.SG1.2_10M.oral_gc_rl.tsv.gz
69,1003,VLD001.A0102.SG1.2_10M.oral_gc_rl.tsv.gz
70,1002,VLD001.A0102.SG1.2_10M.oral_gc_rl.tsv.gz
71,881,VLD001.A0102.SG1.2_10M.oral_gc_rl.tsv.gz
72,893,VLD001.A0102.SG1.2_10M.oral_gc_rl.tsv.gz
73,856,VLD001.A0102.SG1.2_10M.oral_gc_rl.tsv.gz
74,807,VLD001.A0102.SG1.2_10M.oral_gc_rl.tsv.gz
75,703,VLD001.A0102.SG1.2_10M.oral_gc_rl.tsv.gz
76,966,VLD001.A0102.SG1.2_10M.oral_gc_rl.tsv.gz
77,607,VLD001.A0102.SG1.2_10M.oral_gc_rl.tsv.gz
78,537,VLD001.A0102.SG1.2_10M.oral_gc_rl.tsv.gz
79,520,VLD001.A0102.SG1.2_10M.oral_gc_rl.tsv.gz
80,481,VLD001.A0102.SG1.2_10M.oral_gc_rl.tsv.gz
81,442,VLD001.A0102.SG1.2_10M.oral_gc_rl.tsv.gz
82,349,VLD001.A0102.SG1.2_10M.oral_gc_rl.tsv.gz
83,329,VLD001.A0102.SG1.2_10M.oral_gc_rl.tsv.gz
84,351,VLD001.A0102.SG1.2_10M.oral_gc_rl.tsv.gz
85,319,VLD001.A0102.SG1.2_10M.oral_gc_rl.tsv.gz
86,314,VLD001.A0102.SG1.2_10M.oral_gc_rl.tsv.gz
87,289,VLD001.A0102.SG1.2_10M.oral_gc_rl.tsv.gz
88,251,VLD001.A0102.SG1.2_10M.oral_gc_rl.tsv.gz
89,216,VLD001.A0102.SG1.2_10M.oral_gc_rl.tsv.gz
90,215,VLD001.A0102.SG1.2_10M.oral_gc_rl.tsv.gz
91,199,VLD001.A0102.SG1.2_10M.oral_gc_rl.tsv.gz
92,212,VLD001.A0102.SG1.2_10M.oral_gc_rl.tsv.gz
93,173,VLD001.A0102.SG1.2_10M.oral_gc_rl.tsv.gz
94,179,VLD001.A0102.SG1.2_10M.oral_gc_rl.tsv.gz
95,156,VLD001.A0102.SG1.2_10M.oral_gc_rl.tsv.gz
96,146,VLD001.A0102.SG1.2_10M.oral_gc_rl.tsv.gz
97,133,VLD001.A0102.SG1.2_10M.oral_gc_rl.tsv.gz
98,129,VLD001.A0102.SG1.2_10M.oral_gc_rl.tsv.gz
99,127,VLD001.A0102.SG1.2_10M.oral_gc_rl.tsv.gz
100,115,VLD001.A0102.SG1.2_10M.oral_gc_rl.tsv.gz
101,99,VLD001.A0102.SG1.2_10M.oral_gc_rl.tsv.gz
102,89,VLD001.A0102.SG1.2_10M.oral_gc_rl.tsv.gz
103,70,VLD001.A0102.SG1.2_10M.oral_gc_rl.tsv.gz
104,80,VLD001.A0102.SG1.2_10M.oral_gc_rl.tsv.gz
105,74,VLD001.A0102.SG1.2_10M.oral_gc_rl.tsv.gz
106,71,VLD001.A0102.SG1.2_10M.oral_gc_rl.tsv.gz
107,81,VLD001.A0102.SG1.2_10M.oral_gc_rl.tsv.gz
108,65,VLD001.A0102.SG1.2_10M.oral_gc_rl.tsv.gz
109,55,VLD001.A0102.SG1.2_10M.oral_gc_rl.tsv.gz
110,47,VLD001.A0102.SG1.2_10M.oral_gc_rl.tsv.gz
111,62,VLD001.A0102.SG1.2_10M.oral_gc_rl.tsv.gz
112,50,VLD001.A0102.SG1.2_10M.oral_gc_rl.tsv.gz
113,38,VLD001.A0102.SG1.2_10M.oral_gc_rl.tsv.gz
114,59,VLD001.A0102.SG1.2_10M.oral_gc_rl.tsv.gz
115,54,VLD001.A0102.SG1.2_10M.oral_gc_rl.tsv.gz
116,36,VLD001.A0102.SG1.2_10M.oral_gc_rl.tsv.gz
117,29,VLD001.A0102.SG1.2_10M.oral_gc_rl.tsv.gz
118,31,VLD001.A0102.SG1.2_10M.oral_gc_rl.tsv.gz
119,49,VLD001.A0102.SG1.2_10M.oral_gc_rl.tsv.gz
120,35,VLD001.A0102.SG1.2_10M.oral_gc_rl.tsv.gz
121,38,VLD001.A0102.SG1.2_10M.oral_gc_rl.tsv.gz
122,29,VLD001.A0102.SG1.2_10M.oral_gc_rl.tsv.gz
123,27,VLD001.A0102.SG1.2_10M.oral_gc_rl.tsv.gz
124,21,VLD001.A0102.SG1.2_10M.oral_gc_rl.tsv.gz
125,29,VLD001.A0102.SG1.2_10M.oral_gc_rl.tsv.gz
126,19,VLD001.A0102.SG1.2_10M.oral_gc_rl.tsv.gz
127,24,VLD001.A0102.SG1.2_10M.oral_gc_rl.tsv.gz
128,19,VLD001.A0102.SG1.2_10M.oral_gc_rl.tsv.gz
129,15,VLD001.A0102.SG1.2_10M.oral_gc_rl.tsv.gz
130,17,VLD001.A0102.SG1.2_10M.oral_gc_rl.tsv.gz
131,17,VLD001.A0102.SG1.2_10M.oral_gc_rl.tsv.gz
132,15,VLD001.A0102.SG1.2_10M.oral_gc_rl.tsv.gz
133,11,VLD001.A0102.SG1.2_10M.oral_gc_rl.tsv.gz
134,15,VLD001.A0102.SG1.2_10M.oral_gc_rl.tsv.gz
135,16,VLD001.A0102.SG1.2_10M.oral_gc_rl.tsv.gz
136,6,VLD001.A0102.SG1.2_10M.oral_gc_rl.tsv.gz
137,6,VLD001.A0102.SG1.2_10M.oral_gc_rl.tsv.gz
138,8,VLD001.A0102.SG1.2_10M.oral_gc_rl.tsv.gz
139,18,VLD001.A0102.SG1.2_10M.oral_gc_rl.tsv.gz
140,3,VLD001.A0102.SG1.2_10M.oral_gc_rl.tsv.gz
141,9,VLD001.A0102.SG1.2_10M.oral_gc_rl.tsv.gz
36,207,ZAF001.A0101.SG1.1_10M.oral_gc_rl.tsv.gz
37,483,ZAF001.A0101.SG1.1_10M.oral_gc_rl.tsv.gz
38,582,ZAF001.A0101.SG1.1_10M.oral_gc_rl.tsv.gz
39,580,ZAF001.A0101.SG1.1_10M.oral_gc_rl.tsv.gz
40,658,ZAF001.A0101.SG1.1_10M.oral_gc_rl.tsv.gz
41,652,ZAF001.A0101.SG1.1_10M.oral_gc_rl.tsv.gz
42,649,ZAF001.A0101.SG1.1_10M.oral_gc_rl.tsv.gz
43,669,ZAF001.A0101.SG1.1_10M.oral_gc_rl.tsv.gz
44,692,ZAF001.A0101.SG1.1_10M.oral_gc_rl.tsv.gz
45,639,ZAF001.A0101.SG1.1_10M.oral_gc_rl.tsv.gz
46,637,ZAF001.A0101.SG1.1_10M.oral_gc_rl.tsv.gz
47,610,ZAF001.A0101.SG1.1_10M.oral_gc_rl.tsv.gz
48,538,ZAF001.A0101.SG1.1_10M.oral_gc_rl.tsv.gz
49,547,ZAF001.A0101.SG1.1_10M.oral_gc_rl.tsv.gz
50,520,ZAF001.A0101.SG1.1_10M.oral_gc_rl.tsv.gz
51,572,ZAF001.A0101.SG1.1_10M.oral_gc_rl.tsv.gz
52,515,ZAF001.A0101.SG1.1_10M.oral_gc_rl.tsv.gz
53,474,ZAF001.A0101.SG1.1_10M.oral_gc_rl.tsv.gz
54,537,ZAF001.A0101.SG1.1_10M.oral_gc_rl.tsv.gz
55,472,ZAF001.A0101.SG1.1_10M.oral_gc_rl.tsv.gz
56,468,ZAF001.A0101.SG1.1_10M.oral_gc_rl.tsv.gz
57,439,ZAF001.A0101.SG1.1_10M.oral_gc_rl.tsv.gz
58,472,ZAF001.A0101.SG1.1_10M.oral_gc_rl.tsv.gz
59,494,ZAF001.A0101.SG1.1_10M.oral_gc_rl.tsv.gz
60,482,ZAF001.A0101.SG1.1_10M.oral_gc_rl.tsv.gz
61,440,ZAF001.A0101.SG1.1_10M.oral_gc_rl.tsv.gz
62,352,ZAF001.A0101.SG1.1_10M.oral_gc_rl.tsv.gz
63,415,ZAF001.A0101.SG1.1_10M.oral_gc_rl.tsv.gz
64,439,ZAF001.A0101.SG1.1_10M.oral_gc_rl.tsv.gz
65,384,ZAF001.A0101.SG1.1_10M.oral_gc_rl.tsv.gz
66,417,ZAF001.A0101.SG1.1_10M.oral_gc_rl.tsv.gz
67,392,ZAF001.A0101.SG1.1_10M.oral_gc_rl.tsv.gz
68,343,ZAF001.A0101.SG1.1_10M.oral_gc_rl.tsv.gz
69,348,ZAF001.A0101.SG1.1_10M.oral_gc_rl.tsv.gz
70,363,ZAF001.A0101.SG1.1_10M.oral_gc_rl.tsv.gz
71,346,ZAF001.A0101.SG1.1_10M.oral_gc_rl.tsv.gz
72,381,ZAF001.A0101.SG1.1_10M.oral_gc_rl.tsv.gz
73,476,ZAF001.A0101.SG1.1_10M.oral_gc_rl.tsv.gz
74,543,ZAF001.A0101.SG1.1_10M.oral_gc_rl.tsv.gz
75,1097,ZAF001.A0101.SG1.1_10M.oral_gc_rl.tsv.gz
76,2356,ZAF001.A0101.SG1.1_10M.oral_gc_rl.tsv.gz
77,312,ZAF001.A0101.SG1.1_10M.oral_gc_rl.tsv.gz
78,256,ZAF001.A0101.SG1.1_10M.oral_gc_rl.tsv.gz
79,263,ZAF001.A0101.SG1.1_10M.oral_gc_rl.tsv.gz
80,267,ZAF001.A0101.SG1.1_10M.oral_gc_rl.tsv.gz
81,240,ZAF001.A0101.SG1.1_10M.oral_gc_rl.tsv.gz
82,232,ZAF001.A0101.SG1.1_10M.oral_gc_rl.tsv.gz
83,249,ZAF001.A0101.SG1.1_10M.oral_gc_rl.tsv.gz
84,213,ZAF001.A0101.SG1.1_10M.oral_gc_rl.tsv.gz
85,269,ZAF001.A0101.SG1.1_10M.oral_gc_rl.tsv.gz
86,228,ZAF001.A0101.SG1.1_10M.oral_gc_rl.tsv.gz
87,218,ZAF001.A0101.SG1.1_10M.oral_gc_rl.tsv.gz
88,236,ZAF001.A0101.SG1.1_10M.oral_gc_rl.tsv.gz
89,211,ZAF001.A0101.SG1.1_10M.oral_gc_rl.tsv.gz
90,197,ZAF001.A0101.SG1.1_10M.oral_gc_rl.tsv.gz
91,193,ZAF001.A0101.SG1.1_10M.oral_gc_rl.tsv.gz
92,195,ZAF001.A0101.SG1.1_10M.oral_gc_rl.tsv.gz
93,220,ZAF001.A0101.SG1.1_10M.oral_gc_rl.tsv.gz
94,208,ZAF001.A0101.SG1.1_10M.oral_gc_rl.tsv.gz
95,194,ZAF001.A0101.SG1.1_10M.oral_gc_rl.tsv.gz
96,185,ZAF001.A0101.SG1.1_10M.oral_gc_rl.tsv.gz
97,167,ZAF001.A0101.SG1.1_10M.oral_gc_rl.tsv.gz
98,128,ZAF001.A0101.SG1.1_10M.oral_gc_rl.tsv.gz
99,156,ZAF001.A0101.SG1.1_10M.oral_gc_rl.tsv.gz
100,163,ZAF001.A0101.SG1.1_10M.oral_gc_rl.tsv.gz
101,164,ZAF001.A0101.SG1.1_10M.oral_gc_rl.tsv.gz
102,132,ZAF001.A0101.SG1.1_10M.oral_gc_rl.tsv.gz
103,166,ZAF001.A0101.SG1.1_10M.oral_gc_rl.tsv.gz
104,152,ZAF001.A0101.SG1.1_10M.oral_gc_rl.tsv.gz
105,135,ZAF001.A0101.SG1.1_10M.oral_gc_rl.tsv.gz
106,145,ZAF001.A0101.SG1.1_10M.oral_gc_rl.tsv.gz
107,146,ZAF001.A0101.SG1.1_10M.oral_gc_rl.tsv.gz
108,135,ZAF001.A0101.SG1.1_10M.oral_gc_rl.tsv.gz
109,107,ZAF001.A0101.SG1.1_10M.oral_gc_rl.tsv.gz
110,113,ZAF001.A0101.SG1.1_10M.oral_gc_rl.tsv.gz
111,139,ZAF001.A0101.SG1.1_10M.oral_gc_rl.tsv.gz
112,98,ZAF001.A0101.SG1.1_10M.oral_gc_rl.tsv.gz
113,117,ZAF001.A0101.SG1.1_10M.oral_gc_rl.tsv.gz
114,98,ZAF001.A0101.SG1.1_10M.oral_gc_rl.tsv.gz
115,109,ZAF001.A0101.SG1.1_10M.oral_gc_rl.tsv.gz
116,81,ZAF001.A0101.SG1.1_10M.oral_gc_rl.tsv.gz
117,114,ZAF001.A0101.SG1.1_10M.oral_gc_rl.tsv.gz
118,102,ZAF001.A0101.SG1.1_10M.oral_gc_rl.tsv.gz
119,105,ZAF001.A0101.SG1.1_10M.oral_gc_rl.tsv.gz
120,97,ZAF001.A0101.SG1.1_10M.oral_gc_rl.tsv.gz
121,77,ZAF001.A0101.SG1.1_10M.oral_gc_rl.tsv.gz
122,88,ZAF001.A0101.SG1.1_10M.oral_gc_rl.tsv.gz
123,84,ZAF001.A0101.SG1.1_10M.oral_gc_rl.tsv.gz
124,95,ZAF001.A0101.SG1.1_10M.oral_gc_rl.tsv.gz
125,86,ZAF001.A0101.SG1.1_10M.oral_gc_rl.tsv.gz
126,90,ZAF001.A0101.SG1.1_10M.oral_gc_rl.tsv.gz
127,85,ZAF001.A0101.SG1.1_10M.oral_gc_rl.tsv.gz
128,71,ZAF001.A0101.SG1.1_10M.oral_gc_rl.tsv.gz
129,63,ZAF001.A0101.SG1.1_10M.oral_gc_rl.tsv.gz
130,56,ZAF001.A0101.SG1.1_10M.oral_gc_rl.tsv.gz
131,59,ZAF001.A0101.SG1.1_10M.oral_gc_rl.tsv.gz
132,65,ZAF001.A0101.SG1.1_10M.oral_gc_rl.tsv.gz
133,71,ZAF001.A0101.SG1.1_10M.oral_gc_rl.tsv.gz
134,60,ZAF001.A0101.SG1.1_10M.oral_gc_rl.tsv.gz
135,61,ZAF001.A0101.SG1.1_10M.oral_gc_rl.tsv.gz
136,66,ZAF001.A0101.SG1.1_10M.oral_gc_rl.tsv.gz
137,54,ZAF001.A0101.SG1.1_10M.oral_gc_rl.tsv.gz
138,47,ZAF001.A0101.SG1.1_10M.oral_gc_rl.tsv.gz
139,44,ZAF001.A0101.SG1.1_10M.oral_gc_rl.tsv.gz
140,67,ZAF001.A0101.SG1.1_10M.oral_gc_rl.tsv.gz
141,44,ZAF001.A0101.SG1.1_10M.oral_gc_rl.tsv.gz
36,138,ZAF001.A0103.SG1.4_10M.oral_gc_rl.tsv.gz
37,176,ZAF001.A0103.SG1.4_10M.oral_gc_rl.tsv.gz
38,248,ZAF001.A0103.SG1.4_10M.oral_gc_rl.tsv.gz
39,251,ZAF001.A0103.SG1.4_10M.oral_gc_rl.tsv.gz
40,241,ZAF001.A0103.SG1.4_10M.oral_gc_rl.tsv.gz
41,244,ZAF001.A0103.SG1.4_10M.oral_gc_rl.tsv.gz
42,210,ZAF001.A0103.SG1.4_10M.oral_gc_rl.tsv.gz
43,208,ZAF001.A0103.SG1.4_10M.oral_gc_rl.tsv.gz
44,217,ZAF001.A0103.SG1.4_10M.oral_gc_rl.tsv.gz
45,196,ZAF001.A0103.SG1.4_10M.oral_gc_rl.tsv.gz
46,200,ZAF001.A0103.SG1.4_10M.oral_gc_rl.tsv.gz
47,185,ZAF001.A0103.SG1.4_10M.oral_gc_rl.tsv.gz
48,181,ZAF001.A0103.SG1.4_10M.oral_gc_rl.tsv.gz
49,159,ZAF001.A0103.SG1.4_10M.oral_gc_rl.tsv.gz
50,142,ZAF001.A0103.SG1.4_10M.oral_gc_rl.tsv.gz
51,143,ZAF001.A0103.SG1.4_10M.oral_gc_rl.tsv.gz
52,121,ZAF001.A0103.SG1.4_10M.oral_gc_rl.tsv.gz
53,116,ZAF001.A0103.SG1.4_10M.oral_gc_rl.tsv.gz
54,130,ZAF001.A0103.SG1.4_10M.oral_gc_rl.tsv.gz
55,101,ZAF001.A0103.SG1.4_10M.oral_gc_rl.tsv.gz
56,94,ZAF001.A0103.SG1.4_10M.oral_gc_rl.tsv.gz
57,81,ZAF001.A0103.SG1.4_10M.oral_gc_rl.tsv.gz
58,89,ZAF001.A0103.SG1.4_10M.oral_gc_rl.tsv.gz
59,100,ZAF001.A0103.SG1.4_10M.oral_gc_rl.tsv.gz
60,78,ZAF001.A0103.SG1.4_10M.oral_gc_rl.tsv.gz
61,98,ZAF001.A0103.SG1.4_10M.oral_gc_rl.tsv.gz
62,69,ZAF001.A0103.SG1.4_10M.oral_gc_rl.tsv.gz
63,78,ZAF001.A0103.SG1.4_10M.oral_gc_rl.tsv.gz
64,81,ZAF001.A0103.SG1.4_10M.oral_gc_rl.tsv.gz
65,58,ZAF001.A0103.SG1.4_10M.oral_gc_rl.tsv.gz
66,60,ZAF001.A0103.SG1.4_10M.oral_gc_rl.tsv.gz
67,57,ZAF001.A0103.SG1.4_10M.oral_gc_rl.tsv.gz
68,45,ZAF001.A0103.SG1.4_10M.oral_gc_rl.tsv.gz
69,53,ZAF001.A0103.SG1.4_10M.oral_gc_rl.tsv.gz
70,52,ZAF001.A0103.SG1.4_10M.oral_gc_rl.tsv.gz
71,30,ZAF001.A0103.SG1.4_10M.oral_gc_rl.tsv.gz
72,53,ZAF001.A0103.SG1.4_10M.oral_gc_rl.tsv.gz
73,60,ZAF001.A0103.SG1.4_10M.oral_gc_rl.tsv.gz
74,46,ZAF001.A0103.SG1.4_10M.oral_gc_rl.tsv.gz
75,58,ZAF001.A0103.SG1.4_10M.oral_gc_rl.tsv.gz
76,254,ZAF001.A0103.SG1.4_10M.oral_gc_rl.tsv.gz
77,40,ZAF001.A0103.SG1.4_10M.oral_gc_rl.tsv.gz
78,37,ZAF001.A0103.SG1.4_10M.oral_gc_rl.tsv.gz
79,38,ZAF001.A0103.SG1.4_10M.oral_gc_rl.tsv.gz
80,24,ZAF001.A0103.SG1.4_10M.oral_gc_rl.tsv.gz
81,31,ZAF001.A0103.SG1.4_10M.oral_gc_rl.tsv.gz
82,36,ZAF001.A0103.SG1.4_10M.oral_gc_rl.tsv.gz
83,16,ZAF001.A0103.SG1.4_10M.oral_gc_rl.tsv.gz
84,26,ZAF001.A0103.SG1.4_10M.oral_gc_rl.tsv.gz
85,36,ZAF001.A0103.SG1.4_10M.oral_gc_rl.tsv.gz
86,20,ZAF001.A0103.SG1.4_10M.oral_gc_rl.tsv.gz
87,16,ZAF001.A0103.SG1.4_10M.oral_gc_rl.tsv.gz
88,15,ZAF001.A0103.SG1.4_10M.oral_gc_rl.tsv.gz
89,22,ZAF001.A0103.SG1.4_10M.oral_gc_rl.tsv.gz
90,25,ZAF001.A0103.SG1.4_10M.oral_gc_rl.tsv.gz
91,25,ZAF001.A0103.SG1.4_10M.oral_gc_rl.tsv.gz
92,13,ZAF001.A0103.SG1.4_10M.oral_gc_rl.tsv.gz
93,18,ZAF001.A0103.SG1.4_10M.oral_gc_rl.tsv.gz
94,14,ZAF001.A0103.SG1.4_10M.oral_gc_rl.tsv.gz
95,14,ZAF001.A0103.SG1.4_10M.oral_gc_rl.tsv.gz
96,21,ZAF001.A0103.SG1.4_10M.oral_gc_rl.tsv.gz
97,10,ZAF001.A0103.SG1.4_10M.oral_gc_rl.tsv.gz
98,8,ZAF001.A0103.SG1.4_10M.oral_gc_rl.tsv.gz
99,15,ZAF001.A0103.SG1.4_10M.oral_gc_rl.tsv.gz
100,19,ZAF001.A0103.SG1.4_10M.oral_gc_rl.tsv.gz
101,19,ZAF001.A0103.SG1.4_10M.oral_gc_rl.tsv.gz
102,14,ZAF001.A0103.SG1.4_10M.oral_gc_rl.tsv.gz
103,11,ZAF001.A0103.SG1.4_10M.oral_gc_rl.tsv.gz
104,17,ZAF001.A0103.SG1.4_10M.oral_gc_rl.tsv.gz
105,12,ZAF001.A0103.SG1.4_10M.oral_gc_rl.tsv.gz
106,11,ZAF001.A0103.SG1.4_10M.oral_gc_rl.tsv.gz
107,11,ZAF001.A0103.SG1.4_10M.oral_gc_rl.tsv.gz
108,10,ZAF001.A0103.SG1.4_10M.oral_gc_rl.tsv.gz
109,6,ZAF001.A0103.SG1.4_10M.oral_gc_rl.tsv.gz
110,12,ZAF001.A0103.SG1.4_10M.oral_gc_rl.tsv.gz
111,6,ZAF001.A0103.SG1.4_10M.oral_gc_rl.tsv.gz
112,6,ZAF001.A0103.SG1.4_10M.oral_gc_rl.tsv.gz
113,6,ZAF001.A0103.SG1.4_10M.oral_gc_rl.tsv.gz
114,6,ZAF001.A0103.SG1.4_10M.oral_gc_rl.tsv.gz
115,4,ZAF001.A0103.SG1.4_10M.oral_gc_rl.tsv.gz
116,5,ZAF001.A0103.SG1.4_10M.oral_gc_rl.tsv.gz
117,4,ZAF001.A0103.SG1.4_10M.oral_gc_rl.tsv.gz
118,9,ZAF001.A0103.SG1.4_10M.oral_gc_rl.tsv.gz
119,18,ZAF001.A0103.SG1.4_10M.oral_gc_rl.tsv.gz
120,4,ZAF001.A0103.SG1.4_10M.oral_gc_rl.tsv.gz
121,4,ZAF001.A0103.SG1.4_10M.oral_gc_rl.tsv.gz
122,1,ZAF001.A0103.SG1.4_10M.oral_gc_rl.tsv.gz
123,4,ZAF001.A0103.SG1.4_10M.oral_gc_rl.tsv.gz
124,5,ZAF001.A0103.SG1.4_10M.oral_gc_rl.tsv.gz
125,2,ZAF001.A0103.SG1.4_10M.oral_gc_rl.tsv.gz
126,6,ZAF001.A0103.SG1.4_10M.oral_gc_rl.tsv.gz
127,2,ZAF001.A0103.SG1.4_10M.oral_gc_rl.tsv.gz
128,5,ZAF001.A0103.SG1.4_10M.oral_gc_rl.tsv.gz
129,5,ZAF001.A0103.SG1.4_10M.oral_gc_rl.tsv.gz
130,6,ZAF001.A0103.SG1.4_10M.oral_gc_rl.tsv.gz
131,6,ZAF001.A0103.SG1.4_10M.oral_gc_rl.tsv.gz
132,2,ZAF001.A0103.SG1.4_10M.oral_gc_rl.tsv.gz
133,4,ZAF001.A0103.SG1.4_10M.oral_gc_rl.tsv.gz
134,3,ZAF001.A0103.SG1.4_10M.oral_gc_rl.tsv.gz
135,6,ZAF001.A0103.SG1.4_10M.oral_gc_rl.tsv.gz
136,4,ZAF001.A0103.SG1.4_10M.oral_gc_rl.tsv.gz
137,5,ZAF001.A0103.SG1.4_10M.oral_gc_rl.tsv.gz
138,5,ZAF001.A0103.SG1.4_10M.oral_gc_rl.tsv.gz
139,4,ZAF001.A0103.SG1.4_10M.oral_gc_rl.tsv.gz
140,1,ZAF001.A0103.SG1.4_10M.oral_gc_rl.tsv.gz
141,5,ZAF001.A0103.SG1.4_10M.oral_gc_rl.tsv.gz
