Length,counts_length,Study
36,1318,BAN001.A0101.SG1.1_10M.classified_gc_rl.tsv.gz
37,2354,BAN001.A0101.SG1.1_10M.classified_gc_rl.tsv.gz
38,3193,BAN001.A0101.SG1.1_10M.classified_gc_rl.tsv.gz
39,3803,BAN001.A0101.SG1.1_10M.classified_gc_rl.tsv.gz
40,4249,BAN001.A0101.SG1.1_10M.classified_gc_rl.tsv.gz
41,4397,BAN001.A0101.SG1.1_10M.classified_gc_rl.tsv.gz
42,4242,BAN001.A0101.SG1.1_10M.classified_gc_rl.tsv.gz
43,4369,BAN001.A0101.SG1.1_10M.classified_gc_rl.tsv.gz
44,4448,BAN001.A0101.SG1.1_10M.classified_gc_rl.tsv.gz
45,4617,BAN001.A0101.SG1.1_10M.classified_gc_rl.tsv.gz
46,4494,BAN001.A0101.SG1.1_10M.classified_gc_rl.tsv.gz
47,4781,BAN001.A0101.SG1.1_10M.classified_gc_rl.tsv.gz
48,4894,BAN001.A0101.SG1.1_10M.classified_gc_rl.tsv.gz
49,4749,BAN001.A0101.SG1.1_10M.classified_gc_rl.tsv.gz
50,4596,BAN001.A0101.SG1.1_10M.classified_gc_rl.tsv.gz
51,4574,BAN001.A0101.SG1.1_10M.classified_gc_rl.tsv.gz
52,4410,BAN001.A0101.SG1.1_10M.classified_gc_rl.tsv.gz
53,4368,BAN001.A0101.SG1.1_10M.classified_gc_rl.tsv.gz
54,4347,BAN001.A0101.SG1.1_10M.classified_gc_rl.tsv.gz
55,4274,BAN001.A0101.SG1.1_10M.classified_gc_rl.tsv.gz
56,4272,BAN001.A0101.SG1.1_10M.classified_gc_rl.tsv.gz
57,4361,BAN001.A0101.SG1.1_10M.classified_gc_rl.tsv.gz
58,4328,BAN001.A0101.SG1.1_10M.classified_gc_rl.tsv.gz
59,4218,BAN001.A0101.SG1.1_10M.classified_gc_rl.tsv.gz
60,4113,BAN001.A0101.SG1.1_10M.classified_gc_rl.tsv.gz
61,3971,BAN001.A0101.SG1.1_10M.classified_gc_rl.tsv.gz
62,3717,BAN001.A0101.SG1.1_10M.classified_gc_rl.tsv.gz
63,3611,BAN001.A0101.SG1.1_10M.classified_gc_rl.tsv.gz
64,3434,BAN001.A0101.SG1.1_10M.classified_gc_rl.tsv.gz
65,3600,BAN001.A0101.SG1.1_10M.classified_gc_rl.tsv.gz
66,3396,BAN001.A0101.SG1.1_10M.classified_gc_rl.tsv.gz
67,3445,BAN001.A0101.SG1.1_10M.classified_gc_rl.tsv.gz
68,3414,BAN001.A0101.SG1.1_10M.classified_gc_rl.tsv.gz
69,3401,BAN001.A0101.SG1.1_10M.classified_gc_rl.tsv.gz
70,3395,BAN001.A0101.SG1.1_10M.classified_gc_rl.tsv.gz
71,3294,BAN001.A0101.SG1.1_10M.classified_gc_rl.tsv.gz
72,3567,BAN001.A0101.SG1.1_10M.classified_gc_rl.tsv.gz
73,3963,BAN001.A0101.SG1.1_10M.classified_gc_rl.tsv.gz
74,3880,BAN001.A0101.SG1.1_10M.classified_gc_rl.tsv.gz
75,6743,BAN001.A0101.SG1.1_10M.classified_gc_rl.tsv.gz
76,11706,BAN001.A0101.SG1.1_10M.classified_gc_rl.tsv.gz
77,2487,BAN001.A0101.SG1.1_10M.classified_gc_rl.tsv.gz
78,2447,BAN001.A0101.SG1.1_10M.classified_gc_rl.tsv.gz
79,2461,BAN001.A0101.SG1.1_10M.classified_gc_rl.tsv.gz
80,2451,BAN001.A0101.SG1.1_10M.classified_gc_rl.tsv.gz
81,2115,BAN001.A0101.SG1.1_10M.classified_gc_rl.tsv.gz
82,2043,BAN001.A0101.SG1.1_10M.classified_gc_rl.tsv.gz
83,1999,BAN001.A0101.SG1.1_10M.classified_gc_rl.tsv.gz
84,1999,BAN001.A0101.SG1.1_10M.classified_gc_rl.tsv.gz
85,1963,BAN001.A0101.SG1.1_10M.classified_gc_rl.tsv.gz
86,1912,BAN001.A0101.SG1.1_10M.classified_gc_rl.tsv.gz
87,1824,BAN001.A0101.SG1.1_10M.classified_gc_rl.tsv.gz
88,1766,BAN001.A0101.SG1.1_10M.classified_gc_rl.tsv.gz
89,1721,BAN001.A0101.SG1.1_10M.classified_gc_rl.tsv.gz
90,1672,BAN001.A0101.SG1.1_10M.classified_gc_rl.tsv.gz
91,1608,BAN001.A0101.SG1.1_10M.classified_gc_rl.tsv.gz
92,1493,BAN001.A0101.SG1.1_10M.classified_gc_rl.tsv.gz
93,1483,BAN001.A0101.SG1.1_10M.classified_gc_rl.tsv.gz
94,1396,BAN001.A0101.SG1.1_10M.classified_gc_rl.tsv.gz
95,1373,BAN001.A0101.SG1.1_10M.classified_gc_rl.tsv.gz
96,1369,BAN001.A0101.SG1.1_10M.classified_gc_rl.tsv.gz
97,1291,BAN001.A0101.SG1.1_10M.classified_gc_rl.tsv.gz
98,1331,BAN001.A0101.SG1.1_10M.classified_gc_rl.tsv.gz
99,1278,BAN001.A0101.SG1.1_10M.classified_gc_rl.tsv.gz
100,1242,BAN001.A0101.SG1.1_10M.classified_gc_rl.tsv.gz
101,1162,BAN001.A0101.SG1.1_10M.classified_gc_rl.tsv.gz
102,1072,BAN001.A0101.SG1.1_10M.classified_gc_rl.tsv.gz
103,1046,BAN001.A0101.SG1.1_10M.classified_gc_rl.tsv.gz
104,1024,BAN001.A0101.SG1.1_10M.classified_gc_rl.tsv.gz
105,1001,BAN001.A0101.SG1.1_10M.classified_gc_rl.tsv.gz
106,1005,BAN001.A0101.SG1.1_10M.classified_gc_rl.tsv.gz
107,958,BAN001.A0101.SG1.1_10M.classified_gc_rl.tsv.gz
108,923,BAN001.A0101.SG1.1_10M.classified_gc_rl.tsv.gz
109,915,BAN001.A0101.SG1.1_10M.classified_gc_rl.tsv.gz
110,821,BAN001.A0101.SG1.1_10M.classified_gc_rl.tsv.gz
111,864,BAN001.A0101.SG1.1_10M.classified_gc_rl.tsv.gz
112,819,BAN001.A0101.SG1.1_10M.classified_gc_rl.tsv.gz
113,763,BAN001.A0101.SG1.1_10M.classified_gc_rl.tsv.gz
114,707,BAN001.A0101.SG1.1_10M.classified_gc_rl.tsv.gz
115,733,BAN001.A0101.SG1.1_10M.classified_gc_rl.tsv.gz
116,656,BAN001.A0101.SG1.1_10M.classified_gc_rl.tsv.gz
117,673,BAN001.A0101.SG1.1_10M.classified_gc_rl.tsv.gz
118,626,BAN001.A0101.SG1.1_10M.classified_gc_rl.tsv.gz
119,695,BAN001.A0101.SG1.1_10M.classified_gc_rl.tsv.gz
120,648,BAN001.A0101.SG1.1_10M.classified_gc_rl.tsv.gz
121,550,BAN001.A0101.SG1.1_10M.classified_gc_rl.tsv.gz
122,519,BAN001.A0101.SG1.1_10M.classified_gc_rl.tsv.gz
123,550,BAN001.A0101.SG1.1_10M.classified_gc_rl.tsv.gz
124,507,BAN001.A0101.SG1.1_10M.classified_gc_rl.tsv.gz
125,529,BAN001.A0101.SG1.1_10M.classified_gc_rl.tsv.gz
126,441,BAN001.A0101.SG1.1_10M.classified_gc_rl.tsv.gz
127,479,BAN001.A0101.SG1.1_10M.classified_gc_rl.tsv.gz
128,435,BAN001.A0101.SG1.1_10M.classified_gc_rl.tsv.gz
129,417,BAN001.A0101.SG1.1_10M.classified_gc_rl.tsv.gz
130,377,BAN001.A0101.SG1.1_10M.classified_gc_rl.tsv.gz
131,374,BAN001.A0101.SG1.1_10M.classified_gc_rl.tsv.gz
132,388,BAN001.A0101.SG1.1_10M.classified_gc_rl.tsv.gz
133,359,BAN001.A0101.SG1.1_10M.classified_gc_rl.tsv.gz
134,376,BAN001.A0101.SG1.1_10M.classified_gc_rl.tsv.gz
135,344,BAN001.A0101.SG1.1_10M.classified_gc_rl.tsv.gz
136,339,BAN001.A0101.SG1.1_10M.classified_gc_rl.tsv.gz
137,302,BAN001.A0101.SG1.1_10M.classified_gc_rl.tsv.gz
138,335,BAN001.A0101.SG1.1_10M.classified_gc_rl.tsv.gz
139,331,BAN001.A0101.SG1.1_10M.classified_gc_rl.tsv.gz
140,296,BAN001.A0101.SG1.1_10M.classified_gc_rl.tsv.gz
141,246,BAN001.A0101.SG1.1_10M.classified_gc_rl.tsv.gz
36,1432,BAN001.A0102.SG1.4_10M.classified_gc_rl.tsv.gz
37,2426,BAN001.A0102.SG1.4_10M.classified_gc_rl.tsv.gz
38,2933,BAN001.A0102.SG1.4_10M.classified_gc_rl.tsv.gz
39,3319,BAN001.A0102.SG1.4_10M.classified_gc_rl.tsv.gz
40,3514,BAN001.A0102.SG1.4_10M.classified_gc_rl.tsv.gz
41,3526,BAN001.A0102.SG1.4_10M.classified_gc_rl.tsv.gz
42,3382,BAN001.A0102.SG1.4_10M.classified_gc_rl.tsv.gz
43,3134,BAN001.A0102.SG1.4_10M.classified_gc_rl.tsv.gz
44,3141,BAN001.A0102.SG1.4_10M.classified_gc_rl.tsv.gz
45,2988,BAN001.A0102.SG1.4_10M.classified_gc_rl.tsv.gz
46,2912,BAN001.A0102.SG1.4_10M.classified_gc_rl.tsv.gz
47,2655,BAN001.A0102.SG1.4_10M.classified_gc_rl.tsv.gz
48,2493,BAN001.A0102.SG1.4_10M.classified_gc_rl.tsv.gz
49,2415,BAN001.A0102.SG1.4_10M.classified_gc_rl.tsv.gz
50,2299,BAN001.A0102.SG1.4_10M.classified_gc_rl.tsv.gz
51,2269,BAN001.A0102.SG1.4_10M.classified_gc_rl.tsv.gz
52,2184,BAN001.A0102.SG1.4_10M.classified_gc_rl.tsv.gz
53,1983,BAN001.A0102.SG1.4_10M.classified_gc_rl.tsv.gz
54,1795,BAN001.A0102.SG1.4_10M.classified_gc_rl.tsv.gz
55,1738,BAN001.A0102.SG1.4_10M.classified_gc_rl.tsv.gz
56,1575,BAN001.A0102.SG1.4_10M.classified_gc_rl.tsv.gz
57,1538,BAN001.A0102.SG1.4_10M.classified_gc_rl.tsv.gz
58,1423,BAN001.A0102.SG1.4_10M.classified_gc_rl.tsv.gz
59,1410,BAN001.A0102.SG1.4_10M.classified_gc_rl.tsv.gz
60,1284,BAN001.A0102.SG1.4_10M.classified_gc_rl.tsv.gz
61,1229,BAN001.A0102.SG1.4_10M.classified_gc_rl.tsv.gz
62,1148,BAN001.A0102.SG1.4_10M.classified_gc_rl.tsv.gz
63,1041,BAN001.A0102.SG1.4_10M.classified_gc_rl.tsv.gz
64,973,BAN001.A0102.SG1.4_10M.classified_gc_rl.tsv.gz
65,988,BAN001.A0102.SG1.4_10M.classified_gc_rl.tsv.gz
66,889,BAN001.A0102.SG1.4_10M.classified_gc_rl.tsv.gz
67,861,BAN001.A0102.SG1.4_10M.classified_gc_rl.tsv.gz
68,802,BAN001.A0102.SG1.4_10M.classified_gc_rl.tsv.gz
69,756,BAN001.A0102.SG1.4_10M.classified_gc_rl.tsv.gz
70,744,BAN001.A0102.SG1.4_10M.classified_gc_rl.tsv.gz
71,732,BAN001.A0102.SG1.4_10M.classified_gc_rl.tsv.gz
72,771,BAN001.A0102.SG1.4_10M.classified_gc_rl.tsv.gz
73,917,BAN001.A0102.SG1.4_10M.classified_gc_rl.tsv.gz
74,678,BAN001.A0102.SG1.4_10M.classified_gc_rl.tsv.gz
75,761,BAN001.A0102.SG1.4_10M.classified_gc_rl.tsv.gz
76,2439,BAN001.A0102.SG1.4_10M.classified_gc_rl.tsv.gz
77,520,BAN001.A0102.SG1.4_10M.classified_gc_rl.tsv.gz
78,434,BAN001.A0102.SG1.4_10M.classified_gc_rl.tsv.gz
79,477,BAN001.A0102.SG1.4_10M.classified_gc_rl.tsv.gz
80,443,BAN001.A0102.SG1.4_10M.classified_gc_rl.tsv.gz
81,395,BAN001.A0102.SG1.4_10M.classified_gc_rl.tsv.gz
82,374,BAN001.A0102.SG1.4_10M.classified_gc_rl.tsv.gz
83,348,BAN001.A0102.SG1.4_10M.classified_gc_rl.tsv.gz
84,354,BAN001.A0102.SG1.4_10M.classified_gc_rl.tsv.gz
85,302,BAN001.A0102.SG1.4_10M.classified_gc_rl.tsv.gz
86,315,BAN001.A0102.SG1.4_10M.classified_gc_rl.tsv.gz
87,286,BAN001.A0102.SG1.4_10M.classified_gc_rl.tsv.gz
88,258,BAN001.A0102.SG1.4_10M.classified_gc_rl.tsv.gz
89,284,BAN001.A0102.SG1.4_10M.classified_gc_rl.tsv.gz
90,232,BAN001.A0102.SG1.4_10M.classified_gc_rl.tsv.gz
91,215,BAN001.A0102.SG1.4_10M.classified_gc_rl.tsv.gz
92,246,BAN001.A0102.SG1.4_10M.classified_gc_rl.tsv.gz
93,203,BAN001.A0102.SG1.4_10M.classified_gc_rl.tsv.gz
94,231,BAN001.A0102.SG1.4_10M.classified_gc_rl.tsv.gz
95,197,BAN001.A0102.SG1.4_10M.classified_gc_rl.tsv.gz
96,174,BAN001.A0102.SG1.4_10M.classified_gc_rl.tsv.gz
97,181,BAN001.A0102.SG1.4_10M.classified_gc_rl.tsv.gz
98,185,BAN001.A0102.SG1.4_10M.classified_gc_rl.tsv.gz
99,168,BAN001.A0102.SG1.4_10M.classified_gc_rl.tsv.gz
100,170,BAN001.A0102.SG1.4_10M.classified_gc_rl.tsv.gz
101,159,BAN001.A0102.SG1.4_10M.classified_gc_rl.tsv.gz
102,132,BAN001.A0102.SG1.4_10M.classified_gc_rl.tsv.gz
103,148,BAN001.A0102.SG1.4_10M.classified_gc_rl.tsv.gz
104,141,BAN001.A0102.SG1.4_10M.classified_gc_rl.tsv.gz
105,127,BAN001.A0102.SG1.4_10M.classified_gc_rl.tsv.gz
106,133,BAN001.A0102.SG1.4_10M.classified_gc_rl.tsv.gz
107,137,BAN001.A0102.SG1.4_10M.classified_gc_rl.tsv.gz
108,105,BAN001.A0102.SG1.4_10M.classified_gc_rl.tsv.gz
109,103,BAN001.A0102.SG1.4_10M.classified_gc_rl.tsv.gz
110,104,BAN001.A0102.SG1.4_10M.classified_gc_rl.tsv.gz
111,105,BAN001.A0102.SG1.4_10M.classified_gc_rl.tsv.gz
112,107,BAN001.A0102.SG1.4_10M.classified_gc_rl.tsv.gz
113,101,BAN001.A0102.SG1.4_10M.classified_gc_rl.tsv.gz
114,74,BAN001.A0102.SG1.4_10M.classified_gc_rl.tsv.gz
115,82,BAN001.A0102.SG1.4_10M.classified_gc_rl.tsv.gz
116,94,BAN001.A0102.SG1.4_10M.classified_gc_rl.tsv.gz
117,78,BAN001.A0102.SG1.4_10M.classified_gc_rl.tsv.gz
118,91,BAN001.A0102.SG1.4_10M.classified_gc_rl.tsv.gz
119,75,BAN001.A0102.SG1.4_10M.classified_gc_rl.tsv.gz
120,82,BAN001.A0102.SG1.4_10M.classified_gc_rl.tsv.gz
121,66,BAN001.A0102.SG1.4_10M.classified_gc_rl.tsv.gz
122,79,BAN001.A0102.SG1.4_10M.classified_gc_rl.tsv.gz
123,64,BAN001.A0102.SG1.4_10M.classified_gc_rl.tsv.gz
124,73,BAN001.A0102.SG1.4_10M.classified_gc_rl.tsv.gz
125,57,BAN001.A0102.SG1.4_10M.classified_gc_rl.tsv.gz
126,57,BAN001.A0102.SG1.4_10M.classified_gc_rl.tsv.gz
127,49,BAN001.A0102.SG1.4_10M.classified_gc_rl.tsv.gz
128,59,BAN001.A0102.SG1.4_10M.classified_gc_rl.tsv.gz
129,62,BAN001.A0102.SG1.4_10M.classified_gc_rl.tsv.gz
130,39,BAN001.A0102.SG1.4_10M.classified_gc_rl.tsv.gz
131,54,BAN001.A0102.SG1.4_10M.classified_gc_rl.tsv.gz
132,45,BAN001.A0102.SG1.4_10M.classified_gc_rl.tsv.gz
133,52,BAN001.A0102.SG1.4_10M.classified_gc_rl.tsv.gz
134,53,BAN001.A0102.SG1.4_10M.classified_gc_rl.tsv.gz
135,54,BAN001.A0102.SG1.4_10M.classified_gc_rl.tsv.gz
136,48,BAN001.A0102.SG1.4_10M.classified_gc_rl.tsv.gz
137,54,BAN001.A0102.SG1.4_10M.classified_gc_rl.tsv.gz
138,48,BAN001.A0102.SG1.4_10M.classified_gc_rl.tsv.gz
139,47,BAN001.A0102.SG1.4_10M.classified_gc_rl.tsv.gz
140,44,BAN001.A0102.SG1.4_10M.classified_gc_rl.tsv.gz
141,31,BAN001.A0102.SG1.4_10M.classified_gc_rl.tsv.gz
36,9580,CDM019.A0101.SG1.1_10M.classified_gc_rl.tsv.gz
37,19350,CDM019.A0101.SG1.1_10M.classified_gc_rl.tsv.gz
38,26684,CDM019.A0101.SG1.1_10M.classified_gc_rl.tsv.gz
39,33761,CDM019.A0101.SG1.1_10M.classified_gc_rl.tsv.gz
40,39793,CDM019.A0101.SG1.1_10M.classified_gc_rl.tsv.gz
41,42831,CDM019.A0101.SG1.1_10M.classified_gc_rl.tsv.gz
42,46337,CDM019.A0101.SG1.1_10M.classified_gc_rl.tsv.gz
43,49282,CDM019.A0101.SG1.1_10M.classified_gc_rl.tsv.gz
44,51206,CDM019.A0101.SG1.1_10M.classified_gc_rl.tsv.gz
45,54094,CDM019.A0101.SG1.1_10M.classified_gc_rl.tsv.gz
46,56922,CDM019.A0101.SG1.1_10M.classified_gc_rl.tsv.gz
47,58138,CDM019.A0101.SG1.1_10M.classified_gc_rl.tsv.gz
48,58732,CDM019.A0101.SG1.1_10M.classified_gc_rl.tsv.gz
49,59235,CDM019.A0101.SG1.1_10M.classified_gc_rl.tsv.gz
50,58922,CDM019.A0101.SG1.1_10M.classified_gc_rl.tsv.gz
51,60233,CDM019.A0101.SG1.1_10M.classified_gc_rl.tsv.gz
52,60900,CDM019.A0101.SG1.1_10M.classified_gc_rl.tsv.gz
53,61326,CDM019.A0101.SG1.1_10M.classified_gc_rl.tsv.gz
54,62105,CDM019.A0101.SG1.1_10M.classified_gc_rl.tsv.gz
55,60926,CDM019.A0101.SG1.1_10M.classified_gc_rl.tsv.gz
56,61599,CDM019.A0101.SG1.1_10M.classified_gc_rl.tsv.gz
57,62578,CDM019.A0101.SG1.1_10M.classified_gc_rl.tsv.gz
58,62743,CDM019.A0101.SG1.1_10M.classified_gc_rl.tsv.gz
59,60827,CDM019.A0101.SG1.1_10M.classified_gc_rl.tsv.gz
60,61220,CDM019.A0101.SG1.1_10M.classified_gc_rl.tsv.gz
61,58821,CDM019.A0101.SG1.1_10M.classified_gc_rl.tsv.gz
62,57644,CDM019.A0101.SG1.1_10M.classified_gc_rl.tsv.gz
63,58610,CDM019.A0101.SG1.1_10M.classified_gc_rl.tsv.gz
64,57555,CDM019.A0101.SG1.1_10M.classified_gc_rl.tsv.gz
65,57063,CDM019.A0101.SG1.1_10M.classified_gc_rl.tsv.gz
66,57373,CDM019.A0101.SG1.1_10M.classified_gc_rl.tsv.gz
67,56203,CDM019.A0101.SG1.1_10M.classified_gc_rl.tsv.gz
68,53910,CDM019.A0101.SG1.1_10M.classified_gc_rl.tsv.gz
69,54304,CDM019.A0101.SG1.1_10M.classified_gc_rl.tsv.gz
70,53800,CDM019.A0101.SG1.1_10M.classified_gc_rl.tsv.gz
71,53678,CDM019.A0101.SG1.1_10M.classified_gc_rl.tsv.gz
72,58715,CDM019.A0101.SG1.1_10M.classified_gc_rl.tsv.gz
73,64994,CDM019.A0101.SG1.1_10M.classified_gc_rl.tsv.gz
74,58023,CDM019.A0101.SG1.1_10M.classified_gc_rl.tsv.gz
75,107063,CDM019.A0101.SG1.1_10M.classified_gc_rl.tsv.gz
76,360623,CDM019.A0101.SG1.1_10M.classified_gc_rl.tsv.gz
77,45385,CDM019.A0101.SG1.1_10M.classified_gc_rl.tsv.gz
78,45669,CDM019.A0101.SG1.1_10M.classified_gc_rl.tsv.gz
79,44697,CDM019.A0101.SG1.1_10M.classified_gc_rl.tsv.gz
80,43104,CDM019.A0101.SG1.1_10M.classified_gc_rl.tsv.gz
81,41066,CDM019.A0101.SG1.1_10M.classified_gc_rl.tsv.gz
82,40246,CDM019.A0101.SG1.1_10M.classified_gc_rl.tsv.gz
83,39238,CDM019.A0101.SG1.1_10M.classified_gc_rl.tsv.gz
84,38836,CDM019.A0101.SG1.1_10M.classified_gc_rl.tsv.gz
85,38328,CDM019.A0101.SG1.1_10M.classified_gc_rl.tsv.gz
86,36963,CDM019.A0101.SG1.1_10M.classified_gc_rl.tsv.gz
87,36872,CDM019.A0101.SG1.1_10M.classified_gc_rl.tsv.gz
88,35602,CDM019.A0101.SG1.1_10M.classified_gc_rl.tsv.gz
89,33859,CDM019.A0101.SG1.1_10M.classified_gc_rl.tsv.gz
90,33850,CDM019.A0101.SG1.1_10M.classified_gc_rl.tsv.gz
91,33078,CDM019.A0101.SG1.1_10M.classified_gc_rl.tsv.gz
92,31673,CDM019.A0101.SG1.1_10M.classified_gc_rl.tsv.gz
93,31734,CDM019.A0101.SG1.1_10M.classified_gc_rl.tsv.gz
94,30890,CDM019.A0101.SG1.1_10M.classified_gc_rl.tsv.gz
95,29196,CDM019.A0101.SG1.1_10M.classified_gc_rl.tsv.gz
96,28840,CDM019.A0101.SG1.1_10M.classified_gc_rl.tsv.gz
97,28660,CDM019.A0101.SG1.1_10M.classified_gc_rl.tsv.gz
98,27513,CDM019.A0101.SG1.1_10M.classified_gc_rl.tsv.gz
99,27101,CDM019.A0101.SG1.1_10M.classified_gc_rl.tsv.gz
100,26786,CDM019.A0101.SG1.1_10M.classified_gc_rl.tsv.gz
101,24939,CDM019.A0101.SG1.1_10M.classified_gc_rl.tsv.gz
102,24553,CDM019.A0101.SG1.1_10M.classified_gc_rl.tsv.gz
103,23796,CDM019.A0101.SG1.1_10M.classified_gc_rl.tsv.gz
104,23249,CDM019.A0101.SG1.1_10M.classified_gc_rl.tsv.gz
105,22769,CDM019.A0101.SG1.1_10M.classified_gc_rl.tsv.gz
106,22469,CDM019.A0101.SG1.1_10M.classified_gc_rl.tsv.gz
107,21639,CDM019.A0101.SG1.1_10M.classified_gc_rl.tsv.gz
108,21093,CDM019.A0101.SG1.1_10M.classified_gc_rl.tsv.gz
109,20764,CDM019.A0101.SG1.1_10M.classified_gc_rl.tsv.gz
110,19892,CDM019.A0101.SG1.1_10M.classified_gc_rl.tsv.gz
111,19482,CDM019.A0101.SG1.1_10M.classified_gc_rl.tsv.gz
112,19113,CDM019.A0101.SG1.1_10M.classified_gc_rl.tsv.gz
113,18495,CDM019.A0101.SG1.1_10M.classified_gc_rl.tsv.gz
114,18315,CDM019.A0101.SG1.1_10M.classified_gc_rl.tsv.gz
115,17274,CDM019.A0101.SG1.1_10M.classified_gc_rl.tsv.gz
116,16613,CDM019.A0101.SG1.1_10M.classified_gc_rl.tsv.gz
117,16439,CDM019.A0101.SG1.1_10M.classified_gc_rl.tsv.gz
118,16157,CDM019.A0101.SG1.1_10M.classified_gc_rl.tsv.gz
119,15487,CDM019.A0101.SG1.1_10M.classified_gc_rl.tsv.gz
120,15334,CDM019.A0101.SG1.1_10M.classified_gc_rl.tsv.gz
121,14784,CDM019.A0101.SG1.1_10M.classified_gc_rl.tsv.gz
122,14175,CDM019.A0101.SG1.1_10M.classified_gc_rl.tsv.gz
123,14100,CDM019.A0101.SG1.1_10M.classified_gc_rl.tsv.gz
124,13544,CDM019.A0101.SG1.1_10M.classified_gc_rl.tsv.gz
125,13123,CDM019.A0101.SG1.1_10M.classified_gc_rl.tsv.gz
126,12689,CDM019.A0101.SG1.1_10M.classified_gc_rl.tsv.gz
127,12672,CDM019.A0101.SG1.1_10M.classified_gc_rl.tsv.gz
128,11811,CDM019.A0101.SG1.1_10M.classified_gc_rl.tsv.gz
129,11849,CDM019.A0101.SG1.1_10M.classified_gc_rl.tsv.gz
130,11381,CDM019.A0101.SG1.1_10M.classified_gc_rl.tsv.gz
131,11052,CDM019.A0101.SG1.1_10M.classified_gc_rl.tsv.gz
132,10640,CDM019.A0101.SG1.1_10M.classified_gc_rl.tsv.gz
133,10501,CDM019.A0101.SG1.1_10M.classified_gc_rl.tsv.gz
134,10152,CDM019.A0101.SG1.1_10M.classified_gc_rl.tsv.gz
135,9851,CDM019.A0101.SG1.1_10M.classified_gc_rl.tsv.gz
136,9636,CDM019.A0101.SG1.1_10M.classified_gc_rl.tsv.gz
137,9473,CDM019.A0101.SG1.1_10M.classified_gc_rl.tsv.gz
138,9068,CDM019.A0101.SG1.1_10M.classified_gc_rl.tsv.gz
139,8594,CDM019.A0101.SG1.1_10M.classified_gc_rl.tsv.gz
140,8689,CDM019.A0101.SG1.1_10M.classified_gc_rl.tsv.gz
141,7571,CDM019.A0101.SG1.1_10M.classified_gc_rl.tsv.gz
36,13765,CDM019.A0102.SG1.4_10M.classified_gc_rl.tsv.gz
37,25419,CDM019.A0102.SG1.4_10M.classified_gc_rl.tsv.gz
38,35080,CDM019.A0102.SG1.4_10M.classified_gc_rl.tsv.gz
39,41618,CDM019.A0102.SG1.4_10M.classified_gc_rl.tsv.gz
40,48922,CDM019.A0102.SG1.4_10M.classified_gc_rl.tsv.gz
41,51931,CDM019.A0102.SG1.4_10M.classified_gc_rl.tsv.gz
42,50927,CDM019.A0102.SG1.4_10M.classified_gc_rl.tsv.gz
43,52110,CDM019.A0102.SG1.4_10M.classified_gc_rl.tsv.gz
44,53269,CDM019.A0102.SG1.4_10M.classified_gc_rl.tsv.gz
45,51892,CDM019.A0102.SG1.4_10M.classified_gc_rl.tsv.gz
46,53389,CDM019.A0102.SG1.4_10M.classified_gc_rl.tsv.gz
47,53633,CDM019.A0102.SG1.4_10M.classified_gc_rl.tsv.gz
48,51179,CDM019.A0102.SG1.4_10M.classified_gc_rl.tsv.gz
49,51386,CDM019.A0102.SG1.4_10M.classified_gc_rl.tsv.gz
50,51843,CDM019.A0102.SG1.4_10M.classified_gc_rl.tsv.gz
51,50067,CDM019.A0102.SG1.4_10M.classified_gc_rl.tsv.gz
52,49845,CDM019.A0102.SG1.4_10M.classified_gc_rl.tsv.gz
53,48521,CDM019.A0102.SG1.4_10M.classified_gc_rl.tsv.gz
54,46646,CDM019.A0102.SG1.4_10M.classified_gc_rl.tsv.gz
55,45323,CDM019.A0102.SG1.4_10M.classified_gc_rl.tsv.gz
56,44666,CDM019.A0102.SG1.4_10M.classified_gc_rl.tsv.gz
57,42957,CDM019.A0102.SG1.4_10M.classified_gc_rl.tsv.gz
58,42280,CDM019.A0102.SG1.4_10M.classified_gc_rl.tsv.gz
59,42048,CDM019.A0102.SG1.4_10M.classified_gc_rl.tsv.gz
60,39825,CDM019.A0102.SG1.4_10M.classified_gc_rl.tsv.gz
61,38676,CDM019.A0102.SG1.4_10M.classified_gc_rl.tsv.gz
62,37951,CDM019.A0102.SG1.4_10M.classified_gc_rl.tsv.gz
63,36032,CDM019.A0102.SG1.4_10M.classified_gc_rl.tsv.gz
64,35324,CDM019.A0102.SG1.4_10M.classified_gc_rl.tsv.gz
65,34487,CDM019.A0102.SG1.4_10M.classified_gc_rl.tsv.gz
66,32911,CDM019.A0102.SG1.4_10M.classified_gc_rl.tsv.gz
67,32188,CDM019.A0102.SG1.4_10M.classified_gc_rl.tsv.gz
68,31009,CDM019.A0102.SG1.4_10M.classified_gc_rl.tsv.gz
69,29668,CDM019.A0102.SG1.4_10M.classified_gc_rl.tsv.gz
70,29458,CDM019.A0102.SG1.4_10M.classified_gc_rl.tsv.gz
71,30242,CDM019.A0102.SG1.4_10M.classified_gc_rl.tsv.gz
72,32449,CDM019.A0102.SG1.4_10M.classified_gc_rl.tsv.gz
73,43227,CDM019.A0102.SG1.4_10M.classified_gc_rl.tsv.gz
74,27511,CDM019.A0102.SG1.4_10M.classified_gc_rl.tsv.gz
75,37236,CDM019.A0102.SG1.4_10M.classified_gc_rl.tsv.gz
76,168763,CDM019.A0102.SG1.4_10M.classified_gc_rl.tsv.gz
77,22922,CDM019.A0102.SG1.4_10M.classified_gc_rl.tsv.gz
78,21694,CDM019.A0102.SG1.4_10M.classified_gc_rl.tsv.gz
79,21424,CDM019.A0102.SG1.4_10M.classified_gc_rl.tsv.gz
80,20825,CDM019.A0102.SG1.4_10M.classified_gc_rl.tsv.gz
81,18918,CDM019.A0102.SG1.4_10M.classified_gc_rl.tsv.gz
82,18880,CDM019.A0102.SG1.4_10M.classified_gc_rl.tsv.gz
83,18481,CDM019.A0102.SG1.4_10M.classified_gc_rl.tsv.gz
84,17208,CDM019.A0102.SG1.4_10M.classified_gc_rl.tsv.gz
85,16856,CDM019.A0102.SG1.4_10M.classified_gc_rl.tsv.gz
86,16791,CDM019.A0102.SG1.4_10M.classified_gc_rl.tsv.gz
87,15574,CDM019.A0102.SG1.4_10M.classified_gc_rl.tsv.gz
88,15033,CDM019.A0102.SG1.4_10M.classified_gc_rl.tsv.gz
89,14664,CDM019.A0102.SG1.4_10M.classified_gc_rl.tsv.gz
90,13883,CDM019.A0102.SG1.4_10M.classified_gc_rl.tsv.gz
91,13492,CDM019.A0102.SG1.4_10M.classified_gc_rl.tsv.gz
92,13501,CDM019.A0102.SG1.4_10M.classified_gc_rl.tsv.gz
93,12736,CDM019.A0102.SG1.4_10M.classified_gc_rl.tsv.gz
94,12548,CDM019.A0102.SG1.4_10M.classified_gc_rl.tsv.gz
95,11917,CDM019.A0102.SG1.4_10M.classified_gc_rl.tsv.gz
96,11301,CDM019.A0102.SG1.4_10M.classified_gc_rl.tsv.gz
97,10959,CDM019.A0102.SG1.4_10M.classified_gc_rl.tsv.gz
98,10687,CDM019.A0102.SG1.4_10M.classified_gc_rl.tsv.gz
99,10311,CDM019.A0102.SG1.4_10M.classified_gc_rl.tsv.gz
100,10010,CDM019.A0102.SG1.4_10M.classified_gc_rl.tsv.gz
101,9570,CDM019.A0102.SG1.4_10M.classified_gc_rl.tsv.gz
102,9141,CDM019.A0102.SG1.4_10M.classified_gc_rl.tsv.gz
103,8832,CDM019.A0102.SG1.4_10M.classified_gc_rl.tsv.gz
104,8837,CDM019.A0102.SG1.4_10M.classified_gc_rl.tsv.gz
105,8288,CDM019.A0102.SG1.4_10M.classified_gc_rl.tsv.gz
106,8206,CDM019.A0102.SG1.4_10M.classified_gc_rl.tsv.gz
107,7960,CDM019.A0102.SG1.4_10M.classified_gc_rl.tsv.gz
108,7467,CDM019.A0102.SG1.4_10M.classified_gc_rl.tsv.gz
109,7310,CDM019.A0102.SG1.4_10M.classified_gc_rl.tsv.gz
110,7312,CDM019.A0102.SG1.4_10M.classified_gc_rl.tsv.gz
111,6942,CDM019.A0102.SG1.4_10M.classified_gc_rl.tsv.gz
112,6713,CDM019.A0102.SG1.4_10M.classified_gc_rl.tsv.gz
113,6730,CDM019.A0102.SG1.4_10M.classified_gc_rl.tsv.gz
114,6244,CDM019.A0102.SG1.4_10M.classified_gc_rl.tsv.gz
115,5992,CDM019.A0102.SG1.4_10M.classified_gc_rl.tsv.gz
116,5986,CDM019.A0102.SG1.4_10M.classified_gc_rl.tsv.gz
117,5608,CDM019.A0102.SG1.4_10M.classified_gc_rl.tsv.gz
118,5412,CDM019.A0102.SG1.4_10M.classified_gc_rl.tsv.gz
119,5327,CDM019.A0102.SG1.4_10M.classified_gc_rl.tsv.gz
120,5172,CDM019.A0102.SG1.4_10M.classified_gc_rl.tsv.gz
121,4942,CDM019.A0102.SG1.4_10M.classified_gc_rl.tsv.gz
122,4849,CDM019.A0102.SG1.4_10M.classified_gc_rl.tsv.gz
123,4604,CDM019.A0102.SG1.4_10M.classified_gc_rl.tsv.gz
124,4537,CDM019.A0102.SG1.4_10M.classified_gc_rl.tsv.gz
125,4479,CDM019.A0102.SG1.4_10M.classified_gc_rl.tsv.gz
126,4221,CDM019.A0102.SG1.4_10M.classified_gc_rl.tsv.gz
127,4181,CDM019.A0102.SG1.4_10M.classified_gc_rl.tsv.gz
128,4033,CDM019.A0102.SG1.4_10M.classified_gc_rl.tsv.gz
129,3884,CDM019.A0102.SG1.4_10M.classified_gc_rl.tsv.gz
130,3893,CDM019.A0102.SG1.4_10M.classified_gc_rl.tsv.gz
131,3852,CDM019.A0102.SG1.4_10M.classified_gc_rl.tsv.gz
132,3649,CDM019.A0102.SG1.4_10M.classified_gc_rl.tsv.gz
133,3502,CDM019.A0102.SG1.4_10M.classified_gc_rl.tsv.gz
134,3612,CDM019.A0102.SG1.4_10M.classified_gc_rl.tsv.gz
135,3320,CDM019.A0102.SG1.4_10M.classified_gc_rl.tsv.gz
136,3247,CDM019.A0102.SG1.4_10M.classified_gc_rl.tsv.gz
137,3254,CDM019.A0102.SG1.4_10M.classified_gc_rl.tsv.gz
138,2908,CDM019.A0102.SG1.4_10M.classified_gc_rl.tsv.gz
139,2789,CDM019.A0102.SG1.4_10M.classified_gc_rl.tsv.gz
140,2844,CDM019.A0102.SG1.4_10M.classified_gc_rl.tsv.gz
141,2461,CDM019.A0102.SG1.4_10M.classified_gc_rl.tsv.gz
36,10920,CDM020.A0101.SG1.1_10M.classified_gc_rl.tsv.gz
37,21357,CDM020.A0101.SG1.1_10M.classified_gc_rl.tsv.gz
38,29996,CDM020.A0101.SG1.1_10M.classified_gc_rl.tsv.gz
39,37469,CDM020.A0101.SG1.1_10M.classified_gc_rl.tsv.gz
40,44171,CDM020.A0101.SG1.1_10M.classified_gc_rl.tsv.gz
41,47688,CDM020.A0101.SG1.1_10M.classified_gc_rl.tsv.gz
42,51388,CDM020.A0101.SG1.1_10M.classified_gc_rl.tsv.gz
43,54150,CDM020.A0101.SG1.1_10M.classified_gc_rl.tsv.gz
44,55874,CDM020.A0101.SG1.1_10M.classified_gc_rl.tsv.gz
45,58636,CDM020.A0101.SG1.1_10M.classified_gc_rl.tsv.gz
46,61265,CDM020.A0101.SG1.1_10M.classified_gc_rl.tsv.gz
47,62711,CDM020.A0101.SG1.1_10M.classified_gc_rl.tsv.gz
48,62763,CDM020.A0101.SG1.1_10M.classified_gc_rl.tsv.gz
49,63290,CDM020.A0101.SG1.1_10M.classified_gc_rl.tsv.gz
50,62621,CDM020.A0101.SG1.1_10M.classified_gc_rl.tsv.gz
51,63372,CDM020.A0101.SG1.1_10M.classified_gc_rl.tsv.gz
52,63870,CDM020.A0101.SG1.1_10M.classified_gc_rl.tsv.gz
53,63274,CDM020.A0101.SG1.1_10M.classified_gc_rl.tsv.gz
54,64011,CDM020.A0101.SG1.1_10M.classified_gc_rl.tsv.gz
55,62320,CDM020.A0101.SG1.1_10M.classified_gc_rl.tsv.gz
56,62305,CDM020.A0101.SG1.1_10M.classified_gc_rl.tsv.gz
57,62205,CDM020.A0101.SG1.1_10M.classified_gc_rl.tsv.gz
58,61709,CDM020.A0101.SG1.1_10M.classified_gc_rl.tsv.gz
59,60548,CDM020.A0101.SG1.1_10M.classified_gc_rl.tsv.gz
60,60130,CDM020.A0101.SG1.1_10M.classified_gc_rl.tsv.gz
61,57493,CDM020.A0101.SG1.1_10M.classified_gc_rl.tsv.gz
62,56270,CDM020.A0101.SG1.1_10M.classified_gc_rl.tsv.gz
63,55822,CDM020.A0101.SG1.1_10M.classified_gc_rl.tsv.gz
64,54785,CDM020.A0101.SG1.1_10M.classified_gc_rl.tsv.gz
65,53665,CDM020.A0101.SG1.1_10M.classified_gc_rl.tsv.gz
66,53910,CDM020.A0101.SG1.1_10M.classified_gc_rl.tsv.gz
67,52695,CDM020.A0101.SG1.1_10M.classified_gc_rl.tsv.gz
68,50221,CDM020.A0101.SG1.1_10M.classified_gc_rl.tsv.gz
69,50012,CDM020.A0101.SG1.1_10M.classified_gc_rl.tsv.gz
70,49199,CDM020.A0101.SG1.1_10M.classified_gc_rl.tsv.gz
71,49495,CDM020.A0101.SG1.1_10M.classified_gc_rl.tsv.gz
72,53352,CDM020.A0101.SG1.1_10M.classified_gc_rl.tsv.gz
73,59558,CDM020.A0101.SG1.1_10M.classified_gc_rl.tsv.gz
74,53620,CDM020.A0101.SG1.1_10M.classified_gc_rl.tsv.gz
75,101673,CDM020.A0101.SG1.1_10M.classified_gc_rl.tsv.gz
76,328847,CDM020.A0101.SG1.1_10M.classified_gc_rl.tsv.gz
77,40064,CDM020.A0101.SG1.1_10M.classified_gc_rl.tsv.gz
78,39735,CDM020.A0101.SG1.1_10M.classified_gc_rl.tsv.gz
79,38286,CDM020.A0101.SG1.1_10M.classified_gc_rl.tsv.gz
80,37246,CDM020.A0101.SG1.1_10M.classified_gc_rl.tsv.gz
81,34964,CDM020.A0101.SG1.1_10M.classified_gc_rl.tsv.gz
82,34582,CDM020.A0101.SG1.1_10M.classified_gc_rl.tsv.gz
83,33121,CDM020.A0101.SG1.1_10M.classified_gc_rl.tsv.gz
84,32918,CDM020.A0101.SG1.1_10M.classified_gc_rl.tsv.gz
85,32020,CDM020.A0101.SG1.1_10M.classified_gc_rl.tsv.gz
86,31128,CDM020.A0101.SG1.1_10M.classified_gc_rl.tsv.gz
87,30820,CDM020.A0101.SG1.1_10M.classified_gc_rl.tsv.gz
88,29017,CDM020.A0101.SG1.1_10M.classified_gc_rl.tsv.gz
89,27955,CDM020.A0101.SG1.1_10M.classified_gc_rl.tsv.gz
90,27656,CDM020.A0101.SG1.1_10M.classified_gc_rl.tsv.gz
91,27061,CDM020.A0101.SG1.1_10M.classified_gc_rl.tsv.gz
92,25547,CDM020.A0101.SG1.1_10M.classified_gc_rl.tsv.gz
93,25589,CDM020.A0101.SG1.1_10M.classified_gc_rl.tsv.gz
94,24814,CDM020.A0101.SG1.1_10M.classified_gc_rl.tsv.gz
95,23452,CDM020.A0101.SG1.1_10M.classified_gc_rl.tsv.gz
96,23255,CDM020.A0101.SG1.1_10M.classified_gc_rl.tsv.gz
97,22666,CDM020.A0101.SG1.1_10M.classified_gc_rl.tsv.gz
98,21829,CDM020.A0101.SG1.1_10M.classified_gc_rl.tsv.gz
99,21698,CDM020.A0101.SG1.1_10M.classified_gc_rl.tsv.gz
100,20910,CDM020.A0101.SG1.1_10M.classified_gc_rl.tsv.gz
101,19725,CDM020.A0101.SG1.1_10M.classified_gc_rl.tsv.gz
102,19415,CDM020.A0101.SG1.1_10M.classified_gc_rl.tsv.gz
103,18546,CDM020.A0101.SG1.1_10M.classified_gc_rl.tsv.gz
104,18195,CDM020.A0101.SG1.1_10M.classified_gc_rl.tsv.gz
105,17798,CDM020.A0101.SG1.1_10M.classified_gc_rl.tsv.gz
106,17631,CDM020.A0101.SG1.1_10M.classified_gc_rl.tsv.gz
107,16783,CDM020.A0101.SG1.1_10M.classified_gc_rl.tsv.gz
108,16306,CDM020.A0101.SG1.1_10M.classified_gc_rl.tsv.gz
109,15909,CDM020.A0101.SG1.1_10M.classified_gc_rl.tsv.gz
110,15278,CDM020.A0101.SG1.1_10M.classified_gc_rl.tsv.gz
111,15090,CDM020.A0101.SG1.1_10M.classified_gc_rl.tsv.gz
112,14390,CDM020.A0101.SG1.1_10M.classified_gc_rl.tsv.gz
113,14105,CDM020.A0101.SG1.1_10M.classified_gc_rl.tsv.gz
114,13775,CDM020.A0101.SG1.1_10M.classified_gc_rl.tsv.gz
115,13326,CDM020.A0101.SG1.1_10M.classified_gc_rl.tsv.gz
116,12676,CDM020.A0101.SG1.1_10M.classified_gc_rl.tsv.gz
117,12558,CDM020.A0101.SG1.1_10M.classified_gc_rl.tsv.gz
118,12144,CDM020.A0101.SG1.1_10M.classified_gc_rl.tsv.gz
119,11636,CDM020.A0101.SG1.1_10M.classified_gc_rl.tsv.gz
120,11649,CDM020.A0101.SG1.1_10M.classified_gc_rl.tsv.gz
121,11287,CDM020.A0101.SG1.1_10M.classified_gc_rl.tsv.gz
122,10833,CDM020.A0101.SG1.1_10M.classified_gc_rl.tsv.gz
123,10666,CDM020.A0101.SG1.1_10M.classified_gc_rl.tsv.gz
124,10183,CDM020.A0101.SG1.1_10M.classified_gc_rl.tsv.gz
125,10047,CDM020.A0101.SG1.1_10M.classified_gc_rl.tsv.gz
126,9705,CDM020.A0101.SG1.1_10M.classified_gc_rl.tsv.gz
127,9512,CDM020.A0101.SG1.1_10M.classified_gc_rl.tsv.gz
128,9096,CDM020.A0101.SG1.1_10M.classified_gc_rl.tsv.gz
129,8997,CDM020.A0101.SG1.1_10M.classified_gc_rl.tsv.gz
130,8739,CDM020.A0101.SG1.1_10M.classified_gc_rl.tsv.gz
131,8420,CDM020.A0101.SG1.1_10M.classified_gc_rl.tsv.gz
132,8174,CDM020.A0101.SG1.1_10M.classified_gc_rl.tsv.gz
133,8241,CDM020.A0101.SG1.1_10M.classified_gc_rl.tsv.gz
134,7928,CDM020.A0101.SG1.1_10M.classified_gc_rl.tsv.gz
135,7754,CDM020.A0101.SG1.1_10M.classified_gc_rl.tsv.gz
136,7638,CDM020.A0101.SG1.1_10M.classified_gc_rl.tsv.gz
137,7494,CDM020.A0101.SG1.1_10M.classified_gc_rl.tsv.gz
138,7004,CDM020.A0101.SG1.1_10M.classified_gc_rl.tsv.gz
139,6914,CDM020.A0101.SG1.1_10M.classified_gc_rl.tsv.gz
140,6866,CDM020.A0101.SG1.1_10M.classified_gc_rl.tsv.gz
141,5746,CDM020.A0101.SG1.1_10M.classified_gc_rl.tsv.gz
36,13742,CDM020.A0102.SG1.4_10M.classified_gc_rl.tsv.gz
37,25624,CDM020.A0102.SG1.4_10M.classified_gc_rl.tsv.gz
38,35159,CDM020.A0102.SG1.4_10M.classified_gc_rl.tsv.gz
39,42290,CDM020.A0102.SG1.4_10M.classified_gc_rl.tsv.gz
40,49420,CDM020.A0102.SG1.4_10M.classified_gc_rl.tsv.gz
41,52299,CDM020.A0102.SG1.4_10M.classified_gc_rl.tsv.gz
42,52976,CDM020.A0102.SG1.4_10M.classified_gc_rl.tsv.gz
43,54171,CDM020.A0102.SG1.4_10M.classified_gc_rl.tsv.gz
44,55943,CDM020.A0102.SG1.4_10M.classified_gc_rl.tsv.gz
45,55309,CDM020.A0102.SG1.4_10M.classified_gc_rl.tsv.gz
46,56278,CDM020.A0102.SG1.4_10M.classified_gc_rl.tsv.gz
47,56706,CDM020.A0102.SG1.4_10M.classified_gc_rl.tsv.gz
48,54673,CDM020.A0102.SG1.4_10M.classified_gc_rl.tsv.gz
49,54698,CDM020.A0102.SG1.4_10M.classified_gc_rl.tsv.gz
50,54859,CDM020.A0102.SG1.4_10M.classified_gc_rl.tsv.gz
51,53291,CDM020.A0102.SG1.4_10M.classified_gc_rl.tsv.gz
52,53030,CDM020.A0102.SG1.4_10M.classified_gc_rl.tsv.gz
53,51602,CDM020.A0102.SG1.4_10M.classified_gc_rl.tsv.gz
54,49723,CDM020.A0102.SG1.4_10M.classified_gc_rl.tsv.gz
55,48366,CDM020.A0102.SG1.4_10M.classified_gc_rl.tsv.gz
56,47565,CDM020.A0102.SG1.4_10M.classified_gc_rl.tsv.gz
57,45983,CDM020.A0102.SG1.4_10M.classified_gc_rl.tsv.gz
58,44828,CDM020.A0102.SG1.4_10M.classified_gc_rl.tsv.gz
59,44481,CDM020.A0102.SG1.4_10M.classified_gc_rl.tsv.gz
60,42581,CDM020.A0102.SG1.4_10M.classified_gc_rl.tsv.gz
61,40709,CDM020.A0102.SG1.4_10M.classified_gc_rl.tsv.gz
62,40297,CDM020.A0102.SG1.4_10M.classified_gc_rl.tsv.gz
63,38141,CDM020.A0102.SG1.4_10M.classified_gc_rl.tsv.gz
64,37411,CDM020.A0102.SG1.4_10M.classified_gc_rl.tsv.gz
65,36412,CDM020.A0102.SG1.4_10M.classified_gc_rl.tsv.gz
66,34672,CDM020.A0102.SG1.4_10M.classified_gc_rl.tsv.gz
67,33958,CDM020.A0102.SG1.4_10M.classified_gc_rl.tsv.gz
68,32570,CDM020.A0102.SG1.4_10M.classified_gc_rl.tsv.gz
69,31144,CDM020.A0102.SG1.4_10M.classified_gc_rl.tsv.gz
70,30963,CDM020.A0102.SG1.4_10M.classified_gc_rl.tsv.gz
71,30784,CDM020.A0102.SG1.4_10M.classified_gc_rl.tsv.gz
72,33352,CDM020.A0102.SG1.4_10M.classified_gc_rl.tsv.gz
73,42180,CDM020.A0102.SG1.4_10M.classified_gc_rl.tsv.gz
74,28104,CDM020.A0102.SG1.4_10M.classified_gc_rl.tsv.gz
75,34987,CDM020.A0102.SG1.4_10M.classified_gc_rl.tsv.gz
76,146834,CDM020.A0102.SG1.4_10M.classified_gc_rl.tsv.gz
77,22951,CDM020.A0102.SG1.4_10M.classified_gc_rl.tsv.gz
78,21688,CDM020.A0102.SG1.4_10M.classified_gc_rl.tsv.gz
79,21450,CDM020.A0102.SG1.4_10M.classified_gc_rl.tsv.gz
80,20992,CDM020.A0102.SG1.4_10M.classified_gc_rl.tsv.gz
81,19167,CDM020.A0102.SG1.4_10M.classified_gc_rl.tsv.gz
82,18806,CDM020.A0102.SG1.4_10M.classified_gc_rl.tsv.gz
83,18188,CDM020.A0102.SG1.4_10M.classified_gc_rl.tsv.gz
84,17152,CDM020.A0102.SG1.4_10M.classified_gc_rl.tsv.gz
85,16810,CDM020.A0102.SG1.4_10M.classified_gc_rl.tsv.gz
86,16528,CDM020.A0102.SG1.4_10M.classified_gc_rl.tsv.gz
87,15700,CDM020.A0102.SG1.4_10M.classified_gc_rl.tsv.gz
88,14587,CDM020.A0102.SG1.4_10M.classified_gc_rl.tsv.gz
89,14153,CDM020.A0102.SG1.4_10M.classified_gc_rl.tsv.gz
90,13366,CDM020.A0102.SG1.4_10M.classified_gc_rl.tsv.gz
91,13393,CDM020.A0102.SG1.4_10M.classified_gc_rl.tsv.gz
92,12969,CDM020.A0102.SG1.4_10M.classified_gc_rl.tsv.gz
93,12042,CDM020.A0102.SG1.4_10M.classified_gc_rl.tsv.gz
94,12018,CDM020.A0102.SG1.4_10M.classified_gc_rl.tsv.gz
95,11362,CDM020.A0102.SG1.4_10M.classified_gc_rl.tsv.gz
96,10671,CDM020.A0102.SG1.4_10M.classified_gc_rl.tsv.gz
97,10477,CDM020.A0102.SG1.4_10M.classified_gc_rl.tsv.gz
98,10292,CDM020.A0102.SG1.4_10M.classified_gc_rl.tsv.gz
99,9720,CDM020.A0102.SG1.4_10M.classified_gc_rl.tsv.gz
100,9494,CDM020.A0102.SG1.4_10M.classified_gc_rl.tsv.gz
101,8773,CDM020.A0102.SG1.4_10M.classified_gc_rl.tsv.gz
102,8488,CDM020.A0102.SG1.4_10M.classified_gc_rl.tsv.gz
103,8130,CDM020.A0102.SG1.4_10M.classified_gc_rl.tsv.gz
104,8166,CDM020.A0102.SG1.4_10M.classified_gc_rl.tsv.gz
105,7557,CDM020.A0102.SG1.4_10M.classified_gc_rl.tsv.gz
106,7534,CDM020.A0102.SG1.4_10M.classified_gc_rl.tsv.gz
107,7245,CDM020.A0102.SG1.4_10M.classified_gc_rl.tsv.gz
108,6784,CDM020.A0102.SG1.4_10M.classified_gc_rl.tsv.gz
109,6719,CDM020.A0102.SG1.4_10M.classified_gc_rl.tsv.gz
110,6369,CDM020.A0102.SG1.4_10M.classified_gc_rl.tsv.gz
111,6095,CDM020.A0102.SG1.4_10M.classified_gc_rl.tsv.gz
112,6006,CDM020.A0102.SG1.4_10M.classified_gc_rl.tsv.gz
113,5787,CDM020.A0102.SG1.4_10M.classified_gc_rl.tsv.gz
114,5493,CDM020.A0102.SG1.4_10M.classified_gc_rl.tsv.gz
115,5374,CDM020.A0102.SG1.4_10M.classified_gc_rl.tsv.gz
116,5218,CDM020.A0102.SG1.4_10M.classified_gc_rl.tsv.gz
117,4880,CDM020.A0102.SG1.4_10M.classified_gc_rl.tsv.gz
118,4824,CDM020.A0102.SG1.4_10M.classified_gc_rl.tsv.gz
119,4690,CDM020.A0102.SG1.4_10M.classified_gc_rl.tsv.gz
120,4493,CDM020.A0102.SG1.4_10M.classified_gc_rl.tsv.gz
121,4377,CDM020.A0102.SG1.4_10M.classified_gc_rl.tsv.gz
122,4315,CDM020.A0102.SG1.4_10M.classified_gc_rl.tsv.gz
123,3974,CDM020.A0102.SG1.4_10M.classified_gc_rl.tsv.gz
124,3932,CDM020.A0102.SG1.4_10M.classified_gc_rl.tsv.gz
125,3870,CDM020.A0102.SG1.4_10M.classified_gc_rl.tsv.gz
126,3801,CDM020.A0102.SG1.4_10M.classified_gc_rl.tsv.gz
127,3557,CDM020.A0102.SG1.4_10M.classified_gc_rl.tsv.gz
128,3537,CDM020.A0102.SG1.4_10M.classified_gc_rl.tsv.gz
129,3273,CDM020.A0102.SG1.4_10M.classified_gc_rl.tsv.gz
130,3353,CDM020.A0102.SG1.4_10M.classified_gc_rl.tsv.gz
131,3125,CDM020.A0102.SG1.4_10M.classified_gc_rl.tsv.gz
132,2961,CDM020.A0102.SG1.4_10M.classified_gc_rl.tsv.gz
133,2881,CDM020.A0102.SG1.4_10M.classified_gc_rl.tsv.gz
134,2886,CDM020.A0102.SG1.4_10M.classified_gc_rl.tsv.gz
135,2723,CDM020.A0102.SG1.4_10M.classified_gc_rl.tsv.gz
136,2736,CDM020.A0102.SG1.4_10M.classified_gc_rl.tsv.gz
137,2718,CDM020.A0102.SG1.4_10M.classified_gc_rl.tsv.gz
138,2409,CDM020.A0102.SG1.4_10M.classified_gc_rl.tsv.gz
139,2307,CDM020.A0102.SG1.4_10M.classified_gc_rl.tsv.gz
140,2373,CDM020.A0102.SG1.4_10M.classified_gc_rl.tsv.gz
141,2065,CDM020.A0102.SG1.4_10M.classified_gc_rl.tsv.gz
36,8940,FUM001.A0101.SG1.1_10M.classified_gc_rl.tsv.gz
37,17638,FUM001.A0101.SG1.1_10M.classified_gc_rl.tsv.gz
38,23407,FUM001.A0101.SG1.1_10M.classified_gc_rl.tsv.gz
39,29241,FUM001.A0101.SG1.1_10M.classified_gc_rl.tsv.gz
40,34266,FUM001.A0101.SG1.1_10M.classified_gc_rl.tsv.gz
41,34931,FUM001.A0101.SG1.1_10M.classified_gc_rl.tsv.gz
42,36591,FUM001.A0101.SG1.1_10M.classified_gc_rl.tsv.gz
43,37888,FUM001.A0101.SG1.1_10M.classified_gc_rl.tsv.gz
44,38326,FUM001.A0101.SG1.1_10M.classified_gc_rl.tsv.gz
45,39061,FUM001.A0101.SG1.1_10M.classified_gc_rl.tsv.gz
46,39316,FUM001.A0101.SG1.1_10M.classified_gc_rl.tsv.gz
47,37784,FUM001.A0101.SG1.1_10M.classified_gc_rl.tsv.gz
48,38177,FUM001.A0101.SG1.1_10M.classified_gc_rl.tsv.gz
49,38257,FUM001.A0101.SG1.1_10M.classified_gc_rl.tsv.gz
50,36799,FUM001.A0101.SG1.1_10M.classified_gc_rl.tsv.gz
51,37105,FUM001.A0101.SG1.1_10M.classified_gc_rl.tsv.gz
52,36207,FUM001.A0101.SG1.1_10M.classified_gc_rl.tsv.gz
53,34469,FUM001.A0101.SG1.1_10M.classified_gc_rl.tsv.gz
54,33949,FUM001.A0101.SG1.1_10M.classified_gc_rl.tsv.gz
55,33355,FUM001.A0101.SG1.1_10M.classified_gc_rl.tsv.gz
56,32026,FUM001.A0101.SG1.1_10M.classified_gc_rl.tsv.gz
57,32264,FUM001.A0101.SG1.1_10M.classified_gc_rl.tsv.gz
58,29872,FUM001.A0101.SG1.1_10M.classified_gc_rl.tsv.gz
59,28951,FUM001.A0101.SG1.1_10M.classified_gc_rl.tsv.gz
60,28577,FUM001.A0101.SG1.1_10M.classified_gc_rl.tsv.gz
61,26854,FUM001.A0101.SG1.1_10M.classified_gc_rl.tsv.gz
62,25157,FUM001.A0101.SG1.1_10M.classified_gc_rl.tsv.gz
63,25473,FUM001.A0101.SG1.1_10M.classified_gc_rl.tsv.gz
64,24592,FUM001.A0101.SG1.1_10M.classified_gc_rl.tsv.gz
65,23181,FUM001.A0101.SG1.1_10M.classified_gc_rl.tsv.gz
66,22927,FUM001.A0101.SG1.1_10M.classified_gc_rl.tsv.gz
67,22287,FUM001.A0101.SG1.1_10M.classified_gc_rl.tsv.gz
68,19768,FUM001.A0101.SG1.1_10M.classified_gc_rl.tsv.gz
69,20550,FUM001.A0101.SG1.1_10M.classified_gc_rl.tsv.gz
70,20147,FUM001.A0101.SG1.1_10M.classified_gc_rl.tsv.gz
71,19449,FUM001.A0101.SG1.1_10M.classified_gc_rl.tsv.gz
72,19465,FUM001.A0101.SG1.1_10M.classified_gc_rl.tsv.gz
73,21598,FUM001.A0101.SG1.1_10M.classified_gc_rl.tsv.gz
74,19446,FUM001.A0101.SG1.1_10M.classified_gc_rl.tsv.gz
75,32977,FUM001.A0101.SG1.1_10M.classified_gc_rl.tsv.gz
76,113312,FUM001.A0101.SG1.1_10M.classified_gc_rl.tsv.gz
77,14745,FUM001.A0101.SG1.1_10M.classified_gc_rl.tsv.gz
78,14301,FUM001.A0101.SG1.1_10M.classified_gc_rl.tsv.gz
79,13527,FUM001.A0101.SG1.1_10M.classified_gc_rl.tsv.gz
80,13001,FUM001.A0101.SG1.1_10M.classified_gc_rl.tsv.gz
81,12282,FUM001.A0101.SG1.1_10M.classified_gc_rl.tsv.gz
82,11554,FUM001.A0101.SG1.1_10M.classified_gc_rl.tsv.gz
83,10981,FUM001.A0101.SG1.1_10M.classified_gc_rl.tsv.gz
84,11051,FUM001.A0101.SG1.1_10M.classified_gc_rl.tsv.gz
85,11003,FUM001.A0101.SG1.1_10M.classified_gc_rl.tsv.gz
86,9966,FUM001.A0101.SG1.1_10M.classified_gc_rl.tsv.gz
87,9908,FUM001.A0101.SG1.1_10M.classified_gc_rl.tsv.gz
88,9221,FUM001.A0101.SG1.1_10M.classified_gc_rl.tsv.gz
89,8936,FUM001.A0101.SG1.1_10M.classified_gc_rl.tsv.gz
90,8470,FUM001.A0101.SG1.1_10M.classified_gc_rl.tsv.gz
91,8288,FUM001.A0101.SG1.1_10M.classified_gc_rl.tsv.gz
92,7908,FUM001.A0101.SG1.1_10M.classified_gc_rl.tsv.gz
93,7580,FUM001.A0101.SG1.1_10M.classified_gc_rl.tsv.gz
94,7496,FUM001.A0101.SG1.1_10M.classified_gc_rl.tsv.gz
95,6991,FUM001.A0101.SG1.1_10M.classified_gc_rl.tsv.gz
96,6646,FUM001.A0101.SG1.1_10M.classified_gc_rl.tsv.gz
97,6416,FUM001.A0101.SG1.1_10M.classified_gc_rl.tsv.gz
98,6508,FUM001.A0101.SG1.1_10M.classified_gc_rl.tsv.gz
99,6195,FUM001.A0101.SG1.1_10M.classified_gc_rl.tsv.gz
100,6102,FUM001.A0101.SG1.1_10M.classified_gc_rl.tsv.gz
101,5710,FUM001.A0101.SG1.1_10M.classified_gc_rl.tsv.gz
102,5571,FUM001.A0101.SG1.1_10M.classified_gc_rl.tsv.gz
103,5264,FUM001.A0101.SG1.1_10M.classified_gc_rl.tsv.gz
104,5151,FUM001.A0101.SG1.1_10M.classified_gc_rl.tsv.gz
105,4726,FUM001.A0101.SG1.1_10M.classified_gc_rl.tsv.gz
106,4728,FUM001.A0101.SG1.1_10M.classified_gc_rl.tsv.gz
107,4534,FUM001.A0101.SG1.1_10M.classified_gc_rl.tsv.gz
108,4467,FUM001.A0101.SG1.1_10M.classified_gc_rl.tsv.gz
109,4323,FUM001.A0101.SG1.1_10M.classified_gc_rl.tsv.gz
110,4105,FUM001.A0101.SG1.1_10M.classified_gc_rl.tsv.gz
111,3893,FUM001.A0101.SG1.1_10M.classified_gc_rl.tsv.gz
112,4119,FUM001.A0101.SG1.1_10M.classified_gc_rl.tsv.gz
113,3990,FUM001.A0101.SG1.1_10M.classified_gc_rl.tsv.gz
114,3750,FUM001.A0101.SG1.1_10M.classified_gc_rl.tsv.gz
115,3546,FUM001.A0101.SG1.1_10M.classified_gc_rl.tsv.gz
116,3302,FUM001.A0101.SG1.1_10M.classified_gc_rl.tsv.gz
117,3384,FUM001.A0101.SG1.1_10M.classified_gc_rl.tsv.gz
118,3342,FUM001.A0101.SG1.1_10M.classified_gc_rl.tsv.gz
119,3280,FUM001.A0101.SG1.1_10M.classified_gc_rl.tsv.gz
120,3245,FUM001.A0101.SG1.1_10M.classified_gc_rl.tsv.gz
121,2995,FUM001.A0101.SG1.1_10M.classified_gc_rl.tsv.gz
122,2920,FUM001.A0101.SG1.1_10M.classified_gc_rl.tsv.gz
123,2960,FUM001.A0101.SG1.1_10M.classified_gc_rl.tsv.gz
124,2791,FUM001.A0101.SG1.1_10M.classified_gc_rl.tsv.gz
125,2614,FUM001.A0101.SG1.1_10M.classified_gc_rl.tsv.gz
126,2668,FUM001.A0101.SG1.1_10M.classified_gc_rl.tsv.gz
127,2572,FUM001.A0101.SG1.1_10M.classified_gc_rl.tsv.gz
128,2412,FUM001.A0101.SG1.1_10M.classified_gc_rl.tsv.gz
129,2172,FUM001.A0101.SG1.1_10M.classified_gc_rl.tsv.gz
130,2362,FUM001.A0101.SG1.1_10M.classified_gc_rl.tsv.gz
131,2180,FUM001.A0101.SG1.1_10M.classified_gc_rl.tsv.gz
132,2195,FUM001.A0101.SG1.1_10M.classified_gc_rl.tsv.gz
133,2007,FUM001.A0101.SG1.1_10M.classified_gc_rl.tsv.gz
134,2238,FUM001.A0101.SG1.1_10M.classified_gc_rl.tsv.gz
135,1981,FUM001.A0101.SG1.1_10M.classified_gc_rl.tsv.gz
136,2063,FUM001.A0101.SG1.1_10M.classified_gc_rl.tsv.gz
137,2214,FUM001.A0101.SG1.1_10M.classified_gc_rl.tsv.gz
138,1786,FUM001.A0101.SG1.1_10M.classified_gc_rl.tsv.gz
139,1935,FUM001.A0101.SG1.1_10M.classified_gc_rl.tsv.gz
140,2022,FUM001.A0101.SG1.1_10M.classified_gc_rl.tsv.gz
141,1627,FUM001.A0101.SG1.1_10M.classified_gc_rl.tsv.gz
36,1817,FUM001.A0102.SG1.4_10M.classified_gc_rl.tsv.gz
37,3247,FUM001.A0102.SG1.4_10M.classified_gc_rl.tsv.gz
38,4399,FUM001.A0102.SG1.4_10M.classified_gc_rl.tsv.gz
39,5171,FUM001.A0102.SG1.4_10M.classified_gc_rl.tsv.gz
40,5769,FUM001.A0102.SG1.4_10M.classified_gc_rl.tsv.gz
41,5922,FUM001.A0102.SG1.4_10M.classified_gc_rl.tsv.gz
42,5908,FUM001.A0102.SG1.4_10M.classified_gc_rl.tsv.gz
43,5938,FUM001.A0102.SG1.4_10M.classified_gc_rl.tsv.gz
44,5822,FUM001.A0102.SG1.4_10M.classified_gc_rl.tsv.gz
45,5614,FUM001.A0102.SG1.4_10M.classified_gc_rl.tsv.gz
46,5611,FUM001.A0102.SG1.4_10M.classified_gc_rl.tsv.gz
47,5586,FUM001.A0102.SG1.4_10M.classified_gc_rl.tsv.gz
48,5167,FUM001.A0102.SG1.4_10M.classified_gc_rl.tsv.gz
49,5084,FUM001.A0102.SG1.4_10M.classified_gc_rl.tsv.gz
50,5054,FUM001.A0102.SG1.4_10M.classified_gc_rl.tsv.gz
51,4727,FUM001.A0102.SG1.4_10M.classified_gc_rl.tsv.gz
52,4516,FUM001.A0102.SG1.4_10M.classified_gc_rl.tsv.gz
53,4401,FUM001.A0102.SG1.4_10M.classified_gc_rl.tsv.gz
54,4184,FUM001.A0102.SG1.4_10M.classified_gc_rl.tsv.gz
55,4026,FUM001.A0102.SG1.4_10M.classified_gc_rl.tsv.gz
56,3939,FUM001.A0102.SG1.4_10M.classified_gc_rl.tsv.gz
57,3639,FUM001.A0102.SG1.4_10M.classified_gc_rl.tsv.gz
58,3639,FUM001.A0102.SG1.4_10M.classified_gc_rl.tsv.gz
59,3407,FUM001.A0102.SG1.4_10M.classified_gc_rl.tsv.gz
60,3123,FUM001.A0102.SG1.4_10M.classified_gc_rl.tsv.gz
61,3069,FUM001.A0102.SG1.4_10M.classified_gc_rl.tsv.gz
62,2958,FUM001.A0102.SG1.4_10M.classified_gc_rl.tsv.gz
63,2763,FUM001.A0102.SG1.4_10M.classified_gc_rl.tsv.gz
64,2555,FUM001.A0102.SG1.4_10M.classified_gc_rl.tsv.gz
65,2525,FUM001.A0102.SG1.4_10M.classified_gc_rl.tsv.gz
66,2412,FUM001.A0102.SG1.4_10M.classified_gc_rl.tsv.gz
67,2294,FUM001.A0102.SG1.4_10M.classified_gc_rl.tsv.gz
68,2199,FUM001.A0102.SG1.4_10M.classified_gc_rl.tsv.gz
69,2004,FUM001.A0102.SG1.4_10M.classified_gc_rl.tsv.gz
70,2011,FUM001.A0102.SG1.4_10M.classified_gc_rl.tsv.gz
71,2047,FUM001.A0102.SG1.4_10M.classified_gc_rl.tsv.gz
72,2059,FUM001.A0102.SG1.4_10M.classified_gc_rl.tsv.gz
73,2532,FUM001.A0102.SG1.4_10M.classified_gc_rl.tsv.gz
74,1708,FUM001.A0102.SG1.4_10M.classified_gc_rl.tsv.gz
75,2019,FUM001.A0102.SG1.4_10M.classified_gc_rl.tsv.gz
76,7724,FUM001.A0102.SG1.4_10M.classified_gc_rl.tsv.gz
77,1453,FUM001.A0102.SG1.4_10M.classified_gc_rl.tsv.gz
78,1336,FUM001.A0102.SG1.4_10M.classified_gc_rl.tsv.gz
79,1200,FUM001.A0102.SG1.4_10M.classified_gc_rl.tsv.gz
80,1250,FUM001.A0102.SG1.4_10M.classified_gc_rl.tsv.gz
81,1103,FUM001.A0102.SG1.4_10M.classified_gc_rl.tsv.gz
82,1013,FUM001.A0102.SG1.4_10M.classified_gc_rl.tsv.gz
83,1034,FUM001.A0102.SG1.4_10M.classified_gc_rl.tsv.gz
84,967,FUM001.A0102.SG1.4_10M.classified_gc_rl.tsv.gz
85,937,FUM001.A0102.SG1.4_10M.classified_gc_rl.tsv.gz
86,906,FUM001.A0102.SG1.4_10M.classified_gc_rl.tsv.gz
87,839,FUM001.A0102.SG1.4_10M.classified_gc_rl.tsv.gz
88,788,FUM001.A0102.SG1.4_10M.classified_gc_rl.tsv.gz
89,743,FUM001.A0102.SG1.4_10M.classified_gc_rl.tsv.gz
90,748,FUM001.A0102.SG1.4_10M.classified_gc_rl.tsv.gz
91,695,FUM001.A0102.SG1.4_10M.classified_gc_rl.tsv.gz
92,634,FUM001.A0102.SG1.4_10M.classified_gc_rl.tsv.gz
93,622,FUM001.A0102.SG1.4_10M.classified_gc_rl.tsv.gz
94,643,FUM001.A0102.SG1.4_10M.classified_gc_rl.tsv.gz
95,584,FUM001.A0102.SG1.4_10M.classified_gc_rl.tsv.gz
96,569,FUM001.A0102.SG1.4_10M.classified_gc_rl.tsv.gz
97,565,FUM001.A0102.SG1.4_10M.classified_gc_rl.tsv.gz
98,532,FUM001.A0102.SG1.4_10M.classified_gc_rl.tsv.gz
99,475,FUM001.A0102.SG1.4_10M.classified_gc_rl.tsv.gz
100,485,FUM001.A0102.SG1.4_10M.classified_gc_rl.tsv.gz
101,440,FUM001.A0102.SG1.4_10M.classified_gc_rl.tsv.gz
102,407,FUM001.A0102.SG1.4_10M.classified_gc_rl.tsv.gz
103,415,FUM001.A0102.SG1.4_10M.classified_gc_rl.tsv.gz
104,426,FUM001.A0102.SG1.4_10M.classified_gc_rl.tsv.gz
105,385,FUM001.A0102.SG1.4_10M.classified_gc_rl.tsv.gz
106,386,FUM001.A0102.SG1.4_10M.classified_gc_rl.tsv.gz
107,336,FUM001.A0102.SG1.4_10M.classified_gc_rl.tsv.gz
108,374,FUM001.A0102.SG1.4_10M.classified_gc_rl.tsv.gz
109,335,FUM001.A0102.SG1.4_10M.classified_gc_rl.tsv.gz
110,324,FUM001.A0102.SG1.4_10M.classified_gc_rl.tsv.gz
111,284,FUM001.A0102.SG1.4_10M.classified_gc_rl.tsv.gz
112,280,FUM001.A0102.SG1.4_10M.classified_gc_rl.tsv.gz
113,289,FUM001.A0102.SG1.4_10M.classified_gc_rl.tsv.gz
114,235,FUM001.A0102.SG1.4_10M.classified_gc_rl.tsv.gz
115,248,FUM001.A0102.SG1.4_10M.classified_gc_rl.tsv.gz
116,226,FUM001.A0102.SG1.4_10M.classified_gc_rl.tsv.gz
117,233,FUM001.A0102.SG1.4_10M.classified_gc_rl.tsv.gz
118,257,FUM001.A0102.SG1.4_10M.classified_gc_rl.tsv.gz
119,224,FUM001.A0102.SG1.4_10M.classified_gc_rl.tsv.gz
120,199,FUM001.A0102.SG1.4_10M.classified_gc_rl.tsv.gz
121,195,FUM001.A0102.SG1.4_10M.classified_gc_rl.tsv.gz
122,206,FUM001.A0102.SG1.4_10M.classified_gc_rl.tsv.gz
123,228,FUM001.A0102.SG1.4_10M.classified_gc_rl.tsv.gz
124,190,FUM001.A0102.SG1.4_10M.classified_gc_rl.tsv.gz
125,193,FUM001.A0102.SG1.4_10M.classified_gc_rl.tsv.gz
126,174,FUM001.A0102.SG1.4_10M.classified_gc_rl.tsv.gz
127,179,FUM001.A0102.SG1.4_10M.classified_gc_rl.tsv.gz
128,167,FUM001.A0102.SG1.4_10M.classified_gc_rl.tsv.gz
129,136,FUM001.A0102.SG1.4_10M.classified_gc_rl.tsv.gz
130,167,FUM001.A0102.SG1.4_10M.classified_gc_rl.tsv.gz
131,148,FUM001.A0102.SG1.4_10M.classified_gc_rl.tsv.gz
132,152,FUM001.A0102.SG1.4_10M.classified_gc_rl.tsv.gz
133,141,FUM001.A0102.SG1.4_10M.classified_gc_rl.tsv.gz
134,131,FUM001.A0102.SG1.4_10M.classified_gc_rl.tsv.gz
135,143,FUM001.A0102.SG1.4_10M.classified_gc_rl.tsv.gz
136,143,FUM001.A0102.SG1.4_10M.classified_gc_rl.tsv.gz
137,150,FUM001.A0102.SG1.4_10M.classified_gc_rl.tsv.gz
138,105,FUM001.A0102.SG1.4_10M.classified_gc_rl.tsv.gz
139,127,FUM001.A0102.SG1.4_10M.classified_gc_rl.tsv.gz
140,121,FUM001.A0102.SG1.4_10M.classified_gc_rl.tsv.gz
141,109,FUM001.A0102.SG1.4_10M.classified_gc_rl.tsv.gz
36,11995,FUM002.A0101.SG1.1_10M.classified_gc_rl.tsv.gz
37,23290,FUM002.A0101.SG1.1_10M.classified_gc_rl.tsv.gz
38,31470,FUM002.A0101.SG1.1_10M.classified_gc_rl.tsv.gz
39,39120,FUM002.A0101.SG1.1_10M.classified_gc_rl.tsv.gz
40,45562,FUM002.A0101.SG1.1_10M.classified_gc_rl.tsv.gz
41,46453,FUM002.A0101.SG1.1_10M.classified_gc_rl.tsv.gz
42,49927,FUM002.A0101.SG1.1_10M.classified_gc_rl.tsv.gz
43,51471,FUM002.A0101.SG1.1_10M.classified_gc_rl.tsv.gz
44,50383,FUM002.A0101.SG1.1_10M.classified_gc_rl.tsv.gz
45,52264,FUM002.A0101.SG1.1_10M.classified_gc_rl.tsv.gz
46,52567,FUM002.A0101.SG1.1_10M.classified_gc_rl.tsv.gz
47,49498,FUM002.A0101.SG1.1_10M.classified_gc_rl.tsv.gz
48,50035,FUM002.A0101.SG1.1_10M.classified_gc_rl.tsv.gz
49,49991,FUM002.A0101.SG1.1_10M.classified_gc_rl.tsv.gz
50,46948,FUM002.A0101.SG1.1_10M.classified_gc_rl.tsv.gz
51,47846,FUM002.A0101.SG1.1_10M.classified_gc_rl.tsv.gz
52,47538,FUM002.A0101.SG1.1_10M.classified_gc_rl.tsv.gz
53,44385,FUM002.A0101.SG1.1_10M.classified_gc_rl.tsv.gz
54,45075,FUM002.A0101.SG1.1_10M.classified_gc_rl.tsv.gz
55,42857,FUM002.A0101.SG1.1_10M.classified_gc_rl.tsv.gz
56,39856,FUM002.A0101.SG1.1_10M.classified_gc_rl.tsv.gz
57,40171,FUM002.A0101.SG1.1_10M.classified_gc_rl.tsv.gz
58,38860,FUM002.A0101.SG1.1_10M.classified_gc_rl.tsv.gz
59,36362,FUM002.A0101.SG1.1_10M.classified_gc_rl.tsv.gz
60,36168,FUM002.A0101.SG1.1_10M.classified_gc_rl.tsv.gz
61,34426,FUM002.A0101.SG1.1_10M.classified_gc_rl.tsv.gz
62,32179,FUM002.A0101.SG1.1_10M.classified_gc_rl.tsv.gz
63,31395,FUM002.A0101.SG1.1_10M.classified_gc_rl.tsv.gz
64,31050,FUM002.A0101.SG1.1_10M.classified_gc_rl.tsv.gz
65,28902,FUM002.A0101.SG1.1_10M.classified_gc_rl.tsv.gz
66,28862,FUM002.A0101.SG1.1_10M.classified_gc_rl.tsv.gz
67,27680,FUM002.A0101.SG1.1_10M.classified_gc_rl.tsv.gz
68,25062,FUM002.A0101.SG1.1_10M.classified_gc_rl.tsv.gz
69,24968,FUM002.A0101.SG1.1_10M.classified_gc_rl.tsv.gz
70,24357,FUM002.A0101.SG1.1_10M.classified_gc_rl.tsv.gz
71,22201,FUM002.A0101.SG1.1_10M.classified_gc_rl.tsv.gz
72,22743,FUM002.A0101.SG1.1_10M.classified_gc_rl.tsv.gz
73,22378,FUM002.A0101.SG1.1_10M.classified_gc_rl.tsv.gz
74,20247,FUM002.A0101.SG1.1_10M.classified_gc_rl.tsv.gz
75,22564,FUM002.A0101.SG1.1_10M.classified_gc_rl.tsv.gz
76,41445,FUM002.A0101.SG1.1_10M.classified_gc_rl.tsv.gz
77,16751,FUM002.A0101.SG1.1_10M.classified_gc_rl.tsv.gz
78,16758,FUM002.A0101.SG1.1_10M.classified_gc_rl.tsv.gz
79,15858,FUM002.A0101.SG1.1_10M.classified_gc_rl.tsv.gz
80,14659,FUM002.A0101.SG1.1_10M.classified_gc_rl.tsv.gz
81,13939,FUM002.A0101.SG1.1_10M.classified_gc_rl.tsv.gz
82,13291,FUM002.A0101.SG1.1_10M.classified_gc_rl.tsv.gz
83,12207,FUM002.A0101.SG1.1_10M.classified_gc_rl.tsv.gz
84,12402,FUM002.A0101.SG1.1_10M.classified_gc_rl.tsv.gz
85,11815,FUM002.A0101.SG1.1_10M.classified_gc_rl.tsv.gz
86,11105,FUM002.A0101.SG1.1_10M.classified_gc_rl.tsv.gz
87,10970,FUM002.A0101.SG1.1_10M.classified_gc_rl.tsv.gz
88,10164,FUM002.A0101.SG1.1_10M.classified_gc_rl.tsv.gz
89,9238,FUM002.A0101.SG1.1_10M.classified_gc_rl.tsv.gz
90,9096,FUM002.A0101.SG1.1_10M.classified_gc_rl.tsv.gz
91,8659,FUM002.A0101.SG1.1_10M.classified_gc_rl.tsv.gz
92,8200,FUM002.A0101.SG1.1_10M.classified_gc_rl.tsv.gz
93,8088,FUM002.A0101.SG1.1_10M.classified_gc_rl.tsv.gz
94,7592,FUM002.A0101.SG1.1_10M.classified_gc_rl.tsv.gz
95,6873,FUM002.A0101.SG1.1_10M.classified_gc_rl.tsv.gz
96,6834,FUM002.A0101.SG1.1_10M.classified_gc_rl.tsv.gz
97,6451,FUM002.A0101.SG1.1_10M.classified_gc_rl.tsv.gz
98,5943,FUM002.A0101.SG1.1_10M.classified_gc_rl.tsv.gz
99,5950,FUM002.A0101.SG1.1_10M.classified_gc_rl.tsv.gz
100,5615,FUM002.A0101.SG1.1_10M.classified_gc_rl.tsv.gz
101,5034,FUM002.A0101.SG1.1_10M.classified_gc_rl.tsv.gz
102,4911,FUM002.A0101.SG1.1_10M.classified_gc_rl.tsv.gz
103,4831,FUM002.A0101.SG1.1_10M.classified_gc_rl.tsv.gz
104,4489,FUM002.A0101.SG1.1_10M.classified_gc_rl.tsv.gz
105,4427,FUM002.A0101.SG1.1_10M.classified_gc_rl.tsv.gz
106,4161,FUM002.A0101.SG1.1_10M.classified_gc_rl.tsv.gz
107,3829,FUM002.A0101.SG1.1_10M.classified_gc_rl.tsv.gz
108,3708,FUM002.A0101.SG1.1_10M.classified_gc_rl.tsv.gz
109,3591,FUM002.A0101.SG1.1_10M.classified_gc_rl.tsv.gz
110,3235,FUM002.A0101.SG1.1_10M.classified_gc_rl.tsv.gz
111,3241,FUM002.A0101.SG1.1_10M.classified_gc_rl.tsv.gz
112,3135,FUM002.A0101.SG1.1_10M.classified_gc_rl.tsv.gz
113,2850,FUM002.A0101.SG1.1_10M.classified_gc_rl.tsv.gz
114,2812,FUM002.A0101.SG1.1_10M.classified_gc_rl.tsv.gz
115,2586,FUM002.A0101.SG1.1_10M.classified_gc_rl.tsv.gz
116,2405,FUM002.A0101.SG1.1_10M.classified_gc_rl.tsv.gz
117,2393,FUM002.A0101.SG1.1_10M.classified_gc_rl.tsv.gz
118,2257,FUM002.A0101.SG1.1_10M.classified_gc_rl.tsv.gz
119,2117,FUM002.A0101.SG1.1_10M.classified_gc_rl.tsv.gz
120,2124,FUM002.A0101.SG1.1_10M.classified_gc_rl.tsv.gz
121,1943,FUM002.A0101.SG1.1_10M.classified_gc_rl.tsv.gz
122,1717,FUM002.A0101.SG1.1_10M.classified_gc_rl.tsv.gz
123,1745,FUM002.A0101.SG1.1_10M.classified_gc_rl.tsv.gz
124,1646,FUM002.A0101.SG1.1_10M.classified_gc_rl.tsv.gz
125,1552,FUM002.A0101.SG1.1_10M.classified_gc_rl.tsv.gz
126,1579,FUM002.A0101.SG1.1_10M.classified_gc_rl.tsv.gz
127,1533,FUM002.A0101.SG1.1_10M.classified_gc_rl.tsv.gz
128,1317,FUM002.A0101.SG1.1_10M.classified_gc_rl.tsv.gz
129,1289,FUM002.A0101.SG1.1_10M.classified_gc_rl.tsv.gz
130,1266,FUM002.A0101.SG1.1_10M.classified_gc_rl.tsv.gz
131,1152,FUM002.A0101.SG1.1_10M.classified_gc_rl.tsv.gz
132,1102,FUM002.A0101.SG1.1_10M.classified_gc_rl.tsv.gz
133,1065,FUM002.A0101.SG1.1_10M.classified_gc_rl.tsv.gz
134,971,FUM002.A0101.SG1.1_10M.classified_gc_rl.tsv.gz
135,955,FUM002.A0101.SG1.1_10M.classified_gc_rl.tsv.gz
136,890,FUM002.A0101.SG1.1_10M.classified_gc_rl.tsv.gz
137,886,FUM002.A0101.SG1.1_10M.classified_gc_rl.tsv.gz
138,881,FUM002.A0101.SG1.1_10M.classified_gc_rl.tsv.gz
139,789,FUM002.A0101.SG1.1_10M.classified_gc_rl.tsv.gz
140,784,FUM002.A0101.SG1.1_10M.classified_gc_rl.tsv.gz
141,672,FUM002.A0101.SG1.1_10M.classified_gc_rl.tsv.gz
36,8379,FUM002.A0102.SG1.5_10M.classified_gc_rl.tsv.gz
37,15678,FUM002.A0102.SG1.5_10M.classified_gc_rl.tsv.gz
38,21251,FUM002.A0102.SG1.5_10M.classified_gc_rl.tsv.gz
39,23436,FUM002.A0102.SG1.5_10M.classified_gc_rl.tsv.gz
40,26801,FUM002.A0102.SG1.5_10M.classified_gc_rl.tsv.gz
41,28130,FUM002.A0102.SG1.5_10M.classified_gc_rl.tsv.gz
42,27189,FUM002.A0102.SG1.5_10M.classified_gc_rl.tsv.gz
43,27511,FUM002.A0102.SG1.5_10M.classified_gc_rl.tsv.gz
44,28272,FUM002.A0102.SG1.5_10M.classified_gc_rl.tsv.gz
45,25893,FUM002.A0102.SG1.5_10M.classified_gc_rl.tsv.gz
46,26550,FUM002.A0102.SG1.5_10M.classified_gc_rl.tsv.gz
47,26152,FUM002.A0102.SG1.5_10M.classified_gc_rl.tsv.gz
48,23521,FUM002.A0102.SG1.5_10M.classified_gc_rl.tsv.gz
49,23082,FUM002.A0102.SG1.5_10M.classified_gc_rl.tsv.gz
50,22653,FUM002.A0102.SG1.5_10M.classified_gc_rl.tsv.gz
51,20463,FUM002.A0102.SG1.5_10M.classified_gc_rl.tsv.gz
52,20378,FUM002.A0102.SG1.5_10M.classified_gc_rl.tsv.gz
53,19707,FUM002.A0102.SG1.5_10M.classified_gc_rl.tsv.gz
54,18110,FUM002.A0102.SG1.5_10M.classified_gc_rl.tsv.gz
55,17502,FUM002.A0102.SG1.5_10M.classified_gc_rl.tsv.gz
56,16994,FUM002.A0102.SG1.5_10M.classified_gc_rl.tsv.gz
57,15432,FUM002.A0102.SG1.5_10M.classified_gc_rl.tsv.gz
58,14928,FUM002.A0102.SG1.5_10M.classified_gc_rl.tsv.gz
59,14576,FUM002.A0102.SG1.5_10M.classified_gc_rl.tsv.gz
60,13118,FUM002.A0102.SG1.5_10M.classified_gc_rl.tsv.gz
61,12413,FUM002.A0102.SG1.5_10M.classified_gc_rl.tsv.gz
62,12114,FUM002.A0102.SG1.5_10M.classified_gc_rl.tsv.gz
63,10903,FUM002.A0102.SG1.5_10M.classified_gc_rl.tsv.gz
64,10706,FUM002.A0102.SG1.5_10M.classified_gc_rl.tsv.gz
65,10564,FUM002.A0102.SG1.5_10M.classified_gc_rl.tsv.gz
66,9440,FUM002.A0102.SG1.5_10M.classified_gc_rl.tsv.gz
67,9234,FUM002.A0102.SG1.5_10M.classified_gc_rl.tsv.gz
68,8560,FUM002.A0102.SG1.5_10M.classified_gc_rl.tsv.gz
69,7875,FUM002.A0102.SG1.5_10M.classified_gc_rl.tsv.gz
70,7569,FUM002.A0102.SG1.5_10M.classified_gc_rl.tsv.gz
71,7396,FUM002.A0102.SG1.5_10M.classified_gc_rl.tsv.gz
72,6700,FUM002.A0102.SG1.5_10M.classified_gc_rl.tsv.gz
73,6861,FUM002.A0102.SG1.5_10M.classified_gc_rl.tsv.gz
74,6394,FUM002.A0102.SG1.5_10M.classified_gc_rl.tsv.gz
75,5668,FUM002.A0102.SG1.5_10M.classified_gc_rl.tsv.gz
76,8693,FUM002.A0102.SG1.5_10M.classified_gc_rl.tsv.gz
77,5079,FUM002.A0102.SG1.5_10M.classified_gc_rl.tsv.gz
78,4624,FUM002.A0102.SG1.5_10M.classified_gc_rl.tsv.gz
79,4394,FUM002.A0102.SG1.5_10M.classified_gc_rl.tsv.gz
80,4152,FUM002.A0102.SG1.5_10M.classified_gc_rl.tsv.gz
81,3572,FUM002.A0102.SG1.5_10M.classified_gc_rl.tsv.gz
82,3454,FUM002.A0102.SG1.5_10M.classified_gc_rl.tsv.gz
83,3407,FUM002.A0102.SG1.5_10M.classified_gc_rl.tsv.gz
84,3066,FUM002.A0102.SG1.5_10M.classified_gc_rl.tsv.gz
85,3066,FUM002.A0102.SG1.5_10M.classified_gc_rl.tsv.gz
86,2950,FUM002.A0102.SG1.5_10M.classified_gc_rl.tsv.gz
87,2621,FUM002.A0102.SG1.5_10M.classified_gc_rl.tsv.gz
88,2341,FUM002.A0102.SG1.5_10M.classified_gc_rl.tsv.gz
89,2248,FUM002.A0102.SG1.5_10M.classified_gc_rl.tsv.gz
90,2071,FUM002.A0102.SG1.5_10M.classified_gc_rl.tsv.gz
91,2058,FUM002.A0102.SG1.5_10M.classified_gc_rl.tsv.gz
92,2103,FUM002.A0102.SG1.5_10M.classified_gc_rl.tsv.gz
93,1734,FUM002.A0102.SG1.5_10M.classified_gc_rl.tsv.gz
94,1739,FUM002.A0102.SG1.5_10M.classified_gc_rl.tsv.gz
95,1657,FUM002.A0102.SG1.5_10M.classified_gc_rl.tsv.gz
96,1426,FUM002.A0102.SG1.5_10M.classified_gc_rl.tsv.gz
97,1435,FUM002.A0102.SG1.5_10M.classified_gc_rl.tsv.gz
98,1317,FUM002.A0102.SG1.5_10M.classified_gc_rl.tsv.gz
99,1230,FUM002.A0102.SG1.5_10M.classified_gc_rl.tsv.gz
100,1179,FUM002.A0102.SG1.5_10M.classified_gc_rl.tsv.gz
101,1068,FUM002.A0102.SG1.5_10M.classified_gc_rl.tsv.gz
102,935,FUM002.A0102.SG1.5_10M.classified_gc_rl.tsv.gz
103,955,FUM002.A0102.SG1.5_10M.classified_gc_rl.tsv.gz
104,885,FUM002.A0102.SG1.5_10M.classified_gc_rl.tsv.gz
105,765,FUM002.A0102.SG1.5_10M.classified_gc_rl.tsv.gz
106,832,FUM002.A0102.SG1.5_10M.classified_gc_rl.tsv.gz
107,815,FUM002.A0102.SG1.5_10M.classified_gc_rl.tsv.gz
108,636,FUM002.A0102.SG1.5_10M.classified_gc_rl.tsv.gz
109,651,FUM002.A0102.SG1.5_10M.classified_gc_rl.tsv.gz
110,637,FUM002.A0102.SG1.5_10M.classified_gc_rl.tsv.gz
111,551,FUM002.A0102.SG1.5_10M.classified_gc_rl.tsv.gz
112,549,FUM002.A0102.SG1.5_10M.classified_gc_rl.tsv.gz
113,570,FUM002.A0102.SG1.5_10M.classified_gc_rl.tsv.gz
114,485,FUM002.A0102.SG1.5_10M.classified_gc_rl.tsv.gz
115,483,FUM002.A0102.SG1.5_10M.classified_gc_rl.tsv.gz
116,409,FUM002.A0102.SG1.5_10M.classified_gc_rl.tsv.gz
117,419,FUM002.A0102.SG1.5_10M.classified_gc_rl.tsv.gz
118,397,FUM002.A0102.SG1.5_10M.classified_gc_rl.tsv.gz
119,362,FUM002.A0102.SG1.5_10M.classified_gc_rl.tsv.gz
120,307,FUM002.A0102.SG1.5_10M.classified_gc_rl.tsv.gz
121,324,FUM002.A0102.SG1.5_10M.classified_gc_rl.tsv.gz
122,283,FUM002.A0102.SG1.5_10M.classified_gc_rl.tsv.gz
123,266,FUM002.A0102.SG1.5_10M.classified_gc_rl.tsv.gz
124,256,FUM002.A0102.SG1.5_10M.classified_gc_rl.tsv.gz
125,284,FUM002.A0102.SG1.5_10M.classified_gc_rl.tsv.gz
126,230,FUM002.A0102.SG1.5_10M.classified_gc_rl.tsv.gz
127,216,FUM002.A0102.SG1.5_10M.classified_gc_rl.tsv.gz
128,230,FUM002.A0102.SG1.5_10M.classified_gc_rl.tsv.gz
129,175,FUM002.A0102.SG1.5_10M.classified_gc_rl.tsv.gz
130,170,FUM002.A0102.SG1.5_10M.classified_gc_rl.tsv.gz
131,202,FUM002.A0102.SG1.5_10M.classified_gc_rl.tsv.gz
132,156,FUM002.A0102.SG1.5_10M.classified_gc_rl.tsv.gz
133,164,FUM002.A0102.SG1.5_10M.classified_gc_rl.tsv.gz
134,153,FUM002.A0102.SG1.5_10M.classified_gc_rl.tsv.gz
135,124,FUM002.A0102.SG1.5_10M.classified_gc_rl.tsv.gz
136,143,FUM002.A0102.SG1.5_10M.classified_gc_rl.tsv.gz
137,147,FUM002.A0102.SG1.5_10M.classified_gc_rl.tsv.gz
138,121,FUM002.A0102.SG1.5_10M.classified_gc_rl.tsv.gz
139,98,FUM002.A0102.SG1.5_10M.classified_gc_rl.tsv.gz
140,114,FUM002.A0102.SG1.5_10M.classified_gc_rl.tsv.gz
141,101,FUM002.A0102.SG1.5_10M.classified_gc_rl.tsv.gz
36,11239,FUM003.A0101.SG1.1_10M.classified_gc_rl.tsv.gz
37,20938,FUM003.A0101.SG1.1_10M.classified_gc_rl.tsv.gz
38,28294,FUM003.A0101.SG1.1_10M.classified_gc_rl.tsv.gz
39,34802,FUM003.A0101.SG1.1_10M.classified_gc_rl.tsv.gz
40,40419,FUM003.A0101.SG1.1_10M.classified_gc_rl.tsv.gz
41,41925,FUM003.A0101.SG1.1_10M.classified_gc_rl.tsv.gz
42,43862,FUM003.A0101.SG1.1_10M.classified_gc_rl.tsv.gz
43,45425,FUM003.A0101.SG1.1_10M.classified_gc_rl.tsv.gz
44,45915,FUM003.A0101.SG1.1_10M.classified_gc_rl.tsv.gz
45,47444,FUM003.A0101.SG1.1_10M.classified_gc_rl.tsv.gz
46,47862,FUM003.A0101.SG1.1_10M.classified_gc_rl.tsv.gz
47,48788,FUM003.A0101.SG1.1_10M.classified_gc_rl.tsv.gz
48,48546,FUM003.A0101.SG1.1_10M.classified_gc_rl.tsv.gz
49,49666,FUM003.A0101.SG1.1_10M.classified_gc_rl.tsv.gz
50,49433,FUM003.A0101.SG1.1_10M.classified_gc_rl.tsv.gz
51,49852,FUM003.A0101.SG1.1_10M.classified_gc_rl.tsv.gz
52,50812,FUM003.A0101.SG1.1_10M.classified_gc_rl.tsv.gz
53,50294,FUM003.A0101.SG1.1_10M.classified_gc_rl.tsv.gz
54,51192,FUM003.A0101.SG1.1_10M.classified_gc_rl.tsv.gz
55,49624,FUM003.A0101.SG1.1_10M.classified_gc_rl.tsv.gz
56,49570,FUM003.A0101.SG1.1_10M.classified_gc_rl.tsv.gz
57,50597,FUM003.A0101.SG1.1_10M.classified_gc_rl.tsv.gz
58,49967,FUM003.A0101.SG1.1_10M.classified_gc_rl.tsv.gz
59,49353,FUM003.A0101.SG1.1_10M.classified_gc_rl.tsv.gz
60,49697,FUM003.A0101.SG1.1_10M.classified_gc_rl.tsv.gz
61,48726,FUM003.A0101.SG1.1_10M.classified_gc_rl.tsv.gz
62,48084,FUM003.A0101.SG1.1_10M.classified_gc_rl.tsv.gz
63,48414,FUM003.A0101.SG1.1_10M.classified_gc_rl.tsv.gz
64,47814,FUM003.A0101.SG1.1_10M.classified_gc_rl.tsv.gz
65,47301,FUM003.A0101.SG1.1_10M.classified_gc_rl.tsv.gz
66,46947,FUM003.A0101.SG1.1_10M.classified_gc_rl.tsv.gz
67,46556,FUM003.A0101.SG1.1_10M.classified_gc_rl.tsv.gz
68,45324,FUM003.A0101.SG1.1_10M.classified_gc_rl.tsv.gz
69,45332,FUM003.A0101.SG1.1_10M.classified_gc_rl.tsv.gz
70,45616,FUM003.A0101.SG1.1_10M.classified_gc_rl.tsv.gz
71,47391,FUM003.A0101.SG1.1_10M.classified_gc_rl.tsv.gz
72,52190,FUM003.A0101.SG1.1_10M.classified_gc_rl.tsv.gz
73,63685,FUM003.A0101.SG1.1_10M.classified_gc_rl.tsv.gz
74,60918,FUM003.A0101.SG1.1_10M.classified_gc_rl.tsv.gz
75,163866,FUM003.A0101.SG1.1_10M.classified_gc_rl.tsv.gz
76,738875,FUM003.A0101.SG1.1_10M.classified_gc_rl.tsv.gz
77,39836,FUM003.A0101.SG1.1_10M.classified_gc_rl.tsv.gz
78,39280,FUM003.A0101.SG1.1_10M.classified_gc_rl.tsv.gz
79,39004,FUM003.A0101.SG1.1_10M.classified_gc_rl.tsv.gz
80,37947,FUM003.A0101.SG1.1_10M.classified_gc_rl.tsv.gz
81,36465,FUM003.A0101.SG1.1_10M.classified_gc_rl.tsv.gz
82,36182,FUM003.A0101.SG1.1_10M.classified_gc_rl.tsv.gz
83,35352,FUM003.A0101.SG1.1_10M.classified_gc_rl.tsv.gz
84,34890,FUM003.A0101.SG1.1_10M.classified_gc_rl.tsv.gz
85,34717,FUM003.A0101.SG1.1_10M.classified_gc_rl.tsv.gz
86,34148,FUM003.A0101.SG1.1_10M.classified_gc_rl.tsv.gz
87,33610,FUM003.A0101.SG1.1_10M.classified_gc_rl.tsv.gz
88,32631,FUM003.A0101.SG1.1_10M.classified_gc_rl.tsv.gz
89,32108,FUM003.A0101.SG1.1_10M.classified_gc_rl.tsv.gz
90,31454,FUM003.A0101.SG1.1_10M.classified_gc_rl.tsv.gz
91,31042,FUM003.A0101.SG1.1_10M.classified_gc_rl.tsv.gz
92,30033,FUM003.A0101.SG1.1_10M.classified_gc_rl.tsv.gz
93,29650,FUM003.A0101.SG1.1_10M.classified_gc_rl.tsv.gz
94,29554,FUM003.A0101.SG1.1_10M.classified_gc_rl.tsv.gz
95,28463,FUM003.A0101.SG1.1_10M.classified_gc_rl.tsv.gz
96,27863,FUM003.A0101.SG1.1_10M.classified_gc_rl.tsv.gz
97,27342,FUM003.A0101.SG1.1_10M.classified_gc_rl.tsv.gz
98,26940,FUM003.A0101.SG1.1_10M.classified_gc_rl.tsv.gz
99,26607,FUM003.A0101.SG1.1_10M.classified_gc_rl.tsv.gz
100,25899,FUM003.A0101.SG1.1_10M.classified_gc_rl.tsv.gz
101,24880,FUM003.A0101.SG1.1_10M.classified_gc_rl.tsv.gz
102,24948,FUM003.A0101.SG1.1_10M.classified_gc_rl.tsv.gz
103,24403,FUM003.A0101.SG1.1_10M.classified_gc_rl.tsv.gz
104,23427,FUM003.A0101.SG1.1_10M.classified_gc_rl.tsv.gz
105,23497,FUM003.A0101.SG1.1_10M.classified_gc_rl.tsv.gz
106,23065,FUM003.A0101.SG1.1_10M.classified_gc_rl.tsv.gz
107,22634,FUM003.A0101.SG1.1_10M.classified_gc_rl.tsv.gz
108,21504,FUM003.A0101.SG1.1_10M.classified_gc_rl.tsv.gz
109,21557,FUM003.A0101.SG1.1_10M.classified_gc_rl.tsv.gz
110,20928,FUM003.A0101.SG1.1_10M.classified_gc_rl.tsv.gz
111,20657,FUM003.A0101.SG1.1_10M.classified_gc_rl.tsv.gz
112,20325,FUM003.A0101.SG1.1_10M.classified_gc_rl.tsv.gz
113,19712,FUM003.A0101.SG1.1_10M.classified_gc_rl.tsv.gz
114,19409,FUM003.A0101.SG1.1_10M.classified_gc_rl.tsv.gz
115,18758,FUM003.A0101.SG1.1_10M.classified_gc_rl.tsv.gz
116,18275,FUM003.A0101.SG1.1_10M.classified_gc_rl.tsv.gz
117,17887,FUM003.A0101.SG1.1_10M.classified_gc_rl.tsv.gz
118,17862,FUM003.A0101.SG1.1_10M.classified_gc_rl.tsv.gz
119,17124,FUM003.A0101.SG1.1_10M.classified_gc_rl.tsv.gz
120,16862,FUM003.A0101.SG1.1_10M.classified_gc_rl.tsv.gz
121,16457,FUM003.A0101.SG1.1_10M.classified_gc_rl.tsv.gz
122,16316,FUM003.A0101.SG1.1_10M.classified_gc_rl.tsv.gz
123,15713,FUM003.A0101.SG1.1_10M.classified_gc_rl.tsv.gz
124,15541,FUM003.A0101.SG1.1_10M.classified_gc_rl.tsv.gz
125,15379,FUM003.A0101.SG1.1_10M.classified_gc_rl.tsv.gz
126,15017,FUM003.A0101.SG1.1_10M.classified_gc_rl.tsv.gz
127,14681,FUM003.A0101.SG1.1_10M.classified_gc_rl.tsv.gz
128,14385,FUM003.A0101.SG1.1_10M.classified_gc_rl.tsv.gz
129,13954,FUM003.A0101.SG1.1_10M.classified_gc_rl.tsv.gz
130,13545,FUM003.A0101.SG1.1_10M.classified_gc_rl.tsv.gz
131,13522,FUM003.A0101.SG1.1_10M.classified_gc_rl.tsv.gz
132,13346,FUM003.A0101.SG1.1_10M.classified_gc_rl.tsv.gz
133,13199,FUM003.A0101.SG1.1_10M.classified_gc_rl.tsv.gz
134,12827,FUM003.A0101.SG1.1_10M.classified_gc_rl.tsv.gz
135,12381,FUM003.A0101.SG1.1_10M.classified_gc_rl.tsv.gz
136,12363,FUM003.A0101.SG1.1_10M.classified_gc_rl.tsv.gz
137,12908,FUM003.A0101.SG1.1_10M.classified_gc_rl.tsv.gz
138,12045,FUM003.A0101.SG1.1_10M.classified_gc_rl.tsv.gz
139,12133,FUM003.A0101.SG1.1_10M.classified_gc_rl.tsv.gz
140,13048,FUM003.A0101.SG1.1_10M.classified_gc_rl.tsv.gz
141,10770,FUM003.A0101.SG1.1_10M.classified_gc_rl.tsv.gz
36,13942,FUM003.A0102.SG1.4_10M.classified_gc_rl.tsv.gz
37,23389,FUM003.A0102.SG1.4_10M.classified_gc_rl.tsv.gz
38,30357,FUM003.A0102.SG1.4_10M.classified_gc_rl.tsv.gz
39,34171,FUM003.A0102.SG1.4_10M.classified_gc_rl.tsv.gz
40,37326,FUM003.A0102.SG1.4_10M.classified_gc_rl.tsv.gz
41,36828,FUM003.A0102.SG1.4_10M.classified_gc_rl.tsv.gz
42,35889,FUM003.A0102.SG1.4_10M.classified_gc_rl.tsv.gz
43,35681,FUM003.A0102.SG1.4_10M.classified_gc_rl.tsv.gz
44,35107,FUM003.A0102.SG1.4_10M.classified_gc_rl.tsv.gz
45,33959,FUM003.A0102.SG1.4_10M.classified_gc_rl.tsv.gz
46,33089,FUM003.A0102.SG1.4_10M.classified_gc_rl.tsv.gz
47,32397,FUM003.A0102.SG1.4_10M.classified_gc_rl.tsv.gz
48,30115,FUM003.A0102.SG1.4_10M.classified_gc_rl.tsv.gz
49,29032,FUM003.A0102.SG1.4_10M.classified_gc_rl.tsv.gz
50,27851,FUM003.A0102.SG1.4_10M.classified_gc_rl.tsv.gz
51,26579,FUM003.A0102.SG1.4_10M.classified_gc_rl.tsv.gz
52,25365,FUM003.A0102.SG1.4_10M.classified_gc_rl.tsv.gz
53,24947,FUM003.A0102.SG1.4_10M.classified_gc_rl.tsv.gz
54,23714,FUM003.A0102.SG1.4_10M.classified_gc_rl.tsv.gz
55,22483,FUM003.A0102.SG1.4_10M.classified_gc_rl.tsv.gz
56,22096,FUM003.A0102.SG1.4_10M.classified_gc_rl.tsv.gz
57,21044,FUM003.A0102.SG1.4_10M.classified_gc_rl.tsv.gz
58,20156,FUM003.A0102.SG1.4_10M.classified_gc_rl.tsv.gz
59,19145,FUM003.A0102.SG1.4_10M.classified_gc_rl.tsv.gz
60,18220,FUM003.A0102.SG1.4_10M.classified_gc_rl.tsv.gz
61,17323,FUM003.A0102.SG1.4_10M.classified_gc_rl.tsv.gz
62,16520,FUM003.A0102.SG1.4_10M.classified_gc_rl.tsv.gz
63,15877,FUM003.A0102.SG1.4_10M.classified_gc_rl.tsv.gz
64,15583,FUM003.A0102.SG1.4_10M.classified_gc_rl.tsv.gz
65,15013,FUM003.A0102.SG1.4_10M.classified_gc_rl.tsv.gz
66,14364,FUM003.A0102.SG1.4_10M.classified_gc_rl.tsv.gz
67,13727,FUM003.A0102.SG1.4_10M.classified_gc_rl.tsv.gz
68,13214,FUM003.A0102.SG1.4_10M.classified_gc_rl.tsv.gz
69,12475,FUM003.A0102.SG1.4_10M.classified_gc_rl.tsv.gz
70,12376,FUM003.A0102.SG1.4_10M.classified_gc_rl.tsv.gz
71,12035,FUM003.A0102.SG1.4_10M.classified_gc_rl.tsv.gz
72,12318,FUM003.A0102.SG1.4_10M.classified_gc_rl.tsv.gz
73,14337,FUM003.A0102.SG1.4_10M.classified_gc_rl.tsv.gz
74,10930,FUM003.A0102.SG1.4_10M.classified_gc_rl.tsv.gz
75,14480,FUM003.A0102.SG1.4_10M.classified_gc_rl.tsv.gz
76,54854,FUM003.A0102.SG1.4_10M.classified_gc_rl.tsv.gz
77,9145,FUM003.A0102.SG1.4_10M.classified_gc_rl.tsv.gz
78,8748,FUM003.A0102.SG1.4_10M.classified_gc_rl.tsv.gz
79,8335,FUM003.A0102.SG1.4_10M.classified_gc_rl.tsv.gz
80,8051,FUM003.A0102.SG1.4_10M.classified_gc_rl.tsv.gz
81,7564,FUM003.A0102.SG1.4_10M.classified_gc_rl.tsv.gz
82,7385,FUM003.A0102.SG1.4_10M.classified_gc_rl.tsv.gz
83,7204,FUM003.A0102.SG1.4_10M.classified_gc_rl.tsv.gz
84,6933,FUM003.A0102.SG1.4_10M.classified_gc_rl.tsv.gz
85,6748,FUM003.A0102.SG1.4_10M.classified_gc_rl.tsv.gz
86,6488,FUM003.A0102.SG1.4_10M.classified_gc_rl.tsv.gz
87,6170,FUM003.A0102.SG1.4_10M.classified_gc_rl.tsv.gz
88,5991,FUM003.A0102.SG1.4_10M.classified_gc_rl.tsv.gz
89,5859,FUM003.A0102.SG1.4_10M.classified_gc_rl.tsv.gz
90,5477,FUM003.A0102.SG1.4_10M.classified_gc_rl.tsv.gz
91,5240,FUM003.A0102.SG1.4_10M.classified_gc_rl.tsv.gz
92,5075,FUM003.A0102.SG1.4_10M.classified_gc_rl.tsv.gz
93,4933,FUM003.A0102.SG1.4_10M.classified_gc_rl.tsv.gz
94,4774,FUM003.A0102.SG1.4_10M.classified_gc_rl.tsv.gz
95,4620,FUM003.A0102.SG1.4_10M.classified_gc_rl.tsv.gz
96,4535,FUM003.A0102.SG1.4_10M.classified_gc_rl.tsv.gz
97,4263,FUM003.A0102.SG1.4_10M.classified_gc_rl.tsv.gz
98,4236,FUM003.A0102.SG1.4_10M.classified_gc_rl.tsv.gz
99,3981,FUM003.A0102.SG1.4_10M.classified_gc_rl.tsv.gz
100,3907,FUM003.A0102.SG1.4_10M.classified_gc_rl.tsv.gz
101,3755,FUM003.A0102.SG1.4_10M.classified_gc_rl.tsv.gz
102,3460,FUM003.A0102.SG1.4_10M.classified_gc_rl.tsv.gz
103,3438,FUM003.A0102.SG1.4_10M.classified_gc_rl.tsv.gz
104,3315,FUM003.A0102.SG1.4_10M.classified_gc_rl.tsv.gz
105,3186,FUM003.A0102.SG1.4_10M.classified_gc_rl.tsv.gz
106,3061,FUM003.A0102.SG1.4_10M.classified_gc_rl.tsv.gz
107,2979,FUM003.A0102.SG1.4_10M.classified_gc_rl.tsv.gz
108,2940,FUM003.A0102.SG1.4_10M.classified_gc_rl.tsv.gz
109,2781,FUM003.A0102.SG1.4_10M.classified_gc_rl.tsv.gz
110,2799,FUM003.A0102.SG1.4_10M.classified_gc_rl.tsv.gz
111,2451,FUM003.A0102.SG1.4_10M.classified_gc_rl.tsv.gz
112,2556,FUM003.A0102.SG1.4_10M.classified_gc_rl.tsv.gz
113,2350,FUM003.A0102.SG1.4_10M.classified_gc_rl.tsv.gz
114,2393,FUM003.A0102.SG1.4_10M.classified_gc_rl.tsv.gz
115,2336,FUM003.A0102.SG1.4_10M.classified_gc_rl.tsv.gz
116,2135,FUM003.A0102.SG1.4_10M.classified_gc_rl.tsv.gz
117,2150,FUM003.A0102.SG1.4_10M.classified_gc_rl.tsv.gz
118,1981,FUM003.A0102.SG1.4_10M.classified_gc_rl.tsv.gz
119,2046,FUM003.A0102.SG1.4_10M.classified_gc_rl.tsv.gz
120,1903,FUM003.A0102.SG1.4_10M.classified_gc_rl.tsv.gz
121,1858,FUM003.A0102.SG1.4_10M.classified_gc_rl.tsv.gz
122,1824,FUM003.A0102.SG1.4_10M.classified_gc_rl.tsv.gz
123,1676,FUM003.A0102.SG1.4_10M.classified_gc_rl.tsv.gz
124,1699,FUM003.A0102.SG1.4_10M.classified_gc_rl.tsv.gz
125,1635,FUM003.A0102.SG1.4_10M.classified_gc_rl.tsv.gz
126,1553,FUM003.A0102.SG1.4_10M.classified_gc_rl.tsv.gz
127,1506,FUM003.A0102.SG1.4_10M.classified_gc_rl.tsv.gz
128,1496,FUM003.A0102.SG1.4_10M.classified_gc_rl.tsv.gz
129,1390,FUM003.A0102.SG1.4_10M.classified_gc_rl.tsv.gz
130,1305,FUM003.A0102.SG1.4_10M.classified_gc_rl.tsv.gz
131,1392,FUM003.A0102.SG1.4_10M.classified_gc_rl.tsv.gz
132,1256,FUM003.A0102.SG1.4_10M.classified_gc_rl.tsv.gz
133,1205,FUM003.A0102.SG1.4_10M.classified_gc_rl.tsv.gz
134,1273,FUM003.A0102.SG1.4_10M.classified_gc_rl.tsv.gz
135,1152,FUM003.A0102.SG1.4_10M.classified_gc_rl.tsv.gz
136,1104,FUM003.A0102.SG1.4_10M.classified_gc_rl.tsv.gz
137,1214,FUM003.A0102.SG1.4_10M.classified_gc_rl.tsv.gz
138,1069,FUM003.A0102.SG1.4_10M.classified_gc_rl.tsv.gz
139,1038,FUM003.A0102.SG1.4_10M.classified_gc_rl.tsv.gz
140,1052,FUM003.A0102.SG1.4_10M.classified_gc_rl.tsv.gz
141,937,FUM003.A0102.SG1.4_10M.classified_gc_rl.tsv.gz
36,4564,GDN001.A0101.SG1.1_10M.classified_gc_rl.tsv.gz
37,10093,GDN001.A0101.SG1.1_10M.classified_gc_rl.tsv.gz
38,14333,GDN001.A0101.SG1.1_10M.classified_gc_rl.tsv.gz
39,19298,GDN001.A0101.SG1.1_10M.classified_gc_rl.tsv.gz
40,23553,GDN001.A0101.SG1.1_10M.classified_gc_rl.tsv.gz
41,25997,GDN001.A0101.SG1.1_10M.classified_gc_rl.tsv.gz
42,29917,GDN001.A0101.SG1.1_10M.classified_gc_rl.tsv.gz
43,34130,GDN001.A0101.SG1.1_10M.classified_gc_rl.tsv.gz
44,36231,GDN001.A0101.SG1.1_10M.classified_gc_rl.tsv.gz
45,40004,GDN001.A0101.SG1.1_10M.classified_gc_rl.tsv.gz
46,42186,GDN001.A0101.SG1.1_10M.classified_gc_rl.tsv.gz
47,44500,GDN001.A0101.SG1.1_10M.classified_gc_rl.tsv.gz
48,46167,GDN001.A0101.SG1.1_10M.classified_gc_rl.tsv.gz
49,48841,GDN001.A0101.SG1.1_10M.classified_gc_rl.tsv.gz
50,49515,GDN001.A0101.SG1.1_10M.classified_gc_rl.tsv.gz
51,51155,GDN001.A0101.SG1.1_10M.classified_gc_rl.tsv.gz
52,54002,GDN001.A0101.SG1.1_10M.classified_gc_rl.tsv.gz
53,53464,GDN001.A0101.SG1.1_10M.classified_gc_rl.tsv.gz
54,56602,GDN001.A0101.SG1.1_10M.classified_gc_rl.tsv.gz
55,56352,GDN001.A0101.SG1.1_10M.classified_gc_rl.tsv.gz
56,54399,GDN001.A0101.SG1.1_10M.classified_gc_rl.tsv.gz
57,55781,GDN001.A0101.SG1.1_10M.classified_gc_rl.tsv.gz
58,56469,GDN001.A0101.SG1.1_10M.classified_gc_rl.tsv.gz
59,54483,GDN001.A0101.SG1.1_10M.classified_gc_rl.tsv.gz
60,54965,GDN001.A0101.SG1.1_10M.classified_gc_rl.tsv.gz
61,53969,GDN001.A0101.SG1.1_10M.classified_gc_rl.tsv.gz
62,50947,GDN001.A0101.SG1.1_10M.classified_gc_rl.tsv.gz
63,52207,GDN001.A0101.SG1.1_10M.classified_gc_rl.tsv.gz
64,50735,GDN001.A0101.SG1.1_10M.classified_gc_rl.tsv.gz
65,48919,GDN001.A0101.SG1.1_10M.classified_gc_rl.tsv.gz
66,48901,GDN001.A0101.SG1.1_10M.classified_gc_rl.tsv.gz
67,48148,GDN001.A0101.SG1.1_10M.classified_gc_rl.tsv.gz
68,43176,GDN001.A0101.SG1.1_10M.classified_gc_rl.tsv.gz
69,43015,GDN001.A0101.SG1.1_10M.classified_gc_rl.tsv.gz
70,43137,GDN001.A0101.SG1.1_10M.classified_gc_rl.tsv.gz
71,39271,GDN001.A0101.SG1.1_10M.classified_gc_rl.tsv.gz
72,39739,GDN001.A0101.SG1.1_10M.classified_gc_rl.tsv.gz
73,39761,GDN001.A0101.SG1.1_10M.classified_gc_rl.tsv.gz
74,37205,GDN001.A0101.SG1.1_10M.classified_gc_rl.tsv.gz
75,39857,GDN001.A0101.SG1.1_10M.classified_gc_rl.tsv.gz
76,67919,GDN001.A0101.SG1.1_10M.classified_gc_rl.tsv.gz
77,29699,GDN001.A0101.SG1.1_10M.classified_gc_rl.tsv.gz
78,29130,GDN001.A0101.SG1.1_10M.classified_gc_rl.tsv.gz
79,28922,GDN001.A0101.SG1.1_10M.classified_gc_rl.tsv.gz
80,26357,GDN001.A0101.SG1.1_10M.classified_gc_rl.tsv.gz
81,24236,GDN001.A0101.SG1.1_10M.classified_gc_rl.tsv.gz
82,23061,GDN001.A0101.SG1.1_10M.classified_gc_rl.tsv.gz
83,21533,GDN001.A0101.SG1.1_10M.classified_gc_rl.tsv.gz
84,20853,GDN001.A0101.SG1.1_10M.classified_gc_rl.tsv.gz
85,20358,GDN001.A0101.SG1.1_10M.classified_gc_rl.tsv.gz
86,18875,GDN001.A0101.SG1.1_10M.classified_gc_rl.tsv.gz
87,18249,GDN001.A0101.SG1.1_10M.classified_gc_rl.tsv.gz
88,16700,GDN001.A0101.SG1.1_10M.classified_gc_rl.tsv.gz
89,15573,GDN001.A0101.SG1.1_10M.classified_gc_rl.tsv.gz
90,15748,GDN001.A0101.SG1.1_10M.classified_gc_rl.tsv.gz
91,14478,GDN001.A0101.SG1.1_10M.classified_gc_rl.tsv.gz
92,13727,GDN001.A0101.SG1.1_10M.classified_gc_rl.tsv.gz
93,12906,GDN001.A0101.SG1.1_10M.classified_gc_rl.tsv.gz
94,12649,GDN001.A0101.SG1.1_10M.classified_gc_rl.tsv.gz
95,10915,GDN001.A0101.SG1.1_10M.classified_gc_rl.tsv.gz
96,10895,GDN001.A0101.SG1.1_10M.classified_gc_rl.tsv.gz
97,10284,GDN001.A0101.SG1.1_10M.classified_gc_rl.tsv.gz
98,9560,GDN001.A0101.SG1.1_10M.classified_gc_rl.tsv.gz
99,9355,GDN001.A0101.SG1.1_10M.classified_gc_rl.tsv.gz
100,8706,GDN001.A0101.SG1.1_10M.classified_gc_rl.tsv.gz
101,7857,GDN001.A0101.SG1.1_10M.classified_gc_rl.tsv.gz
102,7683,GDN001.A0101.SG1.1_10M.classified_gc_rl.tsv.gz
103,7315,GDN001.A0101.SG1.1_10M.classified_gc_rl.tsv.gz
104,6632,GDN001.A0101.SG1.1_10M.classified_gc_rl.tsv.gz
105,6999,GDN001.A0101.SG1.1_10M.classified_gc_rl.tsv.gz
106,5880,GDN001.A0101.SG1.1_10M.classified_gc_rl.tsv.gz
107,5754,GDN001.A0101.SG1.1_10M.classified_gc_rl.tsv.gz
108,5522,GDN001.A0101.SG1.1_10M.classified_gc_rl.tsv.gz
109,4882,GDN001.A0101.SG1.1_10M.classified_gc_rl.tsv.gz
110,4669,GDN001.A0101.SG1.1_10M.classified_gc_rl.tsv.gz
111,4595,GDN001.A0101.SG1.1_10M.classified_gc_rl.tsv.gz
112,4358,GDN001.A0101.SG1.1_10M.classified_gc_rl.tsv.gz
113,4252,GDN001.A0101.SG1.1_10M.classified_gc_rl.tsv.gz
114,3911,GDN001.A0101.SG1.1_10M.classified_gc_rl.tsv.gz
115,3535,GDN001.A0101.SG1.1_10M.classified_gc_rl.tsv.gz
116,3603,GDN001.A0101.SG1.1_10M.classified_gc_rl.tsv.gz
117,3303,GDN001.A0101.SG1.1_10M.classified_gc_rl.tsv.gz
118,3368,GDN001.A0101.SG1.1_10M.classified_gc_rl.tsv.gz
119,3003,GDN001.A0101.SG1.1_10M.classified_gc_rl.tsv.gz
120,2910,GDN001.A0101.SG1.1_10M.classified_gc_rl.tsv.gz
121,2742,GDN001.A0101.SG1.1_10M.classified_gc_rl.tsv.gz
122,2351,GDN001.A0101.SG1.1_10M.classified_gc_rl.tsv.gz
123,2354,GDN001.A0101.SG1.1_10M.classified_gc_rl.tsv.gz
124,2272,GDN001.A0101.SG1.1_10M.classified_gc_rl.tsv.gz
125,2060,GDN001.A0101.SG1.1_10M.classified_gc_rl.tsv.gz
126,2052,GDN001.A0101.SG1.1_10M.classified_gc_rl.tsv.gz
127,1964,GDN001.A0101.SG1.1_10M.classified_gc_rl.tsv.gz
128,1771,GDN001.A0101.SG1.1_10M.classified_gc_rl.tsv.gz
129,1626,GDN001.A0101.SG1.1_10M.classified_gc_rl.tsv.gz
130,1532,GDN001.A0101.SG1.1_10M.classified_gc_rl.tsv.gz
131,1468,GDN001.A0101.SG1.1_10M.classified_gc_rl.tsv.gz
132,1559,GDN001.A0101.SG1.1_10M.classified_gc_rl.tsv.gz
133,1425,GDN001.A0101.SG1.1_10M.classified_gc_rl.tsv.gz
134,1321,GDN001.A0101.SG1.1_10M.classified_gc_rl.tsv.gz
135,1262,GDN001.A0101.SG1.1_10M.classified_gc_rl.tsv.gz
136,1166,GDN001.A0101.SG1.1_10M.classified_gc_rl.tsv.gz
137,1144,GDN001.A0101.SG1.1_10M.classified_gc_rl.tsv.gz
138,1158,GDN001.A0101.SG1.1_10M.classified_gc_rl.tsv.gz
139,1046,GDN001.A0101.SG1.1_10M.classified_gc_rl.tsv.gz
140,1051,GDN001.A0101.SG1.1_10M.classified_gc_rl.tsv.gz
141,854,GDN001.A0101.SG1.1_10M.classified_gc_rl.tsv.gz
36,2849,GDN001.A0102.SG1.3_10M.classified_gc_rl.tsv.gz
37,5579,GDN001.A0102.SG1.3_10M.classified_gc_rl.tsv.gz
38,7946,GDN001.A0102.SG1.3_10M.classified_gc_rl.tsv.gz
39,9392,GDN001.A0102.SG1.3_10M.classified_gc_rl.tsv.gz
40,11027,GDN001.A0102.SG1.3_10M.classified_gc_rl.tsv.gz
41,11717,GDN001.A0102.SG1.3_10M.classified_gc_rl.tsv.gz
42,11804,GDN001.A0102.SG1.3_10M.classified_gc_rl.tsv.gz
43,12253,GDN001.A0102.SG1.3_10M.classified_gc_rl.tsv.gz
44,12367,GDN001.A0102.SG1.3_10M.classified_gc_rl.tsv.gz
45,12258,GDN001.A0102.SG1.3_10M.classified_gc_rl.tsv.gz
46,12672,GDN001.A0102.SG1.3_10M.classified_gc_rl.tsv.gz
47,12661,GDN001.A0102.SG1.3_10M.classified_gc_rl.tsv.gz
48,11923,GDN001.A0102.SG1.3_10M.classified_gc_rl.tsv.gz
49,12207,GDN001.A0102.SG1.3_10M.classified_gc_rl.tsv.gz
50,12329,GDN001.A0102.SG1.3_10M.classified_gc_rl.tsv.gz
51,11412,GDN001.A0102.SG1.3_10M.classified_gc_rl.tsv.gz
52,11546,GDN001.A0102.SG1.3_10M.classified_gc_rl.tsv.gz
53,11280,GDN001.A0102.SG1.3_10M.classified_gc_rl.tsv.gz
54,10968,GDN001.A0102.SG1.3_10M.classified_gc_rl.tsv.gz
55,10354,GDN001.A0102.SG1.3_10M.classified_gc_rl.tsv.gz
56,10253,GDN001.A0102.SG1.3_10M.classified_gc_rl.tsv.gz
57,9460,GDN001.A0102.SG1.3_10M.classified_gc_rl.tsv.gz
58,9628,GDN001.A0102.SG1.3_10M.classified_gc_rl.tsv.gz
59,9432,GDN001.A0102.SG1.3_10M.classified_gc_rl.tsv.gz
60,8558,GDN001.A0102.SG1.3_10M.classified_gc_rl.tsv.gz
61,8294,GDN001.A0102.SG1.3_10M.classified_gc_rl.tsv.gz
62,8045,GDN001.A0102.SG1.3_10M.classified_gc_rl.tsv.gz
63,7513,GDN001.A0102.SG1.3_10M.classified_gc_rl.tsv.gz
64,7255,GDN001.A0102.SG1.3_10M.classified_gc_rl.tsv.gz
65,7196,GDN001.A0102.SG1.3_10M.classified_gc_rl.tsv.gz
66,6527,GDN001.A0102.SG1.3_10M.classified_gc_rl.tsv.gz
67,6454,GDN001.A0102.SG1.3_10M.classified_gc_rl.tsv.gz
68,6155,GDN001.A0102.SG1.3_10M.classified_gc_rl.tsv.gz
69,5695,GDN001.A0102.SG1.3_10M.classified_gc_rl.tsv.gz
70,5431,GDN001.A0102.SG1.3_10M.classified_gc_rl.tsv.gz
71,5371,GDN001.A0102.SG1.3_10M.classified_gc_rl.tsv.gz
72,4883,GDN001.A0102.SG1.3_10M.classified_gc_rl.tsv.gz
73,5138,GDN001.A0102.SG1.3_10M.classified_gc_rl.tsv.gz
74,4568,GDN001.A0102.SG1.3_10M.classified_gc_rl.tsv.gz
75,4103,GDN001.A0102.SG1.3_10M.classified_gc_rl.tsv.gz
76,5811,GDN001.A0102.SG1.3_10M.classified_gc_rl.tsv.gz
77,3715,GDN001.A0102.SG1.3_10M.classified_gc_rl.tsv.gz
78,3489,GDN001.A0102.SG1.3_10M.classified_gc_rl.tsv.gz
79,3357,GDN001.A0102.SG1.3_10M.classified_gc_rl.tsv.gz
80,3133,GDN001.A0102.SG1.3_10M.classified_gc_rl.tsv.gz
81,2586,GDN001.A0102.SG1.3_10M.classified_gc_rl.tsv.gz
82,2572,GDN001.A0102.SG1.3_10M.classified_gc_rl.tsv.gz
83,2501,GDN001.A0102.SG1.3_10M.classified_gc_rl.tsv.gz
84,2269,GDN001.A0102.SG1.3_10M.classified_gc_rl.tsv.gz
85,2213,GDN001.A0102.SG1.3_10M.classified_gc_rl.tsv.gz
86,1977,GDN001.A0102.SG1.3_10M.classified_gc_rl.tsv.gz
87,1947,GDN001.A0102.SG1.3_10M.classified_gc_rl.tsv.gz
88,1707,GDN001.A0102.SG1.3_10M.classified_gc_rl.tsv.gz
89,1682,GDN001.A0102.SG1.3_10M.classified_gc_rl.tsv.gz
90,1536,GDN001.A0102.SG1.3_10M.classified_gc_rl.tsv.gz
91,1454,GDN001.A0102.SG1.3_10M.classified_gc_rl.tsv.gz
92,1373,GDN001.A0102.SG1.3_10M.classified_gc_rl.tsv.gz
93,1315,GDN001.A0102.SG1.3_10M.classified_gc_rl.tsv.gz
94,1238,GDN001.A0102.SG1.3_10M.classified_gc_rl.tsv.gz
95,1131,GDN001.A0102.SG1.3_10M.classified_gc_rl.tsv.gz
96,1014,GDN001.A0102.SG1.3_10M.classified_gc_rl.tsv.gz
97,997,GDN001.A0102.SG1.3_10M.classified_gc_rl.tsv.gz
98,943,GDN001.A0102.SG1.3_10M.classified_gc_rl.tsv.gz
99,915,GDN001.A0102.SG1.3_10M.classified_gc_rl.tsv.gz
100,854,GDN001.A0102.SG1.3_10M.classified_gc_rl.tsv.gz
101,710,GDN001.A0102.SG1.3_10M.classified_gc_rl.tsv.gz
102,685,GDN001.A0102.SG1.3_10M.classified_gc_rl.tsv.gz
103,638,GDN001.A0102.SG1.3_10M.classified_gc_rl.tsv.gz
104,608,GDN001.A0102.SG1.3_10M.classified_gc_rl.tsv.gz
105,556,GDN001.A0102.SG1.3_10M.classified_gc_rl.tsv.gz
106,551,GDN001.A0102.SG1.3_10M.classified_gc_rl.tsv.gz
107,486,GDN001.A0102.SG1.3_10M.classified_gc_rl.tsv.gz
108,420,GDN001.A0102.SG1.3_10M.classified_gc_rl.tsv.gz
109,425,GDN001.A0102.SG1.3_10M.classified_gc_rl.tsv.gz
110,425,GDN001.A0102.SG1.3_10M.classified_gc_rl.tsv.gz
111,393,GDN001.A0102.SG1.3_10M.classified_gc_rl.tsv.gz
112,375,GDN001.A0102.SG1.3_10M.classified_gc_rl.tsv.gz
113,360,GDN001.A0102.SG1.3_10M.classified_gc_rl.tsv.gz
114,313,GDN001.A0102.SG1.3_10M.classified_gc_rl.tsv.gz
115,278,GDN001.A0102.SG1.3_10M.classified_gc_rl.tsv.gz
116,302,GDN001.A0102.SG1.3_10M.classified_gc_rl.tsv.gz
117,285,GDN001.A0102.SG1.3_10M.classified_gc_rl.tsv.gz
118,262,GDN001.A0102.SG1.3_10M.classified_gc_rl.tsv.gz
119,232,GDN001.A0102.SG1.3_10M.classified_gc_rl.tsv.gz
120,240,GDN001.A0102.SG1.3_10M.classified_gc_rl.tsv.gz
121,226,GDN001.A0102.SG1.3_10M.classified_gc_rl.tsv.gz
122,194,GDN001.A0102.SG1.3_10M.classified_gc_rl.tsv.gz
123,151,GDN001.A0102.SG1.3_10M.classified_gc_rl.tsv.gz
124,192,GDN001.A0102.SG1.3_10M.classified_gc_rl.tsv.gz
125,176,GDN001.A0102.SG1.3_10M.classified_gc_rl.tsv.gz
126,165,GDN001.A0102.SG1.3_10M.classified_gc_rl.tsv.gz
127,128,GDN001.A0102.SG1.3_10M.classified_gc_rl.tsv.gz
128,133,GDN001.A0102.SG1.3_10M.classified_gc_rl.tsv.gz
129,120,GDN001.A0102.SG1.3_10M.classified_gc_rl.tsv.gz
130,118,GDN001.A0102.SG1.3_10M.classified_gc_rl.tsv.gz
131,115,GDN001.A0102.SG1.3_10M.classified_gc_rl.tsv.gz
132,101,GDN001.A0102.SG1.3_10M.classified_gc_rl.tsv.gz
133,99,GDN001.A0102.SG1.3_10M.classified_gc_rl.tsv.gz
134,92,GDN001.A0102.SG1.3_10M.classified_gc_rl.tsv.gz
135,90,GDN001.A0102.SG1.3_10M.classified_gc_rl.tsv.gz
136,85,GDN001.A0102.SG1.3_10M.classified_gc_rl.tsv.gz
137,79,GDN001.A0102.SG1.3_10M.classified_gc_rl.tsv.gz
138,74,GDN001.A0102.SG1.3_10M.classified_gc_rl.tsv.gz
139,55,GDN001.A0102.SG1.3_10M.classified_gc_rl.tsv.gz
140,67,GDN001.A0102.SG1.3_10M.classified_gc_rl.tsv.gz
141,41,GDN001.A0102.SG1.3_10M.classified_gc_rl.tsv.gz
36,11368,GOY005.A0101.SG1.2_10M.classified_gc_rl.tsv.gz
37,21559,GOY005.A0101.SG1.2_10M.classified_gc_rl.tsv.gz
38,28960,GOY005.A0101.SG1.2_10M.classified_gc_rl.tsv.gz
39,34961,GOY005.A0101.SG1.2_10M.classified_gc_rl.tsv.gz
40,39873,GOY005.A0101.SG1.2_10M.classified_gc_rl.tsv.gz
41,41315,GOY005.A0101.SG1.2_10M.classified_gc_rl.tsv.gz
42,42290,GOY005.A0101.SG1.2_10M.classified_gc_rl.tsv.gz
43,43114,GOY005.A0101.SG1.2_10M.classified_gc_rl.tsv.gz
44,42425,GOY005.A0101.SG1.2_10M.classified_gc_rl.tsv.gz
45,42776,GOY005.A0101.SG1.2_10M.classified_gc_rl.tsv.gz
46,42739,GOY005.A0101.SG1.2_10M.classified_gc_rl.tsv.gz
47,41134,GOY005.A0101.SG1.2_10M.classified_gc_rl.tsv.gz
48,40068,GOY005.A0101.SG1.2_10M.classified_gc_rl.tsv.gz
49,39425,GOY005.A0101.SG1.2_10M.classified_gc_rl.tsv.gz
50,37759,GOY005.A0101.SG1.2_10M.classified_gc_rl.tsv.gz
51,37464,GOY005.A0101.SG1.2_10M.classified_gc_rl.tsv.gz
52,36258,GOY005.A0101.SG1.2_10M.classified_gc_rl.tsv.gz
53,34351,GOY005.A0101.SG1.2_10M.classified_gc_rl.tsv.gz
54,33819,GOY005.A0101.SG1.2_10M.classified_gc_rl.tsv.gz
55,31823,GOY005.A0101.SG1.2_10M.classified_gc_rl.tsv.gz
56,30110,GOY005.A0101.SG1.2_10M.classified_gc_rl.tsv.gz
57,29145,GOY005.A0101.SG1.2_10M.classified_gc_rl.tsv.gz
58,28082,GOY005.A0101.SG1.2_10M.classified_gc_rl.tsv.gz
59,26695,GOY005.A0101.SG1.2_10M.classified_gc_rl.tsv.gz
60,26013,GOY005.A0101.SG1.2_10M.classified_gc_rl.tsv.gz
61,24375,GOY005.A0101.SG1.2_10M.classified_gc_rl.tsv.gz
62,22997,GOY005.A0101.SG1.2_10M.classified_gc_rl.tsv.gz
63,22037,GOY005.A0101.SG1.2_10M.classified_gc_rl.tsv.gz
64,21006,GOY005.A0101.SG1.2_10M.classified_gc_rl.tsv.gz
65,19939,GOY005.A0101.SG1.2_10M.classified_gc_rl.tsv.gz
66,19357,GOY005.A0101.SG1.2_10M.classified_gc_rl.tsv.gz
67,18642,GOY005.A0101.SG1.2_10M.classified_gc_rl.tsv.gz
68,16958,GOY005.A0101.SG1.2_10M.classified_gc_rl.tsv.gz
69,16581,GOY005.A0101.SG1.2_10M.classified_gc_rl.tsv.gz
70,16001,GOY005.A0101.SG1.2_10M.classified_gc_rl.tsv.gz
71,15285,GOY005.A0101.SG1.2_10M.classified_gc_rl.tsv.gz
72,16221,GOY005.A0101.SG1.2_10M.classified_gc_rl.tsv.gz
73,17576,GOY005.A0101.SG1.2_10M.classified_gc_rl.tsv.gz
74,14934,GOY005.A0101.SG1.2_10M.classified_gc_rl.tsv.gz
75,27461,GOY005.A0101.SG1.2_10M.classified_gc_rl.tsv.gz
76,85090,GOY005.A0101.SG1.2_10M.classified_gc_rl.tsv.gz
77,10867,GOY005.A0101.SG1.2_10M.classified_gc_rl.tsv.gz
78,10468,GOY005.A0101.SG1.2_10M.classified_gc_rl.tsv.gz
79,10054,GOY005.A0101.SG1.2_10M.classified_gc_rl.tsv.gz
80,9447,GOY005.A0101.SG1.2_10M.classified_gc_rl.tsv.gz
81,8744,GOY005.A0101.SG1.2_10M.classified_gc_rl.tsv.gz
82,8500,GOY005.A0101.SG1.2_10M.classified_gc_rl.tsv.gz
83,7952,GOY005.A0101.SG1.2_10M.classified_gc_rl.tsv.gz
84,7835,GOY005.A0101.SG1.2_10M.classified_gc_rl.tsv.gz
85,7563,GOY005.A0101.SG1.2_10M.classified_gc_rl.tsv.gz
86,6898,GOY005.A0101.SG1.2_10M.classified_gc_rl.tsv.gz
87,6958,GOY005.A0101.SG1.2_10M.classified_gc_rl.tsv.gz
88,6414,GOY005.A0101.SG1.2_10M.classified_gc_rl.tsv.gz
89,6096,GOY005.A0101.SG1.2_10M.classified_gc_rl.tsv.gz
90,6065,GOY005.A0101.SG1.2_10M.classified_gc_rl.tsv.gz
91,5636,GOY005.A0101.SG1.2_10M.classified_gc_rl.tsv.gz
92,5458,GOY005.A0101.SG1.2_10M.classified_gc_rl.tsv.gz
93,5376,GOY005.A0101.SG1.2_10M.classified_gc_rl.tsv.gz
94,5145,GOY005.A0101.SG1.2_10M.classified_gc_rl.tsv.gz
95,4651,GOY005.A0101.SG1.2_10M.classified_gc_rl.tsv.gz
96,4680,GOY005.A0101.SG1.2_10M.classified_gc_rl.tsv.gz
97,4270,GOY005.A0101.SG1.2_10M.classified_gc_rl.tsv.gz
98,4248,GOY005.A0101.SG1.2_10M.classified_gc_rl.tsv.gz
99,4137,GOY005.A0101.SG1.2_10M.classified_gc_rl.tsv.gz
100,3932,GOY005.A0101.SG1.2_10M.classified_gc_rl.tsv.gz
101,3781,GOY005.A0101.SG1.2_10M.classified_gc_rl.tsv.gz
102,3626,GOY005.A0101.SG1.2_10M.classified_gc_rl.tsv.gz
103,3513,GOY005.A0101.SG1.2_10M.classified_gc_rl.tsv.gz
104,3279,GOY005.A0101.SG1.2_10M.classified_gc_rl.tsv.gz
105,3278,GOY005.A0101.SG1.2_10M.classified_gc_rl.tsv.gz
106,3133,GOY005.A0101.SG1.2_10M.classified_gc_rl.tsv.gz
107,3009,GOY005.A0101.SG1.2_10M.classified_gc_rl.tsv.gz
108,2852,GOY005.A0101.SG1.2_10M.classified_gc_rl.tsv.gz
109,2809,GOY005.A0101.SG1.2_10M.classified_gc_rl.tsv.gz
110,2638,GOY005.A0101.SG1.2_10M.classified_gc_rl.tsv.gz
111,2657,GOY005.A0101.SG1.2_10M.classified_gc_rl.tsv.gz
112,2574,GOY005.A0101.SG1.2_10M.classified_gc_rl.tsv.gz
113,2446,GOY005.A0101.SG1.2_10M.classified_gc_rl.tsv.gz
114,2379,GOY005.A0101.SG1.2_10M.classified_gc_rl.tsv.gz
115,2317,GOY005.A0101.SG1.2_10M.classified_gc_rl.tsv.gz
116,2212,GOY005.A0101.SG1.2_10M.classified_gc_rl.tsv.gz
117,2102,GOY005.A0101.SG1.2_10M.classified_gc_rl.tsv.gz
118,2023,GOY005.A0101.SG1.2_10M.classified_gc_rl.tsv.gz
119,1985,GOY005.A0101.SG1.2_10M.classified_gc_rl.tsv.gz
120,1948,GOY005.A0101.SG1.2_10M.classified_gc_rl.tsv.gz
121,1841,GOY005.A0101.SG1.2_10M.classified_gc_rl.tsv.gz
122,1869,GOY005.A0101.SG1.2_10M.classified_gc_rl.tsv.gz
123,1771,GOY005.A0101.SG1.2_10M.classified_gc_rl.tsv.gz
124,1648,GOY005.A0101.SG1.2_10M.classified_gc_rl.tsv.gz
125,1690,GOY005.A0101.SG1.2_10M.classified_gc_rl.tsv.gz
126,1590,GOY005.A0101.SG1.2_10M.classified_gc_rl.tsv.gz
127,1565,GOY005.A0101.SG1.2_10M.classified_gc_rl.tsv.gz
128,1452,GOY005.A0101.SG1.2_10M.classified_gc_rl.tsv.gz
129,1386,GOY005.A0101.SG1.2_10M.classified_gc_rl.tsv.gz
130,1411,GOY005.A0101.SG1.2_10M.classified_gc_rl.tsv.gz
131,1471,GOY005.A0101.SG1.2_10M.classified_gc_rl.tsv.gz
132,1378,GOY005.A0101.SG1.2_10M.classified_gc_rl.tsv.gz
133,1333,GOY005.A0101.SG1.2_10M.classified_gc_rl.tsv.gz
134,1300,GOY005.A0101.SG1.2_10M.classified_gc_rl.tsv.gz
135,1261,GOY005.A0101.SG1.2_10M.classified_gc_rl.tsv.gz
136,1298,GOY005.A0101.SG1.2_10M.classified_gc_rl.tsv.gz
137,1256,GOY005.A0101.SG1.2_10M.classified_gc_rl.tsv.gz
138,1131,GOY005.A0101.SG1.2_10M.classified_gc_rl.tsv.gz
139,1075,GOY005.A0101.SG1.2_10M.classified_gc_rl.tsv.gz
140,1219,GOY005.A0101.SG1.2_10M.classified_gc_rl.tsv.gz
141,1056,GOY005.A0101.SG1.2_10M.classified_gc_rl.tsv.gz
36,7355,GOY005.A0103.SG1.4_10M.classified_gc_rl.tsv.gz
37,12774,GOY005.A0103.SG1.4_10M.classified_gc_rl.tsv.gz
38,16927,GOY005.A0103.SG1.4_10M.classified_gc_rl.tsv.gz
39,18663,GOY005.A0103.SG1.4_10M.classified_gc_rl.tsv.gz
40,20225,GOY005.A0103.SG1.4_10M.classified_gc_rl.tsv.gz
41,20783,GOY005.A0103.SG1.4_10M.classified_gc_rl.tsv.gz
42,20172,GOY005.A0103.SG1.4_10M.classified_gc_rl.tsv.gz
43,20036,GOY005.A0103.SG1.4_10M.classified_gc_rl.tsv.gz
44,19707,GOY005.A0103.SG1.4_10M.classified_gc_rl.tsv.gz
45,18394,GOY005.A0103.SG1.4_10M.classified_gc_rl.tsv.gz
46,17932,GOY005.A0103.SG1.4_10M.classified_gc_rl.tsv.gz
47,17471,GOY005.A0103.SG1.4_10M.classified_gc_rl.tsv.gz
48,15696,GOY005.A0103.SG1.4_10M.classified_gc_rl.tsv.gz
49,15123,GOY005.A0103.SG1.4_10M.classified_gc_rl.tsv.gz
50,14621,GOY005.A0103.SG1.4_10M.classified_gc_rl.tsv.gz
51,13371,GOY005.A0103.SG1.4_10M.classified_gc_rl.tsv.gz
52,12775,GOY005.A0103.SG1.4_10M.classified_gc_rl.tsv.gz
53,12288,GOY005.A0103.SG1.4_10M.classified_gc_rl.tsv.gz
54,11428,GOY005.A0103.SG1.4_10M.classified_gc_rl.tsv.gz
55,10397,GOY005.A0103.SG1.4_10M.classified_gc_rl.tsv.gz
56,9836,GOY005.A0103.SG1.4_10M.classified_gc_rl.tsv.gz
57,9018,GOY005.A0103.SG1.4_10M.classified_gc_rl.tsv.gz
58,8526,GOY005.A0103.SG1.4_10M.classified_gc_rl.tsv.gz
59,8020,GOY005.A0103.SG1.4_10M.classified_gc_rl.tsv.gz
60,7321,GOY005.A0103.SG1.4_10M.classified_gc_rl.tsv.gz
61,6589,GOY005.A0103.SG1.4_10M.classified_gc_rl.tsv.gz
62,6310,GOY005.A0103.SG1.4_10M.classified_gc_rl.tsv.gz
63,5746,GOY005.A0103.SG1.4_10M.classified_gc_rl.tsv.gz
64,5494,GOY005.A0103.SG1.4_10M.classified_gc_rl.tsv.gz
65,5231,GOY005.A0103.SG1.4_10M.classified_gc_rl.tsv.gz
66,4822,GOY005.A0103.SG1.4_10M.classified_gc_rl.tsv.gz
67,4384,GOY005.A0103.SG1.4_10M.classified_gc_rl.tsv.gz
68,4084,GOY005.A0103.SG1.4_10M.classified_gc_rl.tsv.gz
69,3697,GOY005.A0103.SG1.4_10M.classified_gc_rl.tsv.gz
70,3439,GOY005.A0103.SG1.4_10M.classified_gc_rl.tsv.gz
71,3413,GOY005.A0103.SG1.4_10M.classified_gc_rl.tsv.gz
72,3265,GOY005.A0103.SG1.4_10M.classified_gc_rl.tsv.gz
73,3315,GOY005.A0103.SG1.4_10M.classified_gc_rl.tsv.gz
74,2701,GOY005.A0103.SG1.4_10M.classified_gc_rl.tsv.gz
75,2801,GOY005.A0103.SG1.4_10M.classified_gc_rl.tsv.gz
76,6735,GOY005.A0103.SG1.4_10M.classified_gc_rl.tsv.gz
77,2066,GOY005.A0103.SG1.4_10M.classified_gc_rl.tsv.gz
78,1878,GOY005.A0103.SG1.4_10M.classified_gc_rl.tsv.gz
79,1790,GOY005.A0103.SG1.4_10M.classified_gc_rl.tsv.gz
80,1701,GOY005.A0103.SG1.4_10M.classified_gc_rl.tsv.gz
81,1439,GOY005.A0103.SG1.4_10M.classified_gc_rl.tsv.gz
82,1383,GOY005.A0103.SG1.4_10M.classified_gc_rl.tsv.gz
83,1303,GOY005.A0103.SG1.4_10M.classified_gc_rl.tsv.gz
84,1160,GOY005.A0103.SG1.4_10M.classified_gc_rl.tsv.gz
85,1082,GOY005.A0103.SG1.4_10M.classified_gc_rl.tsv.gz
86,1125,GOY005.A0103.SG1.4_10M.classified_gc_rl.tsv.gz
87,1024,GOY005.A0103.SG1.4_10M.classified_gc_rl.tsv.gz
88,912,GOY005.A0103.SG1.4_10M.classified_gc_rl.tsv.gz
89,823,GOY005.A0103.SG1.4_10M.classified_gc_rl.tsv.gz
90,836,GOY005.A0103.SG1.4_10M.classified_gc_rl.tsv.gz
91,725,GOY005.A0103.SG1.4_10M.classified_gc_rl.tsv.gz
92,711,GOY005.A0103.SG1.4_10M.classified_gc_rl.tsv.gz
93,652,GOY005.A0103.SG1.4_10M.classified_gc_rl.tsv.gz
94,677,GOY005.A0103.SG1.4_10M.classified_gc_rl.tsv.gz
95,577,GOY005.A0103.SG1.4_10M.classified_gc_rl.tsv.gz
96,551,GOY005.A0103.SG1.4_10M.classified_gc_rl.tsv.gz
97,507,GOY005.A0103.SG1.4_10M.classified_gc_rl.tsv.gz
98,481,GOY005.A0103.SG1.4_10M.classified_gc_rl.tsv.gz
99,444,GOY005.A0103.SG1.4_10M.classified_gc_rl.tsv.gz
100,426,GOY005.A0103.SG1.4_10M.classified_gc_rl.tsv.gz
101,399,GOY005.A0103.SG1.4_10M.classified_gc_rl.tsv.gz
102,398,GOY005.A0103.SG1.4_10M.classified_gc_rl.tsv.gz
103,360,GOY005.A0103.SG1.4_10M.classified_gc_rl.tsv.gz
104,318,GOY005.A0103.SG1.4_10M.classified_gc_rl.tsv.gz
105,309,GOY005.A0103.SG1.4_10M.classified_gc_rl.tsv.gz
106,335,GOY005.A0103.SG1.4_10M.classified_gc_rl.tsv.gz
107,283,GOY005.A0103.SG1.4_10M.classified_gc_rl.tsv.gz
108,312,GOY005.A0103.SG1.4_10M.classified_gc_rl.tsv.gz
109,250,GOY005.A0103.SG1.4_10M.classified_gc_rl.tsv.gz
110,282,GOY005.A0103.SG1.4_10M.classified_gc_rl.tsv.gz
111,258,GOY005.A0103.SG1.4_10M.classified_gc_rl.tsv.gz
112,194,GOY005.A0103.SG1.4_10M.classified_gc_rl.tsv.gz
113,185,GOY005.A0103.SG1.4_10M.classified_gc_rl.tsv.gz
114,202,GOY005.A0103.SG1.4_10M.classified_gc_rl.tsv.gz
115,194,GOY005.A0103.SG1.4_10M.classified_gc_rl.tsv.gz
116,192,GOY005.A0103.SG1.4_10M.classified_gc_rl.tsv.gz
117,142,GOY005.A0103.SG1.4_10M.classified_gc_rl.tsv.gz
118,151,GOY005.A0103.SG1.4_10M.classified_gc_rl.tsv.gz
119,172,GOY005.A0103.SG1.4_10M.classified_gc_rl.tsv.gz
120,154,GOY005.A0103.SG1.4_10M.classified_gc_rl.tsv.gz
121,142,GOY005.A0103.SG1.4_10M.classified_gc_rl.tsv.gz
122,148,GOY005.A0103.SG1.4_10M.classified_gc_rl.tsv.gz
123,134,GOY005.A0103.SG1.4_10M.classified_gc_rl.tsv.gz
124,143,GOY005.A0103.SG1.4_10M.classified_gc_rl.tsv.gz
125,116,GOY005.A0103.SG1.4_10M.classified_gc_rl.tsv.gz
126,126,GOY005.A0103.SG1.4_10M.classified_gc_rl.tsv.gz
127,116,GOY005.A0103.SG1.4_10M.classified_gc_rl.tsv.gz
128,104,GOY005.A0103.SG1.4_10M.classified_gc_rl.tsv.gz
129,118,GOY005.A0103.SG1.4_10M.classified_gc_rl.tsv.gz
130,98,GOY005.A0103.SG1.4_10M.classified_gc_rl.tsv.gz
131,105,GOY005.A0103.SG1.4_10M.classified_gc_rl.tsv.gz
132,88,GOY005.A0103.SG1.4_10M.classified_gc_rl.tsv.gz
133,92,GOY005.A0103.SG1.4_10M.classified_gc_rl.tsv.gz
134,100,GOY005.A0103.SG1.4_10M.classified_gc_rl.tsv.gz
135,81,GOY005.A0103.SG1.4_10M.classified_gc_rl.tsv.gz
136,100,GOY005.A0103.SG1.4_10M.classified_gc_rl.tsv.gz
137,68,GOY005.A0103.SG1.4_10M.classified_gc_rl.tsv.gz
138,63,GOY005.A0103.SG1.4_10M.classified_gc_rl.tsv.gz
139,64,GOY005.A0103.SG1.4_10M.classified_gc_rl.tsv.gz
140,79,GOY005.A0103.SG1.4_10M.classified_gc_rl.tsv.gz
141,57,GOY005.A0103.SG1.4_10M.classified_gc_rl.tsv.gz
36,7907,GOY006.A0101.SG1.2_10M.classified_gc_rl.tsv.gz
37,15221,GOY006.A0101.SG1.2_10M.classified_gc_rl.tsv.gz
38,20229,GOY006.A0101.SG1.2_10M.classified_gc_rl.tsv.gz
39,24435,GOY006.A0101.SG1.2_10M.classified_gc_rl.tsv.gz
40,28469,GOY006.A0101.SG1.2_10M.classified_gc_rl.tsv.gz
41,29387,GOY006.A0101.SG1.2_10M.classified_gc_rl.tsv.gz
42,30747,GOY006.A0101.SG1.2_10M.classified_gc_rl.tsv.gz
43,31528,GOY006.A0101.SG1.2_10M.classified_gc_rl.tsv.gz
44,31377,GOY006.A0101.SG1.2_10M.classified_gc_rl.tsv.gz
45,32175,GOY006.A0101.SG1.2_10M.classified_gc_rl.tsv.gz
46,33040,GOY006.A0101.SG1.2_10M.classified_gc_rl.tsv.gz
47,32609,GOY006.A0101.SG1.2_10M.classified_gc_rl.tsv.gz
48,31821,GOY006.A0101.SG1.2_10M.classified_gc_rl.tsv.gz
49,31905,GOY006.A0101.SG1.2_10M.classified_gc_rl.tsv.gz
50,31335,GOY006.A0101.SG1.2_10M.classified_gc_rl.tsv.gz
51,30804,GOY006.A0101.SG1.2_10M.classified_gc_rl.tsv.gz
52,30552,GOY006.A0101.SG1.2_10M.classified_gc_rl.tsv.gz
53,29491,GOY006.A0101.SG1.2_10M.classified_gc_rl.tsv.gz
54,29096,GOY006.A0101.SG1.2_10M.classified_gc_rl.tsv.gz
55,28527,GOY006.A0101.SG1.2_10M.classified_gc_rl.tsv.gz
56,27207,GOY006.A0101.SG1.2_10M.classified_gc_rl.tsv.gz
57,26710,GOY006.A0101.SG1.2_10M.classified_gc_rl.tsv.gz
58,26360,GOY006.A0101.SG1.2_10M.classified_gc_rl.tsv.gz
59,25345,GOY006.A0101.SG1.2_10M.classified_gc_rl.tsv.gz
60,24639,GOY006.A0101.SG1.2_10M.classified_gc_rl.tsv.gz
61,23588,GOY006.A0101.SG1.2_10M.classified_gc_rl.tsv.gz
62,22531,GOY006.A0101.SG1.2_10M.classified_gc_rl.tsv.gz
63,22097,GOY006.A0101.SG1.2_10M.classified_gc_rl.tsv.gz
64,21265,GOY006.A0101.SG1.2_10M.classified_gc_rl.tsv.gz
65,20742,GOY006.A0101.SG1.2_10M.classified_gc_rl.tsv.gz
66,20062,GOY006.A0101.SG1.2_10M.classified_gc_rl.tsv.gz
67,19680,GOY006.A0101.SG1.2_10M.classified_gc_rl.tsv.gz
68,17919,GOY006.A0101.SG1.2_10M.classified_gc_rl.tsv.gz
69,17856,GOY006.A0101.SG1.2_10M.classified_gc_rl.tsv.gz
70,17425,GOY006.A0101.SG1.2_10M.classified_gc_rl.tsv.gz
71,16658,GOY006.A0101.SG1.2_10M.classified_gc_rl.tsv.gz
72,16981,GOY006.A0101.SG1.2_10M.classified_gc_rl.tsv.gz
73,18149,GOY006.A0101.SG1.2_10M.classified_gc_rl.tsv.gz
74,15983,GOY006.A0101.SG1.2_10M.classified_gc_rl.tsv.gz
75,22609,GOY006.A0101.SG1.2_10M.classified_gc_rl.tsv.gz
76,56028,GOY006.A0101.SG1.2_10M.classified_gc_rl.tsv.gz
77,12675,GOY006.A0101.SG1.2_10M.classified_gc_rl.tsv.gz
78,12408,GOY006.A0101.SG1.2_10M.classified_gc_rl.tsv.gz
79,12152,GOY006.A0101.SG1.2_10M.classified_gc_rl.tsv.gz
80,11468,GOY006.A0101.SG1.2_10M.classified_gc_rl.tsv.gz
81,10592,GOY006.A0101.SG1.2_10M.classified_gc_rl.tsv.gz
82,10328,GOY006.A0101.SG1.2_10M.classified_gc_rl.tsv.gz
83,9823,GOY006.A0101.SG1.2_10M.classified_gc_rl.tsv.gz
84,9408,GOY006.A0101.SG1.2_10M.classified_gc_rl.tsv.gz
85,9303,GOY006.A0101.SG1.2_10M.classified_gc_rl.tsv.gz
86,8867,GOY006.A0101.SG1.2_10M.classified_gc_rl.tsv.gz
87,8649,GOY006.A0101.SG1.2_10M.classified_gc_rl.tsv.gz
88,8136,GOY006.A0101.SG1.2_10M.classified_gc_rl.tsv.gz
89,7680,GOY006.A0101.SG1.2_10M.classified_gc_rl.tsv.gz
90,7438,GOY006.A0101.SG1.2_10M.classified_gc_rl.tsv.gz
91,7215,GOY006.A0101.SG1.2_10M.classified_gc_rl.tsv.gz
92,6987,GOY006.A0101.SG1.2_10M.classified_gc_rl.tsv.gz
93,6593,GOY006.A0101.SG1.2_10M.classified_gc_rl.tsv.gz
94,6660,GOY006.A0101.SG1.2_10M.classified_gc_rl.tsv.gz
95,5900,GOY006.A0101.SG1.2_10M.classified_gc_rl.tsv.gz
96,5762,GOY006.A0101.SG1.2_10M.classified_gc_rl.tsv.gz
97,5675,GOY006.A0101.SG1.2_10M.classified_gc_rl.tsv.gz
98,5328,GOY006.A0101.SG1.2_10M.classified_gc_rl.tsv.gz
99,5283,GOY006.A0101.SG1.2_10M.classified_gc_rl.tsv.gz
100,5169,GOY006.A0101.SG1.2_10M.classified_gc_rl.tsv.gz
101,4644,GOY006.A0101.SG1.2_10M.classified_gc_rl.tsv.gz
102,4545,GOY006.A0101.SG1.2_10M.classified_gc_rl.tsv.gz
103,4581,GOY006.A0101.SG1.2_10M.classified_gc_rl.tsv.gz
104,4264,GOY006.A0101.SG1.2_10M.classified_gc_rl.tsv.gz
105,4152,GOY006.A0101.SG1.2_10M.classified_gc_rl.tsv.gz
106,4028,GOY006.A0101.SG1.2_10M.classified_gc_rl.tsv.gz
107,3843,GOY006.A0101.SG1.2_10M.classified_gc_rl.tsv.gz
108,3686,GOY006.A0101.SG1.2_10M.classified_gc_rl.tsv.gz
109,3504,GOY006.A0101.SG1.2_10M.classified_gc_rl.tsv.gz
110,3437,GOY006.A0101.SG1.2_10M.classified_gc_rl.tsv.gz
111,3257,GOY006.A0101.SG1.2_10M.classified_gc_rl.tsv.gz
112,3263,GOY006.A0101.SG1.2_10M.classified_gc_rl.tsv.gz
113,2997,GOY006.A0101.SG1.2_10M.classified_gc_rl.tsv.gz
114,2943,GOY006.A0101.SG1.2_10M.classified_gc_rl.tsv.gz
115,2788,GOY006.A0101.SG1.2_10M.classified_gc_rl.tsv.gz
116,2673,GOY006.A0101.SG1.2_10M.classified_gc_rl.tsv.gz
117,2665,GOY006.A0101.SG1.2_10M.classified_gc_rl.tsv.gz
118,2610,GOY006.A0101.SG1.2_10M.classified_gc_rl.tsv.gz
119,2491,GOY006.A0101.SG1.2_10M.classified_gc_rl.tsv.gz
120,2430,GOY006.A0101.SG1.2_10M.classified_gc_rl.tsv.gz
121,2340,GOY006.A0101.SG1.2_10M.classified_gc_rl.tsv.gz
122,2140,GOY006.A0101.SG1.2_10M.classified_gc_rl.tsv.gz
123,2150,GOY006.A0101.SG1.2_10M.classified_gc_rl.tsv.gz
124,2050,GOY006.A0101.SG1.2_10M.classified_gc_rl.tsv.gz
125,1904,GOY006.A0101.SG1.2_10M.classified_gc_rl.tsv.gz
126,1941,GOY006.A0101.SG1.2_10M.classified_gc_rl.tsv.gz
127,1861,GOY006.A0101.SG1.2_10M.classified_gc_rl.tsv.gz
128,1760,GOY006.A0101.SG1.2_10M.classified_gc_rl.tsv.gz
129,1717,GOY006.A0101.SG1.2_10M.classified_gc_rl.tsv.gz
130,1680,GOY006.A0101.SG1.2_10M.classified_gc_rl.tsv.gz
131,1595,GOY006.A0101.SG1.2_10M.classified_gc_rl.tsv.gz
132,1645,GOY006.A0101.SG1.2_10M.classified_gc_rl.tsv.gz
133,1484,GOY006.A0101.SG1.2_10M.classified_gc_rl.tsv.gz
134,1502,GOY006.A0101.SG1.2_10M.classified_gc_rl.tsv.gz
135,1473,GOY006.A0101.SG1.2_10M.classified_gc_rl.tsv.gz
136,1499,GOY006.A0101.SG1.2_10M.classified_gc_rl.tsv.gz
137,1438,GOY006.A0101.SG1.2_10M.classified_gc_rl.tsv.gz
138,1274,GOY006.A0101.SG1.2_10M.classified_gc_rl.tsv.gz
139,1295,GOY006.A0101.SG1.2_10M.classified_gc_rl.tsv.gz
140,1535,GOY006.A0101.SG1.2_10M.classified_gc_rl.tsv.gz
141,1088,GOY006.A0101.SG1.2_10M.classified_gc_rl.tsv.gz
36,7553,GOY006.A0102.SG1.5_10M.classified_gc_rl.tsv.gz
37,13191,GOY006.A0102.SG1.5_10M.classified_gc_rl.tsv.gz
38,17438,GOY006.A0102.SG1.5_10M.classified_gc_rl.tsv.gz
39,20030,GOY006.A0102.SG1.5_10M.classified_gc_rl.tsv.gz
40,21843,GOY006.A0102.SG1.5_10M.classified_gc_rl.tsv.gz
41,22360,GOY006.A0102.SG1.5_10M.classified_gc_rl.tsv.gz
42,21630,GOY006.A0102.SG1.5_10M.classified_gc_rl.tsv.gz
43,21666,GOY006.A0102.SG1.5_10M.classified_gc_rl.tsv.gz
44,22036,GOY006.A0102.SG1.5_10M.classified_gc_rl.tsv.gz
45,21168,GOY006.A0102.SG1.5_10M.classified_gc_rl.tsv.gz
46,20568,GOY006.A0102.SG1.5_10M.classified_gc_rl.tsv.gz
47,20593,GOY006.A0102.SG1.5_10M.classified_gc_rl.tsv.gz
48,18954,GOY006.A0102.SG1.5_10M.classified_gc_rl.tsv.gz
49,18338,GOY006.A0102.SG1.5_10M.classified_gc_rl.tsv.gz
50,17917,GOY006.A0102.SG1.5_10M.classified_gc_rl.tsv.gz
51,16716,GOY006.A0102.SG1.5_10M.classified_gc_rl.tsv.gz
52,16044,GOY006.A0102.SG1.5_10M.classified_gc_rl.tsv.gz
53,15540,GOY006.A0102.SG1.5_10M.classified_gc_rl.tsv.gz
54,14726,GOY006.A0102.SG1.5_10M.classified_gc_rl.tsv.gz
55,13729,GOY006.A0102.SG1.5_10M.classified_gc_rl.tsv.gz
56,13293,GOY006.A0102.SG1.5_10M.classified_gc_rl.tsv.gz
57,12293,GOY006.A0102.SG1.5_10M.classified_gc_rl.tsv.gz
58,11902,GOY006.A0102.SG1.5_10M.classified_gc_rl.tsv.gz
59,11488,GOY006.A0102.SG1.5_10M.classified_gc_rl.tsv.gz
60,10696,GOY006.A0102.SG1.5_10M.classified_gc_rl.tsv.gz
61,9920,GOY006.A0102.SG1.5_10M.classified_gc_rl.tsv.gz
62,9450,GOY006.A0102.SG1.5_10M.classified_gc_rl.tsv.gz
63,8700,GOY006.A0102.SG1.5_10M.classified_gc_rl.tsv.gz
64,8385,GOY006.A0102.SG1.5_10M.classified_gc_rl.tsv.gz
65,8331,GOY006.A0102.SG1.5_10M.classified_gc_rl.tsv.gz
66,7576,GOY006.A0102.SG1.5_10M.classified_gc_rl.tsv.gz
67,7275,GOY006.A0102.SG1.5_10M.classified_gc_rl.tsv.gz
68,6883,GOY006.A0102.SG1.5_10M.classified_gc_rl.tsv.gz
69,6337,GOY006.A0102.SG1.5_10M.classified_gc_rl.tsv.gz
70,6241,GOY006.A0102.SG1.5_10M.classified_gc_rl.tsv.gz
71,6067,GOY006.A0102.SG1.5_10M.classified_gc_rl.tsv.gz
72,5973,GOY006.A0102.SG1.5_10M.classified_gc_rl.tsv.gz
73,6433,GOY006.A0102.SG1.5_10M.classified_gc_rl.tsv.gz
74,5190,GOY006.A0102.SG1.5_10M.classified_gc_rl.tsv.gz
75,5234,GOY006.A0102.SG1.5_10M.classified_gc_rl.tsv.gz
76,13672,GOY006.A0102.SG1.5_10M.classified_gc_rl.tsv.gz
77,4053,GOY006.A0102.SG1.5_10M.classified_gc_rl.tsv.gz
78,3847,GOY006.A0102.SG1.5_10M.classified_gc_rl.tsv.gz
79,3576,GOY006.A0102.SG1.5_10M.classified_gc_rl.tsv.gz
80,3578,GOY006.A0102.SG1.5_10M.classified_gc_rl.tsv.gz
81,3105,GOY006.A0102.SG1.5_10M.classified_gc_rl.tsv.gz
82,3019,GOY006.A0102.SG1.5_10M.classified_gc_rl.tsv.gz
83,2846,GOY006.A0102.SG1.5_10M.classified_gc_rl.tsv.gz
84,2725,GOY006.A0102.SG1.5_10M.classified_gc_rl.tsv.gz
85,2667,GOY006.A0102.SG1.5_10M.classified_gc_rl.tsv.gz
86,2412,GOY006.A0102.SG1.5_10M.classified_gc_rl.tsv.gz
87,2365,GOY006.A0102.SG1.5_10M.classified_gc_rl.tsv.gz
88,2214,GOY006.A0102.SG1.5_10M.classified_gc_rl.tsv.gz
89,2046,GOY006.A0102.SG1.5_10M.classified_gc_rl.tsv.gz
90,1882,GOY006.A0102.SG1.5_10M.classified_gc_rl.tsv.gz
91,1877,GOY006.A0102.SG1.5_10M.classified_gc_rl.tsv.gz
92,1850,GOY006.A0102.SG1.5_10M.classified_gc_rl.tsv.gz
93,1703,GOY006.A0102.SG1.5_10M.classified_gc_rl.tsv.gz
94,1587,GOY006.A0102.SG1.5_10M.classified_gc_rl.tsv.gz
95,1555,GOY006.A0102.SG1.5_10M.classified_gc_rl.tsv.gz
96,1445,GOY006.A0102.SG1.5_10M.classified_gc_rl.tsv.gz
97,1397,GOY006.A0102.SG1.5_10M.classified_gc_rl.tsv.gz
98,1303,GOY006.A0102.SG1.5_10M.classified_gc_rl.tsv.gz
99,1242,GOY006.A0102.SG1.5_10M.classified_gc_rl.tsv.gz
100,1209,GOY006.A0102.SG1.5_10M.classified_gc_rl.tsv.gz
101,1102,GOY006.A0102.SG1.5_10M.classified_gc_rl.tsv.gz
102,1080,GOY006.A0102.SG1.5_10M.classified_gc_rl.tsv.gz
103,1049,GOY006.A0102.SG1.5_10M.classified_gc_rl.tsv.gz
104,1021,GOY006.A0102.SG1.5_10M.classified_gc_rl.tsv.gz
105,920,GOY006.A0102.SG1.5_10M.classified_gc_rl.tsv.gz
106,891,GOY006.A0102.SG1.5_10M.classified_gc_rl.tsv.gz
107,884,GOY006.A0102.SG1.5_10M.classified_gc_rl.tsv.gz
108,834,GOY006.A0102.SG1.5_10M.classified_gc_rl.tsv.gz
109,751,GOY006.A0102.SG1.5_10M.classified_gc_rl.tsv.gz
110,773,GOY006.A0102.SG1.5_10M.classified_gc_rl.tsv.gz
111,718,GOY006.A0102.SG1.5_10M.classified_gc_rl.tsv.gz
112,673,GOY006.A0102.SG1.5_10M.classified_gc_rl.tsv.gz
113,644,GOY006.A0102.SG1.5_10M.classified_gc_rl.tsv.gz
114,698,GOY006.A0102.SG1.5_10M.classified_gc_rl.tsv.gz
115,610,GOY006.A0102.SG1.5_10M.classified_gc_rl.tsv.gz
116,593,GOY006.A0102.SG1.5_10M.classified_gc_rl.tsv.gz
117,574,GOY006.A0102.SG1.5_10M.classified_gc_rl.tsv.gz
118,539,GOY006.A0102.SG1.5_10M.classified_gc_rl.tsv.gz
119,553,GOY006.A0102.SG1.5_10M.classified_gc_rl.tsv.gz
120,495,GOY006.A0102.SG1.5_10M.classified_gc_rl.tsv.gz
121,478,GOY006.A0102.SG1.5_10M.classified_gc_rl.tsv.gz
122,448,GOY006.A0102.SG1.5_10M.classified_gc_rl.tsv.gz
123,424,GOY006.A0102.SG1.5_10M.classified_gc_rl.tsv.gz
124,406,GOY006.A0102.SG1.5_10M.classified_gc_rl.tsv.gz
125,426,GOY006.A0102.SG1.5_10M.classified_gc_rl.tsv.gz
126,388,GOY006.A0102.SG1.5_10M.classified_gc_rl.tsv.gz
127,416,GOY006.A0102.SG1.5_10M.classified_gc_rl.tsv.gz
128,345,GOY006.A0102.SG1.5_10M.classified_gc_rl.tsv.gz
129,329,GOY006.A0102.SG1.5_10M.classified_gc_rl.tsv.gz
130,324,GOY006.A0102.SG1.5_10M.classified_gc_rl.tsv.gz
131,345,GOY006.A0102.SG1.5_10M.classified_gc_rl.tsv.gz
132,360,GOY006.A0102.SG1.5_10M.classified_gc_rl.tsv.gz
133,306,GOY006.A0102.SG1.5_10M.classified_gc_rl.tsv.gz
134,274,GOY006.A0102.SG1.5_10M.classified_gc_rl.tsv.gz
135,280,GOY006.A0102.SG1.5_10M.classified_gc_rl.tsv.gz
136,309,GOY006.A0102.SG1.5_10M.classified_gc_rl.tsv.gz
137,271,GOY006.A0102.SG1.5_10M.classified_gc_rl.tsv.gz
138,235,GOY006.A0102.SG1.5_10M.classified_gc_rl.tsv.gz
139,237,GOY006.A0102.SG1.5_10M.classified_gc_rl.tsv.gz
140,257,GOY006.A0102.SG1.5_10M.classified_gc_rl.tsv.gz
141,211,GOY006.A0102.SG1.5_10M.classified_gc_rl.tsv.gz
36,1097,GUE001.A0101.SG1.1_10M.classified_gc_rl.tsv.gz
37,2008,GUE001.A0101.SG1.1_10M.classified_gc_rl.tsv.gz
38,2899,GUE001.A0101.SG1.1_10M.classified_gc_rl.tsv.gz
39,3684,GUE001.A0101.SG1.1_10M.classified_gc_rl.tsv.gz
40,4510,GUE001.A0101.SG1.1_10M.classified_gc_rl.tsv.gz
41,5000,GUE001.A0101.SG1.1_10M.classified_gc_rl.tsv.gz
42,5672,GUE001.A0101.SG1.1_10M.classified_gc_rl.tsv.gz
43,6237,GUE001.A0101.SG1.1_10M.classified_gc_rl.tsv.gz
44,6797,GUE001.A0101.SG1.1_10M.classified_gc_rl.tsv.gz
45,6892,GUE001.A0101.SG1.1_10M.classified_gc_rl.tsv.gz
46,7567,GUE001.A0101.SG1.1_10M.classified_gc_rl.tsv.gz
47,7799,GUE001.A0101.SG1.1_10M.classified_gc_rl.tsv.gz
48,8282,GUE001.A0101.SG1.1_10M.classified_gc_rl.tsv.gz
49,8599,GUE001.A0101.SG1.1_10M.classified_gc_rl.tsv.gz
50,8852,GUE001.A0101.SG1.1_10M.classified_gc_rl.tsv.gz
51,9124,GUE001.A0101.SG1.1_10M.classified_gc_rl.tsv.gz
52,9817,GUE001.A0101.SG1.1_10M.classified_gc_rl.tsv.gz
53,10022,GUE001.A0101.SG1.1_10M.classified_gc_rl.tsv.gz
54,10146,GUE001.A0101.SG1.1_10M.classified_gc_rl.tsv.gz
55,10727,GUE001.A0101.SG1.1_10M.classified_gc_rl.tsv.gz
56,10548,GUE001.A0101.SG1.1_10M.classified_gc_rl.tsv.gz
57,11049,GUE001.A0101.SG1.1_10M.classified_gc_rl.tsv.gz
58,11180,GUE001.A0101.SG1.1_10M.classified_gc_rl.tsv.gz
59,10882,GUE001.A0101.SG1.1_10M.classified_gc_rl.tsv.gz
60,11375,GUE001.A0101.SG1.1_10M.classified_gc_rl.tsv.gz
61,11172,GUE001.A0101.SG1.1_10M.classified_gc_rl.tsv.gz
62,11171,GUE001.A0101.SG1.1_10M.classified_gc_rl.tsv.gz
63,11610,GUE001.A0101.SG1.1_10M.classified_gc_rl.tsv.gz
64,12054,GUE001.A0101.SG1.1_10M.classified_gc_rl.tsv.gz
65,12434,GUE001.A0101.SG1.1_10M.classified_gc_rl.tsv.gz
66,12442,GUE001.A0101.SG1.1_10M.classified_gc_rl.tsv.gz
67,12682,GUE001.A0101.SG1.1_10M.classified_gc_rl.tsv.gz
68,12483,GUE001.A0101.SG1.1_10M.classified_gc_rl.tsv.gz
69,13338,GUE001.A0101.SG1.1_10M.classified_gc_rl.tsv.gz
70,14051,GUE001.A0101.SG1.1_10M.classified_gc_rl.tsv.gz
71,14472,GUE001.A0101.SG1.1_10M.classified_gc_rl.tsv.gz
72,18741,GUE001.A0101.SG1.1_10M.classified_gc_rl.tsv.gz
73,23339,GUE001.A0101.SG1.1_10M.classified_gc_rl.tsv.gz
74,28497,GUE001.A0101.SG1.1_10M.classified_gc_rl.tsv.gz
75,80741,GUE001.A0101.SG1.1_10M.classified_gc_rl.tsv.gz
76,200167,GUE001.A0101.SG1.1_10M.classified_gc_rl.tsv.gz
77,11375,GUE001.A0101.SG1.1_10M.classified_gc_rl.tsv.gz
78,11966,GUE001.A0101.SG1.1_10M.classified_gc_rl.tsv.gz
79,11592,GUE001.A0101.SG1.1_10M.classified_gc_rl.tsv.gz
80,11627,GUE001.A0101.SG1.1_10M.classified_gc_rl.tsv.gz
81,10614,GUE001.A0101.SG1.1_10M.classified_gc_rl.tsv.gz
82,10825,GUE001.A0101.SG1.1_10M.classified_gc_rl.tsv.gz
83,10581,GUE001.A0101.SG1.1_10M.classified_gc_rl.tsv.gz
84,10538,GUE001.A0101.SG1.1_10M.classified_gc_rl.tsv.gz
85,11105,GUE001.A0101.SG1.1_10M.classified_gc_rl.tsv.gz
86,10560,GUE001.A0101.SG1.1_10M.classified_gc_rl.tsv.gz
87,10909,GUE001.A0101.SG1.1_10M.classified_gc_rl.tsv.gz
88,9899,GUE001.A0101.SG1.1_10M.classified_gc_rl.tsv.gz
89,9679,GUE001.A0101.SG1.1_10M.classified_gc_rl.tsv.gz
90,9911,GUE001.A0101.SG1.1_10M.classified_gc_rl.tsv.gz
91,10250,GUE001.A0101.SG1.1_10M.classified_gc_rl.tsv.gz
92,9958,GUE001.A0101.SG1.1_10M.classified_gc_rl.tsv.gz
93,10421,GUE001.A0101.SG1.1_10M.classified_gc_rl.tsv.gz
94,10117,GUE001.A0101.SG1.1_10M.classified_gc_rl.tsv.gz
95,9000,GUE001.A0101.SG1.1_10M.classified_gc_rl.tsv.gz
96,8985,GUE001.A0101.SG1.1_10M.classified_gc_rl.tsv.gz
97,9174,GUE001.A0101.SG1.1_10M.classified_gc_rl.tsv.gz
98,9335,GUE001.A0101.SG1.1_10M.classified_gc_rl.tsv.gz
99,8853,GUE001.A0101.SG1.1_10M.classified_gc_rl.tsv.gz
100,9172,GUE001.A0101.SG1.1_10M.classified_gc_rl.tsv.gz
101,7885,GUE001.A0101.SG1.1_10M.classified_gc_rl.tsv.gz
102,8035,GUE001.A0101.SG1.1_10M.classified_gc_rl.tsv.gz
103,8141,GUE001.A0101.SG1.1_10M.classified_gc_rl.tsv.gz
104,7960,GUE001.A0101.SG1.1_10M.classified_gc_rl.tsv.gz
105,7745,GUE001.A0101.SG1.1_10M.classified_gc_rl.tsv.gz
106,7862,GUE001.A0101.SG1.1_10M.classified_gc_rl.tsv.gz
107,7755,GUE001.A0101.SG1.1_10M.classified_gc_rl.tsv.gz
108,7209,GUE001.A0101.SG1.1_10M.classified_gc_rl.tsv.gz
109,7202,GUE001.A0101.SG1.1_10M.classified_gc_rl.tsv.gz
110,7270,GUE001.A0101.SG1.1_10M.classified_gc_rl.tsv.gz
111,7170,GUE001.A0101.SG1.1_10M.classified_gc_rl.tsv.gz
112,6906,GUE001.A0101.SG1.1_10M.classified_gc_rl.tsv.gz
113,7061,GUE001.A0101.SG1.1_10M.classified_gc_rl.tsv.gz
114,7020,GUE001.A0101.SG1.1_10M.classified_gc_rl.tsv.gz
115,6340,GUE001.A0101.SG1.1_10M.classified_gc_rl.tsv.gz
116,6634,GUE001.A0101.SG1.1_10M.classified_gc_rl.tsv.gz
117,6116,GUE001.A0101.SG1.1_10M.classified_gc_rl.tsv.gz
118,6155,GUE001.A0101.SG1.1_10M.classified_gc_rl.tsv.gz
119,6158,GUE001.A0101.SG1.1_10M.classified_gc_rl.tsv.gz
120,6282,GUE001.A0101.SG1.1_10M.classified_gc_rl.tsv.gz
121,5751,GUE001.A0101.SG1.1_10M.classified_gc_rl.tsv.gz
122,5606,GUE001.A0101.SG1.1_10M.classified_gc_rl.tsv.gz
123,5579,GUE001.A0101.SG1.1_10M.classified_gc_rl.tsv.gz
124,5562,GUE001.A0101.SG1.1_10M.classified_gc_rl.tsv.gz
125,5327,GUE001.A0101.SG1.1_10M.classified_gc_rl.tsv.gz
126,5183,GUE001.A0101.SG1.1_10M.classified_gc_rl.tsv.gz
127,5509,GUE001.A0101.SG1.1_10M.classified_gc_rl.tsv.gz
128,4883,GUE001.A0101.SG1.1_10M.classified_gc_rl.tsv.gz
129,4916,GUE001.A0101.SG1.1_10M.classified_gc_rl.tsv.gz
130,4978,GUE001.A0101.SG1.1_10M.classified_gc_rl.tsv.gz
131,4800,GUE001.A0101.SG1.1_10M.classified_gc_rl.tsv.gz
132,4603,GUE001.A0101.SG1.1_10M.classified_gc_rl.tsv.gz
133,4631,GUE001.A0101.SG1.1_10M.classified_gc_rl.tsv.gz
134,4473,GUE001.A0101.SG1.1_10M.classified_gc_rl.tsv.gz
135,4126,GUE001.A0101.SG1.1_10M.classified_gc_rl.tsv.gz
136,4379,GUE001.A0101.SG1.1_10M.classified_gc_rl.tsv.gz
137,4446,GUE001.A0101.SG1.1_10M.classified_gc_rl.tsv.gz
138,4211,GUE001.A0101.SG1.1_10M.classified_gc_rl.tsv.gz
139,4165,GUE001.A0101.SG1.1_10M.classified_gc_rl.tsv.gz
140,4419,GUE001.A0101.SG1.1_10M.classified_gc_rl.tsv.gz
141,3543,GUE001.A0101.SG1.1_10M.classified_gc_rl.tsv.gz
36,202,GUE001.A0102.SG1.4_10M.classified_gc_rl.tsv.gz
37,355,GUE001.A0102.SG1.4_10M.classified_gc_rl.tsv.gz
38,503,GUE001.A0102.SG1.4_10M.classified_gc_rl.tsv.gz
39,550,GUE001.A0102.SG1.4_10M.classified_gc_rl.tsv.gz
40,653,GUE001.A0102.SG1.4_10M.classified_gc_rl.tsv.gz
41,697,GUE001.A0102.SG1.4_10M.classified_gc_rl.tsv.gz
42,708,GUE001.A0102.SG1.4_10M.classified_gc_rl.tsv.gz
43,666,GUE001.A0102.SG1.4_10M.classified_gc_rl.tsv.gz
44,643,GUE001.A0102.SG1.4_10M.classified_gc_rl.tsv.gz
45,674,GUE001.A0102.SG1.4_10M.classified_gc_rl.tsv.gz
46,691,GUE001.A0102.SG1.4_10M.classified_gc_rl.tsv.gz
47,652,GUE001.A0102.SG1.4_10M.classified_gc_rl.tsv.gz
48,595,GUE001.A0102.SG1.4_10M.classified_gc_rl.tsv.gz
49,652,GUE001.A0102.SG1.4_10M.classified_gc_rl.tsv.gz
50,622,GUE001.A0102.SG1.4_10M.classified_gc_rl.tsv.gz
51,631,GUE001.A0102.SG1.4_10M.classified_gc_rl.tsv.gz
52,587,GUE001.A0102.SG1.4_10M.classified_gc_rl.tsv.gz
53,603,GUE001.A0102.SG1.4_10M.classified_gc_rl.tsv.gz
54,528,GUE001.A0102.SG1.4_10M.classified_gc_rl.tsv.gz
55,522,GUE001.A0102.SG1.4_10M.classified_gc_rl.tsv.gz
56,498,GUE001.A0102.SG1.4_10M.classified_gc_rl.tsv.gz
57,519,GUE001.A0102.SG1.4_10M.classified_gc_rl.tsv.gz
58,496,GUE001.A0102.SG1.4_10M.classified_gc_rl.tsv.gz
59,486,GUE001.A0102.SG1.4_10M.classified_gc_rl.tsv.gz
60,484,GUE001.A0102.SG1.4_10M.classified_gc_rl.tsv.gz
61,422,GUE001.A0102.SG1.4_10M.classified_gc_rl.tsv.gz
62,485,GUE001.A0102.SG1.4_10M.classified_gc_rl.tsv.gz
63,419,GUE001.A0102.SG1.4_10M.classified_gc_rl.tsv.gz
64,420,GUE001.A0102.SG1.4_10M.classified_gc_rl.tsv.gz
65,428,GUE001.A0102.SG1.4_10M.classified_gc_rl.tsv.gz
66,418,GUE001.A0102.SG1.4_10M.classified_gc_rl.tsv.gz
67,378,GUE001.A0102.SG1.4_10M.classified_gc_rl.tsv.gz
68,413,GUE001.A0102.SG1.4_10M.classified_gc_rl.tsv.gz
69,346,GUE001.A0102.SG1.4_10M.classified_gc_rl.tsv.gz
70,395,GUE001.A0102.SG1.4_10M.classified_gc_rl.tsv.gz
71,358,GUE001.A0102.SG1.4_10M.classified_gc_rl.tsv.gz
72,371,GUE001.A0102.SG1.4_10M.classified_gc_rl.tsv.gz
73,470,GUE001.A0102.SG1.4_10M.classified_gc_rl.tsv.gz
74,359,GUE001.A0102.SG1.4_10M.classified_gc_rl.tsv.gz
75,475,GUE001.A0102.SG1.4_10M.classified_gc_rl.tsv.gz
76,2212,GUE001.A0102.SG1.4_10M.classified_gc_rl.tsv.gz
77,275,GUE001.A0102.SG1.4_10M.classified_gc_rl.tsv.gz
78,268,GUE001.A0102.SG1.4_10M.classified_gc_rl.tsv.gz
79,242,GUE001.A0102.SG1.4_10M.classified_gc_rl.tsv.gz
80,280,GUE001.A0102.SG1.4_10M.classified_gc_rl.tsv.gz
81,234,GUE001.A0102.SG1.4_10M.classified_gc_rl.tsv.gz
82,220,GUE001.A0102.SG1.4_10M.classified_gc_rl.tsv.gz
83,233,GUE001.A0102.SG1.4_10M.classified_gc_rl.tsv.gz
84,223,GUE001.A0102.SG1.4_10M.classified_gc_rl.tsv.gz
85,217,GUE001.A0102.SG1.4_10M.classified_gc_rl.tsv.gz
86,225,GUE001.A0102.SG1.4_10M.classified_gc_rl.tsv.gz
87,183,GUE001.A0102.SG1.4_10M.classified_gc_rl.tsv.gz
88,190,GUE001.A0102.SG1.4_10M.classified_gc_rl.tsv.gz
89,161,GUE001.A0102.SG1.4_10M.classified_gc_rl.tsv.gz
90,170,GUE001.A0102.SG1.4_10M.classified_gc_rl.tsv.gz
91,128,GUE001.A0102.SG1.4_10M.classified_gc_rl.tsv.gz
92,169,GUE001.A0102.SG1.4_10M.classified_gc_rl.tsv.gz
93,152,GUE001.A0102.SG1.4_10M.classified_gc_rl.tsv.gz
94,166,GUE001.A0102.SG1.4_10M.classified_gc_rl.tsv.gz
95,135,GUE001.A0102.SG1.4_10M.classified_gc_rl.tsv.gz
96,138,GUE001.A0102.SG1.4_10M.classified_gc_rl.tsv.gz
97,143,GUE001.A0102.SG1.4_10M.classified_gc_rl.tsv.gz
98,129,GUE001.A0102.SG1.4_10M.classified_gc_rl.tsv.gz
99,135,GUE001.A0102.SG1.4_10M.classified_gc_rl.tsv.gz
100,137,GUE001.A0102.SG1.4_10M.classified_gc_rl.tsv.gz
101,109,GUE001.A0102.SG1.4_10M.classified_gc_rl.tsv.gz
102,114,GUE001.A0102.SG1.4_10M.classified_gc_rl.tsv.gz
103,116,GUE001.A0102.SG1.4_10M.classified_gc_rl.tsv.gz
104,128,GUE001.A0102.SG1.4_10M.classified_gc_rl.tsv.gz
105,101,GUE001.A0102.SG1.4_10M.classified_gc_rl.tsv.gz
106,89,GUE001.A0102.SG1.4_10M.classified_gc_rl.tsv.gz
107,104,GUE001.A0102.SG1.4_10M.classified_gc_rl.tsv.gz
108,93,GUE001.A0102.SG1.4_10M.classified_gc_rl.tsv.gz
109,101,GUE001.A0102.SG1.4_10M.classified_gc_rl.tsv.gz
110,95,GUE001.A0102.SG1.4_10M.classified_gc_rl.tsv.gz
111,99,GUE001.A0102.SG1.4_10M.classified_gc_rl.tsv.gz
112,93,GUE001.A0102.SG1.4_10M.classified_gc_rl.tsv.gz
113,87,GUE001.A0102.SG1.4_10M.classified_gc_rl.tsv.gz
114,74,GUE001.A0102.SG1.4_10M.classified_gc_rl.tsv.gz
115,78,GUE001.A0102.SG1.4_10M.classified_gc_rl.tsv.gz
116,86,GUE001.A0102.SG1.4_10M.classified_gc_rl.tsv.gz
117,70,GUE001.A0102.SG1.4_10M.classified_gc_rl.tsv.gz
118,60,GUE001.A0102.SG1.4_10M.classified_gc_rl.tsv.gz
119,59,GUE001.A0102.SG1.4_10M.classified_gc_rl.tsv.gz
120,59,GUE001.A0102.SG1.4_10M.classified_gc_rl.tsv.gz
121,51,GUE001.A0102.SG1.4_10M.classified_gc_rl.tsv.gz
122,60,GUE001.A0102.SG1.4_10M.classified_gc_rl.tsv.gz
123,68,GUE001.A0102.SG1.4_10M.classified_gc_rl.tsv.gz
124,52,GUE001.A0102.SG1.4_10M.classified_gc_rl.tsv.gz
125,48,GUE001.A0102.SG1.4_10M.classified_gc_rl.tsv.gz
126,56,GUE001.A0102.SG1.4_10M.classified_gc_rl.tsv.gz
127,48,GUE001.A0102.SG1.4_10M.classified_gc_rl.tsv.gz
128,33,GUE001.A0102.SG1.4_10M.classified_gc_rl.tsv.gz
129,53,GUE001.A0102.SG1.4_10M.classified_gc_rl.tsv.gz
130,38,GUE001.A0102.SG1.4_10M.classified_gc_rl.tsv.gz
131,51,GUE001.A0102.SG1.4_10M.classified_gc_rl.tsv.gz
132,47,GUE001.A0102.SG1.4_10M.classified_gc_rl.tsv.gz
133,42,GUE001.A0102.SG1.4_10M.classified_gc_rl.tsv.gz
134,43,GUE001.A0102.SG1.4_10M.classified_gc_rl.tsv.gz
135,47,GUE001.A0102.SG1.4_10M.classified_gc_rl.tsv.gz
136,40,GUE001.A0102.SG1.4_10M.classified_gc_rl.tsv.gz
137,51,GUE001.A0102.SG1.4_10M.classified_gc_rl.tsv.gz
138,46,GUE001.A0102.SG1.4_10M.classified_gc_rl.tsv.gz
139,26,GUE001.A0102.SG1.4_10M.classified_gc_rl.tsv.gz
140,23,GUE001.A0102.SG1.4_10M.classified_gc_rl.tsv.gz
141,40,GUE001.A0102.SG1.4_10M.classified_gc_rl.tsv.gz
36,5909,PES001.B0101.SG1.3_10M.classified_gc_rl.tsv.gz
37,12027,PES001.B0101.SG1.3_10M.classified_gc_rl.tsv.gz
38,17074,PES001.B0101.SG1.3_10M.classified_gc_rl.tsv.gz
39,21873,PES001.B0101.SG1.3_10M.classified_gc_rl.tsv.gz
40,26350,PES001.B0101.SG1.3_10M.classified_gc_rl.tsv.gz
41,28709,PES001.B0101.SG1.3_10M.classified_gc_rl.tsv.gz
42,31666,PES001.B0101.SG1.3_10M.classified_gc_rl.tsv.gz
43,33632,PES001.B0101.SG1.3_10M.classified_gc_rl.tsv.gz
44,34916,PES001.B0101.SG1.3_10M.classified_gc_rl.tsv.gz
45,38210,PES001.B0101.SG1.3_10M.classified_gc_rl.tsv.gz
46,39828,PES001.B0101.SG1.3_10M.classified_gc_rl.tsv.gz
47,40487,PES001.B0101.SG1.3_10M.classified_gc_rl.tsv.gz
48,41499,PES001.B0101.SG1.3_10M.classified_gc_rl.tsv.gz
49,42536,PES001.B0101.SG1.3_10M.classified_gc_rl.tsv.gz
50,42312,PES001.B0101.SG1.3_10M.classified_gc_rl.tsv.gz
51,44335,PES001.B0101.SG1.3_10M.classified_gc_rl.tsv.gz
52,45183,PES001.B0101.SG1.3_10M.classified_gc_rl.tsv.gz
53,45188,PES001.B0101.SG1.3_10M.classified_gc_rl.tsv.gz
54,46658,PES001.B0101.SG1.3_10M.classified_gc_rl.tsv.gz
55,46730,PES001.B0101.SG1.3_10M.classified_gc_rl.tsv.gz
56,45801,PES001.B0101.SG1.3_10M.classified_gc_rl.tsv.gz
57,47446,PES001.B0101.SG1.3_10M.classified_gc_rl.tsv.gz
58,47803,PES001.B0101.SG1.3_10M.classified_gc_rl.tsv.gz
59,46873,PES001.B0101.SG1.3_10M.classified_gc_rl.tsv.gz
60,48339,PES001.B0101.SG1.3_10M.classified_gc_rl.tsv.gz
61,47157,PES001.B0101.SG1.3_10M.classified_gc_rl.tsv.gz
62,45873,PES001.B0101.SG1.3_10M.classified_gc_rl.tsv.gz
63,47305,PES001.B0101.SG1.3_10M.classified_gc_rl.tsv.gz
64,47732,PES001.B0101.SG1.3_10M.classified_gc_rl.tsv.gz
65,46172,PES001.B0101.SG1.3_10M.classified_gc_rl.tsv.gz
66,47625,PES001.B0101.SG1.3_10M.classified_gc_rl.tsv.gz
67,47633,PES001.B0101.SG1.3_10M.classified_gc_rl.tsv.gz
68,44903,PES001.B0101.SG1.3_10M.classified_gc_rl.tsv.gz
69,46676,PES001.B0101.SG1.3_10M.classified_gc_rl.tsv.gz
70,47173,PES001.B0101.SG1.3_10M.classified_gc_rl.tsv.gz
71,50794,PES001.B0101.SG1.3_10M.classified_gc_rl.tsv.gz
72,64212,PES001.B0101.SG1.3_10M.classified_gc_rl.tsv.gz
73,89252,PES001.B0101.SG1.3_10M.classified_gc_rl.tsv.gz
74,63136,PES001.B0101.SG1.3_10M.classified_gc_rl.tsv.gz
75,196571,PES001.B0101.SG1.3_10M.classified_gc_rl.tsv.gz
76,802330,PES001.B0101.SG1.3_10M.classified_gc_rl.tsv.gz
77,40895,PES001.B0101.SG1.3_10M.classified_gc_rl.tsv.gz
78,41954,PES001.B0101.SG1.3_10M.classified_gc_rl.tsv.gz
79,41285,PES001.B0101.SG1.3_10M.classified_gc_rl.tsv.gz
80,39956,PES001.B0101.SG1.3_10M.classified_gc_rl.tsv.gz
81,39079,PES001.B0101.SG1.3_10M.classified_gc_rl.tsv.gz
82,38638,PES001.B0101.SG1.3_10M.classified_gc_rl.tsv.gz
83,37611,PES001.B0101.SG1.3_10M.classified_gc_rl.tsv.gz
84,38291,PES001.B0101.SG1.3_10M.classified_gc_rl.tsv.gz
85,38060,PES001.B0101.SG1.3_10M.classified_gc_rl.tsv.gz
86,36637,PES001.B0101.SG1.3_10M.classified_gc_rl.tsv.gz
87,37412,PES001.B0101.SG1.3_10M.classified_gc_rl.tsv.gz
88,35279,PES001.B0101.SG1.3_10M.classified_gc_rl.tsv.gz
89,34067,PES001.B0101.SG1.3_10M.classified_gc_rl.tsv.gz
90,34735,PES001.B0101.SG1.3_10M.classified_gc_rl.tsv.gz
91,34236,PES001.B0101.SG1.3_10M.classified_gc_rl.tsv.gz
92,32771,PES001.B0101.SG1.3_10M.classified_gc_rl.tsv.gz
93,33475,PES001.B0101.SG1.3_10M.classified_gc_rl.tsv.gz
94,33314,PES001.B0101.SG1.3_10M.classified_gc_rl.tsv.gz
95,30743,PES001.B0101.SG1.3_10M.classified_gc_rl.tsv.gz
96,31408,PES001.B0101.SG1.3_10M.classified_gc_rl.tsv.gz
97,30805,PES001.B0101.SG1.3_10M.classified_gc_rl.tsv.gz
98,29385,PES001.B0101.SG1.3_10M.classified_gc_rl.tsv.gz
99,30197,PES001.B0101.SG1.3_10M.classified_gc_rl.tsv.gz
100,29577,PES001.B0101.SG1.3_10M.classified_gc_rl.tsv.gz
101,27493,PES001.B0101.SG1.3_10M.classified_gc_rl.tsv.gz
102,27599,PES001.B0101.SG1.3_10M.classified_gc_rl.tsv.gz
103,27301,PES001.B0101.SG1.3_10M.classified_gc_rl.tsv.gz
104,26205,PES001.B0101.SG1.3_10M.classified_gc_rl.tsv.gz
105,26627,PES001.B0101.SG1.3_10M.classified_gc_rl.tsv.gz
106,26553,PES001.B0101.SG1.3_10M.classified_gc_rl.tsv.gz
107,25222,PES001.B0101.SG1.3_10M.classified_gc_rl.tsv.gz
108,24692,PES001.B0101.SG1.3_10M.classified_gc_rl.tsv.gz
109,24513,PES001.B0101.SG1.3_10M.classified_gc_rl.tsv.gz
110,23015,PES001.B0101.SG1.3_10M.classified_gc_rl.tsv.gz
111,23666,PES001.B0101.SG1.3_10M.classified_gc_rl.tsv.gz
112,23141,PES001.B0101.SG1.3_10M.classified_gc_rl.tsv.gz
113,22347,PES001.B0101.SG1.3_10M.classified_gc_rl.tsv.gz
114,22755,PES001.B0101.SG1.3_10M.classified_gc_rl.tsv.gz
115,21506,PES001.B0101.SG1.3_10M.classified_gc_rl.tsv.gz
116,20586,PES001.B0101.SG1.3_10M.classified_gc_rl.tsv.gz
117,21116,PES001.B0101.SG1.3_10M.classified_gc_rl.tsv.gz
118,20892,PES001.B0101.SG1.3_10M.classified_gc_rl.tsv.gz
119,19743,PES001.B0101.SG1.3_10M.classified_gc_rl.tsv.gz
120,19773,PES001.B0101.SG1.3_10M.classified_gc_rl.tsv.gz
121,19111,PES001.B0101.SG1.3_10M.classified_gc_rl.tsv.gz
122,18209,PES001.B0101.SG1.3_10M.classified_gc_rl.tsv.gz
123,18384,PES001.B0101.SG1.3_10M.classified_gc_rl.tsv.gz
124,18142,PES001.B0101.SG1.3_10M.classified_gc_rl.tsv.gz
125,17318,PES001.B0101.SG1.3_10M.classified_gc_rl.tsv.gz
126,17728,PES001.B0101.SG1.3_10M.classified_gc_rl.tsv.gz
127,17398,PES001.B0101.SG1.3_10M.classified_gc_rl.tsv.gz
128,16467,PES001.B0101.SG1.3_10M.classified_gc_rl.tsv.gz
129,16216,PES001.B0101.SG1.3_10M.classified_gc_rl.tsv.gz
130,15957,PES001.B0101.SG1.3_10M.classified_gc_rl.tsv.gz
131,15484,PES001.B0101.SG1.3_10M.classified_gc_rl.tsv.gz
132,15371,PES001.B0101.SG1.3_10M.classified_gc_rl.tsv.gz
133,15488,PES001.B0101.SG1.3_10M.classified_gc_rl.tsv.gz
134,14978,PES001.B0101.SG1.3_10M.classified_gc_rl.tsv.gz
135,14545,PES001.B0101.SG1.3_10M.classified_gc_rl.tsv.gz
136,14347,PES001.B0101.SG1.3_10M.classified_gc_rl.tsv.gz
137,14151,PES001.B0101.SG1.3_10M.classified_gc_rl.tsv.gz
138,13896,PES001.B0101.SG1.3_10M.classified_gc_rl.tsv.gz
139,13493,PES001.B0101.SG1.3_10M.classified_gc_rl.tsv.gz
140,14210,PES001.B0101.SG1.3_10M.classified_gc_rl.tsv.gz
141,12243,PES001.B0101.SG1.3_10M.classified_gc_rl.tsv.gz
36,10104,PES001.B0102.SG1.5_10M.classified_gc_rl.tsv.gz
37,19241,PES001.B0102.SG1.5_10M.classified_gc_rl.tsv.gz
38,25835,PES001.B0102.SG1.5_10M.classified_gc_rl.tsv.gz
39,29544,PES001.B0102.SG1.5_10M.classified_gc_rl.tsv.gz
40,34723,PES001.B0102.SG1.5_10M.classified_gc_rl.tsv.gz
41,36256,PES001.B0102.SG1.5_10M.classified_gc_rl.tsv.gz
42,35387,PES001.B0102.SG1.5_10M.classified_gc_rl.tsv.gz
43,36759,PES001.B0102.SG1.5_10M.classified_gc_rl.tsv.gz
44,37953,PES001.B0102.SG1.5_10M.classified_gc_rl.tsv.gz
45,36092,PES001.B0102.SG1.5_10M.classified_gc_rl.tsv.gz
46,37015,PES001.B0102.SG1.5_10M.classified_gc_rl.tsv.gz
47,37230,PES001.B0102.SG1.5_10M.classified_gc_rl.tsv.gz
48,34951,PES001.B0102.SG1.5_10M.classified_gc_rl.tsv.gz
49,35424,PES001.B0102.SG1.5_10M.classified_gc_rl.tsv.gz
50,35623,PES001.B0102.SG1.5_10M.classified_gc_rl.tsv.gz
51,33600,PES001.B0102.SG1.5_10M.classified_gc_rl.tsv.gz
52,33908,PES001.B0102.SG1.5_10M.classified_gc_rl.tsv.gz
53,33489,PES001.B0102.SG1.5_10M.classified_gc_rl.tsv.gz
54,31957,PES001.B0102.SG1.5_10M.classified_gc_rl.tsv.gz
55,31702,PES001.B0102.SG1.5_10M.classified_gc_rl.tsv.gz
56,31532,PES001.B0102.SG1.5_10M.classified_gc_rl.tsv.gz
57,30005,PES001.B0102.SG1.5_10M.classified_gc_rl.tsv.gz
58,29836,PES001.B0102.SG1.5_10M.classified_gc_rl.tsv.gz
59,30102,PES001.B0102.SG1.5_10M.classified_gc_rl.tsv.gz
60,28510,PES001.B0102.SG1.5_10M.classified_gc_rl.tsv.gz
61,27763,PES001.B0102.SG1.5_10M.classified_gc_rl.tsv.gz
62,27301,PES001.B0102.SG1.5_10M.classified_gc_rl.tsv.gz
63,25936,PES001.B0102.SG1.5_10M.classified_gc_rl.tsv.gz
64,26114,PES001.B0102.SG1.5_10M.classified_gc_rl.tsv.gz
65,25937,PES001.B0102.SG1.5_10M.classified_gc_rl.tsv.gz
66,24549,PES001.B0102.SG1.5_10M.classified_gc_rl.tsv.gz
67,24665,PES001.B0102.SG1.5_10M.classified_gc_rl.tsv.gz
68,23690,PES001.B0102.SG1.5_10M.classified_gc_rl.tsv.gz
69,22606,PES001.B0102.SG1.5_10M.classified_gc_rl.tsv.gz
70,23023,PES001.B0102.SG1.5_10M.classified_gc_rl.tsv.gz
71,24340,PES001.B0102.SG1.5_10M.classified_gc_rl.tsv.gz
72,27850,PES001.B0102.SG1.5_10M.classified_gc_rl.tsv.gz
73,41710,PES001.B0102.SG1.5_10M.classified_gc_rl.tsv.gz
74,23017,PES001.B0102.SG1.5_10M.classified_gc_rl.tsv.gz
75,35140,PES001.B0102.SG1.5_10M.classified_gc_rl.tsv.gz
76,190192,PES001.B0102.SG1.5_10M.classified_gc_rl.tsv.gz
77,18832,PES001.B0102.SG1.5_10M.classified_gc_rl.tsv.gz
78,17646,PES001.B0102.SG1.5_10M.classified_gc_rl.tsv.gz
79,17629,PES001.B0102.SG1.5_10M.classified_gc_rl.tsv.gz
80,17583,PES001.B0102.SG1.5_10M.classified_gc_rl.tsv.gz
81,15722,PES001.B0102.SG1.5_10M.classified_gc_rl.tsv.gz
82,15712,PES001.B0102.SG1.5_10M.classified_gc_rl.tsv.gz
83,15652,PES001.B0102.SG1.5_10M.classified_gc_rl.tsv.gz
84,14749,PES001.B0102.SG1.5_10M.classified_gc_rl.tsv.gz
85,14475,PES001.B0102.SG1.5_10M.classified_gc_rl.tsv.gz
86,14367,PES001.B0102.SG1.5_10M.classified_gc_rl.tsv.gz
87,13674,PES001.B0102.SG1.5_10M.classified_gc_rl.tsv.gz
88,13204,PES001.B0102.SG1.5_10M.classified_gc_rl.tsv.gz
89,13181,PES001.B0102.SG1.5_10M.classified_gc_rl.tsv.gz
90,12159,PES001.B0102.SG1.5_10M.classified_gc_rl.tsv.gz
91,12071,PES001.B0102.SG1.5_10M.classified_gc_rl.tsv.gz
92,12009,PES001.B0102.SG1.5_10M.classified_gc_rl.tsv.gz
93,11324,PES001.B0102.SG1.5_10M.classified_gc_rl.tsv.gz
94,11281,PES001.B0102.SG1.5_10M.classified_gc_rl.tsv.gz
95,11010,PES001.B0102.SG1.5_10M.classified_gc_rl.tsv.gz
96,10216,PES001.B0102.SG1.5_10M.classified_gc_rl.tsv.gz
97,10254,PES001.B0102.SG1.5_10M.classified_gc_rl.tsv.gz
98,10003,PES001.B0102.SG1.5_10M.classified_gc_rl.tsv.gz
99,9661,PES001.B0102.SG1.5_10M.classified_gc_rl.tsv.gz
100,9424,PES001.B0102.SG1.5_10M.classified_gc_rl.tsv.gz
101,8846,PES001.B0102.SG1.5_10M.classified_gc_rl.tsv.gz
102,8453,PES001.B0102.SG1.5_10M.classified_gc_rl.tsv.gz
103,8334,PES001.B0102.SG1.5_10M.classified_gc_rl.tsv.gz
104,8161,PES001.B0102.SG1.5_10M.classified_gc_rl.tsv.gz
105,7832,PES001.B0102.SG1.5_10M.classified_gc_rl.tsv.gz
106,7720,PES001.B0102.SG1.5_10M.classified_gc_rl.tsv.gz
107,7509,PES001.B0102.SG1.5_10M.classified_gc_rl.tsv.gz
108,6909,PES001.B0102.SG1.5_10M.classified_gc_rl.tsv.gz
109,7182,PES001.B0102.SG1.5_10M.classified_gc_rl.tsv.gz
110,6955,PES001.B0102.SG1.5_10M.classified_gc_rl.tsv.gz
111,6565,PES001.B0102.SG1.5_10M.classified_gc_rl.tsv.gz
112,6712,PES001.B0102.SG1.5_10M.classified_gc_rl.tsv.gz
113,6464,PES001.B0102.SG1.5_10M.classified_gc_rl.tsv.gz
114,5962,PES001.B0102.SG1.5_10M.classified_gc_rl.tsv.gz
115,6020,PES001.B0102.SG1.5_10M.classified_gc_rl.tsv.gz
116,5813,PES001.B0102.SG1.5_10M.classified_gc_rl.tsv.gz
117,5665,PES001.B0102.SG1.5_10M.classified_gc_rl.tsv.gz
118,5459,PES001.B0102.SG1.5_10M.classified_gc_rl.tsv.gz
119,5488,PES001.B0102.SG1.5_10M.classified_gc_rl.tsv.gz
120,5270,PES001.B0102.SG1.5_10M.classified_gc_rl.tsv.gz
121,4952,PES001.B0102.SG1.5_10M.classified_gc_rl.tsv.gz
122,4924,PES001.B0102.SG1.5_10M.classified_gc_rl.tsv.gz
123,4543,PES001.B0102.SG1.5_10M.classified_gc_rl.tsv.gz
124,4600,PES001.B0102.SG1.5_10M.classified_gc_rl.tsv.gz
125,4447,PES001.B0102.SG1.5_10M.classified_gc_rl.tsv.gz
126,4315,PES001.B0102.SG1.5_10M.classified_gc_rl.tsv.gz
127,4261,PES001.B0102.SG1.5_10M.classified_gc_rl.tsv.gz
128,4174,PES001.B0102.SG1.5_10M.classified_gc_rl.tsv.gz
129,3922,PES001.B0102.SG1.5_10M.classified_gc_rl.tsv.gz
130,3924,PES001.B0102.SG1.5_10M.classified_gc_rl.tsv.gz
131,3845,PES001.B0102.SG1.5_10M.classified_gc_rl.tsv.gz
132,3602,PES001.B0102.SG1.5_10M.classified_gc_rl.tsv.gz
133,3568,PES001.B0102.SG1.5_10M.classified_gc_rl.tsv.gz
134,3637,PES001.B0102.SG1.5_10M.classified_gc_rl.tsv.gz
135,3524,PES001.B0102.SG1.5_10M.classified_gc_rl.tsv.gz
136,3402,PES001.B0102.SG1.5_10M.classified_gc_rl.tsv.gz
137,3394,PES001.B0102.SG1.5_10M.classified_gc_rl.tsv.gz
138,3186,PES001.B0102.SG1.5_10M.classified_gc_rl.tsv.gz
139,2897,PES001.B0102.SG1.5_10M.classified_gc_rl.tsv.gz
140,3001,PES001.B0102.SG1.5_10M.classified_gc_rl.tsv.gz
141,2482,PES001.B0102.SG1.5_10M.classified_gc_rl.tsv.gz
36,1172,SPM002.A0101.SG1.1_10M.classified_gc_rl.tsv.gz
37,1950,SPM002.A0101.SG1.1_10M.classified_gc_rl.tsv.gz
38,2670,SPM002.A0101.SG1.1_10M.classified_gc_rl.tsv.gz
39,3018,SPM002.A0101.SG1.1_10M.classified_gc_rl.tsv.gz
40,3700,SPM002.A0101.SG1.1_10M.classified_gc_rl.tsv.gz
41,3489,SPM002.A0101.SG1.1_10M.classified_gc_rl.tsv.gz
42,3696,SPM002.A0101.SG1.1_10M.classified_gc_rl.tsv.gz
43,3912,SPM002.A0101.SG1.1_10M.classified_gc_rl.tsv.gz
44,4037,SPM002.A0101.SG1.1_10M.classified_gc_rl.tsv.gz
45,3869,SPM002.A0101.SG1.1_10M.classified_gc_rl.tsv.gz
46,4210,SPM002.A0101.SG1.1_10M.classified_gc_rl.tsv.gz
47,4059,SPM002.A0101.SG1.1_10M.classified_gc_rl.tsv.gz
48,3793,SPM002.A0101.SG1.1_10M.classified_gc_rl.tsv.gz
49,3963,SPM002.A0101.SG1.1_10M.classified_gc_rl.tsv.gz
50,3955,SPM002.A0101.SG1.1_10M.classified_gc_rl.tsv.gz
51,4012,SPM002.A0101.SG1.1_10M.classified_gc_rl.tsv.gz
52,4251,SPM002.A0101.SG1.1_10M.classified_gc_rl.tsv.gz
53,4066,SPM002.A0101.SG1.1_10M.classified_gc_rl.tsv.gz
54,3941,SPM002.A0101.SG1.1_10M.classified_gc_rl.tsv.gz
55,4069,SPM002.A0101.SG1.1_10M.classified_gc_rl.tsv.gz
56,4026,SPM002.A0101.SG1.1_10M.classified_gc_rl.tsv.gz
57,3943,SPM002.A0101.SG1.1_10M.classified_gc_rl.tsv.gz
58,3988,SPM002.A0101.SG1.1_10M.classified_gc_rl.tsv.gz
59,3925,SPM002.A0101.SG1.1_10M.classified_gc_rl.tsv.gz
60,3872,SPM002.A0101.SG1.1_10M.classified_gc_rl.tsv.gz
61,3933,SPM002.A0101.SG1.1_10M.classified_gc_rl.tsv.gz
62,3718,SPM002.A0101.SG1.1_10M.classified_gc_rl.tsv.gz
63,3893,SPM002.A0101.SG1.1_10M.classified_gc_rl.tsv.gz
64,3839,SPM002.A0101.SG1.1_10M.classified_gc_rl.tsv.gz
65,3861,SPM002.A0101.SG1.1_10M.classified_gc_rl.tsv.gz
66,3858,SPM002.A0101.SG1.1_10M.classified_gc_rl.tsv.gz
67,3901,SPM002.A0101.SG1.1_10M.classified_gc_rl.tsv.gz
68,3854,SPM002.A0101.SG1.1_10M.classified_gc_rl.tsv.gz
69,3922,SPM002.A0101.SG1.1_10M.classified_gc_rl.tsv.gz
70,4285,SPM002.A0101.SG1.1_10M.classified_gc_rl.tsv.gz
71,5021,SPM002.A0101.SG1.1_10M.classified_gc_rl.tsv.gz
72,6677,SPM002.A0101.SG1.1_10M.classified_gc_rl.tsv.gz
73,9253,SPM002.A0101.SG1.1_10M.classified_gc_rl.tsv.gz
74,11475,SPM002.A0101.SG1.1_10M.classified_gc_rl.tsv.gz
75,35231,SPM002.A0101.SG1.1_10M.classified_gc_rl.tsv.gz
76,86125,SPM002.A0101.SG1.1_10M.classified_gc_rl.tsv.gz
77,3537,SPM002.A0101.SG1.1_10M.classified_gc_rl.tsv.gz
78,3625,SPM002.A0101.SG1.1_10M.classified_gc_rl.tsv.gz
79,3442,SPM002.A0101.SG1.1_10M.classified_gc_rl.tsv.gz
80,3530,SPM002.A0101.SG1.1_10M.classified_gc_rl.tsv.gz
81,3397,SPM002.A0101.SG1.1_10M.classified_gc_rl.tsv.gz
82,3459,SPM002.A0101.SG1.1_10M.classified_gc_rl.tsv.gz
83,3499,SPM002.A0101.SG1.1_10M.classified_gc_rl.tsv.gz
84,3275,SPM002.A0101.SG1.1_10M.classified_gc_rl.tsv.gz
85,3435,SPM002.A0101.SG1.1_10M.classified_gc_rl.tsv.gz
86,3374,SPM002.A0101.SG1.1_10M.classified_gc_rl.tsv.gz
87,3313,SPM002.A0101.SG1.1_10M.classified_gc_rl.tsv.gz
88,3317,SPM002.A0101.SG1.1_10M.classified_gc_rl.tsv.gz
89,3303,SPM002.A0101.SG1.1_10M.classified_gc_rl.tsv.gz
90,3308,SPM002.A0101.SG1.1_10M.classified_gc_rl.tsv.gz
91,3443,SPM002.A0101.SG1.1_10M.classified_gc_rl.tsv.gz
92,3352,SPM002.A0101.SG1.1_10M.classified_gc_rl.tsv.gz
93,3369,SPM002.A0101.SG1.1_10M.classified_gc_rl.tsv.gz
94,3438,SPM002.A0101.SG1.1_10M.classified_gc_rl.tsv.gz
95,3421,SPM002.A0101.SG1.1_10M.classified_gc_rl.tsv.gz
96,3294,SPM002.A0101.SG1.1_10M.classified_gc_rl.tsv.gz
97,3137,SPM002.A0101.SG1.1_10M.classified_gc_rl.tsv.gz
98,3397,SPM002.A0101.SG1.1_10M.classified_gc_rl.tsv.gz
99,3177,SPM002.A0101.SG1.1_10M.classified_gc_rl.tsv.gz
100,3198,SPM002.A0101.SG1.1_10M.classified_gc_rl.tsv.gz
101,3076,SPM002.A0101.SG1.1_10M.classified_gc_rl.tsv.gz
102,3196,SPM002.A0101.SG1.1_10M.classified_gc_rl.tsv.gz
103,3117,SPM002.A0101.SG1.1_10M.classified_gc_rl.tsv.gz
104,3240,SPM002.A0101.SG1.1_10M.classified_gc_rl.tsv.gz
105,3088,SPM002.A0101.SG1.1_10M.classified_gc_rl.tsv.gz
106,2905,SPM002.A0101.SG1.1_10M.classified_gc_rl.tsv.gz
107,3044,SPM002.A0101.SG1.1_10M.classified_gc_rl.tsv.gz
108,2786,SPM002.A0101.SG1.1_10M.classified_gc_rl.tsv.gz
109,2671,SPM002.A0101.SG1.1_10M.classified_gc_rl.tsv.gz
110,2868,SPM002.A0101.SG1.1_10M.classified_gc_rl.tsv.gz
111,2903,SPM002.A0101.SG1.1_10M.classified_gc_rl.tsv.gz
112,3133,SPM002.A0101.SG1.1_10M.classified_gc_rl.tsv.gz
113,2740,SPM002.A0101.SG1.1_10M.classified_gc_rl.tsv.gz
114,2807,SPM002.A0101.SG1.1_10M.classified_gc_rl.tsv.gz
115,2745,SPM002.A0101.SG1.1_10M.classified_gc_rl.tsv.gz
116,2651,SPM002.A0101.SG1.1_10M.classified_gc_rl.tsv.gz
117,2625,SPM002.A0101.SG1.1_10M.classified_gc_rl.tsv.gz
118,2823,SPM002.A0101.SG1.1_10M.classified_gc_rl.tsv.gz
119,2824,SPM002.A0101.SG1.1_10M.classified_gc_rl.tsv.gz
120,2629,SPM002.A0101.SG1.1_10M.classified_gc_rl.tsv.gz
121,2613,SPM002.A0101.SG1.1_10M.classified_gc_rl.tsv.gz
122,2776,SPM002.A0101.SG1.1_10M.classified_gc_rl.tsv.gz
123,2578,SPM002.A0101.SG1.1_10M.classified_gc_rl.tsv.gz
124,2617,SPM002.A0101.SG1.1_10M.classified_gc_rl.tsv.gz
125,2565,SPM002.A0101.SG1.1_10M.classified_gc_rl.tsv.gz
126,2384,SPM002.A0101.SG1.1_10M.classified_gc_rl.tsv.gz
127,2419,SPM002.A0101.SG1.1_10M.classified_gc_rl.tsv.gz
128,2228,SPM002.A0101.SG1.1_10M.classified_gc_rl.tsv.gz
129,2390,SPM002.A0101.SG1.1_10M.classified_gc_rl.tsv.gz
130,2341,SPM002.A0101.SG1.1_10M.classified_gc_rl.tsv.gz
131,2313,SPM002.A0101.SG1.1_10M.classified_gc_rl.tsv.gz
132,2317,SPM002.A0101.SG1.1_10M.classified_gc_rl.tsv.gz
133,2125,SPM002.A0101.SG1.1_10M.classified_gc_rl.tsv.gz
134,2303,SPM002.A0101.SG1.1_10M.classified_gc_rl.tsv.gz
135,2166,SPM002.A0101.SG1.1_10M.classified_gc_rl.tsv.gz
136,2355,SPM002.A0101.SG1.1_10M.classified_gc_rl.tsv.gz
137,2544,SPM002.A0101.SG1.1_10M.classified_gc_rl.tsv.gz
138,2190,SPM002.A0101.SG1.1_10M.classified_gc_rl.tsv.gz
139,2443,SPM002.A0101.SG1.1_10M.classified_gc_rl.tsv.gz
140,3009,SPM002.A0101.SG1.1_10M.classified_gc_rl.tsv.gz
141,2177,SPM002.A0101.SG1.1_10M.classified_gc_rl.tsv.gz
36,493,SPM002.A0103.SG1.4_10M.classified_gc_rl.tsv.gz
37,815,SPM002.A0103.SG1.4_10M.classified_gc_rl.tsv.gz
38,1079,SPM002.A0103.SG1.4_10M.classified_gc_rl.tsv.gz
39,1204,SPM002.A0103.SG1.4_10M.classified_gc_rl.tsv.gz
40,1336,SPM002.A0103.SG1.4_10M.classified_gc_rl.tsv.gz
41,1289,SPM002.A0103.SG1.4_10M.classified_gc_rl.tsv.gz
42,1247,SPM002.A0103.SG1.4_10M.classified_gc_rl.tsv.gz
43,1202,SPM002.A0103.SG1.4_10M.classified_gc_rl.tsv.gz
44,1111,SPM002.A0103.SG1.4_10M.classified_gc_rl.tsv.gz
45,1137,SPM002.A0103.SG1.4_10M.classified_gc_rl.tsv.gz
46,1055,SPM002.A0103.SG1.4_10M.classified_gc_rl.tsv.gz
47,947,SPM002.A0103.SG1.4_10M.classified_gc_rl.tsv.gz
48,971,SPM002.A0103.SG1.4_10M.classified_gc_rl.tsv.gz
49,899,SPM002.A0103.SG1.4_10M.classified_gc_rl.tsv.gz
50,867,SPM002.A0103.SG1.4_10M.classified_gc_rl.tsv.gz
51,846,SPM002.A0103.SG1.4_10M.classified_gc_rl.tsv.gz
52,784,SPM002.A0103.SG1.4_10M.classified_gc_rl.tsv.gz
53,760,SPM002.A0103.SG1.4_10M.classified_gc_rl.tsv.gz
54,692,SPM002.A0103.SG1.4_10M.classified_gc_rl.tsv.gz
55,687,SPM002.A0103.SG1.4_10M.classified_gc_rl.tsv.gz
56,614,SPM002.A0103.SG1.4_10M.classified_gc_rl.tsv.gz
57,593,SPM002.A0103.SG1.4_10M.classified_gc_rl.tsv.gz
58,607,SPM002.A0103.SG1.4_10M.classified_gc_rl.tsv.gz
59,567,SPM002.A0103.SG1.4_10M.classified_gc_rl.tsv.gz
60,506,SPM002.A0103.SG1.4_10M.classified_gc_rl.tsv.gz
61,482,SPM002.A0103.SG1.4_10M.classified_gc_rl.tsv.gz
62,502,SPM002.A0103.SG1.4_10M.classified_gc_rl.tsv.gz
63,444,SPM002.A0103.SG1.4_10M.classified_gc_rl.tsv.gz
64,424,SPM002.A0103.SG1.4_10M.classified_gc_rl.tsv.gz
65,430,SPM002.A0103.SG1.4_10M.classified_gc_rl.tsv.gz
66,416,SPM002.A0103.SG1.4_10M.classified_gc_rl.tsv.gz
67,416,SPM002.A0103.SG1.4_10M.classified_gc_rl.tsv.gz
68,346,SPM002.A0103.SG1.4_10M.classified_gc_rl.tsv.gz
69,361,SPM002.A0103.SG1.4_10M.classified_gc_rl.tsv.gz
70,345,SPM002.A0103.SG1.4_10M.classified_gc_rl.tsv.gz
71,355,SPM002.A0103.SG1.4_10M.classified_gc_rl.tsv.gz
72,441,SPM002.A0103.SG1.4_10M.classified_gc_rl.tsv.gz
73,711,SPM002.A0103.SG1.4_10M.classified_gc_rl.tsv.gz
74,433,SPM002.A0103.SG1.4_10M.classified_gc_rl.tsv.gz
75,672,SPM002.A0103.SG1.4_10M.classified_gc_rl.tsv.gz
76,3112,SPM002.A0103.SG1.4_10M.classified_gc_rl.tsv.gz
77,263,SPM002.A0103.SG1.4_10M.classified_gc_rl.tsv.gz
78,229,SPM002.A0103.SG1.4_10M.classified_gc_rl.tsv.gz
79,222,SPM002.A0103.SG1.4_10M.classified_gc_rl.tsv.gz
80,204,SPM002.A0103.SG1.4_10M.classified_gc_rl.tsv.gz
81,203,SPM002.A0103.SG1.4_10M.classified_gc_rl.tsv.gz
82,210,SPM002.A0103.SG1.4_10M.classified_gc_rl.tsv.gz
83,193,SPM002.A0103.SG1.4_10M.classified_gc_rl.tsv.gz
84,197,SPM002.A0103.SG1.4_10M.classified_gc_rl.tsv.gz
85,191,SPM002.A0103.SG1.4_10M.classified_gc_rl.tsv.gz
86,200,SPM002.A0103.SG1.4_10M.classified_gc_rl.tsv.gz
87,169,SPM002.A0103.SG1.4_10M.classified_gc_rl.tsv.gz
88,162,SPM002.A0103.SG1.4_10M.classified_gc_rl.tsv.gz
89,152,SPM002.A0103.SG1.4_10M.classified_gc_rl.tsv.gz
90,196,SPM002.A0103.SG1.4_10M.classified_gc_rl.tsv.gz
91,169,SPM002.A0103.SG1.4_10M.classified_gc_rl.tsv.gz
92,171,SPM002.A0103.SG1.4_10M.classified_gc_rl.tsv.gz
93,161,SPM002.A0103.SG1.4_10M.classified_gc_rl.tsv.gz
94,160,SPM002.A0103.SG1.4_10M.classified_gc_rl.tsv.gz
95,136,SPM002.A0103.SG1.4_10M.classified_gc_rl.tsv.gz
96,149,SPM002.A0103.SG1.4_10M.classified_gc_rl.tsv.gz
97,143,SPM002.A0103.SG1.4_10M.classified_gc_rl.tsv.gz
98,156,SPM002.A0103.SG1.4_10M.classified_gc_rl.tsv.gz
99,159,SPM002.A0103.SG1.4_10M.classified_gc_rl.tsv.gz
100,156,SPM002.A0103.SG1.4_10M.classified_gc_rl.tsv.gz
101,140,SPM002.A0103.SG1.4_10M.classified_gc_rl.tsv.gz
102,131,SPM002.A0103.SG1.4_10M.classified_gc_rl.tsv.gz
103,136,SPM002.A0103.SG1.4_10M.classified_gc_rl.tsv.gz
104,132,SPM002.A0103.SG1.4_10M.classified_gc_rl.tsv.gz
105,142,SPM002.A0103.SG1.4_10M.classified_gc_rl.tsv.gz
106,138,SPM002.A0103.SG1.4_10M.classified_gc_rl.tsv.gz
107,114,SPM002.A0103.SG1.4_10M.classified_gc_rl.tsv.gz
108,120,SPM002.A0103.SG1.4_10M.classified_gc_rl.tsv.gz
109,106,SPM002.A0103.SG1.4_10M.classified_gc_rl.tsv.gz
110,98,SPM002.A0103.SG1.4_10M.classified_gc_rl.tsv.gz
111,107,SPM002.A0103.SG1.4_10M.classified_gc_rl.tsv.gz
112,96,SPM002.A0103.SG1.4_10M.classified_gc_rl.tsv.gz
113,100,SPM002.A0103.SG1.4_10M.classified_gc_rl.tsv.gz
114,100,SPM002.A0103.SG1.4_10M.classified_gc_rl.tsv.gz
115,104,SPM002.A0103.SG1.4_10M.classified_gc_rl.tsv.gz
116,96,SPM002.A0103.SG1.4_10M.classified_gc_rl.tsv.gz
117,83,SPM002.A0103.SG1.4_10M.classified_gc_rl.tsv.gz
118,113,SPM002.A0103.SG1.4_10M.classified_gc_rl.tsv.gz
119,113,SPM002.A0103.SG1.4_10M.classified_gc_rl.tsv.gz
120,98,SPM002.A0103.SG1.4_10M.classified_gc_rl.tsv.gz
121,107,SPM002.A0103.SG1.4_10M.classified_gc_rl.tsv.gz
122,99,SPM002.A0103.SG1.4_10M.classified_gc_rl.tsv.gz
123,92,SPM002.A0103.SG1.4_10M.classified_gc_rl.tsv.gz
124,106,SPM002.A0103.SG1.4_10M.classified_gc_rl.tsv.gz
125,89,SPM002.A0103.SG1.4_10M.classified_gc_rl.tsv.gz
126,110,SPM002.A0103.SG1.4_10M.classified_gc_rl.tsv.gz
127,102,SPM002.A0103.SG1.4_10M.classified_gc_rl.tsv.gz
128,99,SPM002.A0103.SG1.4_10M.classified_gc_rl.tsv.gz
129,95,SPM002.A0103.SG1.4_10M.classified_gc_rl.tsv.gz
130,84,SPM002.A0103.SG1.4_10M.classified_gc_rl.tsv.gz
131,92,SPM002.A0103.SG1.4_10M.classified_gc_rl.tsv.gz
132,82,SPM002.A0103.SG1.4_10M.classified_gc_rl.tsv.gz
133,81,SPM002.A0103.SG1.4_10M.classified_gc_rl.tsv.gz
134,88,SPM002.A0103.SG1.4_10M.classified_gc_rl.tsv.gz
135,88,SPM002.A0103.SG1.4_10M.classified_gc_rl.tsv.gz
136,93,SPM002.A0103.SG1.4_10M.classified_gc_rl.tsv.gz
137,121,SPM002.A0103.SG1.4_10M.classified_gc_rl.tsv.gz
138,71,SPM002.A0103.SG1.4_10M.classified_gc_rl.tsv.gz
139,100,SPM002.A0103.SG1.4_10M.classified_gc_rl.tsv.gz
140,111,SPM002.A0103.SG1.4_10M.classified_gc_rl.tsv.gz
141,85,SPM002.A0103.SG1.4_10M.classified_gc_rl.tsv.gz
36,8658,VLD001.A0101.SG1.1_10M.classified_gc_rl.tsv.gz
37,16613,VLD001.A0101.SG1.1_10M.classified_gc_rl.tsv.gz
38,22528,VLD001.A0101.SG1.1_10M.classified_gc_rl.tsv.gz
39,27556,VLD001.A0101.SG1.1_10M.classified_gc_rl.tsv.gz
40,31760,VLD001.A0101.SG1.1_10M.classified_gc_rl.tsv.gz
41,32534,VLD001.A0101.SG1.1_10M.classified_gc_rl.tsv.gz
42,34279,VLD001.A0101.SG1.1_10M.classified_gc_rl.tsv.gz
43,34783,VLD001.A0101.SG1.1_10M.classified_gc_rl.tsv.gz
44,35331,VLD001.A0101.SG1.1_10M.classified_gc_rl.tsv.gz
45,35885,VLD001.A0101.SG1.1_10M.classified_gc_rl.tsv.gz
46,36482,VLD001.A0101.SG1.1_10M.classified_gc_rl.tsv.gz
47,36035,VLD001.A0101.SG1.1_10M.classified_gc_rl.tsv.gz
48,35147,VLD001.A0101.SG1.1_10M.classified_gc_rl.tsv.gz
49,35196,VLD001.A0101.SG1.1_10M.classified_gc_rl.tsv.gz
50,34255,VLD001.A0101.SG1.1_10M.classified_gc_rl.tsv.gz
51,34259,VLD001.A0101.SG1.1_10M.classified_gc_rl.tsv.gz
52,34454,VLD001.A0101.SG1.1_10M.classified_gc_rl.tsv.gz
53,32933,VLD001.A0101.SG1.1_10M.classified_gc_rl.tsv.gz
54,32934,VLD001.A0101.SG1.1_10M.classified_gc_rl.tsv.gz
55,31821,VLD001.A0101.SG1.1_10M.classified_gc_rl.tsv.gz
56,30314,VLD001.A0101.SG1.1_10M.classified_gc_rl.tsv.gz
57,29969,VLD001.A0101.SG1.1_10M.classified_gc_rl.tsv.gz
58,29222,VLD001.A0101.SG1.1_10M.classified_gc_rl.tsv.gz
59,28041,VLD001.A0101.SG1.1_10M.classified_gc_rl.tsv.gz
60,27860,VLD001.A0101.SG1.1_10M.classified_gc_rl.tsv.gz
61,26427,VLD001.A0101.SG1.1_10M.classified_gc_rl.tsv.gz
62,24840,VLD001.A0101.SG1.1_10M.classified_gc_rl.tsv.gz
63,24898,VLD001.A0101.SG1.1_10M.classified_gc_rl.tsv.gz
64,23983,VLD001.A0101.SG1.1_10M.classified_gc_rl.tsv.gz
65,23289,VLD001.A0101.SG1.1_10M.classified_gc_rl.tsv.gz
66,22534,VLD001.A0101.SG1.1_10M.classified_gc_rl.tsv.gz
67,21933,VLD001.A0101.SG1.1_10M.classified_gc_rl.tsv.gz
68,20399,VLD001.A0101.SG1.1_10M.classified_gc_rl.tsv.gz
69,19952,VLD001.A0101.SG1.1_10M.classified_gc_rl.tsv.gz
70,19317,VLD001.A0101.SG1.1_10M.classified_gc_rl.tsv.gz
71,18749,VLD001.A0101.SG1.1_10M.classified_gc_rl.tsv.gz
72,18995,VLD001.A0101.SG1.1_10M.classified_gc_rl.tsv.gz
73,19295,VLD001.A0101.SG1.1_10M.classified_gc_rl.tsv.gz
74,18892,VLD001.A0101.SG1.1_10M.classified_gc_rl.tsv.gz
75,25400,VLD001.A0101.SG1.1_10M.classified_gc_rl.tsv.gz
76,41474,VLD001.A0101.SG1.1_10M.classified_gc_rl.tsv.gz
77,14234,VLD001.A0101.SG1.1_10M.classified_gc_rl.tsv.gz
78,13871,VLD001.A0101.SG1.1_10M.classified_gc_rl.tsv.gz
79,13150,VLD001.A0101.SG1.1_10M.classified_gc_rl.tsv.gz
80,12648,VLD001.A0101.SG1.1_10M.classified_gc_rl.tsv.gz
81,11683,VLD001.A0101.SG1.1_10M.classified_gc_rl.tsv.gz
82,11400,VLD001.A0101.SG1.1_10M.classified_gc_rl.tsv.gz
83,10851,VLD001.A0101.SG1.1_10M.classified_gc_rl.tsv.gz
84,10680,VLD001.A0101.SG1.1_10M.classified_gc_rl.tsv.gz
85,10088,VLD001.A0101.SG1.1_10M.classified_gc_rl.tsv.gz
86,9762,VLD001.A0101.SG1.1_10M.classified_gc_rl.tsv.gz
87,9534,VLD001.A0101.SG1.1_10M.classified_gc_rl.tsv.gz
88,8912,VLD001.A0101.SG1.1_10M.classified_gc_rl.tsv.gz
89,8428,VLD001.A0101.SG1.1_10M.classified_gc_rl.tsv.gz
90,8309,VLD001.A0101.SG1.1_10M.classified_gc_rl.tsv.gz
91,7861,VLD001.A0101.SG1.1_10M.classified_gc_rl.tsv.gz
92,7555,VLD001.A0101.SG1.1_10M.classified_gc_rl.tsv.gz
93,7342,VLD001.A0101.SG1.1_10M.classified_gc_rl.tsv.gz
94,6798,VLD001.A0101.SG1.1_10M.classified_gc_rl.tsv.gz
95,6464,VLD001.A0101.SG1.1_10M.classified_gc_rl.tsv.gz
96,6257,VLD001.A0101.SG1.1_10M.classified_gc_rl.tsv.gz
97,6006,VLD001.A0101.SG1.1_10M.classified_gc_rl.tsv.gz
98,5820,VLD001.A0101.SG1.1_10M.classified_gc_rl.tsv.gz
99,5486,VLD001.A0101.SG1.1_10M.classified_gc_rl.tsv.gz
100,5517,VLD001.A0101.SG1.1_10M.classified_gc_rl.tsv.gz
101,4855,VLD001.A0101.SG1.1_10M.classified_gc_rl.tsv.gz
102,4682,VLD001.A0101.SG1.1_10M.classified_gc_rl.tsv.gz
103,4554,VLD001.A0101.SG1.1_10M.classified_gc_rl.tsv.gz
104,4363,VLD001.A0101.SG1.1_10M.classified_gc_rl.tsv.gz
105,4243,VLD001.A0101.SG1.1_10M.classified_gc_rl.tsv.gz
106,4027,VLD001.A0101.SG1.1_10M.classified_gc_rl.tsv.gz
107,3805,VLD001.A0101.SG1.1_10M.classified_gc_rl.tsv.gz
108,3717,VLD001.A0101.SG1.1_10M.classified_gc_rl.tsv.gz
109,3422,VLD001.A0101.SG1.1_10M.classified_gc_rl.tsv.gz
110,3330,VLD001.A0101.SG1.1_10M.classified_gc_rl.tsv.gz
111,3287,VLD001.A0101.SG1.1_10M.classified_gc_rl.tsv.gz
112,3157,VLD001.A0101.SG1.1_10M.classified_gc_rl.tsv.gz
113,2992,VLD001.A0101.SG1.1_10M.classified_gc_rl.tsv.gz
114,2842,VLD001.A0101.SG1.1_10M.classified_gc_rl.tsv.gz
115,2675,VLD001.A0101.SG1.1_10M.classified_gc_rl.tsv.gz
116,2586,VLD001.A0101.SG1.1_10M.classified_gc_rl.tsv.gz
117,2432,VLD001.A0101.SG1.1_10M.classified_gc_rl.tsv.gz
118,2393,VLD001.A0101.SG1.1_10M.classified_gc_rl.tsv.gz
119,2292,VLD001.A0101.SG1.1_10M.classified_gc_rl.tsv.gz
120,2165,VLD001.A0101.SG1.1_10M.classified_gc_rl.tsv.gz
121,2113,VLD001.A0101.SG1.1_10M.classified_gc_rl.tsv.gz
122,2043,VLD001.A0101.SG1.1_10M.classified_gc_rl.tsv.gz
123,1936,VLD001.A0101.SG1.1_10M.classified_gc_rl.tsv.gz
124,1779,VLD001.A0101.SG1.1_10M.classified_gc_rl.tsv.gz
125,1727,VLD001.A0101.SG1.1_10M.classified_gc_rl.tsv.gz
126,1820,VLD001.A0101.SG1.1_10M.classified_gc_rl.tsv.gz
127,1575,VLD001.A0101.SG1.1_10M.classified_gc_rl.tsv.gz
128,1512,VLD001.A0101.SG1.1_10M.classified_gc_rl.tsv.gz
129,1478,VLD001.A0101.SG1.1_10M.classified_gc_rl.tsv.gz
130,1416,VLD001.A0101.SG1.1_10M.classified_gc_rl.tsv.gz
131,1349,VLD001.A0101.SG1.1_10M.classified_gc_rl.tsv.gz
132,1319,VLD001.A0101.SG1.1_10M.classified_gc_rl.tsv.gz
133,1249,VLD001.A0101.SG1.1_10M.classified_gc_rl.tsv.gz
134,1209,VLD001.A0101.SG1.1_10M.classified_gc_rl.tsv.gz
135,1171,VLD001.A0101.SG1.1_10M.classified_gc_rl.tsv.gz
136,1121,VLD001.A0101.SG1.1_10M.classified_gc_rl.tsv.gz
137,1032,VLD001.A0101.SG1.1_10M.classified_gc_rl.tsv.gz
138,1015,VLD001.A0101.SG1.1_10M.classified_gc_rl.tsv.gz
139,989,VLD001.A0101.SG1.1_10M.classified_gc_rl.tsv.gz
140,1021,VLD001.A0101.SG1.1_10M.classified_gc_rl.tsv.gz
141,813,VLD001.A0101.SG1.1_10M.classified_gc_rl.tsv.gz
36,5306,VLD001.A0102.SG1.2_10M.classified_gc_rl.tsv.gz
37,8996,VLD001.A0102.SG1.2_10M.classified_gc_rl.tsv.gz
38,12151,VLD001.A0102.SG1.2_10M.classified_gc_rl.tsv.gz
39,13570,VLD001.A0102.SG1.2_10M.classified_gc_rl.tsv.gz
40,15104,VLD001.A0102.SG1.2_10M.classified_gc_rl.tsv.gz
41,15106,VLD001.A0102.SG1.2_10M.classified_gc_rl.tsv.gz
42,14517,VLD001.A0102.SG1.2_10M.classified_gc_rl.tsv.gz
43,14086,VLD001.A0102.SG1.2_10M.classified_gc_rl.tsv.gz
44,14157,VLD001.A0102.SG1.2_10M.classified_gc_rl.tsv.gz
45,13174,VLD001.A0102.SG1.2_10M.classified_gc_rl.tsv.gz
46,12976,VLD001.A0102.SG1.2_10M.classified_gc_rl.tsv.gz
47,12570,VLD001.A0102.SG1.2_10M.classified_gc_rl.tsv.gz
48,11269,VLD001.A0102.SG1.2_10M.classified_gc_rl.tsv.gz
49,10906,VLD001.A0102.SG1.2_10M.classified_gc_rl.tsv.gz
50,10605,VLD001.A0102.SG1.2_10M.classified_gc_rl.tsv.gz
51,10012,VLD001.A0102.SG1.2_10M.classified_gc_rl.tsv.gz
52,9174,VLD001.A0102.SG1.2_10M.classified_gc_rl.tsv.gz
53,8642,VLD001.A0102.SG1.2_10M.classified_gc_rl.tsv.gz
54,8323,VLD001.A0102.SG1.2_10M.classified_gc_rl.tsv.gz
55,7592,VLD001.A0102.SG1.2_10M.classified_gc_rl.tsv.gz
56,7382,VLD001.A0102.SG1.2_10M.classified_gc_rl.tsv.gz
57,6822,VLD001.A0102.SG1.2_10M.classified_gc_rl.tsv.gz
58,6332,VLD001.A0102.SG1.2_10M.classified_gc_rl.tsv.gz
59,6064,VLD001.A0102.SG1.2_10M.classified_gc_rl.tsv.gz
60,5618,VLD001.A0102.SG1.2_10M.classified_gc_rl.tsv.gz
61,5192,VLD001.A0102.SG1.2_10M.classified_gc_rl.tsv.gz
62,4985,VLD001.A0102.SG1.2_10M.classified_gc_rl.tsv.gz
63,4365,VLD001.A0102.SG1.2_10M.classified_gc_rl.tsv.gz
64,4248,VLD001.A0102.SG1.2_10M.classified_gc_rl.tsv.gz
65,4163,VLD001.A0102.SG1.2_10M.classified_gc_rl.tsv.gz
66,3784,VLD001.A0102.SG1.2_10M.classified_gc_rl.tsv.gz
67,3344,VLD001.A0102.SG1.2_10M.classified_gc_rl.tsv.gz
68,3198,VLD001.A0102.SG1.2_10M.classified_gc_rl.tsv.gz
69,2943,VLD001.A0102.SG1.2_10M.classified_gc_rl.tsv.gz
70,2824,VLD001.A0102.SG1.2_10M.classified_gc_rl.tsv.gz
71,2669,VLD001.A0102.SG1.2_10M.classified_gc_rl.tsv.gz
72,2527,VLD001.A0102.SG1.2_10M.classified_gc_rl.tsv.gz
73,2500,VLD001.A0102.SG1.2_10M.classified_gc_rl.tsv.gz
74,2283,VLD001.A0102.SG1.2_10M.classified_gc_rl.tsv.gz
75,2072,VLD001.A0102.SG1.2_10M.classified_gc_rl.tsv.gz
76,4097,VLD001.A0102.SG1.2_10M.classified_gc_rl.tsv.gz
77,1752,VLD001.A0102.SG1.2_10M.classified_gc_rl.tsv.gz
78,1580,VLD001.A0102.SG1.2_10M.classified_gc_rl.tsv.gz
79,1467,VLD001.A0102.SG1.2_10M.classified_gc_rl.tsv.gz
80,1407,VLD001.A0102.SG1.2_10M.classified_gc_rl.tsv.gz
81,1262,VLD001.A0102.SG1.2_10M.classified_gc_rl.tsv.gz
82,1148,VLD001.A0102.SG1.2_10M.classified_gc_rl.tsv.gz
83,1070,VLD001.A0102.SG1.2_10M.classified_gc_rl.tsv.gz
84,1056,VLD001.A0102.SG1.2_10M.classified_gc_rl.tsv.gz
85,981,VLD001.A0102.SG1.2_10M.classified_gc_rl.tsv.gz
86,934,VLD001.A0102.SG1.2_10M.classified_gc_rl.tsv.gz
87,889,VLD001.A0102.SG1.2_10M.classified_gc_rl.tsv.gz
88,770,VLD001.A0102.SG1.2_10M.classified_gc_rl.tsv.gz
89,714,VLD001.A0102.SG1.2_10M.classified_gc_rl.tsv.gz
90,708,VLD001.A0102.SG1.2_10M.classified_gc_rl.tsv.gz
91,652,VLD001.A0102.SG1.2_10M.classified_gc_rl.tsv.gz
92,646,VLD001.A0102.SG1.2_10M.classified_gc_rl.tsv.gz
93,563,VLD001.A0102.SG1.2_10M.classified_gc_rl.tsv.gz
94,536,VLD001.A0102.SG1.2_10M.classified_gc_rl.tsv.gz
95,548,VLD001.A0102.SG1.2_10M.classified_gc_rl.tsv.gz
96,450,VLD001.A0102.SG1.2_10M.classified_gc_rl.tsv.gz
97,445,VLD001.A0102.SG1.2_10M.classified_gc_rl.tsv.gz
98,411,VLD001.A0102.SG1.2_10M.classified_gc_rl.tsv.gz
99,408,VLD001.A0102.SG1.2_10M.classified_gc_rl.tsv.gz
100,387,VLD001.A0102.SG1.2_10M.classified_gc_rl.tsv.gz
101,324,VLD001.A0102.SG1.2_10M.classified_gc_rl.tsv.gz
102,317,VLD001.A0102.SG1.2_10M.classified_gc_rl.tsv.gz
103,279,VLD001.A0102.SG1.2_10M.classified_gc_rl.tsv.gz
104,302,VLD001.A0102.SG1.2_10M.classified_gc_rl.tsv.gz
105,287,VLD001.A0102.SG1.2_10M.classified_gc_rl.tsv.gz
106,246,VLD001.A0102.SG1.2_10M.classified_gc_rl.tsv.gz
107,254,VLD001.A0102.SG1.2_10M.classified_gc_rl.tsv.gz
108,229,VLD001.A0102.SG1.2_10M.classified_gc_rl.tsv.gz
109,197,VLD001.A0102.SG1.2_10M.classified_gc_rl.tsv.gz
110,207,VLD001.A0102.SG1.2_10M.classified_gc_rl.tsv.gz
111,180,VLD001.A0102.SG1.2_10M.classified_gc_rl.tsv.gz
112,174,VLD001.A0102.SG1.2_10M.classified_gc_rl.tsv.gz
113,166,VLD001.A0102.SG1.2_10M.classified_gc_rl.tsv.gz
114,177,VLD001.A0102.SG1.2_10M.classified_gc_rl.tsv.gz
115,175,VLD001.A0102.SG1.2_10M.classified_gc_rl.tsv.gz
116,139,VLD001.A0102.SG1.2_10M.classified_gc_rl.tsv.gz
117,135,VLD001.A0102.SG1.2_10M.classified_gc_rl.tsv.gz
118,133,VLD001.A0102.SG1.2_10M.classified_gc_rl.tsv.gz
119,141,VLD001.A0102.SG1.2_10M.classified_gc_rl.tsv.gz
120,116,VLD001.A0102.SG1.2_10M.classified_gc_rl.tsv.gz
121,118,VLD001.A0102.SG1.2_10M.classified_gc_rl.tsv.gz
122,100,VLD001.A0102.SG1.2_10M.classified_gc_rl.tsv.gz
123,108,VLD001.A0102.SG1.2_10M.classified_gc_rl.tsv.gz
124,85,VLD001.A0102.SG1.2_10M.classified_gc_rl.tsv.gz
125,90,VLD001.A0102.SG1.2_10M.classified_gc_rl.tsv.gz
126,83,VLD001.A0102.SG1.2_10M.classified_gc_rl.tsv.gz
127,93,VLD001.A0102.SG1.2_10M.classified_gc_rl.tsv.gz
128,84,VLD001.A0102.SG1.2_10M.classified_gc_rl.tsv.gz
129,64,VLD001.A0102.SG1.2_10M.classified_gc_rl.tsv.gz
130,71,VLD001.A0102.SG1.2_10M.classified_gc_rl.tsv.gz
131,73,VLD001.A0102.SG1.2_10M.classified_gc_rl.tsv.gz
132,61,VLD001.A0102.SG1.2_10M.classified_gc_rl.tsv.gz
133,65,VLD001.A0102.SG1.2_10M.classified_gc_rl.tsv.gz
134,62,VLD001.A0102.SG1.2_10M.classified_gc_rl.tsv.gz
135,62,VLD001.A0102.SG1.2_10M.classified_gc_rl.tsv.gz
136,54,VLD001.A0102.SG1.2_10M.classified_gc_rl.tsv.gz
137,50,VLD001.A0102.SG1.2_10M.classified_gc_rl.tsv.gz
138,33,VLD001.A0102.SG1.2_10M.classified_gc_rl.tsv.gz
139,50,VLD001.A0102.SG1.2_10M.classified_gc_rl.tsv.gz
140,37,VLD001.A0102.SG1.2_10M.classified_gc_rl.tsv.gz
141,48,VLD001.A0102.SG1.2_10M.classified_gc_rl.tsv.gz
36,4878,ZAF001.A0101.SG1.1_10M.classified_gc_rl.tsv.gz
37,9440,ZAF001.A0101.SG1.1_10M.classified_gc_rl.tsv.gz
38,11952,ZAF001.A0101.SG1.1_10M.classified_gc_rl.tsv.gz
39,14602,ZAF001.A0101.SG1.1_10M.classified_gc_rl.tsv.gz
40,16402,ZAF001.A0101.SG1.1_10M.classified_gc_rl.tsv.gz
41,16677,ZAF001.A0101.SG1.1_10M.classified_gc_rl.tsv.gz
42,16977,ZAF001.A0101.SG1.1_10M.classified_gc_rl.tsv.gz
43,16994,ZAF001.A0101.SG1.1_10M.classified_gc_rl.tsv.gz
44,17329,ZAF001.A0101.SG1.1_10M.classified_gc_rl.tsv.gz
45,17164,ZAF001.A0101.SG1.1_10M.classified_gc_rl.tsv.gz
46,16429,ZAF001.A0101.SG1.1_10M.classified_gc_rl.tsv.gz
47,16364,ZAF001.A0101.SG1.1_10M.classified_gc_rl.tsv.gz
48,16101,ZAF001.A0101.SG1.1_10M.classified_gc_rl.tsv.gz
49,16199,ZAF001.A0101.SG1.1_10M.classified_gc_rl.tsv.gz
50,15939,ZAF001.A0101.SG1.1_10M.classified_gc_rl.tsv.gz
51,15681,ZAF001.A0101.SG1.1_10M.classified_gc_rl.tsv.gz
52,14741,ZAF001.A0101.SG1.1_10M.classified_gc_rl.tsv.gz
53,15134,ZAF001.A0101.SG1.1_10M.classified_gc_rl.tsv.gz
54,14605,ZAF001.A0101.SG1.1_10M.classified_gc_rl.tsv.gz
55,14069,ZAF001.A0101.SG1.1_10M.classified_gc_rl.tsv.gz
56,13927,ZAF001.A0101.SG1.1_10M.classified_gc_rl.tsv.gz
57,13508,ZAF001.A0101.SG1.1_10M.classified_gc_rl.tsv.gz
58,12760,ZAF001.A0101.SG1.1_10M.classified_gc_rl.tsv.gz
59,12760,ZAF001.A0101.SG1.1_10M.classified_gc_rl.tsv.gz
60,12474,ZAF001.A0101.SG1.1_10M.classified_gc_rl.tsv.gz
61,11914,ZAF001.A0101.SG1.1_10M.classified_gc_rl.tsv.gz
62,11175,ZAF001.A0101.SG1.1_10M.classified_gc_rl.tsv.gz
63,11465,ZAF001.A0101.SG1.1_10M.classified_gc_rl.tsv.gz
64,10977,ZAF001.A0101.SG1.1_10M.classified_gc_rl.tsv.gz
65,10836,ZAF001.A0101.SG1.1_10M.classified_gc_rl.tsv.gz
66,10412,ZAF001.A0101.SG1.1_10M.classified_gc_rl.tsv.gz
67,10075,ZAF001.A0101.SG1.1_10M.classified_gc_rl.tsv.gz
68,9681,ZAF001.A0101.SG1.1_10M.classified_gc_rl.tsv.gz
69,9279,ZAF001.A0101.SG1.1_10M.classified_gc_rl.tsv.gz
70,9290,ZAF001.A0101.SG1.1_10M.classified_gc_rl.tsv.gz
71,9195,ZAF001.A0101.SG1.1_10M.classified_gc_rl.tsv.gz
72,10040,ZAF001.A0101.SG1.1_10M.classified_gc_rl.tsv.gz
73,11394,ZAF001.A0101.SG1.1_10M.classified_gc_rl.tsv.gz
74,12584,ZAF001.A0101.SG1.1_10M.classified_gc_rl.tsv.gz
75,26041,ZAF001.A0101.SG1.1_10M.classified_gc_rl.tsv.gz
76,57116,ZAF001.A0101.SG1.1_10M.classified_gc_rl.tsv.gz
77,7024,ZAF001.A0101.SG1.1_10M.classified_gc_rl.tsv.gz
78,7120,ZAF001.A0101.SG1.1_10M.classified_gc_rl.tsv.gz
79,6773,ZAF001.A0101.SG1.1_10M.classified_gc_rl.tsv.gz
80,6450,ZAF001.A0101.SG1.1_10M.classified_gc_rl.tsv.gz
81,6122,ZAF001.A0101.SG1.1_10M.classified_gc_rl.tsv.gz
82,5787,ZAF001.A0101.SG1.1_10M.classified_gc_rl.tsv.gz
83,5788,ZAF001.A0101.SG1.1_10M.classified_gc_rl.tsv.gz
84,5477,ZAF001.A0101.SG1.1_10M.classified_gc_rl.tsv.gz
85,5525,ZAF001.A0101.SG1.1_10M.classified_gc_rl.tsv.gz
86,5104,ZAF001.A0101.SG1.1_10M.classified_gc_rl.tsv.gz
87,5141,ZAF001.A0101.SG1.1_10M.classified_gc_rl.tsv.gz
88,5019,ZAF001.A0101.SG1.1_10M.classified_gc_rl.tsv.gz
89,4797,ZAF001.A0101.SG1.1_10M.classified_gc_rl.tsv.gz
90,4727,ZAF001.A0101.SG1.1_10M.classified_gc_rl.tsv.gz
91,4474,ZAF001.A0101.SG1.1_10M.classified_gc_rl.tsv.gz
92,4381,ZAF001.A0101.SG1.1_10M.classified_gc_rl.tsv.gz
93,4338,ZAF001.A0101.SG1.1_10M.classified_gc_rl.tsv.gz
94,4057,ZAF001.A0101.SG1.1_10M.classified_gc_rl.tsv.gz
95,4082,ZAF001.A0101.SG1.1_10M.classified_gc_rl.tsv.gz
96,3939,ZAF001.A0101.SG1.1_10M.classified_gc_rl.tsv.gz
97,3843,ZAF001.A0101.SG1.1_10M.classified_gc_rl.tsv.gz
98,3590,ZAF001.A0101.SG1.1_10M.classified_gc_rl.tsv.gz
99,3551,ZAF001.A0101.SG1.1_10M.classified_gc_rl.tsv.gz
100,3596,ZAF001.A0101.SG1.1_10M.classified_gc_rl.tsv.gz
101,3321,ZAF001.A0101.SG1.1_10M.classified_gc_rl.tsv.gz
102,3131,ZAF001.A0101.SG1.1_10M.classified_gc_rl.tsv.gz
103,3213,ZAF001.A0101.SG1.1_10M.classified_gc_rl.tsv.gz
104,3050,ZAF001.A0101.SG1.1_10M.classified_gc_rl.tsv.gz
105,2895,ZAF001.A0101.SG1.1_10M.classified_gc_rl.tsv.gz
106,2936,ZAF001.A0101.SG1.1_10M.classified_gc_rl.tsv.gz
107,2835,ZAF001.A0101.SG1.1_10M.classified_gc_rl.tsv.gz
108,2696,ZAF001.A0101.SG1.1_10M.classified_gc_rl.tsv.gz
109,2630,ZAF001.A0101.SG1.1_10M.classified_gc_rl.tsv.gz
110,2632,ZAF001.A0101.SG1.1_10M.classified_gc_rl.tsv.gz
111,2542,ZAF001.A0101.SG1.1_10M.classified_gc_rl.tsv.gz
112,2385,ZAF001.A0101.SG1.1_10M.classified_gc_rl.tsv.gz
113,2368,ZAF001.A0101.SG1.1_10M.classified_gc_rl.tsv.gz
114,2273,ZAF001.A0101.SG1.1_10M.classified_gc_rl.tsv.gz
115,2209,ZAF001.A0101.SG1.1_10M.classified_gc_rl.tsv.gz
116,2166,ZAF001.A0101.SG1.1_10M.classified_gc_rl.tsv.gz
117,2081,ZAF001.A0101.SG1.1_10M.classified_gc_rl.tsv.gz
118,1979,ZAF001.A0101.SG1.1_10M.classified_gc_rl.tsv.gz
119,1928,ZAF001.A0101.SG1.1_10M.classified_gc_rl.tsv.gz
120,1970,ZAF001.A0101.SG1.1_10M.classified_gc_rl.tsv.gz
121,1900,ZAF001.A0101.SG1.1_10M.classified_gc_rl.tsv.gz
122,1869,ZAF001.A0101.SG1.1_10M.classified_gc_rl.tsv.gz
123,1796,ZAF001.A0101.SG1.1_10M.classified_gc_rl.tsv.gz
124,1744,ZAF001.A0101.SG1.1_10M.classified_gc_rl.tsv.gz
125,1691,ZAF001.A0101.SG1.1_10M.classified_gc_rl.tsv.gz
126,1699,ZAF001.A0101.SG1.1_10M.classified_gc_rl.tsv.gz
127,1595,ZAF001.A0101.SG1.1_10M.classified_gc_rl.tsv.gz
128,1532,ZAF001.A0101.SG1.1_10M.classified_gc_rl.tsv.gz
129,1443,ZAF001.A0101.SG1.1_10M.classified_gc_rl.tsv.gz
130,1499,ZAF001.A0101.SG1.1_10M.classified_gc_rl.tsv.gz
131,1503,ZAF001.A0101.SG1.1_10M.classified_gc_rl.tsv.gz
132,1437,ZAF001.A0101.SG1.1_10M.classified_gc_rl.tsv.gz
133,1364,ZAF001.A0101.SG1.1_10M.classified_gc_rl.tsv.gz
134,1395,ZAF001.A0101.SG1.1_10M.classified_gc_rl.tsv.gz
135,1316,ZAF001.A0101.SG1.1_10M.classified_gc_rl.tsv.gz
136,1323,ZAF001.A0101.SG1.1_10M.classified_gc_rl.tsv.gz
137,1299,ZAF001.A0101.SG1.1_10M.classified_gc_rl.tsv.gz
138,1198,ZAF001.A0101.SG1.1_10M.classified_gc_rl.tsv.gz
139,1243,ZAF001.A0101.SG1.1_10M.classified_gc_rl.tsv.gz
140,1243,ZAF001.A0101.SG1.1_10M.classified_gc_rl.tsv.gz
141,1092,ZAF001.A0101.SG1.1_10M.classified_gc_rl.tsv.gz
36,1999,ZAF001.A0103.SG1.4_10M.classified_gc_rl.tsv.gz
37,3334,ZAF001.A0103.SG1.4_10M.classified_gc_rl.tsv.gz
38,4103,ZAF001.A0103.SG1.4_10M.classified_gc_rl.tsv.gz
39,4765,ZAF001.A0103.SG1.4_10M.classified_gc_rl.tsv.gz
40,4970,ZAF001.A0103.SG1.4_10M.classified_gc_rl.tsv.gz
41,4879,ZAF001.A0103.SG1.4_10M.classified_gc_rl.tsv.gz
42,4644,ZAF001.A0103.SG1.4_10M.classified_gc_rl.tsv.gz
43,4556,ZAF001.A0103.SG1.4_10M.classified_gc_rl.tsv.gz
44,4433,ZAF001.A0103.SG1.4_10M.classified_gc_rl.tsv.gz
45,4254,ZAF001.A0103.SG1.4_10M.classified_gc_rl.tsv.gz
46,3933,ZAF001.A0103.SG1.4_10M.classified_gc_rl.tsv.gz
47,3765,ZAF001.A0103.SG1.4_10M.classified_gc_rl.tsv.gz
48,3623,ZAF001.A0103.SG1.4_10M.classified_gc_rl.tsv.gz
49,3475,ZAF001.A0103.SG1.4_10M.classified_gc_rl.tsv.gz
50,3149,ZAF001.A0103.SG1.4_10M.classified_gc_rl.tsv.gz
51,3034,ZAF001.A0103.SG1.4_10M.classified_gc_rl.tsv.gz
52,2763,ZAF001.A0103.SG1.4_10M.classified_gc_rl.tsv.gz
53,2570,ZAF001.A0103.SG1.4_10M.classified_gc_rl.tsv.gz
54,2540,ZAF001.A0103.SG1.4_10M.classified_gc_rl.tsv.gz
55,2391,ZAF001.A0103.SG1.4_10M.classified_gc_rl.tsv.gz
56,2202,ZAF001.A0103.SG1.4_10M.classified_gc_rl.tsv.gz
57,2112,ZAF001.A0103.SG1.4_10M.classified_gc_rl.tsv.gz
58,1925,ZAF001.A0103.SG1.4_10M.classified_gc_rl.tsv.gz
59,1893,ZAF001.A0103.SG1.4_10M.classified_gc_rl.tsv.gz
60,1751,ZAF001.A0103.SG1.4_10M.classified_gc_rl.tsv.gz
61,1670,ZAF001.A0103.SG1.4_10M.classified_gc_rl.tsv.gz
62,1521,ZAF001.A0103.SG1.4_10M.classified_gc_rl.tsv.gz
63,1453,ZAF001.A0103.SG1.4_10M.classified_gc_rl.tsv.gz
64,1389,ZAF001.A0103.SG1.4_10M.classified_gc_rl.tsv.gz
65,1267,ZAF001.A0103.SG1.4_10M.classified_gc_rl.tsv.gz
66,1201,ZAF001.A0103.SG1.4_10M.classified_gc_rl.tsv.gz
67,1189,ZAF001.A0103.SG1.4_10M.classified_gc_rl.tsv.gz
68,1052,ZAF001.A0103.SG1.4_10M.classified_gc_rl.tsv.gz
69,1012,ZAF001.A0103.SG1.4_10M.classified_gc_rl.tsv.gz
70,895,ZAF001.A0103.SG1.4_10M.classified_gc_rl.tsv.gz
71,919,ZAF001.A0103.SG1.4_10M.classified_gc_rl.tsv.gz
72,1005,ZAF001.A0103.SG1.4_10M.classified_gc_rl.tsv.gz
73,1141,ZAF001.A0103.SG1.4_10M.classified_gc_rl.tsv.gz
74,872,ZAF001.A0103.SG1.4_10M.classified_gc_rl.tsv.gz
75,998,ZAF001.A0103.SG1.4_10M.classified_gc_rl.tsv.gz
76,3879,ZAF001.A0103.SG1.4_10M.classified_gc_rl.tsv.gz
77,700,ZAF001.A0103.SG1.4_10M.classified_gc_rl.tsv.gz
78,616,ZAF001.A0103.SG1.4_10M.classified_gc_rl.tsv.gz
79,562,ZAF001.A0103.SG1.4_10M.classified_gc_rl.tsv.gz
80,484,ZAF001.A0103.SG1.4_10M.classified_gc_rl.tsv.gz
81,533,ZAF001.A0103.SG1.4_10M.classified_gc_rl.tsv.gz
82,503,ZAF001.A0103.SG1.4_10M.classified_gc_rl.tsv.gz
83,462,ZAF001.A0103.SG1.4_10M.classified_gc_rl.tsv.gz
84,451,ZAF001.A0103.SG1.4_10M.classified_gc_rl.tsv.gz
85,400,ZAF001.A0103.SG1.4_10M.classified_gc_rl.tsv.gz
86,414,ZAF001.A0103.SG1.4_10M.classified_gc_rl.tsv.gz
87,393,ZAF001.A0103.SG1.4_10M.classified_gc_rl.tsv.gz
88,329,ZAF001.A0103.SG1.4_10M.classified_gc_rl.tsv.gz
89,364,ZAF001.A0103.SG1.4_10M.classified_gc_rl.tsv.gz
90,333,ZAF001.A0103.SG1.4_10M.classified_gc_rl.tsv.gz
91,314,ZAF001.A0103.SG1.4_10M.classified_gc_rl.tsv.gz
92,297,ZAF001.A0103.SG1.4_10M.classified_gc_rl.tsv.gz
93,282,ZAF001.A0103.SG1.4_10M.classified_gc_rl.tsv.gz
94,273,ZAF001.A0103.SG1.4_10M.classified_gc_rl.tsv.gz
95,267,ZAF001.A0103.SG1.4_10M.classified_gc_rl.tsv.gz
96,276,ZAF001.A0103.SG1.4_10M.classified_gc_rl.tsv.gz
97,219,ZAF001.A0103.SG1.4_10M.classified_gc_rl.tsv.gz
98,222,ZAF001.A0103.SG1.4_10M.classified_gc_rl.tsv.gz
99,210,ZAF001.A0103.SG1.4_10M.classified_gc_rl.tsv.gz
100,210,ZAF001.A0103.SG1.4_10M.classified_gc_rl.tsv.gz
101,220,ZAF001.A0103.SG1.4_10M.classified_gc_rl.tsv.gz
102,198,ZAF001.A0103.SG1.4_10M.classified_gc_rl.tsv.gz
103,191,ZAF001.A0103.SG1.4_10M.classified_gc_rl.tsv.gz
104,176,ZAF001.A0103.SG1.4_10M.classified_gc_rl.tsv.gz
105,159,ZAF001.A0103.SG1.4_10M.classified_gc_rl.tsv.gz
106,182,ZAF001.A0103.SG1.4_10M.classified_gc_rl.tsv.gz
107,151,ZAF001.A0103.SG1.4_10M.classified_gc_rl.tsv.gz
108,158,ZAF001.A0103.SG1.4_10M.classified_gc_rl.tsv.gz
109,150,ZAF001.A0103.SG1.4_10M.classified_gc_rl.tsv.gz
110,152,ZAF001.A0103.SG1.4_10M.classified_gc_rl.tsv.gz
111,128,ZAF001.A0103.SG1.4_10M.classified_gc_rl.tsv.gz
112,142,ZAF001.A0103.SG1.4_10M.classified_gc_rl.tsv.gz
113,137,ZAF001.A0103.SG1.4_10M.classified_gc_rl.tsv.gz
114,114,ZAF001.A0103.SG1.4_10M.classified_gc_rl.tsv.gz
115,112,ZAF001.A0103.SG1.4_10M.classified_gc_rl.tsv.gz
116,118,ZAF001.A0103.SG1.4_10M.classified_gc_rl.tsv.gz
117,110,ZAF001.A0103.SG1.4_10M.classified_gc_rl.tsv.gz
118,117,ZAF001.A0103.SG1.4_10M.classified_gc_rl.tsv.gz
119,101,ZAF001.A0103.SG1.4_10M.classified_gc_rl.tsv.gz
120,99,ZAF001.A0103.SG1.4_10M.classified_gc_rl.tsv.gz
121,95,ZAF001.A0103.SG1.4_10M.classified_gc_rl.tsv.gz
122,92,ZAF001.A0103.SG1.4_10M.classified_gc_rl.tsv.gz
123,87,ZAF001.A0103.SG1.4_10M.classified_gc_rl.tsv.gz
124,70,ZAF001.A0103.SG1.4_10M.classified_gc_rl.tsv.gz
125,82,ZAF001.A0103.SG1.4_10M.classified_gc_rl.tsv.gz
126,89,ZAF001.A0103.SG1.4_10M.classified_gc_rl.tsv.gz
127,72,ZAF001.A0103.SG1.4_10M.classified_gc_rl.tsv.gz
128,80,ZAF001.A0103.SG1.4_10M.classified_gc_rl.tsv.gz
129,72,ZAF001.A0103.SG1.4_10M.classified_gc_rl.tsv.gz
130,63,ZAF001.A0103.SG1.4_10M.classified_gc_rl.tsv.gz
131,85,ZAF001.A0103.SG1.4_10M.classified_gc_rl.tsv.gz
132,62,ZAF001.A0103.SG1.4_10M.classified_gc_rl.tsv.gz
133,71,ZAF001.A0103.SG1.4_10M.classified_gc_rl.tsv.gz
134,68,ZAF001.A0103.SG1.4_10M.classified_gc_rl.tsv.gz
135,61,ZAF001.A0103.SG1.4_10M.classified_gc_rl.tsv.gz
136,73,ZAF001.A0103.SG1.4_10M.classified_gc_rl.tsv.gz
137,48,ZAF001.A0103.SG1.4_10M.classified_gc_rl.tsv.gz
138,49,ZAF001.A0103.SG1.4_10M.classified_gc_rl.tsv.gz
139,66,ZAF001.A0103.SG1.4_10M.classified_gc_rl.tsv.gz
140,75,ZAF001.A0103.SG1.4_10M.classified_gc_rl.tsv.gz
141,61,ZAF001.A0103.SG1.4_10M.classified_gc_rl.tsv.gz
