gc_bin,counts_gc,Study
"[0,1]",1,BAN001.A0101.SG1.1_10M.classified_gc_rl.tsv.gz
"(1,2]",1,BAN001.A0101.SG1.1_10M.classified_gc_rl.tsv.gz
"(2,3]",1,BAN001.A0101.SG1.1_10M.classified_gc_rl.tsv.gz
"(3,4]",1,BAN001.A0101.SG1.1_10M.classified_gc_rl.tsv.gz
"(4,5]",2,BAN001.A0101.SG1.1_10M.classified_gc_rl.tsv.gz
"(5,6]",4,BAN001.A0101.SG1.1_10M.classified_gc_rl.tsv.gz
"(6,7]",3,BAN001.A0101.SG1.1_10M.classified_gc_rl.tsv.gz
"(7,8]",1,BAN001.A0101.SG1.1_10M.classified_gc_rl.tsv.gz
"(8,9]",4,BAN001.A0101.SG1.1_10M.classified_gc_rl.tsv.gz
"(9,10]",3,BAN001.A0101.SG1.1_10M.classified_gc_rl.tsv.gz
"(11,12]",10,BAN001.A0101.SG1.1_10M.classified_gc_rl.tsv.gz
"(12,13]",6,BAN001.A0101.SG1.1_10M.classified_gc_rl.tsv.gz
"(13,14]",21,BAN001.A0101.SG1.1_10M.classified_gc_rl.tsv.gz
"(14,15]",27,BAN001.A0101.SG1.1_10M.classified_gc_rl.tsv.gz
"(15,16]",49,BAN001.A0101.SG1.1_10M.classified_gc_rl.tsv.gz
"(16,17]",103,BAN001.A0101.SG1.1_10M.classified_gc_rl.tsv.gz
"(17,18]",131,BAN001.A0101.SG1.1_10M.classified_gc_rl.tsv.gz
"(18,19]",189,BAN001.A0101.SG1.1_10M.classified_gc_rl.tsv.gz
"(19,20]",370,BAN001.A0101.SG1.1_10M.classified_gc_rl.tsv.gz
"(20,21]",390,BAN001.A0101.SG1.1_10M.classified_gc_rl.tsv.gz
"(21,22]",659,BAN001.A0101.SG1.1_10M.classified_gc_rl.tsv.gz
"(22,23]",811,BAN001.A0101.SG1.1_10M.classified_gc_rl.tsv.gz
"(23,24]",1105,BAN001.A0101.SG1.1_10M.classified_gc_rl.tsv.gz
"(24,25]",1522,BAN001.A0101.SG1.1_10M.classified_gc_rl.tsv.gz
"(25,26]",1248,BAN001.A0101.SG1.1_10M.classified_gc_rl.tsv.gz
"(26,27]",1957,BAN001.A0101.SG1.1_10M.classified_gc_rl.tsv.gz
"(27,28]",2656,BAN001.A0101.SG1.1_10M.classified_gc_rl.tsv.gz
"(28,29]",2843,BAN001.A0101.SG1.1_10M.classified_gc_rl.tsv.gz
"(29,30]",3399,BAN001.A0101.SG1.1_10M.classified_gc_rl.tsv.gz
"(30,31]",3664,BAN001.A0101.SG1.1_10M.classified_gc_rl.tsv.gz
"(31,32]",4276,BAN001.A0101.SG1.1_10M.classified_gc_rl.tsv.gz
"(32,33]",4582,BAN001.A0101.SG1.1_10M.classified_gc_rl.tsv.gz
"(33,34]",4511,BAN001.A0101.SG1.1_10M.classified_gc_rl.tsv.gz
"(34,35]",4974,BAN001.A0101.SG1.1_10M.classified_gc_rl.tsv.gz
"(35,36]",5085,BAN001.A0101.SG1.1_10M.classified_gc_rl.tsv.gz
"(36,37]",5308,BAN001.A0101.SG1.1_10M.classified_gc_rl.tsv.gz
"(37,38]",5113,BAN001.A0101.SG1.1_10M.classified_gc_rl.tsv.gz
"(38,39]",5864,BAN001.A0101.SG1.1_10M.classified_gc_rl.tsv.gz
"(39,40]",6889,BAN001.A0101.SG1.1_10M.classified_gc_rl.tsv.gz
"(40,41]",5161,BAN001.A0101.SG1.1_10M.classified_gc_rl.tsv.gz
"(41,42]",6256,BAN001.A0101.SG1.1_10M.classified_gc_rl.tsv.gz
"(42,43]",5846,BAN001.A0101.SG1.1_10M.classified_gc_rl.tsv.gz
"(43,44]",6471,BAN001.A0101.SG1.1_10M.classified_gc_rl.tsv.gz
"(44,45]",6077,BAN001.A0101.SG1.1_10M.classified_gc_rl.tsv.gz
"(45,46]",5460,BAN001.A0101.SG1.1_10M.classified_gc_rl.tsv.gz
"(46,47]",5876,BAN001.A0101.SG1.1_10M.classified_gc_rl.tsv.gz
"(47,48]",6253,BAN001.A0101.SG1.1_10M.classified_gc_rl.tsv.gz
"(48,49]",5591,BAN001.A0101.SG1.1_10M.classified_gc_rl.tsv.gz
"(49,50]",7988,BAN001.A0101.SG1.1_10M.classified_gc_rl.tsv.gz
"(50,51]",3174,BAN001.A0101.SG1.1_10M.classified_gc_rl.tsv.gz
"(51,52]",6265,BAN001.A0101.SG1.1_10M.classified_gc_rl.tsv.gz
"(52,53]",5984,BAN001.A0101.SG1.1_10M.classified_gc_rl.tsv.gz
"(53,54]",6210,BAN001.A0101.SG1.1_10M.classified_gc_rl.tsv.gz
"(54,55]",5965,BAN001.A0101.SG1.1_10M.classified_gc_rl.tsv.gz
"(55,56]",5860,BAN001.A0101.SG1.1_10M.classified_gc_rl.tsv.gz
"(56,57]",6059,BAN001.A0101.SG1.1_10M.classified_gc_rl.tsv.gz
"(57,58]",5942,BAN001.A0101.SG1.1_10M.classified_gc_rl.tsv.gz
"(58,59]",5464,BAN001.A0101.SG1.1_10M.classified_gc_rl.tsv.gz
"(59,60]",6762,BAN001.A0101.SG1.1_10M.classified_gc_rl.tsv.gz
"(60,61]",4618,BAN001.A0101.SG1.1_10M.classified_gc_rl.tsv.gz
"(61,62]",5276,BAN001.A0101.SG1.1_10M.classified_gc_rl.tsv.gz
"(62,63]",4692,BAN001.A0101.SG1.1_10M.classified_gc_rl.tsv.gz
"(63,64]",4889,BAN001.A0101.SG1.1_10M.classified_gc_rl.tsv.gz
"(64,65]",4445,BAN001.A0101.SG1.1_10M.classified_gc_rl.tsv.gz
"(65,66]",4152,BAN001.A0101.SG1.1_10M.classified_gc_rl.tsv.gz
"(66,67]",3466,BAN001.A0101.SG1.1_10M.classified_gc_rl.tsv.gz
"(67,68]",3761,BAN001.A0101.SG1.1_10M.classified_gc_rl.tsv.gz
"(68,69]",3010,BAN001.A0101.SG1.1_10M.classified_gc_rl.tsv.gz
"(69,70]",3121,BAN001.A0101.SG1.1_10M.classified_gc_rl.tsv.gz
"(70,71]",2146,BAN001.A0101.SG1.1_10M.classified_gc_rl.tsv.gz
"(71,72]",2226,BAN001.A0101.SG1.1_10M.classified_gc_rl.tsv.gz
"(72,73]",1796,BAN001.A0101.SG1.1_10M.classified_gc_rl.tsv.gz
"(73,74]",1675,BAN001.A0101.SG1.1_10M.classified_gc_rl.tsv.gz
"(74,75]",1467,BAN001.A0101.SG1.1_10M.classified_gc_rl.tsv.gz
"(75,76]",766,BAN001.A0101.SG1.1_10M.classified_gc_rl.tsv.gz
"(76,77]",709,BAN001.A0101.SG1.1_10M.classified_gc_rl.tsv.gz
"(77,78]",582,BAN001.A0101.SG1.1_10M.classified_gc_rl.tsv.gz
"(78,79]",410,BAN001.A0101.SG1.1_10M.classified_gc_rl.tsv.gz
"(79,80]",295,BAN001.A0101.SG1.1_10M.classified_gc_rl.tsv.gz
"(80,81]",158,BAN001.A0101.SG1.1_10M.classified_gc_rl.tsv.gz
"(81,82]",164,BAN001.A0101.SG1.1_10M.classified_gc_rl.tsv.gz
"(82,83]",106,BAN001.A0101.SG1.1_10M.classified_gc_rl.tsv.gz
"(83,84]",54,BAN001.A0101.SG1.1_10M.classified_gc_rl.tsv.gz
"(84,85]",49,BAN001.A0101.SG1.1_10M.classified_gc_rl.tsv.gz
"(85,86]",20,BAN001.A0101.SG1.1_10M.classified_gc_rl.tsv.gz
"(86,87]",22,BAN001.A0101.SG1.1_10M.classified_gc_rl.tsv.gz
"(87,88]",10,BAN001.A0101.SG1.1_10M.classified_gc_rl.tsv.gz
"(88,89]",16,BAN001.A0101.SG1.1_10M.classified_gc_rl.tsv.gz
"(89,90]",7,BAN001.A0101.SG1.1_10M.classified_gc_rl.tsv.gz
"(90,91]",10,BAN001.A0101.SG1.1_10M.classified_gc_rl.tsv.gz
"(91,92]",12,BAN001.A0101.SG1.1_10M.classified_gc_rl.tsv.gz
"(92,93]",7,BAN001.A0101.SG1.1_10M.classified_gc_rl.tsv.gz
"(93,94]",3,BAN001.A0101.SG1.1_10M.classified_gc_rl.tsv.gz
"(94,95]",5,BAN001.A0101.SG1.1_10M.classified_gc_rl.tsv.gz
"(95,96]",11,BAN001.A0101.SG1.1_10M.classified_gc_rl.tsv.gz
"(96,97]",5,BAN001.A0101.SG1.1_10M.classified_gc_rl.tsv.gz
"(97,98]",5,BAN001.A0101.SG1.1_10M.classified_gc_rl.tsv.gz
"(98,99]",12,BAN001.A0101.SG1.1_10M.classified_gc_rl.tsv.gz
"(99,100]",10,BAN001.A0101.SG1.1_10M.classified_gc_rl.tsv.gz
"[0,1]",4,BAN001.A0102.SG1.4_10M.classified_gc_rl.tsv.gz
"(1,2]",1,BAN001.A0102.SG1.4_10M.classified_gc_rl.tsv.gz
"(2,3]",7,BAN001.A0102.SG1.4_10M.classified_gc_rl.tsv.gz
"(3,4]",15,BAN001.A0102.SG1.4_10M.classified_gc_rl.tsv.gz
"(4,5]",26,BAN001.A0102.SG1.4_10M.classified_gc_rl.tsv.gz
"(5,6]",20,BAN001.A0102.SG1.4_10M.classified_gc_rl.tsv.gz
"(6,7]",40,BAN001.A0102.SG1.4_10M.classified_gc_rl.tsv.gz
"(7,8]",44,BAN001.A0102.SG1.4_10M.classified_gc_rl.tsv.gz
"(8,9]",53,BAN001.A0102.SG1.4_10M.classified_gc_rl.tsv.gz
"(9,10]",98,BAN001.A0102.SG1.4_10M.classified_gc_rl.tsv.gz
"(10,11]",115,BAN001.A0102.SG1.4_10M.classified_gc_rl.tsv.gz
"(11,12]",163,BAN001.A0102.SG1.4_10M.classified_gc_rl.tsv.gz
"(12,13]",170,BAN001.A0102.SG1.4_10M.classified_gc_rl.tsv.gz
"(13,14]",263,BAN001.A0102.SG1.4_10M.classified_gc_rl.tsv.gz
"(14,15]",298,BAN001.A0102.SG1.4_10M.classified_gc_rl.tsv.gz
"(15,16]",360,BAN001.A0102.SG1.4_10M.classified_gc_rl.tsv.gz
"(16,17]",430,BAN001.A0102.SG1.4_10M.classified_gc_rl.tsv.gz
"(17,18]",569,BAN001.A0102.SG1.4_10M.classified_gc_rl.tsv.gz
"(18,19]",615,BAN001.A0102.SG1.4_10M.classified_gc_rl.tsv.gz
"(19,20]",891,BAN001.A0102.SG1.4_10M.classified_gc_rl.tsv.gz
"(20,21]",770,BAN001.A0102.SG1.4_10M.classified_gc_rl.tsv.gz
"(21,22]",1087,BAN001.A0102.SG1.4_10M.classified_gc_rl.tsv.gz
"(22,23]",987,BAN001.A0102.SG1.4_10M.classified_gc_rl.tsv.gz
"(23,24]",1321,BAN001.A0102.SG1.4_10M.classified_gc_rl.tsv.gz
"(24,25]",1518,BAN001.A0102.SG1.4_10M.classified_gc_rl.tsv.gz
"(25,26]",1077,BAN001.A0102.SG1.4_10M.classified_gc_rl.tsv.gz
"(26,27]",1532,BAN001.A0102.SG1.4_10M.classified_gc_rl.tsv.gz
"(27,28]",1914,BAN001.A0102.SG1.4_10M.classified_gc_rl.tsv.gz
"(28,29]",1787,BAN001.A0102.SG1.4_10M.classified_gc_rl.tsv.gz
"(29,30]",2188,BAN001.A0102.SG1.4_10M.classified_gc_rl.tsv.gz
"(30,31]",2134,BAN001.A0102.SG1.4_10M.classified_gc_rl.tsv.gz
"(31,32]",2423,BAN001.A0102.SG1.4_10M.classified_gc_rl.tsv.gz
"(32,33]",2299,BAN001.A0102.SG1.4_10M.classified_gc_rl.tsv.gz
"(33,34]",2224,BAN001.A0102.SG1.4_10M.classified_gc_rl.tsv.gz
"(34,35]",2495,BAN001.A0102.SG1.4_10M.classified_gc_rl.tsv.gz
"(35,36]",2310,BAN001.A0102.SG1.4_10M.classified_gc_rl.tsv.gz
"(36,37]",2407,BAN001.A0102.SG1.4_10M.classified_gc_rl.tsv.gz
"(37,38]",2247,BAN001.A0102.SG1.4_10M.classified_gc_rl.tsv.gz
"(38,39]",2344,BAN001.A0102.SG1.4_10M.classified_gc_rl.tsv.gz
"(39,40]",2798,BAN001.A0102.SG1.4_10M.classified_gc_rl.tsv.gz
"(40,41]",1910,BAN001.A0102.SG1.4_10M.classified_gc_rl.tsv.gz
"(41,42]",2119,BAN001.A0102.SG1.4_10M.classified_gc_rl.tsv.gz
"(42,43]",2026,BAN001.A0102.SG1.4_10M.classified_gc_rl.tsv.gz
"(43,44]",2211,BAN001.A0102.SG1.4_10M.classified_gc_rl.tsv.gz
"(44,45]",2071,BAN001.A0102.SG1.4_10M.classified_gc_rl.tsv.gz
"(45,46]",1742,BAN001.A0102.SG1.4_10M.classified_gc_rl.tsv.gz
"(46,47]",1791,BAN001.A0102.SG1.4_10M.classified_gc_rl.tsv.gz
"(47,48]",1918,BAN001.A0102.SG1.4_10M.classified_gc_rl.tsv.gz
"(48,49]",1614,BAN001.A0102.SG1.4_10M.classified_gc_rl.tsv.gz
"(49,50]",2207,BAN001.A0102.SG1.4_10M.classified_gc_rl.tsv.gz
"(50,51]",553,BAN001.A0102.SG1.4_10M.classified_gc_rl.tsv.gz
"(51,52]",1714,BAN001.A0102.SG1.4_10M.classified_gc_rl.tsv.gz
"(52,53]",1547,BAN001.A0102.SG1.4_10M.classified_gc_rl.tsv.gz
"(53,54]",1408,BAN001.A0102.SG1.4_10M.classified_gc_rl.tsv.gz
"(54,55]",1389,BAN001.A0102.SG1.4_10M.classified_gc_rl.tsv.gz
"(55,56]",1219,BAN001.A0102.SG1.4_10M.classified_gc_rl.tsv.gz
"(56,57]",1361,BAN001.A0102.SG1.4_10M.classified_gc_rl.tsv.gz
"(57,58]",1258,BAN001.A0102.SG1.4_10M.classified_gc_rl.tsv.gz
"(58,59]",1134,BAN001.A0102.SG1.4_10M.classified_gc_rl.tsv.gz
"(59,60]",1305,BAN001.A0102.SG1.4_10M.classified_gc_rl.tsv.gz
"(60,61]",896,BAN001.A0102.SG1.4_10M.classified_gc_rl.tsv.gz
"(61,62]",1081,BAN001.A0102.SG1.4_10M.classified_gc_rl.tsv.gz
"(62,63]",929,BAN001.A0102.SG1.4_10M.classified_gc_rl.tsv.gz
"(63,64]",1010,BAN001.A0102.SG1.4_10M.classified_gc_rl.tsv.gz
"(64,65]",977,BAN001.A0102.SG1.4_10M.classified_gc_rl.tsv.gz
"(65,66]",874,BAN001.A0102.SG1.4_10M.classified_gc_rl.tsv.gz
"(66,67]",638,BAN001.A0102.SG1.4_10M.classified_gc_rl.tsv.gz
"(67,68]",746,BAN001.A0102.SG1.4_10M.classified_gc_rl.tsv.gz
"(68,69]",635,BAN001.A0102.SG1.4_10M.classified_gc_rl.tsv.gz
"(69,70]",686,BAN001.A0102.SG1.4_10M.classified_gc_rl.tsv.gz
"(70,71]",432,BAN001.A0102.SG1.4_10M.classified_gc_rl.tsv.gz
"(71,72]",495,BAN001.A0102.SG1.4_10M.classified_gc_rl.tsv.gz
"(72,73]",419,BAN001.A0102.SG1.4_10M.classified_gc_rl.tsv.gz
"(73,74]",325,BAN001.A0102.SG1.4_10M.classified_gc_rl.tsv.gz
"(74,75]",300,BAN001.A0102.SG1.4_10M.classified_gc_rl.tsv.gz
"(75,76]",152,BAN001.A0102.SG1.4_10M.classified_gc_rl.tsv.gz
"(76,77]",175,BAN001.A0102.SG1.4_10M.classified_gc_rl.tsv.gz
"(77,78]",118,BAN001.A0102.SG1.4_10M.classified_gc_rl.tsv.gz
"(78,79]",92,BAN001.A0102.SG1.4_10M.classified_gc_rl.tsv.gz
"(79,80]",88,BAN001.A0102.SG1.4_10M.classified_gc_rl.tsv.gz
"(80,81]",65,BAN001.A0102.SG1.4_10M.classified_gc_rl.tsv.gz
"(81,82]",52,BAN001.A0102.SG1.4_10M.classified_gc_rl.tsv.gz
"(82,83]",33,BAN001.A0102.SG1.4_10M.classified_gc_rl.tsv.gz
"(83,84]",15,BAN001.A0102.SG1.4_10M.classified_gc_rl.tsv.gz
"(84,85]",16,BAN001.A0102.SG1.4_10M.classified_gc_rl.tsv.gz
"(85,86]",4,BAN001.A0102.SG1.4_10M.classified_gc_rl.tsv.gz
"(86,87]",4,BAN001.A0102.SG1.4_10M.classified_gc_rl.tsv.gz
"(88,89]",1,BAN001.A0102.SG1.4_10M.classified_gc_rl.tsv.gz
"(89,90]",2,BAN001.A0102.SG1.4_10M.classified_gc_rl.tsv.gz
"(99,100]",1,BAN001.A0102.SG1.4_10M.classified_gc_rl.tsv.gz
"(6,7]",1,CDM019.A0101.SG1.1_10M.classified_gc_rl.tsv.gz
"(7,8]",2,CDM019.A0101.SG1.1_10M.classified_gc_rl.tsv.gz
"(9,10]",1,CDM019.A0101.SG1.1_10M.classified_gc_rl.tsv.gz
"(10,11]",2,CDM019.A0101.SG1.1_10M.classified_gc_rl.tsv.gz
"(11,12]",2,CDM019.A0101.SG1.1_10M.classified_gc_rl.tsv.gz
"(12,13]",11,CDM019.A0101.SG1.1_10M.classified_gc_rl.tsv.gz
"(13,14]",19,CDM019.A0101.SG1.1_10M.classified_gc_rl.tsv.gz
"(14,15]",41,CDM019.A0101.SG1.1_10M.classified_gc_rl.tsv.gz
"(15,16]",48,CDM019.A0101.SG1.1_10M.classified_gc_rl.tsv.gz
"(16,17]",92,CDM019.A0101.SG1.1_10M.classified_gc_rl.tsv.gz
"(17,18]",190,CDM019.A0101.SG1.1_10M.classified_gc_rl.tsv.gz
"(18,19]",235,CDM019.A0101.SG1.1_10M.classified_gc_rl.tsv.gz
"(19,20]",487,CDM019.A0101.SG1.1_10M.classified_gc_rl.tsv.gz
"(20,21]",541,CDM019.A0101.SG1.1_10M.classified_gc_rl.tsv.gz
"(21,22]",948,CDM019.A0101.SG1.1_10M.classified_gc_rl.tsv.gz
"(22,23]",1175,CDM019.A0101.SG1.1_10M.classified_gc_rl.tsv.gz
"(23,24]",1707,CDM019.A0101.SG1.1_10M.classified_gc_rl.tsv.gz
"(24,25]",2593,CDM019.A0101.SG1.1_10M.classified_gc_rl.tsv.gz
"(25,26]",2133,CDM019.A0101.SG1.1_10M.classified_gc_rl.tsv.gz
"(26,27]",3450,CDM019.A0101.SG1.1_10M.classified_gc_rl.tsv.gz
"(27,28]",4637,CDM019.A0101.SG1.1_10M.classified_gc_rl.tsv.gz
"(28,29]",5208,CDM019.A0101.SG1.1_10M.classified_gc_rl.tsv.gz
"(29,30]",6921,CDM019.A0101.SG1.1_10M.classified_gc_rl.tsv.gz
"(30,31]",7646,CDM019.A0101.SG1.1_10M.classified_gc_rl.tsv.gz
"(31,32]",9949,CDM019.A0101.SG1.1_10M.classified_gc_rl.tsv.gz
"(32,33]",11535,CDM019.A0101.SG1.1_10M.classified_gc_rl.tsv.gz
"(33,34]",12553,CDM019.A0101.SG1.1_10M.classified_gc_rl.tsv.gz
"(34,35]",15877,CDM019.A0101.SG1.1_10M.classified_gc_rl.tsv.gz
"(35,36]",18130,CDM019.A0101.SG1.1_10M.classified_gc_rl.tsv.gz
"(36,37]",20346,CDM019.A0101.SG1.1_10M.classified_gc_rl.tsv.gz
"(37,38]",22007,CDM019.A0101.SG1.1_10M.classified_gc_rl.tsv.gz
"(38,39]",26260,CDM019.A0101.SG1.1_10M.classified_gc_rl.tsv.gz
"(39,40]",34584,CDM019.A0101.SG1.1_10M.classified_gc_rl.tsv.gz
"(40,41]",29387,CDM019.A0101.SG1.1_10M.classified_gc_rl.tsv.gz
"(41,42]",35290,CDM019.A0101.SG1.1_10M.classified_gc_rl.tsv.gz
"(42,43]",40719,CDM019.A0101.SG1.1_10M.classified_gc_rl.tsv.gz
"(43,44]",48394,CDM019.A0101.SG1.1_10M.classified_gc_rl.tsv.gz
"(44,45]",50599,CDM019.A0101.SG1.1_10M.classified_gc_rl.tsv.gz
"(45,46]",49533,CDM019.A0101.SG1.1_10M.classified_gc_rl.tsv.gz
"(46,47]",59929,CDM019.A0101.SG1.1_10M.classified_gc_rl.tsv.gz
"(47,48]",67354,CDM019.A0101.SG1.1_10M.classified_gc_rl.tsv.gz
"(48,49]",67435,CDM019.A0101.SG1.1_10M.classified_gc_rl.tsv.gz
"(49,50]",103196,CDM019.A0101.SG1.1_10M.classified_gc_rl.tsv.gz
"(50,51]",49471,CDM019.A0101.SG1.1_10M.classified_gc_rl.tsv.gz
"(51,52]",89911,CDM019.A0101.SG1.1_10M.classified_gc_rl.tsv.gz
"(52,53]",92394,CDM019.A0101.SG1.1_10M.classified_gc_rl.tsv.gz
"(53,54]",106387,CDM019.A0101.SG1.1_10M.classified_gc_rl.tsv.gz
"(54,55]",103035,CDM019.A0101.SG1.1_10M.classified_gc_rl.tsv.gz
"(55,56]",120142,CDM019.A0101.SG1.1_10M.classified_gc_rl.tsv.gz
"(56,57]",128899,CDM019.A0101.SG1.1_10M.classified_gc_rl.tsv.gz
"(57,58]",141134,CDM019.A0101.SG1.1_10M.classified_gc_rl.tsv.gz
"(58,59]",132163,CDM019.A0101.SG1.1_10M.classified_gc_rl.tsv.gz
"(59,60]",178848,CDM019.A0101.SG1.1_10M.classified_gc_rl.tsv.gz
"(60,61]",142463,CDM019.A0101.SG1.1_10M.classified_gc_rl.tsv.gz
"(61,62]",173122,CDM019.A0101.SG1.1_10M.classified_gc_rl.tsv.gz
"(62,63]",149567,CDM019.A0101.SG1.1_10M.classified_gc_rl.tsv.gz
"(63,64]",178266,CDM019.A0101.SG1.1_10M.classified_gc_rl.tsv.gz
"(64,65]",168978,CDM019.A0101.SG1.1_10M.classified_gc_rl.tsv.gz
"(65,66]",162921,CDM019.A0101.SG1.1_10M.classified_gc_rl.tsv.gz
"(66,67]",132686,CDM019.A0101.SG1.1_10M.classified_gc_rl.tsv.gz
"(67,68]",153847,CDM019.A0101.SG1.1_10M.classified_gc_rl.tsv.gz
"(68,69]",130879,CDM019.A0101.SG1.1_10M.classified_gc_rl.tsv.gz
"(69,70]",132544,CDM019.A0101.SG1.1_10M.classified_gc_rl.tsv.gz
"(70,71]",90084,CDM019.A0101.SG1.1_10M.classified_gc_rl.tsv.gz
"(71,72]",100944,CDM019.A0101.SG1.1_10M.classified_gc_rl.tsv.gz
"(72,73]",82135,CDM019.A0101.SG1.1_10M.classified_gc_rl.tsv.gz
"(73,74]",74216,CDM019.A0101.SG1.1_10M.classified_gc_rl.tsv.gz
"(74,75]",67981,CDM019.A0101.SG1.1_10M.classified_gc_rl.tsv.gz
"(75,76]",36576,CDM019.A0101.SG1.1_10M.classified_gc_rl.tsv.gz
"(76,77]",38924,CDM019.A0101.SG1.1_10M.classified_gc_rl.tsv.gz
"(77,78]",31870,CDM019.A0101.SG1.1_10M.classified_gc_rl.tsv.gz
"(78,79]",23279,CDM019.A0101.SG1.1_10M.classified_gc_rl.tsv.gz
"(79,80]",18747,CDM019.A0101.SG1.1_10M.classified_gc_rl.tsv.gz
"(80,81]",10367,CDM019.A0101.SG1.1_10M.classified_gc_rl.tsv.gz
"(81,82]",8786,CDM019.A0101.SG1.1_10M.classified_gc_rl.tsv.gz
"(82,83]",5953,CDM019.A0101.SG1.1_10M.classified_gc_rl.tsv.gz
"(83,84]",4103,CDM019.A0101.SG1.1_10M.classified_gc_rl.tsv.gz
"(84,85]",2824,CDM019.A0101.SG1.1_10M.classified_gc_rl.tsv.gz
"(85,86]",1582,CDM019.A0101.SG1.1_10M.classified_gc_rl.tsv.gz
"(86,87]",1160,CDM019.A0101.SG1.1_10M.classified_gc_rl.tsv.gz
"(87,88]",694,CDM019.A0101.SG1.1_10M.classified_gc_rl.tsv.gz
"(88,89]",400,CDM019.A0101.SG1.1_10M.classified_gc_rl.tsv.gz
"(89,90]",288,CDM019.A0101.SG1.1_10M.classified_gc_rl.tsv.gz
"(90,91]",131,CDM019.A0101.SG1.1_10M.classified_gc_rl.tsv.gz
"(91,92]",76,CDM019.A0101.SG1.1_10M.classified_gc_rl.tsv.gz
"(92,93]",34,CDM019.A0101.SG1.1_10M.classified_gc_rl.tsv.gz
"(93,94]",32,CDM019.A0101.SG1.1_10M.classified_gc_rl.tsv.gz
"(94,95]",21,CDM019.A0101.SG1.1_10M.classified_gc_rl.tsv.gz
"(95,96]",15,CDM019.A0101.SG1.1_10M.classified_gc_rl.tsv.gz
"(96,97]",11,CDM019.A0101.SG1.1_10M.classified_gc_rl.tsv.gz
"(97,98]",13,CDM019.A0101.SG1.1_10M.classified_gc_rl.tsv.gz
"(98,99]",16,CDM019.A0101.SG1.1_10M.classified_gc_rl.tsv.gz
"(99,100]",30,CDM019.A0101.SG1.1_10M.classified_gc_rl.tsv.gz
"(1,2]",1,CDM019.A0102.SG1.4_10M.classified_gc_rl.tsv.gz
"(3,4]",2,CDM019.A0102.SG1.4_10M.classified_gc_rl.tsv.gz
"(4,5]",8,CDM019.A0102.SG1.4_10M.classified_gc_rl.tsv.gz
"(5,6]",15,CDM019.A0102.SG1.4_10M.classified_gc_rl.tsv.gz
"(6,7]",26,CDM019.A0102.SG1.4_10M.classified_gc_rl.tsv.gz
"(7,8]",36,CDM019.A0102.SG1.4_10M.classified_gc_rl.tsv.gz
"(8,9]",53,CDM019.A0102.SG1.4_10M.classified_gc_rl.tsv.gz
"(9,10]",91,CDM019.A0102.SG1.4_10M.classified_gc_rl.tsv.gz
"(10,11]",107,CDM019.A0102.SG1.4_10M.classified_gc_rl.tsv.gz
"(11,12]",205,CDM019.A0102.SG1.4_10M.classified_gc_rl.tsv.gz
"(12,13]",334,CDM019.A0102.SG1.4_10M.classified_gc_rl.tsv.gz
"(13,14]",526,CDM019.A0102.SG1.4_10M.classified_gc_rl.tsv.gz
"(14,15]",715,CDM019.A0102.SG1.4_10M.classified_gc_rl.tsv.gz
"(15,16]",1013,CDM019.A0102.SG1.4_10M.classified_gc_rl.tsv.gz
"(16,17]",1206,CDM019.A0102.SG1.4_10M.classified_gc_rl.tsv.gz
"(17,18]",1958,CDM019.A0102.SG1.4_10M.classified_gc_rl.tsv.gz
"(18,19]",2407,CDM019.A0102.SG1.4_10M.classified_gc_rl.tsv.gz
"(19,20]",3781,CDM019.A0102.SG1.4_10M.classified_gc_rl.tsv.gz
"(20,21]",3235,CDM019.A0102.SG1.4_10M.classified_gc_rl.tsv.gz
"(21,22]",5335,CDM019.A0102.SG1.4_10M.classified_gc_rl.tsv.gz
"(22,23]",6162,CDM019.A0102.SG1.4_10M.classified_gc_rl.tsv.gz
"(23,24]",8183,CDM019.A0102.SG1.4_10M.classified_gc_rl.tsv.gz
"(24,25]",11212,CDM019.A0102.SG1.4_10M.classified_gc_rl.tsv.gz
"(25,26]",7998,CDM019.A0102.SG1.4_10M.classified_gc_rl.tsv.gz
"(26,27]",13258,CDM019.A0102.SG1.4_10M.classified_gc_rl.tsv.gz
"(27,28]",16397,CDM019.A0102.SG1.4_10M.classified_gc_rl.tsv.gz
"(28,29]",17365,CDM019.A0102.SG1.4_10M.classified_gc_rl.tsv.gz
"(29,30]",19611,CDM019.A0102.SG1.4_10M.classified_gc_rl.tsv.gz
"(30,31]",21726,CDM019.A0102.SG1.4_10M.classified_gc_rl.tsv.gz
"(31,32]",26054,CDM019.A0102.SG1.4_10M.classified_gc_rl.tsv.gz
"(32,33]",27833,CDM019.A0102.SG1.4_10M.classified_gc_rl.tsv.gz
"(33,34]",27336,CDM019.A0102.SG1.4_10M.classified_gc_rl.tsv.gz
"(34,35]",35239,CDM019.A0102.SG1.4_10M.classified_gc_rl.tsv.gz
"(35,36]",36347,CDM019.A0102.SG1.4_10M.classified_gc_rl.tsv.gz
"(36,37]",38222,CDM019.A0102.SG1.4_10M.classified_gc_rl.tsv.gz
"(37,38]",37215,CDM019.A0102.SG1.4_10M.classified_gc_rl.tsv.gz
"(38,39]",43922,CDM019.A0102.SG1.4_10M.classified_gc_rl.tsv.gz
"(39,40]",54549,CDM019.A0102.SG1.4_10M.classified_gc_rl.tsv.gz
"(40,41]",42058,CDM019.A0102.SG1.4_10M.classified_gc_rl.tsv.gz
"(41,42]",47646,CDM019.A0102.SG1.4_10M.classified_gc_rl.tsv.gz
"(42,43]",52247,CDM019.A0102.SG1.4_10M.classified_gc_rl.tsv.gz
"(43,44]",58837,CDM019.A0102.SG1.4_10M.classified_gc_rl.tsv.gz
"(44,45]",56960,CDM019.A0102.SG1.4_10M.classified_gc_rl.tsv.gz
"(45,46]",51503,CDM019.A0102.SG1.4_10M.classified_gc_rl.tsv.gz
"(46,47]",59301,CDM019.A0102.SG1.4_10M.classified_gc_rl.tsv.gz
"(47,48]",63429,CDM019.A0102.SG1.4_10M.classified_gc_rl.tsv.gz
"(48,49]",59057,CDM019.A0102.SG1.4_10M.classified_gc_rl.tsv.gz
"(49,50]",85094,CDM019.A0102.SG1.4_10M.classified_gc_rl.tsv.gz
"(50,51]",32666,CDM019.A0102.SG1.4_10M.classified_gc_rl.tsv.gz
"(51,52]",65227,CDM019.A0102.SG1.4_10M.classified_gc_rl.tsv.gz
"(52,53]",64181,CDM019.A0102.SG1.4_10M.classified_gc_rl.tsv.gz
"(53,54]",68381,CDM019.A0102.SG1.4_10M.classified_gc_rl.tsv.gz
"(54,55]",63028,CDM019.A0102.SG1.4_10M.classified_gc_rl.tsv.gz
"(55,56]",67192,CDM019.A0102.SG1.4_10M.classified_gc_rl.tsv.gz
"(56,57]",69117,CDM019.A0102.SG1.4_10M.classified_gc_rl.tsv.gz
"(57,58]",71424,CDM019.A0102.SG1.4_10M.classified_gc_rl.tsv.gz
"(58,59]",64360,CDM019.A0102.SG1.4_10M.classified_gc_rl.tsv.gz
"(59,60]",81950,CDM019.A0102.SG1.4_10M.classified_gc_rl.tsv.gz
"(60,61]",60700,CDM019.A0102.SG1.4_10M.classified_gc_rl.tsv.gz
"(61,62]",70434,CDM019.A0102.SG1.4_10M.classified_gc_rl.tsv.gz
"(62,63]",59096,CDM019.A0102.SG1.4_10M.classified_gc_rl.tsv.gz
"(63,64]",67897,CDM019.A0102.SG1.4_10M.classified_gc_rl.tsv.gz
"(64,65]",62042,CDM019.A0102.SG1.4_10M.classified_gc_rl.tsv.gz
"(65,66]",58087,CDM019.A0102.SG1.4_10M.classified_gc_rl.tsv.gz
"(66,67]",44935,CDM019.A0102.SG1.4_10M.classified_gc_rl.tsv.gz
"(67,68]",49330,CDM019.A0102.SG1.4_10M.classified_gc_rl.tsv.gz
"(68,69]",41155,CDM019.A0102.SG1.4_10M.classified_gc_rl.tsv.gz
"(69,70]",41254,CDM019.A0102.SG1.4_10M.classified_gc_rl.tsv.gz
"(70,71]",27409,CDM019.A0102.SG1.4_10M.classified_gc_rl.tsv.gz
"(71,72]",28590,CDM019.A0102.SG1.4_10M.classified_gc_rl.tsv.gz
"(72,73]",22702,CDM019.A0102.SG1.4_10M.classified_gc_rl.tsv.gz
"(73,74]",19828,CDM019.A0102.SG1.4_10M.classified_gc_rl.tsv.gz
"(74,75]",17416,CDM019.A0102.SG1.4_10M.classified_gc_rl.tsv.gz
"(75,76]",9025,CDM019.A0102.SG1.4_10M.classified_gc_rl.tsv.gz
"(76,77]",9511,CDM019.A0102.SG1.4_10M.classified_gc_rl.tsv.gz
"(77,78]",7012,CDM019.A0102.SG1.4_10M.classified_gc_rl.tsv.gz
"(78,79]",5773,CDM019.A0102.SG1.4_10M.classified_gc_rl.tsv.gz
"(79,80]",4613,CDM019.A0102.SG1.4_10M.classified_gc_rl.tsv.gz
"(80,81]",2178,CDM019.A0102.SG1.4_10M.classified_gc_rl.tsv.gz
"(81,82]",2189,CDM019.A0102.SG1.4_10M.classified_gc_rl.tsv.gz
"(82,83]",1393,CDM019.A0102.SG1.4_10M.classified_gc_rl.tsv.gz
"(83,84]",891,CDM019.A0102.SG1.4_10M.classified_gc_rl.tsv.gz
"(84,85]",717,CDM019.A0102.SG1.4_10M.classified_gc_rl.tsv.gz
"(85,86]",306,CDM019.A0102.SG1.4_10M.classified_gc_rl.tsv.gz
"(86,87]",292,CDM019.A0102.SG1.4_10M.classified_gc_rl.tsv.gz
"(87,88]",137,CDM019.A0102.SG1.4_10M.classified_gc_rl.tsv.gz
"(88,89]",56,CDM019.A0102.SG1.4_10M.classified_gc_rl.tsv.gz
"(89,90]",57,CDM019.A0102.SG1.4_10M.classified_gc_rl.tsv.gz
"(90,91]",18,CDM019.A0102.SG1.4_10M.classified_gc_rl.tsv.gz
"(91,92]",3,CDM019.A0102.SG1.4_10M.classified_gc_rl.tsv.gz
"(92,93]",5,CDM019.A0102.SG1.4_10M.classified_gc_rl.tsv.gz
"(94,95]",1,CDM019.A0102.SG1.4_10M.classified_gc_rl.tsv.gz
"(95,96]",2,CDM019.A0102.SG1.4_10M.classified_gc_rl.tsv.gz
"(98,99]",1,CDM019.A0102.SG1.4_10M.classified_gc_rl.tsv.gz
"(99,100]",2,CDM019.A0102.SG1.4_10M.classified_gc_rl.tsv.gz
"(6,7]",1,CDM020.A0101.SG1.1_10M.classified_gc_rl.tsv.gz
"(8,9]",1,CDM020.A0101.SG1.1_10M.classified_gc_rl.tsv.gz
"(9,10]",3,CDM020.A0101.SG1.1_10M.classified_gc_rl.tsv.gz
"(10,11]",4,CDM020.A0101.SG1.1_10M.classified_gc_rl.tsv.gz
"(11,12]",16,CDM020.A0101.SG1.1_10M.classified_gc_rl.tsv.gz
"(12,13]",20,CDM020.A0101.SG1.1_10M.classified_gc_rl.tsv.gz
"(13,14]",60,CDM020.A0101.SG1.1_10M.classified_gc_rl.tsv.gz
"(14,15]",121,CDM020.A0101.SG1.1_10M.classified_gc_rl.tsv.gz
"(15,16]",186,CDM020.A0101.SG1.1_10M.classified_gc_rl.tsv.gz
"(16,17]",284,CDM020.A0101.SG1.1_10M.classified_gc_rl.tsv.gz
"(17,18]",518,CDM020.A0101.SG1.1_10M.classified_gc_rl.tsv.gz
"(18,19]",700,CDM020.A0101.SG1.1_10M.classified_gc_rl.tsv.gz
"(19,20]",1308,CDM020.A0101.SG1.1_10M.classified_gc_rl.tsv.gz
"(20,21]",1351,CDM020.A0101.SG1.1_10M.classified_gc_rl.tsv.gz
"(21,22]",2196,CDM020.A0101.SG1.1_10M.classified_gc_rl.tsv.gz
"(22,23]",2747,CDM020.A0101.SG1.1_10M.classified_gc_rl.tsv.gz
"(23,24]",3821,CDM020.A0101.SG1.1_10M.classified_gc_rl.tsv.gz
"(24,25]",5672,CDM020.A0101.SG1.1_10M.classified_gc_rl.tsv.gz
"(25,26]",4531,CDM020.A0101.SG1.1_10M.classified_gc_rl.tsv.gz
"(26,27]",7112,CDM020.A0101.SG1.1_10M.classified_gc_rl.tsv.gz
"(27,28]",8962,CDM020.A0101.SG1.1_10M.classified_gc_rl.tsv.gz
"(28,29]",10144,CDM020.A0101.SG1.1_10M.classified_gc_rl.tsv.gz
"(29,30]",12358,CDM020.A0101.SG1.1_10M.classified_gc_rl.tsv.gz
"(30,31]",13182,CDM020.A0101.SG1.1_10M.classified_gc_rl.tsv.gz
"(31,32]",16970,CDM020.A0101.SG1.1_10M.classified_gc_rl.tsv.gz
"(32,33]",18396,CDM020.A0101.SG1.1_10M.classified_gc_rl.tsv.gz
"(33,34]",19521,CDM020.A0101.SG1.1_10M.classified_gc_rl.tsv.gz
"(34,35]",24477,CDM020.A0101.SG1.1_10M.classified_gc_rl.tsv.gz
"(35,36]",25961,CDM020.A0101.SG1.1_10M.classified_gc_rl.tsv.gz
"(36,37]",28638,CDM020.A0101.SG1.1_10M.classified_gc_rl.tsv.gz
"(37,38]",29852,CDM020.A0101.SG1.1_10M.classified_gc_rl.tsv.gz
"(38,39]",34306,CDM020.A0101.SG1.1_10M.classified_gc_rl.tsv.gz
"(39,40]",44185,CDM020.A0101.SG1.1_10M.classified_gc_rl.tsv.gz
"(40,41]",35500,CDM020.A0101.SG1.1_10M.classified_gc_rl.tsv.gz
"(41,42]",41349,CDM020.A0101.SG1.1_10M.classified_gc_rl.tsv.gz
"(42,43]",46361,CDM020.A0101.SG1.1_10M.classified_gc_rl.tsv.gz
"(43,44]",53080,CDM020.A0101.SG1.1_10M.classified_gc_rl.tsv.gz
"(44,45]",52679,CDM020.A0101.SG1.1_10M.classified_gc_rl.tsv.gz
"(45,46]",49522,CDM020.A0101.SG1.1_10M.classified_gc_rl.tsv.gz
"(46,47]",58794,CDM020.A0101.SG1.1_10M.classified_gc_rl.tsv.gz
"(47,48]",64488,CDM020.A0101.SG1.1_10M.classified_gc_rl.tsv.gz
"(48,49]",61711,CDM020.A0101.SG1.1_10M.classified_gc_rl.tsv.gz
"(49,50]",91113,CDM020.A0101.SG1.1_10M.classified_gc_rl.tsv.gz
"(50,51]",40414,CDM020.A0101.SG1.1_10M.classified_gc_rl.tsv.gz
"(51,52]",76516,CDM020.A0101.SG1.1_10M.classified_gc_rl.tsv.gz
"(52,53]",76720,CDM020.A0101.SG1.1_10M.classified_gc_rl.tsv.gz
"(53,54]",87953,CDM020.A0101.SG1.1_10M.classified_gc_rl.tsv.gz
"(54,55]",83695,CDM020.A0101.SG1.1_10M.classified_gc_rl.tsv.gz
"(55,56]",96813,CDM020.A0101.SG1.1_10M.classified_gc_rl.tsv.gz
"(56,57]",105046,CDM020.A0101.SG1.1_10M.classified_gc_rl.tsv.gz
"(57,58]",116713,CDM020.A0101.SG1.1_10M.classified_gc_rl.tsv.gz
"(58,59]",109726,CDM020.A0101.SG1.1_10M.classified_gc_rl.tsv.gz
"(59,60]",149851,CDM020.A0101.SG1.1_10M.classified_gc_rl.tsv.gz
"(60,61]",120578,CDM020.A0101.SG1.1_10M.classified_gc_rl.tsv.gz
"(61,62]",149232,CDM020.A0101.SG1.1_10M.classified_gc_rl.tsv.gz
"(62,63]",131721,CDM020.A0101.SG1.1_10M.classified_gc_rl.tsv.gz
"(63,64]",160010,CDM020.A0101.SG1.1_10M.classified_gc_rl.tsv.gz
"(64,65]",152603,CDM020.A0101.SG1.1_10M.classified_gc_rl.tsv.gz
"(65,66]",149418,CDM020.A0101.SG1.1_10M.classified_gc_rl.tsv.gz
"(66,67]",123153,CDM020.A0101.SG1.1_10M.classified_gc_rl.tsv.gz
"(67,68]",144453,CDM020.A0101.SG1.1_10M.classified_gc_rl.tsv.gz
"(68,69]",122236,CDM020.A0101.SG1.1_10M.classified_gc_rl.tsv.gz
"(69,70]",125471,CDM020.A0101.SG1.1_10M.classified_gc_rl.tsv.gz
"(70,71]",84273,CDM020.A0101.SG1.1_10M.classified_gc_rl.tsv.gz
"(71,72]",94517,CDM020.A0101.SG1.1_10M.classified_gc_rl.tsv.gz
"(72,73]",74987,CDM020.A0101.SG1.1_10M.classified_gc_rl.tsv.gz
"(73,74]",66873,CDM020.A0101.SG1.1_10M.classified_gc_rl.tsv.gz
"(74,75]",59102,CDM020.A0101.SG1.1_10M.classified_gc_rl.tsv.gz
"(75,76]",31047,CDM020.A0101.SG1.1_10M.classified_gc_rl.tsv.gz
"(76,77]",32430,CDM020.A0101.SG1.1_10M.classified_gc_rl.tsv.gz
"(77,78]",25367,CDM020.A0101.SG1.1_10M.classified_gc_rl.tsv.gz
"(78,79]",18255,CDM020.A0101.SG1.1_10M.classified_gc_rl.tsv.gz
"(79,80]",14694,CDM020.A0101.SG1.1_10M.classified_gc_rl.tsv.gz
"(80,81]",7614,CDM020.A0101.SG1.1_10M.classified_gc_rl.tsv.gz
"(81,82]",6854,CDM020.A0101.SG1.1_10M.classified_gc_rl.tsv.gz
"(82,83]",4433,CDM020.A0101.SG1.1_10M.classified_gc_rl.tsv.gz
"(83,84]",2929,CDM020.A0101.SG1.1_10M.classified_gc_rl.tsv.gz
"(84,85]",2094,CDM020.A0101.SG1.1_10M.classified_gc_rl.tsv.gz
"(85,86]",1064,CDM020.A0101.SG1.1_10M.classified_gc_rl.tsv.gz
"(86,87]",903,CDM020.A0101.SG1.1_10M.classified_gc_rl.tsv.gz
"(87,88]",496,CDM020.A0101.SG1.1_10M.classified_gc_rl.tsv.gz
"(88,89]",222,CDM020.A0101.SG1.1_10M.classified_gc_rl.tsv.gz
"(89,90]",193,CDM020.A0101.SG1.1_10M.classified_gc_rl.tsv.gz
"(90,91]",82,CDM020.A0101.SG1.1_10M.classified_gc_rl.tsv.gz
"(91,92]",58,CDM020.A0101.SG1.1_10M.classified_gc_rl.tsv.gz
"(92,93]",31,CDM020.A0101.SG1.1_10M.classified_gc_rl.tsv.gz
"(93,94]",30,CDM020.A0101.SG1.1_10M.classified_gc_rl.tsv.gz
"(94,95]",25,CDM020.A0101.SG1.1_10M.classified_gc_rl.tsv.gz
"(95,96]",11,CDM020.A0101.SG1.1_10M.classified_gc_rl.tsv.gz
"(96,97]",9,CDM020.A0101.SG1.1_10M.classified_gc_rl.tsv.gz
"(97,98]",13,CDM020.A0101.SG1.1_10M.classified_gc_rl.tsv.gz
"(98,99]",14,CDM020.A0101.SG1.1_10M.classified_gc_rl.tsv.gz
"(99,100]",29,CDM020.A0101.SG1.1_10M.classified_gc_rl.tsv.gz
"(1,2]",1,CDM020.A0102.SG1.4_10M.classified_gc_rl.tsv.gz
"(2,3]",1,CDM020.A0102.SG1.4_10M.classified_gc_rl.tsv.gz
"(3,4]",4,CDM020.A0102.SG1.4_10M.classified_gc_rl.tsv.gz
"(4,5]",14,CDM020.A0102.SG1.4_10M.classified_gc_rl.tsv.gz
"(5,6]",13,CDM020.A0102.SG1.4_10M.classified_gc_rl.tsv.gz
"(6,7]",23,CDM020.A0102.SG1.4_10M.classified_gc_rl.tsv.gz
"(7,8]",48,CDM020.A0102.SG1.4_10M.classified_gc_rl.tsv.gz
"(8,9]",64,CDM020.A0102.SG1.4_10M.classified_gc_rl.tsv.gz
"(9,10]",137,CDM020.A0102.SG1.4_10M.classified_gc_rl.tsv.gz
"(10,11]",189,CDM020.A0102.SG1.4_10M.classified_gc_rl.tsv.gz
"(11,12]",333,CDM020.A0102.SG1.4_10M.classified_gc_rl.tsv.gz
"(12,13]",467,CDM020.A0102.SG1.4_10M.classified_gc_rl.tsv.gz
"(13,14]",855,CDM020.A0102.SG1.4_10M.classified_gc_rl.tsv.gz
"(14,15]",1253,CDM020.A0102.SG1.4_10M.classified_gc_rl.tsv.gz
"(15,16]",1692,CDM020.A0102.SG1.4_10M.classified_gc_rl.tsv.gz
"(16,17]",2149,CDM020.A0102.SG1.4_10M.classified_gc_rl.tsv.gz
"(17,18]",3261,CDM020.A0102.SG1.4_10M.classified_gc_rl.tsv.gz
"(18,19]",4087,CDM020.A0102.SG1.4_10M.classified_gc_rl.tsv.gz
"(19,20]",6269,CDM020.A0102.SG1.4_10M.classified_gc_rl.tsv.gz
"(20,21]",5345,CDM020.A0102.SG1.4_10M.classified_gc_rl.tsv.gz
"(21,22]",8639,CDM020.A0102.SG1.4_10M.classified_gc_rl.tsv.gz
"(22,23]",9925,CDM020.A0102.SG1.4_10M.classified_gc_rl.tsv.gz
"(23,24]",12941,CDM020.A0102.SG1.4_10M.classified_gc_rl.tsv.gz
"(24,25]",17067,CDM020.A0102.SG1.4_10M.classified_gc_rl.tsv.gz
"(25,26]",12509,CDM020.A0102.SG1.4_10M.classified_gc_rl.tsv.gz
"(26,27]",19287,CDM020.A0102.SG1.4_10M.classified_gc_rl.tsv.gz
"(27,28]",23518,CDM020.A0102.SG1.4_10M.classified_gc_rl.tsv.gz
"(28,29]",24409,CDM020.A0102.SG1.4_10M.classified_gc_rl.tsv.gz
"(29,30]",27470,CDM020.A0102.SG1.4_10M.classified_gc_rl.tsv.gz
"(30,31]",29594,CDM020.A0102.SG1.4_10M.classified_gc_rl.tsv.gz
"(31,32]",35141,CDM020.A0102.SG1.4_10M.classified_gc_rl.tsv.gz
"(32,33]",36568,CDM020.A0102.SG1.4_10M.classified_gc_rl.tsv.gz
"(33,34]",35434,CDM020.A0102.SG1.4_10M.classified_gc_rl.tsv.gz
"(34,35]",44673,CDM020.A0102.SG1.4_10M.classified_gc_rl.tsv.gz
"(35,36]",45148,CDM020.A0102.SG1.4_10M.classified_gc_rl.tsv.gz
"(36,37]",46642,CDM020.A0102.SG1.4_10M.classified_gc_rl.tsv.gz
"(37,38]",45670,CDM020.A0102.SG1.4_10M.classified_gc_rl.tsv.gz
"(38,39]",51521,CDM020.A0102.SG1.4_10M.classified_gc_rl.tsv.gz
"(39,40]",63003,CDM020.A0102.SG1.4_10M.classified_gc_rl.tsv.gz
"(40,41]",47251,CDM020.A0102.SG1.4_10M.classified_gc_rl.tsv.gz
"(41,42]",53013,CDM020.A0102.SG1.4_10M.classified_gc_rl.tsv.gz
"(42,43]",56943,CDM020.A0102.SG1.4_10M.classified_gc_rl.tsv.gz
"(43,44]",62606,CDM020.A0102.SG1.4_10M.classified_gc_rl.tsv.gz
"(44,45]",58883,CDM020.A0102.SG1.4_10M.classified_gc_rl.tsv.gz
"(45,46]",52766,CDM020.A0102.SG1.4_10M.classified_gc_rl.tsv.gz
"(46,47]",57776,CDM020.A0102.SG1.4_10M.classified_gc_rl.tsv.gz
"(47,48]",61205,CDM020.A0102.SG1.4_10M.classified_gc_rl.tsv.gz
"(48,49]",55061,CDM020.A0102.SG1.4_10M.classified_gc_rl.tsv.gz
"(49,50]",77465,CDM020.A0102.SG1.4_10M.classified_gc_rl.tsv.gz
"(50,51]",29301,CDM020.A0102.SG1.4_10M.classified_gc_rl.tsv.gz
"(51,52]",57353,CDM020.A0102.SG1.4_10M.classified_gc_rl.tsv.gz
"(52,53]",55720,CDM020.A0102.SG1.4_10M.classified_gc_rl.tsv.gz
"(53,54]",59024,CDM020.A0102.SG1.4_10M.classified_gc_rl.tsv.gz
"(54,55]",55164,CDM020.A0102.SG1.4_10M.classified_gc_rl.tsv.gz
"(55,56]",57188,CDM020.A0102.SG1.4_10M.classified_gc_rl.tsv.gz
"(56,57]",59498,CDM020.A0102.SG1.4_10M.classified_gc_rl.tsv.gz
"(57,58]",62125,CDM020.A0102.SG1.4_10M.classified_gc_rl.tsv.gz
"(58,59]",57112,CDM020.A0102.SG1.4_10M.classified_gc_rl.tsv.gz
"(59,60]",72831,CDM020.A0102.SG1.4_10M.classified_gc_rl.tsv.gz
"(60,61]",53708,CDM020.A0102.SG1.4_10M.classified_gc_rl.tsv.gz
"(61,62]",64571,CDM020.A0102.SG1.4_10M.classified_gc_rl.tsv.gz
"(62,63]",55765,CDM020.A0102.SG1.4_10M.classified_gc_rl.tsv.gz
"(63,64]",63281,CDM020.A0102.SG1.4_10M.classified_gc_rl.tsv.gz
"(64,65]",58480,CDM020.A0102.SG1.4_10M.classified_gc_rl.tsv.gz
"(65,66]",55473,CDM020.A0102.SG1.4_10M.classified_gc_rl.tsv.gz
"(66,67]",44498,CDM020.A0102.SG1.4_10M.classified_gc_rl.tsv.gz
"(67,68]",47039,CDM020.A0102.SG1.4_10M.classified_gc_rl.tsv.gz
"(68,69]",39520,CDM020.A0102.SG1.4_10M.classified_gc_rl.tsv.gz
"(69,70]",39473,CDM020.A0102.SG1.4_10M.classified_gc_rl.tsv.gz
"(70,71]",26166,CDM020.A0102.SG1.4_10M.classified_gc_rl.tsv.gz
"(71,72]",26785,CDM020.A0102.SG1.4_10M.classified_gc_rl.tsv.gz
"(72,73]",20921,CDM020.A0102.SG1.4_10M.classified_gc_rl.tsv.gz
"(73,74]",17482,CDM020.A0102.SG1.4_10M.classified_gc_rl.tsv.gz
"(74,75]",15277,CDM020.A0102.SG1.4_10M.classified_gc_rl.tsv.gz
"(75,76]",7841,CDM020.A0102.SG1.4_10M.classified_gc_rl.tsv.gz
"(76,77]",7984,CDM020.A0102.SG1.4_10M.classified_gc_rl.tsv.gz
"(77,78]",5819,CDM020.A0102.SG1.4_10M.classified_gc_rl.tsv.gz
"(78,79]",4574,CDM020.A0102.SG1.4_10M.classified_gc_rl.tsv.gz
"(79,80]",3623,CDM020.A0102.SG1.4_10M.classified_gc_rl.tsv.gz
"(80,81]",1715,CDM020.A0102.SG1.4_10M.classified_gc_rl.tsv.gz
"(81,82]",1531,CDM020.A0102.SG1.4_10M.classified_gc_rl.tsv.gz
"(82,83]",1047,CDM020.A0102.SG1.4_10M.classified_gc_rl.tsv.gz
"(83,84]",577,CDM020.A0102.SG1.4_10M.classified_gc_rl.tsv.gz
"(84,85]",535,CDM020.A0102.SG1.4_10M.classified_gc_rl.tsv.gz
"(85,86]",175,CDM020.A0102.SG1.4_10M.classified_gc_rl.tsv.gz
"(86,87]",191,CDM020.A0102.SG1.4_10M.classified_gc_rl.tsv.gz
"(87,88]",95,CDM020.A0102.SG1.4_10M.classified_gc_rl.tsv.gz
"(88,89]",30,CDM020.A0102.SG1.4_10M.classified_gc_rl.tsv.gz
"(89,90]",36,CDM020.A0102.SG1.4_10M.classified_gc_rl.tsv.gz
"(90,91]",5,CDM020.A0102.SG1.4_10M.classified_gc_rl.tsv.gz
"(91,92]",5,CDM020.A0102.SG1.4_10M.classified_gc_rl.tsv.gz
"(92,93]",5,CDM020.A0102.SG1.4_10M.classified_gc_rl.tsv.gz
"(94,95]",1,CDM020.A0102.SG1.4_10M.classified_gc_rl.tsv.gz
"(95,96]",1,CDM020.A0102.SG1.4_10M.classified_gc_rl.tsv.gz
"(98,99]",3,CDM020.A0102.SG1.4_10M.classified_gc_rl.tsv.gz
"(99,100]",8,CDM020.A0102.SG1.4_10M.classified_gc_rl.tsv.gz
"[0,1]",1,FUM001.A0101.SG1.1_10M.classified_gc_rl.tsv.gz
"(1,2]",2,FUM001.A0101.SG1.1_10M.classified_gc_rl.tsv.gz
"(3,4]",2,FUM001.A0101.SG1.1_10M.classified_gc_rl.tsv.gz
"(4,5]",2,FUM001.A0101.SG1.1_10M.classified_gc_rl.tsv.gz
"(5,6]",4,FUM001.A0101.SG1.1_10M.classified_gc_rl.tsv.gz
"(7,8]",3,FUM001.A0101.SG1.1_10M.classified_gc_rl.tsv.gz
"(9,10]",2,FUM001.A0101.SG1.1_10M.classified_gc_rl.tsv.gz
"(10,11]",6,FUM001.A0101.SG1.1_10M.classified_gc_rl.tsv.gz
"(11,12]",13,FUM001.A0101.SG1.1_10M.classified_gc_rl.tsv.gz
"(12,13]",10,FUM001.A0101.SG1.1_10M.classified_gc_rl.tsv.gz
"(13,14]",18,FUM001.A0101.SG1.1_10M.classified_gc_rl.tsv.gz
"(14,15]",22,FUM001.A0101.SG1.1_10M.classified_gc_rl.tsv.gz
"(15,16]",42,FUM001.A0101.SG1.1_10M.classified_gc_rl.tsv.gz
"(16,17]",79,FUM001.A0101.SG1.1_10M.classified_gc_rl.tsv.gz
"(17,18]",153,FUM001.A0101.SG1.1_10M.classified_gc_rl.tsv.gz
"(18,19]",267,FUM001.A0101.SG1.1_10M.classified_gc_rl.tsv.gz
"(19,20]",416,FUM001.A0101.SG1.1_10M.classified_gc_rl.tsv.gz
"(20,21]",400,FUM001.A0101.SG1.1_10M.classified_gc_rl.tsv.gz
"(21,22]",815,FUM001.A0101.SG1.1_10M.classified_gc_rl.tsv.gz
"(22,23]",984,FUM001.A0101.SG1.1_10M.classified_gc_rl.tsv.gz
"(23,24]",1574,FUM001.A0101.SG1.1_10M.classified_gc_rl.tsv.gz
"(24,25]",2159,FUM001.A0101.SG1.1_10M.classified_gc_rl.tsv.gz
"(25,26]",1792,FUM001.A0101.SG1.1_10M.classified_gc_rl.tsv.gz
"(26,27]",3031,FUM001.A0101.SG1.1_10M.classified_gc_rl.tsv.gz
"(27,28]",3808,FUM001.A0101.SG1.1_10M.classified_gc_rl.tsv.gz
"(28,29]",4243,FUM001.A0101.SG1.1_10M.classified_gc_rl.tsv.gz
"(29,30]",4827,FUM001.A0101.SG1.1_10M.classified_gc_rl.tsv.gz
"(30,31]",5747,FUM001.A0101.SG1.1_10M.classified_gc_rl.tsv.gz
"(31,32]",7412,FUM001.A0101.SG1.1_10M.classified_gc_rl.tsv.gz
"(32,33]",7999,FUM001.A0101.SG1.1_10M.classified_gc_rl.tsv.gz
"(33,34]",7924,FUM001.A0101.SG1.1_10M.classified_gc_rl.tsv.gz
"(34,35]",10311,FUM001.A0101.SG1.1_10M.classified_gc_rl.tsv.gz
"(35,36]",11516,FUM001.A0101.SG1.1_10M.classified_gc_rl.tsv.gz
"(36,37]",11845,FUM001.A0101.SG1.1_10M.classified_gc_rl.tsv.gz
"(37,38]",11907,FUM001.A0101.SG1.1_10M.classified_gc_rl.tsv.gz
"(38,39]",13485,FUM001.A0101.SG1.1_10M.classified_gc_rl.tsv.gz
"(39,40]",16624,FUM001.A0101.SG1.1_10M.classified_gc_rl.tsv.gz
"(40,41]",12897,FUM001.A0101.SG1.1_10M.classified_gc_rl.tsv.gz
"(41,42]",15397,FUM001.A0101.SG1.1_10M.classified_gc_rl.tsv.gz
"(42,43]",17022,FUM001.A0101.SG1.1_10M.classified_gc_rl.tsv.gz
"(43,44]",18791,FUM001.A0101.SG1.1_10M.classified_gc_rl.tsv.gz
"(44,45]",18870,FUM001.A0101.SG1.1_10M.classified_gc_rl.tsv.gz
"(45,46]",17750,FUM001.A0101.SG1.1_10M.classified_gc_rl.tsv.gz
"(46,47]",20931,FUM001.A0101.SG1.1_10M.classified_gc_rl.tsv.gz
"(47,48]",23001,FUM001.A0101.SG1.1_10M.classified_gc_rl.tsv.gz
"(48,49]",22207,FUM001.A0101.SG1.1_10M.classified_gc_rl.tsv.gz
"(49,50]",34244,FUM001.A0101.SG1.1_10M.classified_gc_rl.tsv.gz
"(50,51]",13780,FUM001.A0101.SG1.1_10M.classified_gc_rl.tsv.gz
"(51,52]",28805,FUM001.A0101.SG1.1_10M.classified_gc_rl.tsv.gz
"(52,53]",31058,FUM001.A0101.SG1.1_10M.classified_gc_rl.tsv.gz
"(53,54]",36457,FUM001.A0101.SG1.1_10M.classified_gc_rl.tsv.gz
"(54,55]",35953,FUM001.A0101.SG1.1_10M.classified_gc_rl.tsv.gz
"(55,56]",41847,FUM001.A0101.SG1.1_10M.classified_gc_rl.tsv.gz
"(56,57]",47176,FUM001.A0101.SG1.1_10M.classified_gc_rl.tsv.gz
"(57,58]",54133,FUM001.A0101.SG1.1_10M.classified_gc_rl.tsv.gz
"(58,59]",51905,FUM001.A0101.SG1.1_10M.classified_gc_rl.tsv.gz
"(59,60]",71240,FUM001.A0101.SG1.1_10M.classified_gc_rl.tsv.gz
"(60,61]",57372,FUM001.A0101.SG1.1_10M.classified_gc_rl.tsv.gz
"(61,62]",70218,FUM001.A0101.SG1.1_10M.classified_gc_rl.tsv.gz
"(62,63]",61540,FUM001.A0101.SG1.1_10M.classified_gc_rl.tsv.gz
"(63,64]",74004,FUM001.A0101.SG1.1_10M.classified_gc_rl.tsv.gz
"(64,65]",71478,FUM001.A0101.SG1.1_10M.classified_gc_rl.tsv.gz
"(65,66]",68567,FUM001.A0101.SG1.1_10M.classified_gc_rl.tsv.gz
"(66,67]",56832,FUM001.A0101.SG1.1_10M.classified_gc_rl.tsv.gz
"(67,68]",64485,FUM001.A0101.SG1.1_10M.classified_gc_rl.tsv.gz
"(68,69]",54908,FUM001.A0101.SG1.1_10M.classified_gc_rl.tsv.gz
"(69,70]",59157,FUM001.A0101.SG1.1_10M.classified_gc_rl.tsv.gz
"(70,71]",39278,FUM001.A0101.SG1.1_10M.classified_gc_rl.tsv.gz
"(71,72]",44558,FUM001.A0101.SG1.1_10M.classified_gc_rl.tsv.gz
"(72,73]",35503,FUM001.A0101.SG1.1_10M.classified_gc_rl.tsv.gz
"(73,74]",31440,FUM001.A0101.SG1.1_10M.classified_gc_rl.tsv.gz
"(74,75]",28968,FUM001.A0101.SG1.1_10M.classified_gc_rl.tsv.gz
"(75,76]",14830,FUM001.A0101.SG1.1_10M.classified_gc_rl.tsv.gz
"(76,77]",16290,FUM001.A0101.SG1.1_10M.classified_gc_rl.tsv.gz
"(77,78]",12498,FUM001.A0101.SG1.1_10M.classified_gc_rl.tsv.gz
"(78,79]",9508,FUM001.A0101.SG1.1_10M.classified_gc_rl.tsv.gz
"(79,80]",8114,FUM001.A0101.SG1.1_10M.classified_gc_rl.tsv.gz
"(80,81]",3844,FUM001.A0101.SG1.1_10M.classified_gc_rl.tsv.gz
"(81,82]",3478,FUM001.A0101.SG1.1_10M.classified_gc_rl.tsv.gz
"(82,83]",2545,FUM001.A0101.SG1.1_10M.classified_gc_rl.tsv.gz
"(83,84]",1498,FUM001.A0101.SG1.1_10M.classified_gc_rl.tsv.gz
"(84,85]",1183,FUM001.A0101.SG1.1_10M.classified_gc_rl.tsv.gz
"(85,86]",513,FUM001.A0101.SG1.1_10M.classified_gc_rl.tsv.gz
"(86,87]",506,FUM001.A0101.SG1.1_10M.classified_gc_rl.tsv.gz
"(87,88]",263,FUM001.A0101.SG1.1_10M.classified_gc_rl.tsv.gz
"(88,89]",169,FUM001.A0101.SG1.1_10M.classified_gc_rl.tsv.gz
"(89,90]",97,FUM001.A0101.SG1.1_10M.classified_gc_rl.tsv.gz
"(90,91]",61,FUM001.A0101.SG1.1_10M.classified_gc_rl.tsv.gz
"(91,92]",28,FUM001.A0101.SG1.1_10M.classified_gc_rl.tsv.gz
"(92,93]",32,FUM001.A0101.SG1.1_10M.classified_gc_rl.tsv.gz
"(93,94]",17,FUM001.A0101.SG1.1_10M.classified_gc_rl.tsv.gz
"(94,95]",24,FUM001.A0101.SG1.1_10M.classified_gc_rl.tsv.gz
"(95,96]",14,FUM001.A0101.SG1.1_10M.classified_gc_rl.tsv.gz
"(96,97]",17,FUM001.A0101.SG1.1_10M.classified_gc_rl.tsv.gz
"(97,98]",14,FUM001.A0101.SG1.1_10M.classified_gc_rl.tsv.gz
"(98,99]",17,FUM001.A0101.SG1.1_10M.classified_gc_rl.tsv.gz
"(99,100]",23,FUM001.A0101.SG1.1_10M.classified_gc_rl.tsv.gz
"(4,5]",6,FUM001.A0102.SG1.4_10M.classified_gc_rl.tsv.gz
"(5,6]",5,FUM001.A0102.SG1.4_10M.classified_gc_rl.tsv.gz
"(6,7]",10,FUM001.A0102.SG1.4_10M.classified_gc_rl.tsv.gz
"(7,8]",13,FUM001.A0102.SG1.4_10M.classified_gc_rl.tsv.gz
"(8,9]",13,FUM001.A0102.SG1.4_10M.classified_gc_rl.tsv.gz
"(9,10]",17,FUM001.A0102.SG1.4_10M.classified_gc_rl.tsv.gz
"(10,11]",18,FUM001.A0102.SG1.4_10M.classified_gc_rl.tsv.gz
"(11,12]",41,FUM001.A0102.SG1.4_10M.classified_gc_rl.tsv.gz
"(12,13]",37,FUM001.A0102.SG1.4_10M.classified_gc_rl.tsv.gz
"(13,14]",75,FUM001.A0102.SG1.4_10M.classified_gc_rl.tsv.gz
"(14,15]",78,FUM001.A0102.SG1.4_10M.classified_gc_rl.tsv.gz
"(15,16]",130,FUM001.A0102.SG1.4_10M.classified_gc_rl.tsv.gz
"(16,17]",136,FUM001.A0102.SG1.4_10M.classified_gc_rl.tsv.gz
"(17,18]",249,FUM001.A0102.SG1.4_10M.classified_gc_rl.tsv.gz
"(18,19]",270,FUM001.A0102.SG1.4_10M.classified_gc_rl.tsv.gz
"(19,20]",453,FUM001.A0102.SG1.4_10M.classified_gc_rl.tsv.gz
"(20,21]",368,FUM001.A0102.SG1.4_10M.classified_gc_rl.tsv.gz
"(21,22]",647,FUM001.A0102.SG1.4_10M.classified_gc_rl.tsv.gz
"(22,23]",673,FUM001.A0102.SG1.4_10M.classified_gc_rl.tsv.gz
"(23,24]",921,FUM001.A0102.SG1.4_10M.classified_gc_rl.tsv.gz
"(24,25]",1195,FUM001.A0102.SG1.4_10M.classified_gc_rl.tsv.gz
"(25,26]",873,FUM001.A0102.SG1.4_10M.classified_gc_rl.tsv.gz
"(26,27]",1461,FUM001.A0102.SG1.4_10M.classified_gc_rl.tsv.gz
"(27,28]",1657,FUM001.A0102.SG1.4_10M.classified_gc_rl.tsv.gz
"(28,29]",1860,FUM001.A0102.SG1.4_10M.classified_gc_rl.tsv.gz
"(29,30]",2021,FUM001.A0102.SG1.4_10M.classified_gc_rl.tsv.gz
"(30,31]",2224,FUM001.A0102.SG1.4_10M.classified_gc_rl.tsv.gz
"(31,32]",2394,FUM001.A0102.SG1.4_10M.classified_gc_rl.tsv.gz
"(32,33]",2457,FUM001.A0102.SG1.4_10M.classified_gc_rl.tsv.gz
"(33,34]",2391,FUM001.A0102.SG1.4_10M.classified_gc_rl.tsv.gz
"(34,35]",2987,FUM001.A0102.SG1.4_10M.classified_gc_rl.tsv.gz
"(35,36]",2885,FUM001.A0102.SG1.4_10M.classified_gc_rl.tsv.gz
"(36,37]",2994,FUM001.A0102.SG1.4_10M.classified_gc_rl.tsv.gz
"(37,38]",2713,FUM001.A0102.SG1.4_10M.classified_gc_rl.tsv.gz
"(38,39]",3032,FUM001.A0102.SG1.4_10M.classified_gc_rl.tsv.gz
"(39,40]",3670,FUM001.A0102.SG1.4_10M.classified_gc_rl.tsv.gz
"(40,41]",2635,FUM001.A0102.SG1.4_10M.classified_gc_rl.tsv.gz
"(41,42]",2918,FUM001.A0102.SG1.4_10M.classified_gc_rl.tsv.gz
"(42,43]",2891,FUM001.A0102.SG1.4_10M.classified_gc_rl.tsv.gz
"(43,44]",3302,FUM001.A0102.SG1.4_10M.classified_gc_rl.tsv.gz
"(44,45]",3155,FUM001.A0102.SG1.4_10M.classified_gc_rl.tsv.gz
"(45,46]",2763,FUM001.A0102.SG1.4_10M.classified_gc_rl.tsv.gz
"(46,47]",3164,FUM001.A0102.SG1.4_10M.classified_gc_rl.tsv.gz
"(47,48]",3410,FUM001.A0102.SG1.4_10M.classified_gc_rl.tsv.gz
"(48,49]",3220,FUM001.A0102.SG1.4_10M.classified_gc_rl.tsv.gz
"(49,50]",4960,FUM001.A0102.SG1.4_10M.classified_gc_rl.tsv.gz
"(50,51]",1665,FUM001.A0102.SG1.4_10M.classified_gc_rl.tsv.gz
"(51,52]",4042,FUM001.A0102.SG1.4_10M.classified_gc_rl.tsv.gz
"(52,53]",4118,FUM001.A0102.SG1.4_10M.classified_gc_rl.tsv.gz
"(53,54]",4452,FUM001.A0102.SG1.4_10M.classified_gc_rl.tsv.gz
"(54,55]",4542,FUM001.A0102.SG1.4_10M.classified_gc_rl.tsv.gz
"(55,56]",4701,FUM001.A0102.SG1.4_10M.classified_gc_rl.tsv.gz
"(56,57]",5237,FUM001.A0102.SG1.4_10M.classified_gc_rl.tsv.gz
"(57,58]",5550,FUM001.A0102.SG1.4_10M.classified_gc_rl.tsv.gz
"(58,59]",5405,FUM001.A0102.SG1.4_10M.classified_gc_rl.tsv.gz
"(59,60]",6765,FUM001.A0102.SG1.4_10M.classified_gc_rl.tsv.gz
"(60,61]",5031,FUM001.A0102.SG1.4_10M.classified_gc_rl.tsv.gz
"(61,62]",5992,FUM001.A0102.SG1.4_10M.classified_gc_rl.tsv.gz
"(62,63]",5353,FUM001.A0102.SG1.4_10M.classified_gc_rl.tsv.gz
"(63,64]",6037,FUM001.A0102.SG1.4_10M.classified_gc_rl.tsv.gz
"(64,65]",5662,FUM001.A0102.SG1.4_10M.classified_gc_rl.tsv.gz
"(65,66]",5475,FUM001.A0102.SG1.4_10M.classified_gc_rl.tsv.gz
"(66,67]",4645,FUM001.A0102.SG1.4_10M.classified_gc_rl.tsv.gz
"(67,68]",4617,FUM001.A0102.SG1.4_10M.classified_gc_rl.tsv.gz
"(68,69]",4018,FUM001.A0102.SG1.4_10M.classified_gc_rl.tsv.gz
"(69,70]",4168,FUM001.A0102.SG1.4_10M.classified_gc_rl.tsv.gz
"(70,71]",2888,FUM001.A0102.SG1.4_10M.classified_gc_rl.tsv.gz
"(71,72]",3014,FUM001.A0102.SG1.4_10M.classified_gc_rl.tsv.gz
"(72,73]",2415,FUM001.A0102.SG1.4_10M.classified_gc_rl.tsv.gz
"(73,74]",2074,FUM001.A0102.SG1.4_10M.classified_gc_rl.tsv.gz
"(74,75]",1963,FUM001.A0102.SG1.4_10M.classified_gc_rl.tsv.gz
"(75,76]",1044,FUM001.A0102.SG1.4_10M.classified_gc_rl.tsv.gz
"(76,77]",1111,FUM001.A0102.SG1.4_10M.classified_gc_rl.tsv.gz
"(77,78]",801,FUM001.A0102.SG1.4_10M.classified_gc_rl.tsv.gz
"(78,79]",629,FUM001.A0102.SG1.4_10M.classified_gc_rl.tsv.gz
"(79,80]",514,FUM001.A0102.SG1.4_10M.classified_gc_rl.tsv.gz
"(80,81]",280,FUM001.A0102.SG1.4_10M.classified_gc_rl.tsv.gz
"(81,82]",243,FUM001.A0102.SG1.4_10M.classified_gc_rl.tsv.gz
"(82,83]",149,FUM001.A0102.SG1.4_10M.classified_gc_rl.tsv.gz
"(83,84]",106,FUM001.A0102.SG1.4_10M.classified_gc_rl.tsv.gz
"(84,85]",89,FUM001.A0102.SG1.4_10M.classified_gc_rl.tsv.gz
"(85,86]",44,FUM001.A0102.SG1.4_10M.classified_gc_rl.tsv.gz
"(86,87]",31,FUM001.A0102.SG1.4_10M.classified_gc_rl.tsv.gz
"(87,88]",20,FUM001.A0102.SG1.4_10M.classified_gc_rl.tsv.gz
"(88,89]",12,FUM001.A0102.SG1.4_10M.classified_gc_rl.tsv.gz
"(89,90]",10,FUM001.A0102.SG1.4_10M.classified_gc_rl.tsv.gz
"(90,91]",6,FUM001.A0102.SG1.4_10M.classified_gc_rl.tsv.gz
"(91,92]",2,FUM001.A0102.SG1.4_10M.classified_gc_rl.tsv.gz
"(94,95]",1,FUM001.A0102.SG1.4_10M.classified_gc_rl.tsv.gz
"(98,99]",2,FUM001.A0102.SG1.4_10M.classified_gc_rl.tsv.gz
"(99,100]",3,FUM001.A0102.SG1.4_10M.classified_gc_rl.tsv.gz
"(1,2]",1,FUM002.A0101.SG1.1_10M.classified_gc_rl.tsv.gz
"(2,3]",1,FUM002.A0101.SG1.1_10M.classified_gc_rl.tsv.gz
"(5,6]",1,FUM002.A0101.SG1.1_10M.classified_gc_rl.tsv.gz
"(7,8]",2,FUM002.A0101.SG1.1_10M.classified_gc_rl.tsv.gz
"(9,10]",4,FUM002.A0101.SG1.1_10M.classified_gc_rl.tsv.gz
"(10,11]",5,FUM002.A0101.SG1.1_10M.classified_gc_rl.tsv.gz
"(11,12]",13,FUM002.A0101.SG1.1_10M.classified_gc_rl.tsv.gz
"(12,13]",19,FUM002.A0101.SG1.1_10M.classified_gc_rl.tsv.gz
"(13,14]",42,FUM002.A0101.SG1.1_10M.classified_gc_rl.tsv.gz
"(14,15]",57,FUM002.A0101.SG1.1_10M.classified_gc_rl.tsv.gz
"(15,16]",83,FUM002.A0101.SG1.1_10M.classified_gc_rl.tsv.gz
"(16,17]",117,FUM002.A0101.SG1.1_10M.classified_gc_rl.tsv.gz
"(17,18]",194,FUM002.A0101.SG1.1_10M.classified_gc_rl.tsv.gz
"(18,19]",218,FUM002.A0101.SG1.1_10M.classified_gc_rl.tsv.gz
"(19,20]",475,FUM002.A0101.SG1.1_10M.classified_gc_rl.tsv.gz
"(20,21]",364,FUM002.A0101.SG1.1_10M.classified_gc_rl.tsv.gz
"(21,22]",681,FUM002.A0101.SG1.1_10M.classified_gc_rl.tsv.gz
"(22,23]",753,FUM002.A0101.SG1.1_10M.classified_gc_rl.tsv.gz
"(23,24]",1069,FUM002.A0101.SG1.1_10M.classified_gc_rl.tsv.gz
"(24,25]",1455,FUM002.A0101.SG1.1_10M.classified_gc_rl.tsv.gz
"(25,26]",1127,FUM002.A0101.SG1.1_10M.classified_gc_rl.tsv.gz
"(26,27]",1608,FUM002.A0101.SG1.1_10M.classified_gc_rl.tsv.gz
"(27,28]",2079,FUM002.A0101.SG1.1_10M.classified_gc_rl.tsv.gz
"(28,29]",2204,FUM002.A0101.SG1.1_10M.classified_gc_rl.tsv.gz
"(29,30]",2781,FUM002.A0101.SG1.1_10M.classified_gc_rl.tsv.gz
"(30,31]",2807,FUM002.A0101.SG1.1_10M.classified_gc_rl.tsv.gz
"(31,32]",3496,FUM002.A0101.SG1.1_10M.classified_gc_rl.tsv.gz
"(32,33]",3426,FUM002.A0101.SG1.1_10M.classified_gc_rl.tsv.gz
"(33,34]",3948,FUM002.A0101.SG1.1_10M.classified_gc_rl.tsv.gz
"(34,35]",4858,FUM002.A0101.SG1.1_10M.classified_gc_rl.tsv.gz
"(35,36]",4892,FUM002.A0101.SG1.1_10M.classified_gc_rl.tsv.gz
"(36,37]",5304,FUM002.A0101.SG1.1_10M.classified_gc_rl.tsv.gz
"(37,38]",5619,FUM002.A0101.SG1.1_10M.classified_gc_rl.tsv.gz
"(38,39]",6191,FUM002.A0101.SG1.1_10M.classified_gc_rl.tsv.gz
"(39,40]",8430,FUM002.A0101.SG1.1_10M.classified_gc_rl.tsv.gz
"(40,41]",6241,FUM002.A0101.SG1.1_10M.classified_gc_rl.tsv.gz
"(41,42]",8373,FUM002.A0101.SG1.1_10M.classified_gc_rl.tsv.gz
"(42,43]",8642,FUM002.A0101.SG1.1_10M.classified_gc_rl.tsv.gz
"(43,44]",10344,FUM002.A0101.SG1.1_10M.classified_gc_rl.tsv.gz
"(44,45]",10716,FUM002.A0101.SG1.1_10M.classified_gc_rl.tsv.gz
"(45,46]",11050,FUM002.A0101.SG1.1_10M.classified_gc_rl.tsv.gz
"(46,47]",12579,FUM002.A0101.SG1.1_10M.classified_gc_rl.tsv.gz
"(47,48]",14933,FUM002.A0101.SG1.1_10M.classified_gc_rl.tsv.gz
"(48,49]",15366,FUM002.A0101.SG1.1_10M.classified_gc_rl.tsv.gz
"(49,50]",24988,FUM002.A0101.SG1.1_10M.classified_gc_rl.tsv.gz
"(50,51]",9749,FUM002.A0101.SG1.1_10M.classified_gc_rl.tsv.gz
"(51,52]",22957,FUM002.A0101.SG1.1_10M.classified_gc_rl.tsv.gz
"(52,53]",25397,FUM002.A0101.SG1.1_10M.classified_gc_rl.tsv.gz
"(53,54]",30643,FUM002.A0101.SG1.1_10M.classified_gc_rl.tsv.gz
"(54,55]",33215,FUM002.A0101.SG1.1_10M.classified_gc_rl.tsv.gz
"(55,56]",37444,FUM002.A0101.SG1.1_10M.classified_gc_rl.tsv.gz
"(56,57]",43078,FUM002.A0101.SG1.1_10M.classified_gc_rl.tsv.gz
"(57,58]",50963,FUM002.A0101.SG1.1_10M.classified_gc_rl.tsv.gz
"(58,59]",54093,FUM002.A0101.SG1.1_10M.classified_gc_rl.tsv.gz
"(59,60]",74937,FUM002.A0101.SG1.1_10M.classified_gc_rl.tsv.gz
"(60,61]",60120,FUM002.A0101.SG1.1_10M.classified_gc_rl.tsv.gz
"(61,62]",78476,FUM002.A0101.SG1.1_10M.classified_gc_rl.tsv.gz
"(62,63]",78666,FUM002.A0101.SG1.1_10M.classified_gc_rl.tsv.gz
"(63,64]",92370,FUM002.A0101.SG1.1_10M.classified_gc_rl.tsv.gz
"(64,65]",94900,FUM002.A0101.SG1.1_10M.classified_gc_rl.tsv.gz
"(65,66]",96127,FUM002.A0101.SG1.1_10M.classified_gc_rl.tsv.gz
"(66,67]",88199,FUM002.A0101.SG1.1_10M.classified_gc_rl.tsv.gz
"(67,68]",98415,FUM002.A0101.SG1.1_10M.classified_gc_rl.tsv.gz
"(68,69]",88722,FUM002.A0101.SG1.1_10M.classified_gc_rl.tsv.gz
"(69,70]",95051,FUM002.A0101.SG1.1_10M.classified_gc_rl.tsv.gz
"(70,71]",68892,FUM002.A0101.SG1.1_10M.classified_gc_rl.tsv.gz
"(71,72]",72817,FUM002.A0101.SG1.1_10M.classified_gc_rl.tsv.gz
"(72,73]",58934,FUM002.A0101.SG1.1_10M.classified_gc_rl.tsv.gz
"(73,74]",52413,FUM002.A0101.SG1.1_10M.classified_gc_rl.tsv.gz
"(74,75]",47218,FUM002.A0101.SG1.1_10M.classified_gc_rl.tsv.gz
"(75,76]",24934,FUM002.A0101.SG1.1_10M.classified_gc_rl.tsv.gz
"(76,77]",25330,FUM002.A0101.SG1.1_10M.classified_gc_rl.tsv.gz
"(77,78]",18698,FUM002.A0101.SG1.1_10M.classified_gc_rl.tsv.gz
"(78,79]",14000,FUM002.A0101.SG1.1_10M.classified_gc_rl.tsv.gz
"(79,80]",11056,FUM002.A0101.SG1.1_10M.classified_gc_rl.tsv.gz
"(80,81]",5340,FUM002.A0101.SG1.1_10M.classified_gc_rl.tsv.gz
"(81,82]",4538,FUM002.A0101.SG1.1_10M.classified_gc_rl.tsv.gz
"(82,83]",2934,FUM002.A0101.SG1.1_10M.classified_gc_rl.tsv.gz
"(83,84]",1791,FUM002.A0101.SG1.1_10M.classified_gc_rl.tsv.gz
"(84,85]",1242,FUM002.A0101.SG1.1_10M.classified_gc_rl.tsv.gz
"(85,86]",582,FUM002.A0101.SG1.1_10M.classified_gc_rl.tsv.gz
"(86,87]",454,FUM002.A0101.SG1.1_10M.classified_gc_rl.tsv.gz
"(87,88]",234,FUM002.A0101.SG1.1_10M.classified_gc_rl.tsv.gz
"(88,89]",138,FUM002.A0101.SG1.1_10M.classified_gc_rl.tsv.gz
"(89,90]",82,FUM002.A0101.SG1.1_10M.classified_gc_rl.tsv.gz
"(90,91]",45,FUM002.A0101.SG1.1_10M.classified_gc_rl.tsv.gz
"(91,92]",32,FUM002.A0101.SG1.1_10M.classified_gc_rl.tsv.gz
"(92,93]",17,FUM002.A0101.SG1.1_10M.classified_gc_rl.tsv.gz
"(93,94]",9,FUM002.A0101.SG1.1_10M.classified_gc_rl.tsv.gz
"(94,95]",12,FUM002.A0101.SG1.1_10M.classified_gc_rl.tsv.gz
"(95,96]",9,FUM002.A0101.SG1.1_10M.classified_gc_rl.tsv.gz
"(96,97]",5,FUM002.A0101.SG1.1_10M.classified_gc_rl.tsv.gz
"(97,98]",9,FUM002.A0101.SG1.1_10M.classified_gc_rl.tsv.gz
"(98,99]",17,FUM002.A0101.SG1.1_10M.classified_gc_rl.tsv.gz
"(99,100]",19,FUM002.A0101.SG1.1_10M.classified_gc_rl.tsv.gz
"[0,1]",3,FUM002.A0102.SG1.5_10M.classified_gc_rl.tsv.gz
"(2,3]",3,FUM002.A0102.SG1.5_10M.classified_gc_rl.tsv.gz
"(3,4]",5,FUM002.A0102.SG1.5_10M.classified_gc_rl.tsv.gz
"(4,5]",8,FUM002.A0102.SG1.5_10M.classified_gc_rl.tsv.gz
"(5,6]",11,FUM002.A0102.SG1.5_10M.classified_gc_rl.tsv.gz
"(6,7]",17,FUM002.A0102.SG1.5_10M.classified_gc_rl.tsv.gz
"(7,8]",29,FUM002.A0102.SG1.5_10M.classified_gc_rl.tsv.gz
"(8,9]",43,FUM002.A0102.SG1.5_10M.classified_gc_rl.tsv.gz
"(9,10]",62,FUM002.A0102.SG1.5_10M.classified_gc_rl.tsv.gz
"(10,11]",75,FUM002.A0102.SG1.5_10M.classified_gc_rl.tsv.gz
"(11,12]",139,FUM002.A0102.SG1.5_10M.classified_gc_rl.tsv.gz
"(12,13]",170,FUM002.A0102.SG1.5_10M.classified_gc_rl.tsv.gz
"(13,14]",258,FUM002.A0102.SG1.5_10M.classified_gc_rl.tsv.gz
"(14,15]",310,FUM002.A0102.SG1.5_10M.classified_gc_rl.tsv.gz
"(15,16]",449,FUM002.A0102.SG1.5_10M.classified_gc_rl.tsv.gz
"(16,17]",459,FUM002.A0102.SG1.5_10M.classified_gc_rl.tsv.gz
"(17,18]",765,FUM002.A0102.SG1.5_10M.classified_gc_rl.tsv.gz
"(18,19]",852,FUM002.A0102.SG1.5_10M.classified_gc_rl.tsv.gz
"(19,20]",1379,FUM002.A0102.SG1.5_10M.classified_gc_rl.tsv.gz
"(20,21]",1136,FUM002.A0102.SG1.5_10M.classified_gc_rl.tsv.gz
"(21,22]",1806,FUM002.A0102.SG1.5_10M.classified_gc_rl.tsv.gz
"(22,23]",1762,FUM002.A0102.SG1.5_10M.classified_gc_rl.tsv.gz
"(23,24]",2393,FUM002.A0102.SG1.5_10M.classified_gc_rl.tsv.gz
"(24,25]",3039,FUM002.A0102.SG1.5_10M.classified_gc_rl.tsv.gz
"(25,26]",2110,FUM002.A0102.SG1.5_10M.classified_gc_rl.tsv.gz
"(26,27]",3122,FUM002.A0102.SG1.5_10M.classified_gc_rl.tsv.gz
"(27,28]",3692,FUM002.A0102.SG1.5_10M.classified_gc_rl.tsv.gz
"(28,29]",3826,FUM002.A0102.SG1.5_10M.classified_gc_rl.tsv.gz
"(29,30]",4587,FUM002.A0102.SG1.5_10M.classified_gc_rl.tsv.gz
"(30,31]",4222,FUM002.A0102.SG1.5_10M.classified_gc_rl.tsv.gz
"(31,32]",5061,FUM002.A0102.SG1.5_10M.classified_gc_rl.tsv.gz
"(32,33]",4992,FUM002.A0102.SG1.5_10M.classified_gc_rl.tsv.gz
"(33,34]",5167,FUM002.A0102.SG1.5_10M.classified_gc_rl.tsv.gz
"(34,35]",6440,FUM002.A0102.SG1.5_10M.classified_gc_rl.tsv.gz
"(35,36]",5952,FUM002.A0102.SG1.5_10M.classified_gc_rl.tsv.gz
"(36,37]",6050,FUM002.A0102.SG1.5_10M.classified_gc_rl.tsv.gz
"(37,38]",6288,FUM002.A0102.SG1.5_10M.classified_gc_rl.tsv.gz
"(38,39]",6414,FUM002.A0102.SG1.5_10M.classified_gc_rl.tsv.gz
"(39,40]",8460,FUM002.A0102.SG1.5_10M.classified_gc_rl.tsv.gz
"(40,41]",5933,FUM002.A0102.SG1.5_10M.classified_gc_rl.tsv.gz
"(41,42]",7737,FUM002.A0102.SG1.5_10M.classified_gc_rl.tsv.gz
"(42,43]",7449,FUM002.A0102.SG1.5_10M.classified_gc_rl.tsv.gz
"(43,44]",8544,FUM002.A0102.SG1.5_10M.classified_gc_rl.tsv.gz
"(44,45]",8475,FUM002.A0102.SG1.5_10M.classified_gc_rl.tsv.gz
"(45,46]",8019,FUM002.A0102.SG1.5_10M.classified_gc_rl.tsv.gz
"(46,47]",8738,FUM002.A0102.SG1.5_10M.classified_gc_rl.tsv.gz
"(47,48]",10328,FUM002.A0102.SG1.5_10M.classified_gc_rl.tsv.gz
"(48,49]",9770,FUM002.A0102.SG1.5_10M.classified_gc_rl.tsv.gz
"(49,50]",15134,FUM002.A0102.SG1.5_10M.classified_gc_rl.tsv.gz
"(50,51]",5047,FUM002.A0102.SG1.5_10M.classified_gc_rl.tsv.gz
"(51,52]",12898,FUM002.A0102.SG1.5_10M.classified_gc_rl.tsv.gz
"(52,53]",13551,FUM002.A0102.SG1.5_10M.classified_gc_rl.tsv.gz
"(53,54]",15142,FUM002.A0102.SG1.5_10M.classified_gc_rl.tsv.gz
"(54,55]",16136,FUM002.A0102.SG1.5_10M.classified_gc_rl.tsv.gz
"(55,56]",16668,FUM002.A0102.SG1.5_10M.classified_gc_rl.tsv.gz
"(56,57]",19180,FUM002.A0102.SG1.5_10M.classified_gc_rl.tsv.gz
"(57,58]",21250,FUM002.A0102.SG1.5_10M.classified_gc_rl.tsv.gz
"(58,59]",21754,FUM002.A0102.SG1.5_10M.classified_gc_rl.tsv.gz
"(59,60]",28778,FUM002.A0102.SG1.5_10M.classified_gc_rl.tsv.gz
"(60,61]",21720,FUM002.A0102.SG1.5_10M.classified_gc_rl.tsv.gz
"(61,62]",27658,FUM002.A0102.SG1.5_10M.classified_gc_rl.tsv.gz
"(62,63]",26282,FUM002.A0102.SG1.5_10M.classified_gc_rl.tsv.gz
"(63,64]",31090,FUM002.A0102.SG1.5_10M.classified_gc_rl.tsv.gz
"(64,65]",30420,FUM002.A0102.SG1.5_10M.classified_gc_rl.tsv.gz
"(65,66]",30879,FUM002.A0102.SG1.5_10M.classified_gc_rl.tsv.gz
"(66,67]",26159,FUM002.A0102.SG1.5_10M.classified_gc_rl.tsv.gz
"(67,68]",28686,FUM002.A0102.SG1.5_10M.classified_gc_rl.tsv.gz
"(68,69]",25936,FUM002.A0102.SG1.5_10M.classified_gc_rl.tsv.gz
"(69,70]",28156,FUM002.A0102.SG1.5_10M.classified_gc_rl.tsv.gz
"(70,71]",19409,FUM002.A0102.SG1.5_10M.classified_gc_rl.tsv.gz
"(71,72]",20707,FUM002.A0102.SG1.5_10M.classified_gc_rl.tsv.gz
"(72,73]",16917,FUM002.A0102.SG1.5_10M.classified_gc_rl.tsv.gz
"(73,74]",14842,FUM002.A0102.SG1.5_10M.classified_gc_rl.tsv.gz
"(74,75]",13485,FUM002.A0102.SG1.5_10M.classified_gc_rl.tsv.gz
"(75,76]",6793,FUM002.A0102.SG1.5_10M.classified_gc_rl.tsv.gz
"(76,77]",7415,FUM002.A0102.SG1.5_10M.classified_gc_rl.tsv.gz
"(77,78]",5178,FUM002.A0102.SG1.5_10M.classified_gc_rl.tsv.gz
"(78,79]",4042,FUM002.A0102.SG1.5_10M.classified_gc_rl.tsv.gz
"(79,80]",3307,FUM002.A0102.SG1.5_10M.classified_gc_rl.tsv.gz
"(80,81]",1588,FUM002.A0102.SG1.5_10M.classified_gc_rl.tsv.gz
"(81,82]",1289,FUM002.A0102.SG1.5_10M.classified_gc_rl.tsv.gz
"(82,83]",966,FUM002.A0102.SG1.5_10M.classified_gc_rl.tsv.gz
"(83,84]",549,FUM002.A0102.SG1.5_10M.classified_gc_rl.tsv.gz
"(84,85]",380,FUM002.A0102.SG1.5_10M.classified_gc_rl.tsv.gz
"(85,86]",179,FUM002.A0102.SG1.5_10M.classified_gc_rl.tsv.gz
"(86,87]",128,FUM002.A0102.SG1.5_10M.classified_gc_rl.tsv.gz
"(87,88]",72,FUM002.A0102.SG1.5_10M.classified_gc_rl.tsv.gz
"(88,89]",26,FUM002.A0102.SG1.5_10M.classified_gc_rl.tsv.gz
"(89,90]",23,FUM002.A0102.SG1.5_10M.classified_gc_rl.tsv.gz
"(90,91]",6,FUM002.A0102.SG1.5_10M.classified_gc_rl.tsv.gz
"(91,92]",2,FUM002.A0102.SG1.5_10M.classified_gc_rl.tsv.gz
"(92,93]",5,FUM002.A0102.SG1.5_10M.classified_gc_rl.tsv.gz
"(94,95]",1,FUM002.A0102.SG1.5_10M.classified_gc_rl.tsv.gz
"(95,96]",1,FUM002.A0102.SG1.5_10M.classified_gc_rl.tsv.gz
"(98,99]",2,FUM002.A0102.SG1.5_10M.classified_gc_rl.tsv.gz
"(99,100]",2,FUM002.A0102.SG1.5_10M.classified_gc_rl.tsv.gz
"(1,2]",1,FUM003.A0101.SG1.1_10M.classified_gc_rl.tsv.gz
"(4,5]",1,FUM003.A0101.SG1.1_10M.classified_gc_rl.tsv.gz
"(5,6]",1,FUM003.A0101.SG1.1_10M.classified_gc_rl.tsv.gz
"(7,8]",3,FUM003.A0101.SG1.1_10M.classified_gc_rl.tsv.gz
"(8,9]",3,FUM003.A0101.SG1.1_10M.classified_gc_rl.tsv.gz
"(9,10]",3,FUM003.A0101.SG1.1_10M.classified_gc_rl.tsv.gz
"(10,11]",4,FUM003.A0101.SG1.1_10M.classified_gc_rl.tsv.gz
"(11,12]",13,FUM003.A0101.SG1.1_10M.classified_gc_rl.tsv.gz
"(12,13]",21,FUM003.A0101.SG1.1_10M.classified_gc_rl.tsv.gz
"(13,14]",34,FUM003.A0101.SG1.1_10M.classified_gc_rl.tsv.gz
"(14,15]",43,FUM003.A0101.SG1.1_10M.classified_gc_rl.tsv.gz
"(15,16]",78,FUM003.A0101.SG1.1_10M.classified_gc_rl.tsv.gz
"(16,17]",104,FUM003.A0101.SG1.1_10M.classified_gc_rl.tsv.gz
"(17,18]",218,FUM003.A0101.SG1.1_10M.classified_gc_rl.tsv.gz
"(18,19]",272,FUM003.A0101.SG1.1_10M.classified_gc_rl.tsv.gz
"(19,20]",445,FUM003.A0101.SG1.1_10M.classified_gc_rl.tsv.gz
"(20,21]",339,FUM003.A0101.SG1.1_10M.classified_gc_rl.tsv.gz
"(21,22]",651,FUM003.A0101.SG1.1_10M.classified_gc_rl.tsv.gz
"(22,23]",779,FUM003.A0101.SG1.1_10M.classified_gc_rl.tsv.gz
"(23,24]",1112,FUM003.A0101.SG1.1_10M.classified_gc_rl.tsv.gz
"(24,25]",1598,FUM003.A0101.SG1.1_10M.classified_gc_rl.tsv.gz
"(25,26]",1099,FUM003.A0101.SG1.1_10M.classified_gc_rl.tsv.gz
"(26,27]",1948,FUM003.A0101.SG1.1_10M.classified_gc_rl.tsv.gz
"(27,28]",2491,FUM003.A0101.SG1.1_10M.classified_gc_rl.tsv.gz
"(28,29]",2759,FUM003.A0101.SG1.1_10M.classified_gc_rl.tsv.gz
"(29,30]",3026,FUM003.A0101.SG1.1_10M.classified_gc_rl.tsv.gz
"(30,31]",3590,FUM003.A0101.SG1.1_10M.classified_gc_rl.tsv.gz
"(31,32]",4451,FUM003.A0101.SG1.1_10M.classified_gc_rl.tsv.gz
"(32,33]",4359,FUM003.A0101.SG1.1_10M.classified_gc_rl.tsv.gz
"(33,34]",4357,FUM003.A0101.SG1.1_10M.classified_gc_rl.tsv.gz
"(34,35]",5946,FUM003.A0101.SG1.1_10M.classified_gc_rl.tsv.gz
"(35,36]",6085,FUM003.A0101.SG1.1_10M.classified_gc_rl.tsv.gz
"(36,37]",6297,FUM003.A0101.SG1.1_10M.classified_gc_rl.tsv.gz
"(37,38]",6031,FUM003.A0101.SG1.1_10M.classified_gc_rl.tsv.gz
"(38,39]",7086,FUM003.A0101.SG1.1_10M.classified_gc_rl.tsv.gz
"(39,40]",8732,FUM003.A0101.SG1.1_10M.classified_gc_rl.tsv.gz
"(40,41]",6801,FUM003.A0101.SG1.1_10M.classified_gc_rl.tsv.gz
"(41,42]",7797,FUM003.A0101.SG1.1_10M.classified_gc_rl.tsv.gz
"(42,43]",8970,FUM003.A0101.SG1.1_10M.classified_gc_rl.tsv.gz
"(43,44]",10233,FUM003.A0101.SG1.1_10M.classified_gc_rl.tsv.gz
"(44,45]",10554,FUM003.A0101.SG1.1_10M.classified_gc_rl.tsv.gz
"(45,46]",9910,FUM003.A0101.SG1.1_10M.classified_gc_rl.tsv.gz
"(46,47]",13097,FUM003.A0101.SG1.1_10M.classified_gc_rl.tsv.gz
"(47,48]",16035,FUM003.A0101.SG1.1_10M.classified_gc_rl.tsv.gz
"(48,49]",16934,FUM003.A0101.SG1.1_10M.classified_gc_rl.tsv.gz
"(49,50]",28576,FUM003.A0101.SG1.1_10M.classified_gc_rl.tsv.gz
"(50,51]",13266,FUM003.A0101.SG1.1_10M.classified_gc_rl.tsv.gz
"(51,52]",31103,FUM003.A0101.SG1.1_10M.classified_gc_rl.tsv.gz
"(52,53]",36238,FUM003.A0101.SG1.1_10M.classified_gc_rl.tsv.gz
"(53,54]",47767,FUM003.A0101.SG1.1_10M.classified_gc_rl.tsv.gz
"(54,55]",46449,FUM003.A0101.SG1.1_10M.classified_gc_rl.tsv.gz
"(55,56]",68672,FUM003.A0101.SG1.1_10M.classified_gc_rl.tsv.gz
"(56,57]",81788,FUM003.A0101.SG1.1_10M.classified_gc_rl.tsv.gz
"(57,58]",104374,FUM003.A0101.SG1.1_10M.classified_gc_rl.tsv.gz
"(58,59]",95723,FUM003.A0101.SG1.1_10M.classified_gc_rl.tsv.gz
"(59,60]",158352,FUM003.A0101.SG1.1_10M.classified_gc_rl.tsv.gz
"(60,61]",143174,FUM003.A0101.SG1.1_10M.classified_gc_rl.tsv.gz
"(61,62]",190334,FUM003.A0101.SG1.1_10M.classified_gc_rl.tsv.gz
"(62,63]",159946,FUM003.A0101.SG1.1_10M.classified_gc_rl.tsv.gz
"(63,64]",234779,FUM003.A0101.SG1.1_10M.classified_gc_rl.tsv.gz
"(64,65]",240193,FUM003.A0101.SG1.1_10M.classified_gc_rl.tsv.gz
"(65,66]",256351,FUM003.A0101.SG1.1_10M.classified_gc_rl.tsv.gz
"(66,67]",198738,FUM003.A0101.SG1.1_10M.classified_gc_rl.tsv.gz
"(67,68]",277443,FUM003.A0101.SG1.1_10M.classified_gc_rl.tsv.gz
"(68,69]",248131,FUM003.A0101.SG1.1_10M.classified_gc_rl.tsv.gz
"(69,70]",262555,FUM003.A0101.SG1.1_10M.classified_gc_rl.tsv.gz
"(70,71]",165545,FUM003.A0101.SG1.1_10M.classified_gc_rl.tsv.gz
"(71,72]",213353,FUM003.A0101.SG1.1_10M.classified_gc_rl.tsv.gz
"(72,73]",170547,FUM003.A0101.SG1.1_10M.classified_gc_rl.tsv.gz
"(73,74]",150031,FUM003.A0101.SG1.1_10M.classified_gc_rl.tsv.gz
"(74,75]",127695,FUM003.A0101.SG1.1_10M.classified_gc_rl.tsv.gz
"(75,76]",60899,FUM003.A0101.SG1.1_10M.classified_gc_rl.tsv.gz
"(76,77]",66143,FUM003.A0101.SG1.1_10M.classified_gc_rl.tsv.gz
"(77,78]",48741,FUM003.A0101.SG1.1_10M.classified_gc_rl.tsv.gz
"(78,79]",32007,FUM003.A0101.SG1.1_10M.classified_gc_rl.tsv.gz
"(79,80]",22531,FUM003.A0101.SG1.1_10M.classified_gc_rl.tsv.gz
"(80,81]",11850,FUM003.A0101.SG1.1_10M.classified_gc_rl.tsv.gz
"(81,82]",9123,FUM003.A0101.SG1.1_10M.classified_gc_rl.tsv.gz
"(82,83]",5569,FUM003.A0101.SG1.1_10M.classified_gc_rl.tsv.gz
"(83,84]",3449,FUM003.A0101.SG1.1_10M.classified_gc_rl.tsv.gz
"(84,85]",2203,FUM003.A0101.SG1.1_10M.classified_gc_rl.tsv.gz
"(85,86]",1032,FUM003.A0101.SG1.1_10M.classified_gc_rl.tsv.gz
"(86,87]",770,FUM003.A0101.SG1.1_10M.classified_gc_rl.tsv.gz
"(87,88]",402,FUM003.A0101.SG1.1_10M.classified_gc_rl.tsv.gz
"(88,89]",189,FUM003.A0101.SG1.1_10M.classified_gc_rl.tsv.gz
"(89,90]",146,FUM003.A0101.SG1.1_10M.classified_gc_rl.tsv.gz
"(90,91]",47,FUM003.A0101.SG1.1_10M.classified_gc_rl.tsv.gz
"(91,92]",44,FUM003.A0101.SG1.1_10M.classified_gc_rl.tsv.gz
"(92,93]",35,FUM003.A0101.SG1.1_10M.classified_gc_rl.tsv.gz
"(93,94]",37,FUM003.A0101.SG1.1_10M.classified_gc_rl.tsv.gz
"(94,95]",24,FUM003.A0101.SG1.1_10M.classified_gc_rl.tsv.gz
"(95,96]",14,FUM003.A0101.SG1.1_10M.classified_gc_rl.tsv.gz
"(96,97]",19,FUM003.A0101.SG1.1_10M.classified_gc_rl.tsv.gz
"(97,98]",29,FUM003.A0101.SG1.1_10M.classified_gc_rl.tsv.gz
"(98,99]",32,FUM003.A0101.SG1.1_10M.classified_gc_rl.tsv.gz
"(99,100]",47,FUM003.A0101.SG1.1_10M.classified_gc_rl.tsv.gz
"[0,1]",1,FUM003.A0102.SG1.4_10M.classified_gc_rl.tsv.gz
"(1,2]",2,FUM003.A0102.SG1.4_10M.classified_gc_rl.tsv.gz
"(4,5]",5,FUM003.A0102.SG1.4_10M.classified_gc_rl.tsv.gz
"(5,6]",10,FUM003.A0102.SG1.4_10M.classified_gc_rl.tsv.gz
"(6,7]",9,FUM003.A0102.SG1.4_10M.classified_gc_rl.tsv.gz
"(7,8]",15,FUM003.A0102.SG1.4_10M.classified_gc_rl.tsv.gz
"(8,9]",7,FUM003.A0102.SG1.4_10M.classified_gc_rl.tsv.gz
"(9,10]",33,FUM003.A0102.SG1.4_10M.classified_gc_rl.tsv.gz
"(10,11]",47,FUM003.A0102.SG1.4_10M.classified_gc_rl.tsv.gz
"(11,12]",84,FUM003.A0102.SG1.4_10M.classified_gc_rl.tsv.gz
"(12,13]",107,FUM003.A0102.SG1.4_10M.classified_gc_rl.tsv.gz
"(13,14]",143,FUM003.A0102.SG1.4_10M.classified_gc_rl.tsv.gz
"(14,15]",178,FUM003.A0102.SG1.4_10M.classified_gc_rl.tsv.gz
"(15,16]",227,FUM003.A0102.SG1.4_10M.classified_gc_rl.tsv.gz
"(16,17]",261,FUM003.A0102.SG1.4_10M.classified_gc_rl.tsv.gz
"(17,18]",384,FUM003.A0102.SG1.4_10M.classified_gc_rl.tsv.gz
"(18,19]",425,FUM003.A0102.SG1.4_10M.classified_gc_rl.tsv.gz
"(19,20]",681,FUM003.A0102.SG1.4_10M.classified_gc_rl.tsv.gz
"(20,21]",535,FUM003.A0102.SG1.4_10M.classified_gc_rl.tsv.gz
"(21,22]",868,FUM003.A0102.SG1.4_10M.classified_gc_rl.tsv.gz
"(22,23]",894,FUM003.A0102.SG1.4_10M.classified_gc_rl.tsv.gz
"(23,24]",1197,FUM003.A0102.SG1.4_10M.classified_gc_rl.tsv.gz
"(24,25]",1546,FUM003.A0102.SG1.4_10M.classified_gc_rl.tsv.gz
"(25,26]",1055,FUM003.A0102.SG1.4_10M.classified_gc_rl.tsv.gz
"(26,27]",1694,FUM003.A0102.SG1.4_10M.classified_gc_rl.tsv.gz
"(27,28]",2064,FUM003.A0102.SG1.4_10M.classified_gc_rl.tsv.gz
"(28,29]",2182,FUM003.A0102.SG1.4_10M.classified_gc_rl.tsv.gz
"(29,30]",2215,FUM003.A0102.SG1.4_10M.classified_gc_rl.tsv.gz
"(30,31]",2419,FUM003.A0102.SG1.4_10M.classified_gc_rl.tsv.gz
"(31,32]",2841,FUM003.A0102.SG1.4_10M.classified_gc_rl.tsv.gz
"(32,33]",2750,FUM003.A0102.SG1.4_10M.classified_gc_rl.tsv.gz
"(33,34]",2675,FUM003.A0102.SG1.4_10M.classified_gc_rl.tsv.gz
"(34,35]",3633,FUM003.A0102.SG1.4_10M.classified_gc_rl.tsv.gz
"(35,36]",3262,FUM003.A0102.SG1.4_10M.classified_gc_rl.tsv.gz
"(36,37]",3404,FUM003.A0102.SG1.4_10M.classified_gc_rl.tsv.gz
"(37,38]",3276,FUM003.A0102.SG1.4_10M.classified_gc_rl.tsv.gz
"(38,39]",3548,FUM003.A0102.SG1.4_10M.classified_gc_rl.tsv.gz
"(39,40]",4568,FUM003.A0102.SG1.4_10M.classified_gc_rl.tsv.gz
"(40,41]",3225,FUM003.A0102.SG1.4_10M.classified_gc_rl.tsv.gz
"(41,42]",3952,FUM003.A0102.SG1.4_10M.classified_gc_rl.tsv.gz
"(42,43]",4247,FUM003.A0102.SG1.4_10M.classified_gc_rl.tsv.gz
"(43,44]",4923,FUM003.A0102.SG1.4_10M.classified_gc_rl.tsv.gz
"(44,45]",5015,FUM003.A0102.SG1.4_10M.classified_gc_rl.tsv.gz
"(45,46]",4885,FUM003.A0102.SG1.4_10M.classified_gc_rl.tsv.gz
"(46,47]",5795,FUM003.A0102.SG1.4_10M.classified_gc_rl.tsv.gz
"(47,48]",7271,FUM003.A0102.SG1.4_10M.classified_gc_rl.tsv.gz
"(48,49]",7688,FUM003.A0102.SG1.4_10M.classified_gc_rl.tsv.gz
"(49,50]",12568,FUM003.A0102.SG1.4_10M.classified_gc_rl.tsv.gz
"(50,51]",4994,FUM003.A0102.SG1.4_10M.classified_gc_rl.tsv.gz
"(51,52]",12906,FUM003.A0102.SG1.4_10M.classified_gc_rl.tsv.gz
"(52,53]",14960,FUM003.A0102.SG1.4_10M.classified_gc_rl.tsv.gz
"(53,54]",18274,FUM003.A0102.SG1.4_10M.classified_gc_rl.tsv.gz
"(54,55]",20027,FUM003.A0102.SG1.4_10M.classified_gc_rl.tsv.gz
"(55,56]",23724,FUM003.A0102.SG1.4_10M.classified_gc_rl.tsv.gz
"(56,57]",28499,FUM003.A0102.SG1.4_10M.classified_gc_rl.tsv.gz
"(57,58]",33855,FUM003.A0102.SG1.4_10M.classified_gc_rl.tsv.gz
"(58,59]",34881,FUM003.A0102.SG1.4_10M.classified_gc_rl.tsv.gz
"(59,60]",49625,FUM003.A0102.SG1.4_10M.classified_gc_rl.tsv.gz
"(60,61]",41592,FUM003.A0102.SG1.4_10M.classified_gc_rl.tsv.gz
"(61,62]",53677,FUM003.A0102.SG1.4_10M.classified_gc_rl.tsv.gz
"(62,63]",50465,FUM003.A0102.SG1.4_10M.classified_gc_rl.tsv.gz
"(63,64]",63328,FUM003.A0102.SG1.4_10M.classified_gc_rl.tsv.gz
"(64,65]",64606,FUM003.A0102.SG1.4_10M.classified_gc_rl.tsv.gz
"(65,66]",64924,FUM003.A0102.SG1.4_10M.classified_gc_rl.tsv.gz
"(66,67]",56532,FUM003.A0102.SG1.4_10M.classified_gc_rl.tsv.gz
"(67,68]",64406,FUM003.A0102.SG1.4_10M.classified_gc_rl.tsv.gz
"(68,69]",58144,FUM003.A0102.SG1.4_10M.classified_gc_rl.tsv.gz
"(69,70]",62214,FUM003.A0102.SG1.4_10M.classified_gc_rl.tsv.gz
"(70,71]",42492,FUM003.A0102.SG1.4_10M.classified_gc_rl.tsv.gz
"(71,72]",45746,FUM003.A0102.SG1.4_10M.classified_gc_rl.tsv.gz
"(72,73]",37110,FUM003.A0102.SG1.4_10M.classified_gc_rl.tsv.gz
"(73,74]",31859,FUM003.A0102.SG1.4_10M.classified_gc_rl.tsv.gz
"(74,75]",28672,FUM003.A0102.SG1.4_10M.classified_gc_rl.tsv.gz
"(75,76]",14858,FUM003.A0102.SG1.4_10M.classified_gc_rl.tsv.gz
"(76,77]",15972,FUM003.A0102.SG1.4_10M.classified_gc_rl.tsv.gz
"(77,78]",11338,FUM003.A0102.SG1.4_10M.classified_gc_rl.tsv.gz
"(78,79]",9135,FUM003.A0102.SG1.4_10M.classified_gc_rl.tsv.gz
"(79,80]",7275,FUM003.A0102.SG1.4_10M.classified_gc_rl.tsv.gz
"(80,81]",3460,FUM003.A0102.SG1.4_10M.classified_gc_rl.tsv.gz
"(81,82]",3095,FUM003.A0102.SG1.4_10M.classified_gc_rl.tsv.gz
"(82,83]",2088,FUM003.A0102.SG1.4_10M.classified_gc_rl.tsv.gz
"(83,84]",1185,FUM003.A0102.SG1.4_10M.classified_gc_rl.tsv.gz
"(84,85]",922,FUM003.A0102.SG1.4_10M.classified_gc_rl.tsv.gz
"(85,86]",344,FUM003.A0102.SG1.4_10M.classified_gc_rl.tsv.gz
"(86,87]",342,FUM003.A0102.SG1.4_10M.classified_gc_rl.tsv.gz
"(87,88]",116,FUM003.A0102.SG1.4_10M.classified_gc_rl.tsv.gz
"(88,89]",61,FUM003.A0102.SG1.4_10M.classified_gc_rl.tsv.gz
"(89,90]",55,FUM003.A0102.SG1.4_10M.classified_gc_rl.tsv.gz
"(90,91]",11,FUM003.A0102.SG1.4_10M.classified_gc_rl.tsv.gz
"(91,92]",14,FUM003.A0102.SG1.4_10M.classified_gc_rl.tsv.gz
"(92,93]",7,FUM003.A0102.SG1.4_10M.classified_gc_rl.tsv.gz
"(94,95]",5,FUM003.A0102.SG1.4_10M.classified_gc_rl.tsv.gz
"(95,96]",1,FUM003.A0102.SG1.4_10M.classified_gc_rl.tsv.gz
"(97,98]",2,FUM003.A0102.SG1.4_10M.classified_gc_rl.tsv.gz
"(98,99]",2,FUM003.A0102.SG1.4_10M.classified_gc_rl.tsv.gz
"(99,100]",5,FUM003.A0102.SG1.4_10M.classified_gc_rl.tsv.gz
"[0,1]",1,GDN001.A0101.SG1.1_10M.classified_gc_rl.tsv.gz
"(1,2]",2,GDN001.A0101.SG1.1_10M.classified_gc_rl.tsv.gz
"(4,5]",1,GDN001.A0101.SG1.1_10M.classified_gc_rl.tsv.gz
"(5,6]",4,GDN001.A0101.SG1.1_10M.classified_gc_rl.tsv.gz
"(6,7]",4,GDN001.A0101.SG1.1_10M.classified_gc_rl.tsv.gz
"(7,8]",4,GDN001.A0101.SG1.1_10M.classified_gc_rl.tsv.gz
"(8,9]",5,GDN001.A0101.SG1.1_10M.classified_gc_rl.tsv.gz
"(9,10]",7,GDN001.A0101.SG1.1_10M.classified_gc_rl.tsv.gz
"(10,11]",24,GDN001.A0101.SG1.1_10M.classified_gc_rl.tsv.gz
"(11,12]",47,GDN001.A0101.SG1.1_10M.classified_gc_rl.tsv.gz
"(12,13]",68,GDN001.A0101.SG1.1_10M.classified_gc_rl.tsv.gz
"(13,14]",112,GDN001.A0101.SG1.1_10M.classified_gc_rl.tsv.gz
"(14,15]",189,GDN001.A0101.SG1.1_10M.classified_gc_rl.tsv.gz
"(15,16]",359,GDN001.A0101.SG1.1_10M.classified_gc_rl.tsv.gz
"(16,17]",518,GDN001.A0101.SG1.1_10M.classified_gc_rl.tsv.gz
"(17,18]",1034,GDN001.A0101.SG1.1_10M.classified_gc_rl.tsv.gz
"(18,19]",1631,GDN001.A0101.SG1.1_10M.classified_gc_rl.tsv.gz
"(19,20]",2988,GDN001.A0101.SG1.1_10M.classified_gc_rl.tsv.gz
"(20,21]",3151,GDN001.A0101.SG1.1_10M.classified_gc_rl.tsv.gz
"(21,22]",5569,GDN001.A0101.SG1.1_10M.classified_gc_rl.tsv.gz
"(22,23]",7276,GDN001.A0101.SG1.1_10M.classified_gc_rl.tsv.gz
"(23,24]",8848,GDN001.A0101.SG1.1_10M.classified_gc_rl.tsv.gz
"(24,25]",11063,GDN001.A0101.SG1.1_10M.classified_gc_rl.tsv.gz
"(25,26]",9057,GDN001.A0101.SG1.1_10M.classified_gc_rl.tsv.gz
"(26,27]",12105,GDN001.A0101.SG1.1_10M.classified_gc_rl.tsv.gz
"(27,28]",13112,GDN001.A0101.SG1.1_10M.classified_gc_rl.tsv.gz
"(28,29]",13119,GDN001.A0101.SG1.1_10M.classified_gc_rl.tsv.gz
"(29,30]",14561,GDN001.A0101.SG1.1_10M.classified_gc_rl.tsv.gz
"(30,31]",13585,GDN001.A0101.SG1.1_10M.classified_gc_rl.tsv.gz
"(31,32]",14425,GDN001.A0101.SG1.1_10M.classified_gc_rl.tsv.gz
"(32,33]",13821,GDN001.A0101.SG1.1_10M.classified_gc_rl.tsv.gz
"(33,34]",11507,GDN001.A0101.SG1.1_10M.classified_gc_rl.tsv.gz
"(34,35]",12110,GDN001.A0101.SG1.1_10M.classified_gc_rl.tsv.gz
"(35,36]",10602,GDN001.A0101.SG1.1_10M.classified_gc_rl.tsv.gz
"(36,37]",10703,GDN001.A0101.SG1.1_10M.classified_gc_rl.tsv.gz
"(37,38]",10111,GDN001.A0101.SG1.1_10M.classified_gc_rl.tsv.gz
"(38,39]",10832,GDN001.A0101.SG1.1_10M.classified_gc_rl.tsv.gz
"(39,40]",12929,GDN001.A0101.SG1.1_10M.classified_gc_rl.tsv.gz
"(40,41]",10345,GDN001.A0101.SG1.1_10M.classified_gc_rl.tsv.gz
"(41,42]",11848,GDN001.A0101.SG1.1_10M.classified_gc_rl.tsv.gz
"(42,43]",12785,GDN001.A0101.SG1.1_10M.classified_gc_rl.tsv.gz
"(43,44]",15191,GDN001.A0101.SG1.1_10M.classified_gc_rl.tsv.gz
"(44,45]",15810,GDN001.A0101.SG1.1_10M.classified_gc_rl.tsv.gz
"(45,46]",15868,GDN001.A0101.SG1.1_10M.classified_gc_rl.tsv.gz
"(46,47]",18166,GDN001.A0101.SG1.1_10M.classified_gc_rl.tsv.gz
"(47,48]",20454,GDN001.A0101.SG1.1_10M.classified_gc_rl.tsv.gz
"(48,49]",20250,GDN001.A0101.SG1.1_10M.classified_gc_rl.tsv.gz
"(49,50]",33490,GDN001.A0101.SG1.1_10M.classified_gc_rl.tsv.gz
"(50,51]",16668,GDN001.A0101.SG1.1_10M.classified_gc_rl.tsv.gz
"(51,52]",28730,GDN001.A0101.SG1.1_10M.classified_gc_rl.tsv.gz
"(52,53]",29767,GDN001.A0101.SG1.1_10M.classified_gc_rl.tsv.gz
"(53,54]",35240,GDN001.A0101.SG1.1_10M.classified_gc_rl.tsv.gz
"(54,55]",36371,GDN001.A0101.SG1.1_10M.classified_gc_rl.tsv.gz
"(55,56]",40951,GDN001.A0101.SG1.1_10M.classified_gc_rl.tsv.gz
"(56,57]",45034,GDN001.A0101.SG1.1_10M.classified_gc_rl.tsv.gz
"(57,58]",49145,GDN001.A0101.SG1.1_10M.classified_gc_rl.tsv.gz
"(58,59]",51856,GDN001.A0101.SG1.1_10M.classified_gc_rl.tsv.gz
"(59,60]",69492,GDN001.A0101.SG1.1_10M.classified_gc_rl.tsv.gz
"(60,61]",54369,GDN001.A0101.SG1.1_10M.classified_gc_rl.tsv.gz
"(61,62]",71212,GDN001.A0101.SG1.1_10M.classified_gc_rl.tsv.gz
"(62,63]",72284,GDN001.A0101.SG1.1_10M.classified_gc_rl.tsv.gz
"(63,64]",84736,GDN001.A0101.SG1.1_10M.classified_gc_rl.tsv.gz
"(64,65]",87681,GDN001.A0101.SG1.1_10M.classified_gc_rl.tsv.gz
"(65,66]",90315,GDN001.A0101.SG1.1_10M.classified_gc_rl.tsv.gz
"(66,67]",88978,GDN001.A0101.SG1.1_10M.classified_gc_rl.tsv.gz
"(67,68]",105852,GDN001.A0101.SG1.1_10M.classified_gc_rl.tsv.gz
"(68,69]",95796,GDN001.A0101.SG1.1_10M.classified_gc_rl.tsv.gz
"(69,70]",106117,GDN001.A0101.SG1.1_10M.classified_gc_rl.tsv.gz
"(70,71]",85208,GDN001.A0101.SG1.1_10M.classified_gc_rl.tsv.gz
"(71,72]",92480,GDN001.A0101.SG1.1_10M.classified_gc_rl.tsv.gz
"(72,73]",80848,GDN001.A0101.SG1.1_10M.classified_gc_rl.tsv.gz
"(73,74]",77285,GDN001.A0101.SG1.1_10M.classified_gc_rl.tsv.gz
"(74,75]",77716,GDN001.A0101.SG1.1_10M.classified_gc_rl.tsv.gz
"(75,76]",45553,GDN001.A0101.SG1.1_10M.classified_gc_rl.tsv.gz
"(76,77]",46527,GDN001.A0101.SG1.1_10M.classified_gc_rl.tsv.gz
"(77,78]",40591,GDN001.A0101.SG1.1_10M.classified_gc_rl.tsv.gz
"(78,79]",29646,GDN001.A0101.SG1.1_10M.classified_gc_rl.tsv.gz
"(79,80]",27904,GDN001.A0101.SG1.1_10M.classified_gc_rl.tsv.gz
"(80,81]",14738,GDN001.A0101.SG1.1_10M.classified_gc_rl.tsv.gz
"(81,82]",13951,GDN001.A0101.SG1.1_10M.classified_gc_rl.tsv.gz
"(82,83]",9322,GDN001.A0101.SG1.1_10M.classified_gc_rl.tsv.gz
"(83,84]",6869,GDN001.A0101.SG1.1_10M.classified_gc_rl.tsv.gz
"(84,85]",4537,GDN001.A0101.SG1.1_10M.classified_gc_rl.tsv.gz
"(85,86]",2700,GDN001.A0101.SG1.1_10M.classified_gc_rl.tsv.gz
"(86,87]",1876,GDN001.A0101.SG1.1_10M.classified_gc_rl.tsv.gz
"(87,88]",1148,GDN001.A0101.SG1.1_10M.classified_gc_rl.tsv.gz
"(88,89]",658,GDN001.A0101.SG1.1_10M.classified_gc_rl.tsv.gz
"(89,90]",493,GDN001.A0101.SG1.1_10M.classified_gc_rl.tsv.gz
"(90,91]",185,GDN001.A0101.SG1.1_10M.classified_gc_rl.tsv.gz
"(91,92]",113,GDN001.A0101.SG1.1_10M.classified_gc_rl.tsv.gz
"(92,93]",76,GDN001.A0101.SG1.1_10M.classified_gc_rl.tsv.gz
"(93,94]",59,GDN001.A0101.SG1.1_10M.classified_gc_rl.tsv.gz
"(94,95]",19,GDN001.A0101.SG1.1_10M.classified_gc_rl.tsv.gz
"(95,96]",15,GDN001.A0101.SG1.1_10M.classified_gc_rl.tsv.gz
"(96,97]",9,GDN001.A0101.SG1.1_10M.classified_gc_rl.tsv.gz
"(97,98]",26,GDN001.A0101.SG1.1_10M.classified_gc_rl.tsv.gz
"(98,99]",17,GDN001.A0101.SG1.1_10M.classified_gc_rl.tsv.gz
"(99,100]",31,GDN001.A0101.SG1.1_10M.classified_gc_rl.tsv.gz
"[0,1]",16,GDN001.A0102.SG1.3_10M.classified_gc_rl.tsv.gz
"(1,2]",42,GDN001.A0102.SG1.3_10M.classified_gc_rl.tsv.gz
"(2,3]",65,GDN001.A0102.SG1.3_10M.classified_gc_rl.tsv.gz
"(3,4]",82,GDN001.A0102.SG1.3_10M.classified_gc_rl.tsv.gz
"(4,5]",174,GDN001.A0102.SG1.3_10M.classified_gc_rl.tsv.gz
"(5,6]",264,GDN001.A0102.SG1.3_10M.classified_gc_rl.tsv.gz
"(6,7]",317,GDN001.A0102.SG1.3_10M.classified_gc_rl.tsv.gz
"(7,8]",396,GDN001.A0102.SG1.3_10M.classified_gc_rl.tsv.gz
"(8,9]",433,GDN001.A0102.SG1.3_10M.classified_gc_rl.tsv.gz
"(9,10]",544,GDN001.A0102.SG1.3_10M.classified_gc_rl.tsv.gz
"(10,11]",554,GDN001.A0102.SG1.3_10M.classified_gc_rl.tsv.gz
"(11,12]",716,GDN001.A0102.SG1.3_10M.classified_gc_rl.tsv.gz
"(12,13]",723,GDN001.A0102.SG1.3_10M.classified_gc_rl.tsv.gz
"(13,14]",968,GDN001.A0102.SG1.3_10M.classified_gc_rl.tsv.gz
"(14,15]",1041,GDN001.A0102.SG1.3_10M.classified_gc_rl.tsv.gz
"(15,16]",1455,GDN001.A0102.SG1.3_10M.classified_gc_rl.tsv.gz
"(16,17]",1722,GDN001.A0102.SG1.3_10M.classified_gc_rl.tsv.gz
"(17,18]",2416,GDN001.A0102.SG1.3_10M.classified_gc_rl.tsv.gz
"(18,19]",2940,GDN001.A0102.SG1.3_10M.classified_gc_rl.tsv.gz
"(19,20]",4705,GDN001.A0102.SG1.3_10M.classified_gc_rl.tsv.gz
"(20,21]",4256,GDN001.A0102.SG1.3_10M.classified_gc_rl.tsv.gz
"(21,22]",5871,GDN001.A0102.SG1.3_10M.classified_gc_rl.tsv.gz
"(22,23]",6485,GDN001.A0102.SG1.3_10M.classified_gc_rl.tsv.gz
"(23,24]",7506,GDN001.A0102.SG1.3_10M.classified_gc_rl.tsv.gz
"(24,25]",8944,GDN001.A0102.SG1.3_10M.classified_gc_rl.tsv.gz
"(25,26]",6379,GDN001.A0102.SG1.3_10M.classified_gc_rl.tsv.gz
"(26,27]",8036,GDN001.A0102.SG1.3_10M.classified_gc_rl.tsv.gz
"(27,28]",8376,GDN001.A0102.SG1.3_10M.classified_gc_rl.tsv.gz
"(28,29]",7872,GDN001.A0102.SG1.3_10M.classified_gc_rl.tsv.gz
"(29,30]",8524,GDN001.A0102.SG1.3_10M.classified_gc_rl.tsv.gz
"(30,31]",7280,GDN001.A0102.SG1.3_10M.classified_gc_rl.tsv.gz
"(31,32]",7800,GDN001.A0102.SG1.3_10M.classified_gc_rl.tsv.gz
"(32,33]",6918,GDN001.A0102.SG1.3_10M.classified_gc_rl.tsv.gz
"(33,34]",6093,GDN001.A0102.SG1.3_10M.classified_gc_rl.tsv.gz
"(34,35]",6429,GDN001.A0102.SG1.3_10M.classified_gc_rl.tsv.gz
"(35,36]",5819,GDN001.A0102.SG1.3_10M.classified_gc_rl.tsv.gz
"(36,37]",5382,GDN001.A0102.SG1.3_10M.classified_gc_rl.tsv.gz
"(37,38]",5228,GDN001.A0102.SG1.3_10M.classified_gc_rl.tsv.gz
"(38,39]",4872,GDN001.A0102.SG1.3_10M.classified_gc_rl.tsv.gz
"(39,40]",6295,GDN001.A0102.SG1.3_10M.classified_gc_rl.tsv.gz
"(40,41]",4299,GDN001.A0102.SG1.3_10M.classified_gc_rl.tsv.gz
"(41,42]",5513,GDN001.A0102.SG1.3_10M.classified_gc_rl.tsv.gz
"(42,43]",5258,GDN001.A0102.SG1.3_10M.classified_gc_rl.tsv.gz
"(43,44]",5640,GDN001.A0102.SG1.3_10M.classified_gc_rl.tsv.gz
"(44,45]",5631,GDN001.A0102.SG1.3_10M.classified_gc_rl.tsv.gz
"(45,46]",5456,GDN001.A0102.SG1.3_10M.classified_gc_rl.tsv.gz
"(46,47]",5858,GDN001.A0102.SG1.3_10M.classified_gc_rl.tsv.gz
"(47,48]",6419,GDN001.A0102.SG1.3_10M.classified_gc_rl.tsv.gz
"(48,49]",6012,GDN001.A0102.SG1.3_10M.classified_gc_rl.tsv.gz
"(49,50]",9027,GDN001.A0102.SG1.3_10M.classified_gc_rl.tsv.gz
"(50,51]",3128,GDN001.A0102.SG1.3_10M.classified_gc_rl.tsv.gz
"(51,52]",7103,GDN001.A0102.SG1.3_10M.classified_gc_rl.tsv.gz
"(52,53]",6904,GDN001.A0102.SG1.3_10M.classified_gc_rl.tsv.gz
"(53,54]",7510,GDN001.A0102.SG1.3_10M.classified_gc_rl.tsv.gz
"(54,55]",7392,GDN001.A0102.SG1.3_10M.classified_gc_rl.tsv.gz
"(55,56]",7107,GDN001.A0102.SG1.3_10M.classified_gc_rl.tsv.gz
"(56,57]",7351,GDN001.A0102.SG1.3_10M.classified_gc_rl.tsv.gz
"(57,58]",8004,GDN001.A0102.SG1.3_10M.classified_gc_rl.tsv.gz
"(58,59]",7584,GDN001.A0102.SG1.3_10M.classified_gc_rl.tsv.gz
"(59,60]",9601,GDN001.A0102.SG1.3_10M.classified_gc_rl.tsv.gz
"(60,61]",6910,GDN001.A0102.SG1.3_10M.classified_gc_rl.tsv.gz
"(61,62]",8350,GDN001.A0102.SG1.3_10M.classified_gc_rl.tsv.gz
"(62,63]",8028,GDN001.A0102.SG1.3_10M.classified_gc_rl.tsv.gz
"(63,64]",9084,GDN001.A0102.SG1.3_10M.classified_gc_rl.tsv.gz
"(64,65]",8992,GDN001.A0102.SG1.3_10M.classified_gc_rl.tsv.gz
"(65,66]",9064,GDN001.A0102.SG1.3_10M.classified_gc_rl.tsv.gz
"(66,67]",8011,GDN001.A0102.SG1.3_10M.classified_gc_rl.tsv.gz
"(67,68]",9013,GDN001.A0102.SG1.3_10M.classified_gc_rl.tsv.gz
"(68,69]",8196,GDN001.A0102.SG1.3_10M.classified_gc_rl.tsv.gz
"(69,70]",8835,GDN001.A0102.SG1.3_10M.classified_gc_rl.tsv.gz
"(70,71]",6762,GDN001.A0102.SG1.3_10M.classified_gc_rl.tsv.gz
"(71,72]",7342,GDN001.A0102.SG1.3_10M.classified_gc_rl.tsv.gz
"(72,73]",6180,GDN001.A0102.SG1.3_10M.classified_gc_rl.tsv.gz
"(73,74]",5878,GDN001.A0102.SG1.3_10M.classified_gc_rl.tsv.gz
"(74,75]",5537,GDN001.A0102.SG1.3_10M.classified_gc_rl.tsv.gz
"(75,76]",3114,GDN001.A0102.SG1.3_10M.classified_gc_rl.tsv.gz
"(76,77]",3346,GDN001.A0102.SG1.3_10M.classified_gc_rl.tsv.gz
"(77,78]",2640,GDN001.A0102.SG1.3_10M.classified_gc_rl.tsv.gz
"(78,79]",1979,GDN001.A0102.SG1.3_10M.classified_gc_rl.tsv.gz
"(79,80]",1852,GDN001.A0102.SG1.3_10M.classified_gc_rl.tsv.gz
"(80,81]",905,GDN001.A0102.SG1.3_10M.classified_gc_rl.tsv.gz
"(81,82]",860,GDN001.A0102.SG1.3_10M.classified_gc_rl.tsv.gz
"(82,83]",646,GDN001.A0102.SG1.3_10M.classified_gc_rl.tsv.gz
"(83,84]",342,GDN001.A0102.SG1.3_10M.classified_gc_rl.tsv.gz
"(84,85]",307,GDN001.A0102.SG1.3_10M.classified_gc_rl.tsv.gz
"(85,86]",134,GDN001.A0102.SG1.3_10M.classified_gc_rl.tsv.gz
"(86,87]",122,GDN001.A0102.SG1.3_10M.classified_gc_rl.tsv.gz
"(87,88]",55,GDN001.A0102.SG1.3_10M.classified_gc_rl.tsv.gz
"(88,89]",27,GDN001.A0102.SG1.3_10M.classified_gc_rl.tsv.gz
"(89,90]",22,GDN001.A0102.SG1.3_10M.classified_gc_rl.tsv.gz
"(90,91]",4,GDN001.A0102.SG1.3_10M.classified_gc_rl.tsv.gz
"(91,92]",3,GDN001.A0102.SG1.3_10M.classified_gc_rl.tsv.gz
"(92,93]",2,GDN001.A0102.SG1.3_10M.classified_gc_rl.tsv.gz
"[0,1]",1,GOY005.A0101.SG1.2_10M.classified_gc_rl.tsv.gz
"(1,2]",2,GOY005.A0101.SG1.2_10M.classified_gc_rl.tsv.gz
"(2,3]",2,GOY005.A0101.SG1.2_10M.classified_gc_rl.tsv.gz
"(5,6]",2,GOY005.A0101.SG1.2_10M.classified_gc_rl.tsv.gz
"(6,7]",5,GOY005.A0101.SG1.2_10M.classified_gc_rl.tsv.gz
"(7,8]",9,GOY005.A0101.SG1.2_10M.classified_gc_rl.tsv.gz
"(8,9]",13,GOY005.A0101.SG1.2_10M.classified_gc_rl.tsv.gz
"(9,10]",31,GOY005.A0101.SG1.2_10M.classified_gc_rl.tsv.gz
"(10,11]",48,GOY005.A0101.SG1.2_10M.classified_gc_rl.tsv.gz
"(11,12]",91,GOY005.A0101.SG1.2_10M.classified_gc_rl.tsv.gz
"(12,13]",129,GOY005.A0101.SG1.2_10M.classified_gc_rl.tsv.gz
"(13,14]",257,GOY005.A0101.SG1.2_10M.classified_gc_rl.tsv.gz
"(14,15]",354,GOY005.A0101.SG1.2_10M.classified_gc_rl.tsv.gz
"(15,16]",497,GOY005.A0101.SG1.2_10M.classified_gc_rl.tsv.gz
"(16,17]",731,GOY005.A0101.SG1.2_10M.classified_gc_rl.tsv.gz
"(17,18]",1110,GOY005.A0101.SG1.2_10M.classified_gc_rl.tsv.gz
"(18,19]",1402,GOY005.A0101.SG1.2_10M.classified_gc_rl.tsv.gz
"(19,20]",2269,GOY005.A0101.SG1.2_10M.classified_gc_rl.tsv.gz
"(20,21]",1835,GOY005.A0101.SG1.2_10M.classified_gc_rl.tsv.gz
"(21,22]",2887,GOY005.A0101.SG1.2_10M.classified_gc_rl.tsv.gz
"(22,23]",3275,GOY005.A0101.SG1.2_10M.classified_gc_rl.tsv.gz
"(23,24]",4529,GOY005.A0101.SG1.2_10M.classified_gc_rl.tsv.gz
"(24,25]",5756,GOY005.A0101.SG1.2_10M.classified_gc_rl.tsv.gz
"(25,26]",4409,GOY005.A0101.SG1.2_10M.classified_gc_rl.tsv.gz
"(26,27]",6305,GOY005.A0101.SG1.2_10M.classified_gc_rl.tsv.gz
"(27,28]",7792,GOY005.A0101.SG1.2_10M.classified_gc_rl.tsv.gz
"(28,29]",8203,GOY005.A0101.SG1.2_10M.classified_gc_rl.tsv.gz
"(29,30]",9824,GOY005.A0101.SG1.2_10M.classified_gc_rl.tsv.gz
"(30,31]",9796,GOY005.A0101.SG1.2_10M.classified_gc_rl.tsv.gz
"(31,32]",12198,GOY005.A0101.SG1.2_10M.classified_gc_rl.tsv.gz
"(32,33]",12120,GOY005.A0101.SG1.2_10M.classified_gc_rl.tsv.gz
"(33,34]",12864,GOY005.A0101.SG1.2_10M.classified_gc_rl.tsv.gz
"(34,35]",16781,GOY005.A0101.SG1.2_10M.classified_gc_rl.tsv.gz
"(35,36]",16590,GOY005.A0101.SG1.2_10M.classified_gc_rl.tsv.gz
"(36,37]",17513,GOY005.A0101.SG1.2_10M.classified_gc_rl.tsv.gz
"(37,38]",17963,GOY005.A0101.SG1.2_10M.classified_gc_rl.tsv.gz
"(38,39]",19879,GOY005.A0101.SG1.2_10M.classified_gc_rl.tsv.gz
"(39,40]",26065,GOY005.A0101.SG1.2_10M.classified_gc_rl.tsv.gz
"(40,41]",19009,GOY005.A0101.SG1.2_10M.classified_gc_rl.tsv.gz
"(41,42]",23133,GOY005.A0101.SG1.2_10M.classified_gc_rl.tsv.gz
"(42,43]",24439,GOY005.A0101.SG1.2_10M.classified_gc_rl.tsv.gz
"(43,44]",27730,GOY005.A0101.SG1.2_10M.classified_gc_rl.tsv.gz
"(44,45]",26988,GOY005.A0101.SG1.2_10M.classified_gc_rl.tsv.gz
"(45,46]",24286,GOY005.A0101.SG1.2_10M.classified_gc_rl.tsv.gz
"(46,47]",28020,GOY005.A0101.SG1.2_10M.classified_gc_rl.tsv.gz
"(47,48]",31103,GOY005.A0101.SG1.2_10M.classified_gc_rl.tsv.gz
"(48,49]",28777,GOY005.A0101.SG1.2_10M.classified_gc_rl.tsv.gz
"(49,50]",41664,GOY005.A0101.SG1.2_10M.classified_gc_rl.tsv.gz
"(50,51]",15079,GOY005.A0101.SG1.2_10M.classified_gc_rl.tsv.gz
"(51,52]",33389,GOY005.A0101.SG1.2_10M.classified_gc_rl.tsv.gz
"(52,53]",33760,GOY005.A0101.SG1.2_10M.classified_gc_rl.tsv.gz
"(53,54]",37263,GOY005.A0101.SG1.2_10M.classified_gc_rl.tsv.gz
"(54,55]",35271,GOY005.A0101.SG1.2_10M.classified_gc_rl.tsv.gz
"(55,56]",39003,GOY005.A0101.SG1.2_10M.classified_gc_rl.tsv.gz
"(56,57]",42067,GOY005.A0101.SG1.2_10M.classified_gc_rl.tsv.gz
"(57,58]",45870,GOY005.A0101.SG1.2_10M.classified_gc_rl.tsv.gz
"(58,59]",43378,GOY005.A0101.SG1.2_10M.classified_gc_rl.tsv.gz
"(59,60]",57849,GOY005.A0101.SG1.2_10M.classified_gc_rl.tsv.gz
"(60,61]",43375,GOY005.A0101.SG1.2_10M.classified_gc_rl.tsv.gz
"(61,62]",53193,GOY005.A0101.SG1.2_10M.classified_gc_rl.tsv.gz
"(62,63]",47145,GOY005.A0101.SG1.2_10M.classified_gc_rl.tsv.gz
"(63,64]",54406,GOY005.A0101.SG1.2_10M.classified_gc_rl.tsv.gz
"(64,65]",51425,GOY005.A0101.SG1.2_10M.classified_gc_rl.tsv.gz
"(65,66]",49249,GOY005.A0101.SG1.2_10M.classified_gc_rl.tsv.gz
"(66,67]",39586,GOY005.A0101.SG1.2_10M.classified_gc_rl.tsv.gz
"(67,68]",43232,GOY005.A0101.SG1.2_10M.classified_gc_rl.tsv.gz
"(68,69]",36586,GOY005.A0101.SG1.2_10M.classified_gc_rl.tsv.gz
"(69,70]",38396,GOY005.A0101.SG1.2_10M.classified_gc_rl.tsv.gz
"(70,71]",25190,GOY005.A0101.SG1.2_10M.classified_gc_rl.tsv.gz
"(71,72]",26761,GOY005.A0101.SG1.2_10M.classified_gc_rl.tsv.gz
"(72,73]",21274,GOY005.A0101.SG1.2_10M.classified_gc_rl.tsv.gz
"(73,74]",18441,GOY005.A0101.SG1.2_10M.classified_gc_rl.tsv.gz
"(74,75]",16136,GOY005.A0101.SG1.2_10M.classified_gc_rl.tsv.gz
"(75,76]",8127,GOY005.A0101.SG1.2_10M.classified_gc_rl.tsv.gz
"(76,77]",8784,GOY005.A0101.SG1.2_10M.classified_gc_rl.tsv.gz
"(77,78]",6157,GOY005.A0101.SG1.2_10M.classified_gc_rl.tsv.gz
"(78,79]",4883,GOY005.A0101.SG1.2_10M.classified_gc_rl.tsv.gz
"(79,80]",3797,GOY005.A0101.SG1.2_10M.classified_gc_rl.tsv.gz
"(80,81]",1833,GOY005.A0101.SG1.2_10M.classified_gc_rl.tsv.gz
"(81,82]",1619,GOY005.A0101.SG1.2_10M.classified_gc_rl.tsv.gz
"(82,83]",1057,GOY005.A0101.SG1.2_10M.classified_gc_rl.tsv.gz
"(83,84]",652,GOY005.A0101.SG1.2_10M.classified_gc_rl.tsv.gz
"(84,85]",440,GOY005.A0101.SG1.2_10M.classified_gc_rl.tsv.gz
"(85,86]",157,GOY005.A0101.SG1.2_10M.classified_gc_rl.tsv.gz
"(86,87]",170,GOY005.A0101.SG1.2_10M.classified_gc_rl.tsv.gz
"(87,88]",86,GOY005.A0101.SG1.2_10M.classified_gc_rl.tsv.gz
"(88,89]",35,GOY005.A0101.SG1.2_10M.classified_gc_rl.tsv.gz
"(89,90]",46,GOY005.A0101.SG1.2_10M.classified_gc_rl.tsv.gz
"(90,91]",9,GOY005.A0101.SG1.2_10M.classified_gc_rl.tsv.gz
"(91,92]",14,GOY005.A0101.SG1.2_10M.classified_gc_rl.tsv.gz
"(92,93]",7,GOY005.A0101.SG1.2_10M.classified_gc_rl.tsv.gz
"(93,94]",9,GOY005.A0101.SG1.2_10M.classified_gc_rl.tsv.gz
"(94,95]",8,GOY005.A0101.SG1.2_10M.classified_gc_rl.tsv.gz
"(95,96]",6,GOY005.A0101.SG1.2_10M.classified_gc_rl.tsv.gz
"(96,97]",3,GOY005.A0101.SG1.2_10M.classified_gc_rl.tsv.gz
"(97,98]",11,GOY005.A0101.SG1.2_10M.classified_gc_rl.tsv.gz
"(98,99]",7,GOY005.A0101.SG1.2_10M.classified_gc_rl.tsv.gz
"(99,100]",15,GOY005.A0101.SG1.2_10M.classified_gc_rl.tsv.gz
"[0,1]",3,GOY005.A0103.SG1.4_10M.classified_gc_rl.tsv.gz
"(1,2]",4,GOY005.A0103.SG1.4_10M.classified_gc_rl.tsv.gz
"(2,3]",9,GOY005.A0103.SG1.4_10M.classified_gc_rl.tsv.gz
"(3,4]",7,GOY005.A0103.SG1.4_10M.classified_gc_rl.tsv.gz
"(4,5]",37,GOY005.A0103.SG1.4_10M.classified_gc_rl.tsv.gz
"(5,6]",47,GOY005.A0103.SG1.4_10M.classified_gc_rl.tsv.gz
"(6,7]",69,GOY005.A0103.SG1.4_10M.classified_gc_rl.tsv.gz
"(7,8]",97,GOY005.A0103.SG1.4_10M.classified_gc_rl.tsv.gz
"(8,9]",134,GOY005.A0103.SG1.4_10M.classified_gc_rl.tsv.gz
"(9,10]",217,GOY005.A0103.SG1.4_10M.classified_gc_rl.tsv.gz
"(10,11]",318,GOY005.A0103.SG1.4_10M.classified_gc_rl.tsv.gz
"(11,12]",455,GOY005.A0103.SG1.4_10M.classified_gc_rl.tsv.gz
"(12,13]",608,GOY005.A0103.SG1.4_10M.classified_gc_rl.tsv.gz
"(13,14]",900,GOY005.A0103.SG1.4_10M.classified_gc_rl.tsv.gz
"(14,15]",1167,GOY005.A0103.SG1.4_10M.classified_gc_rl.tsv.gz
"(15,16]",1482,GOY005.A0103.SG1.4_10M.classified_gc_rl.tsv.gz
"(16,17]",1723,GOY005.A0103.SG1.4_10M.classified_gc_rl.tsv.gz
"(17,18]",2502,GOY005.A0103.SG1.4_10M.classified_gc_rl.tsv.gz
"(18,19]",2692,GOY005.A0103.SG1.4_10M.classified_gc_rl.tsv.gz
"(19,20]",4125,GOY005.A0103.SG1.4_10M.classified_gc_rl.tsv.gz
"(20,21]",3155,GOY005.A0103.SG1.4_10M.classified_gc_rl.tsv.gz
"(21,22]",4907,GOY005.A0103.SG1.4_10M.classified_gc_rl.tsv.gz
"(22,23]",4708,GOY005.A0103.SG1.4_10M.classified_gc_rl.tsv.gz
"(23,24]",6289,GOY005.A0103.SG1.4_10M.classified_gc_rl.tsv.gz
"(24,25]",7600,GOY005.A0103.SG1.4_10M.classified_gc_rl.tsv.gz
"(25,26]",4924,GOY005.A0103.SG1.4_10M.classified_gc_rl.tsv.gz
"(26,27]",7421,GOY005.A0103.SG1.4_10M.classified_gc_rl.tsv.gz
"(27,28]",8523,GOY005.A0103.SG1.4_10M.classified_gc_rl.tsv.gz
"(28,29]",8180,GOY005.A0103.SG1.4_10M.classified_gc_rl.tsv.gz
"(29,30]",9551,GOY005.A0103.SG1.4_10M.classified_gc_rl.tsv.gz
"(30,31]",8716,GOY005.A0103.SG1.4_10M.classified_gc_rl.tsv.gz
"(31,32]",9989,GOY005.A0103.SG1.4_10M.classified_gc_rl.tsv.gz
"(32,33]",9394,GOY005.A0103.SG1.4_10M.classified_gc_rl.tsv.gz
"(33,34]",9954,GOY005.A0103.SG1.4_10M.classified_gc_rl.tsv.gz
"(34,35]",11994,GOY005.A0103.SG1.4_10M.classified_gc_rl.tsv.gz
"(35,36]",10757,GOY005.A0103.SG1.4_10M.classified_gc_rl.tsv.gz
"(36,37]",11227,GOY005.A0103.SG1.4_10M.classified_gc_rl.tsv.gz
"(37,38]",11145,GOY005.A0103.SG1.4_10M.classified_gc_rl.tsv.gz
"(38,39]",10751,GOY005.A0103.SG1.4_10M.classified_gc_rl.tsv.gz
"(39,40]",14214,GOY005.A0103.SG1.4_10M.classified_gc_rl.tsv.gz
"(40,41]",9175,GOY005.A0103.SG1.4_10M.classified_gc_rl.tsv.gz
"(41,42]",11299,GOY005.A0103.SG1.4_10M.classified_gc_rl.tsv.gz
"(42,43]",10682,GOY005.A0103.SG1.4_10M.classified_gc_rl.tsv.gz
"(43,44]",11561,GOY005.A0103.SG1.4_10M.classified_gc_rl.tsv.gz
"(44,45]",10869,GOY005.A0103.SG1.4_10M.classified_gc_rl.tsv.gz
"(45,46]",9414,GOY005.A0103.SG1.4_10M.classified_gc_rl.tsv.gz
"(46,47]",9850,GOY005.A0103.SG1.4_10M.classified_gc_rl.tsv.gz
"(47,48]",10707,GOY005.A0103.SG1.4_10M.classified_gc_rl.tsv.gz
"(48,49]",9483,GOY005.A0103.SG1.4_10M.classified_gc_rl.tsv.gz
"(49,50]",12174,GOY005.A0103.SG1.4_10M.classified_gc_rl.tsv.gz
"(50,51]",3099,GOY005.A0103.SG1.4_10M.classified_gc_rl.tsv.gz
"(51,52]",9083,GOY005.A0103.SG1.4_10M.classified_gc_rl.tsv.gz
"(52,53]",8856,GOY005.A0103.SG1.4_10M.classified_gc_rl.tsv.gz
"(53,54]",8649,GOY005.A0103.SG1.4_10M.classified_gc_rl.tsv.gz
"(54,55]",7986,GOY005.A0103.SG1.4_10M.classified_gc_rl.tsv.gz
"(55,56]",7710,GOY005.A0103.SG1.4_10M.classified_gc_rl.tsv.gz
"(56,57]",8139,GOY005.A0103.SG1.4_10M.classified_gc_rl.tsv.gz
"(57,58]",8253,GOY005.A0103.SG1.4_10M.classified_gc_rl.tsv.gz
"(58,59]",7886,GOY005.A0103.SG1.4_10M.classified_gc_rl.tsv.gz
"(59,60]",9381,GOY005.A0103.SG1.4_10M.classified_gc_rl.tsv.gz
"(60,61]",6980,GOY005.A0103.SG1.4_10M.classified_gc_rl.tsv.gz
"(61,62]",8022,GOY005.A0103.SG1.4_10M.classified_gc_rl.tsv.gz
"(62,63]",7207,GOY005.A0103.SG1.4_10M.classified_gc_rl.tsv.gz
"(63,64]",8004,GOY005.A0103.SG1.4_10M.classified_gc_rl.tsv.gz
"(64,65]",7560,GOY005.A0103.SG1.4_10M.classified_gc_rl.tsv.gz
"(65,66]",7159,GOY005.A0103.SG1.4_10M.classified_gc_rl.tsv.gz
"(66,67]",5642,GOY005.A0103.SG1.4_10M.classified_gc_rl.tsv.gz
"(67,68]",5733,GOY005.A0103.SG1.4_10M.classified_gc_rl.tsv.gz
"(68,69]",5061,GOY005.A0103.SG1.4_10M.classified_gc_rl.tsv.gz
"(69,70]",5595,GOY005.A0103.SG1.4_10M.classified_gc_rl.tsv.gz
"(70,71]",3582,GOY005.A0103.SG1.4_10M.classified_gc_rl.tsv.gz
"(71,72]",3847,GOY005.A0103.SG1.4_10M.classified_gc_rl.tsv.gz
"(72,73]",3041,GOY005.A0103.SG1.4_10M.classified_gc_rl.tsv.gz
"(73,74]",2598,GOY005.A0103.SG1.4_10M.classified_gc_rl.tsv.gz
"(74,75]",2293,GOY005.A0103.SG1.4_10M.classified_gc_rl.tsv.gz
"(75,76]",1192,GOY005.A0103.SG1.4_10M.classified_gc_rl.tsv.gz
"(76,77]",1350,GOY005.A0103.SG1.4_10M.classified_gc_rl.tsv.gz
"(77,78]",886,GOY005.A0103.SG1.4_10M.classified_gc_rl.tsv.gz
"(78,79]",782,GOY005.A0103.SG1.4_10M.classified_gc_rl.tsv.gz
"(79,80]",596,GOY005.A0103.SG1.4_10M.classified_gc_rl.tsv.gz
"(80,81]",315,GOY005.A0103.SG1.4_10M.classified_gc_rl.tsv.gz
"(81,82]",268,GOY005.A0103.SG1.4_10M.classified_gc_rl.tsv.gz
"(82,83]",164,GOY005.A0103.SG1.4_10M.classified_gc_rl.tsv.gz
"(83,84]",108,GOY005.A0103.SG1.4_10M.classified_gc_rl.tsv.gz
"(84,85]",75,GOY005.A0103.SG1.4_10M.classified_gc_rl.tsv.gz
"(85,86]",21,GOY005.A0103.SG1.4_10M.classified_gc_rl.tsv.gz
"(86,87]",29,GOY005.A0103.SG1.4_10M.classified_gc_rl.tsv.gz
"(87,88]",12,GOY005.A0103.SG1.4_10M.classified_gc_rl.tsv.gz
"(88,89]",2,GOY005.A0103.SG1.4_10M.classified_gc_rl.tsv.gz
"(89,90]",7,GOY005.A0103.SG1.4_10M.classified_gc_rl.tsv.gz
"(90,91]",3,GOY005.A0103.SG1.4_10M.classified_gc_rl.tsv.gz
"(91,92]",1,GOY005.A0103.SG1.4_10M.classified_gc_rl.tsv.gz
"(92,93]",1,GOY005.A0103.SG1.4_10M.classified_gc_rl.tsv.gz
"(94,95]",1,GOY005.A0103.SG1.4_10M.classified_gc_rl.tsv.gz
"(99,100]",2,GOY005.A0103.SG1.4_10M.classified_gc_rl.tsv.gz
"[0,1]",1,GOY006.A0101.SG1.2_10M.classified_gc_rl.tsv.gz
"(1,2]",2,GOY006.A0101.SG1.2_10M.classified_gc_rl.tsv.gz
"(2,3]",1,GOY006.A0101.SG1.2_10M.classified_gc_rl.tsv.gz
"(5,6]",3,GOY006.A0101.SG1.2_10M.classified_gc_rl.tsv.gz
"(6,7]",5,GOY006.A0101.SG1.2_10M.classified_gc_rl.tsv.gz
"(7,8]",10,GOY006.A0101.SG1.2_10M.classified_gc_rl.tsv.gz
"(8,9]",15,GOY006.A0101.SG1.2_10M.classified_gc_rl.tsv.gz
"(9,10]",24,GOY006.A0101.SG1.2_10M.classified_gc_rl.tsv.gz
"(10,11]",32,GOY006.A0101.SG1.2_10M.classified_gc_rl.tsv.gz
"(11,12]",48,GOY006.A0101.SG1.2_10M.classified_gc_rl.tsv.gz
"(12,13]",71,GOY006.A0101.SG1.2_10M.classified_gc_rl.tsv.gz
"(13,14]",122,GOY006.A0101.SG1.2_10M.classified_gc_rl.tsv.gz
"(14,15]",169,GOY006.A0101.SG1.2_10M.classified_gc_rl.tsv.gz
"(15,16]",234,GOY006.A0101.SG1.2_10M.classified_gc_rl.tsv.gz
"(16,17]",338,GOY006.A0101.SG1.2_10M.classified_gc_rl.tsv.gz
"(17,18]",585,GOY006.A0101.SG1.2_10M.classified_gc_rl.tsv.gz
"(18,19]",698,GOY006.A0101.SG1.2_10M.classified_gc_rl.tsv.gz
"(19,20]",1105,GOY006.A0101.SG1.2_10M.classified_gc_rl.tsv.gz
"(20,21]",995,GOY006.A0101.SG1.2_10M.classified_gc_rl.tsv.gz
"(21,22]",1605,GOY006.A0101.SG1.2_10M.classified_gc_rl.tsv.gz
"(22,23]",1837,GOY006.A0101.SG1.2_10M.classified_gc_rl.tsv.gz
"(23,24]",2457,GOY006.A0101.SG1.2_10M.classified_gc_rl.tsv.gz
"(24,25]",3173,GOY006.A0101.SG1.2_10M.classified_gc_rl.tsv.gz
"(25,26]",2477,GOY006.A0101.SG1.2_10M.classified_gc_rl.tsv.gz
"(26,27]",3691,GOY006.A0101.SG1.2_10M.classified_gc_rl.tsv.gz
"(27,28]",4564,GOY006.A0101.SG1.2_10M.classified_gc_rl.tsv.gz
"(28,29]",4825,GOY006.A0101.SG1.2_10M.classified_gc_rl.tsv.gz
"(29,30]",5739,GOY006.A0101.SG1.2_10M.classified_gc_rl.tsv.gz
"(30,31]",6077,GOY006.A0101.SG1.2_10M.classified_gc_rl.tsv.gz
"(31,32]",7623,GOY006.A0101.SG1.2_10M.classified_gc_rl.tsv.gz
"(32,33]",8016,GOY006.A0101.SG1.2_10M.classified_gc_rl.tsv.gz
"(33,34]",8528,GOY006.A0101.SG1.2_10M.classified_gc_rl.tsv.gz
"(34,35]",11112,GOY006.A0101.SG1.2_10M.classified_gc_rl.tsv.gz
"(35,36]",12125,GOY006.A0101.SG1.2_10M.classified_gc_rl.tsv.gz
"(36,37]",13297,GOY006.A0101.SG1.2_10M.classified_gc_rl.tsv.gz
"(37,38]",14015,GOY006.A0101.SG1.2_10M.classified_gc_rl.tsv.gz
"(38,39]",16199,GOY006.A0101.SG1.2_10M.classified_gc_rl.tsv.gz
"(39,40]",20360,GOY006.A0101.SG1.2_10M.classified_gc_rl.tsv.gz
"(40,41]",16178,GOY006.A0101.SG1.2_10M.classified_gc_rl.tsv.gz
"(41,42]",18849,GOY006.A0101.SG1.2_10M.classified_gc_rl.tsv.gz
"(42,43]",20388,GOY006.A0101.SG1.2_10M.classified_gc_rl.tsv.gz
"(43,44]",23239,GOY006.A0101.SG1.2_10M.classified_gc_rl.tsv.gz
"(44,45]",22743,GOY006.A0101.SG1.2_10M.classified_gc_rl.tsv.gz
"(45,46]",21286,GOY006.A0101.SG1.2_10M.classified_gc_rl.tsv.gz
"(46,47]",24235,GOY006.A0101.SG1.2_10M.classified_gc_rl.tsv.gz
"(47,48]",25701,GOY006.A0101.SG1.2_10M.classified_gc_rl.tsv.gz
"(48,49]",23635,GOY006.A0101.SG1.2_10M.classified_gc_rl.tsv.gz
"(49,50]",35527,GOY006.A0101.SG1.2_10M.classified_gc_rl.tsv.gz
"(50,51]",14482,GOY006.A0101.SG1.2_10M.classified_gc_rl.tsv.gz
"(51,52]",27832,GOY006.A0101.SG1.2_10M.classified_gc_rl.tsv.gz
"(52,53]",28309,GOY006.A0101.SG1.2_10M.classified_gc_rl.tsv.gz
"(53,54]",31769,GOY006.A0101.SG1.2_10M.classified_gc_rl.tsv.gz
"(54,55]",31731,GOY006.A0101.SG1.2_10M.classified_gc_rl.tsv.gz
"(55,56]",34277,GOY006.A0101.SG1.2_10M.classified_gc_rl.tsv.gz
"(56,57]",36753,GOY006.A0101.SG1.2_10M.classified_gc_rl.tsv.gz
"(57,58]",40550,GOY006.A0101.SG1.2_10M.classified_gc_rl.tsv.gz
"(58,59]",38929,GOY006.A0101.SG1.2_10M.classified_gc_rl.tsv.gz
"(59,60]",51062,GOY006.A0101.SG1.2_10M.classified_gc_rl.tsv.gz
"(60,61]",38192,GOY006.A0101.SG1.2_10M.classified_gc_rl.tsv.gz
"(61,62]",46642,GOY006.A0101.SG1.2_10M.classified_gc_rl.tsv.gz
"(62,63]",42556,GOY006.A0101.SG1.2_10M.classified_gc_rl.tsv.gz
"(63,64]",48388,GOY006.A0101.SG1.2_10M.classified_gc_rl.tsv.gz
"(64,65]",47064,GOY006.A0101.SG1.2_10M.classified_gc_rl.tsv.gz
"(65,66]",46205,GOY006.A0101.SG1.2_10M.classified_gc_rl.tsv.gz
"(66,67]",40134,GOY006.A0101.SG1.2_10M.classified_gc_rl.tsv.gz
"(67,68]",44597,GOY006.A0101.SG1.2_10M.classified_gc_rl.tsv.gz
"(68,69]",39383,GOY006.A0101.SG1.2_10M.classified_gc_rl.tsv.gz
"(69,70]",41486,GOY006.A0101.SG1.2_10M.classified_gc_rl.tsv.gz
"(70,71]",29636,GOY006.A0101.SG1.2_10M.classified_gc_rl.tsv.gz
"(71,72]",31685,GOY006.A0101.SG1.2_10M.classified_gc_rl.tsv.gz
"(72,73]",26130,GOY006.A0101.SG1.2_10M.classified_gc_rl.tsv.gz
"(73,74]",23610,GOY006.A0101.SG1.2_10M.classified_gc_rl.tsv.gz
"(74,75]",21788,GOY006.A0101.SG1.2_10M.classified_gc_rl.tsv.gz
"(75,76]",11719,GOY006.A0101.SG1.2_10M.classified_gc_rl.tsv.gz
"(76,77]",12361,GOY006.A0101.SG1.2_10M.classified_gc_rl.tsv.gz
"(77,78]",9265,GOY006.A0101.SG1.2_10M.classified_gc_rl.tsv.gz
"(78,79]",7166,GOY006.A0101.SG1.2_10M.classified_gc_rl.tsv.gz
"(79,80]",5970,GOY006.A0101.SG1.2_10M.classified_gc_rl.tsv.gz
"(80,81]",2929,GOY006.A0101.SG1.2_10M.classified_gc_rl.tsv.gz
"(81,82]",2645,GOY006.A0101.SG1.2_10M.classified_gc_rl.tsv.gz
"(82,83]",1725,GOY006.A0101.SG1.2_10M.classified_gc_rl.tsv.gz
"(83,84]",1205,GOY006.A0101.SG1.2_10M.classified_gc_rl.tsv.gz
"(84,85]",813,GOY006.A0101.SG1.2_10M.classified_gc_rl.tsv.gz
"(85,86]",398,GOY006.A0101.SG1.2_10M.classified_gc_rl.tsv.gz
"(86,87]",342,GOY006.A0101.SG1.2_10M.classified_gc_rl.tsv.gz
"(87,88]",191,GOY006.A0101.SG1.2_10M.classified_gc_rl.tsv.gz
"(88,89]",96,GOY006.A0101.SG1.2_10M.classified_gc_rl.tsv.gz
"(89,90]",74,GOY006.A0101.SG1.2_10M.classified_gc_rl.tsv.gz
"(90,91]",30,GOY006.A0101.SG1.2_10M.classified_gc_rl.tsv.gz
"(91,92]",17,GOY006.A0101.SG1.2_10M.classified_gc_rl.tsv.gz
"(92,93]",16,GOY006.A0101.SG1.2_10M.classified_gc_rl.tsv.gz
"(93,94]",4,GOY006.A0101.SG1.2_10M.classified_gc_rl.tsv.gz
"(94,95]",6,GOY006.A0101.SG1.2_10M.classified_gc_rl.tsv.gz
"(95,96]",6,GOY006.A0101.SG1.2_10M.classified_gc_rl.tsv.gz
"(96,97]",2,GOY006.A0101.SG1.2_10M.classified_gc_rl.tsv.gz
"(97,98]",6,GOY006.A0101.SG1.2_10M.classified_gc_rl.tsv.gz
"(98,99]",7,GOY006.A0101.SG1.2_10M.classified_gc_rl.tsv.gz
"(99,100]",18,GOY006.A0101.SG1.2_10M.classified_gc_rl.tsv.gz
"[0,1]",1,GOY006.A0102.SG1.5_10M.classified_gc_rl.tsv.gz
"(1,2]",3,GOY006.A0102.SG1.5_10M.classified_gc_rl.tsv.gz
"(2,3]",5,GOY006.A0102.SG1.5_10M.classified_gc_rl.tsv.gz
"(3,4]",7,GOY006.A0102.SG1.5_10M.classified_gc_rl.tsv.gz
"(4,5]",18,GOY006.A0102.SG1.5_10M.classified_gc_rl.tsv.gz
"(5,6]",19,GOY006.A0102.SG1.5_10M.classified_gc_rl.tsv.gz
"(6,7]",45,GOY006.A0102.SG1.5_10M.classified_gc_rl.tsv.gz
"(7,8]",71,GOY006.A0102.SG1.5_10M.classified_gc_rl.tsv.gz
"(8,9]",95,GOY006.A0102.SG1.5_10M.classified_gc_rl.tsv.gz
"(9,10]",154,GOY006.A0102.SG1.5_10M.classified_gc_rl.tsv.gz
"(10,11]",214,GOY006.A0102.SG1.5_10M.classified_gc_rl.tsv.gz
"(11,12]",299,GOY006.A0102.SG1.5_10M.classified_gc_rl.tsv.gz
"(12,13]",425,GOY006.A0102.SG1.5_10M.classified_gc_rl.tsv.gz
"(13,14]",658,GOY006.A0102.SG1.5_10M.classified_gc_rl.tsv.gz
"(14,15]",796,GOY006.A0102.SG1.5_10M.classified_gc_rl.tsv.gz
"(15,16]",1067,GOY006.A0102.SG1.5_10M.classified_gc_rl.tsv.gz
"(16,17]",1174,GOY006.A0102.SG1.5_10M.classified_gc_rl.tsv.gz
"(17,18]",1784,GOY006.A0102.SG1.5_10M.classified_gc_rl.tsv.gz
"(18,19]",1915,GOY006.A0102.SG1.5_10M.classified_gc_rl.tsv.gz
"(19,20]",2996,GOY006.A0102.SG1.5_10M.classified_gc_rl.tsv.gz
"(20,21]",2539,GOY006.A0102.SG1.5_10M.classified_gc_rl.tsv.gz
"(21,22]",3832,GOY006.A0102.SG1.5_10M.classified_gc_rl.tsv.gz
"(22,23]",3756,GOY006.A0102.SG1.5_10M.classified_gc_rl.tsv.gz
"(23,24]",5022,GOY006.A0102.SG1.5_10M.classified_gc_rl.tsv.gz
"(24,25]",6249,GOY006.A0102.SG1.5_10M.classified_gc_rl.tsv.gz
"(25,26]",4480,GOY006.A0102.SG1.5_10M.classified_gc_rl.tsv.gz
"(26,27]",6367,GOY006.A0102.SG1.5_10M.classified_gc_rl.tsv.gz
"(27,28]",7343,GOY006.A0102.SG1.5_10M.classified_gc_rl.tsv.gz
"(28,29]",7284,GOY006.A0102.SG1.5_10M.classified_gc_rl.tsv.gz
"(29,30]",8447,GOY006.A0102.SG1.5_10M.classified_gc_rl.tsv.gz
"(30,31]",8123,GOY006.A0102.SG1.5_10M.classified_gc_rl.tsv.gz
"(31,32]",9590,GOY006.A0102.SG1.5_10M.classified_gc_rl.tsv.gz
"(32,33]",9486,GOY006.A0102.SG1.5_10M.classified_gc_rl.tsv.gz
"(33,34]",10142,GOY006.A0102.SG1.5_10M.classified_gc_rl.tsv.gz
"(34,35]",12255,GOY006.A0102.SG1.5_10M.classified_gc_rl.tsv.gz
"(35,36]",11658,GOY006.A0102.SG1.5_10M.classified_gc_rl.tsv.gz
"(36,37]",12304,GOY006.A0102.SG1.5_10M.classified_gc_rl.tsv.gz
"(37,38]",12378,GOY006.A0102.SG1.5_10M.classified_gc_rl.tsv.gz
"(38,39]",13002,GOY006.A0102.SG1.5_10M.classified_gc_rl.tsv.gz
"(39,40]",16393,GOY006.A0102.SG1.5_10M.classified_gc_rl.tsv.gz
"(40,41]",11904,GOY006.A0102.SG1.5_10M.classified_gc_rl.tsv.gz
"(41,42]",14252,GOY006.A0102.SG1.5_10M.classified_gc_rl.tsv.gz
"(42,43]",14289,GOY006.A0102.SG1.5_10M.classified_gc_rl.tsv.gz
"(43,44]",15396,GOY006.A0102.SG1.5_10M.classified_gc_rl.tsv.gz
"(44,45]",14810,GOY006.A0102.SG1.5_10M.classified_gc_rl.tsv.gz
"(45,46]",13046,GOY006.A0102.SG1.5_10M.classified_gc_rl.tsv.gz
"(46,47]",13581,GOY006.A0102.SG1.5_10M.classified_gc_rl.tsv.gz
"(47,48]",14442,GOY006.A0102.SG1.5_10M.classified_gc_rl.tsv.gz
"(48,49]",12936,GOY006.A0102.SG1.5_10M.classified_gc_rl.tsv.gz
"(49,50]",17665,GOY006.A0102.SG1.5_10M.classified_gc_rl.tsv.gz
"(50,51]",5329,GOY006.A0102.SG1.5_10M.classified_gc_rl.tsv.gz
"(51,52]",13226,GOY006.A0102.SG1.5_10M.classified_gc_rl.tsv.gz
"(52,53]",12596,GOY006.A0102.SG1.5_10M.classified_gc_rl.tsv.gz
"(53,54]",13024,GOY006.A0102.SG1.5_10M.classified_gc_rl.tsv.gz
"(54,55]",12679,GOY006.A0102.SG1.5_10M.classified_gc_rl.tsv.gz
"(55,56]",12326,GOY006.A0102.SG1.5_10M.classified_gc_rl.tsv.gz
"(56,57]",13235,GOY006.A0102.SG1.5_10M.classified_gc_rl.tsv.gz
"(57,58]",13995,GOY006.A0102.SG1.5_10M.classified_gc_rl.tsv.gz
"(58,59]",13182,GOY006.A0102.SG1.5_10M.classified_gc_rl.tsv.gz
"(59,60]",16226,GOY006.A0102.SG1.5_10M.classified_gc_rl.tsv.gz
"(60,61]",11767,GOY006.A0102.SG1.5_10M.classified_gc_rl.tsv.gz
"(61,62]",14098,GOY006.A0102.SG1.5_10M.classified_gc_rl.tsv.gz
"(62,63]",12424,GOY006.A0102.SG1.5_10M.classified_gc_rl.tsv.gz
"(63,64]",14102,GOY006.A0102.SG1.5_10M.classified_gc_rl.tsv.gz
"(64,65]",13629,GOY006.A0102.SG1.5_10M.classified_gc_rl.tsv.gz
"(65,66]",13138,GOY006.A0102.SG1.5_10M.classified_gc_rl.tsv.gz
"(66,67]",10911,GOY006.A0102.SG1.5_10M.classified_gc_rl.tsv.gz
"(67,68]",11521,GOY006.A0102.SG1.5_10M.classified_gc_rl.tsv.gz
"(68,69]",10352,GOY006.A0102.SG1.5_10M.classified_gc_rl.tsv.gz
"(69,70]",11297,GOY006.A0102.SG1.5_10M.classified_gc_rl.tsv.gz
"(70,71]",7542,GOY006.A0102.SG1.5_10M.classified_gc_rl.tsv.gz
"(71,72]",8183,GOY006.A0102.SG1.5_10M.classified_gc_rl.tsv.gz
"(72,73]",6657,GOY006.A0102.SG1.5_10M.classified_gc_rl.tsv.gz
"(73,74]",5933,GOY006.A0102.SG1.5_10M.classified_gc_rl.tsv.gz
"(74,75]",5482,GOY006.A0102.SG1.5_10M.classified_gc_rl.tsv.gz
"(75,76]",2855,GOY006.A0102.SG1.5_10M.classified_gc_rl.tsv.gz
"(76,77]",2984,GOY006.A0102.SG1.5_10M.classified_gc_rl.tsv.gz
"(77,78]",2147,GOY006.A0102.SG1.5_10M.classified_gc_rl.tsv.gz
"(78,79]",1843,GOY006.A0102.SG1.5_10M.classified_gc_rl.tsv.gz
"(79,80]",1439,GOY006.A0102.SG1.5_10M.classified_gc_rl.tsv.gz
"(80,81]",702,GOY006.A0102.SG1.5_10M.classified_gc_rl.tsv.gz
"(81,82]",639,GOY006.A0102.SG1.5_10M.classified_gc_rl.tsv.gz
"(82,83]",445,GOY006.A0102.SG1.5_10M.classified_gc_rl.tsv.gz
"(83,84]",271,GOY006.A0102.SG1.5_10M.classified_gc_rl.tsv.gz
"(84,85]",192,GOY006.A0102.SG1.5_10M.classified_gc_rl.tsv.gz
"(85,86]",81,GOY006.A0102.SG1.5_10M.classified_gc_rl.tsv.gz
"(86,87]",94,GOY006.A0102.SG1.5_10M.classified_gc_rl.tsv.gz
"(87,88]",46,GOY006.A0102.SG1.5_10M.classified_gc_rl.tsv.gz
"(88,89]",17,GOY006.A0102.SG1.5_10M.classified_gc_rl.tsv.gz
"(89,90]",15,GOY006.A0102.SG1.5_10M.classified_gc_rl.tsv.gz
"(90,91]",1,GOY006.A0102.SG1.5_10M.classified_gc_rl.tsv.gz
"(91,92]",3,GOY006.A0102.SG1.5_10M.classified_gc_rl.tsv.gz
"(92,93]",4,GOY006.A0102.SG1.5_10M.classified_gc_rl.tsv.gz
"(94,95]",1,GOY006.A0102.SG1.5_10M.classified_gc_rl.tsv.gz
"(97,98]",1,GOY006.A0102.SG1.5_10M.classified_gc_rl.tsv.gz
"(99,100]",2,GOY006.A0102.SG1.5_10M.classified_gc_rl.tsv.gz
"(8,9]",1,GUE001.A0101.SG1.1_10M.classified_gc_rl.tsv.gz
"(9,10]",1,GUE001.A0101.SG1.1_10M.classified_gc_rl.tsv.gz
"(10,11]",1,GUE001.A0101.SG1.1_10M.classified_gc_rl.tsv.gz
"(11,12]",1,GUE001.A0101.SG1.1_10M.classified_gc_rl.tsv.gz
"(12,13]",3,GUE001.A0101.SG1.1_10M.classified_gc_rl.tsv.gz
"(13,14]",1,GUE001.A0101.SG1.1_10M.classified_gc_rl.tsv.gz
"(14,15]",4,GUE001.A0101.SG1.1_10M.classified_gc_rl.tsv.gz
"(15,16]",11,GUE001.A0101.SG1.1_10M.classified_gc_rl.tsv.gz
"(16,17]",22,GUE001.A0101.SG1.1_10M.classified_gc_rl.tsv.gz
"(17,18]",15,GUE001.A0101.SG1.1_10M.classified_gc_rl.tsv.gz
"(18,19]",44,GUE001.A0101.SG1.1_10M.classified_gc_rl.tsv.gz
"(19,20]",38,GUE001.A0101.SG1.1_10M.classified_gc_rl.tsv.gz
"(20,21]",48,GUE001.A0101.SG1.1_10M.classified_gc_rl.tsv.gz
"(21,22]",105,GUE001.A0101.SG1.1_10M.classified_gc_rl.tsv.gz
"(22,23]",143,GUE001.A0101.SG1.1_10M.classified_gc_rl.tsv.gz
"(23,24]",202,GUE001.A0101.SG1.1_10M.classified_gc_rl.tsv.gz
"(24,25]",291,GUE001.A0101.SG1.1_10M.classified_gc_rl.tsv.gz
"(25,26]",283,GUE001.A0101.SG1.1_10M.classified_gc_rl.tsv.gz
"(26,27]",491,GUE001.A0101.SG1.1_10M.classified_gc_rl.tsv.gz
"(27,28]",788,GUE001.A0101.SG1.1_10M.classified_gc_rl.tsv.gz
"(28,29]",928,GUE001.A0101.SG1.1_10M.classified_gc_rl.tsv.gz
"(29,30]",1069,GUE001.A0101.SG1.1_10M.classified_gc_rl.tsv.gz
"(30,31]",1439,GUE001.A0101.SG1.1_10M.classified_gc_rl.tsv.gz
"(31,32]",1910,GUE001.A0101.SG1.1_10M.classified_gc_rl.tsv.gz
"(32,33]",1868,GUE001.A0101.SG1.1_10M.classified_gc_rl.tsv.gz
"(33,34]",1786,GUE001.A0101.SG1.1_10M.classified_gc_rl.tsv.gz
"(34,35]",2725,GUE001.A0101.SG1.1_10M.classified_gc_rl.tsv.gz
"(35,36]",2967,GUE001.A0101.SG1.1_10M.classified_gc_rl.tsv.gz
"(36,37]",3090,GUE001.A0101.SG1.1_10M.classified_gc_rl.tsv.gz
"(37,38]",2641,GUE001.A0101.SG1.1_10M.classified_gc_rl.tsv.gz
"(38,39]",3694,GUE001.A0101.SG1.1_10M.classified_gc_rl.tsv.gz
"(39,40]",3865,GUE001.A0101.SG1.1_10M.classified_gc_rl.tsv.gz
"(40,41]",3264,GUE001.A0101.SG1.1_10M.classified_gc_rl.tsv.gz
"(41,42]",3169,GUE001.A0101.SG1.1_10M.classified_gc_rl.tsv.gz
"(42,43]",3985,GUE001.A0101.SG1.1_10M.classified_gc_rl.tsv.gz
"(43,44]",4354,GUE001.A0101.SG1.1_10M.classified_gc_rl.tsv.gz
"(44,45]",3987,GUE001.A0101.SG1.1_10M.classified_gc_rl.tsv.gz
"(45,46]",3849,GUE001.A0101.SG1.1_10M.classified_gc_rl.tsv.gz
"(46,47]",4732,GUE001.A0101.SG1.1_10M.classified_gc_rl.tsv.gz
"(47,48]",5792,GUE001.A0101.SG1.1_10M.classified_gc_rl.tsv.gz
"(48,49]",5806,GUE001.A0101.SG1.1_10M.classified_gc_rl.tsv.gz
"(49,50]",9808,GUE001.A0101.SG1.1_10M.classified_gc_rl.tsv.gz
"(50,51]",5377,GUE001.A0101.SG1.1_10M.classified_gc_rl.tsv.gz
"(51,52]",10662,GUE001.A0101.SG1.1_10M.classified_gc_rl.tsv.gz
"(52,53]",12606,GUE001.A0101.SG1.1_10M.classified_gc_rl.tsv.gz
"(53,54]",16170,GUE001.A0101.SG1.1_10M.classified_gc_rl.tsv.gz
"(54,55]",16226,GUE001.A0101.SG1.1_10M.classified_gc_rl.tsv.gz
"(55,56]",23025,GUE001.A0101.SG1.1_10M.classified_gc_rl.tsv.gz
"(56,57]",26113,GUE001.A0101.SG1.1_10M.classified_gc_rl.tsv.gz
"(57,58]",32860,GUE001.A0101.SG1.1_10M.classified_gc_rl.tsv.gz
"(58,59]",30445,GUE001.A0101.SG1.1_10M.classified_gc_rl.tsv.gz
"(59,60]",47413,GUE001.A0101.SG1.1_10M.classified_gc_rl.tsv.gz
"(60,61]",41566,GUE001.A0101.SG1.1_10M.classified_gc_rl.tsv.gz
"(61,62]",53625,GUE001.A0101.SG1.1_10M.classified_gc_rl.tsv.gz
"(62,63]",46279,GUE001.A0101.SG1.1_10M.classified_gc_rl.tsv.gz
"(63,64]",64346,GUE001.A0101.SG1.1_10M.classified_gc_rl.tsv.gz
"(64,65]",60854,GUE001.A0101.SG1.1_10M.classified_gc_rl.tsv.gz
"(65,66]",66265,GUE001.A0101.SG1.1_10M.classified_gc_rl.tsv.gz
"(66,67]",52697,GUE001.A0101.SG1.1_10M.classified_gc_rl.tsv.gz
"(67,68]",68892,GUE001.A0101.SG1.1_10M.classified_gc_rl.tsv.gz
"(68,69]",59323,GUE001.A0101.SG1.1_10M.classified_gc_rl.tsv.gz
"(69,70]",63912,GUE001.A0101.SG1.1_10M.classified_gc_rl.tsv.gz
"(70,71]",42417,GUE001.A0101.SG1.1_10M.classified_gc_rl.tsv.gz
"(71,72]",52734,GUE001.A0101.SG1.1_10M.classified_gc_rl.tsv.gz
"(72,73]",41083,GUE001.A0101.SG1.1_10M.classified_gc_rl.tsv.gz
"(73,74]",38755,GUE001.A0101.SG1.1_10M.classified_gc_rl.tsv.gz
"(74,75]",34451,GUE001.A0101.SG1.1_10M.classified_gc_rl.tsv.gz
"(75,76]",18158,GUE001.A0101.SG1.1_10M.classified_gc_rl.tsv.gz
"(76,77]",18104,GUE001.A0101.SG1.1_10M.classified_gc_rl.tsv.gz
"(77,78]",15160,GUE001.A0101.SG1.1_10M.classified_gc_rl.tsv.gz
"(78,79]",10129,GUE001.A0101.SG1.1_10M.classified_gc_rl.tsv.gz
"(79,80]",7125,GUE001.A0101.SG1.1_10M.classified_gc_rl.tsv.gz
"(80,81]",4025,GUE001.A0101.SG1.1_10M.classified_gc_rl.tsv.gz
"(81,82]",3697,GUE001.A0101.SG1.1_10M.classified_gc_rl.tsv.gz
"(82,83]",2101,GUE001.A0101.SG1.1_10M.classified_gc_rl.tsv.gz
"(83,84]",1418,GUE001.A0101.SG1.1_10M.classified_gc_rl.tsv.gz
"(84,85]",857,GUE001.A0101.SG1.1_10M.classified_gc_rl.tsv.gz
"(85,86]",640,GUE001.A0101.SG1.1_10M.classified_gc_rl.tsv.gz
"(86,87]",462,GUE001.A0101.SG1.1_10M.classified_gc_rl.tsv.gz
"(87,88]",296,GUE001.A0101.SG1.1_10M.classified_gc_rl.tsv.gz
"(88,89]",208,GUE001.A0101.SG1.1_10M.classified_gc_rl.tsv.gz
"(89,90]",183,GUE001.A0101.SG1.1_10M.classified_gc_rl.tsv.gz
"(90,91]",124,GUE001.A0101.SG1.1_10M.classified_gc_rl.tsv.gz
"(91,92]",81,GUE001.A0101.SG1.1_10M.classified_gc_rl.tsv.gz
"(92,93]",67,GUE001.A0101.SG1.1_10M.classified_gc_rl.tsv.gz
"(93,94]",68,GUE001.A0101.SG1.1_10M.classified_gc_rl.tsv.gz
"(94,95]",56,GUE001.A0101.SG1.1_10M.classified_gc_rl.tsv.gz
"(95,96]",51,GUE001.A0101.SG1.1_10M.classified_gc_rl.tsv.gz
"(96,97]",45,GUE001.A0101.SG1.1_10M.classified_gc_rl.tsv.gz
"(97,98]",55,GUE001.A0101.SG1.1_10M.classified_gc_rl.tsv.gz
"(98,99]",77,GUE001.A0101.SG1.1_10M.classified_gc_rl.tsv.gz
"(99,100]",97,GUE001.A0101.SG1.1_10M.classified_gc_rl.tsv.gz
"[0,1]",2,GUE001.A0102.SG1.4_10M.classified_gc_rl.tsv.gz
"(2,3]",4,GUE001.A0102.SG1.4_10M.classified_gc_rl.tsv.gz
"(3,4]",5,GUE001.A0102.SG1.4_10M.classified_gc_rl.tsv.gz
"(4,5]",6,GUE001.A0102.SG1.4_10M.classified_gc_rl.tsv.gz
"(5,6]",4,GUE001.A0102.SG1.4_10M.classified_gc_rl.tsv.gz
"(6,7]",5,GUE001.A0102.SG1.4_10M.classified_gc_rl.tsv.gz
"(7,8]",7,GUE001.A0102.SG1.4_10M.classified_gc_rl.tsv.gz
"(8,9]",5,GUE001.A0102.SG1.4_10M.classified_gc_rl.tsv.gz
"(9,10]",7,GUE001.A0102.SG1.4_10M.classified_gc_rl.tsv.gz
"(10,11]",9,GUE001.A0102.SG1.4_10M.classified_gc_rl.tsv.gz
"(11,12]",7,GUE001.A0102.SG1.4_10M.classified_gc_rl.tsv.gz
"(12,13]",15,GUE001.A0102.SG1.4_10M.classified_gc_rl.tsv.gz
"(13,14]",9,GUE001.A0102.SG1.4_10M.classified_gc_rl.tsv.gz
"(14,15]",17,GUE001.A0102.SG1.4_10M.classified_gc_rl.tsv.gz
"(15,16]",14,GUE001.A0102.SG1.4_10M.classified_gc_rl.tsv.gz
"(16,17]",15,GUE001.A0102.SG1.4_10M.classified_gc_rl.tsv.gz
"(17,18]",27,GUE001.A0102.SG1.4_10M.classified_gc_rl.tsv.gz
"(18,19]",22,GUE001.A0102.SG1.4_10M.classified_gc_rl.tsv.gz
"(19,20]",38,GUE001.A0102.SG1.4_10M.classified_gc_rl.tsv.gz
"(20,21]",26,GUE001.A0102.SG1.4_10M.classified_gc_rl.tsv.gz
"(21,22]",56,GUE001.A0102.SG1.4_10M.classified_gc_rl.tsv.gz
"(22,23]",52,GUE001.A0102.SG1.4_10M.classified_gc_rl.tsv.gz
"(23,24]",77,GUE001.A0102.SG1.4_10M.classified_gc_rl.tsv.gz
"(24,25]",93,GUE001.A0102.SG1.4_10M.classified_gc_rl.tsv.gz
"(25,26]",79,GUE001.A0102.SG1.4_10M.classified_gc_rl.tsv.gz
"(26,27]",118,GUE001.A0102.SG1.4_10M.classified_gc_rl.tsv.gz
"(27,28]",136,GUE001.A0102.SG1.4_10M.classified_gc_rl.tsv.gz
"(28,29]",168,GUE001.A0102.SG1.4_10M.classified_gc_rl.tsv.gz
"(29,30]",172,GUE001.A0102.SG1.4_10M.classified_gc_rl.tsv.gz
"(30,31]",172,GUE001.A0102.SG1.4_10M.classified_gc_rl.tsv.gz
"(31,32]",197,GUE001.A0102.SG1.4_10M.classified_gc_rl.tsv.gz
"(32,33]",170,GUE001.A0102.SG1.4_10M.classified_gc_rl.tsv.gz
"(33,34]",208,GUE001.A0102.SG1.4_10M.classified_gc_rl.tsv.gz
"(34,35]",223,GUE001.A0102.SG1.4_10M.classified_gc_rl.tsv.gz
"(35,36]",243,GUE001.A0102.SG1.4_10M.classified_gc_rl.tsv.gz
"(36,37]",257,GUE001.A0102.SG1.4_10M.classified_gc_rl.tsv.gz
"(37,38]",210,GUE001.A0102.SG1.4_10M.classified_gc_rl.tsv.gz
"(38,39]",246,GUE001.A0102.SG1.4_10M.classified_gc_rl.tsv.gz
"(39,40]",272,GUE001.A0102.SG1.4_10M.classified_gc_rl.tsv.gz
"(40,41]",180,GUE001.A0102.SG1.4_10M.classified_gc_rl.tsv.gz
"(41,42]",210,GUE001.A0102.SG1.4_10M.classified_gc_rl.tsv.gz
"(42,43]",239,GUE001.A0102.SG1.4_10M.classified_gc_rl.tsv.gz
"(43,44]",246,GUE001.A0102.SG1.4_10M.classified_gc_rl.tsv.gz
"(44,45]",257,GUE001.A0102.SG1.4_10M.classified_gc_rl.tsv.gz
"(45,46]",185,GUE001.A0102.SG1.4_10M.classified_gc_rl.tsv.gz
"(46,47]",257,GUE001.A0102.SG1.4_10M.classified_gc_rl.tsv.gz
"(47,48]",326,GUE001.A0102.SG1.4_10M.classified_gc_rl.tsv.gz
"(48,49]",354,GUE001.A0102.SG1.4_10M.classified_gc_rl.tsv.gz
"(49,50]",561,GUE001.A0102.SG1.4_10M.classified_gc_rl.tsv.gz
"(50,51]",235,GUE001.A0102.SG1.4_10M.classified_gc_rl.tsv.gz
"(51,52]",661,GUE001.A0102.SG1.4_10M.classified_gc_rl.tsv.gz
"(52,53]",668,GUE001.A0102.SG1.4_10M.classified_gc_rl.tsv.gz
"(53,54]",725,GUE001.A0102.SG1.4_10M.classified_gc_rl.tsv.gz
"(54,55]",666,GUE001.A0102.SG1.4_10M.classified_gc_rl.tsv.gz
"(55,56]",740,GUE001.A0102.SG1.4_10M.classified_gc_rl.tsv.gz
"(56,57]",862,GUE001.A0102.SG1.4_10M.classified_gc_rl.tsv.gz
"(57,58]",1011,GUE001.A0102.SG1.4_10M.classified_gc_rl.tsv.gz
"(58,59]",962,GUE001.A0102.SG1.4_10M.classified_gc_rl.tsv.gz
"(59,60]",1222,GUE001.A0102.SG1.4_10M.classified_gc_rl.tsv.gz
"(60,61]",1007,GUE001.A0102.SG1.4_10M.classified_gc_rl.tsv.gz
"(61,62]",1257,GUE001.A0102.SG1.4_10M.classified_gc_rl.tsv.gz
"(62,63]",1057,GUE001.A0102.SG1.4_10M.classified_gc_rl.tsv.gz
"(63,64]",1234,GUE001.A0102.SG1.4_10M.classified_gc_rl.tsv.gz
"(64,65]",1276,GUE001.A0102.SG1.4_10M.classified_gc_rl.tsv.gz
"(65,66]",1232,GUE001.A0102.SG1.4_10M.classified_gc_rl.tsv.gz
"(66,67]",1088,GUE001.A0102.SG1.4_10M.classified_gc_rl.tsv.gz
"(67,68]",1163,GUE001.A0102.SG1.4_10M.classified_gc_rl.tsv.gz
"(68,69]",1015,GUE001.A0102.SG1.4_10M.classified_gc_rl.tsv.gz
"(69,70]",1122,GUE001.A0102.SG1.4_10M.classified_gc_rl.tsv.gz
"(70,71]",745,GUE001.A0102.SG1.4_10M.classified_gc_rl.tsv.gz
"(71,72]",785,GUE001.A0102.SG1.4_10M.classified_gc_rl.tsv.gz
"(72,73]",630,GUE001.A0102.SG1.4_10M.classified_gc_rl.tsv.gz
"(73,74]",530,GUE001.A0102.SG1.4_10M.classified_gc_rl.tsv.gz
"(74,75]",492,GUE001.A0102.SG1.4_10M.classified_gc_rl.tsv.gz
"(75,76]",257,GUE001.A0102.SG1.4_10M.classified_gc_rl.tsv.gz
"(76,77]",266,GUE001.A0102.SG1.4_10M.classified_gc_rl.tsv.gz
"(77,78]",222,GUE001.A0102.SG1.4_10M.classified_gc_rl.tsv.gz
"(78,79]",171,GUE001.A0102.SG1.4_10M.classified_gc_rl.tsv.gz
"(79,80]",143,GUE001.A0102.SG1.4_10M.classified_gc_rl.tsv.gz
"(80,81]",76,GUE001.A0102.SG1.4_10M.classified_gc_rl.tsv.gz
"(81,82]",51,GUE001.A0102.SG1.4_10M.classified_gc_rl.tsv.gz
"(82,83]",49,GUE001.A0102.SG1.4_10M.classified_gc_rl.tsv.gz
"(83,84]",34,GUE001.A0102.SG1.4_10M.classified_gc_rl.tsv.gz
"(84,85]",23,GUE001.A0102.SG1.4_10M.classified_gc_rl.tsv.gz
"(85,86]",14,GUE001.A0102.SG1.4_10M.classified_gc_rl.tsv.gz
"(86,87]",9,GUE001.A0102.SG1.4_10M.classified_gc_rl.tsv.gz
"(87,88]",3,GUE001.A0102.SG1.4_10M.classified_gc_rl.tsv.gz
"(88,89]",4,GUE001.A0102.SG1.4_10M.classified_gc_rl.tsv.gz
"(90,91]",1,GUE001.A0102.SG1.4_10M.classified_gc_rl.tsv.gz
"(99,100]",1,GUE001.A0102.SG1.4_10M.classified_gc_rl.tsv.gz
"(1,2]",1,PES001.B0101.SG1.3_10M.classified_gc_rl.tsv.gz
"(2,3]",1,PES001.B0101.SG1.3_10M.classified_gc_rl.tsv.gz
"(3,4]",1,PES001.B0101.SG1.3_10M.classified_gc_rl.tsv.gz
"(4,5]",2,PES001.B0101.SG1.3_10M.classified_gc_rl.tsv.gz
"(5,6]",3,PES001.B0101.SG1.3_10M.classified_gc_rl.tsv.gz
"(6,7]",2,PES001.B0101.SG1.3_10M.classified_gc_rl.tsv.gz
"(7,8]",3,PES001.B0101.SG1.3_10M.classified_gc_rl.tsv.gz
"(8,9]",3,PES001.B0101.SG1.3_10M.classified_gc_rl.tsv.gz
"(9,10]",9,PES001.B0101.SG1.3_10M.classified_gc_rl.tsv.gz
"(10,11]",8,PES001.B0101.SG1.3_10M.classified_gc_rl.tsv.gz
"(11,12]",17,PES001.B0101.SG1.3_10M.classified_gc_rl.tsv.gz
"(12,13]",13,PES001.B0101.SG1.3_10M.classified_gc_rl.tsv.gz
"(13,14]",31,PES001.B0101.SG1.3_10M.classified_gc_rl.tsv.gz
"(14,15]",42,PES001.B0101.SG1.3_10M.classified_gc_rl.tsv.gz
"(15,16]",115,PES001.B0101.SG1.3_10M.classified_gc_rl.tsv.gz
"(16,17]",128,PES001.B0101.SG1.3_10M.classified_gc_rl.tsv.gz
"(17,18]",240,PES001.B0101.SG1.3_10M.classified_gc_rl.tsv.gz
"(18,19]",379,PES001.B0101.SG1.3_10M.classified_gc_rl.tsv.gz
"(19,20]",785,PES001.B0101.SG1.3_10M.classified_gc_rl.tsv.gz
"(20,21]",671,PES001.B0101.SG1.3_10M.classified_gc_rl.tsv.gz
"(21,22]",1452,PES001.B0101.SG1.3_10M.classified_gc_rl.tsv.gz
"(22,23]",2066,PES001.B0101.SG1.3_10M.classified_gc_rl.tsv.gz
"(23,24]",3169,PES001.B0101.SG1.3_10M.classified_gc_rl.tsv.gz
"(24,25]",4505,PES001.B0101.SG1.3_10M.classified_gc_rl.tsv.gz
"(25,26]",3319,PES001.B0101.SG1.3_10M.classified_gc_rl.tsv.gz
"(26,27]",6862,PES001.B0101.SG1.3_10M.classified_gc_rl.tsv.gz
"(27,28]",8909,PES001.B0101.SG1.3_10M.classified_gc_rl.tsv.gz
"(28,29]",10353,PES001.B0101.SG1.3_10M.classified_gc_rl.tsv.gz
"(29,30]",10116,PES001.B0101.SG1.3_10M.classified_gc_rl.tsv.gz
"(30,31]",15289,PES001.B0101.SG1.3_10M.classified_gc_rl.tsv.gz
"(31,32]",20008,PES001.B0101.SG1.3_10M.classified_gc_rl.tsv.gz
"(32,33]",21661,PES001.B0101.SG1.3_10M.classified_gc_rl.tsv.gz
"(33,34]",18721,PES001.B0101.SG1.3_10M.classified_gc_rl.tsv.gz
"(34,35]",31255,PES001.B0101.SG1.3_10M.classified_gc_rl.tsv.gz
"(35,36]",36466,PES001.B0101.SG1.3_10M.classified_gc_rl.tsv.gz
"(36,37]",40636,PES001.B0101.SG1.3_10M.classified_gc_rl.tsv.gz
"(37,38]",34300,PES001.B0101.SG1.3_10M.classified_gc_rl.tsv.gz
"(38,39]",54779,PES001.B0101.SG1.3_10M.classified_gc_rl.tsv.gz
"(39,40]",69376,PES001.B0101.SG1.3_10M.classified_gc_rl.tsv.gz
"(40,41]",61636,PES001.B0101.SG1.3_10M.classified_gc_rl.tsv.gz
"(41,42]",57216,PES001.B0101.SG1.3_10M.classified_gc_rl.tsv.gz
"(42,43]",83303,PES001.B0101.SG1.3_10M.classified_gc_rl.tsv.gz
"(43,44]",96158,PES001.B0101.SG1.3_10M.classified_gc_rl.tsv.gz
"(44,45]",93478,PES001.B0101.SG1.3_10M.classified_gc_rl.tsv.gz
"(45,46]",74815,PES001.B0101.SG1.3_10M.classified_gc_rl.tsv.gz
"(46,47]",106394,PES001.B0101.SG1.3_10M.classified_gc_rl.tsv.gz
"(47,48]",110277,PES001.B0101.SG1.3_10M.classified_gc_rl.tsv.gz
"(48,49]",99370,PES001.B0101.SG1.3_10M.classified_gc_rl.tsv.gz
"(49,50]",128790,PES001.B0101.SG1.3_10M.classified_gc_rl.tsv.gz
"(50,51]",53325,PES001.B0101.SG1.3_10M.classified_gc_rl.tsv.gz
"(51,52]",98980,PES001.B0101.SG1.3_10M.classified_gc_rl.tsv.gz
"(52,53]",91926,PES001.B0101.SG1.3_10M.classified_gc_rl.tsv.gz
"(53,54]",96485,PES001.B0101.SG1.3_10M.classified_gc_rl.tsv.gz
"(54,55]",74618,PES001.B0101.SG1.3_10M.classified_gc_rl.tsv.gz
"(55,56]",95294,PES001.B0101.SG1.3_10M.classified_gc_rl.tsv.gz
"(56,57]",97322,PES001.B0101.SG1.3_10M.classified_gc_rl.tsv.gz
"(57,58]",106830,PES001.B0101.SG1.3_10M.classified_gc_rl.tsv.gz
"(58,59]",88354,PES001.B0101.SG1.3_10M.classified_gc_rl.tsv.gz
"(59,60]",135691,PES001.B0101.SG1.3_10M.classified_gc_rl.tsv.gz
"(60,61]",115164,PES001.B0101.SG1.3_10M.classified_gc_rl.tsv.gz
"(61,62]",144013,PES001.B0101.SG1.3_10M.classified_gc_rl.tsv.gz
"(62,63]",117970,PES001.B0101.SG1.3_10M.classified_gc_rl.tsv.gz
"(63,64]",162902,PES001.B0101.SG1.3_10M.classified_gc_rl.tsv.gz
"(64,65]",159116,PES001.B0101.SG1.3_10M.classified_gc_rl.tsv.gz
"(65,66]",164249,PES001.B0101.SG1.3_10M.classified_gc_rl.tsv.gz
"(66,67]",129774,PES001.B0101.SG1.3_10M.classified_gc_rl.tsv.gz
"(67,68]",168222,PES001.B0101.SG1.3_10M.classified_gc_rl.tsv.gz
"(68,69]",145975,PES001.B0101.SG1.3_10M.classified_gc_rl.tsv.gz
"(69,70]",149993,PES001.B0101.SG1.3_10M.classified_gc_rl.tsv.gz
"(70,71]",100476,PES001.B0101.SG1.3_10M.classified_gc_rl.tsv.gz
"(71,72]",118185,PES001.B0101.SG1.3_10M.classified_gc_rl.tsv.gz
"(72,73]",92072,PES001.B0101.SG1.3_10M.classified_gc_rl.tsv.gz
"(73,74]",82036,PES001.B0101.SG1.3_10M.classified_gc_rl.tsv.gz
"(74,75]",70440,PES001.B0101.SG1.3_10M.classified_gc_rl.tsv.gz
"(75,76]",35107,PES001.B0101.SG1.3_10M.classified_gc_rl.tsv.gz
"(76,77]",35261,PES001.B0101.SG1.3_10M.classified_gc_rl.tsv.gz
"(77,78]",26738,PES001.B0101.SG1.3_10M.classified_gc_rl.tsv.gz
"(78,79]",17635,PES001.B0101.SG1.3_10M.classified_gc_rl.tsv.gz
"(79,80]",12533,PES001.B0101.SG1.3_10M.classified_gc_rl.tsv.gz
"(80,81]",6364,PES001.B0101.SG1.3_10M.classified_gc_rl.tsv.gz
"(81,82]",5279,PES001.B0101.SG1.3_10M.classified_gc_rl.tsv.gz
"(82,83]",3030,PES001.B0101.SG1.3_10M.classified_gc_rl.tsv.gz
"(83,84]",1921,PES001.B0101.SG1.3_10M.classified_gc_rl.tsv.gz
"(84,85]",1268,PES001.B0101.SG1.3_10M.classified_gc_rl.tsv.gz
"(85,86]",712,PES001.B0101.SG1.3_10M.classified_gc_rl.tsv.gz
"(86,87]",478,PES001.B0101.SG1.3_10M.classified_gc_rl.tsv.gz
"(87,88]",266,PES001.B0101.SG1.3_10M.classified_gc_rl.tsv.gz
"(88,89]",155,PES001.B0101.SG1.3_10M.classified_gc_rl.tsv.gz
"(89,90]",116,PES001.B0101.SG1.3_10M.classified_gc_rl.tsv.gz
"(90,91]",58,PES001.B0101.SG1.3_10M.classified_gc_rl.tsv.gz
"(91,92]",28,PES001.B0101.SG1.3_10M.classified_gc_rl.tsv.gz
"(92,93]",20,PES001.B0101.SG1.3_10M.classified_gc_rl.tsv.gz
"(93,94]",19,PES001.B0101.SG1.3_10M.classified_gc_rl.tsv.gz
"(94,95]",10,PES001.B0101.SG1.3_10M.classified_gc_rl.tsv.gz
"(95,96]",5,PES001.B0101.SG1.3_10M.classified_gc_rl.tsv.gz
"(96,97]",9,PES001.B0101.SG1.3_10M.classified_gc_rl.tsv.gz
"(97,98]",11,PES001.B0101.SG1.3_10M.classified_gc_rl.tsv.gz
"(98,99]",14,PES001.B0101.SG1.3_10M.classified_gc_rl.tsv.gz
"(99,100]",37,PES001.B0101.SG1.3_10M.classified_gc_rl.tsv.gz
"(1,2]",3,PES001.B0102.SG1.5_10M.classified_gc_rl.tsv.gz
"(2,3]",3,PES001.B0102.SG1.5_10M.classified_gc_rl.tsv.gz
"(3,4]",9,PES001.B0102.SG1.5_10M.classified_gc_rl.tsv.gz
"(4,5]",13,PES001.B0102.SG1.5_10M.classified_gc_rl.tsv.gz
"(5,6]",18,PES001.B0102.SG1.5_10M.classified_gc_rl.tsv.gz
"(6,7]",17,PES001.B0102.SG1.5_10M.classified_gc_rl.tsv.gz
"(7,8]",29,PES001.B0102.SG1.5_10M.classified_gc_rl.tsv.gz
"(8,9]",63,PES001.B0102.SG1.5_10M.classified_gc_rl.tsv.gz
"(9,10]",67,PES001.B0102.SG1.5_10M.classified_gc_rl.tsv.gz
"(10,11]",122,PES001.B0102.SG1.5_10M.classified_gc_rl.tsv.gz
"(11,12]",186,PES001.B0102.SG1.5_10M.classified_gc_rl.tsv.gz
"(12,13]",252,PES001.B0102.SG1.5_10M.classified_gc_rl.tsv.gz
"(13,14]",425,PES001.B0102.SG1.5_10M.classified_gc_rl.tsv.gz
"(14,15]",572,PES001.B0102.SG1.5_10M.classified_gc_rl.tsv.gz
"(15,16]",867,PES001.B0102.SG1.5_10M.classified_gc_rl.tsv.gz
"(16,17]",940,PES001.B0102.SG1.5_10M.classified_gc_rl.tsv.gz
"(17,18]",1610,PES001.B0102.SG1.5_10M.classified_gc_rl.tsv.gz
"(18,19]",1963,PES001.B0102.SG1.5_10M.classified_gc_rl.tsv.gz
"(19,20]",3131,PES001.B0102.SG1.5_10M.classified_gc_rl.tsv.gz
"(20,21]",2612,PES001.B0102.SG1.5_10M.classified_gc_rl.tsv.gz
"(21,22]",4701,PES001.B0102.SG1.5_10M.classified_gc_rl.tsv.gz
"(22,23]",5394,PES001.B0102.SG1.5_10M.classified_gc_rl.tsv.gz
"(23,24]",7242,PES001.B0102.SG1.5_10M.classified_gc_rl.tsv.gz
"(24,25]",9672,PES001.B0102.SG1.5_10M.classified_gc_rl.tsv.gz
"(25,26]",6701,PES001.B0102.SG1.5_10M.classified_gc_rl.tsv.gz
"(26,27]",11463,PES001.B0102.SG1.5_10M.classified_gc_rl.tsv.gz
"(27,28]",13784,PES001.B0102.SG1.5_10M.classified_gc_rl.tsv.gz
"(28,29]",15154,PES001.B0102.SG1.5_10M.classified_gc_rl.tsv.gz
"(29,30]",15380,PES001.B0102.SG1.5_10M.classified_gc_rl.tsv.gz
"(30,31]",19002,PES001.B0102.SG1.5_10M.classified_gc_rl.tsv.gz
"(31,32]",23084,PES001.B0102.SG1.5_10M.classified_gc_rl.tsv.gz
"(32,33]",24624,PES001.B0102.SG1.5_10M.classified_gc_rl.tsv.gz
"(33,34]",22263,PES001.B0102.SG1.5_10M.classified_gc_rl.tsv.gz
"(34,35]",31923,PES001.B0102.SG1.5_10M.classified_gc_rl.tsv.gz
"(35,36]",33729,PES001.B0102.SG1.5_10M.classified_gc_rl.tsv.gz
"(36,37]",36933,PES001.B0102.SG1.5_10M.classified_gc_rl.tsv.gz
"(37,38]",33621,PES001.B0102.SG1.5_10M.classified_gc_rl.tsv.gz
"(38,39]",43535,PES001.B0102.SG1.5_10M.classified_gc_rl.tsv.gz
"(39,40]",53745,PES001.B0102.SG1.5_10M.classified_gc_rl.tsv.gz
"(40,41]",42906,PES001.B0102.SG1.5_10M.classified_gc_rl.tsv.gz
"(41,42]",45703,PES001.B0102.SG1.5_10M.classified_gc_rl.tsv.gz
"(42,43]",53793,PES001.B0102.SG1.5_10M.classified_gc_rl.tsv.gz
"(43,44]",58853,PES001.B0102.SG1.5_10M.classified_gc_rl.tsv.gz
"(44,45]",55242,PES001.B0102.SG1.5_10M.classified_gc_rl.tsv.gz
"(45,46]",46848,PES001.B0102.SG1.5_10M.classified_gc_rl.tsv.gz
"(46,47]",54413,PES001.B0102.SG1.5_10M.classified_gc_rl.tsv.gz
"(47,48]",54585,PES001.B0102.SG1.5_10M.classified_gc_rl.tsv.gz
"(48,49]",48126,PES001.B0102.SG1.5_10M.classified_gc_rl.tsv.gz
"(49,50]",62736,PES001.B0102.SG1.5_10M.classified_gc_rl.tsv.gz
"(50,51]",22841,PES001.B0102.SG1.5_10M.classified_gc_rl.tsv.gz
"(51,52]",43934,PES001.B0102.SG1.5_10M.classified_gc_rl.tsv.gz
"(52,53]",41009,PES001.B0102.SG1.5_10M.classified_gc_rl.tsv.gz
"(53,54]",41327,PES001.B0102.SG1.5_10M.classified_gc_rl.tsv.gz
"(54,55]",35854,PES001.B0102.SG1.5_10M.classified_gc_rl.tsv.gz
"(55,56]",37936,PES001.B0102.SG1.5_10M.classified_gc_rl.tsv.gz
"(56,57]",39131,PES001.B0102.SG1.5_10M.classified_gc_rl.tsv.gz
"(57,58]",40724,PES001.B0102.SG1.5_10M.classified_gc_rl.tsv.gz
"(58,59]",36611,PES001.B0102.SG1.5_10M.classified_gc_rl.tsv.gz
"(59,60]",49243,PES001.B0102.SG1.5_10M.classified_gc_rl.tsv.gz
"(60,61]",38575,PES001.B0102.SG1.5_10M.classified_gc_rl.tsv.gz
"(61,62]",46386,PES001.B0102.SG1.5_10M.classified_gc_rl.tsv.gz
"(62,63]",40853,PES001.B0102.SG1.5_10M.classified_gc_rl.tsv.gz
"(63,64]",49759,PES001.B0102.SG1.5_10M.classified_gc_rl.tsv.gz
"(64,65]",48058,PES001.B0102.SG1.5_10M.classified_gc_rl.tsv.gz
"(65,66]",47475,PES001.B0102.SG1.5_10M.classified_gc_rl.tsv.gz
"(66,67]",39114,PES001.B0102.SG1.5_10M.classified_gc_rl.tsv.gz
"(67,68]",45450,PES001.B0102.SG1.5_10M.classified_gc_rl.tsv.gz
"(68,69]",39233,PES001.B0102.SG1.5_10M.classified_gc_rl.tsv.gz
"(69,70]",40623,PES001.B0102.SG1.5_10M.classified_gc_rl.tsv.gz
"(70,71]",28071,PES001.B0102.SG1.5_10M.classified_gc_rl.tsv.gz
"(71,72]",29519,PES001.B0102.SG1.5_10M.classified_gc_rl.tsv.gz
"(72,73]",23767,PES001.B0102.SG1.5_10M.classified_gc_rl.tsv.gz
"(73,74]",20161,PES001.B0102.SG1.5_10M.classified_gc_rl.tsv.gz
"(74,75]",17480,PES001.B0102.SG1.5_10M.classified_gc_rl.tsv.gz
"(75,76]",8941,PES001.B0102.SG1.5_10M.classified_gc_rl.tsv.gz
"(76,77]",9040,PES001.B0102.SG1.5_10M.classified_gc_rl.tsv.gz
"(77,78]",6639,PES001.B0102.SG1.5_10M.classified_gc_rl.tsv.gz
"(78,79]",4573,PES001.B0102.SG1.5_10M.classified_gc_rl.tsv.gz
"(79,80]",3918,PES001.B0102.SG1.5_10M.classified_gc_rl.tsv.gz
"(80,81]",1808,PES001.B0102.SG1.5_10M.classified_gc_rl.tsv.gz
"(81,82]",1590,PES001.B0102.SG1.5_10M.classified_gc_rl.tsv.gz
"(82,83]",1002,PES001.B0102.SG1.5_10M.classified_gc_rl.tsv.gz
"(83,84]",698,PES001.B0102.SG1.5_10M.classified_gc_rl.tsv.gz
"(84,85]",436,PES001.B0102.SG1.5_10M.classified_gc_rl.tsv.gz
"(85,86]",192,PES001.B0102.SG1.5_10M.classified_gc_rl.tsv.gz
"(86,87]",161,PES001.B0102.SG1.5_10M.classified_gc_rl.tsv.gz
"(87,88]",84,PES001.B0102.SG1.5_10M.classified_gc_rl.tsv.gz
"(88,89]",31,PES001.B0102.SG1.5_10M.classified_gc_rl.tsv.gz
"(89,90]",37,PES001.B0102.SG1.5_10M.classified_gc_rl.tsv.gz
"(90,91]",9,PES001.B0102.SG1.5_10M.classified_gc_rl.tsv.gz
"(91,92]",1,PES001.B0102.SG1.5_10M.classified_gc_rl.tsv.gz
"(92,93]",2,PES001.B0102.SG1.5_10M.classified_gc_rl.tsv.gz
"(93,94]",2,PES001.B0102.SG1.5_10M.classified_gc_rl.tsv.gz
"(94,95]",2,PES001.B0102.SG1.5_10M.classified_gc_rl.tsv.gz
"(97,98]",2,PES001.B0102.SG1.5_10M.classified_gc_rl.tsv.gz
"(98,99]",1,PES001.B0102.SG1.5_10M.classified_gc_rl.tsv.gz
"(99,100]",8,PES001.B0102.SG1.5_10M.classified_gc_rl.tsv.gz
"[0,1]",2,SPM002.A0101.SG1.1_10M.classified_gc_rl.tsv.gz
"(1,2]",5,SPM002.A0101.SG1.1_10M.classified_gc_rl.tsv.gz
"(2,3]",1,SPM002.A0101.SG1.1_10M.classified_gc_rl.tsv.gz
"(3,4]",3,SPM002.A0101.SG1.1_10M.classified_gc_rl.tsv.gz
"(4,5]",2,SPM002.A0101.SG1.1_10M.classified_gc_rl.tsv.gz
"(5,6]",10,SPM002.A0101.SG1.1_10M.classified_gc_rl.tsv.gz
"(6,7]",4,SPM002.A0101.SG1.1_10M.classified_gc_rl.tsv.gz
"(7,8]",3,SPM002.A0101.SG1.1_10M.classified_gc_rl.tsv.gz
"(8,9]",6,SPM002.A0101.SG1.1_10M.classified_gc_rl.tsv.gz
"(9,10]",11,SPM002.A0101.SG1.1_10M.classified_gc_rl.tsv.gz
"(10,11]",8,SPM002.A0101.SG1.1_10M.classified_gc_rl.tsv.gz
"(11,12]",8,SPM002.A0101.SG1.1_10M.classified_gc_rl.tsv.gz
"(12,13]",7,SPM002.A0101.SG1.1_10M.classified_gc_rl.tsv.gz
"(13,14]",5,SPM002.A0101.SG1.1_10M.classified_gc_rl.tsv.gz
"(14,15]",13,SPM002.A0101.SG1.1_10M.classified_gc_rl.tsv.gz
"(15,16]",11,SPM002.A0101.SG1.1_10M.classified_gc_rl.tsv.gz
"(16,17]",9,SPM002.A0101.SG1.1_10M.classified_gc_rl.tsv.gz
"(17,18]",34,SPM002.A0101.SG1.1_10M.classified_gc_rl.tsv.gz
"(18,19]",43,SPM002.A0101.SG1.1_10M.classified_gc_rl.tsv.gz
"(19,20]",62,SPM002.A0101.SG1.1_10M.classified_gc_rl.tsv.gz
"(20,21]",85,SPM002.A0101.SG1.1_10M.classified_gc_rl.tsv.gz
"(21,22]",171,SPM002.A0101.SG1.1_10M.classified_gc_rl.tsv.gz
"(22,23]",250,SPM002.A0101.SG1.1_10M.classified_gc_rl.tsv.gz
"(23,24]",382,SPM002.A0101.SG1.1_10M.classified_gc_rl.tsv.gz
"(24,25]",490,SPM002.A0101.SG1.1_10M.classified_gc_rl.tsv.gz
"(25,26]",452,SPM002.A0101.SG1.1_10M.classified_gc_rl.tsv.gz
"(26,27]",851,SPM002.A0101.SG1.1_10M.classified_gc_rl.tsv.gz
"(27,28]",1138,SPM002.A0101.SG1.1_10M.classified_gc_rl.tsv.gz
"(28,29]",1244,SPM002.A0101.SG1.1_10M.classified_gc_rl.tsv.gz
"(29,30]",1350,SPM002.A0101.SG1.1_10M.classified_gc_rl.tsv.gz
"(30,31]",2159,SPM002.A0101.SG1.1_10M.classified_gc_rl.tsv.gz
"(31,32]",2660,SPM002.A0101.SG1.1_10M.classified_gc_rl.tsv.gz
"(32,33]",2997,SPM002.A0101.SG1.1_10M.classified_gc_rl.tsv.gz
"(33,34]",3577,SPM002.A0101.SG1.1_10M.classified_gc_rl.tsv.gz
"(34,35]",5478,SPM002.A0101.SG1.1_10M.classified_gc_rl.tsv.gz
"(35,36]",6444,SPM002.A0101.SG1.1_10M.classified_gc_rl.tsv.gz
"(36,37]",7024,SPM002.A0101.SG1.1_10M.classified_gc_rl.tsv.gz
"(37,38]",6705,SPM002.A0101.SG1.1_10M.classified_gc_rl.tsv.gz
"(38,39]",7536,SPM002.A0101.SG1.1_10M.classified_gc_rl.tsv.gz
"(39,40]",8068,SPM002.A0101.SG1.1_10M.classified_gc_rl.tsv.gz
"(40,41]",5944,SPM002.A0101.SG1.1_10M.classified_gc_rl.tsv.gz
"(41,42]",5408,SPM002.A0101.SG1.1_10M.classified_gc_rl.tsv.gz
"(42,43]",6114,SPM002.A0101.SG1.1_10M.classified_gc_rl.tsv.gz
"(43,44]",6057,SPM002.A0101.SG1.1_10M.classified_gc_rl.tsv.gz
"(44,45]",5424,SPM002.A0101.SG1.1_10M.classified_gc_rl.tsv.gz
"(45,46]",4700,SPM002.A0101.SG1.1_10M.classified_gc_rl.tsv.gz
"(46,47]",6157,SPM002.A0101.SG1.1_10M.classified_gc_rl.tsv.gz
"(47,48]",6975,SPM002.A0101.SG1.1_10M.classified_gc_rl.tsv.gz
"(48,49]",6321,SPM002.A0101.SG1.1_10M.classified_gc_rl.tsv.gz
"(49,50]",9366,SPM002.A0101.SG1.1_10M.classified_gc_rl.tsv.gz
"(50,51]",4225,SPM002.A0101.SG1.1_10M.classified_gc_rl.tsv.gz
"(51,52]",8998,SPM002.A0101.SG1.1_10M.classified_gc_rl.tsv.gz
"(52,53]",9919,SPM002.A0101.SG1.1_10M.classified_gc_rl.tsv.gz
"(53,54]",12071,SPM002.A0101.SG1.1_10M.classified_gc_rl.tsv.gz
"(54,55]",11005,SPM002.A0101.SG1.1_10M.classified_gc_rl.tsv.gz
"(55,56]",16391,SPM002.A0101.SG1.1_10M.classified_gc_rl.tsv.gz
"(56,57]",18068,SPM002.A0101.SG1.1_10M.classified_gc_rl.tsv.gz
"(57,58]",21593,SPM002.A0101.SG1.1_10M.classified_gc_rl.tsv.gz
"(58,59]",18877,SPM002.A0101.SG1.1_10M.classified_gc_rl.tsv.gz
"(59,60]",27466,SPM002.A0101.SG1.1_10M.classified_gc_rl.tsv.gz
"(60,61]",21560,SPM002.A0101.SG1.1_10M.classified_gc_rl.tsv.gz
"(61,62]",25602,SPM002.A0101.SG1.1_10M.classified_gc_rl.tsv.gz
"(62,63]",18699,SPM002.A0101.SG1.1_10M.classified_gc_rl.tsv.gz
"(63,64]",24288,SPM002.A0101.SG1.1_10M.classified_gc_rl.tsv.gz
"(64,65]",20334,SPM002.A0101.SG1.1_10M.classified_gc_rl.tsv.gz
"(65,66]",18584,SPM002.A0101.SG1.1_10M.classified_gc_rl.tsv.gz
"(66,67]",12506,SPM002.A0101.SG1.1_10M.classified_gc_rl.tsv.gz
"(67,68]",14305,SPM002.A0101.SG1.1_10M.classified_gc_rl.tsv.gz
"(68,69]",10234,SPM002.A0101.SG1.1_10M.classified_gc_rl.tsv.gz
"(69,70]",9265,SPM002.A0101.SG1.1_10M.classified_gc_rl.tsv.gz
"(70,71]",5470,SPM002.A0101.SG1.1_10M.classified_gc_rl.tsv.gz
"(71,72]",5987,SPM002.A0101.SG1.1_10M.classified_gc_rl.tsv.gz
"(72,73]",4130,SPM002.A0101.SG1.1_10M.classified_gc_rl.tsv.gz
"(73,74]",3474,SPM002.A0101.SG1.1_10M.classified_gc_rl.tsv.gz
"(74,75]",2873,SPM002.A0101.SG1.1_10M.classified_gc_rl.tsv.gz
"(75,76]",1400,SPM002.A0101.SG1.1_10M.classified_gc_rl.tsv.gz
"(76,77]",1386,SPM002.A0101.SG1.1_10M.classified_gc_rl.tsv.gz
"(77,78]",1142,SPM002.A0101.SG1.1_10M.classified_gc_rl.tsv.gz
"(78,79]",696,SPM002.A0101.SG1.1_10M.classified_gc_rl.tsv.gz
"(79,80]",569,SPM002.A0101.SG1.1_10M.classified_gc_rl.tsv.gz
"(80,81]",245,SPM002.A0101.SG1.1_10M.classified_gc_rl.tsv.gz
"(81,82]",261,SPM002.A0101.SG1.1_10M.classified_gc_rl.tsv.gz
"(82,83]",188,SPM002.A0101.SG1.1_10M.classified_gc_rl.tsv.gz
"(83,84]",116,SPM002.A0101.SG1.1_10M.classified_gc_rl.tsv.gz
"(84,85]",79,SPM002.A0101.SG1.1_10M.classified_gc_rl.tsv.gz
"(85,86]",71,SPM002.A0101.SG1.1_10M.classified_gc_rl.tsv.gz
"(86,87]",53,SPM002.A0101.SG1.1_10M.classified_gc_rl.tsv.gz
"(87,88]",21,SPM002.A0101.SG1.1_10M.classified_gc_rl.tsv.gz
"(88,89]",23,SPM002.A0101.SG1.1_10M.classified_gc_rl.tsv.gz
"(89,90]",39,SPM002.A0101.SG1.1_10M.classified_gc_rl.tsv.gz
"(90,91]",17,SPM002.A0101.SG1.1_10M.classified_gc_rl.tsv.gz
"(91,92]",17,SPM002.A0101.SG1.1_10M.classified_gc_rl.tsv.gz
"(92,93]",17,SPM002.A0101.SG1.1_10M.classified_gc_rl.tsv.gz
"(93,94]",22,SPM002.A0101.SG1.1_10M.classified_gc_rl.tsv.gz
"(94,95]",23,SPM002.A0101.SG1.1_10M.classified_gc_rl.tsv.gz
"(95,96]",26,SPM002.A0101.SG1.1_10M.classified_gc_rl.tsv.gz
"(96,97]",10,SPM002.A0101.SG1.1_10M.classified_gc_rl.tsv.gz
"(97,98]",28,SPM002.A0101.SG1.1_10M.classified_gc_rl.tsv.gz
"(98,99]",25,SPM002.A0101.SG1.1_10M.classified_gc_rl.tsv.gz
"(99,100]",24,SPM002.A0101.SG1.1_10M.classified_gc_rl.tsv.gz
"[0,1]",4,SPM002.A0103.SG1.4_10M.classified_gc_rl.tsv.gz
"(1,2]",1,SPM002.A0103.SG1.4_10M.classified_gc_rl.tsv.gz
"(2,3]",3,SPM002.A0103.SG1.4_10M.classified_gc_rl.tsv.gz
"(3,4]",2,SPM002.A0103.SG1.4_10M.classified_gc_rl.tsv.gz
"(4,5]",4,SPM002.A0103.SG1.4_10M.classified_gc_rl.tsv.gz
"(5,6]",11,SPM002.A0103.SG1.4_10M.classified_gc_rl.tsv.gz
"(6,7]",5,SPM002.A0103.SG1.4_10M.classified_gc_rl.tsv.gz
"(7,8]",2,SPM002.A0103.SG1.4_10M.classified_gc_rl.tsv.gz
"(8,9]",7,SPM002.A0103.SG1.4_10M.classified_gc_rl.tsv.gz
"(9,10]",15,SPM002.A0103.SG1.4_10M.classified_gc_rl.tsv.gz
"(10,11]",19,SPM002.A0103.SG1.4_10M.classified_gc_rl.tsv.gz
"(11,12]",24,SPM002.A0103.SG1.4_10M.classified_gc_rl.tsv.gz
"(12,13]",22,SPM002.A0103.SG1.4_10M.classified_gc_rl.tsv.gz
"(13,14]",27,SPM002.A0103.SG1.4_10M.classified_gc_rl.tsv.gz
"(14,15]",26,SPM002.A0103.SG1.4_10M.classified_gc_rl.tsv.gz
"(15,16]",45,SPM002.A0103.SG1.4_10M.classified_gc_rl.tsv.gz
"(16,17]",41,SPM002.A0103.SG1.4_10M.classified_gc_rl.tsv.gz
"(17,18]",112,SPM002.A0103.SG1.4_10M.classified_gc_rl.tsv.gz
"(18,19]",108,SPM002.A0103.SG1.4_10M.classified_gc_rl.tsv.gz
"(19,20]",185,SPM002.A0103.SG1.4_10M.classified_gc_rl.tsv.gz
"(20,21]",133,SPM002.A0103.SG1.4_10M.classified_gc_rl.tsv.gz
"(21,22]",220,SPM002.A0103.SG1.4_10M.classified_gc_rl.tsv.gz
"(22,23]",261,SPM002.A0103.SG1.4_10M.classified_gc_rl.tsv.gz
"(23,24]",255,SPM002.A0103.SG1.4_10M.classified_gc_rl.tsv.gz
"(24,25]",303,SPM002.A0103.SG1.4_10M.classified_gc_rl.tsv.gz
"(25,26]",184,SPM002.A0103.SG1.4_10M.classified_gc_rl.tsv.gz
"(26,27]",288,SPM002.A0103.SG1.4_10M.classified_gc_rl.tsv.gz
"(27,28]",406,SPM002.A0103.SG1.4_10M.classified_gc_rl.tsv.gz
"(28,29]",393,SPM002.A0103.SG1.4_10M.classified_gc_rl.tsv.gz
"(29,30]",403,SPM002.A0103.SG1.4_10M.classified_gc_rl.tsv.gz
"(30,31]",432,SPM002.A0103.SG1.4_10M.classified_gc_rl.tsv.gz
"(31,32]",483,SPM002.A0103.SG1.4_10M.classified_gc_rl.tsv.gz
"(32,33]",549,SPM002.A0103.SG1.4_10M.classified_gc_rl.tsv.gz
"(33,34]",543,SPM002.A0103.SG1.4_10M.classified_gc_rl.tsv.gz
"(34,35]",703,SPM002.A0103.SG1.4_10M.classified_gc_rl.tsv.gz
"(35,36]",740,SPM002.A0103.SG1.4_10M.classified_gc_rl.tsv.gz
"(36,37]",787,SPM002.A0103.SG1.4_10M.classified_gc_rl.tsv.gz
"(37,38]",709,SPM002.A0103.SG1.4_10M.classified_gc_rl.tsv.gz
"(38,39]",781,SPM002.A0103.SG1.4_10M.classified_gc_rl.tsv.gz
"(39,40]",897,SPM002.A0103.SG1.4_10M.classified_gc_rl.tsv.gz
"(40,41]",706,SPM002.A0103.SG1.4_10M.classified_gc_rl.tsv.gz
"(41,42]",618,SPM002.A0103.SG1.4_10M.classified_gc_rl.tsv.gz
"(42,43]",647,SPM002.A0103.SG1.4_10M.classified_gc_rl.tsv.gz
"(43,44]",660,SPM002.A0103.SG1.4_10M.classified_gc_rl.tsv.gz
"(44,45]",593,SPM002.A0103.SG1.4_10M.classified_gc_rl.tsv.gz
"(45,46]",511,SPM002.A0103.SG1.4_10M.classified_gc_rl.tsv.gz
"(46,47]",595,SPM002.A0103.SG1.4_10M.classified_gc_rl.tsv.gz
"(47,48]",695,SPM002.A0103.SG1.4_10M.classified_gc_rl.tsv.gz
"(48,49]",665,SPM002.A0103.SG1.4_10M.classified_gc_rl.tsv.gz
"(49,50]",959,SPM002.A0103.SG1.4_10M.classified_gc_rl.tsv.gz
"(50,51]",320,SPM002.A0103.SG1.4_10M.classified_gc_rl.tsv.gz
"(51,52]",885,SPM002.A0103.SG1.4_10M.classified_gc_rl.tsv.gz
"(52,53]",943,SPM002.A0103.SG1.4_10M.classified_gc_rl.tsv.gz
"(53,54]",1019,SPM002.A0103.SG1.4_10M.classified_gc_rl.tsv.gz
"(54,55]",1000,SPM002.A0103.SG1.4_10M.classified_gc_rl.tsv.gz
"(55,56]",1070,SPM002.A0103.SG1.4_10M.classified_gc_rl.tsv.gz
"(56,57]",1313,SPM002.A0103.SG1.4_10M.classified_gc_rl.tsv.gz
"(57,58]",1332,SPM002.A0103.SG1.4_10M.classified_gc_rl.tsv.gz
"(58,59]",1304,SPM002.A0103.SG1.4_10M.classified_gc_rl.tsv.gz
"(59,60]",1605,SPM002.A0103.SG1.4_10M.classified_gc_rl.tsv.gz
"(60,61]",1252,SPM002.A0103.SG1.4_10M.classified_gc_rl.tsv.gz
"(61,62]",1428,SPM002.A0103.SG1.4_10M.classified_gc_rl.tsv.gz
"(62,63]",1186,SPM002.A0103.SG1.4_10M.classified_gc_rl.tsv.gz
"(63,64]",1379,SPM002.A0103.SG1.4_10M.classified_gc_rl.tsv.gz
"(64,65]",1231,SPM002.A0103.SG1.4_10M.classified_gc_rl.tsv.gz
"(65,66]",1099,SPM002.A0103.SG1.4_10M.classified_gc_rl.tsv.gz
"(66,67]",823,SPM002.A0103.SG1.4_10M.classified_gc_rl.tsv.gz
"(67,68]",827,SPM002.A0103.SG1.4_10M.classified_gc_rl.tsv.gz
"(68,69]",723,SPM002.A0103.SG1.4_10M.classified_gc_rl.tsv.gz
"(69,70]",720,SPM002.A0103.SG1.4_10M.classified_gc_rl.tsv.gz
"(70,71]",449,SPM002.A0103.SG1.4_10M.classified_gc_rl.tsv.gz
"(71,72]",437,SPM002.A0103.SG1.4_10M.classified_gc_rl.tsv.gz
"(72,73]",400,SPM002.A0103.SG1.4_10M.classified_gc_rl.tsv.gz
"(73,74]",302,SPM002.A0103.SG1.4_10M.classified_gc_rl.tsv.gz
"(74,75]",248,SPM002.A0103.SG1.4_10M.classified_gc_rl.tsv.gz
"(75,76]",144,SPM002.A0103.SG1.4_10M.classified_gc_rl.tsv.gz
"(76,77]",153,SPM002.A0103.SG1.4_10M.classified_gc_rl.tsv.gz
"(77,78]",117,SPM002.A0103.SG1.4_10M.classified_gc_rl.tsv.gz
"(78,79]",94,SPM002.A0103.SG1.4_10M.classified_gc_rl.tsv.gz
"(79,80]",69,SPM002.A0103.SG1.4_10M.classified_gc_rl.tsv.gz
"(80,81]",41,SPM002.A0103.SG1.4_10M.classified_gc_rl.tsv.gz
"(81,82]",41,SPM002.A0103.SG1.4_10M.classified_gc_rl.tsv.gz
"(82,83]",25,SPM002.A0103.SG1.4_10M.classified_gc_rl.tsv.gz
"(83,84]",20,SPM002.A0103.SG1.4_10M.classified_gc_rl.tsv.gz
"(84,85]",12,SPM002.A0103.SG1.4_10M.classified_gc_rl.tsv.gz
"(85,86]",2,SPM002.A0103.SG1.4_10M.classified_gc_rl.tsv.gz
"(86,87]",5,SPM002.A0103.SG1.4_10M.classified_gc_rl.tsv.gz
"(87,88]",5,SPM002.A0103.SG1.4_10M.classified_gc_rl.tsv.gz
"(88,89]",3,SPM002.A0103.SG1.4_10M.classified_gc_rl.tsv.gz
"(89,90]",1,SPM002.A0103.SG1.4_10M.classified_gc_rl.tsv.gz
"(93,94]",1,SPM002.A0103.SG1.4_10M.classified_gc_rl.tsv.gz
"(97,98]",1,SPM002.A0103.SG1.4_10M.classified_gc_rl.tsv.gz
"(2,3]",1,VLD001.A0101.SG1.1_10M.classified_gc_rl.tsv.gz
"(4,5]",1,VLD001.A0101.SG1.1_10M.classified_gc_rl.tsv.gz
"(6,7]",1,VLD001.A0101.SG1.1_10M.classified_gc_rl.tsv.gz
"(9,10]",1,VLD001.A0101.SG1.1_10M.classified_gc_rl.tsv.gz
"(10,11]",2,VLD001.A0101.SG1.1_10M.classified_gc_rl.tsv.gz
"(11,12]",8,VLD001.A0101.SG1.1_10M.classified_gc_rl.tsv.gz
"(12,13]",7,VLD001.A0101.SG1.1_10M.classified_gc_rl.tsv.gz
"(13,14]",21,VLD001.A0101.SG1.1_10M.classified_gc_rl.tsv.gz
"(14,15]",30,VLD001.A0101.SG1.1_10M.classified_gc_rl.tsv.gz
"(15,16]",57,VLD001.A0101.SG1.1_10M.classified_gc_rl.tsv.gz
"(16,17]",99,VLD001.A0101.SG1.1_10M.classified_gc_rl.tsv.gz
"(17,18]",110,VLD001.A0101.SG1.1_10M.classified_gc_rl.tsv.gz
"(18,19]",187,VLD001.A0101.SG1.1_10M.classified_gc_rl.tsv.gz
"(19,20]",342,VLD001.A0101.SG1.1_10M.classified_gc_rl.tsv.gz
"(20,21]",368,VLD001.A0101.SG1.1_10M.classified_gc_rl.tsv.gz
"(21,22]",602,VLD001.A0101.SG1.1_10M.classified_gc_rl.tsv.gz
"(22,23]",830,VLD001.A0101.SG1.1_10M.classified_gc_rl.tsv.gz
"(23,24]",1162,VLD001.A0101.SG1.1_10M.classified_gc_rl.tsv.gz
"(24,25]",1795,VLD001.A0101.SG1.1_10M.classified_gc_rl.tsv.gz
"(25,26]",1615,VLD001.A0101.SG1.1_10M.classified_gc_rl.tsv.gz
"(26,27]",2441,VLD001.A0101.SG1.1_10M.classified_gc_rl.tsv.gz
"(27,28]",3338,VLD001.A0101.SG1.1_10M.classified_gc_rl.tsv.gz
"(28,29]",3833,VLD001.A0101.SG1.1_10M.classified_gc_rl.tsv.gz
"(29,30]",5067,VLD001.A0101.SG1.1_10M.classified_gc_rl.tsv.gz
"(30,31]",5257,VLD001.A0101.SG1.1_10M.classified_gc_rl.tsv.gz
"(31,32]",6996,VLD001.A0101.SG1.1_10M.classified_gc_rl.tsv.gz
"(32,33]",7895,VLD001.A0101.SG1.1_10M.classified_gc_rl.tsv.gz
"(33,34]",8702,VLD001.A0101.SG1.1_10M.classified_gc_rl.tsv.gz
"(34,35]",10959,VLD001.A0101.SG1.1_10M.classified_gc_rl.tsv.gz
"(35,36]",11812,VLD001.A0101.SG1.1_10M.classified_gc_rl.tsv.gz
"(36,37]",13095,VLD001.A0101.SG1.1_10M.classified_gc_rl.tsv.gz
"(37,38]",14448,VLD001.A0101.SG1.1_10M.classified_gc_rl.tsv.gz
"(38,39]",16065,VLD001.A0101.SG1.1_10M.classified_gc_rl.tsv.gz
"(39,40]",20523,VLD001.A0101.SG1.1_10M.classified_gc_rl.tsv.gz
"(40,41]",15541,VLD001.A0101.SG1.1_10M.classified_gc_rl.tsv.gz
"(41,42]",19778,VLD001.A0101.SG1.1_10M.classified_gc_rl.tsv.gz
"(42,43]",20166,VLD001.A0101.SG1.1_10M.classified_gc_rl.tsv.gz
"(43,44]",23347,VLD001.A0101.SG1.1_10M.classified_gc_rl.tsv.gz
"(44,45]",22367,VLD001.A0101.SG1.1_10M.classified_gc_rl.tsv.gz
"(45,46]",21338,VLD001.A0101.SG1.1_10M.classified_gc_rl.tsv.gz
"(46,47]",22857,VLD001.A0101.SG1.1_10M.classified_gc_rl.tsv.gz
"(47,48]",24477,VLD001.A0101.SG1.1_10M.classified_gc_rl.tsv.gz
"(48,49]",22936,VLD001.A0101.SG1.1_10M.classified_gc_rl.tsv.gz
"(49,50]",33708,VLD001.A0101.SG1.1_10M.classified_gc_rl.tsv.gz
"(50,51]",13004,VLD001.A0101.SG1.1_10M.classified_gc_rl.tsv.gz
"(51,52]",26539,VLD001.A0101.SG1.1_10M.classified_gc_rl.tsv.gz
"(52,53]",26982,VLD001.A0101.SG1.1_10M.classified_gc_rl.tsv.gz
"(53,54]",30472,VLD001.A0101.SG1.1_10M.classified_gc_rl.tsv.gz
"(54,55]",30829,VLD001.A0101.SG1.1_10M.classified_gc_rl.tsv.gz
"(55,56]",33610,VLD001.A0101.SG1.1_10M.classified_gc_rl.tsv.gz
"(56,57]",36613,VLD001.A0101.SG1.1_10M.classified_gc_rl.tsv.gz
"(57,58]",40970,VLD001.A0101.SG1.1_10M.classified_gc_rl.tsv.gz
"(58,59]",41058,VLD001.A0101.SG1.1_10M.classified_gc_rl.tsv.gz
"(59,60]",54797,VLD001.A0101.SG1.1_10M.classified_gc_rl.tsv.gz
"(60,61]",41542,VLD001.A0101.SG1.1_10M.classified_gc_rl.tsv.gz
"(61,62]",53243,VLD001.A0101.SG1.1_10M.classified_gc_rl.tsv.gz
"(62,63]",50516,VLD001.A0101.SG1.1_10M.classified_gc_rl.tsv.gz
"(63,64]",57161,VLD001.A0101.SG1.1_10M.classified_gc_rl.tsv.gz
"(64,65]",55872,VLD001.A0101.SG1.1_10M.classified_gc_rl.tsv.gz
"(65,66]",55018,VLD001.A0101.SG1.1_10M.classified_gc_rl.tsv.gz
"(66,67]",48704,VLD001.A0101.SG1.1_10M.classified_gc_rl.tsv.gz
"(67,68]",53826,VLD001.A0101.SG1.1_10M.classified_gc_rl.tsv.gz
"(68,69]",47180,VLD001.A0101.SG1.1_10M.classified_gc_rl.tsv.gz
"(69,70]",51066,VLD001.A0101.SG1.1_10M.classified_gc_rl.tsv.gz
"(70,71]",37050,VLD001.A0101.SG1.1_10M.classified_gc_rl.tsv.gz
"(71,72]",39693,VLD001.A0101.SG1.1_10M.classified_gc_rl.tsv.gz
"(72,73]",32180,VLD001.A0101.SG1.1_10M.classified_gc_rl.tsv.gz
"(73,74]",29884,VLD001.A0101.SG1.1_10M.classified_gc_rl.tsv.gz
"(74,75]",27421,VLD001.A0101.SG1.1_10M.classified_gc_rl.tsv.gz
"(75,76]",15021,VLD001.A0101.SG1.1_10M.classified_gc_rl.tsv.gz
"(76,77]",15589,VLD001.A0101.SG1.1_10M.classified_gc_rl.tsv.gz
"(77,78]",12231,VLD001.A0101.SG1.1_10M.classified_gc_rl.tsv.gz
"(78,79]",9504,VLD001.A0101.SG1.1_10M.classified_gc_rl.tsv.gz
"(79,80]",8079,VLD001.A0101.SG1.1_10M.classified_gc_rl.tsv.gz
"(80,81]",4169,VLD001.A0101.SG1.1_10M.classified_gc_rl.tsv.gz
"(81,82]",3749,VLD001.A0101.SG1.1_10M.classified_gc_rl.tsv.gz
"(82,83]",2420,VLD001.A0101.SG1.1_10M.classified_gc_rl.tsv.gz
"(83,84]",1721,VLD001.A0101.SG1.1_10M.classified_gc_rl.tsv.gz
"(84,85]",1243,VLD001.A0101.SG1.1_10M.classified_gc_rl.tsv.gz
"(85,86]",700,VLD001.A0101.SG1.1_10M.classified_gc_rl.tsv.gz
"(86,87]",510,VLD001.A0101.SG1.1_10M.classified_gc_rl.tsv.gz
"(87,88]",319,VLD001.A0101.SG1.1_10M.classified_gc_rl.tsv.gz
"(88,89]",173,VLD001.A0101.SG1.1_10M.classified_gc_rl.tsv.gz
"(89,90]",148,VLD001.A0101.SG1.1_10M.classified_gc_rl.tsv.gz
"(90,91]",92,VLD001.A0101.SG1.1_10M.classified_gc_rl.tsv.gz
"(91,92]",59,VLD001.A0101.SG1.1_10M.classified_gc_rl.tsv.gz
"(92,93]",35,VLD001.A0101.SG1.1_10M.classified_gc_rl.tsv.gz
"(93,94]",38,VLD001.A0101.SG1.1_10M.classified_gc_rl.tsv.gz
"(94,95]",27,VLD001.A0101.SG1.1_10M.classified_gc_rl.tsv.gz
"(95,96]",29,VLD001.A0101.SG1.1_10M.classified_gc_rl.tsv.gz
"(96,97]",23,VLD001.A0101.SG1.1_10M.classified_gc_rl.tsv.gz
"(97,98]",22,VLD001.A0101.SG1.1_10M.classified_gc_rl.tsv.gz
"(98,99]",24,VLD001.A0101.SG1.1_10M.classified_gc_rl.tsv.gz
"(99,100]",48,VLD001.A0101.SG1.1_10M.classified_gc_rl.tsv.gz
"[0,1]",2,VLD001.A0102.SG1.2_10M.classified_gc_rl.tsv.gz
"(1,2]",3,VLD001.A0102.SG1.2_10M.classified_gc_rl.tsv.gz
"(2,3]",2,VLD001.A0102.SG1.2_10M.classified_gc_rl.tsv.gz
"(3,4]",11,VLD001.A0102.SG1.2_10M.classified_gc_rl.tsv.gz
"(4,5]",10,VLD001.A0102.SG1.2_10M.classified_gc_rl.tsv.gz
"(5,6]",15,VLD001.A0102.SG1.2_10M.classified_gc_rl.tsv.gz
"(6,7]",13,VLD001.A0102.SG1.2_10M.classified_gc_rl.tsv.gz
"(7,8]",37,VLD001.A0102.SG1.2_10M.classified_gc_rl.tsv.gz
"(8,9]",33,VLD001.A0102.SG1.2_10M.classified_gc_rl.tsv.gz
"(9,10]",55,VLD001.A0102.SG1.2_10M.classified_gc_rl.tsv.gz
"(10,11]",60,VLD001.A0102.SG1.2_10M.classified_gc_rl.tsv.gz
"(11,12]",78,VLD001.A0102.SG1.2_10M.classified_gc_rl.tsv.gz
"(12,13]",114,VLD001.A0102.SG1.2_10M.classified_gc_rl.tsv.gz
"(13,14]",168,VLD001.A0102.SG1.2_10M.classified_gc_rl.tsv.gz
"(14,15]",220,VLD001.A0102.SG1.2_10M.classified_gc_rl.tsv.gz
"(15,16]",235,VLD001.A0102.SG1.2_10M.classified_gc_rl.tsv.gz
"(16,17]",292,VLD001.A0102.SG1.2_10M.classified_gc_rl.tsv.gz
"(17,18]",433,VLD001.A0102.SG1.2_10M.classified_gc_rl.tsv.gz
"(18,19]",494,VLD001.A0102.SG1.2_10M.classified_gc_rl.tsv.gz
"(19,20]",801,VLD001.A0102.SG1.2_10M.classified_gc_rl.tsv.gz
"(20,21]",658,VLD001.A0102.SG1.2_10M.classified_gc_rl.tsv.gz
"(21,22]",960,VLD001.A0102.SG1.2_10M.classified_gc_rl.tsv.gz
"(22,23]",1088,VLD001.A0102.SG1.2_10M.classified_gc_rl.tsv.gz
"(23,24]",1516,VLD001.A0102.SG1.2_10M.classified_gc_rl.tsv.gz
"(24,25]",1963,VLD001.A0102.SG1.2_10M.classified_gc_rl.tsv.gz
"(25,26]",1432,VLD001.A0102.SG1.2_10M.classified_gc_rl.tsv.gz
"(26,27]",2116,VLD001.A0102.SG1.2_10M.classified_gc_rl.tsv.gz
"(27,28]",2601,VLD001.A0102.SG1.2_10M.classified_gc_rl.tsv.gz
"(28,29]",2754,VLD001.A0102.SG1.2_10M.classified_gc_rl.tsv.gz
"(29,30]",3290,VLD001.A0102.SG1.2_10M.classified_gc_rl.tsv.gz
"(30,31]",3165,VLD001.A0102.SG1.2_10M.classified_gc_rl.tsv.gz
"(31,32]",4052,VLD001.A0102.SG1.2_10M.classified_gc_rl.tsv.gz
"(32,33]",3993,VLD001.A0102.SG1.2_10M.classified_gc_rl.tsv.gz
"(33,34]",4346,VLD001.A0102.SG1.2_10M.classified_gc_rl.tsv.gz
"(34,35]",5439,VLD001.A0102.SG1.2_10M.classified_gc_rl.tsv.gz
"(35,36]",5069,VLD001.A0102.SG1.2_10M.classified_gc_rl.tsv.gz
"(36,37]",5473,VLD001.A0102.SG1.2_10M.classified_gc_rl.tsv.gz
"(37,38]",5677,VLD001.A0102.SG1.2_10M.classified_gc_rl.tsv.gz
"(38,39]",5697,VLD001.A0102.SG1.2_10M.classified_gc_rl.tsv.gz
"(39,40]",7516,VLD001.A0102.SG1.2_10M.classified_gc_rl.tsv.gz
"(40,41]",5060,VLD001.A0102.SG1.2_10M.classified_gc_rl.tsv.gz
"(41,42]",6488,VLD001.A0102.SG1.2_10M.classified_gc_rl.tsv.gz
"(42,43]",6253,VLD001.A0102.SG1.2_10M.classified_gc_rl.tsv.gz
"(43,44]",6913,VLD001.A0102.SG1.2_10M.classified_gc_rl.tsv.gz
"(44,45]",6660,VLD001.A0102.SG1.2_10M.classified_gc_rl.tsv.gz
"(45,46]",5927,VLD001.A0102.SG1.2_10M.classified_gc_rl.tsv.gz
"(46,47]",6205,VLD001.A0102.SG1.2_10M.classified_gc_rl.tsv.gz
"(47,48]",6955,VLD001.A0102.SG1.2_10M.classified_gc_rl.tsv.gz
"(48,49]",6293,VLD001.A0102.SG1.2_10M.classified_gc_rl.tsv.gz
"(49,50]",8810,VLD001.A0102.SG1.2_10M.classified_gc_rl.tsv.gz
"(50,51]",2348,VLD001.A0102.SG1.2_10M.classified_gc_rl.tsv.gz
"(51,52]",7171,VLD001.A0102.SG1.2_10M.classified_gc_rl.tsv.gz
"(52,53]",6913,VLD001.A0102.SG1.2_10M.classified_gc_rl.tsv.gz
"(53,54]",7073,VLD001.A0102.SG1.2_10M.classified_gc_rl.tsv.gz
"(54,55]",7218,VLD001.A0102.SG1.2_10M.classified_gc_rl.tsv.gz
"(55,56]",7130,VLD001.A0102.SG1.2_10M.classified_gc_rl.tsv.gz
"(56,57]",7721,VLD001.A0102.SG1.2_10M.classified_gc_rl.tsv.gz
"(57,58]",8268,VLD001.A0102.SG1.2_10M.classified_gc_rl.tsv.gz
"(58,59]",8176,VLD001.A0102.SG1.2_10M.classified_gc_rl.tsv.gz
"(59,60]",10417,VLD001.A0102.SG1.2_10M.classified_gc_rl.tsv.gz
"(60,61]",7599,VLD001.A0102.SG1.2_10M.classified_gc_rl.tsv.gz
"(61,62]",9384,VLD001.A0102.SG1.2_10M.classified_gc_rl.tsv.gz
"(62,63]",8680,VLD001.A0102.SG1.2_10M.classified_gc_rl.tsv.gz
"(63,64]",9826,VLD001.A0102.SG1.2_10M.classified_gc_rl.tsv.gz
"(64,65]",9831,VLD001.A0102.SG1.2_10M.classified_gc_rl.tsv.gz
"(65,66]",9615,VLD001.A0102.SG1.2_10M.classified_gc_rl.tsv.gz
"(66,67]",7937,VLD001.A0102.SG1.2_10M.classified_gc_rl.tsv.gz
"(67,68]",8669,VLD001.A0102.SG1.2_10M.classified_gc_rl.tsv.gz
"(68,69]",7851,VLD001.A0102.SG1.2_10M.classified_gc_rl.tsv.gz
"(69,70]",8856,VLD001.A0102.SG1.2_10M.classified_gc_rl.tsv.gz
"(70,71]",6135,VLD001.A0102.SG1.2_10M.classified_gc_rl.tsv.gz
"(71,72]",6859,VLD001.A0102.SG1.2_10M.classified_gc_rl.tsv.gz
"(72,73]",5901,VLD001.A0102.SG1.2_10M.classified_gc_rl.tsv.gz
"(73,74]",5186,VLD001.A0102.SG1.2_10M.classified_gc_rl.tsv.gz
"(74,75]",4878,VLD001.A0102.SG1.2_10M.classified_gc_rl.tsv.gz
"(75,76]",2608,VLD001.A0102.SG1.2_10M.classified_gc_rl.tsv.gz
"(76,77]",3069,VLD001.A0102.SG1.2_10M.classified_gc_rl.tsv.gz
"(77,78]",2300,VLD001.A0102.SG1.2_10M.classified_gc_rl.tsv.gz
"(78,79]",1906,VLD001.A0102.SG1.2_10M.classified_gc_rl.tsv.gz
"(79,80]",1700,VLD001.A0102.SG1.2_10M.classified_gc_rl.tsv.gz
"(80,81]",864,VLD001.A0102.SG1.2_10M.classified_gc_rl.tsv.gz
"(81,82]",833,VLD001.A0102.SG1.2_10M.classified_gc_rl.tsv.gz
"(82,83]",610,VLD001.A0102.SG1.2_10M.classified_gc_rl.tsv.gz
"(83,84]",413,VLD001.A0102.SG1.2_10M.classified_gc_rl.tsv.gz
"(84,85]",314,VLD001.A0102.SG1.2_10M.classified_gc_rl.tsv.gz
"(85,86]",140,VLD001.A0102.SG1.2_10M.classified_gc_rl.tsv.gz
"(86,87]",122,VLD001.A0102.SG1.2_10M.classified_gc_rl.tsv.gz
"(87,88]",53,VLD001.A0102.SG1.2_10M.classified_gc_rl.tsv.gz
"(88,89]",36,VLD001.A0102.SG1.2_10M.classified_gc_rl.tsv.gz
"(89,90]",27,VLD001.A0102.SG1.2_10M.classified_gc_rl.tsv.gz
"(90,91]",9,VLD001.A0102.SG1.2_10M.classified_gc_rl.tsv.gz
"(91,92]",3,VLD001.A0102.SG1.2_10M.classified_gc_rl.tsv.gz
"(92,93]",4,VLD001.A0102.SG1.2_10M.classified_gc_rl.tsv.gz
"(94,95]",2,VLD001.A0102.SG1.2_10M.classified_gc_rl.tsv.gz
"(97,98]",1,VLD001.A0102.SG1.2_10M.classified_gc_rl.tsv.gz
"[0,1]",1,ZAF001.A0101.SG1.1_10M.classified_gc_rl.tsv.gz
"(4,5]",4,ZAF001.A0101.SG1.1_10M.classified_gc_rl.tsv.gz
"(6,7]",1,ZAF001.A0101.SG1.1_10M.classified_gc_rl.tsv.gz
"(8,9]",4,ZAF001.A0101.SG1.1_10M.classified_gc_rl.tsv.gz
"(9,10]",2,ZAF001.A0101.SG1.1_10M.classified_gc_rl.tsv.gz
"(10,11]",1,ZAF001.A0101.SG1.1_10M.classified_gc_rl.tsv.gz
"(11,12]",3,ZAF001.A0101.SG1.1_10M.classified_gc_rl.tsv.gz
"(12,13]",8,ZAF001.A0101.SG1.1_10M.classified_gc_rl.tsv.gz
"(13,14]",9,ZAF001.A0101.SG1.1_10M.classified_gc_rl.tsv.gz
"(14,15]",31,ZAF001.A0101.SG1.1_10M.classified_gc_rl.tsv.gz
"(15,16]",35,ZAF001.A0101.SG1.1_10M.classified_gc_rl.tsv.gz
"(16,17]",59,ZAF001.A0101.SG1.1_10M.classified_gc_rl.tsv.gz
"(17,18]",106,ZAF001.A0101.SG1.1_10M.classified_gc_rl.tsv.gz
"(18,19]",142,ZAF001.A0101.SG1.1_10M.classified_gc_rl.tsv.gz
"(19,20]",209,ZAF001.A0101.SG1.1_10M.classified_gc_rl.tsv.gz
"(20,21]",256,ZAF001.A0101.SG1.1_10M.classified_gc_rl.tsv.gz
"(21,22]",439,ZAF001.A0101.SG1.1_10M.classified_gc_rl.tsv.gz
"(22,23]",527,ZAF001.A0101.SG1.1_10M.classified_gc_rl.tsv.gz
"(23,24]",772,ZAF001.A0101.SG1.1_10M.classified_gc_rl.tsv.gz
"(24,25]",1178,ZAF001.A0101.SG1.1_10M.classified_gc_rl.tsv.gz
"(25,26]",1042,ZAF001.A0101.SG1.1_10M.classified_gc_rl.tsv.gz
"(26,27]",1673,ZAF001.A0101.SG1.1_10M.classified_gc_rl.tsv.gz
"(27,28]",2178,ZAF001.A0101.SG1.1_10M.classified_gc_rl.tsv.gz
"(28,29]",2362,ZAF001.A0101.SG1.1_10M.classified_gc_rl.tsv.gz
"(29,30]",3039,ZAF001.A0101.SG1.1_10M.classified_gc_rl.tsv.gz
"(30,31]",3248,ZAF001.A0101.SG1.1_10M.classified_gc_rl.tsv.gz
"(31,32]",4176,ZAF001.A0101.SG1.1_10M.classified_gc_rl.tsv.gz
"(32,33]",4081,ZAF001.A0101.SG1.1_10M.classified_gc_rl.tsv.gz
"(33,34]",4429,ZAF001.A0101.SG1.1_10M.classified_gc_rl.tsv.gz
"(34,35]",5655,ZAF001.A0101.SG1.1_10M.classified_gc_rl.tsv.gz
"(35,36]",5790,ZAF001.A0101.SG1.1_10M.classified_gc_rl.tsv.gz
"(36,37]",5843,ZAF001.A0101.SG1.1_10M.classified_gc_rl.tsv.gz
"(37,38]",6203,ZAF001.A0101.SG1.1_10M.classified_gc_rl.tsv.gz
"(38,39]",6588,ZAF001.A0101.SG1.1_10M.classified_gc_rl.tsv.gz
"(39,40]",8151,ZAF001.A0101.SG1.1_10M.classified_gc_rl.tsv.gz
"(40,41]",5996,ZAF001.A0101.SG1.1_10M.classified_gc_rl.tsv.gz
"(41,42]",7455,ZAF001.A0101.SG1.1_10M.classified_gc_rl.tsv.gz
"(42,43]",7742,ZAF001.A0101.SG1.1_10M.classified_gc_rl.tsv.gz
"(43,44]",8807,ZAF001.A0101.SG1.1_10M.classified_gc_rl.tsv.gz
"(44,45]",8826,ZAF001.A0101.SG1.1_10M.classified_gc_rl.tsv.gz
"(45,46]",8585,ZAF001.A0101.SG1.1_10M.classified_gc_rl.tsv.gz
"(46,47]",9971,ZAF001.A0101.SG1.1_10M.classified_gc_rl.tsv.gz
"(47,48]",11721,ZAF001.A0101.SG1.1_10M.classified_gc_rl.tsv.gz
"(48,49]",11466,ZAF001.A0101.SG1.1_10M.classified_gc_rl.tsv.gz
"(49,50]",18335,ZAF001.A0101.SG1.1_10M.classified_gc_rl.tsv.gz
"(50,51]",8060,ZAF001.A0101.SG1.1_10M.classified_gc_rl.tsv.gz
"(51,52]",17659,ZAF001.A0101.SG1.1_10M.classified_gc_rl.tsv.gz
"(52,53]",18691,ZAF001.A0101.SG1.1_10M.classified_gc_rl.tsv.gz
"(53,54]",22876,ZAF001.A0101.SG1.1_10M.classified_gc_rl.tsv.gz
"(54,55]",23000,ZAF001.A0101.SG1.1_10M.classified_gc_rl.tsv.gz
"(55,56]",26679,ZAF001.A0101.SG1.1_10M.classified_gc_rl.tsv.gz
"(56,57]",29068,ZAF001.A0101.SG1.1_10M.classified_gc_rl.tsv.gz
"(57,58]",33102,ZAF001.A0101.SG1.1_10M.classified_gc_rl.tsv.gz
"(58,59]",31047,ZAF001.A0101.SG1.1_10M.classified_gc_rl.tsv.gz
"(59,60]",41357,ZAF001.A0101.SG1.1_10M.classified_gc_rl.tsv.gz
"(60,61]",31379,ZAF001.A0101.SG1.1_10M.classified_gc_rl.tsv.gz
"(61,62]",37673,ZAF001.A0101.SG1.1_10M.classified_gc_rl.tsv.gz
"(62,63]",32217,ZAF001.A0101.SG1.1_10M.classified_gc_rl.tsv.gz
"(63,64]",36820,ZAF001.A0101.SG1.1_10M.classified_gc_rl.tsv.gz
"(64,65]",33955,ZAF001.A0101.SG1.1_10M.classified_gc_rl.tsv.gz
"(65,66]",31153,ZAF001.A0101.SG1.1_10M.classified_gc_rl.tsv.gz
"(66,67]",24940,ZAF001.A0101.SG1.1_10M.classified_gc_rl.tsv.gz
"(67,68]",26390,ZAF001.A0101.SG1.1_10M.classified_gc_rl.tsv.gz
"(68,69]",22166,ZAF001.A0101.SG1.1_10M.classified_gc_rl.tsv.gz
"(69,70]",21997,ZAF001.A0101.SG1.1_10M.classified_gc_rl.tsv.gz
"(70,71]",14424,ZAF001.A0101.SG1.1_10M.classified_gc_rl.tsv.gz
"(71,72]",14984,ZAF001.A0101.SG1.1_10M.classified_gc_rl.tsv.gz
"(72,73]",11374,ZAF001.A0101.SG1.1_10M.classified_gc_rl.tsv.gz
"(73,74]",10062,ZAF001.A0101.SG1.1_10M.classified_gc_rl.tsv.gz
"(74,75]",8358,ZAF001.A0101.SG1.1_10M.classified_gc_rl.tsv.gz
"(75,76]",4480,ZAF001.A0101.SG1.1_10M.classified_gc_rl.tsv.gz
"(76,77]",4498,ZAF001.A0101.SG1.1_10M.classified_gc_rl.tsv.gz
"(77,78]",3349,ZAF001.A0101.SG1.1_10M.classified_gc_rl.tsv.gz
"(78,79]",2626,ZAF001.A0101.SG1.1_10M.classified_gc_rl.tsv.gz
"(79,80]",2079,ZAF001.A0101.SG1.1_10M.classified_gc_rl.tsv.gz
"(80,81]",1012,ZAF001.A0101.SG1.1_10M.classified_gc_rl.tsv.gz
"(81,82]",1001,ZAF001.A0101.SG1.1_10M.classified_gc_rl.tsv.gz
"(82,83]",687,ZAF001.A0101.SG1.1_10M.classified_gc_rl.tsv.gz
"(83,84]",399,ZAF001.A0101.SG1.1_10M.classified_gc_rl.tsv.gz
"(84,85]",292,ZAF001.A0101.SG1.1_10M.classified_gc_rl.tsv.gz
"(85,86]",160,ZAF001.A0101.SG1.1_10M.classified_gc_rl.tsv.gz
"(86,87]",146,ZAF001.A0101.SG1.1_10M.classified_gc_rl.tsv.gz
"(87,88]",82,ZAF001.A0101.SG1.1_10M.classified_gc_rl.tsv.gz
"(88,89]",51,ZAF001.A0101.SG1.1_10M.classified_gc_rl.tsv.gz
"(89,90]",58,ZAF001.A0101.SG1.1_10M.classified_gc_rl.tsv.gz
"(90,91]",35,ZAF001.A0101.SG1.1_10M.classified_gc_rl.tsv.gz
"(91,92]",21,ZAF001.A0101.SG1.1_10M.classified_gc_rl.tsv.gz
"(92,93]",15,ZAF001.A0101.SG1.1_10M.classified_gc_rl.tsv.gz
"(93,94]",18,ZAF001.A0101.SG1.1_10M.classified_gc_rl.tsv.gz
"(94,95]",19,ZAF001.A0101.SG1.1_10M.classified_gc_rl.tsv.gz
"(95,96]",25,ZAF001.A0101.SG1.1_10M.classified_gc_rl.tsv.gz
"(96,97]",6,ZAF001.A0101.SG1.1_10M.classified_gc_rl.tsv.gz
"(97,98]",20,ZAF001.A0101.SG1.1_10M.classified_gc_rl.tsv.gz
"(98,99]",30,ZAF001.A0101.SG1.1_10M.classified_gc_rl.tsv.gz
"(99,100]",17,ZAF001.A0101.SG1.1_10M.classified_gc_rl.tsv.gz
"[0,1]",7,ZAF001.A0103.SG1.4_10M.classified_gc_rl.tsv.gz
"(1,2]",3,ZAF001.A0103.SG1.4_10M.classified_gc_rl.tsv.gz
"(2,3]",7,ZAF001.A0103.SG1.4_10M.classified_gc_rl.tsv.gz
"(3,4]",10,ZAF001.A0103.SG1.4_10M.classified_gc_rl.tsv.gz
"(4,5]",11,ZAF001.A0103.SG1.4_10M.classified_gc_rl.tsv.gz
"(5,6]",8,ZAF001.A0103.SG1.4_10M.classified_gc_rl.tsv.gz
"(6,7]",4,ZAF001.A0103.SG1.4_10M.classified_gc_rl.tsv.gz
"(7,8]",11,ZAF001.A0103.SG1.4_10M.classified_gc_rl.tsv.gz
"(8,9]",11,ZAF001.A0103.SG1.4_10M.classified_gc_rl.tsv.gz
"(9,10]",25,ZAF001.A0103.SG1.4_10M.classified_gc_rl.tsv.gz
"(10,11]",23,ZAF001.A0103.SG1.4_10M.classified_gc_rl.tsv.gz
"(11,12]",39,ZAF001.A0103.SG1.4_10M.classified_gc_rl.tsv.gz
"(12,13]",44,ZAF001.A0103.SG1.4_10M.classified_gc_rl.tsv.gz
"(13,14]",79,ZAF001.A0103.SG1.4_10M.classified_gc_rl.tsv.gz
"(14,15]",80,ZAF001.A0103.SG1.4_10M.classified_gc_rl.tsv.gz
"(15,16]",149,ZAF001.A0103.SG1.4_10M.classified_gc_rl.tsv.gz
"(16,17]",153,ZAF001.A0103.SG1.4_10M.classified_gc_rl.tsv.gz
"(17,18]",243,ZAF001.A0103.SG1.4_10M.classified_gc_rl.tsv.gz
"(18,19]",263,ZAF001.A0103.SG1.4_10M.classified_gc_rl.tsv.gz
"(19,20]",467,ZAF001.A0103.SG1.4_10M.classified_gc_rl.tsv.gz
"(20,21]",340,ZAF001.A0103.SG1.4_10M.classified_gc_rl.tsv.gz
"(21,22]",577,ZAF001.A0103.SG1.4_10M.classified_gc_rl.tsv.gz
"(22,23]",570,ZAF001.A0103.SG1.4_10M.classified_gc_rl.tsv.gz
"(23,24]",791,ZAF001.A0103.SG1.4_10M.classified_gc_rl.tsv.gz
"(24,25]",1162,ZAF001.A0103.SG1.4_10M.classified_gc_rl.tsv.gz
"(25,26]",787,ZAF001.A0103.SG1.4_10M.classified_gc_rl.tsv.gz
"(26,27]",1138,ZAF001.A0103.SG1.4_10M.classified_gc_rl.tsv.gz
"(27,28]",1371,ZAF001.A0103.SG1.4_10M.classified_gc_rl.tsv.gz
"(28,29]",1380,ZAF001.A0103.SG1.4_10M.classified_gc_rl.tsv.gz
"(29,30]",1646,ZAF001.A0103.SG1.4_10M.classified_gc_rl.tsv.gz
"(30,31]",1592,ZAF001.A0103.SG1.4_10M.classified_gc_rl.tsv.gz
"(31,32]",1767,ZAF001.A0103.SG1.4_10M.classified_gc_rl.tsv.gz
"(32,33]",1662,ZAF001.A0103.SG1.4_10M.classified_gc_rl.tsv.gz
"(33,34]",1688,ZAF001.A0103.SG1.4_10M.classified_gc_rl.tsv.gz
"(34,35]",2110,ZAF001.A0103.SG1.4_10M.classified_gc_rl.tsv.gz
"(35,36]",1928,ZAF001.A0103.SG1.4_10M.classified_gc_rl.tsv.gz
"(36,37]",1906,ZAF001.A0103.SG1.4_10M.classified_gc_rl.tsv.gz
"(37,38]",1892,ZAF001.A0103.SG1.4_10M.classified_gc_rl.tsv.gz
"(38,39]",1870,ZAF001.A0103.SG1.4_10M.classified_gc_rl.tsv.gz
"(39,40]",2321,ZAF001.A0103.SG1.4_10M.classified_gc_rl.tsv.gz
"(40,41]",1564,ZAF001.A0103.SG1.4_10M.classified_gc_rl.tsv.gz
"(41,42]",1883,ZAF001.A0103.SG1.4_10M.classified_gc_rl.tsv.gz
"(42,43]",1746,ZAF001.A0103.SG1.4_10M.classified_gc_rl.tsv.gz
"(43,44]",2080,ZAF001.A0103.SG1.4_10M.classified_gc_rl.tsv.gz
"(44,45]",1918,ZAF001.A0103.SG1.4_10M.classified_gc_rl.tsv.gz
"(45,46]",1654,ZAF001.A0103.SG1.4_10M.classified_gc_rl.tsv.gz
"(46,47]",1828,ZAF001.A0103.SG1.4_10M.classified_gc_rl.tsv.gz
"(47,48]",2172,ZAF001.A0103.SG1.4_10M.classified_gc_rl.tsv.gz
"(48,49]",2088,ZAF001.A0103.SG1.4_10M.classified_gc_rl.tsv.gz
"(49,50]",3043,ZAF001.A0103.SG1.4_10M.classified_gc_rl.tsv.gz
"(50,51]",912,ZAF001.A0103.SG1.4_10M.classified_gc_rl.tsv.gz
"(51,52]",2578,ZAF001.A0103.SG1.4_10M.classified_gc_rl.tsv.gz
"(52,53]",2813,ZAF001.A0103.SG1.4_10M.classified_gc_rl.tsv.gz
"(53,54]",3002,ZAF001.A0103.SG1.4_10M.classified_gc_rl.tsv.gz
"(54,55]",3091,ZAF001.A0103.SG1.4_10M.classified_gc_rl.tsv.gz
"(55,56]",3160,ZAF001.A0103.SG1.4_10M.classified_gc_rl.tsv.gz
"(56,57]",3455,ZAF001.A0103.SG1.4_10M.classified_gc_rl.tsv.gz
"(57,58]",3569,ZAF001.A0103.SG1.4_10M.classified_gc_rl.tsv.gz
"(58,59]",3372,ZAF001.A0103.SG1.4_10M.classified_gc_rl.tsv.gz
"(59,60]",4360,ZAF001.A0103.SG1.4_10M.classified_gc_rl.tsv.gz
"(60,61]",3166,ZAF001.A0103.SG1.4_10M.classified_gc_rl.tsv.gz
"(61,62]",3602,ZAF001.A0103.SG1.4_10M.classified_gc_rl.tsv.gz
"(62,63]",3247,ZAF001.A0103.SG1.4_10M.classified_gc_rl.tsv.gz
"(63,64]",3574,ZAF001.A0103.SG1.4_10M.classified_gc_rl.tsv.gz
"(64,65]",3319,ZAF001.A0103.SG1.4_10M.classified_gc_rl.tsv.gz
"(65,66]",3038,ZAF001.A0103.SG1.4_10M.classified_gc_rl.tsv.gz
"(66,67]",2503,ZAF001.A0103.SG1.4_10M.classified_gc_rl.tsv.gz
"(67,68]",2515,ZAF001.A0103.SG1.4_10M.classified_gc_rl.tsv.gz
"(68,69]",2099,ZAF001.A0103.SG1.4_10M.classified_gc_rl.tsv.gz
"(69,70]",2205,ZAF001.A0103.SG1.4_10M.classified_gc_rl.tsv.gz
"(70,71]",1412,ZAF001.A0103.SG1.4_10M.classified_gc_rl.tsv.gz
"(71,72]",1531,ZAF001.A0103.SG1.4_10M.classified_gc_rl.tsv.gz
"(72,73]",1219,ZAF001.A0103.SG1.4_10M.classified_gc_rl.tsv.gz
"(73,74]",996,ZAF001.A0103.SG1.4_10M.classified_gc_rl.tsv.gz
"(74,75]",962,ZAF001.A0103.SG1.4_10M.classified_gc_rl.tsv.gz
"(75,76]",437,ZAF001.A0103.SG1.4_10M.classified_gc_rl.tsv.gz
"(76,77]",485,ZAF001.A0103.SG1.4_10M.classified_gc_rl.tsv.gz
"(77,78]",356,ZAF001.A0103.SG1.4_10M.classified_gc_rl.tsv.gz
"(78,79]",293,ZAF001.A0103.SG1.4_10M.classified_gc_rl.tsv.gz
"(79,80]",227,ZAF001.A0103.SG1.4_10M.classified_gc_rl.tsv.gz
"(80,81]",114,ZAF001.A0103.SG1.4_10M.classified_gc_rl.tsv.gz
"(81,82]",116,ZAF001.A0103.SG1.4_10M.classified_gc_rl.tsv.gz
"(82,83]",85,ZAF001.A0103.SG1.4_10M.classified_gc_rl.tsv.gz
"(83,84]",52,ZAF001.A0103.SG1.4_10M.classified_gc_rl.tsv.gz
"(84,85]",39,ZAF001.A0103.SG1.4_10M.classified_gc_rl.tsv.gz
"(85,86]",17,ZAF001.A0103.SG1.4_10M.classified_gc_rl.tsv.gz
"(86,87]",21,ZAF001.A0103.SG1.4_10M.classified_gc_rl.tsv.gz
"(87,88]",9,ZAF001.A0103.SG1.4_10M.classified_gc_rl.tsv.gz
"(88,89]",6,ZAF001.A0103.SG1.4_10M.classified_gc_rl.tsv.gz
"(89,90]",5,ZAF001.A0103.SG1.4_10M.classified_gc_rl.tsv.gz
"(90,91]",1,ZAF001.A0103.SG1.4_10M.classified_gc_rl.tsv.gz
"(94,95]",1,ZAF001.A0103.SG1.4_10M.classified_gc_rl.tsv.gz
"(99,100]",1,ZAF001.A0103.SG1.4_10M.classified_gc_rl.tsv.gz
