gc_bin,counts_gc,Study
"[0,1]",625,BAN001.A0101_10M.adapter_gc_rl.tsv.gz
"(1,2]",85,BAN001.A0101_10M.adapter_gc_rl.tsv.gz
"(2,3]",111,BAN001.A0101_10M.adapter_gc_rl.tsv.gz
"(3,4]",108,BAN001.A0101_10M.adapter_gc_rl.tsv.gz
"(4,5]",120,BAN001.A0101_10M.adapter_gc_rl.tsv.gz
"(5,6]",196,BAN001.A0101_10M.adapter_gc_rl.tsv.gz
"(6,7]",247,BAN001.A0101_10M.adapter_gc_rl.tsv.gz
"(7,8]",278,BAN001.A0101_10M.adapter_gc_rl.tsv.gz
"(8,9]",309,BAN001.A0101_10M.adapter_gc_rl.tsv.gz
"(9,10]",539,BAN001.A0101_10M.adapter_gc_rl.tsv.gz
"(10,11]",501,BAN001.A0101_10M.adapter_gc_rl.tsv.gz
"(11,12]",744,BAN001.A0101_10M.adapter_gc_rl.tsv.gz
"(12,13]",879,BAN001.A0101_10M.adapter_gc_rl.tsv.gz
"(13,14]",1442,BAN001.A0101_10M.adapter_gc_rl.tsv.gz
"(14,15]",1844,BAN001.A0101_10M.adapter_gc_rl.tsv.gz
"(15,16]",2625,BAN001.A0101_10M.adapter_gc_rl.tsv.gz
"(16,17]",3302,BAN001.A0101_10M.adapter_gc_rl.tsv.gz
"(17,18]",4988,BAN001.A0101_10M.adapter_gc_rl.tsv.gz
"(18,19]",6434,BAN001.A0101_10M.adapter_gc_rl.tsv.gz
"(19,20]",10562,BAN001.A0101_10M.adapter_gc_rl.tsv.gz
"(20,21]",9166,BAN001.A0101_10M.adapter_gc_rl.tsv.gz
"(21,22]",15122,BAN001.A0101_10M.adapter_gc_rl.tsv.gz
"(22,23]",17617,BAN001.A0101_10M.adapter_gc_rl.tsv.gz
"(23,24]",22495,BAN001.A0101_10M.adapter_gc_rl.tsv.gz
"(24,25]",31097,BAN001.A0101_10M.adapter_gc_rl.tsv.gz
"(25,26]",24007,BAN001.A0101_10M.adapter_gc_rl.tsv.gz
"(26,27]",34254,BAN001.A0101_10M.adapter_gc_rl.tsv.gz
"(27,28]",42846,BAN001.A0101_10M.adapter_gc_rl.tsv.gz
"(28,29]",45026,BAN001.A0101_10M.adapter_gc_rl.tsv.gz
"(29,30]",57830,BAN001.A0101_10M.adapter_gc_rl.tsv.gz
"(30,31]",58101,BAN001.A0101_10M.adapter_gc_rl.tsv.gz
"(31,32]",76967,BAN001.A0101_10M.adapter_gc_rl.tsv.gz
"(32,33]",82781,BAN001.A0101_10M.adapter_gc_rl.tsv.gz
"(33,34]",97686,BAN001.A0101_10M.adapter_gc_rl.tsv.gz
"(34,35]",125530,BAN001.A0101_10M.adapter_gc_rl.tsv.gz
"(35,36]",142545,BAN001.A0101_10M.adapter_gc_rl.tsv.gz
"(36,37]",154453,BAN001.A0101_10M.adapter_gc_rl.tsv.gz
"(37,38]",182993,BAN001.A0101_10M.adapter_gc_rl.tsv.gz
"(38,39]",203801,BAN001.A0101_10M.adapter_gc_rl.tsv.gz
"(39,40]",284862,BAN001.A0101_10M.adapter_gc_rl.tsv.gz
"(40,41]",215562,BAN001.A0101_10M.adapter_gc_rl.tsv.gz
"(41,42]",287080,BAN001.A0101_10M.adapter_gc_rl.tsv.gz
"(42,43]",318359,BAN001.A0101_10M.adapter_gc_rl.tsv.gz
"(43,44]",361785,BAN001.A0101_10M.adapter_gc_rl.tsv.gz
"(44,45]",379433,BAN001.A0101_10M.adapter_gc_rl.tsv.gz
"(45,46]",366095,BAN001.A0101_10M.adapter_gc_rl.tsv.gz
"(46,47]",404827,BAN001.A0101_10M.adapter_gc_rl.tsv.gz
"(47,48]",441152,BAN001.A0101_10M.adapter_gc_rl.tsv.gz
"(48,49]",450414,BAN001.A0101_10M.adapter_gc_rl.tsv.gz
"(49,50]",632730,BAN001.A0101_10M.adapter_gc_rl.tsv.gz
"(50,51]",198516,BAN001.A0101_10M.adapter_gc_rl.tsv.gz
"(51,52]",490159,BAN001.A0101_10M.adapter_gc_rl.tsv.gz
"(52,53]",397655,BAN001.A0101_10M.adapter_gc_rl.tsv.gz
"(53,54]",413171,BAN001.A0101_10M.adapter_gc_rl.tsv.gz
"(54,55]",373678,BAN001.A0101_10M.adapter_gc_rl.tsv.gz
"(55,56]",372601,BAN001.A0101_10M.adapter_gc_rl.tsv.gz
"(56,57]",305291,BAN001.A0101_10M.adapter_gc_rl.tsv.gz
"(57,58]",310551,BAN001.A0101_10M.adapter_gc_rl.tsv.gz
"(58,59]",253792,BAN001.A0101_10M.adapter_gc_rl.tsv.gz
"(59,60]",278954,BAN001.A0101_10M.adapter_gc_rl.tsv.gz
"(60,61]",162523,BAN001.A0101_10M.adapter_gc_rl.tsv.gz
"(61,62]",177207,BAN001.A0101_10M.adapter_gc_rl.tsv.gz
"(62,63]",155360,BAN001.A0101_10M.adapter_gc_rl.tsv.gz
"(63,64]",134625,BAN001.A0101_10M.adapter_gc_rl.tsv.gz
"(64,65]",108736,BAN001.A0101_10M.adapter_gc_rl.tsv.gz
"(65,66]",92840,BAN001.A0101_10M.adapter_gc_rl.tsv.gz
"(66,67]",74055,BAN001.A0101_10M.adapter_gc_rl.tsv.gz
"(67,68]",61113,BAN001.A0101_10M.adapter_gc_rl.tsv.gz
"(68,69]",47386,BAN001.A0101_10M.adapter_gc_rl.tsv.gz
"(69,70]",44983,BAN001.A0101_10M.adapter_gc_rl.tsv.gz
"(70,71]",29666,BAN001.A0101_10M.adapter_gc_rl.tsv.gz
"(71,72]",28829,BAN001.A0101_10M.adapter_gc_rl.tsv.gz
"(72,73]",20451,BAN001.A0101_10M.adapter_gc_rl.tsv.gz
"(73,74]",18224,BAN001.A0101_10M.adapter_gc_rl.tsv.gz
"(74,75]",20305,BAN001.A0101_10M.adapter_gc_rl.tsv.gz
"(75,76]",7956,BAN001.A0101_10M.adapter_gc_rl.tsv.gz
"(76,77]",8806,BAN001.A0101_10M.adapter_gc_rl.tsv.gz
"(77,78]",7299,BAN001.A0101_10M.adapter_gc_rl.tsv.gz
"(78,79]",6202,BAN001.A0101_10M.adapter_gc_rl.tsv.gz
"(79,80]",5807,BAN001.A0101_10M.adapter_gc_rl.tsv.gz
"(80,81]",2528,BAN001.A0101_10M.adapter_gc_rl.tsv.gz
"(81,82]",2752,BAN001.A0101_10M.adapter_gc_rl.tsv.gz
"(82,83]",2585,BAN001.A0101_10M.adapter_gc_rl.tsv.gz
"(83,84]",1897,BAN001.A0101_10M.adapter_gc_rl.tsv.gz
"(84,85]",1461,BAN001.A0101_10M.adapter_gc_rl.tsv.gz
"(85,86]",1200,BAN001.A0101_10M.adapter_gc_rl.tsv.gz
"(86,87]",1110,BAN001.A0101_10M.adapter_gc_rl.tsv.gz
"(87,88]",905,BAN001.A0101_10M.adapter_gc_rl.tsv.gz
"(88,89]",859,BAN001.A0101_10M.adapter_gc_rl.tsv.gz
"(89,90]",765,BAN001.A0101_10M.adapter_gc_rl.tsv.gz
"(90,91]",711,BAN001.A0101_10M.adapter_gc_rl.tsv.gz
"(91,92]",695,BAN001.A0101_10M.adapter_gc_rl.tsv.gz
"(92,93]",649,BAN001.A0101_10M.adapter_gc_rl.tsv.gz
"(93,94]",853,BAN001.A0101_10M.adapter_gc_rl.tsv.gz
"(94,95]",981,BAN001.A0101_10M.adapter_gc_rl.tsv.gz
"(95,96]",984,BAN001.A0101_10M.adapter_gc_rl.tsv.gz
"(96,97]",934,BAN001.A0101_10M.adapter_gc_rl.tsv.gz
"(97,98]",1187,BAN001.A0101_10M.adapter_gc_rl.tsv.gz
"(98,99]",1475,BAN001.A0101_10M.adapter_gc_rl.tsv.gz
"(99,100]",10149,BAN001.A0101_10M.adapter_gc_rl.tsv.gz
"[0,1]",1003,BAN001.A0102.SG1.4_10M.adapter_gc_rl.tsv.gz
"(1,2]",40,BAN001.A0102.SG1.4_10M.adapter_gc_rl.tsv.gz
"(2,3]",420,BAN001.A0102.SG1.4_10M.adapter_gc_rl.tsv.gz
"(3,4]",938,BAN001.A0102.SG1.4_10M.adapter_gc_rl.tsv.gz
"(4,5]",820,BAN001.A0102.SG1.4_10M.adapter_gc_rl.tsv.gz
"(5,6]",1094,BAN001.A0102.SG1.4_10M.adapter_gc_rl.tsv.gz
"(6,7]",1966,BAN001.A0102.SG1.4_10M.adapter_gc_rl.tsv.gz
"(7,8]",2837,BAN001.A0102.SG1.4_10M.adapter_gc_rl.tsv.gz
"(8,9]",3239,BAN001.A0102.SG1.4_10M.adapter_gc_rl.tsv.gz
"(9,10]",6006,BAN001.A0102.SG1.4_10M.adapter_gc_rl.tsv.gz
"(10,11]",5201,BAN001.A0102.SG1.4_10M.adapter_gc_rl.tsv.gz
"(11,12]",9186,BAN001.A0102.SG1.4_10M.adapter_gc_rl.tsv.gz
"(12,13]",9448,BAN001.A0102.SG1.4_10M.adapter_gc_rl.tsv.gz
"(13,14]",13737,BAN001.A0102.SG1.4_10M.adapter_gc_rl.tsv.gz
"(14,15]",16090,BAN001.A0102.SG1.4_10M.adapter_gc_rl.tsv.gz
"(15,16]",18907,BAN001.A0102.SG1.4_10M.adapter_gc_rl.tsv.gz
"(16,17]",19828,BAN001.A0102.SG1.4_10M.adapter_gc_rl.tsv.gz
"(17,18]",28113,BAN001.A0102.SG1.4_10M.adapter_gc_rl.tsv.gz
"(18,19]",28673,BAN001.A0102.SG1.4_10M.adapter_gc_rl.tsv.gz
"(19,20]",44590,BAN001.A0102.SG1.4_10M.adapter_gc_rl.tsv.gz
"(20,21]",26209,BAN001.A0102.SG1.4_10M.adapter_gc_rl.tsv.gz
"(21,22]",43260,BAN001.A0102.SG1.4_10M.adapter_gc_rl.tsv.gz
"(22,23]",42696,BAN001.A0102.SG1.4_10M.adapter_gc_rl.tsv.gz
"(23,24]",55978,BAN001.A0102.SG1.4_10M.adapter_gc_rl.tsv.gz
"(24,25]",72114,BAN001.A0102.SG1.4_10M.adapter_gc_rl.tsv.gz
"(25,26]",37569,BAN001.A0102.SG1.4_10M.adapter_gc_rl.tsv.gz
"(26,27]",67382,BAN001.A0102.SG1.4_10M.adapter_gc_rl.tsv.gz
"(27,28]",78836,BAN001.A0102.SG1.4_10M.adapter_gc_rl.tsv.gz
"(28,29]",73343,BAN001.A0102.SG1.4_10M.adapter_gc_rl.tsv.gz
"(29,30]",105049,BAN001.A0102.SG1.4_10M.adapter_gc_rl.tsv.gz
"(30,31]",85935,BAN001.A0102.SG1.4_10M.adapter_gc_rl.tsv.gz
"(31,32]",129688,BAN001.A0102.SG1.4_10M.adapter_gc_rl.tsv.gz
"(32,33]",75263,BAN001.A0102.SG1.4_10M.adapter_gc_rl.tsv.gz
"(33,34]",183024,BAN001.A0102.SG1.4_10M.adapter_gc_rl.tsv.gz
"(34,35]",150317,BAN001.A0102.SG1.4_10M.adapter_gc_rl.tsv.gz
"(35,36]",188537,BAN001.A0102.SG1.4_10M.adapter_gc_rl.tsv.gz
"(36,37]",177699,BAN001.A0102.SG1.4_10M.adapter_gc_rl.tsv.gz
"(37,38]",188971,BAN001.A0102.SG1.4_10M.adapter_gc_rl.tsv.gz
"(38,39]",266210,BAN001.A0102.SG1.4_10M.adapter_gc_rl.tsv.gz
"(39,40]",322956,BAN001.A0102.SG1.4_10M.adapter_gc_rl.tsv.gz
"(40,41]",131614,BAN001.A0102.SG1.4_10M.adapter_gc_rl.tsv.gz
"(41,42]",305983,BAN001.A0102.SG1.4_10M.adapter_gc_rl.tsv.gz
"(42,43]",358361,BAN001.A0102.SG1.4_10M.adapter_gc_rl.tsv.gz
"(43,44]",264156,BAN001.A0102.SG1.4_10M.adapter_gc_rl.tsv.gz
"(44,45]",279241,BAN001.A0102.SG1.4_10M.adapter_gc_rl.tsv.gz
"(45,46]",288951,BAN001.A0102.SG1.4_10M.adapter_gc_rl.tsv.gz
"(46,47]",401865,BAN001.A0102.SG1.4_10M.adapter_gc_rl.tsv.gz
"(47,48]",360257,BAN001.A0102.SG1.4_10M.adapter_gc_rl.tsv.gz
"(48,49]",195549,BAN001.A0102.SG1.4_10M.adapter_gc_rl.tsv.gz
"(49,50]",940774,BAN001.A0102.SG1.4_10M.adapter_gc_rl.tsv.gz
"(50,51]",27372,BAN001.A0102.SG1.4_10M.adapter_gc_rl.tsv.gz
"(51,52]",207876,BAN001.A0102.SG1.4_10M.adapter_gc_rl.tsv.gz
"(52,53]",286775,BAN001.A0102.SG1.4_10M.adapter_gc_rl.tsv.gz
"(53,54]",336677,BAN001.A0102.SG1.4_10M.adapter_gc_rl.tsv.gz
"(54,55]",335188,BAN001.A0102.SG1.4_10M.adapter_gc_rl.tsv.gz
"(55,56]",245758,BAN001.A0102.SG1.4_10M.adapter_gc_rl.tsv.gz
"(56,57]",160275,BAN001.A0102.SG1.4_10M.adapter_gc_rl.tsv.gz
"(57,58]",231389,BAN001.A0102.SG1.4_10M.adapter_gc_rl.tsv.gz
"(58,59]",246023,BAN001.A0102.SG1.4_10M.adapter_gc_rl.tsv.gz
"(59,60]",309368,BAN001.A0102.SG1.4_10M.adapter_gc_rl.tsv.gz
"(60,61]",57364,BAN001.A0102.SG1.4_10M.adapter_gc_rl.tsv.gz
"(61,62]",146128,BAN001.A0102.SG1.4_10M.adapter_gc_rl.tsv.gz
"(62,63]",132034,BAN001.A0102.SG1.4_10M.adapter_gc_rl.tsv.gz
"(63,64]",146740,BAN001.A0102.SG1.4_10M.adapter_gc_rl.tsv.gz
"(64,65]",102642,BAN001.A0102.SG1.4_10M.adapter_gc_rl.tsv.gz
"(65,66]",41811,BAN001.A0102.SG1.4_10M.adapter_gc_rl.tsv.gz
"(66,67]",222946,BAN001.A0102.SG1.4_10M.adapter_gc_rl.tsv.gz
"(67,68]",22980,BAN001.A0102.SG1.4_10M.adapter_gc_rl.tsv.gz
"(68,69]",49362,BAN001.A0102.SG1.4_10M.adapter_gc_rl.tsv.gz
"(69,70]",100268,BAN001.A0102.SG1.4_10M.adapter_gc_rl.tsv.gz
"(70,71]",24102,BAN001.A0102.SG1.4_10M.adapter_gc_rl.tsv.gz
"(71,72]",40383,BAN001.A0102.SG1.4_10M.adapter_gc_rl.tsv.gz
"(72,73]",42503,BAN001.A0102.SG1.4_10M.adapter_gc_rl.tsv.gz
"(73,74]",24781,BAN001.A0102.SG1.4_10M.adapter_gc_rl.tsv.gz
"(74,75]",77471,BAN001.A0102.SG1.4_10M.adapter_gc_rl.tsv.gz
"(75,76]",4068,BAN001.A0102.SG1.4_10M.adapter_gc_rl.tsv.gz
"(76,77]",18902,BAN001.A0102.SG1.4_10M.adapter_gc_rl.tsv.gz
"(77,78]",47005,BAN001.A0102.SG1.4_10M.adapter_gc_rl.tsv.gz
"(78,79]",11370,BAN001.A0102.SG1.4_10M.adapter_gc_rl.tsv.gz
"(79,80]",19638,BAN001.A0102.SG1.4_10M.adapter_gc_rl.tsv.gz
"(80,81]",2399,BAN001.A0102.SG1.4_10M.adapter_gc_rl.tsv.gz
"(81,82]",10659,BAN001.A0102.SG1.4_10M.adapter_gc_rl.tsv.gz
"(82,83]",3009,BAN001.A0102.SG1.4_10M.adapter_gc_rl.tsv.gz
"(83,84]",7270,BAN001.A0102.SG1.4_10M.adapter_gc_rl.tsv.gz
"(84,85]",4386,BAN001.A0102.SG1.4_10M.adapter_gc_rl.tsv.gz
"(85,86]",10709,BAN001.A0102.SG1.4_10M.adapter_gc_rl.tsv.gz
"(86,87]",1732,BAN001.A0102.SG1.4_10M.adapter_gc_rl.tsv.gz
"(87,88]",13119,BAN001.A0102.SG1.4_10M.adapter_gc_rl.tsv.gz
"(88,89]",6151,BAN001.A0102.SG1.4_10M.adapter_gc_rl.tsv.gz
"(89,90]",2702,BAN001.A0102.SG1.4_10M.adapter_gc_rl.tsv.gz
"(90,91]",1805,BAN001.A0102.SG1.4_10M.adapter_gc_rl.tsv.gz
"(91,92]",1133,BAN001.A0102.SG1.4_10M.adapter_gc_rl.tsv.gz
"(92,93]",1077,BAN001.A0102.SG1.4_10M.adapter_gc_rl.tsv.gz
"(93,94]",447,BAN001.A0102.SG1.4_10M.adapter_gc_rl.tsv.gz
"(94,95]",354,BAN001.A0102.SG1.4_10M.adapter_gc_rl.tsv.gz
"(95,96]",158,BAN001.A0102.SG1.4_10M.adapter_gc_rl.tsv.gz
"(96,97]",129,BAN001.A0102.SG1.4_10M.adapter_gc_rl.tsv.gz
"(97,98]",280,BAN001.A0102.SG1.4_10M.adapter_gc_rl.tsv.gz
"(98,99]",450,BAN001.A0102.SG1.4_10M.adapter_gc_rl.tsv.gz
"(99,100]",13945,BAN001.A0102.SG1.4_10M.adapter_gc_rl.tsv.gz
"[0,1]",630,CDM019.A0101_10M.adapter_gc_rl.tsv.gz
"(1,2]",2,CDM019.A0101_10M.adapter_gc_rl.tsv.gz
"(2,3]",3,CDM019.A0101_10M.adapter_gc_rl.tsv.gz
"(3,4]",3,CDM019.A0101_10M.adapter_gc_rl.tsv.gz
"(4,5]",8,CDM019.A0101_10M.adapter_gc_rl.tsv.gz
"(5,6]",13,CDM019.A0101_10M.adapter_gc_rl.tsv.gz
"(6,7]",8,CDM019.A0101_10M.adapter_gc_rl.tsv.gz
"(7,8]",13,CDM019.A0101_10M.adapter_gc_rl.tsv.gz
"(8,9]",21,CDM019.A0101_10M.adapter_gc_rl.tsv.gz
"(9,10]",38,CDM019.A0101_10M.adapter_gc_rl.tsv.gz
"(10,11]",43,CDM019.A0101_10M.adapter_gc_rl.tsv.gz
"(11,12]",86,CDM019.A0101_10M.adapter_gc_rl.tsv.gz
"(12,13]",110,CDM019.A0101_10M.adapter_gc_rl.tsv.gz
"(13,14]",216,CDM019.A0101_10M.adapter_gc_rl.tsv.gz
"(14,15]",331,CDM019.A0101_10M.adapter_gc_rl.tsv.gz
"(15,16]",499,CDM019.A0101_10M.adapter_gc_rl.tsv.gz
"(16,17]",692,CDM019.A0101_10M.adapter_gc_rl.tsv.gz
"(17,18]",1293,CDM019.A0101_10M.adapter_gc_rl.tsv.gz
"(18,19]",1573,CDM019.A0101_10M.adapter_gc_rl.tsv.gz
"(19,20]",2986,CDM019.A0101_10M.adapter_gc_rl.tsv.gz
"(20,21]",2534,CDM019.A0101_10M.adapter_gc_rl.tsv.gz
"(21,22]",4667,CDM019.A0101_10M.adapter_gc_rl.tsv.gz
"(22,23]",5574,CDM019.A0101_10M.adapter_gc_rl.tsv.gz
"(23,24]",7951,CDM019.A0101_10M.adapter_gc_rl.tsv.gz
"(24,25]",11959,CDM019.A0101_10M.adapter_gc_rl.tsv.gz
"(25,26]",9619,CDM019.A0101_10M.adapter_gc_rl.tsv.gz
"(26,27]",14713,CDM019.A0101_10M.adapter_gc_rl.tsv.gz
"(27,28]",19911,CDM019.A0101_10M.adapter_gc_rl.tsv.gz
"(28,29]",22316,CDM019.A0101_10M.adapter_gc_rl.tsv.gz
"(29,30]",28802,CDM019.A0101_10M.adapter_gc_rl.tsv.gz
"(30,31]",29967,CDM019.A0101_10M.adapter_gc_rl.tsv.gz
"(31,32]",39552,CDM019.A0101_10M.adapter_gc_rl.tsv.gz
"(32,33]",43585,CDM019.A0101_10M.adapter_gc_rl.tsv.gz
"(33,34]",47821,CDM019.A0101_10M.adapter_gc_rl.tsv.gz
"(34,35]",61710,CDM019.A0101_10M.adapter_gc_rl.tsv.gz
"(35,36]",66571,CDM019.A0101_10M.adapter_gc_rl.tsv.gz
"(36,37]",72570,CDM019.A0101_10M.adapter_gc_rl.tsv.gz
"(37,38]",80611,CDM019.A0101_10M.adapter_gc_rl.tsv.gz
"(38,39]",91348,CDM019.A0101_10M.adapter_gc_rl.tsv.gz
"(39,40]",121102,CDM019.A0101_10M.adapter_gc_rl.tsv.gz
"(40,41]",93645,CDM019.A0101_10M.adapter_gc_rl.tsv.gz
"(41,42]",118939,CDM019.A0101_10M.adapter_gc_rl.tsv.gz
"(42,43]",131303,CDM019.A0101_10M.adapter_gc_rl.tsv.gz
"(43,44]",149428,CDM019.A0101_10M.adapter_gc_rl.tsv.gz
"(44,45]",156856,CDM019.A0101_10M.adapter_gc_rl.tsv.gz
"(45,46]",153819,CDM019.A0101_10M.adapter_gc_rl.tsv.gz
"(46,47]",176141,CDM019.A0101_10M.adapter_gc_rl.tsv.gz
"(47,48]",196827,CDM019.A0101_10M.adapter_gc_rl.tsv.gz
"(48,49]",208499,CDM019.A0101_10M.adapter_gc_rl.tsv.gz
"(49,50]",306251,CDM019.A0101_10M.adapter_gc_rl.tsv.gz
"(50,51]",113964,CDM019.A0101_10M.adapter_gc_rl.tsv.gz
"(51,52]",270924,CDM019.A0101_10M.adapter_gc_rl.tsv.gz
"(52,53]",253265,CDM019.A0101_10M.adapter_gc_rl.tsv.gz
"(53,54]",288442,CDM019.A0101_10M.adapter_gc_rl.tsv.gz
"(54,55]",287144,CDM019.A0101_10M.adapter_gc_rl.tsv.gz
"(55,56]",319632,CDM019.A0101_10M.adapter_gc_rl.tsv.gz
"(56,57]",324422,CDM019.A0101_10M.adapter_gc_rl.tsv.gz
"(57,58]",361012,CDM019.A0101_10M.adapter_gc_rl.tsv.gz
"(58,59]",339604,CDM019.A0101_10M.adapter_gc_rl.tsv.gz
"(59,60]",443806,CDM019.A0101_10M.adapter_gc_rl.tsv.gz
"(60,61]",326723,CDM019.A0101_10M.adapter_gc_rl.tsv.gz
"(61,62]",399901,CDM019.A0101_10M.adapter_gc_rl.tsv.gz
"(62,63]",358730,CDM019.A0101_10M.adapter_gc_rl.tsv.gz
"(63,64]",401764,CDM019.A0101_10M.adapter_gc_rl.tsv.gz
"(64,65]",378084,CDM019.A0101_10M.adapter_gc_rl.tsv.gz
"(65,66]",364824,CDM019.A0101_10M.adapter_gc_rl.tsv.gz
"(66,67]",302006,CDM019.A0101_10M.adapter_gc_rl.tsv.gz
"(67,68]",329592,CDM019.A0101_10M.adapter_gc_rl.tsv.gz
"(68,69]",280427,CDM019.A0101_10M.adapter_gc_rl.tsv.gz
"(69,70]",287385,CDM019.A0101_10M.adapter_gc_rl.tsv.gz
"(70,71]",200218,CDM019.A0101_10M.adapter_gc_rl.tsv.gz
"(71,72]",220129,CDM019.A0101_10M.adapter_gc_rl.tsv.gz
"(72,73]",177710,CDM019.A0101_10M.adapter_gc_rl.tsv.gz
"(73,74]",159375,CDM019.A0101_10M.adapter_gc_rl.tsv.gz
"(74,75]",164471,CDM019.A0101_10M.adapter_gc_rl.tsv.gz
"(75,76]",82758,CDM019.A0101_10M.adapter_gc_rl.tsv.gz
"(76,77]",90093,CDM019.A0101_10M.adapter_gc_rl.tsv.gz
"(77,78]",76526,CDM019.A0101_10M.adapter_gc_rl.tsv.gz
"(78,79]",62219,CDM019.A0101_10M.adapter_gc_rl.tsv.gz
"(79,80]",56408,CDM019.A0101_10M.adapter_gc_rl.tsv.gz
"(80,81]",29294,CDM019.A0101_10M.adapter_gc_rl.tsv.gz
"(81,82]",29716,CDM019.A0101_10M.adapter_gc_rl.tsv.gz
"(82,83]",23667,CDM019.A0101_10M.adapter_gc_rl.tsv.gz
"(83,84]",18041,CDM019.A0101_10M.adapter_gc_rl.tsv.gz
"(84,85]",13203,CDM019.A0101_10M.adapter_gc_rl.tsv.gz
"(85,86]",9649,CDM019.A0101_10M.adapter_gc_rl.tsv.gz
"(86,87]",8060,CDM019.A0101_10M.adapter_gc_rl.tsv.gz
"(87,88]",6130,CDM019.A0101_10M.adapter_gc_rl.tsv.gz
"(88,89]",4422,CDM019.A0101_10M.adapter_gc_rl.tsv.gz
"(89,90]",3655,CDM019.A0101_10M.adapter_gc_rl.tsv.gz
"(90,91]",2265,CDM019.A0101_10M.adapter_gc_rl.tsv.gz
"(91,92]",2112,CDM019.A0101_10M.adapter_gc_rl.tsv.gz
"(92,93]",1478,CDM019.A0101_10M.adapter_gc_rl.tsv.gz
"(93,94]",1395,CDM019.A0101_10M.adapter_gc_rl.tsv.gz
"(94,95]",1262,CDM019.A0101_10M.adapter_gc_rl.tsv.gz
"(95,96]",1140,CDM019.A0101_10M.adapter_gc_rl.tsv.gz
"(96,97]",1090,CDM019.A0101_10M.adapter_gc_rl.tsv.gz
"(97,98]",1020,CDM019.A0101_10M.adapter_gc_rl.tsv.gz
"(98,99]",1034,CDM019.A0101_10M.adapter_gc_rl.tsv.gz
"(99,100]",7981,CDM019.A0101_10M.adapter_gc_rl.tsv.gz
"[0,1]",82,CDM019.A0102.SG1.4_10M.adapter_gc_rl.tsv.gz
"(1,2]",36,CDM019.A0102.SG1.4_10M.adapter_gc_rl.tsv.gz
"(2,3]",65,CDM019.A0102.SG1.4_10M.adapter_gc_rl.tsv.gz
"(3,4]",89,CDM019.A0102.SG1.4_10M.adapter_gc_rl.tsv.gz
"(4,5]",157,CDM019.A0102.SG1.4_10M.adapter_gc_rl.tsv.gz
"(5,6]",222,CDM019.A0102.SG1.4_10M.adapter_gc_rl.tsv.gz
"(6,7]",334,CDM019.A0102.SG1.4_10M.adapter_gc_rl.tsv.gz
"(7,8]",547,CDM019.A0102.SG1.4_10M.adapter_gc_rl.tsv.gz
"(8,9]",661,CDM019.A0102.SG1.4_10M.adapter_gc_rl.tsv.gz
"(9,10]",1283,CDM019.A0102.SG1.4_10M.adapter_gc_rl.tsv.gz
"(10,11]",1477,CDM019.A0102.SG1.4_10M.adapter_gc_rl.tsv.gz
"(11,12]",2499,CDM019.A0102.SG1.4_10M.adapter_gc_rl.tsv.gz
"(12,13]",2962,CDM019.A0102.SG1.4_10M.adapter_gc_rl.tsv.gz
"(13,14]",4767,CDM019.A0102.SG1.4_10M.adapter_gc_rl.tsv.gz
"(14,15]",6245,CDM019.A0102.SG1.4_10M.adapter_gc_rl.tsv.gz
"(15,16]",8008,CDM019.A0102.SG1.4_10M.adapter_gc_rl.tsv.gz
"(16,17]",8644,CDM019.A0102.SG1.4_10M.adapter_gc_rl.tsv.gz
"(17,18]",13868,CDM019.A0102.SG1.4_10M.adapter_gc_rl.tsv.gz
"(18,19]",15957,CDM019.A0102.SG1.4_10M.adapter_gc_rl.tsv.gz
"(19,20]",24783,CDM019.A0102.SG1.4_10M.adapter_gc_rl.tsv.gz
"(20,21]",17838,CDM019.A0102.SG1.4_10M.adapter_gc_rl.tsv.gz
"(21,22]",31605,CDM019.A0102.SG1.4_10M.adapter_gc_rl.tsv.gz
"(22,23]",35206,CDM019.A0102.SG1.4_10M.adapter_gc_rl.tsv.gz
"(23,24]",44425,CDM019.A0102.SG1.4_10M.adapter_gc_rl.tsv.gz
"(24,25]",63262,CDM019.A0102.SG1.4_10M.adapter_gc_rl.tsv.gz
"(25,26]",42288,CDM019.A0102.SG1.4_10M.adapter_gc_rl.tsv.gz
"(26,27]",65629,CDM019.A0102.SG1.4_10M.adapter_gc_rl.tsv.gz
"(27,28]",81041,CDM019.A0102.SG1.4_10M.adapter_gc_rl.tsv.gz
"(28,29]",84238,CDM019.A0102.SG1.4_10M.adapter_gc_rl.tsv.gz
"(29,30]",101770,CDM019.A0102.SG1.4_10M.adapter_gc_rl.tsv.gz
"(30,31]",97378,CDM019.A0102.SG1.4_10M.adapter_gc_rl.tsv.gz
"(31,32]",124847,CDM019.A0102.SG1.4_10M.adapter_gc_rl.tsv.gz
"(32,33]",122009,CDM019.A0102.SG1.4_10M.adapter_gc_rl.tsv.gz
"(33,34]",133582,CDM019.A0102.SG1.4_10M.adapter_gc_rl.tsv.gz
"(34,35]",165530,CDM019.A0102.SG1.4_10M.adapter_gc_rl.tsv.gz
"(35,36]",165667,CDM019.A0102.SG1.4_10M.adapter_gc_rl.tsv.gz
"(36,37]",162645,CDM019.A0102.SG1.4_10M.adapter_gc_rl.tsv.gz
"(37,38]",178160,CDM019.A0102.SG1.4_10M.adapter_gc_rl.tsv.gz
"(38,39]",187883,CDM019.A0102.SG1.4_10M.adapter_gc_rl.tsv.gz
"(39,40]",248456,CDM019.A0102.SG1.4_10M.adapter_gc_rl.tsv.gz
"(40,41]",166173,CDM019.A0102.SG1.4_10M.adapter_gc_rl.tsv.gz
"(41,42]",209890,CDM019.A0102.SG1.4_10M.adapter_gc_rl.tsv.gz
"(42,43]",225842,CDM019.A0102.SG1.4_10M.adapter_gc_rl.tsv.gz
"(43,44]",237279,CDM019.A0102.SG1.4_10M.adapter_gc_rl.tsv.gz
"(44,45]",234489,CDM019.A0102.SG1.4_10M.adapter_gc_rl.tsv.gz
"(45,46]",222555,CDM019.A0102.SG1.4_10M.adapter_gc_rl.tsv.gz
"(46,47]",237790,CDM019.A0102.SG1.4_10M.adapter_gc_rl.tsv.gz
"(47,48]",260987,CDM019.A0102.SG1.4_10M.adapter_gc_rl.tsv.gz
"(48,49]",257729,CDM019.A0102.SG1.4_10M.adapter_gc_rl.tsv.gz
"(49,50]",390632,CDM019.A0102.SG1.4_10M.adapter_gc_rl.tsv.gz
"(50,51]",81379,CDM019.A0102.SG1.4_10M.adapter_gc_rl.tsv.gz
"(51,52]",296964,CDM019.A0102.SG1.4_10M.adapter_gc_rl.tsv.gz
"(52,53]",256308,CDM019.A0102.SG1.4_10M.adapter_gc_rl.tsv.gz
"(53,54]",266570,CDM019.A0102.SG1.4_10M.adapter_gc_rl.tsv.gz
"(54,55]",280830,CDM019.A0102.SG1.4_10M.adapter_gc_rl.tsv.gz
"(55,56]",274132,CDM019.A0102.SG1.4_10M.adapter_gc_rl.tsv.gz
"(56,57]",249790,CDM019.A0102.SG1.4_10M.adapter_gc_rl.tsv.gz
"(57,58]",293116,CDM019.A0102.SG1.4_10M.adapter_gc_rl.tsv.gz
"(58,59]",260697,CDM019.A0102.SG1.4_10M.adapter_gc_rl.tsv.gz
"(59,60]",339598,CDM019.A0102.SG1.4_10M.adapter_gc_rl.tsv.gz
"(60,61]",203959,CDM019.A0102.SG1.4_10M.adapter_gc_rl.tsv.gz
"(61,62]",262610,CDM019.A0102.SG1.4_10M.adapter_gc_rl.tsv.gz
"(62,63]",238131,CDM019.A0102.SG1.4_10M.adapter_gc_rl.tsv.gz
"(63,64]",252344,CDM019.A0102.SG1.4_10M.adapter_gc_rl.tsv.gz
"(64,65]",225981,CDM019.A0102.SG1.4_10M.adapter_gc_rl.tsv.gz
"(65,66]",212860,CDM019.A0102.SG1.4_10M.adapter_gc_rl.tsv.gz
"(66,67]",200207,CDM019.A0102.SG1.4_10M.adapter_gc_rl.tsv.gz
"(67,68]",165661,CDM019.A0102.SG1.4_10M.adapter_gc_rl.tsv.gz
"(68,69]",159424,CDM019.A0102.SG1.4_10M.adapter_gc_rl.tsv.gz
"(69,70]",163891,CDM019.A0102.SG1.4_10M.adapter_gc_rl.tsv.gz
"(70,71]",113626,CDM019.A0102.SG1.4_10M.adapter_gc_rl.tsv.gz
"(71,72]",116939,CDM019.A0102.SG1.4_10M.adapter_gc_rl.tsv.gz
"(72,73]",94876,CDM019.A0102.SG1.4_10M.adapter_gc_rl.tsv.gz
"(73,74]",89718,CDM019.A0102.SG1.4_10M.adapter_gc_rl.tsv.gz
"(74,75]",100170,CDM019.A0102.SG1.4_10M.adapter_gc_rl.tsv.gz
"(75,76]",39595,CDM019.A0102.SG1.4_10M.adapter_gc_rl.tsv.gz
"(76,77]",52768,CDM019.A0102.SG1.4_10M.adapter_gc_rl.tsv.gz
"(77,78]",43543,CDM019.A0102.SG1.4_10M.adapter_gc_rl.tsv.gz
"(78,79]",38490,CDM019.A0102.SG1.4_10M.adapter_gc_rl.tsv.gz
"(79,80]",39218,CDM019.A0102.SG1.4_10M.adapter_gc_rl.tsv.gz
"(80,81]",16238,CDM019.A0102.SG1.4_10M.adapter_gc_rl.tsv.gz
"(81,82]",19814,CDM019.A0102.SG1.4_10M.adapter_gc_rl.tsv.gz
"(82,83]",16154,CDM019.A0102.SG1.4_10M.adapter_gc_rl.tsv.gz
"(83,84]",13413,CDM019.A0102.SG1.4_10M.adapter_gc_rl.tsv.gz
"(84,85]",10822,CDM019.A0102.SG1.4_10M.adapter_gc_rl.tsv.gz
"(85,86]",7605,CDM019.A0102.SG1.4_10M.adapter_gc_rl.tsv.gz
"(86,87]",6863,CDM019.A0102.SG1.4_10M.adapter_gc_rl.tsv.gz
"(87,88]",5733,CDM019.A0102.SG1.4_10M.adapter_gc_rl.tsv.gz
"(88,89]",4524,CDM019.A0102.SG1.4_10M.adapter_gc_rl.tsv.gz
"(89,90]",3315,CDM019.A0102.SG1.4_10M.adapter_gc_rl.tsv.gz
"(90,91]",1887,CDM019.A0102.SG1.4_10M.adapter_gc_rl.tsv.gz
"(91,92]",1403,CDM019.A0102.SG1.4_10M.adapter_gc_rl.tsv.gz
"(92,93]",1448,CDM019.A0102.SG1.4_10M.adapter_gc_rl.tsv.gz
"(93,94]",1242,CDM019.A0102.SG1.4_10M.adapter_gc_rl.tsv.gz
"(94,95]",1094,CDM019.A0102.SG1.4_10M.adapter_gc_rl.tsv.gz
"(95,96]",573,CDM019.A0102.SG1.4_10M.adapter_gc_rl.tsv.gz
"(96,97]",275,CDM019.A0102.SG1.4_10M.adapter_gc_rl.tsv.gz
"(97,98]",197,CDM019.A0102.SG1.4_10M.adapter_gc_rl.tsv.gz
"(98,99]",215,CDM019.A0102.SG1.4_10M.adapter_gc_rl.tsv.gz
"(99,100]",14923,CDM019.A0102.SG1.4_10M.adapter_gc_rl.tsv.gz
"[0,1]",388,CDM020.A0101_10M.adapter_gc_rl.tsv.gz
"(1,2]",5,CDM020.A0101_10M.adapter_gc_rl.tsv.gz
"(2,3]",4,CDM020.A0101_10M.adapter_gc_rl.tsv.gz
"(3,4]",5,CDM020.A0101_10M.adapter_gc_rl.tsv.gz
"(4,5]",14,CDM020.A0101_10M.adapter_gc_rl.tsv.gz
"(5,6]",13,CDM020.A0101_10M.adapter_gc_rl.tsv.gz
"(6,7]",20,CDM020.A0101_10M.adapter_gc_rl.tsv.gz
"(7,8]",20,CDM020.A0101_10M.adapter_gc_rl.tsv.gz
"(8,9]",30,CDM020.A0101_10M.adapter_gc_rl.tsv.gz
"(9,10]",70,CDM020.A0101_10M.adapter_gc_rl.tsv.gz
"(10,11]",95,CDM020.A0101_10M.adapter_gc_rl.tsv.gz
"(11,12]",207,CDM020.A0101_10M.adapter_gc_rl.tsv.gz
"(12,13]",280,CDM020.A0101_10M.adapter_gc_rl.tsv.gz
"(13,14]",484,CDM020.A0101_10M.adapter_gc_rl.tsv.gz
"(14,15]",737,CDM020.A0101_10M.adapter_gc_rl.tsv.gz
"(15,16]",1109,CDM020.A0101_10M.adapter_gc_rl.tsv.gz
"(16,17]",1457,CDM020.A0101_10M.adapter_gc_rl.tsv.gz
"(17,18]",2591,CDM020.A0101_10M.adapter_gc_rl.tsv.gz
"(18,19]",3222,CDM020.A0101_10M.adapter_gc_rl.tsv.gz
"(19,20]",5643,CDM020.A0101_10M.adapter_gc_rl.tsv.gz
"(20,21]",4977,CDM020.A0101_10M.adapter_gc_rl.tsv.gz
"(21,22]",8411,CDM020.A0101_10M.adapter_gc_rl.tsv.gz
"(22,23]",9882,CDM020.A0101_10M.adapter_gc_rl.tsv.gz
"(23,24]",13277,CDM020.A0101_10M.adapter_gc_rl.tsv.gz
"(24,25]",19834,CDM020.A0101_10M.adapter_gc_rl.tsv.gz
"(25,26]",15088,CDM020.A0101_10M.adapter_gc_rl.tsv.gz
"(26,27]",22721,CDM020.A0101_10M.adapter_gc_rl.tsv.gz
"(27,28]",29237,CDM020.A0101_10M.adapter_gc_rl.tsv.gz
"(28,29]",32300,CDM020.A0101_10M.adapter_gc_rl.tsv.gz
"(29,30]",40267,CDM020.A0101_10M.adapter_gc_rl.tsv.gz
"(30,31]",40514,CDM020.A0101_10M.adapter_gc_rl.tsv.gz
"(31,32]",52166,CDM020.A0101_10M.adapter_gc_rl.tsv.gz
"(32,33]",55243,CDM020.A0101_10M.adapter_gc_rl.tsv.gz
"(33,34]",59763,CDM020.A0101_10M.adapter_gc_rl.tsv.gz
"(34,35]",75423,CDM020.A0101_10M.adapter_gc_rl.tsv.gz
"(35,36]",79066,CDM020.A0101_10M.adapter_gc_rl.tsv.gz
"(36,37]",84629,CDM020.A0101_10M.adapter_gc_rl.tsv.gz
"(37,38]",92168,CDM020.A0101_10M.adapter_gc_rl.tsv.gz
"(38,39]",100907,CDM020.A0101_10M.adapter_gc_rl.tsv.gz
"(39,40]",134385,CDM020.A0101_10M.adapter_gc_rl.tsv.gz
"(40,41]",97693,CDM020.A0101_10M.adapter_gc_rl.tsv.gz
"(41,42]",125829,CDM020.A0101_10M.adapter_gc_rl.tsv.gz
"(42,43]",136451,CDM020.A0101_10M.adapter_gc_rl.tsv.gz
"(43,44]",152018,CDM020.A0101_10M.adapter_gc_rl.tsv.gz
"(44,45]",157198,CDM020.A0101_10M.adapter_gc_rl.tsv.gz
"(45,46]",152760,CDM020.A0101_10M.adapter_gc_rl.tsv.gz
"(46,47]",173023,CDM020.A0101_10M.adapter_gc_rl.tsv.gz
"(47,48]",191471,CDM020.A0101_10M.adapter_gc_rl.tsv.gz
"(48,49]",206823,CDM020.A0101_10M.adapter_gc_rl.tsv.gz
"(49,50]",296682,CDM020.A0101_10M.adapter_gc_rl.tsv.gz
"(50,51]",96102,CDM020.A0101_10M.adapter_gc_rl.tsv.gz
"(51,52]",265044,CDM020.A0101_10M.adapter_gc_rl.tsv.gz
"(52,53]",237593,CDM020.A0101_10M.adapter_gc_rl.tsv.gz
"(53,54]",271335,CDM020.A0101_10M.adapter_gc_rl.tsv.gz
"(54,55]",274348,CDM020.A0101_10M.adapter_gc_rl.tsv.gz
"(55,56]",301642,CDM020.A0101_10M.adapter_gc_rl.tsv.gz
"(56,57]",302435,CDM020.A0101_10M.adapter_gc_rl.tsv.gz
"(57,58]",343087,CDM020.A0101_10M.adapter_gc_rl.tsv.gz
"(58,59]",324369,CDM020.A0101_10M.adapter_gc_rl.tsv.gz
"(59,60]",424767,CDM020.A0101_10M.adapter_gc_rl.tsv.gz
"(60,61]",307306,CDM020.A0101_10M.adapter_gc_rl.tsv.gz
"(61,62]",380868,CDM020.A0101_10M.adapter_gc_rl.tsv.gz
"(62,63]",351998,CDM020.A0101_10M.adapter_gc_rl.tsv.gz
"(63,64]",392203,CDM020.A0101_10M.adapter_gc_rl.tsv.gz
"(64,65]",369947,CDM020.A0101_10M.adapter_gc_rl.tsv.gz
"(65,66]",363551,CDM020.A0101_10M.adapter_gc_rl.tsv.gz
"(66,67]",305324,CDM020.A0101_10M.adapter_gc_rl.tsv.gz
"(67,68]",331656,CDM020.A0101_10M.adapter_gc_rl.tsv.gz
"(68,69]",282137,CDM020.A0101_10M.adapter_gc_rl.tsv.gz
"(69,70]",295073,CDM020.A0101_10M.adapter_gc_rl.tsv.gz
"(70,71]",204935,CDM020.A0101_10M.adapter_gc_rl.tsv.gz
"(71,72]",225491,CDM020.A0101_10M.adapter_gc_rl.tsv.gz
"(72,73]",180188,CDM020.A0101_10M.adapter_gc_rl.tsv.gz
"(73,74]",161383,CDM020.A0101_10M.adapter_gc_rl.tsv.gz
"(74,75]",166538,CDM020.A0101_10M.adapter_gc_rl.tsv.gz
"(75,76]",81731,CDM020.A0101_10M.adapter_gc_rl.tsv.gz
"(76,77]",88189,CDM020.A0101_10M.adapter_gc_rl.tsv.gz
"(77,78]",73651,CDM020.A0101_10M.adapter_gc_rl.tsv.gz
"(78,79]",59765,CDM020.A0101_10M.adapter_gc_rl.tsv.gz
"(79,80]",55234,CDM020.A0101_10M.adapter_gc_rl.tsv.gz
"(80,81]",26963,CDM020.A0101_10M.adapter_gc_rl.tsv.gz
"(81,82]",27324,CDM020.A0101_10M.adapter_gc_rl.tsv.gz
"(82,83]",22300,CDM020.A0101_10M.adapter_gc_rl.tsv.gz
"(83,84]",16907,CDM020.A0101_10M.adapter_gc_rl.tsv.gz
"(84,85]",11909,CDM020.A0101_10M.adapter_gc_rl.tsv.gz
"(85,86]",8501,CDM020.A0101_10M.adapter_gc_rl.tsv.gz
"(86,87]",7376,CDM020.A0101_10M.adapter_gc_rl.tsv.gz
"(87,88]",5648,CDM020.A0101_10M.adapter_gc_rl.tsv.gz
"(88,89]",3811,CDM020.A0101_10M.adapter_gc_rl.tsv.gz
"(89,90]",3156,CDM020.A0101_10M.adapter_gc_rl.tsv.gz
"(90,91]",1960,CDM020.A0101_10M.adapter_gc_rl.tsv.gz
"(91,92]",1876,CDM020.A0101_10M.adapter_gc_rl.tsv.gz
"(92,93]",1253,CDM020.A0101_10M.adapter_gc_rl.tsv.gz
"(93,94]",1233,CDM020.A0101_10M.adapter_gc_rl.tsv.gz
"(94,95]",1234,CDM020.A0101_10M.adapter_gc_rl.tsv.gz
"(95,96]",1068,CDM020.A0101_10M.adapter_gc_rl.tsv.gz
"(96,97]",1030,CDM020.A0101_10M.adapter_gc_rl.tsv.gz
"(97,98]",1032,CDM020.A0101_10M.adapter_gc_rl.tsv.gz
"(98,99]",906,CDM020.A0101_10M.adapter_gc_rl.tsv.gz
"(99,100]",7563,CDM020.A0101_10M.adapter_gc_rl.tsv.gz
"[0,1]",88,CDM020.A0102.SG1.4_10M.adapter_gc_rl.tsv.gz
"(1,2]",50,CDM020.A0102.SG1.4_10M.adapter_gc_rl.tsv.gz
"(2,3]",61,CDM020.A0102.SG1.4_10M.adapter_gc_rl.tsv.gz
"(3,4]",90,CDM020.A0102.SG1.4_10M.adapter_gc_rl.tsv.gz
"(4,5]",193,CDM020.A0102.SG1.4_10M.adapter_gc_rl.tsv.gz
"(5,6]",235,CDM020.A0102.SG1.4_10M.adapter_gc_rl.tsv.gz
"(6,7]",390,CDM020.A0102.SG1.4_10M.adapter_gc_rl.tsv.gz
"(7,8]",689,CDM020.A0102.SG1.4_10M.adapter_gc_rl.tsv.gz
"(8,9]",884,CDM020.A0102.SG1.4_10M.adapter_gc_rl.tsv.gz
"(9,10]",1697,CDM020.A0102.SG1.4_10M.adapter_gc_rl.tsv.gz
"(10,11]",1955,CDM020.A0102.SG1.4_10M.adapter_gc_rl.tsv.gz
"(11,12]",3293,CDM020.A0102.SG1.4_10M.adapter_gc_rl.tsv.gz
"(12,13]",3860,CDM020.A0102.SG1.4_10M.adapter_gc_rl.tsv.gz
"(13,14]",6317,CDM020.A0102.SG1.4_10M.adapter_gc_rl.tsv.gz
"(14,15]",8110,CDM020.A0102.SG1.4_10M.adapter_gc_rl.tsv.gz
"(15,16]",10316,CDM020.A0102.SG1.4_10M.adapter_gc_rl.tsv.gz
"(16,17]",11375,CDM020.A0102.SG1.4_10M.adapter_gc_rl.tsv.gz
"(17,18]",17623,CDM020.A0102.SG1.4_10M.adapter_gc_rl.tsv.gz
"(18,19]",20410,CDM020.A0102.SG1.4_10M.adapter_gc_rl.tsv.gz
"(19,20]",30931,CDM020.A0102.SG1.4_10M.adapter_gc_rl.tsv.gz
"(20,21]",21654,CDM020.A0102.SG1.4_10M.adapter_gc_rl.tsv.gz
"(21,22]",38478,CDM020.A0102.SG1.4_10M.adapter_gc_rl.tsv.gz
"(22,23]",42234,CDM020.A0102.SG1.4_10M.adapter_gc_rl.tsv.gz
"(23,24]",52564,CDM020.A0102.SG1.4_10M.adapter_gc_rl.tsv.gz
"(24,25]",71029,CDM020.A0102.SG1.4_10M.adapter_gc_rl.tsv.gz
"(25,26]",47938,CDM020.A0102.SG1.4_10M.adapter_gc_rl.tsv.gz
"(26,27]",72695,CDM020.A0102.SG1.4_10M.adapter_gc_rl.tsv.gz
"(27,28]",88440,CDM020.A0102.SG1.4_10M.adapter_gc_rl.tsv.gz
"(28,29]",89852,CDM020.A0102.SG1.4_10M.adapter_gc_rl.tsv.gz
"(29,30]",107103,CDM020.A0102.SG1.4_10M.adapter_gc_rl.tsv.gz
"(30,31]",102397,CDM020.A0102.SG1.4_10M.adapter_gc_rl.tsv.gz
"(31,32]",129863,CDM020.A0102.SG1.4_10M.adapter_gc_rl.tsv.gz
"(32,33]",123200,CDM020.A0102.SG1.4_10M.adapter_gc_rl.tsv.gz
"(33,34]",134692,CDM020.A0102.SG1.4_10M.adapter_gc_rl.tsv.gz
"(34,35]",162887,CDM020.A0102.SG1.4_10M.adapter_gc_rl.tsv.gz
"(35,36]",163314,CDM020.A0102.SG1.4_10M.adapter_gc_rl.tsv.gz
"(36,37]",159029,CDM020.A0102.SG1.4_10M.adapter_gc_rl.tsv.gz
"(37,38]",172121,CDM020.A0102.SG1.4_10M.adapter_gc_rl.tsv.gz
"(38,39]",181116,CDM020.A0102.SG1.4_10M.adapter_gc_rl.tsv.gz
"(39,40]",236046,CDM020.A0102.SG1.4_10M.adapter_gc_rl.tsv.gz
"(40,41]",155962,CDM020.A0102.SG1.4_10M.adapter_gc_rl.tsv.gz
"(41,42]",199345,CDM020.A0102.SG1.4_10M.adapter_gc_rl.tsv.gz
"(42,43]",213310,CDM020.A0102.SG1.4_10M.adapter_gc_rl.tsv.gz
"(43,44]",221068,CDM020.A0102.SG1.4_10M.adapter_gc_rl.tsv.gz
"(44,45]",220290,CDM020.A0102.SG1.4_10M.adapter_gc_rl.tsv.gz
"(45,46]",208373,CDM020.A0102.SG1.4_10M.adapter_gc_rl.tsv.gz
"(46,47]",222773,CDM020.A0102.SG1.4_10M.adapter_gc_rl.tsv.gz
"(47,48]",244738,CDM020.A0102.SG1.4_10M.adapter_gc_rl.tsv.gz
"(48,49]",242315,CDM020.A0102.SG1.4_10M.adapter_gc_rl.tsv.gz
"(49,50]",372314,CDM020.A0102.SG1.4_10M.adapter_gc_rl.tsv.gz
"(50,51]",75821,CDM020.A0102.SG1.4_10M.adapter_gc_rl.tsv.gz
"(51,52]",281870,CDM020.A0102.SG1.4_10M.adapter_gc_rl.tsv.gz
"(52,53]",244796,CDM020.A0102.SG1.4_10M.adapter_gc_rl.tsv.gz
"(53,54]",258013,CDM020.A0102.SG1.4_10M.adapter_gc_rl.tsv.gz
"(54,55]",273025,CDM020.A0102.SG1.4_10M.adapter_gc_rl.tsv.gz
"(55,56]",265684,CDM020.A0102.SG1.4_10M.adapter_gc_rl.tsv.gz
"(56,57]",244254,CDM020.A0102.SG1.4_10M.adapter_gc_rl.tsv.gz
"(57,58]",288979,CDM020.A0102.SG1.4_10M.adapter_gc_rl.tsv.gz
"(58,59]",263639,CDM020.A0102.SG1.4_10M.adapter_gc_rl.tsv.gz
"(59,60]",340532,CDM020.A0102.SG1.4_10M.adapter_gc_rl.tsv.gz
"(60,61]",203674,CDM020.A0102.SG1.4_10M.adapter_gc_rl.tsv.gz
"(61,62]",265063,CDM020.A0102.SG1.4_10M.adapter_gc_rl.tsv.gz
"(62,63]",248173,CDM020.A0102.SG1.4_10M.adapter_gc_rl.tsv.gz
"(63,64]",258806,CDM020.A0102.SG1.4_10M.adapter_gc_rl.tsv.gz
"(64,65]",234893,CDM020.A0102.SG1.4_10M.adapter_gc_rl.tsv.gz
"(65,66]",221755,CDM020.A0102.SG1.4_10M.adapter_gc_rl.tsv.gz
"(66,67]",213787,CDM020.A0102.SG1.4_10M.adapter_gc_rl.tsv.gz
"(67,68]",175375,CDM020.A0102.SG1.4_10M.adapter_gc_rl.tsv.gz
"(68,69]",168660,CDM020.A0102.SG1.4_10M.adapter_gc_rl.tsv.gz
"(69,70]",174111,CDM020.A0102.SG1.4_10M.adapter_gc_rl.tsv.gz
"(70,71]",120803,CDM020.A0102.SG1.4_10M.adapter_gc_rl.tsv.gz
"(71,72]",124567,CDM020.A0102.SG1.4_10M.adapter_gc_rl.tsv.gz
"(72,73]",99426,CDM020.A0102.SG1.4_10M.adapter_gc_rl.tsv.gz
"(73,74]",93216,CDM020.A0102.SG1.4_10M.adapter_gc_rl.tsv.gz
"(74,75]",105988,CDM020.A0102.SG1.4_10M.adapter_gc_rl.tsv.gz
"(75,76]",41058,CDM020.A0102.SG1.4_10M.adapter_gc_rl.tsv.gz
"(76,77]",53929,CDM020.A0102.SG1.4_10M.adapter_gc_rl.tsv.gz
"(77,78]",44581,CDM020.A0102.SG1.4_10M.adapter_gc_rl.tsv.gz
"(78,79]",39288,CDM020.A0102.SG1.4_10M.adapter_gc_rl.tsv.gz
"(79,80]",40049,CDM020.A0102.SG1.4_10M.adapter_gc_rl.tsv.gz
"(80,81]",16112,CDM020.A0102.SG1.4_10M.adapter_gc_rl.tsv.gz
"(81,82]",19518,CDM020.A0102.SG1.4_10M.adapter_gc_rl.tsv.gz
"(82,83]",15988,CDM020.A0102.SG1.4_10M.adapter_gc_rl.tsv.gz
"(83,84]",13103,CDM020.A0102.SG1.4_10M.adapter_gc_rl.tsv.gz
"(84,85]",10426,CDM020.A0102.SG1.4_10M.adapter_gc_rl.tsv.gz
"(85,86]",7477,CDM020.A0102.SG1.4_10M.adapter_gc_rl.tsv.gz
"(86,87]",6518,CDM020.A0102.SG1.4_10M.adapter_gc_rl.tsv.gz
"(87,88]",5487,CDM020.A0102.SG1.4_10M.adapter_gc_rl.tsv.gz
"(88,89]",4413,CDM020.A0102.SG1.4_10M.adapter_gc_rl.tsv.gz
"(89,90]",3071,CDM020.A0102.SG1.4_10M.adapter_gc_rl.tsv.gz
"(90,91]",1643,CDM020.A0102.SG1.4_10M.adapter_gc_rl.tsv.gz
"(91,92]",1405,CDM020.A0102.SG1.4_10M.adapter_gc_rl.tsv.gz
"(92,93]",1348,CDM020.A0102.SG1.4_10M.adapter_gc_rl.tsv.gz
"(93,94]",1055,CDM020.A0102.SG1.4_10M.adapter_gc_rl.tsv.gz
"(94,95]",984,CDM020.A0102.SG1.4_10M.adapter_gc_rl.tsv.gz
"(95,96]",502,CDM020.A0102.SG1.4_10M.adapter_gc_rl.tsv.gz
"(96,97]",213,CDM020.A0102.SG1.4_10M.adapter_gc_rl.tsv.gz
"(97,98]",185,CDM020.A0102.SG1.4_10M.adapter_gc_rl.tsv.gz
"(98,99]",267,CDM020.A0102.SG1.4_10M.adapter_gc_rl.tsv.gz
"(99,100]",15235,CDM020.A0102.SG1.4_10M.adapter_gc_rl.tsv.gz
"[0,1]",1948,FUM001.A0101_10M.adapter_gc_rl.tsv.gz
"(1,2]",61,FUM001.A0101_10M.adapter_gc_rl.tsv.gz
"(2,3]",79,FUM001.A0101_10M.adapter_gc_rl.tsv.gz
"(3,4]",58,FUM001.A0101_10M.adapter_gc_rl.tsv.gz
"(4,5]",98,FUM001.A0101_10M.adapter_gc_rl.tsv.gz
"(5,6]",137,FUM001.A0101_10M.adapter_gc_rl.tsv.gz
"(6,7]",121,FUM001.A0101_10M.adapter_gc_rl.tsv.gz
"(7,8]",141,FUM001.A0101_10M.adapter_gc_rl.tsv.gz
"(8,9]",135,FUM001.A0101_10M.adapter_gc_rl.tsv.gz
"(9,10]",306,FUM001.A0101_10M.adapter_gc_rl.tsv.gz
"(10,11]",318,FUM001.A0101_10M.adapter_gc_rl.tsv.gz
"(11,12]",488,FUM001.A0101_10M.adapter_gc_rl.tsv.gz
"(12,13]",554,FUM001.A0101_10M.adapter_gc_rl.tsv.gz
"(13,14]",816,FUM001.A0101_10M.adapter_gc_rl.tsv.gz
"(14,15]",1143,FUM001.A0101_10M.adapter_gc_rl.tsv.gz
"(15,16]",1616,FUM001.A0101_10M.adapter_gc_rl.tsv.gz
"(16,17]",2047,FUM001.A0101_10M.adapter_gc_rl.tsv.gz
"(17,18]",3209,FUM001.A0101_10M.adapter_gc_rl.tsv.gz
"(18,19]",4229,FUM001.A0101_10M.adapter_gc_rl.tsv.gz
"(19,20]",7380,FUM001.A0101_10M.adapter_gc_rl.tsv.gz
"(20,21]",5639,FUM001.A0101_10M.adapter_gc_rl.tsv.gz
"(21,22]",11387,FUM001.A0101_10M.adapter_gc_rl.tsv.gz
"(22,23]",14773,FUM001.A0101_10M.adapter_gc_rl.tsv.gz
"(23,24]",21789,FUM001.A0101_10M.adapter_gc_rl.tsv.gz
"(24,25]",35667,FUM001.A0101_10M.adapter_gc_rl.tsv.gz
"(25,26]",23763,FUM001.A0101_10M.adapter_gc_rl.tsv.gz
"(26,27]",41816,FUM001.A0101_10M.adapter_gc_rl.tsv.gz
"(27,28]",53866,FUM001.A0101_10M.adapter_gc_rl.tsv.gz
"(28,29]",59165,FUM001.A0101_10M.adapter_gc_rl.tsv.gz
"(29,30]",62239,FUM001.A0101_10M.adapter_gc_rl.tsv.gz
"(30,31]",77100,FUM001.A0101_10M.adapter_gc_rl.tsv.gz
"(31,32]",96510,FUM001.A0101_10M.adapter_gc_rl.tsv.gz
"(32,33]",100509,FUM001.A0101_10M.adapter_gc_rl.tsv.gz
"(33,34]",96447,FUM001.A0101_10M.adapter_gc_rl.tsv.gz
"(34,35]",135784,FUM001.A0101_10M.adapter_gc_rl.tsv.gz
"(35,36]",153161,FUM001.A0101_10M.adapter_gc_rl.tsv.gz
"(36,37]",147599,FUM001.A0101_10M.adapter_gc_rl.tsv.gz
"(37,38]",146128,FUM001.A0101_10M.adapter_gc_rl.tsv.gz
"(38,39]",173412,FUM001.A0101_10M.adapter_gc_rl.tsv.gz
"(39,40]",221595,FUM001.A0101_10M.adapter_gc_rl.tsv.gz
"(40,41]",154226,FUM001.A0101_10M.adapter_gc_rl.tsv.gz
"(41,42]",168034,FUM001.A0101_10M.adapter_gc_rl.tsv.gz
"(42,43]",197340,FUM001.A0101_10M.adapter_gc_rl.tsv.gz
"(43,44]",207808,FUM001.A0101_10M.adapter_gc_rl.tsv.gz
"(44,45]",207706,FUM001.A0101_10M.adapter_gc_rl.tsv.gz
"(45,46]",181841,FUM001.A0101_10M.adapter_gc_rl.tsv.gz
"(46,47]",214673,FUM001.A0101_10M.adapter_gc_rl.tsv.gz
"(47,48]",228874,FUM001.A0101_10M.adapter_gc_rl.tsv.gz
"(48,49]",235134,FUM001.A0101_10M.adapter_gc_rl.tsv.gz
"(49,50]",373870,FUM001.A0101_10M.adapter_gc_rl.tsv.gz
"(50,51]",91641,FUM001.A0101_10M.adapter_gc_rl.tsv.gz
"(51,52]",273261,FUM001.A0101_10M.adapter_gc_rl.tsv.gz
"(52,53]",234735,FUM001.A0101_10M.adapter_gc_rl.tsv.gz
"(53,54]",271515,FUM001.A0101_10M.adapter_gc_rl.tsv.gz
"(54,55]",253688,FUM001.A0101_10M.adapter_gc_rl.tsv.gz
"(55,56]",313676,FUM001.A0101_10M.adapter_gc_rl.tsv.gz
"(56,57]",258705,FUM001.A0101_10M.adapter_gc_rl.tsv.gz
"(57,58]",297084,FUM001.A0101_10M.adapter_gc_rl.tsv.gz
"(58,59]",262532,FUM001.A0101_10M.adapter_gc_rl.tsv.gz
"(59,60]",340498,FUM001.A0101_10M.adapter_gc_rl.tsv.gz
"(60,61]",226858,FUM001.A0101_10M.adapter_gc_rl.tsv.gz
"(61,62]",280204,FUM001.A0101_10M.adapter_gc_rl.tsv.gz
"(62,63]",312899,FUM001.A0101_10M.adapter_gc_rl.tsv.gz
"(63,64]",274717,FUM001.A0101_10M.adapter_gc_rl.tsv.gz
"(64,65]",260614,FUM001.A0101_10M.adapter_gc_rl.tsv.gz
"(65,66]",256321,FUM001.A0101_10M.adapter_gc_rl.tsv.gz
"(66,67]",223713,FUM001.A0101_10M.adapter_gc_rl.tsv.gz
"(67,68]",225206,FUM001.A0101_10M.adapter_gc_rl.tsv.gz
"(68,69]",194374,FUM001.A0101_10M.adapter_gc_rl.tsv.gz
"(69,70]",210145,FUM001.A0101_10M.adapter_gc_rl.tsv.gz
"(70,71]",149918,FUM001.A0101_10M.adapter_gc_rl.tsv.gz
"(71,72]",163037,FUM001.A0101_10M.adapter_gc_rl.tsv.gz
"(72,73]",131813,FUM001.A0101_10M.adapter_gc_rl.tsv.gz
"(73,74]",118949,FUM001.A0101_10M.adapter_gc_rl.tsv.gz
"(74,75]",141169,FUM001.A0101_10M.adapter_gc_rl.tsv.gz
"(75,76]",62015,FUM001.A0101_10M.adapter_gc_rl.tsv.gz
"(76,77]",68112,FUM001.A0101_10M.adapter_gc_rl.tsv.gz
"(77,78]",57430,FUM001.A0101_10M.adapter_gc_rl.tsv.gz
"(78,79]",48727,FUM001.A0101_10M.adapter_gc_rl.tsv.gz
"(79,80]",46904,FUM001.A0101_10M.adapter_gc_rl.tsv.gz
"(80,81]",21584,FUM001.A0101_10M.adapter_gc_rl.tsv.gz
"(81,82]",23207,FUM001.A0101_10M.adapter_gc_rl.tsv.gz
"(82,83]",19535,FUM001.A0101_10M.adapter_gc_rl.tsv.gz
"(83,84]",14959,FUM001.A0101_10M.adapter_gc_rl.tsv.gz
"(84,85]",10508,FUM001.A0101_10M.adapter_gc_rl.tsv.gz
"(85,86]",8278,FUM001.A0101_10M.adapter_gc_rl.tsv.gz
"(86,87]",6915,FUM001.A0101_10M.adapter_gc_rl.tsv.gz
"(87,88]",5492,FUM001.A0101_10M.adapter_gc_rl.tsv.gz
"(88,89]",4012,FUM001.A0101_10M.adapter_gc_rl.tsv.gz
"(89,90]",3570,FUM001.A0101_10M.adapter_gc_rl.tsv.gz
"(90,91]",2597,FUM001.A0101_10M.adapter_gc_rl.tsv.gz
"(91,92]",2548,FUM001.A0101_10M.adapter_gc_rl.tsv.gz
"(92,93]",1964,FUM001.A0101_10M.adapter_gc_rl.tsv.gz
"(93,94]",2348,FUM001.A0101_10M.adapter_gc_rl.tsv.gz
"(94,95]",2582,FUM001.A0101_10M.adapter_gc_rl.tsv.gz
"(95,96]",2447,FUM001.A0101_10M.adapter_gc_rl.tsv.gz
"(96,97]",2489,FUM001.A0101_10M.adapter_gc_rl.tsv.gz
"(97,98]",2649,FUM001.A0101_10M.adapter_gc_rl.tsv.gz
"(98,99]",3143,FUM001.A0101_10M.adapter_gc_rl.tsv.gz
"(99,100]",26915,FUM001.A0101_10M.adapter_gc_rl.tsv.gz
"[0,1]",1171,FUM001.A0102.SG1.4_10M.adapter_gc_rl.tsv.gz
"(1,2]",31,FUM001.A0102.SG1.4_10M.adapter_gc_rl.tsv.gz
"(2,3]",107,FUM001.A0102.SG1.4_10M.adapter_gc_rl.tsv.gz
"(3,4]",447,FUM001.A0102.SG1.4_10M.adapter_gc_rl.tsv.gz
"(4,5]",565,FUM001.A0102.SG1.4_10M.adapter_gc_rl.tsv.gz
"(5,6]",445,FUM001.A0102.SG1.4_10M.adapter_gc_rl.tsv.gz
"(6,7]",639,FUM001.A0102.SG1.4_10M.adapter_gc_rl.tsv.gz
"(7,8]",1228,FUM001.A0102.SG1.4_10M.adapter_gc_rl.tsv.gz
"(8,9]",1341,FUM001.A0102.SG1.4_10M.adapter_gc_rl.tsv.gz
"(9,10]",2860,FUM001.A0102.SG1.4_10M.adapter_gc_rl.tsv.gz
"(10,11]",1966,FUM001.A0102.SG1.4_10M.adapter_gc_rl.tsv.gz
"(11,12]",4028,FUM001.A0102.SG1.4_10M.adapter_gc_rl.tsv.gz
"(12,13]",3160,FUM001.A0102.SG1.4_10M.adapter_gc_rl.tsv.gz
"(13,14]",5380,FUM001.A0102.SG1.4_10M.adapter_gc_rl.tsv.gz
"(14,15]",7284,FUM001.A0102.SG1.4_10M.adapter_gc_rl.tsv.gz
"(15,16]",7810,FUM001.A0102.SG1.4_10M.adapter_gc_rl.tsv.gz
"(16,17]",8092,FUM001.A0102.SG1.4_10M.adapter_gc_rl.tsv.gz
"(17,18]",11284,FUM001.A0102.SG1.4_10M.adapter_gc_rl.tsv.gz
"(18,19]",12640,FUM001.A0102.SG1.4_10M.adapter_gc_rl.tsv.gz
"(19,20]",22652,FUM001.A0102.SG1.4_10M.adapter_gc_rl.tsv.gz
"(20,21]",9718,FUM001.A0102.SG1.4_10M.adapter_gc_rl.tsv.gz
"(21,22]",22913,FUM001.A0102.SG1.4_10M.adapter_gc_rl.tsv.gz
"(22,23]",24090,FUM001.A0102.SG1.4_10M.adapter_gc_rl.tsv.gz
"(23,24]",34637,FUM001.A0102.SG1.4_10M.adapter_gc_rl.tsv.gz
"(24,25]",45021,FUM001.A0102.SG1.4_10M.adapter_gc_rl.tsv.gz
"(25,26]",17437,FUM001.A0102.SG1.4_10M.adapter_gc_rl.tsv.gz
"(26,27]",49624,FUM001.A0102.SG1.4_10M.adapter_gc_rl.tsv.gz
"(27,28]",54328,FUM001.A0102.SG1.4_10M.adapter_gc_rl.tsv.gz
"(28,29]",55617,FUM001.A0102.SG1.4_10M.adapter_gc_rl.tsv.gz
"(29,30]",68719,FUM001.A0102.SG1.4_10M.adapter_gc_rl.tsv.gz
"(30,31]",70479,FUM001.A0102.SG1.4_10M.adapter_gc_rl.tsv.gz
"(31,32]",105385,FUM001.A0102.SG1.4_10M.adapter_gc_rl.tsv.gz
"(32,33]",42372,FUM001.A0102.SG1.4_10M.adapter_gc_rl.tsv.gz
"(33,34]",179265,FUM001.A0102.SG1.4_10M.adapter_gc_rl.tsv.gz
"(34,35]",70612,FUM001.A0102.SG1.4_10M.adapter_gc_rl.tsv.gz
"(35,36]",202629,FUM001.A0102.SG1.4_10M.adapter_gc_rl.tsv.gz
"(36,37]",150054,FUM001.A0102.SG1.4_10M.adapter_gc_rl.tsv.gz
"(37,38]",141365,FUM001.A0102.SG1.4_10M.adapter_gc_rl.tsv.gz
"(38,39]",284221,FUM001.A0102.SG1.4_10M.adapter_gc_rl.tsv.gz
"(39,40]",271472,FUM001.A0102.SG1.4_10M.adapter_gc_rl.tsv.gz
"(40,41]",50020,FUM001.A0102.SG1.4_10M.adapter_gc_rl.tsv.gz
"(41,42]",320550,FUM001.A0102.SG1.4_10M.adapter_gc_rl.tsv.gz
"(42,43]",367575,FUM001.A0102.SG1.4_10M.adapter_gc_rl.tsv.gz
"(43,44]",198042,FUM001.A0102.SG1.4_10M.adapter_gc_rl.tsv.gz
"(44,45]",192375,FUM001.A0102.SG1.4_10M.adapter_gc_rl.tsv.gz
"(45,46]",251897,FUM001.A0102.SG1.4_10M.adapter_gc_rl.tsv.gz
"(46,47]",521679,FUM001.A0102.SG1.4_10M.adapter_gc_rl.tsv.gz
"(47,48]",266864,FUM001.A0102.SG1.4_10M.adapter_gc_rl.tsv.gz
"(48,49]",60613,FUM001.A0102.SG1.4_10M.adapter_gc_rl.tsv.gz
"(49,50]",1321140,FUM001.A0102.SG1.4_10M.adapter_gc_rl.tsv.gz
"(50,51]",14582,FUM001.A0102.SG1.4_10M.adapter_gc_rl.tsv.gz
"(51,52]",76960,FUM001.A0102.SG1.4_10M.adapter_gc_rl.tsv.gz
"(52,53]",212670,FUM001.A0102.SG1.4_10M.adapter_gc_rl.tsv.gz
"(53,54]",423390,FUM001.A0102.SG1.4_10M.adapter_gc_rl.tsv.gz
"(54,55]",374660,FUM001.A0102.SG1.4_10M.adapter_gc_rl.tsv.gz
"(55,56]",270879,FUM001.A0102.SG1.4_10M.adapter_gc_rl.tsv.gz
"(56,57]",123205,FUM001.A0102.SG1.4_10M.adapter_gc_rl.tsv.gz
"(57,58]",211175,FUM001.A0102.SG1.4_10M.adapter_gc_rl.tsv.gz
"(58,59]",321143,FUM001.A0102.SG1.4_10M.adapter_gc_rl.tsv.gz
"(59,60]",390680,FUM001.A0102.SG1.4_10M.adapter_gc_rl.tsv.gz
"(60,61]",34226,FUM001.A0102.SG1.4_10M.adapter_gc_rl.tsv.gz
"(61,62]",142768,FUM001.A0102.SG1.4_10M.adapter_gc_rl.tsv.gz
"(62,63]",159161,FUM001.A0102.SG1.4_10M.adapter_gc_rl.tsv.gz
"(63,64]",194855,FUM001.A0102.SG1.4_10M.adapter_gc_rl.tsv.gz
"(64,65]",95832,FUM001.A0102.SG1.4_10M.adapter_gc_rl.tsv.gz
"(65,66]",39588,FUM001.A0102.SG1.4_10M.adapter_gc_rl.tsv.gz
"(66,67]",355544,FUM001.A0102.SG1.4_10M.adapter_gc_rl.tsv.gz
"(67,68]",29257,FUM001.A0102.SG1.4_10M.adapter_gc_rl.tsv.gz
"(68,69]",47361,FUM001.A0102.SG1.4_10M.adapter_gc_rl.tsv.gz
"(69,70]",155081,FUM001.A0102.SG1.4_10M.adapter_gc_rl.tsv.gz
"(70,71]",27767,FUM001.A0102.SG1.4_10M.adapter_gc_rl.tsv.gz
"(71,72]",52865,FUM001.A0102.SG1.4_10M.adapter_gc_rl.tsv.gz
"(72,73]",64776,FUM001.A0102.SG1.4_10M.adapter_gc_rl.tsv.gz
"(73,74]",27316,FUM001.A0102.SG1.4_10M.adapter_gc_rl.tsv.gz
"(74,75]",132231,FUM001.A0102.SG1.4_10M.adapter_gc_rl.tsv.gz
"(75,76]",8405,FUM001.A0102.SG1.4_10M.adapter_gc_rl.tsv.gz
"(76,77]",20161,FUM001.A0102.SG1.4_10M.adapter_gc_rl.tsv.gz
"(77,78]",91884,FUM001.A0102.SG1.4_10M.adapter_gc_rl.tsv.gz
"(78,79]",13241,FUM001.A0102.SG1.4_10M.adapter_gc_rl.tsv.gz
"(79,80]",27424,FUM001.A0102.SG1.4_10M.adapter_gc_rl.tsv.gz
"(80,81]",4107,FUM001.A0102.SG1.4_10M.adapter_gc_rl.tsv.gz
"(81,82]",12952,FUM001.A0102.SG1.4_10M.adapter_gc_rl.tsv.gz
"(82,83]",4569,FUM001.A0102.SG1.4_10M.adapter_gc_rl.tsv.gz
"(83,84]",8538,FUM001.A0102.SG1.4_10M.adapter_gc_rl.tsv.gz
"(84,85]",4784,FUM001.A0102.SG1.4_10M.adapter_gc_rl.tsv.gz
"(85,86]",18170,FUM001.A0102.SG1.4_10M.adapter_gc_rl.tsv.gz
"(86,87]",2292,FUM001.A0102.SG1.4_10M.adapter_gc_rl.tsv.gz
"(87,88]",21799,FUM001.A0102.SG1.4_10M.adapter_gc_rl.tsv.gz
"(88,89]",9051,FUM001.A0102.SG1.4_10M.adapter_gc_rl.tsv.gz
"(89,90]",3137,FUM001.A0102.SG1.4_10M.adapter_gc_rl.tsv.gz
"(90,91]",1592,FUM001.A0102.SG1.4_10M.adapter_gc_rl.tsv.gz
"(91,92]",1068,FUM001.A0102.SG1.4_10M.adapter_gc_rl.tsv.gz
"(92,93]",1058,FUM001.A0102.SG1.4_10M.adapter_gc_rl.tsv.gz
"(93,94]",571,FUM001.A0102.SG1.4_10M.adapter_gc_rl.tsv.gz
"(94,95]",494,FUM001.A0102.SG1.4_10M.adapter_gc_rl.tsv.gz
"(95,96]",260,FUM001.A0102.SG1.4_10M.adapter_gc_rl.tsv.gz
"(96,97]",175,FUM001.A0102.SG1.4_10M.adapter_gc_rl.tsv.gz
"(97,98]",287,FUM001.A0102.SG1.4_10M.adapter_gc_rl.tsv.gz
"(98,99]",487,FUM001.A0102.SG1.4_10M.adapter_gc_rl.tsv.gz
"(99,100]",20629,FUM001.A0102.SG1.4_10M.adapter_gc_rl.tsv.gz
"[0,1]",206,FUM002.A0101_10M.adapter_gc_rl.tsv.gz
"(1,2]",6,FUM002.A0101_10M.adapter_gc_rl.tsv.gz
"(2,3]",6,FUM002.A0101_10M.adapter_gc_rl.tsv.gz
"(3,4]",11,FUM002.A0101_10M.adapter_gc_rl.tsv.gz
"(4,5]",10,FUM002.A0101_10M.adapter_gc_rl.tsv.gz
"(5,6]",10,FUM002.A0101_10M.adapter_gc_rl.tsv.gz
"(6,7]",23,FUM002.A0101_10M.adapter_gc_rl.tsv.gz
"(7,8]",41,FUM002.A0101_10M.adapter_gc_rl.tsv.gz
"(8,9]",69,FUM002.A0101_10M.adapter_gc_rl.tsv.gz
"(9,10]",126,FUM002.A0101_10M.adapter_gc_rl.tsv.gz
"(10,11]",123,FUM002.A0101_10M.adapter_gc_rl.tsv.gz
"(11,12]",277,FUM002.A0101_10M.adapter_gc_rl.tsv.gz
"(12,13]",375,FUM002.A0101_10M.adapter_gc_rl.tsv.gz
"(13,14]",648,FUM002.A0101_10M.adapter_gc_rl.tsv.gz
"(14,15]",938,FUM002.A0101_10M.adapter_gc_rl.tsv.gz
"(15,16]",1290,FUM002.A0101_10M.adapter_gc_rl.tsv.gz
"(16,17]",1624,FUM002.A0101_10M.adapter_gc_rl.tsv.gz
"(17,18]",2604,FUM002.A0101_10M.adapter_gc_rl.tsv.gz
"(18,19]",3016,FUM002.A0101_10M.adapter_gc_rl.tsv.gz
"(19,20]",5213,FUM002.A0101_10M.adapter_gc_rl.tsv.gz
"(20,21]",4058,FUM002.A0101_10M.adapter_gc_rl.tsv.gz
"(21,22]",7330,FUM002.A0101_10M.adapter_gc_rl.tsv.gz
"(22,23]",7828,FUM002.A0101_10M.adapter_gc_rl.tsv.gz
"(23,24]",10680,FUM002.A0101_10M.adapter_gc_rl.tsv.gz
"(24,25]",16728,FUM002.A0101_10M.adapter_gc_rl.tsv.gz
"(25,26]",11615,FUM002.A0101_10M.adapter_gc_rl.tsv.gz
"(26,27]",16783,FUM002.A0101_10M.adapter_gc_rl.tsv.gz
"(27,28]",22289,FUM002.A0101_10M.adapter_gc_rl.tsv.gz
"(28,29]",24014,FUM002.A0101_10M.adapter_gc_rl.tsv.gz
"(29,30]",32357,FUM002.A0101_10M.adapter_gc_rl.tsv.gz
"(30,31]",28790,FUM002.A0101_10M.adapter_gc_rl.tsv.gz
"(31,32]",38328,FUM002.A0101_10M.adapter_gc_rl.tsv.gz
"(32,33]",39566,FUM002.A0101_10M.adapter_gc_rl.tsv.gz
"(33,34]",47262,FUM002.A0101_10M.adapter_gc_rl.tsv.gz
"(34,35]",60508,FUM002.A0101_10M.adapter_gc_rl.tsv.gz
"(35,36]",61534,FUM002.A0101_10M.adapter_gc_rl.tsv.gz
"(36,37]",62735,FUM002.A0101_10M.adapter_gc_rl.tsv.gz
"(37,38]",78530,FUM002.A0101_10M.adapter_gc_rl.tsv.gz
"(38,39]",79015,FUM002.A0101_10M.adapter_gc_rl.tsv.gz
"(39,40]",114957,FUM002.A0101_10M.adapter_gc_rl.tsv.gz
"(40,41]",74428,FUM002.A0101_10M.adapter_gc_rl.tsv.gz
"(41,42]",114756,FUM002.A0101_10M.adapter_gc_rl.tsv.gz
"(42,43]",119470,FUM002.A0101_10M.adapter_gc_rl.tsv.gz
"(43,44]",132510,FUM002.A0101_10M.adapter_gc_rl.tsv.gz
"(44,45]",144496,FUM002.A0101_10M.adapter_gc_rl.tsv.gz
"(45,46]",150088,FUM002.A0101_10M.adapter_gc_rl.tsv.gz
"(46,47]",163124,FUM002.A0101_10M.adapter_gc_rl.tsv.gz
"(47,48]",177663,FUM002.A0101_10M.adapter_gc_rl.tsv.gz
"(48,49]",220297,FUM002.A0101_10M.adapter_gc_rl.tsv.gz
"(49,50]",313789,FUM002.A0101_10M.adapter_gc_rl.tsv.gz
"(50,51]",60568,FUM002.A0101_10M.adapter_gc_rl.tsv.gz
"(51,52]",290825,FUM002.A0101_10M.adapter_gc_rl.tsv.gz
"(52,53]",226821,FUM002.A0101_10M.adapter_gc_rl.tsv.gz
"(53,54]",269270,FUM002.A0101_10M.adapter_gc_rl.tsv.gz
"(54,55]",288112,FUM002.A0101_10M.adapter_gc_rl.tsv.gz
"(55,56]",295390,FUM002.A0101_10M.adapter_gc_rl.tsv.gz
"(56,57]",277527,FUM002.A0101_10M.adapter_gc_rl.tsv.gz
"(57,58]",326357,FUM002.A0101_10M.adapter_gc_rl.tsv.gz
"(58,59]",326622,FUM002.A0101_10M.adapter_gc_rl.tsv.gz
"(59,60]",413792,FUM002.A0101_10M.adapter_gc_rl.tsv.gz
"(60,61]",270341,FUM002.A0101_10M.adapter_gc_rl.tsv.gz
"(61,62]",350171,FUM002.A0101_10M.adapter_gc_rl.tsv.gz
"(62,63]",359636,FUM002.A0101_10M.adapter_gc_rl.tsv.gz
"(63,64]",368318,FUM002.A0101_10M.adapter_gc_rl.tsv.gz
"(64,65]",358403,FUM002.A0101_10M.adapter_gc_rl.tsv.gz
"(65,66]",362416,FUM002.A0101_10M.adapter_gc_rl.tsv.gz
"(66,67]",332025,FUM002.A0101_10M.adapter_gc_rl.tsv.gz
"(67,68]",330423,FUM002.A0101_10M.adapter_gc_rl.tsv.gz
"(68,69]",287877,FUM002.A0101_10M.adapter_gc_rl.tsv.gz
"(69,70]",314496,FUM002.A0101_10M.adapter_gc_rl.tsv.gz
"(70,71]",232712,FUM002.A0101_10M.adapter_gc_rl.tsv.gz
"(71,72]",241275,FUM002.A0101_10M.adapter_gc_rl.tsv.gz
"(72,73]",192512,FUM002.A0101_10M.adapter_gc_rl.tsv.gz
"(73,74]",172994,FUM002.A0101_10M.adapter_gc_rl.tsv.gz
"(74,75]",190127,FUM002.A0101_10M.adapter_gc_rl.tsv.gz
"(75,76]",89134,FUM002.A0101_10M.adapter_gc_rl.tsv.gz
"(76,77]",93213,FUM002.A0101_10M.adapter_gc_rl.tsv.gz
"(77,78]",75494,FUM002.A0101_10M.adapter_gc_rl.tsv.gz
"(78,79]",62739,FUM002.A0101_10M.adapter_gc_rl.tsv.gz
"(79,80]",58236,FUM002.A0101_10M.adapter_gc_rl.tsv.gz
"(80,81]",25633,FUM002.A0101_10M.adapter_gc_rl.tsv.gz
"(81,82]",25798,FUM002.A0101_10M.adapter_gc_rl.tsv.gz
"(82,83]",20849,FUM002.A0101_10M.adapter_gc_rl.tsv.gz
"(83,84]",15593,FUM002.A0101_10M.adapter_gc_rl.tsv.gz
"(84,85]",9866,FUM002.A0101_10M.adapter_gc_rl.tsv.gz
"(85,86]",7022,FUM002.A0101_10M.adapter_gc_rl.tsv.gz
"(86,87]",5653,FUM002.A0101_10M.adapter_gc_rl.tsv.gz
"(87,88]",4170,FUM002.A0101_10M.adapter_gc_rl.tsv.gz
"(88,89]",2911,FUM002.A0101_10M.adapter_gc_rl.tsv.gz
"(89,90]",2143,FUM002.A0101_10M.adapter_gc_rl.tsv.gz
"(90,91]",1334,FUM002.A0101_10M.adapter_gc_rl.tsv.gz
"(91,92]",1179,FUM002.A0101_10M.adapter_gc_rl.tsv.gz
"(92,93]",911,FUM002.A0101_10M.adapter_gc_rl.tsv.gz
"(93,94]",950,FUM002.A0101_10M.adapter_gc_rl.tsv.gz
"(94,95]",903,FUM002.A0101_10M.adapter_gc_rl.tsv.gz
"(95,96]",782,FUM002.A0101_10M.adapter_gc_rl.tsv.gz
"(96,97]",793,FUM002.A0101_10M.adapter_gc_rl.tsv.gz
"(97,98]",698,FUM002.A0101_10M.adapter_gc_rl.tsv.gz
"(98,99]",826,FUM002.A0101_10M.adapter_gc_rl.tsv.gz
"(99,100]",5344,FUM002.A0101_10M.adapter_gc_rl.tsv.gz
"[0,1]",189,FUM002.A0102.SG1.5_10M.adapter_gc_rl.tsv.gz
"(1,2]",36,FUM002.A0102.SG1.5_10M.adapter_gc_rl.tsv.gz
"(2,3]",121,FUM002.A0102.SG1.5_10M.adapter_gc_rl.tsv.gz
"(3,4]",328,FUM002.A0102.SG1.5_10M.adapter_gc_rl.tsv.gz
"(4,5]",405,FUM002.A0102.SG1.5_10M.adapter_gc_rl.tsv.gz
"(5,6]",439,FUM002.A0102.SG1.5_10M.adapter_gc_rl.tsv.gz
"(6,7]",702,FUM002.A0102.SG1.5_10M.adapter_gc_rl.tsv.gz
"(7,8]",1245,FUM002.A0102.SG1.5_10M.adapter_gc_rl.tsv.gz
"(8,9]",1496,FUM002.A0102.SG1.5_10M.adapter_gc_rl.tsv.gz
"(9,10]",2750,FUM002.A0102.SG1.5_10M.adapter_gc_rl.tsv.gz
"(10,11]",2280,FUM002.A0102.SG1.5_10M.adapter_gc_rl.tsv.gz
"(11,12]",4242,FUM002.A0102.SG1.5_10M.adapter_gc_rl.tsv.gz
"(12,13]",4318,FUM002.A0102.SG1.5_10M.adapter_gc_rl.tsv.gz
"(13,14]",6670,FUM002.A0102.SG1.5_10M.adapter_gc_rl.tsv.gz
"(14,15]",8388,FUM002.A0102.SG1.5_10M.adapter_gc_rl.tsv.gz
"(15,16]",9857,FUM002.A0102.SG1.5_10M.adapter_gc_rl.tsv.gz
"(16,17]",10504,FUM002.A0102.SG1.5_10M.adapter_gc_rl.tsv.gz
"(17,18]",15428,FUM002.A0102.SG1.5_10M.adapter_gc_rl.tsv.gz
"(18,19]",16271,FUM002.A0102.SG1.5_10M.adapter_gc_rl.tsv.gz
"(19,20]",27403,FUM002.A0102.SG1.5_10M.adapter_gc_rl.tsv.gz
"(20,21]",15712,FUM002.A0102.SG1.5_10M.adapter_gc_rl.tsv.gz
"(21,22]",29993,FUM002.A0102.SG1.5_10M.adapter_gc_rl.tsv.gz
"(22,23]",30399,FUM002.A0102.SG1.5_10M.adapter_gc_rl.tsv.gz
"(23,24]",41040,FUM002.A0102.SG1.5_10M.adapter_gc_rl.tsv.gz
"(24,25]",56374,FUM002.A0102.SG1.5_10M.adapter_gc_rl.tsv.gz
"(25,26]",30787,FUM002.A0102.SG1.5_10M.adapter_gc_rl.tsv.gz
"(26,27]",53620,FUM002.A0102.SG1.5_10M.adapter_gc_rl.tsv.gz
"(27,28]",62193,FUM002.A0102.SG1.5_10M.adapter_gc_rl.tsv.gz
"(28,29]",59563,FUM002.A0102.SG1.5_10M.adapter_gc_rl.tsv.gz
"(29,30]",83853,FUM002.A0102.SG1.5_10M.adapter_gc_rl.tsv.gz
"(30,31]",66482,FUM002.A0102.SG1.5_10M.adapter_gc_rl.tsv.gz
"(31,32]",95746,FUM002.A0102.SG1.5_10M.adapter_gc_rl.tsv.gz
"(32,33]",68442,FUM002.A0102.SG1.5_10M.adapter_gc_rl.tsv.gz
"(33,34]",117123,FUM002.A0102.SG1.5_10M.adapter_gc_rl.tsv.gz
"(34,35]",117153,FUM002.A0102.SG1.5_10M.adapter_gc_rl.tsv.gz
"(35,36]",125115,FUM002.A0102.SG1.5_10M.adapter_gc_rl.tsv.gz
"(36,37]",110536,FUM002.A0102.SG1.5_10M.adapter_gc_rl.tsv.gz
"(37,38]",137860,FUM002.A0102.SG1.5_10M.adapter_gc_rl.tsv.gz
"(38,39]",147168,FUM002.A0102.SG1.5_10M.adapter_gc_rl.tsv.gz
"(39,40]",202318,FUM002.A0102.SG1.5_10M.adapter_gc_rl.tsv.gz
"(40,41]",104029,FUM002.A0102.SG1.5_10M.adapter_gc_rl.tsv.gz
"(41,42]",179563,FUM002.A0102.SG1.5_10M.adapter_gc_rl.tsv.gz
"(42,43]",199808,FUM002.A0102.SG1.5_10M.adapter_gc_rl.tsv.gz
"(43,44]",183875,FUM002.A0102.SG1.5_10M.adapter_gc_rl.tsv.gz
"(44,45]",187545,FUM002.A0102.SG1.5_10M.adapter_gc_rl.tsv.gz
"(45,46]",195113,FUM002.A0102.SG1.5_10M.adapter_gc_rl.tsv.gz
"(46,47]",224810,FUM002.A0102.SG1.5_10M.adapter_gc_rl.tsv.gz
"(47,48]",243968,FUM002.A0102.SG1.5_10M.adapter_gc_rl.tsv.gz
"(48,49]",207497,FUM002.A0102.SG1.5_10M.adapter_gc_rl.tsv.gz
"(49,50]",479988,FUM002.A0102.SG1.5_10M.adapter_gc_rl.tsv.gz
"(50,51]",34700,FUM002.A0102.SG1.5_10M.adapter_gc_rl.tsv.gz
"(51,52]",262520,FUM002.A0102.SG1.5_10M.adapter_gc_rl.tsv.gz
"(52,53]",249859,FUM002.A0102.SG1.5_10M.adapter_gc_rl.tsv.gz
"(53,54]",264101,FUM002.A0102.SG1.5_10M.adapter_gc_rl.tsv.gz
"(54,55]",297850,FUM002.A0102.SG1.5_10M.adapter_gc_rl.tsv.gz
"(55,56]",268052,FUM002.A0102.SG1.5_10M.adapter_gc_rl.tsv.gz
"(56,57]",217275,FUM002.A0102.SG1.5_10M.adapter_gc_rl.tsv.gz
"(57,58]",296310,FUM002.A0102.SG1.5_10M.adapter_gc_rl.tsv.gz
"(58,59]",273774,FUM002.A0102.SG1.5_10M.adapter_gc_rl.tsv.gz
"(59,60]",369916,FUM002.A0102.SG1.5_10M.adapter_gc_rl.tsv.gz
"(60,61]",174819,FUM002.A0102.SG1.5_10M.adapter_gc_rl.tsv.gz
"(61,62]",265508,FUM002.A0102.SG1.5_10M.adapter_gc_rl.tsv.gz
"(62,63]",258220,FUM002.A0102.SG1.5_10M.adapter_gc_rl.tsv.gz
"(63,64]",274107,FUM002.A0102.SG1.5_10M.adapter_gc_rl.tsv.gz
"(64,65]",244941,FUM002.A0102.SG1.5_10M.adapter_gc_rl.tsv.gz
"(65,66]",222030,FUM002.A0102.SG1.5_10M.adapter_gc_rl.tsv.gz
"(66,67]",284341,FUM002.A0102.SG1.5_10M.adapter_gc_rl.tsv.gz
"(67,68]",169307,FUM002.A0102.SG1.5_10M.adapter_gc_rl.tsv.gz
"(68,69]",199151,FUM002.A0102.SG1.5_10M.adapter_gc_rl.tsv.gz
"(69,70]",217427,FUM002.A0102.SG1.5_10M.adapter_gc_rl.tsv.gz
"(70,71]",146251,FUM002.A0102.SG1.5_10M.adapter_gc_rl.tsv.gz
"(71,72]",154470,FUM002.A0102.SG1.5_10M.adapter_gc_rl.tsv.gz
"(72,73]",129869,FUM002.A0102.SG1.5_10M.adapter_gc_rl.tsv.gz
"(73,74]",127819,FUM002.A0102.SG1.5_10M.adapter_gc_rl.tsv.gz
"(74,75]",155588,FUM002.A0102.SG1.5_10M.adapter_gc_rl.tsv.gz
"(75,76]",48403,FUM002.A0102.SG1.5_10M.adapter_gc_rl.tsv.gz
"(76,77]",78171,FUM002.A0102.SG1.5_10M.adapter_gc_rl.tsv.gz
"(77,78]",68494,FUM002.A0102.SG1.5_10M.adapter_gc_rl.tsv.gz
"(78,79]",56153,FUM002.A0102.SG1.5_10M.adapter_gc_rl.tsv.gz
"(79,80]",59491,FUM002.A0102.SG1.5_10M.adapter_gc_rl.tsv.gz
"(80,81]",20040,FUM002.A0102.SG1.5_10M.adapter_gc_rl.tsv.gz
"(81,82]",29349,FUM002.A0102.SG1.5_10M.adapter_gc_rl.tsv.gz
"(82,83]",21436,FUM002.A0102.SG1.5_10M.adapter_gc_rl.tsv.gz
"(83,84]",19302,FUM002.A0102.SG1.5_10M.adapter_gc_rl.tsv.gz
"(84,85]",15300,FUM002.A0102.SG1.5_10M.adapter_gc_rl.tsv.gz
"(85,86]",12741,FUM002.A0102.SG1.5_10M.adapter_gc_rl.tsv.gz
"(86,87]",8718,FUM002.A0102.SG1.5_10M.adapter_gc_rl.tsv.gz
"(87,88]",10079,FUM002.A0102.SG1.5_10M.adapter_gc_rl.tsv.gz
"(88,89]",7472,FUM002.A0102.SG1.5_10M.adapter_gc_rl.tsv.gz
"(89,90]",4267,FUM002.A0102.SG1.5_10M.adapter_gc_rl.tsv.gz
"(90,91]",2307,FUM002.A0102.SG1.5_10M.adapter_gc_rl.tsv.gz
"(91,92]",1753,FUM002.A0102.SG1.5_10M.adapter_gc_rl.tsv.gz
"(92,93]",2213,FUM002.A0102.SG1.5_10M.adapter_gc_rl.tsv.gz
"(93,94]",1486,FUM002.A0102.SG1.5_10M.adapter_gc_rl.tsv.gz
"(94,95]",1204,FUM002.A0102.SG1.5_10M.adapter_gc_rl.tsv.gz
"(95,96]",377,FUM002.A0102.SG1.5_10M.adapter_gc_rl.tsv.gz
"(96,97]",177,FUM002.A0102.SG1.5_10M.adapter_gc_rl.tsv.gz
"(97,98]",203,FUM002.A0102.SG1.5_10M.adapter_gc_rl.tsv.gz
"(98,99]",280,FUM002.A0102.SG1.5_10M.adapter_gc_rl.tsv.gz
"(99,100]",13785,FUM002.A0102.SG1.5_10M.adapter_gc_rl.tsv.gz
"[0,1]",382,FUM003.A0101_10M.adapter_gc_rl.tsv.gz
"(1,2]",29,FUM003.A0101_10M.adapter_gc_rl.tsv.gz
"(2,3]",28,FUM003.A0101_10M.adapter_gc_rl.tsv.gz
"(3,4]",32,FUM003.A0101_10M.adapter_gc_rl.tsv.gz
"(4,5]",39,FUM003.A0101_10M.adapter_gc_rl.tsv.gz
"(5,6]",56,FUM003.A0101_10M.adapter_gc_rl.tsv.gz
"(6,7]",79,FUM003.A0101_10M.adapter_gc_rl.tsv.gz
"(7,8]",89,FUM003.A0101_10M.adapter_gc_rl.tsv.gz
"(8,9]",101,FUM003.A0101_10M.adapter_gc_rl.tsv.gz
"(9,10]",208,FUM003.A0101_10M.adapter_gc_rl.tsv.gz
"(10,11]",171,FUM003.A0101_10M.adapter_gc_rl.tsv.gz
"(11,12]",365,FUM003.A0101_10M.adapter_gc_rl.tsv.gz
"(12,13]",383,FUM003.A0101_10M.adapter_gc_rl.tsv.gz
"(13,14]",648,FUM003.A0101_10M.adapter_gc_rl.tsv.gz
"(14,15]",853,FUM003.A0101_10M.adapter_gc_rl.tsv.gz
"(15,16]",1076,FUM003.A0101_10M.adapter_gc_rl.tsv.gz
"(16,17]",1344,FUM003.A0101_10M.adapter_gc_rl.tsv.gz
"(17,18]",2187,FUM003.A0101_10M.adapter_gc_rl.tsv.gz
"(18,19]",2706,FUM003.A0101_10M.adapter_gc_rl.tsv.gz
"(19,20]",4441,FUM003.A0101_10M.adapter_gc_rl.tsv.gz
"(20,21]",3303,FUM003.A0101_10M.adapter_gc_rl.tsv.gz
"(21,22]",6219,FUM003.A0101_10M.adapter_gc_rl.tsv.gz
"(22,23]",7424,FUM003.A0101_10M.adapter_gc_rl.tsv.gz
"(23,24]",10122,FUM003.A0101_10M.adapter_gc_rl.tsv.gz
"(24,25]",16034,FUM003.A0101_10M.adapter_gc_rl.tsv.gz
"(25,26]",10880,FUM003.A0101_10M.adapter_gc_rl.tsv.gz
"(26,27]",16615,FUM003.A0101_10M.adapter_gc_rl.tsv.gz
"(27,28]",21455,FUM003.A0101_10M.adapter_gc_rl.tsv.gz
"(28,29]",22963,FUM003.A0101_10M.adapter_gc_rl.tsv.gz
"(29,30]",26649,FUM003.A0101_10M.adapter_gc_rl.tsv.gz
"(30,31]",27633,FUM003.A0101_10M.adapter_gc_rl.tsv.gz
"(31,32]",36137,FUM003.A0101_10M.adapter_gc_rl.tsv.gz
"(32,33]",36347,FUM003.A0101_10M.adapter_gc_rl.tsv.gz
"(33,34]",38642,FUM003.A0101_10M.adapter_gc_rl.tsv.gz
"(34,35]",51193,FUM003.A0101_10M.adapter_gc_rl.tsv.gz
"(35,36]",53728,FUM003.A0101_10M.adapter_gc_rl.tsv.gz
"(36,37]",53505,FUM003.A0101_10M.adapter_gc_rl.tsv.gz
"(37,38]",58074,FUM003.A0101_10M.adapter_gc_rl.tsv.gz
"(38,39]",64015,FUM003.A0101_10M.adapter_gc_rl.tsv.gz
"(39,40]",85288,FUM003.A0101_10M.adapter_gc_rl.tsv.gz
"(40,41]",58122,FUM003.A0101_10M.adapter_gc_rl.tsv.gz
"(41,42]",72591,FUM003.A0101_10M.adapter_gc_rl.tsv.gz
"(42,43]",81173,FUM003.A0101_10M.adapter_gc_rl.tsv.gz
"(43,44]",87174,FUM003.A0101_10M.adapter_gc_rl.tsv.gz
"(44,45]",90532,FUM003.A0101_10M.adapter_gc_rl.tsv.gz
"(45,46]",85185,FUM003.A0101_10M.adapter_gc_rl.tsv.gz
"(46,47]",102252,FUM003.A0101_10M.adapter_gc_rl.tsv.gz
"(47,48]",113210,FUM003.A0101_10M.adapter_gc_rl.tsv.gz
"(48,49]",131055,FUM003.A0101_10M.adapter_gc_rl.tsv.gz
"(49,50]",197346,FUM003.A0101_10M.adapter_gc_rl.tsv.gz
"(50,51]",54479,FUM003.A0101_10M.adapter_gc_rl.tsv.gz
"(51,52]",189821,FUM003.A0101_10M.adapter_gc_rl.tsv.gz
"(52,53]",169920,FUM003.A0101_10M.adapter_gc_rl.tsv.gz
"(53,54]",212850,FUM003.A0101_10M.adapter_gc_rl.tsv.gz
"(54,55]",210020,FUM003.A0101_10M.adapter_gc_rl.tsv.gz
"(55,56]",266307,FUM003.A0101_10M.adapter_gc_rl.tsv.gz
"(56,57]",274323,FUM003.A0101_10M.adapter_gc_rl.tsv.gz
"(57,58]",334027,FUM003.A0101_10M.adapter_gc_rl.tsv.gz
"(58,59]",307348,FUM003.A0101_10M.adapter_gc_rl.tsv.gz
"(59,60]",453646,FUM003.A0101_10M.adapter_gc_rl.tsv.gz
"(60,61]",353339,FUM003.A0101_10M.adapter_gc_rl.tsv.gz
"(61,62]",455677,FUM003.A0101_10M.adapter_gc_rl.tsv.gz
"(62,63]",405801,FUM003.A0101_10M.adapter_gc_rl.tsv.gz
"(63,64]",508575,FUM003.A0101_10M.adapter_gc_rl.tsv.gz
"(64,65]",496497,FUM003.A0101_10M.adapter_gc_rl.tsv.gz
"(65,66]",510510,FUM003.A0101_10M.adapter_gc_rl.tsv.gz
"(66,67]",406618,FUM003.A0101_10M.adapter_gc_rl.tsv.gz
"(67,68]",501181,FUM003.A0101_10M.adapter_gc_rl.tsv.gz
"(68,69]",435536,FUM003.A0101_10M.adapter_gc_rl.tsv.gz
"(69,70]",456736,FUM003.A0101_10M.adapter_gc_rl.tsv.gz
"(70,71]",299050,FUM003.A0101_10M.adapter_gc_rl.tsv.gz
"(71,72]",360929,FUM003.A0101_10M.adapter_gc_rl.tsv.gz
"(72,73]",284075,FUM003.A0101_10M.adapter_gc_rl.tsv.gz
"(73,74]",251067,FUM003.A0101_10M.adapter_gc_rl.tsv.gz
"(74,75]",242153,FUM003.A0101_10M.adapter_gc_rl.tsv.gz
"(75,76]",112347,FUM003.A0101_10M.adapter_gc_rl.tsv.gz
"(76,77]",122018,FUM003.A0101_10M.adapter_gc_rl.tsv.gz
"(77,78]",96926,FUM003.A0101_10M.adapter_gc_rl.tsv.gz
"(78,79]",71885,FUM003.A0101_10M.adapter_gc_rl.tsv.gz
"(79,80]",61461,FUM003.A0101_10M.adapter_gc_rl.tsv.gz
"(80,81]",29535,FUM003.A0101_10M.adapter_gc_rl.tsv.gz
"(81,82]",28502,FUM003.A0101_10M.adapter_gc_rl.tsv.gz
"(82,83]",21640,FUM003.A0101_10M.adapter_gc_rl.tsv.gz
"(83,84]",15798,FUM003.A0101_10M.adapter_gc_rl.tsv.gz
"(84,85]",10919,FUM003.A0101_10M.adapter_gc_rl.tsv.gz
"(85,86]",7641,FUM003.A0101_10M.adapter_gc_rl.tsv.gz
"(86,87]",6002,FUM003.A0101_10M.adapter_gc_rl.tsv.gz
"(87,88]",4546,FUM003.A0101_10M.adapter_gc_rl.tsv.gz
"(88,89]",3167,FUM003.A0101_10M.adapter_gc_rl.tsv.gz
"(89,90]",2684,FUM003.A0101_10M.adapter_gc_rl.tsv.gz
"(90,91]",1681,FUM003.A0101_10M.adapter_gc_rl.tsv.gz
"(91,92]",1526,FUM003.A0101_10M.adapter_gc_rl.tsv.gz
"(92,93]",1194,FUM003.A0101_10M.adapter_gc_rl.tsv.gz
"(93,94]",1323,FUM003.A0101_10M.adapter_gc_rl.tsv.gz
"(94,95]",1332,FUM003.A0101_10M.adapter_gc_rl.tsv.gz
"(95,96]",1110,FUM003.A0101_10M.adapter_gc_rl.tsv.gz
"(96,97]",1180,FUM003.A0101_10M.adapter_gc_rl.tsv.gz
"(97,98]",1058,FUM003.A0101_10M.adapter_gc_rl.tsv.gz
"(98,99]",1369,FUM003.A0101_10M.adapter_gc_rl.tsv.gz
"(99,100]",8061,FUM003.A0101_10M.adapter_gc_rl.tsv.gz
"[0,1]",762,FUM003.A0102.SG1.4_10M.adapter_gc_rl.tsv.gz
"(1,2]",47,FUM003.A0102.SG1.4_10M.adapter_gc_rl.tsv.gz
"(2,3]",122,FUM003.A0102.SG1.4_10M.adapter_gc_rl.tsv.gz
"(3,4]",569,FUM003.A0102.SG1.4_10M.adapter_gc_rl.tsv.gz
"(4,5]",749,FUM003.A0102.SG1.4_10M.adapter_gc_rl.tsv.gz
"(5,6]",601,FUM003.A0102.SG1.4_10M.adapter_gc_rl.tsv.gz
"(6,7]",800,FUM003.A0102.SG1.4_10M.adapter_gc_rl.tsv.gz
"(7,8]",1306,FUM003.A0102.SG1.4_10M.adapter_gc_rl.tsv.gz
"(8,9]",1453,FUM003.A0102.SG1.4_10M.adapter_gc_rl.tsv.gz
"(9,10]",3021,FUM003.A0102.SG1.4_10M.adapter_gc_rl.tsv.gz
"(10,11]",2132,FUM003.A0102.SG1.4_10M.adapter_gc_rl.tsv.gz
"(11,12]",4179,FUM003.A0102.SG1.4_10M.adapter_gc_rl.tsv.gz
"(12,13]",3452,FUM003.A0102.SG1.4_10M.adapter_gc_rl.tsv.gz
"(13,14]",5448,FUM003.A0102.SG1.4_10M.adapter_gc_rl.tsv.gz
"(14,15]",6990,FUM003.A0102.SG1.4_10M.adapter_gc_rl.tsv.gz
"(15,16]",7063,FUM003.A0102.SG1.4_10M.adapter_gc_rl.tsv.gz
"(16,17]",7355,FUM003.A0102.SG1.4_10M.adapter_gc_rl.tsv.gz
"(17,18]",10279,FUM003.A0102.SG1.4_10M.adapter_gc_rl.tsv.gz
"(18,19]",11015,FUM003.A0102.SG1.4_10M.adapter_gc_rl.tsv.gz
"(19,20]",19263,FUM003.A0102.SG1.4_10M.adapter_gc_rl.tsv.gz
"(20,21]",8473,FUM003.A0102.SG1.4_10M.adapter_gc_rl.tsv.gz
"(21,22]",19228,FUM003.A0102.SG1.4_10M.adapter_gc_rl.tsv.gz
"(22,23]",19069,FUM003.A0102.SG1.4_10M.adapter_gc_rl.tsv.gz
"(23,24]",27236,FUM003.A0102.SG1.4_10M.adapter_gc_rl.tsv.gz
"(24,25]",35824,FUM003.A0102.SG1.4_10M.adapter_gc_rl.tsv.gz
"(25,26]",15094,FUM003.A0102.SG1.4_10M.adapter_gc_rl.tsv.gz
"(26,27]",35941,FUM003.A0102.SG1.4_10M.adapter_gc_rl.tsv.gz
"(27,28]",39059,FUM003.A0102.SG1.4_10M.adapter_gc_rl.tsv.gz
"(28,29]",37634,FUM003.A0102.SG1.4_10M.adapter_gc_rl.tsv.gz
"(29,30]",50181,FUM003.A0102.SG1.4_10M.adapter_gc_rl.tsv.gz
"(30,31]",45221,FUM003.A0102.SG1.4_10M.adapter_gc_rl.tsv.gz
"(31,32]",67641,FUM003.A0102.SG1.4_10M.adapter_gc_rl.tsv.gz
"(32,33]",32086,FUM003.A0102.SG1.4_10M.adapter_gc_rl.tsv.gz
"(33,34]",101019,FUM003.A0102.SG1.4_10M.adapter_gc_rl.tsv.gz
"(34,35]",59289,FUM003.A0102.SG1.4_10M.adapter_gc_rl.tsv.gz
"(35,36]",110927,FUM003.A0102.SG1.4_10M.adapter_gc_rl.tsv.gz
"(36,37]",85839,FUM003.A0102.SG1.4_10M.adapter_gc_rl.tsv.gz
"(37,38]",91226,FUM003.A0102.SG1.4_10M.adapter_gc_rl.tsv.gz
"(38,39]",147690,FUM003.A0102.SG1.4_10M.adapter_gc_rl.tsv.gz
"(39,40]",161311,FUM003.A0102.SG1.4_10M.adapter_gc_rl.tsv.gz
"(40,41]",48047,FUM003.A0102.SG1.4_10M.adapter_gc_rl.tsv.gz
"(41,42]",170207,FUM003.A0102.SG1.4_10M.adapter_gc_rl.tsv.gz
"(42,43]",198045,FUM003.A0102.SG1.4_10M.adapter_gc_rl.tsv.gz
"(43,44]",129008,FUM003.A0102.SG1.4_10M.adapter_gc_rl.tsv.gz
"(44,45]",130014,FUM003.A0102.SG1.4_10M.adapter_gc_rl.tsv.gz
"(45,46]",155159,FUM003.A0102.SG1.4_10M.adapter_gc_rl.tsv.gz
"(46,47]",266010,FUM003.A0102.SG1.4_10M.adapter_gc_rl.tsv.gz
"(47,48]",189892,FUM003.A0102.SG1.4_10M.adapter_gc_rl.tsv.gz
"(48,49]",90937,FUM003.A0102.SG1.4_10M.adapter_gc_rl.tsv.gz
"(49,50]",670371,FUM003.A0102.SG1.4_10M.adapter_gc_rl.tsv.gz
"(50,51]",19426,FUM003.A0102.SG1.4_10M.adapter_gc_rl.tsv.gz
"(51,52]",138990,FUM003.A0102.SG1.4_10M.adapter_gc_rl.tsv.gz
"(52,53]",203581,FUM003.A0102.SG1.4_10M.adapter_gc_rl.tsv.gz
"(53,54]",290449,FUM003.A0102.SG1.4_10M.adapter_gc_rl.tsv.gz
"(54,55]",301095,FUM003.A0102.SG1.4_10M.adapter_gc_rl.tsv.gz
"(55,56]",256554,FUM003.A0102.SG1.4_10M.adapter_gc_rl.tsv.gz
"(56,57]",187917,FUM003.A0102.SG1.4_10M.adapter_gc_rl.tsv.gz
"(57,58]",283186,FUM003.A0102.SG1.4_10M.adapter_gc_rl.tsv.gz
"(58,59]",312477,FUM003.A0102.SG1.4_10M.adapter_gc_rl.tsv.gz
"(59,60]",425372,FUM003.A0102.SG1.4_10M.adapter_gc_rl.tsv.gz
"(60,61]",163946,FUM003.A0102.SG1.4_10M.adapter_gc_rl.tsv.gz
"(61,62]",287224,FUM003.A0102.SG1.4_10M.adapter_gc_rl.tsv.gz
"(62,63]",282192,FUM003.A0102.SG1.4_10M.adapter_gc_rl.tsv.gz
"(63,64]",328103,FUM003.A0102.SG1.4_10M.adapter_gc_rl.tsv.gz
"(64,65]",276890,FUM003.A0102.SG1.4_10M.adapter_gc_rl.tsv.gz
"(65,66]",231082,FUM003.A0102.SG1.4_10M.adapter_gc_rl.tsv.gz
"(66,67]",405881,FUM003.A0102.SG1.4_10M.adapter_gc_rl.tsv.gz
"(67,68]",193591,FUM003.A0102.SG1.4_10M.adapter_gc_rl.tsv.gz
"(68,69]",226284,FUM003.A0102.SG1.4_10M.adapter_gc_rl.tsv.gz
"(69,70]",284810,FUM003.A0102.SG1.4_10M.adapter_gc_rl.tsv.gz
"(70,71]",164925,FUM003.A0102.SG1.4_10M.adapter_gc_rl.tsv.gz
"(71,72]",184177,FUM003.A0102.SG1.4_10M.adapter_gc_rl.tsv.gz
"(72,73]",164445,FUM003.A0102.SG1.4_10M.adapter_gc_rl.tsv.gz
"(73,74]",147641,FUM003.A0102.SG1.4_10M.adapter_gc_rl.tsv.gz
"(74,75]",212149,FUM003.A0102.SG1.4_10M.adapter_gc_rl.tsv.gz
"(75,76]",56808,FUM003.A0102.SG1.4_10M.adapter_gc_rl.tsv.gz
"(76,77]",94505,FUM003.A0102.SG1.4_10M.adapter_gc_rl.tsv.gz
"(77,78]",108128,FUM003.A0102.SG1.4_10M.adapter_gc_rl.tsv.gz
"(78,79]",68374,FUM003.A0102.SG1.4_10M.adapter_gc_rl.tsv.gz
"(79,80]",79267,FUM003.A0102.SG1.4_10M.adapter_gc_rl.tsv.gz
"(80,81]",24664,FUM003.A0102.SG1.4_10M.adapter_gc_rl.tsv.gz
"(81,82]",40755,FUM003.A0102.SG1.4_10M.adapter_gc_rl.tsv.gz
"(82,83]",26873,FUM003.A0102.SG1.4_10M.adapter_gc_rl.tsv.gz
"(83,84]",27321,FUM003.A0102.SG1.4_10M.adapter_gc_rl.tsv.gz
"(84,85]",21042,FUM003.A0102.SG1.4_10M.adapter_gc_rl.tsv.gz
"(85,86]",22130,FUM003.A0102.SG1.4_10M.adapter_gc_rl.tsv.gz
"(86,87]",11986,FUM003.A0102.SG1.4_10M.adapter_gc_rl.tsv.gz
"(87,88]",20499,FUM003.A0102.SG1.4_10M.adapter_gc_rl.tsv.gz
"(88,89]",13510,FUM003.A0102.SG1.4_10M.adapter_gc_rl.tsv.gz
"(89,90]",7171,FUM003.A0102.SG1.4_10M.adapter_gc_rl.tsv.gz
"(90,91]",4078,FUM003.A0102.SG1.4_10M.adapter_gc_rl.tsv.gz
"(91,92]",3142,FUM003.A0102.SG1.4_10M.adapter_gc_rl.tsv.gz
"(92,93]",3601,FUM003.A0102.SG1.4_10M.adapter_gc_rl.tsv.gz
"(93,94]",2098,FUM003.A0102.SG1.4_10M.adapter_gc_rl.tsv.gz
"(94,95]",1679,FUM003.A0102.SG1.4_10M.adapter_gc_rl.tsv.gz
"(95,96]",549,FUM003.A0102.SG1.4_10M.adapter_gc_rl.tsv.gz
"(96,97]",236,FUM003.A0102.SG1.4_10M.adapter_gc_rl.tsv.gz
"(97,98]",209,FUM003.A0102.SG1.4_10M.adapter_gc_rl.tsv.gz
"(98,99]",252,FUM003.A0102.SG1.4_10M.adapter_gc_rl.tsv.gz
"(99,100]",21991,FUM003.A0102.SG1.4_10M.adapter_gc_rl.tsv.gz
"[0,1]",2559,GDN001.A0101_10M.adapter_gc_rl.tsv.gz
"(1,2]",23,GDN001.A0101_10M.adapter_gc_rl.tsv.gz
"(2,3]",30,GDN001.A0101_10M.adapter_gc_rl.tsv.gz
"(3,4]",69,GDN001.A0101_10M.adapter_gc_rl.tsv.gz
"(4,5]",92,GDN001.A0101_10M.adapter_gc_rl.tsv.gz
"(5,6]",199,GDN001.A0101_10M.adapter_gc_rl.tsv.gz
"(6,7]",352,GDN001.A0101_10M.adapter_gc_rl.tsv.gz
"(7,8]",535,GDN001.A0101_10M.adapter_gc_rl.tsv.gz
"(8,9]",752,GDN001.A0101_10M.adapter_gc_rl.tsv.gz
"(9,10]",1604,GDN001.A0101_10M.adapter_gc_rl.tsv.gz
"(10,11]",1678,GDN001.A0101_10M.adapter_gc_rl.tsv.gz
"(11,12]",3255,GDN001.A0101_10M.adapter_gc_rl.tsv.gz
"(12,13]",4166,GDN001.A0101_10M.adapter_gc_rl.tsv.gz
"(13,14]",6298,GDN001.A0101_10M.adapter_gc_rl.tsv.gz
"(14,15]",8449,GDN001.A0101_10M.adapter_gc_rl.tsv.gz
"(15,16]",11479,GDN001.A0101_10M.adapter_gc_rl.tsv.gz
"(16,17]",14910,GDN001.A0101_10M.adapter_gc_rl.tsv.gz
"(17,18]",22763,GDN001.A0101_10M.adapter_gc_rl.tsv.gz
"(18,19]",27844,GDN001.A0101_10M.adapter_gc_rl.tsv.gz
"(19,20]",44244,GDN001.A0101_10M.adapter_gc_rl.tsv.gz
"(20,21]",36982,GDN001.A0101_10M.adapter_gc_rl.tsv.gz
"(21,22]",57674,GDN001.A0101_10M.adapter_gc_rl.tsv.gz
"(22,23]",64673,GDN001.A0101_10M.adapter_gc_rl.tsv.gz
"(23,24]",75984,GDN001.A0101_10M.adapter_gc_rl.tsv.gz
"(24,25]",97299,GDN001.A0101_10M.adapter_gc_rl.tsv.gz
"(25,26]",69097,GDN001.A0101_10M.adapter_gc_rl.tsv.gz
"(26,27]",89284,GDN001.A0101_10M.adapter_gc_rl.tsv.gz
"(27,28]",94702,GDN001.A0101_10M.adapter_gc_rl.tsv.gz
"(28,29]",88809,GDN001.A0101_10M.adapter_gc_rl.tsv.gz
"(29,30]",92984,GDN001.A0101_10M.adapter_gc_rl.tsv.gz
"(30,31]",81156,GDN001.A0101_10M.adapter_gc_rl.tsv.gz
"(31,32]",83709,GDN001.A0101_10M.adapter_gc_rl.tsv.gz
"(32,33]",73771,GDN001.A0101_10M.adapter_gc_rl.tsv.gz
"(33,34]",72956,GDN001.A0101_10M.adapter_gc_rl.tsv.gz
"(34,35]",71064,GDN001.A0101_10M.adapter_gc_rl.tsv.gz
"(35,36]",63901,GDN001.A0101_10M.adapter_gc_rl.tsv.gz
"(36,37]",55527,GDN001.A0101_10M.adapter_gc_rl.tsv.gz
"(37,38]",59686,GDN001.A0101_10M.adapter_gc_rl.tsv.gz
"(38,39]",54028,GDN001.A0101_10M.adapter_gc_rl.tsv.gz
"(39,40]",91251,GDN001.A0101_10M.adapter_gc_rl.tsv.gz
"(40,41]",44612,GDN001.A0101_10M.adapter_gc_rl.tsv.gz
"(41,42]",57595,GDN001.A0101_10M.adapter_gc_rl.tsv.gz
"(42,43]",61864,GDN001.A0101_10M.adapter_gc_rl.tsv.gz
"(43,44]",63175,GDN001.A0101_10M.adapter_gc_rl.tsv.gz
"(44,45]",67916,GDN001.A0101_10M.adapter_gc_rl.tsv.gz
"(45,46]",69647,GDN001.A0101_10M.adapter_gc_rl.tsv.gz
"(46,47]",73102,GDN001.A0101_10M.adapter_gc_rl.tsv.gz
"(47,48]",81796,GDN001.A0101_10M.adapter_gc_rl.tsv.gz
"(48,49]",80687,GDN001.A0101_10M.adapter_gc_rl.tsv.gz
"(49,50]",205238,GDN001.A0101_10M.adapter_gc_rl.tsv.gz
"(50,51]",39399,GDN001.A0101_10M.adapter_gc_rl.tsv.gz
"(51,52]",107219,GDN001.A0101_10M.adapter_gc_rl.tsv.gz
"(52,53]",102890,GDN001.A0101_10M.adapter_gc_rl.tsv.gz
"(53,54]",134875,GDN001.A0101_10M.adapter_gc_rl.tsv.gz
"(54,55]",128211,GDN001.A0101_10M.adapter_gc_rl.tsv.gz
"(55,56]",248117,GDN001.A0101_10M.adapter_gc_rl.tsv.gz
"(56,57]",141437,GDN001.A0101_10M.adapter_gc_rl.tsv.gz
"(57,58]",179632,GDN001.A0101_10M.adapter_gc_rl.tsv.gz
"(58,59]",172105,GDN001.A0101_10M.adapter_gc_rl.tsv.gz
"(59,60]",244012,GDN001.A0101_10M.adapter_gc_rl.tsv.gz
"(60,61]",178772,GDN001.A0101_10M.adapter_gc_rl.tsv.gz
"(61,62]",243530,GDN001.A0101_10M.adapter_gc_rl.tsv.gz
"(62,63]",275846,GDN001.A0101_10M.adapter_gc_rl.tsv.gz
"(63,64]",295133,GDN001.A0101_10M.adapter_gc_rl.tsv.gz
"(64,65]",304273,GDN001.A0101_10M.adapter_gc_rl.tsv.gz
"(65,66]",320225,GDN001.A0101_10M.adapter_gc_rl.tsv.gz
"(66,67]",321904,GDN001.A0101_10M.adapter_gc_rl.tsv.gz
"(67,68]",368526,GDN001.A0101_10M.adapter_gc_rl.tsv.gz
"(68,69]",342595,GDN001.A0101_10M.adapter_gc_rl.tsv.gz
"(69,70]",388879,GDN001.A0101_10M.adapter_gc_rl.tsv.gz
"(70,71]",309140,GDN001.A0101_10M.adapter_gc_rl.tsv.gz
"(71,72]",344268,GDN001.A0101_10M.adapter_gc_rl.tsv.gz
"(72,73]",301951,GDN001.A0101_10M.adapter_gc_rl.tsv.gz
"(73,74]",287835,GDN001.A0101_10M.adapter_gc_rl.tsv.gz
"(74,75]",318831,GDN001.A0101_10M.adapter_gc_rl.tsv.gz
"(75,76]",169180,GDN001.A0101_10M.adapter_gc_rl.tsv.gz
"(76,77]",181368,GDN001.A0101_10M.adapter_gc_rl.tsv.gz
"(77,78]",159135,GDN001.A0101_10M.adapter_gc_rl.tsv.gz
"(78,79]",127481,GDN001.A0101_10M.adapter_gc_rl.tsv.gz
"(79,80]",121980,GDN001.A0101_10M.adapter_gc_rl.tsv.gz
"(80,81]",61653,GDN001.A0101_10M.adapter_gc_rl.tsv.gz
"(81,82]",63021,GDN001.A0101_10M.adapter_gc_rl.tsv.gz
"(82,83]",48132,GDN001.A0101_10M.adapter_gc_rl.tsv.gz
"(83,84]",35441,GDN001.A0101_10M.adapter_gc_rl.tsv.gz
"(84,85]",25627,GDN001.A0101_10M.adapter_gc_rl.tsv.gz
"(85,86]",18719,GDN001.A0101_10M.adapter_gc_rl.tsv.gz
"(86,87]",13837,GDN001.A0101_10M.adapter_gc_rl.tsv.gz
"(87,88]",10056,GDN001.A0101_10M.adapter_gc_rl.tsv.gz
"(88,89]",6870,GDN001.A0101_10M.adapter_gc_rl.tsv.gz
"(89,90]",5596,GDN001.A0101_10M.adapter_gc_rl.tsv.gz
"(90,91]",3423,GDN001.A0101_10M.adapter_gc_rl.tsv.gz
"(91,92]",2917,GDN001.A0101_10M.adapter_gc_rl.tsv.gz
"(92,93]",2195,GDN001.A0101_10M.adapter_gc_rl.tsv.gz
"(93,94]",2206,GDN001.A0101_10M.adapter_gc_rl.tsv.gz
"(94,95]",2024,GDN001.A0101_10M.adapter_gc_rl.tsv.gz
"(95,96]",1868,GDN001.A0101_10M.adapter_gc_rl.tsv.gz
"(96,97]",2055,GDN001.A0101_10M.adapter_gc_rl.tsv.gz
"(97,98]",1889,GDN001.A0101_10M.adapter_gc_rl.tsv.gz
"(98,99]",2389,GDN001.A0101_10M.adapter_gc_rl.tsv.gz
"(99,100]",28433,GDN001.A0101_10M.adapter_gc_rl.tsv.gz
"[0,1]",1654,GDN001.A0102.SG1.3_10M.adapter_gc_rl.tsv.gz
"(1,2]",243,GDN001.A0102.SG1.3_10M.adapter_gc_rl.tsv.gz
"(2,3]",1800,GDN001.A0102.SG1.3_10M.adapter_gc_rl.tsv.gz
"(3,4]",4164,GDN001.A0102.SG1.3_10M.adapter_gc_rl.tsv.gz
"(4,5]",5281,GDN001.A0102.SG1.3_10M.adapter_gc_rl.tsv.gz
"(5,6]",5752,GDN001.A0102.SG1.3_10M.adapter_gc_rl.tsv.gz
"(6,7]",8648,GDN001.A0102.SG1.3_10M.adapter_gc_rl.tsv.gz
"(7,8]",13241,GDN001.A0102.SG1.3_10M.adapter_gc_rl.tsv.gz
"(8,9]",14616,GDN001.A0102.SG1.3_10M.adapter_gc_rl.tsv.gz
"(9,10]",25449,GDN001.A0102.SG1.3_10M.adapter_gc_rl.tsv.gz
"(10,11]",21090,GDN001.A0102.SG1.3_10M.adapter_gc_rl.tsv.gz
"(11,12]",35505,GDN001.A0102.SG1.3_10M.adapter_gc_rl.tsv.gz
"(12,13]",33554,GDN001.A0102.SG1.3_10M.adapter_gc_rl.tsv.gz
"(13,14]",47680,GDN001.A0102.SG1.3_10M.adapter_gc_rl.tsv.gz
"(14,15]",56553,GDN001.A0102.SG1.3_10M.adapter_gc_rl.tsv.gz
"(15,16]",61547,GDN001.A0102.SG1.3_10M.adapter_gc_rl.tsv.gz
"(16,17]",64241,GDN001.A0102.SG1.3_10M.adapter_gc_rl.tsv.gz
"(17,18]",84166,GDN001.A0102.SG1.3_10M.adapter_gc_rl.tsv.gz
"(18,19]",85894,GDN001.A0102.SG1.3_10M.adapter_gc_rl.tsv.gz
"(19,20]",131178,GDN001.A0102.SG1.3_10M.adapter_gc_rl.tsv.gz
"(20,21]",75967,GDN001.A0102.SG1.3_10M.adapter_gc_rl.tsv.gz
"(21,22]",121391,GDN001.A0102.SG1.3_10M.adapter_gc_rl.tsv.gz
"(22,23]",116570,GDN001.A0102.SG1.3_10M.adapter_gc_rl.tsv.gz
"(23,24]",140635,GDN001.A0102.SG1.3_10M.adapter_gc_rl.tsv.gz
"(24,25]",164634,GDN001.A0102.SG1.3_10M.adapter_gc_rl.tsv.gz
"(25,26]",78594,GDN001.A0102.SG1.3_10M.adapter_gc_rl.tsv.gz
"(26,27]",136378,GDN001.A0102.SG1.3_10M.adapter_gc_rl.tsv.gz
"(27,28]",136126,GDN001.A0102.SG1.3_10M.adapter_gc_rl.tsv.gz
"(28,29]",117397,GDN001.A0102.SG1.3_10M.adapter_gc_rl.tsv.gz
"(29,30]",145571,GDN001.A0102.SG1.3_10M.adapter_gc_rl.tsv.gz
"(30,31]",107486,GDN001.A0102.SG1.3_10M.adapter_gc_rl.tsv.gz
"(31,32]",150948,GDN001.A0102.SG1.3_10M.adapter_gc_rl.tsv.gz
"(32,33]",64536,GDN001.A0102.SG1.3_10M.adapter_gc_rl.tsv.gz
"(33,34]",192394,GDN001.A0102.SG1.3_10M.adapter_gc_rl.tsv.gz
"(34,35]",95576,GDN001.A0102.SG1.3_10M.adapter_gc_rl.tsv.gz
"(35,36]",175446,GDN001.A0102.SG1.3_10M.adapter_gc_rl.tsv.gz
"(36,37]",134515,GDN001.A0102.SG1.3_10M.adapter_gc_rl.tsv.gz
"(37,38]",128004,GDN001.A0102.SG1.3_10M.adapter_gc_rl.tsv.gz
"(38,39]",218856,GDN001.A0102.SG1.3_10M.adapter_gc_rl.tsv.gz
"(39,40]",212905,GDN001.A0102.SG1.3_10M.adapter_gc_rl.tsv.gz
"(40,41]",44529,GDN001.A0102.SG1.3_10M.adapter_gc_rl.tsv.gz
"(41,42]",237002,GDN001.A0102.SG1.3_10M.adapter_gc_rl.tsv.gz
"(42,43]",272898,GDN001.A0102.SG1.3_10M.adapter_gc_rl.tsv.gz
"(43,44]",151918,GDN001.A0102.SG1.3_10M.adapter_gc_rl.tsv.gz
"(44,45]",149951,GDN001.A0102.SG1.3_10M.adapter_gc_rl.tsv.gz
"(45,46]",188066,GDN001.A0102.SG1.3_10M.adapter_gc_rl.tsv.gz
"(46,47]",345621,GDN001.A0102.SG1.3_10M.adapter_gc_rl.tsv.gz
"(47,48]",208834,GDN001.A0102.SG1.3_10M.adapter_gc_rl.tsv.gz
"(48,49]",56522,GDN001.A0102.SG1.3_10M.adapter_gc_rl.tsv.gz
"(49,50]",876311,GDN001.A0102.SG1.3_10M.adapter_gc_rl.tsv.gz
"(50,51]",11185,GDN001.A0102.SG1.3_10M.adapter_gc_rl.tsv.gz
"(51,52]",74653,GDN001.A0102.SG1.3_10M.adapter_gc_rl.tsv.gz
"(52,53]",178645,GDN001.A0102.SG1.3_10M.adapter_gc_rl.tsv.gz
"(53,54]",294390,GDN001.A0102.SG1.3_10M.adapter_gc_rl.tsv.gz
"(54,55]",272777,GDN001.A0102.SG1.3_10M.adapter_gc_rl.tsv.gz
"(55,56]",209386,GDN001.A0102.SG1.3_10M.adapter_gc_rl.tsv.gz
"(56,57]",107971,GDN001.A0102.SG1.3_10M.adapter_gc_rl.tsv.gz
"(57,58]",179208,GDN001.A0102.SG1.3_10M.adapter_gc_rl.tsv.gz
"(58,59]",243341,GDN001.A0102.SG1.3_10M.adapter_gc_rl.tsv.gz
"(59,60]",296538,GDN001.A0102.SG1.3_10M.adapter_gc_rl.tsv.gz
"(60,61]",48125,GDN001.A0102.SG1.3_10M.adapter_gc_rl.tsv.gz
"(61,62]",140579,GDN001.A0102.SG1.3_10M.adapter_gc_rl.tsv.gz
"(62,63]",145997,GDN001.A0102.SG1.3_10M.adapter_gc_rl.tsv.gz
"(63,64]",174286,GDN001.A0102.SG1.3_10M.adapter_gc_rl.tsv.gz
"(64,65]",115553,GDN001.A0102.SG1.3_10M.adapter_gc_rl.tsv.gz
"(65,66]",68971,GDN001.A0102.SG1.3_10M.adapter_gc_rl.tsv.gz
"(66,67]",284081,GDN001.A0102.SG1.3_10M.adapter_gc_rl.tsv.gz
"(67,68]",59555,GDN001.A0102.SG1.3_10M.adapter_gc_rl.tsv.gz
"(68,69]",79928,GDN001.A0102.SG1.3_10M.adapter_gc_rl.tsv.gz
"(69,70]",154643,GDN001.A0102.SG1.3_10M.adapter_gc_rl.tsv.gz
"(70,71]",56958,GDN001.A0102.SG1.3_10M.adapter_gc_rl.tsv.gz
"(71,72]",79499,GDN001.A0102.SG1.3_10M.adapter_gc_rl.tsv.gz
"(72,73]",82641,GDN001.A0102.SG1.3_10M.adapter_gc_rl.tsv.gz
"(73,74]",56434,GDN001.A0102.SG1.3_10M.adapter_gc_rl.tsv.gz
"(74,75]",131214,GDN001.A0102.SG1.3_10M.adapter_gc_rl.tsv.gz
"(75,76]",23011,GDN001.A0102.SG1.3_10M.adapter_gc_rl.tsv.gz
"(76,77]",40638,GDN001.A0102.SG1.3_10M.adapter_gc_rl.tsv.gz
"(77,78]",80178,GDN001.A0102.SG1.3_10M.adapter_gc_rl.tsv.gz
"(78,79]",28314,GDN001.A0102.SG1.3_10M.adapter_gc_rl.tsv.gz
"(79,80]",39773,GDN001.A0102.SG1.3_10M.adapter_gc_rl.tsv.gz
"(80,81]",10071,GDN001.A0102.SG1.3_10M.adapter_gc_rl.tsv.gz
"(81,82]",20949,GDN001.A0102.SG1.3_10M.adapter_gc_rl.tsv.gz
"(82,83]",10486,GDN001.A0102.SG1.3_10M.adapter_gc_rl.tsv.gz
"(83,84]",13487,GDN001.A0102.SG1.3_10M.adapter_gc_rl.tsv.gz
"(84,85]",9014,GDN001.A0102.SG1.3_10M.adapter_gc_rl.tsv.gz
"(85,86]",16116,GDN001.A0102.SG1.3_10M.adapter_gc_rl.tsv.gz
"(86,87]",4756,GDN001.A0102.SG1.3_10M.adapter_gc_rl.tsv.gz
"(87,88]",17754,GDN001.A0102.SG1.3_10M.adapter_gc_rl.tsv.gz
"(88,89]",8874,GDN001.A0102.SG1.3_10M.adapter_gc_rl.tsv.gz
"(89,90]",4291,GDN001.A0102.SG1.3_10M.adapter_gc_rl.tsv.gz
"(90,91]",2547,GDN001.A0102.SG1.3_10M.adapter_gc_rl.tsv.gz
"(91,92]",1636,GDN001.A0102.SG1.3_10M.adapter_gc_rl.tsv.gz
"(92,93]",1496,GDN001.A0102.SG1.3_10M.adapter_gc_rl.tsv.gz
"(93,94]",753,GDN001.A0102.SG1.3_10M.adapter_gc_rl.tsv.gz
"(94,95]",525,GDN001.A0102.SG1.3_10M.adapter_gc_rl.tsv.gz
"(95,96]",183,GDN001.A0102.SG1.3_10M.adapter_gc_rl.tsv.gz
"(96,97]",95,GDN001.A0102.SG1.3_10M.adapter_gc_rl.tsv.gz
"(97,98]",12,GDN001.A0102.SG1.3_10M.adapter_gc_rl.tsv.gz
"(98,99]",11,GDN001.A0102.SG1.3_10M.adapter_gc_rl.tsv.gz
"(99,100]",7485,GDN001.A0102.SG1.3_10M.adapter_gc_rl.tsv.gz
"[0,1]",184,GOY005.A0101.SG1.2_10M.adapter_gc_rl.tsv.gz
"(1,2]",98,GOY005.A0101.SG1.2_10M.adapter_gc_rl.tsv.gz
"(2,3]",70,GOY005.A0101.SG1.2_10M.adapter_gc_rl.tsv.gz
"(3,4]",150,GOY005.A0101.SG1.2_10M.adapter_gc_rl.tsv.gz
"(4,5]",203,GOY005.A0101.SG1.2_10M.adapter_gc_rl.tsv.gz
"(5,6]",276,GOY005.A0101.SG1.2_10M.adapter_gc_rl.tsv.gz
"(6,7]",422,GOY005.A0101.SG1.2_10M.adapter_gc_rl.tsv.gz
"(7,8]",537,GOY005.A0101.SG1.2_10M.adapter_gc_rl.tsv.gz
"(8,9]",631,GOY005.A0101.SG1.2_10M.adapter_gc_rl.tsv.gz
"(9,10]",1223,GOY005.A0101.SG1.2_10M.adapter_gc_rl.tsv.gz
"(10,11]",1300,GOY005.A0101.SG1.2_10M.adapter_gc_rl.tsv.gz
"(11,12]",2017,GOY005.A0101.SG1.2_10M.adapter_gc_rl.tsv.gz
"(12,13]",2169,GOY005.A0101.SG1.2_10M.adapter_gc_rl.tsv.gz
"(13,14]",3668,GOY005.A0101.SG1.2_10M.adapter_gc_rl.tsv.gz
"(14,15]",4509,GOY005.A0101.SG1.2_10M.adapter_gc_rl.tsv.gz
"(15,16]",5946,GOY005.A0101.SG1.2_10M.adapter_gc_rl.tsv.gz
"(16,17]",6366,GOY005.A0101.SG1.2_10M.adapter_gc_rl.tsv.gz
"(17,18]",10378,GOY005.A0101.SG1.2_10M.adapter_gc_rl.tsv.gz
"(18,19]",11602,GOY005.A0101.SG1.2_10M.adapter_gc_rl.tsv.gz
"(19,20]",18182,GOY005.A0101.SG1.2_10M.adapter_gc_rl.tsv.gz
"(20,21]",12812,GOY005.A0101.SG1.2_10M.adapter_gc_rl.tsv.gz
"(21,22]",22595,GOY005.A0101.SG1.2_10M.adapter_gc_rl.tsv.gz
"(22,23]",24173,GOY005.A0101.SG1.2_10M.adapter_gc_rl.tsv.gz
"(23,24]",30982,GOY005.A0101.SG1.2_10M.adapter_gc_rl.tsv.gz
"(24,25]",42129,GOY005.A0101.SG1.2_10M.adapter_gc_rl.tsv.gz
"(25,26]",29374,GOY005.A0101.SG1.2_10M.adapter_gc_rl.tsv.gz
"(26,27]",42493,GOY005.A0101.SG1.2_10M.adapter_gc_rl.tsv.gz
"(27,28]",54496,GOY005.A0101.SG1.2_10M.adapter_gc_rl.tsv.gz
"(28,29]",55297,GOY005.A0101.SG1.2_10M.adapter_gc_rl.tsv.gz
"(29,30]",66948,GOY005.A0101.SG1.2_10M.adapter_gc_rl.tsv.gz
"(30,31]",63315,GOY005.A0101.SG1.2_10M.adapter_gc_rl.tsv.gz
"(31,32]",81104,GOY005.A0101.SG1.2_10M.adapter_gc_rl.tsv.gz
"(32,33]",78273,GOY005.A0101.SG1.2_10M.adapter_gc_rl.tsv.gz
"(33,34]",86083,GOY005.A0101.SG1.2_10M.adapter_gc_rl.tsv.gz
"(34,35]",110438,GOY005.A0101.SG1.2_10M.adapter_gc_rl.tsv.gz
"(35,36]",110956,GOY005.A0101.SG1.2_10M.adapter_gc_rl.tsv.gz
"(36,37]",110367,GOY005.A0101.SG1.2_10M.adapter_gc_rl.tsv.gz
"(37,38]",123218,GOY005.A0101.SG1.2_10M.adapter_gc_rl.tsv.gz
"(38,39]",127710,GOY005.A0101.SG1.2_10M.adapter_gc_rl.tsv.gz
"(39,40]",173918,GOY005.A0101.SG1.2_10M.adapter_gc_rl.tsv.gz
"(40,41]",111528,GOY005.A0101.SG1.2_10M.adapter_gc_rl.tsv.gz
"(41,42]",157462,GOY005.A0101.SG1.2_10M.adapter_gc_rl.tsv.gz
"(42,43]",163830,GOY005.A0101.SG1.2_10M.adapter_gc_rl.tsv.gz
"(43,44]",174529,GOY005.A0101.SG1.2_10M.adapter_gc_rl.tsv.gz
"(44,45]",182611,GOY005.A0101.SG1.2_10M.adapter_gc_rl.tsv.gz
"(45,46]",177580,GOY005.A0101.SG1.2_10M.adapter_gc_rl.tsv.gz
"(46,47]",196035,GOY005.A0101.SG1.2_10M.adapter_gc_rl.tsv.gz
"(47,48]",209430,GOY005.A0101.SG1.2_10M.adapter_gc_rl.tsv.gz
"(48,49]",250099,GOY005.A0101.SG1.2_10M.adapter_gc_rl.tsv.gz
"(49,50]",340417,GOY005.A0101.SG1.2_10M.adapter_gc_rl.tsv.gz
"(50,51]",71394,GOY005.A0101.SG1.2_10M.adapter_gc_rl.tsv.gz
"(51,52]",313190,GOY005.A0101.SG1.2_10M.adapter_gc_rl.tsv.gz
"(52,53]",243648,GOY005.A0101.SG1.2_10M.adapter_gc_rl.tsv.gz
"(53,54]",287889,GOY005.A0101.SG1.2_10M.adapter_gc_rl.tsv.gz
"(54,55]",297218,GOY005.A0101.SG1.2_10M.adapter_gc_rl.tsv.gz
"(55,56]",312134,GOY005.A0101.SG1.2_10M.adapter_gc_rl.tsv.gz
"(56,57]",290881,GOY005.A0101.SG1.2_10M.adapter_gc_rl.tsv.gz
"(57,58]",334746,GOY005.A0101.SG1.2_10M.adapter_gc_rl.tsv.gz
"(58,59]",323571,GOY005.A0101.SG1.2_10M.adapter_gc_rl.tsv.gz
"(59,60]",405920,GOY005.A0101.SG1.2_10M.adapter_gc_rl.tsv.gz
"(60,61]",258242,GOY005.A0101.SG1.2_10M.adapter_gc_rl.tsv.gz
"(61,62]",322473,GOY005.A0101.SG1.2_10M.adapter_gc_rl.tsv.gz
"(62,63]",320956,GOY005.A0101.SG1.2_10M.adapter_gc_rl.tsv.gz
"(63,64]",317674,GOY005.A0101.SG1.2_10M.adapter_gc_rl.tsv.gz
"(64,65]",295757,GOY005.A0101.SG1.2_10M.adapter_gc_rl.tsv.gz
"(65,66]",294771,GOY005.A0101.SG1.2_10M.adapter_gc_rl.tsv.gz
"(66,67]",255852,GOY005.A0101.SG1.2_10M.adapter_gc_rl.tsv.gz
"(67,68]",243667,GOY005.A0101.SG1.2_10M.adapter_gc_rl.tsv.gz
"(68,69]",204092,GOY005.A0101.SG1.2_10M.adapter_gc_rl.tsv.gz
"(69,70]",220701,GOY005.A0101.SG1.2_10M.adapter_gc_rl.tsv.gz
"(70,71]",162358,GOY005.A0101.SG1.2_10M.adapter_gc_rl.tsv.gz
"(71,72]",165556,GOY005.A0101.SG1.2_10M.adapter_gc_rl.tsv.gz
"(72,73]",124923,GOY005.A0101.SG1.2_10M.adapter_gc_rl.tsv.gz
"(73,74]",116721,GOY005.A0101.SG1.2_10M.adapter_gc_rl.tsv.gz
"(74,75]",139945,GOY005.A0101.SG1.2_10M.adapter_gc_rl.tsv.gz
"(75,76]",61553,GOY005.A0101.SG1.2_10M.adapter_gc_rl.tsv.gz
"(76,77]",64547,GOY005.A0101.SG1.2_10M.adapter_gc_rl.tsv.gz
"(77,78]",53582,GOY005.A0101.SG1.2_10M.adapter_gc_rl.tsv.gz
"(78,79]",47090,GOY005.A0101.SG1.2_10M.adapter_gc_rl.tsv.gz
"(79,80]",47829,GOY005.A0101.SG1.2_10M.adapter_gc_rl.tsv.gz
"(80,81]",20211,GOY005.A0101.SG1.2_10M.adapter_gc_rl.tsv.gz
"(81,82]",20575,GOY005.A0101.SG1.2_10M.adapter_gc_rl.tsv.gz
"(82,83]",17805,GOY005.A0101.SG1.2_10M.adapter_gc_rl.tsv.gz
"(83,84]",14209,GOY005.A0101.SG1.2_10M.adapter_gc_rl.tsv.gz
"(84,85]",8897,GOY005.A0101.SG1.2_10M.adapter_gc_rl.tsv.gz
"(85,86]",6414,GOY005.A0101.SG1.2_10M.adapter_gc_rl.tsv.gz
"(86,87]",5409,GOY005.A0101.SG1.2_10M.adapter_gc_rl.tsv.gz
"(87,88]",3931,GOY005.A0101.SG1.2_10M.adapter_gc_rl.tsv.gz
"(88,89]",2775,GOY005.A0101.SG1.2_10M.adapter_gc_rl.tsv.gz
"(89,90]",2118,GOY005.A0101.SG1.2_10M.adapter_gc_rl.tsv.gz
"(90,91]",1172,GOY005.A0101.SG1.2_10M.adapter_gc_rl.tsv.gz
"(91,92]",1098,GOY005.A0101.SG1.2_10M.adapter_gc_rl.tsv.gz
"(92,93]",666,GOY005.A0101.SG1.2_10M.adapter_gc_rl.tsv.gz
"(93,94]",641,GOY005.A0101.SG1.2_10M.adapter_gc_rl.tsv.gz
"(94,95]",711,GOY005.A0101.SG1.2_10M.adapter_gc_rl.tsv.gz
"(95,96]",628,GOY005.A0101.SG1.2_10M.adapter_gc_rl.tsv.gz
"(96,97]",626,GOY005.A0101.SG1.2_10M.adapter_gc_rl.tsv.gz
"(97,98]",652,GOY005.A0101.SG1.2_10M.adapter_gc_rl.tsv.gz
"(98,99]",887,GOY005.A0101.SG1.2_10M.adapter_gc_rl.tsv.gz
"(99,100]",8416,GOY005.A0101.SG1.2_10M.adapter_gc_rl.tsv.gz
"[0,1]",1011,GOY005.A0103.SG1.4_10M.adapter_gc_rl.tsv.gz
"(1,2]",50,GOY005.A0103.SG1.4_10M.adapter_gc_rl.tsv.gz
"(2,3]",430,GOY005.A0103.SG1.4_10M.adapter_gc_rl.tsv.gz
"(3,4]",1451,GOY005.A0103.SG1.4_10M.adapter_gc_rl.tsv.gz
"(4,5]",1745,GOY005.A0103.SG1.4_10M.adapter_gc_rl.tsv.gz
"(5,6]",1681,GOY005.A0103.SG1.4_10M.adapter_gc_rl.tsv.gz
"(6,7]",2959,GOY005.A0103.SG1.4_10M.adapter_gc_rl.tsv.gz
"(7,8]",5122,GOY005.A0103.SG1.4_10M.adapter_gc_rl.tsv.gz
"(8,9]",5660,GOY005.A0103.SG1.4_10M.adapter_gc_rl.tsv.gz
"(9,10]",11076,GOY005.A0103.SG1.4_10M.adapter_gc_rl.tsv.gz
"(10,11]",8551,GOY005.A0103.SG1.4_10M.adapter_gc_rl.tsv.gz
"(11,12]",16603,GOY005.A0103.SG1.4_10M.adapter_gc_rl.tsv.gz
"(12,13]",14940,GOY005.A0103.SG1.4_10M.adapter_gc_rl.tsv.gz
"(13,14]",23459,GOY005.A0103.SG1.4_10M.adapter_gc_rl.tsv.gz
"(14,15]",29938,GOY005.A0103.SG1.4_10M.adapter_gc_rl.tsv.gz
"(15,16]",32061,GOY005.A0103.SG1.4_10M.adapter_gc_rl.tsv.gz
"(16,17]",33636,GOY005.A0103.SG1.4_10M.adapter_gc_rl.tsv.gz
"(17,18]",46086,GOY005.A0103.SG1.4_10M.adapter_gc_rl.tsv.gz
"(18,19]",47790,GOY005.A0103.SG1.4_10M.adapter_gc_rl.tsv.gz
"(19,20]",82547,GOY005.A0103.SG1.4_10M.adapter_gc_rl.tsv.gz
"(20,21]",40873,GOY005.A0103.SG1.4_10M.adapter_gc_rl.tsv.gz
"(21,22]",79531,GOY005.A0103.SG1.4_10M.adapter_gc_rl.tsv.gz
"(22,23]",79009,GOY005.A0103.SG1.4_10M.adapter_gc_rl.tsv.gz
"(23,24]",105128,GOY005.A0103.SG1.4_10M.adapter_gc_rl.tsv.gz
"(24,25]",134270,GOY005.A0103.SG1.4_10M.adapter_gc_rl.tsv.gz
"(25,26]",60267,GOY005.A0103.SG1.4_10M.adapter_gc_rl.tsv.gz
"(26,27]",123991,GOY005.A0103.SG1.4_10M.adapter_gc_rl.tsv.gz
"(27,28]",134767,GOY005.A0103.SG1.4_10M.adapter_gc_rl.tsv.gz
"(28,29]",120279,GOY005.A0103.SG1.4_10M.adapter_gc_rl.tsv.gz
"(29,30]",169949,GOY005.A0103.SG1.4_10M.adapter_gc_rl.tsv.gz
"(30,31]",119223,GOY005.A0103.SG1.4_10M.adapter_gc_rl.tsv.gz
"(31,32]",184954,GOY005.A0103.SG1.4_10M.adapter_gc_rl.tsv.gz
"(32,33]",106017,GOY005.A0103.SG1.4_10M.adapter_gc_rl.tsv.gz
"(33,34]",212212,GOY005.A0103.SG1.4_10M.adapter_gc_rl.tsv.gz
"(34,35]",185350,GOY005.A0103.SG1.4_10M.adapter_gc_rl.tsv.gz
"(35,36]",199094,GOY005.A0103.SG1.4_10M.adapter_gc_rl.tsv.gz
"(36,37]",162963,GOY005.A0103.SG1.4_10M.adapter_gc_rl.tsv.gz
"(37,38]",196049,GOY005.A0103.SG1.4_10M.adapter_gc_rl.tsv.gz
"(38,39]",206106,GOY005.A0103.SG1.4_10M.adapter_gc_rl.tsv.gz
"(39,40]",269427,GOY005.A0103.SG1.4_10M.adapter_gc_rl.tsv.gz
"(40,41]",124108,GOY005.A0103.SG1.4_10M.adapter_gc_rl.tsv.gz
"(41,42]",220282,GOY005.A0103.SG1.4_10M.adapter_gc_rl.tsv.gz
"(42,43]",238653,GOY005.A0103.SG1.4_10M.adapter_gc_rl.tsv.gz
"(43,44]",206242,GOY005.A0103.SG1.4_10M.adapter_gc_rl.tsv.gz
"(44,45]",201387,GOY005.A0103.SG1.4_10M.adapter_gc_rl.tsv.gz
"(45,46]",194694,GOY005.A0103.SG1.4_10M.adapter_gc_rl.tsv.gz
"(46,47]",233882,GOY005.A0103.SG1.4_10M.adapter_gc_rl.tsv.gz
"(47,48]",244807,GOY005.A0103.SG1.4_10M.adapter_gc_rl.tsv.gz
"(48,49]",180575,GOY005.A0103.SG1.4_10M.adapter_gc_rl.tsv.gz
"(49,50]",458030,GOY005.A0103.SG1.4_10M.adapter_gc_rl.tsv.gz
"(50,51]",18235,GOY005.A0103.SG1.4_10M.adapter_gc_rl.tsv.gz
"(51,52]",216258,GOY005.A0103.SG1.4_10M.adapter_gc_rl.tsv.gz
"(52,53]",214193,GOY005.A0103.SG1.4_10M.adapter_gc_rl.tsv.gz
"(53,54]",234317,GOY005.A0103.SG1.4_10M.adapter_gc_rl.tsv.gz
"(54,55]",247958,GOY005.A0103.SG1.4_10M.adapter_gc_rl.tsv.gz
"(55,56]",207362,GOY005.A0103.SG1.4_10M.adapter_gc_rl.tsv.gz
"(56,57]",165977,GOY005.A0103.SG1.4_10M.adapter_gc_rl.tsv.gz
"(57,58]",242188,GOY005.A0103.SG1.4_10M.adapter_gc_rl.tsv.gz
"(58,59]",213952,GOY005.A0103.SG1.4_10M.adapter_gc_rl.tsv.gz
"(59,60]",293317,GOY005.A0103.SG1.4_10M.adapter_gc_rl.tsv.gz
"(60,61]",115559,GOY005.A0103.SG1.4_10M.adapter_gc_rl.tsv.gz
"(61,62]",200822,GOY005.A0103.SG1.4_10M.adapter_gc_rl.tsv.gz
"(62,63]",178666,GOY005.A0103.SG1.4_10M.adapter_gc_rl.tsv.gz
"(63,64]",200212,GOY005.A0103.SG1.4_10M.adapter_gc_rl.tsv.gz
"(64,65]",171657,GOY005.A0103.SG1.4_10M.adapter_gc_rl.tsv.gz
"(65,66]",133259,GOY005.A0103.SG1.4_10M.adapter_gc_rl.tsv.gz
"(66,67]",225388,GOY005.A0103.SG1.4_10M.adapter_gc_rl.tsv.gz
"(67,68]",89007,GOY005.A0103.SG1.4_10M.adapter_gc_rl.tsv.gz
"(68,69]",125604,GOY005.A0103.SG1.4_10M.adapter_gc_rl.tsv.gz
"(69,70]",156577,GOY005.A0103.SG1.4_10M.adapter_gc_rl.tsv.gz
"(70,71]",86574,GOY005.A0103.SG1.4_10M.adapter_gc_rl.tsv.gz
"(71,72]",96803,GOY005.A0103.SG1.4_10M.adapter_gc_rl.tsv.gz
"(72,73]",88074,GOY005.A0103.SG1.4_10M.adapter_gc_rl.tsv.gz
"(73,74]",82302,GOY005.A0103.SG1.4_10M.adapter_gc_rl.tsv.gz
"(74,75]",111038,GOY005.A0103.SG1.4_10M.adapter_gc_rl.tsv.gz
"(75,76]",23498,GOY005.A0103.SG1.4_10M.adapter_gc_rl.tsv.gz
"(76,77]",55743,GOY005.A0103.SG1.4_10M.adapter_gc_rl.tsv.gz
"(77,78]",51290,GOY005.A0103.SG1.4_10M.adapter_gc_rl.tsv.gz
"(78,79]",38033,GOY005.A0103.SG1.4_10M.adapter_gc_rl.tsv.gz
"(79,80]",45778,GOY005.A0103.SG1.4_10M.adapter_gc_rl.tsv.gz
"(80,81]",12467,GOY005.A0103.SG1.4_10M.adapter_gc_rl.tsv.gz
"(81,82]",24396,GOY005.A0103.SG1.4_10M.adapter_gc_rl.tsv.gz
"(82,83]",14445,GOY005.A0103.SG1.4_10M.adapter_gc_rl.tsv.gz
"(83,84]",17053,GOY005.A0103.SG1.4_10M.adapter_gc_rl.tsv.gz
"(84,85]",12831,GOY005.A0103.SG1.4_10M.adapter_gc_rl.tsv.gz
"(85,86]",12269,GOY005.A0103.SG1.4_10M.adapter_gc_rl.tsv.gz
"(86,87]",6462,GOY005.A0103.SG1.4_10M.adapter_gc_rl.tsv.gz
"(87,88]",11796,GOY005.A0103.SG1.4_10M.adapter_gc_rl.tsv.gz
"(88,89]",9065,GOY005.A0103.SG1.4_10M.adapter_gc_rl.tsv.gz
"(89,90]",4916,GOY005.A0103.SG1.4_10M.adapter_gc_rl.tsv.gz
"(90,91]",2796,GOY005.A0103.SG1.4_10M.adapter_gc_rl.tsv.gz
"(91,92]",1747,GOY005.A0103.SG1.4_10M.adapter_gc_rl.tsv.gz
"(92,93]",1926,GOY005.A0103.SG1.4_10M.adapter_gc_rl.tsv.gz
"(93,94]",1412,GOY005.A0103.SG1.4_10M.adapter_gc_rl.tsv.gz
"(94,95]",1110,GOY005.A0103.SG1.4_10M.adapter_gc_rl.tsv.gz
"(95,96]",266,GOY005.A0103.SG1.4_10M.adapter_gc_rl.tsv.gz
"(96,97]",126,GOY005.A0103.SG1.4_10M.adapter_gc_rl.tsv.gz
"(97,98]",192,GOY005.A0103.SG1.4_10M.adapter_gc_rl.tsv.gz
"(98,99]",270,GOY005.A0103.SG1.4_10M.adapter_gc_rl.tsv.gz
"(99,100]",18394,GOY005.A0103.SG1.4_10M.adapter_gc_rl.tsv.gz
"[0,1]",182,GOY006.A0101.SG1.2_10M.adapter_gc_rl.tsv.gz
"(1,2]",69,GOY006.A0101.SG1.2_10M.adapter_gc_rl.tsv.gz
"(2,3]",70,GOY006.A0101.SG1.2_10M.adapter_gc_rl.tsv.gz
"(3,4]",118,GOY006.A0101.SG1.2_10M.adapter_gc_rl.tsv.gz
"(4,5]",130,GOY006.A0101.SG1.2_10M.adapter_gc_rl.tsv.gz
"(5,6]",191,GOY006.A0101.SG1.2_10M.adapter_gc_rl.tsv.gz
"(6,7]",297,GOY006.A0101.SG1.2_10M.adapter_gc_rl.tsv.gz
"(7,8]",329,GOY006.A0101.SG1.2_10M.adapter_gc_rl.tsv.gz
"(8,9]",371,GOY006.A0101.SG1.2_10M.adapter_gc_rl.tsv.gz
"(9,10]",802,GOY006.A0101.SG1.2_10M.adapter_gc_rl.tsv.gz
"(10,11]",893,GOY006.A0101.SG1.2_10M.adapter_gc_rl.tsv.gz
"(11,12]",1353,GOY006.A0101.SG1.2_10M.adapter_gc_rl.tsv.gz
"(12,13]",1367,GOY006.A0101.SG1.2_10M.adapter_gc_rl.tsv.gz
"(13,14]",2530,GOY006.A0101.SG1.2_10M.adapter_gc_rl.tsv.gz
"(14,15]",3171,GOY006.A0101.SG1.2_10M.adapter_gc_rl.tsv.gz
"(15,16]",4154,GOY006.A0101.SG1.2_10M.adapter_gc_rl.tsv.gz
"(16,17]",4288,GOY006.A0101.SG1.2_10M.adapter_gc_rl.tsv.gz
"(17,18]",7341,GOY006.A0101.SG1.2_10M.adapter_gc_rl.tsv.gz
"(18,19]",9177,GOY006.A0101.SG1.2_10M.adapter_gc_rl.tsv.gz
"(19,20]",13806,GOY006.A0101.SG1.2_10M.adapter_gc_rl.tsv.gz
"(20,21]",10086,GOY006.A0101.SG1.2_10M.adapter_gc_rl.tsv.gz
"(21,22]",20141,GOY006.A0101.SG1.2_10M.adapter_gc_rl.tsv.gz
"(22,23]",24562,GOY006.A0101.SG1.2_10M.adapter_gc_rl.tsv.gz
"(23,24]",32010,GOY006.A0101.SG1.2_10M.adapter_gc_rl.tsv.gz
"(24,25]",43089,GOY006.A0101.SG1.2_10M.adapter_gc_rl.tsv.gz
"(25,26]",29986,GOY006.A0101.SG1.2_10M.adapter_gc_rl.tsv.gz
"(26,27]",54487,GOY006.A0101.SG1.2_10M.adapter_gc_rl.tsv.gz
"(27,28]",71013,GOY006.A0101.SG1.2_10M.adapter_gc_rl.tsv.gz
"(28,29]",74117,GOY006.A0101.SG1.2_10M.adapter_gc_rl.tsv.gz
"(29,30]",71268,GOY006.A0101.SG1.2_10M.adapter_gc_rl.tsv.gz
"(30,31]",96648,GOY006.A0101.SG1.2_10M.adapter_gc_rl.tsv.gz
"(31,32]",121179,GOY006.A0101.SG1.2_10M.adapter_gc_rl.tsv.gz
"(32,33]",122651,GOY006.A0101.SG1.2_10M.adapter_gc_rl.tsv.gz
"(33,34]",102536,GOY006.A0101.SG1.2_10M.adapter_gc_rl.tsv.gz
"(34,35]",165557,GOY006.A0101.SG1.2_10M.adapter_gc_rl.tsv.gz
"(35,36]",178460,GOY006.A0101.SG1.2_10M.adapter_gc_rl.tsv.gz
"(36,37]",178793,GOY006.A0101.SG1.2_10M.adapter_gc_rl.tsv.gz
"(37,38]",148864,GOY006.A0101.SG1.2_10M.adapter_gc_rl.tsv.gz
"(38,39]",210340,GOY006.A0101.SG1.2_10M.adapter_gc_rl.tsv.gz
"(39,40]",252050,GOY006.A0101.SG1.2_10M.adapter_gc_rl.tsv.gz
"(40,41]",191323,GOY006.A0101.SG1.2_10M.adapter_gc_rl.tsv.gz
"(41,42]",179371,GOY006.A0101.SG1.2_10M.adapter_gc_rl.tsv.gz
"(42,43]",237156,GOY006.A0101.SG1.2_10M.adapter_gc_rl.tsv.gz
"(43,44]",248424,GOY006.A0101.SG1.2_10M.adapter_gc_rl.tsv.gz
"(44,45]",240809,GOY006.A0101.SG1.2_10M.adapter_gc_rl.tsv.gz
"(45,46]",190797,GOY006.A0101.SG1.2_10M.adapter_gc_rl.tsv.gz
"(46,47]",253584,GOY006.A0101.SG1.2_10M.adapter_gc_rl.tsv.gz
"(47,48]",265541,GOY006.A0101.SG1.2_10M.adapter_gc_rl.tsv.gz
"(48,49]",268782,GOY006.A0101.SG1.2_10M.adapter_gc_rl.tsv.gz
"(49,50]",360490,GOY006.A0101.SG1.2_10M.adapter_gc_rl.tsv.gz
"(50,51]",110685,GOY006.A0101.SG1.2_10M.adapter_gc_rl.tsv.gz
"(51,52]",313649,GOY006.A0101.SG1.2_10M.adapter_gc_rl.tsv.gz
"(52,53]",267820,GOY006.A0101.SG1.2_10M.adapter_gc_rl.tsv.gz
"(53,54]",295641,GOY006.A0101.SG1.2_10M.adapter_gc_rl.tsv.gz
"(54,55]",267475,GOY006.A0101.SG1.2_10M.adapter_gc_rl.tsv.gz
"(55,56]",306327,GOY006.A0101.SG1.2_10M.adapter_gc_rl.tsv.gz
"(56,57]",287701,GOY006.A0101.SG1.2_10M.adapter_gc_rl.tsv.gz
"(57,58]",314588,GOY006.A0101.SG1.2_10M.adapter_gc_rl.tsv.gz
"(58,59]",274739,GOY006.A0101.SG1.2_10M.adapter_gc_rl.tsv.gz
"(59,60]",355931,GOY006.A0101.SG1.2_10M.adapter_gc_rl.tsv.gz
"(60,61]",235975,GOY006.A0101.SG1.2_10M.adapter_gc_rl.tsv.gz
"(61,62]",282826,GOY006.A0101.SG1.2_10M.adapter_gc_rl.tsv.gz
"(62,63]",260780,GOY006.A0101.SG1.2_10M.adapter_gc_rl.tsv.gz
"(63,64]",274789,GOY006.A0101.SG1.2_10M.adapter_gc_rl.tsv.gz
"(64,65]",257431,GOY006.A0101.SG1.2_10M.adapter_gc_rl.tsv.gz
"(65,66]",255104,GOY006.A0101.SG1.2_10M.adapter_gc_rl.tsv.gz
"(66,67]",219130,GOY006.A0101.SG1.2_10M.adapter_gc_rl.tsv.gz
"(67,68]",225887,GOY006.A0101.SG1.2_10M.adapter_gc_rl.tsv.gz
"(68,69]",192674,GOY006.A0101.SG1.2_10M.adapter_gc_rl.tsv.gz
"(69,70]",209404,GOY006.A0101.SG1.2_10M.adapter_gc_rl.tsv.gz
"(70,71]",154457,GOY006.A0101.SG1.2_10M.adapter_gc_rl.tsv.gz
"(71,72]",164966,GOY006.A0101.SG1.2_10M.adapter_gc_rl.tsv.gz
"(72,73]",132036,GOY006.A0101.SG1.2_10M.adapter_gc_rl.tsv.gz
"(73,74]",121774,GOY006.A0101.SG1.2_10M.adapter_gc_rl.tsv.gz
"(74,75]",142155,GOY006.A0101.SG1.2_10M.adapter_gc_rl.tsv.gz
"(75,76]",66342,GOY006.A0101.SG1.2_10M.adapter_gc_rl.tsv.gz
"(76,77]",71946,GOY006.A0101.SG1.2_10M.adapter_gc_rl.tsv.gz
"(77,78]",60483,GOY006.A0101.SG1.2_10M.adapter_gc_rl.tsv.gz
"(78,79]",53116,GOY006.A0101.SG1.2_10M.adapter_gc_rl.tsv.gz
"(79,80]",51865,GOY006.A0101.SG1.2_10M.adapter_gc_rl.tsv.gz
"(80,81]",23707,GOY006.A0101.SG1.2_10M.adapter_gc_rl.tsv.gz
"(81,82]",24464,GOY006.A0101.SG1.2_10M.adapter_gc_rl.tsv.gz
"(82,83]",20774,GOY006.A0101.SG1.2_10M.adapter_gc_rl.tsv.gz
"(83,84]",16044,GOY006.A0101.SG1.2_10M.adapter_gc_rl.tsv.gz
"(84,85]",10683,GOY006.A0101.SG1.2_10M.adapter_gc_rl.tsv.gz
"(85,86]",7721,GOY006.A0101.SG1.2_10M.adapter_gc_rl.tsv.gz
"(86,87]",6517,GOY006.A0101.SG1.2_10M.adapter_gc_rl.tsv.gz
"(87,88]",4887,GOY006.A0101.SG1.2_10M.adapter_gc_rl.tsv.gz
"(88,89]",3254,GOY006.A0101.SG1.2_10M.adapter_gc_rl.tsv.gz
"(89,90]",2430,GOY006.A0101.SG1.2_10M.adapter_gc_rl.tsv.gz
"(90,91]",1371,GOY006.A0101.SG1.2_10M.adapter_gc_rl.tsv.gz
"(91,92]",1214,GOY006.A0101.SG1.2_10M.adapter_gc_rl.tsv.gz
"(92,93]",717,GOY006.A0101.SG1.2_10M.adapter_gc_rl.tsv.gz
"(93,94]",631,GOY006.A0101.SG1.2_10M.adapter_gc_rl.tsv.gz
"(94,95]",567,GOY006.A0101.SG1.2_10M.adapter_gc_rl.tsv.gz
"(95,96]",475,GOY006.A0101.SG1.2_10M.adapter_gc_rl.tsv.gz
"(96,97]",450,GOY006.A0101.SG1.2_10M.adapter_gc_rl.tsv.gz
"(97,98]",417,GOY006.A0101.SG1.2_10M.adapter_gc_rl.tsv.gz
"(98,99]",405,GOY006.A0101.SG1.2_10M.adapter_gc_rl.tsv.gz
"(99,100]",5156,GOY006.A0101.SG1.2_10M.adapter_gc_rl.tsv.gz
"[0,1]",658,GOY006.A0102.SG1.5_10M.adapter_gc_rl.tsv.gz
"(1,2]",72,GOY006.A0102.SG1.5_10M.adapter_gc_rl.tsv.gz
"(2,3]",270,GOY006.A0102.SG1.5_10M.adapter_gc_rl.tsv.gz
"(3,4]",823,GOY006.A0102.SG1.5_10M.adapter_gc_rl.tsv.gz
"(4,5]",981,GOY006.A0102.SG1.5_10M.adapter_gc_rl.tsv.gz
"(5,6]",986,GOY006.A0102.SG1.5_10M.adapter_gc_rl.tsv.gz
"(6,7]",1676,GOY006.A0102.SG1.5_10M.adapter_gc_rl.tsv.gz
"(7,8]",2825,GOY006.A0102.SG1.5_10M.adapter_gc_rl.tsv.gz
"(8,9]",3252,GOY006.A0102.SG1.5_10M.adapter_gc_rl.tsv.gz
"(9,10]",6369,GOY006.A0102.SG1.5_10M.adapter_gc_rl.tsv.gz
"(10,11]",5223,GOY006.A0102.SG1.5_10M.adapter_gc_rl.tsv.gz
"(11,12]",9660,GOY006.A0102.SG1.5_10M.adapter_gc_rl.tsv.gz
"(12,13]",9130,GOY006.A0102.SG1.5_10M.adapter_gc_rl.tsv.gz
"(13,14]",14636,GOY006.A0102.SG1.5_10M.adapter_gc_rl.tsv.gz
"(14,15]",18508,GOY006.A0102.SG1.5_10M.adapter_gc_rl.tsv.gz
"(15,16]",20962,GOY006.A0102.SG1.5_10M.adapter_gc_rl.tsv.gz
"(16,17]",22276,GOY006.A0102.SG1.5_10M.adapter_gc_rl.tsv.gz
"(17,18]",32035,GOY006.A0102.SG1.5_10M.adapter_gc_rl.tsv.gz
"(18,19]",34358,GOY006.A0102.SG1.5_10M.adapter_gc_rl.tsv.gz
"(19,20]",57856,GOY006.A0102.SG1.5_10M.adapter_gc_rl.tsv.gz
"(20,21]",31950,GOY006.A0102.SG1.5_10M.adapter_gc_rl.tsv.gz
"(21,22]",62213,GOY006.A0102.SG1.5_10M.adapter_gc_rl.tsv.gz
"(22,23]",64163,GOY006.A0102.SG1.5_10M.adapter_gc_rl.tsv.gz
"(23,24]",84572,GOY006.A0102.SG1.5_10M.adapter_gc_rl.tsv.gz
"(24,25]",111145,GOY006.A0102.SG1.5_10M.adapter_gc_rl.tsv.gz
"(25,26]",57761,GOY006.A0102.SG1.5_10M.adapter_gc_rl.tsv.gz
"(26,27]",109241,GOY006.A0102.SG1.5_10M.adapter_gc_rl.tsv.gz
"(27,28]",121906,GOY006.A0102.SG1.5_10M.adapter_gc_rl.tsv.gz
"(28,29]",117688,GOY006.A0102.SG1.5_10M.adapter_gc_rl.tsv.gz
"(29,30]",148030,GOY006.A0102.SG1.5_10M.adapter_gc_rl.tsv.gz
"(30,31]",124316,GOY006.A0102.SG1.5_10M.adapter_gc_rl.tsv.gz
"(31,32]",174282,GOY006.A0102.SG1.5_10M.adapter_gc_rl.tsv.gz
"(32,33]",128196,GOY006.A0102.SG1.5_10M.adapter_gc_rl.tsv.gz
"(33,34]",187489,GOY006.A0102.SG1.5_10M.adapter_gc_rl.tsv.gz
"(34,35]",192355,GOY006.A0102.SG1.5_10M.adapter_gc_rl.tsv.gz
"(35,36]",201488,GOY006.A0102.SG1.5_10M.adapter_gc_rl.tsv.gz
"(36,37]",177732,GOY006.A0102.SG1.5_10M.adapter_gc_rl.tsv.gz
"(37,38]",194818,GOY006.A0102.SG1.5_10M.adapter_gc_rl.tsv.gz
"(38,39]",214070,GOY006.A0102.SG1.5_10M.adapter_gc_rl.tsv.gz
"(39,40]",271355,GOY006.A0102.SG1.5_10M.adapter_gc_rl.tsv.gz
"(40,41]",148287,GOY006.A0102.SG1.5_10M.adapter_gc_rl.tsv.gz
"(41,42]",216743,GOY006.A0102.SG1.5_10M.adapter_gc_rl.tsv.gz
"(42,43]",238030,GOY006.A0102.SG1.5_10M.adapter_gc_rl.tsv.gz
"(43,44]",217684,GOY006.A0102.SG1.5_10M.adapter_gc_rl.tsv.gz
"(44,45]",211250,GOY006.A0102.SG1.5_10M.adapter_gc_rl.tsv.gz
"(45,46]",201121,GOY006.A0102.SG1.5_10M.adapter_gc_rl.tsv.gz
"(46,47]",231348,GOY006.A0102.SG1.5_10M.adapter_gc_rl.tsv.gz
"(47,48]",243610,GOY006.A0102.SG1.5_10M.adapter_gc_rl.tsv.gz
"(48,49]",200580,GOY006.A0102.SG1.5_10M.adapter_gc_rl.tsv.gz
"(49,50]",426027,GOY006.A0102.SG1.5_10M.adapter_gc_rl.tsv.gz
"(50,51]",34499,GOY006.A0102.SG1.5_10M.adapter_gc_rl.tsv.gz
"(51,52]",234339,GOY006.A0102.SG1.5_10M.adapter_gc_rl.tsv.gz
"(52,53]",220054,GOY006.A0102.SG1.5_10M.adapter_gc_rl.tsv.gz
"(53,54]",235062,GOY006.A0102.SG1.5_10M.adapter_gc_rl.tsv.gz
"(54,55]",250510,GOY006.A0102.SG1.5_10M.adapter_gc_rl.tsv.gz
"(55,56]",219084,GOY006.A0102.SG1.5_10M.adapter_gc_rl.tsv.gz
"(56,57]",181557,GOY006.A0102.SG1.5_10M.adapter_gc_rl.tsv.gz
"(57,58]",246992,GOY006.A0102.SG1.5_10M.adapter_gc_rl.tsv.gz
"(58,59]",219155,GOY006.A0102.SG1.5_10M.adapter_gc_rl.tsv.gz
"(59,60]",295713,GOY006.A0102.SG1.5_10M.adapter_gc_rl.tsv.gz
"(60,61]",132651,GOY006.A0102.SG1.5_10M.adapter_gc_rl.tsv.gz
"(61,62]",208904,GOY006.A0102.SG1.5_10M.adapter_gc_rl.tsv.gz
"(62,63]",190398,GOY006.A0102.SG1.5_10M.adapter_gc_rl.tsv.gz
"(63,64]",208073,GOY006.A0102.SG1.5_10M.adapter_gc_rl.tsv.gz
"(64,65]",184224,GOY006.A0102.SG1.5_10M.adapter_gc_rl.tsv.gz
"(65,66]",154543,GOY006.A0102.SG1.5_10M.adapter_gc_rl.tsv.gz
"(66,67]",220765,GOY006.A0102.SG1.5_10M.adapter_gc_rl.tsv.gz
"(67,68]",112902,GOY006.A0102.SG1.5_10M.adapter_gc_rl.tsv.gz
"(68,69]",138737,GOY006.A0102.SG1.5_10M.adapter_gc_rl.tsv.gz
"(69,70]",168001,GOY006.A0102.SG1.5_10M.adapter_gc_rl.tsv.gz
"(70,71]",101954,GOY006.A0102.SG1.5_10M.adapter_gc_rl.tsv.gz
"(71,72]",112337,GOY006.A0102.SG1.5_10M.adapter_gc_rl.tsv.gz
"(72,73]",99642,GOY006.A0102.SG1.5_10M.adapter_gc_rl.tsv.gz
"(73,74]",92506,GOY006.A0102.SG1.5_10M.adapter_gc_rl.tsv.gz
"(74,75]",123056,GOY006.A0102.SG1.5_10M.adapter_gc_rl.tsv.gz
"(75,76]",33997,GOY006.A0102.SG1.5_10M.adapter_gc_rl.tsv.gz
"(76,77]",62867,GOY006.A0102.SG1.5_10M.adapter_gc_rl.tsv.gz
"(77,78]",56592,GOY006.A0102.SG1.5_10M.adapter_gc_rl.tsv.gz
"(78,79]",44500,GOY006.A0102.SG1.5_10M.adapter_gc_rl.tsv.gz
"(79,80]",52275,GOY006.A0102.SG1.5_10M.adapter_gc_rl.tsv.gz
"(80,81]",15998,GOY006.A0102.SG1.5_10M.adapter_gc_rl.tsv.gz
"(81,82]",27415,GOY006.A0102.SG1.5_10M.adapter_gc_rl.tsv.gz
"(82,83]",17525,GOY006.A0102.SG1.5_10M.adapter_gc_rl.tsv.gz
"(83,84]",18874,GOY006.A0102.SG1.5_10M.adapter_gc_rl.tsv.gz
"(84,85]",14040,GOY006.A0102.SG1.5_10M.adapter_gc_rl.tsv.gz
"(85,86]",13174,GOY006.A0102.SG1.5_10M.adapter_gc_rl.tsv.gz
"(86,87]",7869,GOY006.A0102.SG1.5_10M.adapter_gc_rl.tsv.gz
"(87,88]",12072,GOY006.A0102.SG1.5_10M.adapter_gc_rl.tsv.gz
"(88,89]",9138,GOY006.A0102.SG1.5_10M.adapter_gc_rl.tsv.gz
"(89,90]",5279,GOY006.A0102.SG1.5_10M.adapter_gc_rl.tsv.gz
"(90,91]",3184,GOY006.A0102.SG1.5_10M.adapter_gc_rl.tsv.gz
"(91,92]",2040,GOY006.A0102.SG1.5_10M.adapter_gc_rl.tsv.gz
"(92,93]",2044,GOY006.A0102.SG1.5_10M.adapter_gc_rl.tsv.gz
"(93,94]",1401,GOY006.A0102.SG1.5_10M.adapter_gc_rl.tsv.gz
"(94,95]",1194,GOY006.A0102.SG1.5_10M.adapter_gc_rl.tsv.gz
"(95,96]",428,GOY006.A0102.SG1.5_10M.adapter_gc_rl.tsv.gz
"(96,97]",167,GOY006.A0102.SG1.5_10M.adapter_gc_rl.tsv.gz
"(97,98]",165,GOY006.A0102.SG1.5_10M.adapter_gc_rl.tsv.gz
"(98,99]",244,GOY006.A0102.SG1.5_10M.adapter_gc_rl.tsv.gz
"(99,100]",19042,GOY006.A0102.SG1.5_10M.adapter_gc_rl.tsv.gz
"[0,1]",2059,GUE001.A0101_10M.adapter_gc_rl.tsv.gz
"(1,2]",5,GUE001.A0101_10M.adapter_gc_rl.tsv.gz
"(2,3]",9,GUE001.A0101_10M.adapter_gc_rl.tsv.gz
"(3,4]",11,GUE001.A0101_10M.adapter_gc_rl.tsv.gz
"(4,5]",24,GUE001.A0101_10M.adapter_gc_rl.tsv.gz
"(5,6]",20,GUE001.A0101_10M.adapter_gc_rl.tsv.gz
"(6,7]",32,GUE001.A0101_10M.adapter_gc_rl.tsv.gz
"(7,8]",56,GUE001.A0101_10M.adapter_gc_rl.tsv.gz
"(8,9]",41,GUE001.A0101_10M.adapter_gc_rl.tsv.gz
"(9,10]",105,GUE001.A0101_10M.adapter_gc_rl.tsv.gz
"(10,11]",117,GUE001.A0101_10M.adapter_gc_rl.tsv.gz
"(11,12]",217,GUE001.A0101_10M.adapter_gc_rl.tsv.gz
"(12,13]",347,GUE001.A0101_10M.adapter_gc_rl.tsv.gz
"(13,14]",437,GUE001.A0101_10M.adapter_gc_rl.tsv.gz
"(14,15]",608,GUE001.A0101_10M.adapter_gc_rl.tsv.gz
"(15,16]",851,GUE001.A0101_10M.adapter_gc_rl.tsv.gz
"(16,17]",1281,GUE001.A0101_10M.adapter_gc_rl.tsv.gz
"(17,18]",2082,GUE001.A0101_10M.adapter_gc_rl.tsv.gz
"(18,19]",2600,GUE001.A0101_10M.adapter_gc_rl.tsv.gz
"(19,20]",4712,GUE001.A0101_10M.adapter_gc_rl.tsv.gz
"(20,21]",3466,GUE001.A0101_10M.adapter_gc_rl.tsv.gz
"(21,22]",6707,GUE001.A0101_10M.adapter_gc_rl.tsv.gz
"(22,23]",7917,GUE001.A0101_10M.adapter_gc_rl.tsv.gz
"(23,24]",11095,GUE001.A0101_10M.adapter_gc_rl.tsv.gz
"(24,25]",20430,GUE001.A0101_10M.adapter_gc_rl.tsv.gz
"(25,26]",13019,GUE001.A0101_10M.adapter_gc_rl.tsv.gz
"(26,27]",20739,GUE001.A0101_10M.adapter_gc_rl.tsv.gz
"(27,28]",27081,GUE001.A0101_10M.adapter_gc_rl.tsv.gz
"(28,29]",30653,GUE001.A0101_10M.adapter_gc_rl.tsv.gz
"(29,30]",37342,GUE001.A0101_10M.adapter_gc_rl.tsv.gz
"(30,31]",39662,GUE001.A0101_10M.adapter_gc_rl.tsv.gz
"(31,32]",50499,GUE001.A0101_10M.adapter_gc_rl.tsv.gz
"(32,33]",52299,GUE001.A0101_10M.adapter_gc_rl.tsv.gz
"(33,34]",59082,GUE001.A0101_10M.adapter_gc_rl.tsv.gz
"(34,35]",72111,GUE001.A0101_10M.adapter_gc_rl.tsv.gz
"(35,36]",81031,GUE001.A0101_10M.adapter_gc_rl.tsv.gz
"(36,37]",76255,GUE001.A0101_10M.adapter_gc_rl.tsv.gz
"(37,38]",86093,GUE001.A0101_10M.adapter_gc_rl.tsv.gz
"(38,39]",90243,GUE001.A0101_10M.adapter_gc_rl.tsv.gz
"(39,40]",129239,GUE001.A0101_10M.adapter_gc_rl.tsv.gz
"(40,41]",82587,GUE001.A0101_10M.adapter_gc_rl.tsv.gz
"(41,42]",102555,GUE001.A0101_10M.adapter_gc_rl.tsv.gz
"(42,43]",111284,GUE001.A0101_10M.adapter_gc_rl.tsv.gz
"(43,44]",120226,GUE001.A0101_10M.adapter_gc_rl.tsv.gz
"(44,45]",118940,GUE001.A0101_10M.adapter_gc_rl.tsv.gz
"(45,46]",112292,GUE001.A0101_10M.adapter_gc_rl.tsv.gz
"(46,47]",126534,GUE001.A0101_10M.adapter_gc_rl.tsv.gz
"(47,48]",142751,GUE001.A0101_10M.adapter_gc_rl.tsv.gz
"(48,49]",144010,GUE001.A0101_10M.adapter_gc_rl.tsv.gz
"(49,50]",270504,GUE001.A0101_10M.adapter_gc_rl.tsv.gz
"(50,51]",77056,GUE001.A0101_10M.adapter_gc_rl.tsv.gz
"(51,52]",196416,GUE001.A0101_10M.adapter_gc_rl.tsv.gz
"(52,53]",187515,GUE001.A0101_10M.adapter_gc_rl.tsv.gz
"(53,54]",233510,GUE001.A0101_10M.adapter_gc_rl.tsv.gz
"(54,55]",217290,GUE001.A0101_10M.adapter_gc_rl.tsv.gz
"(55,56]",329950,GUE001.A0101_10M.adapter_gc_rl.tsv.gz
"(56,57]",268407,GUE001.A0101_10M.adapter_gc_rl.tsv.gz
"(57,58]",324937,GUE001.A0101_10M.adapter_gc_rl.tsv.gz
"(58,59]",284155,GUE001.A0101_10M.adapter_gc_rl.tsv.gz
"(59,60]",413371,GUE001.A0101_10M.adapter_gc_rl.tsv.gz
"(60,61]",321205,GUE001.A0101_10M.adapter_gc_rl.tsv.gz
"(61,62]",409165,GUE001.A0101_10M.adapter_gc_rl.tsv.gz
"(62,63]",380875,GUE001.A0101_10M.adapter_gc_rl.tsv.gz
"(63,64]",453415,GUE001.A0101_10M.adapter_gc_rl.tsv.gz
"(64,65]",423214,GUE001.A0101_10M.adapter_gc_rl.tsv.gz
"(65,66]",443319,GUE001.A0101_10M.adapter_gc_rl.tsv.gz
"(66,67]",354886,GUE001.A0101_10M.adapter_gc_rl.tsv.gz
"(67,68]",437667,GUE001.A0101_10M.adapter_gc_rl.tsv.gz
"(68,69]",368307,GUE001.A0101_10M.adapter_gc_rl.tsv.gz
"(69,70]",387856,GUE001.A0101_10M.adapter_gc_rl.tsv.gz
"(70,71]",257615,GUE001.A0101_10M.adapter_gc_rl.tsv.gz
"(71,72]",309598,GUE001.A0101_10M.adapter_gc_rl.tsv.gz
"(72,73]",236317,GUE001.A0101_10M.adapter_gc_rl.tsv.gz
"(73,74]",217482,GUE001.A0101_10M.adapter_gc_rl.tsv.gz
"(74,75]",210412,GUE001.A0101_10M.adapter_gc_rl.tsv.gz
"(75,76]",98647,GUE001.A0101_10M.adapter_gc_rl.tsv.gz
"(76,77]",100837,GUE001.A0101_10M.adapter_gc_rl.tsv.gz
"(77,78]",85371,GUE001.A0101_10M.adapter_gc_rl.tsv.gz
"(78,79]",61923,GUE001.A0101_10M.adapter_gc_rl.tsv.gz
"(79,80]",47841,GUE001.A0101_10M.adapter_gc_rl.tsv.gz
"(80,81]",25379,GUE001.A0101_10M.adapter_gc_rl.tsv.gz
"(81,82]",24323,GUE001.A0101_10M.adapter_gc_rl.tsv.gz
"(82,83]",18024,GUE001.A0101_10M.adapter_gc_rl.tsv.gz
"(83,84]",12988,GUE001.A0101_10M.adapter_gc_rl.tsv.gz
"(84,85]",9224,GUE001.A0101_10M.adapter_gc_rl.tsv.gz
"(85,86]",7721,GUE001.A0101_10M.adapter_gc_rl.tsv.gz
"(86,87]",6266,GUE001.A0101_10M.adapter_gc_rl.tsv.gz
"(87,88]",4698,GUE001.A0101_10M.adapter_gc_rl.tsv.gz
"(88,89]",3408,GUE001.A0101_10M.adapter_gc_rl.tsv.gz
"(89,90]",3539,GUE001.A0101_10M.adapter_gc_rl.tsv.gz
"(90,91]",2814,GUE001.A0101_10M.adapter_gc_rl.tsv.gz
"(91,92]",2373,GUE001.A0101_10M.adapter_gc_rl.tsv.gz
"(92,93]",1982,GUE001.A0101_10M.adapter_gc_rl.tsv.gz
"(93,94]",2301,GUE001.A0101_10M.adapter_gc_rl.tsv.gz
"(94,95]",2700,GUE001.A0101_10M.adapter_gc_rl.tsv.gz
"(95,96]",2601,GUE001.A0101_10M.adapter_gc_rl.tsv.gz
"(96,97]",2229,GUE001.A0101_10M.adapter_gc_rl.tsv.gz
"(97,98]",2703,GUE001.A0101_10M.adapter_gc_rl.tsv.gz
"(98,99]",3865,GUE001.A0101_10M.adapter_gc_rl.tsv.gz
"(99,100]",27939,GUE001.A0101_10M.adapter_gc_rl.tsv.gz
"[0,1]",1550,GUE001.A0102.SG1.4_10M.adapter_gc_rl.tsv.gz
"(1,2]",40,GUE001.A0102.SG1.4_10M.adapter_gc_rl.tsv.gz
"(2,3]",163,GUE001.A0102.SG1.4_10M.adapter_gc_rl.tsv.gz
"(3,4]",476,GUE001.A0102.SG1.4_10M.adapter_gc_rl.tsv.gz
"(4,5]",606,GUE001.A0102.SG1.4_10M.adapter_gc_rl.tsv.gz
"(5,6]",549,GUE001.A0102.SG1.4_10M.adapter_gc_rl.tsv.gz
"(6,7]",694,GUE001.A0102.SG1.4_10M.adapter_gc_rl.tsv.gz
"(7,8]",1198,GUE001.A0102.SG1.4_10M.adapter_gc_rl.tsv.gz
"(8,9]",1141,GUE001.A0102.SG1.4_10M.adapter_gc_rl.tsv.gz
"(9,10]",2336,GUE001.A0102.SG1.4_10M.adapter_gc_rl.tsv.gz
"(10,11]",1651,GUE001.A0102.SG1.4_10M.adapter_gc_rl.tsv.gz
"(11,12]",3376,GUE001.A0102.SG1.4_10M.adapter_gc_rl.tsv.gz
"(12,13]",2583,GUE001.A0102.SG1.4_10M.adapter_gc_rl.tsv.gz
"(13,14]",4110,GUE001.A0102.SG1.4_10M.adapter_gc_rl.tsv.gz
"(14,15]",5438,GUE001.A0102.SG1.4_10M.adapter_gc_rl.tsv.gz
"(15,16]",5614,GUE001.A0102.SG1.4_10M.adapter_gc_rl.tsv.gz
"(16,17]",5662,GUE001.A0102.SG1.4_10M.adapter_gc_rl.tsv.gz
"(17,18]",7673,GUE001.A0102.SG1.4_10M.adapter_gc_rl.tsv.gz
"(18,19]",8324,GUE001.A0102.SG1.4_10M.adapter_gc_rl.tsv.gz
"(19,20]",14664,GUE001.A0102.SG1.4_10M.adapter_gc_rl.tsv.gz
"(20,21]",6052,GUE001.A0102.SG1.4_10M.adapter_gc_rl.tsv.gz
"(21,22]",13894,GUE001.A0102.SG1.4_10M.adapter_gc_rl.tsv.gz
"(22,23]",14174,GUE001.A0102.SG1.4_10M.adapter_gc_rl.tsv.gz
"(23,24]",21297,GUE001.A0102.SG1.4_10M.adapter_gc_rl.tsv.gz
"(24,25]",27140,GUE001.A0102.SG1.4_10M.adapter_gc_rl.tsv.gz
"(25,26]",8439,GUE001.A0102.SG1.4_10M.adapter_gc_rl.tsv.gz
"(26,27]",30533,GUE001.A0102.SG1.4_10M.adapter_gc_rl.tsv.gz
"(27,28]",33473,GUE001.A0102.SG1.4_10M.adapter_gc_rl.tsv.gz
"(28,29]",35631,GUE001.A0102.SG1.4_10M.adapter_gc_rl.tsv.gz
"(29,30]",44259,GUE001.A0102.SG1.4_10M.adapter_gc_rl.tsv.gz
"(30,31]",50239,GUE001.A0102.SG1.4_10M.adapter_gc_rl.tsv.gz
"(31,32]",77426,GUE001.A0102.SG1.4_10M.adapter_gc_rl.tsv.gz
"(32,33]",12407,GUE001.A0102.SG1.4_10M.adapter_gc_rl.tsv.gz
"(33,34]",167305,GUE001.A0102.SG1.4_10M.adapter_gc_rl.tsv.gz
"(34,35]",28455,GUE001.A0102.SG1.4_10M.adapter_gc_rl.tsv.gz
"(35,36]",191479,GUE001.A0102.SG1.4_10M.adapter_gc_rl.tsv.gz
"(36,37]",132059,GUE001.A0102.SG1.4_10M.adapter_gc_rl.tsv.gz
"(37,38]",119032,GUE001.A0102.SG1.4_10M.adapter_gc_rl.tsv.gz
"(38,39]",288007,GUE001.A0102.SG1.4_10M.adapter_gc_rl.tsv.gz
"(39,40]",260284,GUE001.A0102.SG1.4_10M.adapter_gc_rl.tsv.gz
"(40,41]",15325,GUE001.A0102.SG1.4_10M.adapter_gc_rl.tsv.gz
"(41,42]",343766,GUE001.A0102.SG1.4_10M.adapter_gc_rl.tsv.gz
"(42,43]",397541,GUE001.A0102.SG1.4_10M.adapter_gc_rl.tsv.gz
"(43,44]",184457,GUE001.A0102.SG1.4_10M.adapter_gc_rl.tsv.gz
"(44,45]",181902,GUE001.A0102.SG1.4_10M.adapter_gc_rl.tsv.gz
"(45,46]",262474,GUE001.A0102.SG1.4_10M.adapter_gc_rl.tsv.gz
"(46,47]",584821,GUE001.A0102.SG1.4_10M.adapter_gc_rl.tsv.gz
"(47,48]",266954,GUE001.A0102.SG1.4_10M.adapter_gc_rl.tsv.gz
"(48,49]",19453,GUE001.A0102.SG1.4_10M.adapter_gc_rl.tsv.gz
"(49,50]",1517592,GUE001.A0102.SG1.4_10M.adapter_gc_rl.tsv.gz
"(50,51]",7292,GUE001.A0102.SG1.4_10M.adapter_gc_rl.tsv.gz
"(51,52]",35706,GUE001.A0102.SG1.4_10M.adapter_gc_rl.tsv.gz
"(52,53]",207553,GUE001.A0102.SG1.4_10M.adapter_gc_rl.tsv.gz
"(53,54]",472001,GUE001.A0102.SG1.4_10M.adapter_gc_rl.tsv.gz
"(54,55]",406287,GUE001.A0102.SG1.4_10M.adapter_gc_rl.tsv.gz
"(55,56]",285346,GUE001.A0102.SG1.4_10M.adapter_gc_rl.tsv.gz
"(56,57]",111381,GUE001.A0102.SG1.4_10M.adapter_gc_rl.tsv.gz
"(57,58]",212134,GUE001.A0102.SG1.4_10M.adapter_gc_rl.tsv.gz
"(58,59]",349508,GUE001.A0102.SG1.4_10M.adapter_gc_rl.tsv.gz
"(59,60]",426243,GUE001.A0102.SG1.4_10M.adapter_gc_rl.tsv.gz
"(60,61]",14328,GUE001.A0102.SG1.4_10M.adapter_gc_rl.tsv.gz
"(61,62]",134497,GUE001.A0102.SG1.4_10M.adapter_gc_rl.tsv.gz
"(62,63]",159457,GUE001.A0102.SG1.4_10M.adapter_gc_rl.tsv.gz
"(63,64]",200772,GUE001.A0102.SG1.4_10M.adapter_gc_rl.tsv.gz
"(64,65]",83568,GUE001.A0102.SG1.4_10M.adapter_gc_rl.tsv.gz
"(65,66]",18651,GUE001.A0102.SG1.4_10M.adapter_gc_rl.tsv.gz
"(66,67]",399054,GUE001.A0102.SG1.4_10M.adapter_gc_rl.tsv.gz
"(67,68]",14203,GUE001.A0102.SG1.4_10M.adapter_gc_rl.tsv.gz
"(68,69]",31418,GUE001.A0102.SG1.4_10M.adapter_gc_rl.tsv.gz
"(69,70]",161538,GUE001.A0102.SG1.4_10M.adapter_gc_rl.tsv.gz
"(70,71]",14390,GUE001.A0102.SG1.4_10M.adapter_gc_rl.tsv.gz
"(71,72]",43989,GUE001.A0102.SG1.4_10M.adapter_gc_rl.tsv.gz
"(72,73]",60733,GUE001.A0102.SG1.4_10M.adapter_gc_rl.tsv.gz
"(73,74]",16136,GUE001.A0102.SG1.4_10M.adapter_gc_rl.tsv.gz
"(74,75]",138752,GUE001.A0102.SG1.4_10M.adapter_gc_rl.tsv.gz
"(75,76]",3668,GUE001.A0102.SG1.4_10M.adapter_gc_rl.tsv.gz
"(76,77]",12432,GUE001.A0102.SG1.4_10M.adapter_gc_rl.tsv.gz
"(77,78]",100608,GUE001.A0102.SG1.4_10M.adapter_gc_rl.tsv.gz
"(78,79]",7187,GUE001.A0102.SG1.4_10M.adapter_gc_rl.tsv.gz
"(79,80]",23775,GUE001.A0102.SG1.4_10M.adapter_gc_rl.tsv.gz
"(80,81]",1562,GUE001.A0102.SG1.4_10M.adapter_gc_rl.tsv.gz
"(81,82]",10409,GUE001.A0102.SG1.4_10M.adapter_gc_rl.tsv.gz
"(82,83]",1987,GUE001.A0102.SG1.4_10M.adapter_gc_rl.tsv.gz
"(83,84]",6640,GUE001.A0102.SG1.4_10M.adapter_gc_rl.tsv.gz
"(84,85]",2779,GUE001.A0102.SG1.4_10M.adapter_gc_rl.tsv.gz
"(85,86]",19518,GUE001.A0102.SG1.4_10M.adapter_gc_rl.tsv.gz
"(86,87]",1165,GUE001.A0102.SG1.4_10M.adapter_gc_rl.tsv.gz
"(87,88]",24978,GUE001.A0102.SG1.4_10M.adapter_gc_rl.tsv.gz
"(88,89]",9426,GUE001.A0102.SG1.4_10M.adapter_gc_rl.tsv.gz
"(89,90]",2819,GUE001.A0102.SG1.4_10M.adapter_gc_rl.tsv.gz
"(90,91]",1378,GUE001.A0102.SG1.4_10M.adapter_gc_rl.tsv.gz
"(91,92]",745,GUE001.A0102.SG1.4_10M.adapter_gc_rl.tsv.gz
"(92,93]",636,GUE001.A0102.SG1.4_10M.adapter_gc_rl.tsv.gz
"(93,94]",256,GUE001.A0102.SG1.4_10M.adapter_gc_rl.tsv.gz
"(94,95]",208,GUE001.A0102.SG1.4_10M.adapter_gc_rl.tsv.gz
"(95,96]",81,GUE001.A0102.SG1.4_10M.adapter_gc_rl.tsv.gz
"(96,97]",65,GUE001.A0102.SG1.4_10M.adapter_gc_rl.tsv.gz
"(97,98]",132,GUE001.A0102.SG1.4_10M.adapter_gc_rl.tsv.gz
"(98,99]",124,GUE001.A0102.SG1.4_10M.adapter_gc_rl.tsv.gz
"(99,100]",14546,GUE001.A0102.SG1.4_10M.adapter_gc_rl.tsv.gz
"[0,1]",161,PES001.B0101.SG1.3_10M.adapter_gc_rl.tsv.gz
"(1,2]",84,PES001.B0101.SG1.3_10M.adapter_gc_rl.tsv.gz
"(2,3]",61,PES001.B0101.SG1.3_10M.adapter_gc_rl.tsv.gz
"(3,4]",53,PES001.B0101.SG1.3_10M.adapter_gc_rl.tsv.gz
"(4,5]",84,PES001.B0101.SG1.3_10M.adapter_gc_rl.tsv.gz
"(5,6]",127,PES001.B0101.SG1.3_10M.adapter_gc_rl.tsv.gz
"(6,7]",145,PES001.B0101.SG1.3_10M.adapter_gc_rl.tsv.gz
"(7,8]",157,PES001.B0101.SG1.3_10M.adapter_gc_rl.tsv.gz
"(8,9]",147,PES001.B0101.SG1.3_10M.adapter_gc_rl.tsv.gz
"(9,10]",283,PES001.B0101.SG1.3_10M.adapter_gc_rl.tsv.gz
"(10,11]",321,PES001.B0101.SG1.3_10M.adapter_gc_rl.tsv.gz
"(11,12]",404,PES001.B0101.SG1.3_10M.adapter_gc_rl.tsv.gz
"(12,13]",361,PES001.B0101.SG1.3_10M.adapter_gc_rl.tsv.gz
"(13,14]",750,PES001.B0101.SG1.3_10M.adapter_gc_rl.tsv.gz
"(14,15]",958,PES001.B0101.SG1.3_10M.adapter_gc_rl.tsv.gz
"(15,16]",1362,PES001.B0101.SG1.3_10M.adapter_gc_rl.tsv.gz
"(16,17]",1226,PES001.B0101.SG1.3_10M.adapter_gc_rl.tsv.gz
"(17,18]",2580,PES001.B0101.SG1.3_10M.adapter_gc_rl.tsv.gz
"(18,19]",3422,PES001.B0101.SG1.3_10M.adapter_gc_rl.tsv.gz
"(19,20]",5158,PES001.B0101.SG1.3_10M.adapter_gc_rl.tsv.gz
"(20,21]",3772,PES001.B0101.SG1.3_10M.adapter_gc_rl.tsv.gz
"(21,22]",8205,PES001.B0101.SG1.3_10M.adapter_gc_rl.tsv.gz
"(22,23]",10440,PES001.B0101.SG1.3_10M.adapter_gc_rl.tsv.gz
"(23,24]",13761,PES001.B0101.SG1.3_10M.adapter_gc_rl.tsv.gz
"(24,25]",18590,PES001.B0101.SG1.3_10M.adapter_gc_rl.tsv.gz
"(25,26]",13649,PES001.B0101.SG1.3_10M.adapter_gc_rl.tsv.gz
"(26,27]",24383,PES001.B0101.SG1.3_10M.adapter_gc_rl.tsv.gz
"(27,28]",31629,PES001.B0101.SG1.3_10M.adapter_gc_rl.tsv.gz
"(28,29]",33408,PES001.B0101.SG1.3_10M.adapter_gc_rl.tsv.gz
"(29,30]",34049,PES001.B0101.SG1.3_10M.adapter_gc_rl.tsv.gz
"(30,31]",45635,PES001.B0101.SG1.3_10M.adapter_gc_rl.tsv.gz
"(31,32]",57897,PES001.B0101.SG1.3_10M.adapter_gc_rl.tsv.gz
"(32,33]",59531,PES001.B0101.SG1.3_10M.adapter_gc_rl.tsv.gz
"(33,34]",53976,PES001.B0101.SG1.3_10M.adapter_gc_rl.tsv.gz
"(34,35]",83266,PES001.B0101.SG1.3_10M.adapter_gc_rl.tsv.gz
"(35,36]",93848,PES001.B0101.SG1.3_10M.adapter_gc_rl.tsv.gz
"(36,37]",98781,PES001.B0101.SG1.3_10M.adapter_gc_rl.tsv.gz
"(37,38]",89120,PES001.B0101.SG1.3_10M.adapter_gc_rl.tsv.gz
"(38,39]",127620,PES001.B0101.SG1.3_10M.adapter_gc_rl.tsv.gz
"(39,40]",163473,PES001.B0101.SG1.3_10M.adapter_gc_rl.tsv.gz
"(40,41]",136807,PES001.B0101.SG1.3_10M.adapter_gc_rl.tsv.gz
"(41,42]",135981,PES001.B0101.SG1.3_10M.adapter_gc_rl.tsv.gz
"(42,43]",186925,PES001.B0101.SG1.3_10M.adapter_gc_rl.tsv.gz
"(43,44]",211567,PES001.B0101.SG1.3_10M.adapter_gc_rl.tsv.gz
"(44,45]",210874,PES001.B0101.SG1.3_10M.adapter_gc_rl.tsv.gz
"(45,46]",175995,PES001.B0101.SG1.3_10M.adapter_gc_rl.tsv.gz
"(46,47]",237337,PES001.B0101.SG1.3_10M.adapter_gc_rl.tsv.gz
"(47,48]",253689,PES001.B0101.SG1.3_10M.adapter_gc_rl.tsv.gz
"(48,49]",244159,PES001.B0101.SG1.3_10M.adapter_gc_rl.tsv.gz
"(49,50]",328820,PES001.B0101.SG1.3_10M.adapter_gc_rl.tsv.gz
"(50,51]",120969,PES001.B0101.SG1.3_10M.adapter_gc_rl.tsv.gz
"(51,52]",271135,PES001.B0101.SG1.3_10M.adapter_gc_rl.tsv.gz
"(52,53]",243809,PES001.B0101.SG1.3_10M.adapter_gc_rl.tsv.gz
"(53,54]",265459,PES001.B0101.SG1.3_10M.adapter_gc_rl.tsv.gz
"(54,55]",228007,PES001.B0101.SG1.3_10M.adapter_gc_rl.tsv.gz
"(55,56]",272212,PES001.B0101.SG1.3_10M.adapter_gc_rl.tsv.gz
"(56,57]",268525,PES001.B0101.SG1.3_10M.adapter_gc_rl.tsv.gz
"(57,58]",298515,PES001.B0101.SG1.3_10M.adapter_gc_rl.tsv.gz
"(58,59]",258908,PES001.B0101.SG1.3_10M.adapter_gc_rl.tsv.gz
"(59,60]",371084,PES001.B0101.SG1.3_10M.adapter_gc_rl.tsv.gz
"(60,61]",287362,PES001.B0101.SG1.3_10M.adapter_gc_rl.tsv.gz
"(61,62]",360993,PES001.B0101.SG1.3_10M.adapter_gc_rl.tsv.gz
"(62,63]",313240,PES001.B0101.SG1.3_10M.adapter_gc_rl.tsv.gz
"(63,64]",394916,PES001.B0101.SG1.3_10M.adapter_gc_rl.tsv.gz
"(64,65]",383617,PES001.B0101.SG1.3_10M.adapter_gc_rl.tsv.gz
"(65,66]",393818,PES001.B0101.SG1.3_10M.adapter_gc_rl.tsv.gz
"(66,67]",321305,PES001.B0101.SG1.3_10M.adapter_gc_rl.tsv.gz
"(67,68]",392133,PES001.B0101.SG1.3_10M.adapter_gc_rl.tsv.gz
"(68,69]",341893,PES001.B0101.SG1.3_10M.adapter_gc_rl.tsv.gz
"(69,70]",358505,PES001.B0101.SG1.3_10M.adapter_gc_rl.tsv.gz
"(70,71]",246008,PES001.B0101.SG1.3_10M.adapter_gc_rl.tsv.gz
"(71,72]",285412,PES001.B0101.SG1.3_10M.adapter_gc_rl.tsv.gz
"(72,73]",225351,PES001.B0101.SG1.3_10M.adapter_gc_rl.tsv.gz
"(73,74]",201497,PES001.B0101.SG1.3_10M.adapter_gc_rl.tsv.gz
"(74,75]",191537,PES001.B0101.SG1.3_10M.adapter_gc_rl.tsv.gz
"(75,76]",92729,PES001.B0101.SG1.3_10M.adapter_gc_rl.tsv.gz
"(76,77]",95974,PES001.B0101.SG1.3_10M.adapter_gc_rl.tsv.gz
"(77,78]",77657,PES001.B0101.SG1.3_10M.adapter_gc_rl.tsv.gz
"(78,79]",56254,PES001.B0101.SG1.3_10M.adapter_gc_rl.tsv.gz
"(79,80]",46339,PES001.B0101.SG1.3_10M.adapter_gc_rl.tsv.gz
"(80,81]",22631,PES001.B0101.SG1.3_10M.adapter_gc_rl.tsv.gz
"(81,82]",21404,PES001.B0101.SG1.3_10M.adapter_gc_rl.tsv.gz
"(82,83]",15475,PES001.B0101.SG1.3_10M.adapter_gc_rl.tsv.gz
"(83,84]",10839,PES001.B0101.SG1.3_10M.adapter_gc_rl.tsv.gz
"(84,85]",7560,PES001.B0101.SG1.3_10M.adapter_gc_rl.tsv.gz
"(85,86]",5143,PES001.B0101.SG1.3_10M.adapter_gc_rl.tsv.gz
"(86,87]",4096,PES001.B0101.SG1.3_10M.adapter_gc_rl.tsv.gz
"(87,88]",2860,PES001.B0101.SG1.3_10M.adapter_gc_rl.tsv.gz
"(88,89]",1934,PES001.B0101.SG1.3_10M.adapter_gc_rl.tsv.gz
"(89,90]",1610,PES001.B0101.SG1.3_10M.adapter_gc_rl.tsv.gz
"(90,91]",953,PES001.B0101.SG1.3_10M.adapter_gc_rl.tsv.gz
"(91,92]",758,PES001.B0101.SG1.3_10M.adapter_gc_rl.tsv.gz
"(92,93]",578,PES001.B0101.SG1.3_10M.adapter_gc_rl.tsv.gz
"(93,94]",517,PES001.B0101.SG1.3_10M.adapter_gc_rl.tsv.gz
"(94,95]",437,PES001.B0101.SG1.3_10M.adapter_gc_rl.tsv.gz
"(95,96]",396,PES001.B0101.SG1.3_10M.adapter_gc_rl.tsv.gz
"(96,97]",365,PES001.B0101.SG1.3_10M.adapter_gc_rl.tsv.gz
"(97,98]",437,PES001.B0101.SG1.3_10M.adapter_gc_rl.tsv.gz
"(98,99]",488,PES001.B0101.SG1.3_10M.adapter_gc_rl.tsv.gz
"(99,100]",6621,PES001.B0101.SG1.3_10M.adapter_gc_rl.tsv.gz
"[0,1]",262,PES001.B0102.SG1.5_10M.adapter_gc_rl.tsv.gz
"(1,2]",58,PES001.B0102.SG1.5_10M.adapter_gc_rl.tsv.gz
"(2,3]",120,PES001.B0102.SG1.5_10M.adapter_gc_rl.tsv.gz
"(3,4]",268,PES001.B0102.SG1.5_10M.adapter_gc_rl.tsv.gz
"(4,5]",362,PES001.B0102.SG1.5_10M.adapter_gc_rl.tsv.gz
"(5,6]",450,PES001.B0102.SG1.5_10M.adapter_gc_rl.tsv.gz
"(6,7]",630,PES001.B0102.SG1.5_10M.adapter_gc_rl.tsv.gz
"(7,8]",969,PES001.B0102.SG1.5_10M.adapter_gc_rl.tsv.gz
"(8,9]",1249,PES001.B0102.SG1.5_10M.adapter_gc_rl.tsv.gz
"(9,10]",2325,PES001.B0102.SG1.5_10M.adapter_gc_rl.tsv.gz
"(10,11]",2157,PES001.B0102.SG1.5_10M.adapter_gc_rl.tsv.gz
"(11,12]",3632,PES001.B0102.SG1.5_10M.adapter_gc_rl.tsv.gz
"(12,13]",3732,PES001.B0102.SG1.5_10M.adapter_gc_rl.tsv.gz
"(13,14]",5851,PES001.B0102.SG1.5_10M.adapter_gc_rl.tsv.gz
"(14,15]",7568,PES001.B0102.SG1.5_10M.adapter_gc_rl.tsv.gz
"(15,16]",9172,PES001.B0102.SG1.5_10M.adapter_gc_rl.tsv.gz
"(16,17]",9932,PES001.B0102.SG1.5_10M.adapter_gc_rl.tsv.gz
"(17,18]",14891,PES001.B0102.SG1.5_10M.adapter_gc_rl.tsv.gz
"(18,19]",16539,PES001.B0102.SG1.5_10M.adapter_gc_rl.tsv.gz
"(19,20]",26882,PES001.B0102.SG1.5_10M.adapter_gc_rl.tsv.gz
"(20,21]",16951,PES001.B0102.SG1.5_10M.adapter_gc_rl.tsv.gz
"(21,22]",31149,PES001.B0102.SG1.5_10M.adapter_gc_rl.tsv.gz
"(22,23]",33785,PES001.B0102.SG1.5_10M.adapter_gc_rl.tsv.gz
"(23,24]",43601,PES001.B0102.SG1.5_10M.adapter_gc_rl.tsv.gz
"(24,25]",59027,PES001.B0102.SG1.5_10M.adapter_gc_rl.tsv.gz
"(25,26]",35704,PES001.B0102.SG1.5_10M.adapter_gc_rl.tsv.gz
"(26,27]",60104,PES001.B0102.SG1.5_10M.adapter_gc_rl.tsv.gz
"(27,28]",71584,PES001.B0102.SG1.5_10M.adapter_gc_rl.tsv.gz
"(28,29]",70638,PES001.B0102.SG1.5_10M.adapter_gc_rl.tsv.gz
"(29,30]",87877,PES001.B0102.SG1.5_10M.adapter_gc_rl.tsv.gz
"(30,31]",81873,PES001.B0102.SG1.5_10M.adapter_gc_rl.tsv.gz
"(31,32]",109976,PES001.B0102.SG1.5_10M.adapter_gc_rl.tsv.gz
"(32,33]",92978,PES001.B0102.SG1.5_10M.adapter_gc_rl.tsv.gz
"(33,34]",122814,PES001.B0102.SG1.5_10M.adapter_gc_rl.tsv.gz
"(34,35]",136653,PES001.B0102.SG1.5_10M.adapter_gc_rl.tsv.gz
"(35,36]",149441,PES001.B0102.SG1.5_10M.adapter_gc_rl.tsv.gz
"(36,37]",141998,PES001.B0102.SG1.5_10M.adapter_gc_rl.tsv.gz
"(37,38]",154493,PES001.B0102.SG1.5_10M.adapter_gc_rl.tsv.gz
"(38,39]",180544,PES001.B0102.SG1.5_10M.adapter_gc_rl.tsv.gz
"(39,40]",235240,PES001.B0102.SG1.5_10M.adapter_gc_rl.tsv.gz
"(40,41]",144091,PES001.B0102.SG1.5_10M.adapter_gc_rl.tsv.gz
"(41,42]",202967,PES001.B0102.SG1.5_10M.adapter_gc_rl.tsv.gz
"(42,43]",235087,PES001.B0102.SG1.5_10M.adapter_gc_rl.tsv.gz
"(43,44]",223332,PES001.B0102.SG1.5_10M.adapter_gc_rl.tsv.gz
"(44,45]",221042,PES001.B0102.SG1.5_10M.adapter_gc_rl.tsv.gz
"(45,46]",209632,PES001.B0102.SG1.5_10M.adapter_gc_rl.tsv.gz
"(46,47]",250947,PES001.B0102.SG1.5_10M.adapter_gc_rl.tsv.gz
"(47,48]",254995,PES001.B0102.SG1.5_10M.adapter_gc_rl.tsv.gz
"(48,49]",211372,PES001.B0102.SG1.5_10M.adapter_gc_rl.tsv.gz
"(49,50]",455409,PES001.B0102.SG1.5_10M.adapter_gc_rl.tsv.gz
"(50,51]",56554,PES001.B0102.SG1.5_10M.adapter_gc_rl.tsv.gz
"(51,52]",238058,PES001.B0102.SG1.5_10M.adapter_gc_rl.tsv.gz
"(52,53]",228345,PES001.B0102.SG1.5_10M.adapter_gc_rl.tsv.gz
"(53,54]",244735,PES001.B0102.SG1.5_10M.adapter_gc_rl.tsv.gz
"(54,55]",255114,PES001.B0102.SG1.5_10M.adapter_gc_rl.tsv.gz
"(55,56]",236127,PES001.B0102.SG1.5_10M.adapter_gc_rl.tsv.gz
"(56,57]",198571,PES001.B0102.SG1.5_10M.adapter_gc_rl.tsv.gz
"(57,58]",259546,PES001.B0102.SG1.5_10M.adapter_gc_rl.tsv.gz
"(58,59]",241019,PES001.B0102.SG1.5_10M.adapter_gc_rl.tsv.gz
"(59,60]",328327,PES001.B0102.SG1.5_10M.adapter_gc_rl.tsv.gz
"(60,61]",170864,PES001.B0102.SG1.5_10M.adapter_gc_rl.tsv.gz
"(61,62]",249718,PES001.B0102.SG1.5_10M.adapter_gc_rl.tsv.gz
"(62,63]",237437,PES001.B0102.SG1.5_10M.adapter_gc_rl.tsv.gz
"(63,64]",265249,PES001.B0102.SG1.5_10M.adapter_gc_rl.tsv.gz
"(64,65]",241779,PES001.B0102.SG1.5_10M.adapter_gc_rl.tsv.gz
"(65,66]",223458,PES001.B0102.SG1.5_10M.adapter_gc_rl.tsv.gz
"(66,67]",268599,PES001.B0102.SG1.5_10M.adapter_gc_rl.tsv.gz
"(67,68]",189044,PES001.B0102.SG1.5_10M.adapter_gc_rl.tsv.gz
"(68,69]",203178,PES001.B0102.SG1.5_10M.adapter_gc_rl.tsv.gz
"(69,70]",222297,PES001.B0102.SG1.5_10M.adapter_gc_rl.tsv.gz
"(70,71]",150955,PES001.B0102.SG1.5_10M.adapter_gc_rl.tsv.gz
"(71,72]",160833,PES001.B0102.SG1.5_10M.adapter_gc_rl.tsv.gz
"(72,73]",135588,PES001.B0102.SG1.5_10M.adapter_gc_rl.tsv.gz
"(73,74]",127531,PES001.B0102.SG1.5_10M.adapter_gc_rl.tsv.gz
"(74,75]",152471,PES001.B0102.SG1.5_10M.adapter_gc_rl.tsv.gz
"(75,76]",53096,PES001.B0102.SG1.5_10M.adapter_gc_rl.tsv.gz
"(76,77]",75545,PES001.B0102.SG1.5_10M.adapter_gc_rl.tsv.gz
"(77,78]",67808,PES001.B0102.SG1.5_10M.adapter_gc_rl.tsv.gz
"(78,79]",54029,PES001.B0102.SG1.5_10M.adapter_gc_rl.tsv.gz
"(79,80]",56882,PES001.B0102.SG1.5_10M.adapter_gc_rl.tsv.gz
"(80,81]",20703,PES001.B0102.SG1.5_10M.adapter_gc_rl.tsv.gz
"(81,82]",28345,PES001.B0102.SG1.5_10M.adapter_gc_rl.tsv.gz
"(82,83]",21057,PES001.B0102.SG1.5_10M.adapter_gc_rl.tsv.gz
"(83,84]",18655,PES001.B0102.SG1.5_10M.adapter_gc_rl.tsv.gz
"(84,85]",14644,PES001.B0102.SG1.5_10M.adapter_gc_rl.tsv.gz
"(85,86]",11781,PES001.B0102.SG1.5_10M.adapter_gc_rl.tsv.gz
"(86,87]",8848,PES001.B0102.SG1.5_10M.adapter_gc_rl.tsv.gz
"(87,88]",9142,PES001.B0102.SG1.5_10M.adapter_gc_rl.tsv.gz
"(88,89]",7111,PES001.B0102.SG1.5_10M.adapter_gc_rl.tsv.gz
"(89,90]",4296,PES001.B0102.SG1.5_10M.adapter_gc_rl.tsv.gz
"(90,91]",2434,PES001.B0102.SG1.5_10M.adapter_gc_rl.tsv.gz
"(91,92]",1952,PES001.B0102.SG1.5_10M.adapter_gc_rl.tsv.gz
"(92,93]",2103,PES001.B0102.SG1.5_10M.adapter_gc_rl.tsv.gz
"(93,94]",1531,PES001.B0102.SG1.5_10M.adapter_gc_rl.tsv.gz
"(94,95]",1266,PES001.B0102.SG1.5_10M.adapter_gc_rl.tsv.gz
"(95,96]",518,PES001.B0102.SG1.5_10M.adapter_gc_rl.tsv.gz
"(96,97]",213,PES001.B0102.SG1.5_10M.adapter_gc_rl.tsv.gz
"(97,98]",207,PES001.B0102.SG1.5_10M.adapter_gc_rl.tsv.gz
"(98,99]",335,PES001.B0102.SG1.5_10M.adapter_gc_rl.tsv.gz
"(99,100]",17106,PES001.B0102.SG1.5_10M.adapter_gc_rl.tsv.gz
"[0,1]",3248,SPM002.A0101_10M.adapter_gc_rl.tsv.gz
"(1,2]",130,SPM002.A0101_10M.adapter_gc_rl.tsv.gz
"(2,3]",141,SPM002.A0101_10M.adapter_gc_rl.tsv.gz
"(3,4]",114,SPM002.A0101_10M.adapter_gc_rl.tsv.gz
"(4,5]",139,SPM002.A0101_10M.adapter_gc_rl.tsv.gz
"(5,6]",252,SPM002.A0101_10M.adapter_gc_rl.tsv.gz
"(6,7]",224,SPM002.A0101_10M.adapter_gc_rl.tsv.gz
"(7,8]",220,SPM002.A0101_10M.adapter_gc_rl.tsv.gz
"(8,9]",201,SPM002.A0101_10M.adapter_gc_rl.tsv.gz
"(9,10]",373,SPM002.A0101_10M.adapter_gc_rl.tsv.gz
"(10,11]",392,SPM002.A0101_10M.adapter_gc_rl.tsv.gz
"(11,12]",449,SPM002.A0101_10M.adapter_gc_rl.tsv.gz
"(12,13]",376,SPM002.A0101_10M.adapter_gc_rl.tsv.gz
"(13,14]",731,SPM002.A0101_10M.adapter_gc_rl.tsv.gz
"(14,15]",978,SPM002.A0101_10M.adapter_gc_rl.tsv.gz
"(15,16]",1289,SPM002.A0101_10M.adapter_gc_rl.tsv.gz
"(16,17]",1139,SPM002.A0101_10M.adapter_gc_rl.tsv.gz
"(17,18]",2765,SPM002.A0101_10M.adapter_gc_rl.tsv.gz
"(18,19]",5268,SPM002.A0101_10M.adapter_gc_rl.tsv.gz
"(19,20]",9813,SPM002.A0101_10M.adapter_gc_rl.tsv.gz
"(20,21]",5990,SPM002.A0101_10M.adapter_gc_rl.tsv.gz
"(21,22]",21657,SPM002.A0101_10M.adapter_gc_rl.tsv.gz
"(22,23]",36093,SPM002.A0101_10M.adapter_gc_rl.tsv.gz
"(23,24]",54032,SPM002.A0101_10M.adapter_gc_rl.tsv.gz
"(24,25]",71020,SPM002.A0101_10M.adapter_gc_rl.tsv.gz
"(25,26]",56625,SPM002.A0101_10M.adapter_gc_rl.tsv.gz
"(26,27]",122497,SPM002.A0101_10M.adapter_gc_rl.tsv.gz
"(27,28]",168291,SPM002.A0101_10M.adapter_gc_rl.tsv.gz
"(28,29]",165685,SPM002.A0101_10M.adapter_gc_rl.tsv.gz
"(29,30]",149826,SPM002.A0101_10M.adapter_gc_rl.tsv.gz
"(30,31]",253749,SPM002.A0101_10M.adapter_gc_rl.tsv.gz
"(31,32]",319553,SPM002.A0101_10M.adapter_gc_rl.tsv.gz
"(32,33]",293603,SPM002.A0101_10M.adapter_gc_rl.tsv.gz
"(33,34]",245864,SPM002.A0101_10M.adapter_gc_rl.tsv.gz
"(34,35]",409722,SPM002.A0101_10M.adapter_gc_rl.tsv.gz
"(35,36]",467788,SPM002.A0101_10M.adapter_gc_rl.tsv.gz
"(36,37]",417131,SPM002.A0101_10M.adapter_gc_rl.tsv.gz
"(37,38]",325853,SPM002.A0101_10M.adapter_gc_rl.tsv.gz
"(38,39]",495288,SPM002.A0101_10M.adapter_gc_rl.tsv.gz
"(39,40]",554165,SPM002.A0101_10M.adapter_gc_rl.tsv.gz
"(40,41]",394495,SPM002.A0101_10M.adapter_gc_rl.tsv.gz
"(41,42]",316716,SPM002.A0101_10M.adapter_gc_rl.tsv.gz
"(42,43]",451175,SPM002.A0101_10M.adapter_gc_rl.tsv.gz
"(43,44]",455129,SPM002.A0101_10M.adapter_gc_rl.tsv.gz
"(44,45]",369346,SPM002.A0101_10M.adapter_gc_rl.tsv.gz
"(45,46]",266864,SPM002.A0101_10M.adapter_gc_rl.tsv.gz
"(46,47]",391873,SPM002.A0101_10M.adapter_gc_rl.tsv.gz
"(47,48]",395296,SPM002.A0101_10M.adapter_gc_rl.tsv.gz
"(48,49]",318576,SPM002.A0101_10M.adapter_gc_rl.tsv.gz
"(49,50]",486689,SPM002.A0101_10M.adapter_gc_rl.tsv.gz
"(50,51]",154528,SPM002.A0101_10M.adapter_gc_rl.tsv.gz
"(51,52]",335956,SPM002.A0101_10M.adapter_gc_rl.tsv.gz
"(52,53]",278156,SPM002.A0101_10M.adapter_gc_rl.tsv.gz
"(53,54]",327259,SPM002.A0101_10M.adapter_gc_rl.tsv.gz
"(54,55]",210975,SPM002.A0101_10M.adapter_gc_rl.tsv.gz
"(55,56]",360174,SPM002.A0101_10M.adapter_gc_rl.tsv.gz
"(56,57]",239867,SPM002.A0101_10M.adapter_gc_rl.tsv.gz
"(57,58]",262211,SPM002.A0101_10M.adapter_gc_rl.tsv.gz
"(58,59]",164976,SPM002.A0101_10M.adapter_gc_rl.tsv.gz
"(59,60]",238728,SPM002.A0101_10M.adapter_gc_rl.tsv.gz
"(60,61]",151158,SPM002.A0101_10M.adapter_gc_rl.tsv.gz
"(61,62]",162104,SPM002.A0101_10M.adapter_gc_rl.tsv.gz
"(62,63]",151223,SPM002.A0101_10M.adapter_gc_rl.tsv.gz
"(63,64]",130906,SPM002.A0101_10M.adapter_gc_rl.tsv.gz
"(64,65]",98541,SPM002.A0101_10M.adapter_gc_rl.tsv.gz
"(65,66]",90836,SPM002.A0101_10M.adapter_gc_rl.tsv.gz
"(66,67]",64449,SPM002.A0101_10M.adapter_gc_rl.tsv.gz
"(67,68]",69694,SPM002.A0101_10M.adapter_gc_rl.tsv.gz
"(68,69]",49583,SPM002.A0101_10M.adapter_gc_rl.tsv.gz
"(69,70]",48151,SPM002.A0101_10M.adapter_gc_rl.tsv.gz
"(70,71]",27181,SPM002.A0101_10M.adapter_gc_rl.tsv.gz
"(71,72]",33257,SPM002.A0101_10M.adapter_gc_rl.tsv.gz
"(72,73]",23459,SPM002.A0101_10M.adapter_gc_rl.tsv.gz
"(73,74]",21450,SPM002.A0101_10M.adapter_gc_rl.tsv.gz
"(74,75]",33318,SPM002.A0101_10M.adapter_gc_rl.tsv.gz
"(75,76]",9676,SPM002.A0101_10M.adapter_gc_rl.tsv.gz
"(76,77]",11361,SPM002.A0101_10M.adapter_gc_rl.tsv.gz
"(77,78]",10641,SPM002.A0101_10M.adapter_gc_rl.tsv.gz
"(78,79]",8668,SPM002.A0101_10M.adapter_gc_rl.tsv.gz
"(79,80]",7800,SPM002.A0101_10M.adapter_gc_rl.tsv.gz
"(80,81]",4358,SPM002.A0101_10M.adapter_gc_rl.tsv.gz
"(81,82]",5287,SPM002.A0101_10M.adapter_gc_rl.tsv.gz
"(82,83]",4343,SPM002.A0101_10M.adapter_gc_rl.tsv.gz
"(83,84]",3601,SPM002.A0101_10M.adapter_gc_rl.tsv.gz
"(84,85]",2953,SPM002.A0101_10M.adapter_gc_rl.tsv.gz
"(85,86]",3243,SPM002.A0101_10M.adapter_gc_rl.tsv.gz
"(86,87]",2465,SPM002.A0101_10M.adapter_gc_rl.tsv.gz
"(87,88]",2077,SPM002.A0101_10M.adapter_gc_rl.tsv.gz
"(88,89]",1765,SPM002.A0101_10M.adapter_gc_rl.tsv.gz
"(89,90]",2056,SPM002.A0101_10M.adapter_gc_rl.tsv.gz
"(90,91]",1740,SPM002.A0101_10M.adapter_gc_rl.tsv.gz
"(91,92]",1746,SPM002.A0101_10M.adapter_gc_rl.tsv.gz
"(92,93]",1550,SPM002.A0101_10M.adapter_gc_rl.tsv.gz
"(93,94]",2009,SPM002.A0101_10M.adapter_gc_rl.tsv.gz
"(94,95]",2351,SPM002.A0101_10M.adapter_gc_rl.tsv.gz
"(95,96]",2408,SPM002.A0101_10M.adapter_gc_rl.tsv.gz
"(96,97]",2314,SPM002.A0101_10M.adapter_gc_rl.tsv.gz
"(97,98]",2740,SPM002.A0101_10M.adapter_gc_rl.tsv.gz
"(98,99]",3707,SPM002.A0101_10M.adapter_gc_rl.tsv.gz
"(99,100]",29286,SPM002.A0101_10M.adapter_gc_rl.tsv.gz
"[0,1]",1332,SPM002.A0103.SG1.4_10M.adapter_gc_rl.tsv.gz
"(1,2]",105,SPM002.A0103.SG1.4_10M.adapter_gc_rl.tsv.gz
"(2,3]",317,SPM002.A0103.SG1.4_10M.adapter_gc_rl.tsv.gz
"(3,4]",734,SPM002.A0103.SG1.4_10M.adapter_gc_rl.tsv.gz
"(4,5]",937,SPM002.A0103.SG1.4_10M.adapter_gc_rl.tsv.gz
"(5,6]",779,SPM002.A0103.SG1.4_10M.adapter_gc_rl.tsv.gz
"(6,7]",1172,SPM002.A0103.SG1.4_10M.adapter_gc_rl.tsv.gz
"(7,8]",1877,SPM002.A0103.SG1.4_10M.adapter_gc_rl.tsv.gz
"(8,9]",1919,SPM002.A0103.SG1.4_10M.adapter_gc_rl.tsv.gz
"(9,10]",4320,SPM002.A0103.SG1.4_10M.adapter_gc_rl.tsv.gz
"(10,11]",3428,SPM002.A0103.SG1.4_10M.adapter_gc_rl.tsv.gz
"(11,12]",6720,SPM002.A0103.SG1.4_10M.adapter_gc_rl.tsv.gz
"(12,13]",5588,SPM002.A0103.SG1.4_10M.adapter_gc_rl.tsv.gz
"(13,14]",9899,SPM002.A0103.SG1.4_10M.adapter_gc_rl.tsv.gz
"(14,15]",13638,SPM002.A0103.SG1.4_10M.adapter_gc_rl.tsv.gz
"(15,16]",15876,SPM002.A0103.SG1.4_10M.adapter_gc_rl.tsv.gz
"(16,17]",15678,SPM002.A0103.SG1.4_10M.adapter_gc_rl.tsv.gz
"(17,18]",24383,SPM002.A0103.SG1.4_10M.adapter_gc_rl.tsv.gz
"(18,19]",28227,SPM002.A0103.SG1.4_10M.adapter_gc_rl.tsv.gz
"(19,20]",49074,SPM002.A0103.SG1.4_10M.adapter_gc_rl.tsv.gz
"(20,21]",22936,SPM002.A0103.SG1.4_10M.adapter_gc_rl.tsv.gz
"(21,22]",53049,SPM002.A0103.SG1.4_10M.adapter_gc_rl.tsv.gz
"(22,23]",57092,SPM002.A0103.SG1.4_10M.adapter_gc_rl.tsv.gz
"(23,24]",79970,SPM002.A0103.SG1.4_10M.adapter_gc_rl.tsv.gz
"(24,25]",100100,SPM002.A0103.SG1.4_10M.adapter_gc_rl.tsv.gz
"(25,26]",43166,SPM002.A0103.SG1.4_10M.adapter_gc_rl.tsv.gz
"(26,27]",108251,SPM002.A0103.SG1.4_10M.adapter_gc_rl.tsv.gz
"(27,28]",118435,SPM002.A0103.SG1.4_10M.adapter_gc_rl.tsv.gz
"(28,29]",112366,SPM002.A0103.SG1.4_10M.adapter_gc_rl.tsv.gz
"(29,30]",133243,SPM002.A0103.SG1.4_10M.adapter_gc_rl.tsv.gz
"(30,31]",128974,SPM002.A0103.SG1.4_10M.adapter_gc_rl.tsv.gz
"(31,32]",185698,SPM002.A0103.SG1.4_10M.adapter_gc_rl.tsv.gz
"(32,33]",92989,SPM002.A0103.SG1.4_10M.adapter_gc_rl.tsv.gz
"(33,34]",244365,SPM002.A0103.SG1.4_10M.adapter_gc_rl.tsv.gz
"(34,35]",146703,SPM002.A0103.SG1.4_10M.adapter_gc_rl.tsv.gz
"(35,36]",265288,SPM002.A0103.SG1.4_10M.adapter_gc_rl.tsv.gz
"(36,37]",204848,SPM002.A0103.SG1.4_10M.adapter_gc_rl.tsv.gz
"(37,38]",188023,SPM002.A0103.SG1.4_10M.adapter_gc_rl.tsv.gz
"(38,39]",329039,SPM002.A0103.SG1.4_10M.adapter_gc_rl.tsv.gz
"(39,40]",325754,SPM002.A0103.SG1.4_10M.adapter_gc_rl.tsv.gz
"(40,41]",86068,SPM002.A0103.SG1.4_10M.adapter_gc_rl.tsv.gz
"(41,42]",332245,SPM002.A0103.SG1.4_10M.adapter_gc_rl.tsv.gz
"(42,43]",383628,SPM002.A0103.SG1.4_10M.adapter_gc_rl.tsv.gz
"(43,44]",219396,SPM002.A0103.SG1.4_10M.adapter_gc_rl.tsv.gz
"(44,45]",205888,SPM002.A0103.SG1.4_10M.adapter_gc_rl.tsv.gz
"(45,46]",246953,SPM002.A0103.SG1.4_10M.adapter_gc_rl.tsv.gz
"(46,47]",487137,SPM002.A0103.SG1.4_10M.adapter_gc_rl.tsv.gz
"(47,48]",265638,SPM002.A0103.SG1.4_10M.adapter_gc_rl.tsv.gz
"(48,49]",63903,SPM002.A0103.SG1.4_10M.adapter_gc_rl.tsv.gz
"(49,50]",1154110,SPM002.A0103.SG1.4_10M.adapter_gc_rl.tsv.gz
"(50,51]",13416,SPM002.A0103.SG1.4_10M.adapter_gc_rl.tsv.gz
"(51,52]",69052,SPM002.A0103.SG1.4_10M.adapter_gc_rl.tsv.gz
"(52,53]",189778,SPM002.A0103.SG1.4_10M.adapter_gc_rl.tsv.gz
"(53,54]",373292,SPM002.A0103.SG1.4_10M.adapter_gc_rl.tsv.gz
"(54,55]",326187,SPM002.A0103.SG1.4_10M.adapter_gc_rl.tsv.gz
"(55,56]",232252,SPM002.A0103.SG1.4_10M.adapter_gc_rl.tsv.gz
"(56,57]",107092,SPM002.A0103.SG1.4_10M.adapter_gc_rl.tsv.gz
"(57,58]",183532,SPM002.A0103.SG1.4_10M.adapter_gc_rl.tsv.gz
"(58,59]",275109,SPM002.A0103.SG1.4_10M.adapter_gc_rl.tsv.gz
"(59,60]",330871,SPM002.A0103.SG1.4_10M.adapter_gc_rl.tsv.gz
"(60,61]",20957,SPM002.A0103.SG1.4_10M.adapter_gc_rl.tsv.gz
"(61,62]",118960,SPM002.A0103.SG1.4_10M.adapter_gc_rl.tsv.gz
"(62,63]",122009,SPM002.A0103.SG1.4_10M.adapter_gc_rl.tsv.gz
"(63,64]",157535,SPM002.A0103.SG1.4_10M.adapter_gc_rl.tsv.gz
"(64,65]",72919,SPM002.A0103.SG1.4_10M.adapter_gc_rl.tsv.gz
"(65,66]",16385,SPM002.A0103.SG1.4_10M.adapter_gc_rl.tsv.gz
"(66,67]",292651,SPM002.A0103.SG1.4_10M.adapter_gc_rl.tsv.gz
"(67,68]",9804,SPM002.A0103.SG1.4_10M.adapter_gc_rl.tsv.gz
"(68,69]",26519,SPM002.A0103.SG1.4_10M.adapter_gc_rl.tsv.gz
"(69,70]",121021,SPM002.A0103.SG1.4_10M.adapter_gc_rl.tsv.gz
"(70,71]",11375,SPM002.A0103.SG1.4_10M.adapter_gc_rl.tsv.gz
"(71,72]",32402,SPM002.A0103.SG1.4_10M.adapter_gc_rl.tsv.gz
"(72,73]",46951,SPM002.A0103.SG1.4_10M.adapter_gc_rl.tsv.gz
"(73,74]",13020,SPM002.A0103.SG1.4_10M.adapter_gc_rl.tsv.gz
"(74,75]",100362,SPM002.A0103.SG1.4_10M.adapter_gc_rl.tsv.gz
"(75,76]",2026,SPM002.A0103.SG1.4_10M.adapter_gc_rl.tsv.gz
"(76,77]",11052,SPM002.A0103.SG1.4_10M.adapter_gc_rl.tsv.gz
"(77,78]",72670,SPM002.A0103.SG1.4_10M.adapter_gc_rl.tsv.gz
"(78,79]",6104,SPM002.A0103.SG1.4_10M.adapter_gc_rl.tsv.gz
"(79,80]",19157,SPM002.A0103.SG1.4_10M.adapter_gc_rl.tsv.gz
"(80,81]",1254,SPM002.A0103.SG1.4_10M.adapter_gc_rl.tsv.gz
"(81,82]",9105,SPM002.A0103.SG1.4_10M.adapter_gc_rl.tsv.gz
"(82,83]",1699,SPM002.A0103.SG1.4_10M.adapter_gc_rl.tsv.gz
"(83,84]",5464,SPM002.A0103.SG1.4_10M.adapter_gc_rl.tsv.gz
"(84,85]",2646,SPM002.A0103.SG1.4_10M.adapter_gc_rl.tsv.gz
"(85,86]",13672,SPM002.A0103.SG1.4_10M.adapter_gc_rl.tsv.gz
"(86,87]",1070,SPM002.A0103.SG1.4_10M.adapter_gc_rl.tsv.gz
"(87,88]",17980,SPM002.A0103.SG1.4_10M.adapter_gc_rl.tsv.gz
"(88,89]",7045,SPM002.A0103.SG1.4_10M.adapter_gc_rl.tsv.gz
"(89,90]",2345,SPM002.A0103.SG1.4_10M.adapter_gc_rl.tsv.gz
"(90,91]",1324,SPM002.A0103.SG1.4_10M.adapter_gc_rl.tsv.gz
"(91,92]",768,SPM002.A0103.SG1.4_10M.adapter_gc_rl.tsv.gz
"(92,93]",701,SPM002.A0103.SG1.4_10M.adapter_gc_rl.tsv.gz
"(93,94]",379,SPM002.A0103.SG1.4_10M.adapter_gc_rl.tsv.gz
"(94,95]",329,SPM002.A0103.SG1.4_10M.adapter_gc_rl.tsv.gz
"(95,96]",174,SPM002.A0103.SG1.4_10M.adapter_gc_rl.tsv.gz
"(96,97]",139,SPM002.A0103.SG1.4_10M.adapter_gc_rl.tsv.gz
"(97,98]",237,SPM002.A0103.SG1.4_10M.adapter_gc_rl.tsv.gz
"(98,99]",271,SPM002.A0103.SG1.4_10M.adapter_gc_rl.tsv.gz
"(99,100]",17428,SPM002.A0103.SG1.4_10M.adapter_gc_rl.tsv.gz
"[0,1]",903,VLD001.A0101_10M.adapter_gc_rl.tsv.gz
"(1,2]",15,VLD001.A0101_10M.adapter_gc_rl.tsv.gz
"(2,3]",9,VLD001.A0101_10M.adapter_gc_rl.tsv.gz
"(3,4]",20,VLD001.A0101_10M.adapter_gc_rl.tsv.gz
"(4,5]",30,VLD001.A0101_10M.adapter_gc_rl.tsv.gz
"(5,6]",49,VLD001.A0101_10M.adapter_gc_rl.tsv.gz
"(6,7]",48,VLD001.A0101_10M.adapter_gc_rl.tsv.gz
"(7,8]",57,VLD001.A0101_10M.adapter_gc_rl.tsv.gz
"(8,9]",51,VLD001.A0101_10M.adapter_gc_rl.tsv.gz
"(9,10]",137,VLD001.A0101_10M.adapter_gc_rl.tsv.gz
"(10,11]",154,VLD001.A0101_10M.adapter_gc_rl.tsv.gz
"(11,12]",267,VLD001.A0101_10M.adapter_gc_rl.tsv.gz
"(12,13]",443,VLD001.A0101_10M.adapter_gc_rl.tsv.gz
"(13,14]",795,VLD001.A0101_10M.adapter_gc_rl.tsv.gz
"(14,15]",1143,VLD001.A0101_10M.adapter_gc_rl.tsv.gz
"(15,16]",1759,VLD001.A0101_10M.adapter_gc_rl.tsv.gz
"(16,17]",2524,VLD001.A0101_10M.adapter_gc_rl.tsv.gz
"(17,18]",4224,VLD001.A0101_10M.adapter_gc_rl.tsv.gz
"(18,19]",5697,VLD001.A0101_10M.adapter_gc_rl.tsv.gz
"(19,20]",10435,VLD001.A0101_10M.adapter_gc_rl.tsv.gz
"(20,21]",9485,VLD001.A0101_10M.adapter_gc_rl.tsv.gz
"(21,22]",16597,VLD001.A0101_10M.adapter_gc_rl.tsv.gz
"(22,23]",21001,VLD001.A0101_10M.adapter_gc_rl.tsv.gz
"(23,24]",28967,VLD001.A0101_10M.adapter_gc_rl.tsv.gz
"(24,25]",44225,VLD001.A0101_10M.adapter_gc_rl.tsv.gz
"(25,26]",36248,VLD001.A0101_10M.adapter_gc_rl.tsv.gz
"(26,27]",54135,VLD001.A0101_10M.adapter_gc_rl.tsv.gz
"(27,28]",69825,VLD001.A0101_10M.adapter_gc_rl.tsv.gz
"(28,29]",77415,VLD001.A0101_10M.adapter_gc_rl.tsv.gz
"(29,30]",98580,VLD001.A0101_10M.adapter_gc_rl.tsv.gz
"(30,31]",98109,VLD001.A0101_10M.adapter_gc_rl.tsv.gz
"(31,32]",125693,VLD001.A0101_10M.adapter_gc_rl.tsv.gz
"(32,33]",129851,VLD001.A0101_10M.adapter_gc_rl.tsv.gz
"(33,34]",142503,VLD001.A0101_10M.adapter_gc_rl.tsv.gz
"(34,35]",168876,VLD001.A0101_10M.adapter_gc_rl.tsv.gz
"(35,36]",172297,VLD001.A0101_10M.adapter_gc_rl.tsv.gz
"(36,37]",172931,VLD001.A0101_10M.adapter_gc_rl.tsv.gz
"(37,38]",191532,VLD001.A0101_10M.adapter_gc_rl.tsv.gz
"(38,39]",190062,VLD001.A0101_10M.adapter_gc_rl.tsv.gz
"(39,40]",240595,VLD001.A0101_10M.adapter_gc_rl.tsv.gz
"(40,41]",160642,VLD001.A0101_10M.adapter_gc_rl.tsv.gz
"(41,42]",207472,VLD001.A0101_10M.adapter_gc_rl.tsv.gz
"(42,43]",203841,VLD001.A0101_10M.adapter_gc_rl.tsv.gz
"(43,44]",212800,VLD001.A0101_10M.adapter_gc_rl.tsv.gz
"(44,45]",208212,VLD001.A0101_10M.adapter_gc_rl.tsv.gz
"(45,46]",199704,VLD001.A0101_10M.adapter_gc_rl.tsv.gz
"(46,47]",201360,VLD001.A0101_10M.adapter_gc_rl.tsv.gz
"(47,48]",215325,VLD001.A0101_10M.adapter_gc_rl.tsv.gz
"(48,49]",227720,VLD001.A0101_10M.adapter_gc_rl.tsv.gz
"(49,50]",322150,VLD001.A0101_10M.adapter_gc_rl.tsv.gz
"(50,51]",68079,VLD001.A0101_10M.adapter_gc_rl.tsv.gz
"(51,52]",265259,VLD001.A0101_10M.adapter_gc_rl.tsv.gz
"(52,53]",208607,VLD001.A0101_10M.adapter_gc_rl.tsv.gz
"(53,54]",235797,VLD001.A0101_10M.adapter_gc_rl.tsv.gz
"(54,55]",245845,VLD001.A0101_10M.adapter_gc_rl.tsv.gz
"(55,56]",251858,VLD001.A0101_10M.adapter_gc_rl.tsv.gz
"(56,57]",225333,VLD001.A0101_10M.adapter_gc_rl.tsv.gz
"(57,58]",264752,VLD001.A0101_10M.adapter_gc_rl.tsv.gz
"(58,59]",250901,VLD001.A0101_10M.adapter_gc_rl.tsv.gz
"(59,60]",319289,VLD001.A0101_10M.adapter_gc_rl.tsv.gz
"(60,61]",199055,VLD001.A0101_10M.adapter_gc_rl.tsv.gz
"(61,62]",254426,VLD001.A0101_10M.adapter_gc_rl.tsv.gz
"(62,63]",257347,VLD001.A0101_10M.adapter_gc_rl.tsv.gz
"(63,64]",258576,VLD001.A0101_10M.adapter_gc_rl.tsv.gz
"(64,65]",236929,VLD001.A0101_10M.adapter_gc_rl.tsv.gz
"(65,66]",240880,VLD001.A0101_10M.adapter_gc_rl.tsv.gz
"(66,67]",223721,VLD001.A0101_10M.adapter_gc_rl.tsv.gz
"(67,68]",208829,VLD001.A0101_10M.adapter_gc_rl.tsv.gz
"(68,69]",184821,VLD001.A0101_10M.adapter_gc_rl.tsv.gz
"(69,70]",203787,VLD001.A0101_10M.adapter_gc_rl.tsv.gz
"(70,71]",151557,VLD001.A0101_10M.adapter_gc_rl.tsv.gz
"(71,72]",158159,VLD001.A0101_10M.adapter_gc_rl.tsv.gz
"(72,73]",125917,VLD001.A0101_10M.adapter_gc_rl.tsv.gz
"(73,74]",121157,VLD001.A0101_10M.adapter_gc_rl.tsv.gz
"(74,75]",137747,VLD001.A0101_10M.adapter_gc_rl.tsv.gz
"(75,76]",63177,VLD001.A0101_10M.adapter_gc_rl.tsv.gz
"(76,77]",71469,VLD001.A0101_10M.adapter_gc_rl.tsv.gz
"(77,78]",60486,VLD001.A0101_10M.adapter_gc_rl.tsv.gz
"(78,79]",53108,VLD001.A0101_10M.adapter_gc_rl.tsv.gz
"(79,80]",53474,VLD001.A0101_10M.adapter_gc_rl.tsv.gz
"(80,81]",25016,VLD001.A0101_10M.adapter_gc_rl.tsv.gz
"(81,82]",26328,VLD001.A0101_10M.adapter_gc_rl.tsv.gz
"(82,83]",22473,VLD001.A0101_10M.adapter_gc_rl.tsv.gz
"(83,84]",18586,VLD001.A0101_10M.adapter_gc_rl.tsv.gz
"(84,85]",13091,VLD001.A0101_10M.adapter_gc_rl.tsv.gz
"(85,86]",9603,VLD001.A0101_10M.adapter_gc_rl.tsv.gz
"(86,87]",9062,VLD001.A0101_10M.adapter_gc_rl.tsv.gz
"(87,88]",6787,VLD001.A0101_10M.adapter_gc_rl.tsv.gz
"(88,89]",5263,VLD001.A0101_10M.adapter_gc_rl.tsv.gz
"(89,90]",4388,VLD001.A0101_10M.adapter_gc_rl.tsv.gz
"(90,91]",2961,VLD001.A0101_10M.adapter_gc_rl.tsv.gz
"(91,92]",2652,VLD001.A0101_10M.adapter_gc_rl.tsv.gz
"(92,93]",1860,VLD001.A0101_10M.adapter_gc_rl.tsv.gz
"(93,94]",2090,VLD001.A0101_10M.adapter_gc_rl.tsv.gz
"(94,95]",2296,VLD001.A0101_10M.adapter_gc_rl.tsv.gz
"(95,96]",1974,VLD001.A0101_10M.adapter_gc_rl.tsv.gz
"(96,97]",1583,VLD001.A0101_10M.adapter_gc_rl.tsv.gz
"(97,98]",1670,VLD001.A0101_10M.adapter_gc_rl.tsv.gz
"(98,99]",2177,VLD001.A0101_10M.adapter_gc_rl.tsv.gz
"(99,100]",10436,VLD001.A0101_10M.adapter_gc_rl.tsv.gz
"[0,1]",567,VLD001.A0102.SG1.2_10M.adapter_gc_rl.tsv.gz
"(1,2]",35,VLD001.A0102.SG1.2_10M.adapter_gc_rl.tsv.gz
"(2,3]",256,VLD001.A0102.SG1.2_10M.adapter_gc_rl.tsv.gz
"(3,4]",811,VLD001.A0102.SG1.2_10M.adapter_gc_rl.tsv.gz
"(4,5]",997,VLD001.A0102.SG1.2_10M.adapter_gc_rl.tsv.gz
"(5,6]",945,VLD001.A0102.SG1.2_10M.adapter_gc_rl.tsv.gz
"(6,7]",1346,VLD001.A0102.SG1.2_10M.adapter_gc_rl.tsv.gz
"(7,8]",2340,VLD001.A0102.SG1.2_10M.adapter_gc_rl.tsv.gz
"(8,9]",2711,VLD001.A0102.SG1.2_10M.adapter_gc_rl.tsv.gz
"(9,10]",5529,VLD001.A0102.SG1.2_10M.adapter_gc_rl.tsv.gz
"(10,11]",4271,VLD001.A0102.SG1.2_10M.adapter_gc_rl.tsv.gz
"(11,12]",8473,VLD001.A0102.SG1.2_10M.adapter_gc_rl.tsv.gz
"(12,13]",7681,VLD001.A0102.SG1.2_10M.adapter_gc_rl.tsv.gz
"(13,14]",12226,VLD001.A0102.SG1.2_10M.adapter_gc_rl.tsv.gz
"(14,15]",16171,VLD001.A0102.SG1.2_10M.adapter_gc_rl.tsv.gz
"(15,16]",18112,VLD001.A0102.SG1.2_10M.adapter_gc_rl.tsv.gz
"(16,17]",19678,VLD001.A0102.SG1.2_10M.adapter_gc_rl.tsv.gz
"(17,18]",28177,VLD001.A0102.SG1.2_10M.adapter_gc_rl.tsv.gz
"(18,19]",29732,VLD001.A0102.SG1.2_10M.adapter_gc_rl.tsv.gz
"(19,20]",53182,VLD001.A0102.SG1.2_10M.adapter_gc_rl.tsv.gz
"(20,21]",28419,VLD001.A0102.SG1.2_10M.adapter_gc_rl.tsv.gz
"(21,22]",54421,VLD001.A0102.SG1.2_10M.adapter_gc_rl.tsv.gz
"(22,23]",55315,VLD001.A0102.SG1.2_10M.adapter_gc_rl.tsv.gz
"(23,24]",77808,VLD001.A0102.SG1.2_10M.adapter_gc_rl.tsv.gz
"(24,25]",102863,VLD001.A0102.SG1.2_10M.adapter_gc_rl.tsv.gz
"(25,26]",50398,VLD001.A0102.SG1.2_10M.adapter_gc_rl.tsv.gz
"(26,27]",100330,VLD001.A0102.SG1.2_10M.adapter_gc_rl.tsv.gz
"(27,28]",112589,VLD001.A0102.SG1.2_10M.adapter_gc_rl.tsv.gz
"(28,29]",105099,VLD001.A0102.SG1.2_10M.adapter_gc_rl.tsv.gz
"(29,30]",148388,VLD001.A0102.SG1.2_10M.adapter_gc_rl.tsv.gz
"(30,31]",113201,VLD001.A0102.SG1.2_10M.adapter_gc_rl.tsv.gz
"(31,32]",169187,VLD001.A0102.SG1.2_10M.adapter_gc_rl.tsv.gz
"(32,33]",99410,VLD001.A0102.SG1.2_10M.adapter_gc_rl.tsv.gz
"(33,34]",211303,VLD001.A0102.SG1.2_10M.adapter_gc_rl.tsv.gz
"(34,35]",171525,VLD001.A0102.SG1.2_10M.adapter_gc_rl.tsv.gz
"(35,36]",200631,VLD001.A0102.SG1.2_10M.adapter_gc_rl.tsv.gz
"(36,37]",172575,VLD001.A0102.SG1.2_10M.adapter_gc_rl.tsv.gz
"(37,38]",190757,VLD001.A0102.SG1.2_10M.adapter_gc_rl.tsv.gz
"(38,39]",230676,VLD001.A0102.SG1.2_10M.adapter_gc_rl.tsv.gz
"(39,40]",277348,VLD001.A0102.SG1.2_10M.adapter_gc_rl.tsv.gz
"(40,41]",111651,VLD001.A0102.SG1.2_10M.adapter_gc_rl.tsv.gz
"(41,42]",242229,VLD001.A0102.SG1.2_10M.adapter_gc_rl.tsv.gz
"(42,43]",273568,VLD001.A0102.SG1.2_10M.adapter_gc_rl.tsv.gz
"(43,44]",199851,VLD001.A0102.SG1.2_10M.adapter_gc_rl.tsv.gz
"(44,45]",200582,VLD001.A0102.SG1.2_10M.adapter_gc_rl.tsv.gz
"(45,46]",202328,VLD001.A0102.SG1.2_10M.adapter_gc_rl.tsv.gz
"(46,47]",286470,VLD001.A0102.SG1.2_10M.adapter_gc_rl.tsv.gz
"(47,48]",253237,VLD001.A0102.SG1.2_10M.adapter_gc_rl.tsv.gz
"(48,49]",132953,VLD001.A0102.SG1.2_10M.adapter_gc_rl.tsv.gz
"(49,50]",650212,VLD001.A0102.SG1.2_10M.adapter_gc_rl.tsv.gz
"(50,51]",14326,VLD001.A0102.SG1.2_10M.adapter_gc_rl.tsv.gz
"(51,52]",158614,VLD001.A0102.SG1.2_10M.adapter_gc_rl.tsv.gz
"(52,53]",217552,VLD001.A0102.SG1.2_10M.adapter_gc_rl.tsv.gz
"(53,54]",262155,VLD001.A0102.SG1.2_10M.adapter_gc_rl.tsv.gz
"(54,55]",265672,VLD001.A0102.SG1.2_10M.adapter_gc_rl.tsv.gz
"(55,56]",209594,VLD001.A0102.SG1.2_10M.adapter_gc_rl.tsv.gz
"(56,57]",146934,VLD001.A0102.SG1.2_10M.adapter_gc_rl.tsv.gz
"(57,58]",223968,VLD001.A0102.SG1.2_10M.adapter_gc_rl.tsv.gz
"(58,59]",232210,VLD001.A0102.SG1.2_10M.adapter_gc_rl.tsv.gz
"(59,60]",305527,VLD001.A0102.SG1.2_10M.adapter_gc_rl.tsv.gz
"(60,61]",85275,VLD001.A0102.SG1.2_10M.adapter_gc_rl.tsv.gz
"(61,62]",183790,VLD001.A0102.SG1.2_10M.adapter_gc_rl.tsv.gz
"(62,63]",168529,VLD001.A0102.SG1.2_10M.adapter_gc_rl.tsv.gz
"(63,64]",194641,VLD001.A0102.SG1.2_10M.adapter_gc_rl.tsv.gz
"(64,65]",161455,VLD001.A0102.SG1.2_10M.adapter_gc_rl.tsv.gz
"(65,66]",104390,VLD001.A0102.SG1.2_10M.adapter_gc_rl.tsv.gz
"(66,67]",264434,VLD001.A0102.SG1.2_10M.adapter_gc_rl.tsv.gz
"(67,68]",75617,VLD001.A0102.SG1.2_10M.adapter_gc_rl.tsv.gz
"(68,69]",116678,VLD001.A0102.SG1.2_10M.adapter_gc_rl.tsv.gz
"(69,70]",163760,VLD001.A0102.SG1.2_10M.adapter_gc_rl.tsv.gz
"(70,71]",80166,VLD001.A0102.SG1.2_10M.adapter_gc_rl.tsv.gz
"(71,72]",97369,VLD001.A0102.SG1.2_10M.adapter_gc_rl.tsv.gz
"(72,73]",92559,VLD001.A0102.SG1.2_10M.adapter_gc_rl.tsv.gz
"(73,74]",82135,VLD001.A0102.SG1.2_10M.adapter_gc_rl.tsv.gz
"(74,75]",132460,VLD001.A0102.SG1.2_10M.adapter_gc_rl.tsv.gz
"(75,76]",25785,VLD001.A0102.SG1.2_10M.adapter_gc_rl.tsv.gz
"(76,77]",60299,VLD001.A0102.SG1.2_10M.adapter_gc_rl.tsv.gz
"(77,78]",71367,VLD001.A0102.SG1.2_10M.adapter_gc_rl.tsv.gz
"(78,79]",43919,VLD001.A0102.SG1.2_10M.adapter_gc_rl.tsv.gz
"(79,80]",55181,VLD001.A0102.SG1.2_10M.adapter_gc_rl.tsv.gz
"(80,81]",14515,VLD001.A0102.SG1.2_10M.adapter_gc_rl.tsv.gz
"(81,82]",30185,VLD001.A0102.SG1.2_10M.adapter_gc_rl.tsv.gz
"(82,83]",17664,VLD001.A0102.SG1.2_10M.adapter_gc_rl.tsv.gz
"(83,84]",21969,VLD001.A0102.SG1.2_10M.adapter_gc_rl.tsv.gz
"(84,85]",17028,VLD001.A0102.SG1.2_10M.adapter_gc_rl.tsv.gz
"(85,86]",18828,VLD001.A0102.SG1.2_10M.adapter_gc_rl.tsv.gz
"(86,87]",9494,VLD001.A0102.SG1.2_10M.adapter_gc_rl.tsv.gz
"(87,88]",18795,VLD001.A0102.SG1.2_10M.adapter_gc_rl.tsv.gz
"(88,89]",12676,VLD001.A0102.SG1.2_10M.adapter_gc_rl.tsv.gz
"(89,90]",7092,VLD001.A0102.SG1.2_10M.adapter_gc_rl.tsv.gz
"(90,91]",4390,VLD001.A0102.SG1.2_10M.adapter_gc_rl.tsv.gz
"(91,92]",3425,VLD001.A0102.SG1.2_10M.adapter_gc_rl.tsv.gz
"(92,93]",3794,VLD001.A0102.SG1.2_10M.adapter_gc_rl.tsv.gz
"(93,94]",2197,VLD001.A0102.SG1.2_10M.adapter_gc_rl.tsv.gz
"(94,95]",1671,VLD001.A0102.SG1.2_10M.adapter_gc_rl.tsv.gz
"(95,96]",628,VLD001.A0102.SG1.2_10M.adapter_gc_rl.tsv.gz
"(96,97]",213,VLD001.A0102.SG1.2_10M.adapter_gc_rl.tsv.gz
"(97,98]",42,VLD001.A0102.SG1.2_10M.adapter_gc_rl.tsv.gz
"(98,99]",15,VLD001.A0102.SG1.2_10M.adapter_gc_rl.tsv.gz
"(99,100]",9272,VLD001.A0102.SG1.2_10M.adapter_gc_rl.tsv.gz
"[0,1]",1116,ZAF001.A0101_10M.adapter_gc_rl.tsv.gz
"(1,2]",27,ZAF001.A0101_10M.adapter_gc_rl.tsv.gz
"(2,3]",25,ZAF001.A0101_10M.adapter_gc_rl.tsv.gz
"(3,4]",25,ZAF001.A0101_10M.adapter_gc_rl.tsv.gz
"(4,5]",33,ZAF001.A0101_10M.adapter_gc_rl.tsv.gz
"(5,6]",45,ZAF001.A0101_10M.adapter_gc_rl.tsv.gz
"(6,7]",61,ZAF001.A0101_10M.adapter_gc_rl.tsv.gz
"(7,8]",47,ZAF001.A0101_10M.adapter_gc_rl.tsv.gz
"(8,9]",74,ZAF001.A0101_10M.adapter_gc_rl.tsv.gz
"(9,10]",130,ZAF001.A0101_10M.adapter_gc_rl.tsv.gz
"(10,11]",139,ZAF001.A0101_10M.adapter_gc_rl.tsv.gz
"(11,12]",219,ZAF001.A0101_10M.adapter_gc_rl.tsv.gz
"(12,13]",323,ZAF001.A0101_10M.adapter_gc_rl.tsv.gz
"(13,14]",465,ZAF001.A0101_10M.adapter_gc_rl.tsv.gz
"(14,15]",733,ZAF001.A0101_10M.adapter_gc_rl.tsv.gz
"(15,16]",871,ZAF001.A0101_10M.adapter_gc_rl.tsv.gz
"(16,17]",1286,ZAF001.A0101_10M.adapter_gc_rl.tsv.gz
"(17,18]",2230,ZAF001.A0101_10M.adapter_gc_rl.tsv.gz
"(18,19]",2625,ZAF001.A0101_10M.adapter_gc_rl.tsv.gz
"(19,20]",5116,ZAF001.A0101_10M.adapter_gc_rl.tsv.gz
"(20,21]",4122,ZAF001.A0101_10M.adapter_gc_rl.tsv.gz
"(21,22]",8107,ZAF001.A0101_10M.adapter_gc_rl.tsv.gz
"(22,23]",10089,ZAF001.A0101_10M.adapter_gc_rl.tsv.gz
"(23,24]",14541,ZAF001.A0101_10M.adapter_gc_rl.tsv.gz
"(24,25]",23670,ZAF001.A0101_10M.adapter_gc_rl.tsv.gz
"(25,26]",18572,ZAF001.A0101_10M.adapter_gc_rl.tsv.gz
"(26,27]",28395,ZAF001.A0101_10M.adapter_gc_rl.tsv.gz
"(27,28]",37791,ZAF001.A0101_10M.adapter_gc_rl.tsv.gz
"(28,29]",41154,ZAF001.A0101_10M.adapter_gc_rl.tsv.gz
"(29,30]",51983,ZAF001.A0101_10M.adapter_gc_rl.tsv.gz
"(30,31]",53205,ZAF001.A0101_10M.adapter_gc_rl.tsv.gz
"(31,32]",69131,ZAF001.A0101_10M.adapter_gc_rl.tsv.gz
"(32,33]",71117,ZAF001.A0101_10M.adapter_gc_rl.tsv.gz
"(33,34]",80336,ZAF001.A0101_10M.adapter_gc_rl.tsv.gz
"(34,35]",99211,ZAF001.A0101_10M.adapter_gc_rl.tsv.gz
"(35,36]",105085,ZAF001.A0101_10M.adapter_gc_rl.tsv.gz
"(36,37]",102197,ZAF001.A0101_10M.adapter_gc_rl.tsv.gz
"(37,38]",114645,ZAF001.A0101_10M.adapter_gc_rl.tsv.gz
"(38,39]",118940,ZAF001.A0101_10M.adapter_gc_rl.tsv.gz
"(39,40]",157799,ZAF001.A0101_10M.adapter_gc_rl.tsv.gz
"(40,41]",105164,ZAF001.A0101_10M.adapter_gc_rl.tsv.gz
"(41,42]",131061,ZAF001.A0101_10M.adapter_gc_rl.tsv.gz
"(42,43]",139831,ZAF001.A0101_10M.adapter_gc_rl.tsv.gz
"(43,44]",147265,ZAF001.A0101_10M.adapter_gc_rl.tsv.gz
"(44,45]",147052,ZAF001.A0101_10M.adapter_gc_rl.tsv.gz
"(45,46]",144515,ZAF001.A0101_10M.adapter_gc_rl.tsv.gz
"(46,47]",157731,ZAF001.A0101_10M.adapter_gc_rl.tsv.gz
"(47,48]",178803,ZAF001.A0101_10M.adapter_gc_rl.tsv.gz
"(48,49]",189568,ZAF001.A0101_10M.adapter_gc_rl.tsv.gz
"(49,50]",326318,ZAF001.A0101_10M.adapter_gc_rl.tsv.gz
"(50,51]",55375,ZAF001.A0101_10M.adapter_gc_rl.tsv.gz
"(51,52]",266619,ZAF001.A0101_10M.adapter_gc_rl.tsv.gz
"(52,53]",215364,ZAF001.A0101_10M.adapter_gc_rl.tsv.gz
"(53,54]",260133,ZAF001.A0101_10M.adapter_gc_rl.tsv.gz
"(54,55]",282225,ZAF001.A0101_10M.adapter_gc_rl.tsv.gz
"(55,56]",323919,ZAF001.A0101_10M.adapter_gc_rl.tsv.gz
"(56,57]",264074,ZAF001.A0101_10M.adapter_gc_rl.tsv.gz
"(57,58]",339973,ZAF001.A0101_10M.adapter_gc_rl.tsv.gz
"(58,59]",318996,ZAF001.A0101_10M.adapter_gc_rl.tsv.gz
"(59,60]",432722,ZAF001.A0101_10M.adapter_gc_rl.tsv.gz
"(60,61]",259245,ZAF001.A0101_10M.adapter_gc_rl.tsv.gz
"(61,62]",337257,ZAF001.A0101_10M.adapter_gc_rl.tsv.gz
"(62,63]",366504,ZAF001.A0101_10M.adapter_gc_rl.tsv.gz
"(63,64]",352075,ZAF001.A0101_10M.adapter_gc_rl.tsv.gz
"(64,65]",314231,ZAF001.A0101_10M.adapter_gc_rl.tsv.gz
"(65,66]",324559,ZAF001.A0101_10M.adapter_gc_rl.tsv.gz
"(66,67]",315218,ZAF001.A0101_10M.adapter_gc_rl.tsv.gz
"(67,68]",262621,ZAF001.A0101_10M.adapter_gc_rl.tsv.gz
"(68,69]",237862,ZAF001.A0101_10M.adapter_gc_rl.tsv.gz
"(69,70]",259791,ZAF001.A0101_10M.adapter_gc_rl.tsv.gz
"(70,71]",188886,ZAF001.A0101_10M.adapter_gc_rl.tsv.gz
"(71,72]",191169,ZAF001.A0101_10M.adapter_gc_rl.tsv.gz
"(72,73]",144919,ZAF001.A0101_10M.adapter_gc_rl.tsv.gz
"(73,74]",143601,ZAF001.A0101_10M.adapter_gc_rl.tsv.gz
"(74,75]",165970,ZAF001.A0101_10M.adapter_gc_rl.tsv.gz
"(75,76]",65966,ZAF001.A0101_10M.adapter_gc_rl.tsv.gz
"(76,77]",78307,ZAF001.A0101_10M.adapter_gc_rl.tsv.gz
"(77,78]",65563,ZAF001.A0101_10M.adapter_gc_rl.tsv.gz
"(78,79]",56157,ZAF001.A0101_10M.adapter_gc_rl.tsv.gz
"(79,80]",57883,ZAF001.A0101_10M.adapter_gc_rl.tsv.gz
"(80,81]",24320,ZAF001.A0101_10M.adapter_gc_rl.tsv.gz
"(81,82]",25708,ZAF001.A0101_10M.adapter_gc_rl.tsv.gz
"(82,83]",22382,ZAF001.A0101_10M.adapter_gc_rl.tsv.gz
"(83,84]",18171,ZAF001.A0101_10M.adapter_gc_rl.tsv.gz
"(84,85]",13002,ZAF001.A0101_10M.adapter_gc_rl.tsv.gz
"(85,86]",8934,ZAF001.A0101_10M.adapter_gc_rl.tsv.gz
"(86,87]",8391,ZAF001.A0101_10M.adapter_gc_rl.tsv.gz
"(87,88]",6206,ZAF001.A0101_10M.adapter_gc_rl.tsv.gz
"(88,89]",4927,ZAF001.A0101_10M.adapter_gc_rl.tsv.gz
"(89,90]",3802,ZAF001.A0101_10M.adapter_gc_rl.tsv.gz
"(90,91]",2471,ZAF001.A0101_10M.adapter_gc_rl.tsv.gz
"(91,92]",2189,ZAF001.A0101_10M.adapter_gc_rl.tsv.gz
"(92,93]",1643,ZAF001.A0101_10M.adapter_gc_rl.tsv.gz
"(93,94]",1928,ZAF001.A0101_10M.adapter_gc_rl.tsv.gz
"(94,95]",2196,ZAF001.A0101_10M.adapter_gc_rl.tsv.gz
"(95,96]",1844,ZAF001.A0101_10M.adapter_gc_rl.tsv.gz
"(96,97]",1569,ZAF001.A0101_10M.adapter_gc_rl.tsv.gz
"(97,98]",1780,ZAF001.A0101_10M.adapter_gc_rl.tsv.gz
"(98,99]",2331,ZAF001.A0101_10M.adapter_gc_rl.tsv.gz
"(99,100]",17248,ZAF001.A0101_10M.adapter_gc_rl.tsv.gz
"[0,1]",1092,ZAF001.A0103.SG1.4_10M.adapter_gc_rl.tsv.gz
"(1,2]",67,ZAF001.A0103.SG1.4_10M.adapter_gc_rl.tsv.gz
"(2,3]",221,ZAF001.A0103.SG1.4_10M.adapter_gc_rl.tsv.gz
"(3,4]",548,ZAF001.A0103.SG1.4_10M.adapter_gc_rl.tsv.gz
"(4,5]",546,ZAF001.A0103.SG1.4_10M.adapter_gc_rl.tsv.gz
"(5,6]",579,ZAF001.A0103.SG1.4_10M.adapter_gc_rl.tsv.gz
"(6,7]",879,ZAF001.A0103.SG1.4_10M.adapter_gc_rl.tsv.gz
"(7,8]",1281,ZAF001.A0103.SG1.4_10M.adapter_gc_rl.tsv.gz
"(8,9]",1279,ZAF001.A0103.SG1.4_10M.adapter_gc_rl.tsv.gz
"(9,10]",2579,ZAF001.A0103.SG1.4_10M.adapter_gc_rl.tsv.gz
"(10,11]",2045,ZAF001.A0103.SG1.4_10M.adapter_gc_rl.tsv.gz
"(11,12]",3625,ZAF001.A0103.SG1.4_10M.adapter_gc_rl.tsv.gz
"(12,13]",3616,ZAF001.A0103.SG1.4_10M.adapter_gc_rl.tsv.gz
"(13,14]",5254,ZAF001.A0103.SG1.4_10M.adapter_gc_rl.tsv.gz
"(14,15]",6744,ZAF001.A0103.SG1.4_10M.adapter_gc_rl.tsv.gz
"(15,16]",7778,ZAF001.A0103.SG1.4_10M.adapter_gc_rl.tsv.gz
"(16,17]",8430,ZAF001.A0103.SG1.4_10M.adapter_gc_rl.tsv.gz
"(17,18]",12103,ZAF001.A0103.SG1.4_10M.adapter_gc_rl.tsv.gz
"(18,19]",12881,ZAF001.A0103.SG1.4_10M.adapter_gc_rl.tsv.gz
"(19,20]",23048,ZAF001.A0103.SG1.4_10M.adapter_gc_rl.tsv.gz
"(20,21]",12434,ZAF001.A0103.SG1.4_10M.adapter_gc_rl.tsv.gz
"(21,22]",24239,ZAF001.A0103.SG1.4_10M.adapter_gc_rl.tsv.gz
"(22,23]",24853,ZAF001.A0103.SG1.4_10M.adapter_gc_rl.tsv.gz
"(23,24]",35673,ZAF001.A0103.SG1.4_10M.adapter_gc_rl.tsv.gz
"(24,25]",47494,ZAF001.A0103.SG1.4_10M.adapter_gc_rl.tsv.gz
"(25,26]",22333,ZAF001.A0103.SG1.4_10M.adapter_gc_rl.tsv.gz
"(26,27]",48338,ZAF001.A0103.SG1.4_10M.adapter_gc_rl.tsv.gz
"(27,28]",54492,ZAF001.A0103.SG1.4_10M.adapter_gc_rl.tsv.gz
"(28,29]",54078,ZAF001.A0103.SG1.4_10M.adapter_gc_rl.tsv.gz
"(29,30]",71474,ZAF001.A0103.SG1.4_10M.adapter_gc_rl.tsv.gz
"(30,31]",66913,ZAF001.A0103.SG1.4_10M.adapter_gc_rl.tsv.gz
"(31,32]",96928,ZAF001.A0103.SG1.4_10M.adapter_gc_rl.tsv.gz
"(32,33]",41302,ZAF001.A0103.SG1.4_10M.adapter_gc_rl.tsv.gz
"(33,34]",161007,ZAF001.A0103.SG1.4_10M.adapter_gc_rl.tsv.gz
"(34,35]",74752,ZAF001.A0103.SG1.4_10M.adapter_gc_rl.tsv.gz
"(35,36]",175817,ZAF001.A0103.SG1.4_10M.adapter_gc_rl.tsv.gz
"(36,37]",134711,ZAF001.A0103.SG1.4_10M.adapter_gc_rl.tsv.gz
"(37,38]",130414,ZAF001.A0103.SG1.4_10M.adapter_gc_rl.tsv.gz
"(38,39]",248760,ZAF001.A0103.SG1.4_10M.adapter_gc_rl.tsv.gz
"(39,40]",244421,ZAF001.A0103.SG1.4_10M.adapter_gc_rl.tsv.gz
"(40,41]",49668,ZAF001.A0103.SG1.4_10M.adapter_gc_rl.tsv.gz
"(41,42]",282196,ZAF001.A0103.SG1.4_10M.adapter_gc_rl.tsv.gz
"(42,43]",324834,ZAF001.A0103.SG1.4_10M.adapter_gc_rl.tsv.gz
"(43,44]",177559,ZAF001.A0103.SG1.4_10M.adapter_gc_rl.tsv.gz
"(44,45]",179305,ZAF001.A0103.SG1.4_10M.adapter_gc_rl.tsv.gz
"(45,46]",233406,ZAF001.A0103.SG1.4_10M.adapter_gc_rl.tsv.gz
"(46,47]",442301,ZAF001.A0103.SG1.4_10M.adapter_gc_rl.tsv.gz
"(47,48]",260157,ZAF001.A0103.SG1.4_10M.adapter_gc_rl.tsv.gz
"(48,49]",65758,ZAF001.A0103.SG1.4_10M.adapter_gc_rl.tsv.gz
"(49,50]",1153053,ZAF001.A0103.SG1.4_10M.adapter_gc_rl.tsv.gz
"(50,51]",8867,ZAF001.A0103.SG1.4_10M.adapter_gc_rl.tsv.gz
"(51,52]",95745,ZAF001.A0103.SG1.4_10M.adapter_gc_rl.tsv.gz
"(52,53]",228414,ZAF001.A0103.SG1.4_10M.adapter_gc_rl.tsv.gz
"(53,54]",380217,ZAF001.A0103.SG1.4_10M.adapter_gc_rl.tsv.gz
"(54,55]",367710,ZAF001.A0103.SG1.4_10M.adapter_gc_rl.tsv.gz
"(55,56]",278230,ZAF001.A0103.SG1.4_10M.adapter_gc_rl.tsv.gz
"(56,57]",142039,ZAF001.A0103.SG1.4_10M.adapter_gc_rl.tsv.gz
"(57,58]",240099,ZAF001.A0103.SG1.4_10M.adapter_gc_rl.tsv.gz
"(58,59]",319479,ZAF001.A0103.SG1.4_10M.adapter_gc_rl.tsv.gz
"(59,60]",413447,ZAF001.A0103.SG1.4_10M.adapter_gc_rl.tsv.gz
"(60,61]",58342,ZAF001.A0103.SG1.4_10M.adapter_gc_rl.tsv.gz
"(61,62]",181030,ZAF001.A0103.SG1.4_10M.adapter_gc_rl.tsv.gz
"(62,63]",191856,ZAF001.A0103.SG1.4_10M.adapter_gc_rl.tsv.gz
"(63,64]",222824,ZAF001.A0103.SG1.4_10M.adapter_gc_rl.tsv.gz
"(64,65]",142869,ZAF001.A0103.SG1.4_10M.adapter_gc_rl.tsv.gz
"(65,66]",70674,ZAF001.A0103.SG1.4_10M.adapter_gc_rl.tsv.gz
"(66,67]",377461,ZAF001.A0103.SG1.4_10M.adapter_gc_rl.tsv.gz
"(67,68]",48305,ZAF001.A0103.SG1.4_10M.adapter_gc_rl.tsv.gz
"(68,69]",88612,ZAF001.A0103.SG1.4_10M.adapter_gc_rl.tsv.gz
"(69,70]",175225,ZAF001.A0103.SG1.4_10M.adapter_gc_rl.tsv.gz
"(70,71]",53318,ZAF001.A0103.SG1.4_10M.adapter_gc_rl.tsv.gz
"(71,72]",77628,ZAF001.A0103.SG1.4_10M.adapter_gc_rl.tsv.gz
"(72,73]",79650,ZAF001.A0103.SG1.4_10M.adapter_gc_rl.tsv.gz
"(73,74]",54400,ZAF001.A0103.SG1.4_10M.adapter_gc_rl.tsv.gz
"(74,75]",147164,ZAF001.A0103.SG1.4_10M.adapter_gc_rl.tsv.gz
"(75,76]",12910,ZAF001.A0103.SG1.4_10M.adapter_gc_rl.tsv.gz
"(76,77]",37598,ZAF001.A0103.SG1.4_10M.adapter_gc_rl.tsv.gz
"(77,78]",91963,ZAF001.A0103.SG1.4_10M.adapter_gc_rl.tsv.gz
"(78,79]",25924,ZAF001.A0103.SG1.4_10M.adapter_gc_rl.tsv.gz
"(79,80]",37768,ZAF001.A0103.SG1.4_10M.adapter_gc_rl.tsv.gz
"(80,81]",6527,ZAF001.A0103.SG1.4_10M.adapter_gc_rl.tsv.gz
"(81,82]",18770,ZAF001.A0103.SG1.4_10M.adapter_gc_rl.tsv.gz
"(82,83]",8438,ZAF001.A0103.SG1.4_10M.adapter_gc_rl.tsv.gz
"(83,84]",12545,ZAF001.A0103.SG1.4_10M.adapter_gc_rl.tsv.gz
"(84,85]",9247,ZAF001.A0103.SG1.4_10M.adapter_gc_rl.tsv.gz
"(85,86]",19108,ZAF001.A0103.SG1.4_10M.adapter_gc_rl.tsv.gz
"(86,87]",4462,ZAF001.A0103.SG1.4_10M.adapter_gc_rl.tsv.gz
"(87,88]",21568,ZAF001.A0103.SG1.4_10M.adapter_gc_rl.tsv.gz
"(88,89]",9761,ZAF001.A0103.SG1.4_10M.adapter_gc_rl.tsv.gz
"(89,90]",3895,ZAF001.A0103.SG1.4_10M.adapter_gc_rl.tsv.gz
"(90,91]",2357,ZAF001.A0103.SG1.4_10M.adapter_gc_rl.tsv.gz
"(91,92]",1691,ZAF001.A0103.SG1.4_10M.adapter_gc_rl.tsv.gz
"(92,93]",1991,ZAF001.A0103.SG1.4_10M.adapter_gc_rl.tsv.gz
"(93,94]",1055,ZAF001.A0103.SG1.4_10M.adapter_gc_rl.tsv.gz
"(94,95]",681,ZAF001.A0103.SG1.4_10M.adapter_gc_rl.tsv.gz
"(95,96]",235,ZAF001.A0103.SG1.4_10M.adapter_gc_rl.tsv.gz
"(96,97]",130,ZAF001.A0103.SG1.4_10M.adapter_gc_rl.tsv.gz
"(97,98]",211,ZAF001.A0103.SG1.4_10M.adapter_gc_rl.tsv.gz
"(98,99]",229,ZAF001.A0103.SG1.4_10M.adapter_gc_rl.tsv.gz
"(99,100]",15225,ZAF001.A0103.SG1.4_10M.adapter_gc_rl.tsv.gz
