gc_bin,counts_gc,Study
"[0,1]",31,BAN001.A0101.SG1.1.10M_cutadapt_gc_rl.tsv.gz
"(1,2]",43,BAN001.A0101.SG1.1.10M_cutadapt_gc_rl.tsv.gz
"(2,3]",71,BAN001.A0101.SG1.1.10M_cutadapt_gc_rl.tsv.gz
"(3,4]",47,BAN001.A0101.SG1.1.10M_cutadapt_gc_rl.tsv.gz
"(4,5]",66,BAN001.A0101.SG1.1.10M_cutadapt_gc_rl.tsv.gz
"(5,6]",143,BAN001.A0101.SG1.1.10M_cutadapt_gc_rl.tsv.gz
"(6,7]",142,BAN001.A0101.SG1.1.10M_cutadapt_gc_rl.tsv.gz
"(7,8]",181,BAN001.A0101.SG1.1.10M_cutadapt_gc_rl.tsv.gz
"(8,9]",208,BAN001.A0101.SG1.1.10M_cutadapt_gc_rl.tsv.gz
"(9,10]",395,BAN001.A0101.SG1.1.10M_cutadapt_gc_rl.tsv.gz
"(10,11]",365,BAN001.A0101.SG1.1.10M_cutadapt_gc_rl.tsv.gz
"(11,12]",545,BAN001.A0101.SG1.1.10M_cutadapt_gc_rl.tsv.gz
"(12,13]",693,BAN001.A0101.SG1.1.10M_cutadapt_gc_rl.tsv.gz
"(13,14]",1105,BAN001.A0101.SG1.1.10M_cutadapt_gc_rl.tsv.gz
"(14,15]",1532,BAN001.A0101.SG1.1.10M_cutadapt_gc_rl.tsv.gz
"(15,16]",2284,BAN001.A0101.SG1.1.10M_cutadapt_gc_rl.tsv.gz
"(16,17]",2946,BAN001.A0101.SG1.1.10M_cutadapt_gc_rl.tsv.gz
"(17,18]",4282,BAN001.A0101.SG1.1.10M_cutadapt_gc_rl.tsv.gz
"(18,19]",5853,BAN001.A0101.SG1.1.10M_cutadapt_gc_rl.tsv.gz
"(19,20]",9676,BAN001.A0101.SG1.1.10M_cutadapt_gc_rl.tsv.gz
"(20,21]",8543,BAN001.A0101.SG1.1.10M_cutadapt_gc_rl.tsv.gz
"(21,22]",14177,BAN001.A0101.SG1.1.10M_cutadapt_gc_rl.tsv.gz
"(22,23]",16667,BAN001.A0101.SG1.1.10M_cutadapt_gc_rl.tsv.gz
"(23,24]",20965,BAN001.A0101.SG1.1.10M_cutadapt_gc_rl.tsv.gz
"(24,25]",28419,BAN001.A0101.SG1.1.10M_cutadapt_gc_rl.tsv.gz
"(25,26]",22446,BAN001.A0101.SG1.1.10M_cutadapt_gc_rl.tsv.gz
"(26,27]",32296,BAN001.A0101.SG1.1.10M_cutadapt_gc_rl.tsv.gz
"(27,28]",39434,BAN001.A0101.SG1.1.10M_cutadapt_gc_rl.tsv.gz
"(28,29]",42070,BAN001.A0101.SG1.1.10M_cutadapt_gc_rl.tsv.gz
"(29,30]",53731,BAN001.A0101.SG1.1.10M_cutadapt_gc_rl.tsv.gz
"(30,31]",54573,BAN001.A0101.SG1.1.10M_cutadapt_gc_rl.tsv.gz
"(31,32]",70662,BAN001.A0101.SG1.1.10M_cutadapt_gc_rl.tsv.gz
"(32,33]",77538,BAN001.A0101.SG1.1.10M_cutadapt_gc_rl.tsv.gz
"(33,34]",90184,BAN001.A0101.SG1.1.10M_cutadapt_gc_rl.tsv.gz
"(34,35]",114120,BAN001.A0101.SG1.1.10M_cutadapt_gc_rl.tsv.gz
"(35,36]",130259,BAN001.A0101.SG1.1.10M_cutadapt_gc_rl.tsv.gz
"(36,37]",149293,BAN001.A0101.SG1.1.10M_cutadapt_gc_rl.tsv.gz
"(37,38]",164860,BAN001.A0101.SG1.1.10M_cutadapt_gc_rl.tsv.gz
"(38,39]",193286,BAN001.A0101.SG1.1.10M_cutadapt_gc_rl.tsv.gz
"(39,40]",262863,BAN001.A0101.SG1.1.10M_cutadapt_gc_rl.tsv.gz
"(40,41]",200719,BAN001.A0101.SG1.1.10M_cutadapt_gc_rl.tsv.gz
"(41,42]",268502,BAN001.A0101.SG1.1.10M_cutadapt_gc_rl.tsv.gz
"(42,43]",291129,BAN001.A0101.SG1.1.10M_cutadapt_gc_rl.tsv.gz
"(43,44]",344128,BAN001.A0101.SG1.1.10M_cutadapt_gc_rl.tsv.gz
"(44,45]",345811,BAN001.A0101.SG1.1.10M_cutadapt_gc_rl.tsv.gz
"(45,46]",353328,BAN001.A0101.SG1.1.10M_cutadapt_gc_rl.tsv.gz
"(46,47]",372813,BAN001.A0101.SG1.1.10M_cutadapt_gc_rl.tsv.gz
"(47,48]",415077,BAN001.A0101.SG1.1.10M_cutadapt_gc_rl.tsv.gz
"(48,49]",410816,BAN001.A0101.SG1.1.10M_cutadapt_gc_rl.tsv.gz
"(49,50]",568579,BAN001.A0101.SG1.1.10M_cutadapt_gc_rl.tsv.gz
"(50,51]",195743,BAN001.A0101.SG1.1.10M_cutadapt_gc_rl.tsv.gz
"(51,52]",436522,BAN001.A0101.SG1.1.10M_cutadapt_gc_rl.tsv.gz
"(52,53]",379365,BAN001.A0101.SG1.1.10M_cutadapt_gc_rl.tsv.gz
"(53,54]",374630,BAN001.A0101.SG1.1.10M_cutadapt_gc_rl.tsv.gz
"(54,55]",356574,BAN001.A0101.SG1.1.10M_cutadapt_gc_rl.tsv.gz
"(55,56]",317214,BAN001.A0101.SG1.1.10M_cutadapt_gc_rl.tsv.gz
"(56,57]",297355,BAN001.A0101.SG1.1.10M_cutadapt_gc_rl.tsv.gz
"(57,58]",273805,BAN001.A0101.SG1.1.10M_cutadapt_gc_rl.tsv.gz
"(58,59]",231095,BAN001.A0101.SG1.1.10M_cutadapt_gc_rl.tsv.gz
"(59,60]",250197,BAN001.A0101.SG1.1.10M_cutadapt_gc_rl.tsv.gz
"(60,61]",144187,BAN001.A0101.SG1.1.10M_cutadapt_gc_rl.tsv.gz
"(61,62]",164525,BAN001.A0101.SG1.1.10M_cutadapt_gc_rl.tsv.gz
"(62,63]",123948,BAN001.A0101.SG1.1.10M_cutadapt_gc_rl.tsv.gz
"(63,64]",123948,BAN001.A0101.SG1.1.10M_cutadapt_gc_rl.tsv.gz
"(64,65]",96688,BAN001.A0101.SG1.1.10M_cutadapt_gc_rl.tsv.gz
"(65,66]",75051,BAN001.A0101.SG1.1.10M_cutadapt_gc_rl.tsv.gz
"(66,67]",59491,BAN001.A0101.SG1.1.10M_cutadapt_gc_rl.tsv.gz
"(67,68]",51366,BAN001.A0101.SG1.1.10M_cutadapt_gc_rl.tsv.gz
"(68,69]",38778,BAN001.A0101.SG1.1.10M_cutadapt_gc_rl.tsv.gz
"(69,70]",37294,BAN001.A0101.SG1.1.10M_cutadapt_gc_rl.tsv.gz
"(70,71]",22736,BAN001.A0101.SG1.1.10M_cutadapt_gc_rl.tsv.gz
"(71,72]",21489,BAN001.A0101.SG1.1.10M_cutadapt_gc_rl.tsv.gz
"(72,73]",15449,BAN001.A0101.SG1.1.10M_cutadapt_gc_rl.tsv.gz
"(73,74]",13347,BAN001.A0101.SG1.1.10M_cutadapt_gc_rl.tsv.gz
"(74,75]",12814,BAN001.A0101.SG1.1.10M_cutadapt_gc_rl.tsv.gz
"(75,76]",5395,BAN001.A0101.SG1.1.10M_cutadapt_gc_rl.tsv.gz
"(76,77]",6342,BAN001.A0101.SG1.1.10M_cutadapt_gc_rl.tsv.gz
"(77,78]",5012,BAN001.A0101.SG1.1.10M_cutadapt_gc_rl.tsv.gz
"(78,79]",4025,BAN001.A0101.SG1.1.10M_cutadapt_gc_rl.tsv.gz
"(79,80]",3340,BAN001.A0101.SG1.1.10M_cutadapt_gc_rl.tsv.gz
"(80,81]",1768,BAN001.A0101.SG1.1.10M_cutadapt_gc_rl.tsv.gz
"(81,82]",1875,BAN001.A0101.SG1.1.10M_cutadapt_gc_rl.tsv.gz
"(82,83]",1389,BAN001.A0101.SG1.1.10M_cutadapt_gc_rl.tsv.gz
"(83,84]",1124,BAN001.A0101.SG1.1.10M_cutadapt_gc_rl.tsv.gz
"(84,85]",935,BAN001.A0101.SG1.1.10M_cutadapt_gc_rl.tsv.gz
"(85,86]",718,BAN001.A0101.SG1.1.10M_cutadapt_gc_rl.tsv.gz
"(86,87]",720,BAN001.A0101.SG1.1.10M_cutadapt_gc_rl.tsv.gz
"(87,88]",598,BAN001.A0101.SG1.1.10M_cutadapt_gc_rl.tsv.gz
"(88,89]",526,BAN001.A0101.SG1.1.10M_cutadapt_gc_rl.tsv.gz
"(89,90]",556,BAN001.A0101.SG1.1.10M_cutadapt_gc_rl.tsv.gz
"(90,91]",529,BAN001.A0101.SG1.1.10M_cutadapt_gc_rl.tsv.gz
"(91,92]",467,BAN001.A0101.SG1.1.10M_cutadapt_gc_rl.tsv.gz
"(92,93]",345,BAN001.A0101.SG1.1.10M_cutadapt_gc_rl.tsv.gz
"(93,94]",431,BAN001.A0101.SG1.1.10M_cutadapt_gc_rl.tsv.gz
"(94,95]",423,BAN001.A0101.SG1.1.10M_cutadapt_gc_rl.tsv.gz
"(95,96]",346,BAN001.A0101.SG1.1.10M_cutadapt_gc_rl.tsv.gz
"(96,97]",249,BAN001.A0101.SG1.1.10M_cutadapt_gc_rl.tsv.gz
"(97,98]",282,BAN001.A0101.SG1.1.10M_cutadapt_gc_rl.tsv.gz
"(98,99]",328,BAN001.A0101.SG1.1.10M_cutadapt_gc_rl.tsv.gz
"(99,100]",334,BAN001.A0101.SG1.1.10M_cutadapt_gc_rl.tsv.gz
"[0,1]",44,BAN001.A0102.SG1.4.10M_cutadapt_gc_rl.tsv.gz
"(1,2]",27,BAN001.A0102.SG1.4.10M_cutadapt_gc_rl.tsv.gz
"(2,3]",240,BAN001.A0102.SG1.4.10M_cutadapt_gc_rl.tsv.gz
"(3,4]",171,BAN001.A0102.SG1.4.10M_cutadapt_gc_rl.tsv.gz
"(4,5]",355,BAN001.A0102.SG1.4.10M_cutadapt_gc_rl.tsv.gz
"(5,6]",748,BAN001.A0102.SG1.4.10M_cutadapt_gc_rl.tsv.gz
"(6,7]",983,BAN001.A0102.SG1.4.10M_cutadapt_gc_rl.tsv.gz
"(7,8]",1456,BAN001.A0102.SG1.4.10M_cutadapt_gc_rl.tsv.gz
"(8,9]",2335,BAN001.A0102.SG1.4.10M_cutadapt_gc_rl.tsv.gz
"(9,10]",3831,BAN001.A0102.SG1.4.10M_cutadapt_gc_rl.tsv.gz
"(10,11]",3258,BAN001.A0102.SG1.4.10M_cutadapt_gc_rl.tsv.gz
"(11,12]",5553,BAN001.A0102.SG1.4.10M_cutadapt_gc_rl.tsv.gz
"(12,13]",7336,BAN001.A0102.SG1.4.10M_cutadapt_gc_rl.tsv.gz
"(13,14]",9264,BAN001.A0102.SG1.4.10M_cutadapt_gc_rl.tsv.gz
"(14,15]",10245,BAN001.A0102.SG1.4.10M_cutadapt_gc_rl.tsv.gz
"(15,16]",13140,BAN001.A0102.SG1.4.10M_cutadapt_gc_rl.tsv.gz
"(16,17]",14922,BAN001.A0102.SG1.4.10M_cutadapt_gc_rl.tsv.gz
"(17,18]",18113,BAN001.A0102.SG1.4.10M_cutadapt_gc_rl.tsv.gz
"(18,19]",20657,BAN001.A0102.SG1.4.10M_cutadapt_gc_rl.tsv.gz
"(19,20]",29613,BAN001.A0102.SG1.4.10M_cutadapt_gc_rl.tsv.gz
"(20,21]",17461,BAN001.A0102.SG1.4.10M_cutadapt_gc_rl.tsv.gz
"(21,22]",29503,BAN001.A0102.SG1.4.10M_cutadapt_gc_rl.tsv.gz
"(22,23]",28538,BAN001.A0102.SG1.4.10M_cutadapt_gc_rl.tsv.gz
"(23,24]",33118,BAN001.A0102.SG1.4.10M_cutadapt_gc_rl.tsv.gz
"(24,25]",41233,BAN001.A0102.SG1.4.10M_cutadapt_gc_rl.tsv.gz
"(25,26]",27763,BAN001.A0102.SG1.4.10M_cutadapt_gc_rl.tsv.gz
"(26,27]",38234,BAN001.A0102.SG1.4.10M_cutadapt_gc_rl.tsv.gz
"(27,28]",41226,BAN001.A0102.SG1.4.10M_cutadapt_gc_rl.tsv.gz
"(28,29]",42648,BAN001.A0102.SG1.4.10M_cutadapt_gc_rl.tsv.gz
"(29,30]",56897,BAN001.A0102.SG1.4.10M_cutadapt_gc_rl.tsv.gz
"(30,31]",44648,BAN001.A0102.SG1.4.10M_cutadapt_gc_rl.tsv.gz
"(31,32]",54776,BAN001.A0102.SG1.4.10M_cutadapt_gc_rl.tsv.gz
"(32,33]",58061,BAN001.A0102.SG1.4.10M_cutadapt_gc_rl.tsv.gz
"(33,34]",66753,BAN001.A0102.SG1.4.10M_cutadapt_gc_rl.tsv.gz
"(34,35]",75019,BAN001.A0102.SG1.4.10M_cutadapt_gc_rl.tsv.gz
"(35,36]",77464,BAN001.A0102.SG1.4.10M_cutadapt_gc_rl.tsv.gz
"(36,37]",88547,BAN001.A0102.SG1.4.10M_cutadapt_gc_rl.tsv.gz
"(37,38]",85859,BAN001.A0102.SG1.4.10M_cutadapt_gc_rl.tsv.gz
"(38,39]",96734,BAN001.A0102.SG1.4.10M_cutadapt_gc_rl.tsv.gz
"(39,40]",130172,BAN001.A0102.SG1.4.10M_cutadapt_gc_rl.tsv.gz
"(40,41]",77599,BAN001.A0102.SG1.4.10M_cutadapt_gc_rl.tsv.gz
"(41,42]",118970,BAN001.A0102.SG1.4.10M_cutadapt_gc_rl.tsv.gz
"(42,43]",108489,BAN001.A0102.SG1.4.10M_cutadapt_gc_rl.tsv.gz
"(43,44]",132072,BAN001.A0102.SG1.4.10M_cutadapt_gc_rl.tsv.gz
"(44,45]",109348,BAN001.A0102.SG1.4.10M_cutadapt_gc_rl.tsv.gz
"(45,46]",130589,BAN001.A0102.SG1.4.10M_cutadapt_gc_rl.tsv.gz
"(46,47]",123752,BAN001.A0102.SG1.4.10M_cutadapt_gc_rl.tsv.gz
"(47,48]",118101,BAN001.A0102.SG1.4.10M_cutadapt_gc_rl.tsv.gz
"(48,49]",139602,BAN001.A0102.SG1.4.10M_cutadapt_gc_rl.tsv.gz
"(49,50]",170178,BAN001.A0102.SG1.4.10M_cutadapt_gc_rl.tsv.gz
"(50,51]",24893,BAN001.A0102.SG1.4.10M_cutadapt_gc_rl.tsv.gz
"(51,52]",131477,BAN001.A0102.SG1.4.10M_cutadapt_gc_rl.tsv.gz
"(52,53]",92408,BAN001.A0102.SG1.4.10M_cutadapt_gc_rl.tsv.gz
"(53,54]",99512,BAN001.A0102.SG1.4.10M_cutadapt_gc_rl.tsv.gz
"(54,55]",101198,BAN001.A0102.SG1.4.10M_cutadapt_gc_rl.tsv.gz
"(55,56]",63578,BAN001.A0102.SG1.4.10M_cutadapt_gc_rl.tsv.gz
"(56,57]",79005,BAN001.A0102.SG1.4.10M_cutadapt_gc_rl.tsv.gz
"(57,58]",61306,BAN001.A0102.SG1.4.10M_cutadapt_gc_rl.tsv.gz
"(58,59]",60747,BAN001.A0102.SG1.4.10M_cutadapt_gc_rl.tsv.gz
"(59,60]",64481,BAN001.A0102.SG1.4.10M_cutadapt_gc_rl.tsv.gz
"(60,61]",30263,BAN001.A0102.SG1.4.10M_cutadapt_gc_rl.tsv.gz
"(61,62]",40398,BAN001.A0102.SG1.4.10M_cutadapt_gc_rl.tsv.gz
"(62,63]",29783,BAN001.A0102.SG1.4.10M_cutadapt_gc_rl.tsv.gz
"(63,64]",31781,BAN001.A0102.SG1.4.10M_cutadapt_gc_rl.tsv.gz
"(64,65]",25305,BAN001.A0102.SG1.4.10M_cutadapt_gc_rl.tsv.gz
"(65,66]",18464,BAN001.A0102.SG1.4.10M_cutadapt_gc_rl.tsv.gz
"(66,67]",16919,BAN001.A0102.SG1.4.10M_cutadapt_gc_rl.tsv.gz
"(67,68]",13227,BAN001.A0102.SG1.4.10M_cutadapt_gc_rl.tsv.gz
"(68,69]",9964,BAN001.A0102.SG1.4.10M_cutadapt_gc_rl.tsv.gz
"(69,70]",11236,BAN001.A0102.SG1.4.10M_cutadapt_gc_rl.tsv.gz
"(70,71]",6911,BAN001.A0102.SG1.4.10M_cutadapt_gc_rl.tsv.gz
"(71,72]",5884,BAN001.A0102.SG1.4.10M_cutadapt_gc_rl.tsv.gz
"(72,73]",4384,BAN001.A0102.SG1.4.10M_cutadapt_gc_rl.tsv.gz
"(73,74]",4377,BAN001.A0102.SG1.4.10M_cutadapt_gc_rl.tsv.gz
"(74,75]",4667,BAN001.A0102.SG1.4.10M_cutadapt_gc_rl.tsv.gz
"(75,76]",1566,BAN001.A0102.SG1.4.10M_cutadapt_gc_rl.tsv.gz
"(76,77]",2205,BAN001.A0102.SG1.4.10M_cutadapt_gc_rl.tsv.gz
"(77,78]",1676,BAN001.A0102.SG1.4.10M_cutadapt_gc_rl.tsv.gz
"(78,79]",1426,BAN001.A0102.SG1.4.10M_cutadapt_gc_rl.tsv.gz
"(79,80]",1218,BAN001.A0102.SG1.4.10M_cutadapt_gc_rl.tsv.gz
"(80,81]",654,BAN001.A0102.SG1.4.10M_cutadapt_gc_rl.tsv.gz
"(81,82]",621,BAN001.A0102.SG1.4.10M_cutadapt_gc_rl.tsv.gz
"(82,83]",362,BAN001.A0102.SG1.4.10M_cutadapt_gc_rl.tsv.gz
"(83,84]",454,BAN001.A0102.SG1.4.10M_cutadapt_gc_rl.tsv.gz
"(84,85]",245,BAN001.A0102.SG1.4.10M_cutadapt_gc_rl.tsv.gz
"(85,86]",135,BAN001.A0102.SG1.4.10M_cutadapt_gc_rl.tsv.gz
"(86,87]",117,BAN001.A0102.SG1.4.10M_cutadapt_gc_rl.tsv.gz
"(87,88]",140,BAN001.A0102.SG1.4.10M_cutadapt_gc_rl.tsv.gz
"(88,89]",55,BAN001.A0102.SG1.4.10M_cutadapt_gc_rl.tsv.gz
"(89,90]",86,BAN001.A0102.SG1.4.10M_cutadapt_gc_rl.tsv.gz
"(90,91]",78,BAN001.A0102.SG1.4.10M_cutadapt_gc_rl.tsv.gz
"(91,92]",35,BAN001.A0102.SG1.4.10M_cutadapt_gc_rl.tsv.gz
"(92,93]",30,BAN001.A0102.SG1.4.10M_cutadapt_gc_rl.tsv.gz
"(93,94]",42,BAN001.A0102.SG1.4.10M_cutadapt_gc_rl.tsv.gz
"(94,95]",28,BAN001.A0102.SG1.4.10M_cutadapt_gc_rl.tsv.gz
"(95,96]",18,BAN001.A0102.SG1.4.10M_cutadapt_gc_rl.tsv.gz
"(96,97]",7,BAN001.A0102.SG1.4.10M_cutadapt_gc_rl.tsv.gz
"(97,98]",17,BAN001.A0102.SG1.4.10M_cutadapt_gc_rl.tsv.gz
"(98,99]",9,BAN001.A0102.SG1.4.10M_cutadapt_gc_rl.tsv.gz
"(99,100]",21,BAN001.A0102.SG1.4.10M_cutadapt_gc_rl.tsv.gz
"[0,1]",1,CDM019.A0101.SG1.1.10M_cutadapt_gc_rl.tsv.gz
"(2,3]",3,CDM019.A0101.SG1.1.10M_cutadapt_gc_rl.tsv.gz
"(3,4]",1,CDM019.A0101.SG1.1.10M_cutadapt_gc_rl.tsv.gz
"(4,5]",7,CDM019.A0101.SG1.1.10M_cutadapt_gc_rl.tsv.gz
"(5,6]",11,CDM019.A0101.SG1.1.10M_cutadapt_gc_rl.tsv.gz
"(6,7]",5,CDM019.A0101.SG1.1.10M_cutadapt_gc_rl.tsv.gz
"(7,8]",12,CDM019.A0101.SG1.1.10M_cutadapt_gc_rl.tsv.gz
"(8,9]",18,CDM019.A0101.SG1.1.10M_cutadapt_gc_rl.tsv.gz
"(9,10]",39,CDM019.A0101.SG1.1.10M_cutadapt_gc_rl.tsv.gz
"(10,11]",38,CDM019.A0101.SG1.1.10M_cutadapt_gc_rl.tsv.gz
"(11,12]",80,CDM019.A0101.SG1.1.10M_cutadapt_gc_rl.tsv.gz
"(12,13]",108,CDM019.A0101.SG1.1.10M_cutadapt_gc_rl.tsv.gz
"(13,14]",206,CDM019.A0101.SG1.1.10M_cutadapt_gc_rl.tsv.gz
"(14,15]",316,CDM019.A0101.SG1.1.10M_cutadapt_gc_rl.tsv.gz
"(15,16]",477,CDM019.A0101.SG1.1.10M_cutadapt_gc_rl.tsv.gz
"(16,17]",702,CDM019.A0101.SG1.1.10M_cutadapt_gc_rl.tsv.gz
"(17,18]",1238,CDM019.A0101.SG1.1.10M_cutadapt_gc_rl.tsv.gz
"(18,19]",1568,CDM019.A0101.SG1.1.10M_cutadapt_gc_rl.tsv.gz
"(19,20]",2933,CDM019.A0101.SG1.1.10M_cutadapt_gc_rl.tsv.gz
"(20,21]",2460,CDM019.A0101.SG1.1.10M_cutadapt_gc_rl.tsv.gz
"(21,22]",4536,CDM019.A0101.SG1.1.10M_cutadapt_gc_rl.tsv.gz
"(22,23]",5434,CDM019.A0101.SG1.1.10M_cutadapt_gc_rl.tsv.gz
"(23,24]",7797,CDM019.A0101.SG1.1.10M_cutadapt_gc_rl.tsv.gz
"(24,25]",11391,CDM019.A0101.SG1.1.10M_cutadapt_gc_rl.tsv.gz
"(25,26]",9408,CDM019.A0101.SG1.1.10M_cutadapt_gc_rl.tsv.gz
"(26,27]",14346,CDM019.A0101.SG1.1.10M_cutadapt_gc_rl.tsv.gz
"(27,28]",19077,CDM019.A0101.SG1.1.10M_cutadapt_gc_rl.tsv.gz
"(28,29]",21634,CDM019.A0101.SG1.1.10M_cutadapt_gc_rl.tsv.gz
"(29,30]",28161,CDM019.A0101.SG1.1.10M_cutadapt_gc_rl.tsv.gz
"(30,31]",29352,CDM019.A0101.SG1.1.10M_cutadapt_gc_rl.tsv.gz
"(31,32]",37992,CDM019.A0101.SG1.1.10M_cutadapt_gc_rl.tsv.gz
"(32,33]",42111,CDM019.A0101.SG1.1.10M_cutadapt_gc_rl.tsv.gz
"(33,34]",46387,CDM019.A0101.SG1.1.10M_cutadapt_gc_rl.tsv.gz
"(34,35]",58709,CDM019.A0101.SG1.1.10M_cutadapt_gc_rl.tsv.gz
"(35,36]",63934,CDM019.A0101.SG1.1.10M_cutadapt_gc_rl.tsv.gz
"(36,37]",71437,CDM019.A0101.SG1.1.10M_cutadapt_gc_rl.tsv.gz
"(37,38]",76214,CDM019.A0101.SG1.1.10M_cutadapt_gc_rl.tsv.gz
"(38,39]",88907,CDM019.A0101.SG1.1.10M_cutadapt_gc_rl.tsv.gz
"(39,40]",116126,CDM019.A0101.SG1.1.10M_cutadapt_gc_rl.tsv.gz
"(40,41]",89778,CDM019.A0101.SG1.1.10M_cutadapt_gc_rl.tsv.gz
"(41,42]",114776,CDM019.A0101.SG1.1.10M_cutadapt_gc_rl.tsv.gz
"(42,43]",124397,CDM019.A0101.SG1.1.10M_cutadapt_gc_rl.tsv.gz
"(43,44]",144955,CDM019.A0101.SG1.1.10M_cutadapt_gc_rl.tsv.gz
"(44,45]",147701,CDM019.A0101.SG1.1.10M_cutadapt_gc_rl.tsv.gz
"(45,46]",150923,CDM019.A0101.SG1.1.10M_cutadapt_gc_rl.tsv.gz
"(46,47]",167070,CDM019.A0101.SG1.1.10M_cutadapt_gc_rl.tsv.gz
"(47,48]",189646,CDM019.A0101.SG1.1.10M_cutadapt_gc_rl.tsv.gz
"(48,49]",197033,CDM019.A0101.SG1.1.10M_cutadapt_gc_rl.tsv.gz
"(49,50]",289661,CDM019.A0101.SG1.1.10M_cutadapt_gc_rl.tsv.gz
"(50,51]",112874,CDM019.A0101.SG1.1.10M_cutadapt_gc_rl.tsv.gz
"(51,52]",252379,CDM019.A0101.SG1.1.10M_cutadapt_gc_rl.tsv.gz
"(52,53]",246879,CDM019.A0101.SG1.1.10M_cutadapt_gc_rl.tsv.gz
"(53,54]",273065,CDM019.A0101.SG1.1.10M_cutadapt_gc_rl.tsv.gz
"(54,55]",280110,CDM019.A0101.SG1.1.10M_cutadapt_gc_rl.tsv.gz
"(55,56]",296783,CDM019.A0101.SG1.1.10M_cutadapt_gc_rl.tsv.gz
"(56,57]",317842,CDM019.A0101.SG1.1.10M_cutadapt_gc_rl.tsv.gz
"(57,58]",341809,CDM019.A0101.SG1.1.10M_cutadapt_gc_rl.tsv.gz
"(58,59]",326803,CDM019.A0101.SG1.1.10M_cutadapt_gc_rl.tsv.gz
"(59,60]",423852,CDM019.A0101.SG1.1.10M_cutadapt_gc_rl.tsv.gz
"(60,61]",312581,CDM019.A0101.SG1.1.10M_cutadapt_gc_rl.tsv.gz
"(61,62]",389981,CDM019.A0101.SG1.1.10M_cutadapt_gc_rl.tsv.gz
"(62,63]",337943,CDM019.A0101.SG1.1.10M_cutadapt_gc_rl.tsv.gz
"(63,64]",393394,CDM019.A0101.SG1.1.10M_cutadapt_gc_rl.tsv.gz
"(64,65]",368677,CDM019.A0101.SG1.1.10M_cutadapt_gc_rl.tsv.gz
"(65,66]",347574,CDM019.A0101.SG1.1.10M_cutadapt_gc_rl.tsv.gz
"(66,67]",291126,CDM019.A0101.SG1.1.10M_cutadapt_gc_rl.tsv.gz
"(67,68]",318459,CDM019.A0101.SG1.1.10M_cutadapt_gc_rl.tsv.gz
"(68,69]",272314,CDM019.A0101.SG1.1.10M_cutadapt_gc_rl.tsv.gz
"(69,70]",280473,CDM019.A0101.SG1.1.10M_cutadapt_gc_rl.tsv.gz
"(70,71]",192431,CDM019.A0101.SG1.1.10M_cutadapt_gc_rl.tsv.gz
"(71,72]",209977,CDM019.A0101.SG1.1.10M_cutadapt_gc_rl.tsv.gz
"(72,73]",171427,CDM019.A0101.SG1.1.10M_cutadapt_gc_rl.tsv.gz
"(73,74]",153726,CDM019.A0101.SG1.1.10M_cutadapt_gc_rl.tsv.gz
"(74,75]",152839,CDM019.A0101.SG1.1.10M_cutadapt_gc_rl.tsv.gz
"(75,76]",76330,CDM019.A0101.SG1.1.10M_cutadapt_gc_rl.tsv.gz
"(76,77]",86971,CDM019.A0101.SG1.1.10M_cutadapt_gc_rl.tsv.gz
"(77,78]",72665,CDM019.A0101.SG1.1.10M_cutadapt_gc_rl.tsv.gz
"(78,79]",58098,CDM019.A0101.SG1.1.10M_cutadapt_gc_rl.tsv.gz
"(79,80]",49628,CDM019.A0101.SG1.1.10M_cutadapt_gc_rl.tsv.gz
"(80,81]",26985,CDM019.A0101.SG1.1.10M_cutadapt_gc_rl.tsv.gz
"(81,82]",27300,CDM019.A0101.SG1.1.10M_cutadapt_gc_rl.tsv.gz
"(82,83]",19073,CDM019.A0101.SG1.1.10M_cutadapt_gc_rl.tsv.gz
"(83,84]",15846,CDM019.A0101.SG1.1.10M_cutadapt_gc_rl.tsv.gz
"(84,85]",11462,CDM019.A0101.SG1.1.10M_cutadapt_gc_rl.tsv.gz
"(85,86]",7175,CDM019.A0101.SG1.1.10M_cutadapt_gc_rl.tsv.gz
"(86,87]",6248,CDM019.A0101.SG1.1.10M_cutadapt_gc_rl.tsv.gz
"(87,88]",5043,CDM019.A0101.SG1.1.10M_cutadapt_gc_rl.tsv.gz
"(88,89]",3202,CDM019.A0101.SG1.1.10M_cutadapt_gc_rl.tsv.gz
"(89,90]",2518,CDM019.A0101.SG1.1.10M_cutadapt_gc_rl.tsv.gz
"(90,91]",1857,CDM019.A0101.SG1.1.10M_cutadapt_gc_rl.tsv.gz
"(91,92]",1354,CDM019.A0101.SG1.1.10M_cutadapt_gc_rl.tsv.gz
"(92,93]",787,CDM019.A0101.SG1.1.10M_cutadapt_gc_rl.tsv.gz
"(93,94]",919,CDM019.A0101.SG1.1.10M_cutadapt_gc_rl.tsv.gz
"(94,95]",675,CDM019.A0101.SG1.1.10M_cutadapt_gc_rl.tsv.gz
"(95,96]",464,CDM019.A0101.SG1.1.10M_cutadapt_gc_rl.tsv.gz
"(96,97]",371,CDM019.A0101.SG1.1.10M_cutadapt_gc_rl.tsv.gz
"(97,98]",406,CDM019.A0101.SG1.1.10M_cutadapt_gc_rl.tsv.gz
"(98,99]",408,CDM019.A0101.SG1.1.10M_cutadapt_gc_rl.tsv.gz
"(99,100]",666,CDM019.A0101.SG1.1.10M_cutadapt_gc_rl.tsv.gz
"[0,1]",20,CDM019.A0102.SG1.4.10M_cutadapt_gc_rl.tsv.gz
"(1,2]",24,CDM019.A0102.SG1.4.10M_cutadapt_gc_rl.tsv.gz
"(2,3]",56,CDM019.A0102.SG1.4.10M_cutadapt_gc_rl.tsv.gz
"(3,4]",60,CDM019.A0102.SG1.4.10M_cutadapt_gc_rl.tsv.gz
"(4,5]",126,CDM019.A0102.SG1.4.10M_cutadapt_gc_rl.tsv.gz
"(5,6]",208,CDM019.A0102.SG1.4.10M_cutadapt_gc_rl.tsv.gz
"(6,7]",292,CDM019.A0102.SG1.4.10M_cutadapt_gc_rl.tsv.gz
"(7,8]",482,CDM019.A0102.SG1.4.10M_cutadapt_gc_rl.tsv.gz
"(8,9]",624,CDM019.A0102.SG1.4.10M_cutadapt_gc_rl.tsv.gz
"(9,10]",1154,CDM019.A0102.SG1.4.10M_cutadapt_gc_rl.tsv.gz
"(10,11]",1315,CDM019.A0102.SG1.4.10M_cutadapt_gc_rl.tsv.gz
"(11,12]",2220,CDM019.A0102.SG1.4.10M_cutadapt_gc_rl.tsv.gz
"(12,13]",2847,CDM019.A0102.SG1.4.10M_cutadapt_gc_rl.tsv.gz
"(13,14]",4331,CDM019.A0102.SG1.4.10M_cutadapt_gc_rl.tsv.gz
"(14,15]",5557,CDM019.A0102.SG1.4.10M_cutadapt_gc_rl.tsv.gz
"(15,16]",7356,CDM019.A0102.SG1.4.10M_cutadapt_gc_rl.tsv.gz
"(16,17]",8167,CDM019.A0102.SG1.4.10M_cutadapt_gc_rl.tsv.gz
"(17,18]",12450,CDM019.A0102.SG1.4.10M_cutadapt_gc_rl.tsv.gz
"(18,19]",14739,CDM019.A0102.SG1.4.10M_cutadapt_gc_rl.tsv.gz
"(19,20]",22651,CDM019.A0102.SG1.4.10M_cutadapt_gc_rl.tsv.gz
"(20,21]",16177,CDM019.A0102.SG1.4.10M_cutadapt_gc_rl.tsv.gz
"(21,22]",29089,CDM019.A0102.SG1.4.10M_cutadapt_gc_rl.tsv.gz
"(22,23]",32085,CDM019.A0102.SG1.4.10M_cutadapt_gc_rl.tsv.gz
"(23,24]",40404,CDM019.A0102.SG1.4.10M_cutadapt_gc_rl.tsv.gz
"(24,25]",55151,CDM019.A0102.SG1.4.10M_cutadapt_gc_rl.tsv.gz
"(25,26]",38852,CDM019.A0102.SG1.4.10M_cutadapt_gc_rl.tsv.gz
"(26,27]",59554,CDM019.A0102.SG1.4.10M_cutadapt_gc_rl.tsv.gz
"(27,28]",71116,CDM019.A0102.SG1.4.10M_cutadapt_gc_rl.tsv.gz
"(28,29]",76206,CDM019.A0102.SG1.4.10M_cutadapt_gc_rl.tsv.gz
"(29,30]",91054,CDM019.A0102.SG1.4.10M_cutadapt_gc_rl.tsv.gz
"(30,31]",88489,CDM019.A0102.SG1.4.10M_cutadapt_gc_rl.tsv.gz
"(31,32]",107268,CDM019.A0102.SG1.4.10M_cutadapt_gc_rl.tsv.gz
"(32,33]",113185,CDM019.A0102.SG1.4.10M_cutadapt_gc_rl.tsv.gz
"(33,34]",115090,CDM019.A0102.SG1.4.10M_cutadapt_gc_rl.tsv.gz
"(34,35]",140407,CDM019.A0102.SG1.4.10M_cutadapt_gc_rl.tsv.gz
"(35,36]",143301,CDM019.A0102.SG1.4.10M_cutadapt_gc_rl.tsv.gz
"(36,37]",153682,CDM019.A0102.SG1.4.10M_cutadapt_gc_rl.tsv.gz
"(37,38]",146574,CDM019.A0102.SG1.4.10M_cutadapt_gc_rl.tsv.gz
"(38,39]",167405,CDM019.A0102.SG1.4.10M_cutadapt_gc_rl.tsv.gz
"(39,40]",209961,CDM019.A0102.SG1.4.10M_cutadapt_gc_rl.tsv.gz
"(40,41]",143445,CDM019.A0102.SG1.4.10M_cutadapt_gc_rl.tsv.gz
"(41,42]",181731,CDM019.A0102.SG1.4.10M_cutadapt_gc_rl.tsv.gz
"(42,43]",184122,CDM019.A0102.SG1.4.10M_cutadapt_gc_rl.tsv.gz
"(43,44]",207729,CDM019.A0102.SG1.4.10M_cutadapt_gc_rl.tsv.gz
"(44,45]",191672,CDM019.A0102.SG1.4.10M_cutadapt_gc_rl.tsv.gz
"(45,46]",196012,CDM019.A0102.SG1.4.10M_cutadapt_gc_rl.tsv.gz
"(46,47]",198453,CDM019.A0102.SG1.4.10M_cutadapt_gc_rl.tsv.gz
"(47,48]",209353,CDM019.A0102.SG1.4.10M_cutadapt_gc_rl.tsv.gz
"(48,49]",220948,CDM019.A0102.SG1.4.10M_cutadapt_gc_rl.tsv.gz
"(49,50]",298638,CDM019.A0102.SG1.4.10M_cutadapt_gc_rl.tsv.gz
"(50,51]",80295,CDM019.A0102.SG1.4.10M_cutadapt_gc_rl.tsv.gz
"(51,52]",238881,CDM019.A0102.SG1.4.10M_cutadapt_gc_rl.tsv.gz
"(52,53]",210101,CDM019.A0102.SG1.4.10M_cutadapt_gc_rl.tsv.gz
"(53,54]",220383,CDM019.A0102.SG1.4.10M_cutadapt_gc_rl.tsv.gz
"(54,55]",230185,CDM019.A0102.SG1.4.10M_cutadapt_gc_rl.tsv.gz
"(55,56]",206146,CDM019.A0102.SG1.4.10M_cutadapt_gc_rl.tsv.gz
"(56,57]",225736,CDM019.A0102.SG1.4.10M_cutadapt_gc_rl.tsv.gz
"(57,58]",221996,CDM019.A0102.SG1.4.10M_cutadapt_gc_rl.tsv.gz
"(58,59]",213452,CDM019.A0102.SG1.4.10M_cutadapt_gc_rl.tsv.gz
"(59,60]",263564,CDM019.A0102.SG1.4.10M_cutadapt_gc_rl.tsv.gz
"(60,61]",167458,CDM019.A0102.SG1.4.10M_cutadapt_gc_rl.tsv.gz
"(61,62]",214443,CDM019.A0102.SG1.4.10M_cutadapt_gc_rl.tsv.gz
"(62,63]",180728,CDM019.A0102.SG1.4.10M_cutadapt_gc_rl.tsv.gz
"(63,64]",204930,CDM019.A0102.SG1.4.10M_cutadapt_gc_rl.tsv.gz
"(64,65]",184436,CDM019.A0102.SG1.4.10M_cutadapt_gc_rl.tsv.gz
"(65,66]",166035,CDM019.A0102.SG1.4.10M_cutadapt_gc_rl.tsv.gz
"(66,67]",140539,CDM019.A0102.SG1.4.10M_cutadapt_gc_rl.tsv.gz
"(67,68]",139299,CDM019.A0102.SG1.4.10M_cutadapt_gc_rl.tsv.gz
"(68,69]",117845,CDM019.A0102.SG1.4.10M_cutadapt_gc_rl.tsv.gz
"(69,70]",124987,CDM019.A0102.SG1.4.10M_cutadapt_gc_rl.tsv.gz
"(70,71]",84854,CDM019.A0102.SG1.4.10M_cutadapt_gc_rl.tsv.gz
"(71,72]",85244,CDM019.A0102.SG1.4.10M_cutadapt_gc_rl.tsv.gz
"(72,73]",67758,CDM019.A0102.SG1.4.10M_cutadapt_gc_rl.tsv.gz
"(73,74]",61322,CDM019.A0102.SG1.4.10M_cutadapt_gc_rl.tsv.gz
"(74,75]",63979,CDM019.A0102.SG1.4.10M_cutadapt_gc_rl.tsv.gz
"(75,76]",27865,CDM019.A0102.SG1.4.10M_cutadapt_gc_rl.tsv.gz
"(76,77]",34378,CDM019.A0102.SG1.4.10M_cutadapt_gc_rl.tsv.gz
"(77,78]",27338,CDM019.A0102.SG1.4.10M_cutadapt_gc_rl.tsv.gz
"(78,79]",23562,CDM019.A0102.SG1.4.10M_cutadapt_gc_rl.tsv.gz
"(79,80]",20167,CDM019.A0102.SG1.4.10M_cutadapt_gc_rl.tsv.gz
"(80,81]",9846,CDM019.A0102.SG1.4.10M_cutadapt_gc_rl.tsv.gz
"(81,82]",10845,CDM019.A0102.SG1.4.10M_cutadapt_gc_rl.tsv.gz
"(82,83]",7019,CDM019.A0102.SG1.4.10M_cutadapt_gc_rl.tsv.gz
"(83,84]",6811,CDM019.A0102.SG1.4.10M_cutadapt_gc_rl.tsv.gz
"(84,85]",4660,CDM019.A0102.SG1.4.10M_cutadapt_gc_rl.tsv.gz
"(85,86]",2334,CDM019.A0102.SG1.4.10M_cutadapt_gc_rl.tsv.gz
"(86,87]",2369,CDM019.A0102.SG1.4.10M_cutadapt_gc_rl.tsv.gz
"(87,88]",2147,CDM019.A0102.SG1.4.10M_cutadapt_gc_rl.tsv.gz
"(88,89]",1017,CDM019.A0102.SG1.4.10M_cutadapt_gc_rl.tsv.gz
"(89,90]",787,CDM019.A0102.SG1.4.10M_cutadapt_gc_rl.tsv.gz
"(90,91]",702,CDM019.A0102.SG1.4.10M_cutadapt_gc_rl.tsv.gz
"(91,92]",315,CDM019.A0102.SG1.4.10M_cutadapt_gc_rl.tsv.gz
"(92,93]",149,CDM019.A0102.SG1.4.10M_cutadapt_gc_rl.tsv.gz
"(93,94]",339,CDM019.A0102.SG1.4.10M_cutadapt_gc_rl.tsv.gz
"(94,95]",124,CDM019.A0102.SG1.4.10M_cutadapt_gc_rl.tsv.gz
"(95,96]",39,CDM019.A0102.SG1.4.10M_cutadapt_gc_rl.tsv.gz
"(96,97]",56,CDM019.A0102.SG1.4.10M_cutadapt_gc_rl.tsv.gz
"(97,98]",43,CDM019.A0102.SG1.4.10M_cutadapt_gc_rl.tsv.gz
"(98,99]",30,CDM019.A0102.SG1.4.10M_cutadapt_gc_rl.tsv.gz
"(99,100]",114,CDM019.A0102.SG1.4.10M_cutadapt_gc_rl.tsv.gz
"[0,1]",3,CDM020.A0101.SG1.1.10M_cutadapt_gc_rl.tsv.gz
"(1,2]",4,CDM020.A0101.SG1.1.10M_cutadapt_gc_rl.tsv.gz
"(2,3]",4,CDM020.A0101.SG1.1.10M_cutadapt_gc_rl.tsv.gz
"(3,4]",4,CDM020.A0101.SG1.1.10M_cutadapt_gc_rl.tsv.gz
"(4,5]",10,CDM020.A0101.SG1.1.10M_cutadapt_gc_rl.tsv.gz
"(5,6]",14,CDM020.A0101.SG1.1.10M_cutadapt_gc_rl.tsv.gz
"(6,7]",11,CDM020.A0101.SG1.1.10M_cutadapt_gc_rl.tsv.gz
"(7,8]",16,CDM020.A0101.SG1.1.10M_cutadapt_gc_rl.tsv.gz
"(8,9]",26,CDM020.A0101.SG1.1.10M_cutadapt_gc_rl.tsv.gz
"(9,10]",66,CDM020.A0101.SG1.1.10M_cutadapt_gc_rl.tsv.gz
"(10,11]",86,CDM020.A0101.SG1.1.10M_cutadapt_gc_rl.tsv.gz
"(11,12]",198,CDM020.A0101.SG1.1.10M_cutadapt_gc_rl.tsv.gz
"(12,13]",279,CDM020.A0101.SG1.1.10M_cutadapt_gc_rl.tsv.gz
"(13,14]",453,CDM020.A0101.SG1.1.10M_cutadapt_gc_rl.tsv.gz
"(14,15]",742,CDM020.A0101.SG1.1.10M_cutadapt_gc_rl.tsv.gz
"(15,16]",1112,CDM020.A0101.SG1.1.10M_cutadapt_gc_rl.tsv.gz
"(16,17]",1411,CDM020.A0101.SG1.1.10M_cutadapt_gc_rl.tsv.gz
"(17,18]",2523,CDM020.A0101.SG1.1.10M_cutadapt_gc_rl.tsv.gz
"(18,19]",3166,CDM020.A0101.SG1.1.10M_cutadapt_gc_rl.tsv.gz
"(19,20]",5501,CDM020.A0101.SG1.1.10M_cutadapt_gc_rl.tsv.gz
"(20,21]",4832,CDM020.A0101.SG1.1.10M_cutadapt_gc_rl.tsv.gz
"(21,22]",8211,CDM020.A0101.SG1.1.10M_cutadapt_gc_rl.tsv.gz
"(22,23]",9671,CDM020.A0101.SG1.1.10M_cutadapt_gc_rl.tsv.gz
"(23,24]",12972,CDM020.A0101.SG1.1.10M_cutadapt_gc_rl.tsv.gz
"(24,25]",19043,CDM020.A0101.SG1.1.10M_cutadapt_gc_rl.tsv.gz
"(25,26]",14745,CDM020.A0101.SG1.1.10M_cutadapt_gc_rl.tsv.gz
"(26,27]",22104,CDM020.A0101.SG1.1.10M_cutadapt_gc_rl.tsv.gz
"(27,28]",28034,CDM020.A0101.SG1.1.10M_cutadapt_gc_rl.tsv.gz
"(28,29]",31184,CDM020.A0101.SG1.1.10M_cutadapt_gc_rl.tsv.gz
"(29,30]",38984,CDM020.A0101.SG1.1.10M_cutadapt_gc_rl.tsv.gz
"(30,31]",39411,CDM020.A0101.SG1.1.10M_cutadapt_gc_rl.tsv.gz
"(31,32]",49836,CDM020.A0101.SG1.1.10M_cutadapt_gc_rl.tsv.gz
"(32,33]",53269,CDM020.A0101.SG1.1.10M_cutadapt_gc_rl.tsv.gz
"(33,34]",57650,CDM020.A0101.SG1.1.10M_cutadapt_gc_rl.tsv.gz
"(34,35]",71325,CDM020.A0101.SG1.1.10M_cutadapt_gc_rl.tsv.gz
"(35,36]",75143,CDM020.A0101.SG1.1.10M_cutadapt_gc_rl.tsv.gz
"(36,37]",83291,CDM020.A0101.SG1.1.10M_cutadapt_gc_rl.tsv.gz
"(37,38]",85896,CDM020.A0101.SG1.1.10M_cutadapt_gc_rl.tsv.gz
"(38,39]",97831,CDM020.A0101.SG1.1.10M_cutadapt_gc_rl.tsv.gz
"(39,40]",127302,CDM020.A0101.SG1.1.10M_cutadapt_gc_rl.tsv.gz
"(40,41]",92595,CDM020.A0101.SG1.1.10M_cutadapt_gc_rl.tsv.gz
"(41,42]",119755,CDM020.A0101.SG1.1.10M_cutadapt_gc_rl.tsv.gz
"(42,43]",127245,CDM020.A0101.SG1.1.10M_cutadapt_gc_rl.tsv.gz
"(43,44]",146269,CDM020.A0101.SG1.1.10M_cutadapt_gc_rl.tsv.gz
"(44,45]",144654,CDM020.A0101.SG1.1.10M_cutadapt_gc_rl.tsv.gz
"(45,46]",148891,CDM020.A0101.SG1.1.10M_cutadapt_gc_rl.tsv.gz
"(46,47]",161056,CDM020.A0101.SG1.1.10M_cutadapt_gc_rl.tsv.gz
"(47,48]",182368,CDM020.A0101.SG1.1.10M_cutadapt_gc_rl.tsv.gz
"(48,49]",191366,CDM020.A0101.SG1.1.10M_cutadapt_gc_rl.tsv.gz
"(49,50]",275170,CDM020.A0101.SG1.1.10M_cutadapt_gc_rl.tsv.gz
"(50,51]",95036,CDM020.A0101.SG1.1.10M_cutadapt_gc_rl.tsv.gz
"(51,52]",240029,CDM020.A0101.SG1.1.10M_cutadapt_gc_rl.tsv.gz
"(52,53]",229692,CDM020.A0101.SG1.1.10M_cutadapt_gc_rl.tsv.gz
"(53,54]",251419,CDM020.A0101.SG1.1.10M_cutadapt_gc_rl.tsv.gz
"(54,55]",264770,CDM020.A0101.SG1.1.10M_cutadapt_gc_rl.tsv.gz
"(55,56]",270898,CDM020.A0101.SG1.1.10M_cutadapt_gc_rl.tsv.gz
"(56,57]",294483,CDM020.A0101.SG1.1.10M_cutadapt_gc_rl.tsv.gz
"(57,58]",317028,CDM020.A0101.SG1.1.10M_cutadapt_gc_rl.tsv.gz
"(58,59]",306310,CDM020.A0101.SG1.1.10M_cutadapt_gc_rl.tsv.gz
"(59,60]",397548,CDM020.A0101.SG1.1.10M_cutadapt_gc_rl.tsv.gz
"(60,61]",288614,CDM020.A0101.SG1.1.10M_cutadapt_gc_rl.tsv.gz
"(61,62]",366336,CDM020.A0101.SG1.1.10M_cutadapt_gc_rl.tsv.gz
"(62,63]",322857,CDM020.A0101.SG1.1.10M_cutadapt_gc_rl.tsv.gz
"(63,64]",379167,CDM020.A0101.SG1.1.10M_cutadapt_gc_rl.tsv.gz
"(64,65]",357146,CDM020.A0101.SG1.1.10M_cutadapt_gc_rl.tsv.gz
"(65,66]",339043,CDM020.A0101.SG1.1.10M_cutadapt_gc_rl.tsv.gz
"(66,67]",288238,CDM020.A0101.SG1.1.10M_cutadapt_gc_rl.tsv.gz
"(67,68]",315532,CDM020.A0101.SG1.1.10M_cutadapt_gc_rl.tsv.gz
"(68,69]",270011,CDM020.A0101.SG1.1.10M_cutadapt_gc_rl.tsv.gz
"(69,70]",285054,CDM020.A0101.SG1.1.10M_cutadapt_gc_rl.tsv.gz
"(70,71]",193644,CDM020.A0101.SG1.1.10M_cutadapt_gc_rl.tsv.gz
"(71,72]",211868,CDM020.A0101.SG1.1.10M_cutadapt_gc_rl.tsv.gz
"(72,73]",171666,CDM020.A0101.SG1.1.10M_cutadapt_gc_rl.tsv.gz
"(73,74]",153251,CDM020.A0101.SG1.1.10M_cutadapt_gc_rl.tsv.gz
"(74,75]",151223,CDM020.A0101.SG1.1.10M_cutadapt_gc_rl.tsv.gz
"(75,76]",73097,CDM020.A0101.SG1.1.10M_cutadapt_gc_rl.tsv.gz
"(76,77]",83792,CDM020.A0101.SG1.1.10M_cutadapt_gc_rl.tsv.gz
"(77,78]",68255,CDM020.A0101.SG1.1.10M_cutadapt_gc_rl.tsv.gz
"(78,79]",54088,CDM020.A0101.SG1.1.10M_cutadapt_gc_rl.tsv.gz
"(79,80]",46196,CDM020.A0101.SG1.1.10M_cutadapt_gc_rl.tsv.gz
"(80,81]",23802,CDM020.A0101.SG1.1.10M_cutadapt_gc_rl.tsv.gz
"(81,82]",24126,CDM020.A0101.SG1.1.10M_cutadapt_gc_rl.tsv.gz
"(82,83]",16839,CDM020.A0101.SG1.1.10M_cutadapt_gc_rl.tsv.gz
"(83,84]",13946,CDM020.A0101.SG1.1.10M_cutadapt_gc_rl.tsv.gz
"(84,85]",10059,CDM020.A0101.SG1.1.10M_cutadapt_gc_rl.tsv.gz
"(85,86]",5812,CDM020.A0101.SG1.1.10M_cutadapt_gc_rl.tsv.gz
"(86,87]",5373,CDM020.A0101.SG1.1.10M_cutadapt_gc_rl.tsv.gz
"(87,88]",4362,CDM020.A0101.SG1.1.10M_cutadapt_gc_rl.tsv.gz
"(88,89]",2423,CDM020.A0101.SG1.1.10M_cutadapt_gc_rl.tsv.gz
"(89,90]",1991,CDM020.A0101.SG1.1.10M_cutadapt_gc_rl.tsv.gz
"(90,91]",1527,CDM020.A0101.SG1.1.10M_cutadapt_gc_rl.tsv.gz
"(91,92]",1136,CDM020.A0101.SG1.1.10M_cutadapt_gc_rl.tsv.gz
"(92,93]",632,CDM020.A0101.SG1.1.10M_cutadapt_gc_rl.tsv.gz
"(93,94]",762,CDM020.A0101.SG1.1.10M_cutadapt_gc_rl.tsv.gz
"(94,95]",636,CDM020.A0101.SG1.1.10M_cutadapt_gc_rl.tsv.gz
"(95,96]",368,CDM020.A0101.SG1.1.10M_cutadapt_gc_rl.tsv.gz
"(96,97]",347,CDM020.A0101.SG1.1.10M_cutadapt_gc_rl.tsv.gz
"(97,98]",398,CDM020.A0101.SG1.1.10M_cutadapt_gc_rl.tsv.gz
"(98,99]",337,CDM020.A0101.SG1.1.10M_cutadapt_gc_rl.tsv.gz
"(99,100]",645,CDM020.A0101.SG1.1.10M_cutadapt_gc_rl.tsv.gz
"[0,1]",16,CDM020.A0102.SG1.4.10M_cutadapt_gc_rl.tsv.gz
"(1,2]",32,CDM020.A0102.SG1.4.10M_cutadapt_gc_rl.tsv.gz
"(2,3]",56,CDM020.A0102.SG1.4.10M_cutadapt_gc_rl.tsv.gz
"(3,4]",47,CDM020.A0102.SG1.4.10M_cutadapt_gc_rl.tsv.gz
"(4,5]",155,CDM020.A0102.SG1.4.10M_cutadapt_gc_rl.tsv.gz
"(5,6]",223,CDM020.A0102.SG1.4.10M_cutadapt_gc_rl.tsv.gz
"(6,7]",331,CDM020.A0102.SG1.4.10M_cutadapt_gc_rl.tsv.gz
"(7,8]",587,CDM020.A0102.SG1.4.10M_cutadapt_gc_rl.tsv.gz
"(8,9]",841,CDM020.A0102.SG1.4.10M_cutadapt_gc_rl.tsv.gz
"(9,10]",1555,CDM020.A0102.SG1.4.10M_cutadapt_gc_rl.tsv.gz
"(10,11]",1803,CDM020.A0102.SG1.4.10M_cutadapt_gc_rl.tsv.gz
"(11,12]",2978,CDM020.A0102.SG1.4.10M_cutadapt_gc_rl.tsv.gz
"(12,13]",3633,CDM020.A0102.SG1.4.10M_cutadapt_gc_rl.tsv.gz
"(13,14]",5839,CDM020.A0102.SG1.4.10M_cutadapt_gc_rl.tsv.gz
"(14,15]",7345,CDM020.A0102.SG1.4.10M_cutadapt_gc_rl.tsv.gz
"(15,16]",9544,CDM020.A0102.SG1.4.10M_cutadapt_gc_rl.tsv.gz
"(16,17]",10860,CDM020.A0102.SG1.4.10M_cutadapt_gc_rl.tsv.gz
"(17,18]",15829,CDM020.A0102.SG1.4.10M_cutadapt_gc_rl.tsv.gz
"(18,19]",18795,CDM020.A0102.SG1.4.10M_cutadapt_gc_rl.tsv.gz
"(19,20]",28615,CDM020.A0102.SG1.4.10M_cutadapt_gc_rl.tsv.gz
"(20,21]",20037,CDM020.A0102.SG1.4.10M_cutadapt_gc_rl.tsv.gz
"(21,22]",35353,CDM020.A0102.SG1.4.10M_cutadapt_gc_rl.tsv.gz
"(22,23]",38738,CDM020.A0102.SG1.4.10M_cutadapt_gc_rl.tsv.gz
"(23,24]",47727,CDM020.A0102.SG1.4.10M_cutadapt_gc_rl.tsv.gz
"(24,25]",62585,CDM020.A0102.SG1.4.10M_cutadapt_gc_rl.tsv.gz
"(25,26]",44481,CDM020.A0102.SG1.4.10M_cutadapt_gc_rl.tsv.gz
"(26,27]",66031,CDM020.A0102.SG1.4.10M_cutadapt_gc_rl.tsv.gz
"(27,28]",78296,CDM020.A0102.SG1.4.10M_cutadapt_gc_rl.tsv.gz
"(28,29]",82032,CDM020.A0102.SG1.4.10M_cutadapt_gc_rl.tsv.gz
"(29,30]",96582,CDM020.A0102.SG1.4.10M_cutadapt_gc_rl.tsv.gz
"(30,31]",93375,CDM020.A0102.SG1.4.10M_cutadapt_gc_rl.tsv.gz
"(31,32]",112543,CDM020.A0102.SG1.4.10M_cutadapt_gc_rl.tsv.gz
"(32,33]",114733,CDM020.A0102.SG1.4.10M_cutadapt_gc_rl.tsv.gz
"(33,34]",116059,CDM020.A0102.SG1.4.10M_cutadapt_gc_rl.tsv.gz
"(34,35]",140401,CDM020.A0102.SG1.4.10M_cutadapt_gc_rl.tsv.gz
"(35,36]",141492,CDM020.A0102.SG1.4.10M_cutadapt_gc_rl.tsv.gz
"(36,37]",149616,CDM020.A0102.SG1.4.10M_cutadapt_gc_rl.tsv.gz
"(37,38]",143357,CDM020.A0102.SG1.4.10M_cutadapt_gc_rl.tsv.gz
"(38,39]",160833,CDM020.A0102.SG1.4.10M_cutadapt_gc_rl.tsv.gz
"(39,40]",200070,CDM020.A0102.SG1.4.10M_cutadapt_gc_rl.tsv.gz
"(40,41]",135579,CDM020.A0102.SG1.4.10M_cutadapt_gc_rl.tsv.gz
"(41,42]",173020,CDM020.A0102.SG1.4.10M_cutadapt_gc_rl.tsv.gz
"(42,43]",173459,CDM020.A0102.SG1.4.10M_cutadapt_gc_rl.tsv.gz
"(43,44]",194200,CDM020.A0102.SG1.4.10M_cutadapt_gc_rl.tsv.gz
"(44,45]",179636,CDM020.A0102.SG1.4.10M_cutadapt_gc_rl.tsv.gz
"(45,46]",184464,CDM020.A0102.SG1.4.10M_cutadapt_gc_rl.tsv.gz
"(46,47]",185057,CDM020.A0102.SG1.4.10M_cutadapt_gc_rl.tsv.gz
"(47,48]",197055,CDM020.A0102.SG1.4.10M_cutadapt_gc_rl.tsv.gz
"(48,49]",208512,CDM020.A0102.SG1.4.10M_cutadapt_gc_rl.tsv.gz
"(49,50]",282074,CDM020.A0102.SG1.4.10M_cutadapt_gc_rl.tsv.gz
"(50,51]",75044,CDM020.A0102.SG1.4.10M_cutadapt_gc_rl.tsv.gz
"(51,52]",228469,CDM020.A0102.SG1.4.10M_cutadapt_gc_rl.tsv.gz
"(52,53]",199807,CDM020.A0102.SG1.4.10M_cutadapt_gc_rl.tsv.gz
"(53,54]",211865,CDM020.A0102.SG1.4.10M_cutadapt_gc_rl.tsv.gz
"(54,55]",225255,CDM020.A0102.SG1.4.10M_cutadapt_gc_rl.tsv.gz
"(55,56]",199361,CDM020.A0102.SG1.4.10M_cutadapt_gc_rl.tsv.gz
"(56,57]",220712,CDM020.A0102.SG1.4.10M_cutadapt_gc_rl.tsv.gz
"(57,58]",219940,CDM020.A0102.SG1.4.10M_cutadapt_gc_rl.tsv.gz
"(58,59]",215327,CDM020.A0102.SG1.4.10M_cutadapt_gc_rl.tsv.gz
"(59,60]",265189,CDM020.A0102.SG1.4.10M_cutadapt_gc_rl.tsv.gz
"(60,61]",166759,CDM020.A0102.SG1.4.10M_cutadapt_gc_rl.tsv.gz
"(61,62]",217997,CDM020.A0102.SG1.4.10M_cutadapt_gc_rl.tsv.gz
"(62,63]",187870,CDM020.A0102.SG1.4.10M_cutadapt_gc_rl.tsv.gz
"(63,64]",211641,CDM020.A0102.SG1.4.10M_cutadapt_gc_rl.tsv.gz
"(64,65]",191957,CDM020.A0102.SG1.4.10M_cutadapt_gc_rl.tsv.gz
"(65,66]",173869,CDM020.A0102.SG1.4.10M_cutadapt_gc_rl.tsv.gz
"(66,67]",151445,CDM020.A0102.SG1.4.10M_cutadapt_gc_rl.tsv.gz
"(67,68]",147260,CDM020.A0102.SG1.4.10M_cutadapt_gc_rl.tsv.gz
"(68,69]",125619,CDM020.A0102.SG1.4.10M_cutadapt_gc_rl.tsv.gz
"(69,70]",133525,CDM020.A0102.SG1.4.10M_cutadapt_gc_rl.tsv.gz
"(70,71]",90577,CDM020.A0102.SG1.4.10M_cutadapt_gc_rl.tsv.gz
"(71,72]",90577,CDM020.A0102.SG1.4.10M_cutadapt_gc_rl.tsv.gz
"(72,73]",71532,CDM020.A0102.SG1.4.10M_cutadapt_gc_rl.tsv.gz
"(73,74]",63785,CDM020.A0102.SG1.4.10M_cutadapt_gc_rl.tsv.gz
"(74,75]",67026,CDM020.A0102.SG1.4.10M_cutadapt_gc_rl.tsv.gz
"(75,76]",28259,CDM020.A0102.SG1.4.10M_cutadapt_gc_rl.tsv.gz
"(76,77]",34907,CDM020.A0102.SG1.4.10M_cutadapt_gc_rl.tsv.gz
"(77,78]",27617,CDM020.A0102.SG1.4.10M_cutadapt_gc_rl.tsv.gz
"(78,79]",23209,CDM020.A0102.SG1.4.10M_cutadapt_gc_rl.tsv.gz
"(79,80]",19735,CDM020.A0102.SG1.4.10M_cutadapt_gc_rl.tsv.gz
"(80,81]",9446,CDM020.A0102.SG1.4.10M_cutadapt_gc_rl.tsv.gz
"(81,82]",10000,CDM020.A0102.SG1.4.10M_cutadapt_gc_rl.tsv.gz
"(82,83]",6400,CDM020.A0102.SG1.4.10M_cutadapt_gc_rl.tsv.gz
"(83,84]",6206,CDM020.A0102.SG1.4.10M_cutadapt_gc_rl.tsv.gz
"(84,85]",4085,CDM020.A0102.SG1.4.10M_cutadapt_gc_rl.tsv.gz
"(85,86]",1820,CDM020.A0102.SG1.4.10M_cutadapt_gc_rl.tsv.gz
"(86,87]",2096,CDM020.A0102.SG1.4.10M_cutadapt_gc_rl.tsv.gz
"(87,88]",1839,CDM020.A0102.SG1.4.10M_cutadapt_gc_rl.tsv.gz
"(88,89]",819,CDM020.A0102.SG1.4.10M_cutadapt_gc_rl.tsv.gz
"(89,90]",581,CDM020.A0102.SG1.4.10M_cutadapt_gc_rl.tsv.gz
"(90,91]",489,CDM020.A0102.SG1.4.10M_cutadapt_gc_rl.tsv.gz
"(91,92]",255,CDM020.A0102.SG1.4.10M_cutadapt_gc_rl.tsv.gz
"(92,93]",84,CDM020.A0102.SG1.4.10M_cutadapt_gc_rl.tsv.gz
"(93,94]",243,CDM020.A0102.SG1.4.10M_cutadapt_gc_rl.tsv.gz
"(94,95]",77,CDM020.A0102.SG1.4.10M_cutadapt_gc_rl.tsv.gz
"(95,96]",23,CDM020.A0102.SG1.4.10M_cutadapt_gc_rl.tsv.gz
"(96,97]",51,CDM020.A0102.SG1.4.10M_cutadapt_gc_rl.tsv.gz
"(97,98]",31,CDM020.A0102.SG1.4.10M_cutadapt_gc_rl.tsv.gz
"(98,99]",37,CDM020.A0102.SG1.4.10M_cutadapt_gc_rl.tsv.gz
"(99,100]",135,CDM020.A0102.SG1.4.10M_cutadapt_gc_rl.tsv.gz
"[0,1]",32,FUM001.A0101.SG1.1.10M_cutadapt_gc_rl.tsv.gz
"(1,2]",38,FUM001.A0101.SG1.1.10M_cutadapt_gc_rl.tsv.gz
"(2,3]",66,FUM001.A0101.SG1.1.10M_cutadapt_gc_rl.tsv.gz
"(3,4]",37,FUM001.A0101.SG1.1.10M_cutadapt_gc_rl.tsv.gz
"(4,5]",59,FUM001.A0101.SG1.1.10M_cutadapt_gc_rl.tsv.gz
"(5,6]",94,FUM001.A0101.SG1.1.10M_cutadapt_gc_rl.tsv.gz
"(6,7]",90,FUM001.A0101.SG1.1.10M_cutadapt_gc_rl.tsv.gz
"(7,8]",93,FUM001.A0101.SG1.1.10M_cutadapt_gc_rl.tsv.gz
"(8,9]",105,FUM001.A0101.SG1.1.10M_cutadapt_gc_rl.tsv.gz
"(9,10]",195,FUM001.A0101.SG1.1.10M_cutadapt_gc_rl.tsv.gz
"(10,11]",204,FUM001.A0101.SG1.1.10M_cutadapt_gc_rl.tsv.gz
"(11,12]",285,FUM001.A0101.SG1.1.10M_cutadapt_gc_rl.tsv.gz
"(12,13]",404,FUM001.A0101.SG1.1.10M_cutadapt_gc_rl.tsv.gz
"(13,14]",493,FUM001.A0101.SG1.1.10M_cutadapt_gc_rl.tsv.gz
"(14,15]",569,FUM001.A0101.SG1.1.10M_cutadapt_gc_rl.tsv.gz
"(15,16]",1044,FUM001.A0101.SG1.1.10M_cutadapt_gc_rl.tsv.gz
"(16,17]",1184,FUM001.A0101.SG1.1.10M_cutadapt_gc_rl.tsv.gz
"(17,18]",1730,FUM001.A0101.SG1.1.10M_cutadapt_gc_rl.tsv.gz
"(18,19]",2214,FUM001.A0101.SG1.1.10M_cutadapt_gc_rl.tsv.gz
"(19,20]",3619,FUM001.A0101.SG1.1.10M_cutadapt_gc_rl.tsv.gz
"(20,21]",2657,FUM001.A0101.SG1.1.10M_cutadapt_gc_rl.tsv.gz
"(21,22]",5262,FUM001.A0101.SG1.1.10M_cutadapt_gc_rl.tsv.gz
"(22,23]",5735,FUM001.A0101.SG1.1.10M_cutadapt_gc_rl.tsv.gz
"(23,24]",7832,FUM001.A0101.SG1.1.10M_cutadapt_gc_rl.tsv.gz
"(24,25]",11028,FUM001.A0101.SG1.1.10M_cutadapt_gc_rl.tsv.gz
"(25,26]",8367,FUM001.A0101.SG1.1.10M_cutadapt_gc_rl.tsv.gz
"(26,27]",13205,FUM001.A0101.SG1.1.10M_cutadapt_gc_rl.tsv.gz
"(27,28]",16243,FUM001.A0101.SG1.1.10M_cutadapt_gc_rl.tsv.gz
"(28,29]",17882,FUM001.A0101.SG1.1.10M_cutadapt_gc_rl.tsv.gz
"(29,30]",22486,FUM001.A0101.SG1.1.10M_cutadapt_gc_rl.tsv.gz
"(30,31]",22770,FUM001.A0101.SG1.1.10M_cutadapt_gc_rl.tsv.gz
"(31,32]",28557,FUM001.A0101.SG1.1.10M_cutadapt_gc_rl.tsv.gz
"(32,33]",29926,FUM001.A0101.SG1.1.10M_cutadapt_gc_rl.tsv.gz
"(33,34]",32320,FUM001.A0101.SG1.1.10M_cutadapt_gc_rl.tsv.gz
"(34,35]",40381,FUM001.A0101.SG1.1.10M_cutadapt_gc_rl.tsv.gz
"(35,36]",44166,FUM001.A0101.SG1.1.10M_cutadapt_gc_rl.tsv.gz
"(36,37]",47156,FUM001.A0101.SG1.1.10M_cutadapt_gc_rl.tsv.gz
"(37,38]",48885,FUM001.A0101.SG1.1.10M_cutadapt_gc_rl.tsv.gz
"(38,39]",55342,FUM001.A0101.SG1.1.10M_cutadapt_gc_rl.tsv.gz
"(39,40]",72985,FUM001.A0101.SG1.1.10M_cutadapt_gc_rl.tsv.gz
"(40,41]",51814,FUM001.A0101.SG1.1.10M_cutadapt_gc_rl.tsv.gz
"(41,42]",71351,FUM001.A0101.SG1.1.10M_cutadapt_gc_rl.tsv.gz
"(42,43]",73808,FUM001.A0101.SG1.1.10M_cutadapt_gc_rl.tsv.gz
"(43,44]",86364,FUM001.A0101.SG1.1.10M_cutadapt_gc_rl.tsv.gz
"(44,45]",85800,FUM001.A0101.SG1.1.10M_cutadapt_gc_rl.tsv.gz
"(45,46]",93516,FUM001.A0101.SG1.1.10M_cutadapt_gc_rl.tsv.gz
"(46,47]",95683,FUM001.A0101.SG1.1.10M_cutadapt_gc_rl.tsv.gz
"(47,48]",107690,FUM001.A0101.SG1.1.10M_cutadapt_gc_rl.tsv.gz
"(48,49]",118215,FUM001.A0101.SG1.1.10M_cutadapt_gc_rl.tsv.gz
"(49,50]",168266,FUM001.A0101.SG1.1.10M_cutadapt_gc_rl.tsv.gz
"(50,51]",46414,FUM001.A0101.SG1.1.10M_cutadapt_gc_rl.tsv.gz
"(51,52]",146186,FUM001.A0101.SG1.1.10M_cutadapt_gc_rl.tsv.gz
"(52,53]",134968,FUM001.A0101.SG1.1.10M_cutadapt_gc_rl.tsv.gz
"(53,54]",145814,FUM001.A0101.SG1.1.10M_cutadapt_gc_rl.tsv.gz
"(54,55]",160490,FUM001.A0101.SG1.1.10M_cutadapt_gc_rl.tsv.gz
"(55,56]",150683,FUM001.A0101.SG1.1.10M_cutadapt_gc_rl.tsv.gz
"(56,57]",169942,FUM001.A0101.SG1.1.10M_cutadapt_gc_rl.tsv.gz
"(57,58]",180657,FUM001.A0101.SG1.1.10M_cutadapt_gc_rl.tsv.gz
"(58,59]",182811,FUM001.A0101.SG1.1.10M_cutadapt_gc_rl.tsv.gz
"(59,60]",234253,FUM001.A0101.SG1.1.10M_cutadapt_gc_rl.tsv.gz
"(60,61]",160705,FUM001.A0101.SG1.1.10M_cutadapt_gc_rl.tsv.gz
"(61,62]",212833,FUM001.A0101.SG1.1.10M_cutadapt_gc_rl.tsv.gz
"(62,63]",189994,FUM001.A0101.SG1.1.10M_cutadapt_gc_rl.tsv.gz
"(63,64]",220643,FUM001.A0101.SG1.1.10M_cutadapt_gc_rl.tsv.gz
"(64,65]",212399,FUM001.A0101.SG1.1.10M_cutadapt_gc_rl.tsv.gz
"(65,66]",199715,FUM001.A0101.SG1.1.10M_cutadapt_gc_rl.tsv.gz
"(66,67]",177525,FUM001.A0101.SG1.1.10M_cutadapt_gc_rl.tsv.gz
"(67,68]",186009,FUM001.A0101.SG1.1.10M_cutadapt_gc_rl.tsv.gz
"(68,69]",162417,FUM001.A0101.SG1.1.10M_cutadapt_gc_rl.tsv.gz
"(69,70]",181439,FUM001.A0101.SG1.1.10M_cutadapt_gc_rl.tsv.gz
"(70,71]",125992,FUM001.A0101.SG1.1.10M_cutadapt_gc_rl.tsv.gz
"(71,72]",135511,FUM001.A0101.SG1.1.10M_cutadapt_gc_rl.tsv.gz
"(72,73]",112911,FUM001.A0101.SG1.1.10M_cutadapt_gc_rl.tsv.gz
"(73,74]",100670,FUM001.A0101.SG1.1.10M_cutadapt_gc_rl.tsv.gz
"(74,75]",105435,FUM001.A0101.SG1.1.10M_cutadapt_gc_rl.tsv.gz
"(75,76]",48497,FUM001.A0101.SG1.1.10M_cutadapt_gc_rl.tsv.gz
"(76,77]",57698,FUM001.A0101.SG1.1.10M_cutadapt_gc_rl.tsv.gz
"(77,78]",47302,FUM001.A0101.SG1.1.10M_cutadapt_gc_rl.tsv.gz
"(78,79]",38704,FUM001.A0101.SG1.1.10M_cutadapt_gc_rl.tsv.gz
"(79,80]",33401,FUM001.A0101.SG1.1.10M_cutadapt_gc_rl.tsv.gz
"(80,81]",16160,FUM001.A0101.SG1.1.10M_cutadapt_gc_rl.tsv.gz
"(81,82]",17563,FUM001.A0101.SG1.1.10M_cutadapt_gc_rl.tsv.gz
"(82,83]",12168,FUM001.A0101.SG1.1.10M_cutadapt_gc_rl.tsv.gz
"(83,84]",10218,FUM001.A0101.SG1.1.10M_cutadapt_gc_rl.tsv.gz
"(84,85]",7201,FUM001.A0101.SG1.1.10M_cutadapt_gc_rl.tsv.gz
"(85,86]",4197,FUM001.A0101.SG1.1.10M_cutadapt_gc_rl.tsv.gz
"(86,87]",4244,FUM001.A0101.SG1.1.10M_cutadapt_gc_rl.tsv.gz
"(87,88]",3572,FUM001.A0101.SG1.1.10M_cutadapt_gc_rl.tsv.gz
"(88,89]",2138,FUM001.A0101.SG1.1.10M_cutadapt_gc_rl.tsv.gz
"(89,90]",2016,FUM001.A0101.SG1.1.10M_cutadapt_gc_rl.tsv.gz
"(90,91]",1859,FUM001.A0101.SG1.1.10M_cutadapt_gc_rl.tsv.gz
"(91,92]",1355,FUM001.A0101.SG1.1.10M_cutadapt_gc_rl.tsv.gz
"(92,93]",967,FUM001.A0101.SG1.1.10M_cutadapt_gc_rl.tsv.gz
"(93,94]",1112,FUM001.A0101.SG1.1.10M_cutadapt_gc_rl.tsv.gz
"(94,95]",1022,FUM001.A0101.SG1.1.10M_cutadapt_gc_rl.tsv.gz
"(95,96]",681,FUM001.A0101.SG1.1.10M_cutadapt_gc_rl.tsv.gz
"(96,97]",590,FUM001.A0101.SG1.1.10M_cutadapt_gc_rl.tsv.gz
"(97,98]",656,FUM001.A0101.SG1.1.10M_cutadapt_gc_rl.tsv.gz
"(98,99]",647,FUM001.A0101.SG1.1.10M_cutadapt_gc_rl.tsv.gz
"(99,100]",821,FUM001.A0101.SG1.1.10M_cutadapt_gc_rl.tsv.gz
"[0,1]",18,FUM001.A0102.SG1.4.10M_cutadapt_gc_rl.tsv.gz
"(1,2]",18,FUM001.A0102.SG1.4.10M_cutadapt_gc_rl.tsv.gz
"(2,3]",65,FUM001.A0102.SG1.4.10M_cutadapt_gc_rl.tsv.gz
"(3,4]",37,FUM001.A0102.SG1.4.10M_cutadapt_gc_rl.tsv.gz
"(4,5]",90,FUM001.A0102.SG1.4.10M_cutadapt_gc_rl.tsv.gz
"(5,6]",187,FUM001.A0102.SG1.4.10M_cutadapt_gc_rl.tsv.gz
"(6,7]",234,FUM001.A0102.SG1.4.10M_cutadapt_gc_rl.tsv.gz
"(7,8]",254,FUM001.A0102.SG1.4.10M_cutadapt_gc_rl.tsv.gz
"(8,9]",418,FUM001.A0102.SG1.4.10M_cutadapt_gc_rl.tsv.gz
"(9,10]",749,FUM001.A0102.SG1.4.10M_cutadapt_gc_rl.tsv.gz
"(10,11]",518,FUM001.A0102.SG1.4.10M_cutadapt_gc_rl.tsv.gz
"(11,12]",886,FUM001.A0102.SG1.4.10M_cutadapt_gc_rl.tsv.gz
"(12,13]",1209,FUM001.A0102.SG1.4.10M_cutadapt_gc_rl.tsv.gz
"(13,14]",1459,FUM001.A0102.SG1.4.10M_cutadapt_gc_rl.tsv.gz
"(14,15]",1414,FUM001.A0102.SG1.4.10M_cutadapt_gc_rl.tsv.gz
"(15,16]",2100,FUM001.A0102.SG1.4.10M_cutadapt_gc_rl.tsv.gz
"(16,17]",2436,FUM001.A0102.SG1.4.10M_cutadapt_gc_rl.tsv.gz
"(17,18]",2837,FUM001.A0102.SG1.4.10M_cutadapt_gc_rl.tsv.gz
"(18,19]",3636,FUM001.A0102.SG1.4.10M_cutadapt_gc_rl.tsv.gz
"(19,20]",5385,FUM001.A0102.SG1.4.10M_cutadapt_gc_rl.tsv.gz
"(20,21]",2789,FUM001.A0102.SG1.4.10M_cutadapt_gc_rl.tsv.gz
"(21,22]",5823,FUM001.A0102.SG1.4.10M_cutadapt_gc_rl.tsv.gz
"(22,23]",5811,FUM001.A0102.SG1.4.10M_cutadapt_gc_rl.tsv.gz
"(23,24]",6890,FUM001.A0102.SG1.4.10M_cutadapt_gc_rl.tsv.gz
"(24,25]",8450,FUM001.A0102.SG1.4.10M_cutadapt_gc_rl.tsv.gz
"(25,26]",5931,FUM001.A0102.SG1.4.10M_cutadapt_gc_rl.tsv.gz
"(26,27]",8830,FUM001.A0102.SG1.4.10M_cutadapt_gc_rl.tsv.gz
"(27,28]",9642,FUM001.A0102.SG1.4.10M_cutadapt_gc_rl.tsv.gz
"(28,29]",9992,FUM001.A0102.SG1.4.10M_cutadapt_gc_rl.tsv.gz
"(29,30]",12436,FUM001.A0102.SG1.4.10M_cutadapt_gc_rl.tsv.gz
"(30,31]",10744,FUM001.A0102.SG1.4.10M_cutadapt_gc_rl.tsv.gz
"(31,32]",12631,FUM001.A0102.SG1.4.10M_cutadapt_gc_rl.tsv.gz
"(32,33]",12739,FUM001.A0102.SG1.4.10M_cutadapt_gc_rl.tsv.gz
"(33,34]",13352,FUM001.A0102.SG1.4.10M_cutadapt_gc_rl.tsv.gz
"(34,35]",14979,FUM001.A0102.SG1.4.10M_cutadapt_gc_rl.tsv.gz
"(35,36]",14820,FUM001.A0102.SG1.4.10M_cutadapt_gc_rl.tsv.gz
"(36,37]",15932,FUM001.A0102.SG1.4.10M_cutadapt_gc_rl.tsv.gz
"(37,38]",14295,FUM001.A0102.SG1.4.10M_cutadapt_gc_rl.tsv.gz
"(38,39]",16243,FUM001.A0102.SG1.4.10M_cutadapt_gc_rl.tsv.gz
"(39,40]",20461,FUM001.A0102.SG1.4.10M_cutadapt_gc_rl.tsv.gz
"(40,41]",12568,FUM001.A0102.SG1.4.10M_cutadapt_gc_rl.tsv.gz
"(41,42]",17623,FUM001.A0102.SG1.4.10M_cutadapt_gc_rl.tsv.gz
"(42,43]",16321,FUM001.A0102.SG1.4.10M_cutadapt_gc_rl.tsv.gz
"(43,44]",19477,FUM001.A0102.SG1.4.10M_cutadapt_gc_rl.tsv.gz
"(44,45]",17147,FUM001.A0102.SG1.4.10M_cutadapt_gc_rl.tsv.gz
"(45,46]",19354,FUM001.A0102.SG1.4.10M_cutadapt_gc_rl.tsv.gz
"(46,47]",19000,FUM001.A0102.SG1.4.10M_cutadapt_gc_rl.tsv.gz
"(47,48]",19253,FUM001.A0102.SG1.4.10M_cutadapt_gc_rl.tsv.gz
"(48,49]",22734,FUM001.A0102.SG1.4.10M_cutadapt_gc_rl.tsv.gz
"(49,50]",30806,FUM001.A0102.SG1.4.10M_cutadapt_gc_rl.tsv.gz
"(50,51]",5763,FUM001.A0102.SG1.4.10M_cutadapt_gc_rl.tsv.gz
"(51,52]",25757,FUM001.A0102.SG1.4.10M_cutadapt_gc_rl.tsv.gz
"(52,53]",20945,FUM001.A0102.SG1.4.10M_cutadapt_gc_rl.tsv.gz
"(53,54]",23001,FUM001.A0102.SG1.4.10M_cutadapt_gc_rl.tsv.gz
"(54,55]",25630,FUM001.A0102.SG1.4.10M_cutadapt_gc_rl.tsv.gz
"(55,56]",20385,FUM001.A0102.SG1.4.10M_cutadapt_gc_rl.tsv.gz
"(56,57]",24558,FUM001.A0102.SG1.4.10M_cutadapt_gc_rl.tsv.gz
"(57,58]",23438,FUM001.A0102.SG1.4.10M_cutadapt_gc_rl.tsv.gz
"(58,59]",24546,FUM001.A0102.SG1.4.10M_cutadapt_gc_rl.tsv.gz
"(59,60]",30363,FUM001.A0102.SG1.4.10M_cutadapt_gc_rl.tsv.gz
"(60,61]",17855,FUM001.A0102.SG1.4.10M_cutadapt_gc_rl.tsv.gz
"(61,62]",24820,FUM001.A0102.SG1.4.10M_cutadapt_gc_rl.tsv.gz
"(62,63]",22054,FUM001.A0102.SG1.4.10M_cutadapt_gc_rl.tsv.gz
"(63,64]",25318,FUM001.A0102.SG1.4.10M_cutadapt_gc_rl.tsv.gz
"(64,65]",23310,FUM001.A0102.SG1.4.10M_cutadapt_gc_rl.tsv.gz
"(65,66]",21377,FUM001.A0102.SG1.4.10M_cutadapt_gc_rl.tsv.gz
"(66,67]",19935,FUM001.A0102.SG1.4.10M_cutadapt_gc_rl.tsv.gz
"(67,68]",18858,FUM001.A0102.SG1.4.10M_cutadapt_gc_rl.tsv.gz
"(68,69]",16549,FUM001.A0102.SG1.4.10M_cutadapt_gc_rl.tsv.gz
"(69,70]",18639,FUM001.A0102.SG1.4.10M_cutadapt_gc_rl.tsv.gz
"(70,71]",13194,FUM001.A0102.SG1.4.10M_cutadapt_gc_rl.tsv.gz
"(71,72]",13194,FUM001.A0102.SG1.4.10M_cutadapt_gc_rl.tsv.gz
"(72,73]",10635,FUM001.A0102.SG1.4.10M_cutadapt_gc_rl.tsv.gz
"(73,74]",9976,FUM001.A0102.SG1.4.10M_cutadapt_gc_rl.tsv.gz
"(74,75]",11157,FUM001.A0102.SG1.4.10M_cutadapt_gc_rl.tsv.gz
"(75,76]",4583,FUM001.A0102.SG1.4.10M_cutadapt_gc_rl.tsv.gz
"(76,77]",6044,FUM001.A0102.SG1.4.10M_cutadapt_gc_rl.tsv.gz
"(77,78]",4724,FUM001.A0102.SG1.4.10M_cutadapt_gc_rl.tsv.gz
"(78,79]",4146,FUM001.A0102.SG1.4.10M_cutadapt_gc_rl.tsv.gz
"(79,80]",3542,FUM001.A0102.SG1.4.10M_cutadapt_gc_rl.tsv.gz
"(80,81]",1758,FUM001.A0102.SG1.4.10M_cutadapt_gc_rl.tsv.gz
"(81,82]",1832,FUM001.A0102.SG1.4.10M_cutadapt_gc_rl.tsv.gz
"(82,83]",1107,FUM001.A0102.SG1.4.10M_cutadapt_gc_rl.tsv.gz
"(83,84]",1176,FUM001.A0102.SG1.4.10M_cutadapt_gc_rl.tsv.gz
"(84,85]",782,FUM001.A0102.SG1.4.10M_cutadapt_gc_rl.tsv.gz
"(85,86]",405,FUM001.A0102.SG1.4.10M_cutadapt_gc_rl.tsv.gz
"(86,87]",408,FUM001.A0102.SG1.4.10M_cutadapt_gc_rl.tsv.gz
"(87,88]",356,FUM001.A0102.SG1.4.10M_cutadapt_gc_rl.tsv.gz
"(88,89]",176,FUM001.A0102.SG1.4.10M_cutadapt_gc_rl.tsv.gz
"(89,90]",136,FUM001.A0102.SG1.4.10M_cutadapt_gc_rl.tsv.gz
"(90,91]",143,FUM001.A0102.SG1.4.10M_cutadapt_gc_rl.tsv.gz
"(91,92]",68,FUM001.A0102.SG1.4.10M_cutadapt_gc_rl.tsv.gz
"(92,93]",44,FUM001.A0102.SG1.4.10M_cutadapt_gc_rl.tsv.gz
"(93,94]",74,FUM001.A0102.SG1.4.10M_cutadapt_gc_rl.tsv.gz
"(94,95]",42,FUM001.A0102.SG1.4.10M_cutadapt_gc_rl.tsv.gz
"(95,96]",12,FUM001.A0102.SG1.4.10M_cutadapt_gc_rl.tsv.gz
"(96,97]",15,FUM001.A0102.SG1.4.10M_cutadapt_gc_rl.tsv.gz
"(97,98]",25,FUM001.A0102.SG1.4.10M_cutadapt_gc_rl.tsv.gz
"(98,99]",14,FUM001.A0102.SG1.4.10M_cutadapt_gc_rl.tsv.gz
"(99,100]",22,FUM001.A0102.SG1.4.10M_cutadapt_gc_rl.tsv.gz
"(1,2]",5,FUM002.A0101.SG1.1.10M_cutadapt_gc_rl.tsv.gz
"(2,3]",6,FUM002.A0101.SG1.1.10M_cutadapt_gc_rl.tsv.gz
"(3,4]",2,FUM002.A0101.SG1.1.10M_cutadapt_gc_rl.tsv.gz
"(4,5]",4,FUM002.A0101.SG1.1.10M_cutadapt_gc_rl.tsv.gz
"(5,6]",11,FUM002.A0101.SG1.1.10M_cutadapt_gc_rl.tsv.gz
"(6,7]",15,FUM002.A0101.SG1.1.10M_cutadapt_gc_rl.tsv.gz
"(7,8]",21,FUM002.A0101.SG1.1.10M_cutadapt_gc_rl.tsv.gz
"(8,9]",53,FUM002.A0101.SG1.1.10M_cutadapt_gc_rl.tsv.gz
"(9,10]",104,FUM002.A0101.SG1.1.10M_cutadapt_gc_rl.tsv.gz
"(10,11]",87,FUM002.A0101.SG1.1.10M_cutadapt_gc_rl.tsv.gz
"(11,12]",224,FUM002.A0101.SG1.1.10M_cutadapt_gc_rl.tsv.gz
"(12,13]",350,FUM002.A0101.SG1.1.10M_cutadapt_gc_rl.tsv.gz
"(13,14]",572,FUM002.A0101.SG1.1.10M_cutadapt_gc_rl.tsv.gz
"(14,15]",821,FUM002.A0101.SG1.1.10M_cutadapt_gc_rl.tsv.gz
"(15,16]",1195,FUM002.A0101.SG1.1.10M_cutadapt_gc_rl.tsv.gz
"(16,17]",1507,FUM002.A0101.SG1.1.10M_cutadapt_gc_rl.tsv.gz
"(17,18]",2295,FUM002.A0101.SG1.1.10M_cutadapt_gc_rl.tsv.gz
"(18,19]",2796,FUM002.A0101.SG1.1.10M_cutadapt_gc_rl.tsv.gz
"(19,20]",4860,FUM002.A0101.SG1.1.10M_cutadapt_gc_rl.tsv.gz
"(20,21]",3543,FUM002.A0101.SG1.1.10M_cutadapt_gc_rl.tsv.gz
"(21,22]",6703,FUM002.A0101.SG1.1.10M_cutadapt_gc_rl.tsv.gz
"(22,23]",7227,FUM002.A0101.SG1.1.10M_cutadapt_gc_rl.tsv.gz
"(23,24]",9819,FUM002.A0101.SG1.1.10M_cutadapt_gc_rl.tsv.gz
"(24,25]",14255,FUM002.A0101.SG1.1.10M_cutadapt_gc_rl.tsv.gz
"(25,26]",10399,FUM002.A0101.SG1.1.10M_cutadapt_gc_rl.tsv.gz
"(26,27]",15120,FUM002.A0101.SG1.1.10M_cutadapt_gc_rl.tsv.gz
"(27,28]",19072,FUM002.A0101.SG1.1.10M_cutadapt_gc_rl.tsv.gz
"(28,29]",21232,FUM002.A0101.SG1.1.10M_cutadapt_gc_rl.tsv.gz
"(29,30]",28851,FUM002.A0101.SG1.1.10M_cutadapt_gc_rl.tsv.gz
"(30,31]",25409,FUM002.A0101.SG1.1.10M_cutadapt_gc_rl.tsv.gz
"(31,32]",32154,FUM002.A0101.SG1.1.10M_cutadapt_gc_rl.tsv.gz
"(32,33]",34427,FUM002.A0101.SG1.1.10M_cutadapt_gc_rl.tsv.gz
"(33,34]",41103,FUM002.A0101.SG1.1.10M_cutadapt_gc_rl.tsv.gz
"(34,35]",49551,FUM002.A0101.SG1.1.10M_cutadapt_gc_rl.tsv.gz
"(35,36]",51004,FUM002.A0101.SG1.1.10M_cutadapt_gc_rl.tsv.gz
"(36,37]",58830,FUM002.A0101.SG1.1.10M_cutadapt_gc_rl.tsv.gz
"(37,38]",61315,FUM002.A0101.SG1.1.10M_cutadapt_gc_rl.tsv.gz
"(38,39]",69761,FUM002.A0101.SG1.1.10M_cutadapt_gc_rl.tsv.gz
"(39,40]",96290,FUM002.A0101.SG1.1.10M_cutadapt_gc_rl.tsv.gz
"(40,41]",61979,FUM002.A0101.SG1.1.10M_cutadapt_gc_rl.tsv.gz
"(41,42]",96991,FUM002.A0101.SG1.1.10M_cutadapt_gc_rl.tsv.gz
"(42,43]",96110,FUM002.A0101.SG1.1.10M_cutadapt_gc_rl.tsv.gz
"(43,44]",116660,FUM002.A0101.SG1.1.10M_cutadapt_gc_rl.tsv.gz
"(44,45]",114644,FUM002.A0101.SG1.1.10M_cutadapt_gc_rl.tsv.gz
"(45,46]",136326,FUM002.A0101.SG1.1.10M_cutadapt_gc_rl.tsv.gz
"(46,47]",133641,FUM002.A0101.SG1.1.10M_cutadapt_gc_rl.tsv.gz
"(47,48]",152574,FUM002.A0101.SG1.1.10M_cutadapt_gc_rl.tsv.gz
"(48,49]",183506,FUM002.A0101.SG1.1.10M_cutadapt_gc_rl.tsv.gz
"(49,50]",257816,FUM002.A0101.SG1.1.10M_cutadapt_gc_rl.tsv.gz
"(50,51]",57840,FUM002.A0101.SG1.1.10M_cutadapt_gc_rl.tsv.gz
"(51,52]",232160,FUM002.A0101.SG1.1.10M_cutadapt_gc_rl.tsv.gz
"(52,53]",207154,FUM002.A0101.SG1.1.10M_cutadapt_gc_rl.tsv.gz
"(53,54]",223270,FUM002.A0101.SG1.1.10M_cutadapt_gc_rl.tsv.gz
"(54,55]",261242,FUM002.A0101.SG1.1.10M_cutadapt_gc_rl.tsv.gz
"(55,56]",226006,FUM002.A0101.SG1.1.10M_cutadapt_gc_rl.tsv.gz
"(56,57]",261007,FUM002.A0101.SG1.1.10M_cutadapt_gc_rl.tsv.gz
"(57,58]",268993,FUM002.A0101.SG1.1.10M_cutadapt_gc_rl.tsv.gz
"(58,59]",281583,FUM002.A0101.SG1.1.10M_cutadapt_gc_rl.tsv.gz
"(59,60]",353446,FUM002.A0101.SG1.1.10M_cutadapt_gc_rl.tsv.gz
"(60,61]",229548,FUM002.A0101.SG1.1.10M_cutadapt_gc_rl.tsv.gz
"(61,62]",316611,FUM002.A0101.SG1.1.10M_cutadapt_gc_rl.tsv.gz
"(62,63]",290434,FUM002.A0101.SG1.1.10M_cutadapt_gc_rl.tsv.gz
"(63,64]",334966,FUM002.A0101.SG1.1.10M_cutadapt_gc_rl.tsv.gz
"(64,65]",326131,FUM002.A0101.SG1.1.10M_cutadapt_gc_rl.tsv.gz
"(65,66]",304516,FUM002.A0101.SG1.1.10M_cutadapt_gc_rl.tsv.gz
"(66,67]",286655,FUM002.A0101.SG1.1.10M_cutadapt_gc_rl.tsv.gz
"(67,68]",290634,FUM002.A0101.SG1.1.10M_cutadapt_gc_rl.tsv.gz
"(68,69]",256354,FUM002.A0101.SG1.1.10M_cutadapt_gc_rl.tsv.gz
"(69,70]",285835,FUM002.A0101.SG1.1.10M_cutadapt_gc_rl.tsv.gz
"(70,71]",203381,FUM002.A0101.SG1.1.10M_cutadapt_gc_rl.tsv.gz
"(71,72]",207884,FUM002.A0101.SG1.1.10M_cutadapt_gc_rl.tsv.gz
"(72,73]",171195,FUM002.A0101.SG1.1.10M_cutadapt_gc_rl.tsv.gz
"(73,74]",153066,FUM002.A0101.SG1.1.10M_cutadapt_gc_rl.tsv.gz
"(74,75]",156526,FUM002.A0101.SG1.1.10M_cutadapt_gc_rl.tsv.gz
"(75,76]",71161,FUM002.A0101.SG1.1.10M_cutadapt_gc_rl.tsv.gz
"(76,77]",82728,FUM002.A0101.SG1.1.10M_cutadapt_gc_rl.tsv.gz
"(77,78]",64464,FUM002.A0101.SG1.1.10M_cutadapt_gc_rl.tsv.gz
"(78,79]",51590,FUM002.A0101.SG1.1.10M_cutadapt_gc_rl.tsv.gz
"(79,80]",42319,FUM002.A0101.SG1.1.10M_cutadapt_gc_rl.tsv.gz
"(80,81]",20358,FUM002.A0101.SG1.1.10M_cutadapt_gc_rl.tsv.gz
"(81,82]",20549,FUM002.A0101.SG1.1.10M_cutadapt_gc_rl.tsv.gz
"(82,83]",12993,FUM002.A0101.SG1.1.10M_cutadapt_gc_rl.tsv.gz
"(83,84]",11048,FUM002.A0101.SG1.1.10M_cutadapt_gc_rl.tsv.gz
"(84,85]",7072,FUM002.A0101.SG1.1.10M_cutadapt_gc_rl.tsv.gz
"(85,86]",3680,FUM002.A0101.SG1.1.10M_cutadapt_gc_rl.tsv.gz
"(86,87]",3264,FUM002.A0101.SG1.1.10M_cutadapt_gc_rl.tsv.gz
"(87,88]",2675,FUM002.A0101.SG1.1.10M_cutadapt_gc_rl.tsv.gz
"(88,89]",1460,FUM002.A0101.SG1.1.10M_cutadapt_gc_rl.tsv.gz
"(89,90]",1121,FUM002.A0101.SG1.1.10M_cutadapt_gc_rl.tsv.gz
"(90,91]",951,FUM002.A0101.SG1.1.10M_cutadapt_gc_rl.tsv.gz
"(91,92]",641,FUM002.A0101.SG1.1.10M_cutadapt_gc_rl.tsv.gz
"(92,93]",419,FUM002.A0101.SG1.1.10M_cutadapt_gc_rl.tsv.gz
"(93,94]",558,FUM002.A0101.SG1.1.10M_cutadapt_gc_rl.tsv.gz
"(94,95]",413,FUM002.A0101.SG1.1.10M_cutadapt_gc_rl.tsv.gz
"(95,96]",311,FUM002.A0101.SG1.1.10M_cutadapt_gc_rl.tsv.gz
"(96,97]",291,FUM002.A0101.SG1.1.10M_cutadapt_gc_rl.tsv.gz
"(97,98]",255,FUM002.A0101.SG1.1.10M_cutadapt_gc_rl.tsv.gz
"(98,99]",291,FUM002.A0101.SG1.1.10M_cutadapt_gc_rl.tsv.gz
"(99,100]",528,FUM002.A0101.SG1.1.10M_cutadapt_gc_rl.tsv.gz
"[0,1]",21,FUM002.A0102.SG1.5.10M_cutadapt_gc_rl.tsv.gz
"(1,2]",27,FUM002.A0102.SG1.5.10M_cutadapt_gc_rl.tsv.gz
"(2,3]",94,FUM002.A0102.SG1.5.10M_cutadapt_gc_rl.tsv.gz
"(3,4]",73,FUM002.A0102.SG1.5.10M_cutadapt_gc_rl.tsv.gz
"(4,5]",168,FUM002.A0102.SG1.5.10M_cutadapt_gc_rl.tsv.gz
"(5,6]",317,FUM002.A0102.SG1.5.10M_cutadapt_gc_rl.tsv.gz
"(6,7]",410,FUM002.A0102.SG1.5.10M_cutadapt_gc_rl.tsv.gz
"(7,8]",605,FUM002.A0102.SG1.5.10M_cutadapt_gc_rl.tsv.gz
"(8,9]",970,FUM002.A0102.SG1.5.10M_cutadapt_gc_rl.tsv.gz
"(9,10]",1606,FUM002.A0102.SG1.5.10M_cutadapt_gc_rl.tsv.gz
"(10,11]",1348,FUM002.A0102.SG1.5.10M_cutadapt_gc_rl.tsv.gz
"(11,12]",2450,FUM002.A0102.SG1.5.10M_cutadapt_gc_rl.tsv.gz
"(12,13]",3282,FUM002.A0102.SG1.5.10M_cutadapt_gc_rl.tsv.gz
"(13,14]",4051,FUM002.A0102.SG1.5.10M_cutadapt_gc_rl.tsv.gz
"(14,15]",4686,FUM002.A0102.SG1.5.10M_cutadapt_gc_rl.tsv.gz
"(15,16]",6334,FUM002.A0102.SG1.5.10M_cutadapt_gc_rl.tsv.gz
"(16,17]",7429,FUM002.A0102.SG1.5.10M_cutadapt_gc_rl.tsv.gz
"(17,18]",9557,FUM002.A0102.SG1.5.10M_cutadapt_gc_rl.tsv.gz
"(18,19]",11238,FUM002.A0102.SG1.5.10M_cutadapt_gc_rl.tsv.gz
"(19,20]",17561,FUM002.A0102.SG1.5.10M_cutadapt_gc_rl.tsv.gz
"(20,21]",10483,FUM002.A0102.SG1.5.10M_cutadapt_gc_rl.tsv.gz
"(21,22]",19989,FUM002.A0102.SG1.5.10M_cutadapt_gc_rl.tsv.gz
"(22,23]",20434,FUM002.A0102.SG1.5.10M_cutadapt_gc_rl.tsv.gz
"(23,24]",25337,FUM002.A0102.SG1.5.10M_cutadapt_gc_rl.tsv.gz
"(24,25]",33798,FUM002.A0102.SG1.5.10M_cutadapt_gc_rl.tsv.gz
"(25,26]",23751,FUM002.A0102.SG1.5.10M_cutadapt_gc_rl.tsv.gz
"(26,27]",33240,FUM002.A0102.SG1.5.10M_cutadapt_gc_rl.tsv.gz
"(27,28]",37193,FUM002.A0102.SG1.5.10M_cutadapt_gc_rl.tsv.gz
"(28,29]",40332,FUM002.A0102.SG1.5.10M_cutadapt_gc_rl.tsv.gz
"(29,30]",54406,FUM002.A0102.SG1.5.10M_cutadapt_gc_rl.tsv.gz
"(30,31]",42490,FUM002.A0102.SG1.5.10M_cutadapt_gc_rl.tsv.gz
"(31,32]",52152,FUM002.A0102.SG1.5.10M_cutadapt_gc_rl.tsv.gz
"(32,33]",54273,FUM002.A0102.SG1.5.10M_cutadapt_gc_rl.tsv.gz
"(33,34]",61541,FUM002.A0102.SG1.5.10M_cutadapt_gc_rl.tsv.gz
"(34,35]",69804,FUM002.A0102.SG1.5.10M_cutadapt_gc_rl.tsv.gz
"(35,36]",69367,FUM002.A0102.SG1.5.10M_cutadapt_gc_rl.tsv.gz
"(36,37]",78222,FUM002.A0102.SG1.5.10M_cutadapt_gc_rl.tsv.gz
"(37,38]",75837,FUM002.A0102.SG1.5.10M_cutadapt_gc_rl.tsv.gz
"(38,39]",83448,FUM002.A0102.SG1.5.10M_cutadapt_gc_rl.tsv.gz
"(39,40]",111518,FUM002.A0102.SG1.5.10M_cutadapt_gc_rl.tsv.gz
"(40,41]",65783,FUM002.A0102.SG1.5.10M_cutadapt_gc_rl.tsv.gz
"(41,42]",102857,FUM002.A0102.SG1.5.10M_cutadapt_gc_rl.tsv.gz
"(42,43]",94637,FUM002.A0102.SG1.5.10M_cutadapt_gc_rl.tsv.gz
"(43,44]",115395,FUM002.A0102.SG1.5.10M_cutadapt_gc_rl.tsv.gz
"(44,45]",101694,FUM002.A0102.SG1.5.10M_cutadapt_gc_rl.tsv.gz
"(45,46]",124118,FUM002.A0102.SG1.5.10M_cutadapt_gc_rl.tsv.gz
"(46,47]",116735,FUM002.A0102.SG1.5.10M_cutadapt_gc_rl.tsv.gz
"(47,48]",121892,FUM002.A0102.SG1.5.10M_cutadapt_gc_rl.tsv.gz
"(48,49]",150000,FUM002.A0102.SG1.5.10M_cutadapt_gc_rl.tsv.gz
"(49,50]",198009,FUM002.A0102.SG1.5.10M_cutadapt_gc_rl.tsv.gz
"(50,51]",32527,FUM002.A0102.SG1.5.10M_cutadapt_gc_rl.tsv.gz
"(51,52]",168621,FUM002.A0102.SG1.5.10M_cutadapt_gc_rl.tsv.gz
"(52,53]",135249,FUM002.A0102.SG1.5.10M_cutadapt_gc_rl.tsv.gz
"(53,54]",147701,FUM002.A0102.SG1.5.10M_cutadapt_gc_rl.tsv.gz
"(54,55]",169401,FUM002.A0102.SG1.5.10M_cutadapt_gc_rl.tsv.gz
"(55,56]",129220,FUM002.A0102.SG1.5.10M_cutadapt_gc_rl.tsv.gz
"(56,57]",157518,FUM002.A0102.SG1.5.10M_cutadapt_gc_rl.tsv.gz
"(57,58]",147232,FUM002.A0102.SG1.5.10M_cutadapt_gc_rl.tsv.gz
"(58,59]",155801,FUM002.A0102.SG1.5.10M_cutadapt_gc_rl.tsv.gz
"(59,60]",192422,FUM002.A0102.SG1.5.10M_cutadapt_gc_rl.tsv.gz
"(60,61]",108015,FUM002.A0102.SG1.5.10M_cutadapt_gc_rl.tsv.gz
"(61,62]",154468,FUM002.A0102.SG1.5.10M_cutadapt_gc_rl.tsv.gz
"(62,63]",137700,FUM002.A0102.SG1.5.10M_cutadapt_gc_rl.tsv.gz
"(63,64]",158947,FUM002.A0102.SG1.5.10M_cutadapt_gc_rl.tsv.gz
"(64,65]",145925,FUM002.A0102.SG1.5.10M_cutadapt_gc_rl.tsv.gz
"(65,66]",133975,FUM002.A0102.SG1.5.10M_cutadapt_gc_rl.tsv.gz
"(66,67]",124357,FUM002.A0102.SG1.5.10M_cutadapt_gc_rl.tsv.gz
"(67,68]",120073,FUM002.A0102.SG1.5.10M_cutadapt_gc_rl.tsv.gz
"(68,69]",106000,FUM002.A0102.SG1.5.10M_cutadapt_gc_rl.tsv.gz
"(69,70]",119542,FUM002.A0102.SG1.5.10M_cutadapt_gc_rl.tsv.gz
"(70,71]",84426,FUM002.A0102.SG1.5.10M_cutadapt_gc_rl.tsv.gz
"(71,72]",84089,FUM002.A0102.SG1.5.10M_cutadapt_gc_rl.tsv.gz
"(72,73]",67629,FUM002.A0102.SG1.5.10M_cutadapt_gc_rl.tsv.gz
"(73,74]",63274,FUM002.A0102.SG1.5.10M_cutadapt_gc_rl.tsv.gz
"(74,75]",69276,FUM002.A0102.SG1.5.10M_cutadapt_gc_rl.tsv.gz
"(75,76]",27489,FUM002.A0102.SG1.5.10M_cutadapt_gc_rl.tsv.gz
"(76,77]",36296,FUM002.A0102.SG1.5.10M_cutadapt_gc_rl.tsv.gz
"(77,78]",28130,FUM002.A0102.SG1.5.10M_cutadapt_gc_rl.tsv.gz
"(78,79]",23648,FUM002.A0102.SG1.5.10M_cutadapt_gc_rl.tsv.gz
"(79,80]",19663,FUM002.A0102.SG1.5.10M_cutadapt_gc_rl.tsv.gz
"(80,81]",9093,FUM002.A0102.SG1.5.10M_cutadapt_gc_rl.tsv.gz
"(81,82]",9706,FUM002.A0102.SG1.5.10M_cutadapt_gc_rl.tsv.gz
"(82,83]",5729,FUM002.A0102.SG1.5.10M_cutadapt_gc_rl.tsv.gz
"(83,84]",5692,FUM002.A0102.SG1.5.10M_cutadapt_gc_rl.tsv.gz
"(84,85]",3386,FUM002.A0102.SG1.5.10M_cutadapt_gc_rl.tsv.gz
"(85,86]",1531,FUM002.A0102.SG1.5.10M_cutadapt_gc_rl.tsv.gz
"(86,87]",1537,FUM002.A0102.SG1.5.10M_cutadapt_gc_rl.tsv.gz
"(87,88]",1436,FUM002.A0102.SG1.5.10M_cutadapt_gc_rl.tsv.gz
"(88,89]",512,FUM002.A0102.SG1.5.10M_cutadapt_gc_rl.tsv.gz
"(89,90]",393,FUM002.A0102.SG1.5.10M_cutadapt_gc_rl.tsv.gz
"(90,91]",316,FUM002.A0102.SG1.5.10M_cutadapt_gc_rl.tsv.gz
"(91,92]",155,FUM002.A0102.SG1.5.10M_cutadapt_gc_rl.tsv.gz
"(92,93]",67,FUM002.A0102.SG1.5.10M_cutadapt_gc_rl.tsv.gz
"(93,94]",168,FUM002.A0102.SG1.5.10M_cutadapt_gc_rl.tsv.gz
"(94,95]",49,FUM002.A0102.SG1.5.10M_cutadapt_gc_rl.tsv.gz
"(95,96]",12,FUM002.A0102.SG1.5.10M_cutadapt_gc_rl.tsv.gz
"(96,97]",36,FUM002.A0102.SG1.5.10M_cutadapt_gc_rl.tsv.gz
"(97,98]",24,FUM002.A0102.SG1.5.10M_cutadapt_gc_rl.tsv.gz
"(98,99]",16,FUM002.A0102.SG1.5.10M_cutadapt_gc_rl.tsv.gz
"(99,100]",96,FUM002.A0102.SG1.5.10M_cutadapt_gc_rl.tsv.gz
"[0,1]",21,FUM003.A0101.SG1.1.10M_cutadapt_gc_rl.tsv.gz
"(1,2]",20,FUM003.A0101.SG1.1.10M_cutadapt_gc_rl.tsv.gz
"(2,3]",19,FUM003.A0101.SG1.1.10M_cutadapt_gc_rl.tsv.gz
"(3,4]",9,FUM003.A0101.SG1.1.10M_cutadapt_gc_rl.tsv.gz
"(4,5]",17,FUM003.A0101.SG1.1.10M_cutadapt_gc_rl.tsv.gz
"(5,6]",36,FUM003.A0101.SG1.1.10M_cutadapt_gc_rl.tsv.gz
"(6,7]",46,FUM003.A0101.SG1.1.10M_cutadapt_gc_rl.tsv.gz
"(7,8]",42,FUM003.A0101.SG1.1.10M_cutadapt_gc_rl.tsv.gz
"(8,9]",64,FUM003.A0101.SG1.1.10M_cutadapt_gc_rl.tsv.gz
"(9,10]",134,FUM003.A0101.SG1.1.10M_cutadapt_gc_rl.tsv.gz
"(10,11]",108,FUM003.A0101.SG1.1.10M_cutadapt_gc_rl.tsv.gz
"(11,12]",238,FUM003.A0101.SG1.1.10M_cutadapt_gc_rl.tsv.gz
"(12,13]",290,FUM003.A0101.SG1.1.10M_cutadapt_gc_rl.tsv.gz
"(13,14]",480,FUM003.A0101.SG1.1.10M_cutadapt_gc_rl.tsv.gz
"(14,15]",609,FUM003.A0101.SG1.1.10M_cutadapt_gc_rl.tsv.gz
"(15,16]",827,FUM003.A0101.SG1.1.10M_cutadapt_gc_rl.tsv.gz
"(16,17]",1032,FUM003.A0101.SG1.1.10M_cutadapt_gc_rl.tsv.gz
"(17,18]",1502,FUM003.A0101.SG1.1.10M_cutadapt_gc_rl.tsv.gz
"(18,19]",1987,FUM003.A0101.SG1.1.10M_cutadapt_gc_rl.tsv.gz
"(19,20]",3259,FUM003.A0101.SG1.1.10M_cutadapt_gc_rl.tsv.gz
"(20,21]",2151,FUM003.A0101.SG1.1.10M_cutadapt_gc_rl.tsv.gz
"(21,22]",4144,FUM003.A0101.SG1.1.10M_cutadapt_gc_rl.tsv.gz
"(22,23]",4661,FUM003.A0101.SG1.1.10M_cutadapt_gc_rl.tsv.gz
"(23,24]",5864,FUM003.A0101.SG1.1.10M_cutadapt_gc_rl.tsv.gz
"(24,25]",8834,FUM003.A0101.SG1.1.10M_cutadapt_gc_rl.tsv.gz
"(25,26]",6125,FUM003.A0101.SG1.1.10M_cutadapt_gc_rl.tsv.gz
"(26,27]",9338,FUM003.A0101.SG1.1.10M_cutadapt_gc_rl.tsv.gz
"(27,28]",11588,FUM003.A0101.SG1.1.10M_cutadapt_gc_rl.tsv.gz
"(28,29]",12670,FUM003.A0101.SG1.1.10M_cutadapt_gc_rl.tsv.gz
"(29,30]",16216,FUM003.A0101.SG1.1.10M_cutadapt_gc_rl.tsv.gz
"(30,31]",15236,FUM003.A0101.SG1.1.10M_cutadapt_gc_rl.tsv.gz
"(31,32]",18870,FUM003.A0101.SG1.1.10M_cutadapt_gc_rl.tsv.gz
"(32,33]",19755,FUM003.A0101.SG1.1.10M_cutadapt_gc_rl.tsv.gz
"(33,34]",21605,FUM003.A0101.SG1.1.10M_cutadapt_gc_rl.tsv.gz
"(34,35]",26630,FUM003.A0101.SG1.1.10M_cutadapt_gc_rl.tsv.gz
"(35,36]",27429,FUM003.A0101.SG1.1.10M_cutadapt_gc_rl.tsv.gz
"(36,37]",30655,FUM003.A0101.SG1.1.10M_cutadapt_gc_rl.tsv.gz
"(37,38]",29626,FUM003.A0101.SG1.1.10M_cutadapt_gc_rl.tsv.gz
"(38,39]",35272,FUM003.A0101.SG1.1.10M_cutadapt_gc_rl.tsv.gz
"(39,40]",46102,FUM003.A0101.SG1.1.10M_cutadapt_gc_rl.tsv.gz
"(40,41]",30815,FUM003.A0101.SG1.1.10M_cutadapt_gc_rl.tsv.gz
"(41,42]",43000,FUM003.A0101.SG1.1.10M_cutadapt_gc_rl.tsv.gz
"(42,43]",44898,FUM003.A0101.SG1.1.10M_cutadapt_gc_rl.tsv.gz
"(43,44]",53942,FUM003.A0101.SG1.1.10M_cutadapt_gc_rl.tsv.gz
"(44,45]",52297,FUM003.A0101.SG1.1.10M_cutadapt_gc_rl.tsv.gz
"(45,46]",58959,FUM003.A0101.SG1.1.10M_cutadapt_gc_rl.tsv.gz
"(46,47]",64934,FUM003.A0101.SG1.1.10M_cutadapt_gc_rl.tsv.gz
"(47,48]",75755,FUM003.A0101.SG1.1.10M_cutadapt_gc_rl.tsv.gz
"(48,49]",90171,FUM003.A0101.SG1.1.10M_cutadapt_gc_rl.tsv.gz
"(49,50]",134649,FUM003.A0101.SG1.1.10M_cutadapt_gc_rl.tsv.gz
"(50,51]",42189,FUM003.A0101.SG1.1.10M_cutadapt_gc_rl.tsv.gz
"(51,52]",136219,FUM003.A0101.SG1.1.10M_cutadapt_gc_rl.tsv.gz
"(52,53]",136240,FUM003.A0101.SG1.1.10M_cutadapt_gc_rl.tsv.gz
"(53,54]",164891,FUM003.A0101.SG1.1.10M_cutadapt_gc_rl.tsv.gz
"(54,55]",174718,FUM003.A0101.SG1.1.10M_cutadapt_gc_rl.tsv.gz
"(55,56]",204055,FUM003.A0101.SG1.1.10M_cutadapt_gc_rl.tsv.gz
"(56,57]",241192,FUM003.A0101.SG1.1.10M_cutadapt_gc_rl.tsv.gz
"(57,58]",278057,FUM003.A0101.SG1.1.10M_cutadapt_gc_rl.tsv.gz
"(58,59]",266311,FUM003.A0101.SG1.1.10M_cutadapt_gc_rl.tsv.gz
"(59,60]",395727,FUM003.A0101.SG1.1.10M_cutadapt_gc_rl.tsv.gz
"(60,61]",314437,FUM003.A0101.SG1.1.10M_cutadapt_gc_rl.tsv.gz
"(61,62]",419198,FUM003.A0101.SG1.1.10M_cutadapt_gc_rl.tsv.gz
"(62,63]",352177,FUM003.A0101.SG1.1.10M_cutadapt_gc_rl.tsv.gz
"(63,64]",475181,FUM003.A0101.SG1.1.10M_cutadapt_gc_rl.tsv.gz
"(64,65]",465658,FUM003.A0101.SG1.1.10M_cutadapt_gc_rl.tsv.gz
"(65,66]",468675,FUM003.A0101.SG1.1.10M_cutadapt_gc_rl.tsv.gz
"(66,67]",374135,FUM003.A0101.SG1.1.10M_cutadapt_gc_rl.tsv.gz
"(67,68]",471554,FUM003.A0101.SG1.1.10M_cutadapt_gc_rl.tsv.gz
"(68,69]",412222,FUM003.A0101.SG1.1.10M_cutadapt_gc_rl.tsv.gz
"(69,70]",435608,FUM003.A0101.SG1.1.10M_cutadapt_gc_rl.tsv.gz
"(70,71]",278713,FUM003.A0101.SG1.1.10M_cutadapt_gc_rl.tsv.gz
"(71,72]",337462,FUM003.A0101.SG1.1.10M_cutadapt_gc_rl.tsv.gz
"(72,73]",269069,FUM003.A0101.SG1.1.10M_cutadapt_gc_rl.tsv.gz
"(73,74]",237387,FUM003.A0101.SG1.1.10M_cutadapt_gc_rl.tsv.gz
"(74,75]",218267,FUM003.A0101.SG1.1.10M_cutadapt_gc_rl.tsv.gz
"(75,76]",100104,FUM003.A0101.SG1.1.10M_cutadapt_gc_rl.tsv.gz
"(76,77]",114289,FUM003.A0101.SG1.1.10M_cutadapt_gc_rl.tsv.gz
"(77,78]",88421,FUM003.A0101.SG1.1.10M_cutadapt_gc_rl.tsv.gz
"(78,79]",63744,FUM003.A0101.SG1.1.10M_cutadapt_gc_rl.tsv.gz
"(79,80]",49461,FUM003.A0101.SG1.1.10M_cutadapt_gc_rl.tsv.gz
"(80,81]",25133,FUM003.A0101.SG1.1.10M_cutadapt_gc_rl.tsv.gz
"(81,82]",23982,FUM003.A0101.SG1.1.10M_cutadapt_gc_rl.tsv.gz
"(82,83]",15151,FUM003.A0101.SG1.1.10M_cutadapt_gc_rl.tsv.gz
"(83,84]",11974,FUM003.A0101.SG1.1.10M_cutadapt_gc_rl.tsv.gz
"(84,85]",8240,FUM003.A0101.SG1.1.10M_cutadapt_gc_rl.tsv.gz
"(85,86]",4611,FUM003.A0101.SG1.1.10M_cutadapt_gc_rl.tsv.gz
"(86,87]",3854,FUM003.A0101.SG1.1.10M_cutadapt_gc_rl.tsv.gz
"(87,88]",3127,FUM003.A0101.SG1.1.10M_cutadapt_gc_rl.tsv.gz
"(88,89]",1836,FUM003.A0101.SG1.1.10M_cutadapt_gc_rl.tsv.gz
"(89,90]",1592,FUM003.A0101.SG1.1.10M_cutadapt_gc_rl.tsv.gz
"(90,91]",1210,FUM003.A0101.SG1.1.10M_cutadapt_gc_rl.tsv.gz
"(91,92]",988,FUM003.A0101.SG1.1.10M_cutadapt_gc_rl.tsv.gz
"(92,93]",654,FUM003.A0101.SG1.1.10M_cutadapt_gc_rl.tsv.gz
"(93,94]",856,FUM003.A0101.SG1.1.10M_cutadapt_gc_rl.tsv.gz
"(94,95]",784,FUM003.A0101.SG1.1.10M_cutadapt_gc_rl.tsv.gz
"(95,96]",557,FUM003.A0101.SG1.1.10M_cutadapt_gc_rl.tsv.gz
"(96,97]",499,FUM003.A0101.SG1.1.10M_cutadapt_gc_rl.tsv.gz
"(97,98]",507,FUM003.A0101.SG1.1.10M_cutadapt_gc_rl.tsv.gz
"(98,99]",599,FUM003.A0101.SG1.1.10M_cutadapt_gc_rl.tsv.gz
"(99,100]",951,FUM003.A0101.SG1.1.10M_cutadapt_gc_rl.tsv.gz
"[0,1]",31,FUM003.A0102.SG1.4.10M_cutadapt_gc_rl.tsv.gz
"(1,2]",36,FUM003.A0102.SG1.4.10M_cutadapt_gc_rl.tsv.gz
"(2,3]",85,FUM003.A0102.SG1.4.10M_cutadapt_gc_rl.tsv.gz
"(3,4]",65,FUM003.A0102.SG1.4.10M_cutadapt_gc_rl.tsv.gz
"(4,5]",115,FUM003.A0102.SG1.4.10M_cutadapt_gc_rl.tsv.gz
"(5,6]",268,FUM003.A0102.SG1.4.10M_cutadapt_gc_rl.tsv.gz
"(6,7]",324,FUM003.A0102.SG1.4.10M_cutadapt_gc_rl.tsv.gz
"(7,8]",335,FUM003.A0102.SG1.4.10M_cutadapt_gc_rl.tsv.gz
"(8,9]",567,FUM003.A0102.SG1.4.10M_cutadapt_gc_rl.tsv.gz
"(9,10]",997,FUM003.A0102.SG1.4.10M_cutadapt_gc_rl.tsv.gz
"(10,11]",720,FUM003.A0102.SG1.4.10M_cutadapt_gc_rl.tsv.gz
"(11,12]",1259,FUM003.A0102.SG1.4.10M_cutadapt_gc_rl.tsv.gz
"(12,13]",1847,FUM003.A0102.SG1.4.10M_cutadapt_gc_rl.tsv.gz
"(13,14]",2004,FUM003.A0102.SG1.4.10M_cutadapt_gc_rl.tsv.gz
"(14,15]",2126,FUM003.A0102.SG1.4.10M_cutadapt_gc_rl.tsv.gz
"(15,16]",2849,FUM003.A0102.SG1.4.10M_cutadapt_gc_rl.tsv.gz
"(16,17]",3278,FUM003.A0102.SG1.4.10M_cutadapt_gc_rl.tsv.gz
"(17,18]",3823,FUM003.A0102.SG1.4.10M_cutadapt_gc_rl.tsv.gz
"(18,19]",4662,FUM003.A0102.SG1.4.10M_cutadapt_gc_rl.tsv.gz
"(19,20]",7285,FUM003.A0102.SG1.4.10M_cutadapt_gc_rl.tsv.gz
"(20,21]",3738,FUM003.A0102.SG1.4.10M_cutadapt_gc_rl.tsv.gz
"(21,22]",7747,FUM003.A0102.SG1.4.10M_cutadapt_gc_rl.tsv.gz
"(22,23]",7778,FUM003.A0102.SG1.4.10M_cutadapt_gc_rl.tsv.gz
"(23,24]",9439,FUM003.A0102.SG1.4.10M_cutadapt_gc_rl.tsv.gz
"(24,25]",12086,FUM003.A0102.SG1.4.10M_cutadapt_gc_rl.tsv.gz
"(25,26]",8328,FUM003.A0102.SG1.4.10M_cutadapt_gc_rl.tsv.gz
"(26,27]",12280,FUM003.A0102.SG1.4.10M_cutadapt_gc_rl.tsv.gz
"(27,28]",13260,FUM003.A0102.SG1.4.10M_cutadapt_gc_rl.tsv.gz
"(28,29]",13906,FUM003.A0102.SG1.4.10M_cutadapt_gc_rl.tsv.gz
"(29,30]",18337,FUM003.A0102.SG1.4.10M_cutadapt_gc_rl.tsv.gz
"(30,31]",14360,FUM003.A0102.SG1.4.10M_cutadapt_gc_rl.tsv.gz
"(31,32]",17679,FUM003.A0102.SG1.4.10M_cutadapt_gc_rl.tsv.gz
"(32,33]",17771,FUM003.A0102.SG1.4.10M_cutadapt_gc_rl.tsv.gz
"(33,34]",19380,FUM003.A0102.SG1.4.10M_cutadapt_gc_rl.tsv.gz
"(34,35]",21640,FUM003.A0102.SG1.4.10M_cutadapt_gc_rl.tsv.gz
"(35,36]",21826,FUM003.A0102.SG1.4.10M_cutadapt_gc_rl.tsv.gz
"(36,37]",24516,FUM003.A0102.SG1.4.10M_cutadapt_gc_rl.tsv.gz
"(37,38]",21668,FUM003.A0102.SG1.4.10M_cutadapt_gc_rl.tsv.gz
"(38,39]",25091,FUM003.A0102.SG1.4.10M_cutadapt_gc_rl.tsv.gz
"(39,40]",33122,FUM003.A0102.SG1.4.10M_cutadapt_gc_rl.tsv.gz
"(40,41]",19235,FUM003.A0102.SG1.4.10M_cutadapt_gc_rl.tsv.gz
"(41,42]",29481,FUM003.A0102.SG1.4.10M_cutadapt_gc_rl.tsv.gz
"(42,43]",27622,FUM003.A0102.SG1.4.10M_cutadapt_gc_rl.tsv.gz
"(43,44]",35099,FUM003.A0102.SG1.4.10M_cutadapt_gc_rl.tsv.gz
"(44,45]",30563,FUM003.A0102.SG1.4.10M_cutadapt_gc_rl.tsv.gz
"(45,46]",38725,FUM003.A0102.SG1.4.10M_cutadapt_gc_rl.tsv.gz
"(46,47]",39317,FUM003.A0102.SG1.4.10M_cutadapt_gc_rl.tsv.gz
"(47,48]",40924,FUM003.A0102.SG1.4.10M_cutadapt_gc_rl.tsv.gz
"(48,49]",54861,FUM003.A0102.SG1.4.10M_cutadapt_gc_rl.tsv.gz
"(49,50]",78100,FUM003.A0102.SG1.4.10M_cutadapt_gc_rl.tsv.gz
"(50,51]",15213,FUM003.A0102.SG1.4.10M_cutadapt_gc_rl.tsv.gz
"(51,52]",75330,FUM003.A0102.SG1.4.10M_cutadapt_gc_rl.tsv.gz
"(52,53]",65833,FUM003.A0102.SG1.4.10M_cutadapt_gc_rl.tsv.gz
"(53,54]",79833,FUM003.A0102.SG1.4.10M_cutadapt_gc_rl.tsv.gz
"(54,55]",95391,FUM003.A0102.SG1.4.10M_cutadapt_gc_rl.tsv.gz
"(55,56]",84538,FUM003.A0102.SG1.4.10M_cutadapt_gc_rl.tsv.gz
"(56,57]",109823,FUM003.A0102.SG1.4.10M_cutadapt_gc_rl.tsv.gz
"(57,58]",113207,FUM003.A0102.SG1.4.10M_cutadapt_gc_rl.tsv.gz
"(58,59]",122777,FUM003.A0102.SG1.4.10M_cutadapt_gc_rl.tsv.gz
"(59,60]",166093,FUM003.A0102.SG1.4.10M_cutadapt_gc_rl.tsv.gz
"(60,61]",109216,FUM003.A0102.SG1.4.10M_cutadapt_gc_rl.tsv.gz
"(61,62]",154860,FUM003.A0102.SG1.4.10M_cutadapt_gc_rl.tsv.gz
"(62,63]",139877,FUM003.A0102.SG1.4.10M_cutadapt_gc_rl.tsv.gz
"(63,64]",171618,FUM003.A0102.SG1.4.10M_cutadapt_gc_rl.tsv.gz
"(64,65]",164222,FUM003.A0102.SG1.4.10M_cutadapt_gc_rl.tsv.gz
"(65,66]",154699,FUM003.A0102.SG1.4.10M_cutadapt_gc_rl.tsv.gz
"(66,67]",144569,FUM003.A0102.SG1.4.10M_cutadapt_gc_rl.tsv.gz
"(67,68]",146793,FUM003.A0102.SG1.4.10M_cutadapt_gc_rl.tsv.gz
"(68,69]",129931,FUM003.A0102.SG1.4.10M_cutadapt_gc_rl.tsv.gz
"(69,70]",144948,FUM003.A0102.SG1.4.10M_cutadapt_gc_rl.tsv.gz
"(70,71]",101275,FUM003.A0102.SG1.4.10M_cutadapt_gc_rl.tsv.gz
"(71,72]",102196,FUM003.A0102.SG1.4.10M_cutadapt_gc_rl.tsv.gz
"(72,73]",82497,FUM003.A0102.SG1.4.10M_cutadapt_gc_rl.tsv.gz
"(73,74]",75922,FUM003.A0102.SG1.4.10M_cutadapt_gc_rl.tsv.gz
"(74,75]",80910,FUM003.A0102.SG1.4.10M_cutadapt_gc_rl.tsv.gz
"(75,76]",34532,FUM003.A0102.SG1.4.10M_cutadapt_gc_rl.tsv.gz
"(76,77]",43466,FUM003.A0102.SG1.4.10M_cutadapt_gc_rl.tsv.gz
"(77,78]",34485,FUM003.A0102.SG1.4.10M_cutadapt_gc_rl.tsv.gz
"(78,79]",28993,FUM003.A0102.SG1.4.10M_cutadapt_gc_rl.tsv.gz
"(79,80]",24738,FUM003.A0102.SG1.4.10M_cutadapt_gc_rl.tsv.gz
"(80,81]",11811,FUM003.A0102.SG1.4.10M_cutadapt_gc_rl.tsv.gz
"(81,82]",12413,FUM003.A0102.SG1.4.10M_cutadapt_gc_rl.tsv.gz
"(82,83]",7781,FUM003.A0102.SG1.4.10M_cutadapt_gc_rl.tsv.gz
"(83,84]",7552,FUM003.A0102.SG1.4.10M_cutadapt_gc_rl.tsv.gz
"(84,85]",4740,FUM003.A0102.SG1.4.10M_cutadapt_gc_rl.tsv.gz
"(85,86]",2192,FUM003.A0102.SG1.4.10M_cutadapt_gc_rl.tsv.gz
"(86,87]",2213,FUM003.A0102.SG1.4.10M_cutadapt_gc_rl.tsv.gz
"(87,88]",1879,FUM003.A0102.SG1.4.10M_cutadapt_gc_rl.tsv.gz
"(88,89]",792,FUM003.A0102.SG1.4.10M_cutadapt_gc_rl.tsv.gz
"(89,90]",557,FUM003.A0102.SG1.4.10M_cutadapt_gc_rl.tsv.gz
"(90,91]",511,FUM003.A0102.SG1.4.10M_cutadapt_gc_rl.tsv.gz
"(91,92]",241,FUM003.A0102.SG1.4.10M_cutadapt_gc_rl.tsv.gz
"(92,93]",116,FUM003.A0102.SG1.4.10M_cutadapt_gc_rl.tsv.gz
"(93,94]",188,FUM003.A0102.SG1.4.10M_cutadapt_gc_rl.tsv.gz
"(94,95]",101,FUM003.A0102.SG1.4.10M_cutadapt_gc_rl.tsv.gz
"(95,96]",43,FUM003.A0102.SG1.4.10M_cutadapt_gc_rl.tsv.gz
"(96,97]",45,FUM003.A0102.SG1.4.10M_cutadapt_gc_rl.tsv.gz
"(97,98]",49,FUM003.A0102.SG1.4.10M_cutadapt_gc_rl.tsv.gz
"(98,99]",47,FUM003.A0102.SG1.4.10M_cutadapt_gc_rl.tsv.gz
"(99,100]",139,FUM003.A0102.SG1.4.10M_cutadapt_gc_rl.tsv.gz
"[0,1]",16,GDN001.A0101.SG1.1.10M_cutadapt_gc_rl.tsv.gz
"(1,2]",21,GDN001.A0101.SG1.1.10M_cutadapt_gc_rl.tsv.gz
"(2,3]",26,GDN001.A0101.SG1.1.10M_cutadapt_gc_rl.tsv.gz
"(3,4]",15,GDN001.A0101.SG1.1.10M_cutadapt_gc_rl.tsv.gz
"(4,5]",47,GDN001.A0101.SG1.1.10M_cutadapt_gc_rl.tsv.gz
"(5,6]",150,GDN001.A0101.SG1.1.10M_cutadapt_gc_rl.tsv.gz
"(6,7]",190,GDN001.A0101.SG1.1.10M_cutadapt_gc_rl.tsv.gz
"(7,8]",345,GDN001.A0101.SG1.1.10M_cutadapt_gc_rl.tsv.gz
"(8,9]",680,GDN001.A0101.SG1.1.10M_cutadapt_gc_rl.tsv.gz
"(9,10]",1264,GDN001.A0101.SG1.1.10M_cutadapt_gc_rl.tsv.gz
"(10,11]",1303,GDN001.A0101.SG1.1.10M_cutadapt_gc_rl.tsv.gz
"(11,12]",2715,GDN001.A0101.SG1.1.10M_cutadapt_gc_rl.tsv.gz
"(12,13]",3755,GDN001.A0101.SG1.1.10M_cutadapt_gc_rl.tsv.gz
"(13,14]",5444,GDN001.A0101.SG1.1.10M_cutadapt_gc_rl.tsv.gz
"(14,15]",7438,GDN001.A0101.SG1.1.10M_cutadapt_gc_rl.tsv.gz
"(15,16]",10527,GDN001.A0101.SG1.1.10M_cutadapt_gc_rl.tsv.gz
"(16,17]",14020,GDN001.A0101.SG1.1.10M_cutadapt_gc_rl.tsv.gz
"(17,18]",20447,GDN001.A0101.SG1.1.10M_cutadapt_gc_rl.tsv.gz
"(18,19]",26388,GDN001.A0101.SG1.1.10M_cutadapt_gc_rl.tsv.gz
"(19,20]",41770,GDN001.A0101.SG1.1.10M_cutadapt_gc_rl.tsv.gz
"(20,21]",34762,GDN001.A0101.SG1.1.10M_cutadapt_gc_rl.tsv.gz
"(21,22]",54732,GDN001.A0101.SG1.1.10M_cutadapt_gc_rl.tsv.gz
"(22,23]",62167,GDN001.A0101.SG1.1.10M_cutadapt_gc_rl.tsv.gz
"(23,24]",72132,GDN001.A0101.SG1.1.10M_cutadapt_gc_rl.tsv.gz
"(24,25]",88914,GDN001.A0101.SG1.1.10M_cutadapt_gc_rl.tsv.gz
"(25,26]",65952,GDN001.A0101.SG1.1.10M_cutadapt_gc_rl.tsv.gz
"(26,27]",85530,GDN001.A0101.SG1.1.10M_cutadapt_gc_rl.tsv.gz
"(27,28]",88203,GDN001.A0101.SG1.1.10M_cutadapt_gc_rl.tsv.gz
"(28,29]",83722,GDN001.A0101.SG1.1.10M_cutadapt_gc_rl.tsv.gz
"(29,30]",87443,GDN001.A0101.SG1.1.10M_cutadapt_gc_rl.tsv.gz
"(30,31]",75210,GDN001.A0101.SG1.1.10M_cutadapt_gc_rl.tsv.gz
"(31,32]",76479,GDN001.A0101.SG1.1.10M_cutadapt_gc_rl.tsv.gz
"(32,33]",69741,GDN001.A0101.SG1.1.10M_cutadapt_gc_rl.tsv.gz
"(33,34]",62202,GDN001.A0101.SG1.1.10M_cutadapt_gc_rl.tsv.gz
"(34,35]",62039,GDN001.A0101.SG1.1.10M_cutadapt_gc_rl.tsv.gz
"(35,36]",55113,GDN001.A0101.SG1.1.10M_cutadapt_gc_rl.tsv.gz
"(36,37]",52564,GDN001.A0101.SG1.1.10M_cutadapt_gc_rl.tsv.gz
"(37,38]",47269,GDN001.A0101.SG1.1.10M_cutadapt_gc_rl.tsv.gz
"(38,39]",47592,GDN001.A0101.SG1.1.10M_cutadapt_gc_rl.tsv.gz
"(39,40]",56576,GDN001.A0101.SG1.1.10M_cutadapt_gc_rl.tsv.gz
"(40,41]",37451,GDN001.A0101.SG1.1.10M_cutadapt_gc_rl.tsv.gz
"(41,42]",47836,GDN001.A0101.SG1.1.10M_cutadapt_gc_rl.tsv.gz
"(42,43]",46974,GDN001.A0101.SG1.1.10M_cutadapt_gc_rl.tsv.gz
"(43,44]",53299,GDN001.A0101.SG1.1.10M_cutadapt_gc_rl.tsv.gz
"(44,45]",51619,GDN001.A0101.SG1.1.10M_cutadapt_gc_rl.tsv.gz
"(45,46]",56117,GDN001.A0101.SG1.1.10M_cutadapt_gc_rl.tsv.gz
"(46,47]",57541,GDN001.A0101.SG1.1.10M_cutadapt_gc_rl.tsv.gz
"(47,48]",62935,GDN001.A0101.SG1.1.10M_cutadapt_gc_rl.tsv.gz
"(48,49]",67579,GDN001.A0101.SG1.1.10M_cutadapt_gc_rl.tsv.gz
"(49,50]",101717,GDN001.A0101.SG1.1.10M_cutadapt_gc_rl.tsv.gz
"(50,51]",37884,GDN001.A0101.SG1.1.10M_cutadapt_gc_rl.tsv.gz
"(51,52]",87781,GDN001.A0101.SG1.1.10M_cutadapt_gc_rl.tsv.gz
"(52,53]",85648,GDN001.A0101.SG1.1.10M_cutadapt_gc_rl.tsv.gz
"(53,54]",98699,GDN001.A0101.SG1.1.10M_cutadapt_gc_rl.tsv.gz
"(54,55]",109899,GDN001.A0101.SG1.1.10M_cutadapt_gc_rl.tsv.gz
"(55,56]",115157,GDN001.A0101.SG1.1.10M_cutadapt_gc_rl.tsv.gz
"(56,57]",130638,GDN001.A0101.SG1.1.10M_cutadapt_gc_rl.tsv.gz
"(57,58]",147096,GDN001.A0101.SG1.1.10M_cutadapt_gc_rl.tsv.gz
"(58,59]",156924,GDN001.A0101.SG1.1.10M_cutadapt_gc_rl.tsv.gz
"(59,60]",216151,GDN001.A0101.SG1.1.10M_cutadapt_gc_rl.tsv.gz
"(60,61]",166804,GDN001.A0101.SG1.1.10M_cutadapt_gc_rl.tsv.gz
"(61,62]",228049,GDN001.A0101.SG1.1.10M_cutadapt_gc_rl.tsv.gz
"(62,63]",230562,GDN001.A0101.SG1.1.10M_cutadapt_gc_rl.tsv.gz
"(63,64]",280332,GDN001.A0101.SG1.1.10M_cutadapt_gc_rl.tsv.gz
"(64,65]",291249,GDN001.A0101.SG1.1.10M_cutadapt_gc_rl.tsv.gz
"(65,66]",302709,GDN001.A0101.SG1.1.10M_cutadapt_gc_rl.tsv.gz
"(66,67]",301106,GDN001.A0101.SG1.1.10M_cutadapt_gc_rl.tsv.gz
"(67,68]",357013,GDN001.A0101.SG1.1.10M_cutadapt_gc_rl.tsv.gz
"(68,69]",331664,GDN001.A0101.SG1.1.10M_cutadapt_gc_rl.tsv.gz
"(69,70]",379594,GDN001.A0101.SG1.1.10M_cutadapt_gc_rl.tsv.gz
"(70,71]",302386,GDN001.A0101.SG1.1.10M_cutadapt_gc_rl.tsv.gz
"(71,72]",336067,GDN001.A0101.SG1.1.10M_cutadapt_gc_rl.tsv.gz
"(72,73]",296503,GDN001.A0101.SG1.1.10M_cutadapt_gc_rl.tsv.gz
"(73,74]",285036,GDN001.A0101.SG1.1.10M_cutadapt_gc_rl.tsv.gz
"(74,75]",297749,GDN001.A0101.SG1.1.10M_cutadapt_gc_rl.tsv.gz
"(75,76]",165476,GDN001.A0101.SG1.1.10M_cutadapt_gc_rl.tsv.gz
"(76,77]",181095,GDN001.A0101.SG1.1.10M_cutadapt_gc_rl.tsv.gz
"(77,78]",158908,GDN001.A0101.SG1.1.10M_cutadapt_gc_rl.tsv.gz
"(78,79]",126104,GDN001.A0101.SG1.1.10M_cutadapt_gc_rl.tsv.gz
"(79,80]",118147,GDN001.A0101.SG1.1.10M_cutadapt_gc_rl.tsv.gz
"(80,81]",61538,GDN001.A0101.SG1.1.10M_cutadapt_gc_rl.tsv.gz
"(81,82]",62534,GDN001.A0101.SG1.1.10M_cutadapt_gc_rl.tsv.gz
"(82,83]",45309,GDN001.A0101.SG1.1.10M_cutadapt_gc_rl.tsv.gz
"(83,84]",34377,GDN001.A0101.SG1.1.10M_cutadapt_gc_rl.tsv.gz
"(84,85]",25123,GDN001.A0101.SG1.1.10M_cutadapt_gc_rl.tsv.gz
"(85,86]",15904,GDN001.A0101.SG1.1.10M_cutadapt_gc_rl.tsv.gz
"(86,87]",12643,GDN001.A0101.SG1.1.10M_cutadapt_gc_rl.tsv.gz
"(87,88]",9399,GDN001.A0101.SG1.1.10M_cutadapt_gc_rl.tsv.gz
"(88,89]",5934,GDN001.A0101.SG1.1.10M_cutadapt_gc_rl.tsv.gz
"(89,90]",4500,GDN001.A0101.SG1.1.10M_cutadapt_gc_rl.tsv.gz
"(90,91]",3027,GDN001.A0101.SG1.1.10M_cutadapt_gc_rl.tsv.gz
"(91,92]",2216,GDN001.A0101.SG1.1.10M_cutadapt_gc_rl.tsv.gz
"(92,93]",1277,GDN001.A0101.SG1.1.10M_cutadapt_gc_rl.tsv.gz
"(93,94]",1406,GDN001.A0101.SG1.1.10M_cutadapt_gc_rl.tsv.gz
"(94,95]",1019,GDN001.A0101.SG1.1.10M_cutadapt_gc_rl.tsv.gz
"(95,96]",590,GDN001.A0101.SG1.1.10M_cutadapt_gc_rl.tsv.gz
"(96,97]",517,GDN001.A0101.SG1.1.10M_cutadapt_gc_rl.tsv.gz
"(97,98]",619,GDN001.A0101.SG1.1.10M_cutadapt_gc_rl.tsv.gz
"(98,99]",524,GDN001.A0101.SG1.1.10M_cutadapt_gc_rl.tsv.gz
"(99,100]",909,GDN001.A0101.SG1.1.10M_cutadapt_gc_rl.tsv.gz
"[0,1]",306,GDN001.A0102.SG1.3.10M_cutadapt_gc_rl.tsv.gz
"(1,2]",231,GDN001.A0102.SG1.3.10M_cutadapt_gc_rl.tsv.gz
"(2,3]",1590,GDN001.A0102.SG1.3.10M_cutadapt_gc_rl.tsv.gz
"(3,4]",1166,GDN001.A0102.SG1.3.10M_cutadapt_gc_rl.tsv.gz
"(4,5]",2622,GDN001.A0102.SG1.3.10M_cutadapt_gc_rl.tsv.gz
"(5,6]",4623,GDN001.A0102.SG1.3.10M_cutadapt_gc_rl.tsv.gz
"(6,7]",5613,GDN001.A0102.SG1.3.10M_cutadapt_gc_rl.tsv.gz
"(7,8]",7475,GDN001.A0102.SG1.3.10M_cutadapt_gc_rl.tsv.gz
"(8,9]",10500,GDN001.A0102.SG1.3.10M_cutadapt_gc_rl.tsv.gz
"(9,10]",16007,GDN001.A0102.SG1.3.10M_cutadapt_gc_rl.tsv.gz
"(10,11]",13956,GDN001.A0102.SG1.3.10M_cutadapt_gc_rl.tsv.gz
"(11,12]",21260,GDN001.A0102.SG1.3.10M_cutadapt_gc_rl.tsv.gz
"(12,13]",26223,GDN001.A0102.SG1.3.10M_cutadapt_gc_rl.tsv.gz
"(13,14]",31100,GDN001.A0102.SG1.3.10M_cutadapt_gc_rl.tsv.gz
"(14,15]",34346,GDN001.A0102.SG1.3.10M_cutadapt_gc_rl.tsv.gz
"(15,16]",41915,GDN001.A0102.SG1.3.10M_cutadapt_gc_rl.tsv.gz
"(16,17]",48277,GDN001.A0102.SG1.3.10M_cutadapt_gc_rl.tsv.gz
"(17,18]",56180,GDN001.A0102.SG1.3.10M_cutadapt_gc_rl.tsv.gz
"(18,19]",62666,GDN001.A0102.SG1.3.10M_cutadapt_gc_rl.tsv.gz
"(19,20]",87177,GDN001.A0102.SG1.3.10M_cutadapt_gc_rl.tsv.gz
"(20,21]",57273,GDN001.A0102.SG1.3.10M_cutadapt_gc_rl.tsv.gz
"(21,22]",85872,GDN001.A0102.SG1.3.10M_cutadapt_gc_rl.tsv.gz
"(22,23]",82961,GDN001.A0102.SG1.3.10M_cutadapt_gc_rl.tsv.gz
"(23,24]",90586,GDN001.A0102.SG1.3.10M_cutadapt_gc_rl.tsv.gz
"(24,25]",104448,GDN001.A0102.SG1.3.10M_cutadapt_gc_rl.tsv.gz
"(25,26]",67254,GDN001.A0102.SG1.3.10M_cutadapt_gc_rl.tsv.gz
"(26,27]",82010,GDN001.A0102.SG1.3.10M_cutadapt_gc_rl.tsv.gz
"(27,28]",81094,GDN001.A0102.SG1.3.10M_cutadapt_gc_rl.tsv.gz
"(28,29]",74314,GDN001.A0102.SG1.3.10M_cutadapt_gc_rl.tsv.gz
"(29,30]",83857,GDN001.A0102.SG1.3.10M_cutadapt_gc_rl.tsv.gz
"(30,31]",58811,GDN001.A0102.SG1.3.10M_cutadapt_gc_rl.tsv.gz
"(31,32]",61566,GDN001.A0102.SG1.3.10M_cutadapt_gc_rl.tsv.gz
"(32,33]",55003,GDN001.A0102.SG1.3.10M_cutadapt_gc_rl.tsv.gz
"(33,34]",52753,GDN001.A0102.SG1.3.10M_cutadapt_gc_rl.tsv.gz
"(34,35]",49738,GDN001.A0102.SG1.3.10M_cutadapt_gc_rl.tsv.gz
"(35,36]",44344,GDN001.A0102.SG1.3.10M_cutadapt_gc_rl.tsv.gz
"(36,37]",43224,GDN001.A0102.SG1.3.10M_cutadapt_gc_rl.tsv.gz
"(37,38]",37345,GDN001.A0102.SG1.3.10M_cutadapt_gc_rl.tsv.gz
"(38,39]",36255,GDN001.A0102.SG1.3.10M_cutadapt_gc_rl.tsv.gz
"(39,40]",43946,GDN001.A0102.SG1.3.10M_cutadapt_gc_rl.tsv.gz
"(40,41]",23905,GDN001.A0102.SG1.3.10M_cutadapt_gc_rl.tsv.gz
"(41,42]",35016,GDN001.A0102.SG1.3.10M_cutadapt_gc_rl.tsv.gz
"(42,43]",30169,GDN001.A0102.SG1.3.10M_cutadapt_gc_rl.tsv.gz
"(43,44]",35047,GDN001.A0102.SG1.3.10M_cutadapt_gc_rl.tsv.gz
"(44,45]",28973,GDN001.A0102.SG1.3.10M_cutadapt_gc_rl.tsv.gz
"(45,46]",34278,GDN001.A0102.SG1.3.10M_cutadapt_gc_rl.tsv.gz
"(46,47]",31661,GDN001.A0102.SG1.3.10M_cutadapt_gc_rl.tsv.gz
"(47,48]",31215,GDN001.A0102.SG1.3.10M_cutadapt_gc_rl.tsv.gz
"(48,49]",37137,GDN001.A0102.SG1.3.10M_cutadapt_gc_rl.tsv.gz
"(49,50]",49144,GDN001.A0102.SG1.3.10M_cutadapt_gc_rl.tsv.gz
"(50,51]",8591,GDN001.A0102.SG1.3.10M_cutadapt_gc_rl.tsv.gz
"(51,52]",40222,GDN001.A0102.SG1.3.10M_cutadapt_gc_rl.tsv.gz
"(52,53]",32398,GDN001.A0102.SG1.3.10M_cutadapt_gc_rl.tsv.gz
"(53,54]",36005,GDN001.A0102.SG1.3.10M_cutadapt_gc_rl.tsv.gz
"(54,55]",40727,GDN001.A0102.SG1.3.10M_cutadapt_gc_rl.tsv.gz
"(55,56]",32542,GDN001.A0102.SG1.3.10M_cutadapt_gc_rl.tsv.gz
"(56,57]",39454,GDN001.A0102.SG1.3.10M_cutadapt_gc_rl.tsv.gz
"(57,58]",38561,GDN001.A0102.SG1.3.10M_cutadapt_gc_rl.tsv.gz
"(58,59]",40958,GDN001.A0102.SG1.3.10M_cutadapt_gc_rl.tsv.gz
"(59,60]",52514,GDN001.A0102.SG1.3.10M_cutadapt_gc_rl.tsv.gz
"(60,61]",31863,GDN001.A0102.SG1.3.10M_cutadapt_gc_rl.tsv.gz
"(61,62]",45351,GDN001.A0102.SG1.3.10M_cutadapt_gc_rl.tsv.gz
"(62,63]",42149,GDN001.A0102.SG1.3.10M_cutadapt_gc_rl.tsv.gz
"(63,64]",50104,GDN001.A0102.SG1.3.10M_cutadapt_gc_rl.tsv.gz
"(64,65]",48542,GDN001.A0102.SG1.3.10M_cutadapt_gc_rl.tsv.gz
"(65,66]",46917,GDN001.A0102.SG1.3.10M_cutadapt_gc_rl.tsv.gz
"(66,67]",45123,GDN001.A0102.SG1.3.10M_cutadapt_gc_rl.tsv.gz
"(67,68]",47315,GDN001.A0102.SG1.3.10M_cutadapt_gc_rl.tsv.gz
"(68,69]",43274,GDN001.A0102.SG1.3.10M_cutadapt_gc_rl.tsv.gz
"(69,70]",49657,GDN001.A0102.SG1.3.10M_cutadapt_gc_rl.tsv.gz
"(70,71]",37368,GDN001.A0102.SG1.3.10M_cutadapt_gc_rl.tsv.gz
"(71,72]",40026,GDN001.A0102.SG1.3.10M_cutadapt_gc_rl.tsv.gz
"(72,73]",34605,GDN001.A0102.SG1.3.10M_cutadapt_gc_rl.tsv.gz
"(73,74]",32955,GDN001.A0102.SG1.3.10M_cutadapt_gc_rl.tsv.gz
"(74,75]",36396,GDN001.A0102.SG1.3.10M_cutadapt_gc_rl.tsv.gz
"(75,76]",17212,GDN001.A0102.SG1.3.10M_cutadapt_gc_rl.tsv.gz
"(76,77]",21235,GDN001.A0102.SG1.3.10M_cutadapt_gc_rl.tsv.gz
"(77,78]",17795,GDN001.A0102.SG1.3.10M_cutadapt_gc_rl.tsv.gz
"(78,79]",15032,GDN001.A0102.SG1.3.10M_cutadapt_gc_rl.tsv.gz
"(79,80]",13740,GDN001.A0102.SG1.3.10M_cutadapt_gc_rl.tsv.gz
"(80,81]",6907,GDN001.A0102.SG1.3.10M_cutadapt_gc_rl.tsv.gz
"(81,82]",7289,GDN001.A0102.SG1.3.10M_cutadapt_gc_rl.tsv.gz
"(82,83]",5049,GDN001.A0102.SG1.3.10M_cutadapt_gc_rl.tsv.gz
"(83,84]",4211,GDN001.A0102.SG1.3.10M_cutadapt_gc_rl.tsv.gz
"(84,85]",3023,GDN001.A0102.SG1.3.10M_cutadapt_gc_rl.tsv.gz
"(85,86]",1553,GDN001.A0102.SG1.3.10M_cutadapt_gc_rl.tsv.gz
"(86,87]",1556,GDN001.A0102.SG1.3.10M_cutadapt_gc_rl.tsv.gz
"(87,88]",1272,GDN001.A0102.SG1.3.10M_cutadapt_gc_rl.tsv.gz
"(88,89]",582,GDN001.A0102.SG1.3.10M_cutadapt_gc_rl.tsv.gz
"(89,90]",446,GDN001.A0102.SG1.3.10M_cutadapt_gc_rl.tsv.gz
"(90,91]",356,GDN001.A0102.SG1.3.10M_cutadapt_gc_rl.tsv.gz
"(91,92]",161,GDN001.A0102.SG1.3.10M_cutadapt_gc_rl.tsv.gz
"(92,93]",43,GDN001.A0102.SG1.3.10M_cutadapt_gc_rl.tsv.gz
"(93,94]",128,GDN001.A0102.SG1.3.10M_cutadapt_gc_rl.tsv.gz
"(94,95]",43,GDN001.A0102.SG1.3.10M_cutadapt_gc_rl.tsv.gz
"(95,96]",5,GDN001.A0102.SG1.3.10M_cutadapt_gc_rl.tsv.gz
"(96,97]",27,GDN001.A0102.SG1.3.10M_cutadapt_gc_rl.tsv.gz
"(97,98]",8,GDN001.A0102.SG1.3.10M_cutadapt_gc_rl.tsv.gz
"(99,100]",4,GDN001.A0102.SG1.3.10M_cutadapt_gc_rl.tsv.gz
"[0,1]",37,GOY005.A0101.SG1.2.10M_cutadapt_gc_rl.tsv.gz
"(1,2]",46,GOY005.A0101.SG1.2.10M_cutadapt_gc_rl.tsv.gz
"(2,3]",54,GOY005.A0101.SG1.2.10M_cutadapt_gc_rl.tsv.gz
"(3,4]",50,GOY005.A0101.SG1.2.10M_cutadapt_gc_rl.tsv.gz
"(4,5]",114,GOY005.A0101.SG1.2.10M_cutadapt_gc_rl.tsv.gz
"(5,6]",201,GOY005.A0101.SG1.2.10M_cutadapt_gc_rl.tsv.gz
"(6,7]",246,GOY005.A0101.SG1.2.10M_cutadapt_gc_rl.tsv.gz
"(7,8]",297,GOY005.A0101.SG1.2.10M_cutadapt_gc_rl.tsv.gz
"(8,9]",499,GOY005.A0101.SG1.2.10M_cutadapt_gc_rl.tsv.gz
"(9,10]",965,GOY005.A0101.SG1.2.10M_cutadapt_gc_rl.tsv.gz
"(10,11]",968,GOY005.A0101.SG1.2.10M_cutadapt_gc_rl.tsv.gz
"(11,12]",1571,GOY005.A0101.SG1.2.10M_cutadapt_gc_rl.tsv.gz
"(12,13]",1930,GOY005.A0101.SG1.2.10M_cutadapt_gc_rl.tsv.gz
"(13,14]",3154,GOY005.A0101.SG1.2.10M_cutadapt_gc_rl.tsv.gz
"(14,15]",3898,GOY005.A0101.SG1.2.10M_cutadapt_gc_rl.tsv.gz
"(15,16]",5303,GOY005.A0101.SG1.2.10M_cutadapt_gc_rl.tsv.gz
"(16,17]",5971,GOY005.A0101.SG1.2.10M_cutadapt_gc_rl.tsv.gz
"(17,18]",9109,GOY005.A0101.SG1.2.10M_cutadapt_gc_rl.tsv.gz
"(18,19]",10644,GOY005.A0101.SG1.2.10M_cutadapt_gc_rl.tsv.gz
"(19,20]",16735,GOY005.A0101.SG1.2.10M_cutadapt_gc_rl.tsv.gz
"(20,21]",11560,GOY005.A0101.SG1.2.10M_cutadapt_gc_rl.tsv.gz
"(21,22]",20793,GOY005.A0101.SG1.2.10M_cutadapt_gc_rl.tsv.gz
"(22,23]",22260,GOY005.A0101.SG1.2.10M_cutadapt_gc_rl.tsv.gz
"(23,24]",28216,GOY005.A0101.SG1.2.10M_cutadapt_gc_rl.tsv.gz
"(24,25]",37512,GOY005.A0101.SG1.2.10M_cutadapt_gc_rl.tsv.gz
"(25,26]",26925,GOY005.A0101.SG1.2.10M_cutadapt_gc_rl.tsv.gz
"(26,27]",38735,GOY005.A0101.SG1.2.10M_cutadapt_gc_rl.tsv.gz
"(27,28]",48063,GOY005.A0101.SG1.2.10M_cutadapt_gc_rl.tsv.gz
"(28,29]",49567,GOY005.A0101.SG1.2.10M_cutadapt_gc_rl.tsv.gz
"(29,30]",60876,GOY005.A0101.SG1.2.10M_cutadapt_gc_rl.tsv.gz
"(30,31]",57085,GOY005.A0101.SG1.2.10M_cutadapt_gc_rl.tsv.gz
"(31,32]",70199,GOY005.A0101.SG1.2.10M_cutadapt_gc_rl.tsv.gz
"(32,33]",69385,GOY005.A0101.SG1.2.10M_cutadapt_gc_rl.tsv.gz
"(33,34]",76655,GOY005.A0101.SG1.2.10M_cutadapt_gc_rl.tsv.gz
"(34,35]",93484,GOY005.A0101.SG1.2.10M_cutadapt_gc_rl.tsv.gz
"(35,36]",95011,GOY005.A0101.SG1.2.10M_cutadapt_gc_rl.tsv.gz
"(36,37]",102102,GOY005.A0101.SG1.2.10M_cutadapt_gc_rl.tsv.gz
"(37,38]",101325,GOY005.A0101.SG1.2.10M_cutadapt_gc_rl.tsv.gz
"(38,39]",113515,GOY005.A0101.SG1.2.10M_cutadapt_gc_rl.tsv.gz
"(39,40]",149434,GOY005.A0101.SG1.2.10M_cutadapt_gc_rl.tsv.gz
"(40,41]",94783,GOY005.A0101.SG1.2.10M_cutadapt_gc_rl.tsv.gz
"(41,42]",136202,GOY005.A0101.SG1.2.10M_cutadapt_gc_rl.tsv.gz
"(42,43]",135216,GOY005.A0101.SG1.2.10M_cutadapt_gc_rl.tsv.gz
"(43,44]",156257,GOY005.A0101.SG1.2.10M_cutadapt_gc_rl.tsv.gz
"(44,45]",148105,GOY005.A0101.SG1.2.10M_cutadapt_gc_rl.tsv.gz
"(45,46]",163475,GOY005.A0101.SG1.2.10M_cutadapt_gc_rl.tsv.gz
"(46,47]",162266,GOY005.A0101.SG1.2.10M_cutadapt_gc_rl.tsv.gz
"(47,48]",183089,GOY005.A0101.SG1.2.10M_cutadapt_gc_rl.tsv.gz
"(48,49]",209344,GOY005.A0101.SG1.2.10M_cutadapt_gc_rl.tsv.gz
"(49,50]",284076,GOY005.A0101.SG1.2.10M_cutadapt_gc_rl.tsv.gz
"(50,51]",67180,GOY005.A0101.SG1.2.10M_cutadapt_gc_rl.tsv.gz
"(51,52]",253128,GOY005.A0101.SG1.2.10M_cutadapt_gc_rl.tsv.gz
"(52,53]",223389,GOY005.A0101.SG1.2.10M_cutadapt_gc_rl.tsv.gz
"(53,54]",239874,GOY005.A0101.SG1.2.10M_cutadapt_gc_rl.tsv.gz
"(54,55]",270547,GOY005.A0101.SG1.2.10M_cutadapt_gc_rl.tsv.gz
"(55,56]",241313,GOY005.A0101.SG1.2.10M_cutadapt_gc_rl.tsv.gz
"(56,57]",272048,GOY005.A0101.SG1.2.10M_cutadapt_gc_rl.tsv.gz
"(57,58]",275590,GOY005.A0101.SG1.2.10M_cutadapt_gc_rl.tsv.gz
"(58,59]",277561,GOY005.A0101.SG1.2.10M_cutadapt_gc_rl.tsv.gz
"(59,60]",344286,GOY005.A0101.SG1.2.10M_cutadapt_gc_rl.tsv.gz
"(60,61]",214995,GOY005.A0101.SG1.2.10M_cutadapt_gc_rl.tsv.gz
"(61,62]",287310,GOY005.A0101.SG1.2.10M_cutadapt_gc_rl.tsv.gz
"(62,63]",250582,GOY005.A0101.SG1.2.10M_cutadapt_gc_rl.tsv.gz
"(63,64]",283199,GOY005.A0101.SG1.2.10M_cutadapt_gc_rl.tsv.gz
"(64,65]",262137,GOY005.A0101.SG1.2.10M_cutadapt_gc_rl.tsv.gz
"(65,66]",231636,GOY005.A0101.SG1.2.10M_cutadapt_gc_rl.tsv.gz
"(66,67]",208492,GOY005.A0101.SG1.2.10M_cutadapt_gc_rl.tsv.gz
"(67,68]",199191,GOY005.A0101.SG1.2.10M_cutadapt_gc_rl.tsv.gz
"(68,69]",168622,GOY005.A0101.SG1.2.10M_cutadapt_gc_rl.tsv.gz
"(69,70]",186634,GOY005.A0101.SG1.2.10M_cutadapt_gc_rl.tsv.gz
"(70,71]",126906,GOY005.A0101.SG1.2.10M_cutadapt_gc_rl.tsv.gz
"(71,72]",123729,GOY005.A0101.SG1.2.10M_cutadapt_gc_rl.tsv.gz
"(72,73]",98430,GOY005.A0101.SG1.2.10M_cutadapt_gc_rl.tsv.gz
"(73,74]",89103,GOY005.A0101.SG1.2.10M_cutadapt_gc_rl.tsv.gz
"(74,75]",95921,GOY005.A0101.SG1.2.10M_cutadapt_gc_rl.tsv.gz
"(75,76]",37575,GOY005.A0101.SG1.2.10M_cutadapt_gc_rl.tsv.gz
"(76,77]",49294,GOY005.A0101.SG1.2.10M_cutadapt_gc_rl.tsv.gz
"(77,78]",37654,GOY005.A0101.SG1.2.10M_cutadapt_gc_rl.tsv.gz
"(78,79]",31353,GOY005.A0101.SG1.2.10M_cutadapt_gc_rl.tsv.gz
"(79,80]",26043,GOY005.A0101.SG1.2.10M_cutadapt_gc_rl.tsv.gz
"(80,81]",12130,GOY005.A0101.SG1.2.10M_cutadapt_gc_rl.tsv.gz
"(81,82]",12784,GOY005.A0101.SG1.2.10M_cutadapt_gc_rl.tsv.gz
"(82,83]",7487,GOY005.A0101.SG1.2.10M_cutadapt_gc_rl.tsv.gz
"(83,84]",7554,GOY005.A0101.SG1.2.10M_cutadapt_gc_rl.tsv.gz
"(84,85]",4527,GOY005.A0101.SG1.2.10M_cutadapt_gc_rl.tsv.gz
"(85,86]",2023,GOY005.A0101.SG1.2.10M_cutadapt_gc_rl.tsv.gz
"(86,87]",2165,GOY005.A0101.SG1.2.10M_cutadapt_gc_rl.tsv.gz
"(87,88]",1855,GOY005.A0101.SG1.2.10M_cutadapt_gc_rl.tsv.gz
"(88,89]",759,GOY005.A0101.SG1.2.10M_cutadapt_gc_rl.tsv.gz
"(89,90]",676,GOY005.A0101.SG1.2.10M_cutadapt_gc_rl.tsv.gz
"(90,91]",553,GOY005.A0101.SG1.2.10M_cutadapt_gc_rl.tsv.gz
"(91,92]",337,GOY005.A0101.SG1.2.10M_cutadapt_gc_rl.tsv.gz
"(92,93]",155,GOY005.A0101.SG1.2.10M_cutadapt_gc_rl.tsv.gz
"(93,94]",241,GOY005.A0101.SG1.2.10M_cutadapt_gc_rl.tsv.gz
"(94,95]",187,GOY005.A0101.SG1.2.10M_cutadapt_gc_rl.tsv.gz
"(95,96]",124,GOY005.A0101.SG1.2.10M_cutadapt_gc_rl.tsv.gz
"(96,97]",117,GOY005.A0101.SG1.2.10M_cutadapt_gc_rl.tsv.gz
"(97,98]",133,GOY005.A0101.SG1.2.10M_cutadapt_gc_rl.tsv.gz
"(98,99]",162,GOY005.A0101.SG1.2.10M_cutadapt_gc_rl.tsv.gz
"(99,100]",355,GOY005.A0101.SG1.2.10M_cutadapt_gc_rl.tsv.gz
"[0,1]",68,GOY005.A0103.SG1.4.10M_cutadapt_gc_rl.tsv.gz
"(1,2]",36,GOY005.A0103.SG1.4.10M_cutadapt_gc_rl.tsv.gz
"(2,3]",342,GOY005.A0103.SG1.4.10M_cutadapt_gc_rl.tsv.gz
"(3,4]",193,GOY005.A0103.SG1.4.10M_cutadapt_gc_rl.tsv.gz
"(4,5]",541,GOY005.A0103.SG1.4.10M_cutadapt_gc_rl.tsv.gz
"(5,6]",1198,GOY005.A0103.SG1.4.10M_cutadapt_gc_rl.tsv.gz
"(6,7]",1545,GOY005.A0103.SG1.4.10M_cutadapt_gc_rl.tsv.gz
"(7,8]",1880,GOY005.A0103.SG1.4.10M_cutadapt_gc_rl.tsv.gz
"(8,9]",3224,GOY005.A0103.SG1.4.10M_cutadapt_gc_rl.tsv.gz
"(9,10]",5416,GOY005.A0103.SG1.4.10M_cutadapt_gc_rl.tsv.gz
"(10,11]",4320,GOY005.A0103.SG1.4.10M_cutadapt_gc_rl.tsv.gz
"(11,12]",7639,GOY005.A0103.SG1.4.10M_cutadapt_gc_rl.tsv.gz
"(12,13]",10337,GOY005.A0103.SG1.4.10M_cutadapt_gc_rl.tsv.gz
"(13,14]",12131,GOY005.A0103.SG1.4.10M_cutadapt_gc_rl.tsv.gz
"(14,15]",13758,GOY005.A0103.SG1.4.10M_cutadapt_gc_rl.tsv.gz
"(15,16]",17288,GOY005.A0103.SG1.4.10M_cutadapt_gc_rl.tsv.gz
"(16,17]",20551,GOY005.A0103.SG1.4.10M_cutadapt_gc_rl.tsv.gz
"(17,18]",24619,GOY005.A0103.SG1.4.10M_cutadapt_gc_rl.tsv.gz
"(18,19]",28477,GOY005.A0103.SG1.4.10M_cutadapt_gc_rl.tsv.gz
"(19,20]",43368,GOY005.A0103.SG1.4.10M_cutadapt_gc_rl.tsv.gz
"(20,21]",24634,GOY005.A0103.SG1.4.10M_cutadapt_gc_rl.tsv.gz
"(21,22]",46414,GOY005.A0103.SG1.4.10M_cutadapt_gc_rl.tsv.gz
"(22,23]",44945,GOY005.A0103.SG1.4.10M_cutadapt_gc_rl.tsv.gz
"(23,24]",54152,GOY005.A0103.SG1.4.10M_cutadapt_gc_rl.tsv.gz
"(24,25]",69579,GOY005.A0103.SG1.4.10M_cutadapt_gc_rl.tsv.gz
"(25,26]",46457,GOY005.A0103.SG1.4.10M_cutadapt_gc_rl.tsv.gz
"(26,27]",64167,GOY005.A0103.SG1.4.10M_cutadapt_gc_rl.tsv.gz
"(27,28]",70249,GOY005.A0103.SG1.4.10M_cutadapt_gc_rl.tsv.gz
"(28,29]",72309,GOY005.A0103.SG1.4.10M_cutadapt_gc_rl.tsv.gz
"(29,30]",94369,GOY005.A0103.SG1.4.10M_cutadapt_gc_rl.tsv.gz
"(30,31]",71358,GOY005.A0103.SG1.4.10M_cutadapt_gc_rl.tsv.gz
"(31,32]",84758,GOY005.A0103.SG1.4.10M_cutadapt_gc_rl.tsv.gz
"(32,33]",83913,GOY005.A0103.SG1.4.10M_cutadapt_gc_rl.tsv.gz
"(33,34]",92774,GOY005.A0103.SG1.4.10M_cutadapt_gc_rl.tsv.gz
"(34,35]",100105,GOY005.A0103.SG1.4.10M_cutadapt_gc_rl.tsv.gz
"(35,36]",95781,GOY005.A0103.SG1.4.10M_cutadapt_gc_rl.tsv.gz
"(36,37]",105914,GOY005.A0103.SG1.4.10M_cutadapt_gc_rl.tsv.gz
"(37,38]",95112,GOY005.A0103.SG1.4.10M_cutadapt_gc_rl.tsv.gz
"(38,39]",100720,GOY005.A0103.SG1.4.10M_cutadapt_gc_rl.tsv.gz
"(39,40]",130456,GOY005.A0103.SG1.4.10M_cutadapt_gc_rl.tsv.gz
"(40,41]",71480,GOY005.A0103.SG1.4.10M_cutadapt_gc_rl.tsv.gz
"(41,42]",109238,GOY005.A0103.SG1.4.10M_cutadapt_gc_rl.tsv.gz
"(42,43]",95361,GOY005.A0103.SG1.4.10M_cutadapt_gc_rl.tsv.gz
"(43,44]",112893,GOY005.A0103.SG1.4.10M_cutadapt_gc_rl.tsv.gz
"(44,45]",91676,GOY005.A0103.SG1.4.10M_cutadapt_gc_rl.tsv.gz
"(45,46]",111215,GOY005.A0103.SG1.4.10M_cutadapt_gc_rl.tsv.gz
"(46,47]",100246,GOY005.A0103.SG1.4.10M_cutadapt_gc_rl.tsv.gz
"(47,48]",96110,GOY005.A0103.SG1.4.10M_cutadapt_gc_rl.tsv.gz
"(48,49]",121299,GOY005.A0103.SG1.4.10M_cutadapt_gc_rl.tsv.gz
"(49,50]",148877,GOY005.A0103.SG1.4.10M_cutadapt_gc_rl.tsv.gz
"(50,51]",16810,GOY005.A0103.SG1.4.10M_cutadapt_gc_rl.tsv.gz
"(51,52]",122562,GOY005.A0103.SG1.4.10M_cutadapt_gc_rl.tsv.gz
"(52,53]",89223,GOY005.A0103.SG1.4.10M_cutadapt_gc_rl.tsv.gz
"(53,54]",99940,GOY005.A0103.SG1.4.10M_cutadapt_gc_rl.tsv.gz
"(54,55]",112390,GOY005.A0103.SG1.4.10M_cutadapt_gc_rl.tsv.gz
"(55,56]",77545,GOY005.A0103.SG1.4.10M_cutadapt_gc_rl.tsv.gz
"(56,57]",100099,GOY005.A0103.SG1.4.10M_cutadapt_gc_rl.tsv.gz
"(57,58]",85607,GOY005.A0103.SG1.4.10M_cutadapt_gc_rl.tsv.gz
"(58,59]",92341,GOY005.A0103.SG1.4.10M_cutadapt_gc_rl.tsv.gz
"(59,60]",110689,GOY005.A0103.SG1.4.10M_cutadapt_gc_rl.tsv.gz
"(60,61]",55656,GOY005.A0103.SG1.4.10M_cutadapt_gc_rl.tsv.gz
"(61,62]",82161,GOY005.A0103.SG1.4.10M_cutadapt_gc_rl.tsv.gz
"(62,63]",68241,GOY005.A0103.SG1.4.10M_cutadapt_gc_rl.tsv.gz
"(63,64]",79839,GOY005.A0103.SG1.4.10M_cutadapt_gc_rl.tsv.gz
"(64,65]",69043,GOY005.A0103.SG1.4.10M_cutadapt_gc_rl.tsv.gz
"(65,66]",57542,GOY005.A0103.SG1.4.10M_cutadapt_gc_rl.tsv.gz
"(66,67]",56618,GOY005.A0103.SG1.4.10M_cutadapt_gc_rl.tsv.gz
"(67,68]",48370,GOY005.A0103.SG1.4.10M_cutadapt_gc_rl.tsv.gz
"(68,69]",40376,GOY005.A0103.SG1.4.10M_cutadapt_gc_rl.tsv.gz
"(69,70]",47209,GOY005.A0103.SG1.4.10M_cutadapt_gc_rl.tsv.gz
"(70,71]",31670,GOY005.A0103.SG1.4.10M_cutadapt_gc_rl.tsv.gz
"(71,72]",28818,GOY005.A0103.SG1.4.10M_cutadapt_gc_rl.tsv.gz
"(72,73]",21949,GOY005.A0103.SG1.4.10M_cutadapt_gc_rl.tsv.gz
"(73,74]",22246,GOY005.A0103.SG1.4.10M_cutadapt_gc_rl.tsv.gz
"(74,75]",24591,GOY005.A0103.SG1.4.10M_cutadapt_gc_rl.tsv.gz
"(75,76]",8470,GOY005.A0103.SG1.4.10M_cutadapt_gc_rl.tsv.gz
"(76,77]",12231,GOY005.A0103.SG1.4.10M_cutadapt_gc_rl.tsv.gz
"(77,78]",9242,GOY005.A0103.SG1.4.10M_cutadapt_gc_rl.tsv.gz
"(78,79]",7834,GOY005.A0103.SG1.4.10M_cutadapt_gc_rl.tsv.gz
"(79,80]",6390,GOY005.A0103.SG1.4.10M_cutadapt_gc_rl.tsv.gz
"(80,81]",3036,GOY005.A0103.SG1.4.10M_cutadapt_gc_rl.tsv.gz
"(81,82]",3227,GOY005.A0103.SG1.4.10M_cutadapt_gc_rl.tsv.gz
"(82,83]",1709,GOY005.A0103.SG1.4.10M_cutadapt_gc_rl.tsv.gz
"(83,84]",2102,GOY005.A0103.SG1.4.10M_cutadapt_gc_rl.tsv.gz
"(84,85]",1126,GOY005.A0103.SG1.4.10M_cutadapt_gc_rl.tsv.gz
"(85,86]",466,GOY005.A0103.SG1.4.10M_cutadapt_gc_rl.tsv.gz
"(86,87]",552,GOY005.A0103.SG1.4.10M_cutadapt_gc_rl.tsv.gz
"(87,88]",475,GOY005.A0103.SG1.4.10M_cutadapt_gc_rl.tsv.gz
"(88,89]",180,GOY005.A0103.SG1.4.10M_cutadapt_gc_rl.tsv.gz
"(89,90]",143,GOY005.A0103.SG1.4.10M_cutadapt_gc_rl.tsv.gz
"(90,91]",136,GOY005.A0103.SG1.4.10M_cutadapt_gc_rl.tsv.gz
"(91,92]",61,GOY005.A0103.SG1.4.10M_cutadapt_gc_rl.tsv.gz
"(92,93]",46,GOY005.A0103.SG1.4.10M_cutadapt_gc_rl.tsv.gz
"(93,94]",112,GOY005.A0103.SG1.4.10M_cutadapt_gc_rl.tsv.gz
"(94,95]",29,GOY005.A0103.SG1.4.10M_cutadapt_gc_rl.tsv.gz
"(95,96]",13,GOY005.A0103.SG1.4.10M_cutadapt_gc_rl.tsv.gz
"(96,97]",19,GOY005.A0103.SG1.4.10M_cutadapt_gc_rl.tsv.gz
"(97,98]",32,GOY005.A0103.SG1.4.10M_cutadapt_gc_rl.tsv.gz
"(98,99]",10,GOY005.A0103.SG1.4.10M_cutadapt_gc_rl.tsv.gz
"(99,100]",26,GOY005.A0103.SG1.4.10M_cutadapt_gc_rl.tsv.gz
"[0,1]",35,GOY006.A0101.SG1.2.10M_cutadapt_gc_rl.tsv.gz
"(1,2]",39,GOY006.A0101.SG1.2.10M_cutadapt_gc_rl.tsv.gz
"(2,3]",49,GOY006.A0101.SG1.2.10M_cutadapt_gc_rl.tsv.gz
"(3,4]",47,GOY006.A0101.SG1.2.10M_cutadapt_gc_rl.tsv.gz
"(4,5]",77,GOY006.A0101.SG1.2.10M_cutadapt_gc_rl.tsv.gz
"(5,6]",155,GOY006.A0101.SG1.2.10M_cutadapt_gc_rl.tsv.gz
"(6,7]",195,GOY006.A0101.SG1.2.10M_cutadapt_gc_rl.tsv.gz
"(7,8]",232,GOY006.A0101.SG1.2.10M_cutadapt_gc_rl.tsv.gz
"(8,9]",328,GOY006.A0101.SG1.2.10M_cutadapt_gc_rl.tsv.gz
"(9,10]",659,GOY006.A0101.SG1.2.10M_cutadapt_gc_rl.tsv.gz
"(10,11]",747,GOY006.A0101.SG1.2.10M_cutadapt_gc_rl.tsv.gz
"(11,12]",1129,GOY006.A0101.SG1.2.10M_cutadapt_gc_rl.tsv.gz
"(12,13]",1255,GOY006.A0101.SG1.2.10M_cutadapt_gc_rl.tsv.gz
"(13,14]",2179,GOY006.A0101.SG1.2.10M_cutadapt_gc_rl.tsv.gz
"(14,15]",2736,GOY006.A0101.SG1.2.10M_cutadapt_gc_rl.tsv.gz
"(15,16]",3649,GOY006.A0101.SG1.2.10M_cutadapt_gc_rl.tsv.gz
"(16,17]",3773,GOY006.A0101.SG1.2.10M_cutadapt_gc_rl.tsv.gz
"(17,18]",6119,GOY006.A0101.SG1.2.10M_cutadapt_gc_rl.tsv.gz
"(18,19]",7451,GOY006.A0101.SG1.2.10M_cutadapt_gc_rl.tsv.gz
"(19,20]",10600,GOY006.A0101.SG1.2.10M_cutadapt_gc_rl.tsv.gz
"(20,21]",7842,GOY006.A0101.SG1.2.10M_cutadapt_gc_rl.tsv.gz
"(21,22]",14080,GOY006.A0101.SG1.2.10M_cutadapt_gc_rl.tsv.gz
"(22,23]",15235,GOY006.A0101.SG1.2.10M_cutadapt_gc_rl.tsv.gz
"(23,24]",18285,GOY006.A0101.SG1.2.10M_cutadapt_gc_rl.tsv.gz
"(24,25]",23579,GOY006.A0101.SG1.2.10M_cutadapt_gc_rl.tsv.gz
"(25,26]",17206,GOY006.A0101.SG1.2.10M_cutadapt_gc_rl.tsv.gz
"(26,27]",25445,GOY006.A0101.SG1.2.10M_cutadapt_gc_rl.tsv.gz
"(27,28]",31276,GOY006.A0101.SG1.2.10M_cutadapt_gc_rl.tsv.gz
"(28,29]",31201,GOY006.A0101.SG1.2.10M_cutadapt_gc_rl.tsv.gz
"(29,30]",37224,GOY006.A0101.SG1.2.10M_cutadapt_gc_rl.tsv.gz
"(30,31]",36918,GOY006.A0101.SG1.2.10M_cutadapt_gc_rl.tsv.gz
"(31,32]",45396,GOY006.A0101.SG1.2.10M_cutadapt_gc_rl.tsv.gz
"(32,33]",45675,GOY006.A0101.SG1.2.10M_cutadapt_gc_rl.tsv.gz
"(33,34]",48388,GOY006.A0101.SG1.2.10M_cutadapt_gc_rl.tsv.gz
"(34,35]",59969,GOY006.A0101.SG1.2.10M_cutadapt_gc_rl.tsv.gz
"(35,36]",62520,GOY006.A0101.SG1.2.10M_cutadapt_gc_rl.tsv.gz
"(36,37]",66891,GOY006.A0101.SG1.2.10M_cutadapt_gc_rl.tsv.gz
"(37,38]",68306,GOY006.A0101.SG1.2.10M_cutadapt_gc_rl.tsv.gz
"(38,39]",77504,GOY006.A0101.SG1.2.10M_cutadapt_gc_rl.tsv.gz
"(39,40]",100139,GOY006.A0101.SG1.2.10M_cutadapt_gc_rl.tsv.gz
"(40,41]",70193,GOY006.A0101.SG1.2.10M_cutadapt_gc_rl.tsv.gz
"(41,42]",93253,GOY006.A0101.SG1.2.10M_cutadapt_gc_rl.tsv.gz
"(42,43]",95118,GOY006.A0101.SG1.2.10M_cutadapt_gc_rl.tsv.gz
"(43,44]",109222,GOY006.A0101.SG1.2.10M_cutadapt_gc_rl.tsv.gz
"(44,45]",106900,GOY006.A0101.SG1.2.10M_cutadapt_gc_rl.tsv.gz
"(45,46]",114655,GOY006.A0101.SG1.2.10M_cutadapt_gc_rl.tsv.gz
"(46,47]",117971,GOY006.A0101.SG1.2.10M_cutadapt_gc_rl.tsv.gz
"(47,48]",133615,GOY006.A0101.SG1.2.10M_cutadapt_gc_rl.tsv.gz
"(48,49]",144661,GOY006.A0101.SG1.2.10M_cutadapt_gc_rl.tsv.gz
"(49,50]",207518,GOY006.A0101.SG1.2.10M_cutadapt_gc_rl.tsv.gz
"(50,51]",62618,GOY006.A0101.SG1.2.10M_cutadapt_gc_rl.tsv.gz
"(51,52]",180377,GOY006.A0101.SG1.2.10M_cutadapt_gc_rl.tsv.gz
"(52,53]",167862,GOY006.A0101.SG1.2.10M_cutadapt_gc_rl.tsv.gz
"(53,54]",179218,GOY006.A0101.SG1.2.10M_cutadapt_gc_rl.tsv.gz
"(54,55]",199718,GOY006.A0101.SG1.2.10M_cutadapt_gc_rl.tsv.gz
"(55,56]",184339,GOY006.A0101.SG1.2.10M_cutadapt_gc_rl.tsv.gz
"(56,57]",202806,GOY006.A0101.SG1.2.10M_cutadapt_gc_rl.tsv.gz
"(57,58]",210074,GOY006.A0101.SG1.2.10M_cutadapt_gc_rl.tsv.gz
"(58,59]",209766,GOY006.A0101.SG1.2.10M_cutadapt_gc_rl.tsv.gz
"(59,60]",259450,GOY006.A0101.SG1.2.10M_cutadapt_gc_rl.tsv.gz
"(60,61]",169456,GOY006.A0101.SG1.2.10M_cutadapt_gc_rl.tsv.gz
"(61,62]",222289,GOY006.A0101.SG1.2.10M_cutadapt_gc_rl.tsv.gz
"(62,63]",198646,GOY006.A0101.SG1.2.10M_cutadapt_gc_rl.tsv.gz
"(63,64]",224568,GOY006.A0101.SG1.2.10M_cutadapt_gc_rl.tsv.gz
"(64,65]",214383,GOY006.A0101.SG1.2.10M_cutadapt_gc_rl.tsv.gz
"(65,66]",198358,GOY006.A0101.SG1.2.10M_cutadapt_gc_rl.tsv.gz
"(66,67]",180970,GOY006.A0101.SG1.2.10M_cutadapt_gc_rl.tsv.gz
"(67,68]",183926,GOY006.A0101.SG1.2.10M_cutadapt_gc_rl.tsv.gz
"(68,69]",161452,GOY006.A0101.SG1.2.10M_cutadapt_gc_rl.tsv.gz
"(69,70]",180230,GOY006.A0101.SG1.2.10M_cutadapt_gc_rl.tsv.gz
"(70,71]",128511,GOY006.A0101.SG1.2.10M_cutadapt_gc_rl.tsv.gz
"(71,72]",132533,GOY006.A0101.SG1.2.10M_cutadapt_gc_rl.tsv.gz
"(72,73]",111167,GOY006.A0101.SG1.2.10M_cutadapt_gc_rl.tsv.gz
"(73,74]",101306,GOY006.A0101.SG1.2.10M_cutadapt_gc_rl.tsv.gz
"(74,75]",109477,GOY006.A0101.SG1.2.10M_cutadapt_gc_rl.tsv.gz
"(75,76]",48694,GOY006.A0101.SG1.2.10M_cutadapt_gc_rl.tsv.gz
"(76,77]",60428,GOY006.A0101.SG1.2.10M_cutadapt_gc_rl.tsv.gz
"(77,78]",48600,GOY006.A0101.SG1.2.10M_cutadapt_gc_rl.tsv.gz
"(78,79]",40773,GOY006.A0101.SG1.2.10M_cutadapt_gc_rl.tsv.gz
"(79,80]",35127,GOY006.A0101.SG1.2.10M_cutadapt_gc_rl.tsv.gz
"(80,81]",17395,GOY006.A0101.SG1.2.10M_cutadapt_gc_rl.tsv.gz
"(81,82]",18123,GOY006.A0101.SG1.2.10M_cutadapt_gc_rl.tsv.gz
"(82,83]",11748,GOY006.A0101.SG1.2.10M_cutadapt_gc_rl.tsv.gz
"(83,84]",10621,GOY006.A0101.SG1.2.10M_cutadapt_gc_rl.tsv.gz
"(84,85]",7057,GOY006.A0101.SG1.2.10M_cutadapt_gc_rl.tsv.gz
"(85,86]",3578,GOY006.A0101.SG1.2.10M_cutadapt_gc_rl.tsv.gz
"(86,87]",3550,GOY006.A0101.SG1.2.10M_cutadapt_gc_rl.tsv.gz
"(87,88]",2907,GOY006.A0101.SG1.2.10M_cutadapt_gc_rl.tsv.gz
"(88,89]",1405,GOY006.A0101.SG1.2.10M_cutadapt_gc_rl.tsv.gz
"(89,90]",1064,GOY006.A0101.SG1.2.10M_cutadapt_gc_rl.tsv.gz
"(90,91]",817,GOY006.A0101.SG1.2.10M_cutadapt_gc_rl.tsv.gz
"(91,92]",456,GOY006.A0101.SG1.2.10M_cutadapt_gc_rl.tsv.gz
"(92,93]",219,GOY006.A0101.SG1.2.10M_cutadapt_gc_rl.tsv.gz
"(93,94]",337,GOY006.A0101.SG1.2.10M_cutadapt_gc_rl.tsv.gz
"(94,95]",207,GOY006.A0101.SG1.2.10M_cutadapt_gc_rl.tsv.gz
"(95,96]",98,GOY006.A0101.SG1.2.10M_cutadapt_gc_rl.tsv.gz
"(96,97]",98,GOY006.A0101.SG1.2.10M_cutadapt_gc_rl.tsv.gz
"(97,98]",112,GOY006.A0101.SG1.2.10M_cutadapt_gc_rl.tsv.gz
"(98,99]",99,GOY006.A0101.SG1.2.10M_cutadapt_gc_rl.tsv.gz
"(99,100]",265,GOY006.A0101.SG1.2.10M_cutadapt_gc_rl.tsv.gz
"[0,1]",47,GOY006.A0102.SG1.5.10M_cutadapt_gc_rl.tsv.gz
"(1,2]",59,GOY006.A0102.SG1.5.10M_cutadapt_gc_rl.tsv.gz
"(2,3]",212,GOY006.A0102.SG1.5.10M_cutadapt_gc_rl.tsv.gz
"(3,4]",152,GOY006.A0102.SG1.5.10M_cutadapt_gc_rl.tsv.gz
"(4,5]",365,GOY006.A0102.SG1.5.10M_cutadapt_gc_rl.tsv.gz
"(5,6]",712,GOY006.A0102.SG1.5.10M_cutadapt_gc_rl.tsv.gz
"(6,7]",909,GOY006.A0102.SG1.5.10M_cutadapt_gc_rl.tsv.gz
"(7,8]",1162,GOY006.A0102.SG1.5.10M_cutadapt_gc_rl.tsv.gz
"(8,9]",1955,GOY006.A0102.SG1.5.10M_cutadapt_gc_rl.tsv.gz
"(9,10]",3221,GOY006.A0102.SG1.5.10M_cutadapt_gc_rl.tsv.gz
"(10,11]",2953,GOY006.A0102.SG1.5.10M_cutadapt_gc_rl.tsv.gz
"(11,12]",4858,GOY006.A0102.SG1.5.10M_cutadapt_gc_rl.tsv.gz
"(12,13]",6303,GOY006.A0102.SG1.5.10M_cutadapt_gc_rl.tsv.gz
"(13,14]",8204,GOY006.A0102.SG1.5.10M_cutadapt_gc_rl.tsv.gz
"(14,15]",9220,GOY006.A0102.SG1.5.10M_cutadapt_gc_rl.tsv.gz
"(15,16]",12043,GOY006.A0102.SG1.5.10M_cutadapt_gc_rl.tsv.gz
"(16,17]",14045,GOY006.A0102.SG1.5.10M_cutadapt_gc_rl.tsv.gz
"(17,18]",17877,GOY006.A0102.SG1.5.10M_cutadapt_gc_rl.tsv.gz
"(18,19]",20700,GOY006.A0102.SG1.5.10M_cutadapt_gc_rl.tsv.gz
"(19,20]",31273,GOY006.A0102.SG1.5.10M_cutadapt_gc_rl.tsv.gz
"(20,21]",19371,GOY006.A0102.SG1.5.10M_cutadapt_gc_rl.tsv.gz
"(21,22]",35162,GOY006.A0102.SG1.5.10M_cutadapt_gc_rl.tsv.gz
"(22,23]",35094,GOY006.A0102.SG1.5.10M_cutadapt_gc_rl.tsv.gz
"(23,24]",42787,GOY006.A0102.SG1.5.10M_cutadapt_gc_rl.tsv.gz
"(24,25]",55620,GOY006.A0102.SG1.5.10M_cutadapt_gc_rl.tsv.gz
"(25,26]",38310,GOY006.A0102.SG1.5.10M_cutadapt_gc_rl.tsv.gz
"(26,27]",53452,GOY006.A0102.SG1.5.10M_cutadapt_gc_rl.tsv.gz
"(27,28]",59285,GOY006.A0102.SG1.5.10M_cutadapt_gc_rl.tsv.gz
"(28,29]",61457,GOY006.A0102.SG1.5.10M_cutadapt_gc_rl.tsv.gz
"(29,30]",78324,GOY006.A0102.SG1.5.10M_cutadapt_gc_rl.tsv.gz
"(30,31]",62747,GOY006.A0102.SG1.5.10M_cutadapt_gc_rl.tsv.gz
"(31,32]",75026,GOY006.A0102.SG1.5.10M_cutadapt_gc_rl.tsv.gz
"(32,33]",75902,GOY006.A0102.SG1.5.10M_cutadapt_gc_rl.tsv.gz
"(33,34]",81851,GOY006.A0102.SG1.5.10M_cutadapt_gc_rl.tsv.gz
"(34,35]",91153,GOY006.A0102.SG1.5.10M_cutadapt_gc_rl.tsv.gz
"(35,36]",89645,GOY006.A0102.SG1.5.10M_cutadapt_gc_rl.tsv.gz
"(36,37]",97471,GOY006.A0102.SG1.5.10M_cutadapt_gc_rl.tsv.gz
"(37,38]",90943,GOY006.A0102.SG1.5.10M_cutadapt_gc_rl.tsv.gz
"(38,39]",99296,GOY006.A0102.SG1.5.10M_cutadapt_gc_rl.tsv.gz
"(39,40]",125098,GOY006.A0102.SG1.5.10M_cutadapt_gc_rl.tsv.gz
"(40,41]",75058,GOY006.A0102.SG1.5.10M_cutadapt_gc_rl.tsv.gz
"(41,42]",108456,GOY006.A0102.SG1.5.10M_cutadapt_gc_rl.tsv.gz
"(42,43]",100004,GOY006.A0102.SG1.5.10M_cutadapt_gc_rl.tsv.gz
"(43,44]",115420,GOY006.A0102.SG1.5.10M_cutadapt_gc_rl.tsv.gz
"(44,45]",99937,GOY006.A0102.SG1.5.10M_cutadapt_gc_rl.tsv.gz
"(45,46]",115625,GOY006.A0102.SG1.5.10M_cutadapt_gc_rl.tsv.gz
"(46,47]",106431,GOY006.A0102.SG1.5.10M_cutadapt_gc_rl.tsv.gz
"(47,48]",107666,GOY006.A0102.SG1.5.10M_cutadapt_gc_rl.tsv.gz
"(48,49]",129027,GOY006.A0102.SG1.5.10M_cutadapt_gc_rl.tsv.gz
"(49,50]",164868,GOY006.A0102.SG1.5.10M_cutadapt_gc_rl.tsv.gz
"(50,51]",25985,GOY006.A0102.SG1.5.10M_cutadapt_gc_rl.tsv.gz
"(51,52]",137030,GOY006.A0102.SG1.5.10M_cutadapt_gc_rl.tsv.gz
"(52,53]",106430,GOY006.A0102.SG1.5.10M_cutadapt_gc_rl.tsv.gz
"(53,54]",115132,GOY006.A0102.SG1.5.10M_cutadapt_gc_rl.tsv.gz
"(54,55]",130128,GOY006.A0102.SG1.5.10M_cutadapt_gc_rl.tsv.gz
"(55,56]",96738,GOY006.A0102.SG1.5.10M_cutadapt_gc_rl.tsv.gz
"(56,57]",117998,GOY006.A0102.SG1.5.10M_cutadapt_gc_rl.tsv.gz
"(57,58]",107979,GOY006.A0102.SG1.5.10M_cutadapt_gc_rl.tsv.gz
"(58,59]",111672,GOY006.A0102.SG1.5.10M_cutadapt_gc_rl.tsv.gz
"(59,60]",135688,GOY006.A0102.SG1.5.10M_cutadapt_gc_rl.tsv.gz
"(60,61]",74231,GOY006.A0102.SG1.5.10M_cutadapt_gc_rl.tsv.gz
"(61,62]",104808,GOY006.A0102.SG1.5.10M_cutadapt_gc_rl.tsv.gz
"(62,63]",90173,GOY006.A0102.SG1.5.10M_cutadapt_gc_rl.tsv.gz
"(63,64]",103982,GOY006.A0102.SG1.5.10M_cutadapt_gc_rl.tsv.gz
"(64,65]",94080,GOY006.A0102.SG1.5.10M_cutadapt_gc_rl.tsv.gz
"(65,66]",83299,GOY006.A0102.SG1.5.10M_cutadapt_gc_rl.tsv.gz
"(66,67]",78196,GOY006.A0102.SG1.5.10M_cutadapt_gc_rl.tsv.gz
"(67,68]",72898,GOY006.A0102.SG1.5.10M_cutadapt_gc_rl.tsv.gz
"(68,69]",63175,GOY006.A0102.SG1.5.10M_cutadapt_gc_rl.tsv.gz
"(69,70]",72914,GOY006.A0102.SG1.5.10M_cutadapt_gc_rl.tsv.gz
"(70,71]",50794,GOY006.A0102.SG1.5.10M_cutadapt_gc_rl.tsv.gz
"(71,72]",50222,GOY006.A0102.SG1.5.10M_cutadapt_gc_rl.tsv.gz
"(72,73]",40349,GOY006.A0102.SG1.5.10M_cutadapt_gc_rl.tsv.gz
"(73,74]",38462,GOY006.A0102.SG1.5.10M_cutadapt_gc_rl.tsv.gz
"(74,75]",43341,GOY006.A0102.SG1.5.10M_cutadapt_gc_rl.tsv.gz
"(75,76]",16880,GOY006.A0102.SG1.5.10M_cutadapt_gc_rl.tsv.gz
"(76,77]",22840,GOY006.A0102.SG1.5.10M_cutadapt_gc_rl.tsv.gz
"(77,78]",18158,GOY006.A0102.SG1.5.10M_cutadapt_gc_rl.tsv.gz
"(78,79]",15618,GOY006.A0102.SG1.5.10M_cutadapt_gc_rl.tsv.gz
"(79,80]",13220,GOY006.A0102.SG1.5.10M_cutadapt_gc_rl.tsv.gz
"(80,81]",6418,GOY006.A0102.SG1.5.10M_cutadapt_gc_rl.tsv.gz
"(81,82]",6680,GOY006.A0102.SG1.5.10M_cutadapt_gc_rl.tsv.gz
"(82,83]",4112,GOY006.A0102.SG1.5.10M_cutadapt_gc_rl.tsv.gz
"(83,84]",4295,GOY006.A0102.SG1.5.10M_cutadapt_gc_rl.tsv.gz
"(84,85]",2546,GOY006.A0102.SG1.5.10M_cutadapt_gc_rl.tsv.gz
"(85,86]",1285,GOY006.A0102.SG1.5.10M_cutadapt_gc_rl.tsv.gz
"(86,87]",1264,GOY006.A0102.SG1.5.10M_cutadapt_gc_rl.tsv.gz
"(87,88]",1133,GOY006.A0102.SG1.5.10M_cutadapt_gc_rl.tsv.gz
"(88,89]",453,GOY006.A0102.SG1.5.10M_cutadapt_gc_rl.tsv.gz
"(89,90]",334,GOY006.A0102.SG1.5.10M_cutadapt_gc_rl.tsv.gz
"(90,91]",340,GOY006.A0102.SG1.5.10M_cutadapt_gc_rl.tsv.gz
"(91,92]",139,GOY006.A0102.SG1.5.10M_cutadapt_gc_rl.tsv.gz
"(92,93]",69,GOY006.A0102.SG1.5.10M_cutadapt_gc_rl.tsv.gz
"(93,94]",158,GOY006.A0102.SG1.5.10M_cutadapt_gc_rl.tsv.gz
"(94,95]",55,GOY006.A0102.SG1.5.10M_cutadapt_gc_rl.tsv.gz
"(95,96]",18,GOY006.A0102.SG1.5.10M_cutadapt_gc_rl.tsv.gz
"(96,97]",23,GOY006.A0102.SG1.5.10M_cutadapt_gc_rl.tsv.gz
"(97,98]",27,GOY006.A0102.SG1.5.10M_cutadapt_gc_rl.tsv.gz
"(98,99]",14,GOY006.A0102.SG1.5.10M_cutadapt_gc_rl.tsv.gz
"(99,100]",52,GOY006.A0102.SG1.5.10M_cutadapt_gc_rl.tsv.gz
"[0,1]",5,GUE001.A0101.SG1.1.10M_cutadapt_gc_rl.tsv.gz
"(1,2]",4,GUE001.A0101.SG1.1.10M_cutadapt_gc_rl.tsv.gz
"(2,3]",8,GUE001.A0101.SG1.1.10M_cutadapt_gc_rl.tsv.gz
"(3,4]",5,GUE001.A0101.SG1.1.10M_cutadapt_gc_rl.tsv.gz
"(4,5]",4,GUE001.A0101.SG1.1.10M_cutadapt_gc_rl.tsv.gz
"(5,6]",14,GUE001.A0101.SG1.1.10M_cutadapt_gc_rl.tsv.gz
"(6,7]",18,GUE001.A0101.SG1.1.10M_cutadapt_gc_rl.tsv.gz
"(7,8]",18,GUE001.A0101.SG1.1.10M_cutadapt_gc_rl.tsv.gz
"(8,9]",28,GUE001.A0101.SG1.1.10M_cutadapt_gc_rl.tsv.gz
"(9,10]",64,GUE001.A0101.SG1.1.10M_cutadapt_gc_rl.tsv.gz
"(10,11]",85,GUE001.A0101.SG1.1.10M_cutadapt_gc_rl.tsv.gz
"(11,12]",125,GUE001.A0101.SG1.1.10M_cutadapt_gc_rl.tsv.gz
"(12,13]",264,GUE001.A0101.SG1.1.10M_cutadapt_gc_rl.tsv.gz
"(13,14]",358,GUE001.A0101.SG1.1.10M_cutadapt_gc_rl.tsv.gz
"(14,15]",494,GUE001.A0101.SG1.1.10M_cutadapt_gc_rl.tsv.gz
"(15,16]",702,GUE001.A0101.SG1.1.10M_cutadapt_gc_rl.tsv.gz
"(16,17]",1090,GUE001.A0101.SG1.1.10M_cutadapt_gc_rl.tsv.gz
"(17,18]",1742,GUE001.A0101.SG1.1.10M_cutadapt_gc_rl.tsv.gz
"(18,19]",2273,GUE001.A0101.SG1.1.10M_cutadapt_gc_rl.tsv.gz
"(19,20]",4003,GUE001.A0101.SG1.1.10M_cutadapt_gc_rl.tsv.gz
"(20,21]",3027,GUE001.A0101.SG1.1.10M_cutadapt_gc_rl.tsv.gz
"(21,22]",5679,GUE001.A0101.SG1.1.10M_cutadapt_gc_rl.tsv.gz
"(22,23]",7008,GUE001.A0101.SG1.1.10M_cutadapt_gc_rl.tsv.gz
"(23,24]",9327,GUE001.A0101.SG1.1.10M_cutadapt_gc_rl.tsv.gz
"(24,25]",14307,GUE001.A0101.SG1.1.10M_cutadapt_gc_rl.tsv.gz
"(25,26]",11134,GUE001.A0101.SG1.1.10M_cutadapt_gc_rl.tsv.gz
"(26,27]",17244,GUE001.A0101.SG1.1.10M_cutadapt_gc_rl.tsv.gz
"(27,28]",22249,GUE001.A0101.SG1.1.10M_cutadapt_gc_rl.tsv.gz
"(28,29]",25429,GUE001.A0101.SG1.1.10M_cutadapt_gc_rl.tsv.gz
"(29,30]",31760,GUE001.A0101.SG1.1.10M_cutadapt_gc_rl.tsv.gz
"(30,31]",32484,GUE001.A0101.SG1.1.10M_cutadapt_gc_rl.tsv.gz
"(31,32]",40953,GUE001.A0101.SG1.1.10M_cutadapt_gc_rl.tsv.gz
"(32,33]",44111,GUE001.A0101.SG1.1.10M_cutadapt_gc_rl.tsv.gz
"(33,34]",47295,GUE001.A0101.SG1.1.10M_cutadapt_gc_rl.tsv.gz
"(34,35]",57822,GUE001.A0101.SG1.1.10M_cutadapt_gc_rl.tsv.gz
"(35,36]",61112,GUE001.A0101.SG1.1.10M_cutadapt_gc_rl.tsv.gz
"(36,37]",63940,GUE001.A0101.SG1.1.10M_cutadapt_gc_rl.tsv.gz
"(37,38]",66027,GUE001.A0101.SG1.1.10M_cutadapt_gc_rl.tsv.gz
"(38,39]",73552,GUE001.A0101.SG1.1.10M_cutadapt_gc_rl.tsv.gz
"(39,40]",94549,GUE001.A0101.SG1.1.10M_cutadapt_gc_rl.tsv.gz
"(40,41]",66042,GUE001.A0101.SG1.1.10M_cutadapt_gc_rl.tsv.gz
"(41,42]",84986,GUE001.A0101.SG1.1.10M_cutadapt_gc_rl.tsv.gz
"(42,43]",87303,GUE001.A0101.SG1.1.10M_cutadapt_gc_rl.tsv.gz
"(43,44]",100456,GUE001.A0101.SG1.1.10M_cutadapt_gc_rl.tsv.gz
"(44,45]",94763,GUE001.A0101.SG1.1.10M_cutadapt_gc_rl.tsv.gz
"(45,46]",96173,GUE001.A0101.SG1.1.10M_cutadapt_gc_rl.tsv.gz
"(46,47]",103032,GUE001.A0101.SG1.1.10M_cutadapt_gc_rl.tsv.gz
"(47,48]",118478,GUE001.A0101.SG1.1.10M_cutadapt_gc_rl.tsv.gz
"(48,49]",120881,GUE001.A0101.SG1.1.10M_cutadapt_gc_rl.tsv.gz
"(49,50]",176346,GUE001.A0101.SG1.1.10M_cutadapt_gc_rl.tsv.gz
"(50,51]",68209,GUE001.A0101.SG1.1.10M_cutadapt_gc_rl.tsv.gz
"(51,52]",165256,GUE001.A0101.SG1.1.10M_cutadapt_gc_rl.tsv.gz
"(52,53]",162719,GUE001.A0101.SG1.1.10M_cutadapt_gc_rl.tsv.gz
"(53,54]",188478,GUE001.A0101.SG1.1.10M_cutadapt_gc_rl.tsv.gz
"(54,55]",189993,GUE001.A0101.SG1.1.10M_cutadapt_gc_rl.tsv.gz
"(55,56]",226162,GUE001.A0101.SG1.1.10M_cutadapt_gc_rl.tsv.gz
"(56,57]",245424,GUE001.A0101.SG1.1.10M_cutadapt_gc_rl.tsv.gz
"(57,58]",283195,GUE001.A0101.SG1.1.10M_cutadapt_gc_rl.tsv.gz
"(58,59]",262052,GUE001.A0101.SG1.1.10M_cutadapt_gc_rl.tsv.gz
"(59,60]",376489,GUE001.A0101.SG1.1.10M_cutadapt_gc_rl.tsv.gz
"(60,61]",301515,GUE001.A0101.SG1.1.10M_cutadapt_gc_rl.tsv.gz
"(61,62]",389346,GUE001.A0101.SG1.1.10M_cutadapt_gc_rl.tsv.gz
"(62,63]",326444,GUE001.A0101.SG1.1.10M_cutadapt_gc_rl.tsv.gz
"(63,64]",435560,GUE001.A0101.SG1.1.10M_cutadapt_gc_rl.tsv.gz
"(64,65]",408244,GUE001.A0101.SG1.1.10M_cutadapt_gc_rl.tsv.gz
"(65,66]",424818,GUE001.A0101.SG1.1.10M_cutadapt_gc_rl.tsv.gz
"(66,67]",337840,GUE001.A0101.SG1.1.10M_cutadapt_gc_rl.tsv.gz
"(67,68]",424767,GUE001.A0101.SG1.1.10M_cutadapt_gc_rl.tsv.gz
"(68,69]",358537,GUE001.A0101.SG1.1.10M_cutadapt_gc_rl.tsv.gz
"(69,70]",380102,GUE001.A0101.SG1.1.10M_cutadapt_gc_rl.tsv.gz
"(70,71]",250783,GUE001.A0101.SG1.1.10M_cutadapt_gc_rl.tsv.gz
"(71,72]",299738,GUE001.A0101.SG1.1.10M_cutadapt_gc_rl.tsv.gz
"(72,73]",230833,GUE001.A0101.SG1.1.10M_cutadapt_gc_rl.tsv.gz
"(73,74]",212895,GUE001.A0101.SG1.1.10M_cutadapt_gc_rl.tsv.gz
"(74,75]",191130,GUE001.A0101.SG1.1.10M_cutadapt_gc_rl.tsv.gz
"(75,76]",94271,GUE001.A0101.SG1.1.10M_cutadapt_gc_rl.tsv.gz
"(76,77]",98141,GUE001.A0101.SG1.1.10M_cutadapt_gc_rl.tsv.gz
"(77,78]",81833,GUE001.A0101.SG1.1.10M_cutadapt_gc_rl.tsv.gz
"(78,79]",57960,GUE001.A0101.SG1.1.10M_cutadapt_gc_rl.tsv.gz
"(79,80]",42314,GUE001.A0101.SG1.1.10M_cutadapt_gc_rl.tsv.gz
"(80,81]",23372,GUE001.A0101.SG1.1.10M_cutadapt_gc_rl.tsv.gz
"(81,82]",22028,GUE001.A0101.SG1.1.10M_cutadapt_gc_rl.tsv.gz
"(82,83]",14398,GUE001.A0101.SG1.1.10M_cutadapt_gc_rl.tsv.gz
"(83,84]",10675,GUE001.A0101.SG1.1.10M_cutadapt_gc_rl.tsv.gz
"(84,85]",7682,GUE001.A0101.SG1.1.10M_cutadapt_gc_rl.tsv.gz
"(85,86]",5503,GUE001.A0101.SG1.1.10M_cutadapt_gc_rl.tsv.gz
"(86,87]",4844,GUE001.A0101.SG1.1.10M_cutadapt_gc_rl.tsv.gz
"(87,88]",3714,GUE001.A0101.SG1.1.10M_cutadapt_gc_rl.tsv.gz
"(88,89]",2529,GUE001.A0101.SG1.1.10M_cutadapt_gc_rl.tsv.gz
"(89,90]",2652,GUE001.A0101.SG1.1.10M_cutadapt_gc_rl.tsv.gz
"(90,91]",2301,GUE001.A0101.SG1.1.10M_cutadapt_gc_rl.tsv.gz
"(91,92]",1758,GUE001.A0101.SG1.1.10M_cutadapt_gc_rl.tsv.gz
"(92,93]",1392,GUE001.A0101.SG1.1.10M_cutadapt_gc_rl.tsv.gz
"(93,94]",1602,GUE001.A0101.SG1.1.10M_cutadapt_gc_rl.tsv.gz
"(94,95]",1665,GUE001.A0101.SG1.1.10M_cutadapt_gc_rl.tsv.gz
"(95,96]",1385,GUE001.A0101.SG1.1.10M_cutadapt_gc_rl.tsv.gz
"(96,97]",976,GUE001.A0101.SG1.1.10M_cutadapt_gc_rl.tsv.gz
"(97,98]",1204,GUE001.A0101.SG1.1.10M_cutadapt_gc_rl.tsv.gz
"(98,99]",1333,GUE001.A0101.SG1.1.10M_cutadapt_gc_rl.tsv.gz
"(99,100]",1923,GUE001.A0101.SG1.1.10M_cutadapt_gc_rl.tsv.gz
"[0,1]",29,GUE001.A0102.SG1.4.10M_cutadapt_gc_rl.tsv.gz
"(1,2]",20,GUE001.A0102.SG1.4.10M_cutadapt_gc_rl.tsv.gz
"(2,3]",96,GUE001.A0102.SG1.4.10M_cutadapt_gc_rl.tsv.gz
"(3,4]",62,GUE001.A0102.SG1.4.10M_cutadapt_gc_rl.tsv.gz
"(4,5]",100,GUE001.A0102.SG1.4.10M_cutadapt_gc_rl.tsv.gz
"(5,6]",224,GUE001.A0102.SG1.4.10M_cutadapt_gc_rl.tsv.gz
"(6,7]",255,GUE001.A0102.SG1.4.10M_cutadapt_gc_rl.tsv.gz
"(7,8]",313,GUE001.A0102.SG1.4.10M_cutadapt_gc_rl.tsv.gz
"(8,9]",438,GUE001.A0102.SG1.4.10M_cutadapt_gc_rl.tsv.gz
"(9,10]",749,GUE001.A0102.SG1.4.10M_cutadapt_gc_rl.tsv.gz
"(10,11]",598,GUE001.A0102.SG1.4.10M_cutadapt_gc_rl.tsv.gz
"(11,12]",980,GUE001.A0102.SG1.4.10M_cutadapt_gc_rl.tsv.gz
"(12,13]",1282,GUE001.A0102.SG1.4.10M_cutadapt_gc_rl.tsv.gz
"(13,14]",1384,GUE001.A0102.SG1.4.10M_cutadapt_gc_rl.tsv.gz
"(14,15]",1604,GUE001.A0102.SG1.4.10M_cutadapt_gc_rl.tsv.gz
"(15,16]",2047,GUE001.A0102.SG1.4.10M_cutadapt_gc_rl.tsv.gz
"(16,17]",2279,GUE001.A0102.SG1.4.10M_cutadapt_gc_rl.tsv.gz
"(17,18]",2824,GUE001.A0102.SG1.4.10M_cutadapt_gc_rl.tsv.gz
"(18,19]",3399,GUE001.A0102.SG1.4.10M_cutadapt_gc_rl.tsv.gz
"(19,20]",5107,GUE001.A0102.SG1.4.10M_cutadapt_gc_rl.tsv.gz
"(20,21]",2582,GUE001.A0102.SG1.4.10M_cutadapt_gc_rl.tsv.gz
"(21,22]",5558,GUE001.A0102.SG1.4.10M_cutadapt_gc_rl.tsv.gz
"(22,23]",5535,GUE001.A0102.SG1.4.10M_cutadapt_gc_rl.tsv.gz
"(23,24]",6660,GUE001.A0102.SG1.4.10M_cutadapt_gc_rl.tsv.gz
"(24,25]",8087,GUE001.A0102.SG1.4.10M_cutadapt_gc_rl.tsv.gz
"(25,26]",5430,GUE001.A0102.SG1.4.10M_cutadapt_gc_rl.tsv.gz
"(26,27]",7920,GUE001.A0102.SG1.4.10M_cutadapt_gc_rl.tsv.gz
"(27,28]",8308,GUE001.A0102.SG1.4.10M_cutadapt_gc_rl.tsv.gz
"(28,29]",7972,GUE001.A0102.SG1.4.10M_cutadapt_gc_rl.tsv.gz
"(29,30]",9509,GUE001.A0102.SG1.4.10M_cutadapt_gc_rl.tsv.gz
"(30,31]",7808,GUE001.A0102.SG1.4.10M_cutadapt_gc_rl.tsv.gz
"(31,32]",8684,GUE001.A0102.SG1.4.10M_cutadapt_gc_rl.tsv.gz
"(32,33]",8090,GUE001.A0102.SG1.4.10M_cutadapt_gc_rl.tsv.gz
"(33,34]",8450,GUE001.A0102.SG1.4.10M_cutadapt_gc_rl.tsv.gz
"(34,35]",8807,GUE001.A0102.SG1.4.10M_cutadapt_gc_rl.tsv.gz
"(35,36]",8494,GUE001.A0102.SG1.4.10M_cutadapt_gc_rl.tsv.gz
"(36,37]",8982,GUE001.A0102.SG1.4.10M_cutadapt_gc_rl.tsv.gz
"(37,38]",7740,GUE001.A0102.SG1.4.10M_cutadapt_gc_rl.tsv.gz
"(38,39]",8326,GUE001.A0102.SG1.4.10M_cutadapt_gc_rl.tsv.gz
"(39,40]",10372,GUE001.A0102.SG1.4.10M_cutadapt_gc_rl.tsv.gz
"(40,41]",5881,GUE001.A0102.SG1.4.10M_cutadapt_gc_rl.tsv.gz
"(41,42]",8442,GUE001.A0102.SG1.4.10M_cutadapt_gc_rl.tsv.gz
"(42,43]",7324,GUE001.A0102.SG1.4.10M_cutadapt_gc_rl.tsv.gz
"(43,44]",8958,GUE001.A0102.SG1.4.10M_cutadapt_gc_rl.tsv.gz
"(44,45]",7510,GUE001.A0102.SG1.4.10M_cutadapt_gc_rl.tsv.gz
"(45,46]",8628,GUE001.A0102.SG1.4.10M_cutadapt_gc_rl.tsv.gz
"(46,47]",8317,GUE001.A0102.SG1.4.10M_cutadapt_gc_rl.tsv.gz
"(47,48]",8223,GUE001.A0102.SG1.4.10M_cutadapt_gc_rl.tsv.gz
"(48,49]",9894,GUE001.A0102.SG1.4.10M_cutadapt_gc_rl.tsv.gz
"(49,50]",13521,GUE001.A0102.SG1.4.10M_cutadapt_gc_rl.tsv.gz
"(50,51]",2454,GUE001.A0102.SG1.4.10M_cutadapt_gc_rl.tsv.gz
"(51,52]",11552,GUE001.A0102.SG1.4.10M_cutadapt_gc_rl.tsv.gz
"(52,53]",9302,GUE001.A0102.SG1.4.10M_cutadapt_gc_rl.tsv.gz
"(53,54]",10582,GUE001.A0102.SG1.4.10M_cutadapt_gc_rl.tsv.gz
"(54,55]",11325,GUE001.A0102.SG1.4.10M_cutadapt_gc_rl.tsv.gz
"(55,56]",9308,GUE001.A0102.SG1.4.10M_cutadapt_gc_rl.tsv.gz
"(56,57]",11357,GUE001.A0102.SG1.4.10M_cutadapt_gc_rl.tsv.gz
"(57,58]",10937,GUE001.A0102.SG1.4.10M_cutadapt_gc_rl.tsv.gz
"(58,59]",11288,GUE001.A0102.SG1.4.10M_cutadapt_gc_rl.tsv.gz
"(59,60]",14120,GUE001.A0102.SG1.4.10M_cutadapt_gc_rl.tsv.gz
"(60,61]",8950,GUE001.A0102.SG1.4.10M_cutadapt_gc_rl.tsv.gz
"(61,62]",12411,GUE001.A0102.SG1.4.10M_cutadapt_gc_rl.tsv.gz
"(62,63]",10697,GUE001.A0102.SG1.4.10M_cutadapt_gc_rl.tsv.gz
"(63,64]",12855,GUE001.A0102.SG1.4.10M_cutadapt_gc_rl.tsv.gz
"(64,65]",12133,GUE001.A0102.SG1.4.10M_cutadapt_gc_rl.tsv.gz
"(65,66]",11061,GUE001.A0102.SG1.4.10M_cutadapt_gc_rl.tsv.gz
"(66,67]",10065,GUE001.A0102.SG1.4.10M_cutadapt_gc_rl.tsv.gz
"(67,68]",10301,GUE001.A0102.SG1.4.10M_cutadapt_gc_rl.tsv.gz
"(68,69]",8894,GUE001.A0102.SG1.4.10M_cutadapt_gc_rl.tsv.gz
"(69,70]",9850,GUE001.A0102.SG1.4.10M_cutadapt_gc_rl.tsv.gz
"(70,71]",6741,GUE001.A0102.SG1.4.10M_cutadapt_gc_rl.tsv.gz
"(71,72]",6945,GUE001.A0102.SG1.4.10M_cutadapt_gc_rl.tsv.gz
"(72,73]",5641,GUE001.A0102.SG1.4.10M_cutadapt_gc_rl.tsv.gz
"(73,74]",5129,GUE001.A0102.SG1.4.10M_cutadapt_gc_rl.tsv.gz
"(74,75]",5330,GUE001.A0102.SG1.4.10M_cutadapt_gc_rl.tsv.gz
"(75,76]",2385,GUE001.A0102.SG1.4.10M_cutadapt_gc_rl.tsv.gz
"(76,77]",2992,GUE001.A0102.SG1.4.10M_cutadapt_gc_rl.tsv.gz
"(77,78]",2364,GUE001.A0102.SG1.4.10M_cutadapt_gc_rl.tsv.gz
"(78,79]",1993,GUE001.A0102.SG1.4.10M_cutadapt_gc_rl.tsv.gz
"(79,80]",1686,GUE001.A0102.SG1.4.10M_cutadapt_gc_rl.tsv.gz
"(80,81]",789,GUE001.A0102.SG1.4.10M_cutadapt_gc_rl.tsv.gz
"(81,82]",889,GUE001.A0102.SG1.4.10M_cutadapt_gc_rl.tsv.gz
"(82,83]",598,GUE001.A0102.SG1.4.10M_cutadapt_gc_rl.tsv.gz
"(83,84]",563,GUE001.A0102.SG1.4.10M_cutadapt_gc_rl.tsv.gz
"(84,85]",382,GUE001.A0102.SG1.4.10M_cutadapt_gc_rl.tsv.gz
"(85,86]",199,GUE001.A0102.SG1.4.10M_cutadapt_gc_rl.tsv.gz
"(86,87]",207,GUE001.A0102.SG1.4.10M_cutadapt_gc_rl.tsv.gz
"(87,88]",154,GUE001.A0102.SG1.4.10M_cutadapt_gc_rl.tsv.gz
"(88,89]",79,GUE001.A0102.SG1.4.10M_cutadapt_gc_rl.tsv.gz
"(89,90]",78,GUE001.A0102.SG1.4.10M_cutadapt_gc_rl.tsv.gz
"(90,91]",68,GUE001.A0102.SG1.4.10M_cutadapt_gc_rl.tsv.gz
"(91,92]",35,GUE001.A0102.SG1.4.10M_cutadapt_gc_rl.tsv.gz
"(92,93]",23,GUE001.A0102.SG1.4.10M_cutadapt_gc_rl.tsv.gz
"(93,94]",28,GUE001.A0102.SG1.4.10M_cutadapt_gc_rl.tsv.gz
"(94,95]",17,GUE001.A0102.SG1.4.10M_cutadapt_gc_rl.tsv.gz
"(95,96]",4,GUE001.A0102.SG1.4.10M_cutadapt_gc_rl.tsv.gz
"(96,97]",9,GUE001.A0102.SG1.4.10M_cutadapt_gc_rl.tsv.gz
"(97,98]",9,GUE001.A0102.SG1.4.10M_cutadapt_gc_rl.tsv.gz
"(98,99]",3,GUE001.A0102.SG1.4.10M_cutadapt_gc_rl.tsv.gz
"(99,100]",17,GUE001.A0102.SG1.4.10M_cutadapt_gc_rl.tsv.gz
"[0,1]",23,PES001.B0101.SG1.3.10M_cutadapt_gc_rl.tsv.gz
"(1,2]",42,PES001.B0101.SG1.3.10M_cutadapt_gc_rl.tsv.gz
"(2,3]",44,PES001.B0101.SG1.3.10M_cutadapt_gc_rl.tsv.gz
"(3,4]",29,PES001.B0101.SG1.3.10M_cutadapt_gc_rl.tsv.gz
"(4,5]",65,PES001.B0101.SG1.3.10M_cutadapt_gc_rl.tsv.gz
"(5,6]",113,PES001.B0101.SG1.3.10M_cutadapt_gc_rl.tsv.gz
"(6,7]",115,PES001.B0101.SG1.3.10M_cutadapt_gc_rl.tsv.gz
"(7,8]",145,PES001.B0101.SG1.3.10M_cutadapt_gc_rl.tsv.gz
"(8,9]",141,PES001.B0101.SG1.3.10M_cutadapt_gc_rl.tsv.gz
"(9,10]",268,PES001.B0101.SG1.3.10M_cutadapt_gc_rl.tsv.gz
"(10,11]",304,PES001.B0101.SG1.3.10M_cutadapt_gc_rl.tsv.gz
"(11,12]",404,PES001.B0101.SG1.3.10M_cutadapt_gc_rl.tsv.gz
"(12,13]",356,PES001.B0101.SG1.3.10M_cutadapt_gc_rl.tsv.gz
"(13,14]",728,PES001.B0101.SG1.3.10M_cutadapt_gc_rl.tsv.gz
"(14,15]",905,PES001.B0101.SG1.3.10M_cutadapt_gc_rl.tsv.gz
"(15,16]",1351,PES001.B0101.SG1.3.10M_cutadapt_gc_rl.tsv.gz
"(16,17]",1246,PES001.B0101.SG1.3.10M_cutadapt_gc_rl.tsv.gz
"(17,18]",2469,PES001.B0101.SG1.3.10M_cutadapt_gc_rl.tsv.gz
"(18,19]",3318,PES001.B0101.SG1.3.10M_cutadapt_gc_rl.tsv.gz
"(19,20]",5013,PES001.B0101.SG1.3.10M_cutadapt_gc_rl.tsv.gz
"(20,21]",3757,PES001.B0101.SG1.3.10M_cutadapt_gc_rl.tsv.gz
"(21,22]",7901,PES001.B0101.SG1.3.10M_cutadapt_gc_rl.tsv.gz
"(22,23]",10040,PES001.B0101.SG1.3.10M_cutadapt_gc_rl.tsv.gz
"(23,24]",13403,PES001.B0101.SG1.3.10M_cutadapt_gc_rl.tsv.gz
"(24,25]",17835,PES001.B0101.SG1.3.10M_cutadapt_gc_rl.tsv.gz
"(25,26]",13159,PES001.B0101.SG1.3.10M_cutadapt_gc_rl.tsv.gz
"(26,27]",23712,PES001.B0101.SG1.3.10M_cutadapt_gc_rl.tsv.gz
"(27,28]",30317,PES001.B0101.SG1.3.10M_cutadapt_gc_rl.tsv.gz
"(28,29]",32142,PES001.B0101.SG1.3.10M_cutadapt_gc_rl.tsv.gz
"(29,30]",33223,PES001.B0101.SG1.3.10M_cutadapt_gc_rl.tsv.gz
"(30,31]",44230,PES001.B0101.SG1.3.10M_cutadapt_gc_rl.tsv.gz
"(31,32]",55600,PES001.B0101.SG1.3.10M_cutadapt_gc_rl.tsv.gz
"(32,33]",57380,PES001.B0101.SG1.3.10M_cutadapt_gc_rl.tsv.gz
"(33,34]",52456,PES001.B0101.SG1.3.10M_cutadapt_gc_rl.tsv.gz
"(34,35]",79628,PES001.B0101.SG1.3.10M_cutadapt_gc_rl.tsv.gz
"(35,36]",89716,PES001.B0101.SG1.3.10M_cutadapt_gc_rl.tsv.gz
"(36,37]",96677,PES001.B0101.SG1.3.10M_cutadapt_gc_rl.tsv.gz
"(37,38]",85093,PES001.B0101.SG1.3.10M_cutadapt_gc_rl.tsv.gz
"(38,39]",124072,PES001.B0101.SG1.3.10M_cutadapt_gc_rl.tsv.gz
"(39,40]",156933,PES001.B0101.SG1.3.10M_cutadapt_gc_rl.tsv.gz
"(40,41]",130463,PES001.B0101.SG1.3.10M_cutadapt_gc_rl.tsv.gz
"(41,42]",134388,PES001.B0101.SG1.3.10M_cutadapt_gc_rl.tsv.gz
"(42,43]",179085,PES001.B0101.SG1.3.10M_cutadapt_gc_rl.tsv.gz
"(43,44]",206526,PES001.B0101.SG1.3.10M_cutadapt_gc_rl.tsv.gz
"(44,45]",200558,PES001.B0101.SG1.3.10M_cutadapt_gc_rl.tsv.gz
"(45,46]",176310,PES001.B0101.SG1.3.10M_cutadapt_gc_rl.tsv.gz
"(46,47]",228614,PES001.B0101.SG1.3.10M_cutadapt_gc_rl.tsv.gz
"(47,48]",247168,PES001.B0101.SG1.3.10M_cutadapt_gc_rl.tsv.gz
"(48,49]",232968,PES001.B0101.SG1.3.10M_cutadapt_gc_rl.tsv.gz
"(49,50]",316841,PES001.B0101.SG1.3.10M_cutadapt_gc_rl.tsv.gz
"(50,51]",121663,PES001.B0101.SG1.3.10M_cutadapt_gc_rl.tsv.gz
"(51,52]",256253,PES001.B0101.SG1.3.10M_cutadapt_gc_rl.tsv.gz
"(52,53]",239076,PES001.B0101.SG1.3.10M_cutadapt_gc_rl.tsv.gz
"(53,54]",253200,PES001.B0101.SG1.3.10M_cutadapt_gc_rl.tsv.gz
"(54,55]",224293,PES001.B0101.SG1.3.10M_cutadapt_gc_rl.tsv.gz
"(55,56]",254659,PES001.B0101.SG1.3.10M_cutadapt_gc_rl.tsv.gz
"(56,57]",263737,PES001.B0101.SG1.3.10M_cutadapt_gc_rl.tsv.gz
"(57,58]",283351,PES001.B0101.SG1.3.10M_cutadapt_gc_rl.tsv.gz
"(58,59]",250233,PES001.B0101.SG1.3.10M_cutadapt_gc_rl.tsv.gz
"(59,60]",353904,PES001.B0101.SG1.3.10M_cutadapt_gc_rl.tsv.gz
"(60,61]",275948,PES001.B0101.SG1.3.10M_cutadapt_gc_rl.tsv.gz
"(61,62]",351438,PES001.B0101.SG1.3.10M_cutadapt_gc_rl.tsv.gz
"(62,63]",295655,PES001.B0101.SG1.3.10M_cutadapt_gc_rl.tsv.gz
"(63,64]",385723,PES001.B0101.SG1.3.10M_cutadapt_gc_rl.tsv.gz
"(64,65]",373936,PES001.B0101.SG1.3.10M_cutadapt_gc_rl.tsv.gz
"(65,66]",378668,PES001.B0101.SG1.3.10M_cutadapt_gc_rl.tsv.gz
"(66,67]",311108,PES001.B0101.SG1.3.10M_cutadapt_gc_rl.tsv.gz
"(67,68]",381214,PES001.B0101.SG1.3.10M_cutadapt_gc_rl.tsv.gz
"(68,69]",334459,PES001.B0101.SG1.3.10M_cutadapt_gc_rl.tsv.gz
"(69,70]",352732,PES001.B0101.SG1.3.10M_cutadapt_gc_rl.tsv.gz
"(70,71]",240071,PES001.B0101.SG1.3.10M_cutadapt_gc_rl.tsv.gz
"(71,72]",277215,PES001.B0101.SG1.3.10M_cutadapt_gc_rl.tsv.gz
"(72,73]",220941,PES001.B0101.SG1.3.10M_cutadapt_gc_rl.tsv.gz
"(73,74]",197996,PES001.B0101.SG1.3.10M_cutadapt_gc_rl.tsv.gz
"(74,75]",182611,PES001.B0101.SG1.3.10M_cutadapt_gc_rl.tsv.gz
"(75,76]",88340,PES001.B0101.SG1.3.10M_cutadapt_gc_rl.tsv.gz
"(76,77]",94202,PES001.B0101.SG1.3.10M_cutadapt_gc_rl.tsv.gz
"(77,78]",75138,PES001.B0101.SG1.3.10M_cutadapt_gc_rl.tsv.gz
"(78,79]",53392,PES001.B0101.SG1.3.10M_cutadapt_gc_rl.tsv.gz
"(79,80]",41267,PES001.B0101.SG1.3.10M_cutadapt_gc_rl.tsv.gz
"(80,81]",21010,PES001.B0101.SG1.3.10M_cutadapt_gc_rl.tsv.gz
"(81,82]",19766,PES001.B0101.SG1.3.10M_cutadapt_gc_rl.tsv.gz
"(82,83]",12581,PES001.B0101.SG1.3.10M_cutadapt_gc_rl.tsv.gz
"(83,84]",9450,PES001.B0101.SG1.3.10M_cutadapt_gc_rl.tsv.gz
"(84,85]",6516,PES001.B0101.SG1.3.10M_cutadapt_gc_rl.tsv.gz
"(85,86]",3874,PES001.B0101.SG1.3.10M_cutadapt_gc_rl.tsv.gz
"(86,87]",3162,PES001.B0101.SG1.3.10M_cutadapt_gc_rl.tsv.gz
"(87,88]",2280,PES001.B0101.SG1.3.10M_cutadapt_gc_rl.tsv.gz
"(88,89]",1357,PES001.B0101.SG1.3.10M_cutadapt_gc_rl.tsv.gz
"(89,90]",1124,PES001.B0101.SG1.3.10M_cutadapt_gc_rl.tsv.gz
"(90,91]",805,PES001.B0101.SG1.3.10M_cutadapt_gc_rl.tsv.gz
"(91,92]",501,PES001.B0101.SG1.3.10M_cutadapt_gc_rl.tsv.gz
"(92,93]",364,PES001.B0101.SG1.3.10M_cutadapt_gc_rl.tsv.gz
"(93,94]",349,PES001.B0101.SG1.3.10M_cutadapt_gc_rl.tsv.gz
"(94,95]",268,PES001.B0101.SG1.3.10M_cutadapt_gc_rl.tsv.gz
"(95,96]",174,PES001.B0101.SG1.3.10M_cutadapt_gc_rl.tsv.gz
"(96,97]",140,PES001.B0101.SG1.3.10M_cutadapt_gc_rl.tsv.gz
"(97,98]",162,PES001.B0101.SG1.3.10M_cutadapt_gc_rl.tsv.gz
"(98,99]",185,PES001.B0101.SG1.3.10M_cutadapt_gc_rl.tsv.gz
"(99,100]",652,PES001.B0101.SG1.3.10M_cutadapt_gc_rl.tsv.gz
"[0,1]",31,PES001.B0102.SG1.5.10M_cutadapt_gc_rl.tsv.gz
"(1,2]",39,PES001.B0102.SG1.5.10M_cutadapt_gc_rl.tsv.gz
"(2,3]",89,PES001.B0102.SG1.5.10M_cutadapt_gc_rl.tsv.gz
"(3,4]",77,PES001.B0102.SG1.5.10M_cutadapt_gc_rl.tsv.gz
"(4,5]",191,PES001.B0102.SG1.5.10M_cutadapt_gc_rl.tsv.gz
"(5,6]",349,PES001.B0102.SG1.5.10M_cutadapt_gc_rl.tsv.gz
"(6,7]",432,PES001.B0102.SG1.5.10M_cutadapt_gc_rl.tsv.gz
"(7,8]",583,PES001.B0102.SG1.5.10M_cutadapt_gc_rl.tsv.gz
"(8,9]",933,PES001.B0102.SG1.5.10M_cutadapt_gc_rl.tsv.gz
"(9,10]",1569,PES001.B0102.SG1.5.10M_cutadapt_gc_rl.tsv.gz
"(10,11]",1545,PES001.B0102.SG1.5.10M_cutadapt_gc_rl.tsv.gz
"(11,12]",2448,PES001.B0102.SG1.5.10M_cutadapt_gc_rl.tsv.gz
"(12,13]",3087,PES001.B0102.SG1.5.10M_cutadapt_gc_rl.tsv.gz
"(13,14]",4201,PES001.B0102.SG1.5.10M_cutadapt_gc_rl.tsv.gz
"(14,15]",5215,PES001.B0102.SG1.5.10M_cutadapt_gc_rl.tsv.gz
"(15,16]",6978,PES001.B0102.SG1.5.10M_cutadapt_gc_rl.tsv.gz
"(16,17]",7891,PES001.B0102.SG1.5.10M_cutadapt_gc_rl.tsv.gz
"(17,18]",10794,PES001.B0102.SG1.5.10M_cutadapt_gc_rl.tsv.gz
"(18,19]",13102,PES001.B0102.SG1.5.10M_cutadapt_gc_rl.tsv.gz
"(19,20]",20209,PES001.B0102.SG1.5.10M_cutadapt_gc_rl.tsv.gz
"(20,21]",13371,PES001.B0102.SG1.5.10M_cutadapt_gc_rl.tsv.gz
"(21,22]",24538,PES001.B0102.SG1.5.10M_cutadapt_gc_rl.tsv.gz
"(22,23]",26474,PES001.B0102.SG1.5.10M_cutadapt_gc_rl.tsv.gz
"(23,24]",32840,PES001.B0102.SG1.5.10M_cutadapt_gc_rl.tsv.gz
"(24,25]",43560,PES001.B0102.SG1.5.10M_cutadapt_gc_rl.tsv.gz
"(25,26]",30162,PES001.B0102.SG1.5.10M_cutadapt_gc_rl.tsv.gz
"(26,27]",45834,PES001.B0102.SG1.5.10M_cutadapt_gc_rl.tsv.gz
"(27,28]",53131,PES001.B0102.SG1.5.10M_cutadapt_gc_rl.tsv.gz
"(28,29]",56596,PES001.B0102.SG1.5.10M_cutadapt_gc_rl.tsv.gz
"(29,30]",66261,PES001.B0102.SG1.5.10M_cutadapt_gc_rl.tsv.gz
"(30,31]",64015,PES001.B0102.SG1.5.10M_cutadapt_gc_rl.tsv.gz
"(31,32]",77273,PES001.B0102.SG1.5.10M_cutadapt_gc_rl.tsv.gz
"(32,33]",81426,PES001.B0102.SG1.5.10M_cutadapt_gc_rl.tsv.gz
"(33,34]",80864,PES001.B0102.SG1.5.10M_cutadapt_gc_rl.tsv.gz
"(34,35]",100805,PES001.B0102.SG1.5.10M_cutadapt_gc_rl.tsv.gz
"(35,36]",105008,PES001.B0102.SG1.5.10M_cutadapt_gc_rl.tsv.gz
"(36,37]",115793,PES001.B0102.SG1.5.10M_cutadapt_gc_rl.tsv.gz
"(37,38]",107117,PES001.B0102.SG1.5.10M_cutadapt_gc_rl.tsv.gz
"(38,39]",128373,PES001.B0102.SG1.5.10M_cutadapt_gc_rl.tsv.gz
"(39,40]",162693,PES001.B0102.SG1.5.10M_cutadapt_gc_rl.tsv.gz
"(40,41]",113713,PES001.B0102.SG1.5.10M_cutadapt_gc_rl.tsv.gz
"(41,42]",142371,PES001.B0102.SG1.5.10M_cutadapt_gc_rl.tsv.gz
"(42,43]",149818,PES001.B0102.SG1.5.10M_cutadapt_gc_rl.tsv.gz
"(43,44]",170311,PES001.B0102.SG1.5.10M_cutadapt_gc_rl.tsv.gz
"(44,45]",154540,PES001.B0102.SG1.5.10M_cutadapt_gc_rl.tsv.gz
"(45,46]",156475,PES001.B0102.SG1.5.10M_cutadapt_gc_rl.tsv.gz
"(46,47]",160777,PES001.B0102.SG1.5.10M_cutadapt_gc_rl.tsv.gz
"(47,48]",163639,PES001.B0102.SG1.5.10M_cutadapt_gc_rl.tsv.gz
"(48,49]",172178,PES001.B0102.SG1.5.10M_cutadapt_gc_rl.tsv.gz
"(49,50]",223230,PES001.B0102.SG1.5.10M_cutadapt_gc_rl.tsv.gz
"(50,51]",56102,PES001.B0102.SG1.5.10M_cutadapt_gc_rl.tsv.gz
"(51,52]",174818,PES001.B0102.SG1.5.10M_cutadapt_gc_rl.tsv.gz
"(52,53]",145530,PES001.B0102.SG1.5.10M_cutadapt_gc_rl.tsv.gz
"(53,54]",153143,PES001.B0102.SG1.5.10M_cutadapt_gc_rl.tsv.gz
"(54,55]",159375,PES001.B0102.SG1.5.10M_cutadapt_gc_rl.tsv.gz
"(55,56]",136752,PES001.B0102.SG1.5.10M_cutadapt_gc_rl.tsv.gz
"(56,57]",156000,PES001.B0102.SG1.5.10M_cutadapt_gc_rl.tsv.gz
"(57,58]",151505,PES001.B0102.SG1.5.10M_cutadapt_gc_rl.tsv.gz
"(58,59]",151299,PES001.B0102.SG1.5.10M_cutadapt_gc_rl.tsv.gz
"(59,60]",193459,PES001.B0102.SG1.5.10M_cutadapt_gc_rl.tsv.gz
"(60,61]",124139,PES001.B0102.SG1.5.10M_cutadapt_gc_rl.tsv.gz
"(61,62]",168035,PES001.B0102.SG1.5.10M_cutadapt_gc_rl.tsv.gz
"(62,63]",149497,PES001.B0102.SG1.5.10M_cutadapt_gc_rl.tsv.gz
"(63,64]",178128,PES001.B0102.SG1.5.10M_cutadapt_gc_rl.tsv.gz
"(64,65]",168942,PES001.B0102.SG1.5.10M_cutadapt_gc_rl.tsv.gz
"(65,66]",159499,PES001.B0102.SG1.5.10M_cutadapt_gc_rl.tsv.gz
"(66,67]",144361,PES001.B0102.SG1.5.10M_cutadapt_gc_rl.tsv.gz
"(67,68]",151035,PES001.B0102.SG1.5.10M_cutadapt_gc_rl.tsv.gz
"(68,69]",133390,PES001.B0102.SG1.5.10M_cutadapt_gc_rl.tsv.gz
"(69,70]",146912,PES001.B0102.SG1.5.10M_cutadapt_gc_rl.tsv.gz
"(70,71]",104144,PES001.B0102.SG1.5.10M_cutadapt_gc_rl.tsv.gz
"(71,72]",106636,PES001.B0102.SG1.5.10M_cutadapt_gc_rl.tsv.gz
"(72,73]",86381,PES001.B0102.SG1.5.10M_cutadapt_gc_rl.tsv.gz
"(73,74]",78566,PES001.B0102.SG1.5.10M_cutadapt_gc_rl.tsv.gz
"(74,75]",82608,PES001.B0102.SG1.5.10M_cutadapt_gc_rl.tsv.gz
"(75,76]",35572,PES001.B0102.SG1.5.10M_cutadapt_gc_rl.tsv.gz
"(76,77]",42354,PES001.B0102.SG1.5.10M_cutadapt_gc_rl.tsv.gz
"(77,78]",34201,PES001.B0102.SG1.5.10M_cutadapt_gc_rl.tsv.gz
"(78,79]",27362,PES001.B0102.SG1.5.10M_cutadapt_gc_rl.tsv.gz
"(79,80]",23380,PES001.B0102.SG1.5.10M_cutadapt_gc_rl.tsv.gz
"(80,81]",11164,PES001.B0102.SG1.5.10M_cutadapt_gc_rl.tsv.gz
"(81,82]",11654,PES001.B0102.SG1.5.10M_cutadapt_gc_rl.tsv.gz
"(82,83]",7062,PES001.B0102.SG1.5.10M_cutadapt_gc_rl.tsv.gz
"(83,84]",6970,PES001.B0102.SG1.5.10M_cutadapt_gc_rl.tsv.gz
"(84,85]",4218,PES001.B0102.SG1.5.10M_cutadapt_gc_rl.tsv.gz
"(85,86]",2021,PES001.B0102.SG1.5.10M_cutadapt_gc_rl.tsv.gz
"(86,87]",2058,PES001.B0102.SG1.5.10M_cutadapt_gc_rl.tsv.gz
"(87,88]",1733,PES001.B0102.SG1.5.10M_cutadapt_gc_rl.tsv.gz
"(88,89]",711,PES001.B0102.SG1.5.10M_cutadapt_gc_rl.tsv.gz
"(89,90]",606,PES001.B0102.SG1.5.10M_cutadapt_gc_rl.tsv.gz
"(90,91]",477,PES001.B0102.SG1.5.10M_cutadapt_gc_rl.tsv.gz
"(91,92]",271,PES001.B0102.SG1.5.10M_cutadapt_gc_rl.tsv.gz
"(92,93]",126,PES001.B0102.SG1.5.10M_cutadapt_gc_rl.tsv.gz
"(93,94]",231,PES001.B0102.SG1.5.10M_cutadapt_gc_rl.tsv.gz
"(94,95]",91,PES001.B0102.SG1.5.10M_cutadapt_gc_rl.tsv.gz
"(95,96]",18,PES001.B0102.SG1.5.10M_cutadapt_gc_rl.tsv.gz
"(96,97]",44,PES001.B0102.SG1.5.10M_cutadapt_gc_rl.tsv.gz
"(97,98]",49,PES001.B0102.SG1.5.10M_cutadapt_gc_rl.tsv.gz
"(98,99]",44,PES001.B0102.SG1.5.10M_cutadapt_gc_rl.tsv.gz
"(99,100]",154,PES001.B0102.SG1.5.10M_cutadapt_gc_rl.tsv.gz
"[0,1]",58,SPM002.A0101.SG1.1.10M_cutadapt_gc_rl.tsv.gz
"(1,2]",101,SPM002.A0101.SG1.1.10M_cutadapt_gc_rl.tsv.gz
"(2,3]",124,SPM002.A0101.SG1.1.10M_cutadapt_gc_rl.tsv.gz
"(3,4]",90,SPM002.A0101.SG1.1.10M_cutadapt_gc_rl.tsv.gz
"(4,5]",115,SPM002.A0101.SG1.1.10M_cutadapt_gc_rl.tsv.gz
"(5,6]",233,SPM002.A0101.SG1.1.10M_cutadapt_gc_rl.tsv.gz
"(6,7]",204,SPM002.A0101.SG1.1.10M_cutadapt_gc_rl.tsv.gz
"(7,8]",201,SPM002.A0101.SG1.1.10M_cutadapt_gc_rl.tsv.gz
"(8,9]",181,SPM002.A0101.SG1.1.10M_cutadapt_gc_rl.tsv.gz
"(9,10]",342,SPM002.A0101.SG1.1.10M_cutadapt_gc_rl.tsv.gz
"(10,11]",339,SPM002.A0101.SG1.1.10M_cutadapt_gc_rl.tsv.gz
"(11,12]",393,SPM002.A0101.SG1.1.10M_cutadapt_gc_rl.tsv.gz
"(12,13]",311,SPM002.A0101.SG1.1.10M_cutadapt_gc_rl.tsv.gz
"(13,14]",580,SPM002.A0101.SG1.1.10M_cutadapt_gc_rl.tsv.gz
"(14,15]",688,SPM002.A0101.SG1.1.10M_cutadapt_gc_rl.tsv.gz
"(15,16]",763,SPM002.A0101.SG1.1.10M_cutadapt_gc_rl.tsv.gz
"(16,17]",581,SPM002.A0101.SG1.1.10M_cutadapt_gc_rl.tsv.gz
"(17,18]",1064,SPM002.A0101.SG1.1.10M_cutadapt_gc_rl.tsv.gz
"(18,19]",1360,SPM002.A0101.SG1.1.10M_cutadapt_gc_rl.tsv.gz
"(19,20]",1721,SPM002.A0101.SG1.1.10M_cutadapt_gc_rl.tsv.gz
"(20,21]",1182,SPM002.A0101.SG1.1.10M_cutadapt_gc_rl.tsv.gz
"(21,22]",2449,SPM002.A0101.SG1.1.10M_cutadapt_gc_rl.tsv.gz
"(22,23]",3130,SPM002.A0101.SG1.1.10M_cutadapt_gc_rl.tsv.gz
"(23,24]",3793,SPM002.A0101.SG1.1.10M_cutadapt_gc_rl.tsv.gz
"(24,25]",4453,SPM002.A0101.SG1.1.10M_cutadapt_gc_rl.tsv.gz
"(25,26]",3916,SPM002.A0101.SG1.1.10M_cutadapt_gc_rl.tsv.gz
"(26,27]",6562,SPM002.A0101.SG1.1.10M_cutadapt_gc_rl.tsv.gz
"(27,28]",8654,SPM002.A0101.SG1.1.10M_cutadapt_gc_rl.tsv.gz
"(28,29]",8811,SPM002.A0101.SG1.1.10M_cutadapt_gc_rl.tsv.gz
"(29,30]",9502,SPM002.A0101.SG1.1.10M_cutadapt_gc_rl.tsv.gz
"(30,31]",12731,SPM002.A0101.SG1.1.10M_cutadapt_gc_rl.tsv.gz
"(31,32]",16161,SPM002.A0101.SG1.1.10M_cutadapt_gc_rl.tsv.gz
"(32,33]",16455,SPM002.A0101.SG1.1.10M_cutadapt_gc_rl.tsv.gz
"(33,34]",16979,SPM002.A0101.SG1.1.10M_cutadapt_gc_rl.tsv.gz
"(34,35]",23607,SPM002.A0101.SG1.1.10M_cutadapt_gc_rl.tsv.gz
"(35,36]",26603,SPM002.A0101.SG1.1.10M_cutadapt_gc_rl.tsv.gz
"(36,37]",26897,SPM002.A0101.SG1.1.10M_cutadapt_gc_rl.tsv.gz
"(37,38]",24827,SPM002.A0101.SG1.1.10M_cutadapt_gc_rl.tsv.gz
"(38,39]",29569,SPM002.A0101.SG1.1.10M_cutadapt_gc_rl.tsv.gz
"(39,40]",32844,SPM002.A0101.SG1.1.10M_cutadapt_gc_rl.tsv.gz
"(40,41]",24692,SPM002.A0101.SG1.1.10M_cutadapt_gc_rl.tsv.gz
"(41,42]",25464,SPM002.A0101.SG1.1.10M_cutadapt_gc_rl.tsv.gz
"(42,43]",27939,SPM002.A0101.SG1.1.10M_cutadapt_gc_rl.tsv.gz
"(43,44]",29217,SPM002.A0101.SG1.1.10M_cutadapt_gc_rl.tsv.gz
"(44,45]",25004,SPM002.A0101.SG1.1.10M_cutadapt_gc_rl.tsv.gz
"(45,46]",23577,SPM002.A0101.SG1.1.10M_cutadapt_gc_rl.tsv.gz
"(46,47]",26053,SPM002.A0101.SG1.1.10M_cutadapt_gc_rl.tsv.gz
"(47,48]",28315,SPM002.A0101.SG1.1.10M_cutadapt_gc_rl.tsv.gz
"(48,49]",24638,SPM002.A0101.SG1.1.10M_cutadapt_gc_rl.tsv.gz
"(49,50]",34508,SPM002.A0101.SG1.1.10M_cutadapt_gc_rl.tsv.gz
"(50,51]",13233,SPM002.A0101.SG1.1.10M_cutadapt_gc_rl.tsv.gz
"(51,52]",27784,SPM002.A0101.SG1.1.10M_cutadapt_gc_rl.tsv.gz
"(52,53]",26106,SPM002.A0101.SG1.1.10M_cutadapt_gc_rl.tsv.gz
"(53,54]",28200,SPM002.A0101.SG1.1.10M_cutadapt_gc_rl.tsv.gz
"(54,55]",26094,SPM002.A0101.SG1.1.10M_cutadapt_gc_rl.tsv.gz
"(55,56]",31574,SPM002.A0101.SG1.1.10M_cutadapt_gc_rl.tsv.gz
"(56,57]",32908,SPM002.A0101.SG1.1.10M_cutadapt_gc_rl.tsv.gz
"(57,58]",36343,SPM002.A0101.SG1.1.10M_cutadapt_gc_rl.tsv.gz
"(58,59]",32065,SPM002.A0101.SG1.1.10M_cutadapt_gc_rl.tsv.gz
"(59,60]",44533,SPM002.A0101.SG1.1.10M_cutadapt_gc_rl.tsv.gz
"(60,61]",32349,SPM002.A0101.SG1.1.10M_cutadapt_gc_rl.tsv.gz
"(61,62]",39585,SPM002.A0101.SG1.1.10M_cutadapt_gc_rl.tsv.gz
"(62,63]",29899,SPM002.A0101.SG1.1.10M_cutadapt_gc_rl.tsv.gz
"(63,64]",38001,SPM002.A0101.SG1.1.10M_cutadapt_gc_rl.tsv.gz
"(64,65]",32371,SPM002.A0101.SG1.1.10M_cutadapt_gc_rl.tsv.gz
"(65,66]",29472,SPM002.A0101.SG1.1.10M_cutadapt_gc_rl.tsv.gz
"(66,67]",21982,SPM002.A0101.SG1.1.10M_cutadapt_gc_rl.tsv.gz
"(67,68]",24888,SPM002.A0101.SG1.1.10M_cutadapt_gc_rl.tsv.gz
"(68,69]",18923,SPM002.A0101.SG1.1.10M_cutadapt_gc_rl.tsv.gz
"(69,70]",18711,SPM002.A0101.SG1.1.10M_cutadapt_gc_rl.tsv.gz
"(70,71]",11803,SPM002.A0101.SG1.1.10M_cutadapt_gc_rl.tsv.gz
"(71,72]",13044,SPM002.A0101.SG1.1.10M_cutadapt_gc_rl.tsv.gz
"(72,73]",10064,SPM002.A0101.SG1.1.10M_cutadapt_gc_rl.tsv.gz
"(73,74]",9160,SPM002.A0101.SG1.1.10M_cutadapt_gc_rl.tsv.gz
"(74,75]",9082,SPM002.A0101.SG1.1.10M_cutadapt_gc_rl.tsv.gz
"(75,76]",4294,SPM002.A0101.SG1.1.10M_cutadapt_gc_rl.tsv.gz
"(76,77]",5115,SPM002.A0101.SG1.1.10M_cutadapt_gc_rl.tsv.gz
"(77,78]",4592,SPM002.A0101.SG1.1.10M_cutadapt_gc_rl.tsv.gz
"(78,79]",3714,SPM002.A0101.SG1.1.10M_cutadapt_gc_rl.tsv.gz
"(79,80]",3242,SPM002.A0101.SG1.1.10M_cutadapt_gc_rl.tsv.gz
"(80,81]",1951,SPM002.A0101.SG1.1.10M_cutadapt_gc_rl.tsv.gz
"(81,82]",2405,SPM002.A0101.SG1.1.10M_cutadapt_gc_rl.tsv.gz
"(82,83]",1868,SPM002.A0101.SG1.1.10M_cutadapt_gc_rl.tsv.gz
"(83,84]",1530,SPM002.A0101.SG1.1.10M_cutadapt_gc_rl.tsv.gz
"(84,85]",1411,SPM002.A0101.SG1.1.10M_cutadapt_gc_rl.tsv.gz
"(85,86]",1399,SPM002.A0101.SG1.1.10M_cutadapt_gc_rl.tsv.gz
"(86,87]",1401,SPM002.A0101.SG1.1.10M_cutadapt_gc_rl.tsv.gz
"(87,88]",1206,SPM002.A0101.SG1.1.10M_cutadapt_gc_rl.tsv.gz
"(88,89]",1052,SPM002.A0101.SG1.1.10M_cutadapt_gc_rl.tsv.gz
"(89,90]",1358,SPM002.A0101.SG1.1.10M_cutadapt_gc_rl.tsv.gz
"(90,91]",1277,SPM002.A0101.SG1.1.10M_cutadapt_gc_rl.tsv.gz
"(91,92]",1082,SPM002.A0101.SG1.1.10M_cutadapt_gc_rl.tsv.gz
"(92,93]",826,SPM002.A0101.SG1.1.10M_cutadapt_gc_rl.tsv.gz
"(93,94]",1072,SPM002.A0101.SG1.1.10M_cutadapt_gc_rl.tsv.gz
"(94,95]",1081,SPM002.A0101.SG1.1.10M_cutadapt_gc_rl.tsv.gz
"(95,96]",873,SPM002.A0101.SG1.1.10M_cutadapt_gc_rl.tsv.gz
"(96,97]",588,SPM002.A0101.SG1.1.10M_cutadapt_gc_rl.tsv.gz
"(97,98]",744,SPM002.A0101.SG1.1.10M_cutadapt_gc_rl.tsv.gz
"(98,99]",783,SPM002.A0101.SG1.1.10M_cutadapt_gc_rl.tsv.gz
"(99,100]",884,SPM002.A0101.SG1.1.10M_cutadapt_gc_rl.tsv.gz
"[0,1]",38,SPM002.A0103.SG1.4.10M_cutadapt_gc_rl.tsv.gz
"(1,2]",46,SPM002.A0103.SG1.4.10M_cutadapt_gc_rl.tsv.gz
"(2,3]",59,SPM002.A0103.SG1.4.10M_cutadapt_gc_rl.tsv.gz
"(3,4]",48,SPM002.A0103.SG1.4.10M_cutadapt_gc_rl.tsv.gz
"(4,5]",106,SPM002.A0103.SG1.4.10M_cutadapt_gc_rl.tsv.gz
"(5,6]",144,SPM002.A0103.SG1.4.10M_cutadapt_gc_rl.tsv.gz
"(6,7]",180,SPM002.A0103.SG1.4.10M_cutadapt_gc_rl.tsv.gz
"(7,8]",219,SPM002.A0103.SG1.4.10M_cutadapt_gc_rl.tsv.gz
"(8,9]",208,SPM002.A0103.SG1.4.10M_cutadapt_gc_rl.tsv.gz
"(9,10]",441,SPM002.A0103.SG1.4.10M_cutadapt_gc_rl.tsv.gz
"(10,11]",524,SPM002.A0103.SG1.4.10M_cutadapt_gc_rl.tsv.gz
"(11,12]",651,SPM002.A0103.SG1.4.10M_cutadapt_gc_rl.tsv.gz
"(12,13]",583,SPM002.A0103.SG1.4.10M_cutadapt_gc_rl.tsv.gz
"(13,14]",1210,SPM002.A0103.SG1.4.10M_cutadapt_gc_rl.tsv.gz
"(14,15]",1370,SPM002.A0103.SG1.4.10M_cutadapt_gc_rl.tsv.gz
"(15,16]",1916,SPM002.A0103.SG1.4.10M_cutadapt_gc_rl.tsv.gz
"(16,17]",1339,SPM002.A0103.SG1.4.10M_cutadapt_gc_rl.tsv.gz
"(17,18]",3088,SPM002.A0103.SG1.4.10M_cutadapt_gc_rl.tsv.gz
"(18,19]",3873,SPM002.A0103.SG1.4.10M_cutadapt_gc_rl.tsv.gz
"(19,20]",5048,SPM002.A0103.SG1.4.10M_cutadapt_gc_rl.tsv.gz
"(20,21]",2714,SPM002.A0103.SG1.4.10M_cutadapt_gc_rl.tsv.gz
"(21,22]",6842,SPM002.A0103.SG1.4.10M_cutadapt_gc_rl.tsv.gz
"(22,23]",7513,SPM002.A0103.SG1.4.10M_cutadapt_gc_rl.tsv.gz
"(23,24]",8671,SPM002.A0103.SG1.4.10M_cutadapt_gc_rl.tsv.gz
"(24,25]",8853,SPM002.A0103.SG1.4.10M_cutadapt_gc_rl.tsv.gz
"(25,26]",5802,SPM002.A0103.SG1.4.10M_cutadapt_gc_rl.tsv.gz
"(26,27]",10802,SPM002.A0103.SG1.4.10M_cutadapt_gc_rl.tsv.gz
"(27,28]",12927,SPM002.A0103.SG1.4.10M_cutadapt_gc_rl.tsv.gz
"(28,29]",10201,SPM002.A0103.SG1.4.10M_cutadapt_gc_rl.tsv.gz
"(29,30]",8807,SPM002.A0103.SG1.4.10M_cutadapt_gc_rl.tsv.gz
"(30,31]",11312,SPM002.A0103.SG1.4.10M_cutadapt_gc_rl.tsv.gz
"(31,32]",12401,SPM002.A0103.SG1.4.10M_cutadapt_gc_rl.tsv.gz
"(32,33]",8974,SPM002.A0103.SG1.4.10M_cutadapt_gc_rl.tsv.gz
"(33,34]",7184,SPM002.A0103.SG1.4.10M_cutadapt_gc_rl.tsv.gz
"(34,35]",9210,SPM002.A0103.SG1.4.10M_cutadapt_gc_rl.tsv.gz
"(35,36]",8959,SPM002.A0103.SG1.4.10M_cutadapt_gc_rl.tsv.gz
"(36,37]",7488,SPM002.A0103.SG1.4.10M_cutadapt_gc_rl.tsv.gz
"(37,38]",5293,SPM002.A0103.SG1.4.10M_cutadapt_gc_rl.tsv.gz
"(38,39]",6812,SPM002.A0103.SG1.4.10M_cutadapt_gc_rl.tsv.gz
"(39,40]",6876,SPM002.A0103.SG1.4.10M_cutadapt_gc_rl.tsv.gz
"(40,41]",4297,SPM002.A0103.SG1.4.10M_cutadapt_gc_rl.tsv.gz
"(41,42]",4695,SPM002.A0103.SG1.4.10M_cutadapt_gc_rl.tsv.gz
"(42,43]",4619,SPM002.A0103.SG1.4.10M_cutadapt_gc_rl.tsv.gz
"(43,44]",5161,SPM002.A0103.SG1.4.10M_cutadapt_gc_rl.tsv.gz
"(44,45]",3894,SPM002.A0103.SG1.4.10M_cutadapt_gc_rl.tsv.gz
"(45,46]",3893,SPM002.A0103.SG1.4.10M_cutadapt_gc_rl.tsv.gz
"(46,47]",4110,SPM002.A0103.SG1.4.10M_cutadapt_gc_rl.tsv.gz
"(47,48]",4042,SPM002.A0103.SG1.4.10M_cutadapt_gc_rl.tsv.gz
"(48,49]",4360,SPM002.A0103.SG1.4.10M_cutadapt_gc_rl.tsv.gz
"(49,50]",5838,SPM002.A0103.SG1.4.10M_cutadapt_gc_rl.tsv.gz
"(50,51]",1149,SPM002.A0103.SG1.4.10M_cutadapt_gc_rl.tsv.gz
"(51,52]",4768,SPM002.A0103.SG1.4.10M_cutadapt_gc_rl.tsv.gz
"(52,53]",3701,SPM002.A0103.SG1.4.10M_cutadapt_gc_rl.tsv.gz
"(53,54]",4022,SPM002.A0103.SG1.4.10M_cutadapt_gc_rl.tsv.gz
"(54,55]",4337,SPM002.A0103.SG1.4.10M_cutadapt_gc_rl.tsv.gz
"(55,56]",3235,SPM002.A0103.SG1.4.10M_cutadapt_gc_rl.tsv.gz
"(56,57]",4144,SPM002.A0103.SG1.4.10M_cutadapt_gc_rl.tsv.gz
"(57,58]",3720,SPM002.A0103.SG1.4.10M_cutadapt_gc_rl.tsv.gz
"(58,59]",3892,SPM002.A0103.SG1.4.10M_cutadapt_gc_rl.tsv.gz
"(59,60]",4796,SPM002.A0103.SG1.4.10M_cutadapt_gc_rl.tsv.gz
"(60,61]",2855,SPM002.A0103.SG1.4.10M_cutadapt_gc_rl.tsv.gz
"(61,62]",3925,SPM002.A0103.SG1.4.10M_cutadapt_gc_rl.tsv.gz
"(62,63]",3205,SPM002.A0103.SG1.4.10M_cutadapt_gc_rl.tsv.gz
"(63,64]",3911,SPM002.A0103.SG1.4.10M_cutadapt_gc_rl.tsv.gz
"(64,65]",3466,SPM002.A0103.SG1.4.10M_cutadapt_gc_rl.tsv.gz
"(65,66]",2926,SPM002.A0103.SG1.4.10M_cutadapt_gc_rl.tsv.gz
"(66,67]",2855,SPM002.A0103.SG1.4.10M_cutadapt_gc_rl.tsv.gz
"(67,68]",2603,SPM002.A0103.SG1.4.10M_cutadapt_gc_rl.tsv.gz
"(68,69]",2142,SPM002.A0103.SG1.4.10M_cutadapt_gc_rl.tsv.gz
"(69,70]",2585,SPM002.A0103.SG1.4.10M_cutadapt_gc_rl.tsv.gz
"(70,71]",1749,SPM002.A0103.SG1.4.10M_cutadapt_gc_rl.tsv.gz
"(71,72]",1605,SPM002.A0103.SG1.4.10M_cutadapt_gc_rl.tsv.gz
"(72,73]",1388,SPM002.A0103.SG1.4.10M_cutadapt_gc_rl.tsv.gz
"(73,74]",1364,SPM002.A0103.SG1.4.10M_cutadapt_gc_rl.tsv.gz
"(74,75]",1547,SPM002.A0103.SG1.4.10M_cutadapt_gc_rl.tsv.gz
"(75,76]",571,SPM002.A0103.SG1.4.10M_cutadapt_gc_rl.tsv.gz
"(76,77]",851,SPM002.A0103.SG1.4.10M_cutadapt_gc_rl.tsv.gz
"(77,78]",687,SPM002.A0103.SG1.4.10M_cutadapt_gc_rl.tsv.gz
"(78,79]",596,SPM002.A0103.SG1.4.10M_cutadapt_gc_rl.tsv.gz
"(79,80]",522,SPM002.A0103.SG1.4.10M_cutadapt_gc_rl.tsv.gz
"(80,81]",273,SPM002.A0103.SG1.4.10M_cutadapt_gc_rl.tsv.gz
"(81,82]",278,SPM002.A0103.SG1.4.10M_cutadapt_gc_rl.tsv.gz
"(82,83]",173,SPM002.A0103.SG1.4.10M_cutadapt_gc_rl.tsv.gz
"(83,84]",215,SPM002.A0103.SG1.4.10M_cutadapt_gc_rl.tsv.gz
"(84,85]",155,SPM002.A0103.SG1.4.10M_cutadapt_gc_rl.tsv.gz
"(85,86]",95,SPM002.A0103.SG1.4.10M_cutadapt_gc_rl.tsv.gz
"(86,87]",113,SPM002.A0103.SG1.4.10M_cutadapt_gc_rl.tsv.gz
"(87,88]",101,SPM002.A0103.SG1.4.10M_cutadapt_gc_rl.tsv.gz
"(88,89]",82,SPM002.A0103.SG1.4.10M_cutadapt_gc_rl.tsv.gz
"(89,90]",99,SPM002.A0103.SG1.4.10M_cutadapt_gc_rl.tsv.gz
"(90,91]",77,SPM002.A0103.SG1.4.10M_cutadapt_gc_rl.tsv.gz
"(91,92]",63,SPM002.A0103.SG1.4.10M_cutadapt_gc_rl.tsv.gz
"(92,93]",35,SPM002.A0103.SG1.4.10M_cutadapt_gc_rl.tsv.gz
"(93,94]",34,SPM002.A0103.SG1.4.10M_cutadapt_gc_rl.tsv.gz
"(94,95]",22,SPM002.A0103.SG1.4.10M_cutadapt_gc_rl.tsv.gz
"(95,96]",17,SPM002.A0103.SG1.4.10M_cutadapt_gc_rl.tsv.gz
"(96,97]",16,SPM002.A0103.SG1.4.10M_cutadapt_gc_rl.tsv.gz
"(97,98]",11,SPM002.A0103.SG1.4.10M_cutadapt_gc_rl.tsv.gz
"(98,99]",15,SPM002.A0103.SG1.4.10M_cutadapt_gc_rl.tsv.gz
"(99,100]",20,SPM002.A0103.SG1.4.10M_cutadapt_gc_rl.tsv.gz
"[0,1]",13,VLD001.A0101.SG1.1.10M_cutadapt_gc_rl.tsv.gz
"(1,2]",9,VLD001.A0101.SG1.1.10M_cutadapt_gc_rl.tsv.gz
"(2,3]",8,VLD001.A0101.SG1.1.10M_cutadapt_gc_rl.tsv.gz
"(3,4]",7,VLD001.A0101.SG1.1.10M_cutadapt_gc_rl.tsv.gz
"(4,5]",19,VLD001.A0101.SG1.1.10M_cutadapt_gc_rl.tsv.gz
"(5,6]",25,VLD001.A0101.SG1.1.10M_cutadapt_gc_rl.tsv.gz
"(6,7]",29,VLD001.A0101.SG1.1.10M_cutadapt_gc_rl.tsv.gz
"(7,8]",27,VLD001.A0101.SG1.1.10M_cutadapt_gc_rl.tsv.gz
"(8,9]",34,VLD001.A0101.SG1.1.10M_cutadapt_gc_rl.tsv.gz
"(9,10]",95,VLD001.A0101.SG1.1.10M_cutadapt_gc_rl.tsv.gz
"(10,11]",100,VLD001.A0101.SG1.1.10M_cutadapt_gc_rl.tsv.gz
"(11,12]",199,VLD001.A0101.SG1.1.10M_cutadapt_gc_rl.tsv.gz
"(12,13]",356,VLD001.A0101.SG1.1.10M_cutadapt_gc_rl.tsv.gz
"(13,14]",603,VLD001.A0101.SG1.1.10M_cutadapt_gc_rl.tsv.gz
"(14,15]",938,VLD001.A0101.SG1.1.10M_cutadapt_gc_rl.tsv.gz
"(15,16]",1456,VLD001.A0101.SG1.1.10M_cutadapt_gc_rl.tsv.gz
"(16,17]",2186,VLD001.A0101.SG1.1.10M_cutadapt_gc_rl.tsv.gz
"(17,18]",3457,VLD001.A0101.SG1.1.10M_cutadapt_gc_rl.tsv.gz
"(18,19]",4814,VLD001.A0101.SG1.1.10M_cutadapt_gc_rl.tsv.gz
"(19,20]",8722,VLD001.A0101.SG1.1.10M_cutadapt_gc_rl.tsv.gz
"(20,21]",7755,VLD001.A0101.SG1.1.10M_cutadapt_gc_rl.tsv.gz
"(21,22]",13922,VLD001.A0101.SG1.1.10M_cutadapt_gc_rl.tsv.gz
"(22,23]",17291,VLD001.A0101.SG1.1.10M_cutadapt_gc_rl.tsv.gz
"(23,24]",23765,VLD001.A0101.SG1.1.10M_cutadapt_gc_rl.tsv.gz
"(24,25]",35439,VLD001.A0101.SG1.1.10M_cutadapt_gc_rl.tsv.gz
"(25,26]",29756,VLD001.A0101.SG1.1.10M_cutadapt_gc_rl.tsv.gz
"(26,27]",44492,VLD001.A0101.SG1.1.10M_cutadapt_gc_rl.tsv.gz
"(27,28]",56142,VLD001.A0101.SG1.1.10M_cutadapt_gc_rl.tsv.gz
"(28,29]",63005,VLD001.A0101.SG1.1.10M_cutadapt_gc_rl.tsv.gz
"(29,30]",80131,VLD001.A0101.SG1.1.10M_cutadapt_gc_rl.tsv.gz
"(30,31]",79519,VLD001.A0101.SG1.1.10M_cutadapt_gc_rl.tsv.gz
"(31,32]",99427,VLD001.A0101.SG1.1.10M_cutadapt_gc_rl.tsv.gz
"(32,33]",104512,VLD001.A0101.SG1.1.10M_cutadapt_gc_rl.tsv.gz
"(33,34]",111956,VLD001.A0101.SG1.1.10M_cutadapt_gc_rl.tsv.gz
"(34,35]",129424,VLD001.A0101.SG1.1.10M_cutadapt_gc_rl.tsv.gz
"(35,36]",131834,VLD001.A0101.SG1.1.10M_cutadapt_gc_rl.tsv.gz
"(36,37]",137738,VLD001.A0101.SG1.1.10M_cutadapt_gc_rl.tsv.gz
"(37,38]",141036,VLD001.A0101.SG1.1.10M_cutadapt_gc_rl.tsv.gz
"(38,39]",146246,VLD001.A0101.SG1.1.10M_cutadapt_gc_rl.tsv.gz
"(39,40]",178761,VLD001.A0101.SG1.1.10M_cutadapt_gc_rl.tsv.gz
"(40,41]",119484,VLD001.A0101.SG1.1.10M_cutadapt_gc_rl.tsv.gz
"(41,42]",155769,VLD001.A0101.SG1.1.10M_cutadapt_gc_rl.tsv.gz
"(42,43]",146596,VLD001.A0101.SG1.1.10M_cutadapt_gc_rl.tsv.gz
"(43,44]",160873,VLD001.A0101.SG1.1.10M_cutadapt_gc_rl.tsv.gz
"(44,45]",147518,VLD001.A0101.SG1.1.10M_cutadapt_gc_rl.tsv.gz
"(45,46]",153145,VLD001.A0101.SG1.1.10M_cutadapt_gc_rl.tsv.gz
"(46,47]",144960,VLD001.A0101.SG1.1.10M_cutadapt_gc_rl.tsv.gz
"(47,48]",154413,VLD001.A0101.SG1.1.10M_cutadapt_gc_rl.tsv.gz
"(48,49]",165026,VLD001.A0101.SG1.1.10M_cutadapt_gc_rl.tsv.gz
"(49,50]",221505,VLD001.A0101.SG1.1.10M_cutadapt_gc_rl.tsv.gz
"(50,51]",53640,VLD001.A0101.SG1.1.10M_cutadapt_gc_rl.tsv.gz
"(51,52]",181713,VLD001.A0101.SG1.1.10M_cutadapt_gc_rl.tsv.gz
"(52,53]",156305,VLD001.A0101.SG1.1.10M_cutadapt_gc_rl.tsv.gz
"(53,54]",165949,VLD001.A0101.SG1.1.10M_cutadapt_gc_rl.tsv.gz
"(54,55]",184902,VLD001.A0101.SG1.1.10M_cutadapt_gc_rl.tsv.gz
"(55,56]",159294,VLD001.A0101.SG1.1.10M_cutadapt_gc_rl.tsv.gz
"(56,57]",180564,VLD001.A0101.SG1.1.10M_cutadapt_gc_rl.tsv.gz
"(57,58]",182127,VLD001.A0101.SG1.1.10M_cutadapt_gc_rl.tsv.gz
"(58,59]",186948,VLD001.A0101.SG1.1.10M_cutadapt_gc_rl.tsv.gz
"(59,60]",232896,VLD001.A0101.SG1.1.10M_cutadapt_gc_rl.tsv.gz
"(60,61]",146634,VLD001.A0101.SG1.1.10M_cutadapt_gc_rl.tsv.gz
"(61,62]",200678,VLD001.A0101.SG1.1.10M_cutadapt_gc_rl.tsv.gz
"(62,63]",180337,VLD001.A0101.SG1.1.10M_cutadapt_gc_rl.tsv.gz
"(63,64]",206605,VLD001.A0101.SG1.1.10M_cutadapt_gc_rl.tsv.gz
"(64,65]",194232,VLD001.A0101.SG1.1.10M_cutadapt_gc_rl.tsv.gz
"(65,66]",178364,VLD001.A0101.SG1.1.10M_cutadapt_gc_rl.tsv.gz
"(66,67]",166536,VLD001.A0101.SG1.1.10M_cutadapt_gc_rl.tsv.gz
"(67,68]",166684,VLD001.A0101.SG1.1.10M_cutadapt_gc_rl.tsv.gz
"(68,69]",144664,VLD001.A0101.SG1.1.10M_cutadapt_gc_rl.tsv.gz
"(69,70]",163020,VLD001.A0101.SG1.1.10M_cutadapt_gc_rl.tsv.gz
"(70,71]",116222,VLD001.A0101.SG1.1.10M_cutadapt_gc_rl.tsv.gz
"(71,72]",119474,VLD001.A0101.SG1.1.10M_cutadapt_gc_rl.tsv.gz
"(72,73]",98860,VLD001.A0101.SG1.1.10M_cutadapt_gc_rl.tsv.gz
"(73,74]",92241,VLD001.A0101.SG1.1.10M_cutadapt_gc_rl.tsv.gz
"(74,75]",96985,VLD001.A0101.SG1.1.10M_cutadapt_gc_rl.tsv.gz
"(75,76]",45026,VLD001.A0101.SG1.1.10M_cutadapt_gc_rl.tsv.gz
"(76,77]",54023,VLD001.A0101.SG1.1.10M_cutadapt_gc_rl.tsv.gz
"(77,78]",44069,VLD001.A0101.SG1.1.10M_cutadapt_gc_rl.tsv.gz
"(78,79]",36932,VLD001.A0101.SG1.1.10M_cutadapt_gc_rl.tsv.gz
"(79,80]",32546,VLD001.A0101.SG1.1.10M_cutadapt_gc_rl.tsv.gz
"(80,81]",17012,VLD001.A0101.SG1.1.10M_cutadapt_gc_rl.tsv.gz
"(81,82]",17820,VLD001.A0101.SG1.1.10M_cutadapt_gc_rl.tsv.gz
"(82,83]",11825,VLD001.A0101.SG1.1.10M_cutadapt_gc_rl.tsv.gz
"(83,84]",11225,VLD001.A0101.SG1.1.10M_cutadapt_gc_rl.tsv.gz
"(84,85]",7728,VLD001.A0101.SG1.1.10M_cutadapt_gc_rl.tsv.gz
"(85,86]",4658,VLD001.A0101.SG1.1.10M_cutadapt_gc_rl.tsv.gz
"(86,87]",4649,VLD001.A0101.SG1.1.10M_cutadapt_gc_rl.tsv.gz
"(87,88]",3995,VLD001.A0101.SG1.1.10M_cutadapt_gc_rl.tsv.gz
"(88,89]",2412,VLD001.A0101.SG1.1.10M_cutadapt_gc_rl.tsv.gz
"(89,90]",2226,VLD001.A0101.SG1.1.10M_cutadapt_gc_rl.tsv.gz
"(90,91]",1983,VLD001.A0101.SG1.1.10M_cutadapt_gc_rl.tsv.gz
"(91,92]",1406,VLD001.A0101.SG1.1.10M_cutadapt_gc_rl.tsv.gz
"(92,93]",916,VLD001.A0101.SG1.1.10M_cutadapt_gc_rl.tsv.gz
"(93,94]",1189,VLD001.A0101.SG1.1.10M_cutadapt_gc_rl.tsv.gz
"(94,95]",1054,VLD001.A0101.SG1.1.10M_cutadapt_gc_rl.tsv.gz
"(95,96]",740,VLD001.A0101.SG1.1.10M_cutadapt_gc_rl.tsv.gz
"(96,97]",551,VLD001.A0101.SG1.1.10M_cutadapt_gc_rl.tsv.gz
"(97,98]",623,VLD001.A0101.SG1.1.10M_cutadapt_gc_rl.tsv.gz
"(98,99]",678,VLD001.A0101.SG1.1.10M_cutadapt_gc_rl.tsv.gz
"(99,100]",913,VLD001.A0101.SG1.1.10M_cutadapt_gc_rl.tsv.gz
"[0,1]",41,VLD001.A0102.SG1.2.10M_cutadapt_gc_rl.tsv.gz
"(1,2]",29,VLD001.A0102.SG1.2.10M_cutadapt_gc_rl.tsv.gz
"(2,3]",180,VLD001.A0102.SG1.2.10M_cutadapt_gc_rl.tsv.gz
"(3,4]",104,VLD001.A0102.SG1.2.10M_cutadapt_gc_rl.tsv.gz
"(4,5]",197,VLD001.A0102.SG1.2.10M_cutadapt_gc_rl.tsv.gz
"(5,6]",558,VLD001.A0102.SG1.2.10M_cutadapt_gc_rl.tsv.gz
"(6,7]",564,VLD001.A0102.SG1.2.10M_cutadapt_gc_rl.tsv.gz
"(7,8]",723,VLD001.A0102.SG1.2.10M_cutadapt_gc_rl.tsv.gz
"(8,9]",1251,VLD001.A0102.SG1.2.10M_cutadapt_gc_rl.tsv.gz
"(9,10]",2240,VLD001.A0102.SG1.2.10M_cutadapt_gc_rl.tsv.gz
"(10,11]",1737,VLD001.A0102.SG1.2.10M_cutadapt_gc_rl.tsv.gz
"(11,12]",3174,VLD001.A0102.SG1.2.10M_cutadapt_gc_rl.tsv.gz
"(12,13]",4476,VLD001.A0102.SG1.2.10M_cutadapt_gc_rl.tsv.gz
"(13,14]",5187,VLD001.A0102.SG1.2.10M_cutadapt_gc_rl.tsv.gz
"(14,15]",6210,VLD001.A0102.SG1.2.10M_cutadapt_gc_rl.tsv.gz
"(15,16]",8327,VLD001.A0102.SG1.2.10M_cutadapt_gc_rl.tsv.gz
"(16,17]",10665,VLD001.A0102.SG1.2.10M_cutadapt_gc_rl.tsv.gz
"(17,18]",12776,VLD001.A0102.SG1.2.10M_cutadapt_gc_rl.tsv.gz
"(18,19]",15467,VLD001.A0102.SG1.2.10M_cutadapt_gc_rl.tsv.gz
"(19,20]",24384,VLD001.A0102.SG1.2.10M_cutadapt_gc_rl.tsv.gz
"(20,21]",14697,VLD001.A0102.SG1.2.10M_cutadapt_gc_rl.tsv.gz
"(21,22]",27171,VLD001.A0102.SG1.2.10M_cutadapt_gc_rl.tsv.gz
"(22,23]",28228,VLD001.A0102.SG1.2.10M_cutadapt_gc_rl.tsv.gz
"(23,24]",34971,VLD001.A0102.SG1.2.10M_cutadapt_gc_rl.tsv.gz
"(24,25]",46802,VLD001.A0102.SG1.2.10M_cutadapt_gc_rl.tsv.gz
"(25,26]",33187,VLD001.A0102.SG1.2.10M_cutadapt_gc_rl.tsv.gz
"(26,27]",46166,VLD001.A0102.SG1.2.10M_cutadapt_gc_rl.tsv.gz
"(27,28]",51684,VLD001.A0102.SG1.2.10M_cutadapt_gc_rl.tsv.gz
"(28,29]",55222,VLD001.A0102.SG1.2.10M_cutadapt_gc_rl.tsv.gz
"(29,30]",72591,VLD001.A0102.SG1.2.10M_cutadapt_gc_rl.tsv.gz
"(30,31]",56370,VLD001.A0102.SG1.2.10M_cutadapt_gc_rl.tsv.gz
"(31,32]",66908,VLD001.A0102.SG1.2.10M_cutadapt_gc_rl.tsv.gz
"(32,33]",68164,VLD001.A0102.SG1.2.10M_cutadapt_gc_rl.tsv.gz
"(33,34]",74823,VLD001.A0102.SG1.2.10M_cutadapt_gc_rl.tsv.gz
"(34,35]",79683,VLD001.A0102.SG1.2.10M_cutadapt_gc_rl.tsv.gz
"(35,36]",76144,VLD001.A0102.SG1.2.10M_cutadapt_gc_rl.tsv.gz
"(36,37]",83147,VLD001.A0102.SG1.2.10M_cutadapt_gc_rl.tsv.gz
"(37,38]",76030,VLD001.A0102.SG1.2.10M_cutadapt_gc_rl.tsv.gz
"(38,39]",78065,VLD001.A0102.SG1.2.10M_cutadapt_gc_rl.tsv.gz
"(39,40]",97605,VLD001.A0102.SG1.2.10M_cutadapt_gc_rl.tsv.gz
"(40,41]",55148,VLD001.A0102.SG1.2.10M_cutadapt_gc_rl.tsv.gz
"(41,42]",79723,VLD001.A0102.SG1.2.10M_cutadapt_gc_rl.tsv.gz
"(42,43]",68597,VLD001.A0102.SG1.2.10M_cutadapt_gc_rl.tsv.gz
"(43,44]",78699,VLD001.A0102.SG1.2.10M_cutadapt_gc_rl.tsv.gz
"(44,45]",64103,VLD001.A0102.SG1.2.10M_cutadapt_gc_rl.tsv.gz
"(45,46]",74933,VLD001.A0102.SG1.2.10M_cutadapt_gc_rl.tsv.gz
"(46,47]",66146,VLD001.A0102.SG1.2.10M_cutadapt_gc_rl.tsv.gz
"(47,48]",63806,VLD001.A0102.SG1.2.10M_cutadapt_gc_rl.tsv.gz
"(48,49]",77114,VLD001.A0102.SG1.2.10M_cutadapt_gc_rl.tsv.gz
"(49,50]",95245,VLD001.A0102.SG1.2.10M_cutadapt_gc_rl.tsv.gz
"(50,51]",10529,VLD001.A0102.SG1.2.10M_cutadapt_gc_rl.tsv.gz
"(51,52]",77789,VLD001.A0102.SG1.2.10M_cutadapt_gc_rl.tsv.gz
"(52,53]",56288,VLD001.A0102.SG1.2.10M_cutadapt_gc_rl.tsv.gz
"(53,54]",62407,VLD001.A0102.SG1.2.10M_cutadapt_gc_rl.tsv.gz
"(54,55]",71485,VLD001.A0102.SG1.2.10M_cutadapt_gc_rl.tsv.gz
"(55,56]",49870,VLD001.A0102.SG1.2.10M_cutadapt_gc_rl.tsv.gz
"(56,57]",64408,VLD001.A0102.SG1.2.10M_cutadapt_gc_rl.tsv.gz
"(57,58]",56293,VLD001.A0102.SG1.2.10M_cutadapt_gc_rl.tsv.gz
"(58,59]",61885,VLD001.A0102.SG1.2.10M_cutadapt_gc_rl.tsv.gz
"(59,60]",76613,VLD001.A0102.SG1.2.10M_cutadapt_gc_rl.tsv.gz
"(60,61]",39617,VLD001.A0102.SG1.2.10M_cutadapt_gc_rl.tsv.gz
"(61,62]",59545,VLD001.A0102.SG1.2.10M_cutadapt_gc_rl.tsv.gz
"(62,63]",51008,VLD001.A0102.SG1.2.10M_cutadapt_gc_rl.tsv.gz
"(63,64]",61738,VLD001.A0102.SG1.2.10M_cutadapt_gc_rl.tsv.gz
"(64,65]",55831,VLD001.A0102.SG1.2.10M_cutadapt_gc_rl.tsv.gz
"(65,66]",49061,VLD001.A0102.SG1.2.10M_cutadapt_gc_rl.tsv.gz
"(66,67]",48533,VLD001.A0102.SG1.2.10M_cutadapt_gc_rl.tsv.gz
"(67,68]",44468,VLD001.A0102.SG1.2.10M_cutadapt_gc_rl.tsv.gz
"(68,69]",39124,VLD001.A0102.SG1.2.10M_cutadapt_gc_rl.tsv.gz
"(69,70]",46797,VLD001.A0102.SG1.2.10M_cutadapt_gc_rl.tsv.gz
"(70,71]",33249,VLD001.A0102.SG1.2.10M_cutadapt_gc_rl.tsv.gz
"(71,72]",32480,VLD001.A0102.SG1.2.10M_cutadapt_gc_rl.tsv.gz
"(72,73]",27417,VLD001.A0102.SG1.2.10M_cutadapt_gc_rl.tsv.gz
"(73,74]",26910,VLD001.A0102.SG1.2.10M_cutadapt_gc_rl.tsv.gz
"(74,75]",30809,VLD001.A0102.SG1.2.10M_cutadapt_gc_rl.tsv.gz
"(75,76]",12390,VLD001.A0102.SG1.2.10M_cutadapt_gc_rl.tsv.gz
"(76,77]",17568,VLD001.A0102.SG1.2.10M_cutadapt_gc_rl.tsv.gz
"(77,78]",14378,VLD001.A0102.SG1.2.10M_cutadapt_gc_rl.tsv.gz
"(78,79]",12717,VLD001.A0102.SG1.2.10M_cutadapt_gc_rl.tsv.gz
"(79,80]",11289,VLD001.A0102.SG1.2.10M_cutadapt_gc_rl.tsv.gz
"(80,81]",5686,VLD001.A0102.SG1.2.10M_cutadapt_gc_rl.tsv.gz
"(81,82]",6408,VLD001.A0102.SG1.2.10M_cutadapt_gc_rl.tsv.gz
"(82,83]",4179,VLD001.A0102.SG1.2.10M_cutadapt_gc_rl.tsv.gz
"(83,84]",4488,VLD001.A0102.SG1.2.10M_cutadapt_gc_rl.tsv.gz
"(84,85]",2884,VLD001.A0102.SG1.2.10M_cutadapt_gc_rl.tsv.gz
"(85,86]",1456,VLD001.A0102.SG1.2.10M_cutadapt_gc_rl.tsv.gz
"(86,87]",1636,VLD001.A0102.SG1.2.10M_cutadapt_gc_rl.tsv.gz
"(87,88]",1453,VLD001.A0102.SG1.2.10M_cutadapt_gc_rl.tsv.gz
"(88,89]",689,VLD001.A0102.SG1.2.10M_cutadapt_gc_rl.tsv.gz
"(89,90]",513,VLD001.A0102.SG1.2.10M_cutadapt_gc_rl.tsv.gz
"(90,91]",501,VLD001.A0102.SG1.2.10M_cutadapt_gc_rl.tsv.gz
"(91,92]",240,VLD001.A0102.SG1.2.10M_cutadapt_gc_rl.tsv.gz
"(92,93]",85,VLD001.A0102.SG1.2.10M_cutadapt_gc_rl.tsv.gz
"(93,94]",220,VLD001.A0102.SG1.2.10M_cutadapt_gc_rl.tsv.gz
"(94,95]",115,VLD001.A0102.SG1.2.10M_cutadapt_gc_rl.tsv.gz
"(95,96]",6,VLD001.A0102.SG1.2.10M_cutadapt_gc_rl.tsv.gz
"(96,97]",37,VLD001.A0102.SG1.2.10M_cutadapt_gc_rl.tsv.gz
"(97,98]",21,VLD001.A0102.SG1.2.10M_cutadapt_gc_rl.tsv.gz
"(98,99]",2,VLD001.A0102.SG1.2.10M_cutadapt_gc_rl.tsv.gz
"(99,100]",9,VLD001.A0102.SG1.2.10M_cutadapt_gc_rl.tsv.gz
"[0,1]",12,ZAF001.A0101.SG1.1.10M_cutadapt_gc_rl.tsv.gz
"(1,2]",16,ZAF001.A0101.SG1.1.10M_cutadapt_gc_rl.tsv.gz
"(2,3]",16,ZAF001.A0101.SG1.1.10M_cutadapt_gc_rl.tsv.gz
"(3,4]",16,ZAF001.A0101.SG1.1.10M_cutadapt_gc_rl.tsv.gz
"(4,5]",19,ZAF001.A0101.SG1.1.10M_cutadapt_gc_rl.tsv.gz
"(5,6]",30,ZAF001.A0101.SG1.1.10M_cutadapt_gc_rl.tsv.gz
"(6,7]",35,ZAF001.A0101.SG1.1.10M_cutadapt_gc_rl.tsv.gz
"(7,8]",37,ZAF001.A0101.SG1.1.10M_cutadapt_gc_rl.tsv.gz
"(8,9]",63,ZAF001.A0101.SG1.1.10M_cutadapt_gc_rl.tsv.gz
"(9,10]",80,ZAF001.A0101.SG1.1.10M_cutadapt_gc_rl.tsv.gz
"(10,11]",82,ZAF001.A0101.SG1.1.10M_cutadapt_gc_rl.tsv.gz
"(11,12]",154,ZAF001.A0101.SG1.1.10M_cutadapt_gc_rl.tsv.gz
"(12,13]",207,ZAF001.A0101.SG1.1.10M_cutadapt_gc_rl.tsv.gz
"(13,14]",295,ZAF001.A0101.SG1.1.10M_cutadapt_gc_rl.tsv.gz
"(14,15]",431,ZAF001.A0101.SG1.1.10M_cutadapt_gc_rl.tsv.gz
"(15,16]",531,ZAF001.A0101.SG1.1.10M_cutadapt_gc_rl.tsv.gz
"(16,17]",822,ZAF001.A0101.SG1.1.10M_cutadapt_gc_rl.tsv.gz
"(17,18]",1218,ZAF001.A0101.SG1.1.10M_cutadapt_gc_rl.tsv.gz
"(18,19]",1506,ZAF001.A0101.SG1.1.10M_cutadapt_gc_rl.tsv.gz
"(19,20]",2850,ZAF001.A0101.SG1.1.10M_cutadapt_gc_rl.tsv.gz
"(20,21]",2017,ZAF001.A0101.SG1.1.10M_cutadapt_gc_rl.tsv.gz
"(21,22]",4032,ZAF001.A0101.SG1.1.10M_cutadapt_gc_rl.tsv.gz
"(22,23]",4552,ZAF001.A0101.SG1.1.10M_cutadapt_gc_rl.tsv.gz
"(23,24]",6378,ZAF001.A0101.SG1.1.10M_cutadapt_gc_rl.tsv.gz
"(24,25]",8943,ZAF001.A0101.SG1.1.10M_cutadapt_gc_rl.tsv.gz
"(25,26]",7439,ZAF001.A0101.SG1.1.10M_cutadapt_gc_rl.tsv.gz
"(26,27]",10633,ZAF001.A0101.SG1.1.10M_cutadapt_gc_rl.tsv.gz
"(27,28]",13371,ZAF001.A0101.SG1.1.10M_cutadapt_gc_rl.tsv.gz
"(28,29]",14545,ZAF001.A0101.SG1.1.10M_cutadapt_gc_rl.tsv.gz
"(29,30]",19044,ZAF001.A0101.SG1.1.10M_cutadapt_gc_rl.tsv.gz
"(30,31]",17991,ZAF001.A0101.SG1.1.10M_cutadapt_gc_rl.tsv.gz
"(31,32]",22400,ZAF001.A0101.SG1.1.10M_cutadapt_gc_rl.tsv.gz
"(32,33]",23210,ZAF001.A0101.SG1.1.10M_cutadapt_gc_rl.tsv.gz
"(33,34]",25875,ZAF001.A0101.SG1.1.10M_cutadapt_gc_rl.tsv.gz
"(34,35]",30152,ZAF001.A0101.SG1.1.10M_cutadapt_gc_rl.tsv.gz
"(35,36]",31693,ZAF001.A0101.SG1.1.10M_cutadapt_gc_rl.tsv.gz
"(36,37]",34235,ZAF001.A0101.SG1.1.10M_cutadapt_gc_rl.tsv.gz
"(37,38]",33740,ZAF001.A0101.SG1.1.10M_cutadapt_gc_rl.tsv.gz
"(38,39]",38328,ZAF001.A0101.SG1.1.10M_cutadapt_gc_rl.tsv.gz
"(39,40]",49873,ZAF001.A0101.SG1.1.10M_cutadapt_gc_rl.tsv.gz
"(40,41]",33219,ZAF001.A0101.SG1.1.10M_cutadapt_gc_rl.tsv.gz
"(41,42]",47490,ZAF001.A0101.SG1.1.10M_cutadapt_gc_rl.tsv.gz
"(42,43]",47104,ZAF001.A0101.SG1.1.10M_cutadapt_gc_rl.tsv.gz
"(43,44]",58072,ZAF001.A0101.SG1.1.10M_cutadapt_gc_rl.tsv.gz
"(44,45]",54847,ZAF001.A0101.SG1.1.10M_cutadapt_gc_rl.tsv.gz
"(45,46]",66865,ZAF001.A0101.SG1.1.10M_cutadapt_gc_rl.tsv.gz
"(46,47]",68911,ZAF001.A0101.SG1.1.10M_cutadapt_gc_rl.tsv.gz
"(47,48]",76983,ZAF001.A0101.SG1.1.10M_cutadapt_gc_rl.tsv.gz
"(48,49]",96640,ZAF001.A0101.SG1.1.10M_cutadapt_gc_rl.tsv.gz
"(49,50]",141766,ZAF001.A0101.SG1.1.10M_cutadapt_gc_rl.tsv.gz
"(50,51]",28877,ZAF001.A0101.SG1.1.10M_cutadapt_gc_rl.tsv.gz
"(51,52]",137541,ZAF001.A0101.SG1.1.10M_cutadapt_gc_rl.tsv.gz
"(52,53]",121610,ZAF001.A0101.SG1.1.10M_cutadapt_gc_rl.tsv.gz
"(53,54]",142519,ZAF001.A0101.SG1.1.10M_cutadapt_gc_rl.tsv.gz
"(54,55]",173839,ZAF001.A0101.SG1.1.10M_cutadapt_gc_rl.tsv.gz
"(55,56]",150286,ZAF001.A0101.SG1.1.10M_cutadapt_gc_rl.tsv.gz
"(56,57]",188806,ZAF001.A0101.SG1.1.10M_cutadapt_gc_rl.tsv.gz
"(57,58]",193205,ZAF001.A0101.SG1.1.10M_cutadapt_gc_rl.tsv.gz
"(58,59]",210322,ZAF001.A0101.SG1.1.10M_cutadapt_gc_rl.tsv.gz
"(59,60]",272882,ZAF001.A0101.SG1.1.10M_cutadapt_gc_rl.tsv.gz
"(60,61]",166581,ZAF001.A0101.SG1.1.10M_cutadapt_gc_rl.tsv.gz
"(61,62]",238092,ZAF001.A0101.SG1.1.10M_cutadapt_gc_rl.tsv.gz
"(62,63]",211976,ZAF001.A0101.SG1.1.10M_cutadapt_gc_rl.tsv.gz
"(63,64]",250383,ZAF001.A0101.SG1.1.10M_cutadapt_gc_rl.tsv.gz
"(64,65]",234451,ZAF001.A0101.SG1.1.10M_cutadapt_gc_rl.tsv.gz
"(65,66]",209466,ZAF001.A0101.SG1.1.10M_cutadapt_gc_rl.tsv.gz
"(66,67]",198171,ZAF001.A0101.SG1.1.10M_cutadapt_gc_rl.tsv.gz
"(67,68]",187718,ZAF001.A0101.SG1.1.10M_cutadapt_gc_rl.tsv.gz
"(68,69]",160333,ZAF001.A0101.SG1.1.10M_cutadapt_gc_rl.tsv.gz
"(69,70]",180688,ZAF001.A0101.SG1.1.10M_cutadapt_gc_rl.tsv.gz
"(70,71]",122442,ZAF001.A0101.SG1.1.10M_cutadapt_gc_rl.tsv.gz
"(71,72]",119675,ZAF001.A0101.SG1.1.10M_cutadapt_gc_rl.tsv.gz
"(72,73]",94735,ZAF001.A0101.SG1.1.10M_cutadapt_gc_rl.tsv.gz
"(73,74]",87762,ZAF001.A0101.SG1.1.10M_cutadapt_gc_rl.tsv.gz
"(74,75]",92160,ZAF001.A0101.SG1.1.10M_cutadapt_gc_rl.tsv.gz
"(75,76]",36718,ZAF001.A0101.SG1.1.10M_cutadapt_gc_rl.tsv.gz
"(76,77]",47099,ZAF001.A0101.SG1.1.10M_cutadapt_gc_rl.tsv.gz
"(77,78]",36726,ZAF001.A0101.SG1.1.10M_cutadapt_gc_rl.tsv.gz
"(78,79]",29651,ZAF001.A0101.SG1.1.10M_cutadapt_gc_rl.tsv.gz
"(79,80]",24915,ZAF001.A0101.SG1.1.10M_cutadapt_gc_rl.tsv.gz
"(80,81]",11918,ZAF001.A0101.SG1.1.10M_cutadapt_gc_rl.tsv.gz
"(81,82]",12553,ZAF001.A0101.SG1.1.10M_cutadapt_gc_rl.tsv.gz
"(82,83]",7755,ZAF001.A0101.SG1.1.10M_cutadapt_gc_rl.tsv.gz
"(83,84]",7608,ZAF001.A0101.SG1.1.10M_cutadapt_gc_rl.tsv.gz
"(84,85]",4776,ZAF001.A0101.SG1.1.10M_cutadapt_gc_rl.tsv.gz
"(85,86]",2684,ZAF001.A0101.SG1.1.10M_cutadapt_gc_rl.tsv.gz
"(86,87]",2810,ZAF001.A0101.SG1.1.10M_cutadapt_gc_rl.tsv.gz
"(87,88]",2406,ZAF001.A0101.SG1.1.10M_cutadapt_gc_rl.tsv.gz
"(88,89]",1356,ZAF001.A0101.SG1.1.10M_cutadapt_gc_rl.tsv.gz
"(89,90]",1366,ZAF001.A0101.SG1.1.10M_cutadapt_gc_rl.tsv.gz
"(90,91]",1243,ZAF001.A0101.SG1.1.10M_cutadapt_gc_rl.tsv.gz
"(91,92]",971,ZAF001.A0101.SG1.1.10M_cutadapt_gc_rl.tsv.gz
"(92,93]",669,ZAF001.A0101.SG1.1.10M_cutadapt_gc_rl.tsv.gz
"(93,94]",855,ZAF001.A0101.SG1.1.10M_cutadapt_gc_rl.tsv.gz
"(94,95]",819,ZAF001.A0101.SG1.1.10M_cutadapt_gc_rl.tsv.gz
"(95,96]",680,ZAF001.A0101.SG1.1.10M_cutadapt_gc_rl.tsv.gz
"(96,97]",504,ZAF001.A0101.SG1.1.10M_cutadapt_gc_rl.tsv.gz
"(97,98]",591,ZAF001.A0101.SG1.1.10M_cutadapt_gc_rl.tsv.gz
"(98,99]",621,ZAF001.A0101.SG1.1.10M_cutadapt_gc_rl.tsv.gz
"(99,100]",748,ZAF001.A0101.SG1.1.10M_cutadapt_gc_rl.tsv.gz
"[0,1]",49,ZAF001.A0103.SG1.4.10M_cutadapt_gc_rl.tsv.gz
"(1,2]",42,ZAF001.A0103.SG1.4.10M_cutadapt_gc_rl.tsv.gz
"(2,3]",113,ZAF001.A0103.SG1.4.10M_cutadapt_gc_rl.tsv.gz
"(3,4]",87,ZAF001.A0103.SG1.4.10M_cutadapt_gc_rl.tsv.gz
"(4,5]",176,ZAF001.A0103.SG1.4.10M_cutadapt_gc_rl.tsv.gz
"(5,6]",294,ZAF001.A0103.SG1.4.10M_cutadapt_gc_rl.tsv.gz
"(6,7]",342,ZAF001.A0103.SG1.4.10M_cutadapt_gc_rl.tsv.gz
"(7,8]",418,ZAF001.A0103.SG1.4.10M_cutadapt_gc_rl.tsv.gz
"(8,9]",550,ZAF001.A0103.SG1.4.10M_cutadapt_gc_rl.tsv.gz
"(9,10]",925,ZAF001.A0103.SG1.4.10M_cutadapt_gc_rl.tsv.gz
"(10,11]",740,ZAF001.A0103.SG1.4.10M_cutadapt_gc_rl.tsv.gz
"(11,12]",1127,ZAF001.A0103.SG1.4.10M_cutadapt_gc_rl.tsv.gz
"(12,13]",1600,ZAF001.A0103.SG1.4.10M_cutadapt_gc_rl.tsv.gz
"(13,14]",1870,ZAF001.A0103.SG1.4.10M_cutadapt_gc_rl.tsv.gz
"(14,15]",1977,ZAF001.A0103.SG1.4.10M_cutadapt_gc_rl.tsv.gz
"(15,16]",2659,ZAF001.A0103.SG1.4.10M_cutadapt_gc_rl.tsv.gz
"(16,17]",3030,ZAF001.A0103.SG1.4.10M_cutadapt_gc_rl.tsv.gz
"(17,18]",3658,ZAF001.A0103.SG1.4.10M_cutadapt_gc_rl.tsv.gz
"(18,19]",4377,ZAF001.A0103.SG1.4.10M_cutadapt_gc_rl.tsv.gz
"(19,20]",6828,ZAF001.A0103.SG1.4.10M_cutadapt_gc_rl.tsv.gz
"(20,21]",3730,ZAF001.A0103.SG1.4.10M_cutadapt_gc_rl.tsv.gz
"(21,22]",7256,ZAF001.A0103.SG1.4.10M_cutadapt_gc_rl.tsv.gz
"(22,23]",7430,ZAF001.A0103.SG1.4.10M_cutadapt_gc_rl.tsv.gz
"(23,24]",8997,ZAF001.A0103.SG1.4.10M_cutadapt_gc_rl.tsv.gz
"(24,25]",11384,ZAF001.A0103.SG1.4.10M_cutadapt_gc_rl.tsv.gz
"(25,26]",7745,ZAF001.A0103.SG1.4.10M_cutadapt_gc_rl.tsv.gz
"(26,27]",11140,ZAF001.A0103.SG1.4.10M_cutadapt_gc_rl.tsv.gz
"(27,28]",12004,ZAF001.A0103.SG1.4.10M_cutadapt_gc_rl.tsv.gz
"(28,29]",12114,ZAF001.A0103.SG1.4.10M_cutadapt_gc_rl.tsv.gz
"(29,30]",15574,ZAF001.A0103.SG1.4.10M_cutadapt_gc_rl.tsv.gz
"(30,31]",12114,ZAF001.A0103.SG1.4.10M_cutadapt_gc_rl.tsv.gz
"(31,32]",13959,ZAF001.A0103.SG1.4.10M_cutadapt_gc_rl.tsv.gz
"(32,33]",13816,ZAF001.A0103.SG1.4.10M_cutadapt_gc_rl.tsv.gz
"(33,34]",14570,ZAF001.A0103.SG1.4.10M_cutadapt_gc_rl.tsv.gz
"(34,35]",15434,ZAF001.A0103.SG1.4.10M_cutadapt_gc_rl.tsv.gz
"(35,36]",15450,ZAF001.A0103.SG1.4.10M_cutadapt_gc_rl.tsv.gz
"(36,37]",16562,ZAF001.A0103.SG1.4.10M_cutadapt_gc_rl.tsv.gz
"(37,38]",14474,ZAF001.A0103.SG1.4.10M_cutadapt_gc_rl.tsv.gz
"(38,39]",16070,ZAF001.A0103.SG1.4.10M_cutadapt_gc_rl.tsv.gz
"(39,40]",20518,ZAF001.A0103.SG1.4.10M_cutadapt_gc_rl.tsv.gz
"(40,41]",11363,ZAF001.A0103.SG1.4.10M_cutadapt_gc_rl.tsv.gz
"(41,42]",17416,ZAF001.A0103.SG1.4.10M_cutadapt_gc_rl.tsv.gz
"(42,43]",14977,ZAF001.A0103.SG1.4.10M_cutadapt_gc_rl.tsv.gz
"(43,44]",19209,ZAF001.A0103.SG1.4.10M_cutadapt_gc_rl.tsv.gz
"(44,45]",15269,ZAF001.A0103.SG1.4.10M_cutadapt_gc_rl.tsv.gz
"(45,46]",20368,ZAF001.A0103.SG1.4.10M_cutadapt_gc_rl.tsv.gz
"(46,47]",19591,ZAF001.A0103.SG1.4.10M_cutadapt_gc_rl.tsv.gz
"(47,48]",18414,ZAF001.A0103.SG1.4.10M_cutadapt_gc_rl.tsv.gz
"(48,49]",25766,ZAF001.A0103.SG1.4.10M_cutadapt_gc_rl.tsv.gz
"(49,50]",34660,ZAF001.A0103.SG1.4.10M_cutadapt_gc_rl.tsv.gz
"(50,51]",3475,ZAF001.A0103.SG1.4.10M_cutadapt_gc_rl.tsv.gz
"(51,52]",31127,ZAF001.A0103.SG1.4.10M_cutadapt_gc_rl.tsv.gz
"(52,53]",23304,ZAF001.A0103.SG1.4.10M_cutadapt_gc_rl.tsv.gz
"(53,54]",28454,ZAF001.A0103.SG1.4.10M_cutadapt_gc_rl.tsv.gz
"(54,55]",34974,ZAF001.A0103.SG1.4.10M_cutadapt_gc_rl.tsv.gz
"(55,56]",24255,ZAF001.A0103.SG1.4.10M_cutadapt_gc_rl.tsv.gz
"(56,57]",34306,ZAF001.A0103.SG1.4.10M_cutadapt_gc_rl.tsv.gz
"(57,58]",30032,ZAF001.A0103.SG1.4.10M_cutadapt_gc_rl.tsv.gz
"(58,59]",34434,ZAF001.A0103.SG1.4.10M_cutadapt_gc_rl.tsv.gz
"(59,60]",44274,ZAF001.A0103.SG1.4.10M_cutadapt_gc_rl.tsv.gz
"(60,61]",23184,ZAF001.A0103.SG1.4.10M_cutadapt_gc_rl.tsv.gz
"(61,62]",35343,ZAF001.A0103.SG1.4.10M_cutadapt_gc_rl.tsv.gz
"(62,63]",30841,ZAF001.A0103.SG1.4.10M_cutadapt_gc_rl.tsv.gz
"(63,64]",37232,ZAF001.A0103.SG1.4.10M_cutadapt_gc_rl.tsv.gz
"(64,65]",33317,ZAF001.A0103.SG1.4.10M_cutadapt_gc_rl.tsv.gz
"(65,66]",28931,ZAF001.A0103.SG1.4.10M_cutadapt_gc_rl.tsv.gz
"(66,67]",29289,ZAF001.A0103.SG1.4.10M_cutadapt_gc_rl.tsv.gz
"(67,68]",25710,ZAF001.A0103.SG1.4.10M_cutadapt_gc_rl.tsv.gz
"(68,69]",21780,ZAF001.A0103.SG1.4.10M_cutadapt_gc_rl.tsv.gz
"(69,70]",26124,ZAF001.A0103.SG1.4.10M_cutadapt_gc_rl.tsv.gz
"(70,71]",17543,ZAF001.A0103.SG1.4.10M_cutadapt_gc_rl.tsv.gz
"(71,72]",16787,ZAF001.A0103.SG1.4.10M_cutadapt_gc_rl.tsv.gz
"(72,73]",13164,ZAF001.A0103.SG1.4.10M_cutadapt_gc_rl.tsv.gz
"(73,74]",12941,ZAF001.A0103.SG1.4.10M_cutadapt_gc_rl.tsv.gz
"(74,75]",14558,ZAF001.A0103.SG1.4.10M_cutadapt_gc_rl.tsv.gz
"(75,76]",5130,ZAF001.A0103.SG1.4.10M_cutadapt_gc_rl.tsv.gz
"(76,77]",7346,ZAF001.A0103.SG1.4.10M_cutadapt_gc_rl.tsv.gz
"(77,78]",5634,ZAF001.A0103.SG1.4.10M_cutadapt_gc_rl.tsv.gz
"(78,79]",4973,ZAF001.A0103.SG1.4.10M_cutadapt_gc_rl.tsv.gz
"(79,80]",4109,ZAF001.A0103.SG1.4.10M_cutadapt_gc_rl.tsv.gz
"(80,81]",1936,ZAF001.A0103.SG1.4.10M_cutadapt_gc_rl.tsv.gz
"(81,82]",2112,ZAF001.A0103.SG1.4.10M_cutadapt_gc_rl.tsv.gz
"(82,83]",1194,ZAF001.A0103.SG1.4.10M_cutadapt_gc_rl.tsv.gz
"(83,84]",1394,ZAF001.A0103.SG1.4.10M_cutadapt_gc_rl.tsv.gz
"(84,85]",782,ZAF001.A0103.SG1.4.10M_cutadapt_gc_rl.tsv.gz
"(85,86]",376,ZAF001.A0103.SG1.4.10M_cutadapt_gc_rl.tsv.gz
"(86,87]",430,ZAF001.A0103.SG1.4.10M_cutadapt_gc_rl.tsv.gz
"(87,88]",437,ZAF001.A0103.SG1.4.10M_cutadapt_gc_rl.tsv.gz
"(88,89]",174,ZAF001.A0103.SG1.4.10M_cutadapt_gc_rl.tsv.gz
"(89,90]",188,ZAF001.A0103.SG1.4.10M_cutadapt_gc_rl.tsv.gz
"(90,91]",148,ZAF001.A0103.SG1.4.10M_cutadapt_gc_rl.tsv.gz
"(91,92]",75,ZAF001.A0103.SG1.4.10M_cutadapt_gc_rl.tsv.gz
"(92,93]",32,ZAF001.A0103.SG1.4.10M_cutadapt_gc_rl.tsv.gz
"(93,94]",75,ZAF001.A0103.SG1.4.10M_cutadapt_gc_rl.tsv.gz
"(94,95]",15,ZAF001.A0103.SG1.4.10M_cutadapt_gc_rl.tsv.gz
"(95,96]",6,ZAF001.A0103.SG1.4.10M_cutadapt_gc_rl.tsv.gz
"(96,97]",6,ZAF001.A0103.SG1.4.10M_cutadapt_gc_rl.tsv.gz
"(97,98]",15,ZAF001.A0103.SG1.4.10M_cutadapt_gc_rl.tsv.gz
"(98,99]",8,ZAF001.A0103.SG1.4.10M_cutadapt_gc_rl.tsv.gz
"(99,100]",28,ZAF001.A0103.SG1.4.10M_cutadapt_gc_rl.tsv.gz
