gc_bin,counts_gc,Study
"[0,1]",89,BAN001.A0101_10M.remove30bp_gc_rl.tsv.gz
"(1,2]",85,BAN001.A0101_10M.remove30bp_gc_rl.tsv.gz
"(2,3]",114,BAN001.A0101_10M.remove30bp_gc_rl.tsv.gz
"(3,4]",87,BAN001.A0101_10M.remove30bp_gc_rl.tsv.gz
"(4,5]",102,BAN001.A0101_10M.remove30bp_gc_rl.tsv.gz
"(5,6]",185,BAN001.A0101_10M.remove30bp_gc_rl.tsv.gz
"(6,7]",230,BAN001.A0101_10M.remove30bp_gc_rl.tsv.gz
"(7,8]",239,BAN001.A0101_10M.remove30bp_gc_rl.tsv.gz
"(8,9]",280,BAN001.A0101_10M.remove30bp_gc_rl.tsv.gz
"(9,10]",510,BAN001.A0101_10M.remove30bp_gc_rl.tsv.gz
"(10,11]",440,BAN001.A0101_10M.remove30bp_gc_rl.tsv.gz
"(11,12]",666,BAN001.A0101_10M.remove30bp_gc_rl.tsv.gz
"(12,13]",861,BAN001.A0101_10M.remove30bp_gc_rl.tsv.gz
"(13,14]",1306,BAN001.A0101_10M.remove30bp_gc_rl.tsv.gz
"(14,15]",1724,BAN001.A0101_10M.remove30bp_gc_rl.tsv.gz
"(15,16]",2518,BAN001.A0101_10M.remove30bp_gc_rl.tsv.gz
"(16,17]",3247,BAN001.A0101_10M.remove30bp_gc_rl.tsv.gz
"(17,18]",4608,BAN001.A0101_10M.remove30bp_gc_rl.tsv.gz
"(18,19]",6271,BAN001.A0101_10M.remove30bp_gc_rl.tsv.gz
"(19,20]",10217,BAN001.A0101_10M.remove30bp_gc_rl.tsv.gz
"(20,21]",8761,BAN001.A0101_10M.remove30bp_gc_rl.tsv.gz
"(21,22]",14769,BAN001.A0101_10M.remove30bp_gc_rl.tsv.gz
"(22,23]",17253,BAN001.A0101_10M.remove30bp_gc_rl.tsv.gz
"(23,24]",21830,BAN001.A0101_10M.remove30bp_gc_rl.tsv.gz
"(24,25]",29030,BAN001.A0101_10M.remove30bp_gc_rl.tsv.gz
"(25,26]",23348,BAN001.A0101_10M.remove30bp_gc_rl.tsv.gz
"(26,27]",33334,BAN001.A0101_10M.remove30bp_gc_rl.tsv.gz
"(27,28]",40813,BAN001.A0101_10M.remove30bp_gc_rl.tsv.gz
"(28,29]",43498,BAN001.A0101_10M.remove30bp_gc_rl.tsv.gz
"(29,30]",55616,BAN001.A0101_10M.remove30bp_gc_rl.tsv.gz
"(30,31]",56259,BAN001.A0101_10M.remove30bp_gc_rl.tsv.gz
"(31,32]",72942,BAN001.A0101_10M.remove30bp_gc_rl.tsv.gz
"(32,33]",80360,BAN001.A0101_10M.remove30bp_gc_rl.tsv.gz
"(33,34]",93047,BAN001.A0101_10M.remove30bp_gc_rl.tsv.gz
"(34,35]",117797,BAN001.A0101_10M.remove30bp_gc_rl.tsv.gz
"(35,36]",134898,BAN001.A0101_10M.remove30bp_gc_rl.tsv.gz
"(36,37]",153176,BAN001.A0101_10M.remove30bp_gc_rl.tsv.gz
"(37,38]",169114,BAN001.A0101_10M.remove30bp_gc_rl.tsv.gz
"(38,39]",198341,BAN001.A0101_10M.remove30bp_gc_rl.tsv.gz
"(39,40]",269550,BAN001.A0101_10M.remove30bp_gc_rl.tsv.gz
"(40,41]",206416,BAN001.A0101_10M.remove30bp_gc_rl.tsv.gz
"(41,42]",272957,BAN001.A0101_10M.remove30bp_gc_rl.tsv.gz
"(42,43]",298083,BAN001.A0101_10M.remove30bp_gc_rl.tsv.gz
"(43,44]",351660,BAN001.A0101_10M.remove30bp_gc_rl.tsv.gz
"(44,45]",353472,BAN001.A0101_10M.remove30bp_gc_rl.tsv.gz
"(45,46]",357218,BAN001.A0101_10M.remove30bp_gc_rl.tsv.gz
"(46,47]",381039,BAN001.A0101_10M.remove30bp_gc_rl.tsv.gz
"(47,48]",423144,BAN001.A0101_10M.remove30bp_gc_rl.tsv.gz
"(48,49]",420381,BAN001.A0101_10M.remove30bp_gc_rl.tsv.gz
"(49,50]",581737,BAN001.A0101_10M.remove30bp_gc_rl.tsv.gz
"(50,51]",198600,BAN001.A0101_10M.remove30bp_gc_rl.tsv.gz
"(51,52]",446551,BAN001.A0101_10M.remove30bp_gc_rl.tsv.gz
"(52,53]",384818,BAN001.A0101_10M.remove30bp_gc_rl.tsv.gz
"(53,54]",379907,BAN001.A0101_10M.remove30bp_gc_rl.tsv.gz
"(54,55]",357177,BAN001.A0101_10M.remove30bp_gc_rl.tsv.gz
"(55,56]",320772,BAN001.A0101_10M.remove30bp_gc_rl.tsv.gz
"(56,57]",298676,BAN001.A0101_10M.remove30bp_gc_rl.tsv.gz
"(57,58]",274776,BAN001.A0101_10M.remove30bp_gc_rl.tsv.gz
"(58,59]",229043,BAN001.A0101_10M.remove30bp_gc_rl.tsv.gz
"(59,60]",249139,BAN001.A0101_10M.remove30bp_gc_rl.tsv.gz
"(60,61]",143673,BAN001.A0101_10M.remove30bp_gc_rl.tsv.gz
"(61,62]",162764,BAN001.A0101_10M.remove30bp_gc_rl.tsv.gz
"(62,63]",122208,BAN001.A0101_10M.remove30bp_gc_rl.tsv.gz
"(63,64]",122156,BAN001.A0101_10M.remove30bp_gc_rl.tsv.gz
"(64,65]",95375,BAN001.A0101_10M.remove30bp_gc_rl.tsv.gz
"(65,66]",73685,BAN001.A0101_10M.remove30bp_gc_rl.tsv.gz
"(66,67]",58281,BAN001.A0101_10M.remove30bp_gc_rl.tsv.gz
"(67,68]",50647,BAN001.A0101_10M.remove30bp_gc_rl.tsv.gz
"(68,69]",37848,BAN001.A0101_10M.remove30bp_gc_rl.tsv.gz
"(69,70]",36516,BAN001.A0101_10M.remove30bp_gc_rl.tsv.gz
"(70,71]",22118,BAN001.A0101_10M.remove30bp_gc_rl.tsv.gz
"(71,72]",21077,BAN001.A0101_10M.remove30bp_gc_rl.tsv.gz
"(72,73]",15077,BAN001.A0101_10M.remove30bp_gc_rl.tsv.gz
"(73,74]",13052,BAN001.A0101_10M.remove30bp_gc_rl.tsv.gz
"(74,75]",12490,BAN001.A0101_10M.remove30bp_gc_rl.tsv.gz
"(75,76]",5259,BAN001.A0101_10M.remove30bp_gc_rl.tsv.gz
"(76,77]",6179,BAN001.A0101_10M.remove30bp_gc_rl.tsv.gz
"(77,78]",4895,BAN001.A0101_10M.remove30bp_gc_rl.tsv.gz
"(78,79]",3926,BAN001.A0101_10M.remove30bp_gc_rl.tsv.gz
"(79,80]",3264,BAN001.A0101_10M.remove30bp_gc_rl.tsv.gz
"(80,81]",1738,BAN001.A0101_10M.remove30bp_gc_rl.tsv.gz
"(81,82]",1861,BAN001.A0101_10M.remove30bp_gc_rl.tsv.gz
"(82,83]",1378,BAN001.A0101_10M.remove30bp_gc_rl.tsv.gz
"(83,84]",1121,BAN001.A0101_10M.remove30bp_gc_rl.tsv.gz
"(84,85]",925,BAN001.A0101_10M.remove30bp_gc_rl.tsv.gz
"(85,86]",721,BAN001.A0101_10M.remove30bp_gc_rl.tsv.gz
"(86,87]",737,BAN001.A0101_10M.remove30bp_gc_rl.tsv.gz
"(87,88]",623,BAN001.A0101_10M.remove30bp_gc_rl.tsv.gz
"(88,89]",559,BAN001.A0101_10M.remove30bp_gc_rl.tsv.gz
"(89,90]",587,BAN001.A0101_10M.remove30bp_gc_rl.tsv.gz
"(90,91]",609,BAN001.A0101_10M.remove30bp_gc_rl.tsv.gz
"(91,92]",577,BAN001.A0101_10M.remove30bp_gc_rl.tsv.gz
"(92,93]",498,BAN001.A0101_10M.remove30bp_gc_rl.tsv.gz
"(93,94]",762,BAN001.A0101_10M.remove30bp_gc_rl.tsv.gz
"(94,95]",823,BAN001.A0101_10M.remove30bp_gc_rl.tsv.gz
"(95,96]",825,BAN001.A0101_10M.remove30bp_gc_rl.tsv.gz
"(96,97]",826,BAN001.A0101_10M.remove30bp_gc_rl.tsv.gz
"(97,98]",1187,BAN001.A0101_10M.remove30bp_gc_rl.tsv.gz
"(98,99]",1475,BAN001.A0101_10M.remove30bp_gc_rl.tsv.gz
"(99,100]",4802,BAN001.A0101_10M.remove30bp_gc_rl.tsv.gz
"[0,1]",292,BAN001.A0102.SG1.4_10M.remove30bp_gc_rl.tsv.gz
"(1,2]",40,BAN001.A0102.SG1.4_10M.remove30bp_gc_rl.tsv.gz
"(2,3]",423,BAN001.A0102.SG1.4_10M.remove30bp_gc_rl.tsv.gz
"(3,4]",447,BAN001.A0102.SG1.4_10M.remove30bp_gc_rl.tsv.gz
"(4,5]",437,BAN001.A0102.SG1.4_10M.remove30bp_gc_rl.tsv.gz
"(5,6]",982,BAN001.A0102.SG1.4_10M.remove30bp_gc_rl.tsv.gz
"(6,7]",1653,BAN001.A0102.SG1.4_10M.remove30bp_gc_rl.tsv.gz
"(7,8]",1568,BAN001.A0102.SG1.4_10M.remove30bp_gc_rl.tsv.gz
"(8,9]",2669,BAN001.A0102.SG1.4_10M.remove30bp_gc_rl.tsv.gz
"(9,10]",5229,BAN001.A0102.SG1.4_10M.remove30bp_gc_rl.tsv.gz
"(10,11]",3438,BAN001.A0102.SG1.4_10M.remove30bp_gc_rl.tsv.gz
"(11,12]",6156,BAN001.A0102.SG1.4_10M.remove30bp_gc_rl.tsv.gz
"(12,13]",8526,BAN001.A0102.SG1.4_10M.remove30bp_gc_rl.tsv.gz
"(13,14]",10651,BAN001.A0102.SG1.4_10M.remove30bp_gc_rl.tsv.gz
"(14,15]",11131,BAN001.A0102.SG1.4_10M.remove30bp_gc_rl.tsv.gz
"(15,16]",14350,BAN001.A0102.SG1.4_10M.remove30bp_gc_rl.tsv.gz
"(16,17]",17169,BAN001.A0102.SG1.4_10M.remove30bp_gc_rl.tsv.gz
"(17,18]",19813,BAN001.A0102.SG1.4_10M.remove30bp_gc_rl.tsv.gz
"(18,19]",22754,BAN001.A0102.SG1.4_10M.remove30bp_gc_rl.tsv.gz
"(19,20]",33230,BAN001.A0102.SG1.4_10M.remove30bp_gc_rl.tsv.gz
"(20,21]",18595,BAN001.A0102.SG1.4_10M.remove30bp_gc_rl.tsv.gz
"(21,22]",32416,BAN001.A0102.SG1.4_10M.remove30bp_gc_rl.tsv.gz
"(22,23]",31543,BAN001.A0102.SG1.4_10M.remove30bp_gc_rl.tsv.gz
"(23,24]",36725,BAN001.A0102.SG1.4_10M.remove30bp_gc_rl.tsv.gz
"(24,25]",45344,BAN001.A0102.SG1.4_10M.remove30bp_gc_rl.tsv.gz
"(25,26]",30631,BAN001.A0102.SG1.4_10M.remove30bp_gc_rl.tsv.gz
"(26,27]",42211,BAN001.A0102.SG1.4_10M.remove30bp_gc_rl.tsv.gz
"(27,28]",45217,BAN001.A0102.SG1.4_10M.remove30bp_gc_rl.tsv.gz
"(28,29]",46851,BAN001.A0102.SG1.4_10M.remove30bp_gc_rl.tsv.gz
"(29,30]",63410,BAN001.A0102.SG1.4_10M.remove30bp_gc_rl.tsv.gz
"(30,31]",49078,BAN001.A0102.SG1.4_10M.remove30bp_gc_rl.tsv.gz
"(31,32]",60049,BAN001.A0102.SG1.4_10M.remove30bp_gc_rl.tsv.gz
"(32,33]",63691,BAN001.A0102.SG1.4_10M.remove30bp_gc_rl.tsv.gz
"(33,34]",73459,BAN001.A0102.SG1.4_10M.remove30bp_gc_rl.tsv.gz
"(34,35]",82214,BAN001.A0102.SG1.4_10M.remove30bp_gc_rl.tsv.gz
"(35,36]",84315,BAN001.A0102.SG1.4_10M.remove30bp_gc_rl.tsv.gz
"(36,37]",95998,BAN001.A0102.SG1.4_10M.remove30bp_gc_rl.tsv.gz
"(37,38]",92590,BAN001.A0102.SG1.4_10M.remove30bp_gc_rl.tsv.gz
"(38,39]",103822,BAN001.A0102.SG1.4_10M.remove30bp_gc_rl.tsv.gz
"(39,40]",139735,BAN001.A0102.SG1.4_10M.remove30bp_gc_rl.tsv.gz
"(40,41]",82836,BAN001.A0102.SG1.4_10M.remove30bp_gc_rl.tsv.gz
"(41,42]",126221,BAN001.A0102.SG1.4_10M.remove30bp_gc_rl.tsv.gz
"(42,43]",114230,BAN001.A0102.SG1.4_10M.remove30bp_gc_rl.tsv.gz
"(43,44]",139652,BAN001.A0102.SG1.4_10M.remove30bp_gc_rl.tsv.gz
"(44,45]",114533,BAN001.A0102.SG1.4_10M.remove30bp_gc_rl.tsv.gz
"(45,46]",136577,BAN001.A0102.SG1.4_10M.remove30bp_gc_rl.tsv.gz
"(46,47]",130557,BAN001.A0102.SG1.4_10M.remove30bp_gc_rl.tsv.gz
"(47,48]",124155,BAN001.A0102.SG1.4_10M.remove30bp_gc_rl.tsv.gz
"(48,49]",149668,BAN001.A0102.SG1.4_10M.remove30bp_gc_rl.tsv.gz
"(49,50]",192007,BAN001.A0102.SG1.4_10M.remove30bp_gc_rl.tsv.gz
"(50,51]",27402,BAN001.A0102.SG1.4_10M.remove30bp_gc_rl.tsv.gz
"(51,52]",143693,BAN001.A0102.SG1.4_10M.remove30bp_gc_rl.tsv.gz
"(52,53]",104647,BAN001.A0102.SG1.4_10M.remove30bp_gc_rl.tsv.gz
"(53,54]",108403,BAN001.A0102.SG1.4_10M.remove30bp_gc_rl.tsv.gz
"(54,55]",106211,BAN001.A0102.SG1.4_10M.remove30bp_gc_rl.tsv.gz
"(55,56]",66025,BAN001.A0102.SG1.4_10M.remove30bp_gc_rl.tsv.gz
"(56,57]",81532,BAN001.A0102.SG1.4_10M.remove30bp_gc_rl.tsv.gz
"(57,58]",62766,BAN001.A0102.SG1.4_10M.remove30bp_gc_rl.tsv.gz
"(58,59]",61921,BAN001.A0102.SG1.4_10M.remove30bp_gc_rl.tsv.gz
"(59,60]",65837,BAN001.A0102.SG1.4_10M.remove30bp_gc_rl.tsv.gz
"(60,61]",30749,BAN001.A0102.SG1.4_10M.remove30bp_gc_rl.tsv.gz
"(61,62]",40889,BAN001.A0102.SG1.4_10M.remove30bp_gc_rl.tsv.gz
"(62,63]",29946,BAN001.A0102.SG1.4_10M.remove30bp_gc_rl.tsv.gz
"(63,64]",32066,BAN001.A0102.SG1.4_10M.remove30bp_gc_rl.tsv.gz
"(64,65]",25454,BAN001.A0102.SG1.4_10M.remove30bp_gc_rl.tsv.gz
"(65,66]",18614,BAN001.A0102.SG1.4_10M.remove30bp_gc_rl.tsv.gz
"(66,67]",17065,BAN001.A0102.SG1.4_10M.remove30bp_gc_rl.tsv.gz
"(67,68]",13303,BAN001.A0102.SG1.4_10M.remove30bp_gc_rl.tsv.gz
"(68,69]",9972,BAN001.A0102.SG1.4_10M.remove30bp_gc_rl.tsv.gz
"(69,70]",11283,BAN001.A0102.SG1.4_10M.remove30bp_gc_rl.tsv.gz
"(70,71]",6854,BAN001.A0102.SG1.4_10M.remove30bp_gc_rl.tsv.gz
"(71,72]",5878,BAN001.A0102.SG1.4_10M.remove30bp_gc_rl.tsv.gz
"(72,73]",4342,BAN001.A0102.SG1.4_10M.remove30bp_gc_rl.tsv.gz
"(73,74]",4358,BAN001.A0102.SG1.4_10M.remove30bp_gc_rl.tsv.gz
"(74,75]",4632,BAN001.A0102.SG1.4_10M.remove30bp_gc_rl.tsv.gz
"(75,76]",1566,BAN001.A0102.SG1.4_10M.remove30bp_gc_rl.tsv.gz
"(76,77]",2203,BAN001.A0102.SG1.4_10M.remove30bp_gc_rl.tsv.gz
"(77,78]",1671,BAN001.A0102.SG1.4_10M.remove30bp_gc_rl.tsv.gz
"(78,79]",1420,BAN001.A0102.SG1.4_10M.remove30bp_gc_rl.tsv.gz
"(79,80]",1227,BAN001.A0102.SG1.4_10M.remove30bp_gc_rl.tsv.gz
"(80,81]",648,BAN001.A0102.SG1.4_10M.remove30bp_gc_rl.tsv.gz
"(81,82]",618,BAN001.A0102.SG1.4_10M.remove30bp_gc_rl.tsv.gz
"(82,83]",371,BAN001.A0102.SG1.4_10M.remove30bp_gc_rl.tsv.gz
"(83,84]",454,BAN001.A0102.SG1.4_10M.remove30bp_gc_rl.tsv.gz
"(84,85]",246,BAN001.A0102.SG1.4_10M.remove30bp_gc_rl.tsv.gz
"(85,86]",139,BAN001.A0102.SG1.4_10M.remove30bp_gc_rl.tsv.gz
"(86,87]",131,BAN001.A0102.SG1.4_10M.remove30bp_gc_rl.tsv.gz
"(87,88]",140,BAN001.A0102.SG1.4_10M.remove30bp_gc_rl.tsv.gz
"(88,89]",59,BAN001.A0102.SG1.4_10M.remove30bp_gc_rl.tsv.gz
"(89,90]",92,BAN001.A0102.SG1.4_10M.remove30bp_gc_rl.tsv.gz
"(90,91]",88,BAN001.A0102.SG1.4_10M.remove30bp_gc_rl.tsv.gz
"(91,92]",53,BAN001.A0102.SG1.4_10M.remove30bp_gc_rl.tsv.gz
"(92,93]",47,BAN001.A0102.SG1.4_10M.remove30bp_gc_rl.tsv.gz
"(93,94]",105,BAN001.A0102.SG1.4_10M.remove30bp_gc_rl.tsv.gz
"(94,95]",131,BAN001.A0102.SG1.4_10M.remove30bp_gc_rl.tsv.gz
"(95,96]",95,BAN001.A0102.SG1.4_10M.remove30bp_gc_rl.tsv.gz
"(96,97]",112,BAN001.A0102.SG1.4_10M.remove30bp_gc_rl.tsv.gz
"(97,98]",280,BAN001.A0102.SG1.4_10M.remove30bp_gc_rl.tsv.gz
"(98,99]",450,BAN001.A0102.SG1.4_10M.remove30bp_gc_rl.tsv.gz
"(99,100]",7234,BAN001.A0102.SG1.4_10M.remove30bp_gc_rl.tsv.gz
"[0,1]",3,CDM019.A0101_10M.remove30bp_gc_rl.tsv.gz
"(1,2]",2,CDM019.A0101_10M.remove30bp_gc_rl.tsv.gz
"(2,3]",3,CDM019.A0101_10M.remove30bp_gc_rl.tsv.gz
"(3,4]",3,CDM019.A0101_10M.remove30bp_gc_rl.tsv.gz
"(4,5]",7,CDM019.A0101_10M.remove30bp_gc_rl.tsv.gz
"(5,6]",13,CDM019.A0101_10M.remove30bp_gc_rl.tsv.gz
"(6,7]",8,CDM019.A0101_10M.remove30bp_gc_rl.tsv.gz
"(7,8]",10,CDM019.A0101_10M.remove30bp_gc_rl.tsv.gz
"(8,9]",21,CDM019.A0101_10M.remove30bp_gc_rl.tsv.gz
"(9,10]",37,CDM019.A0101_10M.remove30bp_gc_rl.tsv.gz
"(10,11]",43,CDM019.A0101_10M.remove30bp_gc_rl.tsv.gz
"(11,12]",84,CDM019.A0101_10M.remove30bp_gc_rl.tsv.gz
"(12,13]",110,CDM019.A0101_10M.remove30bp_gc_rl.tsv.gz
"(13,14]",211,CDM019.A0101_10M.remove30bp_gc_rl.tsv.gz
"(14,15]",321,CDM019.A0101_10M.remove30bp_gc_rl.tsv.gz
"(15,16]",488,CDM019.A0101_10M.remove30bp_gc_rl.tsv.gz
"(16,17]",695,CDM019.A0101_10M.remove30bp_gc_rl.tsv.gz
"(17,18]",1278,CDM019.A0101_10M.remove30bp_gc_rl.tsv.gz
"(18,19]",1570,CDM019.A0101_10M.remove30bp_gc_rl.tsv.gz
"(19,20]",2950,CDM019.A0101_10M.remove30bp_gc_rl.tsv.gz
"(20,21]",2486,CDM019.A0101_10M.remove30bp_gc_rl.tsv.gz
"(21,22]",4613,CDM019.A0101_10M.remove30bp_gc_rl.tsv.gz
"(22,23]",5546,CDM019.A0101_10M.remove30bp_gc_rl.tsv.gz
"(23,24]",7911,CDM019.A0101_10M.remove30bp_gc_rl.tsv.gz
"(24,25]",11576,CDM019.A0101_10M.remove30bp_gc_rl.tsv.gz
"(25,26]",9492,CDM019.A0101_10M.remove30bp_gc_rl.tsv.gz
"(26,27]",14628,CDM019.A0101_10M.remove30bp_gc_rl.tsv.gz
"(27,28]",19432,CDM019.A0101_10M.remove30bp_gc_rl.tsv.gz
"(28,29]",21953,CDM019.A0101_10M.remove30bp_gc_rl.tsv.gz
"(29,30]",28491,CDM019.A0101_10M.remove30bp_gc_rl.tsv.gz
"(30,31]",29719,CDM019.A0101_10M.remove30bp_gc_rl.tsv.gz
"(31,32]",38555,CDM019.A0101_10M.remove30bp_gc_rl.tsv.gz
"(32,33]",42888,CDM019.A0101_10M.remove30bp_gc_rl.tsv.gz
"(33,34]",46899,CDM019.A0101_10M.remove30bp_gc_rl.tsv.gz
"(34,35]",59727,CDM019.A0101_10M.remove30bp_gc_rl.tsv.gz
"(35,36]",64894,CDM019.A0101_10M.remove30bp_gc_rl.tsv.gz
"(36,37]",72485,CDM019.A0101_10M.remove30bp_gc_rl.tsv.gz
"(37,38]",77239,CDM019.A0101_10M.remove30bp_gc_rl.tsv.gz
"(38,39]",90272,CDM019.A0101_10M.remove30bp_gc_rl.tsv.gz
"(39,40]",117948,CDM019.A0101_10M.remove30bp_gc_rl.tsv.gz
"(40,41]",91750,CDM019.A0101_10M.remove30bp_gc_rl.tsv.gz
"(41,42]",115521,CDM019.A0101_10M.remove30bp_gc_rl.tsv.gz
"(42,43]",126646,CDM019.A0101_10M.remove30bp_gc_rl.tsv.gz
"(43,44]",147217,CDM019.A0101_10M.remove30bp_gc_rl.tsv.gz
"(44,45]",150800,CDM019.A0101_10M.remove30bp_gc_rl.tsv.gz
"(45,46]",151912,CDM019.A0101_10M.remove30bp_gc_rl.tsv.gz
"(46,47]",170117,CDM019.A0101_10M.remove30bp_gc_rl.tsv.gz
"(47,48]",192840,CDM019.A0101_10M.remove30bp_gc_rl.tsv.gz
"(48,49]",200464,CDM019.A0101_10M.remove30bp_gc_rl.tsv.gz
"(49,50]",294734,CDM019.A0101_10M.remove30bp_gc_rl.tsv.gz
"(50,51]",113957,CDM019.A0101_10M.remove30bp_gc_rl.tsv.gz
"(51,52]",257458,CDM019.A0101_10M.remove30bp_gc_rl.tsv.gz
"(52,53]",250545,CDM019.A0101_10M.remove30bp_gc_rl.tsv.gz
"(53,54]",278255,CDM019.A0101_10M.remove30bp_gc_rl.tsv.gz
"(54,55]",282250,CDM019.A0101_10M.remove30bp_gc_rl.tsv.gz
"(55,56]",302630,CDM019.A0101_10M.remove30bp_gc_rl.tsv.gz
"(56,57]",322144,CDM019.A0101_10M.remove30bp_gc_rl.tsv.gz
"(57,58]",346639,CDM019.A0101_10M.remove30bp_gc_rl.tsv.gz
"(58,59]",328079,CDM019.A0101_10M.remove30bp_gc_rl.tsv.gz
"(59,60]",428992,CDM019.A0101_10M.remove30bp_gc_rl.tsv.gz
"(60,61]",315716,CDM019.A0101_10M.remove30bp_gc_rl.tsv.gz
"(61,62]",391555,CDM019.A0101_10M.remove30bp_gc_rl.tsv.gz
"(62,63]",338166,CDM019.A0101_10M.remove30bp_gc_rl.tsv.gz
"(63,64]",393131,CDM019.A0101_10M.remove30bp_gc_rl.tsv.gz
"(64,65]",368370,CDM019.A0101_10M.remove30bp_gc_rl.tsv.gz
"(65,66]",346380,CDM019.A0101_10M.remove30bp_gc_rl.tsv.gz
"(66,67]",287871,CDM019.A0101_10M.remove30bp_gc_rl.tsv.gz
"(67,68]",316154,CDM019.A0101_10M.remove30bp_gc_rl.tsv.gz
"(68,69]",268655,CDM019.A0101_10M.remove30bp_gc_rl.tsv.gz
"(69,70]",276223,CDM019.A0101_10M.remove30bp_gc_rl.tsv.gz
"(70,71]",188833,CDM019.A0101_10M.remove30bp_gc_rl.tsv.gz
"(71,72]",206496,CDM019.A0101_10M.remove30bp_gc_rl.tsv.gz
"(72,73]",167944,CDM019.A0101_10M.remove30bp_gc_rl.tsv.gz
"(73,74]",150157,CDM019.A0101_10M.remove30bp_gc_rl.tsv.gz
"(74,75]",148783,CDM019.A0101_10M.remove30bp_gc_rl.tsv.gz
"(75,76]",74059,CDM019.A0101_10M.remove30bp_gc_rl.tsv.gz
"(76,77]",84378,CDM019.A0101_10M.remove30bp_gc_rl.tsv.gz
"(77,78]",70392,CDM019.A0101_10M.remove30bp_gc_rl.tsv.gz
"(78,79]",55882,CDM019.A0101_10M.remove30bp_gc_rl.tsv.gz
"(79,80]",47610,CDM019.A0101_10M.remove30bp_gc_rl.tsv.gz
"(80,81]",25845,CDM019.A0101_10M.remove30bp_gc_rl.tsv.gz
"(81,82]",26122,CDM019.A0101_10M.remove30bp_gc_rl.tsv.gz
"(82,83]",18250,CDM019.A0101_10M.remove30bp_gc_rl.tsv.gz
"(83,84]",15073,CDM019.A0101_10M.remove30bp_gc_rl.tsv.gz
"(84,85]",10905,CDM019.A0101_10M.remove30bp_gc_rl.tsv.gz
"(85,86]",6829,CDM019.A0101_10M.remove30bp_gc_rl.tsv.gz
"(86,87]",5967,CDM019.A0101_10M.remove30bp_gc_rl.tsv.gz
"(87,88]",4812,CDM019.A0101_10M.remove30bp_gc_rl.tsv.gz
"(88,89]",3073,CDM019.A0101_10M.remove30bp_gc_rl.tsv.gz
"(89,90]",2459,CDM019.A0101_10M.remove30bp_gc_rl.tsv.gz
"(90,91]",1836,CDM019.A0101_10M.remove30bp_gc_rl.tsv.gz
"(91,92]",1417,CDM019.A0101_10M.remove30bp_gc_rl.tsv.gz
"(92,93]",878,CDM019.A0101_10M.remove30bp_gc_rl.tsv.gz
"(93,94]",1141,CDM019.A0101_10M.remove30bp_gc_rl.tsv.gz
"(94,95]",950,CDM019.A0101_10M.remove30bp_gc_rl.tsv.gz
"(95,96]",751,CDM019.A0101_10M.remove30bp_gc_rl.tsv.gz
"(96,97]",816,CDM019.A0101_10M.remove30bp_gc_rl.tsv.gz
"(97,98]",1020,CDM019.A0101_10M.remove30bp_gc_rl.tsv.gz
"(98,99]",1034,CDM019.A0101_10M.remove30bp_gc_rl.tsv.gz
"(99,100]",4397,CDM019.A0101_10M.remove30bp_gc_rl.tsv.gz
"[0,1]",33,CDM019.A0102.SG1.4_10M.remove30bp_gc_rl.tsv.gz
"(1,2]",36,CDM019.A0102.SG1.4_10M.remove30bp_gc_rl.tsv.gz
"(2,3]",65,CDM019.A0102.SG1.4_10M.remove30bp_gc_rl.tsv.gz
"(3,4]",72,CDM019.A0102.SG1.4_10M.remove30bp_gc_rl.tsv.gz
"(4,5]",132,CDM019.A0102.SG1.4_10M.remove30bp_gc_rl.tsv.gz
"(5,6]",216,CDM019.A0102.SG1.4_10M.remove30bp_gc_rl.tsv.gz
"(6,7]",320,CDM019.A0102.SG1.4_10M.remove30bp_gc_rl.tsv.gz
"(7,8]",492,CDM019.A0102.SG1.4_10M.remove30bp_gc_rl.tsv.gz
"(8,9]",609,CDM019.A0102.SG1.4_10M.remove30bp_gc_rl.tsv.gz
"(9,10]",1166,CDM019.A0102.SG1.4_10M.remove30bp_gc_rl.tsv.gz
"(10,11]",1360,CDM019.A0102.SG1.4_10M.remove30bp_gc_rl.tsv.gz
"(11,12]",2227,CDM019.A0102.SG1.4_10M.remove30bp_gc_rl.tsv.gz
"(12,13]",2833,CDM019.A0102.SG1.4_10M.remove30bp_gc_rl.tsv.gz
"(13,14]",4426,CDM019.A0102.SG1.4_10M.remove30bp_gc_rl.tsv.gz
"(14,15]",5693,CDM019.A0102.SG1.4_10M.remove30bp_gc_rl.tsv.gz
"(15,16]",7523,CDM019.A0102.SG1.4_10M.remove30bp_gc_rl.tsv.gz
"(16,17]",8264,CDM019.A0102.SG1.4_10M.remove30bp_gc_rl.tsv.gz
"(17,18]",12727,CDM019.A0102.SG1.4_10M.remove30bp_gc_rl.tsv.gz
"(18,19]",15189,CDM019.A0102.SG1.4_10M.remove30bp_gc_rl.tsv.gz
"(19,20]",23351,CDM019.A0102.SG1.4_10M.remove30bp_gc_rl.tsv.gz
"(20,21]",16304,CDM019.A0102.SG1.4_10M.remove30bp_gc_rl.tsv.gz
"(21,22]",29781,CDM019.A0102.SG1.4_10M.remove30bp_gc_rl.tsv.gz
"(22,23]",33316,CDM019.A0102.SG1.4_10M.remove30bp_gc_rl.tsv.gz
"(23,24]",41429,CDM019.A0102.SG1.4_10M.remove30bp_gc_rl.tsv.gz
"(24,25]",56373,CDM019.A0102.SG1.4_10M.remove30bp_gc_rl.tsv.gz
"(25,26]",39982,CDM019.A0102.SG1.4_10M.remove30bp_gc_rl.tsv.gz
"(26,27]",61136,CDM019.A0102.SG1.4_10M.remove30bp_gc_rl.tsv.gz
"(27,28]",72930,CDM019.A0102.SG1.4_10M.remove30bp_gc_rl.tsv.gz
"(28,29]",78536,CDM019.A0102.SG1.4_10M.remove30bp_gc_rl.tsv.gz
"(29,30]",93326,CDM019.A0102.SG1.4_10M.remove30bp_gc_rl.tsv.gz
"(30,31]",90384,CDM019.A0102.SG1.4_10M.remove30bp_gc_rl.tsv.gz
"(31,32]",110145,CDM019.A0102.SG1.4_10M.remove30bp_gc_rl.tsv.gz
"(32,33]",115772,CDM019.A0102.SG1.4_10M.remove30bp_gc_rl.tsv.gz
"(33,34]",117724,CDM019.A0102.SG1.4_10M.remove30bp_gc_rl.tsv.gz
"(34,35]",144167,CDM019.A0102.SG1.4_10M.remove30bp_gc_rl.tsv.gz
"(35,36]",147033,CDM019.A0102.SG1.4_10M.remove30bp_gc_rl.tsv.gz
"(36,37]",156739,CDM019.A0102.SG1.4_10M.remove30bp_gc_rl.tsv.gz
"(37,38]",149492,CDM019.A0102.SG1.4_10M.remove30bp_gc_rl.tsv.gz
"(38,39]",170962,CDM019.A0102.SG1.4_10M.remove30bp_gc_rl.tsv.gz
"(39,40]",214931,CDM019.A0102.SG1.4_10M.remove30bp_gc_rl.tsv.gz
"(40,41]",148000,CDM019.A0102.SG1.4_10M.remove30bp_gc_rl.tsv.gz
"(41,42]",183868,CDM019.A0102.SG1.4_10M.remove30bp_gc_rl.tsv.gz
"(42,43]",188502,CDM019.A0102.SG1.4_10M.remove30bp_gc_rl.tsv.gz
"(43,44]",212226,CDM019.A0102.SG1.4_10M.remove30bp_gc_rl.tsv.gz
"(44,45]",197263,CDM019.A0102.SG1.4_10M.remove30bp_gc_rl.tsv.gz
"(45,46]",198185,CDM019.A0102.SG1.4_10M.remove30bp_gc_rl.tsv.gz
"(46,47]",203228,CDM019.A0102.SG1.4_10M.remove30bp_gc_rl.tsv.gz
"(47,48]",214470,CDM019.A0102.SG1.4_10M.remove30bp_gc_rl.tsv.gz
"(48,49]",226518,CDM019.A0102.SG1.4_10M.remove30bp_gc_rl.tsv.gz
"(49,50]",305260,CDM019.A0102.SG1.4_10M.remove30bp_gc_rl.tsv.gz
"(50,51]",81337,CDM019.A0102.SG1.4_10M.remove30bp_gc_rl.tsv.gz
"(51,52]",246105,CDM019.A0102.SG1.4_10M.remove30bp_gc_rl.tsv.gz
"(52,53]",214566,CDM019.A0102.SG1.4_10M.remove30bp_gc_rl.tsv.gz
"(53,54]",225261,CDM019.A0102.SG1.4_10M.remove30bp_gc_rl.tsv.gz
"(54,55]",232521,CDM019.A0102.SG1.4_10M.remove30bp_gc_rl.tsv.gz
"(55,56]",211278,CDM019.A0102.SG1.4_10M.remove30bp_gc_rl.tsv.gz
"(56,57]",229276,CDM019.A0102.SG1.4_10M.remove30bp_gc_rl.tsv.gz
"(57,58]",225473,CDM019.A0102.SG1.4_10M.remove30bp_gc_rl.tsv.gz
"(58,59]",215340,CDM019.A0102.SG1.4_10M.remove30bp_gc_rl.tsv.gz
"(59,60]",266657,CDM019.A0102.SG1.4_10M.remove30bp_gc_rl.tsv.gz
"(60,61]",168999,CDM019.A0102.SG1.4_10M.remove30bp_gc_rl.tsv.gz
"(61,62]",216207,CDM019.A0102.SG1.4_10M.remove30bp_gc_rl.tsv.gz
"(62,63]",180803,CDM019.A0102.SG1.4_10M.remove30bp_gc_rl.tsv.gz
"(63,64]",204479,CDM019.A0102.SG1.4_10M.remove30bp_gc_rl.tsv.gz
"(64,65]",184006,CDM019.A0102.SG1.4_10M.remove30bp_gc_rl.tsv.gz
"(65,66]",165259,CDM019.A0102.SG1.4_10M.remove30bp_gc_rl.tsv.gz
"(66,67]",139267,CDM019.A0102.SG1.4_10M.remove30bp_gc_rl.tsv.gz
"(67,68]",137890,CDM019.A0102.SG1.4_10M.remove30bp_gc_rl.tsv.gz
"(68,69]",115770,CDM019.A0102.SG1.4_10M.remove30bp_gc_rl.tsv.gz
"(69,70]",122790,CDM019.A0102.SG1.4_10M.remove30bp_gc_rl.tsv.gz
"(70,71]",82997,CDM019.A0102.SG1.4_10M.remove30bp_gc_rl.tsv.gz
"(71,72]",83129,CDM019.A0102.SG1.4_10M.remove30bp_gc_rl.tsv.gz
"(72,73]",66028,CDM019.A0102.SG1.4_10M.remove30bp_gc_rl.tsv.gz
"(73,74]",59515,CDM019.A0102.SG1.4_10M.remove30bp_gc_rl.tsv.gz
"(74,75]",61788,CDM019.A0102.SG1.4_10M.remove30bp_gc_rl.tsv.gz
"(75,76]",26858,CDM019.A0102.SG1.4_10M.remove30bp_gc_rl.tsv.gz
"(76,77]",32932,CDM019.A0102.SG1.4_10M.remove30bp_gc_rl.tsv.gz
"(77,78]",26220,CDM019.A0102.SG1.4_10M.remove30bp_gc_rl.tsv.gz
"(78,79]",22390,CDM019.A0102.SG1.4_10M.remove30bp_gc_rl.tsv.gz
"(79,80]",19209,CDM019.A0102.SG1.4_10M.remove30bp_gc_rl.tsv.gz
"(80,81]",9320,CDM019.A0102.SG1.4_10M.remove30bp_gc_rl.tsv.gz
"(81,82]",10260,CDM019.A0102.SG1.4_10M.remove30bp_gc_rl.tsv.gz
"(82,83]",6644,CDM019.A0102.SG1.4_10M.remove30bp_gc_rl.tsv.gz
"(83,84]",6394,CDM019.A0102.SG1.4_10M.remove30bp_gc_rl.tsv.gz
"(84,85]",4381,CDM019.A0102.SG1.4_10M.remove30bp_gc_rl.tsv.gz
"(85,86]",2192,CDM019.A0102.SG1.4_10M.remove30bp_gc_rl.tsv.gz
"(86,87]",2206,CDM019.A0102.SG1.4_10M.remove30bp_gc_rl.tsv.gz
"(87,88]",2031,CDM019.A0102.SG1.4_10M.remove30bp_gc_rl.tsv.gz
"(88,89]",955,CDM019.A0102.SG1.4_10M.remove30bp_gc_rl.tsv.gz
"(89,90]",751,CDM019.A0102.SG1.4_10M.remove30bp_gc_rl.tsv.gz
"(90,91]",668,CDM019.A0102.SG1.4_10M.remove30bp_gc_rl.tsv.gz
"(91,92]",305,CDM019.A0102.SG1.4_10M.remove30bp_gc_rl.tsv.gz
"(92,93]",164,CDM019.A0102.SG1.4_10M.remove30bp_gc_rl.tsv.gz
"(93,94]",410,CDM019.A0102.SG1.4_10M.remove30bp_gc_rl.tsv.gz
"(94,95]",201,CDM019.A0102.SG1.4_10M.remove30bp_gc_rl.tsv.gz
"(95,96]",88,CDM019.A0102.SG1.4_10M.remove30bp_gc_rl.tsv.gz
"(96,97]",133,CDM019.A0102.SG1.4_10M.remove30bp_gc_rl.tsv.gz
"(97,98]",196,CDM019.A0102.SG1.4_10M.remove30bp_gc_rl.tsv.gz
"(98,99]",215,CDM019.A0102.SG1.4_10M.remove30bp_gc_rl.tsv.gz
"(99,100]",12697,CDM019.A0102.SG1.4_10M.remove30bp_gc_rl.tsv.gz
"[0,1]",4,CDM020.A0101_10M.remove30bp_gc_rl.tsv.gz
"(1,2]",5,CDM020.A0101_10M.remove30bp_gc_rl.tsv.gz
"(2,3]",4,CDM020.A0101_10M.remove30bp_gc_rl.tsv.gz
"(3,4]",5,CDM020.A0101_10M.remove30bp_gc_rl.tsv.gz
"(4,5]",13,CDM020.A0101_10M.remove30bp_gc_rl.tsv.gz
"(5,6]",13,CDM020.A0101_10M.remove30bp_gc_rl.tsv.gz
"(6,7]",19,CDM020.A0101_10M.remove30bp_gc_rl.tsv.gz
"(7,8]",19,CDM020.A0101_10M.remove30bp_gc_rl.tsv.gz
"(8,9]",28,CDM020.A0101_10M.remove30bp_gc_rl.tsv.gz
"(9,10]",66,CDM020.A0101_10M.remove30bp_gc_rl.tsv.gz
"(10,11]",88,CDM020.A0101_10M.remove30bp_gc_rl.tsv.gz
"(11,12]",203,CDM020.A0101_10M.remove30bp_gc_rl.tsv.gz
"(12,13]",277,CDM020.A0101_10M.remove30bp_gc_rl.tsv.gz
"(13,14]",480,CDM020.A0101_10M.remove30bp_gc_rl.tsv.gz
"(14,15]",737,CDM020.A0101_10M.remove30bp_gc_rl.tsv.gz
"(15,16]",1100,CDM020.A0101_10M.remove30bp_gc_rl.tsv.gz
"(16,17]",1454,CDM020.A0101_10M.remove30bp_gc_rl.tsv.gz
"(17,18]",2537,CDM020.A0101_10M.remove30bp_gc_rl.tsv.gz
"(18,19]",3204,CDM020.A0101_10M.remove30bp_gc_rl.tsv.gz
"(19,20]",5621,CDM020.A0101_10M.remove30bp_gc_rl.tsv.gz
"(20,21]",4896,CDM020.A0101_10M.remove30bp_gc_rl.tsv.gz
"(21,22]",8290,CDM020.A0101_10M.remove30bp_gc_rl.tsv.gz
"(22,23]",9800,CDM020.A0101_10M.remove30bp_gc_rl.tsv.gz
"(23,24]",13190,CDM020.A0101_10M.remove30bp_gc_rl.tsv.gz
"(24,25]",19306,CDM020.A0101_10M.remove30bp_gc_rl.tsv.gz
"(25,26]",14886,CDM020.A0101_10M.remove30bp_gc_rl.tsv.gz
"(26,27]",22443,CDM020.A0101_10M.remove30bp_gc_rl.tsv.gz
"(27,28]",28467,CDM020.A0101_10M.remove30bp_gc_rl.tsv.gz
"(28,29]",31682,CDM020.A0101_10M.remove30bp_gc_rl.tsv.gz
"(29,30]",39537,CDM020.A0101_10M.remove30bp_gc_rl.tsv.gz
"(30,31]",39983,CDM020.A0101_10M.remove30bp_gc_rl.tsv.gz
"(31,32]",50663,CDM020.A0101_10M.remove30bp_gc_rl.tsv.gz
"(32,33]",54096,CDM020.A0101_10M.remove30bp_gc_rl.tsv.gz
"(33,34]",58401,CDM020.A0101_10M.remove30bp_gc_rl.tsv.gz
"(34,35]",72435,CDM020.A0101_10M.remove30bp_gc_rl.tsv.gz
"(35,36]",76333,CDM020.A0101_10M.remove30bp_gc_rl.tsv.gz
"(36,37]",84546,CDM020.A0101_10M.remove30bp_gc_rl.tsv.gz
"(37,38]",86824,CDM020.A0101_10M.remove30bp_gc_rl.tsv.gz
"(38,39]",99148,CDM020.A0101_10M.remove30bp_gc_rl.tsv.gz
"(39,40]",129556,CDM020.A0101_10M.remove30bp_gc_rl.tsv.gz
"(40,41]",94573,CDM020.A0101_10M.remove30bp_gc_rl.tsv.gz
"(41,42]",120653,CDM020.A0101_10M.remove30bp_gc_rl.tsv.gz
"(42,43]",129505,CDM020.A0101_10M.remove30bp_gc_rl.tsv.gz
"(43,44]",148635,CDM020.A0101_10M.remove30bp_gc_rl.tsv.gz
"(44,45]",147708,CDM020.A0101_10M.remove30bp_gc_rl.tsv.gz
"(45,46]",149877,CDM020.A0101_10M.remove30bp_gc_rl.tsv.gz
"(46,47]",164019,CDM020.A0101_10M.remove30bp_gc_rl.tsv.gz
"(47,48]",185587,CDM020.A0101_10M.remove30bp_gc_rl.tsv.gz
"(48,49]",194959,CDM020.A0101_10M.remove30bp_gc_rl.tsv.gz
"(49,50]",279985,CDM020.A0101_10M.remove30bp_gc_rl.tsv.gz
"(50,51]",96153,CDM020.A0101_10M.remove30bp_gc_rl.tsv.gz
"(51,52]",245402,CDM020.A0101_10M.remove30bp_gc_rl.tsv.gz
"(52,53]",233734,CDM020.A0101_10M.remove30bp_gc_rl.tsv.gz
"(53,54]",256432,CDM020.A0101_10M.remove30bp_gc_rl.tsv.gz
"(54,55]",267197,CDM020.A0101_10M.remove30bp_gc_rl.tsv.gz
"(55,56]",277367,CDM020.A0101_10M.remove30bp_gc_rl.tsv.gz
"(56,57]",299031,CDM020.A0101_10M.remove30bp_gc_rl.tsv.gz
"(57,58]",322840,CDM020.A0101_10M.remove30bp_gc_rl.tsv.gz
"(58,59]",307858,CDM020.A0101_10M.remove30bp_gc_rl.tsv.gz
"(59,60]",403792,CDM020.A0101_10M.remove30bp_gc_rl.tsv.gz
"(60,61]",292237,CDM020.A0101_10M.remove30bp_gc_rl.tsv.gz
"(61,62]",369015,CDM020.A0101_10M.remove30bp_gc_rl.tsv.gz
"(62,63]",323569,CDM020.A0101_10M.remove30bp_gc_rl.tsv.gz
"(63,64]",379892,CDM020.A0101_10M.remove30bp_gc_rl.tsv.gz
"(64,65]",356886,CDM020.A0101_10M.remove30bp_gc_rl.tsv.gz
"(65,66]",338039,CDM020.A0101_10M.remove30bp_gc_rl.tsv.gz
"(66,67]",285893,CDM020.A0101_10M.remove30bp_gc_rl.tsv.gz
"(67,68]",313699,CDM020.A0101_10M.remove30bp_gc_rl.tsv.gz
"(68,69]",266875,CDM020.A0101_10M.remove30bp_gc_rl.tsv.gz
"(69,70]",280553,CDM020.A0101_10M.remove30bp_gc_rl.tsv.gz
"(70,71]",189931,CDM020.A0101_10M.remove30bp_gc_rl.tsv.gz
"(71,72]",207694,CDM020.A0101_10M.remove30bp_gc_rl.tsv.gz
"(72,73]",167601,CDM020.A0101_10M.remove30bp_gc_rl.tsv.gz
"(73,74]",149511,CDM020.A0101_10M.remove30bp_gc_rl.tsv.gz
"(74,75]",146731,CDM020.A0101_10M.remove30bp_gc_rl.tsv.gz
"(75,76]",70712,CDM020.A0101_10M.remove30bp_gc_rl.tsv.gz
"(76,77]",80822,CDM020.A0101_10M.remove30bp_gc_rl.tsv.gz
"(77,78]",65791,CDM020.A0101_10M.remove30bp_gc_rl.tsv.gz
"(78,79]",51979,CDM020.A0101_10M.remove30bp_gc_rl.tsv.gz
"(79,80]",44298,CDM020.A0101_10M.remove30bp_gc_rl.tsv.gz
"(80,81]",22761,CDM020.A0101_10M.remove30bp_gc_rl.tsv.gz
"(81,82]",22996,CDM020.A0101_10M.remove30bp_gc_rl.tsv.gz
"(82,83]",15997,CDM020.A0101_10M.remove30bp_gc_rl.tsv.gz
"(83,84]",13239,CDM020.A0101_10M.remove30bp_gc_rl.tsv.gz
"(84,85]",9520,CDM020.A0101_10M.remove30bp_gc_rl.tsv.gz
"(85,86]",5531,CDM020.A0101_10M.remove30bp_gc_rl.tsv.gz
"(86,87]",5149,CDM020.A0101_10M.remove30bp_gc_rl.tsv.gz
"(87,88]",4146,CDM020.A0101_10M.remove30bp_gc_rl.tsv.gz
"(88,89]",2322,CDM020.A0101_10M.remove30bp_gc_rl.tsv.gz
"(89,90]",1981,CDM020.A0101_10M.remove30bp_gc_rl.tsv.gz
"(90,91]",1517,CDM020.A0101_10M.remove30bp_gc_rl.tsv.gz
"(91,92]",1161,CDM020.A0101_10M.remove30bp_gc_rl.tsv.gz
"(92,93]",721,CDM020.A0101_10M.remove30bp_gc_rl.tsv.gz
"(93,94]",973,CDM020.A0101_10M.remove30bp_gc_rl.tsv.gz
"(94,95]",926,CDM020.A0101_10M.remove30bp_gc_rl.tsv.gz
"(95,96]",667,CDM020.A0101_10M.remove30bp_gc_rl.tsv.gz
"(96,97]",777,CDM020.A0101_10M.remove30bp_gc_rl.tsv.gz
"(97,98]",1032,CDM020.A0101_10M.remove30bp_gc_rl.tsv.gz
"(98,99]",906,CDM020.A0101_10M.remove30bp_gc_rl.tsv.gz
"(99,100]",4124,CDM020.A0101_10M.remove30bp_gc_rl.tsv.gz
"[0,1]",39,CDM020.A0102.SG1.4_10M.remove30bp_gc_rl.tsv.gz
"(1,2]",50,CDM020.A0102.SG1.4_10M.remove30bp_gc_rl.tsv.gz
"(2,3]",63,CDM020.A0102.SG1.4_10M.remove30bp_gc_rl.tsv.gz
"(3,4]",71,CDM020.A0102.SG1.4_10M.remove30bp_gc_rl.tsv.gz
"(4,5]",148,CDM020.A0102.SG1.4_10M.remove30bp_gc_rl.tsv.gz
"(5,6]",230,CDM020.A0102.SG1.4_10M.remove30bp_gc_rl.tsv.gz
"(6,7]",368,CDM020.A0102.SG1.4_10M.remove30bp_gc_rl.tsv.gz
"(7,8]",606,CDM020.A0102.SG1.4_10M.remove30bp_gc_rl.tsv.gz
"(8,9]",820,CDM020.A0102.SG1.4_10M.remove30bp_gc_rl.tsv.gz
"(9,10]",1574,CDM020.A0102.SG1.4_10M.remove30bp_gc_rl.tsv.gz
"(10,11]",1833,CDM020.A0102.SG1.4_10M.remove30bp_gc_rl.tsv.gz
"(11,12]",3003,CDM020.A0102.SG1.4_10M.remove30bp_gc_rl.tsv.gz
"(12,13]",3738,CDM020.A0102.SG1.4_10M.remove30bp_gc_rl.tsv.gz
"(13,14]",5907,CDM020.A0102.SG1.4_10M.remove30bp_gc_rl.tsv.gz
"(14,15]",7501,CDM020.A0102.SG1.4_10M.remove30bp_gc_rl.tsv.gz
"(15,16]",9763,CDM020.A0102.SG1.4_10M.remove30bp_gc_rl.tsv.gz
"(16,17]",10935,CDM020.A0102.SG1.4_10M.remove30bp_gc_rl.tsv.gz
"(17,18]",16211,CDM020.A0102.SG1.4_10M.remove30bp_gc_rl.tsv.gz
"(18,19]",19415,CDM020.A0102.SG1.4_10M.remove30bp_gc_rl.tsv.gz
"(19,20]",29141,CDM020.A0102.SG1.4_10M.remove30bp_gc_rl.tsv.gz
"(20,21]",20048,CDM020.A0102.SG1.4_10M.remove30bp_gc_rl.tsv.gz
"(21,22]",36246,CDM020.A0102.SG1.4_10M.remove30bp_gc_rl.tsv.gz
"(22,23]",39998,CDM020.A0102.SG1.4_10M.remove30bp_gc_rl.tsv.gz
"(23,24]",48902,CDM020.A0102.SG1.4_10M.remove30bp_gc_rl.tsv.gz
"(24,25]",63841,CDM020.A0102.SG1.4_10M.remove30bp_gc_rl.tsv.gz
"(25,26]",45696,CDM020.A0102.SG1.4_10M.remove30bp_gc_rl.tsv.gz
"(26,27]",67614,CDM020.A0102.SG1.4_10M.remove30bp_gc_rl.tsv.gz
"(27,28]",80252,CDM020.A0102.SG1.4_10M.remove30bp_gc_rl.tsv.gz
"(28,29]",84107,CDM020.A0102.SG1.4_10M.remove30bp_gc_rl.tsv.gz
"(29,30]",98524,CDM020.A0102.SG1.4_10M.remove30bp_gc_rl.tsv.gz
"(30,31]",95465,CDM020.A0102.SG1.4_10M.remove30bp_gc_rl.tsv.gz
"(31,32]",115204,CDM020.A0102.SG1.4_10M.remove30bp_gc_rl.tsv.gz
"(32,33]",117535,CDM020.A0102.SG1.4_10M.remove30bp_gc_rl.tsv.gz
"(33,34]",118465,CDM020.A0102.SG1.4_10M.remove30bp_gc_rl.tsv.gz
"(34,35]",143358,CDM020.A0102.SG1.4_10M.remove30bp_gc_rl.tsv.gz
"(35,36]",145154,CDM020.A0102.SG1.4_10M.remove30bp_gc_rl.tsv.gz
"(36,37]",152399,CDM020.A0102.SG1.4_10M.remove30bp_gc_rl.tsv.gz
"(37,38]",145986,CDM020.A0102.SG1.4_10M.remove30bp_gc_rl.tsv.gz
"(38,39]",164255,CDM020.A0102.SG1.4_10M.remove30bp_gc_rl.tsv.gz
"(39,40]",204679,CDM020.A0102.SG1.4_10M.remove30bp_gc_rl.tsv.gz
"(40,41]",139633,CDM020.A0102.SG1.4_10M.remove30bp_gc_rl.tsv.gz
"(41,42]",174613,CDM020.A0102.SG1.4_10M.remove30bp_gc_rl.tsv.gz
"(42,43]",177689,CDM020.A0102.SG1.4_10M.remove30bp_gc_rl.tsv.gz
"(43,44]",198176,CDM020.A0102.SG1.4_10M.remove30bp_gc_rl.tsv.gz
"(44,45]",185302,CDM020.A0102.SG1.4_10M.remove30bp_gc_rl.tsv.gz
"(45,46]",186154,CDM020.A0102.SG1.4_10M.remove30bp_gc_rl.tsv.gz
"(46,47]",189678,CDM020.A0102.SG1.4_10M.remove30bp_gc_rl.tsv.gz
"(47,48]",201655,CDM020.A0102.SG1.4_10M.remove30bp_gc_rl.tsv.gz
"(48,49]",214292,CDM020.A0102.SG1.4_10M.remove30bp_gc_rl.tsv.gz
"(49,50]",288991,CDM020.A0102.SG1.4_10M.remove30bp_gc_rl.tsv.gz
"(50,51]",75816,CDM020.A0102.SG1.4_10M.remove30bp_gc_rl.tsv.gz
"(51,52]",235133,CDM020.A0102.SG1.4_10M.remove30bp_gc_rl.tsv.gz
"(52,53]",205620,CDM020.A0102.SG1.4_10M.remove30bp_gc_rl.tsv.gz
"(53,54]",217039,CDM020.A0102.SG1.4_10M.remove30bp_gc_rl.tsv.gz
"(54,55]",228552,CDM020.A0102.SG1.4_10M.remove30bp_gc_rl.tsv.gz
"(55,56]",204956,CDM020.A0102.SG1.4_10M.remove30bp_gc_rl.tsv.gz
"(56,57]",224538,CDM020.A0102.SG1.4_10M.remove30bp_gc_rl.tsv.gz
"(57,58]",224126,CDM020.A0102.SG1.4_10M.remove30bp_gc_rl.tsv.gz
"(58,59]",217570,CDM020.A0102.SG1.4_10M.remove30bp_gc_rl.tsv.gz
"(59,60]",269033,CDM020.A0102.SG1.4_10M.remove30bp_gc_rl.tsv.gz
"(60,61]",169172,CDM020.A0102.SG1.4_10M.remove30bp_gc_rl.tsv.gz
"(61,62]",219510,CDM020.A0102.SG1.4_10M.remove30bp_gc_rl.tsv.gz
"(62,63]",188818,CDM020.A0102.SG1.4_10M.remove30bp_gc_rl.tsv.gz
"(63,64]",212087,CDM020.A0102.SG1.4_10M.remove30bp_gc_rl.tsv.gz
"(64,65]",191905,CDM020.A0102.SG1.4_10M.remove30bp_gc_rl.tsv.gz
"(65,66]",172992,CDM020.A0102.SG1.4_10M.remove30bp_gc_rl.tsv.gz
"(66,67]",149937,CDM020.A0102.SG1.4_10M.remove30bp_gc_rl.tsv.gz
"(67,68]",145995,CDM020.A0102.SG1.4_10M.remove30bp_gc_rl.tsv.gz
"(68,69]",123858,CDM020.A0102.SG1.4_10M.remove30bp_gc_rl.tsv.gz
"(69,70]",130841,CDM020.A0102.SG1.4_10M.remove30bp_gc_rl.tsv.gz
"(70,71]",88582,CDM020.A0102.SG1.4_10M.remove30bp_gc_rl.tsv.gz
"(71,72]",88368,CDM020.A0102.SG1.4_10M.remove30bp_gc_rl.tsv.gz
"(72,73]",69459,CDM020.A0102.SG1.4_10M.remove30bp_gc_rl.tsv.gz
"(73,74]",61673,CDM020.A0102.SG1.4_10M.remove30bp_gc_rl.tsv.gz
"(74,75]",64507,CDM020.A0102.SG1.4_10M.remove30bp_gc_rl.tsv.gz
"(75,76]",27157,CDM020.A0102.SG1.4_10M.remove30bp_gc_rl.tsv.gz
"(76,77]",33376,CDM020.A0102.SG1.4_10M.remove30bp_gc_rl.tsv.gz
"(77,78]",26277,CDM020.A0102.SG1.4_10M.remove30bp_gc_rl.tsv.gz
"(78,79]",21973,CDM020.A0102.SG1.4_10M.remove30bp_gc_rl.tsv.gz
"(79,80]",18666,CDM020.A0102.SG1.4_10M.remove30bp_gc_rl.tsv.gz
"(80,81]",8952,CDM020.A0102.SG1.4_10M.remove30bp_gc_rl.tsv.gz
"(81,82]",9446,CDM020.A0102.SG1.4_10M.remove30bp_gc_rl.tsv.gz
"(82,83]",5993,CDM020.A0102.SG1.4_10M.remove30bp_gc_rl.tsv.gz
"(83,84]",5773,CDM020.A0102.SG1.4_10M.remove30bp_gc_rl.tsv.gz
"(84,85]",3804,CDM020.A0102.SG1.4_10M.remove30bp_gc_rl.tsv.gz
"(85,86]",1681,CDM020.A0102.SG1.4_10M.remove30bp_gc_rl.tsv.gz
"(86,87]",1968,CDM020.A0102.SG1.4_10M.remove30bp_gc_rl.tsv.gz
"(87,88]",1693,CDM020.A0102.SG1.4_10M.remove30bp_gc_rl.tsv.gz
"(88,89]",761,CDM020.A0102.SG1.4_10M.remove30bp_gc_rl.tsv.gz
"(89,90]",552,CDM020.A0102.SG1.4_10M.remove30bp_gc_rl.tsv.gz
"(90,91]",457,CDM020.A0102.SG1.4_10M.remove30bp_gc_rl.tsv.gz
"(91,92]",248,CDM020.A0102.SG1.4_10M.remove30bp_gc_rl.tsv.gz
"(92,93]",95,CDM020.A0102.SG1.4_10M.remove30bp_gc_rl.tsv.gz
"(93,94]",286,CDM020.A0102.SG1.4_10M.remove30bp_gc_rl.tsv.gz
"(94,95]",169,CDM020.A0102.SG1.4_10M.remove30bp_gc_rl.tsv.gz
"(95,96]",82,CDM020.A0102.SG1.4_10M.remove30bp_gc_rl.tsv.gz
"(96,97]",112,CDM020.A0102.SG1.4_10M.remove30bp_gc_rl.tsv.gz
"(97,98]",185,CDM020.A0102.SG1.4_10M.remove30bp_gc_rl.tsv.gz
"(98,99]",267,CDM020.A0102.SG1.4_10M.remove30bp_gc_rl.tsv.gz
"(99,100]",12800,CDM020.A0102.SG1.4_10M.remove30bp_gc_rl.tsv.gz
"[0,1]",76,FUM001.A0101_10M.remove30bp_gc_rl.tsv.gz
"(1,2]",60,FUM001.A0101_10M.remove30bp_gc_rl.tsv.gz
"(2,3]",79,FUM001.A0101_10M.remove30bp_gc_rl.tsv.gz
"(3,4]",50,FUM001.A0101_10M.remove30bp_gc_rl.tsv.gz
"(4,5]",68,FUM001.A0101_10M.remove30bp_gc_rl.tsv.gz
"(5,6]",112,FUM001.A0101_10M.remove30bp_gc_rl.tsv.gz
"(6,7]",115,FUM001.A0101_10M.remove30bp_gc_rl.tsv.gz
"(7,8]",100,FUM001.A0101_10M.remove30bp_gc_rl.tsv.gz
"(8,9]",115,FUM001.A0101_10M.remove30bp_gc_rl.tsv.gz
"(9,10]",256,FUM001.A0101_10M.remove30bp_gc_rl.tsv.gz
"(10,11]",242,FUM001.A0101_10M.remove30bp_gc_rl.tsv.gz
"(11,12]",353,FUM001.A0101_10M.remove30bp_gc_rl.tsv.gz
"(12,13]",456,FUM001.A0101_10M.remove30bp_gc_rl.tsv.gz
"(13,14]",700,FUM001.A0101_10M.remove30bp_gc_rl.tsv.gz
"(14,15]",844,FUM001.A0101_10M.remove30bp_gc_rl.tsv.gz
"(15,16]",1402,FUM001.A0101_10M.remove30bp_gc_rl.tsv.gz
"(16,17]",1890,FUM001.A0101_10M.remove30bp_gc_rl.tsv.gz
"(17,18]",2772,FUM001.A0101_10M.remove30bp_gc_rl.tsv.gz
"(18,19]",3998,FUM001.A0101_10M.remove30bp_gc_rl.tsv.gz
"(19,20]",6764,FUM001.A0101_10M.remove30bp_gc_rl.tsv.gz
"(20,21]",5196,FUM001.A0101_10M.remove30bp_gc_rl.tsv.gz
"(21,22]",10976,FUM001.A0101_10M.remove30bp_gc_rl.tsv.gz
"(22,23]",14209,FUM001.A0101_10M.remove30bp_gc_rl.tsv.gz
"(23,24]",20845,FUM001.A0101_10M.remove30bp_gc_rl.tsv.gz
"(24,25]",30445,FUM001.A0101_10M.remove30bp_gc_rl.tsv.gz
"(25,26]",23166,FUM001.A0101_10M.remove30bp_gc_rl.tsv.gz
"(26,27]",40217,FUM001.A0101_10M.remove30bp_gc_rl.tsv.gz
"(27,28]",51656,FUM001.A0101_10M.remove30bp_gc_rl.tsv.gz
"(28,29]",57016,FUM001.A0101_10M.remove30bp_gc_rl.tsv.gz
"(29,30]",60246,FUM001.A0101_10M.remove30bp_gc_rl.tsv.gz
"(30,31]",75051,FUM001.A0101_10M.remove30bp_gc_rl.tsv.gz
"(31,32]",93174,FUM001.A0101_10M.remove30bp_gc_rl.tsv.gz
"(32,33]",98584,FUM001.A0101_10M.remove30bp_gc_rl.tsv.gz
"(33,34]",90937,FUM001.A0101_10M.remove30bp_gc_rl.tsv.gz
"(34,35]",130650,FUM001.A0101_10M.remove30bp_gc_rl.tsv.gz
"(35,36]",142210,FUM001.A0101_10M.remove30bp_gc_rl.tsv.gz
"(36,37]",146784,FUM001.A0101_10M.remove30bp_gc_rl.tsv.gz
"(37,38]",134035,FUM001.A0101_10M.remove30bp_gc_rl.tsv.gz
"(38,39]",168734,FUM001.A0101_10M.remove30bp_gc_rl.tsv.gz
"(39,40]",202221,FUM001.A0101_10M.remove30bp_gc_rl.tsv.gz
"(40,41]",149101,FUM001.A0101_10M.remove30bp_gc_rl.tsv.gz
"(41,42]",160272,FUM001.A0101_10M.remove30bp_gc_rl.tsv.gz
"(42,43]",185019,FUM001.A0101_10M.remove30bp_gc_rl.tsv.gz
"(43,44]",202025,FUM001.A0101_10M.remove30bp_gc_rl.tsv.gz
"(44,45]",193490,FUM001.A0101_10M.remove30bp_gc_rl.tsv.gz
"(45,46]",176049,FUM001.A0101_10M.remove30bp_gc_rl.tsv.gz
"(46,47]",201540,FUM001.A0101_10M.remove30bp_gc_rl.tsv.gz
"(47,48]",217363,FUM001.A0101_10M.remove30bp_gc_rl.tsv.gz
"(48,49]",220374,FUM001.A0101_10M.remove30bp_gc_rl.tsv.gz
"(49,50]",297024,FUM001.A0101_10M.remove30bp_gc_rl.tsv.gz
"(50,51]",91583,FUM001.A0101_10M.remove30bp_gc_rl.tsv.gz
"(51,52]",248028,FUM001.A0101_10M.remove30bp_gc_rl.tsv.gz
"(52,53]",225073,FUM001.A0101_10M.remove30bp_gc_rl.tsv.gz
"(53,54]",237031,FUM001.A0101_10M.remove30bp_gc_rl.tsv.gz
"(54,55]",233906,FUM001.A0101_10M.remove30bp_gc_rl.tsv.gz
"(55,56]",238040,FUM001.A0101_10M.remove30bp_gc_rl.tsv.gz
"(56,57]",251918,FUM001.A0101_10M.remove30bp_gc_rl.tsv.gz
"(57,58]",260643,FUM001.A0101_10M.remove30bp_gc_rl.tsv.gz
"(58,59]",240568,FUM001.A0101_10M.remove30bp_gc_rl.tsv.gz
"(59,60]",307635,FUM001.A0101_10M.remove30bp_gc_rl.tsv.gz
"(60,61]",208849,FUM001.A0101_10M.remove30bp_gc_rl.tsv.gz
"(61,62]",264449,FUM001.A0101_10M.remove30bp_gc_rl.tsv.gz
"(62,63]",224707,FUM001.A0101_10M.remove30bp_gc_rl.tsv.gz
"(63,64]",258830,FUM001.A0101_10M.remove30bp_gc_rl.tsv.gz
"(64,65]",243655,FUM001.A0101_10M.remove30bp_gc_rl.tsv.gz
"(65,66]",225835,FUM001.A0101_10M.remove30bp_gc_rl.tsv.gz
"(66,67]",194140,FUM001.A0101_10M.remove30bp_gc_rl.tsv.gz
"(67,68]",204236,FUM001.A0101_10M.remove30bp_gc_rl.tsv.gz
"(68,69]",175394,FUM001.A0101_10M.remove30bp_gc_rl.tsv.gz
"(69,70]",192170,FUM001.A0101_10M.remove30bp_gc_rl.tsv.gz
"(70,71]",132192,FUM001.A0101_10M.remove30bp_gc_rl.tsv.gz
"(71,72]",141989,FUM001.A0101_10M.remove30bp_gc_rl.tsv.gz
"(72,73]",117278,FUM001.A0101_10M.remove30bp_gc_rl.tsv.gz
"(73,74]",104486,FUM001.A0101_10M.remove30bp_gc_rl.tsv.gz
"(74,75]",108441,FUM001.A0101_10M.remove30bp_gc_rl.tsv.gz
"(75,76]",49942,FUM001.A0101_10M.remove30bp_gc_rl.tsv.gz
"(76,77]",59491,FUM001.A0101_10M.remove30bp_gc_rl.tsv.gz
"(77,78]",48836,FUM001.A0101_10M.remove30bp_gc_rl.tsv.gz
"(78,79]",39800,FUM001.A0101_10M.remove30bp_gc_rl.tsv.gz
"(79,80]",34455,FUM001.A0101_10M.remove30bp_gc_rl.tsv.gz
"(80,81]",17104,FUM001.A0101_10M.remove30bp_gc_rl.tsv.gz
"(81,82]",18475,FUM001.A0101_10M.remove30bp_gc_rl.tsv.gz
"(82,83]",13151,FUM001.A0101_10M.remove30bp_gc_rl.tsv.gz
"(83,84]",10986,FUM001.A0101_10M.remove30bp_gc_rl.tsv.gz
"(84,85]",7856,FUM001.A0101_10M.remove30bp_gc_rl.tsv.gz
"(85,86]",4783,FUM001.A0101_10M.remove30bp_gc_rl.tsv.gz
"(86,87]",4751,FUM001.A0101_10M.remove30bp_gc_rl.tsv.gz
"(87,88]",3946,FUM001.A0101_10M.remove30bp_gc_rl.tsv.gz
"(88,89]",2371,FUM001.A0101_10M.remove30bp_gc_rl.tsv.gz
"(89,90]",2357,FUM001.A0101_10M.remove30bp_gc_rl.tsv.gz
"(90,91]",2176,FUM001.A0101_10M.remove30bp_gc_rl.tsv.gz
"(91,92]",1795,FUM001.A0101_10M.remove30bp_gc_rl.tsv.gz
"(92,93]",1399,FUM001.A0101_10M.remove30bp_gc_rl.tsv.gz
"(93,94]",1995,FUM001.A0101_10M.remove30bp_gc_rl.tsv.gz
"(94,95]",2063,FUM001.A0101_10M.remove30bp_gc_rl.tsv.gz
"(95,96]",1892,FUM001.A0101_10M.remove30bp_gc_rl.tsv.gz
"(96,97]",2096,FUM001.A0101_10M.remove30bp_gc_rl.tsv.gz
"(97,98]",2649,FUM001.A0101_10M.remove30bp_gc_rl.tsv.gz
"(98,99]",3143,FUM001.A0101_10M.remove30bp_gc_rl.tsv.gz
"(99,100]",7602,FUM001.A0101_10M.remove30bp_gc_rl.tsv.gz
"[0,1]",94,FUM001.A0102.SG1.4_10M.remove30bp_gc_rl.tsv.gz
"(1,2]",31,FUM001.A0102.SG1.4_10M.remove30bp_gc_rl.tsv.gz
"(2,3]",106,FUM001.A0102.SG1.4_10M.remove30bp_gc_rl.tsv.gz
"(3,4]",157,FUM001.A0102.SG1.4_10M.remove30bp_gc_rl.tsv.gz
"(4,5]",126,FUM001.A0102.SG1.4_10M.remove30bp_gc_rl.tsv.gz
"(5,6]",249,FUM001.A0102.SG1.4_10M.remove30bp_gc_rl.tsv.gz
"(6,7]",449,FUM001.A0102.SG1.4_10M.remove30bp_gc_rl.tsv.gz
"(7,8]",354,FUM001.A0102.SG1.4_10M.remove30bp_gc_rl.tsv.gz
"(8,9]",560,FUM001.A0102.SG1.4_10M.remove30bp_gc_rl.tsv.gz
"(9,10]",1266,FUM001.A0102.SG1.4_10M.remove30bp_gc_rl.tsv.gz
"(10,11]",688,FUM001.A0102.SG1.4_10M.remove30bp_gc_rl.tsv.gz
"(11,12]",1233,FUM001.A0102.SG1.4_10M.remove30bp_gc_rl.tsv.gz
"(12,13]",1812,FUM001.A0102.SG1.4_10M.remove30bp_gc_rl.tsv.gz
"(13,14]",2231,FUM001.A0102.SG1.4_10M.remove30bp_gc_rl.tsv.gz
"(14,15]",2212,FUM001.A0102.SG1.4_10M.remove30bp_gc_rl.tsv.gz
"(15,16]",3323,FUM001.A0102.SG1.4_10M.remove30bp_gc_rl.tsv.gz
"(16,17]",4165,FUM001.A0102.SG1.4_10M.remove30bp_gc_rl.tsv.gz
"(17,18]",4933,FUM001.A0102.SG1.4_10M.remove30bp_gc_rl.tsv.gz
"(18,19]",6480,FUM001.A0102.SG1.4_10M.remove30bp_gc_rl.tsv.gz
"(19,20]",10151,FUM001.A0102.SG1.4_10M.remove30bp_gc_rl.tsv.gz
"(20,21]",5751,FUM001.A0102.SG1.4_10M.remove30bp_gc_rl.tsv.gz
"(21,22]",11784,FUM001.A0102.SG1.4_10M.remove30bp_gc_rl.tsv.gz
"(22,23]",12988,FUM001.A0102.SG1.4_10M.remove30bp_gc_rl.tsv.gz
"(23,24]",16293,FUM001.A0102.SG1.4_10M.remove30bp_gc_rl.tsv.gz
"(24,25]",21196,FUM001.A0102.SG1.4_10M.remove30bp_gc_rl.tsv.gz
"(25,26]",14566,FUM001.A0102.SG1.4_10M.remove30bp_gc_rl.tsv.gz
"(26,27]",23257,FUM001.A0102.SG1.4_10M.remove30bp_gc_rl.tsv.gz
"(27,28]",26445,FUM001.A0102.SG1.4_10M.remove30bp_gc_rl.tsv.gz
"(28,29]",28354,FUM001.A0102.SG1.4_10M.remove30bp_gc_rl.tsv.gz
"(29,30]",31836,FUM001.A0102.SG1.4_10M.remove30bp_gc_rl.tsv.gz
"(30,31]",31666,FUM001.A0102.SG1.4_10M.remove30bp_gc_rl.tsv.gz
"(31,32]",37678,FUM001.A0102.SG1.4_10M.remove30bp_gc_rl.tsv.gz
"(32,33]",38781,FUM001.A0102.SG1.4_10M.remove30bp_gc_rl.tsv.gz
"(33,34]",37047,FUM001.A0102.SG1.4_10M.remove30bp_gc_rl.tsv.gz
"(34,35]",46129,FUM001.A0102.SG1.4_10M.remove30bp_gc_rl.tsv.gz
"(35,36]",45933,FUM001.A0102.SG1.4_10M.remove30bp_gc_rl.tsv.gz
"(36,37]",47630,FUM001.A0102.SG1.4_10M.remove30bp_gc_rl.tsv.gz
"(37,38]",41762,FUM001.A0102.SG1.4_10M.remove30bp_gc_rl.tsv.gz
"(38,39]",48499,FUM001.A0102.SG1.4_10M.remove30bp_gc_rl.tsv.gz
"(39,40]",57482,FUM001.A0102.SG1.4_10M.remove30bp_gc_rl.tsv.gz
"(40,41]",37697,FUM001.A0102.SG1.4_10M.remove30bp_gc_rl.tsv.gz
"(41,42]",44137,FUM001.A0102.SG1.4_10M.remove30bp_gc_rl.tsv.gz
"(42,43]",42723,FUM001.A0102.SG1.4_10M.remove30bp_gc_rl.tsv.gz
"(43,44]",46752,FUM001.A0102.SG1.4_10M.remove30bp_gc_rl.tsv.gz
"(44,45]",40501,FUM001.A0102.SG1.4_10M.remove30bp_gc_rl.tsv.gz
"(45,46]",39568,FUM001.A0102.SG1.4_10M.remove30bp_gc_rl.tsv.gz
"(46,47]",40363,FUM001.A0102.SG1.4_10M.remove30bp_gc_rl.tsv.gz
"(47,48]",42595,FUM001.A0102.SG1.4_10M.remove30bp_gc_rl.tsv.gz
"(48,49]",47018,FUM001.A0102.SG1.4_10M.remove30bp_gc_rl.tsv.gz
"(49,50]",99243,FUM001.A0102.SG1.4_10M.remove30bp_gc_rl.tsv.gz
"(50,51]",14600,FUM001.A0102.SG1.4_10M.remove30bp_gc_rl.tsv.gz
"(51,52]",59619,FUM001.A0102.SG1.4_10M.remove30bp_gc_rl.tsv.gz
"(52,53]",57016,FUM001.A0102.SG1.4_10M.remove30bp_gc_rl.tsv.gz
"(53,54]",46782,FUM001.A0102.SG1.4_10M.remove30bp_gc_rl.tsv.gz
"(54,55]",44939,FUM001.A0102.SG1.4_10M.remove30bp_gc_rl.tsv.gz
"(55,56]",33230,FUM001.A0102.SG1.4_10M.remove30bp_gc_rl.tsv.gz
"(56,57]",36580,FUM001.A0102.SG1.4_10M.remove30bp_gc_rl.tsv.gz
"(57,58]",34154,FUM001.A0102.SG1.4_10M.remove30bp_gc_rl.tsv.gz
"(58,59]",32961,FUM001.A0102.SG1.4_10M.remove30bp_gc_rl.tsv.gz
"(59,60]",40223,FUM001.A0102.SG1.4_10M.remove30bp_gc_rl.tsv.gz
"(60,61]",23320,FUM001.A0102.SG1.4_10M.remove30bp_gc_rl.tsv.gz
"(61,62]",31260,FUM001.A0102.SG1.4_10M.remove30bp_gc_rl.tsv.gz
"(62,63]",26545,FUM001.A0102.SG1.4_10M.remove30bp_gc_rl.tsv.gz
"(63,64]",30180,FUM001.A0102.SG1.4_10M.remove30bp_gc_rl.tsv.gz
"(64,65]",26945,FUM001.A0102.SG1.4_10M.remove30bp_gc_rl.tsv.gz
"(65,66]",24185,FUM001.A0102.SG1.4_10M.remove30bp_gc_rl.tsv.gz
"(66,67]",22225,FUM001.A0102.SG1.4_10M.remove30bp_gc_rl.tsv.gz
"(67,68]",20827,FUM001.A0102.SG1.4_10M.remove30bp_gc_rl.tsv.gz
"(68,69]",17964,FUM001.A0102.SG1.4_10M.remove30bp_gc_rl.tsv.gz
"(69,70]",19873,FUM001.A0102.SG1.4_10M.remove30bp_gc_rl.tsv.gz
"(70,71]",13945,FUM001.A0102.SG1.4_10M.remove30bp_gc_rl.tsv.gz
"(71,72]",13814,FUM001.A0102.SG1.4_10M.remove30bp_gc_rl.tsv.gz
"(72,73]",11094,FUM001.A0102.SG1.4_10M.remove30bp_gc_rl.tsv.gz
"(73,74]",10298,FUM001.A0102.SG1.4_10M.remove30bp_gc_rl.tsv.gz
"(74,75]",11502,FUM001.A0102.SG1.4_10M.remove30bp_gc_rl.tsv.gz
"(75,76]",4705,FUM001.A0102.SG1.4_10M.remove30bp_gc_rl.tsv.gz
"(76,77]",6165,FUM001.A0102.SG1.4_10M.remove30bp_gc_rl.tsv.gz
"(77,78]",4781,FUM001.A0102.SG1.4_10M.remove30bp_gc_rl.tsv.gz
"(78,79]",4190,FUM001.A0102.SG1.4_10M.remove30bp_gc_rl.tsv.gz
"(79,80]",3599,FUM001.A0102.SG1.4_10M.remove30bp_gc_rl.tsv.gz
"(80,81]",1810,FUM001.A0102.SG1.4_10M.remove30bp_gc_rl.tsv.gz
"(81,82]",1902,FUM001.A0102.SG1.4_10M.remove30bp_gc_rl.tsv.gz
"(82,83]",1177,FUM001.A0102.SG1.4_10M.remove30bp_gc_rl.tsv.gz
"(83,84]",1259,FUM001.A0102.SG1.4_10M.remove30bp_gc_rl.tsv.gz
"(84,85]",841,FUM001.A0102.SG1.4_10M.remove30bp_gc_rl.tsv.gz
"(85,86]",457,FUM001.A0102.SG1.4_10M.remove30bp_gc_rl.tsv.gz
"(86,87]",440,FUM001.A0102.SG1.4_10M.remove30bp_gc_rl.tsv.gz
"(87,88]",388,FUM001.A0102.SG1.4_10M.remove30bp_gc_rl.tsv.gz
"(88,89]",215,FUM001.A0102.SG1.4_10M.remove30bp_gc_rl.tsv.gz
"(89,90]",163,FUM001.A0102.SG1.4_10M.remove30bp_gc_rl.tsv.gz
"(90,91]",159,FUM001.A0102.SG1.4_10M.remove30bp_gc_rl.tsv.gz
"(91,92]",98,FUM001.A0102.SG1.4_10M.remove30bp_gc_rl.tsv.gz
"(92,93]",86,FUM001.A0102.SG1.4_10M.remove30bp_gc_rl.tsv.gz
"(93,94]",155,FUM001.A0102.SG1.4_10M.remove30bp_gc_rl.tsv.gz
"(94,95]",143,FUM001.A0102.SG1.4_10M.remove30bp_gc_rl.tsv.gz
"(95,96]",126,FUM001.A0102.SG1.4_10M.remove30bp_gc_rl.tsv.gz
"(96,97]",136,FUM001.A0102.SG1.4_10M.remove30bp_gc_rl.tsv.gz
"(97,98]",286,FUM001.A0102.SG1.4_10M.remove30bp_gc_rl.tsv.gz
"(98,99]",487,FUM001.A0102.SG1.4_10M.remove30bp_gc_rl.tsv.gz
"(99,100]",11729,FUM001.A0102.SG1.4_10M.remove30bp_gc_rl.tsv.gz
"[0,1]",5,FUM002.A0101_10M.remove30bp_gc_rl.tsv.gz
"(1,2]",6,FUM002.A0101_10M.remove30bp_gc_rl.tsv.gz
"(2,3]",6,FUM002.A0101_10M.remove30bp_gc_rl.tsv.gz
"(3,4]",4,FUM002.A0101_10M.remove30bp_gc_rl.tsv.gz
"(4,5]",4,FUM002.A0101_10M.remove30bp_gc_rl.tsv.gz
"(5,6]",9,FUM002.A0101_10M.remove30bp_gc_rl.tsv.gz
"(6,7]",20,FUM002.A0101_10M.remove30bp_gc_rl.tsv.gz
"(7,8]",22,FUM002.A0101_10M.remove30bp_gc_rl.tsv.gz
"(8,9]",64,FUM002.A0101_10M.remove30bp_gc_rl.tsv.gz
"(9,10]",113,FUM002.A0101_10M.remove30bp_gc_rl.tsv.gz
"(10,11]",96,FUM002.A0101_10M.remove30bp_gc_rl.tsv.gz
"(11,12]",235,FUM002.A0101_10M.remove30bp_gc_rl.tsv.gz
"(12,13]",367,FUM002.A0101_10M.remove30bp_gc_rl.tsv.gz
"(13,14]",604,FUM002.A0101_10M.remove30bp_gc_rl.tsv.gz
"(14,15]",851,FUM002.A0101_10M.remove30bp_gc_rl.tsv.gz
"(15,16]",1222,FUM002.A0101_10M.remove30bp_gc_rl.tsv.gz
"(16,17]",1597,FUM002.A0101_10M.remove30bp_gc_rl.tsv.gz
"(17,18]",2351,FUM002.A0101_10M.remove30bp_gc_rl.tsv.gz
"(18,19]",2905,FUM002.A0101_10M.remove30bp_gc_rl.tsv.gz
"(19,20]",5052,FUM002.A0101_10M.remove30bp_gc_rl.tsv.gz
"(20,21]",3673,FUM002.A0101_10M.remove30bp_gc_rl.tsv.gz
"(21,22]",6977,FUM002.A0101_10M.remove30bp_gc_rl.tsv.gz
"(22,23]",7512,FUM002.A0101_10M.remove30bp_gc_rl.tsv.gz
"(23,24]",10247,FUM002.A0101_10M.remove30bp_gc_rl.tsv.gz
"(24,25]",14915,FUM002.A0101_10M.remove30bp_gc_rl.tsv.gz
"(25,26]",10838,FUM002.A0101_10M.remove30bp_gc_rl.tsv.gz
"(26,27]",16014,FUM002.A0101_10M.remove30bp_gc_rl.tsv.gz
"(27,28]",20162,FUM002.A0101_10M.remove30bp_gc_rl.tsv.gz
"(28,29]",22389,FUM002.A0101_10M.remove30bp_gc_rl.tsv.gz
"(29,30]",30194,FUM002.A0101_10M.remove30bp_gc_rl.tsv.gz
"(30,31]",26974,FUM002.A0101_10M.remove30bp_gc_rl.tsv.gz
"(31,32]",34066,FUM002.A0101_10M.remove30bp_gc_rl.tsv.gz
"(32,33]",36635,FUM002.A0101_10M.remove30bp_gc_rl.tsv.gz
"(33,34]",43046,FUM002.A0101_10M.remove30bp_gc_rl.tsv.gz
"(34,35]",52443,FUM002.A0101_10M.remove30bp_gc_rl.tsv.gz
"(35,36]",54023,FUM002.A0101_10M.remove30bp_gc_rl.tsv.gz
"(36,37]",62045,FUM002.A0101_10M.remove30bp_gc_rl.tsv.gz
"(37,38]",64649,FUM002.A0101_10M.remove30bp_gc_rl.tsv.gz
"(38,39]",73822,FUM002.A0101_10M.remove30bp_gc_rl.tsv.gz
"(39,40]",101150,FUM002.A0101_10M.remove30bp_gc_rl.tsv.gz
"(40,41]",65673,FUM002.A0101_10M.remove30bp_gc_rl.tsv.gz
"(41,42]",101269,FUM002.A0101_10M.remove30bp_gc_rl.tsv.gz
"(42,43]",100935,FUM002.A0101_10M.remove30bp_gc_rl.tsv.gz
"(43,44]",122268,FUM002.A0101_10M.remove30bp_gc_rl.tsv.gz
"(44,45]",120299,FUM002.A0101_10M.remove30bp_gc_rl.tsv.gz
"(45,46]",141094,FUM002.A0101_10M.remove30bp_gc_rl.tsv.gz
"(46,47]",139373,FUM002.A0101_10M.remove30bp_gc_rl.tsv.gz
"(47,48]",159658,FUM002.A0101_10M.remove30bp_gc_rl.tsv.gz
"(48,49]",190488,FUM002.A0101_10M.remove30bp_gc_rl.tsv.gz
"(49,50]",267169,FUM002.A0101_10M.remove30bp_gc_rl.tsv.gz
"(50,51]",60548,FUM002.A0101_10M.remove30bp_gc_rl.tsv.gz
"(51,52]",240786,FUM002.A0101_10M.remove30bp_gc_rl.tsv.gz
"(52,53]",214520,FUM002.A0101_10M.remove30bp_gc_rl.tsv.gz
"(53,54]",231410,FUM002.A0101_10M.remove30bp_gc_rl.tsv.gz
"(54,55]",267622,FUM002.A0101_10M.remove30bp_gc_rl.tsv.gz
"(55,56]",233973,FUM002.A0101_10M.remove30bp_gc_rl.tsv.gz
"(56,57]",267998,FUM002.A0101_10M.remove30bp_gc_rl.tsv.gz
"(57,58]",276182,FUM002.A0101_10M.remove30bp_gc_rl.tsv.gz
"(58,59]",287044,FUM002.A0101_10M.remove30bp_gc_rl.tsv.gz
"(59,60]",360775,FUM002.A0101_10M.remove30bp_gc_rl.tsv.gz
"(60,61]",234518,FUM002.A0101_10M.remove30bp_gc_rl.tsv.gz
"(61,62]",321805,FUM002.A0101_10M.remove30bp_gc_rl.tsv.gz
"(62,63]",293816,FUM002.A0101_10M.remove30bp_gc_rl.tsv.gz
"(63,64]",338504,FUM002.A0101_10M.remove30bp_gc_rl.tsv.gz
"(64,65]",327825,FUM002.A0101_10M.remove30bp_gc_rl.tsv.gz
"(65,66]",305972,FUM002.A0101_10M.remove30bp_gc_rl.tsv.gz
"(66,67]",286704,FUM002.A0101_10M.remove30bp_gc_rl.tsv.gz
"(67,68]",290414,FUM002.A0101_10M.remove30bp_gc_rl.tsv.gz
"(68,69]",255031,FUM002.A0101_10M.remove30bp_gc_rl.tsv.gz
"(69,70]",282880,FUM002.A0101_10M.remove30bp_gc_rl.tsv.gz
"(70,71]",200557,FUM002.A0101_10M.remove30bp_gc_rl.tsv.gz
"(71,72]",204555,FUM002.A0101_10M.remove30bp_gc_rl.tsv.gz
"(72,73]",167800,FUM002.A0101_10M.remove30bp_gc_rl.tsv.gz
"(73,74]",149314,FUM002.A0101_10M.remove30bp_gc_rl.tsv.gz
"(74,75]",151882,FUM002.A0101_10M.remove30bp_gc_rl.tsv.gz
"(75,76]",69069,FUM002.A0101_10M.remove30bp_gc_rl.tsv.gz
"(76,77]",79851,FUM002.A0101_10M.remove30bp_gc_rl.tsv.gz
"(77,78]",62170,FUM002.A0101_10M.remove30bp_gc_rl.tsv.gz
"(78,79]",49592,FUM002.A0101_10M.remove30bp_gc_rl.tsv.gz
"(79,80]",40557,FUM002.A0101_10M.remove30bp_gc_rl.tsv.gz
"(80,81]",19412,FUM002.A0101_10M.remove30bp_gc_rl.tsv.gz
"(81,82]",19531,FUM002.A0101_10M.remove30bp_gc_rl.tsv.gz
"(82,83]",12375,FUM002.A0101_10M.remove30bp_gc_rl.tsv.gz
"(83,84]",10477,FUM002.A0101_10M.remove30bp_gc_rl.tsv.gz
"(84,85]",6706,FUM002.A0101_10M.remove30bp_gc_rl.tsv.gz
"(85,86]",3497,FUM002.A0101_10M.remove30bp_gc_rl.tsv.gz
"(86,87]",3132,FUM002.A0101_10M.remove30bp_gc_rl.tsv.gz
"(87,88]",2545,FUM002.A0101_10M.remove30bp_gc_rl.tsv.gz
"(88,89]",1429,FUM002.A0101_10M.remove30bp_gc_rl.tsv.gz
"(89,90]",1129,FUM002.A0101_10M.remove30bp_gc_rl.tsv.gz
"(90,91]",962,FUM002.A0101_10M.remove30bp_gc_rl.tsv.gz
"(91,92]",698,FUM002.A0101_10M.remove30bp_gc_rl.tsv.gz
"(92,93]",511,FUM002.A0101_10M.remove30bp_gc_rl.tsv.gz
"(93,94]",757,FUM002.A0101_10M.remove30bp_gc_rl.tsv.gz
"(94,95]",662,FUM002.A0101_10M.remove30bp_gc_rl.tsv.gz
"(95,96]",565,FUM002.A0101_10M.remove30bp_gc_rl.tsv.gz
"(96,97]",667,FUM002.A0101_10M.remove30bp_gc_rl.tsv.gz
"(97,98]",696,FUM002.A0101_10M.remove30bp_gc_rl.tsv.gz
"(98,99]",826,FUM002.A0101_10M.remove30bp_gc_rl.tsv.gz
"(99,100]",2939,FUM002.A0101_10M.remove30bp_gc_rl.tsv.gz
"[0,1]",63,FUM002.A0102.SG1.5_10M.remove30bp_gc_rl.tsv.gz
"(1,2]",36,FUM002.A0102.SG1.5_10M.remove30bp_gc_rl.tsv.gz
"(2,3]",121,FUM002.A0102.SG1.5_10M.remove30bp_gc_rl.tsv.gz
"(3,4]",135,FUM002.A0102.SG1.5_10M.remove30bp_gc_rl.tsv.gz
"(4,5]",173,FUM002.A0102.SG1.5_10M.remove30bp_gc_rl.tsv.gz
"(5,6]",354,FUM002.A0102.SG1.5_10M.remove30bp_gc_rl.tsv.gz
"(6,7]",591,FUM002.A0102.SG1.5_10M.remove30bp_gc_rl.tsv.gz
"(7,8]",645,FUM002.A0102.SG1.5_10M.remove30bp_gc_rl.tsv.gz
"(8,9]",1033,FUM002.A0102.SG1.5_10M.remove30bp_gc_rl.tsv.gz
"(9,10]",1944,FUM002.A0102.SG1.5_10M.remove30bp_gc_rl.tsv.gz
"(10,11]",1427,FUM002.A0102.SG1.5_10M.remove30bp_gc_rl.tsv.gz
"(11,12]",2614,FUM002.A0102.SG1.5_10M.remove30bp_gc_rl.tsv.gz
"(12,13]",3586,FUM002.A0102.SG1.5_10M.remove30bp_gc_rl.tsv.gz
"(13,14]",4497,FUM002.A0102.SG1.5_10M.remove30bp_gc_rl.tsv.gz
"(14,15]",4979,FUM002.A0102.SG1.5_10M.remove30bp_gc_rl.tsv.gz
"(15,16]",6862,FUM002.A0102.SG1.5_10M.remove30bp_gc_rl.tsv.gz
"(16,17]",8265,FUM002.A0102.SG1.5_10M.remove30bp_gc_rl.tsv.gz
"(17,18]",10214,FUM002.A0102.SG1.5_10M.remove30bp_gc_rl.tsv.gz
"(18,19]",11951,FUM002.A0102.SG1.5_10M.remove30bp_gc_rl.tsv.gz
"(19,20]",19059,FUM002.A0102.SG1.5_10M.remove30bp_gc_rl.tsv.gz
"(20,21]",11270,FUM002.A0102.SG1.5_10M.remove30bp_gc_rl.tsv.gz
"(21,22]",21603,FUM002.A0102.SG1.5_10M.remove30bp_gc_rl.tsv.gz
"(22,23]",22105,FUM002.A0102.SG1.5_10M.remove30bp_gc_rl.tsv.gz
"(23,24]",27469,FUM002.A0102.SG1.5_10M.remove30bp_gc_rl.tsv.gz
"(24,25]",36544,FUM002.A0102.SG1.5_10M.remove30bp_gc_rl.tsv.gz
"(25,26]",25656,FUM002.A0102.SG1.5_10M.remove30bp_gc_rl.tsv.gz
"(26,27]",36115,FUM002.A0102.SG1.5_10M.remove30bp_gc_rl.tsv.gz
"(27,28]",40298,FUM002.A0102.SG1.5_10M.remove30bp_gc_rl.tsv.gz
"(28,29]",43606,FUM002.A0102.SG1.5_10M.remove30bp_gc_rl.tsv.gz
"(29,30]",58713,FUM002.A0102.SG1.5_10M.remove30bp_gc_rl.tsv.gz
"(30,31]",46099,FUM002.A0102.SG1.5_10M.remove30bp_gc_rl.tsv.gz
"(31,32]",56705,FUM002.A0102.SG1.5_10M.remove30bp_gc_rl.tsv.gz
"(32,33]",58820,FUM002.A0102.SG1.5_10M.remove30bp_gc_rl.tsv.gz
"(33,34]",66339,FUM002.A0102.SG1.5_10M.remove30bp_gc_rl.tsv.gz
"(34,35]",75280,FUM002.A0102.SG1.5_10M.remove30bp_gc_rl.tsv.gz
"(35,36]",75161,FUM002.A0102.SG1.5_10M.remove30bp_gc_rl.tsv.gz
"(36,37]",84347,FUM002.A0102.SG1.5_10M.remove30bp_gc_rl.tsv.gz
"(37,38]",81690,FUM002.A0102.SG1.5_10M.remove30bp_gc_rl.tsv.gz
"(38,39]",89709,FUM002.A0102.SG1.5_10M.remove30bp_gc_rl.tsv.gz
"(39,40]",119692,FUM002.A0102.SG1.5_10M.remove30bp_gc_rl.tsv.gz
"(40,41]",70967,FUM002.A0102.SG1.5_10M.remove30bp_gc_rl.tsv.gz
"(41,42]",109102,FUM002.A0102.SG1.5_10M.remove30bp_gc_rl.tsv.gz
"(42,43]",101417,FUM002.A0102.SG1.5_10M.remove30bp_gc_rl.tsv.gz
"(43,44]",122623,FUM002.A0102.SG1.5_10M.remove30bp_gc_rl.tsv.gz
"(44,45]",108321,FUM002.A0102.SG1.5_10M.remove30bp_gc_rl.tsv.gz
"(45,46]",130448,FUM002.A0102.SG1.5_10M.remove30bp_gc_rl.tsv.gz
"(46,47]",123757,FUM002.A0102.SG1.5_10M.remove30bp_gc_rl.tsv.gz
"(47,48]",129719,FUM002.A0102.SG1.5_10M.remove30bp_gc_rl.tsv.gz
"(48,49]",158579,FUM002.A0102.SG1.5_10M.remove30bp_gc_rl.tsv.gz
"(49,50]",211672,FUM002.A0102.SG1.5_10M.remove30bp_gc_rl.tsv.gz
"(50,51]",34712,FUM002.A0102.SG1.5_10M.remove30bp_gc_rl.tsv.gz
"(51,52]",178444,FUM002.A0102.SG1.5_10M.remove30bp_gc_rl.tsv.gz
"(52,53]",144152,FUM002.A0102.SG1.5_10M.remove30bp_gc_rl.tsv.gz
"(53,54]",155676,FUM002.A0102.SG1.5_10M.remove30bp_gc_rl.tsv.gz
"(54,55]",175824,FUM002.A0102.SG1.5_10M.remove30bp_gc_rl.tsv.gz
"(55,56]",135888,FUM002.A0102.SG1.5_10M.remove30bp_gc_rl.tsv.gz
"(56,57]",163731,FUM002.A0102.SG1.5_10M.remove30bp_gc_rl.tsv.gz
"(57,58]",152954,FUM002.A0102.SG1.5_10M.remove30bp_gc_rl.tsv.gz
"(58,59]",160233,FUM002.A0102.SG1.5_10M.remove30bp_gc_rl.tsv.gz
"(59,60]",197373,FUM002.A0102.SG1.5_10M.remove30bp_gc_rl.tsv.gz
"(60,61]",111289,FUM002.A0102.SG1.5_10M.remove30bp_gc_rl.tsv.gz
"(61,62]",158143,FUM002.A0102.SG1.5_10M.remove30bp_gc_rl.tsv.gz
"(62,63]",140169,FUM002.A0102.SG1.5_10M.remove30bp_gc_rl.tsv.gz
"(63,64]",161425,FUM002.A0102.SG1.5_10M.remove30bp_gc_rl.tsv.gz
"(64,65]",147844,FUM002.A0102.SG1.5_10M.remove30bp_gc_rl.tsv.gz
"(65,66]",135272,FUM002.A0102.SG1.5_10M.remove30bp_gc_rl.tsv.gz
"(66,67]",124215,FUM002.A0102.SG1.5_10M.remove30bp_gc_rl.tsv.gz
"(67,68]",119880,FUM002.A0102.SG1.5_10M.remove30bp_gc_rl.tsv.gz
"(68,69]",105668,FUM002.A0102.SG1.5_10M.remove30bp_gc_rl.tsv.gz
"(69,70]",118308,FUM002.A0102.SG1.5_10M.remove30bp_gc_rl.tsv.gz
"(70,71]",83200,FUM002.A0102.SG1.5_10M.remove30bp_gc_rl.tsv.gz
"(71,72]",82522,FUM002.A0102.SG1.5_10M.remove30bp_gc_rl.tsv.gz
"(72,73]",66194,FUM002.A0102.SG1.5_10M.remove30bp_gc_rl.tsv.gz
"(73,74]",61592,FUM002.A0102.SG1.5_10M.remove30bp_gc_rl.tsv.gz
"(74,75]",66738,FUM002.A0102.SG1.5_10M.remove30bp_gc_rl.tsv.gz
"(75,76]",26286,FUM002.A0102.SG1.5_10M.remove30bp_gc_rl.tsv.gz
"(76,77]",34713,FUM002.A0102.SG1.5_10M.remove30bp_gc_rl.tsv.gz
"(77,78]",26729,FUM002.A0102.SG1.5_10M.remove30bp_gc_rl.tsv.gz
"(78,79]",22362,FUM002.A0102.SG1.5_10M.remove30bp_gc_rl.tsv.gz
"(79,80]",18482,FUM002.A0102.SG1.5_10M.remove30bp_gc_rl.tsv.gz
"(80,81]",8455,FUM002.A0102.SG1.5_10M.remove30bp_gc_rl.tsv.gz
"(81,82]",9073,FUM002.A0102.SG1.5_10M.remove30bp_gc_rl.tsv.gz
"(82,83]",5414,FUM002.A0102.SG1.5_10M.remove30bp_gc_rl.tsv.gz
"(83,84]",5284,FUM002.A0102.SG1.5_10M.remove30bp_gc_rl.tsv.gz
"(84,85]",3125,FUM002.A0102.SG1.5_10M.remove30bp_gc_rl.tsv.gz
"(85,86]",1426,FUM002.A0102.SG1.5_10M.remove30bp_gc_rl.tsv.gz
"(86,87]",1414,FUM002.A0102.SG1.5_10M.remove30bp_gc_rl.tsv.gz
"(87,88]",1298,FUM002.A0102.SG1.5_10M.remove30bp_gc_rl.tsv.gz
"(88,89]",482,FUM002.A0102.SG1.5_10M.remove30bp_gc_rl.tsv.gz
"(89,90]",381,FUM002.A0102.SG1.5_10M.remove30bp_gc_rl.tsv.gz
"(90,91]",299,FUM002.A0102.SG1.5_10M.remove30bp_gc_rl.tsv.gz
"(91,92]",160,FUM002.A0102.SG1.5_10M.remove30bp_gc_rl.tsv.gz
"(92,93]",82,FUM002.A0102.SG1.5_10M.remove30bp_gc_rl.tsv.gz
"(93,94]",230,FUM002.A0102.SG1.5_10M.remove30bp_gc_rl.tsv.gz
"(94,95]",157,FUM002.A0102.SG1.5_10M.remove30bp_gc_rl.tsv.gz
"(95,96]",66,FUM002.A0102.SG1.5_10M.remove30bp_gc_rl.tsv.gz
"(96,97]",118,FUM002.A0102.SG1.5_10M.remove30bp_gc_rl.tsv.gz
"(97,98]",203,FUM002.A0102.SG1.5_10M.remove30bp_gc_rl.tsv.gz
"(98,99]",280,FUM002.A0102.SG1.5_10M.remove30bp_gc_rl.tsv.gz
"(99,100]",9493,FUM002.A0102.SG1.5_10M.remove30bp_gc_rl.tsv.gz
"[0,1]",39,FUM003.A0101_10M.remove30bp_gc_rl.tsv.gz
"(1,2]",29,FUM003.A0101_10M.remove30bp_gc_rl.tsv.gz
"(2,3]",28,FUM003.A0101_10M.remove30bp_gc_rl.tsv.gz
"(3,4]",15,FUM003.A0101_10M.remove30bp_gc_rl.tsv.gz
"(4,5]",20,FUM003.A0101_10M.remove30bp_gc_rl.tsv.gz
"(5,6]",46,FUM003.A0101_10M.remove30bp_gc_rl.tsv.gz
"(6,7]",70,FUM003.A0101_10M.remove30bp_gc_rl.tsv.gz
"(7,8]",49,FUM003.A0101_10M.remove30bp_gc_rl.tsv.gz
"(8,9]",79,FUM003.A0101_10M.remove30bp_gc_rl.tsv.gz
"(9,10]",185,FUM003.A0101_10M.remove30bp_gc_rl.tsv.gz
"(10,11]",125,FUM003.A0101_10M.remove30bp_gc_rl.tsv.gz
"(11,12]",278,FUM003.A0101_10M.remove30bp_gc_rl.tsv.gz
"(12,13]",357,FUM003.A0101_10M.remove30bp_gc_rl.tsv.gz
"(13,14]",553,FUM003.A0101_10M.remove30bp_gc_rl.tsv.gz
"(14,15]",712,FUM003.A0101_10M.remove30bp_gc_rl.tsv.gz
"(15,16]",971,FUM003.A0101_10M.remove30bp_gc_rl.tsv.gz
"(16,17]",1290,FUM003.A0101_10M.remove30bp_gc_rl.tsv.gz
"(17,18]",1892,FUM003.A0101_10M.remove30bp_gc_rl.tsv.gz
"(18,19]",2556,FUM003.A0101_10M.remove30bp_gc_rl.tsv.gz
"(19,20]",4192,FUM003.A0101_10M.remove30bp_gc_rl.tsv.gz
"(20,21]",2942,FUM003.A0101_10M.remove30bp_gc_rl.tsv.gz
"(21,22]",5823,FUM003.A0101_10M.remove30bp_gc_rl.tsv.gz
"(22,23]",7079,FUM003.A0101_10M.remove30bp_gc_rl.tsv.gz
"(23,24]",9585,FUM003.A0101_10M.remove30bp_gc_rl.tsv.gz
"(24,25]",14167,FUM003.A0101_10M.remove30bp_gc_rl.tsv.gz
"(25,26]",10224,FUM003.A0101_10M.remove30bp_gc_rl.tsv.gz
"(26,27]",15854,FUM003.A0101_10M.remove30bp_gc_rl.tsv.gz
"(27,28]",19706,FUM003.A0101_10M.remove30bp_gc_rl.tsv.gz
"(28,29]",21611,FUM003.A0101_10M.remove30bp_gc_rl.tsv.gz
"(29,30]",25127,FUM003.A0101_10M.remove30bp_gc_rl.tsv.gz
"(30,31]",26340,FUM003.A0101_10M.remove30bp_gc_rl.tsv.gz
"(31,32]",33082,FUM003.A0101_10M.remove30bp_gc_rl.tsv.gz
"(32,33]",34447,FUM003.A0101_10M.remove30bp_gc_rl.tsv.gz
"(33,34]",35556,FUM003.A0101_10M.remove30bp_gc_rl.tsv.gz
"(34,35]",46074,FUM003.A0101_10M.remove30bp_gc_rl.tsv.gz
"(35,36]",48730,FUM003.A0101_10M.remove30bp_gc_rl.tsv.gz
"(36,37]",52885,FUM003.A0101_10M.remove30bp_gc_rl.tsv.gz
"(37,38]",49922,FUM003.A0101_10M.remove30bp_gc_rl.tsv.gz
"(38,39]",60937,FUM003.A0101_10M.remove30bp_gc_rl.tsv.gz
"(39,40]",76733,FUM003.A0101_10M.remove30bp_gc_rl.tsv.gz
"(40,41]",53418,FUM003.A0101_10M.remove30bp_gc_rl.tsv.gz
"(41,42]",65540,FUM003.A0101_10M.remove30bp_gc_rl.tsv.gz
"(42,43]",71432,FUM003.A0101_10M.remove30bp_gc_rl.tsv.gz
"(43,44]",81638,FUM003.A0101_10M.remove30bp_gc_rl.tsv.gz
"(44,45]",78736,FUM003.A0101_10M.remove30bp_gc_rl.tsv.gz
"(45,46]",80080,FUM003.A0101_10M.remove30bp_gc_rl.tsv.gz
"(46,47]",91036,FUM003.A0101_10M.remove30bp_gc_rl.tsv.gz
"(47,48]",103624,FUM003.A0101_10M.remove30bp_gc_rl.tsv.gz
"(48,49]",117179,FUM003.A0101_10M.remove30bp_gc_rl.tsv.gz
"(49,50]",170642,FUM003.A0101_10M.remove30bp_gc_rl.tsv.gz
"(50,51]",54450,FUM003.A0101_10M.remove30bp_gc_rl.tsv.gz
"(51,52]",165956,FUM003.A0101_10M.remove30bp_gc_rl.tsv.gz
"(52,53]",162636,FUM003.A0101_10M.remove30bp_gc_rl.tsv.gz
"(53,54]",193527,FUM003.A0101_10M.remove30bp_gc_rl.tsv.gz
"(54,55]",197982,FUM003.A0101_10M.remove30bp_gc_rl.tsv.gz
"(55,56]",233652,FUM003.A0101_10M.remove30bp_gc_rl.tsv.gz
"(56,57]",268625,FUM003.A0101_10M.remove30bp_gc_rl.tsv.gz
"(57,58]",307154,FUM003.A0101_10M.remove30bp_gc_rl.tsv.gz
"(58,59]",286504,FUM003.A0101_10M.remove30bp_gc_rl.tsv.gz
"(59,60]",424726,FUM003.A0101_10M.remove30bp_gc_rl.tsv.gz
"(60,61]",333805,FUM003.A0101_10M.remove30bp_gc_rl.tsv.gz
"(61,62]",439640,FUM003.A0101_10M.remove30bp_gc_rl.tsv.gz
"(62,63]",366204,FUM003.A0101_10M.remove30bp_gc_rl.tsv.gz
"(63,64]",491133,FUM003.A0101_10M.remove30bp_gc_rl.tsv.gz
"(64,65]",478600,FUM003.A0101_10M.remove30bp_gc_rl.tsv.gz
"(65,66]",478096,FUM003.A0101_10M.remove30bp_gc_rl.tsv.gz
"(66,67]",379577,FUM003.A0101_10M.remove30bp_gc_rl.tsv.gz
"(67,68]",477882,FUM003.A0101_10M.remove30bp_gc_rl.tsv.gz
"(68,69]",415460,FUM003.A0101_10M.remove30bp_gc_rl.tsv.gz
"(69,70]",437192,FUM003.A0101_10M.remove30bp_gc_rl.tsv.gz
"(70,71]",278962,FUM003.A0101_10M.remove30bp_gc_rl.tsv.gz
"(71,72]",338057,FUM003.A0101_10M.remove30bp_gc_rl.tsv.gz
"(72,73]",268026,FUM003.A0101_10M.remove30bp_gc_rl.tsv.gz
"(73,74]",236091,FUM003.A0101_10M.remove30bp_gc_rl.tsv.gz
"(74,75]",216802,FUM003.A0101_10M.remove30bp_gc_rl.tsv.gz
"(75,76]",99032,FUM003.A0101_10M.remove30bp_gc_rl.tsv.gz
"(76,77]",113122,FUM003.A0101_10M.remove30bp_gc_rl.tsv.gz
"(77,78]",87889,FUM003.A0101_10M.remove30bp_gc_rl.tsv.gz
"(78,79]",63066,FUM003.A0101_10M.remove30bp_gc_rl.tsv.gz
"(79,80]",49099,FUM003.A0101_10M.remove30bp_gc_rl.tsv.gz
"(80,81]",25142,FUM003.A0101_10M.remove30bp_gc_rl.tsv.gz
"(81,82]",24120,FUM003.A0101_10M.remove30bp_gc_rl.tsv.gz
"(82,83]",15336,FUM003.A0101_10M.remove30bp_gc_rl.tsv.gz
"(83,84]",12170,FUM003.A0101_10M.remove30bp_gc_rl.tsv.gz
"(84,85]",8491,FUM003.A0101_10M.remove30bp_gc_rl.tsv.gz
"(85,86]",4845,FUM003.A0101_10M.remove30bp_gc_rl.tsv.gz
"(86,87]",4012,FUM003.A0101_10M.remove30bp_gc_rl.tsv.gz
"(87,88]",3293,FUM003.A0101_10M.remove30bp_gc_rl.tsv.gz
"(88,89]",1963,FUM003.A0101_10M.remove30bp_gc_rl.tsv.gz
"(89,90]",1741,FUM003.A0101_10M.remove30bp_gc_rl.tsv.gz
"(90,91]",1333,FUM003.A0101_10M.remove30bp_gc_rl.tsv.gz
"(91,92]",1104,FUM003.A0101_10M.remove30bp_gc_rl.tsv.gz
"(92,93]",786,FUM003.A0101_10M.remove30bp_gc_rl.tsv.gz
"(93,94]",1135,FUM003.A0101_10M.remove30bp_gc_rl.tsv.gz
"(94,95]",1108,FUM003.A0101_10M.remove30bp_gc_rl.tsv.gz
"(95,96]",890,FUM003.A0101_10M.remove30bp_gc_rl.tsv.gz
"(96,97]",993,FUM003.A0101_10M.remove30bp_gc_rl.tsv.gz
"(97,98]",1058,FUM003.A0101_10M.remove30bp_gc_rl.tsv.gz
"(98,99]",1369,FUM003.A0101_10M.remove30bp_gc_rl.tsv.gz
"(99,100]",4386,FUM003.A0101_10M.remove30bp_gc_rl.tsv.gz
"[0,1]",101,FUM003.A0102.SG1.4_10M.remove30bp_gc_rl.tsv.gz
"(1,2]",47,FUM003.A0102.SG1.4_10M.remove30bp_gc_rl.tsv.gz
"(2,3]",122,FUM003.A0102.SG1.4_10M.remove30bp_gc_rl.tsv.gz
"(3,4]",184,FUM003.A0102.SG1.4_10M.remove30bp_gc_rl.tsv.gz
"(4,5]",146,FUM003.A0102.SG1.4_10M.remove30bp_gc_rl.tsv.gz
"(5,6]",340,FUM003.A0102.SG1.4_10M.remove30bp_gc_rl.tsv.gz
"(6,7]",601,FUM003.A0102.SG1.4_10M.remove30bp_gc_rl.tsv.gz
"(7,8]",387,FUM003.A0102.SG1.4_10M.remove30bp_gc_rl.tsv.gz
"(8,9]",677,FUM003.A0102.SG1.4_10M.remove30bp_gc_rl.tsv.gz
"(9,10]",1442,FUM003.A0102.SG1.4_10M.remove30bp_gc_rl.tsv.gz
"(10,11]",860,FUM003.A0102.SG1.4_10M.remove30bp_gc_rl.tsv.gz
"(11,12]",1534,FUM003.A0102.SG1.4_10M.remove30bp_gc_rl.tsv.gz
"(12,13]",2264,FUM003.A0102.SG1.4_10M.remove30bp_gc_rl.tsv.gz
"(13,14]",2594,FUM003.A0102.SG1.4_10M.remove30bp_gc_rl.tsv.gz
"(14,15]",2681,FUM003.A0102.SG1.4_10M.remove30bp_gc_rl.tsv.gz
"(15,16]",3508,FUM003.A0102.SG1.4_10M.remove30bp_gc_rl.tsv.gz
"(16,17]",4387,FUM003.A0102.SG1.4_10M.remove30bp_gc_rl.tsv.gz
"(17,18]",4905,FUM003.A0102.SG1.4_10M.remove30bp_gc_rl.tsv.gz
"(18,19]",6024,FUM003.A0102.SG1.4_10M.remove30bp_gc_rl.tsv.gz
"(19,20]",9715,FUM003.A0102.SG1.4_10M.remove30bp_gc_rl.tsv.gz
"(20,21]",4933,FUM003.A0102.SG1.4_10M.remove30bp_gc_rl.tsv.gz
"(21,22]",10497,FUM003.A0102.SG1.4_10M.remove30bp_gc_rl.tsv.gz
"(22,23]",10897,FUM003.A0102.SG1.4_10M.remove30bp_gc_rl.tsv.gz
"(23,24]",13394,FUM003.A0102.SG1.4_10M.remove30bp_gc_rl.tsv.gz
"(24,25]",17296,FUM003.A0102.SG1.4_10M.remove30bp_gc_rl.tsv.gz
"(25,26]",11997,FUM003.A0102.SG1.4_10M.remove30bp_gc_rl.tsv.gz
"(26,27]",17664,FUM003.A0102.SG1.4_10M.remove30bp_gc_rl.tsv.gz
"(27,28]",19342,FUM003.A0102.SG1.4_10M.remove30bp_gc_rl.tsv.gz
"(28,29]",20342,FUM003.A0102.SG1.4_10M.remove30bp_gc_rl.tsv.gz
"(29,30]",25738,FUM003.A0102.SG1.4_10M.remove30bp_gc_rl.tsv.gz
"(30,31]",21285,FUM003.A0102.SG1.4_10M.remove30bp_gc_rl.tsv.gz
"(31,32]",26349,FUM003.A0102.SG1.4_10M.remove30bp_gc_rl.tsv.gz
"(32,33]",26892,FUM003.A0102.SG1.4_10M.remove30bp_gc_rl.tsv.gz
"(33,34]",27990,FUM003.A0102.SG1.4_10M.remove30bp_gc_rl.tsv.gz
"(34,35]",32685,FUM003.A0102.SG1.4_10M.remove30bp_gc_rl.tsv.gz
"(35,36]",33061,FUM003.A0102.SG1.4_10M.remove30bp_gc_rl.tsv.gz
"(36,37]",36525,FUM003.A0102.SG1.4_10M.remove30bp_gc_rl.tsv.gz
"(37,38]",32143,FUM003.A0102.SG1.4_10M.remove30bp_gc_rl.tsv.gz
"(38,39]",37667,FUM003.A0102.SG1.4_10M.remove30bp_gc_rl.tsv.gz
"(39,40]",48494,FUM003.A0102.SG1.4_10M.remove30bp_gc_rl.tsv.gz
"(40,41]",29049,FUM003.A0102.SG1.4_10M.remove30bp_gc_rl.tsv.gz
"(41,42]",40791,FUM003.A0102.SG1.4_10M.remove30bp_gc_rl.tsv.gz
"(42,43]",38659,FUM003.A0102.SG1.4_10M.remove30bp_gc_rl.tsv.gz
"(43,44]",47359,FUM003.A0102.SG1.4_10M.remove30bp_gc_rl.tsv.gz
"(44,45]",41137,FUM003.A0102.SG1.4_10M.remove30bp_gc_rl.tsv.gz
"(45,46]",48871,FUM003.A0102.SG1.4_10M.remove30bp_gc_rl.tsv.gz
"(46,47]",50128,FUM003.A0102.SG1.4_10M.remove30bp_gc_rl.tsv.gz
"(47,48]",51690,FUM003.A0102.SG1.4_10M.remove30bp_gc_rl.tsv.gz
"(48,49]",66931,FUM003.A0102.SG1.4_10M.remove30bp_gc_rl.tsv.gz
"(49,50]",97210,FUM003.A0102.SG1.4_10M.remove30bp_gc_rl.tsv.gz
"(50,51]",19448,FUM003.A0102.SG1.4_10M.remove30bp_gc_rl.tsv.gz
"(51,52]",91695,FUM003.A0102.SG1.4_10M.remove30bp_gc_rl.tsv.gz
"(52,53]",82107,FUM003.A0102.SG1.4_10M.remove30bp_gc_rl.tsv.gz
"(53,54]",94130,FUM003.A0102.SG1.4_10M.remove30bp_gc_rl.tsv.gz
"(54,55]",106282,FUM003.A0102.SG1.4_10M.remove30bp_gc_rl.tsv.gz
"(55,56]",94297,FUM003.A0102.SG1.4_10M.remove30bp_gc_rl.tsv.gz
"(56,57]",120136,FUM003.A0102.SG1.4_10M.remove30bp_gc_rl.tsv.gz
"(57,58]",123002,FUM003.A0102.SG1.4_10M.remove30bp_gc_rl.tsv.gz
"(58,59]",130445,FUM003.A0102.SG1.4_10M.remove30bp_gc_rl.tsv.gz
"(59,60]",176549,FUM003.A0102.SG1.4_10M.remove30bp_gc_rl.tsv.gz
"(60,61]",114787,FUM003.A0102.SG1.4_10M.remove30bp_gc_rl.tsv.gz
"(61,62]",161898,FUM003.A0102.SG1.4_10M.remove30bp_gc_rl.tsv.gz
"(62,63]",144626,FUM003.A0102.SG1.4_10M.remove30bp_gc_rl.tsv.gz
"(63,64]",176779,FUM003.A0102.SG1.4_10M.remove30bp_gc_rl.tsv.gz
"(64,65]",168419,FUM003.A0102.SG1.4_10M.remove30bp_gc_rl.tsv.gz
"(65,66]",157540,FUM003.A0102.SG1.4_10M.remove30bp_gc_rl.tsv.gz
"(66,67]",146376,FUM003.A0102.SG1.4_10M.remove30bp_gc_rl.tsv.gz
"(67,68]",148138,FUM003.A0102.SG1.4_10M.remove30bp_gc_rl.tsv.gz
"(68,69]",130807,FUM003.A0102.SG1.4_10M.remove30bp_gc_rl.tsv.gz
"(69,70]",145141,FUM003.A0102.SG1.4_10M.remove30bp_gc_rl.tsv.gz
"(70,71]",100791,FUM003.A0102.SG1.4_10M.remove30bp_gc_rl.tsv.gz
"(71,72]",101774,FUM003.A0102.SG1.4_10M.remove30bp_gc_rl.tsv.gz
"(72,73]",82151,FUM003.A0102.SG1.4_10M.remove30bp_gc_rl.tsv.gz
"(73,74]",75179,FUM003.A0102.SG1.4_10M.remove30bp_gc_rl.tsv.gz
"(74,75]",79956,FUM003.A0102.SG1.4_10M.remove30bp_gc_rl.tsv.gz
"(75,76]",33956,FUM003.A0102.SG1.4_10M.remove30bp_gc_rl.tsv.gz
"(76,77]",42776,FUM003.A0102.SG1.4_10M.remove30bp_gc_rl.tsv.gz
"(77,78]",33873,FUM003.A0102.SG1.4_10M.remove30bp_gc_rl.tsv.gz
"(78,79]",28397,FUM003.A0102.SG1.4_10M.remove30bp_gc_rl.tsv.gz
"(79,80]",24299,FUM003.A0102.SG1.4_10M.remove30bp_gc_rl.tsv.gz
"(80,81]",11553,FUM003.A0102.SG1.4_10M.remove30bp_gc_rl.tsv.gz
"(81,82]",12163,FUM003.A0102.SG1.4_10M.remove30bp_gc_rl.tsv.gz
"(82,83]",7645,FUM003.A0102.SG1.4_10M.remove30bp_gc_rl.tsv.gz
"(83,84]",7459,FUM003.A0102.SG1.4_10M.remove30bp_gc_rl.tsv.gz
"(84,85]",4651,FUM003.A0102.SG1.4_10M.remove30bp_gc_rl.tsv.gz
"(85,86]",2178,FUM003.A0102.SG1.4_10M.remove30bp_gc_rl.tsv.gz
"(86,87]",2251,FUM003.A0102.SG1.4_10M.remove30bp_gc_rl.tsv.gz
"(87,88]",1890,FUM003.A0102.SG1.4_10M.remove30bp_gc_rl.tsv.gz
"(88,89]",794,FUM003.A0102.SG1.4_10M.remove30bp_gc_rl.tsv.gz
"(89,90]",593,FUM003.A0102.SG1.4_10M.remove30bp_gc_rl.tsv.gz
"(90,91]",553,FUM003.A0102.SG1.4_10M.remove30bp_gc_rl.tsv.gz
"(91,92]",267,FUM003.A0102.SG1.4_10M.remove30bp_gc_rl.tsv.gz
"(92,93]",137,FUM003.A0102.SG1.4_10M.remove30bp_gc_rl.tsv.gz
"(93,94]",269,FUM003.A0102.SG1.4_10M.remove30bp_gc_rl.tsv.gz
"(94,95]",194,FUM003.A0102.SG1.4_10M.remove30bp_gc_rl.tsv.gz
"(95,96]",96,FUM003.A0102.SG1.4_10M.remove30bp_gc_rl.tsv.gz
"(96,97]",132,FUM003.A0102.SG1.4_10M.remove30bp_gc_rl.tsv.gz
"(97,98]",209,FUM003.A0102.SG1.4_10M.remove30bp_gc_rl.tsv.gz
"(98,99]",252,FUM003.A0102.SG1.4_10M.remove30bp_gc_rl.tsv.gz
"(99,100]",12576,FUM003.A0102.SG1.4_10M.remove30bp_gc_rl.tsv.gz
"[0,1]",35,GDN001.A0101_10M.remove30bp_gc_rl.tsv.gz
"(1,2]",23,GDN001.A0101_10M.remove30bp_gc_rl.tsv.gz
"(2,3]",31,GDN001.A0101_10M.remove30bp_gc_rl.tsv.gz
"(3,4]",38,GDN001.A0101_10M.remove30bp_gc_rl.tsv.gz
"(4,5]",58,GDN001.A0101_10M.remove30bp_gc_rl.tsv.gz
"(5,6]",160,GDN001.A0101_10M.remove30bp_gc_rl.tsv.gz
"(6,7]",287,GDN001.A0101_10M.remove30bp_gc_rl.tsv.gz
"(7,8]",388,GDN001.A0101_10M.remove30bp_gc_rl.tsv.gz
"(8,9]",668,GDN001.A0101_10M.remove30bp_gc_rl.tsv.gz
"(9,10]",1467,GDN001.A0101_10M.remove30bp_gc_rl.tsv.gz
"(10,11]",1337,GDN001.A0101_10M.remove30bp_gc_rl.tsv.gz
"(11,12]",2791,GDN001.A0101_10M.remove30bp_gc_rl.tsv.gz
"(12,13]",3943,GDN001.A0101_10M.remove30bp_gc_rl.tsv.gz
"(13,14]",5708,GDN001.A0101_10M.remove30bp_gc_rl.tsv.gz
"(14,15]",7581,GDN001.A0101_10M.remove30bp_gc_rl.tsv.gz
"(15,16]",10682,GDN001.A0101_10M.remove30bp_gc_rl.tsv.gz
"(16,17]",14431,GDN001.A0101_10M.remove30bp_gc_rl.tsv.gz
"(17,18]",20838,GDN001.A0101_10M.remove30bp_gc_rl.tsv.gz
"(18,19]",26763,GDN001.A0101_10M.remove30bp_gc_rl.tsv.gz
"(19,20]",42397,GDN001.A0101_10M.remove30bp_gc_rl.tsv.gz
"(20,21]",34912,GDN001.A0101_10M.remove30bp_gc_rl.tsv.gz
"(21,22]",55669,GDN001.A0101_10M.remove30bp_gc_rl.tsv.gz
"(22,23]",63027,GDN001.A0101_10M.remove30bp_gc_rl.tsv.gz
"(23,24]",73182,GDN001.A0101_10M.remove30bp_gc_rl.tsv.gz
"(24,25]",89822,GDN001.A0101_10M.remove30bp_gc_rl.tsv.gz
"(25,26]",66809,GDN001.A0101_10M.remove30bp_gc_rl.tsv.gz
"(26,27]",86421,GDN001.A0101_10M.remove30bp_gc_rl.tsv.gz
"(27,28]",89190,GDN001.A0101_10M.remove30bp_gc_rl.tsv.gz
"(28,29]",84550,GDN001.A0101_10M.remove30bp_gc_rl.tsv.gz
"(29,30]",88163,GDN001.A0101_10M.remove30bp_gc_rl.tsv.gz
"(30,31]",76276,GDN001.A0101_10M.remove30bp_gc_rl.tsv.gz
"(31,32]",77425,GDN001.A0101_10M.remove30bp_gc_rl.tsv.gz
"(32,33]",70957,GDN001.A0101_10M.remove30bp_gc_rl.tsv.gz
"(33,34]",62776,GDN001.A0101_10M.remove30bp_gc_rl.tsv.gz
"(34,35]",63107,GDN001.A0101_10M.remove30bp_gc_rl.tsv.gz
"(35,36]",56362,GDN001.A0101_10M.remove30bp_gc_rl.tsv.gz
"(36,37]",53624,GDN001.A0101_10M.remove30bp_gc_rl.tsv.gz
"(37,38]",48510,GDN001.A0101_10M.remove30bp_gc_rl.tsv.gz
"(38,39]",49459,GDN001.A0101_10M.remove30bp_gc_rl.tsv.gz
"(39,40]",58498,GDN001.A0101_10M.remove30bp_gc_rl.tsv.gz
"(40,41]",39245,GDN001.A0101_10M.remove30bp_gc_rl.tsv.gz
"(41,42]",49075,GDN001.A0101_10M.remove30bp_gc_rl.tsv.gz
"(42,43]",49119,GDN001.A0101_10M.remove30bp_gc_rl.tsv.gz
"(43,44]",57087,GDN001.A0101_10M.remove30bp_gc_rl.tsv.gz
"(44,45]",56760,GDN001.A0101_10M.remove30bp_gc_rl.tsv.gz
"(45,46]",63037,GDN001.A0101_10M.remove30bp_gc_rl.tsv.gz
"(46,47]",63506,GDN001.A0101_10M.remove30bp_gc_rl.tsv.gz
"(47,48]",70418,GDN001.A0101_10M.remove30bp_gc_rl.tsv.gz
"(48,49]",72760,GDN001.A0101_10M.remove30bp_gc_rl.tsv.gz
"(49,50]",107269,GDN001.A0101_10M.remove30bp_gc_rl.tsv.gz
"(50,51]",39400,GDN001.A0101_10M.remove30bp_gc_rl.tsv.gz
"(51,52]",92738,GDN001.A0101_10M.remove30bp_gc_rl.tsv.gz
"(52,53]",90494,GDN001.A0101_10M.remove30bp_gc_rl.tsv.gz
"(53,54]",103401,GDN001.A0101_10M.remove30bp_gc_rl.tsv.gz
"(54,55]",112741,GDN001.A0101_10M.remove30bp_gc_rl.tsv.gz
"(55,56]",120284,GDN001.A0101_10M.remove30bp_gc_rl.tsv.gz
"(56,57]",135387,GDN001.A0101_10M.remove30bp_gc_rl.tsv.gz
"(57,58]",152244,GDN001.A0101_10M.remove30bp_gc_rl.tsv.gz
"(58,59]",160066,GDN001.A0101_10M.remove30bp_gc_rl.tsv.gz
"(59,60]",221494,GDN001.A0101_10M.remove30bp_gc_rl.tsv.gz
"(60,61]",171044,GDN001.A0101_10M.remove30bp_gc_rl.tsv.gz
"(61,62]",233640,GDN001.A0101_10M.remove30bp_gc_rl.tsv.gz
"(62,63]",234325,GDN001.A0101_10M.remove30bp_gc_rl.tsv.gz
"(63,64]",285564,GDN001.A0101_10M.remove30bp_gc_rl.tsv.gz
"(64,65]",296062,GDN001.A0101_10M.remove30bp_gc_rl.tsv.gz
"(65,66]",307566,GDN001.A0101_10M.remove30bp_gc_rl.tsv.gz
"(66,67]",303440,GDN001.A0101_10M.remove30bp_gc_rl.tsv.gz
"(67,68]",359489,GDN001.A0101_10M.remove30bp_gc_rl.tsv.gz
"(68,69]",332908,GDN001.A0101_10M.remove30bp_gc_rl.tsv.gz
"(69,70]",380128,GDN001.A0101_10M.remove30bp_gc_rl.tsv.gz
"(70,71]",300671,GDN001.A0101_10M.remove30bp_gc_rl.tsv.gz
"(71,72]",332907,GDN001.A0101_10M.remove30bp_gc_rl.tsv.gz
"(72,73]",293661,GDN001.A0101_10M.remove30bp_gc_rl.tsv.gz
"(73,74]",280338,GDN001.A0101_10M.remove30bp_gc_rl.tsv.gz
"(74,75]",291473,GDN001.A0101_10M.remove30bp_gc_rl.tsv.gz
"(75,76]",161608,GDN001.A0101_10M.remove30bp_gc_rl.tsv.gz
"(76,77]",176152,GDN001.A0101_10M.remove30bp_gc_rl.tsv.gz
"(77,78]",153804,GDN001.A0101_10M.remove30bp_gc_rl.tsv.gz
"(78,79]",121646,GDN001.A0101_10M.remove30bp_gc_rl.tsv.gz
"(79,80]",113569,GDN001.A0101_10M.remove30bp_gc_rl.tsv.gz
"(80,81]",58755,GDN001.A0101_10M.remove30bp_gc_rl.tsv.gz
"(81,82]",59554,GDN001.A0101_10M.remove30bp_gc_rl.tsv.gz
"(82,83]",42791,GDN001.A0101_10M.remove30bp_gc_rl.tsv.gz
"(83,84]",32547,GDN001.A0101_10M.remove30bp_gc_rl.tsv.gz
"(84,85]",23615,GDN001.A0101_10M.remove30bp_gc_rl.tsv.gz
"(85,86]",15071,GDN001.A0101_10M.remove30bp_gc_rl.tsv.gz
"(86,87]",11953,GDN001.A0101_10M.remove30bp_gc_rl.tsv.gz
"(87,88]",8862,GDN001.A0101_10M.remove30bp_gc_rl.tsv.gz
"(88,89]",5604,GDN001.A0101_10M.remove30bp_gc_rl.tsv.gz
"(89,90]",4380,GDN001.A0101_10M.remove30bp_gc_rl.tsv.gz
"(90,91]",3052,GDN001.A0101_10M.remove30bp_gc_rl.tsv.gz
"(91,92]",2326,GDN001.A0101_10M.remove30bp_gc_rl.tsv.gz
"(92,93]",1550,GDN001.A0101_10M.remove30bp_gc_rl.tsv.gz
"(93,94]",1943,GDN001.A0101_10M.remove30bp_gc_rl.tsv.gz
"(94,95]",1673,GDN001.A0101_10M.remove30bp_gc_rl.tsv.gz
"(95,96]",1436,GDN001.A0101_10M.remove30bp_gc_rl.tsv.gz
"(96,97]",1720,GDN001.A0101_10M.remove30bp_gc_rl.tsv.gz
"(97,98]",1882,GDN001.A0101_10M.remove30bp_gc_rl.tsv.gz
"(98,99]",2389,GDN001.A0101_10M.remove30bp_gc_rl.tsv.gz
"(99,100]",6670,GDN001.A0101_10M.remove30bp_gc_rl.tsv.gz
"[0,1]",569,GDN001.A0102.SG1.3_10M.remove30bp_gc_rl.tsv.gz
"(1,2]",243,GDN001.A0102.SG1.3_10M.remove30bp_gc_rl.tsv.gz
"(2,3]",1801,GDN001.A0102.SG1.3_10M.remove30bp_gc_rl.tsv.gz
"(3,4]",1949,GDN001.A0102.SG1.3_10M.remove30bp_gc_rl.tsv.gz
"(4,5]",2686,GDN001.A0102.SG1.3_10M.remove30bp_gc_rl.tsv.gz
"(5,6]",4943,GDN001.A0102.SG1.3_10M.remove30bp_gc_rl.tsv.gz
"(6,7]",7441,GDN001.A0102.SG1.3_10M.remove30bp_gc_rl.tsv.gz
"(7,8]",7616,GDN001.A0102.SG1.3_10M.remove30bp_gc_rl.tsv.gz
"(8,9]",10906,GDN001.A0102.SG1.3_10M.remove30bp_gc_rl.tsv.gz
"(9,10]",19111,GDN001.A0102.SG1.3_10M.remove30bp_gc_rl.tsv.gz
"(10,11]",14329,GDN001.A0102.SG1.3_10M.remove30bp_gc_rl.tsv.gz
"(11,12]",22113,GDN001.A0102.SG1.3_10M.remove30bp_gc_rl.tsv.gz
"(12,13]",28229,GDN001.A0102.SG1.3_10M.remove30bp_gc_rl.tsv.gz
"(13,14]",33619,GDN001.A0102.SG1.3_10M.remove30bp_gc_rl.tsv.gz
"(14,15]",35762,GDN001.A0102.SG1.3_10M.remove30bp_gc_rl.tsv.gz
"(15,16]",43788,GDN001.A0102.SG1.3_10M.remove30bp_gc_rl.tsv.gz
"(16,17]",51465,GDN001.A0102.SG1.3_10M.remove30bp_gc_rl.tsv.gz
"(17,18]",58358,GDN001.A0102.SG1.3_10M.remove30bp_gc_rl.tsv.gz
"(18,19]",65180,GDN001.A0102.SG1.3_10M.remove30bp_gc_rl.tsv.gz
"(19,20]",91159,GDN001.A0102.SG1.3_10M.remove30bp_gc_rl.tsv.gz
"(20,21]",58950,GDN001.A0102.SG1.3_10M.remove30bp_gc_rl.tsv.gz
"(21,22]",88761,GDN001.A0102.SG1.3_10M.remove30bp_gc_rl.tsv.gz
"(22,23]",85994,GDN001.A0102.SG1.3_10M.remove30bp_gc_rl.tsv.gz
"(23,24]",93764,GDN001.A0102.SG1.3_10M.remove30bp_gc_rl.tsv.gz
"(24,25]",107193,GDN001.A0102.SG1.3_10M.remove30bp_gc_rl.tsv.gz
"(25,26]",69154,GDN001.A0102.SG1.3_10M.remove30bp_gc_rl.tsv.gz
"(26,27]",84511,GDN001.A0102.SG1.3_10M.remove30bp_gc_rl.tsv.gz
"(27,28]",82869,GDN001.A0102.SG1.3_10M.remove30bp_gc_rl.tsv.gz
"(28,29]",76111,GDN001.A0102.SG1.3_10M.remove30bp_gc_rl.tsv.gz
"(29,30]",85841,GDN001.A0102.SG1.3_10M.remove30bp_gc_rl.tsv.gz
"(30,31]",59983,GDN001.A0102.SG1.3_10M.remove30bp_gc_rl.tsv.gz
"(31,32]",62888,GDN001.A0102.SG1.3_10M.remove30bp_gc_rl.tsv.gz
"(32,33]",56150,GDN001.A0102.SG1.3_10M.remove30bp_gc_rl.tsv.gz
"(33,34]",54203,GDN001.A0102.SG1.3_10M.remove30bp_gc_rl.tsv.gz
"(34,35]",51143,GDN001.A0102.SG1.3_10M.remove30bp_gc_rl.tsv.gz
"(35,36]",45642,GDN001.A0102.SG1.3_10M.remove30bp_gc_rl.tsv.gz
"(36,37]",44642,GDN001.A0102.SG1.3_10M.remove30bp_gc_rl.tsv.gz
"(37,38]",38606,GDN001.A0102.SG1.3_10M.remove30bp_gc_rl.tsv.gz
"(38,39]",37612,GDN001.A0102.SG1.3_10M.remove30bp_gc_rl.tsv.gz
"(39,40]",45764,GDN001.A0102.SG1.3_10M.remove30bp_gc_rl.tsv.gz
"(40,41]",25091,GDN001.A0102.SG1.3_10M.remove30bp_gc_rl.tsv.gz
"(41,42]",36554,GDN001.A0102.SG1.3_10M.remove30bp_gc_rl.tsv.gz
"(42,43]",32004,GDN001.A0102.SG1.3_10M.remove30bp_gc_rl.tsv.gz
"(43,44]",37414,GDN001.A0102.SG1.3_10M.remove30bp_gc_rl.tsv.gz
"(44,45]",30695,GDN001.A0102.SG1.3_10M.remove30bp_gc_rl.tsv.gz
"(45,46]",35905,GDN001.A0102.SG1.3_10M.remove30bp_gc_rl.tsv.gz
"(46,47]",33575,GDN001.A0102.SG1.3_10M.remove30bp_gc_rl.tsv.gz
"(47,48]",34051,GDN001.A0102.SG1.3_10M.remove30bp_gc_rl.tsv.gz
"(48,49]",41801,GDN001.A0102.SG1.3_10M.remove30bp_gc_rl.tsv.gz
"(49,50]",70451,GDN001.A0102.SG1.3_10M.remove30bp_gc_rl.tsv.gz
"(50,51]",11184,GDN001.A0102.SG1.3_10M.remove30bp_gc_rl.tsv.gz
"(51,52]",51664,GDN001.A0102.SG1.3_10M.remove30bp_gc_rl.tsv.gz
"(52,53]",52132,GDN001.A0102.SG1.3_10M.remove30bp_gc_rl.tsv.gz
"(53,54]",46368,GDN001.A0102.SG1.3_10M.remove30bp_gc_rl.tsv.gz
"(54,55]",44883,GDN001.A0102.SG1.3_10M.remove30bp_gc_rl.tsv.gz
"(55,56]",34698,GDN001.A0102.SG1.3_10M.remove30bp_gc_rl.tsv.gz
"(56,57]",41283,GDN001.A0102.SG1.3_10M.remove30bp_gc_rl.tsv.gz
"(57,58]",40159,GDN001.A0102.SG1.3_10M.remove30bp_gc_rl.tsv.gz
"(58,59]",42286,GDN001.A0102.SG1.3_10M.remove30bp_gc_rl.tsv.gz
"(59,60]",54190,GDN001.A0102.SG1.3_10M.remove30bp_gc_rl.tsv.gz
"(60,61]",32948,GDN001.A0102.SG1.3_10M.remove30bp_gc_rl.tsv.gz
"(61,62]",46633,GDN001.A0102.SG1.3_10M.remove30bp_gc_rl.tsv.gz
"(62,63]",43177,GDN001.A0102.SG1.3_10M.remove30bp_gc_rl.tsv.gz
"(63,64]",51371,GDN001.A0102.SG1.3_10M.remove30bp_gc_rl.tsv.gz
"(64,65]",49494,GDN001.A0102.SG1.3_10M.remove30bp_gc_rl.tsv.gz
"(65,66]",47795,GDN001.A0102.SG1.3_10M.remove30bp_gc_rl.tsv.gz
"(66,67]",45554,GDN001.A0102.SG1.3_10M.remove30bp_gc_rl.tsv.gz
"(67,68]",47675,GDN001.A0102.SG1.3_10M.remove30bp_gc_rl.tsv.gz
"(68,69]",43551,GDN001.A0102.SG1.3_10M.remove30bp_gc_rl.tsv.gz
"(69,70]",49660,GDN001.A0102.SG1.3_10M.remove30bp_gc_rl.tsv.gz
"(70,71]",37146,GDN001.A0102.SG1.3_10M.remove30bp_gc_rl.tsv.gz
"(71,72]",39470,GDN001.A0102.SG1.3_10M.remove30bp_gc_rl.tsv.gz
"(72,73]",33906,GDN001.A0102.SG1.3_10M.remove30bp_gc_rl.tsv.gz
"(73,74]",32185,GDN001.A0102.SG1.3_10M.remove30bp_gc_rl.tsv.gz
"(74,75]",35221,GDN001.A0102.SG1.3_10M.remove30bp_gc_rl.tsv.gz
"(75,76]",16555,GDN001.A0102.SG1.3_10M.remove30bp_gc_rl.tsv.gz
"(76,77]",20425,GDN001.A0102.SG1.3_10M.remove30bp_gc_rl.tsv.gz
"(77,78]",17092,GDN001.A0102.SG1.3_10M.remove30bp_gc_rl.tsv.gz
"(78,79]",14233,GDN001.A0102.SG1.3_10M.remove30bp_gc_rl.tsv.gz
"(79,80]",12940,GDN001.A0102.SG1.3_10M.remove30bp_gc_rl.tsv.gz
"(80,81]",6376,GDN001.A0102.SG1.3_10M.remove30bp_gc_rl.tsv.gz
"(81,82]",6756,GDN001.A0102.SG1.3_10M.remove30bp_gc_rl.tsv.gz
"(82,83]",4724,GDN001.A0102.SG1.3_10M.remove30bp_gc_rl.tsv.gz
"(83,84]",3877,GDN001.A0102.SG1.3_10M.remove30bp_gc_rl.tsv.gz
"(84,85]",2773,GDN001.A0102.SG1.3_10M.remove30bp_gc_rl.tsv.gz
"(85,86]",1425,GDN001.A0102.SG1.3_10M.remove30bp_gc_rl.tsv.gz
"(86,87]",1430,GDN001.A0102.SG1.3_10M.remove30bp_gc_rl.tsv.gz
"(87,88]",1141,GDN001.A0102.SG1.3_10M.remove30bp_gc_rl.tsv.gz
"(88,89]",529,GDN001.A0102.SG1.3_10M.remove30bp_gc_rl.tsv.gz
"(89,90]",413,GDN001.A0102.SG1.3_10M.remove30bp_gc_rl.tsv.gz
"(90,91]",326,GDN001.A0102.SG1.3_10M.remove30bp_gc_rl.tsv.gz
"(91,92]",146,GDN001.A0102.SG1.3_10M.remove30bp_gc_rl.tsv.gz
"(92,93]",38,GDN001.A0102.SG1.3_10M.remove30bp_gc_rl.tsv.gz
"(93,94]",120,GDN001.A0102.SG1.3_10M.remove30bp_gc_rl.tsv.gz
"(94,95]",42,GDN001.A0102.SG1.3_10M.remove30bp_gc_rl.tsv.gz
"(95,96]",6,GDN001.A0102.SG1.3_10M.remove30bp_gc_rl.tsv.gz
"(96,97]",36,GDN001.A0102.SG1.3_10M.remove30bp_gc_rl.tsv.gz
"(97,98]",11,GDN001.A0102.SG1.3_10M.remove30bp_gc_rl.tsv.gz
"(98,99]",11,GDN001.A0102.SG1.3_10M.remove30bp_gc_rl.tsv.gz
"(99,100]",39,GDN001.A0102.SG1.3_10M.remove30bp_gc_rl.tsv.gz
"[0,1]",126,GOY005.A0101.SG1.2_10M.remove30bp_gc_rl.tsv.gz
"(1,2]",99,GOY005.A0101.SG1.2_10M.remove30bp_gc_rl.tsv.gz
"(2,3]",70,GOY005.A0101.SG1.2_10M.remove30bp_gc_rl.tsv.gz
"(3,4]",97,GOY005.A0101.SG1.2_10M.remove30bp_gc_rl.tsv.gz
"(4,5]",141,GOY005.A0101.SG1.2_10M.remove30bp_gc_rl.tsv.gz
"(5,6]",236,GOY005.A0101.SG1.2_10M.remove30bp_gc_rl.tsv.gz
"(6,7]",346,GOY005.A0101.SG1.2_10M.remove30bp_gc_rl.tsv.gz
"(7,8]",311,GOY005.A0101.SG1.2_10M.remove30bp_gc_rl.tsv.gz
"(8,9]",542,GOY005.A0101.SG1.2_10M.remove30bp_gc_rl.tsv.gz
"(9,10]",1117,GOY005.A0101.SG1.2_10M.remove30bp_gc_rl.tsv.gz
"(10,11]",1002,GOY005.A0101.SG1.2_10M.remove30bp_gc_rl.tsv.gz
"(11,12]",1604,GOY005.A0101.SG1.2_10M.remove30bp_gc_rl.tsv.gz
"(12,13]",2055,GOY005.A0101.SG1.2_10M.remove30bp_gc_rl.tsv.gz
"(13,14]",3275,GOY005.A0101.SG1.2_10M.remove30bp_gc_rl.tsv.gz
"(14,15]",3970,GOY005.A0101.SG1.2_10M.remove30bp_gc_rl.tsv.gz
"(15,16]",5445,GOY005.A0101.SG1.2_10M.remove30bp_gc_rl.tsv.gz
"(16,17]",6162,GOY005.A0101.SG1.2_10M.remove30bp_gc_rl.tsv.gz
"(17,18]",9402,GOY005.A0101.SG1.2_10M.remove30bp_gc_rl.tsv.gz
"(18,19]",11085,GOY005.A0101.SG1.2_10M.remove30bp_gc_rl.tsv.gz
"(19,20]",17280,GOY005.A0101.SG1.2_10M.remove30bp_gc_rl.tsv.gz
"(20,21]",11860,GOY005.A0101.SG1.2_10M.remove30bp_gc_rl.tsv.gz
"(21,22]",21659,GOY005.A0101.SG1.2_10M.remove30bp_gc_rl.tsv.gz
"(22,23]",23344,GOY005.A0101.SG1.2_10M.remove30bp_gc_rl.tsv.gz
"(23,24]",29805,GOY005.A0101.SG1.2_10M.remove30bp_gc_rl.tsv.gz
"(24,25]",39291,GOY005.A0101.SG1.2_10M.remove30bp_gc_rl.tsv.gz
"(25,26]",28387,GOY005.A0101.SG1.2_10M.remove30bp_gc_rl.tsv.gz
"(26,27]",41220,GOY005.A0101.SG1.2_10M.remove30bp_gc_rl.tsv.gz
"(27,28]",51367,GOY005.A0101.SG1.2_10M.remove30bp_gc_rl.tsv.gz
"(28,29]",53090,GOY005.A0101.SG1.2_10M.remove30bp_gc_rl.tsv.gz
"(29,30]",64367,GOY005.A0101.SG1.2_10M.remove30bp_gc_rl.tsv.gz
"(30,31]",61304,GOY005.A0101.SG1.2_10M.remove30bp_gc_rl.tsv.gz
"(31,32]",75801,GOY005.A0101.SG1.2_10M.remove30bp_gc_rl.tsv.gz
"(32,33]",74956,GOY005.A0101.SG1.2_10M.remove30bp_gc_rl.tsv.gz
"(33,34]",81600,GOY005.A0101.SG1.2_10M.remove30bp_gc_rl.tsv.gz
"(34,35]",100975,GOY005.A0101.SG1.2_10M.remove30bp_gc_rl.tsv.gz
"(35,36]",102848,GOY005.A0101.SG1.2_10M.remove30bp_gc_rl.tsv.gz
"(36,37]",109697,GOY005.A0101.SG1.2_10M.remove30bp_gc_rl.tsv.gz
"(37,38]",108055,GOY005.A0101.SG1.2_10M.remove30bp_gc_rl.tsv.gz
"(38,39]",122512,GOY005.A0101.SG1.2_10M.remove30bp_gc_rl.tsv.gz
"(39,40]",160087,GOY005.A0101.SG1.2_10M.remove30bp_gc_rl.tsv.gz
"(40,41]",102765,GOY005.A0101.SG1.2_10M.remove30bp_gc_rl.tsv.gz
"(41,42]",143487,GOY005.A0101.SG1.2_10M.remove30bp_gc_rl.tsv.gz
"(42,43]",145026,GOY005.A0101.SG1.2_10M.remove30bp_gc_rl.tsv.gz
"(43,44]",165829,GOY005.A0101.SG1.2_10M.remove30bp_gc_rl.tsv.gz
"(44,45]",157985,GOY005.A0101.SG1.2_10M.remove30bp_gc_rl.tsv.gz
"(45,46]",170315,GOY005.A0101.SG1.2_10M.remove30bp_gc_rl.tsv.gz
"(46,47]",172305,GOY005.A0101.SG1.2_10M.remove30bp_gc_rl.tsv.gz
"(47,48]",194206,GOY005.A0101.SG1.2_10M.remove30bp_gc_rl.tsv.gz
"(48,49]",220018,GOY005.A0101.SG1.2_10M.remove30bp_gc_rl.tsv.gz
"(49,50]",297980,GOY005.A0101.SG1.2_10M.remove30bp_gc_rl.tsv.gz
"(50,51]",71385,GOY005.A0101.SG1.2_10M.remove30bp_gc_rl.tsv.gz
"(51,52]",264791,GOY005.A0101.SG1.2_10M.remove30bp_gc_rl.tsv.gz
"(52,53]",233876,GOY005.A0101.SG1.2_10M.remove30bp_gc_rl.tsv.gz
"(53,54]",251106,GOY005.A0101.SG1.2_10M.remove30bp_gc_rl.tsv.gz
"(54,55]",279740,GOY005.A0101.SG1.2_10M.remove30bp_gc_rl.tsv.gz
"(55,56]",252928,GOY005.A0101.SG1.2_10M.remove30bp_gc_rl.tsv.gz
"(56,57]",282244,GOY005.A0101.SG1.2_10M.remove30bp_gc_rl.tsv.gz
"(57,58]",286197,GOY005.A0101.SG1.2_10M.remove30bp_gc_rl.tsv.gz
"(58,59]",284291,GOY005.A0101.SG1.2_10M.remove30bp_gc_rl.tsv.gz
"(59,60]",354086,GOY005.A0101.SG1.2_10M.remove30bp_gc_rl.tsv.gz
"(60,61]",222231,GOY005.A0101.SG1.2_10M.remove30bp_gc_rl.tsv.gz
"(61,62]",294316,GOY005.A0101.SG1.2_10M.remove30bp_gc_rl.tsv.gz
"(62,63]",254341,GOY005.A0101.SG1.2_10M.remove30bp_gc_rl.tsv.gz
"(63,64]",287423,GOY005.A0101.SG1.2_10M.remove30bp_gc_rl.tsv.gz
"(64,65]",264591,GOY005.A0101.SG1.2_10M.remove30bp_gc_rl.tsv.gz
"(65,66]",233488,GOY005.A0101.SG1.2_10M.remove30bp_gc_rl.tsv.gz
"(66,67]",208226,GOY005.A0101.SG1.2_10M.remove30bp_gc_rl.tsv.gz
"(67,68]",199099,GOY005.A0101.SG1.2_10M.remove30bp_gc_rl.tsv.gz
"(68,69]",167621,GOY005.A0101.SG1.2_10M.remove30bp_gc_rl.tsv.gz
"(69,70]",184161,GOY005.A0101.SG1.2_10M.remove30bp_gc_rl.tsv.gz
"(70,71]",124982,GOY005.A0101.SG1.2_10M.remove30bp_gc_rl.tsv.gz
"(71,72]",121665,GOY005.A0101.SG1.2_10M.remove30bp_gc_rl.tsv.gz
"(72,73]",96632,GOY005.A0101.SG1.2_10M.remove30bp_gc_rl.tsv.gz
"(73,74]",87035,GOY005.A0101.SG1.2_10M.remove30bp_gc_rl.tsv.gz
"(74,75]",93203,GOY005.A0101.SG1.2_10M.remove30bp_gc_rl.tsv.gz
"(75,76]",36479,GOY005.A0101.SG1.2_10M.remove30bp_gc_rl.tsv.gz
"(76,77]",47805,GOY005.A0101.SG1.2_10M.remove30bp_gc_rl.tsv.gz
"(77,78]",36325,GOY005.A0101.SG1.2_10M.remove30bp_gc_rl.tsv.gz
"(78,79]",30226,GOY005.A0101.SG1.2_10M.remove30bp_gc_rl.tsv.gz
"(79,80]",25057,GOY005.A0101.SG1.2_10M.remove30bp_gc_rl.tsv.gz
"(80,81]",11656,GOY005.A0101.SG1.2_10M.remove30bp_gc_rl.tsv.gz
"(81,82]",12240,GOY005.A0101.SG1.2_10M.remove30bp_gc_rl.tsv.gz
"(82,83]",7196,GOY005.A0101.SG1.2_10M.remove30bp_gc_rl.tsv.gz
"(83,84]",7208,GOY005.A0101.SG1.2_10M.remove30bp_gc_rl.tsv.gz
"(84,85]",4345,GOY005.A0101.SG1.2_10M.remove30bp_gc_rl.tsv.gz
"(85,86]",1949,GOY005.A0101.SG1.2_10M.remove30bp_gc_rl.tsv.gz
"(86,87]",2099,GOY005.A0101.SG1.2_10M.remove30bp_gc_rl.tsv.gz
"(87,88]",1780,GOY005.A0101.SG1.2_10M.remove30bp_gc_rl.tsv.gz
"(88,89]",763,GOY005.A0101.SG1.2_10M.remove30bp_gc_rl.tsv.gz
"(89,90]",693,GOY005.A0101.SG1.2_10M.remove30bp_gc_rl.tsv.gz
"(90,91]",569,GOY005.A0101.SG1.2_10M.remove30bp_gc_rl.tsv.gz
"(91,92]",393,GOY005.A0101.SG1.2_10M.remove30bp_gc_rl.tsv.gz
"(92,93]",261,GOY005.A0101.SG1.2_10M.remove30bp_gc_rl.tsv.gz
"(93,94]",437,GOY005.A0101.SG1.2_10M.remove30bp_gc_rl.tsv.gz
"(94,95]",399,GOY005.A0101.SG1.2_10M.remove30bp_gc_rl.tsv.gz
"(95,96]",394,GOY005.A0101.SG1.2_10M.remove30bp_gc_rl.tsv.gz
"(96,97]",518,GOY005.A0101.SG1.2_10M.remove30bp_gc_rl.tsv.gz
"(97,98]",650,GOY005.A0101.SG1.2_10M.remove30bp_gc_rl.tsv.gz
"(98,99]",887,GOY005.A0101.SG1.2_10M.remove30bp_gc_rl.tsv.gz
"(99,100]",4719,GOY005.A0101.SG1.2_10M.remove30bp_gc_rl.tsv.gz
"[0,1]",167,GOY005.A0103.SG1.4_10M.remove30bp_gc_rl.tsv.gz
"(1,2]",49,GOY005.A0103.SG1.4_10M.remove30bp_gc_rl.tsv.gz
"(2,3]",428,GOY005.A0103.SG1.4_10M.remove30bp_gc_rl.tsv.gz
"(3,4]",500,GOY005.A0103.SG1.4_10M.remove30bp_gc_rl.tsv.gz
"(4,5]",559,GOY005.A0103.SG1.4_10M.remove30bp_gc_rl.tsv.gz
"(5,6]",1328,GOY005.A0103.SG1.4_10M.remove30bp_gc_rl.tsv.gz
"(6,7]",2371,GOY005.A0103.SG1.4_10M.remove30bp_gc_rl.tsv.gz
"(7,8]",1923,GOY005.A0103.SG1.4_10M.remove30bp_gc_rl.tsv.gz
"(8,9]",3371,GOY005.A0103.SG1.4_10M.remove30bp_gc_rl.tsv.gz
"(9,10]",6962,GOY005.A0103.SG1.4_10M.remove30bp_gc_rl.tsv.gz
"(10,11]",4484,GOY005.A0103.SG1.4_10M.remove30bp_gc_rl.tsv.gz
"(11,12]",8045,GOY005.A0103.SG1.4_10M.remove30bp_gc_rl.tsv.gz
"(12,13]",11328,GOY005.A0103.SG1.4_10M.remove30bp_gc_rl.tsv.gz
"(13,14]",13502,GOY005.A0103.SG1.4_10M.remove30bp_gc_rl.tsv.gz
"(14,15]",14422,GOY005.A0103.SG1.4_10M.remove30bp_gc_rl.tsv.gz
"(15,16]",18395,GOY005.A0103.SG1.4_10M.remove30bp_gc_rl.tsv.gz
"(16,17]",22819,GOY005.A0103.SG1.4_10M.remove30bp_gc_rl.tsv.gz
"(17,18]",25764,GOY005.A0103.SG1.4_10M.remove30bp_gc_rl.tsv.gz
"(18,19]",30272,GOY005.A0103.SG1.4_10M.remove30bp_gc_rl.tsv.gz
"(19,20]",46668,GOY005.A0103.SG1.4_10M.remove30bp_gc_rl.tsv.gz
"(20,21]",26041,GOY005.A0103.SG1.4_10M.remove30bp_gc_rl.tsv.gz
"(21,22]",49121,GOY005.A0103.SG1.4_10M.remove30bp_gc_rl.tsv.gz
"(22,23]",47845,GOY005.A0103.SG1.4_10M.remove30bp_gc_rl.tsv.gz
"(23,24]",58053,GOY005.A0103.SG1.4_10M.remove30bp_gc_rl.tsv.gz
"(24,25]",73558,GOY005.A0103.SG1.4_10M.remove30bp_gc_rl.tsv.gz
"(25,26]",49637,GOY005.A0103.SG1.4_10M.remove30bp_gc_rl.tsv.gz
"(26,27]",68560,GOY005.A0103.SG1.4_10M.remove30bp_gc_rl.tsv.gz
"(27,28]",75019,GOY005.A0103.SG1.4_10M.remove30bp_gc_rl.tsv.gz
"(28,29]",77195,GOY005.A0103.SG1.4_10M.remove30bp_gc_rl.tsv.gz
"(29,30]",100363,GOY005.A0103.SG1.4_10M.remove30bp_gc_rl.tsv.gz
"(30,31]",76070,GOY005.A0103.SG1.4_10M.remove30bp_gc_rl.tsv.gz
"(31,32]",90782,GOY005.A0103.SG1.4_10M.remove30bp_gc_rl.tsv.gz
"(32,33]",89756,GOY005.A0103.SG1.4_10M.remove30bp_gc_rl.tsv.gz
"(33,34]",98738,GOY005.A0103.SG1.4_10M.remove30bp_gc_rl.tsv.gz
"(34,35]",107074,GOY005.A0103.SG1.4_10M.remove30bp_gc_rl.tsv.gz
"(35,36]",102497,GOY005.A0103.SG1.4_10M.remove30bp_gc_rl.tsv.gz
"(36,37]",112828,GOY005.A0103.SG1.4_10M.remove30bp_gc_rl.tsv.gz
"(37,38]",101916,GOY005.A0103.SG1.4_10M.remove30bp_gc_rl.tsv.gz
"(38,39]",107668,GOY005.A0103.SG1.4_10M.remove30bp_gc_rl.tsv.gz
"(39,40]",138992,GOY005.A0103.SG1.4_10M.remove30bp_gc_rl.tsv.gz
"(40,41]",76786,GOY005.A0103.SG1.4_10M.remove30bp_gc_rl.tsv.gz
"(41,42]",115696,GOY005.A0103.SG1.4_10M.remove30bp_gc_rl.tsv.gz
"(42,43]",101691,GOY005.A0103.SG1.4_10M.remove30bp_gc_rl.tsv.gz
"(43,44]",119598,GOY005.A0103.SG1.4_10M.remove30bp_gc_rl.tsv.gz
"(44,45]",97582,GOY005.A0103.SG1.4_10M.remove30bp_gc_rl.tsv.gz
"(45,46]",116789,GOY005.A0103.SG1.4_10M.remove30bp_gc_rl.tsv.gz
"(46,47]",106064,GOY005.A0103.SG1.4_10M.remove30bp_gc_rl.tsv.gz
"(47,48]",102517,GOY005.A0103.SG1.4_10M.remove30bp_gc_rl.tsv.gz
"(48,49]",128382,GOY005.A0103.SG1.4_10M.remove30bp_gc_rl.tsv.gz
"(49,50]",157982,GOY005.A0103.SG1.4_10M.remove30bp_gc_rl.tsv.gz
"(50,51]",18244,GOY005.A0103.SG1.4_10M.remove30bp_gc_rl.tsv.gz
"(51,52]",130748,GOY005.A0103.SG1.4_10M.remove30bp_gc_rl.tsv.gz
"(52,53]",96217,GOY005.A0103.SG1.4_10M.remove30bp_gc_rl.tsv.gz
"(53,54]",106241,GOY005.A0103.SG1.4_10M.remove30bp_gc_rl.tsv.gz
"(54,55]",116934,GOY005.A0103.SG1.4_10M.remove30bp_gc_rl.tsv.gz
"(55,56]",82127,GOY005.A0103.SG1.4_10M.remove30bp_gc_rl.tsv.gz
"(56,57]",104564,GOY005.A0103.SG1.4_10M.remove30bp_gc_rl.tsv.gz
"(57,58]",89461,GOY005.A0103.SG1.4_10M.remove30bp_gc_rl.tsv.gz
"(58,59]",95314,GOY005.A0103.SG1.4_10M.remove30bp_gc_rl.tsv.gz
"(59,60]",114272,GOY005.A0103.SG1.4_10M.remove30bp_gc_rl.tsv.gz
"(60,61]",57338,GOY005.A0103.SG1.4_10M.remove30bp_gc_rl.tsv.gz
"(61,62]",84280,GOY005.A0103.SG1.4_10M.remove30bp_gc_rl.tsv.gz
"(62,63]",69455,GOY005.A0103.SG1.4_10M.remove30bp_gc_rl.tsv.gz
"(63,64]",80922,GOY005.A0103.SG1.4_10M.remove30bp_gc_rl.tsv.gz
"(64,65]",69807,GOY005.A0103.SG1.4_10M.remove30bp_gc_rl.tsv.gz
"(65,66]",58000,GOY005.A0103.SG1.4_10M.remove30bp_gc_rl.tsv.gz
"(66,67]",56957,GOY005.A0103.SG1.4_10M.remove30bp_gc_rl.tsv.gz
"(67,68]",48529,GOY005.A0103.SG1.4_10M.remove30bp_gc_rl.tsv.gz
"(68,69]",40357,GOY005.A0103.SG1.4_10M.remove30bp_gc_rl.tsv.gz
"(69,70]",46845,GOY005.A0103.SG1.4_10M.remove30bp_gc_rl.tsv.gz
"(70,71]",31217,GOY005.A0103.SG1.4_10M.remove30bp_gc_rl.tsv.gz
"(71,72]",28537,GOY005.A0103.SG1.4_10M.remove30bp_gc_rl.tsv.gz
"(72,73]",21704,GOY005.A0103.SG1.4_10M.remove30bp_gc_rl.tsv.gz
"(73,74]",21863,GOY005.A0103.SG1.4_10M.remove30bp_gc_rl.tsv.gz
"(74,75]",24037,GOY005.A0103.SG1.4_10M.remove30bp_gc_rl.tsv.gz
"(75,76]",8251,GOY005.A0103.SG1.4_10M.remove30bp_gc_rl.tsv.gz
"(76,77]",11912,GOY005.A0103.SG1.4_10M.remove30bp_gc_rl.tsv.gz
"(77,78]",8995,GOY005.A0103.SG1.4_10M.remove30bp_gc_rl.tsv.gz
"(78,79]",7589,GOY005.A0103.SG1.4_10M.remove30bp_gc_rl.tsv.gz
"(79,80]",6146,GOY005.A0103.SG1.4_10M.remove30bp_gc_rl.tsv.gz
"(80,81]",2905,GOY005.A0103.SG1.4_10M.remove30bp_gc_rl.tsv.gz
"(81,82]",3082,GOY005.A0103.SG1.4_10M.remove30bp_gc_rl.tsv.gz
"(82,83]",1653,GOY005.A0103.SG1.4_10M.remove30bp_gc_rl.tsv.gz
"(83,84]",2002,GOY005.A0103.SG1.4_10M.remove30bp_gc_rl.tsv.gz
"(84,85]",1071,GOY005.A0103.SG1.4_10M.remove30bp_gc_rl.tsv.gz
"(85,86]",440,GOY005.A0103.SG1.4_10M.remove30bp_gc_rl.tsv.gz
"(86,87]",535,GOY005.A0103.SG1.4_10M.remove30bp_gc_rl.tsv.gz
"(87,88]",467,GOY005.A0103.SG1.4_10M.remove30bp_gc_rl.tsv.gz
"(88,89]",180,GOY005.A0103.SG1.4_10M.remove30bp_gc_rl.tsv.gz
"(89,90]",149,GOY005.A0103.SG1.4_10M.remove30bp_gc_rl.tsv.gz
"(90,91]",145,GOY005.A0103.SG1.4_10M.remove30bp_gc_rl.tsv.gz
"(91,92]",70,GOY005.A0103.SG1.4_10M.remove30bp_gc_rl.tsv.gz
"(92,93]",61,GOY005.A0103.SG1.4_10M.remove30bp_gc_rl.tsv.gz
"(93,94]",172,GOY005.A0103.SG1.4_10M.remove30bp_gc_rl.tsv.gz
"(94,95]",117,GOY005.A0103.SG1.4_10M.remove30bp_gc_rl.tsv.gz
"(95,96]",71,GOY005.A0103.SG1.4_10M.remove30bp_gc_rl.tsv.gz
"(96,97]",90,GOY005.A0103.SG1.4_10M.remove30bp_gc_rl.tsv.gz
"(97,98]",192,GOY005.A0103.SG1.4_10M.remove30bp_gc_rl.tsv.gz
"(98,99]",270,GOY005.A0103.SG1.4_10M.remove30bp_gc_rl.tsv.gz
"(99,100]",11340,GOY005.A0103.SG1.4_10M.remove30bp_gc_rl.tsv.gz
"[0,1]",113,GOY006.A0101.SG1.2_10M.remove30bp_gc_rl.tsv.gz
"(1,2]",69,GOY006.A0101.SG1.2_10M.remove30bp_gc_rl.tsv.gz
"(2,3]",70,GOY006.A0101.SG1.2_10M.remove30bp_gc_rl.tsv.gz
"(3,4]",81,GOY006.A0101.SG1.2_10M.remove30bp_gc_rl.tsv.gz
"(4,5]",98,GOY006.A0101.SG1.2_10M.remove30bp_gc_rl.tsv.gz
"(5,6]",179,GOY006.A0101.SG1.2_10M.remove30bp_gc_rl.tsv.gz
"(6,7]",260,GOY006.A0101.SG1.2_10M.remove30bp_gc_rl.tsv.gz
"(7,8]",244,GOY006.A0101.SG1.2_10M.remove30bp_gc_rl.tsv.gz
"(8,9]",338,GOY006.A0101.SG1.2_10M.remove30bp_gc_rl.tsv.gz
"(9,10]",768,GOY006.A0101.SG1.2_10M.remove30bp_gc_rl.tsv.gz
"(10,11]",764,GOY006.A0101.SG1.2_10M.remove30bp_gc_rl.tsv.gz
"(11,12]",1178,GOY006.A0101.SG1.2_10M.remove30bp_gc_rl.tsv.gz
"(12,13]",1319,GOY006.A0101.SG1.2_10M.remove30bp_gc_rl.tsv.gz
"(13,14]",2360,GOY006.A0101.SG1.2_10M.remove30bp_gc_rl.tsv.gz
"(14,15]",2918,GOY006.A0101.SG1.2_10M.remove30bp_gc_rl.tsv.gz
"(15,16]",3965,GOY006.A0101.SG1.2_10M.remove30bp_gc_rl.tsv.gz
"(16,17]",4177,GOY006.A0101.SG1.2_10M.remove30bp_gc_rl.tsv.gz
"(17,18]",6954,GOY006.A0101.SG1.2_10M.remove30bp_gc_rl.tsv.gz
"(18,19]",8989,GOY006.A0101.SG1.2_10M.remove30bp_gc_rl.tsv.gz
"(19,20]",13430,GOY006.A0101.SG1.2_10M.remove30bp_gc_rl.tsv.gz
"(20,21]",9694,GOY006.A0101.SG1.2_10M.remove30bp_gc_rl.tsv.gz
"(21,22]",19780,GOY006.A0101.SG1.2_10M.remove30bp_gc_rl.tsv.gz
"(22,23]",24224,GOY006.A0101.SG1.2_10M.remove30bp_gc_rl.tsv.gz
"(23,24]",31539,GOY006.A0101.SG1.2_10M.remove30bp_gc_rl.tsv.gz
"(24,25]",41830,GOY006.A0101.SG1.2_10M.remove30bp_gc_rl.tsv.gz
"(25,26]",29543,GOY006.A0101.SG1.2_10M.remove30bp_gc_rl.tsv.gz
"(26,27]",53972,GOY006.A0101.SG1.2_10M.remove30bp_gc_rl.tsv.gz
"(27,28]",69735,GOY006.A0101.SG1.2_10M.remove30bp_gc_rl.tsv.gz
"(28,29]",73215,GOY006.A0101.SG1.2_10M.remove30bp_gc_rl.tsv.gz
"(29,30]",70202,GOY006.A0101.SG1.2_10M.remove30bp_gc_rl.tsv.gz
"(30,31]",95851,GOY006.A0101.SG1.2_10M.remove30bp_gc_rl.tsv.gz
"(31,32]",118957,GOY006.A0101.SG1.2_10M.remove30bp_gc_rl.tsv.gz
"(32,33]",121314,GOY006.A0101.SG1.2_10M.remove30bp_gc_rl.tsv.gz
"(33,34]",100674,GOY006.A0101.SG1.2_10M.remove30bp_gc_rl.tsv.gz
"(34,35]",161749,GOY006.A0101.SG1.2_10M.remove30bp_gc_rl.tsv.gz
"(35,36]",175166,GOY006.A0101.SG1.2_10M.remove30bp_gc_rl.tsv.gz
"(36,37]",178589,GOY006.A0101.SG1.2_10M.remove30bp_gc_rl.tsv.gz
"(37,38]",142986,GOY006.A0101.SG1.2_10M.remove30bp_gc_rl.tsv.gz
"(38,39]",208221,GOY006.A0101.SG1.2_10M.remove30bp_gc_rl.tsv.gz
"(39,40]",246502,GOY006.A0101.SG1.2_10M.remove30bp_gc_rl.tsv.gz
"(40,41]",187825,GOY006.A0101.SG1.2_10M.remove30bp_gc_rl.tsv.gz
"(41,42]",173561,GOY006.A0101.SG1.2_10M.remove30bp_gc_rl.tsv.gz
"(42,43]",229347,GOY006.A0101.SG1.2_10M.remove30bp_gc_rl.tsv.gz
"(43,44]",244835,GOY006.A0101.SG1.2_10M.remove30bp_gc_rl.tsv.gz
"(44,45]",230483,GOY006.A0101.SG1.2_10M.remove30bp_gc_rl.tsv.gz
"(45,46]",187785,GOY006.A0101.SG1.2_10M.remove30bp_gc_rl.tsv.gz
"(46,47]",243389,GOY006.A0101.SG1.2_10M.remove30bp_gc_rl.tsv.gz
"(47,48]",259088,GOY006.A0101.SG1.2_10M.remove30bp_gc_rl.tsv.gz
"(48,49]",255498,GOY006.A0101.SG1.2_10M.remove30bp_gc_rl.tsv.gz
"(49,50]",341854,GOY006.A0101.SG1.2_10M.remove30bp_gc_rl.tsv.gz
"(50,51]",110708,GOY006.A0101.SG1.2_10M.remove30bp_gc_rl.tsv.gz
"(51,52]",290913,GOY006.A0101.SG1.2_10M.remove30bp_gc_rl.tsv.gz
"(52,53]",263669,GOY006.A0101.SG1.2_10M.remove30bp_gc_rl.tsv.gz
"(53,54]",278093,GOY006.A0101.SG1.2_10M.remove30bp_gc_rl.tsv.gz
"(54,55]",259894,GOY006.A0101.SG1.2_10M.remove30bp_gc_rl.tsv.gz
"(55,56]",277504,GOY006.A0101.SG1.2_10M.remove30bp_gc_rl.tsv.gz
"(56,57]",283690,GOY006.A0101.SG1.2_10M.remove30bp_gc_rl.tsv.gz
"(57,58]",290043,GOY006.A0101.SG1.2_10M.remove30bp_gc_rl.tsv.gz
"(58,59]",254453,GOY006.A0101.SG1.2_10M.remove30bp_gc_rl.tsv.gz
"(59,60]",329923,GOY006.A0101.SG1.2_10M.remove30bp_gc_rl.tsv.gz
"(60,61]",216376,GOY006.A0101.SG1.2_10M.remove30bp_gc_rl.tsv.gz
"(61,62]",267912,GOY006.A0101.SG1.2_10M.remove30bp_gc_rl.tsv.gz
"(62,63]",222830,GOY006.A0101.SG1.2_10M.remove30bp_gc_rl.tsv.gz
"(63,64]",258604,GOY006.A0101.SG1.2_10M.remove30bp_gc_rl.tsv.gz
"(64,65]",239101,GOY006.A0101.SG1.2_10M.remove30bp_gc_rl.tsv.gz
"(65,66]",219437,GOY006.A0101.SG1.2_10M.remove30bp_gc_rl.tsv.gz
"(66,67]",191132,GOY006.A0101.SG1.2_10M.remove30bp_gc_rl.tsv.gz
"(67,68]",198136,GOY006.A0101.SG1.2_10M.remove30bp_gc_rl.tsv.gz
"(68,69]",170451,GOY006.A0101.SG1.2_10M.remove30bp_gc_rl.tsv.gz
"(69,70]",187527,GOY006.A0101.SG1.2_10M.remove30bp_gc_rl.tsv.gz
"(70,71]",131108,GOY006.A0101.SG1.2_10M.remove30bp_gc_rl.tsv.gz
"(71,72]",136588,GOY006.A0101.SG1.2_10M.remove30bp_gc_rl.tsv.gz
"(72,73]",113111,GOY006.A0101.SG1.2_10M.remove30bp_gc_rl.tsv.gz
"(73,74]",102732,GOY006.A0101.SG1.2_10M.remove30bp_gc_rl.tsv.gz
"(74,75]",109793,GOY006.A0101.SG1.2_10M.remove30bp_gc_rl.tsv.gz
"(75,76]",48809,GOY006.A0101.SG1.2_10M.remove30bp_gc_rl.tsv.gz
"(76,77]",60284,GOY006.A0101.SG1.2_10M.remove30bp_gc_rl.tsv.gz
"(77,78]",48436,GOY006.A0101.SG1.2_10M.remove30bp_gc_rl.tsv.gz
"(78,79]",40537,GOY006.A0101.SG1.2_10M.remove30bp_gc_rl.tsv.gz
"(79,80]",34740,GOY006.A0101.SG1.2_10M.remove30bp_gc_rl.tsv.gz
"(80,81]",17225,GOY006.A0101.SG1.2_10M.remove30bp_gc_rl.tsv.gz
"(81,82]",17936,GOY006.A0101.SG1.2_10M.remove30bp_gc_rl.tsv.gz
"(82,83]",11579,GOY006.A0101.SG1.2_10M.remove30bp_gc_rl.tsv.gz
"(83,84]",10473,GOY006.A0101.SG1.2_10M.remove30bp_gc_rl.tsv.gz
"(84,85]",6954,GOY006.A0101.SG1.2_10M.remove30bp_gc_rl.tsv.gz
"(85,86]",3562,GOY006.A0101.SG1.2_10M.remove30bp_gc_rl.tsv.gz
"(86,87]",3522,GOY006.A0101.SG1.2_10M.remove30bp_gc_rl.tsv.gz
"(87,88]",2864,GOY006.A0101.SG1.2_10M.remove30bp_gc_rl.tsv.gz
"(88,89]",1399,GOY006.A0101.SG1.2_10M.remove30bp_gc_rl.tsv.gz
"(89,90]",1104,GOY006.A0101.SG1.2_10M.remove30bp_gc_rl.tsv.gz
"(90,91]",832,GOY006.A0101.SG1.2_10M.remove30bp_gc_rl.tsv.gz
"(91,92]",500,GOY006.A0101.SG1.2_10M.remove30bp_gc_rl.tsv.gz
"(92,93]",274,GOY006.A0101.SG1.2_10M.remove30bp_gc_rl.tsv.gz
"(93,94]",460,GOY006.A0101.SG1.2_10M.remove30bp_gc_rl.tsv.gz
"(94,95]",325,GOY006.A0101.SG1.2_10M.remove30bp_gc_rl.tsv.gz
"(95,96]",231,GOY006.A0101.SG1.2_10M.remove30bp_gc_rl.tsv.gz
"(96,97]",314,GOY006.A0101.SG1.2_10M.remove30bp_gc_rl.tsv.gz
"(97,98]",420,GOY006.A0101.SG1.2_10M.remove30bp_gc_rl.tsv.gz
"(98,99]",405,GOY006.A0101.SG1.2_10M.remove30bp_gc_rl.tsv.gz
"(99,100]",2742,GOY006.A0101.SG1.2_10M.remove30bp_gc_rl.tsv.gz
"[0,1]",113,GOY006.A0102.SG1.5_10M.remove30bp_gc_rl.tsv.gz
"(1,2]",72,GOY006.A0102.SG1.5_10M.remove30bp_gc_rl.tsv.gz
"(2,3]",268,GOY006.A0102.SG1.5_10M.remove30bp_gc_rl.tsv.gz
"(3,4]",340,GOY006.A0102.SG1.5_10M.remove30bp_gc_rl.tsv.gz
"(4,5]",387,GOY006.A0102.SG1.5_10M.remove30bp_gc_rl.tsv.gz
"(5,6]",805,GOY006.A0102.SG1.5_10M.remove30bp_gc_rl.tsv.gz
"(6,7]",1362,GOY006.A0102.SG1.5_10M.remove30bp_gc_rl.tsv.gz
"(7,8]",1308,GOY006.A0102.SG1.5_10M.remove30bp_gc_rl.tsv.gz
"(8,9]",2107,GOY006.A0102.SG1.5_10M.remove30bp_gc_rl.tsv.gz
"(9,10]",4202,GOY006.A0102.SG1.5_10M.remove30bp_gc_rl.tsv.gz
"(10,11]",3196,GOY006.A0102.SG1.5_10M.remove30bp_gc_rl.tsv.gz
"(11,12]",5430,GOY006.A0102.SG1.5_10M.remove30bp_gc_rl.tsv.gz
"(12,13]",7267,GOY006.A0102.SG1.5_10M.remove30bp_gc_rl.tsv.gz
"(13,14]",9589,GOY006.A0102.SG1.5_10M.remove30bp_gc_rl.tsv.gz
"(14,15]",10617,GOY006.A0102.SG1.5_10M.remove30bp_gc_rl.tsv.gz
"(15,16]",14059,GOY006.A0102.SG1.5_10M.remove30bp_gc_rl.tsv.gz
"(16,17]",16660,GOY006.A0102.SG1.5_10M.remove30bp_gc_rl.tsv.gz
"(17,18]",21298,GOY006.A0102.SG1.5_10M.remove30bp_gc_rl.tsv.gz
"(18,19]",25169,GOY006.A0102.SG1.5_10M.remove30bp_gc_rl.tsv.gz
"(19,20]",38952,GOY006.A0102.SG1.5_10M.remove30bp_gc_rl.tsv.gz
"(20,21]",23877,GOY006.A0102.SG1.5_10M.remove30bp_gc_rl.tsv.gz
"(21,22]",45262,GOY006.A0102.SG1.5_10M.remove30bp_gc_rl.tsv.gz
"(22,23]",47151,GOY006.A0102.SG1.5_10M.remove30bp_gc_rl.tsv.gz
"(23,24]",58254,GOY006.A0102.SG1.5_10M.remove30bp_gc_rl.tsv.gz
"(24,25]",75510,GOY006.A0102.SG1.5_10M.remove30bp_gc_rl.tsv.gz
"(25,26]",51029,GOY006.A0102.SG1.5_10M.remove30bp_gc_rl.tsv.gz
"(26,27]",77034,GOY006.A0102.SG1.5_10M.remove30bp_gc_rl.tsv.gz
"(27,28]",86422,GOY006.A0102.SG1.5_10M.remove30bp_gc_rl.tsv.gz
"(28,29]",90922,GOY006.A0102.SG1.5_10M.remove30bp_gc_rl.tsv.gz
"(29,30]",106000,GOY006.A0102.SG1.5_10M.remove30bp_gc_rl.tsv.gz
"(30,31]",96626,GOY006.A0102.SG1.5_10M.remove30bp_gc_rl.tsv.gz
"(31,32]",114489,GOY006.A0102.SG1.5_10M.remove30bp_gc_rl.tsv.gz
"(32,33]",116120,GOY006.A0102.SG1.5_10M.remove30bp_gc_rl.tsv.gz
"(33,34]",114570,GOY006.A0102.SG1.5_10M.remove30bp_gc_rl.tsv.gz
"(34,35]",139103,GOY006.A0102.SG1.5_10M.remove30bp_gc_rl.tsv.gz
"(35,36]",136666,GOY006.A0102.SG1.5_10M.remove30bp_gc_rl.tsv.gz
"(36,37]",145549,GOY006.A0102.SG1.5_10M.remove30bp_gc_rl.tsv.gz
"(37,38]",128000,GOY006.A0102.SG1.5_10M.remove30bp_gc_rl.tsv.gz
"(38,39]",147871,GOY006.A0102.SG1.5_10M.remove30bp_gc_rl.tsv.gz
"(39,40]",179406,GOY006.A0102.SG1.5_10M.remove30bp_gc_rl.tsv.gz
"(40,41]",113172,GOY006.A0102.SG1.5_10M.remove30bp_gc_rl.tsv.gz
"(41,42]",141842,GOY006.A0102.SG1.5_10M.remove30bp_gc_rl.tsv.gz
"(42,43]",139100,GOY006.A0102.SG1.5_10M.remove30bp_gc_rl.tsv.gz
"(43,44]",155021,GOY006.A0102.SG1.5_10M.remove30bp_gc_rl.tsv.gz
"(44,45]",132814,GOY006.A0102.SG1.5_10M.remove30bp_gc_rl.tsv.gz
"(45,46]",141029,GOY006.A0102.SG1.5_10M.remove30bp_gc_rl.tsv.gz
"(46,47]",137003,GOY006.A0102.SG1.5_10M.remove30bp_gc_rl.tsv.gz
"(47,48]",136551,GOY006.A0102.SG1.5_10M.remove30bp_gc_rl.tsv.gz
"(48,49]",156408,GOY006.A0102.SG1.5_10M.remove30bp_gc_rl.tsv.gz
"(49,50]",197863,GOY006.A0102.SG1.5_10M.remove30bp_gc_rl.tsv.gz
"(50,51]",34503,GOY006.A0102.SG1.5_10M.remove30bp_gc_rl.tsv.gz
"(51,52]",161600,GOY006.A0102.SG1.5_10M.remove30bp_gc_rl.tsv.gz
"(52,53]",127182,GOY006.A0102.SG1.5_10M.remove30bp_gc_rl.tsv.gz
"(53,54]",135110,GOY006.A0102.SG1.5_10M.remove30bp_gc_rl.tsv.gz
"(54,55]",145907,GOY006.A0102.SG1.5_10M.remove30bp_gc_rl.tsv.gz
"(55,56]",112568,GOY006.A0102.SG1.5_10M.remove30bp_gc_rl.tsv.gz
"(56,57]",133462,GOY006.A0102.SG1.5_10M.remove30bp_gc_rl.tsv.gz
"(57,58]",121545,GOY006.A0102.SG1.5_10M.remove30bp_gc_rl.tsv.gz
"(58,59]",122014,GOY006.A0102.SG1.5_10M.remove30bp_gc_rl.tsv.gz
"(59,60]",148120,GOY006.A0102.SG1.5_10M.remove30bp_gc_rl.tsv.gz
"(60,61]",81037,GOY006.A0102.SG1.5_10M.remove30bp_gc_rl.tsv.gz
"(61,62]",112641,GOY006.A0102.SG1.5_10M.remove30bp_gc_rl.tsv.gz
"(62,63]",95133,GOY006.A0102.SG1.5_10M.remove30bp_gc_rl.tsv.gz
"(63,64]",109176,GOY006.A0102.SG1.5_10M.remove30bp_gc_rl.tsv.gz
"(64,65]",98182,GOY006.A0102.SG1.5_10M.remove30bp_gc_rl.tsv.gz
"(65,66]",86446,GOY006.A0102.SG1.5_10M.remove30bp_gc_rl.tsv.gz
"(66,67]",79928,GOY006.A0102.SG1.5_10M.remove30bp_gc_rl.tsv.gz
"(67,68]",74628,GOY006.A0102.SG1.5_10M.remove30bp_gc_rl.tsv.gz
"(68,69]",64186,GOY006.A0102.SG1.5_10M.remove30bp_gc_rl.tsv.gz
"(69,70]",73499,GOY006.A0102.SG1.5_10M.remove30bp_gc_rl.tsv.gz
"(70,71]",50947,GOY006.A0102.SG1.5_10M.remove30bp_gc_rl.tsv.gz
"(71,72]",50195,GOY006.A0102.SG1.5_10M.remove30bp_gc_rl.tsv.gz
"(72,73]",40201,GOY006.A0102.SG1.5_10M.remove30bp_gc_rl.tsv.gz
"(73,74]",38325,GOY006.A0102.SG1.5_10M.remove30bp_gc_rl.tsv.gz
"(74,75]",42787,GOY006.A0102.SG1.5_10M.remove30bp_gc_rl.tsv.gz
"(75,76]",16659,GOY006.A0102.SG1.5_10M.remove30bp_gc_rl.tsv.gz
"(76,77]",22474,GOY006.A0102.SG1.5_10M.remove30bp_gc_rl.tsv.gz
"(77,78]",17798,GOY006.A0102.SG1.5_10M.remove30bp_gc_rl.tsv.gz
"(78,79]",15312,GOY006.A0102.SG1.5_10M.remove30bp_gc_rl.tsv.gz
"(79,80]",12953,GOY006.A0102.SG1.5_10M.remove30bp_gc_rl.tsv.gz
"(80,81]",6202,GOY006.A0102.SG1.5_10M.remove30bp_gc_rl.tsv.gz
"(81,82]",6514,GOY006.A0102.SG1.5_10M.remove30bp_gc_rl.tsv.gz
"(82,83]",3986,GOY006.A0102.SG1.5_10M.remove30bp_gc_rl.tsv.gz
"(83,84]",4164,GOY006.A0102.SG1.5_10M.remove30bp_gc_rl.tsv.gz
"(84,85]",2457,GOY006.A0102.SG1.5_10M.remove30bp_gc_rl.tsv.gz
"(85,86]",1248,GOY006.A0102.SG1.5_10M.remove30bp_gc_rl.tsv.gz
"(86,87]",1247,GOY006.A0102.SG1.5_10M.remove30bp_gc_rl.tsv.gz
"(87,88]",1117,GOY006.A0102.SG1.5_10M.remove30bp_gc_rl.tsv.gz
"(88,89]",440,GOY006.A0102.SG1.5_10M.remove30bp_gc_rl.tsv.gz
"(89,90]",339,GOY006.A0102.SG1.5_10M.remove30bp_gc_rl.tsv.gz
"(90,91]",343,GOY006.A0102.SG1.5_10M.remove30bp_gc_rl.tsv.gz
"(91,92]",154,GOY006.A0102.SG1.5_10M.remove30bp_gc_rl.tsv.gz
"(92,93]",88,GOY006.A0102.SG1.5_10M.remove30bp_gc_rl.tsv.gz
"(93,94]",200,GOY006.A0102.SG1.5_10M.remove30bp_gc_rl.tsv.gz
"(94,95]",149,GOY006.A0102.SG1.5_10M.remove30bp_gc_rl.tsv.gz
"(95,96]",76,GOY006.A0102.SG1.5_10M.remove30bp_gc_rl.tsv.gz
"(96,97]",94,GOY006.A0102.SG1.5_10M.remove30bp_gc_rl.tsv.gz
"(97,98]",165,GOY006.A0102.SG1.5_10M.remove30bp_gc_rl.tsv.gz
"(98,99]",244,GOY006.A0102.SG1.5_10M.remove30bp_gc_rl.tsv.gz
"(99,100]",12123,GOY006.A0102.SG1.5_10M.remove30bp_gc_rl.tsv.gz
"[0,1]",10,GUE001.A0101_10M.remove30bp_gc_rl.tsv.gz
"(1,2]",5,GUE001.A0101_10M.remove30bp_gc_rl.tsv.gz
"(2,3]",9,GUE001.A0101_10M.remove30bp_gc_rl.tsv.gz
"(3,4]",8,GUE001.A0101_10M.remove30bp_gc_rl.tsv.gz
"(4,5]",6,GUE001.A0101_10M.remove30bp_gc_rl.tsv.gz
"(5,6]",15,GUE001.A0101_10M.remove30bp_gc_rl.tsv.gz
"(6,7]",27,GUE001.A0101_10M.remove30bp_gc_rl.tsv.gz
"(7,8]",18,GUE001.A0101_10M.remove30bp_gc_rl.tsv.gz
"(8,9]",26,GUE001.A0101_10M.remove30bp_gc_rl.tsv.gz
"(9,10]",72,GUE001.A0101_10M.remove30bp_gc_rl.tsv.gz
"(10,11]",86,GUE001.A0101_10M.remove30bp_gc_rl.tsv.gz
"(11,12]",151,GUE001.A0101_10M.remove30bp_gc_rl.tsv.gz
"(12,13]",298,GUE001.A0101_10M.remove30bp_gc_rl.tsv.gz
"(13,14]",377,GUE001.A0101_10M.remove30bp_gc_rl.tsv.gz
"(14,15]",477,GUE001.A0101_10M.remove30bp_gc_rl.tsv.gz
"(15,16]",726,GUE001.A0101_10M.remove30bp_gc_rl.tsv.gz
"(16,17]",1147,GUE001.A0101_10M.remove30bp_gc_rl.tsv.gz
"(17,18]",1832,GUE001.A0101_10M.remove30bp_gc_rl.tsv.gz
"(18,19]",2460,GUE001.A0101_10M.remove30bp_gc_rl.tsv.gz
"(19,20]",4235,GUE001.A0101_10M.remove30bp_gc_rl.tsv.gz
"(20,21]",3140,GUE001.A0101_10M.remove30bp_gc_rl.tsv.gz
"(21,22]",6249,GUE001.A0101_10M.remove30bp_gc_rl.tsv.gz
"(22,23]",7530,GUE001.A0101_10M.remove30bp_gc_rl.tsv.gz
"(23,24]",10191,GUE001.A0101_10M.remove30bp_gc_rl.tsv.gz
"(24,25]",15725,GUE001.A0101_10M.remove30bp_gc_rl.tsv.gz
"(25,26]",12437,GUE001.A0101_10M.remove30bp_gc_rl.tsv.gz
"(26,27]",19371,GUE001.A0101_10M.remove30bp_gc_rl.tsv.gz
"(27,28]",25196,GUE001.A0101_10M.remove30bp_gc_rl.tsv.gz
"(28,29]",28734,GUE001.A0101_10M.remove30bp_gc_rl.tsv.gz
"(29,30]",35438,GUE001.A0101_10M.remove30bp_gc_rl.tsv.gz
"(30,31]",37610,GUE001.A0101_10M.remove30bp_gc_rl.tsv.gz
"(31,32]",47654,GUE001.A0101_10M.remove30bp_gc_rl.tsv.gz
"(32,33]",50981,GUE001.A0101_10M.remove30bp_gc_rl.tsv.gz
"(33,34]",54252,GUE001.A0101_10M.remove30bp_gc_rl.tsv.gz
"(34,35]",67695,GUE001.A0101_10M.remove30bp_gc_rl.tsv.gz
"(35,36]",71963,GUE001.A0101_10M.remove30bp_gc_rl.tsv.gz
"(36,37]",75327,GUE001.A0101_10M.remove30bp_gc_rl.tsv.gz
"(37,38]",76689,GUE001.A0101_10M.remove30bp_gc_rl.tsv.gz
"(38,39]",86759,GUE001.A0101_10M.remove30bp_gc_rl.tsv.gz
"(39,40]",110949,GUE001.A0101_10M.remove30bp_gc_rl.tsv.gz
"(40,41]",78929,GUE001.A0101_10M.remove30bp_gc_rl.tsv.gz
"(41,42]",96751,GUE001.A0101_10M.remove30bp_gc_rl.tsv.gz
"(42,43]",101862,GUE001.A0101_10M.remove30bp_gc_rl.tsv.gz
"(43,44]",116334,GUE001.A0101_10M.remove30bp_gc_rl.tsv.gz
"(44,45]",109368,GUE001.A0101_10M.remove30bp_gc_rl.tsv.gz
"(45,46]",107874,GUE001.A0101_10M.remove30bp_gc_rl.tsv.gz
"(46,47]",119236,GUE001.A0101_10M.remove30bp_gc_rl.tsv.gz
"(47,48]",135110,GUE001.A0101_10M.remove30bp_gc_rl.tsv.gz
"(48,49]",137033,GUE001.A0101_10M.remove30bp_gc_rl.tsv.gz
"(49,50]",198571,GUE001.A0101_10M.remove30bp_gc_rl.tsv.gz
"(50,51]",77080,GUE001.A0101_10M.remove30bp_gc_rl.tsv.gz
"(51,52]",184020,GUE001.A0101_10M.remove30bp_gc_rl.tsv.gz
"(52,53]",179039,GUE001.A0101_10M.remove30bp_gc_rl.tsv.gz
"(53,54]",207776,GUE001.A0101_10M.remove30bp_gc_rl.tsv.gz
"(54,55]",204299,GUE001.A0101_10M.remove30bp_gc_rl.tsv.gz
"(55,56]",247343,GUE001.A0101_10M.remove30bp_gc_rl.tsv.gz
"(56,57]",263059,GUE001.A0101_10M.remove30bp_gc_rl.tsv.gz
"(57,58]",302742,GUE001.A0101_10M.remove30bp_gc_rl.tsv.gz
"(58,59]",273152,GUE001.A0101_10M.remove30bp_gc_rl.tsv.gz
"(59,60]",395855,GUE001.A0101_10M.remove30bp_gc_rl.tsv.gz
"(60,61]",313676,GUE001.A0101_10M.remove30bp_gc_rl.tsv.gz
"(61,62]",401449,GUE001.A0101_10M.remove30bp_gc_rl.tsv.gz
"(62,63]",334889,GUE001.A0101_10M.remove30bp_gc_rl.tsv.gz
"(63,64]",445883,GUE001.A0101_10M.remove30bp_gc_rl.tsv.gz
"(64,65]",415777,GUE001.A0101_10M.remove30bp_gc_rl.tsv.gz
"(65,66]",430316,GUE001.A0101_10M.remove30bp_gc_rl.tsv.gz
"(66,67]",339654,GUE001.A0101_10M.remove30bp_gc_rl.tsv.gz
"(67,68]",428665,GUE001.A0101_10M.remove30bp_gc_rl.tsv.gz
"(68,69]",359188,GUE001.A0101_10M.remove30bp_gc_rl.tsv.gz
"(69,70]",379671,GUE001.A0101_10M.remove30bp_gc_rl.tsv.gz
"(70,71]",249177,GUE001.A0101_10M.remove30bp_gc_rl.tsv.gz
"(71,72]",299220,GUE001.A0101_10M.remove30bp_gc_rl.tsv.gz
"(72,73]",228922,GUE001.A0101_10M.remove30bp_gc_rl.tsv.gz
"(73,74]",210514,GUE001.A0101_10M.remove30bp_gc_rl.tsv.gz
"(74,75]",189035,GUE001.A0101_10M.remove30bp_gc_rl.tsv.gz
"(75,76]",92634,GUE001.A0101_10M.remove30bp_gc_rl.tsv.gz
"(76,77]",96266,GUE001.A0101_10M.remove30bp_gc_rl.tsv.gz
"(77,78]",80753,GUE001.A0101_10M.remove30bp_gc_rl.tsv.gz
"(78,79]",57208,GUE001.A0101_10M.remove30bp_gc_rl.tsv.gz
"(79,80]",41450,GUE001.A0101_10M.remove30bp_gc_rl.tsv.gz
"(80,81]",22996,GUE001.A0101_10M.remove30bp_gc_rl.tsv.gz
"(81,82]",21852,GUE001.A0101_10M.remove30bp_gc_rl.tsv.gz
"(82,83]",14449,GUE001.A0101_10M.remove30bp_gc_rl.tsv.gz
"(83,84]",10710,GUE001.A0101_10M.remove30bp_gc_rl.tsv.gz
"(84,85]",7744,GUE001.A0101_10M.remove30bp_gc_rl.tsv.gz
"(85,86]",5651,GUE001.A0101_10M.remove30bp_gc_rl.tsv.gz
"(86,87]",5061,GUE001.A0101_10M.remove30bp_gc_rl.tsv.gz
"(87,88]",3826,GUE001.A0101_10M.remove30bp_gc_rl.tsv.gz
"(88,89]",2612,GUE001.A0101_10M.remove30bp_gc_rl.tsv.gz
"(89,90]",2759,GUE001.A0101_10M.remove30bp_gc_rl.tsv.gz
"(90,91]",2458,GUE001.A0101_10M.remove30bp_gc_rl.tsv.gz
"(91,92]",1969,GUE001.A0101_10M.remove30bp_gc_rl.tsv.gz
"(92,93]",1630,GUE001.A0101_10M.remove30bp_gc_rl.tsv.gz
"(93,94]",2091,GUE001.A0101_10M.remove30bp_gc_rl.tsv.gz
"(94,95]",2362,GUE001.A0101_10M.remove30bp_gc_rl.tsv.gz
"(95,96]",2190,GUE001.A0101_10M.remove30bp_gc_rl.tsv.gz
"(96,97]",1986,GUE001.A0101_10M.remove30bp_gc_rl.tsv.gz
"(97,98]",2702,GUE001.A0101_10M.remove30bp_gc_rl.tsv.gz
"(98,99]",3865,GUE001.A0101_10M.remove30bp_gc_rl.tsv.gz
"(99,100]",10083,GUE001.A0101_10M.remove30bp_gc_rl.tsv.gz
"[0,1]",194,GUE001.A0102.SG1.4_10M.remove30bp_gc_rl.tsv.gz
"(1,2]",40,GUE001.A0102.SG1.4_10M.remove30bp_gc_rl.tsv.gz
"(2,3]",164,GUE001.A0102.SG1.4_10M.remove30bp_gc_rl.tsv.gz
"(3,4]",165,GUE001.A0102.SG1.4_10M.remove30bp_gc_rl.tsv.gz
"(4,5]",133,GUE001.A0102.SG1.4_10M.remove30bp_gc_rl.tsv.gz
"(5,6]",318,GUE001.A0102.SG1.4_10M.remove30bp_gc_rl.tsv.gz
"(6,7]",506,GUE001.A0102.SG1.4_10M.remove30bp_gc_rl.tsv.gz
"(7,8]",352,GUE001.A0102.SG1.4_10M.remove30bp_gc_rl.tsv.gz
"(8,9]",517,GUE001.A0102.SG1.4_10M.remove30bp_gc_rl.tsv.gz
"(9,10]",1156,GUE001.A0102.SG1.4_10M.remove30bp_gc_rl.tsv.gz
"(10,11]",664,GUE001.A0102.SG1.4_10M.remove30bp_gc_rl.tsv.gz
"(11,12]",1120,GUE001.A0102.SG1.4_10M.remove30bp_gc_rl.tsv.gz
"(12,13]",1628,GUE001.A0102.SG1.4_10M.remove30bp_gc_rl.tsv.gz
"(13,14]",1761,GUE001.A0102.SG1.4_10M.remove30bp_gc_rl.tsv.gz
"(14,15]",1812,GUE001.A0102.SG1.4_10M.remove30bp_gc_rl.tsv.gz
"(15,16]",2332,GUE001.A0102.SG1.4_10M.remove30bp_gc_rl.tsv.gz
"(16,17]",2971,GUE001.A0102.SG1.4_10M.remove30bp_gc_rl.tsv.gz
"(17,18]",3194,GUE001.A0102.SG1.4_10M.remove30bp_gc_rl.tsv.gz
"(18,19]",4043,GUE001.A0102.SG1.4_10M.remove30bp_gc_rl.tsv.gz
"(19,20]",6137,GUE001.A0102.SG1.4_10M.remove30bp_gc_rl.tsv.gz
"(20,21]",2961,GUE001.A0102.SG1.4_10M.remove30bp_gc_rl.tsv.gz
"(21,22]",6503,GUE001.A0102.SG1.4_10M.remove30bp_gc_rl.tsv.gz
"(22,23]",6635,GUE001.A0102.SG1.4_10M.remove30bp_gc_rl.tsv.gz
"(23,24]",7857,GUE001.A0102.SG1.4_10M.remove30bp_gc_rl.tsv.gz
"(24,25]",9614,GUE001.A0102.SG1.4_10M.remove30bp_gc_rl.tsv.gz
"(25,26]",6573,GUE001.A0102.SG1.4_10M.remove30bp_gc_rl.tsv.gz
"(26,27]",9492,GUE001.A0102.SG1.4_10M.remove30bp_gc_rl.tsv.gz
"(27,28]",10105,GUE001.A0102.SG1.4_10M.remove30bp_gc_rl.tsv.gz
"(28,29]",9704,GUE001.A0102.SG1.4_10M.remove30bp_gc_rl.tsv.gz
"(29,30]",11930,GUE001.A0102.SG1.4_10M.remove30bp_gc_rl.tsv.gz
"(30,31]",9640,GUE001.A0102.SG1.4_10M.remove30bp_gc_rl.tsv.gz
"(31,32]",10932,GUE001.A0102.SG1.4_10M.remove30bp_gc_rl.tsv.gz
"(32,33]",10316,GUE001.A0102.SG1.4_10M.remove30bp_gc_rl.tsv.gz
"(33,34]",10900,GUE001.A0102.SG1.4_10M.remove30bp_gc_rl.tsv.gz
"(34,35]",11472,GUE001.A0102.SG1.4_10M.remove30bp_gc_rl.tsv.gz
"(35,36]",11166,GUE001.A0102.SG1.4_10M.remove30bp_gc_rl.tsv.gz
"(36,37]",11783,GUE001.A0102.SG1.4_10M.remove30bp_gc_rl.tsv.gz
"(37,38]",10298,GUE001.A0102.SG1.4_10M.remove30bp_gc_rl.tsv.gz
"(38,39]",10966,GUE001.A0102.SG1.4_10M.remove30bp_gc_rl.tsv.gz
"(39,40]",13717,GUE001.A0102.SG1.4_10M.remove30bp_gc_rl.tsv.gz
"(40,41]",7893,GUE001.A0102.SG1.4_10M.remove30bp_gc_rl.tsv.gz
"(41,42]",10986,GUE001.A0102.SG1.4_10M.remove30bp_gc_rl.tsv.gz
"(42,43]",9612,GUE001.A0102.SG1.4_10M.remove30bp_gc_rl.tsv.gz
"(43,44]",11537,GUE001.A0102.SG1.4_10M.remove30bp_gc_rl.tsv.gz
"(44,45]",10390,GUE001.A0102.SG1.4_10M.remove30bp_gc_rl.tsv.gz
"(45,46]",10732,GUE001.A0102.SG1.4_10M.remove30bp_gc_rl.tsv.gz
"(46,47]",10781,GUE001.A0102.SG1.4_10M.remove30bp_gc_rl.tsv.gz
"(47,48]",11432,GUE001.A0102.SG1.4_10M.remove30bp_gc_rl.tsv.gz
"(48,49]",14201,GUE001.A0102.SG1.4_10M.remove30bp_gc_rl.tsv.gz
"(49,50]",27804,GUE001.A0102.SG1.4_10M.remove30bp_gc_rl.tsv.gz
"(50,51]",7310,GUE001.A0102.SG1.4_10M.remove30bp_gc_rl.tsv.gz
"(51,52]",26928,GUE001.A0102.SG1.4_10M.remove30bp_gc_rl.tsv.gz
"(52,53]",32084,GUE001.A0102.SG1.4_10M.remove30bp_gc_rl.tsv.gz
"(53,54]",24282,GUE001.A0102.SG1.4_10M.remove30bp_gc_rl.tsv.gz
"(54,55]",15563,GUE001.A0102.SG1.4_10M.remove30bp_gc_rl.tsv.gz
"(55,56]",11855,GUE001.A0102.SG1.4_10M.remove30bp_gc_rl.tsv.gz
"(56,57]",13163,GUE001.A0102.SG1.4_10M.remove30bp_gc_rl.tsv.gz
"(57,58]",12126,GUE001.A0102.SG1.4_10M.remove30bp_gc_rl.tsv.gz
"(58,59]",12295,GUE001.A0102.SG1.4_10M.remove30bp_gc_rl.tsv.gz
"(59,60]",15326,GUE001.A0102.SG1.4_10M.remove30bp_gc_rl.tsv.gz
"(60,61]",9646,GUE001.A0102.SG1.4_10M.remove30bp_gc_rl.tsv.gz
"(61,62]",13111,GUE001.A0102.SG1.4_10M.remove30bp_gc_rl.tsv.gz
"(62,63]",11354,GUE001.A0102.SG1.4_10M.remove30bp_gc_rl.tsv.gz
"(63,64]",13750,GUE001.A0102.SG1.4_10M.remove30bp_gc_rl.tsv.gz
"(64,65]",12697,GUE001.A0102.SG1.4_10M.remove30bp_gc_rl.tsv.gz
"(65,66]",11378,GUE001.A0102.SG1.4_10M.remove30bp_gc_rl.tsv.gz
"(66,67]",10444,GUE001.A0102.SG1.4_10M.remove30bp_gc_rl.tsv.gz
"(67,68]",10690,GUE001.A0102.SG1.4_10M.remove30bp_gc_rl.tsv.gz
"(68,69]",8998,GUE001.A0102.SG1.4_10M.remove30bp_gc_rl.tsv.gz
"(69,70]",9922,GUE001.A0102.SG1.4_10M.remove30bp_gc_rl.tsv.gz
"(70,71]",6806,GUE001.A0102.SG1.4_10M.remove30bp_gc_rl.tsv.gz
"(71,72]",6955,GUE001.A0102.SG1.4_10M.remove30bp_gc_rl.tsv.gz
"(72,73]",5584,GUE001.A0102.SG1.4_10M.remove30bp_gc_rl.tsv.gz
"(73,74]",5080,GUE001.A0102.SG1.4_10M.remove30bp_gc_rl.tsv.gz
"(74,75]",5303,GUE001.A0102.SG1.4_10M.remove30bp_gc_rl.tsv.gz
"(75,76]",2334,GUE001.A0102.SG1.4_10M.remove30bp_gc_rl.tsv.gz
"(76,77]",2891,GUE001.A0102.SG1.4_10M.remove30bp_gc_rl.tsv.gz
"(77,78]",2280,GUE001.A0102.SG1.4_10M.remove30bp_gc_rl.tsv.gz
"(78,79]",1950,GUE001.A0102.SG1.4_10M.remove30bp_gc_rl.tsv.gz
"(79,80]",1624,GUE001.A0102.SG1.4_10M.remove30bp_gc_rl.tsv.gz
"(80,81]",786,GUE001.A0102.SG1.4_10M.remove30bp_gc_rl.tsv.gz
"(81,82]",876,GUE001.A0102.SG1.4_10M.remove30bp_gc_rl.tsv.gz
"(82,83]",594,GUE001.A0102.SG1.4_10M.remove30bp_gc_rl.tsv.gz
"(83,84]",563,GUE001.A0102.SG1.4_10M.remove30bp_gc_rl.tsv.gz
"(84,85]",379,GUE001.A0102.SG1.4_10M.remove30bp_gc_rl.tsv.gz
"(85,86]",201,GUE001.A0102.SG1.4_10M.remove30bp_gc_rl.tsv.gz
"(86,87]",217,GUE001.A0102.SG1.4_10M.remove30bp_gc_rl.tsv.gz
"(87,88]",150,GUE001.A0102.SG1.4_10M.remove30bp_gc_rl.tsv.gz
"(88,89]",75,GUE001.A0102.SG1.4_10M.remove30bp_gc_rl.tsv.gz
"(89,90]",82,GUE001.A0102.SG1.4_10M.remove30bp_gc_rl.tsv.gz
"(90,91]",68,GUE001.A0102.SG1.4_10M.remove30bp_gc_rl.tsv.gz
"(91,92]",46,GUE001.A0102.SG1.4_10M.remove30bp_gc_rl.tsv.gz
"(92,93]",35,GUE001.A0102.SG1.4_10M.remove30bp_gc_rl.tsv.gz
"(93,94]",50,GUE001.A0102.SG1.4_10M.remove30bp_gc_rl.tsv.gz
"(94,95]",63,GUE001.A0102.SG1.4_10M.remove30bp_gc_rl.tsv.gz
"(95,96]",46,GUE001.A0102.SG1.4_10M.remove30bp_gc_rl.tsv.gz
"(96,97]",51,GUE001.A0102.SG1.4_10M.remove30bp_gc_rl.tsv.gz
"(97,98]",132,GUE001.A0102.SG1.4_10M.remove30bp_gc_rl.tsv.gz
"(98,99]",124,GUE001.A0102.SG1.4_10M.remove30bp_gc_rl.tsv.gz
"(99,100]",4454,GUE001.A0102.SG1.4_10M.remove30bp_gc_rl.tsv.gz
"[0,1]",78,PES001.B0101.SG1.3_10M.remove30bp_gc_rl.tsv.gz
"(1,2]",84,PES001.B0101.SG1.3_10M.remove30bp_gc_rl.tsv.gz
"(2,3]",62,PES001.B0101.SG1.3_10M.remove30bp_gc_rl.tsv.gz
"(3,4]",52,PES001.B0101.SG1.3_10M.remove30bp_gc_rl.tsv.gz
"(4,5]",84,PES001.B0101.SG1.3_10M.remove30bp_gc_rl.tsv.gz
"(5,6]",125,PES001.B0101.SG1.3_10M.remove30bp_gc_rl.tsv.gz
"(6,7]",145,PES001.B0101.SG1.3_10M.remove30bp_gc_rl.tsv.gz
"(7,8]",155,PES001.B0101.SG1.3_10M.remove30bp_gc_rl.tsv.gz
"(8,9]",146,PES001.B0101.SG1.3_10M.remove30bp_gc_rl.tsv.gz
"(9,10]",281,PES001.B0101.SG1.3_10M.remove30bp_gc_rl.tsv.gz
"(10,11]",316,PES001.B0101.SG1.3_10M.remove30bp_gc_rl.tsv.gz
"(11,12]",401,PES001.B0101.SG1.3_10M.remove30bp_gc_rl.tsv.gz
"(12,13]",357,PES001.B0101.SG1.3_10M.remove30bp_gc_rl.tsv.gz
"(13,14]",742,PES001.B0101.SG1.3_10M.remove30bp_gc_rl.tsv.gz
"(14,15]",940,PES001.B0101.SG1.3_10M.remove30bp_gc_rl.tsv.gz
"(15,16]",1368,PES001.B0101.SG1.3_10M.remove30bp_gc_rl.tsv.gz
"(16,17]",1224,PES001.B0101.SG1.3_10M.remove30bp_gc_rl.tsv.gz
"(17,18]",2534,PES001.B0101.SG1.3_10M.remove30bp_gc_rl.tsv.gz
"(18,19]",3392,PES001.B0101.SG1.3_10M.remove30bp_gc_rl.tsv.gz
"(19,20]",5127,PES001.B0101.SG1.3_10M.remove30bp_gc_rl.tsv.gz
"(20,21]",3699,PES001.B0101.SG1.3_10M.remove30bp_gc_rl.tsv.gz
"(21,22]",8131,PES001.B0101.SG1.3_10M.remove30bp_gc_rl.tsv.gz
"(22,23]",10370,PES001.B0101.SG1.3_10M.remove30bp_gc_rl.tsv.gz
"(23,24]",13662,PES001.B0101.SG1.3_10M.remove30bp_gc_rl.tsv.gz
"(24,25]",18166,PES001.B0101.SG1.3_10M.remove30bp_gc_rl.tsv.gz
"(25,26]",13542,PES001.B0101.SG1.3_10M.remove30bp_gc_rl.tsv.gz
"(26,27]",24187,PES001.B0101.SG1.3_10M.remove30bp_gc_rl.tsv.gz
"(27,28]",31248,PES001.B0101.SG1.3_10M.remove30bp_gc_rl.tsv.gz
"(28,29]",33033,PES001.B0101.SG1.3_10M.remove30bp_gc_rl.tsv.gz
"(29,30]",33689,PES001.B0101.SG1.3_10M.remove30bp_gc_rl.tsv.gz
"(30,31]",45308,PES001.B0101.SG1.3_10M.remove30bp_gc_rl.tsv.gz
"(31,32]",57160,PES001.B0101.SG1.3_10M.remove30bp_gc_rl.tsv.gz
"(32,33]",59126,PES001.B0101.SG1.3_10M.remove30bp_gc_rl.tsv.gz
"(33,34]",53189,PES001.B0101.SG1.3_10M.remove30bp_gc_rl.tsv.gz
"(34,35]",81821,PES001.B0101.SG1.3_10M.remove30bp_gc_rl.tsv.gz
"(35,36]",92637,PES001.B0101.SG1.3_10M.remove30bp_gc_rl.tsv.gz
"(36,37]",98603,PES001.B0101.SG1.3_10M.remove30bp_gc_rl.tsv.gz
"(37,38]",86616,PES001.B0101.SG1.3_10M.remove30bp_gc_rl.tsv.gz
"(38,39]",126730,PES001.B0101.SG1.3_10M.remove30bp_gc_rl.tsv.gz
"(39,40]",161122,PES001.B0101.SG1.3_10M.remove30bp_gc_rl.tsv.gz
"(40,41]",135122,PES001.B0101.SG1.3_10M.remove30bp_gc_rl.tsv.gz
"(41,42]",133773,PES001.B0101.SG1.3_10M.remove30bp_gc_rl.tsv.gz
"(42,43]",183524,PES001.B0101.SG1.3_10M.remove30bp_gc_rl.tsv.gz
"(43,44]",209902,PES001.B0101.SG1.3_10M.remove30bp_gc_rl.tsv.gz
"(44,45]",206543,PES001.B0101.SG1.3_10M.remove30bp_gc_rl.tsv.gz
"(45,46]",174498,PES001.B0101.SG1.3_10M.remove30bp_gc_rl.tsv.gz
"(46,47]",233297,PES001.B0101.SG1.3_10M.remove30bp_gc_rl.tsv.gz
"(47,48]",250522,PES001.B0101.SG1.3_10M.remove30bp_gc_rl.tsv.gz
"(48,49]",238672,PES001.B0101.SG1.3_10M.remove30bp_gc_rl.tsv.gz
"(49,50]",320236,PES001.B0101.SG1.3_10M.remove30bp_gc_rl.tsv.gz
"(50,51]",120964,PES001.B0101.SG1.3_10M.remove30bp_gc_rl.tsv.gz
"(51,52]",262035,PES001.B0101.SG1.3_10M.remove30bp_gc_rl.tsv.gz
"(52,53]",241387,PES001.B0101.SG1.3_10M.remove30bp_gc_rl.tsv.gz
"(53,54]",257629,PES001.B0101.SG1.3_10M.remove30bp_gc_rl.tsv.gz
"(54,55]",223878,PES001.B0101.SG1.3_10M.remove30bp_gc_rl.tsv.gz
"(55,56]",260619,PES001.B0101.SG1.3_10M.remove30bp_gc_rl.tsv.gz
"(56,57]",266608,PES001.B0101.SG1.3_10M.remove30bp_gc_rl.tsv.gz
"(57,58]",288405,PES001.B0101.SG1.3_10M.remove30bp_gc_rl.tsv.gz
"(58,59]",250807,PES001.B0101.SG1.3_10M.remove30bp_gc_rl.tsv.gz
"(59,60]",360198,PES001.B0101.SG1.3_10M.remove30bp_gc_rl.tsv.gz
"(60,61]",279513,PES001.B0101.SG1.3_10M.remove30bp_gc_rl.tsv.gz
"(61,62]",354816,PES001.B0101.SG1.3_10M.remove30bp_gc_rl.tsv.gz
"(62,63]",297395,PES001.B0101.SG1.3_10M.remove30bp_gc_rl.tsv.gz
"(63,64]",388093,PES001.B0101.SG1.3_10M.remove30bp_gc_rl.tsv.gz
"(64,65]",376143,PES001.B0101.SG1.3_10M.remove30bp_gc_rl.tsv.gz
"(65,66]",379636,PES001.B0101.SG1.3_10M.remove30bp_gc_rl.tsv.gz
"(66,67]",309907,PES001.B0101.SG1.3_10M.remove30bp_gc_rl.tsv.gz
"(67,68]",381211,PES001.B0101.SG1.3_10M.remove30bp_gc_rl.tsv.gz
"(68,69]",332347,PES001.B0101.SG1.3_10M.remove30bp_gc_rl.tsv.gz
"(69,70]",349621,PES001.B0101.SG1.3_10M.remove30bp_gc_rl.tsv.gz
"(70,71]",236548,PES001.B0101.SG1.3_10M.remove30bp_gc_rl.tsv.gz
"(71,72]",274130,PES001.B0101.SG1.3_10M.remove30bp_gc_rl.tsv.gz
"(72,73]",217179,PES001.B0101.SG1.3_10M.remove30bp_gc_rl.tsv.gz
"(73,74]",193910,PES001.B0101.SG1.3_10M.remove30bp_gc_rl.tsv.gz
"(74,75]",178519,PES001.B0101.SG1.3_10M.remove30bp_gc_rl.tsv.gz
"(75,76]",85711,PES001.B0101.SG1.3_10M.remove30bp_gc_rl.tsv.gz
"(76,77]",91336,PES001.B0101.SG1.3_10M.remove30bp_gc_rl.tsv.gz
"(77,78]",72988,PES001.B0101.SG1.3_10M.remove30bp_gc_rl.tsv.gz
"(78,79]",51495,PES001.B0101.SG1.3_10M.remove30bp_gc_rl.tsv.gz
"(79,80]",39489,PES001.B0101.SG1.3_10M.remove30bp_gc_rl.tsv.gz
"(80,81]",20115,PES001.B0101.SG1.3_10M.remove30bp_gc_rl.tsv.gz
"(81,82]",18962,PES001.B0101.SG1.3_10M.remove30bp_gc_rl.tsv.gz
"(82,83]",12054,PES001.B0101.SG1.3_10M.remove30bp_gc_rl.tsv.gz
"(83,84]",8873,PES001.B0101.SG1.3_10M.remove30bp_gc_rl.tsv.gz
"(84,85]",6180,PES001.B0101.SG1.3_10M.remove30bp_gc_rl.tsv.gz
"(85,86]",3662,PES001.B0101.SG1.3_10M.remove30bp_gc_rl.tsv.gz
"(86,87]",3011,PES001.B0101.SG1.3_10M.remove30bp_gc_rl.tsv.gz
"(87,88]",2174,PES001.B0101.SG1.3_10M.remove30bp_gc_rl.tsv.gz
"(88,89]",1290,PES001.B0101.SG1.3_10M.remove30bp_gc_rl.tsv.gz
"(89,90]",1091,PES001.B0101.SG1.3_10M.remove30bp_gc_rl.tsv.gz
"(90,91]",782,PES001.B0101.SG1.3_10M.remove30bp_gc_rl.tsv.gz
"(91,92]",517,PES001.B0101.SG1.3_10M.remove30bp_gc_rl.tsv.gz
"(92,93]",394,PES001.B0101.SG1.3_10M.remove30bp_gc_rl.tsv.gz
"(93,94]",451,PES001.B0101.SG1.3_10M.remove30bp_gc_rl.tsv.gz
"(94,95]",365,PES001.B0101.SG1.3_10M.remove30bp_gc_rl.tsv.gz
"(95,96]",302,PES001.B0101.SG1.3_10M.remove30bp_gc_rl.tsv.gz
"(96,97]",307,PES001.B0101.SG1.3_10M.remove30bp_gc_rl.tsv.gz
"(97,98]",438,PES001.B0101.SG1.3_10M.remove30bp_gc_rl.tsv.gz
"(98,99]",488,PES001.B0101.SG1.3_10M.remove30bp_gc_rl.tsv.gz
"(99,100]",4005,PES001.B0101.SG1.3_10M.remove30bp_gc_rl.tsv.gz
"[0,1]",85,PES001.B0102.SG1.5_10M.remove30bp_gc_rl.tsv.gz
"(1,2]",59,PES001.B0102.SG1.5_10M.remove30bp_gc_rl.tsv.gz
"(2,3]",120,PES001.B0102.SG1.5_10M.remove30bp_gc_rl.tsv.gz
"(3,4]",131,PES001.B0102.SG1.5_10M.remove30bp_gc_rl.tsv.gz
"(4,5]",200,PES001.B0102.SG1.5_10M.remove30bp_gc_rl.tsv.gz
"(5,6]",383,PES001.B0102.SG1.5_10M.remove30bp_gc_rl.tsv.gz
"(6,7]",550,PES001.B0102.SG1.5_10M.remove30bp_gc_rl.tsv.gz
"(7,8]",614,PES001.B0102.SG1.5_10M.remove30bp_gc_rl.tsv.gz
"(8,9]",995,PES001.B0102.SG1.5_10M.remove30bp_gc_rl.tsv.gz
"(9,10]",1832,PES001.B0102.SG1.5_10M.remove30bp_gc_rl.tsv.gz
"(10,11]",1593,PES001.B0102.SG1.5_10M.remove30bp_gc_rl.tsv.gz
"(11,12]",2632,PES001.B0102.SG1.5_10M.remove30bp_gc_rl.tsv.gz
"(12,13]",3286,PES001.B0102.SG1.5_10M.remove30bp_gc_rl.tsv.gz
"(13,14]",4576,PES001.B0102.SG1.5_10M.remove30bp_gc_rl.tsv.gz
"(14,15]",5565,PES001.B0102.SG1.5_10M.remove30bp_gc_rl.tsv.gz
"(15,16]",7327,PES001.B0102.SG1.5_10M.remove30bp_gc_rl.tsv.gz
"(16,17]",8543,PES001.B0102.SG1.5_10M.remove30bp_gc_rl.tsv.gz
"(17,18]",11452,PES001.B0102.SG1.5_10M.remove30bp_gc_rl.tsv.gz
"(18,19]",13923,PES001.B0102.SG1.5_10M.remove30bp_gc_rl.tsv.gz
"(19,20]",21549,PES001.B0102.SG1.5_10M.remove30bp_gc_rl.tsv.gz
"(20,21]",13726,PES001.B0102.SG1.5_10M.remove30bp_gc_rl.tsv.gz
"(21,22]",25898,PES001.B0102.SG1.5_10M.remove30bp_gc_rl.tsv.gz
"(22,23]",28374,PES001.B0102.SG1.5_10M.remove30bp_gc_rl.tsv.gz
"(23,24]",34800,PES001.B0102.SG1.5_10M.remove30bp_gc_rl.tsv.gz
"(24,25]",45498,PES001.B0102.SG1.5_10M.remove30bp_gc_rl.tsv.gz
"(25,26]",31888,PES001.B0102.SG1.5_10M.remove30bp_gc_rl.tsv.gz
"(26,27]",48299,PES001.B0102.SG1.5_10M.remove30bp_gc_rl.tsv.gz
"(27,28]",56057,PES001.B0102.SG1.5_10M.remove30bp_gc_rl.tsv.gz
"(28,29]",59506,PES001.B0102.SG1.5_10M.remove30bp_gc_rl.tsv.gz
"(29,30]",69615,PES001.B0102.SG1.5_10M.remove30bp_gc_rl.tsv.gz
"(30,31]",67019,PES001.B0102.SG1.5_10M.remove30bp_gc_rl.tsv.gz
"(31,32]",81032,PES001.B0102.SG1.5_10M.remove30bp_gc_rl.tsv.gz
"(32,33]",85561,PES001.B0102.SG1.5_10M.remove30bp_gc_rl.tsv.gz
"(33,34]",84747,PES001.B0102.SG1.5_10M.remove30bp_gc_rl.tsv.gz
"(34,35]",105506,PES001.B0102.SG1.5_10M.remove30bp_gc_rl.tsv.gz
"(35,36]",109985,PES001.B0102.SG1.5_10M.remove30bp_gc_rl.tsv.gz
"(36,37]",120732,PES001.B0102.SG1.5_10M.remove30bp_gc_rl.tsv.gz
"(37,38]",111259,PES001.B0102.SG1.5_10M.remove30bp_gc_rl.tsv.gz
"(38,39]",133666,PES001.B0102.SG1.5_10M.remove30bp_gc_rl.tsv.gz
"(39,40]",169702,PES001.B0102.SG1.5_10M.remove30bp_gc_rl.tsv.gz
"(40,41]",119554,PES001.B0102.SG1.5_10M.remove30bp_gc_rl.tsv.gz
"(41,42]",145295,PES001.B0102.SG1.5_10M.remove30bp_gc_rl.tsv.gz
"(42,43]",155416,PES001.B0102.SG1.5_10M.remove30bp_gc_rl.tsv.gz
"(43,44]",175301,PES001.B0102.SG1.5_10M.remove30bp_gc_rl.tsv.gz
"(44,45]",160511,PES001.B0102.SG1.5_10M.remove30bp_gc_rl.tsv.gz
"(45,46]",159167,PES001.B0102.SG1.5_10M.remove30bp_gc_rl.tsv.gz
"(46,47]",165831,PES001.B0102.SG1.5_10M.remove30bp_gc_rl.tsv.gz
"(47,48]",168107,PES001.B0102.SG1.5_10M.remove30bp_gc_rl.tsv.gz
"(48,49]",178205,PES001.B0102.SG1.5_10M.remove30bp_gc_rl.tsv.gz
"(49,50]",232448,PES001.B0102.SG1.5_10M.remove30bp_gc_rl.tsv.gz
"(50,51]",56585,PES001.B0102.SG1.5_10M.remove30bp_gc_rl.tsv.gz
"(51,52]",182164,PES001.B0102.SG1.5_10M.remove30bp_gc_rl.tsv.gz
"(52,53]",151393,PES001.B0102.SG1.5_10M.remove30bp_gc_rl.tsv.gz
"(53,54]",159107,PES001.B0102.SG1.5_10M.remove30bp_gc_rl.tsv.gz
"(54,55]",162866,PES001.B0102.SG1.5_10M.remove30bp_gc_rl.tsv.gz
"(55,56]",142245,PES001.B0102.SG1.5_10M.remove30bp_gc_rl.tsv.gz
"(56,57]",160105,PES001.B0102.SG1.5_10M.remove30bp_gc_rl.tsv.gz
"(57,58]",156755,PES001.B0102.SG1.5_10M.remove30bp_gc_rl.tsv.gz
"(58,59]",154172,PES001.B0102.SG1.5_10M.remove30bp_gc_rl.tsv.gz
"(59,60]",199575,PES001.B0102.SG1.5_10M.remove30bp_gc_rl.tsv.gz
"(60,61]",127484,PES001.B0102.SG1.5_10M.remove30bp_gc_rl.tsv.gz
"(61,62]",171752,PES001.B0102.SG1.5_10M.remove30bp_gc_rl.tsv.gz
"(62,63]",151830,PES001.B0102.SG1.5_10M.remove30bp_gc_rl.tsv.gz
"(63,64]",180916,PES001.B0102.SG1.5_10M.remove30bp_gc_rl.tsv.gz
"(64,65]",171052,PES001.B0102.SG1.5_10M.remove30bp_gc_rl.tsv.gz
"(65,66]",160889,PES001.B0102.SG1.5_10M.remove30bp_gc_rl.tsv.gz
"(66,67]",144290,PES001.B0102.SG1.5_10M.remove30bp_gc_rl.tsv.gz
"(67,68]",151396,PES001.B0102.SG1.5_10M.remove30bp_gc_rl.tsv.gz
"(68,69]",132779,PES001.B0102.SG1.5_10M.remove30bp_gc_rl.tsv.gz
"(69,70]",145383,PES001.B0102.SG1.5_10M.remove30bp_gc_rl.tsv.gz
"(70,71]",102821,PES001.B0102.SG1.5_10M.remove30bp_gc_rl.tsv.gz
"(71,72]",104813,PES001.B0102.SG1.5_10M.remove30bp_gc_rl.tsv.gz
"(72,73]",84378,PES001.B0102.SG1.5_10M.remove30bp_gc_rl.tsv.gz
"(73,74]",76239,PES001.B0102.SG1.5_10M.remove30bp_gc_rl.tsv.gz
"(74,75]",80106,PES001.B0102.SG1.5_10M.remove30bp_gc_rl.tsv.gz
"(75,76]",34255,PES001.B0102.SG1.5_10M.remove30bp_gc_rl.tsv.gz
"(76,77]",40521,PES001.B0102.SG1.5_10M.remove30bp_gc_rl.tsv.gz
"(77,78]",32571,PES001.B0102.SG1.5_10M.remove30bp_gc_rl.tsv.gz
"(78,79]",25935,PES001.B0102.SG1.5_10M.remove30bp_gc_rl.tsv.gz
"(79,80]",22120,PES001.B0102.SG1.5_10M.remove30bp_gc_rl.tsv.gz
"(80,81]",10524,PES001.B0102.SG1.5_10M.remove30bp_gc_rl.tsv.gz
"(81,82]",10963,PES001.B0102.SG1.5_10M.remove30bp_gc_rl.tsv.gz
"(82,83]",6585,PES001.B0102.SG1.5_10M.remove30bp_gc_rl.tsv.gz
"(83,84]",6506,PES001.B0102.SG1.5_10M.remove30bp_gc_rl.tsv.gz
"(84,85]",3988,PES001.B0102.SG1.5_10M.remove30bp_gc_rl.tsv.gz
"(85,86]",1872,PES001.B0102.SG1.5_10M.remove30bp_gc_rl.tsv.gz
"(86,87]",1914,PES001.B0102.SG1.5_10M.remove30bp_gc_rl.tsv.gz
"(87,88]",1622,PES001.B0102.SG1.5_10M.remove30bp_gc_rl.tsv.gz
"(88,89]",662,PES001.B0102.SG1.5_10M.remove30bp_gc_rl.tsv.gz
"(89,90]",576,PES001.B0102.SG1.5_10M.remove30bp_gc_rl.tsv.gz
"(90,91]",451,PES001.B0102.SG1.5_10M.remove30bp_gc_rl.tsv.gz
"(91,92]",261,PES001.B0102.SG1.5_10M.remove30bp_gc_rl.tsv.gz
"(92,93]",144,PES001.B0102.SG1.5_10M.remove30bp_gc_rl.tsv.gz
"(93,94]",306,PES001.B0102.SG1.5_10M.remove30bp_gc_rl.tsv.gz
"(94,95]",192,PES001.B0102.SG1.5_10M.remove30bp_gc_rl.tsv.gz
"(95,96]",84,PES001.B0102.SG1.5_10M.remove30bp_gc_rl.tsv.gz
"(96,97]",129,PES001.B0102.SG1.5_10M.remove30bp_gc_rl.tsv.gz
"(97,98]",206,PES001.B0102.SG1.5_10M.remove30bp_gc_rl.tsv.gz
"(98,99]",335,PES001.B0102.SG1.5_10M.remove30bp_gc_rl.tsv.gz
"(99,100]",13211,PES001.B0102.SG1.5_10M.remove30bp_gc_rl.tsv.gz
"[0,1]",123,SPM002.A0101_10M.remove30bp_gc_rl.tsv.gz
"(1,2]",130,SPM002.A0101_10M.remove30bp_gc_rl.tsv.gz
"(2,3]",141,SPM002.A0101_10M.remove30bp_gc_rl.tsv.gz
"(3,4]",109,SPM002.A0101_10M.remove30bp_gc_rl.tsv.gz
"(4,5]",139,SPM002.A0101_10M.remove30bp_gc_rl.tsv.gz
"(5,6]",251,SPM002.A0101_10M.remove30bp_gc_rl.tsv.gz
"(6,7]",220,SPM002.A0101_10M.remove30bp_gc_rl.tsv.gz
"(7,8]",219,SPM002.A0101_10M.remove30bp_gc_rl.tsv.gz
"(8,9]",198,SPM002.A0101_10M.remove30bp_gc_rl.tsv.gz
"(9,10]",371,SPM002.A0101_10M.remove30bp_gc_rl.tsv.gz
"(10,11]",383,SPM002.A0101_10M.remove30bp_gc_rl.tsv.gz
"(11,12]",440,SPM002.A0101_10M.remove30bp_gc_rl.tsv.gz
"(12,13]",356,SPM002.A0101_10M.remove30bp_gc_rl.tsv.gz
"(13,14]",734,SPM002.A0101_10M.remove30bp_gc_rl.tsv.gz
"(14,15]",935,SPM002.A0101_10M.remove30bp_gc_rl.tsv.gz
"(15,16]",1281,SPM002.A0101_10M.remove30bp_gc_rl.tsv.gz
"(16,17]",1062,SPM002.A0101_10M.remove30bp_gc_rl.tsv.gz
"(17,18]",2728,SPM002.A0101_10M.remove30bp_gc_rl.tsv.gz
"(18,19]",5226,SPM002.A0101_10M.remove30bp_gc_rl.tsv.gz
"(19,20]",9527,SPM002.A0101_10M.remove30bp_gc_rl.tsv.gz
"(20,21]",5990,SPM002.A0101_10M.remove30bp_gc_rl.tsv.gz
"(21,22]",21643,SPM002.A0101_10M.remove30bp_gc_rl.tsv.gz
"(22,23]",35971,SPM002.A0101_10M.remove30bp_gc_rl.tsv.gz
"(23,24]",53724,SPM002.A0101_10M.remove30bp_gc_rl.tsv.gz
"(24,25]",67409,SPM002.A0101_10M.remove30bp_gc_rl.tsv.gz
"(25,26]",56494,SPM002.A0101_10M.remove30bp_gc_rl.tsv.gz
"(26,27]",121852,SPM002.A0101_10M.remove30bp_gc_rl.tsv.gz
"(27,28]",167624,SPM002.A0101_10M.remove30bp_gc_rl.tsv.gz
"(28,29]",164586,SPM002.A0101_10M.remove30bp_gc_rl.tsv.gz
"(29,30]",149301,SPM002.A0101_10M.remove30bp_gc_rl.tsv.gz
"(30,31]",252915,SPM002.A0101_10M.remove30bp_gc_rl.tsv.gz
"(31,32]",318719,SPM002.A0101_10M.remove30bp_gc_rl.tsv.gz
"(32,33]",293395,SPM002.A0101_10M.remove30bp_gc_rl.tsv.gz
"(33,34]",242309,SPM002.A0101_10M.remove30bp_gc_rl.tsv.gz
"(34,35]",408498,SPM002.A0101_10M.remove30bp_gc_rl.tsv.gz
"(35,36]",462367,SPM002.A0101_10M.remove30bp_gc_rl.tsv.gz
"(36,37]",416829,SPM002.A0101_10M.remove30bp_gc_rl.tsv.gz
"(37,38]",321066,SPM002.A0101_10M.remove30bp_gc_rl.tsv.gz
"(38,39]",493916,SPM002.A0101_10M.remove30bp_gc_rl.tsv.gz
"(39,40]",539649,SPM002.A0101_10M.remove30bp_gc_rl.tsv.gz
"(40,41]",393341,SPM002.A0101_10M.remove30bp_gc_rl.tsv.gz
"(41,42]",314129,SPM002.A0101_10M.remove30bp_gc_rl.tsv.gz
"(42,43]",445843,SPM002.A0101_10M.remove30bp_gc_rl.tsv.gz
"(43,44]",453683,SPM002.A0101_10M.remove30bp_gc_rl.tsv.gz
"(44,45]",364462,SPM002.A0101_10M.remove30bp_gc_rl.tsv.gz
"(45,46]",264495,SPM002.A0101_10M.remove30bp_gc_rl.tsv.gz
"(46,47]",386652,SPM002.A0101_10M.remove30bp_gc_rl.tsv.gz
"(47,48]",391111,SPM002.A0101_10M.remove30bp_gc_rl.tsv.gz
"(48,49]",315714,SPM002.A0101_10M.remove30bp_gc_rl.tsv.gz
"(49,50]",406195,SPM002.A0101_10M.remove30bp_gc_rl.tsv.gz
"(50,51]",154465,SPM002.A0101_10M.remove30bp_gc_rl.tsv.gz
"(51,52]",328013,SPM002.A0101_10M.remove30bp_gc_rl.tsv.gz
"(52,53]",270618,SPM002.A0101_10M.remove30bp_gc_rl.tsv.gz
"(53,54]",288913,SPM002.A0101_10M.remove30bp_gc_rl.tsv.gz
"(54,55]",197860,SPM002.A0101_10M.remove30bp_gc_rl.tsv.gz
"(55,56]",274453,SPM002.A0101_10M.remove30bp_gc_rl.tsv.gz
"(56,57]",234700,SPM002.A0101_10M.remove30bp_gc_rl.tsv.gz
"(57,58]",241479,SPM002.A0101_10M.remove30bp_gc_rl.tsv.gz
"(58,59]",157158,SPM002.A0101_10M.remove30bp_gc_rl.tsv.gz
"(59,60]",224955,SPM002.A0101_10M.remove30bp_gc_rl.tsv.gz
"(60,61]",147755,SPM002.A0101_10M.remove30bp_gc_rl.tsv.gz
"(61,62]",158085,SPM002.A0101_10M.remove30bp_gc_rl.tsv.gz
"(62,63]",95813,SPM002.A0101_10M.remove30bp_gc_rl.tsv.gz
"(63,64]",127188,SPM002.A0101_10M.remove30bp_gc_rl.tsv.gz
"(64,65]",95301,SPM002.A0101_10M.remove30bp_gc_rl.tsv.gz
"(65,66]",85830,SPM002.A0101_10M.remove30bp_gc_rl.tsv.gz
"(66,67]",53423,SPM002.A0101_10M.remove30bp_gc_rl.tsv.gz
"(67,68]",66455,SPM002.A0101_10M.remove30bp_gc_rl.tsv.gz
"(68,69]",46414,SPM002.A0101_10M.remove30bp_gc_rl.tsv.gz
"(69,70]",44875,SPM002.A0101_10M.remove30bp_gc_rl.tsv.gz
"(70,71]",24371,SPM002.A0101_10M.remove30bp_gc_rl.tsv.gz
"(71,72]",29549,SPM002.A0101_10M.remove30bp_gc_rl.tsv.gz
"(72,73]",21187,SPM002.A0101_10M.remove30bp_gc_rl.tsv.gz
"(73,74]",19245,SPM002.A0101_10M.remove30bp_gc_rl.tsv.gz
"(74,75]",18102,SPM002.A0101_10M.remove30bp_gc_rl.tsv.gz
"(75,76]",8248,SPM002.A0101_10M.remove30bp_gc_rl.tsv.gz
"(76,77]",9796,SPM002.A0101_10M.remove30bp_gc_rl.tsv.gz
"(77,78]",9197,SPM002.A0101_10M.remove30bp_gc_rl.tsv.gz
"(78,79]",7380,SPM002.A0101_10M.remove30bp_gc_rl.tsv.gz
"(79,80]",5907,SPM002.A0101_10M.remove30bp_gc_rl.tsv.gz
"(80,81]",3743,SPM002.A0101_10M.remove30bp_gc_rl.tsv.gz
"(81,82]",4421,SPM002.A0101_10M.remove30bp_gc_rl.tsv.gz
"(82,83]",3380,SPM002.A0101_10M.remove30bp_gc_rl.tsv.gz
"(83,84]",2843,SPM002.A0101_10M.remove30bp_gc_rl.tsv.gz
"(84,85]",2414,SPM002.A0101_10M.remove30bp_gc_rl.tsv.gz
"(85,86]",2225,SPM002.A0101_10M.remove30bp_gc_rl.tsv.gz
"(86,87]",2075,SPM002.A0101_10M.remove30bp_gc_rl.tsv.gz
"(87,88]",1747,SPM002.A0101_10M.remove30bp_gc_rl.tsv.gz
"(88,89]",1379,SPM002.A0101_10M.remove30bp_gc_rl.tsv.gz
"(89,90]",1702,SPM002.A0101_10M.remove30bp_gc_rl.tsv.gz
"(90,91]",1583,SPM002.A0101_10M.remove30bp_gc_rl.tsv.gz
"(91,92]",1492,SPM002.A0101_10M.remove30bp_gc_rl.tsv.gz
"(92,93]",1305,SPM002.A0101_10M.remove30bp_gc_rl.tsv.gz
"(93,94]",1868,SPM002.A0101_10M.remove30bp_gc_rl.tsv.gz
"(94,95]",2087,SPM002.A0101_10M.remove30bp_gc_rl.tsv.gz
"(95,96]",2073,SPM002.A0101_10M.remove30bp_gc_rl.tsv.gz
"(96,97]",2084,SPM002.A0101_10M.remove30bp_gc_rl.tsv.gz
"(97,98]",2738,SPM002.A0101_10M.remove30bp_gc_rl.tsv.gz
"(98,99]",3707,SPM002.A0101_10M.remove30bp_gc_rl.tsv.gz
"(99,100]",9141,SPM002.A0101_10M.remove30bp_gc_rl.tsv.gz
"[0,1]",342,SPM002.A0103.SG1.4_10M.remove30bp_gc_rl.tsv.gz
"(1,2]",105,SPM002.A0103.SG1.4_10M.remove30bp_gc_rl.tsv.gz
"(2,3]",318,SPM002.A0103.SG1.4_10M.remove30bp_gc_rl.tsv.gz
"(3,4]",340,SPM002.A0103.SG1.4_10M.remove30bp_gc_rl.tsv.gz
"(4,5]",311,SPM002.A0103.SG1.4_10M.remove30bp_gc_rl.tsv.gz
"(5,6]",529,SPM002.A0103.SG1.4_10M.remove30bp_gc_rl.tsv.gz
"(6,7]",871,SPM002.A0103.SG1.4_10M.remove30bp_gc_rl.tsv.gz
"(7,8]",691,SPM002.A0103.SG1.4_10M.remove30bp_gc_rl.tsv.gz
"(8,9]",998,SPM002.A0103.SG1.4_10M.remove30bp_gc_rl.tsv.gz
"(9,10]",2344,SPM002.A0103.SG1.4_10M.remove30bp_gc_rl.tsv.gz
"(10,11]",1612,SPM002.A0103.SG1.4_10M.remove30bp_gc_rl.tsv.gz
"(11,12]",2650,SPM002.A0103.SG1.4_10M.remove30bp_gc_rl.tsv.gz
"(12,13]",3629,SPM002.A0103.SG1.4_10M.remove30bp_gc_rl.tsv.gz
"(13,14]",5110,SPM002.A0103.SG1.4_10M.remove30bp_gc_rl.tsv.gz
"(14,15]",5685,SPM002.A0103.SG1.4_10M.remove30bp_gc_rl.tsv.gz
"(15,16]",8403,SPM002.A0103.SG1.4_10M.remove30bp_gc_rl.tsv.gz
"(16,17]",9366,SPM002.A0103.SG1.4_10M.remove30bp_gc_rl.tsv.gz
"(17,18]",13175,SPM002.A0103.SG1.4_10M.remove30bp_gc_rl.tsv.gz
"(18,19]",17393,SPM002.A0103.SG1.4_10M.remove30bp_gc_rl.tsv.gz
"(19,20]",26794,SPM002.A0103.SG1.4_10M.remove30bp_gc_rl.tsv.gz
"(20,21]",14517,SPM002.A0103.SG1.4_10M.remove30bp_gc_rl.tsv.gz
"(21,22]",32722,SPM002.A0103.SG1.4_10M.remove30bp_gc_rl.tsv.gz
"(22,23]",36828,SPM002.A0103.SG1.4_10M.remove30bp_gc_rl.tsv.gz
"(23,24]",45577,SPM002.A0103.SG1.4_10M.remove30bp_gc_rl.tsv.gz
"(24,25]",56238,SPM002.A0103.SG1.4_10M.remove30bp_gc_rl.tsv.gz
"(25,26]",36425,SPM002.A0103.SG1.4_10M.remove30bp_gc_rl.tsv.gz
"(26,27]",62674,SPM002.A0103.SG1.4_10M.remove30bp_gc_rl.tsv.gz
"(27,28]",70288,SPM002.A0103.SG1.4_10M.remove30bp_gc_rl.tsv.gz
"(28,29]",70192,SPM002.A0103.SG1.4_10M.remove30bp_gc_rl.tsv.gz
"(29,30]",71955,SPM002.A0103.SG1.4_10M.remove30bp_gc_rl.tsv.gz
"(30,31]",75576,SPM002.A0103.SG1.4_10M.remove30bp_gc_rl.tsv.gz
"(31,32]",87770,SPM002.A0103.SG1.4_10M.remove30bp_gc_rl.tsv.gz
"(32,33]",84629,SPM002.A0103.SG1.4_10M.remove30bp_gc_rl.tsv.gz
"(33,34]",72382,SPM002.A0103.SG1.4_10M.remove30bp_gc_rl.tsv.gz
"(34,35]",95236,SPM002.A0103.SG1.4_10M.remove30bp_gc_rl.tsv.gz
"(35,36]",93750,SPM002.A0103.SG1.4_10M.remove30bp_gc_rl.tsv.gz
"(36,37]",93160,SPM002.A0103.SG1.4_10M.remove30bp_gc_rl.tsv.gz
"(37,38]",70746,SPM002.A0103.SG1.4_10M.remove30bp_gc_rl.tsv.gz
"(38,39]",88287,SPM002.A0103.SG1.4_10M.remove30bp_gc_rl.tsv.gz
"(39,40]",98064,SPM002.A0103.SG1.4_10M.remove30bp_gc_rl.tsv.gz
"(40,41]",62576,SPM002.A0103.SG1.4_10M.remove30bp_gc_rl.tsv.gz
"(41,42]",62082,SPM002.A0103.SG1.4_10M.remove30bp_gc_rl.tsv.gz
"(42,43]",65887,SPM002.A0103.SG1.4_10M.remove30bp_gc_rl.tsv.gz
"(43,44]",67763,SPM002.A0103.SG1.4_10M.remove30bp_gc_rl.tsv.gz
"(44,45]",54818,SPM002.A0103.SG1.4_10M.remove30bp_gc_rl.tsv.gz
"(45,46]",46729,SPM002.A0103.SG1.4_10M.remove30bp_gc_rl.tsv.gz
"(46,47]",51411,SPM002.A0103.SG1.4_10M.remove30bp_gc_rl.tsv.gz
"(47,48]",48404,SPM002.A0103.SG1.4_10M.remove30bp_gc_rl.tsv.gz
"(48,49]",49833,SPM002.A0103.SG1.4_10M.remove30bp_gc_rl.tsv.gz
"(49,50]",76858,SPM002.A0103.SG1.4_10M.remove30bp_gc_rl.tsv.gz
"(50,51]",13442,SPM002.A0103.SG1.4_10M.remove30bp_gc_rl.tsv.gz
"(51,52]",50361,SPM002.A0103.SG1.4_10M.remove30bp_gc_rl.tsv.gz
"(52,53]",43276,SPM002.A0103.SG1.4_10M.remove30bp_gc_rl.tsv.gz
"(53,54]",37181,SPM002.A0103.SG1.4_10M.remove30bp_gc_rl.tsv.gz
"(54,55]",31083,SPM002.A0103.SG1.4_10M.remove30bp_gc_rl.tsv.gz
"(55,56]",25215,SPM002.A0103.SG1.4_10M.remove30bp_gc_rl.tsv.gz
"(56,57]",26543,SPM002.A0103.SG1.4_10M.remove30bp_gc_rl.tsv.gz
"(57,58]",22623,SPM002.A0103.SG1.4_10M.remove30bp_gc_rl.tsv.gz
"(58,59]",19265,SPM002.A0103.SG1.4_10M.remove30bp_gc_rl.tsv.gz
"(59,60]",23110,SPM002.A0103.SG1.4_10M.remove30bp_gc_rl.tsv.gz
"(60,61]",12685,SPM002.A0103.SG1.4_10M.remove30bp_gc_rl.tsv.gz
"(61,62]",15441,SPM002.A0103.SG1.4_10M.remove30bp_gc_rl.tsv.gz
"(62,63]",10654,SPM002.A0103.SG1.4_10M.remove30bp_gc_rl.tsv.gz
"(63,64]",12584,SPM002.A0103.SG1.4_10M.remove30bp_gc_rl.tsv.gz
"(64,65]",10027,SPM002.A0103.SG1.4_10M.remove30bp_gc_rl.tsv.gz
"(65,66]",7853,SPM002.A0103.SG1.4_10M.remove30bp_gc_rl.tsv.gz
"(66,67]",6817,SPM002.A0103.SG1.4_10M.remove30bp_gc_rl.tsv.gz
"(67,68]",6104,SPM002.A0103.SG1.4_10M.remove30bp_gc_rl.tsv.gz
"(68,69]",4617,SPM002.A0103.SG1.4_10M.remove30bp_gc_rl.tsv.gz
"(69,70]",5115,SPM002.A0103.SG1.4_10M.remove30bp_gc_rl.tsv.gz
"(70,71]",3225,SPM002.A0103.SG1.4_10M.remove30bp_gc_rl.tsv.gz
"(71,72]",3020,SPM002.A0103.SG1.4_10M.remove30bp_gc_rl.tsv.gz
"(72,73]",2387,SPM002.A0103.SG1.4_10M.remove30bp_gc_rl.tsv.gz
"(73,74]",2257,SPM002.A0103.SG1.4_10M.remove30bp_gc_rl.tsv.gz
"(74,75]",2450,SPM002.A0103.SG1.4_10M.remove30bp_gc_rl.tsv.gz
"(75,76]",932,SPM002.A0103.SG1.4_10M.remove30bp_gc_rl.tsv.gz
"(76,77]",1318,SPM002.A0103.SG1.4_10M.remove30bp_gc_rl.tsv.gz
"(77,78]",1075,SPM002.A0103.SG1.4_10M.remove30bp_gc_rl.tsv.gz
"(78,79]",924,SPM002.A0103.SG1.4_10M.remove30bp_gc_rl.tsv.gz
"(79,80]",827,SPM002.A0103.SG1.4_10M.remove30bp_gc_rl.tsv.gz
"(80,81]",433,SPM002.A0103.SG1.4_10M.remove30bp_gc_rl.tsv.gz
"(81,82]",490,SPM002.A0103.SG1.4_10M.remove30bp_gc_rl.tsv.gz
"(82,83]",358,SPM002.A0103.SG1.4_10M.remove30bp_gc_rl.tsv.gz
"(83,84]",403,SPM002.A0103.SG1.4_10M.remove30bp_gc_rl.tsv.gz
"(84,85]",311,SPM002.A0103.SG1.4_10M.remove30bp_gc_rl.tsv.gz
"(85,86]",181,SPM002.A0103.SG1.4_10M.remove30bp_gc_rl.tsv.gz
"(86,87]",191,SPM002.A0103.SG1.4_10M.remove30bp_gc_rl.tsv.gz
"(87,88]",190,SPM002.A0103.SG1.4_10M.remove30bp_gc_rl.tsv.gz
"(88,89]",141,SPM002.A0103.SG1.4_10M.remove30bp_gc_rl.tsv.gz
"(89,90]",143,SPM002.A0103.SG1.4_10M.remove30bp_gc_rl.tsv.gz
"(90,91]",137,SPM002.A0103.SG1.4_10M.remove30bp_gc_rl.tsv.gz
"(91,92]",117,SPM002.A0103.SG1.4_10M.remove30bp_gc_rl.tsv.gz
"(92,93]",100,SPM002.A0103.SG1.4_10M.remove30bp_gc_rl.tsv.gz
"(93,94]",124,SPM002.A0103.SG1.4_10M.remove30bp_gc_rl.tsv.gz
"(94,95]",146,SPM002.A0103.SG1.4_10M.remove30bp_gc_rl.tsv.gz
"(95,96]",94,SPM002.A0103.SG1.4_10M.remove30bp_gc_rl.tsv.gz
"(96,97]",108,SPM002.A0103.SG1.4_10M.remove30bp_gc_rl.tsv.gz
"(97,98]",237,SPM002.A0103.SG1.4_10M.remove30bp_gc_rl.tsv.gz
"(98,99]",271,SPM002.A0103.SG1.4_10M.remove30bp_gc_rl.tsv.gz
"(99,100]",10016,SPM002.A0103.SG1.4_10M.remove30bp_gc_rl.tsv.gz
"[0,1]",26,VLD001.A0101_10M.remove30bp_gc_rl.tsv.gz
"(1,2]",15,VLD001.A0101_10M.remove30bp_gc_rl.tsv.gz
"(2,3]",11,VLD001.A0101_10M.remove30bp_gc_rl.tsv.gz
"(3,4]",17,VLD001.A0101_10M.remove30bp_gc_rl.tsv.gz
"(4,5]",22,VLD001.A0101_10M.remove30bp_gc_rl.tsv.gz
"(5,6]",29,VLD001.A0101_10M.remove30bp_gc_rl.tsv.gz
"(6,7]",44,VLD001.A0101_10M.remove30bp_gc_rl.tsv.gz
"(7,8]",32,VLD001.A0101_10M.remove30bp_gc_rl.tsv.gz
"(8,9]",41,VLD001.A0101_10M.remove30bp_gc_rl.tsv.gz
"(9,10]",119,VLD001.A0101_10M.remove30bp_gc_rl.tsv.gz
"(10,11]",127,VLD001.A0101_10M.remove30bp_gc_rl.tsv.gz
"(11,12]",221,VLD001.A0101_10M.remove30bp_gc_rl.tsv.gz
"(12,13]",399,VLD001.A0101_10M.remove30bp_gc_rl.tsv.gz
"(13,14]",699,VLD001.A0101_10M.remove30bp_gc_rl.tsv.gz
"(14,15]",1024,VLD001.A0101_10M.remove30bp_gc_rl.tsv.gz
"(15,16]",1660,VLD001.A0101_10M.remove30bp_gc_rl.tsv.gz
"(16,17]",2475,VLD001.A0101_10M.remove30bp_gc_rl.tsv.gz
"(17,18]",3877,VLD001.A0101_10M.remove30bp_gc_rl.tsv.gz
"(18,19]",5494,VLD001.A0101_10M.remove30bp_gc_rl.tsv.gz
"(19,20]",10058,VLD001.A0101_10M.remove30bp_gc_rl.tsv.gz
"(20,21]",8950,VLD001.A0101_10M.remove30bp_gc_rl.tsv.gz
"(21,22]",16046,VLD001.A0101_10M.remove30bp_gc_rl.tsv.gz
"(22,23]",20472,VLD001.A0101_10M.remove30bp_gc_rl.tsv.gz
"(23,24]",28093,VLD001.A0101_10M.remove30bp_gc_rl.tsv.gz
"(24,25]",41893,VLD001.A0101_10M.remove30bp_gc_rl.tsv.gz
"(25,26]",35370,VLD001.A0101_10M.remove30bp_gc_rl.tsv.gz
"(26,27]",52978,VLD001.A0101_10M.remove30bp_gc_rl.tsv.gz
"(27,28]",67076,VLD001.A0101_10M.remove30bp_gc_rl.tsv.gz
"(28,29]",75422,VLD001.A0101_10M.remove30bp_gc_rl.tsv.gz
"(29,30]",95731,VLD001.A0101_10M.remove30bp_gc_rl.tsv.gz
"(30,31]",95574,VLD001.A0101_10M.remove30bp_gc_rl.tsv.gz
"(31,32]",120331,VLD001.A0101_10M.remove30bp_gc_rl.tsv.gz
"(32,33]",126780,VLD001.A0101_10M.remove30bp_gc_rl.tsv.gz
"(33,34]",136820,VLD001.A0101_10M.remove30bp_gc_rl.tsv.gz
"(34,35]",159127,VLD001.A0101_10M.remove30bp_gc_rl.tsv.gz
"(35,36]",163769,VLD001.A0101_10M.remove30bp_gc_rl.tsv.gz
"(36,37]",171393,VLD001.A0101_10M.remove30bp_gc_rl.tsv.gz
"(37,38]",176709,VLD001.A0101_10M.remove30bp_gc_rl.tsv.gz
"(38,39]",184053,VLD001.A0101_10M.remove30bp_gc_rl.tsv.gz
"(39,40]",224261,VLD001.A0101_10M.remove30bp_gc_rl.tsv.gz
"(40,41]",151038,VLD001.A0101_10M.remove30bp_gc_rl.tsv.gz
"(41,42]",194028,VLD001.A0101_10M.remove30bp_gc_rl.tsv.gz
"(42,43]",184899,VLD001.A0101_10M.remove30bp_gc_rl.tsv.gz
"(43,44]",201096,VLD001.A0101_10M.remove30bp_gc_rl.tsv.gz
"(44,45]",185825,VLD001.A0101_10M.remove30bp_gc_rl.tsv.gz
"(45,46]",188448,VLD001.A0101_10M.remove30bp_gc_rl.tsv.gz
"(46,47]",179894,VLD001.A0101_10M.remove30bp_gc_rl.tsv.gz
"(47,48]",193190,VLD001.A0101_10M.remove30bp_gc_rl.tsv.gz
"(48,49]",202379,VLD001.A0101_10M.remove30bp_gc_rl.tsv.gz
"(49,50]",270902,VLD001.A0101_10M.remove30bp_gc_rl.tsv.gz
"(50,51]",68067,VLD001.A0101_10M.remove30bp_gc_rl.tsv.gz
"(51,52]",220694,VLD001.A0101_10M.remove30bp_gc_rl.tsv.gz
"(52,53]",190211,VLD001.A0101_10M.remove30bp_gc_rl.tsv.gz
"(53,54]",200937,VLD001.A0101_10M.remove30bp_gc_rl.tsv.gz
"(54,55]",219180,VLD001.A0101_10M.remove30bp_gc_rl.tsv.gz
"(55,56]",192248,VLD001.A0101_10M.remove30bp_gc_rl.tsv.gz
"(56,57]",213110,VLD001.A0101_10M.remove30bp_gc_rl.tsv.gz
"(57,58]",214058,VLD001.A0101_10M.remove30bp_gc_rl.tsv.gz
"(58,59]",213827,VLD001.A0101_10M.remove30bp_gc_rl.tsv.gz
"(59,60]",263416,VLD001.A0101_10M.remove30bp_gc_rl.tsv.gz
"(60,61]",165075,VLD001.A0101_10M.remove30bp_gc_rl.tsv.gz
"(61,62]",222030,VLD001.A0101_10M.remove30bp_gc_rl.tsv.gz
"(62,63]",195930,VLD001.A0101_10M.remove30bp_gc_rl.tsv.gz
"(63,64]",221752,VLD001.A0101_10M.remove30bp_gc_rl.tsv.gz
"(64,65]",205951,VLD001.A0101_10M.remove30bp_gc_rl.tsv.gz
"(65,66]",187321,VLD001.A0101_10M.remove30bp_gc_rl.tsv.gz
"(66,67]",172980,VLD001.A0101_10M.remove30bp_gc_rl.tsv.gz
"(67,68]",172401,VLD001.A0101_10M.remove30bp_gc_rl.tsv.gz
"(68,69]",148649,VLD001.A0101_10M.remove30bp_gc_rl.tsv.gz
"(69,70]",165933,VLD001.A0101_10M.remove30bp_gc_rl.tsv.gz
"(70,71]",117518,VLD001.A0101_10M.remove30bp_gc_rl.tsv.gz
"(71,72]",120213,VLD001.A0101_10M.remove30bp_gc_rl.tsv.gz
"(72,73]",99076,VLD001.A0101_10M.remove30bp_gc_rl.tsv.gz
"(73,74]",91921,VLD001.A0101_10M.remove30bp_gc_rl.tsv.gz
"(74,75]",96446,VLD001.A0101_10M.remove30bp_gc_rl.tsv.gz
"(75,76]",44512,VLD001.A0101_10M.remove30bp_gc_rl.tsv.gz
"(76,77]",53506,VLD001.A0101_10M.remove30bp_gc_rl.tsv.gz
"(77,78]",43439,VLD001.A0101_10M.remove30bp_gc_rl.tsv.gz
"(78,79]",36394,VLD001.A0101_10M.remove30bp_gc_rl.tsv.gz
"(79,80]",32005,VLD001.A0101_10M.remove30bp_gc_rl.tsv.gz
"(80,81]",16802,VLD001.A0101_10M.remove30bp_gc_rl.tsv.gz
"(81,82]",17476,VLD001.A0101_10M.remove30bp_gc_rl.tsv.gz
"(82,83]",11665,VLD001.A0101_10M.remove30bp_gc_rl.tsv.gz
"(83,84]",11033,VLD001.A0101_10M.remove30bp_gc_rl.tsv.gz
"(84,85]",7578,VLD001.A0101_10M.remove30bp_gc_rl.tsv.gz
"(85,86]",4599,VLD001.A0101_10M.remove30bp_gc_rl.tsv.gz
"(86,87]",4626,VLD001.A0101_10M.remove30bp_gc_rl.tsv.gz
"(87,88]",3952,VLD001.A0101_10M.remove30bp_gc_rl.tsv.gz
"(88,89]",2393,VLD001.A0101_10M.remove30bp_gc_rl.tsv.gz
"(89,90]",2270,VLD001.A0101_10M.remove30bp_gc_rl.tsv.gz
"(90,91]",2010,VLD001.A0101_10M.remove30bp_gc_rl.tsv.gz
"(91,92]",1519,VLD001.A0101_10M.remove30bp_gc_rl.tsv.gz
"(92,93]",1089,VLD001.A0101_10M.remove30bp_gc_rl.tsv.gz
"(93,94]",1594,VLD001.A0101_10M.remove30bp_gc_rl.tsv.gz
"(94,95]",1564,VLD001.A0101_10M.remove30bp_gc_rl.tsv.gz
"(95,96]",1370,VLD001.A0101_10M.remove30bp_gc_rl.tsv.gz
"(96,97]",1283,VLD001.A0101_10M.remove30bp_gc_rl.tsv.gz
"(97,98]",1670,VLD001.A0101_10M.remove30bp_gc_rl.tsv.gz
"(98,99]",2176,VLD001.A0101_10M.remove30bp_gc_rl.tsv.gz
"(99,100]",5903,VLD001.A0101_10M.remove30bp_gc_rl.tsv.gz
"[0,1]",128,VLD001.A0102.SG1.2_10M.remove30bp_gc_rl.tsv.gz
"(1,2]",37,VLD001.A0102.SG1.2_10M.remove30bp_gc_rl.tsv.gz
"(2,3]",257,VLD001.A0102.SG1.2_10M.remove30bp_gc_rl.tsv.gz
"(3,4]",286,VLD001.A0102.SG1.2_10M.remove30bp_gc_rl.tsv.gz
"(4,5]",241,VLD001.A0102.SG1.2_10M.remove30bp_gc_rl.tsv.gz
"(5,6]",661,VLD001.A0102.SG1.2_10M.remove30bp_gc_rl.tsv.gz
"(6,7]",1023,VLD001.A0102.SG1.2_10M.remove30bp_gc_rl.tsv.gz
"(7,8]",820,VLD001.A0102.SG1.2_10M.remove30bp_gc_rl.tsv.gz
"(8,9]",1481,VLD001.A0102.SG1.2_10M.remove30bp_gc_rl.tsv.gz
"(9,10]",3209,VLD001.A0102.SG1.2_10M.remove30bp_gc_rl.tsv.gz
"(10,11]",1987,VLD001.A0102.SG1.2_10M.remove30bp_gc_rl.tsv.gz
"(11,12]",3632,VLD001.A0102.SG1.2_10M.remove30bp_gc_rl.tsv.gz
"(12,13]",5505,VLD001.A0102.SG1.2_10M.remove30bp_gc_rl.tsv.gz
"(13,14]",6468,VLD001.A0102.SG1.2_10M.remove30bp_gc_rl.tsv.gz
"(14,15]",7222,VLD001.A0102.SG1.2_10M.remove30bp_gc_rl.tsv.gz
"(15,16]",9849,VLD001.A0102.SG1.2_10M.remove30bp_gc_rl.tsv.gz
"(16,17]",13330,VLD001.A0102.SG1.2_10M.remove30bp_gc_rl.tsv.gz
"(17,18]",15192,VLD001.A0102.SG1.2_10M.remove30bp_gc_rl.tsv.gz
"(18,19]",18569,VLD001.A0102.SG1.2_10M.remove30bp_gc_rl.tsv.gz
"(19,20]",30018,VLD001.A0102.SG1.2_10M.remove30bp_gc_rl.tsv.gz
"(20,21]",17829,VLD001.A0102.SG1.2_10M.remove30bp_gc_rl.tsv.gz
"(21,22]",33188,VLD001.A0102.SG1.2_10M.remove30bp_gc_rl.tsv.gz
"(22,23]",34582,VLD001.A0102.SG1.2_10M.remove30bp_gc_rl.tsv.gz
"(23,24]",43626,VLD001.A0102.SG1.2_10M.remove30bp_gc_rl.tsv.gz
"(24,25]",57610,VLD001.A0102.SG1.2_10M.remove30bp_gc_rl.tsv.gz
"(25,26]",41140,VLD001.A0102.SG1.2_10M.remove30bp_gc_rl.tsv.gz
"(26,27]",57600,VLD001.A0102.SG1.2_10M.remove30bp_gc_rl.tsv.gz
"(27,28]",64025,VLD001.A0102.SG1.2_10M.remove30bp_gc_rl.tsv.gz
"(28,29]",68567,VLD001.A0102.SG1.2_10M.remove30bp_gc_rl.tsv.gz
"(29,30]",90704,VLD001.A0102.SG1.2_10M.remove30bp_gc_rl.tsv.gz
"(30,31]",70298,VLD001.A0102.SG1.2_10M.remove30bp_gc_rl.tsv.gz
"(31,32]",83875,VLD001.A0102.SG1.2_10M.remove30bp_gc_rl.tsv.gz
"(32,33]",85570,VLD001.A0102.SG1.2_10M.remove30bp_gc_rl.tsv.gz
"(33,34]",94745,VLD001.A0102.SG1.2_10M.remove30bp_gc_rl.tsv.gz
"(34,35]",100570,VLD001.A0102.SG1.2_10M.remove30bp_gc_rl.tsv.gz
"(35,36]",96692,VLD001.A0102.SG1.2_10M.remove30bp_gc_rl.tsv.gz
"(36,37]",105069,VLD001.A0102.SG1.2_10M.remove30bp_gc_rl.tsv.gz
"(37,38]",96767,VLD001.A0102.SG1.2_10M.remove30bp_gc_rl.tsv.gz
"(38,39]",98891,VLD001.A0102.SG1.2_10M.remove30bp_gc_rl.tsv.gz
"(39,40]",123669,VLD001.A0102.SG1.2_10M.remove30bp_gc_rl.tsv.gz
"(40,41]",69826,VLD001.A0102.SG1.2_10M.remove30bp_gc_rl.tsv.gz
"(41,42]",100108,VLD001.A0102.SG1.2_10M.remove30bp_gc_rl.tsv.gz
"(42,43]",85850,VLD001.A0102.SG1.2_10M.remove30bp_gc_rl.tsv.gz
"(43,44]",97663,VLD001.A0102.SG1.2_10M.remove30bp_gc_rl.tsv.gz
"(44,45]",79712,VLD001.A0102.SG1.2_10M.remove30bp_gc_rl.tsv.gz
"(45,46]",91440,VLD001.A0102.SG1.2_10M.remove30bp_gc_rl.tsv.gz
"(46,47]",81485,VLD001.A0102.SG1.2_10M.remove30bp_gc_rl.tsv.gz
"(47,48]",78660,VLD001.A0102.SG1.2_10M.remove30bp_gc_rl.tsv.gz
"(48,49]",94737,VLD001.A0102.SG1.2_10M.remove30bp_gc_rl.tsv.gz
"(49,50]",122805,VLD001.A0102.SG1.2_10M.remove30bp_gc_rl.tsv.gz
"(50,51]",14319,VLD001.A0102.SG1.2_10M.remove30bp_gc_rl.tsv.gz
"(51,52]",97067,VLD001.A0102.SG1.2_10M.remove30bp_gc_rl.tsv.gz
"(52,53]",75661,VLD001.A0102.SG1.2_10M.remove30bp_gc_rl.tsv.gz
"(53,54]",79102,VLD001.A0102.SG1.2_10M.remove30bp_gc_rl.tsv.gz
"(54,55]",85308,VLD001.A0102.SG1.2_10M.remove30bp_gc_rl.tsv.gz
"(55,56]",59348,VLD001.A0102.SG1.2_10M.remove30bp_gc_rl.tsv.gz
"(56,57]",75806,VLD001.A0102.SG1.2_10M.remove30bp_gc_rl.tsv.gz
"(57,58]",65793,VLD001.A0102.SG1.2_10M.remove30bp_gc_rl.tsv.gz
"(58,59]",70856,VLD001.A0102.SG1.2_10M.remove30bp_gc_rl.tsv.gz
"(59,60]",86866,VLD001.A0102.SG1.2_10M.remove30bp_gc_rl.tsv.gz
"(60,61]",44470,VLD001.A0102.SG1.2_10M.remove30bp_gc_rl.tsv.gz
"(61,62]",65977,VLD001.A0102.SG1.2_10M.remove30bp_gc_rl.tsv.gz
"(62,63]",55804,VLD001.A0102.SG1.2_10M.remove30bp_gc_rl.tsv.gz
"(63,64]",66917,VLD001.A0102.SG1.2_10M.remove30bp_gc_rl.tsv.gz
"(64,65]",59865,VLD001.A0102.SG1.2_10M.remove30bp_gc_rl.tsv.gz
"(65,66]",52020,VLD001.A0102.SG1.2_10M.remove30bp_gc_rl.tsv.gz
"(66,67]",51006,VLD001.A0102.SG1.2_10M.remove30bp_gc_rl.tsv.gz
"(67,68]",46471,VLD001.A0102.SG1.2_10M.remove30bp_gc_rl.tsv.gz
"(68,69]",40507,VLD001.A0102.SG1.2_10M.remove30bp_gc_rl.tsv.gz
"(69,70]",48294,VLD001.A0102.SG1.2_10M.remove30bp_gc_rl.tsv.gz
"(70,71]",33959,VLD001.A0102.SG1.2_10M.remove30bp_gc_rl.tsv.gz
"(71,72]",32972,VLD001.A0102.SG1.2_10M.remove30bp_gc_rl.tsv.gz
"(72,73]",27688,VLD001.A0102.SG1.2_10M.remove30bp_gc_rl.tsv.gz
"(73,74]",27091,VLD001.A0102.SG1.2_10M.remove30bp_gc_rl.tsv.gz
"(74,75]",30856,VLD001.A0102.SG1.2_10M.remove30bp_gc_rl.tsv.gz
"(75,76]",12341,VLD001.A0102.SG1.2_10M.remove30bp_gc_rl.tsv.gz
"(76,77]",17529,VLD001.A0102.SG1.2_10M.remove30bp_gc_rl.tsv.gz
"(77,78]",14258,VLD001.A0102.SG1.2_10M.remove30bp_gc_rl.tsv.gz
"(78,79]",12599,VLD001.A0102.SG1.2_10M.remove30bp_gc_rl.tsv.gz
"(79,80]",11160,VLD001.A0102.SG1.2_10M.remove30bp_gc_rl.tsv.gz
"(80,81]",5589,VLD001.A0102.SG1.2_10M.remove30bp_gc_rl.tsv.gz
"(81,82]",6327,VLD001.A0102.SG1.2_10M.remove30bp_gc_rl.tsv.gz
"(82,83]",4100,VLD001.A0102.SG1.2_10M.remove30bp_gc_rl.tsv.gz
"(83,84]",4435,VLD001.A0102.SG1.2_10M.remove30bp_gc_rl.tsv.gz
"(84,85]",2859,VLD001.A0102.SG1.2_10M.remove30bp_gc_rl.tsv.gz
"(85,86]",1450,VLD001.A0102.SG1.2_10M.remove30bp_gc_rl.tsv.gz
"(86,87]",1656,VLD001.A0102.SG1.2_10M.remove30bp_gc_rl.tsv.gz
"(87,88]",1441,VLD001.A0102.SG1.2_10M.remove30bp_gc_rl.tsv.gz
"(88,89]",679,VLD001.A0102.SG1.2_10M.remove30bp_gc_rl.tsv.gz
"(89,90]",538,VLD001.A0102.SG1.2_10M.remove30bp_gc_rl.tsv.gz
"(90,91]",507,VLD001.A0102.SG1.2_10M.remove30bp_gc_rl.tsv.gz
"(91,92]",238,VLD001.A0102.SG1.2_10M.remove30bp_gc_rl.tsv.gz
"(92,93]",85,VLD001.A0102.SG1.2_10M.remove30bp_gc_rl.tsv.gz
"(93,94]",242,VLD001.A0102.SG1.2_10M.remove30bp_gc_rl.tsv.gz
"(94,95]",115,VLD001.A0102.SG1.2_10M.remove30bp_gc_rl.tsv.gz
"(95,96]",10,VLD001.A0102.SG1.2_10M.remove30bp_gc_rl.tsv.gz
"(96,97]",52,VLD001.A0102.SG1.2_10M.remove30bp_gc_rl.tsv.gz
"(97,98]",42,VLD001.A0102.SG1.2_10M.remove30bp_gc_rl.tsv.gz
"(98,99]",15,VLD001.A0102.SG1.2_10M.remove30bp_gc_rl.tsv.gz
"(99,100]",57,VLD001.A0102.SG1.2_10M.remove30bp_gc_rl.tsv.gz
"[0,1]",34,ZAF001.A0101_10M.remove30bp_gc_rl.tsv.gz
"(1,2]",27,ZAF001.A0101_10M.remove30bp_gc_rl.tsv.gz
"(2,3]",24,ZAF001.A0101_10M.remove30bp_gc_rl.tsv.gz
"(3,4]",21,ZAF001.A0101_10M.remove30bp_gc_rl.tsv.gz
"(4,5]",26,ZAF001.A0101_10M.remove30bp_gc_rl.tsv.gz
"(5,6]",43,ZAF001.A0101_10M.remove30bp_gc_rl.tsv.gz
"(6,7]",50,ZAF001.A0101_10M.remove30bp_gc_rl.tsv.gz
"(7,8]",41,ZAF001.A0101_10M.remove30bp_gc_rl.tsv.gz
"(8,9]",65,ZAF001.A0101_10M.remove30bp_gc_rl.tsv.gz
"(9,10]",109,ZAF001.A0101_10M.remove30bp_gc_rl.tsv.gz
"(10,11]",95,ZAF001.A0101_10M.remove30bp_gc_rl.tsv.gz
"(11,12]",176,ZAF001.A0101_10M.remove30bp_gc_rl.tsv.gz
"(12,13]",298,ZAF001.A0101_10M.remove30bp_gc_rl.tsv.gz
"(13,14]",408,ZAF001.A0101_10M.remove30bp_gc_rl.tsv.gz
"(14,15]",588,ZAF001.A0101_10M.remove30bp_gc_rl.tsv.gz
"(15,16]",754,ZAF001.A0101_10M.remove30bp_gc_rl.tsv.gz
"(16,17]",1214,ZAF001.A0101_10M.remove30bp_gc_rl.tsv.gz
"(17,18]",1891,ZAF001.A0101_10M.remove30bp_gc_rl.tsv.gz
"(18,19]",2445,ZAF001.A0101_10M.remove30bp_gc_rl.tsv.gz
"(19,20]",4718,ZAF001.A0101_10M.remove30bp_gc_rl.tsv.gz
"(20,21]",3689,ZAF001.A0101_10M.remove30bp_gc_rl.tsv.gz
"(21,22]",7518,ZAF001.A0101_10M.remove30bp_gc_rl.tsv.gz
"(22,23]",9545,ZAF001.A0101_10M.remove30bp_gc_rl.tsv.gz
"(23,24]",13640,ZAF001.A0101_10M.remove30bp_gc_rl.tsv.gz
"(24,25]",20183,ZAF001.A0101_10M.remove30bp_gc_rl.tsv.gz
"(25,26]",17600,ZAF001.A0101_10M.remove30bp_gc_rl.tsv.gz
"(26,27]",26882,ZAF001.A0101_10M.remove30bp_gc_rl.tsv.gz
"(27,28]",35022,ZAF001.A0101_10M.remove30bp_gc_rl.tsv.gz
"(28,29]",39007,ZAF001.A0101_10M.remove30bp_gc_rl.tsv.gz
"(29,30]",49113,ZAF001.A0101_10M.remove30bp_gc_rl.tsv.gz
"(30,31]",50525,ZAF001.A0101_10M.remove30bp_gc_rl.tsv.gz
"(31,32]",64228,ZAF001.A0101_10M.remove30bp_gc_rl.tsv.gz
"(32,33]",68386,ZAF001.A0101_10M.remove30bp_gc_rl.tsv.gz
"(33,34]",73945,ZAF001.A0101_10M.remove30bp_gc_rl.tsv.gz
"(34,35]",90239,ZAF001.A0101_10M.remove30bp_gc_rl.tsv.gz
"(35,36]",95665,ZAF001.A0101_10M.remove30bp_gc_rl.tsv.gz
"(36,37]",100314,ZAF001.A0101_10M.remove30bp_gc_rl.tsv.gz
"(37,38]",100133,ZAF001.A0101_10M.remove30bp_gc_rl.tsv.gz
"(38,39]",112413,ZAF001.A0101_10M.remove30bp_gc_rl.tsv.gz
"(39,40]",136725,ZAF001.A0101_10M.remove30bp_gc_rl.tsv.gz
"(40,41]",94868,ZAF001.A0101_10M.remove30bp_gc_rl.tsv.gz
"(41,42]",116759,ZAF001.A0101_10M.remove30bp_gc_rl.tsv.gz
"(42,43]",117689,ZAF001.A0101_10M.remove30bp_gc_rl.tsv.gz
"(43,44]",131624,ZAF001.A0101_10M.remove30bp_gc_rl.tsv.gz
"(44,45]",121492,ZAF001.A0101_10M.remove30bp_gc_rl.tsv.gz
"(45,46]",127225,ZAF001.A0101_10M.remove30bp_gc_rl.tsv.gz
"(46,47]",131807,ZAF001.A0101_10M.remove30bp_gc_rl.tsv.gz
"(47,48]",143041,ZAF001.A0101_10M.remove30bp_gc_rl.tsv.gz
"(48,49]",159082,ZAF001.A0101_10M.remove30bp_gc_rl.tsv.gz
"(49,50]",222774,ZAF001.A0101_10M.remove30bp_gc_rl.tsv.gz
"(50,51]",55391,ZAF001.A0101_10M.remove30bp_gc_rl.tsv.gz
"(51,52]",200717,ZAF001.A0101_10M.remove30bp_gc_rl.tsv.gz
"(52,53]",175476,ZAF001.A0101_10M.remove30bp_gc_rl.tsv.gz
"(53,54]",196934,ZAF001.A0101_10M.remove30bp_gc_rl.tsv.gz
"(54,55]",224614,ZAF001.A0101_10M.remove30bp_gc_rl.tsv.gz
"(55,56]",200275,ZAF001.A0101_10M.remove30bp_gc_rl.tsv.gz
"(56,57]",237288,ZAF001.A0101_10M.remove30bp_gc_rl.tsv.gz
"(57,58]",239559,ZAF001.A0101_10M.remove30bp_gc_rl.tsv.gz
"(58,59]",248588,ZAF001.A0101_10M.remove30bp_gc_rl.tsv.gz
"(59,60]",316331,ZAF001.A0101_10M.remove30bp_gc_rl.tsv.gz
"(60,61]",192044,ZAF001.A0101_10M.remove30bp_gc_rl.tsv.gz
"(61,62]",267318,ZAF001.A0101_10M.remove30bp_gc_rl.tsv.gz
"(62,63]",233110,ZAF001.A0101_10M.remove30bp_gc_rl.tsv.gz
"(63,64]",271849,ZAF001.A0101_10M.remove30bp_gc_rl.tsv.gz
"(64,65]",250409,ZAF001.A0101_10M.remove30bp_gc_rl.tsv.gz
"(65,66]",221466,ZAF001.A0101_10M.remove30bp_gc_rl.tsv.gz
"(66,67]",206853,ZAF001.A0101_10M.remove30bp_gc_rl.tsv.gz
"(67,68]",195282,ZAF001.A0101_10M.remove30bp_gc_rl.tsv.gz
"(68,69]",165173,ZAF001.A0101_10M.remove30bp_gc_rl.tsv.gz
"(69,70]",184042,ZAF001.A0101_10M.remove30bp_gc_rl.tsv.gz
"(70,71]",124274,ZAF001.A0101_10M.remove30bp_gc_rl.tsv.gz
"(71,72]",121093,ZAF001.A0101_10M.remove30bp_gc_rl.tsv.gz
"(72,73]",95385,ZAF001.A0101_10M.remove30bp_gc_rl.tsv.gz
"(73,74]",87878,ZAF001.A0101_10M.remove30bp_gc_rl.tsv.gz
"(74,75]",91548,ZAF001.A0101_10M.remove30bp_gc_rl.tsv.gz
"(75,76]",36708,ZAF001.A0101_10M.remove30bp_gc_rl.tsv.gz
"(76,77]",46650,ZAF001.A0101_10M.remove30bp_gc_rl.tsv.gz
"(77,78]",36434,ZAF001.A0101_10M.remove30bp_gc_rl.tsv.gz
"(78,79]",29272,ZAF001.A0101_10M.remove30bp_gc_rl.tsv.gz
"(79,80]",24723,ZAF001.A0101_10M.remove30bp_gc_rl.tsv.gz
"(80,81]",11870,ZAF001.A0101_10M.remove30bp_gc_rl.tsv.gz
"(81,82]",12590,ZAF001.A0101_10M.remove30bp_gc_rl.tsv.gz
"(82,83]",7863,ZAF001.A0101_10M.remove30bp_gc_rl.tsv.gz
"(83,84]",7705,ZAF001.A0101_10M.remove30bp_gc_rl.tsv.gz
"(84,85]",4896,ZAF001.A0101_10M.remove30bp_gc_rl.tsv.gz
"(85,86]",2738,ZAF001.A0101_10M.remove30bp_gc_rl.tsv.gz
"(86,87]",2934,ZAF001.A0101_10M.remove30bp_gc_rl.tsv.gz
"(87,88]",2521,ZAF001.A0101_10M.remove30bp_gc_rl.tsv.gz
"(88,89]",1447,ZAF001.A0101_10M.remove30bp_gc_rl.tsv.gz
"(89,90]",1474,ZAF001.A0101_10M.remove30bp_gc_rl.tsv.gz
"(90,91]",1368,ZAF001.A0101_10M.remove30bp_gc_rl.tsv.gz
"(91,92]",1135,ZAF001.A0101_10M.remove30bp_gc_rl.tsv.gz
"(92,93]",862,ZAF001.A0101_10M.remove30bp_gc_rl.tsv.gz
"(93,94]",1267,ZAF001.A0101_10M.remove30bp_gc_rl.tsv.gz
"(94,95]",1313,ZAF001.A0101_10M.remove30bp_gc_rl.tsv.gz
"(95,96]",1326,ZAF001.A0101_10M.remove30bp_gc_rl.tsv.gz
"(96,97]",1354,ZAF001.A0101_10M.remove30bp_gc_rl.tsv.gz
"(97,98]",1778,ZAF001.A0101_10M.remove30bp_gc_rl.tsv.gz
"(98,99]",2334,ZAF001.A0101_10M.remove30bp_gc_rl.tsv.gz
"(99,100]",6676,ZAF001.A0101_10M.remove30bp_gc_rl.tsv.gz
"[0,1]",244,ZAF001.A0103.SG1.4_10M.remove30bp_gc_rl.tsv.gz
"(1,2]",69,ZAF001.A0103.SG1.4_10M.remove30bp_gc_rl.tsv.gz
"(2,3]",220,ZAF001.A0103.SG1.4_10M.remove30bp_gc_rl.tsv.gz
"(3,4]",276,ZAF001.A0103.SG1.4_10M.remove30bp_gc_rl.tsv.gz
"(4,5]",261,ZAF001.A0103.SG1.4_10M.remove30bp_gc_rl.tsv.gz
"(5,6]",468,ZAF001.A0103.SG1.4_10M.remove30bp_gc_rl.tsv.gz
"(6,7]",739,ZAF001.A0103.SG1.4_10M.remove30bp_gc_rl.tsv.gz
"(7,8]",578,ZAF001.A0103.SG1.4_10M.remove30bp_gc_rl.tsv.gz
"(8,9]",822,ZAF001.A0103.SG1.4_10M.remove30bp_gc_rl.tsv.gz
"(9,10]",1753,ZAF001.A0103.SG1.4_10M.remove30bp_gc_rl.tsv.gz
"(10,11]",1073,ZAF001.A0103.SG1.4_10M.remove30bp_gc_rl.tsv.gz
"(11,12]",1837,ZAF001.A0103.SG1.4_10M.remove30bp_gc_rl.tsv.gz
"(12,13]",2843,ZAF001.A0103.SG1.4_10M.remove30bp_gc_rl.tsv.gz
"(13,14]",3282,ZAF001.A0103.SG1.4_10M.remove30bp_gc_rl.tsv.gz
"(14,15]",3448,ZAF001.A0103.SG1.4_10M.remove30bp_gc_rl.tsv.gz
"(15,16]",4676,ZAF001.A0103.SG1.4_10M.remove30bp_gc_rl.tsv.gz
"(16,17]",6118,ZAF001.A0103.SG1.4_10M.remove30bp_gc_rl.tsv.gz
"(17,18]",6848,ZAF001.A0103.SG1.4_10M.remove30bp_gc_rl.tsv.gz
"(18,19]",8549,ZAF001.A0103.SG1.4_10M.remove30bp_gc_rl.tsv.gz
"(19,20]",14173,ZAF001.A0103.SG1.4_10M.remove30bp_gc_rl.tsv.gz
"(20,21]",7762,ZAF001.A0103.SG1.4_10M.remove30bp_gc_rl.tsv.gz
"(21,22]",15482,ZAF001.A0103.SG1.4_10M.remove30bp_gc_rl.tsv.gz
"(22,23]",16150,ZAF001.A0103.SG1.4_10M.remove30bp_gc_rl.tsv.gz
"(23,24]",20260,ZAF001.A0103.SG1.4_10M.remove30bp_gc_rl.tsv.gz
"(24,25]",25794,ZAF001.A0103.SG1.4_10M.remove30bp_gc_rl.tsv.gz
"(25,26]",18091,ZAF001.A0103.SG1.4_10M.remove30bp_gc_rl.tsv.gz
"(26,27]",26090,ZAF001.A0103.SG1.4_10M.remove30bp_gc_rl.tsv.gz
"(27,28]",27602,ZAF001.A0103.SG1.4_10M.remove30bp_gc_rl.tsv.gz
"(28,29]",28916,ZAF001.A0103.SG1.4_10M.remove30bp_gc_rl.tsv.gz
"(29,30]",37729,ZAF001.A0103.SG1.4_10M.remove30bp_gc_rl.tsv.gz
"(30,31]",29505,ZAF001.A0103.SG1.4_10M.remove30bp_gc_rl.tsv.gz
"(31,32]",34534,ZAF001.A0103.SG1.4_10M.remove30bp_gc_rl.tsv.gz
"(32,33]",35131,ZAF001.A0103.SG1.4_10M.remove30bp_gc_rl.tsv.gz
"(33,34]",37645,ZAF001.A0103.SG1.4_10M.remove30bp_gc_rl.tsv.gz
"(34,35]",40389,ZAF001.A0103.SG1.4_10M.remove30bp_gc_rl.tsv.gz
"(35,36]",39601,ZAF001.A0103.SG1.4_10M.remove30bp_gc_rl.tsv.gz
"(36,37]",41962,ZAF001.A0103.SG1.4_10M.remove30bp_gc_rl.tsv.gz
"(37,38]",37248,ZAF001.A0103.SG1.4_10M.remove30bp_gc_rl.tsv.gz
"(38,39]",40102,ZAF001.A0103.SG1.4_10M.remove30bp_gc_rl.tsv.gz
"(39,40]",49305,ZAF001.A0103.SG1.4_10M.remove30bp_gc_rl.tsv.gz
"(40,41]",28131,ZAF001.A0103.SG1.4_10M.remove30bp_gc_rl.tsv.gz
"(41,42]",39160,ZAF001.A0103.SG1.4_10M.remove30bp_gc_rl.tsv.gz
"(42,43]",33326,ZAF001.A0103.SG1.4_10M.remove30bp_gc_rl.tsv.gz
"(43,44]",39678,ZAF001.A0103.SG1.4_10M.remove30bp_gc_rl.tsv.gz
"(44,45]",30703,ZAF001.A0103.SG1.4_10M.remove30bp_gc_rl.tsv.gz
"(45,46]",37238,ZAF001.A0103.SG1.4_10M.remove30bp_gc_rl.tsv.gz
"(46,47]",36277,ZAF001.A0103.SG1.4_10M.remove30bp_gc_rl.tsv.gz
"(47,48]",33677,ZAF001.A0103.SG1.4_10M.remove30bp_gc_rl.tsv.gz
"(48,49]",44449,ZAF001.A0103.SG1.4_10M.remove30bp_gc_rl.tsv.gz
"(49,50]",75514,ZAF001.A0103.SG1.4_10M.remove30bp_gc_rl.tsv.gz
"(50,51]",8850,ZAF001.A0103.SG1.4_10M.remove30bp_gc_rl.tsv.gz
"(51,52]",57249,ZAF001.A0103.SG1.4_10M.remove30bp_gc_rl.tsv.gz
"(52,53]",49682,ZAF001.A0103.SG1.4_10M.remove30bp_gc_rl.tsv.gz
"(53,54]",47897,ZAF001.A0103.SG1.4_10M.remove30bp_gc_rl.tsv.gz
"(54,55]",49551,ZAF001.A0103.SG1.4_10M.remove30bp_gc_rl.tsv.gz
"(55,56]",33640,ZAF001.A0103.SG1.4_10M.remove30bp_gc_rl.tsv.gz
"(56,57]",44473,ZAF001.A0103.SG1.4_10M.remove30bp_gc_rl.tsv.gz
"(57,58]",38180,ZAF001.A0103.SG1.4_10M.remove30bp_gc_rl.tsv.gz
"(58,59]",42223,ZAF001.A0103.SG1.4_10M.remove30bp_gc_rl.tsv.gz
"(59,60]",53346,ZAF001.A0103.SG1.4_10M.remove30bp_gc_rl.tsv.gz
"(60,61]",27479,ZAF001.A0103.SG1.4_10M.remove30bp_gc_rl.tsv.gz
"(61,62]",40896,ZAF001.A0103.SG1.4_10M.remove30bp_gc_rl.tsv.gz
"(62,63]",34660,ZAF001.A0103.SG1.4_10M.remove30bp_gc_rl.tsv.gz
"(63,64]",41419,ZAF001.A0103.SG1.4_10M.remove30bp_gc_rl.tsv.gz
"(64,65]",36726,ZAF001.A0103.SG1.4_10M.remove30bp_gc_rl.tsv.gz
"(65,66]",31242,ZAF001.A0103.SG1.4_10M.remove30bp_gc_rl.tsv.gz
"(66,67]",31327,ZAF001.A0103.SG1.4_10M.remove30bp_gc_rl.tsv.gz
"(67,68]",27292,ZAF001.A0103.SG1.4_10M.remove30bp_gc_rl.tsv.gz
"(68,69]",22741,ZAF001.A0103.SG1.4_10M.remove30bp_gc_rl.tsv.gz
"(69,70]",26970,ZAF001.A0103.SG1.4_10M.remove30bp_gc_rl.tsv.gz
"(70,71]",18045,ZAF001.A0103.SG1.4_10M.remove30bp_gc_rl.tsv.gz
"(71,72]",17093,ZAF001.A0103.SG1.4_10M.remove30bp_gc_rl.tsv.gz
"(72,73]",13268,ZAF001.A0103.SG1.4_10M.remove30bp_gc_rl.tsv.gz
"(73,74]",12908,ZAF001.A0103.SG1.4_10M.remove30bp_gc_rl.tsv.gz
"(74,75]",14462,ZAF001.A0103.SG1.4_10M.remove30bp_gc_rl.tsv.gz
"(75,76]",5145,ZAF001.A0103.SG1.4_10M.remove30bp_gc_rl.tsv.gz
"(76,77]",7346,ZAF001.A0103.SG1.4_10M.remove30bp_gc_rl.tsv.gz
"(77,78]",5625,ZAF001.A0103.SG1.4_10M.remove30bp_gc_rl.tsv.gz
"(78,79]",4934,ZAF001.A0103.SG1.4_10M.remove30bp_gc_rl.tsv.gz
"(79,80]",4047,ZAF001.A0103.SG1.4_10M.remove30bp_gc_rl.tsv.gz
"(80,81]",1928,ZAF001.A0103.SG1.4_10M.remove30bp_gc_rl.tsv.gz
"(81,82]",2068,ZAF001.A0103.SG1.4_10M.remove30bp_gc_rl.tsv.gz
"(82,83]",1196,ZAF001.A0103.SG1.4_10M.remove30bp_gc_rl.tsv.gz
"(83,84]",1442,ZAF001.A0103.SG1.4_10M.remove30bp_gc_rl.tsv.gz
"(84,85]",811,ZAF001.A0103.SG1.4_10M.remove30bp_gc_rl.tsv.gz
"(85,86]",394,ZAF001.A0103.SG1.4_10M.remove30bp_gc_rl.tsv.gz
"(86,87]",447,ZAF001.A0103.SG1.4_10M.remove30bp_gc_rl.tsv.gz
"(87,88]",448,ZAF001.A0103.SG1.4_10M.remove30bp_gc_rl.tsv.gz
"(88,89]",194,ZAF001.A0103.SG1.4_10M.remove30bp_gc_rl.tsv.gz
"(89,90]",202,ZAF001.A0103.SG1.4_10M.remove30bp_gc_rl.tsv.gz
"(90,91]",168,ZAF001.A0103.SG1.4_10M.remove30bp_gc_rl.tsv.gz
"(91,92]",92,ZAF001.A0103.SG1.4_10M.remove30bp_gc_rl.tsv.gz
"(92,93]",85,ZAF001.A0103.SG1.4_10M.remove30bp_gc_rl.tsv.gz
"(93,94]",161,ZAF001.A0103.SG1.4_10M.remove30bp_gc_rl.tsv.gz
"(94,95]",103,ZAF001.A0103.SG1.4_10M.remove30bp_gc_rl.tsv.gz
"(95,96]",88,ZAF001.A0103.SG1.4_10M.remove30bp_gc_rl.tsv.gz
"(96,97]",105,ZAF001.A0103.SG1.4_10M.remove30bp_gc_rl.tsv.gz
"(97,98]",211,ZAF001.A0103.SG1.4_10M.remove30bp_gc_rl.tsv.gz
"(98,99]",229,ZAF001.A0103.SG1.4_10M.remove30bp_gc_rl.tsv.gz
"(99,100]",6092,ZAF001.A0103.SG1.4_10M.remove30bp_gc_rl.tsv.gz
