Length,counts_length,Study
30,128906,BAN001.A0101.SG1.1.10M_cutadapt_gc_rl.tsv.gz
31,125078,BAN001.A0101.SG1.1.10M_cutadapt_gc_rl.tsv.gz
32,126868,BAN001.A0101.SG1.1.10M_cutadapt_gc_rl.tsv.gz
33,135296,BAN001.A0101.SG1.1.10M_cutadapt_gc_rl.tsv.gz
34,146602,BAN001.A0101.SG1.1.10M_cutadapt_gc_rl.tsv.gz
35,158752,BAN001.A0101.SG1.1.10M_cutadapt_gc_rl.tsv.gz
36,174101,BAN001.A0101.SG1.1.10M_cutadapt_gc_rl.tsv.gz
37,199384,BAN001.A0101.SG1.1.10M_cutadapt_gc_rl.tsv.gz
38,217714,BAN001.A0101.SG1.1.10M_cutadapt_gc_rl.tsv.gz
39,210391,BAN001.A0101.SG1.1.10M_cutadapt_gc_rl.tsv.gz
40,183834,BAN001.A0101.SG1.1.10M_cutadapt_gc_rl.tsv.gz
41,163417,BAN001.A0101.SG1.1.10M_cutadapt_gc_rl.tsv.gz
42,151402,BAN001.A0101.SG1.1.10M_cutadapt_gc_rl.tsv.gz
43,149603,BAN001.A0101.SG1.1.10M_cutadapt_gc_rl.tsv.gz
44,154024,BAN001.A0101.SG1.1.10M_cutadapt_gc_rl.tsv.gz
45,160981,BAN001.A0101.SG1.1.10M_cutadapt_gc_rl.tsv.gz
46,166195,BAN001.A0101.SG1.1.10M_cutadapt_gc_rl.tsv.gz
47,181370,BAN001.A0101.SG1.1.10M_cutadapt_gc_rl.tsv.gz
48,202840,BAN001.A0101.SG1.1.10M_cutadapt_gc_rl.tsv.gz
49,208055,BAN001.A0101.SG1.1.10M_cutadapt_gc_rl.tsv.gz
50,184398,BAN001.A0101.SG1.1.10M_cutadapt_gc_rl.tsv.gz
51,158784,BAN001.A0101.SG1.1.10M_cutadapt_gc_rl.tsv.gz
52,142081,BAN001.A0101.SG1.1.10M_cutadapt_gc_rl.tsv.gz
53,133785,BAN001.A0101.SG1.1.10M_cutadapt_gc_rl.tsv.gz
54,133596,BAN001.A0101.SG1.1.10M_cutadapt_gc_rl.tsv.gz
55,136336,BAN001.A0101.SG1.1.10M_cutadapt_gc_rl.tsv.gz
56,142272,BAN001.A0101.SG1.1.10M_cutadapt_gc_rl.tsv.gz
57,150999,BAN001.A0101.SG1.1.10M_cutadapt_gc_rl.tsv.gz
58,162246,BAN001.A0101.SG1.1.10M_cutadapt_gc_rl.tsv.gz
59,163611,BAN001.A0101.SG1.1.10M_cutadapt_gc_rl.tsv.gz
60,149598,BAN001.A0101.SG1.1.10M_cutadapt_gc_rl.tsv.gz
61,131184,BAN001.A0101.SG1.1.10M_cutadapt_gc_rl.tsv.gz
62,116433,BAN001.A0101.SG1.1.10M_cutadapt_gc_rl.tsv.gz
63,109272,BAN001.A0101.SG1.1.10M_cutadapt_gc_rl.tsv.gz
64,104618,BAN001.A0101.SG1.1.10M_cutadapt_gc_rl.tsv.gz
65,104009,BAN001.A0101.SG1.1.10M_cutadapt_gc_rl.tsv.gz
66,103983,BAN001.A0101.SG1.1.10M_cutadapt_gc_rl.tsv.gz
67,106977,BAN001.A0101.SG1.1.10M_cutadapt_gc_rl.tsv.gz
68,116564,BAN001.A0101.SG1.1.10M_cutadapt_gc_rl.tsv.gz
69,121865,BAN001.A0101.SG1.1.10M_cutadapt_gc_rl.tsv.gz
70,115710,BAN001.A0101.SG1.1.10M_cutadapt_gc_rl.tsv.gz
71,106599,BAN001.A0101.SG1.1.10M_cutadapt_gc_rl.tsv.gz
72,106943,BAN001.A0101.SG1.1.10M_cutadapt_gc_rl.tsv.gz
73,118849,BAN001.A0101.SG1.1.10M_cutadapt_gc_rl.tsv.gz
74,117412,BAN001.A0101.SG1.1.10M_cutadapt_gc_rl.tsv.gz
75,213658,BAN001.A0101.SG1.1.10M_cutadapt_gc_rl.tsv.gz
76,384787,BAN001.A0101.SG1.1.10M_cutadapt_gc_rl.tsv.gz
77,78507,BAN001.A0101.SG1.1.10M_cutadapt_gc_rl.tsv.gz
78,83400,BAN001.A0101.SG1.1.10M_cutadapt_gc_rl.tsv.gz
79,84822,BAN001.A0101.SG1.1.10M_cutadapt_gc_rl.tsv.gz
80,78892,BAN001.A0101.SG1.1.10M_cutadapt_gc_rl.tsv.gz
81,70002,BAN001.A0101.SG1.1.10M_cutadapt_gc_rl.tsv.gz
82,64052,BAN001.A0101.SG1.1.10M_cutadapt_gc_rl.tsv.gz
83,58920,BAN001.A0101.SG1.1.10M_cutadapt_gc_rl.tsv.gz
84,57132,BAN001.A0101.SG1.1.10M_cutadapt_gc_rl.tsv.gz
85,55045,BAN001.A0101.SG1.1.10M_cutadapt_gc_rl.tsv.gz
86,54507,BAN001.A0101.SG1.1.10M_cutadapt_gc_rl.tsv.gz
87,54106,BAN001.A0101.SG1.1.10M_cutadapt_gc_rl.tsv.gz
88,55083,BAN001.A0101.SG1.1.10M_cutadapt_gc_rl.tsv.gz
89,57350,BAN001.A0101.SG1.1.10M_cutadapt_gc_rl.tsv.gz
90,56261,BAN001.A0101.SG1.1.10M_cutadapt_gc_rl.tsv.gz
91,51092,BAN001.A0101.SG1.1.10M_cutadapt_gc_rl.tsv.gz
92,46932,BAN001.A0101.SG1.1.10M_cutadapt_gc_rl.tsv.gz
93,43620,BAN001.A0101.SG1.1.10M_cutadapt_gc_rl.tsv.gz
94,41749,BAN001.A0101.SG1.1.10M_cutadapt_gc_rl.tsv.gz
95,41031,BAN001.A0101.SG1.1.10M_cutadapt_gc_rl.tsv.gz
96,40448,BAN001.A0101.SG1.1.10M_cutadapt_gc_rl.tsv.gz
97,40464,BAN001.A0101.SG1.1.10M_cutadapt_gc_rl.tsv.gz
98,41244,BAN001.A0101.SG1.1.10M_cutadapt_gc_rl.tsv.gz
99,40675,BAN001.A0101.SG1.1.10M_cutadapt_gc_rl.tsv.gz
100,39809,BAN001.A0101.SG1.1.10M_cutadapt_gc_rl.tsv.gz
101,37287,BAN001.A0101.SG1.1.10M_cutadapt_gc_rl.tsv.gz
102,34834,BAN001.A0101.SG1.1.10M_cutadapt_gc_rl.tsv.gz
103,32919,BAN001.A0101.SG1.1.10M_cutadapt_gc_rl.tsv.gz
104,31318,BAN001.A0101.SG1.1.10M_cutadapt_gc_rl.tsv.gz
105,30224,BAN001.A0101.SG1.1.10M_cutadapt_gc_rl.tsv.gz
106,29477,BAN001.A0101.SG1.1.10M_cutadapt_gc_rl.tsv.gz
107,29380,BAN001.A0101.SG1.1.10M_cutadapt_gc_rl.tsv.gz
108,29258,BAN001.A0101.SG1.1.10M_cutadapt_gc_rl.tsv.gz
109,29169,BAN001.A0101.SG1.1.10M_cutadapt_gc_rl.tsv.gz
110,28449,BAN001.A0101.SG1.1.10M_cutadapt_gc_rl.tsv.gz
111,27361,BAN001.A0101.SG1.1.10M_cutadapt_gc_rl.tsv.gz
112,25323,BAN001.A0101.SG1.1.10M_cutadapt_gc_rl.tsv.gz
113,24152,BAN001.A0101.SG1.1.10M_cutadapt_gc_rl.tsv.gz
114,23619,BAN001.A0101.SG1.1.10M_cutadapt_gc_rl.tsv.gz
115,22477,BAN001.A0101.SG1.1.10M_cutadapt_gc_rl.tsv.gz
116,21465,BAN001.A0101.SG1.1.10M_cutadapt_gc_rl.tsv.gz
117,21047,BAN001.A0101.SG1.1.10M_cutadapt_gc_rl.tsv.gz
118,21167,BAN001.A0101.SG1.1.10M_cutadapt_gc_rl.tsv.gz
119,20368,BAN001.A0101.SG1.1.10M_cutadapt_gc_rl.tsv.gz
120,19978,BAN001.A0101.SG1.1.10M_cutadapt_gc_rl.tsv.gz
121,18898,BAN001.A0101.SG1.1.10M_cutadapt_gc_rl.tsv.gz
122,18272,BAN001.A0101.SG1.1.10M_cutadapt_gc_rl.tsv.gz
123,17060,BAN001.A0101.SG1.1.10M_cutadapt_gc_rl.tsv.gz
124,16826,BAN001.A0101.SG1.1.10M_cutadapt_gc_rl.tsv.gz
125,15856,BAN001.A0101.SG1.1.10M_cutadapt_gc_rl.tsv.gz
126,15512,BAN001.A0101.SG1.1.10M_cutadapt_gc_rl.tsv.gz
127,15091,BAN001.A0101.SG1.1.10M_cutadapt_gc_rl.tsv.gz
128,14872,BAN001.A0101.SG1.1.10M_cutadapt_gc_rl.tsv.gz
129,14241,BAN001.A0101.SG1.1.10M_cutadapt_gc_rl.tsv.gz
130,13985,BAN001.A0101.SG1.1.10M_cutadapt_gc_rl.tsv.gz
131,13508,BAN001.A0101.SG1.1.10M_cutadapt_gc_rl.tsv.gz
132,12809,BAN001.A0101.SG1.1.10M_cutadapt_gc_rl.tsv.gz
133,12423,BAN001.A0101.SG1.1.10M_cutadapt_gc_rl.tsv.gz
134,11991,BAN001.A0101.SG1.1.10M_cutadapt_gc_rl.tsv.gz
135,11677,BAN001.A0101.SG1.1.10M_cutadapt_gc_rl.tsv.gz
136,11229,BAN001.A0101.SG1.1.10M_cutadapt_gc_rl.tsv.gz
137,11056,BAN001.A0101.SG1.1.10M_cutadapt_gc_rl.tsv.gz
138,10460,BAN001.A0101.SG1.1.10M_cutadapt_gc_rl.tsv.gz
139,9815,BAN001.A0101.SG1.1.10M_cutadapt_gc_rl.tsv.gz
140,9958,BAN001.A0101.SG1.1.10M_cutadapt_gc_rl.tsv.gz
141,8228,BAN001.A0101.SG1.1.10M_cutadapt_gc_rl.tsv.gz
30,194780,BAN001.A0102.SG1.4.10M_cutadapt_gc_rl.tsv.gz
31,199568,BAN001.A0102.SG1.4.10M_cutadapt_gc_rl.tsv.gz
32,185445,BAN001.A0102.SG1.4.10M_cutadapt_gc_rl.tsv.gz
33,166952,BAN001.A0102.SG1.4.10M_cutadapt_gc_rl.tsv.gz
34,150564,BAN001.A0102.SG1.4.10M_cutadapt_gc_rl.tsv.gz
35,141497,BAN001.A0102.SG1.4.10M_cutadapt_gc_rl.tsv.gz
36,137239,BAN001.A0102.SG1.4.10M_cutadapt_gc_rl.tsv.gz
37,132964,BAN001.A0102.SG1.4.10M_cutadapt_gc_rl.tsv.gz
38,131318,BAN001.A0102.SG1.4.10M_cutadapt_gc_rl.tsv.gz
39,132052,BAN001.A0102.SG1.4.10M_cutadapt_gc_rl.tsv.gz
40,133873,BAN001.A0102.SG1.4.10M_cutadapt_gc_rl.tsv.gz
41,132498,BAN001.A0102.SG1.4.10M_cutadapt_gc_rl.tsv.gz
42,119406,BAN001.A0102.SG1.4.10M_cutadapt_gc_rl.tsv.gz
43,100173,BAN001.A0102.SG1.4.10M_cutadapt_gc_rl.tsv.gz
44,87089,BAN001.A0102.SG1.4.10M_cutadapt_gc_rl.tsv.gz
45,78433,BAN001.A0102.SG1.4.10M_cutadapt_gc_rl.tsv.gz
46,71617,BAN001.A0102.SG1.4.10M_cutadapt_gc_rl.tsv.gz
47,68162,BAN001.A0102.SG1.4.10M_cutadapt_gc_rl.tsv.gz
48,66412,BAN001.A0102.SG1.4.10M_cutadapt_gc_rl.tsv.gz
49,64388,BAN001.A0102.SG1.4.10M_cutadapt_gc_rl.tsv.gz
50,63647,BAN001.A0102.SG1.4.10M_cutadapt_gc_rl.tsv.gz
51,64403,BAN001.A0102.SG1.4.10M_cutadapt_gc_rl.tsv.gz
52,62086,BAN001.A0102.SG1.4.10M_cutadapt_gc_rl.tsv.gz
53,53491,BAN001.A0102.SG1.4.10M_cutadapt_gc_rl.tsv.gz
54,44966,BAN001.A0102.SG1.4.10M_cutadapt_gc_rl.tsv.gz
55,40007,BAN001.A0102.SG1.4.10M_cutadapt_gc_rl.tsv.gz
56,36285,BAN001.A0102.SG1.4.10M_cutadapt_gc_rl.tsv.gz
57,33741,BAN001.A0102.SG1.4.10M_cutadapt_gc_rl.tsv.gz
58,32399,BAN001.A0102.SG1.4.10M_cutadapt_gc_rl.tsv.gz
59,31306,BAN001.A0102.SG1.4.10M_cutadapt_gc_rl.tsv.gz
60,30740,BAN001.A0102.SG1.4.10M_cutadapt_gc_rl.tsv.gz
61,30717,BAN001.A0102.SG1.4.10M_cutadapt_gc_rl.tsv.gz
62,29506,BAN001.A0102.SG1.4.10M_cutadapt_gc_rl.tsv.gz
63,25902,BAN001.A0102.SG1.4.10M_cutadapt_gc_rl.tsv.gz
64,22332,BAN001.A0102.SG1.4.10M_cutadapt_gc_rl.tsv.gz
65,20302,BAN001.A0102.SG1.4.10M_cutadapt_gc_rl.tsv.gz
66,18785,BAN001.A0102.SG1.4.10M_cutadapt_gc_rl.tsv.gz
67,17479,BAN001.A0102.SG1.4.10M_cutadapt_gc_rl.tsv.gz
68,16626,BAN001.A0102.SG1.4.10M_cutadapt_gc_rl.tsv.gz
69,16226,BAN001.A0102.SG1.4.10M_cutadapt_gc_rl.tsv.gz
70,16362,BAN001.A0102.SG1.4.10M_cutadapt_gc_rl.tsv.gz
71,16848,BAN001.A0102.SG1.4.10M_cutadapt_gc_rl.tsv.gz
72,18680,BAN001.A0102.SG1.4.10M_cutadapt_gc_rl.tsv.gz
73,21076,BAN001.A0102.SG1.4.10M_cutadapt_gc_rl.tsv.gz
74,16827,BAN001.A0102.SG1.4.10M_cutadapt_gc_rl.tsv.gz
75,20298,BAN001.A0102.SG1.4.10M_cutadapt_gc_rl.tsv.gz
76,47784,BAN001.A0102.SG1.4.10M_cutadapt_gc_rl.tsv.gz
77,9470,BAN001.A0102.SG1.4.10M_cutadapt_gc_rl.tsv.gz
78,8960,BAN001.A0102.SG1.4.10M_cutadapt_gc_rl.tsv.gz
79,8819,BAN001.A0102.SG1.4.10M_cutadapt_gc_rl.tsv.gz
80,8436,BAN001.A0102.SG1.4.10M_cutadapt_gc_rl.tsv.gz
81,8388,BAN001.A0102.SG1.4.10M_cutadapt_gc_rl.tsv.gz
82,8287,BAN001.A0102.SG1.4.10M_cutadapt_gc_rl.tsv.gz
83,7912,BAN001.A0102.SG1.4.10M_cutadapt_gc_rl.tsv.gz
84,7287,BAN001.A0102.SG1.4.10M_cutadapt_gc_rl.tsv.gz
85,6245,BAN001.A0102.SG1.4.10M_cutadapt_gc_rl.tsv.gz
86,5825,BAN001.A0102.SG1.4.10M_cutadapt_gc_rl.tsv.gz
87,5560,BAN001.A0102.SG1.4.10M_cutadapt_gc_rl.tsv.gz
88,5221,BAN001.A0102.SG1.4.10M_cutadapt_gc_rl.tsv.gz
89,4969,BAN001.A0102.SG1.4.10M_cutadapt_gc_rl.tsv.gz
90,4945,BAN001.A0102.SG1.4.10M_cutadapt_gc_rl.tsv.gz
91,4760,BAN001.A0102.SG1.4.10M_cutadapt_gc_rl.tsv.gz
92,4866,BAN001.A0102.SG1.4.10M_cutadapt_gc_rl.tsv.gz
93,4652,BAN001.A0102.SG1.4.10M_cutadapt_gc_rl.tsv.gz
94,4512,BAN001.A0102.SG1.4.10M_cutadapt_gc_rl.tsv.gz
95,4115,BAN001.A0102.SG1.4.10M_cutadapt_gc_rl.tsv.gz
96,3720,BAN001.A0102.SG1.4.10M_cutadapt_gc_rl.tsv.gz
97,3545,BAN001.A0102.SG1.4.10M_cutadapt_gc_rl.tsv.gz
98,3476,BAN001.A0102.SG1.4.10M_cutadapt_gc_rl.tsv.gz
99,3264,BAN001.A0102.SG1.4.10M_cutadapt_gc_rl.tsv.gz
100,3284,BAN001.A0102.SG1.4.10M_cutadapt_gc_rl.tsv.gz
101,3203,BAN001.A0102.SG1.4.10M_cutadapt_gc_rl.tsv.gz
102,3205,BAN001.A0102.SG1.4.10M_cutadapt_gc_rl.tsv.gz
103,2936,BAN001.A0102.SG1.4.10M_cutadapt_gc_rl.tsv.gz
104,2901,BAN001.A0102.SG1.4.10M_cutadapt_gc_rl.tsv.gz
105,2720,BAN001.A0102.SG1.4.10M_cutadapt_gc_rl.tsv.gz
106,2623,BAN001.A0102.SG1.4.10M_cutadapt_gc_rl.tsv.gz
107,2485,BAN001.A0102.SG1.4.10M_cutadapt_gc_rl.tsv.gz
108,2333,BAN001.A0102.SG1.4.10M_cutadapt_gc_rl.tsv.gz
109,2129,BAN001.A0102.SG1.4.10M_cutadapt_gc_rl.tsv.gz
110,2068,BAN001.A0102.SG1.4.10M_cutadapt_gc_rl.tsv.gz
111,2087,BAN001.A0102.SG1.4.10M_cutadapt_gc_rl.tsv.gz
112,1995,BAN001.A0102.SG1.4.10M_cutadapt_gc_rl.tsv.gz
113,1999,BAN001.A0102.SG1.4.10M_cutadapt_gc_rl.tsv.gz
114,1848,BAN001.A0102.SG1.4.10M_cutadapt_gc_rl.tsv.gz
115,1737,BAN001.A0102.SG1.4.10M_cutadapt_gc_rl.tsv.gz
116,1753,BAN001.A0102.SG1.4.10M_cutadapt_gc_rl.tsv.gz
117,1509,BAN001.A0102.SG1.4.10M_cutadapt_gc_rl.tsv.gz
118,1621,BAN001.A0102.SG1.4.10M_cutadapt_gc_rl.tsv.gz
119,1508,BAN001.A0102.SG1.4.10M_cutadapt_gc_rl.tsv.gz
120,1457,BAN001.A0102.SG1.4.10M_cutadapt_gc_rl.tsv.gz
121,1442,BAN001.A0102.SG1.4.10M_cutadapt_gc_rl.tsv.gz
122,1404,BAN001.A0102.SG1.4.10M_cutadapt_gc_rl.tsv.gz
123,1271,BAN001.A0102.SG1.4.10M_cutadapt_gc_rl.tsv.gz
124,1305,BAN001.A0102.SG1.4.10M_cutadapt_gc_rl.tsv.gz
125,1177,BAN001.A0102.SG1.4.10M_cutadapt_gc_rl.tsv.gz
126,1215,BAN001.A0102.SG1.4.10M_cutadapt_gc_rl.tsv.gz
127,1119,BAN001.A0102.SG1.4.10M_cutadapt_gc_rl.tsv.gz
128,1127,BAN001.A0102.SG1.4.10M_cutadapt_gc_rl.tsv.gz
129,1016,BAN001.A0102.SG1.4.10M_cutadapt_gc_rl.tsv.gz
130,971,BAN001.A0102.SG1.4.10M_cutadapt_gc_rl.tsv.gz
131,974,BAN001.A0102.SG1.4.10M_cutadapt_gc_rl.tsv.gz
132,976,BAN001.A0102.SG1.4.10M_cutadapt_gc_rl.tsv.gz
133,934,BAN001.A0102.SG1.4.10M_cutadapt_gc_rl.tsv.gz
134,918,BAN001.A0102.SG1.4.10M_cutadapt_gc_rl.tsv.gz
135,860,BAN001.A0102.SG1.4.10M_cutadapt_gc_rl.tsv.gz
136,874,BAN001.A0102.SG1.4.10M_cutadapt_gc_rl.tsv.gz
137,812,BAN001.A0102.SG1.4.10M_cutadapt_gc_rl.tsv.gz
138,776,BAN001.A0102.SG1.4.10M_cutadapt_gc_rl.tsv.gz
139,651,BAN001.A0102.SG1.4.10M_cutadapt_gc_rl.tsv.gz
140,699,BAN001.A0102.SG1.4.10M_cutadapt_gc_rl.tsv.gz
141,651,BAN001.A0102.SG1.4.10M_cutadapt_gc_rl.tsv.gz
30,93149,CDM019.A0101.SG1.1.10M_cutadapt_gc_rl.tsv.gz
31,104009,CDM019.A0101.SG1.1.10M_cutadapt_gc_rl.tsv.gz
32,115345,CDM019.A0101.SG1.1.10M_cutadapt_gc_rl.tsv.gz
33,127309,CDM019.A0101.SG1.1.10M_cutadapt_gc_rl.tsv.gz
34,137459,CDM019.A0101.SG1.1.10M_cutadapt_gc_rl.tsv.gz
35,144777,CDM019.A0101.SG1.1.10M_cutadapt_gc_rl.tsv.gz
36,155443,CDM019.A0101.SG1.1.10M_cutadapt_gc_rl.tsv.gz
37,160572,CDM019.A0101.SG1.1.10M_cutadapt_gc_rl.tsv.gz
38,161655,CDM019.A0101.SG1.1.10M_cutadapt_gc_rl.tsv.gz
39,164545,CDM019.A0101.SG1.1.10M_cutadapt_gc_rl.tsv.gz
40,165353,CDM019.A0101.SG1.1.10M_cutadapt_gc_rl.tsv.gz
41,165694,CDM019.A0101.SG1.1.10M_cutadapt_gc_rl.tsv.gz
42,168286,CDM019.A0101.SG1.1.10M_cutadapt_gc_rl.tsv.gz
43,169731,CDM019.A0101.SG1.1.10M_cutadapt_gc_rl.tsv.gz
44,168810,CDM019.A0101.SG1.1.10M_cutadapt_gc_rl.tsv.gz
45,170873,CDM019.A0101.SG1.1.10M_cutadapt_gc_rl.tsv.gz
46,171927,CDM019.A0101.SG1.1.10M_cutadapt_gc_rl.tsv.gz
47,170222,CDM019.A0101.SG1.1.10M_cutadapt_gc_rl.tsv.gz
48,169483,CDM019.A0101.SG1.1.10M_cutadapt_gc_rl.tsv.gz
49,167132,CDM019.A0101.SG1.1.10M_cutadapt_gc_rl.tsv.gz
50,161852,CDM019.A0101.SG1.1.10M_cutadapt_gc_rl.tsv.gz
51,160650,CDM019.A0101.SG1.1.10M_cutadapt_gc_rl.tsv.gz
52,158531,CDM019.A0101.SG1.1.10M_cutadapt_gc_rl.tsv.gz
53,155496,CDM019.A0101.SG1.1.10M_cutadapt_gc_rl.tsv.gz
54,154260,CDM019.A0101.SG1.1.10M_cutadapt_gc_rl.tsv.gz
55,151713,CDM019.A0101.SG1.1.10M_cutadapt_gc_rl.tsv.gz
56,148979,CDM019.A0101.SG1.1.10M_cutadapt_gc_rl.tsv.gz
57,148899,CDM019.A0101.SG1.1.10M_cutadapt_gc_rl.tsv.gz
58,145911,CDM019.A0101.SG1.1.10M_cutadapt_gc_rl.tsv.gz
59,139763,CDM019.A0101.SG1.1.10M_cutadapt_gc_rl.tsv.gz
60,137974,CDM019.A0101.SG1.1.10M_cutadapt_gc_rl.tsv.gz
61,134029,CDM019.A0101.SG1.1.10M_cutadapt_gc_rl.tsv.gz
62,129784,CDM019.A0101.SG1.1.10M_cutadapt_gc_rl.tsv.gz
63,128967,CDM019.A0101.SG1.1.10M_cutadapt_gc_rl.tsv.gz
64,125200,CDM019.A0101.SG1.1.10M_cutadapt_gc_rl.tsv.gz
65,122455,CDM019.A0101.SG1.1.10M_cutadapt_gc_rl.tsv.gz
66,120871,CDM019.A0101.SG1.1.10M_cutadapt_gc_rl.tsv.gz
67,118404,CDM019.A0101.SG1.1.10M_cutadapt_gc_rl.tsv.gz
68,114182,CDM019.A0101.SG1.1.10M_cutadapt_gc_rl.tsv.gz
69,113132,CDM019.A0101.SG1.1.10M_cutadapt_gc_rl.tsv.gz
70,110965,CDM019.A0101.SG1.1.10M_cutadapt_gc_rl.tsv.gz
71,110029,CDM019.A0101.SG1.1.10M_cutadapt_gc_rl.tsv.gz
72,117897,CDM019.A0101.SG1.1.10M_cutadapt_gc_rl.tsv.gz
73,129311,CDM019.A0101.SG1.1.10M_cutadapt_gc_rl.tsv.gz
74,117797,CDM019.A0101.SG1.1.10M_cutadapt_gc_rl.tsv.gz
75,208328,CDM019.A0101.SG1.1.10M_cutadapt_gc_rl.tsv.gz
76,643652,CDM019.A0101.SG1.1.10M_cutadapt_gc_rl.tsv.gz
77,88312,CDM019.A0101.SG1.1.10M_cutadapt_gc_rl.tsv.gz
78,87688,CDM019.A0101.SG1.1.10M_cutadapt_gc_rl.tsv.gz
79,85131,CDM019.A0101.SG1.1.10M_cutadapt_gc_rl.tsv.gz
80,81521,CDM019.A0101.SG1.1.10M_cutadapt_gc_rl.tsv.gz
81,79540,CDM019.A0101.SG1.1.10M_cutadapt_gc_rl.tsv.gz
82,77270,CDM019.A0101.SG1.1.10M_cutadapt_gc_rl.tsv.gz
83,74901,CDM019.A0101.SG1.1.10M_cutadapt_gc_rl.tsv.gz
84,72951,CDM019.A0101.SG1.1.10M_cutadapt_gc_rl.tsv.gz
85,71419,CDM019.A0101.SG1.1.10M_cutadapt_gc_rl.tsv.gz
86,68820,CDM019.A0101.SG1.1.10M_cutadapt_gc_rl.tsv.gz
87,67537,CDM019.A0101.SG1.1.10M_cutadapt_gc_rl.tsv.gz
88,66151,CDM019.A0101.SG1.1.10M_cutadapt_gc_rl.tsv.gz
89,63324,CDM019.A0101.SG1.1.10M_cutadapt_gc_rl.tsv.gz
90,62318,CDM019.A0101.SG1.1.10M_cutadapt_gc_rl.tsv.gz
91,60664,CDM019.A0101.SG1.1.10M_cutadapt_gc_rl.tsv.gz
92,57552,CDM019.A0101.SG1.1.10M_cutadapt_gc_rl.tsv.gz
93,57138,CDM019.A0101.SG1.1.10M_cutadapt_gc_rl.tsv.gz
94,55118,CDM019.A0101.SG1.1.10M_cutadapt_gc_rl.tsv.gz
95,53328,CDM019.A0101.SG1.1.10M_cutadapt_gc_rl.tsv.gz
96,52221,CDM019.A0101.SG1.1.10M_cutadapt_gc_rl.tsv.gz
97,51264,CDM019.A0101.SG1.1.10M_cutadapt_gc_rl.tsv.gz
98,49209,CDM019.A0101.SG1.1.10M_cutadapt_gc_rl.tsv.gz
99,47902,CDM019.A0101.SG1.1.10M_cutadapt_gc_rl.tsv.gz
100,46923,CDM019.A0101.SG1.1.10M_cutadapt_gc_rl.tsv.gz
101,44590,CDM019.A0101.SG1.1.10M_cutadapt_gc_rl.tsv.gz
102,43829,CDM019.A0101.SG1.1.10M_cutadapt_gc_rl.tsv.gz
103,42295,CDM019.A0101.SG1.1.10M_cutadapt_gc_rl.tsv.gz
104,40637,CDM019.A0101.SG1.1.10M_cutadapt_gc_rl.tsv.gz
105,39998,CDM019.A0101.SG1.1.10M_cutadapt_gc_rl.tsv.gz
106,39093,CDM019.A0101.SG1.1.10M_cutadapt_gc_rl.tsv.gz
107,37540,CDM019.A0101.SG1.1.10M_cutadapt_gc_rl.tsv.gz
108,37103,CDM019.A0101.SG1.1.10M_cutadapt_gc_rl.tsv.gz
109,36056,CDM019.A0101.SG1.1.10M_cutadapt_gc_rl.tsv.gz
110,34649,CDM019.A0101.SG1.1.10M_cutadapt_gc_rl.tsv.gz
111,33945,CDM019.A0101.SG1.1.10M_cutadapt_gc_rl.tsv.gz
112,32879,CDM019.A0101.SG1.1.10M_cutadapt_gc_rl.tsv.gz
113,31531,CDM019.A0101.SG1.1.10M_cutadapt_gc_rl.tsv.gz
114,31071,CDM019.A0101.SG1.1.10M_cutadapt_gc_rl.tsv.gz
115,29921,CDM019.A0101.SG1.1.10M_cutadapt_gc_rl.tsv.gz
116,28744,CDM019.A0101.SG1.1.10M_cutadapt_gc_rl.tsv.gz
117,27978,CDM019.A0101.SG1.1.10M_cutadapt_gc_rl.tsv.gz
118,27492,CDM019.A0101.SG1.1.10M_cutadapt_gc_rl.tsv.gz
119,26290,CDM019.A0101.SG1.1.10M_cutadapt_gc_rl.tsv.gz
120,25867,CDM019.A0101.SG1.1.10M_cutadapt_gc_rl.tsv.gz
121,25110,CDM019.A0101.SG1.1.10M_cutadapt_gc_rl.tsv.gz
122,24021,CDM019.A0101.SG1.1.10M_cutadapt_gc_rl.tsv.gz
123,23707,CDM019.A0101.SG1.1.10M_cutadapt_gc_rl.tsv.gz
124,22849,CDM019.A0101.SG1.1.10M_cutadapt_gc_rl.tsv.gz
125,21826,CDM019.A0101.SG1.1.10M_cutadapt_gc_rl.tsv.gz
126,21215,CDM019.A0101.SG1.1.10M_cutadapt_gc_rl.tsv.gz
127,20855,CDM019.A0101.SG1.1.10M_cutadapt_gc_rl.tsv.gz
128,19786,CDM019.A0101.SG1.1.10M_cutadapt_gc_rl.tsv.gz
129,19689,CDM019.A0101.SG1.1.10M_cutadapt_gc_rl.tsv.gz
130,18979,CDM019.A0101.SG1.1.10M_cutadapt_gc_rl.tsv.gz
131,18267,CDM019.A0101.SG1.1.10M_cutadapt_gc_rl.tsv.gz
132,17485,CDM019.A0101.SG1.1.10M_cutadapt_gc_rl.tsv.gz
133,17229,CDM019.A0101.SG1.1.10M_cutadapt_gc_rl.tsv.gz
134,16751,CDM019.A0101.SG1.1.10M_cutadapt_gc_rl.tsv.gz
135,16131,CDM019.A0101.SG1.1.10M_cutadapt_gc_rl.tsv.gz
136,15991,CDM019.A0101.SG1.1.10M_cutadapt_gc_rl.tsv.gz
137,15544,CDM019.A0101.SG1.1.10M_cutadapt_gc_rl.tsv.gz
138,14758,CDM019.A0101.SG1.1.10M_cutadapt_gc_rl.tsv.gz
139,14029,CDM019.A0101.SG1.1.10M_cutadapt_gc_rl.tsv.gz
140,14053,CDM019.A0101.SG1.1.10M_cutadapt_gc_rl.tsv.gz
141,12095,CDM019.A0101.SG1.1.10M_cutadapt_gc_rl.tsv.gz
30,207853,CDM019.A0102.SG1.4.10M_cutadapt_gc_rl.tsv.gz
31,217194,CDM019.A0102.SG1.4.10M_cutadapt_gc_rl.tsv.gz
32,219606,CDM019.A0102.SG1.4.10M_cutadapt_gc_rl.tsv.gz
33,214848,CDM019.A0102.SG1.4.10M_cutadapt_gc_rl.tsv.gz
34,218507,CDM019.A0102.SG1.4.10M_cutadapt_gc_rl.tsv.gz
35,220441,CDM019.A0102.SG1.4.10M_cutadapt_gc_rl.tsv.gz
36,216489,CDM019.A0102.SG1.4.10M_cutadapt_gc_rl.tsv.gz
37,216584,CDM019.A0102.SG1.4.10M_cutadapt_gc_rl.tsv.gz
38,215537,CDM019.A0102.SG1.4.10M_cutadapt_gc_rl.tsv.gz
39,208556,CDM019.A0102.SG1.4.10M_cutadapt_gc_rl.tsv.gz
40,209271,CDM019.A0102.SG1.4.10M_cutadapt_gc_rl.tsv.gz
41,207637,CDM019.A0102.SG1.4.10M_cutadapt_gc_rl.tsv.gz
42,197285,CDM019.A0102.SG1.4.10M_cutadapt_gc_rl.tsv.gz
43,192574,CDM019.A0102.SG1.4.10M_cutadapt_gc_rl.tsv.gz
44,188608,CDM019.A0102.SG1.4.10M_cutadapt_gc_rl.tsv.gz
45,180096,CDM019.A0102.SG1.4.10M_cutadapt_gc_rl.tsv.gz
46,177369,CDM019.A0102.SG1.4.10M_cutadapt_gc_rl.tsv.gz
47,173245,CDM019.A0102.SG1.4.10M_cutadapt_gc_rl.tsv.gz
48,164397,CDM019.A0102.SG1.4.10M_cutadapt_gc_rl.tsv.gz
49,159960,CDM019.A0102.SG1.4.10M_cutadapt_gc_rl.tsv.gz
50,156719,CDM019.A0102.SG1.4.10M_cutadapt_gc_rl.tsv.gz
51,149249,CDM019.A0102.SG1.4.10M_cutadapt_gc_rl.tsv.gz
52,144881,CDM019.A0102.SG1.4.10M_cutadapt_gc_rl.tsv.gz
53,139111,CDM019.A0102.SG1.4.10M_cutadapt_gc_rl.tsv.gz
54,130827,CDM019.A0102.SG1.4.10M_cutadapt_gc_rl.tsv.gz
55,127220,CDM019.A0102.SG1.4.10M_cutadapt_gc_rl.tsv.gz
56,123848,CDM019.A0102.SG1.4.10M_cutadapt_gc_rl.tsv.gz
57,116526,CDM019.A0102.SG1.4.10M_cutadapt_gc_rl.tsv.gz
58,113024,CDM019.A0102.SG1.4.10M_cutadapt_gc_rl.tsv.gz
59,110081,CDM019.A0102.SG1.4.10M_cutadapt_gc_rl.tsv.gz
60,102882,CDM019.A0102.SG1.4.10M_cutadapt_gc_rl.tsv.gz
61,101006,CDM019.A0102.SG1.4.10M_cutadapt_gc_rl.tsv.gz
62,97595,CDM019.A0102.SG1.4.10M_cutadapt_gc_rl.tsv.gz
63,91026,CDM019.A0102.SG1.4.10M_cutadapt_gc_rl.tsv.gz
64,88240,CDM019.A0102.SG1.4.10M_cutadapt_gc_rl.tsv.gz
65,84997,CDM019.A0102.SG1.4.10M_cutadapt_gc_rl.tsv.gz
66,80233,CDM019.A0102.SG1.4.10M_cutadapt_gc_rl.tsv.gz
67,77845,CDM019.A0102.SG1.4.10M_cutadapt_gc_rl.tsv.gz
68,75741,CDM019.A0102.SG1.4.10M_cutadapt_gc_rl.tsv.gz
69,71878,CDM019.A0102.SG1.4.10M_cutadapt_gc_rl.tsv.gz
70,70709,CDM019.A0102.SG1.4.10M_cutadapt_gc_rl.tsv.gz
71,72060,CDM019.A0102.SG1.4.10M_cutadapt_gc_rl.tsv.gz
72,77429,CDM019.A0102.SG1.4.10M_cutadapt_gc_rl.tsv.gz
73,102785,CDM019.A0102.SG1.4.10M_cutadapt_gc_rl.tsv.gz
74,66339,CDM019.A0102.SG1.4.10M_cutadapt_gc_rl.tsv.gz
75,90919,CDM019.A0102.SG1.4.10M_cutadapt_gc_rl.tsv.gz
76,383928,CDM019.A0102.SG1.4.10M_cutadapt_gc_rl.tsv.gz
77,51668,CDM019.A0102.SG1.4.10M_cutadapt_gc_rl.tsv.gz
78,48463,CDM019.A0102.SG1.4.10M_cutadapt_gc_rl.tsv.gz
79,47356,CDM019.A0102.SG1.4.10M_cutadapt_gc_rl.tsv.gz
80,45590,CDM019.A0102.SG1.4.10M_cutadapt_gc_rl.tsv.gz
81,43113,CDM019.A0102.SG1.4.10M_cutadapt_gc_rl.tsv.gz
82,41815,CDM019.A0102.SG1.4.10M_cutadapt_gc_rl.tsv.gz
83,40763,CDM019.A0102.SG1.4.10M_cutadapt_gc_rl.tsv.gz
84,37819,CDM019.A0102.SG1.4.10M_cutadapt_gc_rl.tsv.gz
85,36683,CDM019.A0102.SG1.4.10M_cutadapt_gc_rl.tsv.gz
86,35972,CDM019.A0102.SG1.4.10M_cutadapt_gc_rl.tsv.gz
87,33546,CDM019.A0102.SG1.4.10M_cutadapt_gc_rl.tsv.gz
88,33115,CDM019.A0102.SG1.4.10M_cutadapt_gc_rl.tsv.gz
89,31721,CDM019.A0102.SG1.4.10M_cutadapt_gc_rl.tsv.gz
90,30050,CDM019.A0102.SG1.4.10M_cutadapt_gc_rl.tsv.gz
91,29131,CDM019.A0102.SG1.4.10M_cutadapt_gc_rl.tsv.gz
92,28573,CDM019.A0102.SG1.4.10M_cutadapt_gc_rl.tsv.gz
93,26938,CDM019.A0102.SG1.4.10M_cutadapt_gc_rl.tsv.gz
94,26194,CDM019.A0102.SG1.4.10M_cutadapt_gc_rl.tsv.gz
95,25198,CDM019.A0102.SG1.4.10M_cutadapt_gc_rl.tsv.gz
96,23959,CDM019.A0102.SG1.4.10M_cutadapt_gc_rl.tsv.gz
97,23417,CDM019.A0102.SG1.4.10M_cutadapt_gc_rl.tsv.gz
98,22432,CDM019.A0102.SG1.4.10M_cutadapt_gc_rl.tsv.gz
99,21542,CDM019.A0102.SG1.4.10M_cutadapt_gc_rl.tsv.gz
100,20722,CDM019.A0102.SG1.4.10M_cutadapt_gc_rl.tsv.gz
101,20303,CDM019.A0102.SG1.4.10M_cutadapt_gc_rl.tsv.gz
102,19235,CDM019.A0102.SG1.4.10M_cutadapt_gc_rl.tsv.gz
103,18708,CDM019.A0102.SG1.4.10M_cutadapt_gc_rl.tsv.gz
104,18102,CDM019.A0102.SG1.4.10M_cutadapt_gc_rl.tsv.gz
105,17111,CDM019.A0102.SG1.4.10M_cutadapt_gc_rl.tsv.gz
106,16796,CDM019.A0102.SG1.4.10M_cutadapt_gc_rl.tsv.gz
107,16227,CDM019.A0102.SG1.4.10M_cutadapt_gc_rl.tsv.gz
108,15598,CDM019.A0102.SG1.4.10M_cutadapt_gc_rl.tsv.gz
109,15057,CDM019.A0102.SG1.4.10M_cutadapt_gc_rl.tsv.gz
110,14763,CDM019.A0102.SG1.4.10M_cutadapt_gc_rl.tsv.gz
111,14059,CDM019.A0102.SG1.4.10M_cutadapt_gc_rl.tsv.gz
112,13598,CDM019.A0102.SG1.4.10M_cutadapt_gc_rl.tsv.gz
113,13419,CDM019.A0102.SG1.4.10M_cutadapt_gc_rl.tsv.gz
114,12562,CDM019.A0102.SG1.4.10M_cutadapt_gc_rl.tsv.gz
115,12264,CDM019.A0102.SG1.4.10M_cutadapt_gc_rl.tsv.gz
116,12134,CDM019.A0102.SG1.4.10M_cutadapt_gc_rl.tsv.gz
117,11245,CDM019.A0102.SG1.4.10M_cutadapt_gc_rl.tsv.gz
118,10948,CDM019.A0102.SG1.4.10M_cutadapt_gc_rl.tsv.gz
119,10809,CDM019.A0102.SG1.4.10M_cutadapt_gc_rl.tsv.gz
120,10284,CDM019.A0102.SG1.4.10M_cutadapt_gc_rl.tsv.gz
121,10005,CDM019.A0102.SG1.4.10M_cutadapt_gc_rl.tsv.gz
122,9772,CDM019.A0102.SG1.4.10M_cutadapt_gc_rl.tsv.gz
123,9264,CDM019.A0102.SG1.4.10M_cutadapt_gc_rl.tsv.gz
124,9058,CDM019.A0102.SG1.4.10M_cutadapt_gc_rl.tsv.gz
125,8985,CDM019.A0102.SG1.4.10M_cutadapt_gc_rl.tsv.gz
126,8480,CDM019.A0102.SG1.4.10M_cutadapt_gc_rl.tsv.gz
127,8246,CDM019.A0102.SG1.4.10M_cutadapt_gc_rl.tsv.gz
128,7998,CDM019.A0102.SG1.4.10M_cutadapt_gc_rl.tsv.gz
129,7691,CDM019.A0102.SG1.4.10M_cutadapt_gc_rl.tsv.gz
130,7646,CDM019.A0102.SG1.4.10M_cutadapt_gc_rl.tsv.gz
131,7644,CDM019.A0102.SG1.4.10M_cutadapt_gc_rl.tsv.gz
132,7214,CDM019.A0102.SG1.4.10M_cutadapt_gc_rl.tsv.gz
133,6909,CDM019.A0102.SG1.4.10M_cutadapt_gc_rl.tsv.gz
134,7042,CDM019.A0102.SG1.4.10M_cutadapt_gc_rl.tsv.gz
135,6593,CDM019.A0102.SG1.4.10M_cutadapt_gc_rl.tsv.gz
136,6501,CDM019.A0102.SG1.4.10M_cutadapt_gc_rl.tsv.gz
137,6465,CDM019.A0102.SG1.4.10M_cutadapt_gc_rl.tsv.gz
138,5813,CDM019.A0102.SG1.4.10M_cutadapt_gc_rl.tsv.gz
139,5440,CDM019.A0102.SG1.4.10M_cutadapt_gc_rl.tsv.gz
140,5703,CDM019.A0102.SG1.4.10M_cutadapt_gc_rl.tsv.gz
141,4858,CDM019.A0102.SG1.4.10M_cutadapt_gc_rl.tsv.gz
30,125389,CDM020.A0101.SG1.1.10M_cutadapt_gc_rl.tsv.gz
31,138367,CDM020.A0101.SG1.1.10M_cutadapt_gc_rl.tsv.gz
32,148806,CDM020.A0101.SG1.1.10M_cutadapt_gc_rl.tsv.gz
33,160896,CDM020.A0101.SG1.1.10M_cutadapt_gc_rl.tsv.gz
34,169646,CDM020.A0101.SG1.1.10M_cutadapt_gc_rl.tsv.gz
35,176637,CDM020.A0101.SG1.1.10M_cutadapt_gc_rl.tsv.gz
36,185727,CDM020.A0101.SG1.1.10M_cutadapt_gc_rl.tsv.gz
37,190096,CDM020.A0101.SG1.1.10M_cutadapt_gc_rl.tsv.gz
38,190775,CDM020.A0101.SG1.1.10M_cutadapt_gc_rl.tsv.gz
39,192528,CDM020.A0101.SG1.1.10M_cutadapt_gc_rl.tsv.gz
40,192894,CDM020.A0101.SG1.1.10M_cutadapt_gc_rl.tsv.gz
41,192701,CDM020.A0101.SG1.1.10M_cutadapt_gc_rl.tsv.gz
42,193716,CDM020.A0101.SG1.1.10M_cutadapt_gc_rl.tsv.gz
43,192771,CDM020.A0101.SG1.1.10M_cutadapt_gc_rl.tsv.gz
44,190043,CDM020.A0101.SG1.1.10M_cutadapt_gc_rl.tsv.gz
45,189306,CDM020.A0101.SG1.1.10M_cutadapt_gc_rl.tsv.gz
46,189842,CDM020.A0101.SG1.1.10M_cutadapt_gc_rl.tsv.gz
47,185972,CDM020.A0101.SG1.1.10M_cutadapt_gc_rl.tsv.gz
48,183767,CDM020.A0101.SG1.1.10M_cutadapt_gc_rl.tsv.gz
49,179468,CDM020.A0101.SG1.1.10M_cutadapt_gc_rl.tsv.gz
50,173562,CDM020.A0101.SG1.1.10M_cutadapt_gc_rl.tsv.gz
51,169953,CDM020.A0101.SG1.1.10M_cutadapt_gc_rl.tsv.gz
52,167819,CDM020.A0101.SG1.1.10M_cutadapt_gc_rl.tsv.gz
53,161822,CDM020.A0101.SG1.1.10M_cutadapt_gc_rl.tsv.gz
54,159505,CDM020.A0101.SG1.1.10M_cutadapt_gc_rl.tsv.gz
55,155465,CDM020.A0101.SG1.1.10M_cutadapt_gc_rl.tsv.gz
56,151467,CDM020.A0101.SG1.1.10M_cutadapt_gc_rl.tsv.gz
57,148418,CDM020.A0101.SG1.1.10M_cutadapt_gc_rl.tsv.gz
58,144204,CDM020.A0101.SG1.1.10M_cutadapt_gc_rl.tsv.gz
59,138756,CDM020.A0101.SG1.1.10M_cutadapt_gc_rl.tsv.gz
60,135340,CDM020.A0101.SG1.1.10M_cutadapt_gc_rl.tsv.gz
61,130073,CDM020.A0101.SG1.1.10M_cutadapt_gc_rl.tsv.gz
62,125756,CDM020.A0101.SG1.1.10M_cutadapt_gc_rl.tsv.gz
63,123032,CDM020.A0101.SG1.1.10M_cutadapt_gc_rl.tsv.gz
64,118576,CDM020.A0101.SG1.1.10M_cutadapt_gc_rl.tsv.gz
65,114628,CDM020.A0101.SG1.1.10M_cutadapt_gc_rl.tsv.gz
66,112954,CDM020.A0101.SG1.1.10M_cutadapt_gc_rl.tsv.gz
67,108428,CDM020.A0101.SG1.1.10M_cutadapt_gc_rl.tsv.gz
68,104812,CDM020.A0101.SG1.1.10M_cutadapt_gc_rl.tsv.gz
69,103435,CDM020.A0101.SG1.1.10M_cutadapt_gc_rl.tsv.gz
70,100032,CDM020.A0101.SG1.1.10M_cutadapt_gc_rl.tsv.gz
71,99576,CDM020.A0101.SG1.1.10M_cutadapt_gc_rl.tsv.gz
72,105825,CDM020.A0101.SG1.1.10M_cutadapt_gc_rl.tsv.gz
73,116254,CDM020.A0101.SG1.1.10M_cutadapt_gc_rl.tsv.gz
74,105849,CDM020.A0101.SG1.1.10M_cutadapt_gc_rl.tsv.gz
75,195412,CDM020.A0101.SG1.1.10M_cutadapt_gc_rl.tsv.gz
76,590176,CDM020.A0101.SG1.1.10M_cutadapt_gc_rl.tsv.gz
77,76561,CDM020.A0101.SG1.1.10M_cutadapt_gc_rl.tsv.gz
78,74899,CDM020.A0101.SG1.1.10M_cutadapt_gc_rl.tsv.gz
79,71804,CDM020.A0101.SG1.1.10M_cutadapt_gc_rl.tsv.gz
80,68862,CDM020.A0101.SG1.1.10M_cutadapt_gc_rl.tsv.gz
81,66726,CDM020.A0101.SG1.1.10M_cutadapt_gc_rl.tsv.gz
82,64700,CDM020.A0101.SG1.1.10M_cutadapt_gc_rl.tsv.gz
83,61694,CDM020.A0101.SG1.1.10M_cutadapt_gc_rl.tsv.gz
84,60689,CDM020.A0101.SG1.1.10M_cutadapt_gc_rl.tsv.gz
85,58490,CDM020.A0101.SG1.1.10M_cutadapt_gc_rl.tsv.gz
86,56717,CDM020.A0101.SG1.1.10M_cutadapt_gc_rl.tsv.gz
87,55404,CDM020.A0101.SG1.1.10M_cutadapt_gc_rl.tsv.gz
88,52936,CDM020.A0101.SG1.1.10M_cutadapt_gc_rl.tsv.gz
89,50994,CDM020.A0101.SG1.1.10M_cutadapt_gc_rl.tsv.gz
90,49843,CDM020.A0101.SG1.1.10M_cutadapt_gc_rl.tsv.gz
91,48028,CDM020.A0101.SG1.1.10M_cutadapt_gc_rl.tsv.gz
92,45551,CDM020.A0101.SG1.1.10M_cutadapt_gc_rl.tsv.gz
93,44513,CDM020.A0101.SG1.1.10M_cutadapt_gc_rl.tsv.gz
94,43488,CDM020.A0101.SG1.1.10M_cutadapt_gc_rl.tsv.gz
95,41758,CDM020.A0101.SG1.1.10M_cutadapt_gc_rl.tsv.gz
96,40988,CDM020.A0101.SG1.1.10M_cutadapt_gc_rl.tsv.gz
97,39688,CDM020.A0101.SG1.1.10M_cutadapt_gc_rl.tsv.gz
98,38024,CDM020.A0101.SG1.1.10M_cutadapt_gc_rl.tsv.gz
99,37358,CDM020.A0101.SG1.1.10M_cutadapt_gc_rl.tsv.gz
100,35811,CDM020.A0101.SG1.1.10M_cutadapt_gc_rl.tsv.gz
101,34556,CDM020.A0101.SG1.1.10M_cutadapt_gc_rl.tsv.gz
102,33876,CDM020.A0101.SG1.1.10M_cutadapt_gc_rl.tsv.gz
103,32390,CDM020.A0101.SG1.1.10M_cutadapt_gc_rl.tsv.gz
104,31550,CDM020.A0101.SG1.1.10M_cutadapt_gc_rl.tsv.gz
105,30663,CDM020.A0101.SG1.1.10M_cutadapt_gc_rl.tsv.gz
106,29782,CDM020.A0101.SG1.1.10M_cutadapt_gc_rl.tsv.gz
107,28468,CDM020.A0101.SG1.1.10M_cutadapt_gc_rl.tsv.gz
108,28082,CDM020.A0101.SG1.1.10M_cutadapt_gc_rl.tsv.gz
109,27209,CDM020.A0101.SG1.1.10M_cutadapt_gc_rl.tsv.gz
110,26157,CDM020.A0101.SG1.1.10M_cutadapt_gc_rl.tsv.gz
111,25609,CDM020.A0101.SG1.1.10M_cutadapt_gc_rl.tsv.gz
112,24308,CDM020.A0101.SG1.1.10M_cutadapt_gc_rl.tsv.gz
113,23518,CDM020.A0101.SG1.1.10M_cutadapt_gc_rl.tsv.gz
114,23057,CDM020.A0101.SG1.1.10M_cutadapt_gc_rl.tsv.gz
115,22497,CDM020.A0101.SG1.1.10M_cutadapt_gc_rl.tsv.gz
116,21638,CDM020.A0101.SG1.1.10M_cutadapt_gc_rl.tsv.gz
117,21175,CDM020.A0101.SG1.1.10M_cutadapt_gc_rl.tsv.gz
118,20219,CDM020.A0101.SG1.1.10M_cutadapt_gc_rl.tsv.gz
119,19695,CDM020.A0101.SG1.1.10M_cutadapt_gc_rl.tsv.gz
120,19324,CDM020.A0101.SG1.1.10M_cutadapt_gc_rl.tsv.gz
121,18827,CDM020.A0101.SG1.1.10M_cutadapt_gc_rl.tsv.gz
122,18080,CDM020.A0101.SG1.1.10M_cutadapt_gc_rl.tsv.gz
123,17781,CDM020.A0101.SG1.1.10M_cutadapt_gc_rl.tsv.gz
124,16925,CDM020.A0101.SG1.1.10M_cutadapt_gc_rl.tsv.gz
125,16565,CDM020.A0101.SG1.1.10M_cutadapt_gc_rl.tsv.gz
126,15951,CDM020.A0101.SG1.1.10M_cutadapt_gc_rl.tsv.gz
127,15506,CDM020.A0101.SG1.1.10M_cutadapt_gc_rl.tsv.gz
128,15140,CDM020.A0101.SG1.1.10M_cutadapt_gc_rl.tsv.gz
129,14791,CDM020.A0101.SG1.1.10M_cutadapt_gc_rl.tsv.gz
130,14481,CDM020.A0101.SG1.1.10M_cutadapt_gc_rl.tsv.gz
131,13913,CDM020.A0101.SG1.1.10M_cutadapt_gc_rl.tsv.gz
132,13442,CDM020.A0101.SG1.1.10M_cutadapt_gc_rl.tsv.gz
133,13324,CDM020.A0101.SG1.1.10M_cutadapt_gc_rl.tsv.gz
134,12828,CDM020.A0101.SG1.1.10M_cutadapt_gc_rl.tsv.gz
135,12653,CDM020.A0101.SG1.1.10M_cutadapt_gc_rl.tsv.gz
136,12415,CDM020.A0101.SG1.1.10M_cutadapt_gc_rl.tsv.gz
137,12206,CDM020.A0101.SG1.1.10M_cutadapt_gc_rl.tsv.gz
138,11300,CDM020.A0101.SG1.1.10M_cutadapt_gc_rl.tsv.gz
139,11095,CDM020.A0101.SG1.1.10M_cutadapt_gc_rl.tsv.gz
140,11108,CDM020.A0101.SG1.1.10M_cutadapt_gc_rl.tsv.gz
141,9438,CDM020.A0101.SG1.1.10M_cutadapt_gc_rl.tsv.gz
30,205992,CDM020.A0102.SG1.4.10M_cutadapt_gc_rl.tsv.gz
31,214568,CDM020.A0102.SG1.4.10M_cutadapt_gc_rl.tsv.gz
32,220185,CDM020.A0102.SG1.4.10M_cutadapt_gc_rl.tsv.gz
33,218307,CDM020.A0102.SG1.4.10M_cutadapt_gc_rl.tsv.gz
34,223430,CDM020.A0102.SG1.4.10M_cutadapt_gc_rl.tsv.gz
35,227972,CDM020.A0102.SG1.4.10M_cutadapt_gc_rl.tsv.gz
36,224865,CDM020.A0102.SG1.4.10M_cutadapt_gc_rl.tsv.gz
37,224572,CDM020.A0102.SG1.4.10M_cutadapt_gc_rl.tsv.gz
38,223703,CDM020.A0102.SG1.4.10M_cutadapt_gc_rl.tsv.gz
39,217112,CDM020.A0102.SG1.4.10M_cutadapt_gc_rl.tsv.gz
40,216279,CDM020.A0102.SG1.4.10M_cutadapt_gc_rl.tsv.gz
41,214374,CDM020.A0102.SG1.4.10M_cutadapt_gc_rl.tsv.gz
42,205521,CDM020.A0102.SG1.4.10M_cutadapt_gc_rl.tsv.gz
43,201114,CDM020.A0102.SG1.4.10M_cutadapt_gc_rl.tsv.gz
44,197766,CDM020.A0102.SG1.4.10M_cutadapt_gc_rl.tsv.gz
45,189538,CDM020.A0102.SG1.4.10M_cutadapt_gc_rl.tsv.gz
46,185309,CDM020.A0102.SG1.4.10M_cutadapt_gc_rl.tsv.gz
47,180863,CDM020.A0102.SG1.4.10M_cutadapt_gc_rl.tsv.gz
48,172510,CDM020.A0102.SG1.4.10M_cutadapt_gc_rl.tsv.gz
49,166729,CDM020.A0102.SG1.4.10M_cutadapt_gc_rl.tsv.gz
50,162094,CDM020.A0102.SG1.4.10M_cutadapt_gc_rl.tsv.gz
51,154856,CDM020.A0102.SG1.4.10M_cutadapt_gc_rl.tsv.gz
52,148840,CDM020.A0102.SG1.4.10M_cutadapt_gc_rl.tsv.gz
53,143900,CDM020.A0102.SG1.4.10M_cutadapt_gc_rl.tsv.gz
54,135655,CDM020.A0102.SG1.4.10M_cutadapt_gc_rl.tsv.gz
55,132470,CDM020.A0102.SG1.4.10M_cutadapt_gc_rl.tsv.gz
56,127561,CDM020.A0102.SG1.4.10M_cutadapt_gc_rl.tsv.gz
57,121078,CDM020.A0102.SG1.4.10M_cutadapt_gc_rl.tsv.gz
58,116134,CDM020.A0102.SG1.4.10M_cutadapt_gc_rl.tsv.gz
59,112640,CDM020.A0102.SG1.4.10M_cutadapt_gc_rl.tsv.gz
60,106114,CDM020.A0102.SG1.4.10M_cutadapt_gc_rl.tsv.gz
61,101989,CDM020.A0102.SG1.4.10M_cutadapt_gc_rl.tsv.gz
62,98621,CDM020.A0102.SG1.4.10M_cutadapt_gc_rl.tsv.gz
63,92693,CDM020.A0102.SG1.4.10M_cutadapt_gc_rl.tsv.gz
64,89386,CDM020.A0102.SG1.4.10M_cutadapt_gc_rl.tsv.gz
65,86152,CDM020.A0102.SG1.4.10M_cutadapt_gc_rl.tsv.gz
66,81488,CDM020.A0102.SG1.4.10M_cutadapt_gc_rl.tsv.gz
67,78669,CDM020.A0102.SG1.4.10M_cutadapt_gc_rl.tsv.gz
68,76252,CDM020.A0102.SG1.4.10M_cutadapt_gc_rl.tsv.gz
69,72133,CDM020.A0102.SG1.4.10M_cutadapt_gc_rl.tsv.gz
70,71289,CDM020.A0102.SG1.4.10M_cutadapt_gc_rl.tsv.gz
71,71647,CDM020.A0102.SG1.4.10M_cutadapt_gc_rl.tsv.gz
72,77316,CDM020.A0102.SG1.4.10M_cutadapt_gc_rl.tsv.gz
73,98520,CDM020.A0102.SG1.4.10M_cutadapt_gc_rl.tsv.gz
74,69390,CDM020.A0102.SG1.4.10M_cutadapt_gc_rl.tsv.gz
75,92159,CDM020.A0102.SG1.4.10M_cutadapt_gc_rl.tsv.gz
76,328694,CDM020.A0102.SG1.4.10M_cutadapt_gc_rl.tsv.gz
77,49411,CDM020.A0102.SG1.4.10M_cutadapt_gc_rl.tsv.gz
78,46525,CDM020.A0102.SG1.4.10M_cutadapt_gc_rl.tsv.gz
79,45296,CDM020.A0102.SG1.4.10M_cutadapt_gc_rl.tsv.gz
80,43861,CDM020.A0102.SG1.4.10M_cutadapt_gc_rl.tsv.gz
81,40973,CDM020.A0102.SG1.4.10M_cutadapt_gc_rl.tsv.gz
82,39695,CDM020.A0102.SG1.4.10M_cutadapt_gc_rl.tsv.gz
83,38327,CDM020.A0102.SG1.4.10M_cutadapt_gc_rl.tsv.gz
84,35878,CDM020.A0102.SG1.4.10M_cutadapt_gc_rl.tsv.gz
85,34426,CDM020.A0102.SG1.4.10M_cutadapt_gc_rl.tsv.gz
86,33502,CDM020.A0102.SG1.4.10M_cutadapt_gc_rl.tsv.gz
87,31664,CDM020.A0102.SG1.4.10M_cutadapt_gc_rl.tsv.gz
88,30207,CDM020.A0102.SG1.4.10M_cutadapt_gc_rl.tsv.gz
89,29108,CDM020.A0102.SG1.4.10M_cutadapt_gc_rl.tsv.gz
90,27260,CDM020.A0102.SG1.4.10M_cutadapt_gc_rl.tsv.gz
91,26604,CDM020.A0102.SG1.4.10M_cutadapt_gc_rl.tsv.gz
92,25772,CDM020.A0102.SG1.4.10M_cutadapt_gc_rl.tsv.gz
93,24037,CDM020.A0102.SG1.4.10M_cutadapt_gc_rl.tsv.gz
94,23736,CDM020.A0102.SG1.4.10M_cutadapt_gc_rl.tsv.gz
95,22578,CDM020.A0102.SG1.4.10M_cutadapt_gc_rl.tsv.gz
96,21306,CDM020.A0102.SG1.4.10M_cutadapt_gc_rl.tsv.gz
97,20661,CDM020.A0102.SG1.4.10M_cutadapt_gc_rl.tsv.gz
98,20253,CDM020.A0102.SG1.4.10M_cutadapt_gc_rl.tsv.gz
99,18956,CDM020.A0102.SG1.4.10M_cutadapt_gc_rl.tsv.gz
100,18249,CDM020.A0102.SG1.4.10M_cutadapt_gc_rl.tsv.gz
101,17428,CDM020.A0102.SG1.4.10M_cutadapt_gc_rl.tsv.gz
102,16815,CDM020.A0102.SG1.4.10M_cutadapt_gc_rl.tsv.gz
103,15962,CDM020.A0102.SG1.4.10M_cutadapt_gc_rl.tsv.gz
104,15783,CDM020.A0102.SG1.4.10M_cutadapt_gc_rl.tsv.gz
105,14491,CDM020.A0102.SG1.4.10M_cutadapt_gc_rl.tsv.gz
106,14527,CDM020.A0102.SG1.4.10M_cutadapt_gc_rl.tsv.gz
107,13787,CDM020.A0102.SG1.4.10M_cutadapt_gc_rl.tsv.gz
108,13125,CDM020.A0102.SG1.4.10M_cutadapt_gc_rl.tsv.gz
109,12815,CDM020.A0102.SG1.4.10M_cutadapt_gc_rl.tsv.gz
110,12154,CDM020.A0102.SG1.4.10M_cutadapt_gc_rl.tsv.gz
111,11680,CDM020.A0102.SG1.4.10M_cutadapt_gc_rl.tsv.gz
112,11312,CDM020.A0102.SG1.4.10M_cutadapt_gc_rl.tsv.gz
113,11011,CDM020.A0102.SG1.4.10M_cutadapt_gc_rl.tsv.gz
114,10405,CDM020.A0102.SG1.4.10M_cutadapt_gc_rl.tsv.gz
115,10015,CDM020.A0102.SG1.4.10M_cutadapt_gc_rl.tsv.gz
116,9811,CDM020.A0102.SG1.4.10M_cutadapt_gc_rl.tsv.gz
117,9188,CDM020.A0102.SG1.4.10M_cutadapt_gc_rl.tsv.gz
118,9006,CDM020.A0102.SG1.4.10M_cutadapt_gc_rl.tsv.gz
119,8771,CDM020.A0102.SG1.4.10M_cutadapt_gc_rl.tsv.gz
120,8355,CDM020.A0102.SG1.4.10M_cutadapt_gc_rl.tsv.gz
121,8053,CDM020.A0102.SG1.4.10M_cutadapt_gc_rl.tsv.gz
122,8003,CDM020.A0102.SG1.4.10M_cutadapt_gc_rl.tsv.gz
123,7379,CDM020.A0102.SG1.4.10M_cutadapt_gc_rl.tsv.gz
124,7259,CDM020.A0102.SG1.4.10M_cutadapt_gc_rl.tsv.gz
125,7287,CDM020.A0102.SG1.4.10M_cutadapt_gc_rl.tsv.gz
126,6896,CDM020.A0102.SG1.4.10M_cutadapt_gc_rl.tsv.gz
127,6590,CDM020.A0102.SG1.4.10M_cutadapt_gc_rl.tsv.gz
128,6492,CDM020.A0102.SG1.4.10M_cutadapt_gc_rl.tsv.gz
129,6168,CDM020.A0102.SG1.4.10M_cutadapt_gc_rl.tsv.gz
130,6091,CDM020.A0102.SG1.4.10M_cutadapt_gc_rl.tsv.gz
131,5777,CDM020.A0102.SG1.4.10M_cutadapt_gc_rl.tsv.gz
132,5503,CDM020.A0102.SG1.4.10M_cutadapt_gc_rl.tsv.gz
133,5322,CDM020.A0102.SG1.4.10M_cutadapt_gc_rl.tsv.gz
134,5304,CDM020.A0102.SG1.4.10M_cutadapt_gc_rl.tsv.gz
135,5006,CDM020.A0102.SG1.4.10M_cutadapt_gc_rl.tsv.gz
136,5117,CDM020.A0102.SG1.4.10M_cutadapt_gc_rl.tsv.gz
137,5094,CDM020.A0102.SG1.4.10M_cutadapt_gc_rl.tsv.gz
138,4511,CDM020.A0102.SG1.4.10M_cutadapt_gc_rl.tsv.gz
139,4071,CDM020.A0102.SG1.4.10M_cutadapt_gc_rl.tsv.gz
140,4355,CDM020.A0102.SG1.4.10M_cutadapt_gc_rl.tsv.gz
141,3880,CDM020.A0102.SG1.4.10M_cutadapt_gc_rl.tsv.gz
30,124405,FUM001.A0101.SG1.1.10M_cutadapt_gc_rl.tsv.gz
31,135590,FUM001.A0101.SG1.1.10M_cutadapt_gc_rl.tsv.gz
32,141439,FUM001.A0101.SG1.1.10M_cutadapt_gc_rl.tsv.gz
33,149971,FUM001.A0101.SG1.1.10M_cutadapt_gc_rl.tsv.gz
34,154429,FUM001.A0101.SG1.1.10M_cutadapt_gc_rl.tsv.gz
35,154834,FUM001.A0101.SG1.1.10M_cutadapt_gc_rl.tsv.gz
36,158072,FUM001.A0101.SG1.1.10M_cutadapt_gc_rl.tsv.gz
37,158157,FUM001.A0101.SG1.1.10M_cutadapt_gc_rl.tsv.gz
38,155661,FUM001.A0101.SG1.1.10M_cutadapt_gc_rl.tsv.gz
39,156609,FUM001.A0101.SG1.1.10M_cutadapt_gc_rl.tsv.gz
40,154269,FUM001.A0101.SG1.1.10M_cutadapt_gc_rl.tsv.gz
41,150462,FUM001.A0101.SG1.1.10M_cutadapt_gc_rl.tsv.gz
42,149566,FUM001.A0101.SG1.1.10M_cutadapt_gc_rl.tsv.gz
43,146948,FUM001.A0101.SG1.1.10M_cutadapt_gc_rl.tsv.gz
44,140381,FUM001.A0101.SG1.1.10M_cutadapt_gc_rl.tsv.gz
45,139044,FUM001.A0101.SG1.1.10M_cutadapt_gc_rl.tsv.gz
46,134796,FUM001.A0101.SG1.1.10M_cutadapt_gc_rl.tsv.gz
47,128963,FUM001.A0101.SG1.1.10M_cutadapt_gc_rl.tsv.gz
48,126882,FUM001.A0101.SG1.1.10M_cutadapt_gc_rl.tsv.gz
49,121765,FUM001.A0101.SG1.1.10M_cutadapt_gc_rl.tsv.gz
50,115701,FUM001.A0101.SG1.1.10M_cutadapt_gc_rl.tsv.gz
51,113682,FUM001.A0101.SG1.1.10M_cutadapt_gc_rl.tsv.gz
52,108298,FUM001.A0101.SG1.1.10M_cutadapt_gc_rl.tsv.gz
53,102261,FUM001.A0101.SG1.1.10M_cutadapt_gc_rl.tsv.gz
54,99043,FUM001.A0101.SG1.1.10M_cutadapt_gc_rl.tsv.gz
55,97041,FUM001.A0101.SG1.1.10M_cutadapt_gc_rl.tsv.gz
56,90320,FUM001.A0101.SG1.1.10M_cutadapt_gc_rl.tsv.gz
57,88307,FUM001.A0101.SG1.1.10M_cutadapt_gc_rl.tsv.gz
58,83709,FUM001.A0101.SG1.1.10M_cutadapt_gc_rl.tsv.gz
59,79644,FUM001.A0101.SG1.1.10M_cutadapt_gc_rl.tsv.gz
60,77014,FUM001.A0101.SG1.1.10M_cutadapt_gc_rl.tsv.gz
61,72938,FUM001.A0101.SG1.1.10M_cutadapt_gc_rl.tsv.gz
62,68659,FUM001.A0101.SG1.1.10M_cutadapt_gc_rl.tsv.gz
63,68169,FUM001.A0101.SG1.1.10M_cutadapt_gc_rl.tsv.gz
64,64757,FUM001.A0101.SG1.1.10M_cutadapt_gc_rl.tsv.gz
65,60367,FUM001.A0101.SG1.1.10M_cutadapt_gc_rl.tsv.gz
66,59059,FUM001.A0101.SG1.1.10M_cutadapt_gc_rl.tsv.gz
67,56070,FUM001.A0101.SG1.1.10M_cutadapt_gc_rl.tsv.gz
68,52012,FUM001.A0101.SG1.1.10M_cutadapt_gc_rl.tsv.gz
69,51781,FUM001.A0101.SG1.1.10M_cutadapt_gc_rl.tsv.gz
70,51529,FUM001.A0101.SG1.1.10M_cutadapt_gc_rl.tsv.gz
71,48817,FUM001.A0101.SG1.1.10M_cutadapt_gc_rl.tsv.gz
72,49407,FUM001.A0101.SG1.1.10M_cutadapt_gc_rl.tsv.gz
73,54256,FUM001.A0101.SG1.1.10M_cutadapt_gc_rl.tsv.gz
74,50308,FUM001.A0101.SG1.1.10M_cutadapt_gc_rl.tsv.gz
75,78298,FUM001.A0101.SG1.1.10M_cutadapt_gc_rl.tsv.gz
76,229646,FUM001.A0101.SG1.1.10M_cutadapt_gc_rl.tsv.gz
77,34169,FUM001.A0101.SG1.1.10M_cutadapt_gc_rl.tsv.gz
78,33063,FUM001.A0101.SG1.1.10M_cutadapt_gc_rl.tsv.gz
79,31394,FUM001.A0101.SG1.1.10M_cutadapt_gc_rl.tsv.gz
80,29929,FUM001.A0101.SG1.1.10M_cutadapt_gc_rl.tsv.gz
81,28974,FUM001.A0101.SG1.1.10M_cutadapt_gc_rl.tsv.gz
82,27281,FUM001.A0101.SG1.1.10M_cutadapt_gc_rl.tsv.gz
83,25387,FUM001.A0101.SG1.1.10M_cutadapt_gc_rl.tsv.gz
84,25289,FUM001.A0101.SG1.1.10M_cutadapt_gc_rl.tsv.gz
85,24463,FUM001.A0101.SG1.1.10M_cutadapt_gc_rl.tsv.gz
86,22631,FUM001.A0101.SG1.1.10M_cutadapt_gc_rl.tsv.gz
87,21585,FUM001.A0101.SG1.1.10M_cutadapt_gc_rl.tsv.gz
88,20905,FUM001.A0101.SG1.1.10M_cutadapt_gc_rl.tsv.gz
89,19818,FUM001.A0101.SG1.1.10M_cutadapt_gc_rl.tsv.gz
90,19255,FUM001.A0101.SG1.1.10M_cutadapt_gc_rl.tsv.gz
91,18605,FUM001.A0101.SG1.1.10M_cutadapt_gc_rl.tsv.gz
92,17619,FUM001.A0101.SG1.1.10M_cutadapt_gc_rl.tsv.gz
93,16518,FUM001.A0101.SG1.1.10M_cutadapt_gc_rl.tsv.gz
94,16482,FUM001.A0101.SG1.1.10M_cutadapt_gc_rl.tsv.gz
95,15698,FUM001.A0101.SG1.1.10M_cutadapt_gc_rl.tsv.gz
96,14968,FUM001.A0101.SG1.1.10M_cutadapt_gc_rl.tsv.gz
97,14066,FUM001.A0101.SG1.1.10M_cutadapt_gc_rl.tsv.gz
98,13926,FUM001.A0101.SG1.1.10M_cutadapt_gc_rl.tsv.gz
99,13344,FUM001.A0101.SG1.1.10M_cutadapt_gc_rl.tsv.gz
100,12983,FUM001.A0101.SG1.1.10M_cutadapt_gc_rl.tsv.gz
101,12394,FUM001.A0101.SG1.1.10M_cutadapt_gc_rl.tsv.gz
102,12179,FUM001.A0101.SG1.1.10M_cutadapt_gc_rl.tsv.gz
103,11213,FUM001.A0101.SG1.1.10M_cutadapt_gc_rl.tsv.gz
104,10888,FUM001.A0101.SG1.1.10M_cutadapt_gc_rl.tsv.gz
105,9953,FUM001.A0101.SG1.1.10M_cutadapt_gc_rl.tsv.gz
106,9948,FUM001.A0101.SG1.1.10M_cutadapt_gc_rl.tsv.gz
107,9613,FUM001.A0101.SG1.1.10M_cutadapt_gc_rl.tsv.gz
108,9154,FUM001.A0101.SG1.1.10M_cutadapt_gc_rl.tsv.gz
109,9010,FUM001.A0101.SG1.1.10M_cutadapt_gc_rl.tsv.gz
110,8676,FUM001.A0101.SG1.1.10M_cutadapt_gc_rl.tsv.gz
111,8336,FUM001.A0101.SG1.1.10M_cutadapt_gc_rl.tsv.gz
112,8540,FUM001.A0101.SG1.1.10M_cutadapt_gc_rl.tsv.gz
113,8118,FUM001.A0101.SG1.1.10M_cutadapt_gc_rl.tsv.gz
114,7738,FUM001.A0101.SG1.1.10M_cutadapt_gc_rl.tsv.gz
115,7612,FUM001.A0101.SG1.1.10M_cutadapt_gc_rl.tsv.gz
116,7023,FUM001.A0101.SG1.1.10M_cutadapt_gc_rl.tsv.gz
117,6987,FUM001.A0101.SG1.1.10M_cutadapt_gc_rl.tsv.gz
118,6839,FUM001.A0101.SG1.1.10M_cutadapt_gc_rl.tsv.gz
119,6680,FUM001.A0101.SG1.1.10M_cutadapt_gc_rl.tsv.gz
120,6383,FUM001.A0101.SG1.1.10M_cutadapt_gc_rl.tsv.gz
121,6050,FUM001.A0101.SG1.1.10M_cutadapt_gc_rl.tsv.gz
122,5889,FUM001.A0101.SG1.1.10M_cutadapt_gc_rl.tsv.gz
123,5930,FUM001.A0101.SG1.1.10M_cutadapt_gc_rl.tsv.gz
124,5449,FUM001.A0101.SG1.1.10M_cutadapt_gc_rl.tsv.gz
125,5398,FUM001.A0101.SG1.1.10M_cutadapt_gc_rl.tsv.gz
126,5274,FUM001.A0101.SG1.1.10M_cutadapt_gc_rl.tsv.gz
127,5161,FUM001.A0101.SG1.1.10M_cutadapt_gc_rl.tsv.gz
128,4971,FUM001.A0101.SG1.1.10M_cutadapt_gc_rl.tsv.gz
129,4508,FUM001.A0101.SG1.1.10M_cutadapt_gc_rl.tsv.gz
130,4595,FUM001.A0101.SG1.1.10M_cutadapt_gc_rl.tsv.gz
131,4504,FUM001.A0101.SG1.1.10M_cutadapt_gc_rl.tsv.gz
132,4381,FUM001.A0101.SG1.1.10M_cutadapt_gc_rl.tsv.gz
133,4105,FUM001.A0101.SG1.1.10M_cutadapt_gc_rl.tsv.gz
134,4363,FUM001.A0101.SG1.1.10M_cutadapt_gc_rl.tsv.gz
135,4134,FUM001.A0101.SG1.1.10M_cutadapt_gc_rl.tsv.gz
136,4283,FUM001.A0101.SG1.1.10M_cutadapt_gc_rl.tsv.gz
137,4606,FUM001.A0101.SG1.1.10M_cutadapt_gc_rl.tsv.gz
138,3960,FUM001.A0101.SG1.1.10M_cutadapt_gc_rl.tsv.gz
139,4263,FUM001.A0101.SG1.1.10M_cutadapt_gc_rl.tsv.gz
140,4975,FUM001.A0101.SG1.1.10M_cutadapt_gc_rl.tsv.gz
141,3681,FUM001.A0101.SG1.1.10M_cutadapt_gc_rl.tsv.gz
30,44382,FUM001.A0102.SG1.4.10M_cutadapt_gc_rl.tsv.gz
31,43618,FUM001.A0102.SG1.4.10M_cutadapt_gc_rl.tsv.gz
32,42748,FUM001.A0102.SG1.4.10M_cutadapt_gc_rl.tsv.gz
33,40108,FUM001.A0102.SG1.4.10M_cutadapt_gc_rl.tsv.gz
34,39036,FUM001.A0102.SG1.4.10M_cutadapt_gc_rl.tsv.gz
35,38237,FUM001.A0102.SG1.4.10M_cutadapt_gc_rl.tsv.gz
36,35420,FUM001.A0102.SG1.4.10M_cutadapt_gc_rl.tsv.gz
37,33964,FUM001.A0102.SG1.4.10M_cutadapt_gc_rl.tsv.gz
38,32734,FUM001.A0102.SG1.4.10M_cutadapt_gc_rl.tsv.gz
39,30681,FUM001.A0102.SG1.4.10M_cutadapt_gc_rl.tsv.gz
40,29451,FUM001.A0102.SG1.4.10M_cutadapt_gc_rl.tsv.gz
41,27886,FUM001.A0102.SG1.4.10M_cutadapt_gc_rl.tsv.gz
42,25819,FUM001.A0102.SG1.4.10M_cutadapt_gc_rl.tsv.gz
43,25021,FUM001.A0102.SG1.4.10M_cutadapt_gc_rl.tsv.gz
44,23892,FUM001.A0102.SG1.4.10M_cutadapt_gc_rl.tsv.gz
45,22186,FUM001.A0102.SG1.4.10M_cutadapt_gc_rl.tsv.gz
46,21741,FUM001.A0102.SG1.4.10M_cutadapt_gc_rl.tsv.gz
47,20455,FUM001.A0102.SG1.4.10M_cutadapt_gc_rl.tsv.gz
48,18765,FUM001.A0102.SG1.4.10M_cutadapt_gc_rl.tsv.gz
49,17904,FUM001.A0102.SG1.4.10M_cutadapt_gc_rl.tsv.gz
50,17233,FUM001.A0102.SG1.4.10M_cutadapt_gc_rl.tsv.gz
51,15586,FUM001.A0102.SG1.4.10M_cutadapt_gc_rl.tsv.gz
52,14903,FUM001.A0102.SG1.4.10M_cutadapt_gc_rl.tsv.gz
53,14242,FUM001.A0102.SG1.4.10M_cutadapt_gc_rl.tsv.gz
54,13173,FUM001.A0102.SG1.4.10M_cutadapt_gc_rl.tsv.gz
55,12595,FUM001.A0102.SG1.4.10M_cutadapt_gc_rl.tsv.gz
56,12096,FUM001.A0102.SG1.4.10M_cutadapt_gc_rl.tsv.gz
57,11132,FUM001.A0102.SG1.4.10M_cutadapt_gc_rl.tsv.gz
58,10663,FUM001.A0102.SG1.4.10M_cutadapt_gc_rl.tsv.gz
59,9998,FUM001.A0102.SG1.4.10M_cutadapt_gc_rl.tsv.gz
60,9310,FUM001.A0102.SG1.4.10M_cutadapt_gc_rl.tsv.gz
61,8805,FUM001.A0102.SG1.4.10M_cutadapt_gc_rl.tsv.gz
62,8574,FUM001.A0102.SG1.4.10M_cutadapt_gc_rl.tsv.gz
63,7852,FUM001.A0102.SG1.4.10M_cutadapt_gc_rl.tsv.gz
64,7385,FUM001.A0102.SG1.4.10M_cutadapt_gc_rl.tsv.gz
65,7110,FUM001.A0102.SG1.4.10M_cutadapt_gc_rl.tsv.gz
66,6709,FUM001.A0102.SG1.4.10M_cutadapt_gc_rl.tsv.gz
67,6374,FUM001.A0102.SG1.4.10M_cutadapt_gc_rl.tsv.gz
68,6331,FUM001.A0102.SG1.4.10M_cutadapt_gc_rl.tsv.gz
69,6075,FUM001.A0102.SG1.4.10M_cutadapt_gc_rl.tsv.gz
70,6111,FUM001.A0102.SG1.4.10M_cutadapt_gc_rl.tsv.gz
71,6587,FUM001.A0102.SG1.4.10M_cutadapt_gc_rl.tsv.gz
72,7119,FUM001.A0102.SG1.4.10M_cutadapt_gc_rl.tsv.gz
73,9332,FUM001.A0102.SG1.4.10M_cutadapt_gc_rl.tsv.gz
74,8244,FUM001.A0102.SG1.4.10M_cutadapt_gc_rl.tsv.gz
75,11097,FUM001.A0102.SG1.4.10M_cutadapt_gc_rl.tsv.gz
76,24884,FUM001.A0102.SG1.4.10M_cutadapt_gc_rl.tsv.gz
77,3608,FUM001.A0102.SG1.4.10M_cutadapt_gc_rl.tsv.gz
78,3283,FUM001.A0102.SG1.4.10M_cutadapt_gc_rl.tsv.gz
79,2992,FUM001.A0102.SG1.4.10M_cutadapt_gc_rl.tsv.gz
80,3013,FUM001.A0102.SG1.4.10M_cutadapt_gc_rl.tsv.gz
81,2767,FUM001.A0102.SG1.4.10M_cutadapt_gc_rl.tsv.gz
82,2614,FUM001.A0102.SG1.4.10M_cutadapt_gc_rl.tsv.gz
83,2492,FUM001.A0102.SG1.4.10M_cutadapt_gc_rl.tsv.gz
84,2314,FUM001.A0102.SG1.4.10M_cutadapt_gc_rl.tsv.gz
85,2171,FUM001.A0102.SG1.4.10M_cutadapt_gc_rl.tsv.gz
86,2155,FUM001.A0102.SG1.4.10M_cutadapt_gc_rl.tsv.gz
87,2021,FUM001.A0102.SG1.4.10M_cutadapt_gc_rl.tsv.gz
88,1946,FUM001.A0102.SG1.4.10M_cutadapt_gc_rl.tsv.gz
89,1745,FUM001.A0102.SG1.4.10M_cutadapt_gc_rl.tsv.gz
90,1757,FUM001.A0102.SG1.4.10M_cutadapt_gc_rl.tsv.gz
91,1696,FUM001.A0102.SG1.4.10M_cutadapt_gc_rl.tsv.gz
92,1533,FUM001.A0102.SG1.4.10M_cutadapt_gc_rl.tsv.gz
93,1445,FUM001.A0102.SG1.4.10M_cutadapt_gc_rl.tsv.gz
94,1429,FUM001.A0102.SG1.4.10M_cutadapt_gc_rl.tsv.gz
95,1373,FUM001.A0102.SG1.4.10M_cutadapt_gc_rl.tsv.gz
96,1302,FUM001.A0102.SG1.4.10M_cutadapt_gc_rl.tsv.gz
97,1271,FUM001.A0102.SG1.4.10M_cutadapt_gc_rl.tsv.gz
98,1210,FUM001.A0102.SG1.4.10M_cutadapt_gc_rl.tsv.gz
99,1102,FUM001.A0102.SG1.4.10M_cutadapt_gc_rl.tsv.gz
100,1107,FUM001.A0102.SG1.4.10M_cutadapt_gc_rl.tsv.gz
101,1038,FUM001.A0102.SG1.4.10M_cutadapt_gc_rl.tsv.gz
102,925,FUM001.A0102.SG1.4.10M_cutadapt_gc_rl.tsv.gz
103,954,FUM001.A0102.SG1.4.10M_cutadapt_gc_rl.tsv.gz
104,907,FUM001.A0102.SG1.4.10M_cutadapt_gc_rl.tsv.gz
105,878,FUM001.A0102.SG1.4.10M_cutadapt_gc_rl.tsv.gz
106,866,FUM001.A0102.SG1.4.10M_cutadapt_gc_rl.tsv.gz
107,767,FUM001.A0102.SG1.4.10M_cutadapt_gc_rl.tsv.gz
108,827,FUM001.A0102.SG1.4.10M_cutadapt_gc_rl.tsv.gz
109,720,FUM001.A0102.SG1.4.10M_cutadapt_gc_rl.tsv.gz
110,716,FUM001.A0102.SG1.4.10M_cutadapt_gc_rl.tsv.gz
111,637,FUM001.A0102.SG1.4.10M_cutadapt_gc_rl.tsv.gz
112,596,FUM001.A0102.SG1.4.10M_cutadapt_gc_rl.tsv.gz
113,620,FUM001.A0102.SG1.4.10M_cutadapt_gc_rl.tsv.gz
114,561,FUM001.A0102.SG1.4.10M_cutadapt_gc_rl.tsv.gz
115,535,FUM001.A0102.SG1.4.10M_cutadapt_gc_rl.tsv.gz
116,549,FUM001.A0102.SG1.4.10M_cutadapt_gc_rl.tsv.gz
117,505,FUM001.A0102.SG1.4.10M_cutadapt_gc_rl.tsv.gz
118,539,FUM001.A0102.SG1.4.10M_cutadapt_gc_rl.tsv.gz
119,500,FUM001.A0102.SG1.4.10M_cutadapt_gc_rl.tsv.gz
120,435,FUM001.A0102.SG1.4.10M_cutadapt_gc_rl.tsv.gz
121,428,FUM001.A0102.SG1.4.10M_cutadapt_gc_rl.tsv.gz
122,471,FUM001.A0102.SG1.4.10M_cutadapt_gc_rl.tsv.gz
123,448,FUM001.A0102.SG1.4.10M_cutadapt_gc_rl.tsv.gz
124,428,FUM001.A0102.SG1.4.10M_cutadapt_gc_rl.tsv.gz
125,398,FUM001.A0102.SG1.4.10M_cutadapt_gc_rl.tsv.gz
126,390,FUM001.A0102.SG1.4.10M_cutadapt_gc_rl.tsv.gz
127,385,FUM001.A0102.SG1.4.10M_cutadapt_gc_rl.tsv.gz
128,374,FUM001.A0102.SG1.4.10M_cutadapt_gc_rl.tsv.gz
129,332,FUM001.A0102.SG1.4.10M_cutadapt_gc_rl.tsv.gz
130,375,FUM001.A0102.SG1.4.10M_cutadapt_gc_rl.tsv.gz
131,349,FUM001.A0102.SG1.4.10M_cutadapt_gc_rl.tsv.gz
132,343,FUM001.A0102.SG1.4.10M_cutadapt_gc_rl.tsv.gz
133,350,FUM001.A0102.SG1.4.10M_cutadapt_gc_rl.tsv.gz
134,349,FUM001.A0102.SG1.4.10M_cutadapt_gc_rl.tsv.gz
135,318,FUM001.A0102.SG1.4.10M_cutadapt_gc_rl.tsv.gz
136,372,FUM001.A0102.SG1.4.10M_cutadapt_gc_rl.tsv.gz
137,422,FUM001.A0102.SG1.4.10M_cutadapt_gc_rl.tsv.gz
138,309,FUM001.A0102.SG1.4.10M_cutadapt_gc_rl.tsv.gz
139,342,FUM001.A0102.SG1.4.10M_cutadapt_gc_rl.tsv.gz
140,428,FUM001.A0102.SG1.4.10M_cutadapt_gc_rl.tsv.gz
141,314,FUM001.A0102.SG1.4.10M_cutadapt_gc_rl.tsv.gz
30,259644,FUM002.A0101.SG1.1.10M_cutadapt_gc_rl.tsv.gz
31,276181,FUM002.A0101.SG1.1.10M_cutadapt_gc_rl.tsv.gz
32,280458,FUM002.A0101.SG1.1.10M_cutadapt_gc_rl.tsv.gz
33,298338,FUM002.A0101.SG1.1.10M_cutadapt_gc_rl.tsv.gz
34,301083,FUM002.A0101.SG1.1.10M_cutadapt_gc_rl.tsv.gz
35,289916,FUM002.A0101.SG1.1.10M_cutadapt_gc_rl.tsv.gz
36,294887,FUM002.A0101.SG1.1.10M_cutadapt_gc_rl.tsv.gz
37,288494,FUM002.A0101.SG1.1.10M_cutadapt_gc_rl.tsv.gz
38,275316,FUM002.A0101.SG1.1.10M_cutadapt_gc_rl.tsv.gz
39,274813,FUM002.A0101.SG1.1.10M_cutadapt_gc_rl.tsv.gz
40,266332,FUM002.A0101.SG1.1.10M_cutadapt_gc_rl.tsv.gz
41,250648,FUM002.A0101.SG1.1.10M_cutadapt_gc_rl.tsv.gz
42,250209,FUM002.A0101.SG1.1.10M_cutadapt_gc_rl.tsv.gz
43,241366,FUM002.A0101.SG1.1.10M_cutadapt_gc_rl.tsv.gz
44,225940,FUM002.A0101.SG1.1.10M_cutadapt_gc_rl.tsv.gz
45,221507,FUM002.A0101.SG1.1.10M_cutadapt_gc_rl.tsv.gz
46,212807,FUM002.A0101.SG1.1.10M_cutadapt_gc_rl.tsv.gz
47,196451,FUM002.A0101.SG1.1.10M_cutadapt_gc_rl.tsv.gz
48,193628,FUM002.A0101.SG1.1.10M_cutadapt_gc_rl.tsv.gz
49,185378,FUM002.A0101.SG1.1.10M_cutadapt_gc_rl.tsv.gz
50,171157,FUM002.A0101.SG1.1.10M_cutadapt_gc_rl.tsv.gz
51,168820,FUM002.A0101.SG1.1.10M_cutadapt_gc_rl.tsv.gz
52,160965,FUM002.A0101.SG1.1.10M_cutadapt_gc_rl.tsv.gz
53,148389,FUM002.A0101.SG1.1.10M_cutadapt_gc_rl.tsv.gz
54,145440,FUM002.A0101.SG1.1.10M_cutadapt_gc_rl.tsv.gz
55,138548,FUM002.A0101.SG1.1.10M_cutadapt_gc_rl.tsv.gz
56,127286,FUM002.A0101.SG1.1.10M_cutadapt_gc_rl.tsv.gz
57,124683,FUM002.A0101.SG1.1.10M_cutadapt_gc_rl.tsv.gz
58,118074,FUM002.A0101.SG1.1.10M_cutadapt_gc_rl.tsv.gz
59,108624,FUM002.A0101.SG1.1.10M_cutadapt_gc_rl.tsv.gz
60,106406,FUM002.A0101.SG1.1.10M_cutadapt_gc_rl.tsv.gz
61,100659,FUM002.A0101.SG1.1.10M_cutadapt_gc_rl.tsv.gz
62,93358,FUM002.A0101.SG1.1.10M_cutadapt_gc_rl.tsv.gz
63,90713,FUM002.A0101.SG1.1.10M_cutadapt_gc_rl.tsv.gz
64,86907,FUM002.A0101.SG1.1.10M_cutadapt_gc_rl.tsv.gz
65,79323,FUM002.A0101.SG1.1.10M_cutadapt_gc_rl.tsv.gz
66,78024,FUM002.A0101.SG1.1.10M_cutadapt_gc_rl.tsv.gz
67,73949,FUM002.A0101.SG1.1.10M_cutadapt_gc_rl.tsv.gz
68,67809,FUM002.A0101.SG1.1.10M_cutadapt_gc_rl.tsv.gz
69,66760,FUM002.A0101.SG1.1.10M_cutadapt_gc_rl.tsv.gz
70,63894,FUM002.A0101.SG1.1.10M_cutadapt_gc_rl.tsv.gz
71,58760,FUM002.A0101.SG1.1.10M_cutadapt_gc_rl.tsv.gz
72,58777,FUM002.A0101.SG1.1.10M_cutadapt_gc_rl.tsv.gz
73,57647,FUM002.A0101.SG1.1.10M_cutadapt_gc_rl.tsv.gz
74,52382,FUM002.A0101.SG1.1.10M_cutadapt_gc_rl.tsv.gz
75,60960,FUM002.A0101.SG1.1.10M_cutadapt_gc_rl.tsv.gz
76,109662,FUM002.A0101.SG1.1.10M_cutadapt_gc_rl.tsv.gz
77,41937,FUM002.A0101.SG1.1.10M_cutadapt_gc_rl.tsv.gz
78,41007,FUM002.A0101.SG1.1.10M_cutadapt_gc_rl.tsv.gz
79,38607,FUM002.A0101.SG1.1.10M_cutadapt_gc_rl.tsv.gz
80,35569,FUM002.A0101.SG1.1.10M_cutadapt_gc_rl.tsv.gz
81,34979,FUM002.A0101.SG1.1.10M_cutadapt_gc_rl.tsv.gz
82,33008,FUM002.A0101.SG1.1.10M_cutadapt_gc_rl.tsv.gz
83,30186,FUM002.A0101.SG1.1.10M_cutadapt_gc_rl.tsv.gz
84,29998,FUM002.A0101.SG1.1.10M_cutadapt_gc_rl.tsv.gz
85,27763,FUM002.A0101.SG1.1.10M_cutadapt_gc_rl.tsv.gz
86,26198,FUM002.A0101.SG1.1.10M_cutadapt_gc_rl.tsv.gz
87,25682,FUM002.A0101.SG1.1.10M_cutadapt_gc_rl.tsv.gz
88,24304,FUM002.A0101.SG1.1.10M_cutadapt_gc_rl.tsv.gz
89,22413,FUM002.A0101.SG1.1.10M_cutadapt_gc_rl.tsv.gz
90,21703,FUM002.A0101.SG1.1.10M_cutadapt_gc_rl.tsv.gz
91,20457,FUM002.A0101.SG1.1.10M_cutadapt_gc_rl.tsv.gz
92,18921,FUM002.A0101.SG1.1.10M_cutadapt_gc_rl.tsv.gz
93,18607,FUM002.A0101.SG1.1.10M_cutadapt_gc_rl.tsv.gz
94,17472,FUM002.A0101.SG1.1.10M_cutadapt_gc_rl.tsv.gz
95,16173,FUM002.A0101.SG1.1.10M_cutadapt_gc_rl.tsv.gz
96,16120,FUM002.A0101.SG1.1.10M_cutadapt_gc_rl.tsv.gz
97,15009,FUM002.A0101.SG1.1.10M_cutadapt_gc_rl.tsv.gz
98,13815,FUM002.A0101.SG1.1.10M_cutadapt_gc_rl.tsv.gz
99,13502,FUM002.A0101.SG1.1.10M_cutadapt_gc_rl.tsv.gz
100,12639,FUM002.A0101.SG1.1.10M_cutadapt_gc_rl.tsv.gz
101,11918,FUM002.A0101.SG1.1.10M_cutadapt_gc_rl.tsv.gz
102,11546,FUM002.A0101.SG1.1.10M_cutadapt_gc_rl.tsv.gz
103,10962,FUM002.A0101.SG1.1.10M_cutadapt_gc_rl.tsv.gz
104,10228,FUM002.A0101.SG1.1.10M_cutadapt_gc_rl.tsv.gz
105,9909,FUM002.A0101.SG1.1.10M_cutadapt_gc_rl.tsv.gz
106,9470,FUM002.A0101.SG1.1.10M_cutadapt_gc_rl.tsv.gz
107,8713,FUM002.A0101.SG1.1.10M_cutadapt_gc_rl.tsv.gz
108,8605,FUM002.A0101.SG1.1.10M_cutadapt_gc_rl.tsv.gz
109,8121,FUM002.A0101.SG1.1.10M_cutadapt_gc_rl.tsv.gz
110,7374,FUM002.A0101.SG1.1.10M_cutadapt_gc_rl.tsv.gz
111,7246,FUM002.A0101.SG1.1.10M_cutadapt_gc_rl.tsv.gz
112,6838,FUM002.A0101.SG1.1.10M_cutadapt_gc_rl.tsv.gz
113,6306,FUM002.A0101.SG1.1.10M_cutadapt_gc_rl.tsv.gz
114,6171,FUM002.A0101.SG1.1.10M_cutadapt_gc_rl.tsv.gz
115,5915,FUM002.A0101.SG1.1.10M_cutadapt_gc_rl.tsv.gz
116,5501,FUM002.A0101.SG1.1.10M_cutadapt_gc_rl.tsv.gz
117,5345,FUM002.A0101.SG1.1.10M_cutadapt_gc_rl.tsv.gz
118,5011,FUM002.A0101.SG1.1.10M_cutadapt_gc_rl.tsv.gz
119,4613,FUM002.A0101.SG1.1.10M_cutadapt_gc_rl.tsv.gz
120,4628,FUM002.A0101.SG1.1.10M_cutadapt_gc_rl.tsv.gz
121,4335,FUM002.A0101.SG1.1.10M_cutadapt_gc_rl.tsv.gz
122,3946,FUM002.A0101.SG1.1.10M_cutadapt_gc_rl.tsv.gz
123,3918,FUM002.A0101.SG1.1.10M_cutadapt_gc_rl.tsv.gz
124,3718,FUM002.A0101.SG1.1.10M_cutadapt_gc_rl.tsv.gz
125,3459,FUM002.A0101.SG1.1.10M_cutadapt_gc_rl.tsv.gz
126,3388,FUM002.A0101.SG1.1.10M_cutadapt_gc_rl.tsv.gz
127,3307,FUM002.A0101.SG1.1.10M_cutadapt_gc_rl.tsv.gz
128,2979,FUM002.A0101.SG1.1.10M_cutadapt_gc_rl.tsv.gz
129,2894,FUM002.A0101.SG1.1.10M_cutadapt_gc_rl.tsv.gz
130,2776,FUM002.A0101.SG1.1.10M_cutadapt_gc_rl.tsv.gz
131,2496,FUM002.A0101.SG1.1.10M_cutadapt_gc_rl.tsv.gz
132,2432,FUM002.A0101.SG1.1.10M_cutadapt_gc_rl.tsv.gz
133,2328,FUM002.A0101.SG1.1.10M_cutadapt_gc_rl.tsv.gz
134,2144,FUM002.A0101.SG1.1.10M_cutadapt_gc_rl.tsv.gz
135,2108,FUM002.A0101.SG1.1.10M_cutadapt_gc_rl.tsv.gz
136,1986,FUM002.A0101.SG1.1.10M_cutadapt_gc_rl.tsv.gz
137,1962,FUM002.A0101.SG1.1.10M_cutadapt_gc_rl.tsv.gz
138,1864,FUM002.A0101.SG1.1.10M_cutadapt_gc_rl.tsv.gz
139,1787,FUM002.A0101.SG1.1.10M_cutadapt_gc_rl.tsv.gz
140,1689,FUM002.A0101.SG1.1.10M_cutadapt_gc_rl.tsv.gz
141,1440,FUM002.A0101.SG1.1.10M_cutadapt_gc_rl.tsv.gz
30,279601,FUM002.A0102.SG1.5.10M_cutadapt_gc_rl.tsv.gz
31,280699,FUM002.A0102.SG1.5.10M_cutadapt_gc_rl.tsv.gz
32,279626,FUM002.A0102.SG1.5.10M_cutadapt_gc_rl.tsv.gz
33,260965,FUM002.A0102.SG1.5.10M_cutadapt_gc_rl.tsv.gz
34,258475,FUM002.A0102.SG1.5.10M_cutadapt_gc_rl.tsv.gz
35,253252,FUM002.A0102.SG1.5.10M_cutadapt_gc_rl.tsv.gz
36,233088,FUM002.A0102.SG1.5.10M_cutadapt_gc_rl.tsv.gz
37,225294,FUM002.A0102.SG1.5.10M_cutadapt_gc_rl.tsv.gz
38,216617,FUM002.A0102.SG1.5.10M_cutadapt_gc_rl.tsv.gz
39,195775,FUM002.A0102.SG1.5.10M_cutadapt_gc_rl.tsv.gz
40,189857,FUM002.A0102.SG1.5.10M_cutadapt_gc_rl.tsv.gz
41,182200,FUM002.A0102.SG1.5.10M_cutadapt_gc_rl.tsv.gz
42,165202,FUM002.A0102.SG1.5.10M_cutadapt_gc_rl.tsv.gz
43,159182,FUM002.A0102.SG1.5.10M_cutadapt_gc_rl.tsv.gz
44,153638,FUM002.A0102.SG1.5.10M_cutadapt_gc_rl.tsv.gz
45,138451,FUM002.A0102.SG1.5.10M_cutadapt_gc_rl.tsv.gz
46,133319,FUM002.A0102.SG1.5.10M_cutadapt_gc_rl.tsv.gz
47,126669,FUM002.A0102.SG1.5.10M_cutadapt_gc_rl.tsv.gz
48,113590,FUM002.A0102.SG1.5.10M_cutadapt_gc_rl.tsv.gz
49,108494,FUM002.A0102.SG1.5.10M_cutadapt_gc_rl.tsv.gz
50,102858,FUM002.A0102.SG1.5.10M_cutadapt_gc_rl.tsv.gz
51,92395,FUM002.A0102.SG1.5.10M_cutadapt_gc_rl.tsv.gz
52,88385,FUM002.A0102.SG1.5.10M_cutadapt_gc_rl.tsv.gz
53,83954,FUM002.A0102.SG1.5.10M_cutadapt_gc_rl.tsv.gz
54,75805,FUM002.A0102.SG1.5.10M_cutadapt_gc_rl.tsv.gz
55,72803,FUM002.A0102.SG1.5.10M_cutadapt_gc_rl.tsv.gz
56,69707,FUM002.A0102.SG1.5.10M_cutadapt_gc_rl.tsv.gz
57,62026,FUM002.A0102.SG1.5.10M_cutadapt_gc_rl.tsv.gz
58,59058,FUM002.A0102.SG1.5.10M_cutadapt_gc_rl.tsv.gz
59,55822,FUM002.A0102.SG1.5.10M_cutadapt_gc_rl.tsv.gz
60,50454,FUM002.A0102.SG1.5.10M_cutadapt_gc_rl.tsv.gz
61,47813,FUM002.A0102.SG1.5.10M_cutadapt_gc_rl.tsv.gz
62,45554,FUM002.A0102.SG1.5.10M_cutadapt_gc_rl.tsv.gz
63,41083,FUM002.A0102.SG1.5.10M_cutadapt_gc_rl.tsv.gz
64,39093,FUM002.A0102.SG1.5.10M_cutadapt_gc_rl.tsv.gz
65,37396,FUM002.A0102.SG1.5.10M_cutadapt_gc_rl.tsv.gz
66,33667,FUM002.A0102.SG1.5.10M_cutadapt_gc_rl.tsv.gz
67,32282,FUM002.A0102.SG1.5.10M_cutadapt_gc_rl.tsv.gz
68,30552,FUM002.A0102.SG1.5.10M_cutadapt_gc_rl.tsv.gz
69,27949,FUM002.A0102.SG1.5.10M_cutadapt_gc_rl.tsv.gz
70,27101,FUM002.A0102.SG1.5.10M_cutadapt_gc_rl.tsv.gz
71,25866,FUM002.A0102.SG1.5.10M_cutadapt_gc_rl.tsv.gz
72,24629,FUM002.A0102.SG1.5.10M_cutadapt_gc_rl.tsv.gz
73,25818,FUM002.A0102.SG1.5.10M_cutadapt_gc_rl.tsv.gz
74,24380,FUM002.A0102.SG1.5.10M_cutadapt_gc_rl.tsv.gz
75,25546,FUM002.A0102.SG1.5.10M_cutadapt_gc_rl.tsv.gz
76,38358,FUM002.A0102.SG1.5.10M_cutadapt_gc_rl.tsv.gz
77,16379,FUM002.A0102.SG1.5.10M_cutadapt_gc_rl.tsv.gz
78,14864,FUM002.A0102.SG1.5.10M_cutadapt_gc_rl.tsv.gz
79,14274,FUM002.A0102.SG1.5.10M_cutadapt_gc_rl.tsv.gz
80,13310,FUM002.A0102.SG1.5.10M_cutadapt_gc_rl.tsv.gz
81,12306,FUM002.A0102.SG1.5.10M_cutadapt_gc_rl.tsv.gz
82,11695,FUM002.A0102.SG1.5.10M_cutadapt_gc_rl.tsv.gz
83,11046,FUM002.A0102.SG1.5.10M_cutadapt_gc_rl.tsv.gz
84,10082,FUM002.A0102.SG1.5.10M_cutadapt_gc_rl.tsv.gz
85,9762,FUM002.A0102.SG1.5.10M_cutadapt_gc_rl.tsv.gz
86,9100,FUM002.A0102.SG1.5.10M_cutadapt_gc_rl.tsv.gz
87,8285,FUM002.A0102.SG1.5.10M_cutadapt_gc_rl.tsv.gz
88,7761,FUM002.A0102.SG1.5.10M_cutadapt_gc_rl.tsv.gz
89,7405,FUM002.A0102.SG1.5.10M_cutadapt_gc_rl.tsv.gz
90,6722,FUM002.A0102.SG1.5.10M_cutadapt_gc_rl.tsv.gz
91,6529,FUM002.A0102.SG1.5.10M_cutadapt_gc_rl.tsv.gz
92,6297,FUM002.A0102.SG1.5.10M_cutadapt_gc_rl.tsv.gz
93,5485,FUM002.A0102.SG1.5.10M_cutadapt_gc_rl.tsv.gz
94,5385,FUM002.A0102.SG1.5.10M_cutadapt_gc_rl.tsv.gz
95,5114,FUM002.A0102.SG1.5.10M_cutadapt_gc_rl.tsv.gz
96,4580,FUM002.A0102.SG1.5.10M_cutadapt_gc_rl.tsv.gz
97,4441,FUM002.A0102.SG1.5.10M_cutadapt_gc_rl.tsv.gz
98,4116,FUM002.A0102.SG1.5.10M_cutadapt_gc_rl.tsv.gz
99,3696,FUM002.A0102.SG1.5.10M_cutadapt_gc_rl.tsv.gz
100,3602,FUM002.A0102.SG1.5.10M_cutadapt_gc_rl.tsv.gz
101,3434,FUM002.A0102.SG1.5.10M_cutadapt_gc_rl.tsv.gz
102,3069,FUM002.A0102.SG1.5.10M_cutadapt_gc_rl.tsv.gz
103,3091,FUM002.A0102.SG1.5.10M_cutadapt_gc_rl.tsv.gz
104,2909,FUM002.A0102.SG1.5.10M_cutadapt_gc_rl.tsv.gz
105,2505,FUM002.A0102.SG1.5.10M_cutadapt_gc_rl.tsv.gz
106,2522,FUM002.A0102.SG1.5.10M_cutadapt_gc_rl.tsv.gz
107,2427,FUM002.A0102.SG1.5.10M_cutadapt_gc_rl.tsv.gz
108,2127,FUM002.A0102.SG1.5.10M_cutadapt_gc_rl.tsv.gz
109,2027,FUM002.A0102.SG1.5.10M_cutadapt_gc_rl.tsv.gz
110,2042,FUM002.A0102.SG1.5.10M_cutadapt_gc_rl.tsv.gz
111,1816,FUM002.A0102.SG1.5.10M_cutadapt_gc_rl.tsv.gz
112,1750,FUM002.A0102.SG1.5.10M_cutadapt_gc_rl.tsv.gz
113,1703,FUM002.A0102.SG1.5.10M_cutadapt_gc_rl.tsv.gz
114,1507,FUM002.A0102.SG1.5.10M_cutadapt_gc_rl.tsv.gz
115,1474,FUM002.A0102.SG1.5.10M_cutadapt_gc_rl.tsv.gz
116,1351,FUM002.A0102.SG1.5.10M_cutadapt_gc_rl.tsv.gz
117,1260,FUM002.A0102.SG1.5.10M_cutadapt_gc_rl.tsv.gz
118,1238,FUM002.A0102.SG1.5.10M_cutadapt_gc_rl.tsv.gz
119,1075,FUM002.A0102.SG1.5.10M_cutadapt_gc_rl.tsv.gz
120,998,FUM002.A0102.SG1.5.10M_cutadapt_gc_rl.tsv.gz
121,1008,FUM002.A0102.SG1.5.10M_cutadapt_gc_rl.tsv.gz
122,917,FUM002.A0102.SG1.5.10M_cutadapt_gc_rl.tsv.gz
123,887,FUM002.A0102.SG1.5.10M_cutadapt_gc_rl.tsv.gz
124,836,FUM002.A0102.SG1.5.10M_cutadapt_gc_rl.tsv.gz
125,819,FUM002.A0102.SG1.5.10M_cutadapt_gc_rl.tsv.gz
126,718,FUM002.A0102.SG1.5.10M_cutadapt_gc_rl.tsv.gz
127,684,FUM002.A0102.SG1.5.10M_cutadapt_gc_rl.tsv.gz
128,698,FUM002.A0102.SG1.5.10M_cutadapt_gc_rl.tsv.gz
129,607,FUM002.A0102.SG1.5.10M_cutadapt_gc_rl.tsv.gz
130,581,FUM002.A0102.SG1.5.10M_cutadapt_gc_rl.tsv.gz
131,577,FUM002.A0102.SG1.5.10M_cutadapt_gc_rl.tsv.gz
132,511,FUM002.A0102.SG1.5.10M_cutadapt_gc_rl.tsv.gz
133,537,FUM002.A0102.SG1.5.10M_cutadapt_gc_rl.tsv.gz
134,486,FUM002.A0102.SG1.5.10M_cutadapt_gc_rl.tsv.gz
135,441,FUM002.A0102.SG1.5.10M_cutadapt_gc_rl.tsv.gz
136,463,FUM002.A0102.SG1.5.10M_cutadapt_gc_rl.tsv.gz
137,440,FUM002.A0102.SG1.5.10M_cutadapt_gc_rl.tsv.gz
138,388,FUM002.A0102.SG1.5.10M_cutadapt_gc_rl.tsv.gz
139,362,FUM002.A0102.SG1.5.10M_cutadapt_gc_rl.tsv.gz
140,359,FUM002.A0102.SG1.5.10M_cutadapt_gc_rl.tsv.gz
141,302,FUM002.A0102.SG1.5.10M_cutadapt_gc_rl.tsv.gz
30,134450,FUM003.A0101.SG1.1.10M_cutadapt_gc_rl.tsv.gz
31,142609,FUM003.A0101.SG1.1.10M_cutadapt_gc_rl.tsv.gz
32,147482,FUM003.A0101.SG1.1.10M_cutadapt_gc_rl.tsv.gz
33,153822,FUM003.A0101.SG1.1.10M_cutadapt_gc_rl.tsv.gz
34,155438,FUM003.A0101.SG1.1.10M_cutadapt_gc_rl.tsv.gz
35,152952,FUM003.A0101.SG1.1.10M_cutadapt_gc_rl.tsv.gz
36,153489,FUM003.A0101.SG1.1.10M_cutadapt_gc_rl.tsv.gz
37,152396,FUM003.A0101.SG1.1.10M_cutadapt_gc_rl.tsv.gz
38,147484,FUM003.A0101.SG1.1.10M_cutadapt_gc_rl.tsv.gz
39,147298,FUM003.A0101.SG1.1.10M_cutadapt_gc_rl.tsv.gz
40,145027,FUM003.A0101.SG1.1.10M_cutadapt_gc_rl.tsv.gz
41,141178,FUM003.A0101.SG1.1.10M_cutadapt_gc_rl.tsv.gz
42,140563,FUM003.A0101.SG1.1.10M_cutadapt_gc_rl.tsv.gz
43,138376,FUM003.A0101.SG1.1.10M_cutadapt_gc_rl.tsv.gz
44,133924,FUM003.A0101.SG1.1.10M_cutadapt_gc_rl.tsv.gz
45,133324,FUM003.A0101.SG1.1.10M_cutadapt_gc_rl.tsv.gz
46,130263,FUM003.A0101.SG1.1.10M_cutadapt_gc_rl.tsv.gz
47,126617,FUM003.A0101.SG1.1.10M_cutadapt_gc_rl.tsv.gz
48,124948,FUM003.A0101.SG1.1.10M_cutadapt_gc_rl.tsv.gz
49,123243,FUM003.A0101.SG1.1.10M_cutadapt_gc_rl.tsv.gz
50,118871,FUM003.A0101.SG1.1.10M_cutadapt_gc_rl.tsv.gz
51,117485,FUM003.A0101.SG1.1.10M_cutadapt_gc_rl.tsv.gz
52,115307,FUM003.A0101.SG1.1.10M_cutadapt_gc_rl.tsv.gz
53,112286,FUM003.A0101.SG1.1.10M_cutadapt_gc_rl.tsv.gz
54,111671,FUM003.A0101.SG1.1.10M_cutadapt_gc_rl.tsv.gz
55,108914,FUM003.A0101.SG1.1.10M_cutadapt_gc_rl.tsv.gz
56,105864,FUM003.A0101.SG1.1.10M_cutadapt_gc_rl.tsv.gz
57,105365,FUM003.A0101.SG1.1.10M_cutadapt_gc_rl.tsv.gz
58,102477,FUM003.A0101.SG1.1.10M_cutadapt_gc_rl.tsv.gz
59,99531,FUM003.A0101.SG1.1.10M_cutadapt_gc_rl.tsv.gz
60,98463,FUM003.A0101.SG1.1.10M_cutadapt_gc_rl.tsv.gz
61,96561,FUM003.A0101.SG1.1.10M_cutadapt_gc_rl.tsv.gz
62,94212,FUM003.A0101.SG1.1.10M_cutadapt_gc_rl.tsv.gz
63,92967,FUM003.A0101.SG1.1.10M_cutadapt_gc_rl.tsv.gz
64,91117,FUM003.A0101.SG1.1.10M_cutadapt_gc_rl.tsv.gz
65,88740,FUM003.A0101.SG1.1.10M_cutadapt_gc_rl.tsv.gz
66,87494,FUM003.A0101.SG1.1.10M_cutadapt_gc_rl.tsv.gz
67,85604,FUM003.A0101.SG1.1.10M_cutadapt_gc_rl.tsv.gz
68,83487,FUM003.A0101.SG1.1.10M_cutadapt_gc_rl.tsv.gz
69,82671,FUM003.A0101.SG1.1.10M_cutadapt_gc_rl.tsv.gz
70,82573,FUM003.A0101.SG1.1.10M_cutadapt_gc_rl.tsv.gz
71,84816,FUM003.A0101.SG1.1.10M_cutadapt_gc_rl.tsv.gz
72,93278,FUM003.A0101.SG1.1.10M_cutadapt_gc_rl.tsv.gz
73,113339,FUM003.A0101.SG1.1.10M_cutadapt_gc_rl.tsv.gz
74,107545,FUM003.A0101.SG1.1.10M_cutadapt_gc_rl.tsv.gz
75,274369,FUM003.A0101.SG1.1.10M_cutadapt_gc_rl.tsv.gz
76,1162188,FUM003.A0101.SG1.1.10M_cutadapt_gc_rl.tsv.gz
77,67548,FUM003.A0101.SG1.1.10M_cutadapt_gc_rl.tsv.gz
78,66447,FUM003.A0101.SG1.1.10M_cutadapt_gc_rl.tsv.gz
79,65192,FUM003.A0101.SG1.1.10M_cutadapt_gc_rl.tsv.gz
80,62782,FUM003.A0101.SG1.1.10M_cutadapt_gc_rl.tsv.gz
81,61785,FUM003.A0101.SG1.1.10M_cutadapt_gc_rl.tsv.gz
82,60653,FUM003.A0101.SG1.1.10M_cutadapt_gc_rl.tsv.gz
83,58568,FUM003.A0101.SG1.1.10M_cutadapt_gc_rl.tsv.gz
84,58054,FUM003.A0101.SG1.1.10M_cutadapt_gc_rl.tsv.gz
85,57454,FUM003.A0101.SG1.1.10M_cutadapt_gc_rl.tsv.gz
86,55370,FUM003.A0101.SG1.1.10M_cutadapt_gc_rl.tsv.gz
87,54467,FUM003.A0101.SG1.1.10M_cutadapt_gc_rl.tsv.gz
88,53404,FUM003.A0101.SG1.1.10M_cutadapt_gc_rl.tsv.gz
89,52659,FUM003.A0101.SG1.1.10M_cutadapt_gc_rl.tsv.gz
90,51208,FUM003.A0101.SG1.1.10M_cutadapt_gc_rl.tsv.gz
91,49708,FUM003.A0101.SG1.1.10M_cutadapt_gc_rl.tsv.gz
92,48467,FUM003.A0101.SG1.1.10M_cutadapt_gc_rl.tsv.gz
93,47125,FUM003.A0101.SG1.1.10M_cutadapt_gc_rl.tsv.gz
94,46935,FUM003.A0101.SG1.1.10M_cutadapt_gc_rl.tsv.gz
95,45601,FUM003.A0101.SG1.1.10M_cutadapt_gc_rl.tsv.gz
96,44889,FUM003.A0101.SG1.1.10M_cutadapt_gc_rl.tsv.gz
97,43515,FUM003.A0101.SG1.1.10M_cutadapt_gc_rl.tsv.gz
98,42607,FUM003.A0101.SG1.1.10M_cutadapt_gc_rl.tsv.gz
99,41831,FUM003.A0101.SG1.1.10M_cutadapt_gc_rl.tsv.gz
100,40578,FUM003.A0101.SG1.1.10M_cutadapt_gc_rl.tsv.gz
101,39500,FUM003.A0101.SG1.1.10M_cutadapt_gc_rl.tsv.gz
102,39234,FUM003.A0101.SG1.1.10M_cutadapt_gc_rl.tsv.gz
103,38419,FUM003.A0101.SG1.1.10M_cutadapt_gc_rl.tsv.gz
104,36746,FUM003.A0101.SG1.1.10M_cutadapt_gc_rl.tsv.gz
105,36367,FUM003.A0101.SG1.1.10M_cutadapt_gc_rl.tsv.gz
106,35801,FUM003.A0101.SG1.1.10M_cutadapt_gc_rl.tsv.gz
107,35092,FUM003.A0101.SG1.1.10M_cutadapt_gc_rl.tsv.gz
108,33814,FUM003.A0101.SG1.1.10M_cutadapt_gc_rl.tsv.gz
109,33627,FUM003.A0101.SG1.1.10M_cutadapt_gc_rl.tsv.gz
110,32451,FUM003.A0101.SG1.1.10M_cutadapt_gc_rl.tsv.gz
111,31959,FUM003.A0101.SG1.1.10M_cutadapt_gc_rl.tsv.gz
112,31467,FUM003.A0101.SG1.1.10M_cutadapt_gc_rl.tsv.gz
113,30132,FUM003.A0101.SG1.1.10M_cutadapt_gc_rl.tsv.gz
114,29553,FUM003.A0101.SG1.1.10M_cutadapt_gc_rl.tsv.gz
115,29137,FUM003.A0101.SG1.1.10M_cutadapt_gc_rl.tsv.gz
116,28329,FUM003.A0101.SG1.1.10M_cutadapt_gc_rl.tsv.gz
117,27425,FUM003.A0101.SG1.1.10M_cutadapt_gc_rl.tsv.gz
118,27495,FUM003.A0101.SG1.1.10M_cutadapt_gc_rl.tsv.gz
119,26329,FUM003.A0101.SG1.1.10M_cutadapt_gc_rl.tsv.gz
120,26026,FUM003.A0101.SG1.1.10M_cutadapt_gc_rl.tsv.gz
121,25071,FUM003.A0101.SG1.1.10M_cutadapt_gc_rl.tsv.gz
122,24913,FUM003.A0101.SG1.1.10M_cutadapt_gc_rl.tsv.gz
123,23949,FUM003.A0101.SG1.1.10M_cutadapt_gc_rl.tsv.gz
124,23787,FUM003.A0101.SG1.1.10M_cutadapt_gc_rl.tsv.gz
125,23335,FUM003.A0101.SG1.1.10M_cutadapt_gc_rl.tsv.gz
126,22798,FUM003.A0101.SG1.1.10M_cutadapt_gc_rl.tsv.gz
127,22221,FUM003.A0101.SG1.1.10M_cutadapt_gc_rl.tsv.gz
128,21868,FUM003.A0101.SG1.1.10M_cutadapt_gc_rl.tsv.gz
129,21217,FUM003.A0101.SG1.1.10M_cutadapt_gc_rl.tsv.gz
130,20821,FUM003.A0101.SG1.1.10M_cutadapt_gc_rl.tsv.gz
131,20395,FUM003.A0101.SG1.1.10M_cutadapt_gc_rl.tsv.gz
132,19956,FUM003.A0101.SG1.1.10M_cutadapt_gc_rl.tsv.gz
133,19694,FUM003.A0101.SG1.1.10M_cutadapt_gc_rl.tsv.gz
134,19341,FUM003.A0101.SG1.1.10M_cutadapt_gc_rl.tsv.gz
135,18582,FUM003.A0101.SG1.1.10M_cutadapt_gc_rl.tsv.gz
136,18637,FUM003.A0101.SG1.1.10M_cutadapt_gc_rl.tsv.gz
137,19331,FUM003.A0101.SG1.1.10M_cutadapt_gc_rl.tsv.gz
138,17974,FUM003.A0101.SG1.1.10M_cutadapt_gc_rl.tsv.gz
139,18161,FUM003.A0101.SG1.1.10M_cutadapt_gc_rl.tsv.gz
140,19395,FUM003.A0101.SG1.1.10M_cutadapt_gc_rl.tsv.gz
141,16123,FUM003.A0101.SG1.1.10M_cutadapt_gc_rl.tsv.gz
30,176320,FUM003.A0102.SG1.4.10M_cutadapt_gc_rl.tsv.gz
31,172767,FUM003.A0102.SG1.4.10M_cutadapt_gc_rl.tsv.gz
32,167893,FUM003.A0102.SG1.4.10M_cutadapt_gc_rl.tsv.gz
33,159548,FUM003.A0102.SG1.4.10M_cutadapt_gc_rl.tsv.gz
34,154657,FUM003.A0102.SG1.4.10M_cutadapt_gc_rl.tsv.gz
35,150794,FUM003.A0102.SG1.4.10M_cutadapt_gc_rl.tsv.gz
36,140548,FUM003.A0102.SG1.4.10M_cutadapt_gc_rl.tsv.gz
37,133744,FUM003.A0102.SG1.4.10M_cutadapt_gc_rl.tsv.gz
38,127292,FUM003.A0102.SG1.4.10M_cutadapt_gc_rl.tsv.gz
39,117346,FUM003.A0102.SG1.4.10M_cutadapt_gc_rl.tsv.gz
40,111330,FUM003.A0102.SG1.4.10M_cutadapt_gc_rl.tsv.gz
41,106006,FUM003.A0102.SG1.4.10M_cutadapt_gc_rl.tsv.gz
42,98686,FUM003.A0102.SG1.4.10M_cutadapt_gc_rl.tsv.gz
43,94267,FUM003.A0102.SG1.4.10M_cutadapt_gc_rl.tsv.gz
44,90322,FUM003.A0102.SG1.4.10M_cutadapt_gc_rl.tsv.gz
45,84112,FUM003.A0102.SG1.4.10M_cutadapt_gc_rl.tsv.gz
46,80488,FUM003.A0102.SG1.4.10M_cutadapt_gc_rl.tsv.gz
47,76242,FUM003.A0102.SG1.4.10M_cutadapt_gc_rl.tsv.gz
48,69744,FUM003.A0102.SG1.4.10M_cutadapt_gc_rl.tsv.gz
49,66273,FUM003.A0102.SG1.4.10M_cutadapt_gc_rl.tsv.gz
50,62346,FUM003.A0102.SG1.4.10M_cutadapt_gc_rl.tsv.gz
51,58172,FUM003.A0102.SG1.4.10M_cutadapt_gc_rl.tsv.gz
52,54978,FUM003.A0102.SG1.4.10M_cutadapt_gc_rl.tsv.gz
53,52781,FUM003.A0102.SG1.4.10M_cutadapt_gc_rl.tsv.gz
54,49037,FUM003.A0102.SG1.4.10M_cutadapt_gc_rl.tsv.gz
55,46594,FUM003.A0102.SG1.4.10M_cutadapt_gc_rl.tsv.gz
56,45038,FUM003.A0102.SG1.4.10M_cutadapt_gc_rl.tsv.gz
57,41952,FUM003.A0102.SG1.4.10M_cutadapt_gc_rl.tsv.gz
58,39679,FUM003.A0102.SG1.4.10M_cutadapt_gc_rl.tsv.gz
59,37686,FUM003.A0102.SG1.4.10M_cutadapt_gc_rl.tsv.gz
60,35493,FUM003.A0102.SG1.4.10M_cutadapt_gc_rl.tsv.gz
61,33559,FUM003.A0102.SG1.4.10M_cutadapt_gc_rl.tsv.gz
62,31723,FUM003.A0102.SG1.4.10M_cutadapt_gc_rl.tsv.gz
63,29906,FUM003.A0102.SG1.4.10M_cutadapt_gc_rl.tsv.gz
64,29090,FUM003.A0102.SG1.4.10M_cutadapt_gc_rl.tsv.gz
65,27718,FUM003.A0102.SG1.4.10M_cutadapt_gc_rl.tsv.gz
66,26418,FUM003.A0102.SG1.4.10M_cutadapt_gc_rl.tsv.gz
67,25264,FUM003.A0102.SG1.4.10M_cutadapt_gc_rl.tsv.gz
68,24410,FUM003.A0102.SG1.4.10M_cutadapt_gc_rl.tsv.gz
69,22995,FUM003.A0102.SG1.4.10M_cutadapt_gc_rl.tsv.gz
70,22825,FUM003.A0102.SG1.4.10M_cutadapt_gc_rl.tsv.gz
71,22679,FUM003.A0102.SG1.4.10M_cutadapt_gc_rl.tsv.gz
72,23792,FUM003.A0102.SG1.4.10M_cutadapt_gc_rl.tsv.gz
73,28943,FUM003.A0102.SG1.4.10M_cutadapt_gc_rl.tsv.gz
74,22765,FUM003.A0102.SG1.4.10M_cutadapt_gc_rl.tsv.gz
75,31997,FUM003.A0102.SG1.4.10M_cutadapt_gc_rl.tsv.gz
76,111856,FUM003.A0102.SG1.4.10M_cutadapt_gc_rl.tsv.gz
77,15923,FUM003.A0102.SG1.4.10M_cutadapt_gc_rl.tsv.gz
78,14833,FUM003.A0102.SG1.4.10M_cutadapt_gc_rl.tsv.gz
79,14306,FUM003.A0102.SG1.4.10M_cutadapt_gc_rl.tsv.gz
80,13591,FUM003.A0102.SG1.4.10M_cutadapt_gc_rl.tsv.gz
81,12972,FUM003.A0102.SG1.4.10M_cutadapt_gc_rl.tsv.gz
82,12579,FUM003.A0102.SG1.4.10M_cutadapt_gc_rl.tsv.gz
83,12299,FUM003.A0102.SG1.4.10M_cutadapt_gc_rl.tsv.gz
84,11587,FUM003.A0102.SG1.4.10M_cutadapt_gc_rl.tsv.gz
85,11372,FUM003.A0102.SG1.4.10M_cutadapt_gc_rl.tsv.gz
86,10846,FUM003.A0102.SG1.4.10M_cutadapt_gc_rl.tsv.gz
87,10275,FUM003.A0102.SG1.4.10M_cutadapt_gc_rl.tsv.gz
88,10071,FUM003.A0102.SG1.4.10M_cutadapt_gc_rl.tsv.gz
89,9824,FUM003.A0102.SG1.4.10M_cutadapt_gc_rl.tsv.gz
90,9356,FUM003.A0102.SG1.4.10M_cutadapt_gc_rl.tsv.gz
91,8799,FUM003.A0102.SG1.4.10M_cutadapt_gc_rl.tsv.gz
92,8572,FUM003.A0102.SG1.4.10M_cutadapt_gc_rl.tsv.gz
93,8158,FUM003.A0102.SG1.4.10M_cutadapt_gc_rl.tsv.gz
94,7890,FUM003.A0102.SG1.4.10M_cutadapt_gc_rl.tsv.gz
95,7664,FUM003.A0102.SG1.4.10M_cutadapt_gc_rl.tsv.gz
96,7422,FUM003.A0102.SG1.4.10M_cutadapt_gc_rl.tsv.gz
97,7091,FUM003.A0102.SG1.4.10M_cutadapt_gc_rl.tsv.gz
98,6962,FUM003.A0102.SG1.4.10M_cutadapt_gc_rl.tsv.gz
99,6640,FUM003.A0102.SG1.4.10M_cutadapt_gc_rl.tsv.gz
100,6437,FUM003.A0102.SG1.4.10M_cutadapt_gc_rl.tsv.gz
101,6314,FUM003.A0102.SG1.4.10M_cutadapt_gc_rl.tsv.gz
102,5717,FUM003.A0102.SG1.4.10M_cutadapt_gc_rl.tsv.gz
103,5721,FUM003.A0102.SG1.4.10M_cutadapt_gc_rl.tsv.gz
104,5558,FUM003.A0102.SG1.4.10M_cutadapt_gc_rl.tsv.gz
105,5265,FUM003.A0102.SG1.4.10M_cutadapt_gc_rl.tsv.gz
106,5063,FUM003.A0102.SG1.4.10M_cutadapt_gc_rl.tsv.gz
107,4986,FUM003.A0102.SG1.4.10M_cutadapt_gc_rl.tsv.gz
108,4871,FUM003.A0102.SG1.4.10M_cutadapt_gc_rl.tsv.gz
109,4713,FUM003.A0102.SG1.4.10M_cutadapt_gc_rl.tsv.gz
110,4596,FUM003.A0102.SG1.4.10M_cutadapt_gc_rl.tsv.gz
111,4170,FUM003.A0102.SG1.4.10M_cutadapt_gc_rl.tsv.gz
112,4186,FUM003.A0102.SG1.4.10M_cutadapt_gc_rl.tsv.gz
113,3906,FUM003.A0102.SG1.4.10M_cutadapt_gc_rl.tsv.gz
114,3907,FUM003.A0102.SG1.4.10M_cutadapt_gc_rl.tsv.gz
115,3871,FUM003.A0102.SG1.4.10M_cutadapt_gc_rl.tsv.gz
116,3599,FUM003.A0102.SG1.4.10M_cutadapt_gc_rl.tsv.gz
117,3540,FUM003.A0102.SG1.4.10M_cutadapt_gc_rl.tsv.gz
118,3296,FUM003.A0102.SG1.4.10M_cutadapt_gc_rl.tsv.gz
119,3323,FUM003.A0102.SG1.4.10M_cutadapt_gc_rl.tsv.gz
120,3153,FUM003.A0102.SG1.4.10M_cutadapt_gc_rl.tsv.gz
121,3172,FUM003.A0102.SG1.4.10M_cutadapt_gc_rl.tsv.gz
122,3035,FUM003.A0102.SG1.4.10M_cutadapt_gc_rl.tsv.gz
123,2829,FUM003.A0102.SG1.4.10M_cutadapt_gc_rl.tsv.gz
124,2826,FUM003.A0102.SG1.4.10M_cutadapt_gc_rl.tsv.gz
125,2682,FUM003.A0102.SG1.4.10M_cutadapt_gc_rl.tsv.gz
126,2600,FUM003.A0102.SG1.4.10M_cutadapt_gc_rl.tsv.gz
127,2527,FUM003.A0102.SG1.4.10M_cutadapt_gc_rl.tsv.gz
128,2531,FUM003.A0102.SG1.4.10M_cutadapt_gc_rl.tsv.gz
129,2349,FUM003.A0102.SG1.4.10M_cutadapt_gc_rl.tsv.gz
130,2267,FUM003.A0102.SG1.4.10M_cutadapt_gc_rl.tsv.gz
131,2320,FUM003.A0102.SG1.4.10M_cutadapt_gc_rl.tsv.gz
132,2140,FUM003.A0102.SG1.4.10M_cutadapt_gc_rl.tsv.gz
133,2080,FUM003.A0102.SG1.4.10M_cutadapt_gc_rl.tsv.gz
134,2100,FUM003.A0102.SG1.4.10M_cutadapt_gc_rl.tsv.gz
135,1981,FUM003.A0102.SG1.4.10M_cutadapt_gc_rl.tsv.gz
136,1908,FUM003.A0102.SG1.4.10M_cutadapt_gc_rl.tsv.gz
137,2045,FUM003.A0102.SG1.4.10M_cutadapt_gc_rl.tsv.gz
138,1836,FUM003.A0102.SG1.4.10M_cutadapt_gc_rl.tsv.gz
139,1789,FUM003.A0102.SG1.4.10M_cutadapt_gc_rl.tsv.gz
140,1807,FUM003.A0102.SG1.4.10M_cutadapt_gc_rl.tsv.gz
141,1627,FUM003.A0102.SG1.4.10M_cutadapt_gc_rl.tsv.gz
30,81599,GDN001.A0101.SG1.1.10M_cutadapt_gc_rl.tsv.gz
31,89094,GDN001.A0101.SG1.1.10M_cutadapt_gc_rl.tsv.gz
32,95266,GDN001.A0101.SG1.1.10M_cutadapt_gc_rl.tsv.gz
33,104177,GDN001.A0101.SG1.1.10M_cutadapt_gc_rl.tsv.gz
34,109814,GDN001.A0101.SG1.1.10M_cutadapt_gc_rl.tsv.gz
35,115300,GDN001.A0101.SG1.1.10M_cutadapt_gc_rl.tsv.gz
36,124236,GDN001.A0101.SG1.1.10M_cutadapt_gc_rl.tsv.gz
37,130349,GDN001.A0101.SG1.1.10M_cutadapt_gc_rl.tsv.gz
38,130941,GDN001.A0101.SG1.1.10M_cutadapt_gc_rl.tsv.gz
39,139007,GDN001.A0101.SG1.1.10M_cutadapt_gc_rl.tsv.gz
40,145924,GDN001.A0101.SG1.1.10M_cutadapt_gc_rl.tsv.gz
41,147141,GDN001.A0101.SG1.1.10M_cutadapt_gc_rl.tsv.gz
42,156921,GDN001.A0101.SG1.1.10M_cutadapt_gc_rl.tsv.gz
43,162144,GDN001.A0101.SG1.1.10M_cutadapt_gc_rl.tsv.gz
44,164172,GDN001.A0101.SG1.1.10M_cutadapt_gc_rl.tsv.gz
45,173403,GDN001.A0101.SG1.1.10M_cutadapt_gc_rl.tsv.gz
46,176293,GDN001.A0101.SG1.1.10M_cutadapt_gc_rl.tsv.gz
47,176433,GDN001.A0101.SG1.1.10M_cutadapt_gc_rl.tsv.gz
48,181052,GDN001.A0101.SG1.1.10M_cutadapt_gc_rl.tsv.gz
49,184560,GDN001.A0101.SG1.1.10M_cutadapt_gc_rl.tsv.gz
50,178702,GDN001.A0101.SG1.1.10M_cutadapt_gc_rl.tsv.gz
51,182686,GDN001.A0101.SG1.1.10M_cutadapt_gc_rl.tsv.gz
52,186619,GDN001.A0101.SG1.1.10M_cutadapt_gc_rl.tsv.gz
53,179790,GDN001.A0101.SG1.1.10M_cutadapt_gc_rl.tsv.gz
54,183768,GDN001.A0101.SG1.1.10M_cutadapt_gc_rl.tsv.gz
55,183778,GDN001.A0101.SG1.1.10M_cutadapt_gc_rl.tsv.gz
56,174198,GDN001.A0101.SG1.1.10M_cutadapt_gc_rl.tsv.gz
57,176797,GDN001.A0101.SG1.1.10M_cutadapt_gc_rl.tsv.gz
58,175122,GDN001.A0101.SG1.1.10M_cutadapt_gc_rl.tsv.gz
59,165163,GDN001.A0101.SG1.1.10M_cutadapt_gc_rl.tsv.gz
60,166075,GDN001.A0101.SG1.1.10M_cutadapt_gc_rl.tsv.gz
61,162153,GDN001.A0101.SG1.1.10M_cutadapt_gc_rl.tsv.gz
62,153915,GDN001.A0101.SG1.1.10M_cutadapt_gc_rl.tsv.gz
63,154201,GDN001.A0101.SG1.1.10M_cutadapt_gc_rl.tsv.gz
64,147799,GDN001.A0101.SG1.1.10M_cutadapt_gc_rl.tsv.gz
65,139703,GDN001.A0101.SG1.1.10M_cutadapt_gc_rl.tsv.gz
66,138499,GDN001.A0101.SG1.1.10M_cutadapt_gc_rl.tsv.gz
67,133301,GDN001.A0101.SG1.1.10M_cutadapt_gc_rl.tsv.gz
68,124701,GDN001.A0101.SG1.1.10M_cutadapt_gc_rl.tsv.gz
69,124990,GDN001.A0101.SG1.1.10M_cutadapt_gc_rl.tsv.gz
70,120251,GDN001.A0101.SG1.1.10M_cutadapt_gc_rl.tsv.gz
71,111540,GDN001.A0101.SG1.1.10M_cutadapt_gc_rl.tsv.gz
72,112892,GDN001.A0101.SG1.1.10M_cutadapt_gc_rl.tsv.gz
73,113575,GDN001.A0101.SG1.1.10M_cutadapt_gc_rl.tsv.gz
74,105800,GDN001.A0101.SG1.1.10M_cutadapt_gc_rl.tsv.gz
75,131165,GDN001.A0101.SG1.1.10M_cutadapt_gc_rl.tsv.gz
76,249195,GDN001.A0101.SG1.1.10M_cutadapt_gc_rl.tsv.gz
77,83595,GDN001.A0101.SG1.1.10M_cutadapt_gc_rl.tsv.gz
78,81748,GDN001.A0101.SG1.1.10M_cutadapt_gc_rl.tsv.gz
79,78789,GDN001.A0101.SG1.1.10M_cutadapt_gc_rl.tsv.gz
80,72633,GDN001.A0101.SG1.1.10M_cutadapt_gc_rl.tsv.gz
81,71540,GDN001.A0101.SG1.1.10M_cutadapt_gc_rl.tsv.gz
82,67634,GDN001.A0101.SG1.1.10M_cutadapt_gc_rl.tsv.gz
83,63105,GDN001.A0101.SG1.1.10M_cutadapt_gc_rl.tsv.gz
84,61810,GDN001.A0101.SG1.1.10M_cutadapt_gc_rl.tsv.gz
85,58823,GDN001.A0101.SG1.1.10M_cutadapt_gc_rl.tsv.gz
86,54865,GDN001.A0101.SG1.1.10M_cutadapt_gc_rl.tsv.gz
87,54046,GDN001.A0101.SG1.1.10M_cutadapt_gc_rl.tsv.gz
88,50249,GDN001.A0101.SG1.1.10M_cutadapt_gc_rl.tsv.gz
89,46684,GDN001.A0101.SG1.1.10M_cutadapt_gc_rl.tsv.gz
90,46553,GDN001.A0101.SG1.1.10M_cutadapt_gc_rl.tsv.gz
91,43729,GDN001.A0101.SG1.1.10M_cutadapt_gc_rl.tsv.gz
92,40458,GDN001.A0101.SG1.1.10M_cutadapt_gc_rl.tsv.gz
93,38578,GDN001.A0101.SG1.1.10M_cutadapt_gc_rl.tsv.gz
94,37462,GDN001.A0101.SG1.1.10M_cutadapt_gc_rl.tsv.gz
95,34790,GDN001.A0101.SG1.1.10M_cutadapt_gc_rl.tsv.gz
96,34223,GDN001.A0101.SG1.1.10M_cutadapt_gc_rl.tsv.gz
97,31867,GDN001.A0101.SG1.1.10M_cutadapt_gc_rl.tsv.gz
98,29328,GDN001.A0101.SG1.1.10M_cutadapt_gc_rl.tsv.gz
99,29001,GDN001.A0101.SG1.1.10M_cutadapt_gc_rl.tsv.gz
100,27129,GDN001.A0101.SG1.1.10M_cutadapt_gc_rl.tsv.gz
101,25578,GDN001.A0101.SG1.1.10M_cutadapt_gc_rl.tsv.gz
102,25342,GDN001.A0101.SG1.1.10M_cutadapt_gc_rl.tsv.gz
103,23684,GDN001.A0101.SG1.1.10M_cutadapt_gc_rl.tsv.gz
104,22113,GDN001.A0101.SG1.1.10M_cutadapt_gc_rl.tsv.gz
105,21290,GDN001.A0101.SG1.1.10M_cutadapt_gc_rl.tsv.gz
106,19807,GDN001.A0101.SG1.1.10M_cutadapt_gc_rl.tsv.gz
107,18984,GDN001.A0101.SG1.1.10M_cutadapt_gc_rl.tsv.gz
108,18569,GDN001.A0101.SG1.1.10M_cutadapt_gc_rl.tsv.gz
109,17031,GDN001.A0101.SG1.1.10M_cutadapt_gc_rl.tsv.gz
110,15699,GDN001.A0101.SG1.1.10M_cutadapt_gc_rl.tsv.gz
111,15920,GDN001.A0101.SG1.1.10M_cutadapt_gc_rl.tsv.gz
112,14925,GDN001.A0101.SG1.1.10M_cutadapt_gc_rl.tsv.gz
113,14006,GDN001.A0101.SG1.1.10M_cutadapt_gc_rl.tsv.gz
114,13206,GDN001.A0101.SG1.1.10M_cutadapt_gc_rl.tsv.gz
115,12940,GDN001.A0101.SG1.1.10M_cutadapt_gc_rl.tsv.gz
116,12343,GDN001.A0101.SG1.1.10M_cutadapt_gc_rl.tsv.gz
117,11273,GDN001.A0101.SG1.1.10M_cutadapt_gc_rl.tsv.gz
118,11293,GDN001.A0101.SG1.1.10M_cutadapt_gc_rl.tsv.gz
119,10057,GDN001.A0101.SG1.1.10M_cutadapt_gc_rl.tsv.gz
120,9788,GDN001.A0101.SG1.1.10M_cutadapt_gc_rl.tsv.gz
121,9532,GDN001.A0101.SG1.1.10M_cutadapt_gc_rl.tsv.gz
122,8488,GDN001.A0101.SG1.1.10M_cutadapt_gc_rl.tsv.gz
123,8451,GDN001.A0101.SG1.1.10M_cutadapt_gc_rl.tsv.gz
124,7829,GDN001.A0101.SG1.1.10M_cutadapt_gc_rl.tsv.gz
125,7587,GDN001.A0101.SG1.1.10M_cutadapt_gc_rl.tsv.gz
126,7141,GDN001.A0101.SG1.1.10M_cutadapt_gc_rl.tsv.gz
127,7032,GDN001.A0101.SG1.1.10M_cutadapt_gc_rl.tsv.gz
128,5885,GDN001.A0101.SG1.1.10M_cutadapt_gc_rl.tsv.gz
129,6090,GDN001.A0101.SG1.1.10M_cutadapt_gc_rl.tsv.gz
130,5794,GDN001.A0101.SG1.1.10M_cutadapt_gc_rl.tsv.gz
131,5521,GDN001.A0101.SG1.1.10M_cutadapt_gc_rl.tsv.gz
132,5368,GDN001.A0101.SG1.1.10M_cutadapt_gc_rl.tsv.gz
133,4936,GDN001.A0101.SG1.1.10M_cutadapt_gc_rl.tsv.gz
134,4814,GDN001.A0101.SG1.1.10M_cutadapt_gc_rl.tsv.gz
135,4573,GDN001.A0101.SG1.1.10M_cutadapt_gc_rl.tsv.gz
136,4441,GDN001.A0101.SG1.1.10M_cutadapt_gc_rl.tsv.gz
137,4192,GDN001.A0101.SG1.1.10M_cutadapt_gc_rl.tsv.gz
138,4120,GDN001.A0101.SG1.1.10M_cutadapt_gc_rl.tsv.gz
139,3853,GDN001.A0101.SG1.1.10M_cutadapt_gc_rl.tsv.gz
140,3840,GDN001.A0101.SG1.1.10M_cutadapt_gc_rl.tsv.gz
141,3588,GDN001.A0101.SG1.1.10M_cutadapt_gc_rl.tsv.gz
30,112186,GDN001.A0102.SG1.3.10M_cutadapt_gc_rl.tsv.gz
31,114334,GDN001.A0102.SG1.3.10M_cutadapt_gc_rl.tsv.gz
32,113964,GDN001.A0102.SG1.3.10M_cutadapt_gc_rl.tsv.gz
33,110147,GDN001.A0102.SG1.3.10M_cutadapt_gc_rl.tsv.gz
34,109785,GDN001.A0102.SG1.3.10M_cutadapt_gc_rl.tsv.gz
35,108061,GDN001.A0102.SG1.3.10M_cutadapt_gc_rl.tsv.gz
36,102892,GDN001.A0102.SG1.3.10M_cutadapt_gc_rl.tsv.gz
37,101514,GDN001.A0102.SG1.3.10M_cutadapt_gc_rl.tsv.gz
38,99494,GDN001.A0102.SG1.3.10M_cutadapt_gc_rl.tsv.gz
39,94071,GDN001.A0102.SG1.3.10M_cutadapt_gc_rl.tsv.gz
40,94219,GDN001.A0102.SG1.3.10M_cutadapt_gc_rl.tsv.gz
41,91377,GDN001.A0102.SG1.3.10M_cutadapt_gc_rl.tsv.gz
42,86292,GDN001.A0102.SG1.3.10M_cutadapt_gc_rl.tsv.gz
43,85245,GDN001.A0102.SG1.3.10M_cutadapt_gc_rl.tsv.gz
44,83116,GDN001.A0102.SG1.3.10M_cutadapt_gc_rl.tsv.gz
45,77670,GDN001.A0102.SG1.3.10M_cutadapt_gc_rl.tsv.gz
46,76341,GDN001.A0102.SG1.3.10M_cutadapt_gc_rl.tsv.gz
47,75010,GDN001.A0102.SG1.3.10M_cutadapt_gc_rl.tsv.gz
48,70037,GDN001.A0102.SG1.3.10M_cutadapt_gc_rl.tsv.gz
49,68641,GDN001.A0102.SG1.3.10M_cutadapt_gc_rl.tsv.gz
50,67118,GDN001.A0102.SG1.3.10M_cutadapt_gc_rl.tsv.gz
51,61968,GDN001.A0102.SG1.3.10M_cutadapt_gc_rl.tsv.gz
52,60687,GDN001.A0102.SG1.3.10M_cutadapt_gc_rl.tsv.gz
53,58283,GDN001.A0102.SG1.3.10M_cutadapt_gc_rl.tsv.gz
54,54944,GDN001.A0102.SG1.3.10M_cutadapt_gc_rl.tsv.gz
55,53491,GDN001.A0102.SG1.3.10M_cutadapt_gc_rl.tsv.gz
56,51731,GDN001.A0102.SG1.3.10M_cutadapt_gc_rl.tsv.gz
57,46978,GDN001.A0102.SG1.3.10M_cutadapt_gc_rl.tsv.gz
58,46346,GDN001.A0102.SG1.3.10M_cutadapt_gc_rl.tsv.gz
59,44100,GDN001.A0102.SG1.3.10M_cutadapt_gc_rl.tsv.gz
60,40794,GDN001.A0102.SG1.3.10M_cutadapt_gc_rl.tsv.gz
61,40050,GDN001.A0102.SG1.3.10M_cutadapt_gc_rl.tsv.gz
62,38247,GDN001.A0102.SG1.3.10M_cutadapt_gc_rl.tsv.gz
63,35171,GDN001.A0102.SG1.3.10M_cutadapt_gc_rl.tsv.gz
64,34203,GDN001.A0102.SG1.3.10M_cutadapt_gc_rl.tsv.gz
65,33162,GDN001.A0102.SG1.3.10M_cutadapt_gc_rl.tsv.gz
66,30150,GDN001.A0102.SG1.3.10M_cutadapt_gc_rl.tsv.gz
67,29037,GDN001.A0102.SG1.3.10M_cutadapt_gc_rl.tsv.gz
68,28228,GDN001.A0102.SG1.3.10M_cutadapt_gc_rl.tsv.gz
69,25996,GDN001.A0102.SG1.3.10M_cutadapt_gc_rl.tsv.gz
70,25222,GDN001.A0102.SG1.3.10M_cutadapt_gc_rl.tsv.gz
71,24519,GDN001.A0102.SG1.3.10M_cutadapt_gc_rl.tsv.gz
72,22404,GDN001.A0102.SG1.3.10M_cutadapt_gc_rl.tsv.gz
73,23712,GDN001.A0102.SG1.3.10M_cutadapt_gc_rl.tsv.gz
74,20606,GDN001.A0102.SG1.3.10M_cutadapt_gc_rl.tsv.gz
75,19629,GDN001.A0102.SG1.3.10M_cutadapt_gc_rl.tsv.gz
76,30604,GDN001.A0102.SG1.3.10M_cutadapt_gc_rl.tsv.gz
77,17091,GDN001.A0102.SG1.3.10M_cutadapt_gc_rl.tsv.gz
78,15692,GDN001.A0102.SG1.3.10M_cutadapt_gc_rl.tsv.gz
79,15394,GDN001.A0102.SG1.3.10M_cutadapt_gc_rl.tsv.gz
80,14435,GDN001.A0102.SG1.3.10M_cutadapt_gc_rl.tsv.gz
81,12965,GDN001.A0102.SG1.3.10M_cutadapt_gc_rl.tsv.gz
82,12956,GDN001.A0102.SG1.3.10M_cutadapt_gc_rl.tsv.gz
83,12253,GDN001.A0102.SG1.3.10M_cutadapt_gc_rl.tsv.gz
84,11011,GDN001.A0102.SG1.3.10M_cutadapt_gc_rl.tsv.gz
85,10851,GDN001.A0102.SG1.3.10M_cutadapt_gc_rl.tsv.gz
86,10220,GDN001.A0102.SG1.3.10M_cutadapt_gc_rl.tsv.gz
87,9583,GDN001.A0102.SG1.3.10M_cutadapt_gc_rl.tsv.gz
88,9160,GDN001.A0102.SG1.3.10M_cutadapt_gc_rl.tsv.gz
89,8708,GDN001.A0102.SG1.3.10M_cutadapt_gc_rl.tsv.gz
90,7974,GDN001.A0102.SG1.3.10M_cutadapt_gc_rl.tsv.gz
91,7548,GDN001.A0102.SG1.3.10M_cutadapt_gc_rl.tsv.gz
92,7346,GDN001.A0102.SG1.3.10M_cutadapt_gc_rl.tsv.gz
93,6481,GDN001.A0102.SG1.3.10M_cutadapt_gc_rl.tsv.gz
94,6394,GDN001.A0102.SG1.3.10M_cutadapt_gc_rl.tsv.gz
95,6059,GDN001.A0102.SG1.3.10M_cutadapt_gc_rl.tsv.gz
96,5383,GDN001.A0102.SG1.3.10M_cutadapt_gc_rl.tsv.gz
97,5165,GDN001.A0102.SG1.3.10M_cutadapt_gc_rl.tsv.gz
98,5006,GDN001.A0102.SG1.3.10M_cutadapt_gc_rl.tsv.gz
99,4502,GDN001.A0102.SG1.3.10M_cutadapt_gc_rl.tsv.gz
100,4304,GDN001.A0102.SG1.3.10M_cutadapt_gc_rl.tsv.gz
101,4184,GDN001.A0102.SG1.3.10M_cutadapt_gc_rl.tsv.gz
102,3772,GDN001.A0102.SG1.3.10M_cutadapt_gc_rl.tsv.gz
103,3698,GDN001.A0102.SG1.3.10M_cutadapt_gc_rl.tsv.gz
104,3471,GDN001.A0102.SG1.3.10M_cutadapt_gc_rl.tsv.gz
105,3144,GDN001.A0102.SG1.3.10M_cutadapt_gc_rl.tsv.gz
106,3065,GDN001.A0102.SG1.3.10M_cutadapt_gc_rl.tsv.gz
107,2890,GDN001.A0102.SG1.3.10M_cutadapt_gc_rl.tsv.gz
108,2587,GDN001.A0102.SG1.3.10M_cutadapt_gc_rl.tsv.gz
109,2656,GDN001.A0102.SG1.3.10M_cutadapt_gc_rl.tsv.gz
110,2429,GDN001.A0102.SG1.3.10M_cutadapt_gc_rl.tsv.gz
111,2168,GDN001.A0102.SG1.3.10M_cutadapt_gc_rl.tsv.gz
112,2204,GDN001.A0102.SG1.3.10M_cutadapt_gc_rl.tsv.gz
113,1952,GDN001.A0102.SG1.3.10M_cutadapt_gc_rl.tsv.gz
114,1884,GDN001.A0102.SG1.3.10M_cutadapt_gc_rl.tsv.gz
115,1792,GDN001.A0102.SG1.3.10M_cutadapt_gc_rl.tsv.gz
116,1796,GDN001.A0102.SG1.3.10M_cutadapt_gc_rl.tsv.gz
117,1588,GDN001.A0102.SG1.3.10M_cutadapt_gc_rl.tsv.gz
118,1602,GDN001.A0102.SG1.3.10M_cutadapt_gc_rl.tsv.gz
119,1443,GDN001.A0102.SG1.3.10M_cutadapt_gc_rl.tsv.gz
120,1372,GDN001.A0102.SG1.3.10M_cutadapt_gc_rl.tsv.gz
121,1293,GDN001.A0102.SG1.3.10M_cutadapt_gc_rl.tsv.gz
122,1178,GDN001.A0102.SG1.3.10M_cutadapt_gc_rl.tsv.gz
123,1111,GDN001.A0102.SG1.3.10M_cutadapt_gc_rl.tsv.gz
124,1100,GDN001.A0102.SG1.3.10M_cutadapt_gc_rl.tsv.gz
125,999,GDN001.A0102.SG1.3.10M_cutadapt_gc_rl.tsv.gz
126,901,GDN001.A0102.SG1.3.10M_cutadapt_gc_rl.tsv.gz
127,920,GDN001.A0102.SG1.3.10M_cutadapt_gc_rl.tsv.gz
128,879,GDN001.A0102.SG1.3.10M_cutadapt_gc_rl.tsv.gz
129,715,GDN001.A0102.SG1.3.10M_cutadapt_gc_rl.tsv.gz
130,704,GDN001.A0102.SG1.3.10M_cutadapt_gc_rl.tsv.gz
131,728,GDN001.A0102.SG1.3.10M_cutadapt_gc_rl.tsv.gz
132,670,GDN001.A0102.SG1.3.10M_cutadapt_gc_rl.tsv.gz
133,640,GDN001.A0102.SG1.3.10M_cutadapt_gc_rl.tsv.gz
134,617,GDN001.A0102.SG1.3.10M_cutadapt_gc_rl.tsv.gz
135,596,GDN001.A0102.SG1.3.10M_cutadapt_gc_rl.tsv.gz
136,532,GDN001.A0102.SG1.3.10M_cutadapt_gc_rl.tsv.gz
137,577,GDN001.A0102.SG1.3.10M_cutadapt_gc_rl.tsv.gz
138,487,GDN001.A0102.SG1.3.10M_cutadapt_gc_rl.tsv.gz
139,402,GDN001.A0102.SG1.3.10M_cutadapt_gc_rl.tsv.gz
140,389,GDN001.A0102.SG1.3.10M_cutadapt_gc_rl.tsv.gz
141,334,GDN001.A0102.SG1.3.10M_cutadapt_gc_rl.tsv.gz
30,278923,GOY005.A0101.SG1.2.10M_cutadapt_gc_rl.tsv.gz
31,297752,GOY005.A0101.SG1.2.10M_cutadapt_gc_rl.tsv.gz
32,306509,GOY005.A0101.SG1.2.10M_cutadapt_gc_rl.tsv.gz
33,316778,GOY005.A0101.SG1.2.10M_cutadapt_gc_rl.tsv.gz
34,318345,GOY005.A0101.SG1.2.10M_cutadapt_gc_rl.tsv.gz
35,308971,GOY005.A0101.SG1.2.10M_cutadapt_gc_rl.tsv.gz
36,303415,GOY005.A0101.SG1.2.10M_cutadapt_gc_rl.tsv.gz
37,295115,GOY005.A0101.SG1.2.10M_cutadapt_gc_rl.tsv.gz
38,281149,GOY005.A0101.SG1.2.10M_cutadapt_gc_rl.tsv.gz
39,273497,GOY005.A0101.SG1.2.10M_cutadapt_gc_rl.tsv.gz
40,263973,GOY005.A0101.SG1.2.10M_cutadapt_gc_rl.tsv.gz
41,249886,GOY005.A0101.SG1.2.10M_cutadapt_gc_rl.tsv.gz
42,240930,GOY005.A0101.SG1.2.10M_cutadapt_gc_rl.tsv.gz
43,230942,GOY005.A0101.SG1.2.10M_cutadapt_gc_rl.tsv.gz
44,216757,GOY005.A0101.SG1.2.10M_cutadapt_gc_rl.tsv.gz
45,207037,GOY005.A0101.SG1.2.10M_cutadapt_gc_rl.tsv.gz
46,198201,GOY005.A0101.SG1.2.10M_cutadapt_gc_rl.tsv.gz
47,185088,GOY005.A0101.SG1.2.10M_cutadapt_gc_rl.tsv.gz
48,177787,GOY005.A0101.SG1.2.10M_cutadapt_gc_rl.tsv.gz
49,168005,GOY005.A0101.SG1.2.10M_cutadapt_gc_rl.tsv.gz
50,157223,GOY005.A0101.SG1.2.10M_cutadapt_gc_rl.tsv.gz
51,151190,GOY005.A0101.SG1.2.10M_cutadapt_gc_rl.tsv.gz
52,142841,GOY005.A0101.SG1.2.10M_cutadapt_gc_rl.tsv.gz
53,133071,GOY005.A0101.SG1.2.10M_cutadapt_gc_rl.tsv.gz
54,127488,GOY005.A0101.SG1.2.10M_cutadapt_gc_rl.tsv.gz
55,120632,GOY005.A0101.SG1.2.10M_cutadapt_gc_rl.tsv.gz
56,112470,GOY005.A0101.SG1.2.10M_cutadapt_gc_rl.tsv.gz
57,107110,GOY005.A0101.SG1.2.10M_cutadapt_gc_rl.tsv.gz
58,101584,GOY005.A0101.SG1.2.10M_cutadapt_gc_rl.tsv.gz
59,94123,GOY005.A0101.SG1.2.10M_cutadapt_gc_rl.tsv.gz
60,90303,GOY005.A0101.SG1.2.10M_cutadapt_gc_rl.tsv.gz
61,85635,GOY005.A0101.SG1.2.10M_cutadapt_gc_rl.tsv.gz
62,79870,GOY005.A0101.SG1.2.10M_cutadapt_gc_rl.tsv.gz
63,76619,GOY005.A0101.SG1.2.10M_cutadapt_gc_rl.tsv.gz
64,72218,GOY005.A0101.SG1.2.10M_cutadapt_gc_rl.tsv.gz
65,68090,GOY005.A0101.SG1.2.10M_cutadapt_gc_rl.tsv.gz
66,65671,GOY005.A0101.SG1.2.10M_cutadapt_gc_rl.tsv.gz
67,62639,GOY005.A0101.SG1.2.10M_cutadapt_gc_rl.tsv.gz
68,58728,GOY005.A0101.SG1.2.10M_cutadapt_gc_rl.tsv.gz
69,58028,GOY005.A0101.SG1.2.10M_cutadapt_gc_rl.tsv.gz
70,57409,GOY005.A0101.SG1.2.10M_cutadapt_gc_rl.tsv.gz
71,58025,GOY005.A0101.SG1.2.10M_cutadapt_gc_rl.tsv.gz
72,62507,GOY005.A0101.SG1.2.10M_cutadapt_gc_rl.tsv.gz
73,70817,GOY005.A0101.SG1.2.10M_cutadapt_gc_rl.tsv.gz
74,69156,GOY005.A0101.SG1.2.10M_cutadapt_gc_rl.tsv.gz
75,109496,GOY005.A0101.SG1.2.10M_cutadapt_gc_rl.tsv.gz
76,255898,GOY005.A0101.SG1.2.10M_cutadapt_gc_rl.tsv.gz
77,34970,GOY005.A0101.SG1.2.10M_cutadapt_gc_rl.tsv.gz
78,33489,GOY005.A0101.SG1.2.10M_cutadapt_gc_rl.tsv.gz
79,31925,GOY005.A0101.SG1.2.10M_cutadapt_gc_rl.tsv.gz
80,30247,GOY005.A0101.SG1.2.10M_cutadapt_gc_rl.tsv.gz
81,28645,GOY005.A0101.SG1.2.10M_cutadapt_gc_rl.tsv.gz
82,27354,GOY005.A0101.SG1.2.10M_cutadapt_gc_rl.tsv.gz
83,25822,GOY005.A0101.SG1.2.10M_cutadapt_gc_rl.tsv.gz
84,24839,GOY005.A0101.SG1.2.10M_cutadapt_gc_rl.tsv.gz
85,23945,GOY005.A0101.SG1.2.10M_cutadapt_gc_rl.tsv.gz
86,22050,GOY005.A0101.SG1.2.10M_cutadapt_gc_rl.tsv.gz
87,21873,GOY005.A0101.SG1.2.10M_cutadapt_gc_rl.tsv.gz
88,20816,GOY005.A0101.SG1.2.10M_cutadapt_gc_rl.tsv.gz
89,19833,GOY005.A0101.SG1.2.10M_cutadapt_gc_rl.tsv.gz
90,18874,GOY005.A0101.SG1.2.10M_cutadapt_gc_rl.tsv.gz
91,17980,GOY005.A0101.SG1.2.10M_cutadapt_gc_rl.tsv.gz
92,17102,GOY005.A0101.SG1.2.10M_cutadapt_gc_rl.tsv.gz
93,16458,GOY005.A0101.SG1.2.10M_cutadapt_gc_rl.tsv.gz
94,15814,GOY005.A0101.SG1.2.10M_cutadapt_gc_rl.tsv.gz
95,15089,GOY005.A0101.SG1.2.10M_cutadapt_gc_rl.tsv.gz
96,14727,GOY005.A0101.SG1.2.10M_cutadapt_gc_rl.tsv.gz
97,13904,GOY005.A0101.SG1.2.10M_cutadapt_gc_rl.tsv.gz
98,13180,GOY005.A0101.SG1.2.10M_cutadapt_gc_rl.tsv.gz
99,12787,GOY005.A0101.SG1.2.10M_cutadapt_gc_rl.tsv.gz
100,12287,GOY005.A0101.SG1.2.10M_cutadapt_gc_rl.tsv.gz
101,11798,GOY005.A0101.SG1.2.10M_cutadapt_gc_rl.tsv.gz
102,11323,GOY005.A0101.SG1.2.10M_cutadapt_gc_rl.tsv.gz
103,10926,GOY005.A0101.SG1.2.10M_cutadapt_gc_rl.tsv.gz
104,10377,GOY005.A0101.SG1.2.10M_cutadapt_gc_rl.tsv.gz
105,10109,GOY005.A0101.SG1.2.10M_cutadapt_gc_rl.tsv.gz
106,9682,GOY005.A0101.SG1.2.10M_cutadapt_gc_rl.tsv.gz
107,9288,GOY005.A0101.SG1.2.10M_cutadapt_gc_rl.tsv.gz
108,8925,GOY005.A0101.SG1.2.10M_cutadapt_gc_rl.tsv.gz
109,8663,GOY005.A0101.SG1.2.10M_cutadapt_gc_rl.tsv.gz
110,8323,GOY005.A0101.SG1.2.10M_cutadapt_gc_rl.tsv.gz
111,8068,GOY005.A0101.SG1.2.10M_cutadapt_gc_rl.tsv.gz
112,7707,GOY005.A0101.SG1.2.10M_cutadapt_gc_rl.tsv.gz
113,7345,GOY005.A0101.SG1.2.10M_cutadapt_gc_rl.tsv.gz
114,7225,GOY005.A0101.SG1.2.10M_cutadapt_gc_rl.tsv.gz
115,6934,GOY005.A0101.SG1.2.10M_cutadapt_gc_rl.tsv.gz
116,6639,GOY005.A0101.SG1.2.10M_cutadapt_gc_rl.tsv.gz
117,6368,GOY005.A0101.SG1.2.10M_cutadapt_gc_rl.tsv.gz
118,6014,GOY005.A0101.SG1.2.10M_cutadapt_gc_rl.tsv.gz
119,5850,GOY005.A0101.SG1.2.10M_cutadapt_gc_rl.tsv.gz
120,5795,GOY005.A0101.SG1.2.10M_cutadapt_gc_rl.tsv.gz
121,5622,GOY005.A0101.SG1.2.10M_cutadapt_gc_rl.tsv.gz
122,5364,GOY005.A0101.SG1.2.10M_cutadapt_gc_rl.tsv.gz
123,5257,GOY005.A0101.SG1.2.10M_cutadapt_gc_rl.tsv.gz
124,4901,GOY005.A0101.SG1.2.10M_cutadapt_gc_rl.tsv.gz
125,4871,GOY005.A0101.SG1.2.10M_cutadapt_gc_rl.tsv.gz
126,4620,GOY005.A0101.SG1.2.10M_cutadapt_gc_rl.tsv.gz
127,4477,GOY005.A0101.SG1.2.10M_cutadapt_gc_rl.tsv.gz
128,4403,GOY005.A0101.SG1.2.10M_cutadapt_gc_rl.tsv.gz
129,4223,GOY005.A0101.SG1.2.10M_cutadapt_gc_rl.tsv.gz
130,4165,GOY005.A0101.SG1.2.10M_cutadapt_gc_rl.tsv.gz
131,4022,GOY005.A0101.SG1.2.10M_cutadapt_gc_rl.tsv.gz
132,3814,GOY005.A0101.SG1.2.10M_cutadapt_gc_rl.tsv.gz
133,3706,GOY005.A0101.SG1.2.10M_cutadapt_gc_rl.tsv.gz
134,3596,GOY005.A0101.SG1.2.10M_cutadapt_gc_rl.tsv.gz
135,3547,GOY005.A0101.SG1.2.10M_cutadapt_gc_rl.tsv.gz
136,3532,GOY005.A0101.SG1.2.10M_cutadapt_gc_rl.tsv.gz
137,3415,GOY005.A0101.SG1.2.10M_cutadapt_gc_rl.tsv.gz
138,3215,GOY005.A0101.SG1.2.10M_cutadapt_gc_rl.tsv.gz
139,3151,GOY005.A0101.SG1.2.10M_cutadapt_gc_rl.tsv.gz
140,3305,GOY005.A0101.SG1.2.10M_cutadapt_gc_rl.tsv.gz
141,2877,GOY005.A0101.SG1.2.10M_cutadapt_gc_rl.tsv.gz
30,284062,GOY005.A0103.SG1.4.10M_cutadapt_gc_rl.tsv.gz
31,278087,GOY005.A0103.SG1.4.10M_cutadapt_gc_rl.tsv.gz
32,271618,GOY005.A0103.SG1.4.10M_cutadapt_gc_rl.tsv.gz
33,253979,GOY005.A0103.SG1.4.10M_cutadapt_gc_rl.tsv.gz
34,243228,GOY005.A0103.SG1.4.10M_cutadapt_gc_rl.tsv.gz
35,232602,GOY005.A0103.SG1.4.10M_cutadapt_gc_rl.tsv.gz
36,214014,GOY005.A0103.SG1.4.10M_cutadapt_gc_rl.tsv.gz
37,199970,GOY005.A0103.SG1.4.10M_cutadapt_gc_rl.tsv.gz
38,189046,GOY005.A0103.SG1.4.10M_cutadapt_gc_rl.tsv.gz
39,171581,GOY005.A0103.SG1.4.10M_cutadapt_gc_rl.tsv.gz
40,159947,GOY005.A0103.SG1.4.10M_cutadapt_gc_rl.tsv.gz
41,151302,GOY005.A0103.SG1.4.10M_cutadapt_gc_rl.tsv.gz
42,136979,GOY005.A0103.SG1.4.10M_cutadapt_gc_rl.tsv.gz
43,128470,GOY005.A0103.SG1.4.10M_cutadapt_gc_rl.tsv.gz
44,119809,GOY005.A0103.SG1.4.10M_cutadapt_gc_rl.tsv.gz
45,108895,GOY005.A0103.SG1.4.10M_cutadapt_gc_rl.tsv.gz
46,101504,GOY005.A0103.SG1.4.10M_cutadapt_gc_rl.tsv.gz
47,94773,GOY005.A0103.SG1.4.10M_cutadapt_gc_rl.tsv.gz
48,85182,GOY005.A0103.SG1.4.10M_cutadapt_gc_rl.tsv.gz
49,78683,GOY005.A0103.SG1.4.10M_cutadapt_gc_rl.tsv.gz
50,73116,GOY005.A0103.SG1.4.10M_cutadapt_gc_rl.tsv.gz
51,65599,GOY005.A0103.SG1.4.10M_cutadapt_gc_rl.tsv.gz
52,61644,GOY005.A0103.SG1.4.10M_cutadapt_gc_rl.tsv.gz
53,57081,GOY005.A0103.SG1.4.10M_cutadapt_gc_rl.tsv.gz
54,51549,GOY005.A0103.SG1.4.10M_cutadapt_gc_rl.tsv.gz
55,47892,GOY005.A0103.SG1.4.10M_cutadapt_gc_rl.tsv.gz
56,44479,GOY005.A0103.SG1.4.10M_cutadapt_gc_rl.tsv.gz
57,40359,GOY005.A0103.SG1.4.10M_cutadapt_gc_rl.tsv.gz
58,37126,GOY005.A0103.SG1.4.10M_cutadapt_gc_rl.tsv.gz
59,34382,GOY005.A0103.SG1.4.10M_cutadapt_gc_rl.tsv.gz
60,31133,GOY005.A0103.SG1.4.10M_cutadapt_gc_rl.tsv.gz
61,28580,GOY005.A0103.SG1.4.10M_cutadapt_gc_rl.tsv.gz
62,26636,GOY005.A0103.SG1.4.10M_cutadapt_gc_rl.tsv.gz
63,24029,GOY005.A0103.SG1.4.10M_cutadapt_gc_rl.tsv.gz
64,22539,GOY005.A0103.SG1.4.10M_cutadapt_gc_rl.tsv.gz
65,20972,GOY005.A0103.SG1.4.10M_cutadapt_gc_rl.tsv.gz
66,19257,GOY005.A0103.SG1.4.10M_cutadapt_gc_rl.tsv.gz
67,17993,GOY005.A0103.SG1.4.10M_cutadapt_gc_rl.tsv.gz
68,16969,GOY005.A0103.SG1.4.10M_cutadapt_gc_rl.tsv.gz
69,15741,GOY005.A0103.SG1.4.10M_cutadapt_gc_rl.tsv.gz
70,15225,GOY005.A0103.SG1.4.10M_cutadapt_gc_rl.tsv.gz
71,15996,GOY005.A0103.SG1.4.10M_cutadapt_gc_rl.tsv.gz
72,16478,GOY005.A0103.SG1.4.10M_cutadapt_gc_rl.tsv.gz
73,18702,GOY005.A0103.SG1.4.10M_cutadapt_gc_rl.tsv.gz
74,18093,GOY005.A0103.SG1.4.10M_cutadapt_gc_rl.tsv.gz
75,23463,GOY005.A0103.SG1.4.10M_cutadapt_gc_rl.tsv.gz
76,39696,GOY005.A0103.SG1.4.10M_cutadapt_gc_rl.tsv.gz
77,7815,GOY005.A0103.SG1.4.10M_cutadapt_gc_rl.tsv.gz
78,7033,GOY005.A0103.SG1.4.10M_cutadapt_gc_rl.tsv.gz
79,6693,GOY005.A0103.SG1.4.10M_cutadapt_gc_rl.tsv.gz
80,6106,GOY005.A0103.SG1.4.10M_cutadapt_gc_rl.tsv.gz
81,5540,GOY005.A0103.SG1.4.10M_cutadapt_gc_rl.tsv.gz
82,5272,GOY005.A0103.SG1.4.10M_cutadapt_gc_rl.tsv.gz
83,5011,GOY005.A0103.SG1.4.10M_cutadapt_gc_rl.tsv.gz
84,4431,GOY005.A0103.SG1.4.10M_cutadapt_gc_rl.tsv.gz
85,4122,GOY005.A0103.SG1.4.10M_cutadapt_gc_rl.tsv.gz
86,4010,GOY005.A0103.SG1.4.10M_cutadapt_gc_rl.tsv.gz
87,3632,GOY005.A0103.SG1.4.10M_cutadapt_gc_rl.tsv.gz
88,3396,GOY005.A0103.SG1.4.10M_cutadapt_gc_rl.tsv.gz
89,3101,GOY005.A0103.SG1.4.10M_cutadapt_gc_rl.tsv.gz
90,2902,GOY005.A0103.SG1.4.10M_cutadapt_gc_rl.tsv.gz
91,2744,GOY005.A0103.SG1.4.10M_cutadapt_gc_rl.tsv.gz
92,2590,GOY005.A0103.SG1.4.10M_cutadapt_gc_rl.tsv.gz
93,2380,GOY005.A0103.SG1.4.10M_cutadapt_gc_rl.tsv.gz
94,2225,GOY005.A0103.SG1.4.10M_cutadapt_gc_rl.tsv.gz
95,2178,GOY005.A0103.SG1.4.10M_cutadapt_gc_rl.tsv.gz
96,1965,GOY005.A0103.SG1.4.10M_cutadapt_gc_rl.tsv.gz
97,1852,GOY005.A0103.SG1.4.10M_cutadapt_gc_rl.tsv.gz
98,1734,GOY005.A0103.SG1.4.10M_cutadapt_gc_rl.tsv.gz
99,1621,GOY005.A0103.SG1.4.10M_cutadapt_gc_rl.tsv.gz
100,1522,GOY005.A0103.SG1.4.10M_cutadapt_gc_rl.tsv.gz
101,1424,GOY005.A0103.SG1.4.10M_cutadapt_gc_rl.tsv.gz
102,1357,GOY005.A0103.SG1.4.10M_cutadapt_gc_rl.tsv.gz
103,1277,GOY005.A0103.SG1.4.10M_cutadapt_gc_rl.tsv.gz
104,1160,GOY005.A0103.SG1.4.10M_cutadapt_gc_rl.tsv.gz
105,1151,GOY005.A0103.SG1.4.10M_cutadapt_gc_rl.tsv.gz
106,1096,GOY005.A0103.SG1.4.10M_cutadapt_gc_rl.tsv.gz
107,1001,GOY005.A0103.SG1.4.10M_cutadapt_gc_rl.tsv.gz
108,1029,GOY005.A0103.SG1.4.10M_cutadapt_gc_rl.tsv.gz
109,859,GOY005.A0103.SG1.4.10M_cutadapt_gc_rl.tsv.gz
110,927,GOY005.A0103.SG1.4.10M_cutadapt_gc_rl.tsv.gz
111,815,GOY005.A0103.SG1.4.10M_cutadapt_gc_rl.tsv.gz
112,706,GOY005.A0103.SG1.4.10M_cutadapt_gc_rl.tsv.gz
113,706,GOY005.A0103.SG1.4.10M_cutadapt_gc_rl.tsv.gz
114,685,GOY005.A0103.SG1.4.10M_cutadapt_gc_rl.tsv.gz
115,613,GOY005.A0103.SG1.4.10M_cutadapt_gc_rl.tsv.gz
116,629,GOY005.A0103.SG1.4.10M_cutadapt_gc_rl.tsv.gz
117,530,GOY005.A0103.SG1.4.10M_cutadapt_gc_rl.tsv.gz
118,548,GOY005.A0103.SG1.4.10M_cutadapt_gc_rl.tsv.gz
119,532,GOY005.A0103.SG1.4.10M_cutadapt_gc_rl.tsv.gz
120,531,GOY005.A0103.SG1.4.10M_cutadapt_gc_rl.tsv.gz
121,467,GOY005.A0103.SG1.4.10M_cutadapt_gc_rl.tsv.gz
122,467,GOY005.A0103.SG1.4.10M_cutadapt_gc_rl.tsv.gz
123,418,GOY005.A0103.SG1.4.10M_cutadapt_gc_rl.tsv.gz
124,465,GOY005.A0103.SG1.4.10M_cutadapt_gc_rl.tsv.gz
125,394,GOY005.A0103.SG1.4.10M_cutadapt_gc_rl.tsv.gz
126,381,GOY005.A0103.SG1.4.10M_cutadapt_gc_rl.tsv.gz
127,381,GOY005.A0103.SG1.4.10M_cutadapt_gc_rl.tsv.gz
128,316,GOY005.A0103.SG1.4.10M_cutadapt_gc_rl.tsv.gz
129,314,GOY005.A0103.SG1.4.10M_cutadapt_gc_rl.tsv.gz
130,341,GOY005.A0103.SG1.4.10M_cutadapt_gc_rl.tsv.gz
131,283,GOY005.A0103.SG1.4.10M_cutadapt_gc_rl.tsv.gz
132,291,GOY005.A0103.SG1.4.10M_cutadapt_gc_rl.tsv.gz
133,294,GOY005.A0103.SG1.4.10M_cutadapt_gc_rl.tsv.gz
134,298,GOY005.A0103.SG1.4.10M_cutadapt_gc_rl.tsv.gz
135,281,GOY005.A0103.SG1.4.10M_cutadapt_gc_rl.tsv.gz
136,288,GOY005.A0103.SG1.4.10M_cutadapt_gc_rl.tsv.gz
137,246,GOY005.A0103.SG1.4.10M_cutadapt_gc_rl.tsv.gz
138,249,GOY005.A0103.SG1.4.10M_cutadapt_gc_rl.tsv.gz
139,205,GOY005.A0103.SG1.4.10M_cutadapt_gc_rl.tsv.gz
140,241,GOY005.A0103.SG1.4.10M_cutadapt_gc_rl.tsv.gz
141,163,GOY005.A0103.SG1.4.10M_cutadapt_gc_rl.tsv.gz
30,156401,GOY006.A0101.SG1.2.10M_cutadapt_gc_rl.tsv.gz
31,170132,GOY006.A0101.SG1.2.10M_cutadapt_gc_rl.tsv.gz
32,177289,GOY006.A0101.SG1.2.10M_cutadapt_gc_rl.tsv.gz
33,186752,GOY006.A0101.SG1.2.10M_cutadapt_gc_rl.tsv.gz
34,192529,GOY006.A0101.SG1.2.10M_cutadapt_gc_rl.tsv.gz
35,190562,GOY006.A0101.SG1.2.10M_cutadapt_gc_rl.tsv.gz
36,192026,GOY006.A0101.SG1.2.10M_cutadapt_gc_rl.tsv.gz
37,191311,GOY006.A0101.SG1.2.10M_cutadapt_gc_rl.tsv.gz
38,185844,GOY006.A0101.SG1.2.10M_cutadapt_gc_rl.tsv.gz
39,183378,GOY006.A0101.SG1.2.10M_cutadapt_gc_rl.tsv.gz
40,180599,GOY006.A0101.SG1.2.10M_cutadapt_gc_rl.tsv.gz
41,173447,GOY006.A0101.SG1.2.10M_cutadapt_gc_rl.tsv.gz
42,171222,GOY006.A0101.SG1.2.10M_cutadapt_gc_rl.tsv.gz
43,167192,GOY006.A0101.SG1.2.10M_cutadapt_gc_rl.tsv.gz
44,159450,GOY006.A0101.SG1.2.10M_cutadapt_gc_rl.tsv.gz
45,156780,GOY006.A0101.SG1.2.10M_cutadapt_gc_rl.tsv.gz
46,152797,GOY006.A0101.SG1.2.10M_cutadapt_gc_rl.tsv.gz
47,145605,GOY006.A0101.SG1.2.10M_cutadapt_gc_rl.tsv.gz
48,141823,GOY006.A0101.SG1.2.10M_cutadapt_gc_rl.tsv.gz
49,136361,GOY006.A0101.SG1.2.10M_cutadapt_gc_rl.tsv.gz
50,129408,GOY006.A0101.SG1.2.10M_cutadapt_gc_rl.tsv.gz
51,125411,GOY006.A0101.SG1.2.10M_cutadapt_gc_rl.tsv.gz
52,121696,GOY006.A0101.SG1.2.10M_cutadapt_gc_rl.tsv.gz
53,114795,GOY006.A0101.SG1.2.10M_cutadapt_gc_rl.tsv.gz
54,111108,GOY006.A0101.SG1.2.10M_cutadapt_gc_rl.tsv.gz
55,107577,GOY006.A0101.SG1.2.10M_cutadapt_gc_rl.tsv.gz
56,101054,GOY006.A0101.SG1.2.10M_cutadapt_gc_rl.tsv.gz
57,98135,GOY006.A0101.SG1.2.10M_cutadapt_gc_rl.tsv.gz
58,94964,GOY006.A0101.SG1.2.10M_cutadapt_gc_rl.tsv.gz
59,89123,GOY006.A0101.SG1.2.10M_cutadapt_gc_rl.tsv.gz
60,86112,GOY006.A0101.SG1.2.10M_cutadapt_gc_rl.tsv.gz
61,82872,GOY006.A0101.SG1.2.10M_cutadapt_gc_rl.tsv.gz
62,78202,GOY006.A0101.SG1.2.10M_cutadapt_gc_rl.tsv.gz
63,75739,GOY006.A0101.SG1.2.10M_cutadapt_gc_rl.tsv.gz
64,72947,GOY006.A0101.SG1.2.10M_cutadapt_gc_rl.tsv.gz
65,69005,GOY006.A0101.SG1.2.10M_cutadapt_gc_rl.tsv.gz
66,67020,GOY006.A0101.SG1.2.10M_cutadapt_gc_rl.tsv.gz
67,64839,GOY006.A0101.SG1.2.10M_cutadapt_gc_rl.tsv.gz
68,61020,GOY006.A0101.SG1.2.10M_cutadapt_gc_rl.tsv.gz
69,60722,GOY006.A0101.SG1.2.10M_cutadapt_gc_rl.tsv.gz
70,60330,GOY006.A0101.SG1.2.10M_cutadapt_gc_rl.tsv.gz
71,60029,GOY006.A0101.SG1.2.10M_cutadapt_gc_rl.tsv.gz
72,64170,GOY006.A0101.SG1.2.10M_cutadapt_gc_rl.tsv.gz
73,70565,GOY006.A0101.SG1.2.10M_cutadapt_gc_rl.tsv.gz
74,70846,GOY006.A0101.SG1.2.10M_cutadapt_gc_rl.tsv.gz
75,101615,GOY006.A0101.SG1.2.10M_cutadapt_gc_rl.tsv.gz
76,200348,GOY006.A0101.SG1.2.10M_cutadapt_gc_rl.tsv.gz
77,39618,GOY006.A0101.SG1.2.10M_cutadapt_gc_rl.tsv.gz
78,38659,GOY006.A0101.SG1.2.10M_cutadapt_gc_rl.tsv.gz
79,36922,GOY006.A0101.SG1.2.10M_cutadapt_gc_rl.tsv.gz
80,34353,GOY006.A0101.SG1.2.10M_cutadapt_gc_rl.tsv.gz
81,33456,GOY006.A0101.SG1.2.10M_cutadapt_gc_rl.tsv.gz
82,31948,GOY006.A0101.SG1.2.10M_cutadapt_gc_rl.tsv.gz
83,30487,GOY006.A0101.SG1.2.10M_cutadapt_gc_rl.tsv.gz
84,29018,GOY006.A0101.SG1.2.10M_cutadapt_gc_rl.tsv.gz
85,27999,GOY006.A0101.SG1.2.10M_cutadapt_gc_rl.tsv.gz
86,26363,GOY006.A0101.SG1.2.10M_cutadapt_gc_rl.tsv.gz
87,25551,GOY006.A0101.SG1.2.10M_cutadapt_gc_rl.tsv.gz
88,24701,GOY006.A0101.SG1.2.10M_cutadapt_gc_rl.tsv.gz
89,23247,GOY006.A0101.SG1.2.10M_cutadapt_gc_rl.tsv.gz
90,22449,GOY006.A0101.SG1.2.10M_cutadapt_gc_rl.tsv.gz
91,21418,GOY006.A0101.SG1.2.10M_cutadapt_gc_rl.tsv.gz
92,20219,GOY006.A0101.SG1.2.10M_cutadapt_gc_rl.tsv.gz
93,19487,GOY006.A0101.SG1.2.10M_cutadapt_gc_rl.tsv.gz
94,18966,GOY006.A0101.SG1.2.10M_cutadapt_gc_rl.tsv.gz
95,17780,GOY006.A0101.SG1.2.10M_cutadapt_gc_rl.tsv.gz
96,17180,GOY006.A0101.SG1.2.10M_cutadapt_gc_rl.tsv.gz
97,16449,GOY006.A0101.SG1.2.10M_cutadapt_gc_rl.tsv.gz
98,15742,GOY006.A0101.SG1.2.10M_cutadapt_gc_rl.tsv.gz
99,15307,GOY006.A0101.SG1.2.10M_cutadapt_gc_rl.tsv.gz
100,14596,GOY006.A0101.SG1.2.10M_cutadapt_gc_rl.tsv.gz
101,13714,GOY006.A0101.SG1.2.10M_cutadapt_gc_rl.tsv.gz
102,13389,GOY006.A0101.SG1.2.10M_cutadapt_gc_rl.tsv.gz
103,12909,GOY006.A0101.SG1.2.10M_cutadapt_gc_rl.tsv.gz
104,12139,GOY006.A0101.SG1.2.10M_cutadapt_gc_rl.tsv.gz
105,11813,GOY006.A0101.SG1.2.10M_cutadapt_gc_rl.tsv.gz
106,11262,GOY006.A0101.SG1.2.10M_cutadapt_gc_rl.tsv.gz
107,10664,GOY006.A0101.SG1.2.10M_cutadapt_gc_rl.tsv.gz
108,10548,GOY006.A0101.SG1.2.10M_cutadapt_gc_rl.tsv.gz
109,10144,GOY006.A0101.SG1.2.10M_cutadapt_gc_rl.tsv.gz
110,9542,GOY006.A0101.SG1.2.10M_cutadapt_gc_rl.tsv.gz
111,9393,GOY006.A0101.SG1.2.10M_cutadapt_gc_rl.tsv.gz
112,8912,GOY006.A0101.SG1.2.10M_cutadapt_gc_rl.tsv.gz
113,8505,GOY006.A0101.SG1.2.10M_cutadapt_gc_rl.tsv.gz
114,8204,GOY006.A0101.SG1.2.10M_cutadapt_gc_rl.tsv.gz
115,7736,GOY006.A0101.SG1.2.10M_cutadapt_gc_rl.tsv.gz
116,7371,GOY006.A0101.SG1.2.10M_cutadapt_gc_rl.tsv.gz
117,7357,GOY006.A0101.SG1.2.10M_cutadapt_gc_rl.tsv.gz
118,7287,GOY006.A0101.SG1.2.10M_cutadapt_gc_rl.tsv.gz
119,6916,GOY006.A0101.SG1.2.10M_cutadapt_gc_rl.tsv.gz
120,6727,GOY006.A0101.SG1.2.10M_cutadapt_gc_rl.tsv.gz
121,6633,GOY006.A0101.SG1.2.10M_cutadapt_gc_rl.tsv.gz
122,6141,GOY006.A0101.SG1.2.10M_cutadapt_gc_rl.tsv.gz
123,6093,GOY006.A0101.SG1.2.10M_cutadapt_gc_rl.tsv.gz
124,5807,GOY006.A0101.SG1.2.10M_cutadapt_gc_rl.tsv.gz
125,5422,GOY006.A0101.SG1.2.10M_cutadapt_gc_rl.tsv.gz
126,5239,GOY006.A0101.SG1.2.10M_cutadapt_gc_rl.tsv.gz
127,5214,GOY006.A0101.SG1.2.10M_cutadapt_gc_rl.tsv.gz
128,4985,GOY006.A0101.SG1.2.10M_cutadapt_gc_rl.tsv.gz
129,4902,GOY006.A0101.SG1.2.10M_cutadapt_gc_rl.tsv.gz
130,4784,GOY006.A0101.SG1.2.10M_cutadapt_gc_rl.tsv.gz
131,4650,GOY006.A0101.SG1.2.10M_cutadapt_gc_rl.tsv.gz
132,4609,GOY006.A0101.SG1.2.10M_cutadapt_gc_rl.tsv.gz
133,4402,GOY006.A0101.SG1.2.10M_cutadapt_gc_rl.tsv.gz
134,4665,GOY006.A0101.SG1.2.10M_cutadapt_gc_rl.tsv.gz
135,4281,GOY006.A0101.SG1.2.10M_cutadapt_gc_rl.tsv.gz
136,4564,GOY006.A0101.SG1.2.10M_cutadapt_gc_rl.tsv.gz
137,5050,GOY006.A0101.SG1.2.10M_cutadapt_gc_rl.tsv.gz
138,4319,GOY006.A0101.SG1.2.10M_cutadapt_gc_rl.tsv.gz
139,4870,GOY006.A0101.SG1.2.10M_cutadapt_gc_rl.tsv.gz
140,6390,GOY006.A0101.SG1.2.10M_cutadapt_gc_rl.tsv.gz
141,4298,GOY006.A0101.SG1.2.10M_cutadapt_gc_rl.tsv.gz
30,243825,GOY006.A0102.SG1.5.10M_cutadapt_gc_rl.tsv.gz
31,243989,GOY006.A0102.SG1.5.10M_cutadapt_gc_rl.tsv.gz
32,242069,GOY006.A0102.SG1.5.10M_cutadapt_gc_rl.tsv.gz
33,228473,GOY006.A0102.SG1.5.10M_cutadapt_gc_rl.tsv.gz
34,223804,GOY006.A0102.SG1.5.10M_cutadapt_gc_rl.tsv.gz
35,218505,GOY006.A0102.SG1.5.10M_cutadapt_gc_rl.tsv.gz
36,203028,GOY006.A0102.SG1.5.10M_cutadapt_gc_rl.tsv.gz
37,193804,GOY006.A0102.SG1.5.10M_cutadapt_gc_rl.tsv.gz
38,185464,GOY006.A0102.SG1.5.10M_cutadapt_gc_rl.tsv.gz
39,170262,GOY006.A0102.SG1.5.10M_cutadapt_gc_rl.tsv.gz
40,162213,GOY006.A0102.SG1.5.10M_cutadapt_gc_rl.tsv.gz
41,155132,GOY006.A0102.SG1.5.10M_cutadapt_gc_rl.tsv.gz
42,142217,GOY006.A0102.SG1.5.10M_cutadapt_gc_rl.tsv.gz
43,134805,GOY006.A0102.SG1.5.10M_cutadapt_gc_rl.tsv.gz
44,128873,GOY006.A0102.SG1.5.10M_cutadapt_gc_rl.tsv.gz
45,119266,GOY006.A0102.SG1.5.10M_cutadapt_gc_rl.tsv.gz
46,111793,GOY006.A0102.SG1.5.10M_cutadapt_gc_rl.tsv.gz
47,106364,GOY006.A0102.SG1.5.10M_cutadapt_gc_rl.tsv.gz
48,96818,GOY006.A0102.SG1.5.10M_cutadapt_gc_rl.tsv.gz
49,91610,GOY006.A0102.SG1.5.10M_cutadapt_gc_rl.tsv.gz
50,86125,GOY006.A0102.SG1.5.10M_cutadapt_gc_rl.tsv.gz
51,78492,GOY006.A0102.SG1.5.10M_cutadapt_gc_rl.tsv.gz
52,73688,GOY006.A0102.SG1.5.10M_cutadapt_gc_rl.tsv.gz
53,69676,GOY006.A0102.SG1.5.10M_cutadapt_gc_rl.tsv.gz
54,63723,GOY006.A0102.SG1.5.10M_cutadapt_gc_rl.tsv.gz
55,60218,GOY006.A0102.SG1.5.10M_cutadapt_gc_rl.tsv.gz
56,57387,GOY006.A0102.SG1.5.10M_cutadapt_gc_rl.tsv.gz
57,52318,GOY006.A0102.SG1.5.10M_cutadapt_gc_rl.tsv.gz
58,49375,GOY006.A0102.SG1.5.10M_cutadapt_gc_rl.tsv.gz
59,46624,GOY006.A0102.SG1.5.10M_cutadapt_gc_rl.tsv.gz
60,42532,GOY006.A0102.SG1.5.10M_cutadapt_gc_rl.tsv.gz
61,40029,GOY006.A0102.SG1.5.10M_cutadapt_gc_rl.tsv.gz
62,37850,GOY006.A0102.SG1.5.10M_cutadapt_gc_rl.tsv.gz
63,34785,GOY006.A0102.SG1.5.10M_cutadapt_gc_rl.tsv.gz
64,32722,GOY006.A0102.SG1.5.10M_cutadapt_gc_rl.tsv.gz
65,31751,GOY006.A0102.SG1.5.10M_cutadapt_gc_rl.tsv.gz
66,28917,GOY006.A0102.SG1.5.10M_cutadapt_gc_rl.tsv.gz
67,27519,GOY006.A0102.SG1.5.10M_cutadapt_gc_rl.tsv.gz
68,26464,GOY006.A0102.SG1.5.10M_cutadapt_gc_rl.tsv.gz
69,24462,GOY006.A0102.SG1.5.10M_cutadapt_gc_rl.tsv.gz
70,23861,GOY006.A0102.SG1.5.10M_cutadapt_gc_rl.tsv.gz
71,23510,GOY006.A0102.SG1.5.10M_cutadapt_gc_rl.tsv.gz
72,24155,GOY006.A0102.SG1.5.10M_cutadapt_gc_rl.tsv.gz
73,28379,GOY006.A0102.SG1.5.10M_cutadapt_gc_rl.tsv.gz
74,22688,GOY006.A0102.SG1.5.10M_cutadapt_gc_rl.tsv.gz
75,26659,GOY006.A0102.SG1.5.10M_cutadapt_gc_rl.tsv.gz
76,69171,GOY006.A0102.SG1.5.10M_cutadapt_gc_rl.tsv.gz
77,15002,GOY006.A0102.SG1.5.10M_cutadapt_gc_rl.tsv.gz
78,14029,GOY006.A0102.SG1.5.10M_cutadapt_gc_rl.tsv.gz
79,13333,GOY006.A0102.SG1.5.10M_cutadapt_gc_rl.tsv.gz
80,12863,GOY006.A0102.SG1.5.10M_cutadapt_gc_rl.tsv.gz
81,11886,GOY006.A0102.SG1.5.10M_cutadapt_gc_rl.tsv.gz
82,11454,GOY006.A0102.SG1.5.10M_cutadapt_gc_rl.tsv.gz
83,10789,GOY006.A0102.SG1.5.10M_cutadapt_gc_rl.tsv.gz
84,10065,GOY006.A0102.SG1.5.10M_cutadapt_gc_rl.tsv.gz
85,9689,GOY006.A0102.SG1.5.10M_cutadapt_gc_rl.tsv.gz
86,9082,GOY006.A0102.SG1.5.10M_cutadapt_gc_rl.tsv.gz
87,8697,GOY006.A0102.SG1.5.10M_cutadapt_gc_rl.tsv.gz
88,8316,GOY006.A0102.SG1.5.10M_cutadapt_gc_rl.tsv.gz
89,7891,GOY006.A0102.SG1.5.10M_cutadapt_gc_rl.tsv.gz
90,7383,GOY006.A0102.SG1.5.10M_cutadapt_gc_rl.tsv.gz
91,7009,GOY006.A0102.SG1.5.10M_cutadapt_gc_rl.tsv.gz
92,6912,GOY006.A0102.SG1.5.10M_cutadapt_gc_rl.tsv.gz
93,6409,GOY006.A0102.SG1.5.10M_cutadapt_gc_rl.tsv.gz
94,6106,GOY006.A0102.SG1.5.10M_cutadapt_gc_rl.tsv.gz
95,5943,GOY006.A0102.SG1.5.10M_cutadapt_gc_rl.tsv.gz
96,5665,GOY006.A0102.SG1.5.10M_cutadapt_gc_rl.tsv.gz
97,5412,GOY006.A0102.SG1.5.10M_cutadapt_gc_rl.tsv.gz
98,5122,GOY006.A0102.SG1.5.10M_cutadapt_gc_rl.tsv.gz
99,4976,GOY006.A0102.SG1.5.10M_cutadapt_gc_rl.tsv.gz
100,4638,GOY006.A0102.SG1.5.10M_cutadapt_gc_rl.tsv.gz
101,4495,GOY006.A0102.SG1.5.10M_cutadapt_gc_rl.tsv.gz
102,4352,GOY006.A0102.SG1.5.10M_cutadapt_gc_rl.tsv.gz
103,4145,GOY006.A0102.SG1.5.10M_cutadapt_gc_rl.tsv.gz
104,3976,GOY006.A0102.SG1.5.10M_cutadapt_gc_rl.tsv.gz
105,3724,GOY006.A0102.SG1.5.10M_cutadapt_gc_rl.tsv.gz
106,3640,GOY006.A0102.SG1.5.10M_cutadapt_gc_rl.tsv.gz
107,3510,GOY006.A0102.SG1.5.10M_cutadapt_gc_rl.tsv.gz
108,3315,GOY006.A0102.SG1.5.10M_cutadapt_gc_rl.tsv.gz
109,3161,GOY006.A0102.SG1.5.10M_cutadapt_gc_rl.tsv.gz
110,3078,GOY006.A0102.SG1.5.10M_cutadapt_gc_rl.tsv.gz
111,2976,GOY006.A0102.SG1.5.10M_cutadapt_gc_rl.tsv.gz
112,2823,GOY006.A0102.SG1.5.10M_cutadapt_gc_rl.tsv.gz
113,2624,GOY006.A0102.SG1.5.10M_cutadapt_gc_rl.tsv.gz
114,2689,GOY006.A0102.SG1.5.10M_cutadapt_gc_rl.tsv.gz
115,2596,GOY006.A0102.SG1.5.10M_cutadapt_gc_rl.tsv.gz
116,2413,GOY006.A0102.SG1.5.10M_cutadapt_gc_rl.tsv.gz
117,2377,GOY006.A0102.SG1.5.10M_cutadapt_gc_rl.tsv.gz
118,2305,GOY006.A0102.SG1.5.10M_cutadapt_gc_rl.tsv.gz
119,2244,GOY006.A0102.SG1.5.10M_cutadapt_gc_rl.tsv.gz
120,2116,GOY006.A0102.SG1.5.10M_cutadapt_gc_rl.tsv.gz
121,2035,GOY006.A0102.SG1.5.10M_cutadapt_gc_rl.tsv.gz
122,1885,GOY006.A0102.SG1.5.10M_cutadapt_gc_rl.tsv.gz
123,1865,GOY006.A0102.SG1.5.10M_cutadapt_gc_rl.tsv.gz
124,1771,GOY006.A0102.SG1.5.10M_cutadapt_gc_rl.tsv.gz
125,1785,GOY006.A0102.SG1.5.10M_cutadapt_gc_rl.tsv.gz
126,1671,GOY006.A0102.SG1.5.10M_cutadapt_gc_rl.tsv.gz
127,1635,GOY006.A0102.SG1.5.10M_cutadapt_gc_rl.tsv.gz
128,1506,GOY006.A0102.SG1.5.10M_cutadapt_gc_rl.tsv.gz
129,1550,GOY006.A0102.SG1.5.10M_cutadapt_gc_rl.tsv.gz
130,1445,GOY006.A0102.SG1.5.10M_cutadapt_gc_rl.tsv.gz
131,1479,GOY006.A0102.SG1.5.10M_cutadapt_gc_rl.tsv.gz
132,1353,GOY006.A0102.SG1.5.10M_cutadapt_gc_rl.tsv.gz
133,1347,GOY006.A0102.SG1.5.10M_cutadapt_gc_rl.tsv.gz
134,1402,GOY006.A0102.SG1.5.10M_cutadapt_gc_rl.tsv.gz
135,1285,GOY006.A0102.SG1.5.10M_cutadapt_gc_rl.tsv.gz
136,1384,GOY006.A0102.SG1.5.10M_cutadapt_gc_rl.tsv.gz
137,1443,GOY006.A0102.SG1.5.10M_cutadapt_gc_rl.tsv.gz
138,1244,GOY006.A0102.SG1.5.10M_cutadapt_gc_rl.tsv.gz
139,1247,GOY006.A0102.SG1.5.10M_cutadapt_gc_rl.tsv.gz
140,1510,GOY006.A0102.SG1.5.10M_cutadapt_gc_rl.tsv.gz
141,1125,GOY006.A0102.SG1.5.10M_cutadapt_gc_rl.tsv.gz
30,64200,GUE001.A0101.SG1.1.10M_cutadapt_gc_rl.tsv.gz
31,70334,GUE001.A0101.SG1.1.10M_cutadapt_gc_rl.tsv.gz
32,76796,GUE001.A0101.SG1.1.10M_cutadapt_gc_rl.tsv.gz
33,80832,GUE001.A0101.SG1.1.10M_cutadapt_gc_rl.tsv.gz
34,86007,GUE001.A0101.SG1.1.10M_cutadapt_gc_rl.tsv.gz
35,92515,GUE001.A0101.SG1.1.10M_cutadapt_gc_rl.tsv.gz
36,97393,GUE001.A0101.SG1.1.10M_cutadapt_gc_rl.tsv.gz
37,100774,GUE001.A0101.SG1.1.10M_cutadapt_gc_rl.tsv.gz
38,102597,GUE001.A0101.SG1.1.10M_cutadapt_gc_rl.tsv.gz
39,106799,GUE001.A0101.SG1.1.10M_cutadapt_gc_rl.tsv.gz
40,109961,GUE001.A0101.SG1.1.10M_cutadapt_gc_rl.tsv.gz
41,111044,GUE001.A0101.SG1.1.10M_cutadapt_gc_rl.tsv.gz
42,113608,GUE001.A0101.SG1.1.10M_cutadapt_gc_rl.tsv.gz
43,115112,GUE001.A0101.SG1.1.10M_cutadapt_gc_rl.tsv.gz
44,115694,GUE001.A0101.SG1.1.10M_cutadapt_gc_rl.tsv.gz
45,117300,GUE001.A0101.SG1.1.10M_cutadapt_gc_rl.tsv.gz
46,116310,GUE001.A0101.SG1.1.10M_cutadapt_gc_rl.tsv.gz
47,116535,GUE001.A0101.SG1.1.10M_cutadapt_gc_rl.tsv.gz
48,117098,GUE001.A0101.SG1.1.10M_cutadapt_gc_rl.tsv.gz
49,114101,GUE001.A0101.SG1.1.10M_cutadapt_gc_rl.tsv.gz
50,113796,GUE001.A0101.SG1.1.10M_cutadapt_gc_rl.tsv.gz
51,113721,GUE001.A0101.SG1.1.10M_cutadapt_gc_rl.tsv.gz
52,111890,GUE001.A0101.SG1.1.10M_cutadapt_gc_rl.tsv.gz
53,111485,GUE001.A0101.SG1.1.10M_cutadapt_gc_rl.tsv.gz
54,110525,GUE001.A0101.SG1.1.10M_cutadapt_gc_rl.tsv.gz
55,110389,GUE001.A0101.SG1.1.10M_cutadapt_gc_rl.tsv.gz
56,108044,GUE001.A0101.SG1.1.10M_cutadapt_gc_rl.tsv.gz
57,105920,GUE001.A0101.SG1.1.10M_cutadapt_gc_rl.tsv.gz
58,104922,GUE001.A0101.SG1.1.10M_cutadapt_gc_rl.tsv.gz
59,102547,GUE001.A0101.SG1.1.10M_cutadapt_gc_rl.tsv.gz
60,102351,GUE001.A0101.SG1.1.10M_cutadapt_gc_rl.tsv.gz
61,101394,GUE001.A0101.SG1.1.10M_cutadapt_gc_rl.tsv.gz
62,98602,GUE001.A0101.SG1.1.10M_cutadapt_gc_rl.tsv.gz
63,98319,GUE001.A0101.SG1.1.10M_cutadapt_gc_rl.tsv.gz
64,97755,GUE001.A0101.SG1.1.10M_cutadapt_gc_rl.tsv.gz
65,95341,GUE001.A0101.SG1.1.10M_cutadapt_gc_rl.tsv.gz
66,95472,GUE001.A0101.SG1.1.10M_cutadapt_gc_rl.tsv.gz
67,92903,GUE001.A0101.SG1.1.10M_cutadapt_gc_rl.tsv.gz
68,92185,GUE001.A0101.SG1.1.10M_cutadapt_gc_rl.tsv.gz
69,93824,GUE001.A0101.SG1.1.10M_cutadapt_gc_rl.tsv.gz
70,97489,GUE001.A0101.SG1.1.10M_cutadapt_gc_rl.tsv.gz
71,103548,GUE001.A0101.SG1.1.10M_cutadapt_gc_rl.tsv.gz
72,126413,GUE001.A0101.SG1.1.10M_cutadapt_gc_rl.tsv.gz
73,159964,GUE001.A0101.SG1.1.10M_cutadapt_gc_rl.tsv.gz
74,186848,GUE001.A0101.SG1.1.10M_cutadapt_gc_rl.tsv.gz
75,521161,GUE001.A0101.SG1.1.10M_cutadapt_gc_rl.tsv.gz
76,1222150,GUE001.A0101.SG1.1.10M_cutadapt_gc_rl.tsv.gz
77,75008,GUE001.A0101.SG1.1.10M_cutadapt_gc_rl.tsv.gz
78,74792,GUE001.A0101.SG1.1.10M_cutadapt_gc_rl.tsv.gz
79,73071,GUE001.A0101.SG1.1.10M_cutadapt_gc_rl.tsv.gz
80,71000,GUE001.A0101.SG1.1.10M_cutadapt_gc_rl.tsv.gz
81,70596,GUE001.A0101.SG1.1.10M_cutadapt_gc_rl.tsv.gz
82,68825,GUE001.A0101.SG1.1.10M_cutadapt_gc_rl.tsv.gz
83,67071,GUE001.A0101.SG1.1.10M_cutadapt_gc_rl.tsv.gz
84,65992,GUE001.A0101.SG1.1.10M_cutadapt_gc_rl.tsv.gz
85,66111,GUE001.A0101.SG1.1.10M_cutadapt_gc_rl.tsv.gz
86,63593,GUE001.A0101.SG1.1.10M_cutadapt_gc_rl.tsv.gz
87,63125,GUE001.A0101.SG1.1.10M_cutadapt_gc_rl.tsv.gz
88,62467,GUE001.A0101.SG1.1.10M_cutadapt_gc_rl.tsv.gz
89,60292,GUE001.A0101.SG1.1.10M_cutadapt_gc_rl.tsv.gz
90,60179,GUE001.A0101.SG1.1.10M_cutadapt_gc_rl.tsv.gz
91,59596,GUE001.A0101.SG1.1.10M_cutadapt_gc_rl.tsv.gz
92,57544,GUE001.A0101.SG1.1.10M_cutadapt_gc_rl.tsv.gz
93,57556,GUE001.A0101.SG1.1.10M_cutadapt_gc_rl.tsv.gz
94,56266,GUE001.A0101.SG1.1.10M_cutadapt_gc_rl.tsv.gz
95,54502,GUE001.A0101.SG1.1.10M_cutadapt_gc_rl.tsv.gz
96,54056,GUE001.A0101.SG1.1.10M_cutadapt_gc_rl.tsv.gz
97,53938,GUE001.A0101.SG1.1.10M_cutadapt_gc_rl.tsv.gz
98,52527,GUE001.A0101.SG1.1.10M_cutadapt_gc_rl.tsv.gz
99,51126,GUE001.A0101.SG1.1.10M_cutadapt_gc_rl.tsv.gz
100,50855,GUE001.A0101.SG1.1.10M_cutadapt_gc_rl.tsv.gz
101,48873,GUE001.A0101.SG1.1.10M_cutadapt_gc_rl.tsv.gz
102,48730,GUE001.A0101.SG1.1.10M_cutadapt_gc_rl.tsv.gz
103,48294,GUE001.A0101.SG1.1.10M_cutadapt_gc_rl.tsv.gz
104,46987,GUE001.A0101.SG1.1.10M_cutadapt_gc_rl.tsv.gz
105,46744,GUE001.A0101.SG1.1.10M_cutadapt_gc_rl.tsv.gz
106,45140,GUE001.A0101.SG1.1.10M_cutadapt_gc_rl.tsv.gz
107,44336,GUE001.A0101.SG1.1.10M_cutadapt_gc_rl.tsv.gz
108,43940,GUE001.A0101.SG1.1.10M_cutadapt_gc_rl.tsv.gz
109,43152,GUE001.A0101.SG1.1.10M_cutadapt_gc_rl.tsv.gz
110,42035,GUE001.A0101.SG1.1.10M_cutadapt_gc_rl.tsv.gz
111,41402,GUE001.A0101.SG1.1.10M_cutadapt_gc_rl.tsv.gz
112,40492,GUE001.A0101.SG1.1.10M_cutadapt_gc_rl.tsv.gz
113,39877,GUE001.A0101.SG1.1.10M_cutadapt_gc_rl.tsv.gz
114,38945,GUE001.A0101.SG1.1.10M_cutadapt_gc_rl.tsv.gz
115,37875,GUE001.A0101.SG1.1.10M_cutadapt_gc_rl.tsv.gz
116,37546,GUE001.A0101.SG1.1.10M_cutadapt_gc_rl.tsv.gz
117,36853,GUE001.A0101.SG1.1.10M_cutadapt_gc_rl.tsv.gz
118,36410,GUE001.A0101.SG1.1.10M_cutadapt_gc_rl.tsv.gz
119,34840,GUE001.A0101.SG1.1.10M_cutadapt_gc_rl.tsv.gz
120,34538,GUE001.A0101.SG1.1.10M_cutadapt_gc_rl.tsv.gz
121,34113,GUE001.A0101.SG1.1.10M_cutadapt_gc_rl.tsv.gz
122,33369,GUE001.A0101.SG1.1.10M_cutadapt_gc_rl.tsv.gz
123,32260,GUE001.A0101.SG1.1.10M_cutadapt_gc_rl.tsv.gz
124,31554,GUE001.A0101.SG1.1.10M_cutadapt_gc_rl.tsv.gz
125,30898,GUE001.A0101.SG1.1.10M_cutadapt_gc_rl.tsv.gz
126,30295,GUE001.A0101.SG1.1.10M_cutadapt_gc_rl.tsv.gz
127,30003,GUE001.A0101.SG1.1.10M_cutadapt_gc_rl.tsv.gz
128,29061,GUE001.A0101.SG1.1.10M_cutadapt_gc_rl.tsv.gz
129,28325,GUE001.A0101.SG1.1.10M_cutadapt_gc_rl.tsv.gz
130,28391,GUE001.A0101.SG1.1.10M_cutadapt_gc_rl.tsv.gz
131,27706,GUE001.A0101.SG1.1.10M_cutadapt_gc_rl.tsv.gz
132,26279,GUE001.A0101.SG1.1.10M_cutadapt_gc_rl.tsv.gz
133,26671,GUE001.A0101.SG1.1.10M_cutadapt_gc_rl.tsv.gz
134,25702,GUE001.A0101.SG1.1.10M_cutadapt_gc_rl.tsv.gz
135,25101,GUE001.A0101.SG1.1.10M_cutadapt_gc_rl.tsv.gz
136,25689,GUE001.A0101.SG1.1.10M_cutadapt_gc_rl.tsv.gz
137,25998,GUE001.A0101.SG1.1.10M_cutadapt_gc_rl.tsv.gz
138,24137,GUE001.A0101.SG1.1.10M_cutadapt_gc_rl.tsv.gz
139,23620,GUE001.A0101.SG1.1.10M_cutadapt_gc_rl.tsv.gz
140,25376,GUE001.A0101.SG1.1.10M_cutadapt_gc_rl.tsv.gz
141,21144,GUE001.A0101.SG1.1.10M_cutadapt_gc_rl.tsv.gz
30,23753,GUE001.A0102.SG1.4.10M_cutadapt_gc_rl.tsv.gz
31,22920,GUE001.A0102.SG1.4.10M_cutadapt_gc_rl.tsv.gz
32,22756,GUE001.A0102.SG1.4.10M_cutadapt_gc_rl.tsv.gz
33,21382,GUE001.A0102.SG1.4.10M_cutadapt_gc_rl.tsv.gz
34,20638,GUE001.A0102.SG1.4.10M_cutadapt_gc_rl.tsv.gz
35,19255,GUE001.A0102.SG1.4.10M_cutadapt_gc_rl.tsv.gz
36,18595,GUE001.A0102.SG1.4.10M_cutadapt_gc_rl.tsv.gz
37,17529,GUE001.A0102.SG1.4.10M_cutadapt_gc_rl.tsv.gz
38,16731,GUE001.A0102.SG1.4.10M_cutadapt_gc_rl.tsv.gz
39,15694,GUE001.A0102.SG1.4.10M_cutadapt_gc_rl.tsv.gz
40,15060,GUE001.A0102.SG1.4.10M_cutadapt_gc_rl.tsv.gz
41,14210,GUE001.A0102.SG1.4.10M_cutadapt_gc_rl.tsv.gz
42,13202,GUE001.A0102.SG1.4.10M_cutadapt_gc_rl.tsv.gz
43,12322,GUE001.A0102.SG1.4.10M_cutadapt_gc_rl.tsv.gz
44,11757,GUE001.A0102.SG1.4.10M_cutadapt_gc_rl.tsv.gz
45,11088,GUE001.A0102.SG1.4.10M_cutadapt_gc_rl.tsv.gz
46,10605,GUE001.A0102.SG1.4.10M_cutadapt_gc_rl.tsv.gz
47,9777,GUE001.A0102.SG1.4.10M_cutadapt_gc_rl.tsv.gz
48,9074,GUE001.A0102.SG1.4.10M_cutadapt_gc_rl.tsv.gz
49,8633,GUE001.A0102.SG1.4.10M_cutadapt_gc_rl.tsv.gz
50,8137,GUE001.A0102.SG1.4.10M_cutadapt_gc_rl.tsv.gz
51,7520,GUE001.A0102.SG1.4.10M_cutadapt_gc_rl.tsv.gz
52,7082,GUE001.A0102.SG1.4.10M_cutadapt_gc_rl.tsv.gz
53,6717,GUE001.A0102.SG1.4.10M_cutadapt_gc_rl.tsv.gz
54,6258,GUE001.A0102.SG1.4.10M_cutadapt_gc_rl.tsv.gz
55,5949,GUE001.A0102.SG1.4.10M_cutadapt_gc_rl.tsv.gz
56,5573,GUE001.A0102.SG1.4.10M_cutadapt_gc_rl.tsv.gz
57,5344,GUE001.A0102.SG1.4.10M_cutadapt_gc_rl.tsv.gz
58,5121,GUE001.A0102.SG1.4.10M_cutadapt_gc_rl.tsv.gz
59,4763,GUE001.A0102.SG1.4.10M_cutadapt_gc_rl.tsv.gz
60,4499,GUE001.A0102.SG1.4.10M_cutadapt_gc_rl.tsv.gz
61,4298,GUE001.A0102.SG1.4.10M_cutadapt_gc_rl.tsv.gz
62,4131,GUE001.A0102.SG1.4.10M_cutadapt_gc_rl.tsv.gz
63,3848,GUE001.A0102.SG1.4.10M_cutadapt_gc_rl.tsv.gz
64,3779,GUE001.A0102.SG1.4.10M_cutadapt_gc_rl.tsv.gz
65,3709,GUE001.A0102.SG1.4.10M_cutadapt_gc_rl.tsv.gz
66,3405,GUE001.A0102.SG1.4.10M_cutadapt_gc_rl.tsv.gz
67,3369,GUE001.A0102.SG1.4.10M_cutadapt_gc_rl.tsv.gz
68,3350,GUE001.A0102.SG1.4.10M_cutadapt_gc_rl.tsv.gz
69,3390,GUE001.A0102.SG1.4.10M_cutadapt_gc_rl.tsv.gz
70,3743,GUE001.A0102.SG1.4.10M_cutadapt_gc_rl.tsv.gz
71,4041,GUE001.A0102.SG1.4.10M_cutadapt_gc_rl.tsv.gz
72,4782,GUE001.A0102.SG1.4.10M_cutadapt_gc_rl.tsv.gz
73,6893,GUE001.A0102.SG1.4.10M_cutadapt_gc_rl.tsv.gz
74,6275,GUE001.A0102.SG1.4.10M_cutadapt_gc_rl.tsv.gz
75,9421,GUE001.A0102.SG1.4.10M_cutadapt_gc_rl.tsv.gz
76,22488,GUE001.A0102.SG1.4.10M_cutadapt_gc_rl.tsv.gz
77,1920,GUE001.A0102.SG1.4.10M_cutadapt_gc_rl.tsv.gz
78,1793,GUE001.A0102.SG1.4.10M_cutadapt_gc_rl.tsv.gz
79,1684,GUE001.A0102.SG1.4.10M_cutadapt_gc_rl.tsv.gz
80,1671,GUE001.A0102.SG1.4.10M_cutadapt_gc_rl.tsv.gz
81,1564,GUE001.A0102.SG1.4.10M_cutadapt_gc_rl.tsv.gz
82,1562,GUE001.A0102.SG1.4.10M_cutadapt_gc_rl.tsv.gz
83,1471,GUE001.A0102.SG1.4.10M_cutadapt_gc_rl.tsv.gz
84,1487,GUE001.A0102.SG1.4.10M_cutadapt_gc_rl.tsv.gz
85,1380,GUE001.A0102.SG1.4.10M_cutadapt_gc_rl.tsv.gz
86,1274,GUE001.A0102.SG1.4.10M_cutadapt_gc_rl.tsv.gz
87,1211,GUE001.A0102.SG1.4.10M_cutadapt_gc_rl.tsv.gz
88,1206,GUE001.A0102.SG1.4.10M_cutadapt_gc_rl.tsv.gz
89,1106,GUE001.A0102.SG1.4.10M_cutadapt_gc_rl.tsv.gz
90,1101,GUE001.A0102.SG1.4.10M_cutadapt_gc_rl.tsv.gz
91,1076,GUE001.A0102.SG1.4.10M_cutadapt_gc_rl.tsv.gz
92,1032,GUE001.A0102.SG1.4.10M_cutadapt_gc_rl.tsv.gz
93,995,GUE001.A0102.SG1.4.10M_cutadapt_gc_rl.tsv.gz
94,944,GUE001.A0102.SG1.4.10M_cutadapt_gc_rl.tsv.gz
95,906,GUE001.A0102.SG1.4.10M_cutadapt_gc_rl.tsv.gz
96,847,GUE001.A0102.SG1.4.10M_cutadapt_gc_rl.tsv.gz
97,848,GUE001.A0102.SG1.4.10M_cutadapt_gc_rl.tsv.gz
98,845,GUE001.A0102.SG1.4.10M_cutadapt_gc_rl.tsv.gz
99,828,GUE001.A0102.SG1.4.10M_cutadapt_gc_rl.tsv.gz
100,740,GUE001.A0102.SG1.4.10M_cutadapt_gc_rl.tsv.gz
101,707,GUE001.A0102.SG1.4.10M_cutadapt_gc_rl.tsv.gz
102,697,GUE001.A0102.SG1.4.10M_cutadapt_gc_rl.tsv.gz
103,680,GUE001.A0102.SG1.4.10M_cutadapt_gc_rl.tsv.gz
104,690,GUE001.A0102.SG1.4.10M_cutadapt_gc_rl.tsv.gz
105,642,GUE001.A0102.SG1.4.10M_cutadapt_gc_rl.tsv.gz
106,588,GUE001.A0102.SG1.4.10M_cutadapt_gc_rl.tsv.gz
107,610,GUE001.A0102.SG1.4.10M_cutadapt_gc_rl.tsv.gz
108,552,GUE001.A0102.SG1.4.10M_cutadapt_gc_rl.tsv.gz
109,582,GUE001.A0102.SG1.4.10M_cutadapt_gc_rl.tsv.gz
110,523,GUE001.A0102.SG1.4.10M_cutadapt_gc_rl.tsv.gz
111,509,GUE001.A0102.SG1.4.10M_cutadapt_gc_rl.tsv.gz
112,483,GUE001.A0102.SG1.4.10M_cutadapt_gc_rl.tsv.gz
113,502,GUE001.A0102.SG1.4.10M_cutadapt_gc_rl.tsv.gz
114,470,GUE001.A0102.SG1.4.10M_cutadapt_gc_rl.tsv.gz
115,414,GUE001.A0102.SG1.4.10M_cutadapt_gc_rl.tsv.gz
116,426,GUE001.A0102.SG1.4.10M_cutadapt_gc_rl.tsv.gz
117,417,GUE001.A0102.SG1.4.10M_cutadapt_gc_rl.tsv.gz
118,369,GUE001.A0102.SG1.4.10M_cutadapt_gc_rl.tsv.gz
119,406,GUE001.A0102.SG1.4.10M_cutadapt_gc_rl.tsv.gz
120,387,GUE001.A0102.SG1.4.10M_cutadapt_gc_rl.tsv.gz
121,355,GUE001.A0102.SG1.4.10M_cutadapt_gc_rl.tsv.gz
122,364,GUE001.A0102.SG1.4.10M_cutadapt_gc_rl.tsv.gz
123,327,GUE001.A0102.SG1.4.10M_cutadapt_gc_rl.tsv.gz
124,359,GUE001.A0102.SG1.4.10M_cutadapt_gc_rl.tsv.gz
125,285,GUE001.A0102.SG1.4.10M_cutadapt_gc_rl.tsv.gz
126,302,GUE001.A0102.SG1.4.10M_cutadapt_gc_rl.tsv.gz
127,271,GUE001.A0102.SG1.4.10M_cutadapt_gc_rl.tsv.gz
128,233,GUE001.A0102.SG1.4.10M_cutadapt_gc_rl.tsv.gz
129,262,GUE001.A0102.SG1.4.10M_cutadapt_gc_rl.tsv.gz
130,249,GUE001.A0102.SG1.4.10M_cutadapt_gc_rl.tsv.gz
131,287,GUE001.A0102.SG1.4.10M_cutadapt_gc_rl.tsv.gz
132,272,GUE001.A0102.SG1.4.10M_cutadapt_gc_rl.tsv.gz
133,227,GUE001.A0102.SG1.4.10M_cutadapt_gc_rl.tsv.gz
134,255,GUE001.A0102.SG1.4.10M_cutadapt_gc_rl.tsv.gz
135,254,GUE001.A0102.SG1.4.10M_cutadapt_gc_rl.tsv.gz
136,237,GUE001.A0102.SG1.4.10M_cutadapt_gc_rl.tsv.gz
137,253,GUE001.A0102.SG1.4.10M_cutadapt_gc_rl.tsv.gz
138,228,GUE001.A0102.SG1.4.10M_cutadapt_gc_rl.tsv.gz
139,185,GUE001.A0102.SG1.4.10M_cutadapt_gc_rl.tsv.gz
140,213,GUE001.A0102.SG1.4.10M_cutadapt_gc_rl.tsv.gz
141,172,GUE001.A0102.SG1.4.10M_cutadapt_gc_rl.tsv.gz
30,66464,PES001.B0101.SG1.3.10M_cutadapt_gc_rl.tsv.gz
31,74049,PES001.B0101.SG1.3.10M_cutadapt_gc_rl.tsv.gz
32,79978,PES001.B0101.SG1.3.10M_cutadapt_gc_rl.tsv.gz
33,90490,PES001.B0101.SG1.3.10M_cutadapt_gc_rl.tsv.gz
34,99116,PES001.B0101.SG1.3.10M_cutadapt_gc_rl.tsv.gz
35,105589,PES001.B0101.SG1.3.10M_cutadapt_gc_rl.tsv.gz
36,113442,PES001.B0101.SG1.3.10M_cutadapt_gc_rl.tsv.gz
37,117849,PES001.B0101.SG1.3.10M_cutadapt_gc_rl.tsv.gz
38,118173,PES001.B0101.SG1.3.10M_cutadapt_gc_rl.tsv.gz
39,122667,PES001.B0101.SG1.3.10M_cutadapt_gc_rl.tsv.gz
40,124266,PES001.B0101.SG1.3.10M_cutadapt_gc_rl.tsv.gz
41,124593,PES001.B0101.SG1.3.10M_cutadapt_gc_rl.tsv.gz
42,129171,PES001.B0101.SG1.3.10M_cutadapt_gc_rl.tsv.gz
43,130843,PES001.B0101.SG1.3.10M_cutadapt_gc_rl.tsv.gz
44,129859,PES001.B0101.SG1.3.10M_cutadapt_gc_rl.tsv.gz
45,135571,PES001.B0101.SG1.3.10M_cutadapt_gc_rl.tsv.gz
46,135694,PES001.B0101.SG1.3.10M_cutadapt_gc_rl.tsv.gz
47,132871,PES001.B0101.SG1.3.10M_cutadapt_gc_rl.tsv.gz
48,134675,PES001.B0101.SG1.3.10M_cutadapt_gc_rl.tsv.gz
49,133448,PES001.B0101.SG1.3.10M_cutadapt_gc_rl.tsv.gz
50,129841,PES001.B0101.SG1.3.10M_cutadapt_gc_rl.tsv.gz
51,132293,PES001.B0101.SG1.3.10M_cutadapt_gc_rl.tsv.gz
52,130467,PES001.B0101.SG1.3.10M_cutadapt_gc_rl.tsv.gz
53,127527,PES001.B0101.SG1.3.10M_cutadapt_gc_rl.tsv.gz
54,129639,PES001.B0101.SG1.3.10M_cutadapt_gc_rl.tsv.gz
55,128244,PES001.B0101.SG1.3.10M_cutadapt_gc_rl.tsv.gz
56,123708,PES001.B0101.SG1.3.10M_cutadapt_gc_rl.tsv.gz
57,125291,PES001.B0101.SG1.3.10M_cutadapt_gc_rl.tsv.gz
58,123376,PES001.B0101.SG1.3.10M_cutadapt_gc_rl.tsv.gz
59,118603,PES001.B0101.SG1.3.10M_cutadapt_gc_rl.tsv.gz
60,120514,PES001.B0101.SG1.3.10M_cutadapt_gc_rl.tsv.gz
61,117840,PES001.B0101.SG1.3.10M_cutadapt_gc_rl.tsv.gz
62,113932,PES001.B0101.SG1.3.10M_cutadapt_gc_rl.tsv.gz
63,115629,PES001.B0101.SG1.3.10M_cutadapt_gc_rl.tsv.gz
64,114568,PES001.B0101.SG1.3.10M_cutadapt_gc_rl.tsv.gz
65,109454,PES001.B0101.SG1.3.10M_cutadapt_gc_rl.tsv.gz
66,111458,PES001.B0101.SG1.3.10M_cutadapt_gc_rl.tsv.gz
67,109785,PES001.B0101.SG1.3.10M_cutadapt_gc_rl.tsv.gz
68,105900,PES001.B0101.SG1.3.10M_cutadapt_gc_rl.tsv.gz
69,109601,PES001.B0101.SG1.3.10M_cutadapt_gc_rl.tsv.gz
70,110967,PES001.B0101.SG1.3.10M_cutadapt_gc_rl.tsv.gz
71,118682,PES001.B0101.SG1.3.10M_cutadapt_gc_rl.tsv.gz
72,146141,PES001.B0101.SG1.3.10M_cutadapt_gc_rl.tsv.gz
73,191727,PES001.B0101.SG1.3.10M_cutadapt_gc_rl.tsv.gz
74,155235,PES001.B0101.SG1.3.10M_cutadapt_gc_rl.tsv.gz
75,420029,PES001.B0101.SG1.3.10M_cutadapt_gc_rl.tsv.gz
76,1515755,PES001.B0101.SG1.3.10M_cutadapt_gc_rl.tsv.gz
77,87966,PES001.B0101.SG1.3.10M_cutadapt_gc_rl.tsv.gz
78,88887,PES001.B0101.SG1.3.10M_cutadapt_gc_rl.tsv.gz
79,86387,PES001.B0101.SG1.3.10M_cutadapt_gc_rl.tsv.gz
80,83102,PES001.B0101.SG1.3.10M_cutadapt_gc_rl.tsv.gz
81,83824,PES001.B0101.SG1.3.10M_cutadapt_gc_rl.tsv.gz
82,81680,PES001.B0101.SG1.3.10M_cutadapt_gc_rl.tsv.gz
83,78845,PES001.B0101.SG1.3.10M_cutadapt_gc_rl.tsv.gz
84,79427,PES001.B0101.SG1.3.10M_cutadapt_gc_rl.tsv.gz
85,77471,PES001.B0101.SG1.3.10M_cutadapt_gc_rl.tsv.gz
86,74578,PES001.B0101.SG1.3.10M_cutadapt_gc_rl.tsv.gz
87,75074,PES001.B0101.SG1.3.10M_cutadapt_gc_rl.tsv.gz
88,73071,PES001.B0101.SG1.3.10M_cutadapt_gc_rl.tsv.gz
89,69559,PES001.B0101.SG1.3.10M_cutadapt_gc_rl.tsv.gz
90,70523,PES001.B0101.SG1.3.10M_cutadapt_gc_rl.tsv.gz
91,68710,PES001.B0101.SG1.3.10M_cutadapt_gc_rl.tsv.gz
92,65615,PES001.B0101.SG1.3.10M_cutadapt_gc_rl.tsv.gz
93,66235,PES001.B0101.SG1.3.10M_cutadapt_gc_rl.tsv.gz
94,64791,PES001.B0101.SG1.3.10M_cutadapt_gc_rl.tsv.gz
95,62144,PES001.B0101.SG1.3.10M_cutadapt_gc_rl.tsv.gz
96,62239,PES001.B0101.SG1.3.10M_cutadapt_gc_rl.tsv.gz
97,60904,PES001.B0101.SG1.3.10M_cutadapt_gc_rl.tsv.gz
98,57835,PES001.B0101.SG1.3.10M_cutadapt_gc_rl.tsv.gz
99,58489,PES001.B0101.SG1.3.10M_cutadapt_gc_rl.tsv.gz
100,57187,PES001.B0101.SG1.3.10M_cutadapt_gc_rl.tsv.gz
101,54512,PES001.B0101.SG1.3.10M_cutadapt_gc_rl.tsv.gz
102,54508,PES001.B0101.SG1.3.10M_cutadapt_gc_rl.tsv.gz
103,53372,PES001.B0101.SG1.3.10M_cutadapt_gc_rl.tsv.gz
104,50807,PES001.B0101.SG1.3.10M_cutadapt_gc_rl.tsv.gz
105,51036,PES001.B0101.SG1.3.10M_cutadapt_gc_rl.tsv.gz
106,50468,PES001.B0101.SG1.3.10M_cutadapt_gc_rl.tsv.gz
107,47660,PES001.B0101.SG1.3.10M_cutadapt_gc_rl.tsv.gz
108,47781,PES001.B0101.SG1.3.10M_cutadapt_gc_rl.tsv.gz
109,47016,PES001.B0101.SG1.3.10M_cutadapt_gc_rl.tsv.gz
110,44267,PES001.B0101.SG1.3.10M_cutadapt_gc_rl.tsv.gz
111,45122,PES001.B0101.SG1.3.10M_cutadapt_gc_rl.tsv.gz
112,43649,PES001.B0101.SG1.3.10M_cutadapt_gc_rl.tsv.gz
113,41844,PES001.B0101.SG1.3.10M_cutadapt_gc_rl.tsv.gz
114,41935,PES001.B0101.SG1.3.10M_cutadapt_gc_rl.tsv.gz
115,40611,PES001.B0101.SG1.3.10M_cutadapt_gc_rl.tsv.gz
116,38760,PES001.B0101.SG1.3.10M_cutadapt_gc_rl.tsv.gz
117,39226,PES001.B0101.SG1.3.10M_cutadapt_gc_rl.tsv.gz
118,38506,PES001.B0101.SG1.3.10M_cutadapt_gc_rl.tsv.gz
119,36281,PES001.B0101.SG1.3.10M_cutadapt_gc_rl.tsv.gz
120,36389,PES001.B0101.SG1.3.10M_cutadapt_gc_rl.tsv.gz
121,35579,PES001.B0101.SG1.3.10M_cutadapt_gc_rl.tsv.gz
122,34041,PES001.B0101.SG1.3.10M_cutadapt_gc_rl.tsv.gz
123,33928,PES001.B0101.SG1.3.10M_cutadapt_gc_rl.tsv.gz
124,33483,PES001.B0101.SG1.3.10M_cutadapt_gc_rl.tsv.gz
125,31613,PES001.B0101.SG1.3.10M_cutadapt_gc_rl.tsv.gz
126,31783,PES001.B0101.SG1.3.10M_cutadapt_gc_rl.tsv.gz
127,31196,PES001.B0101.SG1.3.10M_cutadapt_gc_rl.tsv.gz
128,30024,PES001.B0101.SG1.3.10M_cutadapt_gc_rl.tsv.gz
129,29359,PES001.B0101.SG1.3.10M_cutadapt_gc_rl.tsv.gz
130,28708,PES001.B0101.SG1.3.10M_cutadapt_gc_rl.tsv.gz
131,27818,PES001.B0101.SG1.3.10M_cutadapt_gc_rl.tsv.gz
132,27609,PES001.B0101.SG1.3.10M_cutadapt_gc_rl.tsv.gz
133,27195,PES001.B0101.SG1.3.10M_cutadapt_gc_rl.tsv.gz
134,26584,PES001.B0101.SG1.3.10M_cutadapt_gc_rl.tsv.gz
135,26229,PES001.B0101.SG1.3.10M_cutadapt_gc_rl.tsv.gz
136,25839,PES001.B0101.SG1.3.10M_cutadapt_gc_rl.tsv.gz
137,25449,PES001.B0101.SG1.3.10M_cutadapt_gc_rl.tsv.gz
138,24367,PES001.B0101.SG1.3.10M_cutadapt_gc_rl.tsv.gz
139,23636,PES001.B0101.SG1.3.10M_cutadapt_gc_rl.tsv.gz
140,24879,PES001.B0101.SG1.3.10M_cutadapt_gc_rl.tsv.gz
141,21791,PES001.B0101.SG1.3.10M_cutadapt_gc_rl.tsv.gz
30,209124,PES001.B0102.SG1.5.10M_cutadapt_gc_rl.tsv.gz
31,212439,PES001.B0102.SG1.5.10M_cutadapt_gc_rl.tsv.gz
32,212829,PES001.B0102.SG1.5.10M_cutadapt_gc_rl.tsv.gz
33,201998,PES001.B0102.SG1.5.10M_cutadapt_gc_rl.tsv.gz
34,201948,PES001.B0102.SG1.5.10M_cutadapt_gc_rl.tsv.gz
35,200249,PES001.B0102.SG1.5.10M_cutadapt_gc_rl.tsv.gz
36,188849,PES001.B0102.SG1.5.10M_cutadapt_gc_rl.tsv.gz
37,186902,PES001.B0102.SG1.5.10M_cutadapt_gc_rl.tsv.gz
38,180964,PES001.B0102.SG1.5.10M_cutadapt_gc_rl.tsv.gz
39,168977,PES001.B0102.SG1.5.10M_cutadapt_gc_rl.tsv.gz
40,166726,PES001.B0102.SG1.5.10M_cutadapt_gc_rl.tsv.gz
41,162298,PES001.B0102.SG1.5.10M_cutadapt_gc_rl.tsv.gz
42,150269,PES001.B0102.SG1.5.10M_cutadapt_gc_rl.tsv.gz
43,147554,PES001.B0102.SG1.5.10M_cutadapt_gc_rl.tsv.gz
44,143995,PES001.B0102.SG1.5.10M_cutadapt_gc_rl.tsv.gz
45,134213,PES001.B0102.SG1.5.10M_cutadapt_gc_rl.tsv.gz
46,131771,PES001.B0102.SG1.5.10M_cutadapt_gc_rl.tsv.gz
47,128187,PES001.B0102.SG1.5.10M_cutadapt_gc_rl.tsv.gz
48,118534,PES001.B0102.SG1.5.10M_cutadapt_gc_rl.tsv.gz
49,116599,PES001.B0102.SG1.5.10M_cutadapt_gc_rl.tsv.gz
50,113174,PES001.B0102.SG1.5.10M_cutadapt_gc_rl.tsv.gz
51,104629,PES001.B0102.SG1.5.10M_cutadapt_gc_rl.tsv.gz
52,102656,PES001.B0102.SG1.5.10M_cutadapt_gc_rl.tsv.gz
53,99680,PES001.B0102.SG1.5.10M_cutadapt_gc_rl.tsv.gz
54,92916,PES001.B0102.SG1.5.10M_cutadapt_gc_rl.tsv.gz
55,91143,PES001.B0102.SG1.5.10M_cutadapt_gc_rl.tsv.gz
56,89674,PES001.B0102.SG1.5.10M_cutadapt_gc_rl.tsv.gz
57,83119,PES001.B0102.SG1.5.10M_cutadapt_gc_rl.tsv.gz
58,80640,PES001.B0102.SG1.5.10M_cutadapt_gc_rl.tsv.gz
59,79717,PES001.B0102.SG1.5.10M_cutadapt_gc_rl.tsv.gz
60,74021,PES001.B0102.SG1.5.10M_cutadapt_gc_rl.tsv.gz
61,72691,PES001.B0102.SG1.5.10M_cutadapt_gc_rl.tsv.gz
62,70624,PES001.B0102.SG1.5.10M_cutadapt_gc_rl.tsv.gz
63,65560,PES001.B0102.SG1.5.10M_cutadapt_gc_rl.tsv.gz
64,65046,PES001.B0102.SG1.5.10M_cutadapt_gc_rl.tsv.gz
65,63530,PES001.B0102.SG1.5.10M_cutadapt_gc_rl.tsv.gz
66,59511,PES001.B0102.SG1.5.10M_cutadapt_gc_rl.tsv.gz
67,58562,PES001.B0102.SG1.5.10M_cutadapt_gc_rl.tsv.gz
68,57182,PES001.B0102.SG1.5.10M_cutadapt_gc_rl.tsv.gz
69,53848,PES001.B0102.SG1.5.10M_cutadapt_gc_rl.tsv.gz
70,53814,PES001.B0102.SG1.5.10M_cutadapt_gc_rl.tsv.gz
71,56110,PES001.B0102.SG1.5.10M_cutadapt_gc_rl.tsv.gz
72,61476,PES001.B0102.SG1.5.10M_cutadapt_gc_rl.tsv.gz
73,87516,PES001.B0102.SG1.5.10M_cutadapt_gc_rl.tsv.gz
74,53060,PES001.B0102.SG1.5.10M_cutadapt_gc_rl.tsv.gz
75,77752,PES001.B0102.SG1.5.10M_cutadapt_gc_rl.tsv.gz
76,359582,PES001.B0102.SG1.5.10M_cutadapt_gc_rl.tsv.gz
77,41345,PES001.B0102.SG1.5.10M_cutadapt_gc_rl.tsv.gz
78,38605,PES001.B0102.SG1.5.10M_cutadapt_gc_rl.tsv.gz
79,38099,PES001.B0102.SG1.5.10M_cutadapt_gc_rl.tsv.gz
80,37169,PES001.B0102.SG1.5.10M_cutadapt_gc_rl.tsv.gz
81,34520,PES001.B0102.SG1.5.10M_cutadapt_gc_rl.tsv.gz
82,34042,PES001.B0102.SG1.5.10M_cutadapt_gc_rl.tsv.gz
83,33344,PES001.B0102.SG1.5.10M_cutadapt_gc_rl.tsv.gz
84,31032,PES001.B0102.SG1.5.10M_cutadapt_gc_rl.tsv.gz
85,30576,PES001.B0102.SG1.5.10M_cutadapt_gc_rl.tsv.gz
86,29912,PES001.B0102.SG1.5.10M_cutadapt_gc_rl.tsv.gz
87,28034,PES001.B0102.SG1.5.10M_cutadapt_gc_rl.tsv.gz
88,27700,PES001.B0102.SG1.5.10M_cutadapt_gc_rl.tsv.gz
89,27682,PES001.B0102.SG1.5.10M_cutadapt_gc_rl.tsv.gz
90,25270,PES001.B0102.SG1.5.10M_cutadapt_gc_rl.tsv.gz
91,24886,PES001.B0102.SG1.5.10M_cutadapt_gc_rl.tsv.gz
92,24331,PES001.B0102.SG1.5.10M_cutadapt_gc_rl.tsv.gz
93,22793,PES001.B0102.SG1.5.10M_cutadapt_gc_rl.tsv.gz
94,22702,PES001.B0102.SG1.5.10M_cutadapt_gc_rl.tsv.gz
95,22028,PES001.B0102.SG1.5.10M_cutadapt_gc_rl.tsv.gz
96,20784,PES001.B0102.SG1.5.10M_cutadapt_gc_rl.tsv.gz
97,20462,PES001.B0102.SG1.5.10M_cutadapt_gc_rl.tsv.gz
98,20019,PES001.B0102.SG1.5.10M_cutadapt_gc_rl.tsv.gz
99,18863,PES001.B0102.SG1.5.10M_cutadapt_gc_rl.tsv.gz
100,18497,PES001.B0102.SG1.5.10M_cutadapt_gc_rl.tsv.gz
101,18034,PES001.B0102.SG1.5.10M_cutadapt_gc_rl.tsv.gz
102,16902,PES001.B0102.SG1.5.10M_cutadapt_gc_rl.tsv.gz
103,16472,PES001.B0102.SG1.5.10M_cutadapt_gc_rl.tsv.gz
104,16119,PES001.B0102.SG1.5.10M_cutadapt_gc_rl.tsv.gz
105,15193,PES001.B0102.SG1.5.10M_cutadapt_gc_rl.tsv.gz
106,15140,PES001.B0102.SG1.5.10M_cutadapt_gc_rl.tsv.gz
107,14645,PES001.B0102.SG1.5.10M_cutadapt_gc_rl.tsv.gz
108,13600,PES001.B0102.SG1.5.10M_cutadapt_gc_rl.tsv.gz
109,13750,PES001.B0102.SG1.5.10M_cutadapt_gc_rl.tsv.gz
110,13387,PES001.B0102.SG1.5.10M_cutadapt_gc_rl.tsv.gz
111,12533,PES001.B0102.SG1.5.10M_cutadapt_gc_rl.tsv.gz
112,12598,PES001.B0102.SG1.5.10M_cutadapt_gc_rl.tsv.gz
113,12232,PES001.B0102.SG1.5.10M_cutadapt_gc_rl.tsv.gz
114,11340,PES001.B0102.SG1.5.10M_cutadapt_gc_rl.tsv.gz
115,11461,PES001.B0102.SG1.5.10M_cutadapt_gc_rl.tsv.gz
116,11094,PES001.B0102.SG1.5.10M_cutadapt_gc_rl.tsv.gz
117,10495,PES001.B0102.SG1.5.10M_cutadapt_gc_rl.tsv.gz
118,10127,PES001.B0102.SG1.5.10M_cutadapt_gc_rl.tsv.gz
119,10095,PES001.B0102.SG1.5.10M_cutadapt_gc_rl.tsv.gz
120,9570,PES001.B0102.SG1.5.10M_cutadapt_gc_rl.tsv.gz
121,9152,PES001.B0102.SG1.5.10M_cutadapt_gc_rl.tsv.gz
122,9181,PES001.B0102.SG1.5.10M_cutadapt_gc_rl.tsv.gz
123,8394,PES001.B0102.SG1.5.10M_cutadapt_gc_rl.tsv.gz
124,8515,PES001.B0102.SG1.5.10M_cutadapt_gc_rl.tsv.gz
125,8238,PES001.B0102.SG1.5.10M_cutadapt_gc_rl.tsv.gz
126,7911,PES001.B0102.SG1.5.10M_cutadapt_gc_rl.tsv.gz
127,7799,PES001.B0102.SG1.5.10M_cutadapt_gc_rl.tsv.gz
128,7644,PES001.B0102.SG1.5.10M_cutadapt_gc_rl.tsv.gz
129,7273,PES001.B0102.SG1.5.10M_cutadapt_gc_rl.tsv.gz
130,7082,PES001.B0102.SG1.5.10M_cutadapt_gc_rl.tsv.gz
131,6963,PES001.B0102.SG1.5.10M_cutadapt_gc_rl.tsv.gz
132,6582,PES001.B0102.SG1.5.10M_cutadapt_gc_rl.tsv.gz
133,6451,PES001.B0102.SG1.5.10M_cutadapt_gc_rl.tsv.gz
134,6510,PES001.B0102.SG1.5.10M_cutadapt_gc_rl.tsv.gz
135,6292,PES001.B0102.SG1.5.10M_cutadapt_gc_rl.tsv.gz
136,6134,PES001.B0102.SG1.5.10M_cutadapt_gc_rl.tsv.gz
137,6105,PES001.B0102.SG1.5.10M_cutadapt_gc_rl.tsv.gz
138,5567,PES001.B0102.SG1.5.10M_cutadapt_gc_rl.tsv.gz
139,5109,PES001.B0102.SG1.5.10M_cutadapt_gc_rl.tsv.gz
140,5292,PES001.B0102.SG1.5.10M_cutadapt_gc_rl.tsv.gz
141,4442,PES001.B0102.SG1.5.10M_cutadapt_gc_rl.tsv.gz
30,9282,SPM002.A0101.SG1.1.10M_cutadapt_gc_rl.tsv.gz
31,10430,SPM002.A0101.SG1.1.10M_cutadapt_gc_rl.tsv.gz
32,9940,SPM002.A0101.SG1.1.10M_cutadapt_gc_rl.tsv.gz
33,10287,SPM002.A0101.SG1.1.10M_cutadapt_gc_rl.tsv.gz
34,10213,SPM002.A0101.SG1.1.10M_cutadapt_gc_rl.tsv.gz
35,10483,SPM002.A0101.SG1.1.10M_cutadapt_gc_rl.tsv.gz
36,10441,SPM002.A0101.SG1.1.10M_cutadapt_gc_rl.tsv.gz
37,10244,SPM002.A0101.SG1.1.10M_cutadapt_gc_rl.tsv.gz
38,10513,SPM002.A0101.SG1.1.10M_cutadapt_gc_rl.tsv.gz
39,10376,SPM002.A0101.SG1.1.10M_cutadapt_gc_rl.tsv.gz
40,10453,SPM002.A0101.SG1.1.10M_cutadapt_gc_rl.tsv.gz
41,10169,SPM002.A0101.SG1.1.10M_cutadapt_gc_rl.tsv.gz
42,10309,SPM002.A0101.SG1.1.10M_cutadapt_gc_rl.tsv.gz
43,10114,SPM002.A0101.SG1.1.10M_cutadapt_gc_rl.tsv.gz
44,9830,SPM002.A0101.SG1.1.10M_cutadapt_gc_rl.tsv.gz
45,9361,SPM002.A0101.SG1.1.10M_cutadapt_gc_rl.tsv.gz
46,9855,SPM002.A0101.SG1.1.10M_cutadapt_gc_rl.tsv.gz
47,9444,SPM002.A0101.SG1.1.10M_cutadapt_gc_rl.tsv.gz
48,9323,SPM002.A0101.SG1.1.10M_cutadapt_gc_rl.tsv.gz
49,9152,SPM002.A0101.SG1.1.10M_cutadapt_gc_rl.tsv.gz
50,8942,SPM002.A0101.SG1.1.10M_cutadapt_gc_rl.tsv.gz
51,8843,SPM002.A0101.SG1.1.10M_cutadapt_gc_rl.tsv.gz
52,8984,SPM002.A0101.SG1.1.10M_cutadapt_gc_rl.tsv.gz
53,8809,SPM002.A0101.SG1.1.10M_cutadapt_gc_rl.tsv.gz
54,8782,SPM002.A0101.SG1.1.10M_cutadapt_gc_rl.tsv.gz
55,8319,SPM002.A0101.SG1.1.10M_cutadapt_gc_rl.tsv.gz
56,8362,SPM002.A0101.SG1.1.10M_cutadapt_gc_rl.tsv.gz
57,8616,SPM002.A0101.SG1.1.10M_cutadapt_gc_rl.tsv.gz
58,8417,SPM002.A0101.SG1.1.10M_cutadapt_gc_rl.tsv.gz
59,8447,SPM002.A0101.SG1.1.10M_cutadapt_gc_rl.tsv.gz
60,8770,SPM002.A0101.SG1.1.10M_cutadapt_gc_rl.tsv.gz
61,8781,SPM002.A0101.SG1.1.10M_cutadapt_gc_rl.tsv.gz
62,8684,SPM002.A0101.SG1.1.10M_cutadapt_gc_rl.tsv.gz
63,9182,SPM002.A0101.SG1.1.10M_cutadapt_gc_rl.tsv.gz
64,9412,SPM002.A0101.SG1.1.10M_cutadapt_gc_rl.tsv.gz
65,9400,SPM002.A0101.SG1.1.10M_cutadapt_gc_rl.tsv.gz
66,9689,SPM002.A0101.SG1.1.10M_cutadapt_gc_rl.tsv.gz
67,10485,SPM002.A0101.SG1.1.10M_cutadapt_gc_rl.tsv.gz
68,11338,SPM002.A0101.SG1.1.10M_cutadapt_gc_rl.tsv.gz
69,12529,SPM002.A0101.SG1.1.10M_cutadapt_gc_rl.tsv.gz
70,15176,SPM002.A0101.SG1.1.10M_cutadapt_gc_rl.tsv.gz
71,18670,SPM002.A0101.SG1.1.10M_cutadapt_gc_rl.tsv.gz
72,25544,SPM002.A0101.SG1.1.10M_cutadapt_gc_rl.tsv.gz
73,35439,SPM002.A0101.SG1.1.10M_cutadapt_gc_rl.tsv.gz
74,45730,SPM002.A0101.SG1.1.10M_cutadapt_gc_rl.tsv.gz
75,96575,SPM002.A0101.SG1.1.10M_cutadapt_gc_rl.tsv.gz
76,191597,SPM002.A0101.SG1.1.10M_cutadapt_gc_rl.tsv.gz
77,8926,SPM002.A0101.SG1.1.10M_cutadapt_gc_rl.tsv.gz
78,8729,SPM002.A0101.SG1.1.10M_cutadapt_gc_rl.tsv.gz
79,8367,SPM002.A0101.SG1.1.10M_cutadapt_gc_rl.tsv.gz
80,8447,SPM002.A0101.SG1.1.10M_cutadapt_gc_rl.tsv.gz
81,8019,SPM002.A0101.SG1.1.10M_cutadapt_gc_rl.tsv.gz
82,7821,SPM002.A0101.SG1.1.10M_cutadapt_gc_rl.tsv.gz
83,7784,SPM002.A0101.SG1.1.10M_cutadapt_gc_rl.tsv.gz
84,7426,SPM002.A0101.SG1.1.10M_cutadapt_gc_rl.tsv.gz
85,7356,SPM002.A0101.SG1.1.10M_cutadapt_gc_rl.tsv.gz
86,7247,SPM002.A0101.SG1.1.10M_cutadapt_gc_rl.tsv.gz
87,6803,SPM002.A0101.SG1.1.10M_cutadapt_gc_rl.tsv.gz
88,7107,SPM002.A0101.SG1.1.10M_cutadapt_gc_rl.tsv.gz
89,6998,SPM002.A0101.SG1.1.10M_cutadapt_gc_rl.tsv.gz
90,6950,SPM002.A0101.SG1.1.10M_cutadapt_gc_rl.tsv.gz
91,7000,SPM002.A0101.SG1.1.10M_cutadapt_gc_rl.tsv.gz
92,6843,SPM002.A0101.SG1.1.10M_cutadapt_gc_rl.tsv.gz
93,6794,SPM002.A0101.SG1.1.10M_cutadapt_gc_rl.tsv.gz
94,6949,SPM002.A0101.SG1.1.10M_cutadapt_gc_rl.tsv.gz
95,6743,SPM002.A0101.SG1.1.10M_cutadapt_gc_rl.tsv.gz
96,6510,SPM002.A0101.SG1.1.10M_cutadapt_gc_rl.tsv.gz
97,6328,SPM002.A0101.SG1.1.10M_cutadapt_gc_rl.tsv.gz
98,6559,SPM002.A0101.SG1.1.10M_cutadapt_gc_rl.tsv.gz
99,6281,SPM002.A0101.SG1.1.10M_cutadapt_gc_rl.tsv.gz
100,6042,SPM002.A0101.SG1.1.10M_cutadapt_gc_rl.tsv.gz
101,6227,SPM002.A0101.SG1.1.10M_cutadapt_gc_rl.tsv.gz
102,6087,SPM002.A0101.SG1.1.10M_cutadapt_gc_rl.tsv.gz
103,5980,SPM002.A0101.SG1.1.10M_cutadapt_gc_rl.tsv.gz
104,6084,SPM002.A0101.SG1.1.10M_cutadapt_gc_rl.tsv.gz
105,5944,SPM002.A0101.SG1.1.10M_cutadapt_gc_rl.tsv.gz
106,5718,SPM002.A0101.SG1.1.10M_cutadapt_gc_rl.tsv.gz
107,5834,SPM002.A0101.SG1.1.10M_cutadapt_gc_rl.tsv.gz
108,5664,SPM002.A0101.SG1.1.10M_cutadapt_gc_rl.tsv.gz
109,5393,SPM002.A0101.SG1.1.10M_cutadapt_gc_rl.tsv.gz
110,5604,SPM002.A0101.SG1.1.10M_cutadapt_gc_rl.tsv.gz
111,5568,SPM002.A0101.SG1.1.10M_cutadapt_gc_rl.tsv.gz
112,5786,SPM002.A0101.SG1.1.10M_cutadapt_gc_rl.tsv.gz
113,5353,SPM002.A0101.SG1.1.10M_cutadapt_gc_rl.tsv.gz
114,5397,SPM002.A0101.SG1.1.10M_cutadapt_gc_rl.tsv.gz
115,5322,SPM002.A0101.SG1.1.10M_cutadapt_gc_rl.tsv.gz
116,5163,SPM002.A0101.SG1.1.10M_cutadapt_gc_rl.tsv.gz
117,5433,SPM002.A0101.SG1.1.10M_cutadapt_gc_rl.tsv.gz
118,5565,SPM002.A0101.SG1.1.10M_cutadapt_gc_rl.tsv.gz
119,5551,SPM002.A0101.SG1.1.10M_cutadapt_gc_rl.tsv.gz
120,5334,SPM002.A0101.SG1.1.10M_cutadapt_gc_rl.tsv.gz
121,5464,SPM002.A0101.SG1.1.10M_cutadapt_gc_rl.tsv.gz
122,5526,SPM002.A0101.SG1.1.10M_cutadapt_gc_rl.tsv.gz
123,5351,SPM002.A0101.SG1.1.10M_cutadapt_gc_rl.tsv.gz
124,5371,SPM002.A0101.SG1.1.10M_cutadapt_gc_rl.tsv.gz
125,5358,SPM002.A0101.SG1.1.10M_cutadapt_gc_rl.tsv.gz
126,4923,SPM002.A0101.SG1.1.10M_cutadapt_gc_rl.tsv.gz
127,5118,SPM002.A0101.SG1.1.10M_cutadapt_gc_rl.tsv.gz
128,5260,SPM002.A0101.SG1.1.10M_cutadapt_gc_rl.tsv.gz
129,5106,SPM002.A0101.SG1.1.10M_cutadapt_gc_rl.tsv.gz
130,5375,SPM002.A0101.SG1.1.10M_cutadapt_gc_rl.tsv.gz
131,5664,SPM002.A0101.SG1.1.10M_cutadapt_gc_rl.tsv.gz
132,5202,SPM002.A0101.SG1.1.10M_cutadapt_gc_rl.tsv.gz
133,5837,SPM002.A0101.SG1.1.10M_cutadapt_gc_rl.tsv.gz
134,6793,SPM002.A0101.SG1.1.10M_cutadapt_gc_rl.tsv.gz
135,5922,SPM002.A0101.SG1.1.10M_cutadapt_gc_rl.tsv.gz
136,7557,SPM002.A0101.SG1.1.10M_cutadapt_gc_rl.tsv.gz
137,9651,SPM002.A0101.SG1.1.10M_cutadapt_gc_rl.tsv.gz
138,7299,SPM002.A0101.SG1.1.10M_cutadapt_gc_rl.tsv.gz
139,10265,SPM002.A0101.SG1.1.10M_cutadapt_gc_rl.tsv.gz
140,15271,SPM002.A0101.SG1.1.10M_cutadapt_gc_rl.tsv.gz
141,8813,SPM002.A0101.SG1.1.10M_cutadapt_gc_rl.tsv.gz
30,8160,SPM002.A0103.SG1.4.10M_cutadapt_gc_rl.tsv.gz
31,7711,SPM002.A0103.SG1.4.10M_cutadapt_gc_rl.tsv.gz
32,7133,SPM002.A0103.SG1.4.10M_cutadapt_gc_rl.tsv.gz
33,6702,SPM002.A0103.SG1.4.10M_cutadapt_gc_rl.tsv.gz
34,6380,SPM002.A0103.SG1.4.10M_cutadapt_gc_rl.tsv.gz
35,5945,SPM002.A0103.SG1.4.10M_cutadapt_gc_rl.tsv.gz
36,5417,SPM002.A0103.SG1.4.10M_cutadapt_gc_rl.tsv.gz
37,5072,SPM002.A0103.SG1.4.10M_cutadapt_gc_rl.tsv.gz
38,4739,SPM002.A0103.SG1.4.10M_cutadapt_gc_rl.tsv.gz
39,4464,SPM002.A0103.SG1.4.10M_cutadapt_gc_rl.tsv.gz
40,4262,SPM002.A0103.SG1.4.10M_cutadapt_gc_rl.tsv.gz
41,3842,SPM002.A0103.SG1.4.10M_cutadapt_gc_rl.tsv.gz
42,3528,SPM002.A0103.SG1.4.10M_cutadapt_gc_rl.tsv.gz
43,3255,SPM002.A0103.SG1.4.10M_cutadapt_gc_rl.tsv.gz
44,3045,SPM002.A0103.SG1.4.10M_cutadapt_gc_rl.tsv.gz
45,2947,SPM002.A0103.SG1.4.10M_cutadapt_gc_rl.tsv.gz
46,2642,SPM002.A0103.SG1.4.10M_cutadapt_gc_rl.tsv.gz
47,2485,SPM002.A0103.SG1.4.10M_cutadapt_gc_rl.tsv.gz
48,2344,SPM002.A0103.SG1.4.10M_cutadapt_gc_rl.tsv.gz
49,2182,SPM002.A0103.SG1.4.10M_cutadapt_gc_rl.tsv.gz
50,2044,SPM002.A0103.SG1.4.10M_cutadapt_gc_rl.tsv.gz
51,1974,SPM002.A0103.SG1.4.10M_cutadapt_gc_rl.tsv.gz
52,1798,SPM002.A0103.SG1.4.10M_cutadapt_gc_rl.tsv.gz
53,1755,SPM002.A0103.SG1.4.10M_cutadapt_gc_rl.tsv.gz
54,1634,SPM002.A0103.SG1.4.10M_cutadapt_gc_rl.tsv.gz
55,1545,SPM002.A0103.SG1.4.10M_cutadapt_gc_rl.tsv.gz
56,1446,SPM002.A0103.SG1.4.10M_cutadapt_gc_rl.tsv.gz
57,1296,SPM002.A0103.SG1.4.10M_cutadapt_gc_rl.tsv.gz
58,1441,SPM002.A0103.SG1.4.10M_cutadapt_gc_rl.tsv.gz
59,1242,SPM002.A0103.SG1.4.10M_cutadapt_gc_rl.tsv.gz
60,1234,SPM002.A0103.SG1.4.10M_cutadapt_gc_rl.tsv.gz
61,1187,SPM002.A0103.SG1.4.10M_cutadapt_gc_rl.tsv.gz
62,1240,SPM002.A0103.SG1.4.10M_cutadapt_gc_rl.tsv.gz
63,1246,SPM002.A0103.SG1.4.10M_cutadapt_gc_rl.tsv.gz
64,1299,SPM002.A0103.SG1.4.10M_cutadapt_gc_rl.tsv.gz
65,1400,SPM002.A0103.SG1.4.10M_cutadapt_gc_rl.tsv.gz
66,1509,SPM002.A0103.SG1.4.10M_cutadapt_gc_rl.tsv.gz
67,1861,SPM002.A0103.SG1.4.10M_cutadapt_gc_rl.tsv.gz
68,2371,SPM002.A0103.SG1.4.10M_cutadapt_gc_rl.tsv.gz
69,3346,SPM002.A0103.SG1.4.10M_cutadapt_gc_rl.tsv.gz
70,4766,SPM002.A0103.SG1.4.10M_cutadapt_gc_rl.tsv.gz
71,7729,SPM002.A0103.SG1.4.10M_cutadapt_gc_rl.tsv.gz
72,11318,SPM002.A0103.SG1.4.10M_cutadapt_gc_rl.tsv.gz
73,18817,SPM002.A0103.SG1.4.10M_cutadapt_gc_rl.tsv.gz
74,20434,SPM002.A0103.SG1.4.10M_cutadapt_gc_rl.tsv.gz
75,33537,SPM002.A0103.SG1.4.10M_cutadapt_gc_rl.tsv.gz
76,58609,SPM002.A0103.SG1.4.10M_cutadapt_gc_rl.tsv.gz
77,735,SPM002.A0103.SG1.4.10M_cutadapt_gc_rl.tsv.gz
78,719,SPM002.A0103.SG1.4.10M_cutadapt_gc_rl.tsv.gz
79,670,SPM002.A0103.SG1.4.10M_cutadapt_gc_rl.tsv.gz
80,592,SPM002.A0103.SG1.4.10M_cutadapt_gc_rl.tsv.gz
81,579,SPM002.A0103.SG1.4.10M_cutadapt_gc_rl.tsv.gz
82,624,SPM002.A0103.SG1.4.10M_cutadapt_gc_rl.tsv.gz
83,612,SPM002.A0103.SG1.4.10M_cutadapt_gc_rl.tsv.gz
84,600,SPM002.A0103.SG1.4.10M_cutadapt_gc_rl.tsv.gz
85,601,SPM002.A0103.SG1.4.10M_cutadapt_gc_rl.tsv.gz
86,578,SPM002.A0103.SG1.4.10M_cutadapt_gc_rl.tsv.gz
87,531,SPM002.A0103.SG1.4.10M_cutadapt_gc_rl.tsv.gz
88,520,SPM002.A0103.SG1.4.10M_cutadapt_gc_rl.tsv.gz
89,484,SPM002.A0103.SG1.4.10M_cutadapt_gc_rl.tsv.gz
90,568,SPM002.A0103.SG1.4.10M_cutadapt_gc_rl.tsv.gz
91,583,SPM002.A0103.SG1.4.10M_cutadapt_gc_rl.tsv.gz
92,610,SPM002.A0103.SG1.4.10M_cutadapt_gc_rl.tsv.gz
93,565,SPM002.A0103.SG1.4.10M_cutadapt_gc_rl.tsv.gz
94,525,SPM002.A0103.SG1.4.10M_cutadapt_gc_rl.tsv.gz
95,540,SPM002.A0103.SG1.4.10M_cutadapt_gc_rl.tsv.gz
96,526,SPM002.A0103.SG1.4.10M_cutadapt_gc_rl.tsv.gz
97,524,SPM002.A0103.SG1.4.10M_cutadapt_gc_rl.tsv.gz
98,517,SPM002.A0103.SG1.4.10M_cutadapt_gc_rl.tsv.gz
99,480,SPM002.A0103.SG1.4.10M_cutadapt_gc_rl.tsv.gz
100,490,SPM002.A0103.SG1.4.10M_cutadapt_gc_rl.tsv.gz
101,502,SPM002.A0103.SG1.4.10M_cutadapt_gc_rl.tsv.gz
102,470,SPM002.A0103.SG1.4.10M_cutadapt_gc_rl.tsv.gz
103,487,SPM002.A0103.SG1.4.10M_cutadapt_gc_rl.tsv.gz
104,493,SPM002.A0103.SG1.4.10M_cutadapt_gc_rl.tsv.gz
105,452,SPM002.A0103.SG1.4.10M_cutadapt_gc_rl.tsv.gz
106,489,SPM002.A0103.SG1.4.10M_cutadapt_gc_rl.tsv.gz
107,422,SPM002.A0103.SG1.4.10M_cutadapt_gc_rl.tsv.gz
108,417,SPM002.A0103.SG1.4.10M_cutadapt_gc_rl.tsv.gz
109,427,SPM002.A0103.SG1.4.10M_cutadapt_gc_rl.tsv.gz
110,424,SPM002.A0103.SG1.4.10M_cutadapt_gc_rl.tsv.gz
111,418,SPM002.A0103.SG1.4.10M_cutadapt_gc_rl.tsv.gz
112,415,SPM002.A0103.SG1.4.10M_cutadapt_gc_rl.tsv.gz
113,463,SPM002.A0103.SG1.4.10M_cutadapt_gc_rl.tsv.gz
114,412,SPM002.A0103.SG1.4.10M_cutadapt_gc_rl.tsv.gz
115,404,SPM002.A0103.SG1.4.10M_cutadapt_gc_rl.tsv.gz
116,426,SPM002.A0103.SG1.4.10M_cutadapt_gc_rl.tsv.gz
117,452,SPM002.A0103.SG1.4.10M_cutadapt_gc_rl.tsv.gz
118,410,SPM002.A0103.SG1.4.10M_cutadapt_gc_rl.tsv.gz
119,457,SPM002.A0103.SG1.4.10M_cutadapt_gc_rl.tsv.gz
120,421,SPM002.A0103.SG1.4.10M_cutadapt_gc_rl.tsv.gz
121,443,SPM002.A0103.SG1.4.10M_cutadapt_gc_rl.tsv.gz
122,427,SPM002.A0103.SG1.4.10M_cutadapt_gc_rl.tsv.gz
123,416,SPM002.A0103.SG1.4.10M_cutadapt_gc_rl.tsv.gz
124,438,SPM002.A0103.SG1.4.10M_cutadapt_gc_rl.tsv.gz
125,429,SPM002.A0103.SG1.4.10M_cutadapt_gc_rl.tsv.gz
126,433,SPM002.A0103.SG1.4.10M_cutadapt_gc_rl.tsv.gz
127,433,SPM002.A0103.SG1.4.10M_cutadapt_gc_rl.tsv.gz
128,465,SPM002.A0103.SG1.4.10M_cutadapt_gc_rl.tsv.gz
129,436,SPM002.A0103.SG1.4.10M_cutadapt_gc_rl.tsv.gz
130,455,SPM002.A0103.SG1.4.10M_cutadapt_gc_rl.tsv.gz
131,475,SPM002.A0103.SG1.4.10M_cutadapt_gc_rl.tsv.gz
132,453,SPM002.A0103.SG1.4.10M_cutadapt_gc_rl.tsv.gz
133,475,SPM002.A0103.SG1.4.10M_cutadapt_gc_rl.tsv.gz
134,577,SPM002.A0103.SG1.4.10M_cutadapt_gc_rl.tsv.gz
135,545,SPM002.A0103.SG1.4.10M_cutadapt_gc_rl.tsv.gz
136,636,SPM002.A0103.SG1.4.10M_cutadapt_gc_rl.tsv.gz
137,878,SPM002.A0103.SG1.4.10M_cutadapt_gc_rl.tsv.gz
138,594,SPM002.A0103.SG1.4.10M_cutadapt_gc_rl.tsv.gz
139,798,SPM002.A0103.SG1.4.10M_cutadapt_gc_rl.tsv.gz
140,1147,SPM002.A0103.SG1.4.10M_cutadapt_gc_rl.tsv.gz
141,732,SPM002.A0103.SG1.4.10M_cutadapt_gc_rl.tsv.gz
30,183477,VLD001.A0101.SG1.1.10M_cutadapt_gc_rl.tsv.gz
31,191298,VLD001.A0101.SG1.1.10M_cutadapt_gc_rl.tsv.gz
32,194388,VLD001.A0101.SG1.1.10M_cutadapt_gc_rl.tsv.gz
33,199637,VLD001.A0101.SG1.1.10M_cutadapt_gc_rl.tsv.gz
34,201489,VLD001.A0101.SG1.1.10M_cutadapt_gc_rl.tsv.gz
35,201517,VLD001.A0101.SG1.1.10M_cutadapt_gc_rl.tsv.gz
36,204046,VLD001.A0101.SG1.1.10M_cutadapt_gc_rl.tsv.gz
37,201473,VLD001.A0101.SG1.1.10M_cutadapt_gc_rl.tsv.gz
38,195721,VLD001.A0101.SG1.1.10M_cutadapt_gc_rl.tsv.gz
39,195054,VLD001.A0101.SG1.1.10M_cutadapt_gc_rl.tsv.gz
40,192201,VLD001.A0101.SG1.1.10M_cutadapt_gc_rl.tsv.gz
41,187521,VLD001.A0101.SG1.1.10M_cutadapt_gc_rl.tsv.gz
42,185201,VLD001.A0101.SG1.1.10M_cutadapt_gc_rl.tsv.gz
43,181370,VLD001.A0101.SG1.1.10M_cutadapt_gc_rl.tsv.gz
44,175448,VLD001.A0101.SG1.1.10M_cutadapt_gc_rl.tsv.gz
45,172983,VLD001.A0101.SG1.1.10M_cutadapt_gc_rl.tsv.gz
46,168985,VLD001.A0101.SG1.1.10M_cutadapt_gc_rl.tsv.gz
47,162640,VLD001.A0101.SG1.1.10M_cutadapt_gc_rl.tsv.gz
48,158050,VLD001.A0101.SG1.1.10M_cutadapt_gc_rl.tsv.gz
49,153047,VLD001.A0101.SG1.1.10M_cutadapt_gc_rl.tsv.gz
50,147231,VLD001.A0101.SG1.1.10M_cutadapt_gc_rl.tsv.gz
51,143953,VLD001.A0101.SG1.1.10M_cutadapt_gc_rl.tsv.gz
52,140041,VLD001.A0101.SG1.1.10M_cutadapt_gc_rl.tsv.gz
53,133781,VLD001.A0101.SG1.1.10M_cutadapt_gc_rl.tsv.gz
54,130071,VLD001.A0101.SG1.1.10M_cutadapt_gc_rl.tsv.gz
55,125355,VLD001.A0101.SG1.1.10M_cutadapt_gc_rl.tsv.gz
56,119486,VLD001.A0101.SG1.1.10M_cutadapt_gc_rl.tsv.gz
57,116211,VLD001.A0101.SG1.1.10M_cutadapt_gc_rl.tsv.gz
58,110861,VLD001.A0101.SG1.1.10M_cutadapt_gc_rl.tsv.gz
59,105087,VLD001.A0101.SG1.1.10M_cutadapt_gc_rl.tsv.gz
60,102912,VLD001.A0101.SG1.1.10M_cutadapt_gc_rl.tsv.gz
61,98077,VLD001.A0101.SG1.1.10M_cutadapt_gc_rl.tsv.gz
62,93516,VLD001.A0101.SG1.1.10M_cutadapt_gc_rl.tsv.gz
63,91906,VLD001.A0101.SG1.1.10M_cutadapt_gc_rl.tsv.gz
64,87557,VLD001.A0101.SG1.1.10M_cutadapt_gc_rl.tsv.gz
65,83740,VLD001.A0101.SG1.1.10M_cutadapt_gc_rl.tsv.gz
66,80534,VLD001.A0101.SG1.1.10M_cutadapt_gc_rl.tsv.gz
67,77617,VLD001.A0101.SG1.1.10M_cutadapt_gc_rl.tsv.gz
68,73621,VLD001.A0101.SG1.1.10M_cutadapt_gc_rl.tsv.gz
69,71871,VLD001.A0101.SG1.1.10M_cutadapt_gc_rl.tsv.gz
70,69154,VLD001.A0101.SG1.1.10M_cutadapt_gc_rl.tsv.gz
71,67436,VLD001.A0101.SG1.1.10M_cutadapt_gc_rl.tsv.gz
72,68943,VLD001.A0101.SG1.1.10M_cutadapt_gc_rl.tsv.gz
73,70037,VLD001.A0101.SG1.1.10M_cutadapt_gc_rl.tsv.gz
74,68230,VLD001.A0101.SG1.1.10M_cutadapt_gc_rl.tsv.gz
75,93611,VLD001.A0101.SG1.1.10M_cutadapt_gc_rl.tsv.gz
76,145504,VLD001.A0101.SG1.1.10M_cutadapt_gc_rl.tsv.gz
77,48627,VLD001.A0101.SG1.1.10M_cutadapt_gc_rl.tsv.gz
78,47075,VLD001.A0101.SG1.1.10M_cutadapt_gc_rl.tsv.gz
79,44660,VLD001.A0101.SG1.1.10M_cutadapt_gc_rl.tsv.gz
80,42358,VLD001.A0101.SG1.1.10M_cutadapt_gc_rl.tsv.gz
81,40867,VLD001.A0101.SG1.1.10M_cutadapt_gc_rl.tsv.gz
82,39151,VLD001.A0101.SG1.1.10M_cutadapt_gc_rl.tsv.gz
83,36821,VLD001.A0101.SG1.1.10M_cutadapt_gc_rl.tsv.gz
84,36119,VLD001.A0101.SG1.1.10M_cutadapt_gc_rl.tsv.gz
85,34181,VLD001.A0101.SG1.1.10M_cutadapt_gc_rl.tsv.gz
86,32601,VLD001.A0101.SG1.1.10M_cutadapt_gc_rl.tsv.gz
87,31853,VLD001.A0101.SG1.1.10M_cutadapt_gc_rl.tsv.gz
88,30369,VLD001.A0101.SG1.1.10M_cutadapt_gc_rl.tsv.gz
89,28665,VLD001.A0101.SG1.1.10M_cutadapt_gc_rl.tsv.gz
90,27652,VLD001.A0101.SG1.1.10M_cutadapt_gc_rl.tsv.gz
91,26505,VLD001.A0101.SG1.1.10M_cutadapt_gc_rl.tsv.gz
92,25306,VLD001.A0101.SG1.1.10M_cutadapt_gc_rl.tsv.gz
93,24149,VLD001.A0101.SG1.1.10M_cutadapt_gc_rl.tsv.gz
94,22926,VLD001.A0101.SG1.1.10M_cutadapt_gc_rl.tsv.gz
95,22082,VLD001.A0101.SG1.1.10M_cutadapt_gc_rl.tsv.gz
96,21187,VLD001.A0101.SG1.1.10M_cutadapt_gc_rl.tsv.gz
97,20030,VLD001.A0101.SG1.1.10M_cutadapt_gc_rl.tsv.gz
98,19233,VLD001.A0101.SG1.1.10M_cutadapt_gc_rl.tsv.gz
99,18400,VLD001.A0101.SG1.1.10M_cutadapt_gc_rl.tsv.gz
100,17893,VLD001.A0101.SG1.1.10M_cutadapt_gc_rl.tsv.gz
101,16816,VLD001.A0101.SG1.1.10M_cutadapt_gc_rl.tsv.gz
102,16191,VLD001.A0101.SG1.1.10M_cutadapt_gc_rl.tsv.gz
103,15360,VLD001.A0101.SG1.1.10M_cutadapt_gc_rl.tsv.gz
104,14748,VLD001.A0101.SG1.1.10M_cutadapt_gc_rl.tsv.gz
105,14333,VLD001.A0101.SG1.1.10M_cutadapt_gc_rl.tsv.gz
106,13361,VLD001.A0101.SG1.1.10M_cutadapt_gc_rl.tsv.gz
107,13033,VLD001.A0101.SG1.1.10M_cutadapt_gc_rl.tsv.gz
108,12488,VLD001.A0101.SG1.1.10M_cutadapt_gc_rl.tsv.gz
109,11782,VLD001.A0101.SG1.1.10M_cutadapt_gc_rl.tsv.gz
110,11130,VLD001.A0101.SG1.1.10M_cutadapt_gc_rl.tsv.gz
111,11182,VLD001.A0101.SG1.1.10M_cutadapt_gc_rl.tsv.gz
112,10351,VLD001.A0101.SG1.1.10M_cutadapt_gc_rl.tsv.gz
113,9852,VLD001.A0101.SG1.1.10M_cutadapt_gc_rl.tsv.gz
114,9420,VLD001.A0101.SG1.1.10M_cutadapt_gc_rl.tsv.gz
115,9070,VLD001.A0101.SG1.1.10M_cutadapt_gc_rl.tsv.gz
116,8531,VLD001.A0101.SG1.1.10M_cutadapt_gc_rl.tsv.gz
117,8328,VLD001.A0101.SG1.1.10M_cutadapt_gc_rl.tsv.gz
118,7899,VLD001.A0101.SG1.1.10M_cutadapt_gc_rl.tsv.gz
119,7494,VLD001.A0101.SG1.1.10M_cutadapt_gc_rl.tsv.gz
120,7265,VLD001.A0101.SG1.1.10M_cutadapt_gc_rl.tsv.gz
121,7002,VLD001.A0101.SG1.1.10M_cutadapt_gc_rl.tsv.gz
122,6562,VLD001.A0101.SG1.1.10M_cutadapt_gc_rl.tsv.gz
123,6484,VLD001.A0101.SG1.1.10M_cutadapt_gc_rl.tsv.gz
124,6009,VLD001.A0101.SG1.1.10M_cutadapt_gc_rl.tsv.gz
125,5742,VLD001.A0101.SG1.1.10M_cutadapt_gc_rl.tsv.gz
126,5658,VLD001.A0101.SG1.1.10M_cutadapt_gc_rl.tsv.gz
127,5242,VLD001.A0101.SG1.1.10M_cutadapt_gc_rl.tsv.gz
128,5011,VLD001.A0101.SG1.1.10M_cutadapt_gc_rl.tsv.gz
129,4895,VLD001.A0101.SG1.1.10M_cutadapt_gc_rl.tsv.gz
130,4676,VLD001.A0101.SG1.1.10M_cutadapt_gc_rl.tsv.gz
131,4421,VLD001.A0101.SG1.1.10M_cutadapt_gc_rl.tsv.gz
132,4230,VLD001.A0101.SG1.1.10M_cutadapt_gc_rl.tsv.gz
133,4104,VLD001.A0101.SG1.1.10M_cutadapt_gc_rl.tsv.gz
134,3946,VLD001.A0101.SG1.1.10M_cutadapt_gc_rl.tsv.gz
135,3772,VLD001.A0101.SG1.1.10M_cutadapt_gc_rl.tsv.gz
136,3642,VLD001.A0101.SG1.1.10M_cutadapt_gc_rl.tsv.gz
137,3552,VLD001.A0101.SG1.1.10M_cutadapt_gc_rl.tsv.gz
138,3371,VLD001.A0101.SG1.1.10M_cutadapt_gc_rl.tsv.gz
139,3139,VLD001.A0101.SG1.1.10M_cutadapt_gc_rl.tsv.gz
140,3263,VLD001.A0101.SG1.1.10M_cutadapt_gc_rl.tsv.gz
141,2656,VLD001.A0101.SG1.1.10M_cutadapt_gc_rl.tsv.gz
30,192128,VLD001.A0102.SG1.2.10M_cutadapt_gc_rl.tsv.gz
31,187086,VLD001.A0102.SG1.2.10M_cutadapt_gc_rl.tsv.gz
32,180880,VLD001.A0102.SG1.2.10M_cutadapt_gc_rl.tsv.gz
33,170768,VLD001.A0102.SG1.2.10M_cutadapt_gc_rl.tsv.gz
34,163428,VLD001.A0102.SG1.2.10M_cutadapt_gc_rl.tsv.gz
35,157750,VLD001.A0102.SG1.2.10M_cutadapt_gc_rl.tsv.gz
36,146457,VLD001.A0102.SG1.2.10M_cutadapt_gc_rl.tsv.gz
37,137399,VLD001.A0102.SG1.2.10M_cutadapt_gc_rl.tsv.gz
38,130749,VLD001.A0102.SG1.2.10M_cutadapt_gc_rl.tsv.gz
39,120399,VLD001.A0102.SG1.2.10M_cutadapt_gc_rl.tsv.gz
40,114513,VLD001.A0102.SG1.2.10M_cutadapt_gc_rl.tsv.gz
41,107986,VLD001.A0102.SG1.2.10M_cutadapt_gc_rl.tsv.gz
42,100016,VLD001.A0102.SG1.2.10M_cutadapt_gc_rl.tsv.gz
43,93630,VLD001.A0102.SG1.2.10M_cutadapt_gc_rl.tsv.gz
44,89271,VLD001.A0102.SG1.2.10M_cutadapt_gc_rl.tsv.gz
45,81397,VLD001.A0102.SG1.2.10M_cutadapt_gc_rl.tsv.gz
46,76513,VLD001.A0102.SG1.2.10M_cutadapt_gc_rl.tsv.gz
47,72275,VLD001.A0102.SG1.2.10M_cutadapt_gc_rl.tsv.gz
48,65807,VLD001.A0102.SG1.2.10M_cutadapt_gc_rl.tsv.gz
49,61678,VLD001.A0102.SG1.2.10M_cutadapt_gc_rl.tsv.gz
50,58224,VLD001.A0102.SG1.2.10M_cutadapt_gc_rl.tsv.gz
51,53437,VLD001.A0102.SG1.2.10M_cutadapt_gc_rl.tsv.gz
52,49450,VLD001.A0102.SG1.2.10M_cutadapt_gc_rl.tsv.gz
53,46048,VLD001.A0102.SG1.2.10M_cutadapt_gc_rl.tsv.gz
54,42815,VLD001.A0102.SG1.2.10M_cutadapt_gc_rl.tsv.gz
55,40004,VLD001.A0102.SG1.2.10M_cutadapt_gc_rl.tsv.gz
56,37967,VLD001.A0102.SG1.2.10M_cutadapt_gc_rl.tsv.gz
57,34733,VLD001.A0102.SG1.2.10M_cutadapt_gc_rl.tsv.gz
58,32206,VLD001.A0102.SG1.2.10M_cutadapt_gc_rl.tsv.gz
59,30305,VLD001.A0102.SG1.2.10M_cutadapt_gc_rl.tsv.gz
60,27980,VLD001.A0102.SG1.2.10M_cutadapt_gc_rl.tsv.gz
61,25970,VLD001.A0102.SG1.2.10M_cutadapt_gc_rl.tsv.gz
62,24666,VLD001.A0102.SG1.2.10M_cutadapt_gc_rl.tsv.gz
63,22291,VLD001.A0102.SG1.2.10M_cutadapt_gc_rl.tsv.gz
64,21100,VLD001.A0102.SG1.2.10M_cutadapt_gc_rl.tsv.gz
65,20143,VLD001.A0102.SG1.2.10M_cutadapt_gc_rl.tsv.gz
66,18500,VLD001.A0102.SG1.2.10M_cutadapt_gc_rl.tsv.gz
67,17155,VLD001.A0102.SG1.2.10M_cutadapt_gc_rl.tsv.gz
68,16293,VLD001.A0102.SG1.2.10M_cutadapt_gc_rl.tsv.gz
69,15028,VLD001.A0102.SG1.2.10M_cutadapt_gc_rl.tsv.gz
70,14386,VLD001.A0102.SG1.2.10M_cutadapt_gc_rl.tsv.gz
71,13568,VLD001.A0102.SG1.2.10M_cutadapt_gc_rl.tsv.gz
72,12990,VLD001.A0102.SG1.2.10M_cutadapt_gc_rl.tsv.gz
73,13330,VLD001.A0102.SG1.2.10M_cutadapt_gc_rl.tsv.gz
74,11131,VLD001.A0102.SG1.2.10M_cutadapt_gc_rl.tsv.gz
75,11204,VLD001.A0102.SG1.2.10M_cutadapt_gc_rl.tsv.gz
76,22337,VLD001.A0102.SG1.2.10M_cutadapt_gc_rl.tsv.gz
77,8611,VLD001.A0102.SG1.2.10M_cutadapt_gc_rl.tsv.gz
78,7877,VLD001.A0102.SG1.2.10M_cutadapt_gc_rl.tsv.gz
79,7417,VLD001.A0102.SG1.2.10M_cutadapt_gc_rl.tsv.gz
80,6897,VLD001.A0102.SG1.2.10M_cutadapt_gc_rl.tsv.gz
81,6469,VLD001.A0102.SG1.2.10M_cutadapt_gc_rl.tsv.gz
82,6024,VLD001.A0102.SG1.2.10M_cutadapt_gc_rl.tsv.gz
83,5713,VLD001.A0102.SG1.2.10M_cutadapt_gc_rl.tsv.gz
84,5317,VLD001.A0102.SG1.2.10M_cutadapt_gc_rl.tsv.gz
85,4955,VLD001.A0102.SG1.2.10M_cutadapt_gc_rl.tsv.gz
86,4624,VLD001.A0102.SG1.2.10M_cutadapt_gc_rl.tsv.gz
87,4392,VLD001.A0102.SG1.2.10M_cutadapt_gc_rl.tsv.gz
88,4067,VLD001.A0102.SG1.2.10M_cutadapt_gc_rl.tsv.gz
89,3804,VLD001.A0102.SG1.2.10M_cutadapt_gc_rl.tsv.gz
90,3650,VLD001.A0102.SG1.2.10M_cutadapt_gc_rl.tsv.gz
91,3460,VLD001.A0102.SG1.2.10M_cutadapt_gc_rl.tsv.gz
92,3264,VLD001.A0102.SG1.2.10M_cutadapt_gc_rl.tsv.gz
93,2953,VLD001.A0102.SG1.2.10M_cutadapt_gc_rl.tsv.gz
94,2816,VLD001.A0102.SG1.2.10M_cutadapt_gc_rl.tsv.gz
95,2796,VLD001.A0102.SG1.2.10M_cutadapt_gc_rl.tsv.gz
96,2489,VLD001.A0102.SG1.2.10M_cutadapt_gc_rl.tsv.gz
97,2404,VLD001.A0102.SG1.2.10M_cutadapt_gc_rl.tsv.gz
98,2297,VLD001.A0102.SG1.2.10M_cutadapt_gc_rl.tsv.gz
99,2108,VLD001.A0102.SG1.2.10M_cutadapt_gc_rl.tsv.gz
100,1974,VLD001.A0102.SG1.2.10M_cutadapt_gc_rl.tsv.gz
101,1909,VLD001.A0102.SG1.2.10M_cutadapt_gc_rl.tsv.gz
102,1756,VLD001.A0102.SG1.2.10M_cutadapt_gc_rl.tsv.gz
103,1697,VLD001.A0102.SG1.2.10M_cutadapt_gc_rl.tsv.gz
104,1640,VLD001.A0102.SG1.2.10M_cutadapt_gc_rl.tsv.gz
105,1593,VLD001.A0102.SG1.2.10M_cutadapt_gc_rl.tsv.gz
106,1448,VLD001.A0102.SG1.2.10M_cutadapt_gc_rl.tsv.gz
107,1394,VLD001.A0102.SG1.2.10M_cutadapt_gc_rl.tsv.gz
108,1340,VLD001.A0102.SG1.2.10M_cutadapt_gc_rl.tsv.gz
109,1199,VLD001.A0102.SG1.2.10M_cutadapt_gc_rl.tsv.gz
110,1185,VLD001.A0102.SG1.2.10M_cutadapt_gc_rl.tsv.gz
111,1074,VLD001.A0102.SG1.2.10M_cutadapt_gc_rl.tsv.gz
112,1056,VLD001.A0102.SG1.2.10M_cutadapt_gc_rl.tsv.gz
113,951,VLD001.A0102.SG1.2.10M_cutadapt_gc_rl.tsv.gz
114,949,VLD001.A0102.SG1.2.10M_cutadapt_gc_rl.tsv.gz
115,942,VLD001.A0102.SG1.2.10M_cutadapt_gc_rl.tsv.gz
116,868,VLD001.A0102.SG1.2.10M_cutadapt_gc_rl.tsv.gz
117,843,VLD001.A0102.SG1.2.10M_cutadapt_gc_rl.tsv.gz
118,775,VLD001.A0102.SG1.2.10M_cutadapt_gc_rl.tsv.gz
119,699,VLD001.A0102.SG1.2.10M_cutadapt_gc_rl.tsv.gz
120,667,VLD001.A0102.SG1.2.10M_cutadapt_gc_rl.tsv.gz
121,663,VLD001.A0102.SG1.2.10M_cutadapt_gc_rl.tsv.gz
122,595,VLD001.A0102.SG1.2.10M_cutadapt_gc_rl.tsv.gz
123,606,VLD001.A0102.SG1.2.10M_cutadapt_gc_rl.tsv.gz
124,532,VLD001.A0102.SG1.2.10M_cutadapt_gc_rl.tsv.gz
125,531,VLD001.A0102.SG1.2.10M_cutadapt_gc_rl.tsv.gz
126,498,VLD001.A0102.SG1.2.10M_cutadapt_gc_rl.tsv.gz
127,491,VLD001.A0102.SG1.2.10M_cutadapt_gc_rl.tsv.gz
128,467,VLD001.A0102.SG1.2.10M_cutadapt_gc_rl.tsv.gz
129,438,VLD001.A0102.SG1.2.10M_cutadapt_gc_rl.tsv.gz
130,409,VLD001.A0102.SG1.2.10M_cutadapt_gc_rl.tsv.gz
131,420,VLD001.A0102.SG1.2.10M_cutadapt_gc_rl.tsv.gz
132,364,VLD001.A0102.SG1.2.10M_cutadapt_gc_rl.tsv.gz
133,368,VLD001.A0102.SG1.2.10M_cutadapt_gc_rl.tsv.gz
134,341,VLD001.A0102.SG1.2.10M_cutadapt_gc_rl.tsv.gz
135,347,VLD001.A0102.SG1.2.10M_cutadapt_gc_rl.tsv.gz
136,339,VLD001.A0102.SG1.2.10M_cutadapt_gc_rl.tsv.gz
137,325,VLD001.A0102.SG1.2.10M_cutadapt_gc_rl.tsv.gz
138,292,VLD001.A0102.SG1.2.10M_cutadapt_gc_rl.tsv.gz
139,289,VLD001.A0102.SG1.2.10M_cutadapt_gc_rl.tsv.gz
140,275,VLD001.A0102.SG1.2.10M_cutadapt_gc_rl.tsv.gz
141,242,VLD001.A0102.SG1.2.10M_cutadapt_gc_rl.tsv.gz
30,248399,ZAF001.A0101.SG1.1.10M_cutadapt_gc_rl.tsv.gz
31,245010,ZAF001.A0101.SG1.1.10M_cutadapt_gc_rl.tsv.gz
32,236962,ZAF001.A0101.SG1.1.10M_cutadapt_gc_rl.tsv.gz
33,231377,ZAF001.A0101.SG1.1.10M_cutadapt_gc_rl.tsv.gz
34,224407,ZAF001.A0101.SG1.1.10M_cutadapt_gc_rl.tsv.gz
35,213187,ZAF001.A0101.SG1.1.10M_cutadapt_gc_rl.tsv.gz
36,204783,ZAF001.A0101.SG1.1.10M_cutadapt_gc_rl.tsv.gz
37,193921,ZAF001.A0101.SG1.1.10M_cutadapt_gc_rl.tsv.gz
38,181838,ZAF001.A0101.SG1.1.10M_cutadapt_gc_rl.tsv.gz
39,174608,ZAF001.A0101.SG1.1.10M_cutadapt_gc_rl.tsv.gz
40,164973,ZAF001.A0101.SG1.1.10M_cutadapt_gc_rl.tsv.gz
41,154566,ZAF001.A0101.SG1.1.10M_cutadapt_gc_rl.tsv.gz
42,147692,ZAF001.A0101.SG1.1.10M_cutadapt_gc_rl.tsv.gz
43,139116,ZAF001.A0101.SG1.1.10M_cutadapt_gc_rl.tsv.gz
44,130244,ZAF001.A0101.SG1.1.10M_cutadapt_gc_rl.tsv.gz
45,124276,ZAF001.A0101.SG1.1.10M_cutadapt_gc_rl.tsv.gz
46,117131,ZAF001.A0101.SG1.1.10M_cutadapt_gc_rl.tsv.gz
47,109508,ZAF001.A0101.SG1.1.10M_cutadapt_gc_rl.tsv.gz
48,103677,ZAF001.A0101.SG1.1.10M_cutadapt_gc_rl.tsv.gz
49,97344,ZAF001.A0101.SG1.1.10M_cutadapt_gc_rl.tsv.gz
50,92453,ZAF001.A0101.SG1.1.10M_cutadapt_gc_rl.tsv.gz
51,87388,ZAF001.A0101.SG1.1.10M_cutadapt_gc_rl.tsv.gz
52,82291,ZAF001.A0101.SG1.1.10M_cutadapt_gc_rl.tsv.gz
53,78453,ZAF001.A0101.SG1.1.10M_cutadapt_gc_rl.tsv.gz
54,73880,ZAF001.A0101.SG1.1.10M_cutadapt_gc_rl.tsv.gz
55,70497,ZAF001.A0101.SG1.1.10M_cutadapt_gc_rl.tsv.gz
56,66607,ZAF001.A0101.SG1.1.10M_cutadapt_gc_rl.tsv.gz
57,62789,ZAF001.A0101.SG1.1.10M_cutadapt_gc_rl.tsv.gz
58,59120,ZAF001.A0101.SG1.1.10M_cutadapt_gc_rl.tsv.gz
59,56126,ZAF001.A0101.SG1.1.10M_cutadapt_gc_rl.tsv.gz
60,53220,ZAF001.A0101.SG1.1.10M_cutadapt_gc_rl.tsv.gz
61,50438,ZAF001.A0101.SG1.1.10M_cutadapt_gc_rl.tsv.gz
62,47484,ZAF001.A0101.SG1.1.10M_cutadapt_gc_rl.tsv.gz
63,46356,ZAF001.A0101.SG1.1.10M_cutadapt_gc_rl.tsv.gz
64,43576,ZAF001.A0101.SG1.1.10M_cutadapt_gc_rl.tsv.gz
65,41499,ZAF001.A0101.SG1.1.10M_cutadapt_gc_rl.tsv.gz
66,39733,ZAF001.A0101.SG1.1.10M_cutadapt_gc_rl.tsv.gz
67,38028,ZAF001.A0101.SG1.1.10M_cutadapt_gc_rl.tsv.gz
68,36337,ZAF001.A0101.SG1.1.10M_cutadapt_gc_rl.tsv.gz
69,35082,ZAF001.A0101.SG1.1.10M_cutadapt_gc_rl.tsv.gz
70,34417,ZAF001.A0101.SG1.1.10M_cutadapt_gc_rl.tsv.gz
71,33814,ZAF001.A0101.SG1.1.10M_cutadapt_gc_rl.tsv.gz
72,35165,ZAF001.A0101.SG1.1.10M_cutadapt_gc_rl.tsv.gz
73,38370,ZAF001.A0101.SG1.1.10M_cutadapt_gc_rl.tsv.gz
74,39800,ZAF001.A0101.SG1.1.10M_cutadapt_gc_rl.tsv.gz
75,67227,ZAF001.A0101.SG1.1.10M_cutadapt_gc_rl.tsv.gz
76,126075,ZAF001.A0101.SG1.1.10M_cutadapt_gc_rl.tsv.gz
77,21928,ZAF001.A0101.SG1.1.10M_cutadapt_gc_rl.tsv.gz
78,21746,ZAF001.A0101.SG1.1.10M_cutadapt_gc_rl.tsv.gz
79,20687,ZAF001.A0101.SG1.1.10M_cutadapt_gc_rl.tsv.gz
80,19725,ZAF001.A0101.SG1.1.10M_cutadapt_gc_rl.tsv.gz
81,18774,ZAF001.A0101.SG1.1.10M_cutadapt_gc_rl.tsv.gz
82,17657,ZAF001.A0101.SG1.1.10M_cutadapt_gc_rl.tsv.gz
83,17153,ZAF001.A0101.SG1.1.10M_cutadapt_gc_rl.tsv.gz
84,16195,ZAF001.A0101.SG1.1.10M_cutadapt_gc_rl.tsv.gz
85,15549,ZAF001.A0101.SG1.1.10M_cutadapt_gc_rl.tsv.gz
86,14955,ZAF001.A0101.SG1.1.10M_cutadapt_gc_rl.tsv.gz
87,14414,ZAF001.A0101.SG1.1.10M_cutadapt_gc_rl.tsv.gz
88,14006,ZAF001.A0101.SG1.1.10M_cutadapt_gc_rl.tsv.gz
89,13374,ZAF001.A0101.SG1.1.10M_cutadapt_gc_rl.tsv.gz
90,12941,ZAF001.A0101.SG1.1.10M_cutadapt_gc_rl.tsv.gz
91,12223,ZAF001.A0101.SG1.1.10M_cutadapt_gc_rl.tsv.gz
92,11763,ZAF001.A0101.SG1.1.10M_cutadapt_gc_rl.tsv.gz
93,11293,ZAF001.A0101.SG1.1.10M_cutadapt_gc_rl.tsv.gz
94,10760,ZAF001.A0101.SG1.1.10M_cutadapt_gc_rl.tsv.gz
95,10648,ZAF001.A0101.SG1.1.10M_cutadapt_gc_rl.tsv.gz
96,10091,ZAF001.A0101.SG1.1.10M_cutadapt_gc_rl.tsv.gz
97,9845,ZAF001.A0101.SG1.1.10M_cutadapt_gc_rl.tsv.gz
98,9147,ZAF001.A0101.SG1.1.10M_cutadapt_gc_rl.tsv.gz
99,9090,ZAF001.A0101.SG1.1.10M_cutadapt_gc_rl.tsv.gz
100,8799,ZAF001.A0101.SG1.1.10M_cutadapt_gc_rl.tsv.gz
101,8319,ZAF001.A0101.SG1.1.10M_cutadapt_gc_rl.tsv.gz
102,8028,ZAF001.A0101.SG1.1.10M_cutadapt_gc_rl.tsv.gz
103,7814,ZAF001.A0101.SG1.1.10M_cutadapt_gc_rl.tsv.gz
104,7475,ZAF001.A0101.SG1.1.10M_cutadapt_gc_rl.tsv.gz
105,7089,ZAF001.A0101.SG1.1.10M_cutadapt_gc_rl.tsv.gz
106,7075,ZAF001.A0101.SG1.1.10M_cutadapt_gc_rl.tsv.gz
107,6716,ZAF001.A0101.SG1.1.10M_cutadapt_gc_rl.tsv.gz
108,6415,ZAF001.A0101.SG1.1.10M_cutadapt_gc_rl.tsv.gz
109,6329,ZAF001.A0101.SG1.1.10M_cutadapt_gc_rl.tsv.gz
110,6164,ZAF001.A0101.SG1.1.10M_cutadapt_gc_rl.tsv.gz
111,5848,ZAF001.A0101.SG1.1.10M_cutadapt_gc_rl.tsv.gz
112,5646,ZAF001.A0101.SG1.1.10M_cutadapt_gc_rl.tsv.gz
113,5452,ZAF001.A0101.SG1.1.10M_cutadapt_gc_rl.tsv.gz
114,5128,ZAF001.A0101.SG1.1.10M_cutadapt_gc_rl.tsv.gz
115,5096,ZAF001.A0101.SG1.1.10M_cutadapt_gc_rl.tsv.gz
116,4842,ZAF001.A0101.SG1.1.10M_cutadapt_gc_rl.tsv.gz
117,4833,ZAF001.A0101.SG1.1.10M_cutadapt_gc_rl.tsv.gz
118,4613,ZAF001.A0101.SG1.1.10M_cutadapt_gc_rl.tsv.gz
119,4439,ZAF001.A0101.SG1.1.10M_cutadapt_gc_rl.tsv.gz
120,4456,ZAF001.A0101.SG1.1.10M_cutadapt_gc_rl.tsv.gz
121,4382,ZAF001.A0101.SG1.1.10M_cutadapt_gc_rl.tsv.gz
122,4173,ZAF001.A0101.SG1.1.10M_cutadapt_gc_rl.tsv.gz
123,3917,ZAF001.A0101.SG1.1.10M_cutadapt_gc_rl.tsv.gz
124,3717,ZAF001.A0101.SG1.1.10M_cutadapt_gc_rl.tsv.gz
125,3678,ZAF001.A0101.SG1.1.10M_cutadapt_gc_rl.tsv.gz
126,3552,ZAF001.A0101.SG1.1.10M_cutadapt_gc_rl.tsv.gz
127,3392,ZAF001.A0101.SG1.1.10M_cutadapt_gc_rl.tsv.gz
128,3306,ZAF001.A0101.SG1.1.10M_cutadapt_gc_rl.tsv.gz
129,3243,ZAF001.A0101.SG1.1.10M_cutadapt_gc_rl.tsv.gz
130,3229,ZAF001.A0101.SG1.1.10M_cutadapt_gc_rl.tsv.gz
131,3148,ZAF001.A0101.SG1.1.10M_cutadapt_gc_rl.tsv.gz
132,3028,ZAF001.A0101.SG1.1.10M_cutadapt_gc_rl.tsv.gz
133,2994,ZAF001.A0101.SG1.1.10M_cutadapt_gc_rl.tsv.gz
134,2957,ZAF001.A0101.SG1.1.10M_cutadapt_gc_rl.tsv.gz
135,2878,ZAF001.A0101.SG1.1.10M_cutadapt_gc_rl.tsv.gz
136,2708,ZAF001.A0101.SG1.1.10M_cutadapt_gc_rl.tsv.gz
137,2817,ZAF001.A0101.SG1.1.10M_cutadapt_gc_rl.tsv.gz
138,2646,ZAF001.A0101.SG1.1.10M_cutadapt_gc_rl.tsv.gz
139,2595,ZAF001.A0101.SG1.1.10M_cutadapt_gc_rl.tsv.gz
140,2882,ZAF001.A0101.SG1.1.10M_cutadapt_gc_rl.tsv.gz
141,2304,ZAF001.A0101.SG1.1.10M_cutadapt_gc_rl.tsv.gz
30,87244,ZAF001.A0103.SG1.4.10M_cutadapt_gc_rl.tsv.gz
31,82468,ZAF001.A0103.SG1.4.10M_cutadapt_gc_rl.tsv.gz
32,77102,ZAF001.A0103.SG1.4.10M_cutadapt_gc_rl.tsv.gz
33,70806,ZAF001.A0103.SG1.4.10M_cutadapt_gc_rl.tsv.gz
34,66497,ZAF001.A0103.SG1.4.10M_cutadapt_gc_rl.tsv.gz
35,61458,ZAF001.A0103.SG1.4.10M_cutadapt_gc_rl.tsv.gz
36,55680,ZAF001.A0103.SG1.4.10M_cutadapt_gc_rl.tsv.gz
37,51383,ZAF001.A0103.SG1.4.10M_cutadapt_gc_rl.tsv.gz
38,46991,ZAF001.A0103.SG1.4.10M_cutadapt_gc_rl.tsv.gz
39,42417,ZAF001.A0103.SG1.4.10M_cutadapt_gc_rl.tsv.gz
40,39231,ZAF001.A0103.SG1.4.10M_cutadapt_gc_rl.tsv.gz
41,36001,ZAF001.A0103.SG1.4.10M_cutadapt_gc_rl.tsv.gz
42,32228,ZAF001.A0103.SG1.4.10M_cutadapt_gc_rl.tsv.gz
43,30048,ZAF001.A0103.SG1.4.10M_cutadapt_gc_rl.tsv.gz
44,27567,ZAF001.A0103.SG1.4.10M_cutadapt_gc_rl.tsv.gz
45,25061,ZAF001.A0103.SG1.4.10M_cutadapt_gc_rl.tsv.gz
46,22737,ZAF001.A0103.SG1.4.10M_cutadapt_gc_rl.tsv.gz
47,20836,ZAF001.A0103.SG1.4.10M_cutadapt_gc_rl.tsv.gz
48,19070,ZAF001.A0103.SG1.4.10M_cutadapt_gc_rl.tsv.gz
49,17610,ZAF001.A0103.SG1.4.10M_cutadapt_gc_rl.tsv.gz
50,15778,ZAF001.A0103.SG1.4.10M_cutadapt_gc_rl.tsv.gz
51,14255,ZAF001.A0103.SG1.4.10M_cutadapt_gc_rl.tsv.gz
52,13232,ZAF001.A0103.SG1.4.10M_cutadapt_gc_rl.tsv.gz
53,12146,ZAF001.A0103.SG1.4.10M_cutadapt_gc_rl.tsv.gz
54,11099,ZAF001.A0103.SG1.4.10M_cutadapt_gc_rl.tsv.gz
55,10313,ZAF001.A0103.SG1.4.10M_cutadapt_gc_rl.tsv.gz
56,9522,ZAF001.A0103.SG1.4.10M_cutadapt_gc_rl.tsv.gz
57,8593,ZAF001.A0103.SG1.4.10M_cutadapt_gc_rl.tsv.gz
58,7890,ZAF001.A0103.SG1.4.10M_cutadapt_gc_rl.tsv.gz
59,7463,ZAF001.A0103.SG1.4.10M_cutadapt_gc_rl.tsv.gz
60,6850,ZAF001.A0103.SG1.4.10M_cutadapt_gc_rl.tsv.gz
61,6539,ZAF001.A0103.SG1.4.10M_cutadapt_gc_rl.tsv.gz
62,5980,ZAF001.A0103.SG1.4.10M_cutadapt_gc_rl.tsv.gz
63,5573,ZAF001.A0103.SG1.4.10M_cutadapt_gc_rl.tsv.gz
64,5081,ZAF001.A0103.SG1.4.10M_cutadapt_gc_rl.tsv.gz
65,4808,ZAF001.A0103.SG1.4.10M_cutadapt_gc_rl.tsv.gz
66,4501,ZAF001.A0103.SG1.4.10M_cutadapt_gc_rl.tsv.gz
67,4385,ZAF001.A0103.SG1.4.10M_cutadapt_gc_rl.tsv.gz
68,4267,ZAF001.A0103.SG1.4.10M_cutadapt_gc_rl.tsv.gz
69,4066,ZAF001.A0103.SG1.4.10M_cutadapt_gc_rl.tsv.gz
70,4286,ZAF001.A0103.SG1.4.10M_cutadapt_gc_rl.tsv.gz
71,4492,ZAF001.A0103.SG1.4.10M_cutadapt_gc_rl.tsv.gz
72,5149,ZAF001.A0103.SG1.4.10M_cutadapt_gc_rl.tsv.gz
73,6796,ZAF001.A0103.SG1.4.10M_cutadapt_gc_rl.tsv.gz
74,6319,ZAF001.A0103.SG1.4.10M_cutadapt_gc_rl.tsv.gz
75,8608,ZAF001.A0103.SG1.4.10M_cutadapt_gc_rl.tsv.gz
76,18426,ZAF001.A0103.SG1.4.10M_cutadapt_gc_rl.tsv.gz
77,2181,ZAF001.A0103.SG1.4.10M_cutadapt_gc_rl.tsv.gz
78,2009,ZAF001.A0103.SG1.4.10M_cutadapt_gc_rl.tsv.gz
79,1868,ZAF001.A0103.SG1.4.10M_cutadapt_gc_rl.tsv.gz
80,1608,ZAF001.A0103.SG1.4.10M_cutadapt_gc_rl.tsv.gz
81,1668,ZAF001.A0103.SG1.4.10M_cutadapt_gc_rl.tsv.gz
82,1596,ZAF001.A0103.SG1.4.10M_cutadapt_gc_rl.tsv.gz
83,1472,ZAF001.A0103.SG1.4.10M_cutadapt_gc_rl.tsv.gz
84,1380,ZAF001.A0103.SG1.4.10M_cutadapt_gc_rl.tsv.gz
85,1249,ZAF001.A0103.SG1.4.10M_cutadapt_gc_rl.tsv.gz
86,1254,ZAF001.A0103.SG1.4.10M_cutadapt_gc_rl.tsv.gz
87,1166,ZAF001.A0103.SG1.4.10M_cutadapt_gc_rl.tsv.gz
88,1043,ZAF001.A0103.SG1.4.10M_cutadapt_gc_rl.tsv.gz
89,1087,ZAF001.A0103.SG1.4.10M_cutadapt_gc_rl.tsv.gz
90,1001,ZAF001.A0103.SG1.4.10M_cutadapt_gc_rl.tsv.gz
91,931,ZAF001.A0103.SG1.4.10M_cutadapt_gc_rl.tsv.gz
92,987,ZAF001.A0103.SG1.4.10M_cutadapt_gc_rl.tsv.gz
93,895,ZAF001.A0103.SG1.4.10M_cutadapt_gc_rl.tsv.gz
94,807,ZAF001.A0103.SG1.4.10M_cutadapt_gc_rl.tsv.gz
95,803,ZAF001.A0103.SG1.4.10M_cutadapt_gc_rl.tsv.gz
96,797,ZAF001.A0103.SG1.4.10M_cutadapt_gc_rl.tsv.gz
97,714,ZAF001.A0103.SG1.4.10M_cutadapt_gc_rl.tsv.gz
98,660,ZAF001.A0103.SG1.4.10M_cutadapt_gc_rl.tsv.gz
99,668,ZAF001.A0103.SG1.4.10M_cutadapt_gc_rl.tsv.gz
100,633,ZAF001.A0103.SG1.4.10M_cutadapt_gc_rl.tsv.gz
101,590,ZAF001.A0103.SG1.4.10M_cutadapt_gc_rl.tsv.gz
102,560,ZAF001.A0103.SG1.4.10M_cutadapt_gc_rl.tsv.gz
103,554,ZAF001.A0103.SG1.4.10M_cutadapt_gc_rl.tsv.gz
104,536,ZAF001.A0103.SG1.4.10M_cutadapt_gc_rl.tsv.gz
105,498,ZAF001.A0103.SG1.4.10M_cutadapt_gc_rl.tsv.gz
106,505,ZAF001.A0103.SG1.4.10M_cutadapt_gc_rl.tsv.gz
107,451,ZAF001.A0103.SG1.4.10M_cutadapt_gc_rl.tsv.gz
108,430,ZAF001.A0103.SG1.4.10M_cutadapt_gc_rl.tsv.gz
109,404,ZAF001.A0103.SG1.4.10M_cutadapt_gc_rl.tsv.gz
110,393,ZAF001.A0103.SG1.4.10M_cutadapt_gc_rl.tsv.gz
111,395,ZAF001.A0103.SG1.4.10M_cutadapt_gc_rl.tsv.gz
112,395,ZAF001.A0103.SG1.4.10M_cutadapt_gc_rl.tsv.gz
113,383,ZAF001.A0103.SG1.4.10M_cutadapt_gc_rl.tsv.gz
114,334,ZAF001.A0103.SG1.4.10M_cutadapt_gc_rl.tsv.gz
115,338,ZAF001.A0103.SG1.4.10M_cutadapt_gc_rl.tsv.gz
116,332,ZAF001.A0103.SG1.4.10M_cutadapt_gc_rl.tsv.gz
117,332,ZAF001.A0103.SG1.4.10M_cutadapt_gc_rl.tsv.gz
118,313,ZAF001.A0103.SG1.4.10M_cutadapt_gc_rl.tsv.gz
119,317,ZAF001.A0103.SG1.4.10M_cutadapt_gc_rl.tsv.gz
120,292,ZAF001.A0103.SG1.4.10M_cutadapt_gc_rl.tsv.gz
121,294,ZAF001.A0103.SG1.4.10M_cutadapt_gc_rl.tsv.gz
122,289,ZAF001.A0103.SG1.4.10M_cutadapt_gc_rl.tsv.gz
123,281,ZAF001.A0103.SG1.4.10M_cutadapt_gc_rl.tsv.gz
124,241,ZAF001.A0103.SG1.4.10M_cutadapt_gc_rl.tsv.gz
125,240,ZAF001.A0103.SG1.4.10M_cutadapt_gc_rl.tsv.gz
126,226,ZAF001.A0103.SG1.4.10M_cutadapt_gc_rl.tsv.gz
127,224,ZAF001.A0103.SG1.4.10M_cutadapt_gc_rl.tsv.gz
128,215,ZAF001.A0103.SG1.4.10M_cutadapt_gc_rl.tsv.gz
129,211,ZAF001.A0103.SG1.4.10M_cutadapt_gc_rl.tsv.gz
130,197,ZAF001.A0103.SG1.4.10M_cutadapt_gc_rl.tsv.gz
131,237,ZAF001.A0103.SG1.4.10M_cutadapt_gc_rl.tsv.gz
132,204,ZAF001.A0103.SG1.4.10M_cutadapt_gc_rl.tsv.gz
133,194,ZAF001.A0103.SG1.4.10M_cutadapt_gc_rl.tsv.gz
134,210,ZAF001.A0103.SG1.4.10M_cutadapt_gc_rl.tsv.gz
135,195,ZAF001.A0103.SG1.4.10M_cutadapt_gc_rl.tsv.gz
136,194,ZAF001.A0103.SG1.4.10M_cutadapt_gc_rl.tsv.gz
137,179,ZAF001.A0103.SG1.4.10M_cutadapt_gc_rl.tsv.gz
138,163,ZAF001.A0103.SG1.4.10M_cutadapt_gc_rl.tsv.gz
139,174,ZAF001.A0103.SG1.4.10M_cutadapt_gc_rl.tsv.gz
140,230,ZAF001.A0103.SG1.4.10M_cutadapt_gc_rl.tsv.gz
141,159,ZAF001.A0103.SG1.4.10M_cutadapt_gc_rl.tsv.gz
