gc_bin,counts_gc,Study
"(19,20]",2,BAN001.A0101.SG1.1_10M.oral_gc_rl.tsv.gz
"(22,23]",2,BAN001.A0101.SG1.1_10M.oral_gc_rl.tsv.gz
"(23,24]",3,BAN001.A0101.SG1.1_10M.oral_gc_rl.tsv.gz
"(24,25]",1,BAN001.A0101.SG1.1_10M.oral_gc_rl.tsv.gz
"(25,26]",2,BAN001.A0101.SG1.1_10M.oral_gc_rl.tsv.gz
"(26,27]",3,BAN001.A0101.SG1.1_10M.oral_gc_rl.tsv.gz
"(27,28]",3,BAN001.A0101.SG1.1_10M.oral_gc_rl.tsv.gz
"(28,29]",6,BAN001.A0101.SG1.1_10M.oral_gc_rl.tsv.gz
"(29,30]",3,BAN001.A0101.SG1.1_10M.oral_gc_rl.tsv.gz
"(30,31]",5,BAN001.A0101.SG1.1_10M.oral_gc_rl.tsv.gz
"(31,32]",5,BAN001.A0101.SG1.1_10M.oral_gc_rl.tsv.gz
"(32,33]",10,BAN001.A0101.SG1.1_10M.oral_gc_rl.tsv.gz
"(33,34]",10,BAN001.A0101.SG1.1_10M.oral_gc_rl.tsv.gz
"(34,35]",11,BAN001.A0101.SG1.1_10M.oral_gc_rl.tsv.gz
"(35,36]",7,BAN001.A0101.SG1.1_10M.oral_gc_rl.tsv.gz
"(36,37]",12,BAN001.A0101.SG1.1_10M.oral_gc_rl.tsv.gz
"(37,38]",7,BAN001.A0101.SG1.1_10M.oral_gc_rl.tsv.gz
"(38,39]",7,BAN001.A0101.SG1.1_10M.oral_gc_rl.tsv.gz
"(39,40]",9,BAN001.A0101.SG1.1_10M.oral_gc_rl.tsv.gz
"(40,41]",9,BAN001.A0101.SG1.1_10M.oral_gc_rl.tsv.gz
"(41,42]",16,BAN001.A0101.SG1.1_10M.oral_gc_rl.tsv.gz
"(42,43]",13,BAN001.A0101.SG1.1_10M.oral_gc_rl.tsv.gz
"(43,44]",18,BAN001.A0101.SG1.1_10M.oral_gc_rl.tsv.gz
"(44,45]",14,BAN001.A0101.SG1.1_10M.oral_gc_rl.tsv.gz
"(45,46]",17,BAN001.A0101.SG1.1_10M.oral_gc_rl.tsv.gz
"(46,47]",28,BAN001.A0101.SG1.1_10M.oral_gc_rl.tsv.gz
"(47,48]",14,BAN001.A0101.SG1.1_10M.oral_gc_rl.tsv.gz
"(48,49]",13,BAN001.A0101.SG1.1_10M.oral_gc_rl.tsv.gz
"(49,50]",30,BAN001.A0101.SG1.1_10M.oral_gc_rl.tsv.gz
"(50,51]",3,BAN001.A0101.SG1.1_10M.oral_gc_rl.tsv.gz
"(51,52]",19,BAN001.A0101.SG1.1_10M.oral_gc_rl.tsv.gz
"(52,53]",15,BAN001.A0101.SG1.1_10M.oral_gc_rl.tsv.gz
"(53,54]",22,BAN001.A0101.SG1.1_10M.oral_gc_rl.tsv.gz
"(54,55]",18,BAN001.A0101.SG1.1_10M.oral_gc_rl.tsv.gz
"(55,56]",26,BAN001.A0101.SG1.1_10M.oral_gc_rl.tsv.gz
"(56,57]",18,BAN001.A0101.SG1.1_10M.oral_gc_rl.tsv.gz
"(57,58]",19,BAN001.A0101.SG1.1_10M.oral_gc_rl.tsv.gz
"(58,59]",12,BAN001.A0101.SG1.1_10M.oral_gc_rl.tsv.gz
"(59,60]",22,BAN001.A0101.SG1.1_10M.oral_gc_rl.tsv.gz
"(60,61]",15,BAN001.A0101.SG1.1_10M.oral_gc_rl.tsv.gz
"(61,62]",14,BAN001.A0101.SG1.1_10M.oral_gc_rl.tsv.gz
"(62,63]",16,BAN001.A0101.SG1.1_10M.oral_gc_rl.tsv.gz
"(63,64]",14,BAN001.A0101.SG1.1_10M.oral_gc_rl.tsv.gz
"(64,65]",22,BAN001.A0101.SG1.1_10M.oral_gc_rl.tsv.gz
"(65,66]",10,BAN001.A0101.SG1.1_10M.oral_gc_rl.tsv.gz
"(66,67]",11,BAN001.A0101.SG1.1_10M.oral_gc_rl.tsv.gz
"(67,68]",15,BAN001.A0101.SG1.1_10M.oral_gc_rl.tsv.gz
"(68,69]",10,BAN001.A0101.SG1.1_10M.oral_gc_rl.tsv.gz
"(69,70]",12,BAN001.A0101.SG1.1_10M.oral_gc_rl.tsv.gz
"(70,71]",5,BAN001.A0101.SG1.1_10M.oral_gc_rl.tsv.gz
"(71,72]",12,BAN001.A0101.SG1.1_10M.oral_gc_rl.tsv.gz
"(72,73]",5,BAN001.A0101.SG1.1_10M.oral_gc_rl.tsv.gz
"(73,74]",9,BAN001.A0101.SG1.1_10M.oral_gc_rl.tsv.gz
"(74,75]",2,BAN001.A0101.SG1.1_10M.oral_gc_rl.tsv.gz
"(75,76]",7,BAN001.A0101.SG1.1_10M.oral_gc_rl.tsv.gz
"(76,77]",2,BAN001.A0101.SG1.1_10M.oral_gc_rl.tsv.gz
"(77,78]",2,BAN001.A0101.SG1.1_10M.oral_gc_rl.tsv.gz
"(78,79]",4,BAN001.A0101.SG1.1_10M.oral_gc_rl.tsv.gz
"(81,82]",2,BAN001.A0101.SG1.1_10M.oral_gc_rl.tsv.gz
"(12,13]",1,BAN001.A0102.SG1.4_10M.oral_gc_rl.tsv.gz
"(14,15]",2,BAN001.A0102.SG1.4_10M.oral_gc_rl.tsv.gz
"(15,16]",1,BAN001.A0102.SG1.4_10M.oral_gc_rl.tsv.gz
"(17,18]",3,BAN001.A0102.SG1.4_10M.oral_gc_rl.tsv.gz
"(18,19]",2,BAN001.A0102.SG1.4_10M.oral_gc_rl.tsv.gz
"(19,20]",3,BAN001.A0102.SG1.4_10M.oral_gc_rl.tsv.gz
"(20,21]",3,BAN001.A0102.SG1.4_10M.oral_gc_rl.tsv.gz
"(21,22]",7,BAN001.A0102.SG1.4_10M.oral_gc_rl.tsv.gz
"(22,23]",3,BAN001.A0102.SG1.4_10M.oral_gc_rl.tsv.gz
"(23,24]",9,BAN001.A0102.SG1.4_10M.oral_gc_rl.tsv.gz
"(24,25]",7,BAN001.A0102.SG1.4_10M.oral_gc_rl.tsv.gz
"(25,26]",8,BAN001.A0102.SG1.4_10M.oral_gc_rl.tsv.gz
"(26,27]",5,BAN001.A0102.SG1.4_10M.oral_gc_rl.tsv.gz
"(27,28]",13,BAN001.A0102.SG1.4_10M.oral_gc_rl.tsv.gz
"(28,29]",7,BAN001.A0102.SG1.4_10M.oral_gc_rl.tsv.gz
"(29,30]",8,BAN001.A0102.SG1.4_10M.oral_gc_rl.tsv.gz
"(30,31]",6,BAN001.A0102.SG1.4_10M.oral_gc_rl.tsv.gz
"(31,32]",13,BAN001.A0102.SG1.4_10M.oral_gc_rl.tsv.gz
"(32,33]",9,BAN001.A0102.SG1.4_10M.oral_gc_rl.tsv.gz
"(33,34]",10,BAN001.A0102.SG1.4_10M.oral_gc_rl.tsv.gz
"(34,35]",15,BAN001.A0102.SG1.4_10M.oral_gc_rl.tsv.gz
"(35,36]",13,BAN001.A0102.SG1.4_10M.oral_gc_rl.tsv.gz
"(36,37]",13,BAN001.A0102.SG1.4_10M.oral_gc_rl.tsv.gz
"(37,38]",14,BAN001.A0102.SG1.4_10M.oral_gc_rl.tsv.gz
"(38,39]",11,BAN001.A0102.SG1.4_10M.oral_gc_rl.tsv.gz
"(39,40]",15,BAN001.A0102.SG1.4_10M.oral_gc_rl.tsv.gz
"(40,41]",7,BAN001.A0102.SG1.4_10M.oral_gc_rl.tsv.gz
"(41,42]",22,BAN001.A0102.SG1.4_10M.oral_gc_rl.tsv.gz
"(42,43]",13,BAN001.A0102.SG1.4_10M.oral_gc_rl.tsv.gz
"(43,44]",11,BAN001.A0102.SG1.4_10M.oral_gc_rl.tsv.gz
"(44,45]",9,BAN001.A0102.SG1.4_10M.oral_gc_rl.tsv.gz
"(45,46]",15,BAN001.A0102.SG1.4_10M.oral_gc_rl.tsv.gz
"(46,47]",11,BAN001.A0102.SG1.4_10M.oral_gc_rl.tsv.gz
"(47,48]",9,BAN001.A0102.SG1.4_10M.oral_gc_rl.tsv.gz
"(48,49]",7,BAN001.A0102.SG1.4_10M.oral_gc_rl.tsv.gz
"(49,50]",19,BAN001.A0102.SG1.4_10M.oral_gc_rl.tsv.gz
"(50,51]",1,BAN001.A0102.SG1.4_10M.oral_gc_rl.tsv.gz
"(51,52]",5,BAN001.A0102.SG1.4_10M.oral_gc_rl.tsv.gz
"(52,53]",6,BAN001.A0102.SG1.4_10M.oral_gc_rl.tsv.gz
"(53,54]",4,BAN001.A0102.SG1.4_10M.oral_gc_rl.tsv.gz
"(54,55]",10,BAN001.A0102.SG1.4_10M.oral_gc_rl.tsv.gz
"(55,56]",6,BAN001.A0102.SG1.4_10M.oral_gc_rl.tsv.gz
"(56,57]",10,BAN001.A0102.SG1.4_10M.oral_gc_rl.tsv.gz
"(57,58]",8,BAN001.A0102.SG1.4_10M.oral_gc_rl.tsv.gz
"(58,59]",5,BAN001.A0102.SG1.4_10M.oral_gc_rl.tsv.gz
"(59,60]",6,BAN001.A0102.SG1.4_10M.oral_gc_rl.tsv.gz
"(60,61]",2,BAN001.A0102.SG1.4_10M.oral_gc_rl.tsv.gz
"(61,62]",9,BAN001.A0102.SG1.4_10M.oral_gc_rl.tsv.gz
"(63,64]",1,BAN001.A0102.SG1.4_10M.oral_gc_rl.tsv.gz
"(64,65]",8,BAN001.A0102.SG1.4_10M.oral_gc_rl.tsv.gz
"(65,66]",6,BAN001.A0102.SG1.4_10M.oral_gc_rl.tsv.gz
"(66,67]",5,BAN001.A0102.SG1.4_10M.oral_gc_rl.tsv.gz
"(67,68]",2,BAN001.A0102.SG1.4_10M.oral_gc_rl.tsv.gz
"(68,69]",4,BAN001.A0102.SG1.4_10M.oral_gc_rl.tsv.gz
"(69,70]",3,BAN001.A0102.SG1.4_10M.oral_gc_rl.tsv.gz
"(70,71]",2,BAN001.A0102.SG1.4_10M.oral_gc_rl.tsv.gz
"(71,72]",5,BAN001.A0102.SG1.4_10M.oral_gc_rl.tsv.gz
"(72,73]",1,BAN001.A0102.SG1.4_10M.oral_gc_rl.tsv.gz
"(73,74]",2,BAN001.A0102.SG1.4_10M.oral_gc_rl.tsv.gz
"(74,75]",1,BAN001.A0102.SG1.4_10M.oral_gc_rl.tsv.gz
"(75,76]",2,BAN001.A0102.SG1.4_10M.oral_gc_rl.tsv.gz
"(76,77]",1,BAN001.A0102.SG1.4_10M.oral_gc_rl.tsv.gz
"(78,79]",2,BAN001.A0102.SG1.4_10M.oral_gc_rl.tsv.gz
"(79,80]",1,BAN001.A0102.SG1.4_10M.oral_gc_rl.tsv.gz
"(11,12]",1,CDM019.A0101.SG1.1_10M.oral_gc_rl.tsv.gz
"(12,13]",4,CDM019.A0101.SG1.1_10M.oral_gc_rl.tsv.gz
"(13,14]",13,CDM019.A0101.SG1.1_10M.oral_gc_rl.tsv.gz
"(14,15]",25,CDM019.A0101.SG1.1_10M.oral_gc_rl.tsv.gz
"(15,16]",27,CDM019.A0101.SG1.1_10M.oral_gc_rl.tsv.gz
"(16,17]",50,CDM019.A0101.SG1.1_10M.oral_gc_rl.tsv.gz
"(17,18]",107,CDM019.A0101.SG1.1_10M.oral_gc_rl.tsv.gz
"(18,19]",140,CDM019.A0101.SG1.1_10M.oral_gc_rl.tsv.gz
"(19,20]",274,CDM019.A0101.SG1.1_10M.oral_gc_rl.tsv.gz
"(20,21]",314,CDM019.A0101.SG1.1_10M.oral_gc_rl.tsv.gz
"(21,22]",531,CDM019.A0101.SG1.1_10M.oral_gc_rl.tsv.gz
"(22,23]",672,CDM019.A0101.SG1.1_10M.oral_gc_rl.tsv.gz
"(23,24]",941,CDM019.A0101.SG1.1_10M.oral_gc_rl.tsv.gz
"(24,25]",1436,CDM019.A0101.SG1.1_10M.oral_gc_rl.tsv.gz
"(25,26]",1213,CDM019.A0101.SG1.1_10M.oral_gc_rl.tsv.gz
"(26,27]",1941,CDM019.A0101.SG1.1_10M.oral_gc_rl.tsv.gz
"(27,28]",2672,CDM019.A0101.SG1.1_10M.oral_gc_rl.tsv.gz
"(28,29]",2942,CDM019.A0101.SG1.1_10M.oral_gc_rl.tsv.gz
"(29,30]",3993,CDM019.A0101.SG1.1_10M.oral_gc_rl.tsv.gz
"(30,31]",4426,CDM019.A0101.SG1.1_10M.oral_gc_rl.tsv.gz
"(31,32]",5733,CDM019.A0101.SG1.1_10M.oral_gc_rl.tsv.gz
"(32,33]",6730,CDM019.A0101.SG1.1_10M.oral_gc_rl.tsv.gz
"(33,34]",7311,CDM019.A0101.SG1.1_10M.oral_gc_rl.tsv.gz
"(34,35]",9437,CDM019.A0101.SG1.1_10M.oral_gc_rl.tsv.gz
"(35,36]",10850,CDM019.A0101.SG1.1_10M.oral_gc_rl.tsv.gz
"(36,37]",12220,CDM019.A0101.SG1.1_10M.oral_gc_rl.tsv.gz
"(37,38]",13461,CDM019.A0101.SG1.1_10M.oral_gc_rl.tsv.gz
"(38,39]",15865,CDM019.A0101.SG1.1_10M.oral_gc_rl.tsv.gz
"(39,40]",20966,CDM019.A0101.SG1.1_10M.oral_gc_rl.tsv.gz
"(40,41]",17943,CDM019.A0101.SG1.1_10M.oral_gc_rl.tsv.gz
"(41,42]",21726,CDM019.A0101.SG1.1_10M.oral_gc_rl.tsv.gz
"(42,43]",24740,CDM019.A0101.SG1.1_10M.oral_gc_rl.tsv.gz
"(43,44]",29682,CDM019.A0101.SG1.1_10M.oral_gc_rl.tsv.gz
"(44,45]",31072,CDM019.A0101.SG1.1_10M.oral_gc_rl.tsv.gz
"(45,46]",30245,CDM019.A0101.SG1.1_10M.oral_gc_rl.tsv.gz
"(46,47]",36729,CDM019.A0101.SG1.1_10M.oral_gc_rl.tsv.gz
"(47,48]",41518,CDM019.A0101.SG1.1_10M.oral_gc_rl.tsv.gz
"(48,49]",41760,CDM019.A0101.SG1.1_10M.oral_gc_rl.tsv.gz
"(49,50]",64119,CDM019.A0101.SG1.1_10M.oral_gc_rl.tsv.gz
"(50,51]",30670,CDM019.A0101.SG1.1_10M.oral_gc_rl.tsv.gz
"(51,52]",56541,CDM019.A0101.SG1.1_10M.oral_gc_rl.tsv.gz
"(52,53]",58109,CDM019.A0101.SG1.1_10M.oral_gc_rl.tsv.gz
"(53,54]",67118,CDM019.A0101.SG1.1_10M.oral_gc_rl.tsv.gz
"(54,55]",65063,CDM019.A0101.SG1.1_10M.oral_gc_rl.tsv.gz
"(55,56]",75635,CDM019.A0101.SG1.1_10M.oral_gc_rl.tsv.gz
"(56,57]",80427,CDM019.A0101.SG1.1_10M.oral_gc_rl.tsv.gz
"(57,58]",87455,CDM019.A0101.SG1.1_10M.oral_gc_rl.tsv.gz
"(58,59]",80843,CDM019.A0101.SG1.1_10M.oral_gc_rl.tsv.gz
"(59,60]",107745,CDM019.A0101.SG1.1_10M.oral_gc_rl.tsv.gz
"(60,61]",84001,CDM019.A0101.SG1.1_10M.oral_gc_rl.tsv.gz
"(61,62]",100377,CDM019.A0101.SG1.1_10M.oral_gc_rl.tsv.gz
"(62,63]",85674,CDM019.A0101.SG1.1_10M.oral_gc_rl.tsv.gz
"(63,64]",99316,CDM019.A0101.SG1.1_10M.oral_gc_rl.tsv.gz
"(64,65]",92833,CDM019.A0101.SG1.1_10M.oral_gc_rl.tsv.gz
"(65,66]",87569,CDM019.A0101.SG1.1_10M.oral_gc_rl.tsv.gz
"(66,67]",70739,CDM019.A0101.SG1.1_10M.oral_gc_rl.tsv.gz
"(67,68]",80478,CDM019.A0101.SG1.1_10M.oral_gc_rl.tsv.gz
"(68,69]",67787,CDM019.A0101.SG1.1_10M.oral_gc_rl.tsv.gz
"(69,70]",68139,CDM019.A0101.SG1.1_10M.oral_gc_rl.tsv.gz
"(70,71]",46532,CDM019.A0101.SG1.1_10M.oral_gc_rl.tsv.gz
"(71,72]",51636,CDM019.A0101.SG1.1_10M.oral_gc_rl.tsv.gz
"(72,73]",42574,CDM019.A0101.SG1.1_10M.oral_gc_rl.tsv.gz
"(73,74]",38590,CDM019.A0101.SG1.1_10M.oral_gc_rl.tsv.gz
"(74,75]",35922,CDM019.A0101.SG1.1_10M.oral_gc_rl.tsv.gz
"(75,76]",19636,CDM019.A0101.SG1.1_10M.oral_gc_rl.tsv.gz
"(76,77]",21001,CDM019.A0101.SG1.1_10M.oral_gc_rl.tsv.gz
"(77,78]",17464,CDM019.A0101.SG1.1_10M.oral_gc_rl.tsv.gz
"(78,79]",12594,CDM019.A0101.SG1.1_10M.oral_gc_rl.tsv.gz
"(79,80]",10298,CDM019.A0101.SG1.1_10M.oral_gc_rl.tsv.gz
"(80,81]",5667,CDM019.A0101.SG1.1_10M.oral_gc_rl.tsv.gz
"(81,82]",4837,CDM019.A0101.SG1.1_10M.oral_gc_rl.tsv.gz
"(82,83]",3246,CDM019.A0101.SG1.1_10M.oral_gc_rl.tsv.gz
"(83,84]",2231,CDM019.A0101.SG1.1_10M.oral_gc_rl.tsv.gz
"(84,85]",1459,CDM019.A0101.SG1.1_10M.oral_gc_rl.tsv.gz
"(85,86]",771,CDM019.A0101.SG1.1_10M.oral_gc_rl.tsv.gz
"(86,87]",564,CDM019.A0101.SG1.1_10M.oral_gc_rl.tsv.gz
"(87,88]",299,CDM019.A0101.SG1.1_10M.oral_gc_rl.tsv.gz
"(88,89]",161,CDM019.A0101.SG1.1_10M.oral_gc_rl.tsv.gz
"(89,90]",97,CDM019.A0101.SG1.1_10M.oral_gc_rl.tsv.gz
"(90,91]",52,CDM019.A0101.SG1.1_10M.oral_gc_rl.tsv.gz
"(91,92]",15,CDM019.A0101.SG1.1_10M.oral_gc_rl.tsv.gz
"(92,93]",6,CDM019.A0101.SG1.1_10M.oral_gc_rl.tsv.gz
"(93,94]",4,CDM019.A0101.SG1.1_10M.oral_gc_rl.tsv.gz
"(94,95]",1,CDM019.A0101.SG1.1_10M.oral_gc_rl.tsv.gz
"(1,2]",1,CDM019.A0102.SG1.4_10M.oral_gc_rl.tsv.gz
"(6,7]",4,CDM019.A0102.SG1.4_10M.oral_gc_rl.tsv.gz
"(7,8]",8,CDM019.A0102.SG1.4_10M.oral_gc_rl.tsv.gz
"(8,9]",16,CDM019.A0102.SG1.4_10M.oral_gc_rl.tsv.gz
"(9,10]",27,CDM019.A0102.SG1.4_10M.oral_gc_rl.tsv.gz
"(10,11]",39,CDM019.A0102.SG1.4_10M.oral_gc_rl.tsv.gz
"(11,12]",86,CDM019.A0102.SG1.4_10M.oral_gc_rl.tsv.gz
"(12,13]",146,CDM019.A0102.SG1.4_10M.oral_gc_rl.tsv.gz
"(13,14]",250,CDM019.A0102.SG1.4_10M.oral_gc_rl.tsv.gz
"(14,15]",351,CDM019.A0102.SG1.4_10M.oral_gc_rl.tsv.gz
"(15,16]",514,CDM019.A0102.SG1.4_10M.oral_gc_rl.tsv.gz
"(16,17]",652,CDM019.A0102.SG1.4_10M.oral_gc_rl.tsv.gz
"(17,18]",1060,CDM019.A0102.SG1.4_10M.oral_gc_rl.tsv.gz
"(18,19]",1376,CDM019.A0102.SG1.4_10M.oral_gc_rl.tsv.gz
"(19,20]",2106,CDM019.A0102.SG1.4_10M.oral_gc_rl.tsv.gz
"(20,21]",1831,CDM019.A0102.SG1.4_10M.oral_gc_rl.tsv.gz
"(21,22]",2973,CDM019.A0102.SG1.4_10M.oral_gc_rl.tsv.gz
"(22,23]",3395,CDM019.A0102.SG1.4_10M.oral_gc_rl.tsv.gz
"(23,24]",4632,CDM019.A0102.SG1.4_10M.oral_gc_rl.tsv.gz
"(24,25]",6284,CDM019.A0102.SG1.4_10M.oral_gc_rl.tsv.gz
"(25,26]",4550,CDM019.A0102.SG1.4_10M.oral_gc_rl.tsv.gz
"(26,27]",7506,CDM019.A0102.SG1.4_10M.oral_gc_rl.tsv.gz
"(27,28]",9334,CDM019.A0102.SG1.4_10M.oral_gc_rl.tsv.gz
"(28,29]",9789,CDM019.A0102.SG1.4_10M.oral_gc_rl.tsv.gz
"(29,30]",11292,CDM019.A0102.SG1.4_10M.oral_gc_rl.tsv.gz
"(30,31]",12291,CDM019.A0102.SG1.4_10M.oral_gc_rl.tsv.gz
"(31,32]",14947,CDM019.A0102.SG1.4_10M.oral_gc_rl.tsv.gz
"(32,33]",16223,CDM019.A0102.SG1.4_10M.oral_gc_rl.tsv.gz
"(33,34]",16058,CDM019.A0102.SG1.4_10M.oral_gc_rl.tsv.gz
"(34,35]",20612,CDM019.A0102.SG1.4_10M.oral_gc_rl.tsv.gz
"(35,36]",21588,CDM019.A0102.SG1.4_10M.oral_gc_rl.tsv.gz
"(36,37]",22991,CDM019.A0102.SG1.4_10M.oral_gc_rl.tsv.gz
"(37,38]",22367,CDM019.A0102.SG1.4_10M.oral_gc_rl.tsv.gz
"(38,39]",26555,CDM019.A0102.SG1.4_10M.oral_gc_rl.tsv.gz
"(39,40]",33199,CDM019.A0102.SG1.4_10M.oral_gc_rl.tsv.gz
"(40,41]",25790,CDM019.A0102.SG1.4_10M.oral_gc_rl.tsv.gz
"(41,42]",29571,CDM019.A0102.SG1.4_10M.oral_gc_rl.tsv.gz
"(42,43]",32245,CDM019.A0102.SG1.4_10M.oral_gc_rl.tsv.gz
"(43,44]",36434,CDM019.A0102.SG1.4_10M.oral_gc_rl.tsv.gz
"(44,45]",35662,CDM019.A0102.SG1.4_10M.oral_gc_rl.tsv.gz
"(45,46]",32287,CDM019.A0102.SG1.4_10M.oral_gc_rl.tsv.gz
"(46,47]",37119,CDM019.A0102.SG1.4_10M.oral_gc_rl.tsv.gz
"(47,48]",40039,CDM019.A0102.SG1.4_10M.oral_gc_rl.tsv.gz
"(48,49]",37263,CDM019.A0102.SG1.4_10M.oral_gc_rl.tsv.gz
"(49,50]",53927,CDM019.A0102.SG1.4_10M.oral_gc_rl.tsv.gz
"(50,51]",20748,CDM019.A0102.SG1.4_10M.oral_gc_rl.tsv.gz
"(51,52]",41857,CDM019.A0102.SG1.4_10M.oral_gc_rl.tsv.gz
"(52,53]",41009,CDM019.A0102.SG1.4_10M.oral_gc_rl.tsv.gz
"(53,54]",43897,CDM019.A0102.SG1.4_10M.oral_gc_rl.tsv.gz
"(54,55]",40016,CDM019.A0102.SG1.4_10M.oral_gc_rl.tsv.gz
"(55,56]",42624,CDM019.A0102.SG1.4_10M.oral_gc_rl.tsv.gz
"(56,57]",43818,CDM019.A0102.SG1.4_10M.oral_gc_rl.tsv.gz
"(57,58]",44581,CDM019.A0102.SG1.4_10M.oral_gc_rl.tsv.gz
"(58,59]",39754,CDM019.A0102.SG1.4_10M.oral_gc_rl.tsv.gz
"(59,60]",50159,CDM019.A0102.SG1.4_10M.oral_gc_rl.tsv.gz
"(60,61]",36603,CDM019.A0102.SG1.4_10M.oral_gc_rl.tsv.gz
"(61,62]",41767,CDM019.A0102.SG1.4_10M.oral_gc_rl.tsv.gz
"(62,63]",34502,CDM019.A0102.SG1.4_10M.oral_gc_rl.tsv.gz
"(63,64]",38807,CDM019.A0102.SG1.4_10M.oral_gc_rl.tsv.gz
"(64,65]",34906,CDM019.A0102.SG1.4_10M.oral_gc_rl.tsv.gz
"(65,66]",32112,CDM019.A0102.SG1.4_10M.oral_gc_rl.tsv.gz
"(66,67]",24549,CDM019.A0102.SG1.4_10M.oral_gc_rl.tsv.gz
"(67,68]",26458,CDM019.A0102.SG1.4_10M.oral_gc_rl.tsv.gz
"(68,69]",21997,CDM019.A0102.SG1.4_10M.oral_gc_rl.tsv.gz
"(69,70]",21693,CDM019.A0102.SG1.4_10M.oral_gc_rl.tsv.gz
"(70,71]",14284,CDM019.A0102.SG1.4_10M.oral_gc_rl.tsv.gz
"(71,72]",15185,CDM019.A0102.SG1.4_10M.oral_gc_rl.tsv.gz
"(72,73]",12091,CDM019.A0102.SG1.4_10M.oral_gc_rl.tsv.gz
"(73,74]",10441,CDM019.A0102.SG1.4_10M.oral_gc_rl.tsv.gz
"(74,75]",9279,CDM019.A0102.SG1.4_10M.oral_gc_rl.tsv.gz
"(75,76]",4840,CDM019.A0102.SG1.4_10M.oral_gc_rl.tsv.gz
"(76,77]",5165,CDM019.A0102.SG1.4_10M.oral_gc_rl.tsv.gz
"(77,78]",3792,CDM019.A0102.SG1.4_10M.oral_gc_rl.tsv.gz
"(78,79]",3198,CDM019.A0102.SG1.4_10M.oral_gc_rl.tsv.gz
"(79,80]",2550,CDM019.A0102.SG1.4_10M.oral_gc_rl.tsv.gz
"(80,81]",1179,CDM019.A0102.SG1.4_10M.oral_gc_rl.tsv.gz
"(81,82]",1214,CDM019.A0102.SG1.4_10M.oral_gc_rl.tsv.gz
"(82,83]",746,CDM019.A0102.SG1.4_10M.oral_gc_rl.tsv.gz
"(83,84]",518,CDM019.A0102.SG1.4_10M.oral_gc_rl.tsv.gz
"(84,85]",389,CDM019.A0102.SG1.4_10M.oral_gc_rl.tsv.gz
"(85,86]",164,CDM019.A0102.SG1.4_10M.oral_gc_rl.tsv.gz
"(86,87]",146,CDM019.A0102.SG1.4_10M.oral_gc_rl.tsv.gz
"(87,88]",72,CDM019.A0102.SG1.4_10M.oral_gc_rl.tsv.gz
"(88,89]",28,CDM019.A0102.SG1.4_10M.oral_gc_rl.tsv.gz
"(89,90]",26,CDM019.A0102.SG1.4_10M.oral_gc_rl.tsv.gz
"(90,91]",10,CDM019.A0102.SG1.4_10M.oral_gc_rl.tsv.gz
"(91,92]",1,CDM019.A0102.SG1.4_10M.oral_gc_rl.tsv.gz
"(92,93]",1,CDM019.A0102.SG1.4_10M.oral_gc_rl.tsv.gz
"(8,9]",1,CDM020.A0101.SG1.1_10M.oral_gc_rl.tsv.gz
"(9,10]",2,CDM020.A0101.SG1.1_10M.oral_gc_rl.tsv.gz
"(10,11]",2,CDM020.A0101.SG1.1_10M.oral_gc_rl.tsv.gz
"(11,12]",8,CDM020.A0101.SG1.1_10M.oral_gc_rl.tsv.gz
"(12,13]",10,CDM020.A0101.SG1.1_10M.oral_gc_rl.tsv.gz
"(13,14]",34,CDM020.A0101.SG1.1_10M.oral_gc_rl.tsv.gz
"(14,15]",70,CDM020.A0101.SG1.1_10M.oral_gc_rl.tsv.gz
"(15,16]",104,CDM020.A0101.SG1.1_10M.oral_gc_rl.tsv.gz
"(16,17]",164,CDM020.A0101.SG1.1_10M.oral_gc_rl.tsv.gz
"(17,18]",304,CDM020.A0101.SG1.1_10M.oral_gc_rl.tsv.gz
"(18,19]",387,CDM020.A0101.SG1.1_10M.oral_gc_rl.tsv.gz
"(19,20]",762,CDM020.A0101.SG1.1_10M.oral_gc_rl.tsv.gz
"(20,21]",796,CDM020.A0101.SG1.1_10M.oral_gc_rl.tsv.gz
"(21,22]",1216,CDM020.A0101.SG1.1_10M.oral_gc_rl.tsv.gz
"(22,23]",1583,CDM020.A0101.SG1.1_10M.oral_gc_rl.tsv.gz
"(23,24]",2195,CDM020.A0101.SG1.1_10M.oral_gc_rl.tsv.gz
"(24,25]",3270,CDM020.A0101.SG1.1_10M.oral_gc_rl.tsv.gz
"(25,26]",2548,CDM020.A0101.SG1.1_10M.oral_gc_rl.tsv.gz
"(26,27]",4058,CDM020.A0101.SG1.1_10M.oral_gc_rl.tsv.gz
"(27,28]",5094,CDM020.A0101.SG1.1_10M.oral_gc_rl.tsv.gz
"(28,29]",5634,CDM020.A0101.SG1.1_10M.oral_gc_rl.tsv.gz
"(29,30]",7018,CDM020.A0101.SG1.1_10M.oral_gc_rl.tsv.gz
"(30,31]",7353,CDM020.A0101.SG1.1_10M.oral_gc_rl.tsv.gz
"(31,32]",9398,CDM020.A0101.SG1.1_10M.oral_gc_rl.tsv.gz
"(32,33]",10204,CDM020.A0101.SG1.1_10M.oral_gc_rl.tsv.gz
"(33,34]",10858,CDM020.A0101.SG1.1_10M.oral_gc_rl.tsv.gz
"(34,35]",13417,CDM020.A0101.SG1.1_10M.oral_gc_rl.tsv.gz
"(35,36]",14435,CDM020.A0101.SG1.1_10M.oral_gc_rl.tsv.gz
"(36,37]",15569,CDM020.A0101.SG1.1_10M.oral_gc_rl.tsv.gz
"(37,38]",16392,CDM020.A0101.SG1.1_10M.oral_gc_rl.tsv.gz
"(38,39]",18554,CDM020.A0101.SG1.1_10M.oral_gc_rl.tsv.gz
"(39,40]",23874,CDM020.A0101.SG1.1_10M.oral_gc_rl.tsv.gz
"(40,41]",18851,CDM020.A0101.SG1.1_10M.oral_gc_rl.tsv.gz
"(41,42]",22212,CDM020.A0101.SG1.1_10M.oral_gc_rl.tsv.gz
"(42,43]",24737,CDM020.A0101.SG1.1_10M.oral_gc_rl.tsv.gz
"(43,44]",28296,CDM020.A0101.SG1.1_10M.oral_gc_rl.tsv.gz
"(44,45]",28278,CDM020.A0101.SG1.1_10M.oral_gc_rl.tsv.gz
"(45,46]",26797,CDM020.A0101.SG1.1_10M.oral_gc_rl.tsv.gz
"(46,47]",31692,CDM020.A0101.SG1.1_10M.oral_gc_rl.tsv.gz
"(47,48]",34986,CDM020.A0101.SG1.1_10M.oral_gc_rl.tsv.gz
"(48,49]",33620,CDM020.A0101.SG1.1_10M.oral_gc_rl.tsv.gz
"(49,50]",50706,CDM020.A0101.SG1.1_10M.oral_gc_rl.tsv.gz
"(50,51]",22855,CDM020.A0101.SG1.1_10M.oral_gc_rl.tsv.gz
"(51,52]",42786,CDM020.A0101.SG1.1_10M.oral_gc_rl.tsv.gz
"(52,53]",43367,CDM020.A0101.SG1.1_10M.oral_gc_rl.tsv.gz
"(53,54]",49854,CDM020.A0101.SG1.1_10M.oral_gc_rl.tsv.gz
"(54,55]",47927,CDM020.A0101.SG1.1_10M.oral_gc_rl.tsv.gz
"(55,56]",55016,CDM020.A0101.SG1.1_10M.oral_gc_rl.tsv.gz
"(56,57]",59801,CDM020.A0101.SG1.1_10M.oral_gc_rl.tsv.gz
"(57,58]",65179,CDM020.A0101.SG1.1_10M.oral_gc_rl.tsv.gz
"(58,59]",61582,CDM020.A0101.SG1.1_10M.oral_gc_rl.tsv.gz
"(59,60]",82547,CDM020.A0101.SG1.1_10M.oral_gc_rl.tsv.gz
"(60,61]",64891,CDM020.A0101.SG1.1_10M.oral_gc_rl.tsv.gz
"(61,62]",79647,CDM020.A0101.SG1.1_10M.oral_gc_rl.tsv.gz
"(62,63]",69963,CDM020.A0101.SG1.1_10M.oral_gc_rl.tsv.gz
"(63,64]",82774,CDM020.A0101.SG1.1_10M.oral_gc_rl.tsv.gz
"(64,65]",78119,CDM020.A0101.SG1.1_10M.oral_gc_rl.tsv.gz
"(65,66]",74768,CDM020.A0101.SG1.1_10M.oral_gc_rl.tsv.gz
"(66,67]",62549,CDM020.A0101.SG1.1_10M.oral_gc_rl.tsv.gz
"(67,68]",71065,CDM020.A0101.SG1.1_10M.oral_gc_rl.tsv.gz
"(68,69]",59745,CDM020.A0101.SG1.1_10M.oral_gc_rl.tsv.gz
"(69,70]",61069,CDM020.A0101.SG1.1_10M.oral_gc_rl.tsv.gz
"(70,71]",41483,CDM020.A0101.SG1.1_10M.oral_gc_rl.tsv.gz
"(71,72]",45746,CDM020.A0101.SG1.1_10M.oral_gc_rl.tsv.gz
"(72,73]",36484,CDM020.A0101.SG1.1_10M.oral_gc_rl.tsv.gz
"(73,74]",32528,CDM020.A0101.SG1.1_10M.oral_gc_rl.tsv.gz
"(74,75]",29436,CDM020.A0101.SG1.1_10M.oral_gc_rl.tsv.gz
"(75,76]",15827,CDM020.A0101.SG1.1_10M.oral_gc_rl.tsv.gz
"(76,77]",16398,CDM020.A0101.SG1.1_10M.oral_gc_rl.tsv.gz
"(77,78]",12904,CDM020.A0101.SG1.1_10M.oral_gc_rl.tsv.gz
"(78,79]",9505,CDM020.A0101.SG1.1_10M.oral_gc_rl.tsv.gz
"(79,80]",7717,CDM020.A0101.SG1.1_10M.oral_gc_rl.tsv.gz
"(80,81]",3868,CDM020.A0101.SG1.1_10M.oral_gc_rl.tsv.gz
"(81,82]",3553,CDM020.A0101.SG1.1_10M.oral_gc_rl.tsv.gz
"(82,83]",2332,CDM020.A0101.SG1.1_10M.oral_gc_rl.tsv.gz
"(83,84]",1507,CDM020.A0101.SG1.1_10M.oral_gc_rl.tsv.gz
"(84,85]",1053,CDM020.A0101.SG1.1_10M.oral_gc_rl.tsv.gz
"(85,86]",533,CDM020.A0101.SG1.1_10M.oral_gc_rl.tsv.gz
"(86,87]",416,CDM020.A0101.SG1.1_10M.oral_gc_rl.tsv.gz
"(87,88]",227,CDM020.A0101.SG1.1_10M.oral_gc_rl.tsv.gz
"(88,89]",99,CDM020.A0101.SG1.1_10M.oral_gc_rl.tsv.gz
"(89,90]",76,CDM020.A0101.SG1.1_10M.oral_gc_rl.tsv.gz
"(90,91]",28,CDM020.A0101.SG1.1_10M.oral_gc_rl.tsv.gz
"(91,92]",13,CDM020.A0101.SG1.1_10M.oral_gc_rl.tsv.gz
"(92,93]",6,CDM020.A0101.SG1.1_10M.oral_gc_rl.tsv.gz
"(93,94]",3,CDM020.A0101.SG1.1_10M.oral_gc_rl.tsv.gz
"(94,95]",1,CDM020.A0101.SG1.1_10M.oral_gc_rl.tsv.gz
"(95,96]",1,CDM020.A0101.SG1.1_10M.oral_gc_rl.tsv.gz
"(4,5]",2,CDM020.A0102.SG1.4_10M.oral_gc_rl.tsv.gz
"(5,6]",1,CDM020.A0102.SG1.4_10M.oral_gc_rl.tsv.gz
"(6,7]",1,CDM020.A0102.SG1.4_10M.oral_gc_rl.tsv.gz
"(7,8]",11,CDM020.A0102.SG1.4_10M.oral_gc_rl.tsv.gz
"(8,9]",13,CDM020.A0102.SG1.4_10M.oral_gc_rl.tsv.gz
"(9,10]",51,CDM020.A0102.SG1.4_10M.oral_gc_rl.tsv.gz
"(10,11]",76,CDM020.A0102.SG1.4_10M.oral_gc_rl.tsv.gz
"(11,12]",155,CDM020.A0102.SG1.4_10M.oral_gc_rl.tsv.gz
"(12,13]",234,CDM020.A0102.SG1.4_10M.oral_gc_rl.tsv.gz
"(13,14]",457,CDM020.A0102.SG1.4_10M.oral_gc_rl.tsv.gz
"(14,15]",670,CDM020.A0102.SG1.4_10M.oral_gc_rl.tsv.gz
"(15,16]",961,CDM020.A0102.SG1.4_10M.oral_gc_rl.tsv.gz
"(16,17]",1200,CDM020.A0102.SG1.4_10M.oral_gc_rl.tsv.gz
"(17,18]",1862,CDM020.A0102.SG1.4_10M.oral_gc_rl.tsv.gz
"(18,19]",2282,CDM020.A0102.SG1.4_10M.oral_gc_rl.tsv.gz
"(19,20]",3638,CDM020.A0102.SG1.4_10M.oral_gc_rl.tsv.gz
"(20,21]",3067,CDM020.A0102.SG1.4_10M.oral_gc_rl.tsv.gz
"(21,22]",4963,CDM020.A0102.SG1.4_10M.oral_gc_rl.tsv.gz
"(22,23]",5655,CDM020.A0102.SG1.4_10M.oral_gc_rl.tsv.gz
"(23,24]",7440,CDM020.A0102.SG1.4_10M.oral_gc_rl.tsv.gz
"(24,25]",9755,CDM020.A0102.SG1.4_10M.oral_gc_rl.tsv.gz
"(25,26]",7174,CDM020.A0102.SG1.4_10M.oral_gc_rl.tsv.gz
"(26,27]",10847,CDM020.A0102.SG1.4_10M.oral_gc_rl.tsv.gz
"(27,28]",13080,CDM020.A0102.SG1.4_10M.oral_gc_rl.tsv.gz
"(28,29]",13635,CDM020.A0102.SG1.4_10M.oral_gc_rl.tsv.gz
"(29,30]",15266,CDM020.A0102.SG1.4_10M.oral_gc_rl.tsv.gz
"(30,31]",16483,CDM020.A0102.SG1.4_10M.oral_gc_rl.tsv.gz
"(31,32]",19549,CDM020.A0102.SG1.4_10M.oral_gc_rl.tsv.gz
"(32,33]",20037,CDM020.A0102.SG1.4_10M.oral_gc_rl.tsv.gz
"(33,34]",19619,CDM020.A0102.SG1.4_10M.oral_gc_rl.tsv.gz
"(34,35]",24308,CDM020.A0102.SG1.4_10M.oral_gc_rl.tsv.gz
"(35,36]",24621,CDM020.A0102.SG1.4_10M.oral_gc_rl.tsv.gz
"(36,37]",25536,CDM020.A0102.SG1.4_10M.oral_gc_rl.tsv.gz
"(37,38]",24909,CDM020.A0102.SG1.4_10M.oral_gc_rl.tsv.gz
"(38,39]",28035,CDM020.A0102.SG1.4_10M.oral_gc_rl.tsv.gz
"(39,40]",34027,CDM020.A0102.SG1.4_10M.oral_gc_rl.tsv.gz
"(40,41]",25453,CDM020.A0102.SG1.4_10M.oral_gc_rl.tsv.gz
"(41,42]",28582,CDM020.A0102.SG1.4_10M.oral_gc_rl.tsv.gz
"(42,43]",30566,CDM020.A0102.SG1.4_10M.oral_gc_rl.tsv.gz
"(43,44]",33446,CDM020.A0102.SG1.4_10M.oral_gc_rl.tsv.gz
"(44,45]",31815,CDM020.A0102.SG1.4_10M.oral_gc_rl.tsv.gz
"(45,46]",28609,CDM020.A0102.SG1.4_10M.oral_gc_rl.tsv.gz
"(46,47]",31350,CDM020.A0102.SG1.4_10M.oral_gc_rl.tsv.gz
"(47,48]",33552,CDM020.A0102.SG1.4_10M.oral_gc_rl.tsv.gz
"(48,49]",30294,CDM020.A0102.SG1.4_10M.oral_gc_rl.tsv.gz
"(49,50]",43362,CDM020.A0102.SG1.4_10M.oral_gc_rl.tsv.gz
"(50,51]",16547,CDM020.A0102.SG1.4_10M.oral_gc_rl.tsv.gz
"(51,52]",32410,CDM020.A0102.SG1.4_10M.oral_gc_rl.tsv.gz
"(52,53]",31605,CDM020.A0102.SG1.4_10M.oral_gc_rl.tsv.gz
"(53,54]",33694,CDM020.A0102.SG1.4_10M.oral_gc_rl.tsv.gz
"(54,55]",31577,CDM020.A0102.SG1.4_10M.oral_gc_rl.tsv.gz
"(55,56]",32636,CDM020.A0102.SG1.4_10M.oral_gc_rl.tsv.gz
"(56,57]",33711,CDM020.A0102.SG1.4_10M.oral_gc_rl.tsv.gz
"(57,58]",35126,CDM020.A0102.SG1.4_10M.oral_gc_rl.tsv.gz
"(58,59]",32111,CDM020.A0102.SG1.4_10M.oral_gc_rl.tsv.gz
"(59,60]",40384,CDM020.A0102.SG1.4_10M.oral_gc_rl.tsv.gz
"(60,61]",29093,CDM020.A0102.SG1.4_10M.oral_gc_rl.tsv.gz
"(61,62]",34887,CDM020.A0102.SG1.4_10M.oral_gc_rl.tsv.gz
"(62,63]",29599,CDM020.A0102.SG1.4_10M.oral_gc_rl.tsv.gz
"(63,64]",33003,CDM020.A0102.SG1.4_10M.oral_gc_rl.tsv.gz
"(64,65]",30073,CDM020.A0102.SG1.4_10M.oral_gc_rl.tsv.gz
"(65,66]",28128,CDM020.A0102.SG1.4_10M.oral_gc_rl.tsv.gz
"(66,67]",22332,CDM020.A0102.SG1.4_10M.oral_gc_rl.tsv.gz
"(67,68]",23507,CDM020.A0102.SG1.4_10M.oral_gc_rl.tsv.gz
"(68,69]",19808,CDM020.A0102.SG1.4_10M.oral_gc_rl.tsv.gz
"(69,70]",19507,CDM020.A0102.SG1.4_10M.oral_gc_rl.tsv.gz
"(70,71]",12994,CDM020.A0102.SG1.4_10M.oral_gc_rl.tsv.gz
"(71,72]",13490,CDM020.A0102.SG1.4_10M.oral_gc_rl.tsv.gz
"(72,73]",10573,CDM020.A0102.SG1.4_10M.oral_gc_rl.tsv.gz
"(73,74]",8865,CDM020.A0102.SG1.4_10M.oral_gc_rl.tsv.gz
"(74,75]",7796,CDM020.A0102.SG1.4_10M.oral_gc_rl.tsv.gz
"(75,76]",3984,CDM020.A0102.SG1.4_10M.oral_gc_rl.tsv.gz
"(76,77]",4170,CDM020.A0102.SG1.4_10M.oral_gc_rl.tsv.gz
"(77,78]",3091,CDM020.A0102.SG1.4_10M.oral_gc_rl.tsv.gz
"(78,79]",2381,CDM020.A0102.SG1.4_10M.oral_gc_rl.tsv.gz
"(79,80]",1964,CDM020.A0102.SG1.4_10M.oral_gc_rl.tsv.gz
"(80,81]",950,CDM020.A0102.SG1.4_10M.oral_gc_rl.tsv.gz
"(81,82]",809,CDM020.A0102.SG1.4_10M.oral_gc_rl.tsv.gz
"(82,83]",576,CDM020.A0102.SG1.4_10M.oral_gc_rl.tsv.gz
"(83,84]",318,CDM020.A0102.SG1.4_10M.oral_gc_rl.tsv.gz
"(84,85]",290,CDM020.A0102.SG1.4_10M.oral_gc_rl.tsv.gz
"(85,86]",90,CDM020.A0102.SG1.4_10M.oral_gc_rl.tsv.gz
"(86,87]",108,CDM020.A0102.SG1.4_10M.oral_gc_rl.tsv.gz
"(87,88]",57,CDM020.A0102.SG1.4_10M.oral_gc_rl.tsv.gz
"(88,89]",20,CDM020.A0102.SG1.4_10M.oral_gc_rl.tsv.gz
"(89,90]",16,CDM020.A0102.SG1.4_10M.oral_gc_rl.tsv.gz
"(90,91]",2,CDM020.A0102.SG1.4_10M.oral_gc_rl.tsv.gz
"(91,92]",3,CDM020.A0102.SG1.4_10M.oral_gc_rl.tsv.gz
"(92,93]",1,CDM020.A0102.SG1.4_10M.oral_gc_rl.tsv.gz
"(10,11]",1,FUM001.A0101.SG1.1_10M.oral_gc_rl.tsv.gz
"(11,12]",2,FUM001.A0101.SG1.1_10M.oral_gc_rl.tsv.gz
"(12,13]",7,FUM001.A0101.SG1.1_10M.oral_gc_rl.tsv.gz
"(13,14]",5,FUM001.A0101.SG1.1_10M.oral_gc_rl.tsv.gz
"(14,15]",12,FUM001.A0101.SG1.1_10M.oral_gc_rl.tsv.gz
"(15,16]",13,FUM001.A0101.SG1.1_10M.oral_gc_rl.tsv.gz
"(16,17]",30,FUM001.A0101.SG1.1_10M.oral_gc_rl.tsv.gz
"(17,18]",55,FUM001.A0101.SG1.1_10M.oral_gc_rl.tsv.gz
"(18,19]",112,FUM001.A0101.SG1.1_10M.oral_gc_rl.tsv.gz
"(19,20]",171,FUM001.A0101.SG1.1_10M.oral_gc_rl.tsv.gz
"(20,21]",163,FUM001.A0101.SG1.1_10M.oral_gc_rl.tsv.gz
"(21,22]",326,FUM001.A0101.SG1.1_10M.oral_gc_rl.tsv.gz
"(22,23]",361,FUM001.A0101.SG1.1_10M.oral_gc_rl.tsv.gz
"(23,24]",439,FUM001.A0101.SG1.1_10M.oral_gc_rl.tsv.gz
"(24,25]",639,FUM001.A0101.SG1.1_10M.oral_gc_rl.tsv.gz
"(25,26]",514,FUM001.A0101.SG1.1_10M.oral_gc_rl.tsv.gz
"(26,27]",732,FUM001.A0101.SG1.1_10M.oral_gc_rl.tsv.gz
"(27,28]",996,FUM001.A0101.SG1.1_10M.oral_gc_rl.tsv.gz
"(28,29]",1109,FUM001.A0101.SG1.1_10M.oral_gc_rl.tsv.gz
"(29,30]",1344,FUM001.A0101.SG1.1_10M.oral_gc_rl.tsv.gz
"(30,31]",1290,FUM001.A0101.SG1.1_10M.oral_gc_rl.tsv.gz
"(31,32]",1731,FUM001.A0101.SG1.1_10M.oral_gc_rl.tsv.gz
"(32,33]",1943,FUM001.A0101.SG1.1_10M.oral_gc_rl.tsv.gz
"(33,34]",2136,FUM001.A0101.SG1.1_10M.oral_gc_rl.tsv.gz
"(34,35]",2541,FUM001.A0101.SG1.1_10M.oral_gc_rl.tsv.gz
"(35,36]",2845,FUM001.A0101.SG1.1_10M.oral_gc_rl.tsv.gz
"(36,37]",2978,FUM001.A0101.SG1.1_10M.oral_gc_rl.tsv.gz
"(37,38]",3283,FUM001.A0101.SG1.1_10M.oral_gc_rl.tsv.gz
"(38,39]",3309,FUM001.A0101.SG1.1_10M.oral_gc_rl.tsv.gz
"(39,40]",4738,FUM001.A0101.SG1.1_10M.oral_gc_rl.tsv.gz
"(40,41]",3352,FUM001.A0101.SG1.1_10M.oral_gc_rl.tsv.gz
"(41,42]",4760,FUM001.A0101.SG1.1_10M.oral_gc_rl.tsv.gz
"(42,43]",4868,FUM001.A0101.SG1.1_10M.oral_gc_rl.tsv.gz
"(43,44]",5473,FUM001.A0101.SG1.1_10M.oral_gc_rl.tsv.gz
"(44,45]",5881,FUM001.A0101.SG1.1_10M.oral_gc_rl.tsv.gz
"(45,46]",5868,FUM001.A0101.SG1.1_10M.oral_gc_rl.tsv.gz
"(46,47]",6486,FUM001.A0101.SG1.1_10M.oral_gc_rl.tsv.gz
"(47,48]",7250,FUM001.A0101.SG1.1_10M.oral_gc_rl.tsv.gz
"(48,49]",7057,FUM001.A0101.SG1.1_10M.oral_gc_rl.tsv.gz
"(49,50]",11744,FUM001.A0101.SG1.1_10M.oral_gc_rl.tsv.gz
"(50,51]",4552,FUM001.A0101.SG1.1_10M.oral_gc_rl.tsv.gz
"(51,52]",9914,FUM001.A0101.SG1.1_10M.oral_gc_rl.tsv.gz
"(52,53]",10449,FUM001.A0101.SG1.1_10M.oral_gc_rl.tsv.gz
"(53,54]",12209,FUM001.A0101.SG1.1_10M.oral_gc_rl.tsv.gz
"(54,55]",12824,FUM001.A0101.SG1.1_10M.oral_gc_rl.tsv.gz
"(55,56]",14077,FUM001.A0101.SG1.1_10M.oral_gc_rl.tsv.gz
"(56,57]",15379,FUM001.A0101.SG1.1_10M.oral_gc_rl.tsv.gz
"(57,58]",17718,FUM001.A0101.SG1.1_10M.oral_gc_rl.tsv.gz
"(58,59]",17939,FUM001.A0101.SG1.1_10M.oral_gc_rl.tsv.gz
"(59,60]",22934,FUM001.A0101.SG1.1_10M.oral_gc_rl.tsv.gz
"(60,61]",17752,FUM001.A0101.SG1.1_10M.oral_gc_rl.tsv.gz
"(61,62]",22262,FUM001.A0101.SG1.1_10M.oral_gc_rl.tsv.gz
"(62,63]",20758,FUM001.A0101.SG1.1_10M.oral_gc_rl.tsv.gz
"(63,64]",23220,FUM001.A0101.SG1.1_10M.oral_gc_rl.tsv.gz
"(64,65]",22589,FUM001.A0101.SG1.1_10M.oral_gc_rl.tsv.gz
"(65,66]",22181,FUM001.A0101.SG1.1_10M.oral_gc_rl.tsv.gz
"(66,67]",19383,FUM001.A0101.SG1.1_10M.oral_gc_rl.tsv.gz
"(67,68]",20480,FUM001.A0101.SG1.1_10M.oral_gc_rl.tsv.gz
"(68,69]",17771,FUM001.A0101.SG1.1_10M.oral_gc_rl.tsv.gz
"(69,70]",19549,FUM001.A0101.SG1.1_10M.oral_gc_rl.tsv.gz
"(70,71]",13263,FUM001.A0101.SG1.1_10M.oral_gc_rl.tsv.gz
"(71,72]",14636,FUM001.A0101.SG1.1_10M.oral_gc_rl.tsv.gz
"(72,73]",11952,FUM001.A0101.SG1.1_10M.oral_gc_rl.tsv.gz
"(73,74]",10490,FUM001.A0101.SG1.1_10M.oral_gc_rl.tsv.gz
"(74,75]",10025,FUM001.A0101.SG1.1_10M.oral_gc_rl.tsv.gz
"(75,76]",5104,FUM001.A0101.SG1.1_10M.oral_gc_rl.tsv.gz
"(76,77]",5520,FUM001.A0101.SG1.1_10M.oral_gc_rl.tsv.gz
"(77,78]",4364,FUM001.A0101.SG1.1_10M.oral_gc_rl.tsv.gz
"(78,79]",3207,FUM001.A0101.SG1.1_10M.oral_gc_rl.tsv.gz
"(79,80]",2917,FUM001.A0101.SG1.1_10M.oral_gc_rl.tsv.gz
"(80,81]",1384,FUM001.A0101.SG1.1_10M.oral_gc_rl.tsv.gz
"(81,82]",1265,FUM001.A0101.SG1.1_10M.oral_gc_rl.tsv.gz
"(82,83]",932,FUM001.A0101.SG1.1_10M.oral_gc_rl.tsv.gz
"(83,84]",576,FUM001.A0101.SG1.1_10M.oral_gc_rl.tsv.gz
"(84,85]",464,FUM001.A0101.SG1.1_10M.oral_gc_rl.tsv.gz
"(85,86]",188,FUM001.A0101.SG1.1_10M.oral_gc_rl.tsv.gz
"(86,87]",189,FUM001.A0101.SG1.1_10M.oral_gc_rl.tsv.gz
"(87,88]",94,FUM001.A0101.SG1.1_10M.oral_gc_rl.tsv.gz
"(88,89]",72,FUM001.A0101.SG1.1_10M.oral_gc_rl.tsv.gz
"(89,90]",24,FUM001.A0101.SG1.1_10M.oral_gc_rl.tsv.gz
"(90,91]",8,FUM001.A0101.SG1.1_10M.oral_gc_rl.tsv.gz
"(91,92]",2,FUM001.A0101.SG1.1_10M.oral_gc_rl.tsv.gz
"(92,93]",3,FUM001.A0101.SG1.1_10M.oral_gc_rl.tsv.gz
"(7,8]",2,FUM001.A0102.SG1.4_10M.oral_gc_rl.tsv.gz
"(8,9]",1,FUM001.A0102.SG1.4_10M.oral_gc_rl.tsv.gz
"(9,10]",3,FUM001.A0102.SG1.4_10M.oral_gc_rl.tsv.gz
"(10,11]",3,FUM001.A0102.SG1.4_10M.oral_gc_rl.tsv.gz
"(11,12]",7,FUM001.A0102.SG1.4_10M.oral_gc_rl.tsv.gz
"(12,13]",7,FUM001.A0102.SG1.4_10M.oral_gc_rl.tsv.gz
"(13,14]",20,FUM001.A0102.SG1.4_10M.oral_gc_rl.tsv.gz
"(14,15]",29,FUM001.A0102.SG1.4_10M.oral_gc_rl.tsv.gz
"(15,16]",44,FUM001.A0102.SG1.4_10M.oral_gc_rl.tsv.gz
"(16,17]",35,FUM001.A0102.SG1.4_10M.oral_gc_rl.tsv.gz
"(17,18]",74,FUM001.A0102.SG1.4_10M.oral_gc_rl.tsv.gz
"(18,19]",66,FUM001.A0102.SG1.4_10M.oral_gc_rl.tsv.gz
"(19,20]",115,FUM001.A0102.SG1.4_10M.oral_gc_rl.tsv.gz
"(20,21]",108,FUM001.A0102.SG1.4_10M.oral_gc_rl.tsv.gz
"(21,22]",150,FUM001.A0102.SG1.4_10M.oral_gc_rl.tsv.gz
"(22,23]",173,FUM001.A0102.SG1.4_10M.oral_gc_rl.tsv.gz
"(23,24]",205,FUM001.A0102.SG1.4_10M.oral_gc_rl.tsv.gz
"(24,25]",256,FUM001.A0102.SG1.4_10M.oral_gc_rl.tsv.gz
"(25,26]",229,FUM001.A0102.SG1.4_10M.oral_gc_rl.tsv.gz
"(26,27]",286,FUM001.A0102.SG1.4_10M.oral_gc_rl.tsv.gz
"(27,28]",327,FUM001.A0102.SG1.4_10M.oral_gc_rl.tsv.gz
"(28,29]",401,FUM001.A0102.SG1.4_10M.oral_gc_rl.tsv.gz
"(29,30]",446,FUM001.A0102.SG1.4_10M.oral_gc_rl.tsv.gz
"(30,31]",454,FUM001.A0102.SG1.4_10M.oral_gc_rl.tsv.gz
"(31,32]",476,FUM001.A0102.SG1.4_10M.oral_gc_rl.tsv.gz
"(32,33]",521,FUM001.A0102.SG1.4_10M.oral_gc_rl.tsv.gz
"(33,34]",545,FUM001.A0102.SG1.4_10M.oral_gc_rl.tsv.gz
"(34,35]",667,FUM001.A0102.SG1.4_10M.oral_gc_rl.tsv.gz
"(35,36]",639,FUM001.A0102.SG1.4_10M.oral_gc_rl.tsv.gz
"(36,37]",691,FUM001.A0102.SG1.4_10M.oral_gc_rl.tsv.gz
"(37,38]",666,FUM001.A0102.SG1.4_10M.oral_gc_rl.tsv.gz
"(38,39]",709,FUM001.A0102.SG1.4_10M.oral_gc_rl.tsv.gz
"(39,40]",972,FUM001.A0102.SG1.4_10M.oral_gc_rl.tsv.gz
"(40,41]",720,FUM001.A0102.SG1.4_10M.oral_gc_rl.tsv.gz
"(41,42]",863,FUM001.A0102.SG1.4_10M.oral_gc_rl.tsv.gz
"(42,43]",788,FUM001.A0102.SG1.4_10M.oral_gc_rl.tsv.gz
"(43,44]",931,FUM001.A0102.SG1.4_10M.oral_gc_rl.tsv.gz
"(44,45]",915,FUM001.A0102.SG1.4_10M.oral_gc_rl.tsv.gz
"(45,46]",836,FUM001.A0102.SG1.4_10M.oral_gc_rl.tsv.gz
"(46,47]",978,FUM001.A0102.SG1.4_10M.oral_gc_rl.tsv.gz
"(47,48]",1042,FUM001.A0102.SG1.4_10M.oral_gc_rl.tsv.gz
"(48,49]",974,FUM001.A0102.SG1.4_10M.oral_gc_rl.tsv.gz
"(49,50]",1557,FUM001.A0102.SG1.4_10M.oral_gc_rl.tsv.gz
"(50,51]",495,FUM001.A0102.SG1.4_10M.oral_gc_rl.tsv.gz
"(51,52]",1190,FUM001.A0102.SG1.4_10M.oral_gc_rl.tsv.gz
"(52,53]",1311,FUM001.A0102.SG1.4_10M.oral_gc_rl.tsv.gz
"(53,54]",1360,FUM001.A0102.SG1.4_10M.oral_gc_rl.tsv.gz
"(54,55]",1431,FUM001.A0102.SG1.4_10M.oral_gc_rl.tsv.gz
"(55,56]",1417,FUM001.A0102.SG1.4_10M.oral_gc_rl.tsv.gz
"(56,57]",1514,FUM001.A0102.SG1.4_10M.oral_gc_rl.tsv.gz
"(57,58]",1731,FUM001.A0102.SG1.4_10M.oral_gc_rl.tsv.gz
"(58,59]",1714,FUM001.A0102.SG1.4_10M.oral_gc_rl.tsv.gz
"(59,60]",2132,FUM001.A0102.SG1.4_10M.oral_gc_rl.tsv.gz
"(60,61]",1570,FUM001.A0102.SG1.4_10M.oral_gc_rl.tsv.gz
"(61,62]",1904,FUM001.A0102.SG1.4_10M.oral_gc_rl.tsv.gz
"(62,63]",1659,FUM001.A0102.SG1.4_10M.oral_gc_rl.tsv.gz
"(63,64]",1895,FUM001.A0102.SG1.4_10M.oral_gc_rl.tsv.gz
"(64,65]",1818,FUM001.A0102.SG1.4_10M.oral_gc_rl.tsv.gz
"(65,66]",1817,FUM001.A0102.SG1.4_10M.oral_gc_rl.tsv.gz
"(66,67]",1494,FUM001.A0102.SG1.4_10M.oral_gc_rl.tsv.gz
"(67,68]",1466,FUM001.A0102.SG1.4_10M.oral_gc_rl.tsv.gz
"(68,69]",1351,FUM001.A0102.SG1.4_10M.oral_gc_rl.tsv.gz
"(69,70]",1399,FUM001.A0102.SG1.4_10M.oral_gc_rl.tsv.gz
"(70,71]",925,FUM001.A0102.SG1.4_10M.oral_gc_rl.tsv.gz
"(71,72]",1024,FUM001.A0102.SG1.4_10M.oral_gc_rl.tsv.gz
"(72,73]",850,FUM001.A0102.SG1.4_10M.oral_gc_rl.tsv.gz
"(73,74]",676,FUM001.A0102.SG1.4_10M.oral_gc_rl.tsv.gz
"(74,75]",732,FUM001.A0102.SG1.4_10M.oral_gc_rl.tsv.gz
"(75,76]",341,FUM001.A0102.SG1.4_10M.oral_gc_rl.tsv.gz
"(76,77]",420,FUM001.A0102.SG1.4_10M.oral_gc_rl.tsv.gz
"(77,78]",306,FUM001.A0102.SG1.4_10M.oral_gc_rl.tsv.gz
"(78,79]",240,FUM001.A0102.SG1.4_10M.oral_gc_rl.tsv.gz
"(79,80]",197,FUM001.A0102.SG1.4_10M.oral_gc_rl.tsv.gz
"(80,81]",103,FUM001.A0102.SG1.4_10M.oral_gc_rl.tsv.gz
"(81,82]",92,FUM001.A0102.SG1.4_10M.oral_gc_rl.tsv.gz
"(82,83]",62,FUM001.A0102.SG1.4_10M.oral_gc_rl.tsv.gz
"(83,84]",36,FUM001.A0102.SG1.4_10M.oral_gc_rl.tsv.gz
"(84,85]",33,FUM001.A0102.SG1.4_10M.oral_gc_rl.tsv.gz
"(85,86]",13,FUM001.A0102.SG1.4_10M.oral_gc_rl.tsv.gz
"(86,87]",11,FUM001.A0102.SG1.4_10M.oral_gc_rl.tsv.gz
"(87,88]",9,FUM001.A0102.SG1.4_10M.oral_gc_rl.tsv.gz
"(88,89]",4,FUM001.A0102.SG1.4_10M.oral_gc_rl.tsv.gz
"(89,90]",2,FUM001.A0102.SG1.4_10M.oral_gc_rl.tsv.gz
"(90,91]",1,FUM001.A0102.SG1.4_10M.oral_gc_rl.tsv.gz
"(9,10]",2,FUM002.A0101.SG1.1_10M.oral_gc_rl.tsv.gz
"(10,11]",2,FUM002.A0101.SG1.1_10M.oral_gc_rl.tsv.gz
"(11,12]",7,FUM002.A0101.SG1.1_10M.oral_gc_rl.tsv.gz
"(12,13]",8,FUM002.A0101.SG1.1_10M.oral_gc_rl.tsv.gz
"(13,14]",19,FUM002.A0101.SG1.1_10M.oral_gc_rl.tsv.gz
"(14,15]",24,FUM002.A0101.SG1.1_10M.oral_gc_rl.tsv.gz
"(15,16]",52,FUM002.A0101.SG1.1_10M.oral_gc_rl.tsv.gz
"(16,17]",52,FUM002.A0101.SG1.1_10M.oral_gc_rl.tsv.gz
"(17,18]",96,FUM002.A0101.SG1.1_10M.oral_gc_rl.tsv.gz
"(18,19]",98,FUM002.A0101.SG1.1_10M.oral_gc_rl.tsv.gz
"(19,20]",207,FUM002.A0101.SG1.1_10M.oral_gc_rl.tsv.gz
"(20,21]",167,FUM002.A0101.SG1.1_10M.oral_gc_rl.tsv.gz
"(21,22]",347,FUM002.A0101.SG1.1_10M.oral_gc_rl.tsv.gz
"(22,23]",346,FUM002.A0101.SG1.1_10M.oral_gc_rl.tsv.gz
"(23,24]",503,FUM002.A0101.SG1.1_10M.oral_gc_rl.tsv.gz
"(24,25]",688,FUM002.A0101.SG1.1_10M.oral_gc_rl.tsv.gz
"(25,26]",490,FUM002.A0101.SG1.1_10M.oral_gc_rl.tsv.gz
"(26,27]",726,FUM002.A0101.SG1.1_10M.oral_gc_rl.tsv.gz
"(27,28]",916,FUM002.A0101.SG1.1_10M.oral_gc_rl.tsv.gz
"(28,29]",986,FUM002.A0101.SG1.1_10M.oral_gc_rl.tsv.gz
"(29,30]",1247,FUM002.A0101.SG1.1_10M.oral_gc_rl.tsv.gz
"(30,31]",1206,FUM002.A0101.SG1.1_10M.oral_gc_rl.tsv.gz
"(31,32]",1564,FUM002.A0101.SG1.1_10M.oral_gc_rl.tsv.gz
"(32,33]",1534,FUM002.A0101.SG1.1_10M.oral_gc_rl.tsv.gz
"(33,34]",1817,FUM002.A0101.SG1.1_10M.oral_gc_rl.tsv.gz
"(34,35]",2189,FUM002.A0101.SG1.1_10M.oral_gc_rl.tsv.gz
"(35,36]",2119,FUM002.A0101.SG1.1_10M.oral_gc_rl.tsv.gz
"(36,37]",2356,FUM002.A0101.SG1.1_10M.oral_gc_rl.tsv.gz
"(37,38]",2551,FUM002.A0101.SG1.1_10M.oral_gc_rl.tsv.gz
"(38,39]",2845,FUM002.A0101.SG1.1_10M.oral_gc_rl.tsv.gz
"(39,40]",4000,FUM002.A0101.SG1.1_10M.oral_gc_rl.tsv.gz
"(40,41]",2864,FUM002.A0101.SG1.1_10M.oral_gc_rl.tsv.gz
"(41,42]",3851,FUM002.A0101.SG1.1_10M.oral_gc_rl.tsv.gz
"(42,43]",4075,FUM002.A0101.SG1.1_10M.oral_gc_rl.tsv.gz
"(43,44]",4861,FUM002.A0101.SG1.1_10M.oral_gc_rl.tsv.gz
"(44,45]",5104,FUM002.A0101.SG1.1_10M.oral_gc_rl.tsv.gz
"(45,46]",5191,FUM002.A0101.SG1.1_10M.oral_gc_rl.tsv.gz
"(46,47]",5876,FUM002.A0101.SG1.1_10M.oral_gc_rl.tsv.gz
"(47,48]",6910,FUM002.A0101.SG1.1_10M.oral_gc_rl.tsv.gz
"(48,49]",7179,FUM002.A0101.SG1.1_10M.oral_gc_rl.tsv.gz
"(49,50]",11689,FUM002.A0101.SG1.1_10M.oral_gc_rl.tsv.gz
"(50,51]",4396,FUM002.A0101.SG1.1_10M.oral_gc_rl.tsv.gz
"(51,52]",10730,FUM002.A0101.SG1.1_10M.oral_gc_rl.tsv.gz
"(52,53]",11723,FUM002.A0101.SG1.1_10M.oral_gc_rl.tsv.gz
"(53,54]",14021,FUM002.A0101.SG1.1_10M.oral_gc_rl.tsv.gz
"(54,55]",15024,FUM002.A0101.SG1.1_10M.oral_gc_rl.tsv.gz
"(55,56]",16750,FUM002.A0101.SG1.1_10M.oral_gc_rl.tsv.gz
"(56,57]",18772,FUM002.A0101.SG1.1_10M.oral_gc_rl.tsv.gz
"(57,58]",22109,FUM002.A0101.SG1.1_10M.oral_gc_rl.tsv.gz
"(58,59]",22933,FUM002.A0101.SG1.1_10M.oral_gc_rl.tsv.gz
"(59,60]",31261,FUM002.A0101.SG1.1_10M.oral_gc_rl.tsv.gz
"(60,61]",24137,FUM002.A0101.SG1.1_10M.oral_gc_rl.tsv.gz
"(61,62]",31525,FUM002.A0101.SG1.1_10M.oral_gc_rl.tsv.gz
"(62,63]",31325,FUM002.A0101.SG1.1_10M.oral_gc_rl.tsv.gz
"(63,64]",35719,FUM002.A0101.SG1.1_10M.oral_gc_rl.tsv.gz
"(64,65]",35997,FUM002.A0101.SG1.1_10M.oral_gc_rl.tsv.gz
"(65,66]",36086,FUM002.A0101.SG1.1_10M.oral_gc_rl.tsv.gz
"(66,67]",33012,FUM002.A0101.SG1.1_10M.oral_gc_rl.tsv.gz
"(67,68]",36327,FUM002.A0101.SG1.1_10M.oral_gc_rl.tsv.gz
"(68,69]",32691,FUM002.A0101.SG1.1_10M.oral_gc_rl.tsv.gz
"(69,70]",34922,FUM002.A0101.SG1.1_10M.oral_gc_rl.tsv.gz
"(70,71]",25124,FUM002.A0101.SG1.1_10M.oral_gc_rl.tsv.gz
"(71,72]",26767,FUM002.A0101.SG1.1_10M.oral_gc_rl.tsv.gz
"(72,73]",21516,FUM002.A0101.SG1.1_10M.oral_gc_rl.tsv.gz
"(73,74]",19213,FUM002.A0101.SG1.1_10M.oral_gc_rl.tsv.gz
"(74,75]",17742,FUM002.A0101.SG1.1_10M.oral_gc_rl.tsv.gz
"(75,76]",9309,FUM002.A0101.SG1.1_10M.oral_gc_rl.tsv.gz
"(76,77]",9638,FUM002.A0101.SG1.1_10M.oral_gc_rl.tsv.gz
"(77,78]",7069,FUM002.A0101.SG1.1_10M.oral_gc_rl.tsv.gz
"(78,79]",5229,FUM002.A0101.SG1.1_10M.oral_gc_rl.tsv.gz
"(79,80]",4244,FUM002.A0101.SG1.1_10M.oral_gc_rl.tsv.gz
"(80,81]",2021,FUM002.A0101.SG1.1_10M.oral_gc_rl.tsv.gz
"(81,82]",1700,FUM002.A0101.SG1.1_10M.oral_gc_rl.tsv.gz
"(82,83]",1179,FUM002.A0101.SG1.1_10M.oral_gc_rl.tsv.gz
"(83,84]",659,FUM002.A0101.SG1.1_10M.oral_gc_rl.tsv.gz
"(84,85]",474,FUM002.A0101.SG1.1_10M.oral_gc_rl.tsv.gz
"(85,86]",219,FUM002.A0101.SG1.1_10M.oral_gc_rl.tsv.gz
"(86,87]",171,FUM002.A0101.SG1.1_10M.oral_gc_rl.tsv.gz
"(87,88]",74,FUM002.A0101.SG1.1_10M.oral_gc_rl.tsv.gz
"(88,89]",37,FUM002.A0101.SG1.1_10M.oral_gc_rl.tsv.gz
"(89,90]",28,FUM002.A0101.SG1.1_10M.oral_gc_rl.tsv.gz
"(90,91]",6,FUM002.A0101.SG1.1_10M.oral_gc_rl.tsv.gz
"(91,92]",9,FUM002.A0101.SG1.1_10M.oral_gc_rl.tsv.gz
"(92,93]",3,FUM002.A0101.SG1.1_10M.oral_gc_rl.tsv.gz
"(94,95]",1,FUM002.A0101.SG1.1_10M.oral_gc_rl.tsv.gz
"(4,5]",1,FUM002.A0102.SG1.5_10M.oral_gc_rl.tsv.gz
"(5,6]",1,FUM002.A0102.SG1.5_10M.oral_gc_rl.tsv.gz
"(6,7]",3,FUM002.A0102.SG1.5_10M.oral_gc_rl.tsv.gz
"(7,8]",6,FUM002.A0102.SG1.5_10M.oral_gc_rl.tsv.gz
"(8,9]",9,FUM002.A0102.SG1.5_10M.oral_gc_rl.tsv.gz
"(9,10]",21,FUM002.A0102.SG1.5_10M.oral_gc_rl.tsv.gz
"(10,11]",21,FUM002.A0102.SG1.5_10M.oral_gc_rl.tsv.gz
"(11,12]",46,FUM002.A0102.SG1.5_10M.oral_gc_rl.tsv.gz
"(12,13]",67,FUM002.A0102.SG1.5_10M.oral_gc_rl.tsv.gz
"(13,14]",113,FUM002.A0102.SG1.5_10M.oral_gc_rl.tsv.gz
"(14,15]",133,FUM002.A0102.SG1.5_10M.oral_gc_rl.tsv.gz
"(15,16]",201,FUM002.A0102.SG1.5_10M.oral_gc_rl.tsv.gz
"(16,17]",215,FUM002.A0102.SG1.5_10M.oral_gc_rl.tsv.gz
"(17,18]",353,FUM002.A0102.SG1.5_10M.oral_gc_rl.tsv.gz
"(18,19]",378,FUM002.A0102.SG1.5_10M.oral_gc_rl.tsv.gz
"(19,20]",639,FUM002.A0102.SG1.5_10M.oral_gc_rl.tsv.gz
"(20,21]",511,FUM002.A0102.SG1.5_10M.oral_gc_rl.tsv.gz
"(21,22]",820,FUM002.A0102.SG1.5_10M.oral_gc_rl.tsv.gz
"(22,23]",790,FUM002.A0102.SG1.5_10M.oral_gc_rl.tsv.gz
"(23,24]",1087,FUM002.A0102.SG1.5_10M.oral_gc_rl.tsv.gz
"(24,25]",1398,FUM002.A0102.SG1.5_10M.oral_gc_rl.tsv.gz
"(25,26]",952,FUM002.A0102.SG1.5_10M.oral_gc_rl.tsv.gz
"(26,27]",1386,FUM002.A0102.SG1.5_10M.oral_gc_rl.tsv.gz
"(27,28]",1653,FUM002.A0102.SG1.5_10M.oral_gc_rl.tsv.gz
"(28,29]",1720,FUM002.A0102.SG1.5_10M.oral_gc_rl.tsv.gz
"(29,30]",2049,FUM002.A0102.SG1.5_10M.oral_gc_rl.tsv.gz
"(30,31]",1888,FUM002.A0102.SG1.5_10M.oral_gc_rl.tsv.gz
"(31,32]",2250,FUM002.A0102.SG1.5_10M.oral_gc_rl.tsv.gz
"(32,33]",2171,FUM002.A0102.SG1.5_10M.oral_gc_rl.tsv.gz
"(33,34]",2258,FUM002.A0102.SG1.5_10M.oral_gc_rl.tsv.gz
"(34,35]",2820,FUM002.A0102.SG1.5_10M.oral_gc_rl.tsv.gz
"(35,36]",2698,FUM002.A0102.SG1.5_10M.oral_gc_rl.tsv.gz
"(36,37]",2698,FUM002.A0102.SG1.5_10M.oral_gc_rl.tsv.gz
"(37,38]",2849,FUM002.A0102.SG1.5_10M.oral_gc_rl.tsv.gz
"(38,39]",2968,FUM002.A0102.SG1.5_10M.oral_gc_rl.tsv.gz
"(39,40]",4026,FUM002.A0102.SG1.5_10M.oral_gc_rl.tsv.gz
"(40,41]",2723,FUM002.A0102.SG1.5_10M.oral_gc_rl.tsv.gz
"(41,42]",3598,FUM002.A0102.SG1.5_10M.oral_gc_rl.tsv.gz
"(42,43]",3455,FUM002.A0102.SG1.5_10M.oral_gc_rl.tsv.gz
"(43,44]",4005,FUM002.A0102.SG1.5_10M.oral_gc_rl.tsv.gz
"(44,45]",3972,FUM002.A0102.SG1.5_10M.oral_gc_rl.tsv.gz
"(45,46]",3754,FUM002.A0102.SG1.5_10M.oral_gc_rl.tsv.gz
"(46,47]",4148,FUM002.A0102.SG1.5_10M.oral_gc_rl.tsv.gz
"(47,48]",4934,FUM002.A0102.SG1.5_10M.oral_gc_rl.tsv.gz
"(48,49]",4652,FUM002.A0102.SG1.5_10M.oral_gc_rl.tsv.gz
"(49,50]",7049,FUM002.A0102.SG1.5_10M.oral_gc_rl.tsv.gz
"(50,51]",2278,FUM002.A0102.SG1.5_10M.oral_gc_rl.tsv.gz
"(51,52]",5938,FUM002.A0102.SG1.5_10M.oral_gc_rl.tsv.gz
"(52,53]",6206,FUM002.A0102.SG1.5_10M.oral_gc_rl.tsv.gz
"(53,54]",6875,FUM002.A0102.SG1.5_10M.oral_gc_rl.tsv.gz
"(54,55]",7248,FUM002.A0102.SG1.5_10M.oral_gc_rl.tsv.gz
"(55,56]",7263,FUM002.A0102.SG1.5_10M.oral_gc_rl.tsv.gz
"(56,57]",8375,FUM002.A0102.SG1.5_10M.oral_gc_rl.tsv.gz
"(57,58]",9229,FUM002.A0102.SG1.5_10M.oral_gc_rl.tsv.gz
"(58,59]",9258,FUM002.A0102.SG1.5_10M.oral_gc_rl.tsv.gz
"(59,60]",12197,FUM002.A0102.SG1.5_10M.oral_gc_rl.tsv.gz
"(60,61]",8987,FUM002.A0102.SG1.5_10M.oral_gc_rl.tsv.gz
"(61,62]",11393,FUM002.A0102.SG1.5_10M.oral_gc_rl.tsv.gz
"(62,63]",10510,FUM002.A0102.SG1.5_10M.oral_gc_rl.tsv.gz
"(63,64]",12215,FUM002.A0102.SG1.5_10M.oral_gc_rl.tsv.gz
"(64,65]",12036,FUM002.A0102.SG1.5_10M.oral_gc_rl.tsv.gz
"(65,66]",11768,FUM002.A0102.SG1.5_10M.oral_gc_rl.tsv.gz
"(66,67]",10105,FUM002.A0102.SG1.5_10M.oral_gc_rl.tsv.gz
"(67,68]",11009,FUM002.A0102.SG1.5_10M.oral_gc_rl.tsv.gz
"(68,69]",9800,FUM002.A0102.SG1.5_10M.oral_gc_rl.tsv.gz
"(69,70]",10638,FUM002.A0102.SG1.5_10M.oral_gc_rl.tsv.gz
"(70,71]",7325,FUM002.A0102.SG1.5_10M.oral_gc_rl.tsv.gz
"(71,72]",7924,FUM002.A0102.SG1.5_10M.oral_gc_rl.tsv.gz
"(72,73]",6377,FUM002.A0102.SG1.5_10M.oral_gc_rl.tsv.gz
"(73,74]",5696,FUM002.A0102.SG1.5_10M.oral_gc_rl.tsv.gz
"(74,75]",5148,FUM002.A0102.SG1.5_10M.oral_gc_rl.tsv.gz
"(75,76]",2648,FUM002.A0102.SG1.5_10M.oral_gc_rl.tsv.gz
"(76,77]",2894,FUM002.A0102.SG1.5_10M.oral_gc_rl.tsv.gz
"(77,78]",2069,FUM002.A0102.SG1.5_10M.oral_gc_rl.tsv.gz
"(78,79]",1604,FUM002.A0102.SG1.5_10M.oral_gc_rl.tsv.gz
"(79,80]",1291,FUM002.A0102.SG1.5_10M.oral_gc_rl.tsv.gz
"(80,81]",604,FUM002.A0102.SG1.5_10M.oral_gc_rl.tsv.gz
"(81,82]",495,FUM002.A0102.SG1.5_10M.oral_gc_rl.tsv.gz
"(82,83]",401,FUM002.A0102.SG1.5_10M.oral_gc_rl.tsv.gz
"(83,84]",195,FUM002.A0102.SG1.5_10M.oral_gc_rl.tsv.gz
"(84,85]",151,FUM002.A0102.SG1.5_10M.oral_gc_rl.tsv.gz
"(85,86]",75,FUM002.A0102.SG1.5_10M.oral_gc_rl.tsv.gz
"(86,87]",57,FUM002.A0102.SG1.5_10M.oral_gc_rl.tsv.gz
"(87,88]",27,FUM002.A0102.SG1.5_10M.oral_gc_rl.tsv.gz
"(88,89]",11,FUM002.A0102.SG1.5_10M.oral_gc_rl.tsv.gz
"(89,90]",6,FUM002.A0102.SG1.5_10M.oral_gc_rl.tsv.gz
"(90,91]",3,FUM002.A0102.SG1.5_10M.oral_gc_rl.tsv.gz
"(92,93]",1,FUM002.A0102.SG1.5_10M.oral_gc_rl.tsv.gz
"(94,95]",1,FUM002.A0102.SG1.5_10M.oral_gc_rl.tsv.gz
"(7,8]",2,FUM003.A0101.SG1.1_10M.oral_gc_rl.tsv.gz
"(9,10]",1,FUM003.A0101.SG1.1_10M.oral_gc_rl.tsv.gz
"(10,11]",2,FUM003.A0101.SG1.1_10M.oral_gc_rl.tsv.gz
"(11,12]",5,FUM003.A0101.SG1.1_10M.oral_gc_rl.tsv.gz
"(12,13]",10,FUM003.A0101.SG1.1_10M.oral_gc_rl.tsv.gz
"(13,14]",18,FUM003.A0101.SG1.1_10M.oral_gc_rl.tsv.gz
"(14,15]",22,FUM003.A0101.SG1.1_10M.oral_gc_rl.tsv.gz
"(15,16]",32,FUM003.A0101.SG1.1_10M.oral_gc_rl.tsv.gz
"(16,17]",42,FUM003.A0101.SG1.1_10M.oral_gc_rl.tsv.gz
"(17,18]",93,FUM003.A0101.SG1.1_10M.oral_gc_rl.tsv.gz
"(18,19]",104,FUM003.A0101.SG1.1_10M.oral_gc_rl.tsv.gz
"(19,20]",189,FUM003.A0101.SG1.1_10M.oral_gc_rl.tsv.gz
"(20,21]",135,FUM003.A0101.SG1.1_10M.oral_gc_rl.tsv.gz
"(21,22]",222,FUM003.A0101.SG1.1_10M.oral_gc_rl.tsv.gz
"(22,23]",243,FUM003.A0101.SG1.1_10M.oral_gc_rl.tsv.gz
"(23,24]",342,FUM003.A0101.SG1.1_10M.oral_gc_rl.tsv.gz
"(24,25]",462,FUM003.A0101.SG1.1_10M.oral_gc_rl.tsv.gz
"(25,26]",347,FUM003.A0101.SG1.1_10M.oral_gc_rl.tsv.gz
"(26,27]",498,FUM003.A0101.SG1.1_10M.oral_gc_rl.tsv.gz
"(27,28]",616,FUM003.A0101.SG1.1_10M.oral_gc_rl.tsv.gz
"(28,29]",748,FUM003.A0101.SG1.1_10M.oral_gc_rl.tsv.gz
"(29,30]",906,FUM003.A0101.SG1.1_10M.oral_gc_rl.tsv.gz
"(30,31]",860,FUM003.A0101.SG1.1_10M.oral_gc_rl.tsv.gz
"(31,32]",1062,FUM003.A0101.SG1.1_10M.oral_gc_rl.tsv.gz
"(32,33]",1056,FUM003.A0101.SG1.1_10M.oral_gc_rl.tsv.gz
"(33,34]",1189,FUM003.A0101.SG1.1_10M.oral_gc_rl.tsv.gz
"(34,35]",1437,FUM003.A0101.SG1.1_10M.oral_gc_rl.tsv.gz
"(35,36]",1452,FUM003.A0101.SG1.1_10M.oral_gc_rl.tsv.gz
"(36,37]",1525,FUM003.A0101.SG1.1_10M.oral_gc_rl.tsv.gz
"(37,38]",1700,FUM003.A0101.SG1.1_10M.oral_gc_rl.tsv.gz
"(38,39]",1623,FUM003.A0101.SG1.1_10M.oral_gc_rl.tsv.gz
"(39,40]",2174,FUM003.A0101.SG1.1_10M.oral_gc_rl.tsv.gz
"(40,41]",1676,FUM003.A0101.SG1.1_10M.oral_gc_rl.tsv.gz
"(41,42]",1924,FUM003.A0101.SG1.1_10M.oral_gc_rl.tsv.gz
"(42,43]",2031,FUM003.A0101.SG1.1_10M.oral_gc_rl.tsv.gz
"(43,44]",2161,FUM003.A0101.SG1.1_10M.oral_gc_rl.tsv.gz
"(44,45]",2148,FUM003.A0101.SG1.1_10M.oral_gc_rl.tsv.gz
"(45,46]",2095,FUM003.A0101.SG1.1_10M.oral_gc_rl.tsv.gz
"(46,47]",2253,FUM003.A0101.SG1.1_10M.oral_gc_rl.tsv.gz
"(47,48]",2590,FUM003.A0101.SG1.1_10M.oral_gc_rl.tsv.gz
"(48,49]",2458,FUM003.A0101.SG1.1_10M.oral_gc_rl.tsv.gz
"(49,50]",3772,FUM003.A0101.SG1.1_10M.oral_gc_rl.tsv.gz
"(50,51]",1339,FUM003.A0101.SG1.1_10M.oral_gc_rl.tsv.gz
"(51,52]",3267,FUM003.A0101.SG1.1_10M.oral_gc_rl.tsv.gz
"(52,53]",3377,FUM003.A0101.SG1.1_10M.oral_gc_rl.tsv.gz
"(53,54]",4078,FUM003.A0101.SG1.1_10M.oral_gc_rl.tsv.gz
"(54,55]",4222,FUM003.A0101.SG1.1_10M.oral_gc_rl.tsv.gz
"(55,56]",4645,FUM003.A0101.SG1.1_10M.oral_gc_rl.tsv.gz
"(56,57]",5114,FUM003.A0101.SG1.1_10M.oral_gc_rl.tsv.gz
"(57,58]",5873,FUM003.A0101.SG1.1_10M.oral_gc_rl.tsv.gz
"(58,59]",5879,FUM003.A0101.SG1.1_10M.oral_gc_rl.tsv.gz
"(59,60]",7996,FUM003.A0101.SG1.1_10M.oral_gc_rl.tsv.gz
"(60,61]",5908,FUM003.A0101.SG1.1_10M.oral_gc_rl.tsv.gz
"(61,62]",7647,FUM003.A0101.SG1.1_10M.oral_gc_rl.tsv.gz
"(62,63]",7219,FUM003.A0101.SG1.1_10M.oral_gc_rl.tsv.gz
"(63,64]",8096,FUM003.A0101.SG1.1_10M.oral_gc_rl.tsv.gz
"(64,65]",7601,FUM003.A0101.SG1.1_10M.oral_gc_rl.tsv.gz
"(65,66]",7439,FUM003.A0101.SG1.1_10M.oral_gc_rl.tsv.gz
"(66,67]",6338,FUM003.A0101.SG1.1_10M.oral_gc_rl.tsv.gz
"(67,68]",6838,FUM003.A0101.SG1.1_10M.oral_gc_rl.tsv.gz
"(68,69]",5906,FUM003.A0101.SG1.1_10M.oral_gc_rl.tsv.gz
"(69,70]",6164,FUM003.A0101.SG1.1_10M.oral_gc_rl.tsv.gz
"(70,71]",4237,FUM003.A0101.SG1.1_10M.oral_gc_rl.tsv.gz
"(71,72]",4401,FUM003.A0101.SG1.1_10M.oral_gc_rl.tsv.gz
"(72,73]",3568,FUM003.A0101.SG1.1_10M.oral_gc_rl.tsv.gz
"(73,74]",3037,FUM003.A0101.SG1.1_10M.oral_gc_rl.tsv.gz
"(74,75]",2825,FUM003.A0101.SG1.1_10M.oral_gc_rl.tsv.gz
"(75,76]",1417,FUM003.A0101.SG1.1_10M.oral_gc_rl.tsv.gz
"(76,77]",1562,FUM003.A0101.SG1.1_10M.oral_gc_rl.tsv.gz
"(77,78]",1093,FUM003.A0101.SG1.1_10M.oral_gc_rl.tsv.gz
"(78,79]",810,FUM003.A0101.SG1.1_10M.oral_gc_rl.tsv.gz
"(79,80]",639,FUM003.A0101.SG1.1_10M.oral_gc_rl.tsv.gz
"(80,81]",312,FUM003.A0101.SG1.1_10M.oral_gc_rl.tsv.gz
"(81,82]",247,FUM003.A0101.SG1.1_10M.oral_gc_rl.tsv.gz
"(82,83]",183,FUM003.A0101.SG1.1_10M.oral_gc_rl.tsv.gz
"(83,84]",108,FUM003.A0101.SG1.1_10M.oral_gc_rl.tsv.gz
"(84,85]",68,FUM003.A0101.SG1.1_10M.oral_gc_rl.tsv.gz
"(85,86]",29,FUM003.A0101.SG1.1_10M.oral_gc_rl.tsv.gz
"(86,87]",14,FUM003.A0101.SG1.1_10M.oral_gc_rl.tsv.gz
"(87,88]",20,FUM003.A0101.SG1.1_10M.oral_gc_rl.tsv.gz
"(88,89]",11,FUM003.A0101.SG1.1_10M.oral_gc_rl.tsv.gz
"(89,90]",8,FUM003.A0101.SG1.1_10M.oral_gc_rl.tsv.gz
"(90,91]",1,FUM003.A0101.SG1.1_10M.oral_gc_rl.tsv.gz
"(5,6]",1,FUM003.A0102.SG1.4_10M.oral_gc_rl.tsv.gz
"(7,8]",7,FUM003.A0102.SG1.4_10M.oral_gc_rl.tsv.gz
"(8,9]",1,FUM003.A0102.SG1.4_10M.oral_gc_rl.tsv.gz
"(9,10]",8,FUM003.A0102.SG1.4_10M.oral_gc_rl.tsv.gz
"(10,11]",20,FUM003.A0102.SG1.4_10M.oral_gc_rl.tsv.gz
"(11,12]",28,FUM003.A0102.SG1.4_10M.oral_gc_rl.tsv.gz
"(12,13]",50,FUM003.A0102.SG1.4_10M.oral_gc_rl.tsv.gz
"(13,14]",42,FUM003.A0102.SG1.4_10M.oral_gc_rl.tsv.gz
"(14,15]",62,FUM003.A0102.SG1.4_10M.oral_gc_rl.tsv.gz
"(15,16]",86,FUM003.A0102.SG1.4_10M.oral_gc_rl.tsv.gz
"(16,17]",115,FUM003.A0102.SG1.4_10M.oral_gc_rl.tsv.gz
"(17,18]",147,FUM003.A0102.SG1.4_10M.oral_gc_rl.tsv.gz
"(18,19]",140,FUM003.A0102.SG1.4_10M.oral_gc_rl.tsv.gz
"(19,20]",236,FUM003.A0102.SG1.4_10M.oral_gc_rl.tsv.gz
"(20,21]",181,FUM003.A0102.SG1.4_10M.oral_gc_rl.tsv.gz
"(21,22]",265,FUM003.A0102.SG1.4_10M.oral_gc_rl.tsv.gz
"(22,23]",256,FUM003.A0102.SG1.4_10M.oral_gc_rl.tsv.gz
"(23,24]",333,FUM003.A0102.SG1.4_10M.oral_gc_rl.tsv.gz
"(24,25]",440,FUM003.A0102.SG1.4_10M.oral_gc_rl.tsv.gz
"(25,26]",300,FUM003.A0102.SG1.4_10M.oral_gc_rl.tsv.gz
"(26,27]",444,FUM003.A0102.SG1.4_10M.oral_gc_rl.tsv.gz
"(27,28]",529,FUM003.A0102.SG1.4_10M.oral_gc_rl.tsv.gz
"(28,29]",540,FUM003.A0102.SG1.4_10M.oral_gc_rl.tsv.gz
"(29,30]",618,FUM003.A0102.SG1.4_10M.oral_gc_rl.tsv.gz
"(30,31]",586,FUM003.A0102.SG1.4_10M.oral_gc_rl.tsv.gz
"(31,32]",648,FUM003.A0102.SG1.4_10M.oral_gc_rl.tsv.gz
"(32,33]",611,FUM003.A0102.SG1.4_10M.oral_gc_rl.tsv.gz
"(33,34]",696,FUM003.A0102.SG1.4_10M.oral_gc_rl.tsv.gz
"(34,35]",894,FUM003.A0102.SG1.4_10M.oral_gc_rl.tsv.gz
"(35,36]",774,FUM003.A0102.SG1.4_10M.oral_gc_rl.tsv.gz
"(36,37]",767,FUM003.A0102.SG1.4_10M.oral_gc_rl.tsv.gz
"(37,38]",816,FUM003.A0102.SG1.4_10M.oral_gc_rl.tsv.gz
"(38,39]",798,FUM003.A0102.SG1.4_10M.oral_gc_rl.tsv.gz
"(39,40]",1072,FUM003.A0102.SG1.4_10M.oral_gc_rl.tsv.gz
"(40,41]",693,FUM003.A0102.SG1.4_10M.oral_gc_rl.tsv.gz
"(41,42]",837,FUM003.A0102.SG1.4_10M.oral_gc_rl.tsv.gz
"(42,43]",866,FUM003.A0102.SG1.4_10M.oral_gc_rl.tsv.gz
"(43,44]",921,FUM003.A0102.SG1.4_10M.oral_gc_rl.tsv.gz
"(44,45]",939,FUM003.A0102.SG1.4_10M.oral_gc_rl.tsv.gz
"(45,46]",836,FUM003.A0102.SG1.4_10M.oral_gc_rl.tsv.gz
"(46,47]",825,FUM003.A0102.SG1.4_10M.oral_gc_rl.tsv.gz
"(47,48]",988,FUM003.A0102.SG1.4_10M.oral_gc_rl.tsv.gz
"(48,49]",893,FUM003.A0102.SG1.4_10M.oral_gc_rl.tsv.gz
"(49,50]",1246,FUM003.A0102.SG1.4_10M.oral_gc_rl.tsv.gz
"(50,51]",354,FUM003.A0102.SG1.4_10M.oral_gc_rl.tsv.gz
"(51,52]",1022,FUM003.A0102.SG1.4_10M.oral_gc_rl.tsv.gz
"(52,53]",1109,FUM003.A0102.SG1.4_10M.oral_gc_rl.tsv.gz
"(53,54]",1175,FUM003.A0102.SG1.4_10M.oral_gc_rl.tsv.gz
"(54,55]",1166,FUM003.A0102.SG1.4_10M.oral_gc_rl.tsv.gz
"(55,56]",1268,FUM003.A0102.SG1.4_10M.oral_gc_rl.tsv.gz
"(56,57]",1393,FUM003.A0102.SG1.4_10M.oral_gc_rl.tsv.gz
"(57,58]",1443,FUM003.A0102.SG1.4_10M.oral_gc_rl.tsv.gz
"(58,59]",1456,FUM003.A0102.SG1.4_10M.oral_gc_rl.tsv.gz
"(59,60]",1887,FUM003.A0102.SG1.4_10M.oral_gc_rl.tsv.gz
"(60,61]",1372,FUM003.A0102.SG1.4_10M.oral_gc_rl.tsv.gz
"(61,62]",1721,FUM003.A0102.SG1.4_10M.oral_gc_rl.tsv.gz
"(62,63]",1584,FUM003.A0102.SG1.4_10M.oral_gc_rl.tsv.gz
"(63,64]",1805,FUM003.A0102.SG1.4_10M.oral_gc_rl.tsv.gz
"(64,65]",1674,FUM003.A0102.SG1.4_10M.oral_gc_rl.tsv.gz
"(65,66]",1660,FUM003.A0102.SG1.4_10M.oral_gc_rl.tsv.gz
"(66,67]",1291,FUM003.A0102.SG1.4_10M.oral_gc_rl.tsv.gz
"(67,68]",1385,FUM003.A0102.SG1.4_10M.oral_gc_rl.tsv.gz
"(68,69]",1194,FUM003.A0102.SG1.4_10M.oral_gc_rl.tsv.gz
"(69,70]",1327,FUM003.A0102.SG1.4_10M.oral_gc_rl.tsv.gz
"(70,71]",820,FUM003.A0102.SG1.4_10M.oral_gc_rl.tsv.gz
"(71,72]",864,FUM003.A0102.SG1.4_10M.oral_gc_rl.tsv.gz
"(72,73]",785,FUM003.A0102.SG1.4_10M.oral_gc_rl.tsv.gz
"(73,74]",619,FUM003.A0102.SG1.4_10M.oral_gc_rl.tsv.gz
"(74,75]",584,FUM003.A0102.SG1.4_10M.oral_gc_rl.tsv.gz
"(75,76]",292,FUM003.A0102.SG1.4_10M.oral_gc_rl.tsv.gz
"(76,77]",360,FUM003.A0102.SG1.4_10M.oral_gc_rl.tsv.gz
"(77,78]",238,FUM003.A0102.SG1.4_10M.oral_gc_rl.tsv.gz
"(78,79]",187,FUM003.A0102.SG1.4_10M.oral_gc_rl.tsv.gz
"(79,80]",145,FUM003.A0102.SG1.4_10M.oral_gc_rl.tsv.gz
"(80,81]",75,FUM003.A0102.SG1.4_10M.oral_gc_rl.tsv.gz
"(81,82]",50,FUM003.A0102.SG1.4_10M.oral_gc_rl.tsv.gz
"(82,83]",40,FUM003.A0102.SG1.4_10M.oral_gc_rl.tsv.gz
"(83,84]",20,FUM003.A0102.SG1.4_10M.oral_gc_rl.tsv.gz
"(84,85]",21,FUM003.A0102.SG1.4_10M.oral_gc_rl.tsv.gz
"(85,86]",3,FUM003.A0102.SG1.4_10M.oral_gc_rl.tsv.gz
"(86,87]",7,FUM003.A0102.SG1.4_10M.oral_gc_rl.tsv.gz
"(87,88]",3,FUM003.A0102.SG1.4_10M.oral_gc_rl.tsv.gz
"(88,89]",3,FUM003.A0102.SG1.4_10M.oral_gc_rl.tsv.gz
"(89,90]",3,FUM003.A0102.SG1.4_10M.oral_gc_rl.tsv.gz
"(4,5]",1,GDN001.A0101.SG1.1_10M.oral_gc_rl.tsv.gz
"(9,10]",1,GDN001.A0101.SG1.1_10M.oral_gc_rl.tsv.gz
"(10,11]",1,GDN001.A0101.SG1.1_10M.oral_gc_rl.tsv.gz
"(11,12]",16,GDN001.A0101.SG1.1_10M.oral_gc_rl.tsv.gz
"(12,13]",13,GDN001.A0101.SG1.1_10M.oral_gc_rl.tsv.gz
"(13,14]",29,GDN001.A0101.SG1.1_10M.oral_gc_rl.tsv.gz
"(14,15]",57,GDN001.A0101.SG1.1_10M.oral_gc_rl.tsv.gz
"(15,16]",51,GDN001.A0101.SG1.1_10M.oral_gc_rl.tsv.gz
"(16,17]",111,GDN001.A0101.SG1.1_10M.oral_gc_rl.tsv.gz
"(17,18]",275,GDN001.A0101.SG1.1_10M.oral_gc_rl.tsv.gz
"(18,19]",406,GDN001.A0101.SG1.1_10M.oral_gc_rl.tsv.gz
"(19,20]",923,GDN001.A0101.SG1.1_10M.oral_gc_rl.tsv.gz
"(20,21]",931,GDN001.A0101.SG1.1_10M.oral_gc_rl.tsv.gz
"(21,22]",1902,GDN001.A0101.SG1.1_10M.oral_gc_rl.tsv.gz
"(22,23]",2240,GDN001.A0101.SG1.1_10M.oral_gc_rl.tsv.gz
"(23,24]",2664,GDN001.A0101.SG1.1_10M.oral_gc_rl.tsv.gz
"(24,25]",3017,GDN001.A0101.SG1.1_10M.oral_gc_rl.tsv.gz
"(25,26]",2120,GDN001.A0101.SG1.1_10M.oral_gc_rl.tsv.gz
"(26,27]",2265,GDN001.A0101.SG1.1_10M.oral_gc_rl.tsv.gz
"(27,28]",2406,GDN001.A0101.SG1.1_10M.oral_gc_rl.tsv.gz
"(28,29]",2249,GDN001.A0101.SG1.1_10M.oral_gc_rl.tsv.gz
"(29,30]",2496,GDN001.A0101.SG1.1_10M.oral_gc_rl.tsv.gz
"(30,31]",2445,GDN001.A0101.SG1.1_10M.oral_gc_rl.tsv.gz
"(31,32]",2925,GDN001.A0101.SG1.1_10M.oral_gc_rl.tsv.gz
"(32,33]",3134,GDN001.A0101.SG1.1_10M.oral_gc_rl.tsv.gz
"(33,34]",3044,GDN001.A0101.SG1.1_10M.oral_gc_rl.tsv.gz
"(34,35]",3609,GDN001.A0101.SG1.1_10M.oral_gc_rl.tsv.gz
"(35,36]",3715,GDN001.A0101.SG1.1_10M.oral_gc_rl.tsv.gz
"(36,37]",4238,GDN001.A0101.SG1.1_10M.oral_gc_rl.tsv.gz
"(37,38]",4584,GDN001.A0101.SG1.1_10M.oral_gc_rl.tsv.gz
"(38,39]",4980,GDN001.A0101.SG1.1_10M.oral_gc_rl.tsv.gz
"(39,40]",6740,GDN001.A0101.SG1.1_10M.oral_gc_rl.tsv.gz
"(40,41]",5923,GDN001.A0101.SG1.1_10M.oral_gc_rl.tsv.gz
"(41,42]",7350,GDN001.A0101.SG1.1_10M.oral_gc_rl.tsv.gz
"(42,43]",8087,GDN001.A0101.SG1.1_10M.oral_gc_rl.tsv.gz
"(43,44]",9848,GDN001.A0101.SG1.1_10M.oral_gc_rl.tsv.gz
"(44,45]",10659,GDN001.A0101.SG1.1_10M.oral_gc_rl.tsv.gz
"(45,46]",11106,GDN001.A0101.SG1.1_10M.oral_gc_rl.tsv.gz
"(46,47]",12318,GDN001.A0101.SG1.1_10M.oral_gc_rl.tsv.gz
"(47,48]",14140,GDN001.A0101.SG1.1_10M.oral_gc_rl.tsv.gz
"(48,49]",13707,GDN001.A0101.SG1.1_10M.oral_gc_rl.tsv.gz
"(49,50]",23159,GDN001.A0101.SG1.1_10M.oral_gc_rl.tsv.gz
"(50,51]",11376,GDN001.A0101.SG1.1_10M.oral_gc_rl.tsv.gz
"(51,52]",19058,GDN001.A0101.SG1.1_10M.oral_gc_rl.tsv.gz
"(52,53]",19426,GDN001.A0101.SG1.1_10M.oral_gc_rl.tsv.gz
"(53,54]",22618,GDN001.A0101.SG1.1_10M.oral_gc_rl.tsv.gz
"(54,55]",23072,GDN001.A0101.SG1.1_10M.oral_gc_rl.tsv.gz
"(55,56]",24573,GDN001.A0101.SG1.1_10M.oral_gc_rl.tsv.gz
"(56,57]",26008,GDN001.A0101.SG1.1_10M.oral_gc_rl.tsv.gz
"(57,58]",27078,GDN001.A0101.SG1.1_10M.oral_gc_rl.tsv.gz
"(58,59]",27960,GDN001.A0101.SG1.1_10M.oral_gc_rl.tsv.gz
"(59,60]",34036,GDN001.A0101.SG1.1_10M.oral_gc_rl.tsv.gz
"(60,61]",24870,GDN001.A0101.SG1.1_10M.oral_gc_rl.tsv.gz
"(61,62]",30873,GDN001.A0101.SG1.1_10M.oral_gc_rl.tsv.gz
"(62,63]",29378,GDN001.A0101.SG1.1_10M.oral_gc_rl.tsv.gz
"(63,64]",32034,GDN001.A0101.SG1.1_10M.oral_gc_rl.tsv.gz
"(64,65]",30921,GDN001.A0101.SG1.1_10M.oral_gc_rl.tsv.gz
"(65,66]",29922,GDN001.A0101.SG1.1_10M.oral_gc_rl.tsv.gz
"(66,67]",28236,GDN001.A0101.SG1.1_10M.oral_gc_rl.tsv.gz
"(67,68]",31661,GDN001.A0101.SG1.1_10M.oral_gc_rl.tsv.gz
"(68,69]",27734,GDN001.A0101.SG1.1_10M.oral_gc_rl.tsv.gz
"(69,70]",30560,GDN001.A0101.SG1.1_10M.oral_gc_rl.tsv.gz
"(70,71]",23466,GDN001.A0101.SG1.1_10M.oral_gc_rl.tsv.gz
"(71,72]",25929,GDN001.A0101.SG1.1_10M.oral_gc_rl.tsv.gz
"(72,73]",22448,GDN001.A0101.SG1.1_10M.oral_gc_rl.tsv.gz
"(73,74]",22161,GDN001.A0101.SG1.1_10M.oral_gc_rl.tsv.gz
"(74,75]",22582,GDN001.A0101.SG1.1_10M.oral_gc_rl.tsv.gz
"(75,76]",13531,GDN001.A0101.SG1.1_10M.oral_gc_rl.tsv.gz
"(76,77]",13656,GDN001.A0101.SG1.1_10M.oral_gc_rl.tsv.gz
"(77,78]",12343,GDN001.A0101.SG1.1_10M.oral_gc_rl.tsv.gz
"(78,79]",9454,GDN001.A0101.SG1.1_10M.oral_gc_rl.tsv.gz
"(79,80]",9177,GDN001.A0101.SG1.1_10M.oral_gc_rl.tsv.gz
"(80,81]",4832,GDN001.A0101.SG1.1_10M.oral_gc_rl.tsv.gz
"(81,82]",4555,GDN001.A0101.SG1.1_10M.oral_gc_rl.tsv.gz
"(82,83]",3106,GDN001.A0101.SG1.1_10M.oral_gc_rl.tsv.gz
"(83,84]",2172,GDN001.A0101.SG1.1_10M.oral_gc_rl.tsv.gz
"(84,85]",1459,GDN001.A0101.SG1.1_10M.oral_gc_rl.tsv.gz
"(85,86]",798,GDN001.A0101.SG1.1_10M.oral_gc_rl.tsv.gz
"(86,87]",624,GDN001.A0101.SG1.1_10M.oral_gc_rl.tsv.gz
"(87,88]",312,GDN001.A0101.SG1.1_10M.oral_gc_rl.tsv.gz
"(88,89]",146,GDN001.A0101.SG1.1_10M.oral_gc_rl.tsv.gz
"(89,90]",131,GDN001.A0101.SG1.1_10M.oral_gc_rl.tsv.gz
"(90,91]",37,GDN001.A0101.SG1.1_10M.oral_gc_rl.tsv.gz
"(91,92]",25,GDN001.A0101.SG1.1_10M.oral_gc_rl.tsv.gz
"(92,93]",8,GDN001.A0101.SG1.1_10M.oral_gc_rl.tsv.gz
"(93,94]",3,GDN001.A0101.SG1.1_10M.oral_gc_rl.tsv.gz
"(95,96]",2,GDN001.A0101.SG1.1_10M.oral_gc_rl.tsv.gz
"(4,5]",1,GDN001.A0102.SG1.3_10M.oral_gc_rl.tsv.gz
"(5,6]",1,GDN001.A0102.SG1.3_10M.oral_gc_rl.tsv.gz
"(6,7]",2,GDN001.A0102.SG1.3_10M.oral_gc_rl.tsv.gz
"(7,8]",13,GDN001.A0102.SG1.3_10M.oral_gc_rl.tsv.gz
"(8,9]",11,GDN001.A0102.SG1.3_10M.oral_gc_rl.tsv.gz
"(9,10]",21,GDN001.A0102.SG1.3_10M.oral_gc_rl.tsv.gz
"(10,11]",43,GDN001.A0102.SG1.3_10M.oral_gc_rl.tsv.gz
"(11,12]",66,GDN001.A0102.SG1.3_10M.oral_gc_rl.tsv.gz
"(12,13]",94,GDN001.A0102.SG1.3_10M.oral_gc_rl.tsv.gz
"(13,14]",149,GDN001.A0102.SG1.3_10M.oral_gc_rl.tsv.gz
"(14,15]",163,GDN001.A0102.SG1.3_10M.oral_gc_rl.tsv.gz
"(15,16]",296,GDN001.A0102.SG1.3_10M.oral_gc_rl.tsv.gz
"(16,17]",365,GDN001.A0102.SG1.3_10M.oral_gc_rl.tsv.gz
"(17,18]",547,GDN001.A0102.SG1.3_10M.oral_gc_rl.tsv.gz
"(18,19]",720,GDN001.A0102.SG1.3_10M.oral_gc_rl.tsv.gz
"(19,20]",1226,GDN001.A0102.SG1.3_10M.oral_gc_rl.tsv.gz
"(20,21]",1080,GDN001.A0102.SG1.3_10M.oral_gc_rl.tsv.gz
"(21,22]",1578,GDN001.A0102.SG1.3_10M.oral_gc_rl.tsv.gz
"(22,23]",1718,GDN001.A0102.SG1.3_10M.oral_gc_rl.tsv.gz
"(23,24]",2040,GDN001.A0102.SG1.3_10M.oral_gc_rl.tsv.gz
"(24,25]",2302,GDN001.A0102.SG1.3_10M.oral_gc_rl.tsv.gz
"(25,26]",1557,GDN001.A0102.SG1.3_10M.oral_gc_rl.tsv.gz
"(26,27]",1869,GDN001.A0102.SG1.3_10M.oral_gc_rl.tsv.gz
"(27,28]",1971,GDN001.A0102.SG1.3_10M.oral_gc_rl.tsv.gz
"(28,29]",1928,GDN001.A0102.SG1.3_10M.oral_gc_rl.tsv.gz
"(29,30]",2208,GDN001.A0102.SG1.3_10M.oral_gc_rl.tsv.gz
"(30,31]",1963,GDN001.A0102.SG1.3_10M.oral_gc_rl.tsv.gz
"(31,32]",2348,GDN001.A0102.SG1.3_10M.oral_gc_rl.tsv.gz
"(32,33]",2204,GDN001.A0102.SG1.3_10M.oral_gc_rl.tsv.gz
"(33,34]",2245,GDN001.A0102.SG1.3_10M.oral_gc_rl.tsv.gz
"(34,35]",2718,GDN001.A0102.SG1.3_10M.oral_gc_rl.tsv.gz
"(35,36]",2682,GDN001.A0102.SG1.3_10M.oral_gc_rl.tsv.gz
"(36,37]",2725,GDN001.A0102.SG1.3_10M.oral_gc_rl.tsv.gz
"(37,38]",2851,GDN001.A0102.SG1.3_10M.oral_gc_rl.tsv.gz
"(38,39]",2739,GDN001.A0102.SG1.3_10M.oral_gc_rl.tsv.gz
"(39,40]",3874,GDN001.A0102.SG1.3_10M.oral_gc_rl.tsv.gz
"(40,41]",2733,GDN001.A0102.SG1.3_10M.oral_gc_rl.tsv.gz
"(41,42]",3766,GDN001.A0102.SG1.3_10M.oral_gc_rl.tsv.gz
"(42,43]",3682,GDN001.A0102.SG1.3_10M.oral_gc_rl.tsv.gz
"(43,44]",3964,GDN001.A0102.SG1.3_10M.oral_gc_rl.tsv.gz
"(44,45]",4039,GDN001.A0102.SG1.3_10M.oral_gc_rl.tsv.gz
"(45,46]",3971,GDN001.A0102.SG1.3_10M.oral_gc_rl.tsv.gz
"(46,47]",4286,GDN001.A0102.SG1.3_10M.oral_gc_rl.tsv.gz
"(47,48]",4738,GDN001.A0102.SG1.3_10M.oral_gc_rl.tsv.gz
"(48,49]",4343,GDN001.A0102.SG1.3_10M.oral_gc_rl.tsv.gz
"(49,50]",6583,GDN001.A0102.SG1.3_10M.oral_gc_rl.tsv.gz
"(50,51]",2186,GDN001.A0102.SG1.3_10M.oral_gc_rl.tsv.gz
"(51,52]",5004,GDN001.A0102.SG1.3_10M.oral_gc_rl.tsv.gz
"(52,53]",4785,GDN001.A0102.SG1.3_10M.oral_gc_rl.tsv.gz
"(53,54]",5086,GDN001.A0102.SG1.3_10M.oral_gc_rl.tsv.gz
"(54,55]",4948,GDN001.A0102.SG1.3_10M.oral_gc_rl.tsv.gz
"(55,56]",4616,GDN001.A0102.SG1.3_10M.oral_gc_rl.tsv.gz
"(56,57]",4702,GDN001.A0102.SG1.3_10M.oral_gc_rl.tsv.gz
"(57,58]",4869,GDN001.A0102.SG1.3_10M.oral_gc_rl.tsv.gz
"(58,59]",4427,GDN001.A0102.SG1.3_10M.oral_gc_rl.tsv.gz
"(59,60]",5287,GDN001.A0102.SG1.3_10M.oral_gc_rl.tsv.gz
"(60,61]",3575,GDN001.A0102.SG1.3_10M.oral_gc_rl.tsv.gz
"(61,62]",4121,GDN001.A0102.SG1.3_10M.oral_gc_rl.tsv.gz
"(62,63]",3729,GDN001.A0102.SG1.3_10M.oral_gc_rl.tsv.gz
"(63,64]",3959,GDN001.A0102.SG1.3_10M.oral_gc_rl.tsv.gz
"(64,65]",3726,GDN001.A0102.SG1.3_10M.oral_gc_rl.tsv.gz
"(65,66]",3634,GDN001.A0102.SG1.3_10M.oral_gc_rl.tsv.gz
"(66,67]",2972,GDN001.A0102.SG1.3_10M.oral_gc_rl.tsv.gz
"(67,68]",3156,GDN001.A0102.SG1.3_10M.oral_gc_rl.tsv.gz
"(68,69]",2801,GDN001.A0102.SG1.3_10M.oral_gc_rl.tsv.gz
"(69,70]",2952,GDN001.A0102.SG1.3_10M.oral_gc_rl.tsv.gz
"(70,71]",2178,GDN001.A0102.SG1.3_10M.oral_gc_rl.tsv.gz
"(71,72]",2328,GDN001.A0102.SG1.3_10M.oral_gc_rl.tsv.gz
"(72,73]",1983,GDN001.A0102.SG1.3_10M.oral_gc_rl.tsv.gz
"(73,74]",1867,GDN001.A0102.SG1.3_10M.oral_gc_rl.tsv.gz
"(74,75]",1856,GDN001.A0102.SG1.3_10M.oral_gc_rl.tsv.gz
"(75,76]",1045,GDN001.A0102.SG1.3_10M.oral_gc_rl.tsv.gz
"(76,77]",1175,GDN001.A0102.SG1.3_10M.oral_gc_rl.tsv.gz
"(77,78]",862,GDN001.A0102.SG1.3_10M.oral_gc_rl.tsv.gz
"(78,79]",701,GDN001.A0102.SG1.3_10M.oral_gc_rl.tsv.gz
"(79,80]",645,GDN001.A0102.SG1.3_10M.oral_gc_rl.tsv.gz
"(80,81]",325,GDN001.A0102.SG1.3_10M.oral_gc_rl.tsv.gz
"(81,82]",300,GDN001.A0102.SG1.3_10M.oral_gc_rl.tsv.gz
"(82,83]",239,GDN001.A0102.SG1.3_10M.oral_gc_rl.tsv.gz
"(83,84]",130,GDN001.A0102.SG1.3_10M.oral_gc_rl.tsv.gz
"(84,85]",119,GDN001.A0102.SG1.3_10M.oral_gc_rl.tsv.gz
"(85,86]",47,GDN001.A0102.SG1.3_10M.oral_gc_rl.tsv.gz
"(86,87]",45,GDN001.A0102.SG1.3_10M.oral_gc_rl.tsv.gz
"(87,88]",22,GDN001.A0102.SG1.3_10M.oral_gc_rl.tsv.gz
"(88,89]",9,GDN001.A0102.SG1.3_10M.oral_gc_rl.tsv.gz
"(89,90]",11,GDN001.A0102.SG1.3_10M.oral_gc_rl.tsv.gz
"(90,91]",3,GDN001.A0102.SG1.3_10M.oral_gc_rl.tsv.gz
"(91,92]",1,GDN001.A0102.SG1.3_10M.oral_gc_rl.tsv.gz
"(92,93]",1,GDN001.A0102.SG1.3_10M.oral_gc_rl.tsv.gz
"(6,7]",1,GOY005.A0101.SG1.2_10M.oral_gc_rl.tsv.gz
"(7,8]",2,GOY005.A0101.SG1.2_10M.oral_gc_rl.tsv.gz
"(8,9]",5,GOY005.A0101.SG1.2_10M.oral_gc_rl.tsv.gz
"(9,10]",12,GOY005.A0101.SG1.2_10M.oral_gc_rl.tsv.gz
"(10,11]",15,GOY005.A0101.SG1.2_10M.oral_gc_rl.tsv.gz
"(11,12]",33,GOY005.A0101.SG1.2_10M.oral_gc_rl.tsv.gz
"(12,13]",52,GOY005.A0101.SG1.2_10M.oral_gc_rl.tsv.gz
"(13,14]",106,GOY005.A0101.SG1.2_10M.oral_gc_rl.tsv.gz
"(14,15]",163,GOY005.A0101.SG1.2_10M.oral_gc_rl.tsv.gz
"(15,16]",236,GOY005.A0101.SG1.2_10M.oral_gc_rl.tsv.gz
"(16,17]",338,GOY005.A0101.SG1.2_10M.oral_gc_rl.tsv.gz
"(17,18]",525,GOY005.A0101.SG1.2_10M.oral_gc_rl.tsv.gz
"(18,19]",607,GOY005.A0101.SG1.2_10M.oral_gc_rl.tsv.gz
"(19,20]",1070,GOY005.A0101.SG1.2_10M.oral_gc_rl.tsv.gz
"(20,21]",852,GOY005.A0101.SG1.2_10M.oral_gc_rl.tsv.gz
"(21,22]",1371,GOY005.A0101.SG1.2_10M.oral_gc_rl.tsv.gz
"(22,23]",1462,GOY005.A0101.SG1.2_10M.oral_gc_rl.tsv.gz
"(23,24]",2048,GOY005.A0101.SG1.2_10M.oral_gc_rl.tsv.gz
"(24,25]",2554,GOY005.A0101.SG1.2_10M.oral_gc_rl.tsv.gz
"(25,26]",2066,GOY005.A0101.SG1.2_10M.oral_gc_rl.tsv.gz
"(26,27]",2827,GOY005.A0101.SG1.2_10M.oral_gc_rl.tsv.gz
"(27,28]",3497,GOY005.A0101.SG1.2_10M.oral_gc_rl.tsv.gz
"(28,29]",3644,GOY005.A0101.SG1.2_10M.oral_gc_rl.tsv.gz
"(29,30]",4467,GOY005.A0101.SG1.2_10M.oral_gc_rl.tsv.gz
"(30,31]",4236,GOY005.A0101.SG1.2_10M.oral_gc_rl.tsv.gz
"(31,32]",5263,GOY005.A0101.SG1.2_10M.oral_gc_rl.tsv.gz
"(32,33]",5064,GOY005.A0101.SG1.2_10M.oral_gc_rl.tsv.gz
"(33,34]",5653,GOY005.A0101.SG1.2_10M.oral_gc_rl.tsv.gz
"(34,35]",7060,GOY005.A0101.SG1.2_10M.oral_gc_rl.tsv.gz
"(35,36]",6778,GOY005.A0101.SG1.2_10M.oral_gc_rl.tsv.gz
"(36,37]",7157,GOY005.A0101.SG1.2_10M.oral_gc_rl.tsv.gz
"(37,38]",7834,GOY005.A0101.SG1.2_10M.oral_gc_rl.tsv.gz
"(38,39]",7866,GOY005.A0101.SG1.2_10M.oral_gc_rl.tsv.gz
"(39,40]",10170,GOY005.A0101.SG1.2_10M.oral_gc_rl.tsv.gz
"(40,41]",7082,GOY005.A0101.SG1.2_10M.oral_gc_rl.tsv.gz
"(41,42]",9434,GOY005.A0101.SG1.2_10M.oral_gc_rl.tsv.gz
"(42,43]",8883,GOY005.A0101.SG1.2_10M.oral_gc_rl.tsv.gz
"(43,44]",9987,GOY005.A0101.SG1.2_10M.oral_gc_rl.tsv.gz
"(44,45]",9872,GOY005.A0101.SG1.2_10M.oral_gc_rl.tsv.gz
"(45,46]",9140,GOY005.A0101.SG1.2_10M.oral_gc_rl.tsv.gz
"(46,47]",9687,GOY005.A0101.SG1.2_10M.oral_gc_rl.tsv.gz
"(47,48]",10547,GOY005.A0101.SG1.2_10M.oral_gc_rl.tsv.gz
"(48,49]",9708,GOY005.A0101.SG1.2_10M.oral_gc_rl.tsv.gz
"(49,50]",13929,GOY005.A0101.SG1.2_10M.oral_gc_rl.tsv.gz
"(50,51]",4864,GOY005.A0101.SG1.2_10M.oral_gc_rl.tsv.gz
"(51,52]",10542,GOY005.A0101.SG1.2_10M.oral_gc_rl.tsv.gz
"(52,53]",10730,GOY005.A0101.SG1.2_10M.oral_gc_rl.tsv.gz
"(53,54]",11843,GOY005.A0101.SG1.2_10M.oral_gc_rl.tsv.gz
"(54,55]",11586,GOY005.A0101.SG1.2_10M.oral_gc_rl.tsv.gz
"(55,56]",11890,GOY005.A0101.SG1.2_10M.oral_gc_rl.tsv.gz
"(56,57]",13035,GOY005.A0101.SG1.2_10M.oral_gc_rl.tsv.gz
"(57,58]",14162,GOY005.A0101.SG1.2_10M.oral_gc_rl.tsv.gz
"(58,59]",14029,GOY005.A0101.SG1.2_10M.oral_gc_rl.tsv.gz
"(59,60]",18413,GOY005.A0101.SG1.2_10M.oral_gc_rl.tsv.gz
"(60,61]",13504,GOY005.A0101.SG1.2_10M.oral_gc_rl.tsv.gz
"(61,62]",17030,GOY005.A0101.SG1.2_10M.oral_gc_rl.tsv.gz
"(62,63]",16083,GOY005.A0101.SG1.2_10M.oral_gc_rl.tsv.gz
"(63,64]",18045,GOY005.A0101.SG1.2_10M.oral_gc_rl.tsv.gz
"(64,65]",17544,GOY005.A0101.SG1.2_10M.oral_gc_rl.tsv.gz
"(65,66]",16695,GOY005.A0101.SG1.2_10M.oral_gc_rl.tsv.gz
"(66,67]",14016,GOY005.A0101.SG1.2_10M.oral_gc_rl.tsv.gz
"(67,68]",14750,GOY005.A0101.SG1.2_10M.oral_gc_rl.tsv.gz
"(68,69]",12815,GOY005.A0101.SG1.2_10M.oral_gc_rl.tsv.gz
"(69,70]",13696,GOY005.A0101.SG1.2_10M.oral_gc_rl.tsv.gz
"(70,71]",9062,GOY005.A0101.SG1.2_10M.oral_gc_rl.tsv.gz
"(71,72]",9582,GOY005.A0101.SG1.2_10M.oral_gc_rl.tsv.gz
"(72,73]",7619,GOY005.A0101.SG1.2_10M.oral_gc_rl.tsv.gz
"(73,74]",6554,GOY005.A0101.SG1.2_10M.oral_gc_rl.tsv.gz
"(74,75]",5903,GOY005.A0101.SG1.2_10M.oral_gc_rl.tsv.gz
"(75,76]",2931,GOY005.A0101.SG1.2_10M.oral_gc_rl.tsv.gz
"(76,77]",3222,GOY005.A0101.SG1.2_10M.oral_gc_rl.tsv.gz
"(77,78]",2279,GOY005.A0101.SG1.2_10M.oral_gc_rl.tsv.gz
"(78,79]",1700,GOY005.A0101.SG1.2_10M.oral_gc_rl.tsv.gz
"(79,80]",1444,GOY005.A0101.SG1.2_10M.oral_gc_rl.tsv.gz
"(80,81]",633,GOY005.A0101.SG1.2_10M.oral_gc_rl.tsv.gz
"(81,82]",594,GOY005.A0101.SG1.2_10M.oral_gc_rl.tsv.gz
"(82,83]",388,GOY005.A0101.SG1.2_10M.oral_gc_rl.tsv.gz
"(83,84]",223,GOY005.A0101.SG1.2_10M.oral_gc_rl.tsv.gz
"(84,85]",149,GOY005.A0101.SG1.2_10M.oral_gc_rl.tsv.gz
"(85,86]",45,GOY005.A0101.SG1.2_10M.oral_gc_rl.tsv.gz
"(86,87]",55,GOY005.A0101.SG1.2_10M.oral_gc_rl.tsv.gz
"(87,88]",22,GOY005.A0101.SG1.2_10M.oral_gc_rl.tsv.gz
"(88,89]",4,GOY005.A0101.SG1.2_10M.oral_gc_rl.tsv.gz
"(89,90]",12,GOY005.A0101.SG1.2_10M.oral_gc_rl.tsv.gz
"(90,91]",2,GOY005.A0101.SG1.2_10M.oral_gc_rl.tsv.gz
"(91,92]",4,GOY005.A0101.SG1.2_10M.oral_gc_rl.tsv.gz
"(92,93]",1,GOY005.A0101.SG1.2_10M.oral_gc_rl.tsv.gz
"(4,5]",4,GOY005.A0103.SG1.4_10M.oral_gc_rl.tsv.gz
"(5,6]",6,GOY005.A0103.SG1.4_10M.oral_gc_rl.tsv.gz
"(6,7]",7,GOY005.A0103.SG1.4_10M.oral_gc_rl.tsv.gz
"(7,8]",26,GOY005.A0103.SG1.4_10M.oral_gc_rl.tsv.gz
"(8,9]",36,GOY005.A0103.SG1.4_10M.oral_gc_rl.tsv.gz
"(9,10]",57,GOY005.A0103.SG1.4_10M.oral_gc_rl.tsv.gz
"(10,11]",103,GOY005.A0103.SG1.4_10M.oral_gc_rl.tsv.gz
"(11,12]",159,GOY005.A0103.SG1.4_10M.oral_gc_rl.tsv.gz
"(12,13]",226,GOY005.A0103.SG1.4_10M.oral_gc_rl.tsv.gz
"(13,14]",367,GOY005.A0103.SG1.4_10M.oral_gc_rl.tsv.gz
"(14,15]",505,GOY005.A0103.SG1.4_10M.oral_gc_rl.tsv.gz
"(15,16]",662,GOY005.A0103.SG1.4_10M.oral_gc_rl.tsv.gz
"(16,17]",778,GOY005.A0103.SG1.4_10M.oral_gc_rl.tsv.gz
"(17,18]",1185,GOY005.A0103.SG1.4_10M.oral_gc_rl.tsv.gz
"(18,19]",1238,GOY005.A0103.SG1.4_10M.oral_gc_rl.tsv.gz
"(19,20]",1894,GOY005.A0103.SG1.4_10M.oral_gc_rl.tsv.gz
"(20,21]",1458,GOY005.A0103.SG1.4_10M.oral_gc_rl.tsv.gz
"(21,22]",2348,GOY005.A0103.SG1.4_10M.oral_gc_rl.tsv.gz
"(22,23]",2259,GOY005.A0103.SG1.4_10M.oral_gc_rl.tsv.gz
"(23,24]",2915,GOY005.A0103.SG1.4_10M.oral_gc_rl.tsv.gz
"(24,25]",3564,GOY005.A0103.SG1.4_10M.oral_gc_rl.tsv.gz
"(25,26]",2324,GOY005.A0103.SG1.4_10M.oral_gc_rl.tsv.gz
"(26,27]",3485,GOY005.A0103.SG1.4_10M.oral_gc_rl.tsv.gz
"(27,28]",4028,GOY005.A0103.SG1.4_10M.oral_gc_rl.tsv.gz
"(28,29]",3832,GOY005.A0103.SG1.4_10M.oral_gc_rl.tsv.gz
"(29,30]",4510,GOY005.A0103.SG1.4_10M.oral_gc_rl.tsv.gz
"(30,31]",4002,GOY005.A0103.SG1.4_10M.oral_gc_rl.tsv.gz
"(31,32]",4610,GOY005.A0103.SG1.4_10M.oral_gc_rl.tsv.gz
"(32,33]",4305,GOY005.A0103.SG1.4_10M.oral_gc_rl.tsv.gz
"(33,34]",4582,GOY005.A0103.SG1.4_10M.oral_gc_rl.tsv.gz
"(34,35]",5435,GOY005.A0103.SG1.4_10M.oral_gc_rl.tsv.gz
"(35,36]",4754,GOY005.A0103.SG1.4_10M.oral_gc_rl.tsv.gz
"(36,37]",5023,GOY005.A0103.SG1.4_10M.oral_gc_rl.tsv.gz
"(37,38]",4997,GOY005.A0103.SG1.4_10M.oral_gc_rl.tsv.gz
"(38,39]",4725,GOY005.A0103.SG1.4_10M.oral_gc_rl.tsv.gz
"(39,40]",6134,GOY005.A0103.SG1.4_10M.oral_gc_rl.tsv.gz
"(40,41]",3895,GOY005.A0103.SG1.4_10M.oral_gc_rl.tsv.gz
"(41,42]",4862,GOY005.A0103.SG1.4_10M.oral_gc_rl.tsv.gz
"(42,43]",4509,GOY005.A0103.SG1.4_10M.oral_gc_rl.tsv.gz
"(43,44]",4835,GOY005.A0103.SG1.4_10M.oral_gc_rl.tsv.gz
"(44,45]",4502,GOY005.A0103.SG1.4_10M.oral_gc_rl.tsv.gz
"(45,46]",3836,GOY005.A0103.SG1.4_10M.oral_gc_rl.tsv.gz
"(46,47]",3975,GOY005.A0103.SG1.4_10M.oral_gc_rl.tsv.gz
"(47,48]",4236,GOY005.A0103.SG1.4_10M.oral_gc_rl.tsv.gz
"(48,49]",3711,GOY005.A0103.SG1.4_10M.oral_gc_rl.tsv.gz
"(49,50]",4811,GOY005.A0103.SG1.4_10M.oral_gc_rl.tsv.gz
"(50,51]",1136,GOY005.A0103.SG1.4_10M.oral_gc_rl.tsv.gz
"(51,52]",3500,GOY005.A0103.SG1.4_10M.oral_gc_rl.tsv.gz
"(52,53]",3354,GOY005.A0103.SG1.4_10M.oral_gc_rl.tsv.gz
"(53,54]",3228,GOY005.A0103.SG1.4_10M.oral_gc_rl.tsv.gz
"(54,55]",2929,GOY005.A0103.SG1.4_10M.oral_gc_rl.tsv.gz
"(55,56]",2858,GOY005.A0103.SG1.4_10M.oral_gc_rl.tsv.gz
"(56,57]",3063,GOY005.A0103.SG1.4_10M.oral_gc_rl.tsv.gz
"(57,58]",2980,GOY005.A0103.SG1.4_10M.oral_gc_rl.tsv.gz
"(58,59]",2959,GOY005.A0103.SG1.4_10M.oral_gc_rl.tsv.gz
"(59,60]",3506,GOY005.A0103.SG1.4_10M.oral_gc_rl.tsv.gz
"(60,61]",2566,GOY005.A0103.SG1.4_10M.oral_gc_rl.tsv.gz
"(61,62]",3057,GOY005.A0103.SG1.4_10M.oral_gc_rl.tsv.gz
"(62,63]",2691,GOY005.A0103.SG1.4_10M.oral_gc_rl.tsv.gz
"(63,64]",3025,GOY005.A0103.SG1.4_10M.oral_gc_rl.tsv.gz
"(64,65]",2938,GOY005.A0103.SG1.4_10M.oral_gc_rl.tsv.gz
"(65,66]",2715,GOY005.A0103.SG1.4_10M.oral_gc_rl.tsv.gz
"(66,67]",2130,GOY005.A0103.SG1.4_10M.oral_gc_rl.tsv.gz
"(67,68]",2198,GOY005.A0103.SG1.4_10M.oral_gc_rl.tsv.gz
"(68,69]",1957,GOY005.A0103.SG1.4_10M.oral_gc_rl.tsv.gz
"(69,70]",2171,GOY005.A0103.SG1.4_10M.oral_gc_rl.tsv.gz
"(70,71]",1287,GOY005.A0103.SG1.4_10M.oral_gc_rl.tsv.gz
"(71,72]",1472,GOY005.A0103.SG1.4_10M.oral_gc_rl.tsv.gz
"(72,73]",1243,GOY005.A0103.SG1.4_10M.oral_gc_rl.tsv.gz
"(73,74]",978,GOY005.A0103.SG1.4_10M.oral_gc_rl.tsv.gz
"(74,75]",882,GOY005.A0103.SG1.4_10M.oral_gc_rl.tsv.gz
"(75,76]",450,GOY005.A0103.SG1.4_10M.oral_gc_rl.tsv.gz
"(76,77]",528,GOY005.A0103.SG1.4_10M.oral_gc_rl.tsv.gz
"(77,78]",306,GOY005.A0103.SG1.4_10M.oral_gc_rl.tsv.gz
"(78,79]",305,GOY005.A0103.SG1.4_10M.oral_gc_rl.tsv.gz
"(79,80]",238,GOY005.A0103.SG1.4_10M.oral_gc_rl.tsv.gz
"(80,81]",106,GOY005.A0103.SG1.4_10M.oral_gc_rl.tsv.gz
"(81,82]",98,GOY005.A0103.SG1.4_10M.oral_gc_rl.tsv.gz
"(82,83]",68,GOY005.A0103.SG1.4_10M.oral_gc_rl.tsv.gz
"(83,84]",43,GOY005.A0103.SG1.4_10M.oral_gc_rl.tsv.gz
"(84,85]",29,GOY005.A0103.SG1.4_10M.oral_gc_rl.tsv.gz
"(85,86]",6,GOY005.A0103.SG1.4_10M.oral_gc_rl.tsv.gz
"(86,87]",10,GOY005.A0103.SG1.4_10M.oral_gc_rl.tsv.gz
"(87,88]",4,GOY005.A0103.SG1.4_10M.oral_gc_rl.tsv.gz
"(88,89]",1,GOY005.A0103.SG1.4_10M.oral_gc_rl.tsv.gz
"(89,90]",3,GOY005.A0103.SG1.4_10M.oral_gc_rl.tsv.gz
"(90,91]",1,GOY005.A0103.SG1.4_10M.oral_gc_rl.tsv.gz
"(94,95]",1,GOY005.A0103.SG1.4_10M.oral_gc_rl.tsv.gz
"(6,7]",1,GOY006.A0101.SG1.2_10M.oral_gc_rl.tsv.gz
"(7,8]",2,GOY006.A0101.SG1.2_10M.oral_gc_rl.tsv.gz
"(8,9]",2,GOY006.A0101.SG1.2_10M.oral_gc_rl.tsv.gz
"(9,10]",5,GOY006.A0101.SG1.2_10M.oral_gc_rl.tsv.gz
"(10,11]",6,GOY006.A0101.SG1.2_10M.oral_gc_rl.tsv.gz
"(11,12]",16,GOY006.A0101.SG1.2_10M.oral_gc_rl.tsv.gz
"(12,13]",23,GOY006.A0101.SG1.2_10M.oral_gc_rl.tsv.gz
"(13,14]",51,GOY006.A0101.SG1.2_10M.oral_gc_rl.tsv.gz
"(14,15]",79,GOY006.A0101.SG1.2_10M.oral_gc_rl.tsv.gz
"(15,16]",96,GOY006.A0101.SG1.2_10M.oral_gc_rl.tsv.gz
"(16,17]",160,GOY006.A0101.SG1.2_10M.oral_gc_rl.tsv.gz
"(17,18]",284,GOY006.A0101.SG1.2_10M.oral_gc_rl.tsv.gz
"(18,19]",321,GOY006.A0101.SG1.2_10M.oral_gc_rl.tsv.gz
"(19,20]",521,GOY006.A0101.SG1.2_10M.oral_gc_rl.tsv.gz
"(20,21]",485,GOY006.A0101.SG1.2_10M.oral_gc_rl.tsv.gz
"(21,22]",767,GOY006.A0101.SG1.2_10M.oral_gc_rl.tsv.gz
"(22,23]",849,GOY006.A0101.SG1.2_10M.oral_gc_rl.tsv.gz
"(23,24]",1243,GOY006.A0101.SG1.2_10M.oral_gc_rl.tsv.gz
"(24,25]",1590,GOY006.A0101.SG1.2_10M.oral_gc_rl.tsv.gz
"(25,26]",1234,GOY006.A0101.SG1.2_10M.oral_gc_rl.tsv.gz
"(26,27]",1705,GOY006.A0101.SG1.2_10M.oral_gc_rl.tsv.gz
"(27,28]",2147,GOY006.A0101.SG1.2_10M.oral_gc_rl.tsv.gz
"(28,29]",2152,GOY006.A0101.SG1.2_10M.oral_gc_rl.tsv.gz
"(29,30]",2668,GOY006.A0101.SG1.2_10M.oral_gc_rl.tsv.gz
"(30,31]",2647,GOY006.A0101.SG1.2_10M.oral_gc_rl.tsv.gz
"(31,32]",3240,GOY006.A0101.SG1.2_10M.oral_gc_rl.tsv.gz
"(32,33]",3185,GOY006.A0101.SG1.2_10M.oral_gc_rl.tsv.gz
"(33,34]",3348,GOY006.A0101.SG1.2_10M.oral_gc_rl.tsv.gz
"(34,35]",3968,GOY006.A0101.SG1.2_10M.oral_gc_rl.tsv.gz
"(35,36]",4062,GOY006.A0101.SG1.2_10M.oral_gc_rl.tsv.gz
"(36,37]",4216,GOY006.A0101.SG1.2_10M.oral_gc_rl.tsv.gz
"(37,38]",4514,GOY006.A0101.SG1.2_10M.oral_gc_rl.tsv.gz
"(38,39]",4783,GOY006.A0101.SG1.2_10M.oral_gc_rl.tsv.gz
"(39,40]",6017,GOY006.A0101.SG1.2_10M.oral_gc_rl.tsv.gz
"(40,41]",4553,GOY006.A0101.SG1.2_10M.oral_gc_rl.tsv.gz
"(41,42]",5727,GOY006.A0101.SG1.2_10M.oral_gc_rl.tsv.gz
"(42,43]",5637,GOY006.A0101.SG1.2_10M.oral_gc_rl.tsv.gz
"(43,44]",6601,GOY006.A0101.SG1.2_10M.oral_gc_rl.tsv.gz
"(44,45]",6660,GOY006.A0101.SG1.2_10M.oral_gc_rl.tsv.gz
"(45,46]",6383,GOY006.A0101.SG1.2_10M.oral_gc_rl.tsv.gz
"(46,47]",7174,GOY006.A0101.SG1.2_10M.oral_gc_rl.tsv.gz
"(47,48]",7750,GOY006.A0101.SG1.2_10M.oral_gc_rl.tsv.gz
"(48,49]",7411,GOY006.A0101.SG1.2_10M.oral_gc_rl.tsv.gz
"(49,50]",11624,GOY006.A0101.SG1.2_10M.oral_gc_rl.tsv.gz
"(50,51]",4425,GOY006.A0101.SG1.2_10M.oral_gc_rl.tsv.gz
"(51,52]",9036,GOY006.A0101.SG1.2_10M.oral_gc_rl.tsv.gz
"(52,53]",9414,GOY006.A0101.SG1.2_10M.oral_gc_rl.tsv.gz
"(53,54]",10619,GOY006.A0101.SG1.2_10M.oral_gc_rl.tsv.gz
"(54,55]",10791,GOY006.A0101.SG1.2_10M.oral_gc_rl.tsv.gz
"(55,56]",11380,GOY006.A0101.SG1.2_10M.oral_gc_rl.tsv.gz
"(56,57]",12118,GOY006.A0101.SG1.2_10M.oral_gc_rl.tsv.gz
"(57,58]",13521,GOY006.A0101.SG1.2_10M.oral_gc_rl.tsv.gz
"(58,59]",13069,GOY006.A0101.SG1.2_10M.oral_gc_rl.tsv.gz
"(59,60]",17301,GOY006.A0101.SG1.2_10M.oral_gc_rl.tsv.gz
"(60,61]",12922,GOY006.A0101.SG1.2_10M.oral_gc_rl.tsv.gz
"(61,62]",15967,GOY006.A0101.SG1.2_10M.oral_gc_rl.tsv.gz
"(62,63]",15019,GOY006.A0101.SG1.2_10M.oral_gc_rl.tsv.gz
"(63,64]",16904,GOY006.A0101.SG1.2_10M.oral_gc_rl.tsv.gz
"(64,65]",16646,GOY006.A0101.SG1.2_10M.oral_gc_rl.tsv.gz
"(65,66]",16188,GOY006.A0101.SG1.2_10M.oral_gc_rl.tsv.gz
"(66,67]",14042,GOY006.A0101.SG1.2_10M.oral_gc_rl.tsv.gz
"(67,68]",15310,GOY006.A0101.SG1.2_10M.oral_gc_rl.tsv.gz
"(68,69]",13521,GOY006.A0101.SG1.2_10M.oral_gc_rl.tsv.gz
"(69,70]",14373,GOY006.A0101.SG1.2_10M.oral_gc_rl.tsv.gz
"(70,71]",10173,GOY006.A0101.SG1.2_10M.oral_gc_rl.tsv.gz
"(71,72]",11045,GOY006.A0101.SG1.2_10M.oral_gc_rl.tsv.gz
"(72,73]",8993,GOY006.A0101.SG1.2_10M.oral_gc_rl.tsv.gz
"(73,74]",8196,GOY006.A0101.SG1.2_10M.oral_gc_rl.tsv.gz
"(74,75]",7611,GOY006.A0101.SG1.2_10M.oral_gc_rl.tsv.gz
"(75,76]",4117,GOY006.A0101.SG1.2_10M.oral_gc_rl.tsv.gz
"(76,77]",4470,GOY006.A0101.SG1.2_10M.oral_gc_rl.tsv.gz
"(77,78]",3311,GOY006.A0101.SG1.2_10M.oral_gc_rl.tsv.gz
"(78,79]",2590,GOY006.A0101.SG1.2_10M.oral_gc_rl.tsv.gz
"(79,80]",2222,GOY006.A0101.SG1.2_10M.oral_gc_rl.tsv.gz
"(80,81]",1052,GOY006.A0101.SG1.2_10M.oral_gc_rl.tsv.gz
"(81,82]",925,GOY006.A0101.SG1.2_10M.oral_gc_rl.tsv.gz
"(82,83]",678,GOY006.A0101.SG1.2_10M.oral_gc_rl.tsv.gz
"(83,84]",431,GOY006.A0101.SG1.2_10M.oral_gc_rl.tsv.gz
"(84,85]",289,GOY006.A0101.SG1.2_10M.oral_gc_rl.tsv.gz
"(85,86]",148,GOY006.A0101.SG1.2_10M.oral_gc_rl.tsv.gz
"(86,87]",130,GOY006.A0101.SG1.2_10M.oral_gc_rl.tsv.gz
"(87,88]",65,GOY006.A0101.SG1.2_10M.oral_gc_rl.tsv.gz
"(88,89]",26,GOY006.A0101.SG1.2_10M.oral_gc_rl.tsv.gz
"(89,90]",18,GOY006.A0101.SG1.2_10M.oral_gc_rl.tsv.gz
"(90,91]",2,GOY006.A0101.SG1.2_10M.oral_gc_rl.tsv.gz
"(91,92]",3,GOY006.A0101.SG1.2_10M.oral_gc_rl.tsv.gz
"(92,93]",6,GOY006.A0101.SG1.2_10M.oral_gc_rl.tsv.gz
"(5,6]",1,GOY006.A0102.SG1.5_10M.oral_gc_rl.tsv.gz
"(6,7]",6,GOY006.A0102.SG1.5_10M.oral_gc_rl.tsv.gz
"(7,8]",13,GOY006.A0102.SG1.5_10M.oral_gc_rl.tsv.gz
"(8,9]",29,GOY006.A0102.SG1.5_10M.oral_gc_rl.tsv.gz
"(9,10]",44,GOY006.A0102.SG1.5_10M.oral_gc_rl.tsv.gz
"(10,11]",74,GOY006.A0102.SG1.5_10M.oral_gc_rl.tsv.gz
"(11,12]",114,GOY006.A0102.SG1.5_10M.oral_gc_rl.tsv.gz
"(12,13]",157,GOY006.A0102.SG1.5_10M.oral_gc_rl.tsv.gz
"(13,14]",267,GOY006.A0102.SG1.5_10M.oral_gc_rl.tsv.gz
"(14,15]",364,GOY006.A0102.SG1.5_10M.oral_gc_rl.tsv.gz
"(15,16]",503,GOY006.A0102.SG1.5_10M.oral_gc_rl.tsv.gz
"(16,17]",558,GOY006.A0102.SG1.5_10M.oral_gc_rl.tsv.gz
"(17,18]",832,GOY006.A0102.SG1.5_10M.oral_gc_rl.tsv.gz
"(18,19]",910,GOY006.A0102.SG1.5_10M.oral_gc_rl.tsv.gz
"(19,20]",1469,GOY006.A0102.SG1.5_10M.oral_gc_rl.tsv.gz
"(20,21]",1225,GOY006.A0102.SG1.5_10M.oral_gc_rl.tsv.gz
"(21,22]",1887,GOY006.A0102.SG1.5_10M.oral_gc_rl.tsv.gz
"(22,23]",1822,GOY006.A0102.SG1.5_10M.oral_gc_rl.tsv.gz
"(23,24]",2481,GOY006.A0102.SG1.5_10M.oral_gc_rl.tsv.gz
"(24,25]",3075,GOY006.A0102.SG1.5_10M.oral_gc_rl.tsv.gz
"(25,26]",2176,GOY006.A0102.SG1.5_10M.oral_gc_rl.tsv.gz
"(26,27]",3124,GOY006.A0102.SG1.5_10M.oral_gc_rl.tsv.gz
"(27,28]",3454,GOY006.A0102.SG1.5_10M.oral_gc_rl.tsv.gz
"(28,29]",3238,GOY006.A0102.SG1.5_10M.oral_gc_rl.tsv.gz
"(29,30]",3873,GOY006.A0102.SG1.5_10M.oral_gc_rl.tsv.gz
"(30,31]",3504,GOY006.A0102.SG1.5_10M.oral_gc_rl.tsv.gz
"(31,32]",4130,GOY006.A0102.SG1.5_10M.oral_gc_rl.tsv.gz
"(32,33]",3942,GOY006.A0102.SG1.5_10M.oral_gc_rl.tsv.gz
"(33,34]",4188,GOY006.A0102.SG1.5_10M.oral_gc_rl.tsv.gz
"(34,35]",4712,GOY006.A0102.SG1.5_10M.oral_gc_rl.tsv.gz
"(35,36]",4336,GOY006.A0102.SG1.5_10M.oral_gc_rl.tsv.gz
"(36,37]",4379,GOY006.A0102.SG1.5_10M.oral_gc_rl.tsv.gz
"(37,38]",4357,GOY006.A0102.SG1.5_10M.oral_gc_rl.tsv.gz
"(38,39]",4233,GOY006.A0102.SG1.5_10M.oral_gc_rl.tsv.gz
"(39,40]",5440,GOY006.A0102.SG1.5_10M.oral_gc_rl.tsv.gz
"(40,41]",3661,GOY006.A0102.SG1.5_10M.oral_gc_rl.tsv.gz
"(41,42]",4540,GOY006.A0102.SG1.5_10M.oral_gc_rl.tsv.gz
"(42,43]",4379,GOY006.A0102.SG1.5_10M.oral_gc_rl.tsv.gz
"(43,44]",4629,GOY006.A0102.SG1.5_10M.oral_gc_rl.tsv.gz
"(44,45]",4567,GOY006.A0102.SG1.5_10M.oral_gc_rl.tsv.gz
"(45,46]",4092,GOY006.A0102.SG1.5_10M.oral_gc_rl.tsv.gz
"(46,47]",4219,GOY006.A0102.SG1.5_10M.oral_gc_rl.tsv.gz
"(47,48]",4578,GOY006.A0102.SG1.5_10M.oral_gc_rl.tsv.gz
"(48,49]",4266,GOY006.A0102.SG1.5_10M.oral_gc_rl.tsv.gz
"(49,50]",5830,GOY006.A0102.SG1.5_10M.oral_gc_rl.tsv.gz
"(50,51]",1593,GOY006.A0102.SG1.5_10M.oral_gc_rl.tsv.gz
"(51,52]",4613,GOY006.A0102.SG1.5_10M.oral_gc_rl.tsv.gz
"(52,53]",4357,GOY006.A0102.SG1.5_10M.oral_gc_rl.tsv.gz
"(53,54]",4578,GOY006.A0102.SG1.5_10M.oral_gc_rl.tsv.gz
"(54,55]",4447,GOY006.A0102.SG1.5_10M.oral_gc_rl.tsv.gz
"(55,56]",4144,GOY006.A0102.SG1.5_10M.oral_gc_rl.tsv.gz
"(56,57]",4535,GOY006.A0102.SG1.5_10M.oral_gc_rl.tsv.gz
"(57,58]",4834,GOY006.A0102.SG1.5_10M.oral_gc_rl.tsv.gz
"(58,59]",4579,GOY006.A0102.SG1.5_10M.oral_gc_rl.tsv.gz
"(59,60]",5643,GOY006.A0102.SG1.5_10M.oral_gc_rl.tsv.gz
"(60,61]",4141,GOY006.A0102.SG1.5_10M.oral_gc_rl.tsv.gz
"(61,62]",4990,GOY006.A0102.SG1.5_10M.oral_gc_rl.tsv.gz
"(62,63]",4442,GOY006.A0102.SG1.5_10M.oral_gc_rl.tsv.gz
"(63,64]",5111,GOY006.A0102.SG1.5_10M.oral_gc_rl.tsv.gz
"(64,65]",4945,GOY006.A0102.SG1.5_10M.oral_gc_rl.tsv.gz
"(65,66]",4733,GOY006.A0102.SG1.5_10M.oral_gc_rl.tsv.gz
"(66,67]",3895,GOY006.A0102.SG1.5_10M.oral_gc_rl.tsv.gz
"(67,68]",4118,GOY006.A0102.SG1.5_10M.oral_gc_rl.tsv.gz
"(68,69]",3643,GOY006.A0102.SG1.5_10M.oral_gc_rl.tsv.gz
"(69,70]",4074,GOY006.A0102.SG1.5_10M.oral_gc_rl.tsv.gz
"(70,71]",2639,GOY006.A0102.SG1.5_10M.oral_gc_rl.tsv.gz
"(71,72]",2943,GOY006.A0102.SG1.5_10M.oral_gc_rl.tsv.gz
"(72,73]",2399,GOY006.A0102.SG1.5_10M.oral_gc_rl.tsv.gz
"(73,74]",2128,GOY006.A0102.SG1.5_10M.oral_gc_rl.tsv.gz
"(74,75]",2010,GOY006.A0102.SG1.5_10M.oral_gc_rl.tsv.gz
"(75,76]",1085,GOY006.A0102.SG1.5_10M.oral_gc_rl.tsv.gz
"(76,77]",1087,GOY006.A0102.SG1.5_10M.oral_gc_rl.tsv.gz
"(77,78]",814,GOY006.A0102.SG1.5_10M.oral_gc_rl.tsv.gz
"(78,79]",678,GOY006.A0102.SG1.5_10M.oral_gc_rl.tsv.gz
"(79,80]",543,GOY006.A0102.SG1.5_10M.oral_gc_rl.tsv.gz
"(80,81]",250,GOY006.A0102.SG1.5_10M.oral_gc_rl.tsv.gz
"(81,82]",221,GOY006.A0102.SG1.5_10M.oral_gc_rl.tsv.gz
"(82,83]",188,GOY006.A0102.SG1.5_10M.oral_gc_rl.tsv.gz
"(83,84]",104,GOY006.A0102.SG1.5_10M.oral_gc_rl.tsv.gz
"(84,85]",71,GOY006.A0102.SG1.5_10M.oral_gc_rl.tsv.gz
"(85,86]",33,GOY006.A0102.SG1.5_10M.oral_gc_rl.tsv.gz
"(86,87]",36,GOY006.A0102.SG1.5_10M.oral_gc_rl.tsv.gz
"(87,88]",17,GOY006.A0102.SG1.5_10M.oral_gc_rl.tsv.gz
"(88,89]",3,GOY006.A0102.SG1.5_10M.oral_gc_rl.tsv.gz
"(89,90]",3,GOY006.A0102.SG1.5_10M.oral_gc_rl.tsv.gz
"(91,92]",2,GOY006.A0102.SG1.5_10M.oral_gc_rl.tsv.gz
"(92,93]",2,GOY006.A0102.SG1.5_10M.oral_gc_rl.tsv.gz
"(19,20]",2,GUE001.A0101.SG1.1_10M.oral_gc_rl.tsv.gz
"(22,23]",2,GUE001.A0101.SG1.1_10M.oral_gc_rl.tsv.gz
"(23,24]",1,GUE001.A0101.SG1.1_10M.oral_gc_rl.tsv.gz
"(24,25]",4,GUE001.A0101.SG1.1_10M.oral_gc_rl.tsv.gz
"(25,26]",1,GUE001.A0101.SG1.1_10M.oral_gc_rl.tsv.gz
"(26,27]",4,GUE001.A0101.SG1.1_10M.oral_gc_rl.tsv.gz
"(27,28]",2,GUE001.A0101.SG1.1_10M.oral_gc_rl.tsv.gz
"(28,29]",6,GUE001.A0101.SG1.1_10M.oral_gc_rl.tsv.gz
"(29,30]",4,GUE001.A0101.SG1.1_10M.oral_gc_rl.tsv.gz
"(30,31]",1,GUE001.A0101.SG1.1_10M.oral_gc_rl.tsv.gz
"(31,32]",6,GUE001.A0101.SG1.1_10M.oral_gc_rl.tsv.gz
"(32,33]",10,GUE001.A0101.SG1.1_10M.oral_gc_rl.tsv.gz
"(33,34]",20,GUE001.A0101.SG1.1_10M.oral_gc_rl.tsv.gz
"(34,35]",8,GUE001.A0101.SG1.1_10M.oral_gc_rl.tsv.gz
"(35,36]",7,GUE001.A0101.SG1.1_10M.oral_gc_rl.tsv.gz
"(36,37]",19,GUE001.A0101.SG1.1_10M.oral_gc_rl.tsv.gz
"(37,38]",17,GUE001.A0101.SG1.1_10M.oral_gc_rl.tsv.gz
"(38,39]",3,GUE001.A0101.SG1.1_10M.oral_gc_rl.tsv.gz
"(39,40]",20,GUE001.A0101.SG1.1_10M.oral_gc_rl.tsv.gz
"(40,41]",20,GUE001.A0101.SG1.1_10M.oral_gc_rl.tsv.gz
"(41,42]",20,GUE001.A0101.SG1.1_10M.oral_gc_rl.tsv.gz
"(42,43]",24,GUE001.A0101.SG1.1_10M.oral_gc_rl.tsv.gz
"(43,44]",24,GUE001.A0101.SG1.1_10M.oral_gc_rl.tsv.gz
"(44,45]",16,GUE001.A0101.SG1.1_10M.oral_gc_rl.tsv.gz
"(45,46]",46,GUE001.A0101.SG1.1_10M.oral_gc_rl.tsv.gz
"(46,47]",23,GUE001.A0101.SG1.1_10M.oral_gc_rl.tsv.gz
"(47,48]",25,GUE001.A0101.SG1.1_10M.oral_gc_rl.tsv.gz
"(48,49]",32,GUE001.A0101.SG1.1_10M.oral_gc_rl.tsv.gz
"(49,50]",37,GUE001.A0101.SG1.1_10M.oral_gc_rl.tsv.gz
"(50,51]",26,GUE001.A0101.SG1.1_10M.oral_gc_rl.tsv.gz
"(51,52]",36,GUE001.A0101.SG1.1_10M.oral_gc_rl.tsv.gz
"(52,53]",30,GUE001.A0101.SG1.1_10M.oral_gc_rl.tsv.gz
"(53,54]",18,GUE001.A0101.SG1.1_10M.oral_gc_rl.tsv.gz
"(54,55]",27,GUE001.A0101.SG1.1_10M.oral_gc_rl.tsv.gz
"(55,56]",32,GUE001.A0101.SG1.1_10M.oral_gc_rl.tsv.gz
"(56,57]",52,GUE001.A0101.SG1.1_10M.oral_gc_rl.tsv.gz
"(57,58]",43,GUE001.A0101.SG1.1_10M.oral_gc_rl.tsv.gz
"(58,59]",52,GUE001.A0101.SG1.1_10M.oral_gc_rl.tsv.gz
"(59,60]",51,GUE001.A0101.SG1.1_10M.oral_gc_rl.tsv.gz
"(60,61]",21,GUE001.A0101.SG1.1_10M.oral_gc_rl.tsv.gz
"(61,62]",45,GUE001.A0101.SG1.1_10M.oral_gc_rl.tsv.gz
"(62,63]",55,GUE001.A0101.SG1.1_10M.oral_gc_rl.tsv.gz
"(63,64]",78,GUE001.A0101.SG1.1_10M.oral_gc_rl.tsv.gz
"(64,65]",61,GUE001.A0101.SG1.1_10M.oral_gc_rl.tsv.gz
"(65,66]",79,GUE001.A0101.SG1.1_10M.oral_gc_rl.tsv.gz
"(66,67]",46,GUE001.A0101.SG1.1_10M.oral_gc_rl.tsv.gz
"(67,68]",54,GUE001.A0101.SG1.1_10M.oral_gc_rl.tsv.gz
"(68,69]",65,GUE001.A0101.SG1.1_10M.oral_gc_rl.tsv.gz
"(69,70]",70,GUE001.A0101.SG1.1_10M.oral_gc_rl.tsv.gz
"(70,71]",53,GUE001.A0101.SG1.1_10M.oral_gc_rl.tsv.gz
"(71,72]",68,GUE001.A0101.SG1.1_10M.oral_gc_rl.tsv.gz
"(72,73]",52,GUE001.A0101.SG1.1_10M.oral_gc_rl.tsv.gz
"(73,74]",37,GUE001.A0101.SG1.1_10M.oral_gc_rl.tsv.gz
"(74,75]",26,GUE001.A0101.SG1.1_10M.oral_gc_rl.tsv.gz
"(75,76]",17,GUE001.A0101.SG1.1_10M.oral_gc_rl.tsv.gz
"(76,77]",27,GUE001.A0101.SG1.1_10M.oral_gc_rl.tsv.gz
"(77,78]",18,GUE001.A0101.SG1.1_10M.oral_gc_rl.tsv.gz
"(78,79]",15,GUE001.A0101.SG1.1_10M.oral_gc_rl.tsv.gz
"(79,80]",9,GUE001.A0101.SG1.1_10M.oral_gc_rl.tsv.gz
"(80,81]",6,GUE001.A0101.SG1.1_10M.oral_gc_rl.tsv.gz
"(81,82]",8,GUE001.A0101.SG1.1_10M.oral_gc_rl.tsv.gz
"(82,83]",2,GUE001.A0101.SG1.1_10M.oral_gc_rl.tsv.gz
"(84,85]",3,GUE001.A0101.SG1.1_10M.oral_gc_rl.tsv.gz
"(85,86]",1,GUE001.A0101.SG1.1_10M.oral_gc_rl.tsv.gz
"(14,15]",1,GUE001.A0102.SG1.4_10M.oral_gc_rl.tsv.gz
"(24,25]",1,GUE001.A0102.SG1.4_10M.oral_gc_rl.tsv.gz
"(26,27]",1,GUE001.A0102.SG1.4_10M.oral_gc_rl.tsv.gz
"(27,28]",2,GUE001.A0102.SG1.4_10M.oral_gc_rl.tsv.gz
"(28,29]",1,GUE001.A0102.SG1.4_10M.oral_gc_rl.tsv.gz
"(29,30]",2,GUE001.A0102.SG1.4_10M.oral_gc_rl.tsv.gz
"(30,31]",3,GUE001.A0102.SG1.4_10M.oral_gc_rl.tsv.gz
"(33,34]",2,GUE001.A0102.SG1.4_10M.oral_gc_rl.tsv.gz
"(34,35]",1,GUE001.A0102.SG1.4_10M.oral_gc_rl.tsv.gz
"(35,36]",1,GUE001.A0102.SG1.4_10M.oral_gc_rl.tsv.gz
"(36,37]",1,GUE001.A0102.SG1.4_10M.oral_gc_rl.tsv.gz
"(37,38]",1,GUE001.A0102.SG1.4_10M.oral_gc_rl.tsv.gz
"(38,39]",6,GUE001.A0102.SG1.4_10M.oral_gc_rl.tsv.gz
"(39,40]",1,GUE001.A0102.SG1.4_10M.oral_gc_rl.tsv.gz
"(40,41]",2,GUE001.A0102.SG1.4_10M.oral_gc_rl.tsv.gz
"(41,42]",1,GUE001.A0102.SG1.4_10M.oral_gc_rl.tsv.gz
"(42,43]",1,GUE001.A0102.SG1.4_10M.oral_gc_rl.tsv.gz
"(43,44]",1,GUE001.A0102.SG1.4_10M.oral_gc_rl.tsv.gz
"(44,45]",1,GUE001.A0102.SG1.4_10M.oral_gc_rl.tsv.gz
"(46,47]",2,GUE001.A0102.SG1.4_10M.oral_gc_rl.tsv.gz
"(47,48]",2,GUE001.A0102.SG1.4_10M.oral_gc_rl.tsv.gz
"(48,49]",3,GUE001.A0102.SG1.4_10M.oral_gc_rl.tsv.gz
"(49,50]",1,GUE001.A0102.SG1.4_10M.oral_gc_rl.tsv.gz
"(51,52]",2,GUE001.A0102.SG1.4_10M.oral_gc_rl.tsv.gz
"(52,53]",1,GUE001.A0102.SG1.4_10M.oral_gc_rl.tsv.gz
"(55,56]",2,GUE001.A0102.SG1.4_10M.oral_gc_rl.tsv.gz
"(56,57]",1,GUE001.A0102.SG1.4_10M.oral_gc_rl.tsv.gz
"(58,59]",2,GUE001.A0102.SG1.4_10M.oral_gc_rl.tsv.gz
"(59,60]",2,GUE001.A0102.SG1.4_10M.oral_gc_rl.tsv.gz
"(60,61]",1,GUE001.A0102.SG1.4_10M.oral_gc_rl.tsv.gz
"(61,62]",1,GUE001.A0102.SG1.4_10M.oral_gc_rl.tsv.gz
"(62,63]",6,GUE001.A0102.SG1.4_10M.oral_gc_rl.tsv.gz
"(63,64]",2,GUE001.A0102.SG1.4_10M.oral_gc_rl.tsv.gz
"(64,65]",1,GUE001.A0102.SG1.4_10M.oral_gc_rl.tsv.gz
"(65,66]",4,GUE001.A0102.SG1.4_10M.oral_gc_rl.tsv.gz
"(66,67]",2,GUE001.A0102.SG1.4_10M.oral_gc_rl.tsv.gz
"(67,68]",1,GUE001.A0102.SG1.4_10M.oral_gc_rl.tsv.gz
"(68,69]",3,GUE001.A0102.SG1.4_10M.oral_gc_rl.tsv.gz
"(70,71]",3,GUE001.A0102.SG1.4_10M.oral_gc_rl.tsv.gz
"(71,72]",2,GUE001.A0102.SG1.4_10M.oral_gc_rl.tsv.gz
"(72,73]",3,GUE001.A0102.SG1.4_10M.oral_gc_rl.tsv.gz
"(73,74]",1,GUE001.A0102.SG1.4_10M.oral_gc_rl.tsv.gz
"(75,76]",1,GUE001.A0102.SG1.4_10M.oral_gc_rl.tsv.gz
"(78,79]",3,GUE001.A0102.SG1.4_10M.oral_gc_rl.tsv.gz
"(79,80]",1,GUE001.A0102.SG1.4_10M.oral_gc_rl.tsv.gz
"(9,10]",1,PES001.B0101.SG1.3_10M.oral_gc_rl.tsv.gz
"(11,12]",4,PES001.B0101.SG1.3_10M.oral_gc_rl.tsv.gz
"(12,13]",4,PES001.B0101.SG1.3_10M.oral_gc_rl.tsv.gz
"(13,14]",11,PES001.B0101.SG1.3_10M.oral_gc_rl.tsv.gz
"(14,15]",13,PES001.B0101.SG1.3_10M.oral_gc_rl.tsv.gz
"(15,16]",35,PES001.B0101.SG1.3_10M.oral_gc_rl.tsv.gz
"(16,17]",56,PES001.B0101.SG1.3_10M.oral_gc_rl.tsv.gz
"(17,18]",102,PES001.B0101.SG1.3_10M.oral_gc_rl.tsv.gz
"(18,19]",160,PES001.B0101.SG1.3_10M.oral_gc_rl.tsv.gz
"(19,20]",318,PES001.B0101.SG1.3_10M.oral_gc_rl.tsv.gz
"(20,21]",307,PES001.B0101.SG1.3_10M.oral_gc_rl.tsv.gz
"(21,22]",612,PES001.B0101.SG1.3_10M.oral_gc_rl.tsv.gz
"(22,23]",774,PES001.B0101.SG1.3_10M.oral_gc_rl.tsv.gz
"(23,24]",1177,PES001.B0101.SG1.3_10M.oral_gc_rl.tsv.gz
"(24,25]",1654,PES001.B0101.SG1.3_10M.oral_gc_rl.tsv.gz
"(25,26]",1243,PES001.B0101.SG1.3_10M.oral_gc_rl.tsv.gz
"(26,27]",2353,PES001.B0101.SG1.3_10M.oral_gc_rl.tsv.gz
"(27,28]",2873,PES001.B0101.SG1.3_10M.oral_gc_rl.tsv.gz
"(28,29]",3397,PES001.B0101.SG1.3_10M.oral_gc_rl.tsv.gz
"(29,30]",3544,PES001.B0101.SG1.3_10M.oral_gc_rl.tsv.gz
"(30,31]",4721,PES001.B0101.SG1.3_10M.oral_gc_rl.tsv.gz
"(31,32]",5853,PES001.B0101.SG1.3_10M.oral_gc_rl.tsv.gz
"(32,33]",6443,PES001.B0101.SG1.3_10M.oral_gc_rl.tsv.gz
"(33,34]",6071,PES001.B0101.SG1.3_10M.oral_gc_rl.tsv.gz
"(34,35]",8612,PES001.B0101.SG1.3_10M.oral_gc_rl.tsv.gz
"(35,36]",9575,PES001.B0101.SG1.3_10M.oral_gc_rl.tsv.gz
"(36,37]",10590,PES001.B0101.SG1.3_10M.oral_gc_rl.tsv.gz
"(37,38]",10218,PES001.B0101.SG1.3_10M.oral_gc_rl.tsv.gz
"(38,39]",13714,PES001.B0101.SG1.3_10M.oral_gc_rl.tsv.gz
"(39,40]",17357,PES001.B0101.SG1.3_10M.oral_gc_rl.tsv.gz
"(40,41]",14844,PES001.B0101.SG1.3_10M.oral_gc_rl.tsv.gz
"(41,42]",15256,PES001.B0101.SG1.3_10M.oral_gc_rl.tsv.gz
"(42,43]",19748,PES001.B0101.SG1.3_10M.oral_gc_rl.tsv.gz
"(43,44]",23345,PES001.B0101.SG1.3_10M.oral_gc_rl.tsv.gz
"(44,45]",23096,PES001.B0101.SG1.3_10M.oral_gc_rl.tsv.gz
"(45,46]",20037,PES001.B0101.SG1.3_10M.oral_gc_rl.tsv.gz
"(46,47]",26592,PES001.B0101.SG1.3_10M.oral_gc_rl.tsv.gz
"(47,48]",27949,PES001.B0101.SG1.3_10M.oral_gc_rl.tsv.gz
"(48,49]",26490,PES001.B0101.SG1.3_10M.oral_gc_rl.tsv.gz
"(49,50]",36818,PES001.B0101.SG1.3_10M.oral_gc_rl.tsv.gz
"(50,51]",16064,PES001.B0101.SG1.3_10M.oral_gc_rl.tsv.gz
"(51,52]",29501,PES001.B0101.SG1.3_10M.oral_gc_rl.tsv.gz
"(52,53]",28871,PES001.B0101.SG1.3_10M.oral_gc_rl.tsv.gz
"(53,54]",31733,PES001.B0101.SG1.3_10M.oral_gc_rl.tsv.gz
"(54,55]",28664,PES001.B0101.SG1.3_10M.oral_gc_rl.tsv.gz
"(55,56]",33486,PES001.B0101.SG1.3_10M.oral_gc_rl.tsv.gz
"(56,57]",35449,PES001.B0101.SG1.3_10M.oral_gc_rl.tsv.gz
"(57,58]",38789,PES001.B0101.SG1.3_10M.oral_gc_rl.tsv.gz
"(58,59]",35395,PES001.B0101.SG1.3_10M.oral_gc_rl.tsv.gz
"(59,60]",49326,PES001.B0101.SG1.3_10M.oral_gc_rl.tsv.gz
"(60,61]",39952,PES001.B0101.SG1.3_10M.oral_gc_rl.tsv.gz
"(61,62]",49655,PES001.B0101.SG1.3_10M.oral_gc_rl.tsv.gz
"(62,63]",43486,PES001.B0101.SG1.3_10M.oral_gc_rl.tsv.gz
"(63,64]",53910,PES001.B0101.SG1.3_10M.oral_gc_rl.tsv.gz
"(64,65]",52493,PES001.B0101.SG1.3_10M.oral_gc_rl.tsv.gz
"(65,66]",52342,PES001.B0101.SG1.3_10M.oral_gc_rl.tsv.gz
"(66,67]",43859,PES001.B0101.SG1.3_10M.oral_gc_rl.tsv.gz
"(67,68]",53351,PES001.B0101.SG1.3_10M.oral_gc_rl.tsv.gz
"(68,69]",46272,PES001.B0101.SG1.3_10M.oral_gc_rl.tsv.gz
"(69,70]",47260,PES001.B0101.SG1.3_10M.oral_gc_rl.tsv.gz
"(70,71]",32614,PES001.B0101.SG1.3_10M.oral_gc_rl.tsv.gz
"(71,72]",37288,PES001.B0101.SG1.3_10M.oral_gc_rl.tsv.gz
"(72,73]",29858,PES001.B0101.SG1.3_10M.oral_gc_rl.tsv.gz
"(73,74]",26739,PES001.B0101.SG1.3_10M.oral_gc_rl.tsv.gz
"(74,75]",23788,PES001.B0101.SG1.3_10M.oral_gc_rl.tsv.gz
"(75,76]",12080,PES001.B0101.SG1.3_10M.oral_gc_rl.tsv.gz
"(76,77]",12588,PES001.B0101.SG1.3_10M.oral_gc_rl.tsv.gz
"(77,78]",9492,PES001.B0101.SG1.3_10M.oral_gc_rl.tsv.gz
"(78,79]",6512,PES001.B0101.SG1.3_10M.oral_gc_rl.tsv.gz
"(79,80]",4844,PES001.B0101.SG1.3_10M.oral_gc_rl.tsv.gz
"(80,81]",2440,PES001.B0101.SG1.3_10M.oral_gc_rl.tsv.gz
"(81,82]",1949,PES001.B0101.SG1.3_10M.oral_gc_rl.tsv.gz
"(82,83]",1142,PES001.B0101.SG1.3_10M.oral_gc_rl.tsv.gz
"(83,84]",727,PES001.B0101.SG1.3_10M.oral_gc_rl.tsv.gz
"(84,85]",500,PES001.B0101.SG1.3_10M.oral_gc_rl.tsv.gz
"(85,86]",238,PES001.B0101.SG1.3_10M.oral_gc_rl.tsv.gz
"(86,87]",143,PES001.B0101.SG1.3_10M.oral_gc_rl.tsv.gz
"(87,88]",87,PES001.B0101.SG1.3_10M.oral_gc_rl.tsv.gz
"(88,89]",56,PES001.B0101.SG1.3_10M.oral_gc_rl.tsv.gz
"(89,90]",32,PES001.B0101.SG1.3_10M.oral_gc_rl.tsv.gz
"(90,91]",17,PES001.B0101.SG1.3_10M.oral_gc_rl.tsv.gz
"(91,92]",4,PES001.B0101.SG1.3_10M.oral_gc_rl.tsv.gz
"(92,93]",3,PES001.B0101.SG1.3_10M.oral_gc_rl.tsv.gz
"(94,95]",1,PES001.B0101.SG1.3_10M.oral_gc_rl.tsv.gz
"(7,8]",7,PES001.B0102.SG1.5_10M.oral_gc_rl.tsv.gz
"(8,9]",6,PES001.B0102.SG1.5_10M.oral_gc_rl.tsv.gz
"(9,10]",12,PES001.B0102.SG1.5_10M.oral_gc_rl.tsv.gz
"(10,11]",34,PES001.B0102.SG1.5_10M.oral_gc_rl.tsv.gz
"(11,12]",66,PES001.B0102.SG1.5_10M.oral_gc_rl.tsv.gz
"(12,13]",100,PES001.B0102.SG1.5_10M.oral_gc_rl.tsv.gz
"(13,14]",173,PES001.B0102.SG1.5_10M.oral_gc_rl.tsv.gz
"(14,15]",244,PES001.B0102.SG1.5_10M.oral_gc_rl.tsv.gz
"(15,16]",365,PES001.B0102.SG1.5_10M.oral_gc_rl.tsv.gz
"(16,17]",410,PES001.B0102.SG1.5_10M.oral_gc_rl.tsv.gz
"(17,18]",680,PES001.B0102.SG1.5_10M.oral_gc_rl.tsv.gz
"(18,19]",781,PES001.B0102.SG1.5_10M.oral_gc_rl.tsv.gz
"(19,20]",1269,PES001.B0102.SG1.5_10M.oral_gc_rl.tsv.gz
"(20,21]",1109,PES001.B0102.SG1.5_10M.oral_gc_rl.tsv.gz
"(21,22]",1965,PES001.B0102.SG1.5_10M.oral_gc_rl.tsv.gz
"(22,23]",2165,PES001.B0102.SG1.5_10M.oral_gc_rl.tsv.gz
"(23,24]",2806,PES001.B0102.SG1.5_10M.oral_gc_rl.tsv.gz
"(24,25]",3694,PES001.B0102.SG1.5_10M.oral_gc_rl.tsv.gz
"(25,26]",2726,PES001.B0102.SG1.5_10M.oral_gc_rl.tsv.gz
"(26,27]",4170,PES001.B0102.SG1.5_10M.oral_gc_rl.tsv.gz
"(27,28]",4855,PES001.B0102.SG1.5_10M.oral_gc_rl.tsv.gz
"(28,29]",5061,PES001.B0102.SG1.5_10M.oral_gc_rl.tsv.gz
"(29,30]",5601,PES001.B0102.SG1.5_10M.oral_gc_rl.tsv.gz
"(30,31]",6056,PES001.B0102.SG1.5_10M.oral_gc_rl.tsv.gz
"(31,32]",7483,PES001.B0102.SG1.5_10M.oral_gc_rl.tsv.gz
"(32,33]",7760,PES001.B0102.SG1.5_10M.oral_gc_rl.tsv.gz
"(33,34]",7590,PES001.B0102.SG1.5_10M.oral_gc_rl.tsv.gz
"(34,35]",9562,PES001.B0102.SG1.5_10M.oral_gc_rl.tsv.gz
"(35,36]",9757,PES001.B0102.SG1.5_10M.oral_gc_rl.tsv.gz
"(36,37]",10342,PES001.B0102.SG1.5_10M.oral_gc_rl.tsv.gz
"(37,38]",10249,PES001.B0102.SG1.5_10M.oral_gc_rl.tsv.gz
"(38,39]",11670,PES001.B0102.SG1.5_10M.oral_gc_rl.tsv.gz
"(39,40]",14868,PES001.B0102.SG1.5_10M.oral_gc_rl.tsv.gz
"(40,41]",11312,PES001.B0102.SG1.5_10M.oral_gc_rl.tsv.gz
"(41,42]",12867,PES001.B0102.SG1.5_10M.oral_gc_rl.tsv.gz
"(42,43]",14131,PES001.B0102.SG1.5_10M.oral_gc_rl.tsv.gz
"(43,44]",15868,PES001.B0102.SG1.5_10M.oral_gc_rl.tsv.gz
"(44,45]",15318,PES001.B0102.SG1.5_10M.oral_gc_rl.tsv.gz
"(45,46]",13679,PES001.B0102.SG1.5_10M.oral_gc_rl.tsv.gz
"(46,47]",15427,PES001.B0102.SG1.5_10M.oral_gc_rl.tsv.gz
"(47,48]",15815,PES001.B0102.SG1.5_10M.oral_gc_rl.tsv.gz
"(48,49]",14214,PES001.B0102.SG1.5_10M.oral_gc_rl.tsv.gz
"(49,50]",19891,PES001.B0102.SG1.5_10M.oral_gc_rl.tsv.gz
"(50,51]",7204,PES001.B0102.SG1.5_10M.oral_gc_rl.tsv.gz
"(51,52]",14291,PES001.B0102.SG1.5_10M.oral_gc_rl.tsv.gz
"(52,53]",13740,PES001.B0102.SG1.5_10M.oral_gc_rl.tsv.gz
"(53,54]",14418,PES001.B0102.SG1.5_10M.oral_gc_rl.tsv.gz
"(54,55]",13632,PES001.B0102.SG1.5_10M.oral_gc_rl.tsv.gz
"(55,56]",13722,PES001.B0102.SG1.5_10M.oral_gc_rl.tsv.gz
"(56,57]",14529,PES001.B0102.SG1.5_10M.oral_gc_rl.tsv.gz
"(57,58]",15058,PES001.B0102.SG1.5_10M.oral_gc_rl.tsv.gz
"(58,59]",14006,PES001.B0102.SG1.5_10M.oral_gc_rl.tsv.gz
"(59,60]",18174,PES001.B0102.SG1.5_10M.oral_gc_rl.tsv.gz
"(60,61]",13724,PES001.B0102.SG1.5_10M.oral_gc_rl.tsv.gz
"(61,62]",16470,PES001.B0102.SG1.5_10M.oral_gc_rl.tsv.gz
"(62,63]",15012,PES001.B0102.SG1.5_10M.oral_gc_rl.tsv.gz
"(63,64]",17184,PES001.B0102.SG1.5_10M.oral_gc_rl.tsv.gz
"(64,65]",16405,PES001.B0102.SG1.5_10M.oral_gc_rl.tsv.gz
"(65,66]",16240,PES001.B0102.SG1.5_10M.oral_gc_rl.tsv.gz
"(66,67]",13648,PES001.B0102.SG1.5_10M.oral_gc_rl.tsv.gz
"(67,68]",15210,PES001.B0102.SG1.5_10M.oral_gc_rl.tsv.gz
"(68,69]",13113,PES001.B0102.SG1.5_10M.oral_gc_rl.tsv.gz
"(69,70]",13597,PES001.B0102.SG1.5_10M.oral_gc_rl.tsv.gz
"(70,71]",9429,PES001.B0102.SG1.5_10M.oral_gc_rl.tsv.gz
"(71,72]",10030,PES001.B0102.SG1.5_10M.oral_gc_rl.tsv.gz
"(72,73]",8252,PES001.B0102.SG1.5_10M.oral_gc_rl.tsv.gz
"(73,74]",7174,PES001.B0102.SG1.5_10M.oral_gc_rl.tsv.gz
"(74,75]",6261,PES001.B0102.SG1.5_10M.oral_gc_rl.tsv.gz
"(75,76]",3260,PES001.B0102.SG1.5_10M.oral_gc_rl.tsv.gz
"(76,77]",3502,PES001.B0102.SG1.5_10M.oral_gc_rl.tsv.gz
"(77,78]",2558,PES001.B0102.SG1.5_10M.oral_gc_rl.tsv.gz
"(78,79]",1791,PES001.B0102.SG1.5_10M.oral_gc_rl.tsv.gz
"(79,80]",1547,PES001.B0102.SG1.5_10M.oral_gc_rl.tsv.gz
"(80,81]",722,PES001.B0102.SG1.5_10M.oral_gc_rl.tsv.gz
"(81,82]",662,PES001.B0102.SG1.5_10M.oral_gc_rl.tsv.gz
"(82,83]",395,PES001.B0102.SG1.5_10M.oral_gc_rl.tsv.gz
"(83,84]",295,PES001.B0102.SG1.5_10M.oral_gc_rl.tsv.gz
"(84,85]",176,PES001.B0102.SG1.5_10M.oral_gc_rl.tsv.gz
"(85,86]",78,PES001.B0102.SG1.5_10M.oral_gc_rl.tsv.gz
"(86,87]",62,PES001.B0102.SG1.5_10M.oral_gc_rl.tsv.gz
"(87,88]",36,PES001.B0102.SG1.5_10M.oral_gc_rl.tsv.gz
"(88,89]",15,PES001.B0102.SG1.5_10M.oral_gc_rl.tsv.gz
"(89,90]",17,PES001.B0102.SG1.5_10M.oral_gc_rl.tsv.gz
"(90,91]",4,PES001.B0102.SG1.5_10M.oral_gc_rl.tsv.gz
"(91,92]",1,PES001.B0102.SG1.5_10M.oral_gc_rl.tsv.gz
"(92,93]",1,PES001.B0102.SG1.5_10M.oral_gc_rl.tsv.gz
"(1,2]",1,SPM002.A0101.SG1.1_10M.oral_gc_rl.tsv.gz
"(18,19]",1,SPM002.A0101.SG1.1_10M.oral_gc_rl.tsv.gz
"(19,20]",2,SPM002.A0101.SG1.1_10M.oral_gc_rl.tsv.gz
"(20,21]",2,SPM002.A0101.SG1.1_10M.oral_gc_rl.tsv.gz
"(21,22]",12,SPM002.A0101.SG1.1_10M.oral_gc_rl.tsv.gz
"(22,23]",11,SPM002.A0101.SG1.1_10M.oral_gc_rl.tsv.gz
"(23,24]",15,SPM002.A0101.SG1.1_10M.oral_gc_rl.tsv.gz
"(24,25]",23,SPM002.A0101.SG1.1_10M.oral_gc_rl.tsv.gz
"(25,26]",9,SPM002.A0101.SG1.1_10M.oral_gc_rl.tsv.gz
"(26,27]",28,SPM002.A0101.SG1.1_10M.oral_gc_rl.tsv.gz
"(27,28]",46,SPM002.A0101.SG1.1_10M.oral_gc_rl.tsv.gz
"(28,29]",44,SPM002.A0101.SG1.1_10M.oral_gc_rl.tsv.gz
"(29,30]",54,SPM002.A0101.SG1.1_10M.oral_gc_rl.tsv.gz
"(30,31]",78,SPM002.A0101.SG1.1_10M.oral_gc_rl.tsv.gz
"(31,32]",108,SPM002.A0101.SG1.1_10M.oral_gc_rl.tsv.gz
"(32,33]",100,SPM002.A0101.SG1.1_10M.oral_gc_rl.tsv.gz
"(33,34]",100,SPM002.A0101.SG1.1_10M.oral_gc_rl.tsv.gz
"(34,35]",145,SPM002.A0101.SG1.1_10M.oral_gc_rl.tsv.gz
"(35,36]",172,SPM002.A0101.SG1.1_10M.oral_gc_rl.tsv.gz
"(36,37]",150,SPM002.A0101.SG1.1_10M.oral_gc_rl.tsv.gz
"(37,38]",156,SPM002.A0101.SG1.1_10M.oral_gc_rl.tsv.gz
"(38,39]",220,SPM002.A0101.SG1.1_10M.oral_gc_rl.tsv.gz
"(39,40]",310,SPM002.A0101.SG1.1_10M.oral_gc_rl.tsv.gz
"(40,41]",245,SPM002.A0101.SG1.1_10M.oral_gc_rl.tsv.gz
"(41,42]",192,SPM002.A0101.SG1.1_10M.oral_gc_rl.tsv.gz
"(42,43]",238,SPM002.A0101.SG1.1_10M.oral_gc_rl.tsv.gz
"(43,44]",261,SPM002.A0101.SG1.1_10M.oral_gc_rl.tsv.gz
"(44,45]",168,SPM002.A0101.SG1.1_10M.oral_gc_rl.tsv.gz
"(45,46]",151,SPM002.A0101.SG1.1_10M.oral_gc_rl.tsv.gz
"(46,47]",166,SPM002.A0101.SG1.1_10M.oral_gc_rl.tsv.gz
"(47,48]",150,SPM002.A0101.SG1.1_10M.oral_gc_rl.tsv.gz
"(48,49]",130,SPM002.A0101.SG1.1_10M.oral_gc_rl.tsv.gz
"(49,50]",214,SPM002.A0101.SG1.1_10M.oral_gc_rl.tsv.gz
"(50,51]",67,SPM002.A0101.SG1.1_10M.oral_gc_rl.tsv.gz
"(51,52]",125,SPM002.A0101.SG1.1_10M.oral_gc_rl.tsv.gz
"(52,53]",118,SPM002.A0101.SG1.1_10M.oral_gc_rl.tsv.gz
"(53,54]",121,SPM002.A0101.SG1.1_10M.oral_gc_rl.tsv.gz
"(54,55]",105,SPM002.A0101.SG1.1_10M.oral_gc_rl.tsv.gz
"(55,56]",119,SPM002.A0101.SG1.1_10M.oral_gc_rl.tsv.gz
"(56,57]",106,SPM002.A0101.SG1.1_10M.oral_gc_rl.tsv.gz
"(57,58]",91,SPM002.A0101.SG1.1_10M.oral_gc_rl.tsv.gz
"(58,59]",98,SPM002.A0101.SG1.1_10M.oral_gc_rl.tsv.gz
"(59,60]",162,SPM002.A0101.SG1.1_10M.oral_gc_rl.tsv.gz
"(60,61]",109,SPM002.A0101.SG1.1_10M.oral_gc_rl.tsv.gz
"(61,62]",128,SPM002.A0101.SG1.1_10M.oral_gc_rl.tsv.gz
"(62,63]",66,SPM002.A0101.SG1.1_10M.oral_gc_rl.tsv.gz
"(63,64]",126,SPM002.A0101.SG1.1_10M.oral_gc_rl.tsv.gz
"(64,65]",140,SPM002.A0101.SG1.1_10M.oral_gc_rl.tsv.gz
"(65,66]",122,SPM002.A0101.SG1.1_10M.oral_gc_rl.tsv.gz
"(66,67]",93,SPM002.A0101.SG1.1_10M.oral_gc_rl.tsv.gz
"(67,68]",138,SPM002.A0101.SG1.1_10M.oral_gc_rl.tsv.gz
"(68,69]",133,SPM002.A0101.SG1.1_10M.oral_gc_rl.tsv.gz
"(69,70]",165,SPM002.A0101.SG1.1_10M.oral_gc_rl.tsv.gz
"(70,71]",99,SPM002.A0101.SG1.1_10M.oral_gc_rl.tsv.gz
"(71,72]",156,SPM002.A0101.SG1.1_10M.oral_gc_rl.tsv.gz
"(72,73]",98,SPM002.A0101.SG1.1_10M.oral_gc_rl.tsv.gz
"(73,74]",109,SPM002.A0101.SG1.1_10M.oral_gc_rl.tsv.gz
"(74,75]",106,SPM002.A0101.SG1.1_10M.oral_gc_rl.tsv.gz
"(75,76]",59,SPM002.A0101.SG1.1_10M.oral_gc_rl.tsv.gz
"(76,77]",49,SPM002.A0101.SG1.1_10M.oral_gc_rl.tsv.gz
"(77,78]",46,SPM002.A0101.SG1.1_10M.oral_gc_rl.tsv.gz
"(78,79]",28,SPM002.A0101.SG1.1_10M.oral_gc_rl.tsv.gz
"(79,80]",6,SPM002.A0101.SG1.1_10M.oral_gc_rl.tsv.gz
"(80,81]",7,SPM002.A0101.SG1.1_10M.oral_gc_rl.tsv.gz
"(81,82]",18,SPM002.A0101.SG1.1_10M.oral_gc_rl.tsv.gz
"(82,83]",1,SPM002.A0101.SG1.1_10M.oral_gc_rl.tsv.gz
"(83,84]",3,SPM002.A0101.SG1.1_10M.oral_gc_rl.tsv.gz
"(89,90]",1,SPM002.A0101.SG1.1_10M.oral_gc_rl.tsv.gz
"(12,13]",1,SPM002.A0103.SG1.4_10M.oral_gc_rl.tsv.gz
"(14,15]",2,SPM002.A0103.SG1.4_10M.oral_gc_rl.tsv.gz
"(16,17]",1,SPM002.A0103.SG1.4_10M.oral_gc_rl.tsv.gz
"(18,19]",4,SPM002.A0103.SG1.4_10M.oral_gc_rl.tsv.gz
"(19,20]",3,SPM002.A0103.SG1.4_10M.oral_gc_rl.tsv.gz
"(21,22]",8,SPM002.A0103.SG1.4_10M.oral_gc_rl.tsv.gz
"(22,23]",9,SPM002.A0103.SG1.4_10M.oral_gc_rl.tsv.gz
"(23,24]",4,SPM002.A0103.SG1.4_10M.oral_gc_rl.tsv.gz
"(24,25]",8,SPM002.A0103.SG1.4_10M.oral_gc_rl.tsv.gz
"(25,26]",4,SPM002.A0103.SG1.4_10M.oral_gc_rl.tsv.gz
"(26,27]",13,SPM002.A0103.SG1.4_10M.oral_gc_rl.tsv.gz
"(27,28]",13,SPM002.A0103.SG1.4_10M.oral_gc_rl.tsv.gz
"(28,29]",13,SPM002.A0103.SG1.4_10M.oral_gc_rl.tsv.gz
"(29,30]",8,SPM002.A0103.SG1.4_10M.oral_gc_rl.tsv.gz
"(30,31]",9,SPM002.A0103.SG1.4_10M.oral_gc_rl.tsv.gz
"(31,32]",15,SPM002.A0103.SG1.4_10M.oral_gc_rl.tsv.gz
"(32,33]",21,SPM002.A0103.SG1.4_10M.oral_gc_rl.tsv.gz
"(33,34]",24,SPM002.A0103.SG1.4_10M.oral_gc_rl.tsv.gz
"(34,35]",34,SPM002.A0103.SG1.4_10M.oral_gc_rl.tsv.gz
"(35,36]",26,SPM002.A0103.SG1.4_10M.oral_gc_rl.tsv.gz
"(36,37]",19,SPM002.A0103.SG1.4_10M.oral_gc_rl.tsv.gz
"(37,38]",26,SPM002.A0103.SG1.4_10M.oral_gc_rl.tsv.gz
"(38,39]",26,SPM002.A0103.SG1.4_10M.oral_gc_rl.tsv.gz
"(39,40]",25,SPM002.A0103.SG1.4_10M.oral_gc_rl.tsv.gz
"(40,41]",26,SPM002.A0103.SG1.4_10M.oral_gc_rl.tsv.gz
"(41,42]",10,SPM002.A0103.SG1.4_10M.oral_gc_rl.tsv.gz
"(42,43]",23,SPM002.A0103.SG1.4_10M.oral_gc_rl.tsv.gz
"(43,44]",33,SPM002.A0103.SG1.4_10M.oral_gc_rl.tsv.gz
"(44,45]",18,SPM002.A0103.SG1.4_10M.oral_gc_rl.tsv.gz
"(45,46]",20,SPM002.A0103.SG1.4_10M.oral_gc_rl.tsv.gz
"(46,47]",19,SPM002.A0103.SG1.4_10M.oral_gc_rl.tsv.gz
"(47,48]",26,SPM002.A0103.SG1.4_10M.oral_gc_rl.tsv.gz
"(48,49]",14,SPM002.A0103.SG1.4_10M.oral_gc_rl.tsv.gz
"(49,50]",27,SPM002.A0103.SG1.4_10M.oral_gc_rl.tsv.gz
"(50,51]",7,SPM002.A0103.SG1.4_10M.oral_gc_rl.tsv.gz
"(51,52]",7,SPM002.A0103.SG1.4_10M.oral_gc_rl.tsv.gz
"(52,53]",12,SPM002.A0103.SG1.4_10M.oral_gc_rl.tsv.gz
"(53,54]",10,SPM002.A0103.SG1.4_10M.oral_gc_rl.tsv.gz
"(54,55]",11,SPM002.A0103.SG1.4_10M.oral_gc_rl.tsv.gz
"(55,56]",8,SPM002.A0103.SG1.4_10M.oral_gc_rl.tsv.gz
"(56,57]",5,SPM002.A0103.SG1.4_10M.oral_gc_rl.tsv.gz
"(57,58]",10,SPM002.A0103.SG1.4_10M.oral_gc_rl.tsv.gz
"(58,59]",13,SPM002.A0103.SG1.4_10M.oral_gc_rl.tsv.gz
"(59,60]",10,SPM002.A0103.SG1.4_10M.oral_gc_rl.tsv.gz
"(60,61]",9,SPM002.A0103.SG1.4_10M.oral_gc_rl.tsv.gz
"(61,62]",6,SPM002.A0103.SG1.4_10M.oral_gc_rl.tsv.gz
"(62,63]",6,SPM002.A0103.SG1.4_10M.oral_gc_rl.tsv.gz
"(63,64]",8,SPM002.A0103.SG1.4_10M.oral_gc_rl.tsv.gz
"(64,65]",10,SPM002.A0103.SG1.4_10M.oral_gc_rl.tsv.gz
"(65,66]",13,SPM002.A0103.SG1.4_10M.oral_gc_rl.tsv.gz
"(66,67]",7,SPM002.A0103.SG1.4_10M.oral_gc_rl.tsv.gz
"(67,68]",5,SPM002.A0103.SG1.4_10M.oral_gc_rl.tsv.gz
"(68,69]",5,SPM002.A0103.SG1.4_10M.oral_gc_rl.tsv.gz
"(69,70]",7,SPM002.A0103.SG1.4_10M.oral_gc_rl.tsv.gz
"(70,71]",4,SPM002.A0103.SG1.4_10M.oral_gc_rl.tsv.gz
"(71,72]",4,SPM002.A0103.SG1.4_10M.oral_gc_rl.tsv.gz
"(72,73]",1,SPM002.A0103.SG1.4_10M.oral_gc_rl.tsv.gz
"(73,74]",5,SPM002.A0103.SG1.4_10M.oral_gc_rl.tsv.gz
"(74,75]",6,SPM002.A0103.SG1.4_10M.oral_gc_rl.tsv.gz
"(75,76]",1,SPM002.A0103.SG1.4_10M.oral_gc_rl.tsv.gz
"(76,77]",1,SPM002.A0103.SG1.4_10M.oral_gc_rl.tsv.gz
"(77,78]",2,SPM002.A0103.SG1.4_10M.oral_gc_rl.tsv.gz
"(78,79]",2,SPM002.A0103.SG1.4_10M.oral_gc_rl.tsv.gz
"(80,81]",1,SPM002.A0103.SG1.4_10M.oral_gc_rl.tsv.gz
"(12,13]",1,VLD001.A0101.SG1.1_10M.oral_gc_rl.tsv.gz
"(13,14]",3,VLD001.A0101.SG1.1_10M.oral_gc_rl.tsv.gz
"(14,15]",2,VLD001.A0101.SG1.1_10M.oral_gc_rl.tsv.gz
"(15,16]",9,VLD001.A0101.SG1.1_10M.oral_gc_rl.tsv.gz
"(16,17]",19,VLD001.A0101.SG1.1_10M.oral_gc_rl.tsv.gz
"(17,18]",17,VLD001.A0101.SG1.1_10M.oral_gc_rl.tsv.gz
"(18,19]",28,VLD001.A0101.SG1.1_10M.oral_gc_rl.tsv.gz
"(19,20]",63,VLD001.A0101.SG1.1_10M.oral_gc_rl.tsv.gz
"(20,21]",70,VLD001.A0101.SG1.1_10M.oral_gc_rl.tsv.gz
"(21,22]",153,VLD001.A0101.SG1.1_10M.oral_gc_rl.tsv.gz
"(22,23]",195,VLD001.A0101.SG1.1_10M.oral_gc_rl.tsv.gz
"(23,24]",261,VLD001.A0101.SG1.1_10M.oral_gc_rl.tsv.gz
"(24,25]",404,VLD001.A0101.SG1.1_10M.oral_gc_rl.tsv.gz
"(25,26]",312,VLD001.A0101.SG1.1_10M.oral_gc_rl.tsv.gz
"(26,27]",410,VLD001.A0101.SG1.1_10M.oral_gc_rl.tsv.gz
"(27,28]",585,VLD001.A0101.SG1.1_10M.oral_gc_rl.tsv.gz
"(28,29]",687,VLD001.A0101.SG1.1_10M.oral_gc_rl.tsv.gz
"(29,30]",845,VLD001.A0101.SG1.1_10M.oral_gc_rl.tsv.gz
"(30,31]",881,VLD001.A0101.SG1.1_10M.oral_gc_rl.tsv.gz
"(31,32]",1116,VLD001.A0101.SG1.1_10M.oral_gc_rl.tsv.gz
"(32,33]",1243,VLD001.A0101.SG1.1_10M.oral_gc_rl.tsv.gz
"(33,34]",1380,VLD001.A0101.SG1.1_10M.oral_gc_rl.tsv.gz
"(34,35]",1809,VLD001.A0101.SG1.1_10M.oral_gc_rl.tsv.gz
"(35,36]",1915,VLD001.A0101.SG1.1_10M.oral_gc_rl.tsv.gz
"(36,37]",2114,VLD001.A0101.SG1.1_10M.oral_gc_rl.tsv.gz
"(37,38]",2417,VLD001.A0101.SG1.1_10M.oral_gc_rl.tsv.gz
"(38,39]",2725,VLD001.A0101.SG1.1_10M.oral_gc_rl.tsv.gz
"(39,40]",3986,VLD001.A0101.SG1.1_10M.oral_gc_rl.tsv.gz
"(40,41]",2874,VLD001.A0101.SG1.1_10M.oral_gc_rl.tsv.gz
"(41,42]",3945,VLD001.A0101.SG1.1_10M.oral_gc_rl.tsv.gz
"(42,43]",4184,VLD001.A0101.SG1.1_10M.oral_gc_rl.tsv.gz
"(43,44]",5192,VLD001.A0101.SG1.1_10M.oral_gc_rl.tsv.gz
"(44,45]",5572,VLD001.A0101.SG1.1_10M.oral_gc_rl.tsv.gz
"(45,46]",5747,VLD001.A0101.SG1.1_10M.oral_gc_rl.tsv.gz
"(46,47]",6368,VLD001.A0101.SG1.1_10M.oral_gc_rl.tsv.gz
"(47,48]",7748,VLD001.A0101.SG1.1_10M.oral_gc_rl.tsv.gz
"(48,49]",8150,VLD001.A0101.SG1.1_10M.oral_gc_rl.tsv.gz
"(49,50]",12885,VLD001.A0101.SG1.1_10M.oral_gc_rl.tsv.gz
"(50,51]",5230,VLD001.A0101.SG1.1_10M.oral_gc_rl.tsv.gz
"(51,52]",11446,VLD001.A0101.SG1.1_10M.oral_gc_rl.tsv.gz
"(52,53]",12311,VLD001.A0101.SG1.1_10M.oral_gc_rl.tsv.gz
"(53,54]",14554,VLD001.A0101.SG1.1_10M.oral_gc_rl.tsv.gz
"(54,55]",15200,VLD001.A0101.SG1.1_10M.oral_gc_rl.tsv.gz
"(55,56]",16868,VLD001.A0101.SG1.1_10M.oral_gc_rl.tsv.gz
"(56,57]",18488,VLD001.A0101.SG1.1_10M.oral_gc_rl.tsv.gz
"(57,58]",20688,VLD001.A0101.SG1.1_10M.oral_gc_rl.tsv.gz
"(58,59]",20707,VLD001.A0101.SG1.1_10M.oral_gc_rl.tsv.gz
"(59,60]",27294,VLD001.A0101.SG1.1_10M.oral_gc_rl.tsv.gz
"(60,61]",20352,VLD001.A0101.SG1.1_10M.oral_gc_rl.tsv.gz
"(61,62]",25981,VLD001.A0101.SG1.1_10M.oral_gc_rl.tsv.gz
"(62,63]",24253,VLD001.A0101.SG1.1_10M.oral_gc_rl.tsv.gz
"(63,64]",27070,VLD001.A0101.SG1.1_10M.oral_gc_rl.tsv.gz
"(64,65]",26086,VLD001.A0101.SG1.1_10M.oral_gc_rl.tsv.gz
"(65,66]",25451,VLD001.A0101.SG1.1_10M.oral_gc_rl.tsv.gz
"(66,67]",22298,VLD001.A0101.SG1.1_10M.oral_gc_rl.tsv.gz
"(67,68]",24466,VLD001.A0101.SG1.1_10M.oral_gc_rl.tsv.gz
"(68,69]",21730,VLD001.A0101.SG1.1_10M.oral_gc_rl.tsv.gz
"(69,70]",23358,VLD001.A0101.SG1.1_10M.oral_gc_rl.tsv.gz
"(70,71]",17083,VLD001.A0101.SG1.1_10M.oral_gc_rl.tsv.gz
"(71,72]",18585,VLD001.A0101.SG1.1_10M.oral_gc_rl.tsv.gz
"(72,73]",15016,VLD001.A0101.SG1.1_10M.oral_gc_rl.tsv.gz
"(73,74]",13879,VLD001.A0101.SG1.1_10M.oral_gc_rl.tsv.gz
"(74,75]",13147,VLD001.A0101.SG1.1_10M.oral_gc_rl.tsv.gz
"(75,76]",7260,VLD001.A0101.SG1.1_10M.oral_gc_rl.tsv.gz
"(76,77]",7563,VLD001.A0101.SG1.1_10M.oral_gc_rl.tsv.gz
"(77,78]",5989,VLD001.A0101.SG1.1_10M.oral_gc_rl.tsv.gz
"(78,79]",4578,VLD001.A0101.SG1.1_10M.oral_gc_rl.tsv.gz
"(79,80]",3946,VLD001.A0101.SG1.1_10M.oral_gc_rl.tsv.gz
"(80,81]",2093,VLD001.A0101.SG1.1_10M.oral_gc_rl.tsv.gz
"(81,82]",1816,VLD001.A0101.SG1.1_10M.oral_gc_rl.tsv.gz
"(82,83]",1131,VLD001.A0101.SG1.1_10M.oral_gc_rl.tsv.gz
"(83,84]",794,VLD001.A0101.SG1.1_10M.oral_gc_rl.tsv.gz
"(84,85]",547,VLD001.A0101.SG1.1_10M.oral_gc_rl.tsv.gz
"(85,86]",285,VLD001.A0101.SG1.1_10M.oral_gc_rl.tsv.gz
"(86,87]",223,VLD001.A0101.SG1.1_10M.oral_gc_rl.tsv.gz
"(87,88]",106,VLD001.A0101.SG1.1_10M.oral_gc_rl.tsv.gz
"(88,89]",69,VLD001.A0101.SG1.1_10M.oral_gc_rl.tsv.gz
"(89,90]",36,VLD001.A0101.SG1.1_10M.oral_gc_rl.tsv.gz
"(90,91]",18,VLD001.A0101.SG1.1_10M.oral_gc_rl.tsv.gz
"(91,92]",10,VLD001.A0101.SG1.1_10M.oral_gc_rl.tsv.gz
"(92,93]",1,VLD001.A0101.SG1.1_10M.oral_gc_rl.tsv.gz
"(93,94]",2,VLD001.A0101.SG1.1_10M.oral_gc_rl.tsv.gz
"(94,95]",1,VLD001.A0101.SG1.1_10M.oral_gc_rl.tsv.gz
"(6,7]",1,VLD001.A0102.SG1.2_10M.oral_gc_rl.tsv.gz
"(7,8]",2,VLD001.A0102.SG1.2_10M.oral_gc_rl.tsv.gz
"(8,9]",1,VLD001.A0102.SG1.2_10M.oral_gc_rl.tsv.gz
"(9,10]",3,VLD001.A0102.SG1.2_10M.oral_gc_rl.tsv.gz
"(10,11]",10,VLD001.A0102.SG1.2_10M.oral_gc_rl.tsv.gz
"(11,12]",14,VLD001.A0102.SG1.2_10M.oral_gc_rl.tsv.gz
"(12,13]",24,VLD001.A0102.SG1.2_10M.oral_gc_rl.tsv.gz
"(13,14]",33,VLD001.A0102.SG1.2_10M.oral_gc_rl.tsv.gz
"(14,15]",50,VLD001.A0102.SG1.2_10M.oral_gc_rl.tsv.gz
"(15,16]",49,VLD001.A0102.SG1.2_10M.oral_gc_rl.tsv.gz
"(16,17]",61,VLD001.A0102.SG1.2_10M.oral_gc_rl.tsv.gz
"(17,18]",94,VLD001.A0102.SG1.2_10M.oral_gc_rl.tsv.gz
"(18,19]",106,VLD001.A0102.SG1.2_10M.oral_gc_rl.tsv.gz
"(19,20]",172,VLD001.A0102.SG1.2_10M.oral_gc_rl.tsv.gz
"(20,21]",159,VLD001.A0102.SG1.2_10M.oral_gc_rl.tsv.gz
"(21,22]",250,VLD001.A0102.SG1.2_10M.oral_gc_rl.tsv.gz
"(22,23]",238,VLD001.A0102.SG1.2_10M.oral_gc_rl.tsv.gz
"(23,24]",371,VLD001.A0102.SG1.2_10M.oral_gc_rl.tsv.gz
"(24,25]",514,VLD001.A0102.SG1.2_10M.oral_gc_rl.tsv.gz
"(25,26]",331,VLD001.A0102.SG1.2_10M.oral_gc_rl.tsv.gz
"(26,27]",444,VLD001.A0102.SG1.2_10M.oral_gc_rl.tsv.gz
"(27,28]",536,VLD001.A0102.SG1.2_10M.oral_gc_rl.tsv.gz
"(28,29]",584,VLD001.A0102.SG1.2_10M.oral_gc_rl.tsv.gz
"(29,30]",710,VLD001.A0102.SG1.2_10M.oral_gc_rl.tsv.gz
"(30,31]",643,VLD001.A0102.SG1.2_10M.oral_gc_rl.tsv.gz
"(31,32]",834,VLD001.A0102.SG1.2_10M.oral_gc_rl.tsv.gz
"(32,33]",787,VLD001.A0102.SG1.2_10M.oral_gc_rl.tsv.gz
"(33,34]",903,VLD001.A0102.SG1.2_10M.oral_gc_rl.tsv.gz
"(34,35]",1197,VLD001.A0102.SG1.2_10M.oral_gc_rl.tsv.gz
"(35,36]",1099,VLD001.A0102.SG1.2_10M.oral_gc_rl.tsv.gz
"(36,37]",1132,VLD001.A0102.SG1.2_10M.oral_gc_rl.tsv.gz
"(37,38]",1242,VLD001.A0102.SG1.2_10M.oral_gc_rl.tsv.gz
"(38,39]",1310,VLD001.A0102.SG1.2_10M.oral_gc_rl.tsv.gz
"(39,40]",1791,VLD001.A0102.SG1.2_10M.oral_gc_rl.tsv.gz
"(40,41]",1269,VLD001.A0102.SG1.2_10M.oral_gc_rl.tsv.gz
"(41,42]",1703,VLD001.A0102.SG1.2_10M.oral_gc_rl.tsv.gz
"(42,43]",1706,VLD001.A0102.SG1.2_10M.oral_gc_rl.tsv.gz
"(43,44]",2013,VLD001.A0102.SG1.2_10M.oral_gc_rl.tsv.gz
"(44,45]",2086,VLD001.A0102.SG1.2_10M.oral_gc_rl.tsv.gz
"(45,46]",1865,VLD001.A0102.SG1.2_10M.oral_gc_rl.tsv.gz
"(46,47]",2084,VLD001.A0102.SG1.2_10M.oral_gc_rl.tsv.gz
"(47,48]",2435,VLD001.A0102.SG1.2_10M.oral_gc_rl.tsv.gz
"(48,49]",2454,VLD001.A0102.SG1.2_10M.oral_gc_rl.tsv.gz
"(49,50]",3543,VLD001.A0102.SG1.2_10M.oral_gc_rl.tsv.gz
"(50,51]",996,VLD001.A0102.SG1.2_10M.oral_gc_rl.tsv.gz
"(51,52]",3300,VLD001.A0102.SG1.2_10M.oral_gc_rl.tsv.gz
"(52,53]",3174,VLD001.A0102.SG1.2_10M.oral_gc_rl.tsv.gz
"(53,54]",3395,VLD001.A0102.SG1.2_10M.oral_gc_rl.tsv.gz
"(54,55]",3505,VLD001.A0102.SG1.2_10M.oral_gc_rl.tsv.gz
"(55,56]",3642,VLD001.A0102.SG1.2_10M.oral_gc_rl.tsv.gz
"(56,57]",3861,VLD001.A0102.SG1.2_10M.oral_gc_rl.tsv.gz
"(57,58]",4057,VLD001.A0102.SG1.2_10M.oral_gc_rl.tsv.gz
"(58,59]",4093,VLD001.A0102.SG1.2_10M.oral_gc_rl.tsv.gz
"(59,60]",5106,VLD001.A0102.SG1.2_10M.oral_gc_rl.tsv.gz
"(60,61]",3682,VLD001.A0102.SG1.2_10M.oral_gc_rl.tsv.gz
"(61,62]",4511,VLD001.A0102.SG1.2_10M.oral_gc_rl.tsv.gz
"(62,63]",4163,VLD001.A0102.SG1.2_10M.oral_gc_rl.tsv.gz
"(63,64]",4641,VLD001.A0102.SG1.2_10M.oral_gc_rl.tsv.gz
"(64,65]",4634,VLD001.A0102.SG1.2_10M.oral_gc_rl.tsv.gz
"(65,66]",4401,VLD001.A0102.SG1.2_10M.oral_gc_rl.tsv.gz
"(66,67]",3584,VLD001.A0102.SG1.2_10M.oral_gc_rl.tsv.gz
"(67,68]",4009,VLD001.A0102.SG1.2_10M.oral_gc_rl.tsv.gz
"(68,69]",3543,VLD001.A0102.SG1.2_10M.oral_gc_rl.tsv.gz
"(69,70]",4040,VLD001.A0102.SG1.2_10M.oral_gc_rl.tsv.gz
"(70,71]",2726,VLD001.A0102.SG1.2_10M.oral_gc_rl.tsv.gz
"(71,72]",3117,VLD001.A0102.SG1.2_10M.oral_gc_rl.tsv.gz
"(72,73]",2757,VLD001.A0102.SG1.2_10M.oral_gc_rl.tsv.gz
"(73,74]",2374,VLD001.A0102.SG1.2_10M.oral_gc_rl.tsv.gz
"(74,75]",2272,VLD001.A0102.SG1.2_10M.oral_gc_rl.tsv.gz
"(75,76]",1199,VLD001.A0102.SG1.2_10M.oral_gc_rl.tsv.gz
"(76,77]",1450,VLD001.A0102.SG1.2_10M.oral_gc_rl.tsv.gz
"(77,78]",1069,VLD001.A0102.SG1.2_10M.oral_gc_rl.tsv.gz
"(78,79]",894,VLD001.A0102.SG1.2_10M.oral_gc_rl.tsv.gz
"(79,80]",828,VLD001.A0102.SG1.2_10M.oral_gc_rl.tsv.gz
"(80,81]",417,VLD001.A0102.SG1.2_10M.oral_gc_rl.tsv.gz
"(81,82]",418,VLD001.A0102.SG1.2_10M.oral_gc_rl.tsv.gz
"(82,83]",306,VLD001.A0102.SG1.2_10M.oral_gc_rl.tsv.gz
"(83,84]",195,VLD001.A0102.SG1.2_10M.oral_gc_rl.tsv.gz
"(84,85]",155,VLD001.A0102.SG1.2_10M.oral_gc_rl.tsv.gz
"(85,86]",65,VLD001.A0102.SG1.2_10M.oral_gc_rl.tsv.gz
"(86,87]",54,VLD001.A0102.SG1.2_10M.oral_gc_rl.tsv.gz
"(87,88]",25,VLD001.A0102.SG1.2_10M.oral_gc_rl.tsv.gz
"(88,89]",19,VLD001.A0102.SG1.2_10M.oral_gc_rl.tsv.gz
"(89,90]",14,VLD001.A0102.SG1.2_10M.oral_gc_rl.tsv.gz
"(90,91]",5,VLD001.A0102.SG1.2_10M.oral_gc_rl.tsv.gz
"(91,92]",2,VLD001.A0102.SG1.2_10M.oral_gc_rl.tsv.gz
"(92,93]",1,VLD001.A0102.SG1.2_10M.oral_gc_rl.tsv.gz
"(15,16]",2,ZAF001.A0101.SG1.1_10M.oral_gc_rl.tsv.gz
"(17,18]",5,ZAF001.A0101.SG1.1_10M.oral_gc_rl.tsv.gz
"(18,19]",8,ZAF001.A0101.SG1.1_10M.oral_gc_rl.tsv.gz
"(19,20]",13,ZAF001.A0101.SG1.1_10M.oral_gc_rl.tsv.gz
"(20,21]",10,ZAF001.A0101.SG1.1_10M.oral_gc_rl.tsv.gz
"(21,22]",20,ZAF001.A0101.SG1.1_10M.oral_gc_rl.tsv.gz
"(22,23]",31,ZAF001.A0101.SG1.1_10M.oral_gc_rl.tsv.gz
"(23,24]",37,ZAF001.A0101.SG1.1_10M.oral_gc_rl.tsv.gz
"(24,25]",88,ZAF001.A0101.SG1.1_10M.oral_gc_rl.tsv.gz
"(25,26]",61,ZAF001.A0101.SG1.1_10M.oral_gc_rl.tsv.gz
"(26,27]",134,ZAF001.A0101.SG1.1_10M.oral_gc_rl.tsv.gz
"(27,28]",146,ZAF001.A0101.SG1.1_10M.oral_gc_rl.tsv.gz
"(28,29]",171,ZAF001.A0101.SG1.1_10M.oral_gc_rl.tsv.gz
"(29,30]",209,ZAF001.A0101.SG1.1_10M.oral_gc_rl.tsv.gz
"(30,31]",215,ZAF001.A0101.SG1.1_10M.oral_gc_rl.tsv.gz
"(31,32]",282,ZAF001.A0101.SG1.1_10M.oral_gc_rl.tsv.gz
"(32,33]",319,ZAF001.A0101.SG1.1_10M.oral_gc_rl.tsv.gz
"(33,34]",302,ZAF001.A0101.SG1.1_10M.oral_gc_rl.tsv.gz
"(34,35]",417,ZAF001.A0101.SG1.1_10M.oral_gc_rl.tsv.gz
"(35,36]",396,ZAF001.A0101.SG1.1_10M.oral_gc_rl.tsv.gz
"(36,37]",435,ZAF001.A0101.SG1.1_10M.oral_gc_rl.tsv.gz
"(37,38]",471,ZAF001.A0101.SG1.1_10M.oral_gc_rl.tsv.gz
"(38,39]",516,ZAF001.A0101.SG1.1_10M.oral_gc_rl.tsv.gz
"(39,40]",695,ZAF001.A0101.SG1.1_10M.oral_gc_rl.tsv.gz
"(40,41]",520,ZAF001.A0101.SG1.1_10M.oral_gc_rl.tsv.gz
"(41,42]",624,ZAF001.A0101.SG1.1_10M.oral_gc_rl.tsv.gz
"(42,43]",676,ZAF001.A0101.SG1.1_10M.oral_gc_rl.tsv.gz
"(43,44]",725,ZAF001.A0101.SG1.1_10M.oral_gc_rl.tsv.gz
"(44,45]",738,ZAF001.A0101.SG1.1_10M.oral_gc_rl.tsv.gz
"(45,46]",684,ZAF001.A0101.SG1.1_10M.oral_gc_rl.tsv.gz
"(46,47]",796,ZAF001.A0101.SG1.1_10M.oral_gc_rl.tsv.gz
"(47,48]",749,ZAF001.A0101.SG1.1_10M.oral_gc_rl.tsv.gz
"(48,49]",715,ZAF001.A0101.SG1.1_10M.oral_gc_rl.tsv.gz
"(49,50]",892,ZAF001.A0101.SG1.1_10M.oral_gc_rl.tsv.gz
"(50,51]",382,ZAF001.A0101.SG1.1_10M.oral_gc_rl.tsv.gz
"(51,52]",787,ZAF001.A0101.SG1.1_10M.oral_gc_rl.tsv.gz
"(52,53]",711,ZAF001.A0101.SG1.1_10M.oral_gc_rl.tsv.gz
"(53,54]",701,ZAF001.A0101.SG1.1_10M.oral_gc_rl.tsv.gz
"(54,55]",672,ZAF001.A0101.SG1.1_10M.oral_gc_rl.tsv.gz
"(55,56]",679,ZAF001.A0101.SG1.1_10M.oral_gc_rl.tsv.gz
"(56,57]",731,ZAF001.A0101.SG1.1_10M.oral_gc_rl.tsv.gz
"(57,58]",874,ZAF001.A0101.SG1.1_10M.oral_gc_rl.tsv.gz
"(58,59]",736,ZAF001.A0101.SG1.1_10M.oral_gc_rl.tsv.gz
"(59,60]",899,ZAF001.A0101.SG1.1_10M.oral_gc_rl.tsv.gz
"(60,61]",683,ZAF001.A0101.SG1.1_10M.oral_gc_rl.tsv.gz
"(61,62]",819,ZAF001.A0101.SG1.1_10M.oral_gc_rl.tsv.gz
"(62,63]",741,ZAF001.A0101.SG1.1_10M.oral_gc_rl.tsv.gz
"(63,64]",957,ZAF001.A0101.SG1.1_10M.oral_gc_rl.tsv.gz
"(64,65]",838,ZAF001.A0101.SG1.1_10M.oral_gc_rl.tsv.gz
"(65,66]",923,ZAF001.A0101.SG1.1_10M.oral_gc_rl.tsv.gz
"(66,67]",744,ZAF001.A0101.SG1.1_10M.oral_gc_rl.tsv.gz
"(67,68]",845,ZAF001.A0101.SG1.1_10M.oral_gc_rl.tsv.gz
"(68,69]",833,ZAF001.A0101.SG1.1_10M.oral_gc_rl.tsv.gz
"(69,70]",832,ZAF001.A0101.SG1.1_10M.oral_gc_rl.tsv.gz
"(70,71]",621,ZAF001.A0101.SG1.1_10M.oral_gc_rl.tsv.gz
"(71,72]",716,ZAF001.A0101.SG1.1_10M.oral_gc_rl.tsv.gz
"(72,73]",518,ZAF001.A0101.SG1.1_10M.oral_gc_rl.tsv.gz
"(73,74]",549,ZAF001.A0101.SG1.1_10M.oral_gc_rl.tsv.gz
"(74,75]",468,ZAF001.A0101.SG1.1_10M.oral_gc_rl.tsv.gz
"(75,76]",253,ZAF001.A0101.SG1.1_10M.oral_gc_rl.tsv.gz
"(76,77]",323,ZAF001.A0101.SG1.1_10M.oral_gc_rl.tsv.gz
"(77,78]",213,ZAF001.A0101.SG1.1_10M.oral_gc_rl.tsv.gz
"(78,79]",199,ZAF001.A0101.SG1.1_10M.oral_gc_rl.tsv.gz
"(79,80]",154,ZAF001.A0101.SG1.1_10M.oral_gc_rl.tsv.gz
"(80,81]",69,ZAF001.A0101.SG1.1_10M.oral_gc_rl.tsv.gz
"(81,82]",84,ZAF001.A0101.SG1.1_10M.oral_gc_rl.tsv.gz
"(82,83]",54,ZAF001.A0101.SG1.1_10M.oral_gc_rl.tsv.gz
"(83,84]",33,ZAF001.A0101.SG1.1_10M.oral_gc_rl.tsv.gz
"(84,85]",10,ZAF001.A0101.SG1.1_10M.oral_gc_rl.tsv.gz
"(85,86]",3,ZAF001.A0101.SG1.1_10M.oral_gc_rl.tsv.gz
"(86,87]",8,ZAF001.A0101.SG1.1_10M.oral_gc_rl.tsv.gz
"(88,89]",4,ZAF001.A0101.SG1.1_10M.oral_gc_rl.tsv.gz
"(8,9]",1,ZAF001.A0103.SG1.4_10M.oral_gc_rl.tsv.gz
"(10,11]",4,ZAF001.A0103.SG1.4_10M.oral_gc_rl.tsv.gz
"(11,12]",1,ZAF001.A0103.SG1.4_10M.oral_gc_rl.tsv.gz
"(12,13]",8,ZAF001.A0103.SG1.4_10M.oral_gc_rl.tsv.gz
"(13,14]",1,ZAF001.A0103.SG1.4_10M.oral_gc_rl.tsv.gz
"(14,15]",7,ZAF001.A0103.SG1.4_10M.oral_gc_rl.tsv.gz
"(15,16]",14,ZAF001.A0103.SG1.4_10M.oral_gc_rl.tsv.gz
"(16,17]",16,ZAF001.A0103.SG1.4_10M.oral_gc_rl.tsv.gz
"(17,18]",18,ZAF001.A0103.SG1.4_10M.oral_gc_rl.tsv.gz
"(18,19]",24,ZAF001.A0103.SG1.4_10M.oral_gc_rl.tsv.gz
"(19,20]",36,ZAF001.A0103.SG1.4_10M.oral_gc_rl.tsv.gz
"(20,21]",26,ZAF001.A0103.SG1.4_10M.oral_gc_rl.tsv.gz
"(21,22]",39,ZAF001.A0103.SG1.4_10M.oral_gc_rl.tsv.gz
"(22,23]",36,ZAF001.A0103.SG1.4_10M.oral_gc_rl.tsv.gz
"(23,24]",61,ZAF001.A0103.SG1.4_10M.oral_gc_rl.tsv.gz
"(24,25]",66,ZAF001.A0103.SG1.4_10M.oral_gc_rl.tsv.gz
"(25,26]",56,ZAF001.A0103.SG1.4_10M.oral_gc_rl.tsv.gz
"(26,27]",94,ZAF001.A0103.SG1.4_10M.oral_gc_rl.tsv.gz
"(27,28]",93,ZAF001.A0103.SG1.4_10M.oral_gc_rl.tsv.gz
"(28,29]",88,ZAF001.A0103.SG1.4_10M.oral_gc_rl.tsv.gz
"(29,30]",117,ZAF001.A0103.SG1.4_10M.oral_gc_rl.tsv.gz
"(30,31]",117,ZAF001.A0103.SG1.4_10M.oral_gc_rl.tsv.gz
"(31,32]",122,ZAF001.A0103.SG1.4_10M.oral_gc_rl.tsv.gz
"(32,33]",99,ZAF001.A0103.SG1.4_10M.oral_gc_rl.tsv.gz
"(33,34]",119,ZAF001.A0103.SG1.4_10M.oral_gc_rl.tsv.gz
"(34,35]",135,ZAF001.A0103.SG1.4_10M.oral_gc_rl.tsv.gz
"(35,36]",142,ZAF001.A0103.SG1.4_10M.oral_gc_rl.tsv.gz
"(36,37]",135,ZAF001.A0103.SG1.4_10M.oral_gc_rl.tsv.gz
"(37,38]",155,ZAF001.A0103.SG1.4_10M.oral_gc_rl.tsv.gz
"(38,39]",155,ZAF001.A0103.SG1.4_10M.oral_gc_rl.tsv.gz
"(39,40]",198,ZAF001.A0103.SG1.4_10M.oral_gc_rl.tsv.gz
"(40,41]",158,ZAF001.A0103.SG1.4_10M.oral_gc_rl.tsv.gz
"(41,42]",153,ZAF001.A0103.SG1.4_10M.oral_gc_rl.tsv.gz
"(42,43]",141,ZAF001.A0103.SG1.4_10M.oral_gc_rl.tsv.gz
"(43,44]",160,ZAF001.A0103.SG1.4_10M.oral_gc_rl.tsv.gz
"(44,45]",172,ZAF001.A0103.SG1.4_10M.oral_gc_rl.tsv.gz
"(45,46]",140,ZAF001.A0103.SG1.4_10M.oral_gc_rl.tsv.gz
"(46,47]",134,ZAF001.A0103.SG1.4_10M.oral_gc_rl.tsv.gz
"(47,48]",135,ZAF001.A0103.SG1.4_10M.oral_gc_rl.tsv.gz
"(48,49]",134,ZAF001.A0103.SG1.4_10M.oral_gc_rl.tsv.gz
"(49,50]",167,ZAF001.A0103.SG1.4_10M.oral_gc_rl.tsv.gz
"(50,51]",34,ZAF001.A0103.SG1.4_10M.oral_gc_rl.tsv.gz
"(51,52]",110,ZAF001.A0103.SG1.4_10M.oral_gc_rl.tsv.gz
"(52,53]",103,ZAF001.A0103.SG1.4_10M.oral_gc_rl.tsv.gz
"(53,54]",104,ZAF001.A0103.SG1.4_10M.oral_gc_rl.tsv.gz
"(54,55]",92,ZAF001.A0103.SG1.4_10M.oral_gc_rl.tsv.gz
"(55,56]",114,ZAF001.A0103.SG1.4_10M.oral_gc_rl.tsv.gz
"(56,57]",116,ZAF001.A0103.SG1.4_10M.oral_gc_rl.tsv.gz
"(57,58]",101,ZAF001.A0103.SG1.4_10M.oral_gc_rl.tsv.gz
"(58,59]",96,ZAF001.A0103.SG1.4_10M.oral_gc_rl.tsv.gz
"(59,60]",110,ZAF001.A0103.SG1.4_10M.oral_gc_rl.tsv.gz
"(60,61]",77,ZAF001.A0103.SG1.4_10M.oral_gc_rl.tsv.gz
"(61,62]",90,ZAF001.A0103.SG1.4_10M.oral_gc_rl.tsv.gz
"(62,63]",75,ZAF001.A0103.SG1.4_10M.oral_gc_rl.tsv.gz
"(63,64]",132,ZAF001.A0103.SG1.4_10M.oral_gc_rl.tsv.gz
"(64,65]",97,ZAF001.A0103.SG1.4_10M.oral_gc_rl.tsv.gz
"(65,66]",76,ZAF001.A0103.SG1.4_10M.oral_gc_rl.tsv.gz
"(66,67]",99,ZAF001.A0103.SG1.4_10M.oral_gc_rl.tsv.gz
"(67,68]",79,ZAF001.A0103.SG1.4_10M.oral_gc_rl.tsv.gz
"(68,69]",77,ZAF001.A0103.SG1.4_10M.oral_gc_rl.tsv.gz
"(69,70]",89,ZAF001.A0103.SG1.4_10M.oral_gc_rl.tsv.gz
"(70,71]",62,ZAF001.A0103.SG1.4_10M.oral_gc_rl.tsv.gz
"(71,72]",64,ZAF001.A0103.SG1.4_10M.oral_gc_rl.tsv.gz
"(72,73]",67,ZAF001.A0103.SG1.4_10M.oral_gc_rl.tsv.gz
"(73,74]",56,ZAF001.A0103.SG1.4_10M.oral_gc_rl.tsv.gz
"(74,75]",48,ZAF001.A0103.SG1.4_10M.oral_gc_rl.tsv.gz
"(75,76]",27,ZAF001.A0103.SG1.4_10M.oral_gc_rl.tsv.gz
"(76,77]",33,ZAF001.A0103.SG1.4_10M.oral_gc_rl.tsv.gz
"(77,78]",29,ZAF001.A0103.SG1.4_10M.oral_gc_rl.tsv.gz
"(78,79]",26,ZAF001.A0103.SG1.4_10M.oral_gc_rl.tsv.gz
"(79,80]",17,ZAF001.A0103.SG1.4_10M.oral_gc_rl.tsv.gz
"(80,81]",9,ZAF001.A0103.SG1.4_10M.oral_gc_rl.tsv.gz
"(81,82]",16,ZAF001.A0103.SG1.4_10M.oral_gc_rl.tsv.gz
"(82,83]",3,ZAF001.A0103.SG1.4_10M.oral_gc_rl.tsv.gz
"(83,84]",3,ZAF001.A0103.SG1.4_10M.oral_gc_rl.tsv.gz
"(84,85]",2,ZAF001.A0103.SG1.4_10M.oral_gc_rl.tsv.gz
"(85,86]",1,ZAF001.A0103.SG1.4_10M.oral_gc_rl.tsv.gz
"(86,87]",4,ZAF001.A0103.SG1.4_10M.oral_gc_rl.tsv.gz
"(88,89]",1,ZAF001.A0103.SG1.4_10M.oral_gc_rl.tsv.gz
