gc_bin,counts_gc,Study
"(5,6]",2,BAN001.A0101.10M_raw_R1_gc_rl.tsv.gz
"(6,7]",5,BAN001.A0101.10M_raw_R1_gc_rl.tsv.gz
"(7,8]",10,BAN001.A0101.10M_raw_R1_gc_rl.tsv.gz
"(9,10]",26,BAN001.A0101.10M_raw_R1_gc_rl.tsv.gz
"(10,11]",41,BAN001.A0101.10M_raw_R1_gc_rl.tsv.gz
"(11,12]",84,BAN001.A0101.10M_raw_R1_gc_rl.tsv.gz
"(13,14]",171,BAN001.A0101.10M_raw_R1_gc_rl.tsv.gz
"(14,15]",296,BAN001.A0101.10M_raw_R1_gc_rl.tsv.gz
"(15,16]",748,BAN001.A0101.10M_raw_R1_gc_rl.tsv.gz
"(16,17]",2,BAN001.A0101.10M_raw_R1_gc_rl.tsv.gz
"(17,18]",1355,BAN001.A0101.10M_raw_R1_gc_rl.tsv.gz
"(18,19]",2488,BAN001.A0101.10M_raw_R1_gc_rl.tsv.gz
"(19,20]",4216,BAN001.A0101.10M_raw_R1_gc_rl.tsv.gz
"(20,21]",4,BAN001.A0101.10M_raw_R1_gc_rl.tsv.gz
"(21,22]",7276,BAN001.A0101.10M_raw_R1_gc_rl.tsv.gz
"(22,23]",10644,BAN001.A0101.10M_raw_R1_gc_rl.tsv.gz
"(23,24]",13794,BAN001.A0101.10M_raw_R1_gc_rl.tsv.gz
"(24,25]",18420,BAN001.A0101.10M_raw_R1_gc_rl.tsv.gz
"(25,26]",13,BAN001.A0101.10M_raw_R1_gc_rl.tsv.gz
"(26,27]",23507,BAN001.A0101.10M_raw_R1_gc_rl.tsv.gz
"(27,28]",29360,BAN001.A0101.10M_raw_R1_gc_rl.tsv.gz
"(28,29]",35575,BAN001.A0101.10M_raw_R1_gc_rl.tsv.gz
"(29,30]",40,BAN001.A0101.10M_raw_R1_gc_rl.tsv.gz
"(30,31]",43593,BAN001.A0101.10M_raw_R1_gc_rl.tsv.gz
"(31,32]",54307,BAN001.A0101.10M_raw_R1_gc_rl.tsv.gz
"(32,33]",68448,BAN001.A0101.10M_raw_R1_gc_rl.tsv.gz
"(33,34]",78,BAN001.A0101.10M_raw_R1_gc_rl.tsv.gz
"(34,35]",86572,BAN001.A0101.10M_raw_R1_gc_rl.tsv.gz
"(35,36]",108075,BAN001.A0101.10M_raw_R1_gc_rl.tsv.gz
"(36,37]",135320,BAN001.A0101.10M_raw_R1_gc_rl.tsv.gz
"(37,38]",188,BAN001.A0101.10M_raw_R1_gc_rl.tsv.gz
"(38,39]",168341,BAN001.A0101.10M_raw_R1_gc_rl.tsv.gz
"(39,40]",207810,BAN001.A0101.10M_raw_R1_gc_rl.tsv.gz
"(40,41]",254410,BAN001.A0101.10M_raw_R1_gc_rl.tsv.gz
"(41,42]",388,BAN001.A0101.10M_raw_R1_gc_rl.tsv.gz
"(42,43]",309406,BAN001.A0101.10M_raw_R1_gc_rl.tsv.gz
"(43,44]",374692,BAN001.A0101.10M_raw_R1_gc_rl.tsv.gz
"(44,45]",447594,BAN001.A0101.10M_raw_R1_gc_rl.tsv.gz
"(45,46]",784,BAN001.A0101.10M_raw_R1_gc_rl.tsv.gz
"(46,47]",528927,BAN001.A0101.10M_raw_R1_gc_rl.tsv.gz
"(47,48]",611840,BAN001.A0101.10M_raw_R1_gc_rl.tsv.gz
"(48,49]",690287,BAN001.A0101.10M_raw_R1_gc_rl.tsv.gz
"(49,50]",754152,BAN001.A0101.10M_raw_R1_gc_rl.tsv.gz
"(50,51]",1200,BAN001.A0101.10M_raw_R1_gc_rl.tsv.gz
"(51,52]",795636,BAN001.A0101.10M_raw_R1_gc_rl.tsv.gz
"(52,53]",797360,BAN001.A0101.10M_raw_R1_gc_rl.tsv.gz
"(53,54]",754783,BAN001.A0101.10M_raw_R1_gc_rl.tsv.gz
"(54,55]",979,BAN001.A0101.10M_raw_R1_gc_rl.tsv.gz
"(55,56]",667206,BAN001.A0101.10M_raw_R1_gc_rl.tsv.gz
"(56,57]",554491,BAN001.A0101.10M_raw_R1_gc_rl.tsv.gz
"(57,58]",436836,BAN001.A0101.10M_raw_R1_gc_rl.tsv.gz
"(58,59]",411,BAN001.A0101.10M_raw_R1_gc_rl.tsv.gz
"(59,60]",323055,BAN001.A0101.10M_raw_R1_gc_rl.tsv.gz
"(60,61]",227664,BAN001.A0101.10M_raw_R1_gc_rl.tsv.gz
"(61,62]",155284,BAN001.A0101.10M_raw_R1_gc_rl.tsv.gz
"(62,63]",101,BAN001.A0101.10M_raw_R1_gc_rl.tsv.gz
"(63,64]",102201,BAN001.A0101.10M_raw_R1_gc_rl.tsv.gz
"(64,65]",66051,BAN001.A0101.10M_raw_R1_gc_rl.tsv.gz
"(65,66]",43058,BAN001.A0101.10M_raw_R1_gc_rl.tsv.gz
"(66,67]",30,BAN001.A0101.10M_raw_R1_gc_rl.tsv.gz
"(67,68]",27315,BAN001.A0101.10M_raw_R1_gc_rl.tsv.gz
"(68,69]",17813,BAN001.A0101.10M_raw_R1_gc_rl.tsv.gz
"(69,70]",11575,BAN001.A0101.10M_raw_R1_gc_rl.tsv.gz
"(70,71]",6,BAN001.A0101.10M_raw_R1_gc_rl.tsv.gz
"(71,72]",7544,BAN001.A0101.10M_raw_R1_gc_rl.tsv.gz
"(72,73]",4806,BAN001.A0101.10M_raw_R1_gc_rl.tsv.gz
"(73,74]",3194,BAN001.A0101.10M_raw_R1_gc_rl.tsv.gz
"(74,75]",2060,BAN001.A0101.10M_raw_R1_gc_rl.tsv.gz
"(76,77]",1397,BAN001.A0101.10M_raw_R1_gc_rl.tsv.gz
"(77,78]",925,BAN001.A0101.10M_raw_R1_gc_rl.tsv.gz
"(78,79]",674,BAN001.A0101.10M_raw_R1_gc_rl.tsv.gz
"(80,81]",454,BAN001.A0101.10M_raw_R1_gc_rl.tsv.gz
"(81,82]",314,BAN001.A0101.10M_raw_R1_gc_rl.tsv.gz
"(82,83]",218,BAN001.A0101.10M_raw_R1_gc_rl.tsv.gz
"(84,85]",151,BAN001.A0101.10M_raw_R1_gc_rl.tsv.gz
"(85,86]",103,BAN001.A0101.10M_raw_R1_gc_rl.tsv.gz
"(86,87]",108,BAN001.A0101.10M_raw_R1_gc_rl.tsv.gz
"(88,89]",68,BAN001.A0101.10M_raw_R1_gc_rl.tsv.gz
"(89,90]",57,BAN001.A0101.10M_raw_R1_gc_rl.tsv.gz
"(90,91]",61,BAN001.A0101.10M_raw_R1_gc_rl.tsv.gz
"(92,93]",65,BAN001.A0101.10M_raw_R1_gc_rl.tsv.gz
"(93,94]",236,BAN001.A0101.10M_raw_R1_gc_rl.tsv.gz
"(94,95]",255,BAN001.A0101.10M_raw_R1_gc_rl.tsv.gz
"(96,97]",155,BAN001.A0101.10M_raw_R1_gc_rl.tsv.gz
"(97,98]",101,BAN001.A0101.10M_raw_R1_gc_rl.tsv.gz
"(98,99]",442,BAN001.A0101.10M_raw_R1_gc_rl.tsv.gz
"(99,100]",268,BAN001.A0101.10M_raw_R1_gc_rl.tsv.gz
"[0,1]",4,BAN001.A0102.SG1.4.10M_raw_R1_gc_rl.tsv.gz
"(1,2]",3,BAN001.A0102.SG1.4.10M_raw_R1_gc_rl.tsv.gz
"(2,3]",3,BAN001.A0102.SG1.4.10M_raw_R1_gc_rl.tsv.gz
"(3,4]",30,BAN001.A0102.SG1.4.10M_raw_R1_gc_rl.tsv.gz
"(5,6]",42,BAN001.A0102.SG1.4.10M_raw_R1_gc_rl.tsv.gz
"(6,7]",96,BAN001.A0102.SG1.4.10M_raw_R1_gc_rl.tsv.gz
"(7,8]",207,BAN001.A0102.SG1.4.10M_raw_R1_gc_rl.tsv.gz
"(9,10]",408,BAN001.A0102.SG1.4.10M_raw_R1_gc_rl.tsv.gz
"(10,11]",596,BAN001.A0102.SG1.4.10M_raw_R1_gc_rl.tsv.gz
"(11,12]",1074,BAN001.A0102.SG1.4.10M_raw_R1_gc_rl.tsv.gz
"(13,14]",1625,BAN001.A0102.SG1.4.10M_raw_R1_gc_rl.tsv.gz
"(14,15]",2118,BAN001.A0102.SG1.4.10M_raw_R1_gc_rl.tsv.gz
"(15,16]",3141,BAN001.A0102.SG1.4.10M_raw_R1_gc_rl.tsv.gz
"(16,17]",1,BAN001.A0102.SG1.4.10M_raw_R1_gc_rl.tsv.gz
"(17,18]",4278,BAN001.A0102.SG1.4.10M_raw_R1_gc_rl.tsv.gz
"(18,19]",5336,BAN001.A0102.SG1.4.10M_raw_R1_gc_rl.tsv.gz
"(19,20]",6502,BAN001.A0102.SG1.4.10M_raw_R1_gc_rl.tsv.gz
"(20,21]",3,BAN001.A0102.SG1.4.10M_raw_R1_gc_rl.tsv.gz
"(21,22]",8163,BAN001.A0102.SG1.4.10M_raw_R1_gc_rl.tsv.gz
"(22,23]",10117,BAN001.A0102.SG1.4.10M_raw_R1_gc_rl.tsv.gz
"(23,24]",11823,BAN001.A0102.SG1.4.10M_raw_R1_gc_rl.tsv.gz
"(24,25]",14140,BAN001.A0102.SG1.4.10M_raw_R1_gc_rl.tsv.gz
"(25,26]",2,BAN001.A0102.SG1.4.10M_raw_R1_gc_rl.tsv.gz
"(26,27]",16674,BAN001.A0102.SG1.4.10M_raw_R1_gc_rl.tsv.gz
"(27,28]",20021,BAN001.A0102.SG1.4.10M_raw_R1_gc_rl.tsv.gz
"(28,29]",23676,BAN001.A0102.SG1.4.10M_raw_R1_gc_rl.tsv.gz
"(29,30]",5,BAN001.A0102.SG1.4.10M_raw_R1_gc_rl.tsv.gz
"(30,31]",27894,BAN001.A0102.SG1.4.10M_raw_R1_gc_rl.tsv.gz
"(31,32]",33178,BAN001.A0102.SG1.4.10M_raw_R1_gc_rl.tsv.gz
"(32,33]",40245,BAN001.A0102.SG1.4.10M_raw_R1_gc_rl.tsv.gz
"(33,34]",15,BAN001.A0102.SG1.4.10M_raw_R1_gc_rl.tsv.gz
"(34,35]",48702,BAN001.A0102.SG1.4.10M_raw_R1_gc_rl.tsv.gz
"(35,36]",58946,BAN001.A0102.SG1.4.10M_raw_R1_gc_rl.tsv.gz
"(36,37]",73321,BAN001.A0102.SG1.4.10M_raw_R1_gc_rl.tsv.gz
"(37,38]",24,BAN001.A0102.SG1.4.10M_raw_R1_gc_rl.tsv.gz
"(38,39]",90917,BAN001.A0102.SG1.4.10M_raw_R1_gc_rl.tsv.gz
"(39,40]",114156,BAN001.A0102.SG1.4.10M_raw_R1_gc_rl.tsv.gz
"(40,41]",143009,BAN001.A0102.SG1.4.10M_raw_R1_gc_rl.tsv.gz
"(41,42]",59,BAN001.A0102.SG1.4.10M_raw_R1_gc_rl.tsv.gz
"(42,43]",178587,BAN001.A0102.SG1.4.10M_raw_R1_gc_rl.tsv.gz
"(43,44]",224297,BAN001.A0102.SG1.4.10M_raw_R1_gc_rl.tsv.gz
"(44,45]",285438,BAN001.A0102.SG1.4.10M_raw_R1_gc_rl.tsv.gz
"(45,46]",110,BAN001.A0102.SG1.4.10M_raw_R1_gc_rl.tsv.gz
"(46,47]",412027,BAN001.A0102.SG1.4.10M_raw_R1_gc_rl.tsv.gz
"(47,48]",482105,BAN001.A0102.SG1.4.10M_raw_R1_gc_rl.tsv.gz
"(48,49]",570976,BAN001.A0102.SG1.4.10M_raw_R1_gc_rl.tsv.gz
"(49,50]",800123,BAN001.A0102.SG1.4.10M_raw_R1_gc_rl.tsv.gz
"(50,51]",350,BAN001.A0102.SG1.4.10M_raw_R1_gc_rl.tsv.gz
"(51,52]",1207430,BAN001.A0102.SG1.4.10M_raw_R1_gc_rl.tsv.gz
"(52,53]",1672683,BAN001.A0102.SG1.4.10M_raw_R1_gc_rl.tsv.gz
"(53,54]",1465365,BAN001.A0102.SG1.4.10M_raw_R1_gc_rl.tsv.gz
"(54,55]",404,BAN001.A0102.SG1.4.10M_raw_R1_gc_rl.tsv.gz
"(55,56]",877757,BAN001.A0102.SG1.4.10M_raw_R1_gc_rl.tsv.gz
"(56,57]",480947,BAN001.A0102.SG1.4.10M_raw_R1_gc_rl.tsv.gz
"(57,58]",267463,BAN001.A0102.SG1.4.10M_raw_R1_gc_rl.tsv.gz
"(58,59]",54,BAN001.A0102.SG1.4.10M_raw_R1_gc_rl.tsv.gz
"(59,60]",146726,BAN001.A0102.SG1.4.10M_raw_R1_gc_rl.tsv.gz
"(60,61]",77323,BAN001.A0102.SG1.4.10M_raw_R1_gc_rl.tsv.gz
"(61,62]",41025,BAN001.A0102.SG1.4.10M_raw_R1_gc_rl.tsv.gz
"(62,63]",18,BAN001.A0102.SG1.4.10M_raw_R1_gc_rl.tsv.gz
"(63,64]",21752,BAN001.A0102.SG1.4.10M_raw_R1_gc_rl.tsv.gz
"(64,65]",11687,BAN001.A0102.SG1.4.10M_raw_R1_gc_rl.tsv.gz
"(65,66]",6364,BAN001.A0102.SG1.4.10M_raw_R1_gc_rl.tsv.gz
"(66,67]",4,BAN001.A0102.SG1.4.10M_raw_R1_gc_rl.tsv.gz
"(67,68]",3459,BAN001.A0102.SG1.4.10M_raw_R1_gc_rl.tsv.gz
"(68,69]",2025,BAN001.A0102.SG1.4.10M_raw_R1_gc_rl.tsv.gz
"(69,70]",1148,BAN001.A0102.SG1.4.10M_raw_R1_gc_rl.tsv.gz
"(71,72]",732,BAN001.A0102.SG1.4.10M_raw_R1_gc_rl.tsv.gz
"(72,73]",367,BAN001.A0102.SG1.4.10M_raw_R1_gc_rl.tsv.gz
"(73,74]",247,BAN001.A0102.SG1.4.10M_raw_R1_gc_rl.tsv.gz
"(74,75]",113,BAN001.A0102.SG1.4.10M_raw_R1_gc_rl.tsv.gz
"(76,77]",74,BAN001.A0102.SG1.4.10M_raw_R1_gc_rl.tsv.gz
"(77,78]",40,BAN001.A0102.SG1.4.10M_raw_R1_gc_rl.tsv.gz
"(78,79]",21,BAN001.A0102.SG1.4.10M_raw_R1_gc_rl.tsv.gz
"(80,81]",19,BAN001.A0102.SG1.4.10M_raw_R1_gc_rl.tsv.gz
"(81,82]",13,BAN001.A0102.SG1.4.10M_raw_R1_gc_rl.tsv.gz
"(82,83]",17,BAN001.A0102.SG1.4.10M_raw_R1_gc_rl.tsv.gz
"(84,85]",21,BAN001.A0102.SG1.4.10M_raw_R1_gc_rl.tsv.gz
"(85,86]",11,BAN001.A0102.SG1.4.10M_raw_R1_gc_rl.tsv.gz
"(86,87]",7,BAN001.A0102.SG1.4.10M_raw_R1_gc_rl.tsv.gz
"(88,89]",13,BAN001.A0102.SG1.4.10M_raw_R1_gc_rl.tsv.gz
"(89,90]",17,BAN001.A0102.SG1.4.10M_raw_R1_gc_rl.tsv.gz
"(90,91]",11,BAN001.A0102.SG1.4.10M_raw_R1_gc_rl.tsv.gz
"(92,93]",6,BAN001.A0102.SG1.4.10M_raw_R1_gc_rl.tsv.gz
"(93,94]",28,BAN001.A0102.SG1.4.10M_raw_R1_gc_rl.tsv.gz
"(94,95]",15,BAN001.A0102.SG1.4.10M_raw_R1_gc_rl.tsv.gz
"(96,97]",9,BAN001.A0102.SG1.4.10M_raw_R1_gc_rl.tsv.gz
"(97,98]",14,BAN001.A0102.SG1.4.10M_raw_R1_gc_rl.tsv.gz
"(98,99]",3,BAN001.A0102.SG1.4.10M_raw_R1_gc_rl.tsv.gz
"(99,100]",1,BAN001.A0102.SG1.4.10M_raw_R1_gc_rl.tsv.gz
"(10,11]",2,CDM019.A0101.10M_raw_R1_gc_rl.tsv.gz
"(11,12]",1,CDM019.A0101.10M_raw_R1_gc_rl.tsv.gz
"(13,14]",9,CDM019.A0101.10M_raw_R1_gc_rl.tsv.gz
"(14,15]",19,CDM019.A0101.10M_raw_R1_gc_rl.tsv.gz
"(15,16]",48,CDM019.A0101.10M_raw_R1_gc_rl.tsv.gz
"(17,18]",115,CDM019.A0101.10M_raw_R1_gc_rl.tsv.gz
"(18,19]",243,CDM019.A0101.10M_raw_R1_gc_rl.tsv.gz
"(19,20]",488,CDM019.A0101.10M_raw_R1_gc_rl.tsv.gz
"(20,21]",1,CDM019.A0101.10M_raw_R1_gc_rl.tsv.gz
"(21,22]",932,CDM019.A0101.10M_raw_R1_gc_rl.tsv.gz
"(22,23]",1641,CDM019.A0101.10M_raw_R1_gc_rl.tsv.gz
"(23,24]",2893,CDM019.A0101.10M_raw_R1_gc_rl.tsv.gz
"(24,25]",4530,CDM019.A0101.10M_raw_R1_gc_rl.tsv.gz
"(25,26]",4,CDM019.A0101.10M_raw_R1_gc_rl.tsv.gz
"(26,27]",6867,CDM019.A0101.10M_raw_R1_gc_rl.tsv.gz
"(27,28]",10042,CDM019.A0101.10M_raw_R1_gc_rl.tsv.gz
"(28,29]",14289,CDM019.A0101.10M_raw_R1_gc_rl.tsv.gz
"(29,30]",7,CDM019.A0101.10M_raw_R1_gc_rl.tsv.gz
"(30,31]",19653,CDM019.A0101.10M_raw_R1_gc_rl.tsv.gz
"(31,32]",26239,CDM019.A0101.10M_raw_R1_gc_rl.tsv.gz
"(32,33]",34110,CDM019.A0101.10M_raw_R1_gc_rl.tsv.gz
"(33,34]",21,CDM019.A0101.10M_raw_R1_gc_rl.tsv.gz
"(34,35]",44622,CDM019.A0101.10M_raw_R1_gc_rl.tsv.gz
"(35,36]",56822,CDM019.A0101.10M_raw_R1_gc_rl.tsv.gz
"(36,37]",72117,CDM019.A0101.10M_raw_R1_gc_rl.tsv.gz
"(37,38]",49,CDM019.A0101.10M_raw_R1_gc_rl.tsv.gz
"(38,39]",90886,CDM019.A0101.10M_raw_R1_gc_rl.tsv.gz
"(39,40]",112285,CDM019.A0101.10M_raw_R1_gc_rl.tsv.gz
"(40,41]",136483,CDM019.A0101.10M_raw_R1_gc_rl.tsv.gz
"(41,42]",88,CDM019.A0101.10M_raw_R1_gc_rl.tsv.gz
"(42,43]",166367,CDM019.A0101.10M_raw_R1_gc_rl.tsv.gz
"(43,44]",196832,CDM019.A0101.10M_raw_R1_gc_rl.tsv.gz
"(44,45]",232563,CDM019.A0101.10M_raw_R1_gc_rl.tsv.gz
"(45,46]",168,CDM019.A0101.10M_raw_R1_gc_rl.tsv.gz
"(46,47]",272555,CDM019.A0101.10M_raw_R1_gc_rl.tsv.gz
"(47,48]",314517,CDM019.A0101.10M_raw_R1_gc_rl.tsv.gz
"(48,49]",362026,CDM019.A0101.10M_raw_R1_gc_rl.tsv.gz
"(49,50]",415534,CDM019.A0101.10M_raw_R1_gc_rl.tsv.gz
"(50,51]",283,CDM019.A0101.10M_raw_R1_gc_rl.tsv.gz
"(51,52]",467977,CDM019.A0101.10M_raw_R1_gc_rl.tsv.gz
"(52,53]",522571,CDM019.A0101.10M_raw_R1_gc_rl.tsv.gz
"(53,54]",567264,CDM019.A0101.10M_raw_R1_gc_rl.tsv.gz
"(54,55]",333,CDM019.A0101.10M_raw_R1_gc_rl.tsv.gz
"(55,56]",601270,CDM019.A0101.10M_raw_R1_gc_rl.tsv.gz
"(56,57]",616657,CDM019.A0101.10M_raw_R1_gc_rl.tsv.gz
"(57,58]",613455,CDM019.A0101.10M_raw_R1_gc_rl.tsv.gz
"(58,59]",352,CDM019.A0101.10M_raw_R1_gc_rl.tsv.gz
"(59,60]",590565,CDM019.A0101.10M_raw_R1_gc_rl.tsv.gz
"(60,61]",553496,CDM019.A0101.10M_raw_R1_gc_rl.tsv.gz
"(61,62]",504949,CDM019.A0101.10M_raw_R1_gc_rl.tsv.gz
"(62,63]",284,CDM019.A0101.10M_raw_R1_gc_rl.tsv.gz
"(63,64]",449715,CDM019.A0101.10M_raw_R1_gc_rl.tsv.gz
"(64,65]",388902,CDM019.A0101.10M_raw_R1_gc_rl.tsv.gz
"(65,66]",331056,CDM019.A0101.10M_raw_R1_gc_rl.tsv.gz
"(66,67]",177,CDM019.A0101.10M_raw_R1_gc_rl.tsv.gz
"(67,68]",274612,CDM019.A0101.10M_raw_R1_gc_rl.tsv.gz
"(68,69]",224466,CDM019.A0101.10M_raw_R1_gc_rl.tsv.gz
"(69,70]",178382,CDM019.A0101.10M_raw_R1_gc_rl.tsv.gz
"(70,71]",98,CDM019.A0101.10M_raw_R1_gc_rl.tsv.gz
"(71,72]",140069,CDM019.A0101.10M_raw_R1_gc_rl.tsv.gz
"(72,73]",108619,CDM019.A0101.10M_raw_R1_gc_rl.tsv.gz
"(73,74]",81937,CDM019.A0101.10M_raw_R1_gc_rl.tsv.gz
"(74,75]",60801,CDM019.A0101.10M_raw_R1_gc_rl.tsv.gz
"(75,76]",31,CDM019.A0101.10M_raw_R1_gc_rl.tsv.gz
"(76,77]",44262,CDM019.A0101.10M_raw_R1_gc_rl.tsv.gz
"(77,78]",31020,CDM019.A0101.10M_raw_R1_gc_rl.tsv.gz
"(78,79]",20374,CDM019.A0101.10M_raw_R1_gc_rl.tsv.gz
"(79,80]",14,CDM019.A0101.10M_raw_R1_gc_rl.tsv.gz
"(80,81]",12879,CDM019.A0101.10M_raw_R1_gc_rl.tsv.gz
"(81,82]",7432,CDM019.A0101.10M_raw_R1_gc_rl.tsv.gz
"(82,83]",3697,CDM019.A0101.10M_raw_R1_gc_rl.tsv.gz
"(83,84]",1,CDM019.A0101.10M_raw_R1_gc_rl.tsv.gz
"(84,85]",1636,CDM019.A0101.10M_raw_R1_gc_rl.tsv.gz
"(85,86]",689,CDM019.A0101.10M_raw_R1_gc_rl.tsv.gz
"(86,87]",374,CDM019.A0101.10M_raw_R1_gc_rl.tsv.gz
"(87,88]",1,CDM019.A0101.10M_raw_R1_gc_rl.tsv.gz
"(88,89]",233,CDM019.A0101.10M_raw_R1_gc_rl.tsv.gz
"(89,90]",166,CDM019.A0101.10M_raw_R1_gc_rl.tsv.gz
"(90,91]",141,CDM019.A0101.10M_raw_R1_gc_rl.tsv.gz
"(92,93]",150,CDM019.A0101.10M_raw_R1_gc_rl.tsv.gz
"(93,94]",463,CDM019.A0101.10M_raw_R1_gc_rl.tsv.gz
"(94,95]",366,CDM019.A0101.10M_raw_R1_gc_rl.tsv.gz
"(96,97]",176,CDM019.A0101.10M_raw_R1_gc_rl.tsv.gz
"(97,98]",161,CDM019.A0101.10M_raw_R1_gc_rl.tsv.gz
"(98,99]",901,CDM019.A0101.10M_raw_R1_gc_rl.tsv.gz
"(99,100]",475,CDM019.A0101.10M_raw_R1_gc_rl.tsv.gz
"(1,2]",2,CDM019.A0102.SG1.4.10M_raw_R1_gc_rl.tsv.gz
"(2,3]",3,CDM019.A0102.SG1.4.10M_raw_R1_gc_rl.tsv.gz
"(3,4]",12,CDM019.A0102.SG1.4.10M_raw_R1_gc_rl.tsv.gz
"(5,6]",27,CDM019.A0102.SG1.4.10M_raw_R1_gc_rl.tsv.gz
"(6,7]",72,CDM019.A0102.SG1.4.10M_raw_R1_gc_rl.tsv.gz
"(7,8]",123,CDM019.A0102.SG1.4.10M_raw_R1_gc_rl.tsv.gz
"(9,10]",241,CDM019.A0102.SG1.4.10M_raw_R1_gc_rl.tsv.gz
"(10,11]",451,CDM019.A0102.SG1.4.10M_raw_R1_gc_rl.tsv.gz
"(11,12]",766,CDM019.A0102.SG1.4.10M_raw_R1_gc_rl.tsv.gz
"(13,14]",1247,CDM019.A0102.SG1.4.10M_raw_R1_gc_rl.tsv.gz
"(14,15]",1889,CDM019.A0102.SG1.4.10M_raw_R1_gc_rl.tsv.gz
"(15,16]",2781,CDM019.A0102.SG1.4.10M_raw_R1_gc_rl.tsv.gz
"(16,17]",2,CDM019.A0102.SG1.4.10M_raw_R1_gc_rl.tsv.gz
"(17,18]",3987,CDM019.A0102.SG1.4.10M_raw_R1_gc_rl.tsv.gz
"(18,19]",5653,CDM019.A0102.SG1.4.10M_raw_R1_gc_rl.tsv.gz
"(19,20]",7729,CDM019.A0102.SG1.4.10M_raw_R1_gc_rl.tsv.gz
"(20,21]",7,CDM019.A0102.SG1.4.10M_raw_R1_gc_rl.tsv.gz
"(21,22]",10319,CDM019.A0102.SG1.4.10M_raw_R1_gc_rl.tsv.gz
"(22,23]",13956,CDM019.A0102.SG1.4.10M_raw_R1_gc_rl.tsv.gz
"(23,24]",18173,CDM019.A0102.SG1.4.10M_raw_R1_gc_rl.tsv.gz
"(24,25]",23112,CDM019.A0102.SG1.4.10M_raw_R1_gc_rl.tsv.gz
"(25,26]",10,CDM019.A0102.SG1.4.10M_raw_R1_gc_rl.tsv.gz
"(26,27]",29660,CDM019.A0102.SG1.4.10M_raw_R1_gc_rl.tsv.gz
"(27,28]",37158,CDM019.A0102.SG1.4.10M_raw_R1_gc_rl.tsv.gz
"(28,29]",46396,CDM019.A0102.SG1.4.10M_raw_R1_gc_rl.tsv.gz
"(29,30]",18,CDM019.A0102.SG1.4.10M_raw_R1_gc_rl.tsv.gz
"(30,31]",57533,CDM019.A0102.SG1.4.10M_raw_R1_gc_rl.tsv.gz
"(31,32]",70855,CDM019.A0102.SG1.4.10M_raw_R1_gc_rl.tsv.gz
"(32,33]",87195,CDM019.A0102.SG1.4.10M_raw_R1_gc_rl.tsv.gz
"(33,34]",36,CDM019.A0102.SG1.4.10M_raw_R1_gc_rl.tsv.gz
"(34,35]",107345,CDM019.A0102.SG1.4.10M_raw_R1_gc_rl.tsv.gz
"(35,36]",131445,CDM019.A0102.SG1.4.10M_raw_R1_gc_rl.tsv.gz
"(36,37]",160121,CDM019.A0102.SG1.4.10M_raw_R1_gc_rl.tsv.gz
"(37,38]",58,CDM019.A0102.SG1.4.10M_raw_R1_gc_rl.tsv.gz
"(38,39]",194547,CDM019.A0102.SG1.4.10M_raw_R1_gc_rl.tsv.gz
"(39,40]",235334,CDM019.A0102.SG1.4.10M_raw_R1_gc_rl.tsv.gz
"(40,41]",282672,CDM019.A0102.SG1.4.10M_raw_R1_gc_rl.tsv.gz
"(41,42]",107,CDM019.A0102.SG1.4.10M_raw_R1_gc_rl.tsv.gz
"(42,43]",334227,CDM019.A0102.SG1.4.10M_raw_R1_gc_rl.tsv.gz
"(43,44]",381726,CDM019.A0102.SG1.4.10M_raw_R1_gc_rl.tsv.gz
"(44,45]",431671,CDM019.A0102.SG1.4.10M_raw_R1_gc_rl.tsv.gz
"(45,46]",149,CDM019.A0102.SG1.4.10M_raw_R1_gc_rl.tsv.gz
"(46,47]",481825,CDM019.A0102.SG1.4.10M_raw_R1_gc_rl.tsv.gz
"(47,48]",534289,CDM019.A0102.SG1.4.10M_raw_R1_gc_rl.tsv.gz
"(48,49]",586323,CDM019.A0102.SG1.4.10M_raw_R1_gc_rl.tsv.gz
"(49,50]",632844,CDM019.A0102.SG1.4.10M_raw_R1_gc_rl.tsv.gz
"(50,51]",264,CDM019.A0102.SG1.4.10M_raw_R1_gc_rl.tsv.gz
"(51,52]",661479,CDM019.A0102.SG1.4.10M_raw_R1_gc_rl.tsv.gz
"(52,53]",664389,CDM019.A0102.SG1.4.10M_raw_R1_gc_rl.tsv.gz
"(53,54]",634367,CDM019.A0102.SG1.4.10M_raw_R1_gc_rl.tsv.gz
"(54,55]",223,CDM019.A0102.SG1.4.10M_raw_R1_gc_rl.tsv.gz
"(55,56]",581875,CDM019.A0102.SG1.4.10M_raw_R1_gc_rl.tsv.gz
"(56,57]",507728,CDM019.A0102.SG1.4.10M_raw_R1_gc_rl.tsv.gz
"(57,58]",432289,CDM019.A0102.SG1.4.10M_raw_R1_gc_rl.tsv.gz
"(58,59]",149,CDM019.A0102.SG1.4.10M_raw_R1_gc_rl.tsv.gz
"(59,60]",360110,CDM019.A0102.SG1.4.10M_raw_R1_gc_rl.tsv.gz
"(60,61]",293534,CDM019.A0102.SG1.4.10M_raw_R1_gc_rl.tsv.gz
"(61,62]",233801,CDM019.A0102.SG1.4.10M_raw_R1_gc_rl.tsv.gz
"(62,63]",61,CDM019.A0102.SG1.4.10M_raw_R1_gc_rl.tsv.gz
"(63,64]",182353,CDM019.A0102.SG1.4.10M_raw_R1_gc_rl.tsv.gz
"(64,65]",140480,CDM019.A0102.SG1.4.10M_raw_R1_gc_rl.tsv.gz
"(65,66]",108640,CDM019.A0102.SG1.4.10M_raw_R1_gc_rl.tsv.gz
"(66,67]",40,CDM019.A0102.SG1.4.10M_raw_R1_gc_rl.tsv.gz
"(67,68]",82384,CDM019.A0102.SG1.4.10M_raw_R1_gc_rl.tsv.gz
"(68,69]",61921,CDM019.A0102.SG1.4.10M_raw_R1_gc_rl.tsv.gz
"(69,70]",46683,CDM019.A0102.SG1.4.10M_raw_R1_gc_rl.tsv.gz
"(70,71]",10,CDM019.A0102.SG1.4.10M_raw_R1_gc_rl.tsv.gz
"(71,72]",34003,CDM019.A0102.SG1.4.10M_raw_R1_gc_rl.tsv.gz
"(72,73]",23981,CDM019.A0102.SG1.4.10M_raw_R1_gc_rl.tsv.gz
"(73,74]",16250,CDM019.A0102.SG1.4.10M_raw_R1_gc_rl.tsv.gz
"(74,75]",9818,CDM019.A0102.SG1.4.10M_raw_R1_gc_rl.tsv.gz
"(76,77]",5142,CDM019.A0102.SG1.4.10M_raw_R1_gc_rl.tsv.gz
"(77,78]",2195,CDM019.A0102.SG1.4.10M_raw_R1_gc_rl.tsv.gz
"(78,79]",761,CDM019.A0102.SG1.4.10M_raw_R1_gc_rl.tsv.gz
"(80,81]",247,CDM019.A0102.SG1.4.10M_raw_R1_gc_rl.tsv.gz
"(81,82]",131,CDM019.A0102.SG1.4.10M_raw_R1_gc_rl.tsv.gz
"(82,83]",69,CDM019.A0102.SG1.4.10M_raw_R1_gc_rl.tsv.gz
"(84,85]",67,CDM019.A0102.SG1.4.10M_raw_R1_gc_rl.tsv.gz
"(85,86]",50,CDM019.A0102.SG1.4.10M_raw_R1_gc_rl.tsv.gz
"(86,87]",46,CDM019.A0102.SG1.4.10M_raw_R1_gc_rl.tsv.gz
"(88,89]",32,CDM019.A0102.SG1.4.10M_raw_R1_gc_rl.tsv.gz
"(89,90]",35,CDM019.A0102.SG1.4.10M_raw_R1_gc_rl.tsv.gz
"(90,91]",43,CDM019.A0102.SG1.4.10M_raw_R1_gc_rl.tsv.gz
"(92,93]",42,CDM019.A0102.SG1.4.10M_raw_R1_gc_rl.tsv.gz
"(93,94]",107,CDM019.A0102.SG1.4.10M_raw_R1_gc_rl.tsv.gz
"(94,95]",50,CDM019.A0102.SG1.4.10M_raw_R1_gc_rl.tsv.gz
"(96,97]",23,CDM019.A0102.SG1.4.10M_raw_R1_gc_rl.tsv.gz
"(97,98]",23,CDM019.A0102.SG1.4.10M_raw_R1_gc_rl.tsv.gz
"(98,99]",9,CDM019.A0102.SG1.4.10M_raw_R1_gc_rl.tsv.gz
"(5,6]",1,CDM020.A0101.10M_raw_R1_gc_rl.tsv.gz
"(7,8]",1,CDM020.A0101.10M_raw_R1_gc_rl.tsv.gz
"(9,10]",1,CDM020.A0101.10M_raw_R1_gc_rl.tsv.gz
"(10,11]",2,CDM020.A0101.10M_raw_R1_gc_rl.tsv.gz
"(11,12]",2,CDM020.A0101.10M_raw_R1_gc_rl.tsv.gz
"(13,14]",12,CDM020.A0101.10M_raw_R1_gc_rl.tsv.gz
"(14,15]",37,CDM020.A0101.10M_raw_R1_gc_rl.tsv.gz
"(15,16]",109,CDM020.A0101.10M_raw_R1_gc_rl.tsv.gz
"(17,18]",255,CDM020.A0101.10M_raw_R1_gc_rl.tsv.gz
"(18,19]",557,CDM020.A0101.10M_raw_R1_gc_rl.tsv.gz
"(19,20]",1059,CDM020.A0101.10M_raw_R1_gc_rl.tsv.gz
"(20,21]",1,CDM020.A0101.10M_raw_R1_gc_rl.tsv.gz
"(21,22]",1853,CDM020.A0101.10M_raw_R1_gc_rl.tsv.gz
"(22,23]",3150,CDM020.A0101.10M_raw_R1_gc_rl.tsv.gz
"(23,24]",4996,CDM020.A0101.10M_raw_R1_gc_rl.tsv.gz
"(24,25]",7032,CDM020.A0101.10M_raw_R1_gc_rl.tsv.gz
"(25,26]",3,CDM020.A0101.10M_raw_R1_gc_rl.tsv.gz
"(26,27]",10420,CDM020.A0101.10M_raw_R1_gc_rl.tsv.gz
"(27,28]",14192,CDM020.A0101.10M_raw_R1_gc_rl.tsv.gz
"(28,29]",19566,CDM020.A0101.10M_raw_R1_gc_rl.tsv.gz
"(29,30]",16,CDM020.A0101.10M_raw_R1_gc_rl.tsv.gz
"(30,31]",25456,CDM020.A0101.10M_raw_R1_gc_rl.tsv.gz
"(31,32]",32717,CDM020.A0101.10M_raw_R1_gc_rl.tsv.gz
"(32,33]",40935,CDM020.A0101.10M_raw_R1_gc_rl.tsv.gz
"(33,34]",23,CDM020.A0101.10M_raw_R1_gc_rl.tsv.gz
"(34,35]",50971,CDM020.A0101.10M_raw_R1_gc_rl.tsv.gz
"(35,36]",62693,CDM020.A0101.10M_raw_R1_gc_rl.tsv.gz
"(36,37]",76955,CDM020.A0101.10M_raw_R1_gc_rl.tsv.gz
"(37,38]",53,CDM020.A0101.10M_raw_R1_gc_rl.tsv.gz
"(38,39]",92367,CDM020.A0101.10M_raw_R1_gc_rl.tsv.gz
"(39,40]",110231,CDM020.A0101.10M_raw_R1_gc_rl.tsv.gz
"(40,41]",131350,CDM020.A0101.10M_raw_R1_gc_rl.tsv.gz
"(41,42]",77,CDM020.A0101.10M_raw_R1_gc_rl.tsv.gz
"(42,43]",154330,CDM020.A0101.10M_raw_R1_gc_rl.tsv.gz
"(43,44]",179443,CDM020.A0101.10M_raw_R1_gc_rl.tsv.gz
"(44,45]",209050,CDM020.A0101.10M_raw_R1_gc_rl.tsv.gz
"(45,46]",114,CDM020.A0101.10M_raw_R1_gc_rl.tsv.gz
"(46,47]",240568,CDM020.A0101.10M_raw_R1_gc_rl.tsv.gz
"(47,48]",277630,CDM020.A0101.10M_raw_R1_gc_rl.tsv.gz
"(48,49]",319029,CDM020.A0101.10M_raw_R1_gc_rl.tsv.gz
"(49,50]",365103,CDM020.A0101.10M_raw_R1_gc_rl.tsv.gz
"(50,51]",215,CDM020.A0101.10M_raw_R1_gc_rl.tsv.gz
"(51,52]",417221,CDM020.A0101.10M_raw_R1_gc_rl.tsv.gz
"(52,53]",474932,CDM020.A0101.10M_raw_R1_gc_rl.tsv.gz
"(53,54]",538781,CDM020.A0101.10M_raw_R1_gc_rl.tsv.gz
"(54,55]",331,CDM020.A0101.10M_raw_R1_gc_rl.tsv.gz
"(55,56]",599381,CDM020.A0101.10M_raw_R1_gc_rl.tsv.gz
"(56,57]",647259,CDM020.A0101.10M_raw_R1_gc_rl.tsv.gz
"(57,58]",672089,CDM020.A0101.10M_raw_R1_gc_rl.tsv.gz
"(58,59]",394,CDM020.A0101.10M_raw_R1_gc_rl.tsv.gz
"(59,60]",669302,CDM020.A0101.10M_raw_R1_gc_rl.tsv.gz
"(60,61]",633338,CDM020.A0101.10M_raw_R1_gc_rl.tsv.gz
"(61,62]",573232,CDM020.A0101.10M_raw_R1_gc_rl.tsv.gz
"(62,63]",300,CDM020.A0101.10M_raw_R1_gc_rl.tsv.gz
"(63,64]",495314,CDM020.A0101.10M_raw_R1_gc_rl.tsv.gz
"(64,65]",416154,CDM020.A0101.10M_raw_R1_gc_rl.tsv.gz
"(65,66]",340510,CDM020.A0101.10M_raw_R1_gc_rl.tsv.gz
"(66,67]",172,CDM020.A0101.10M_raw_R1_gc_rl.tsv.gz
"(67,68]",271851,CDM020.A0101.10M_raw_R1_gc_rl.tsv.gz
"(68,69]",214250,CDM020.A0101.10M_raw_R1_gc_rl.tsv.gz
"(69,70]",166677,CDM020.A0101.10M_raw_R1_gc_rl.tsv.gz
"(70,71]",95,CDM020.A0101.10M_raw_R1_gc_rl.tsv.gz
"(71,72]",127492,CDM020.A0101.10M_raw_R1_gc_rl.tsv.gz
"(72,73]",95938,CDM020.A0101.10M_raw_R1_gc_rl.tsv.gz
"(73,74]",70481,CDM020.A0101.10M_raw_R1_gc_rl.tsv.gz
"(74,75]",50737,CDM020.A0101.10M_raw_R1_gc_rl.tsv.gz
"(75,76]",15,CDM020.A0101.10M_raw_R1_gc_rl.tsv.gz
"(76,77]",35041,CDM020.A0101.10M_raw_R1_gc_rl.tsv.gz
"(77,78]",23370,CDM020.A0101.10M_raw_R1_gc_rl.tsv.gz
"(78,79]",14254,CDM020.A0101.10M_raw_R1_gc_rl.tsv.gz
"(79,80]",4,CDM020.A0101.10M_raw_R1_gc_rl.tsv.gz
"(80,81]",8214,CDM020.A0101.10M_raw_R1_gc_rl.tsv.gz
"(81,82]",4314,CDM020.A0101.10M_raw_R1_gc_rl.tsv.gz
"(82,83]",1888,CDM020.A0101.10M_raw_R1_gc_rl.tsv.gz
"(83,84]",1,CDM020.A0101.10M_raw_R1_gc_rl.tsv.gz
"(84,85]",810,CDM020.A0101.10M_raw_R1_gc_rl.tsv.gz
"(85,86]",424,CDM020.A0101.10M_raw_R1_gc_rl.tsv.gz
"(86,87]",219,CDM020.A0101.10M_raw_R1_gc_rl.tsv.gz
"(88,89]",177,CDM020.A0101.10M_raw_R1_gc_rl.tsv.gz
"(89,90]",131,CDM020.A0101.10M_raw_R1_gc_rl.tsv.gz
"(90,91]",104,CDM020.A0101.10M_raw_R1_gc_rl.tsv.gz
"(92,93]",126,CDM020.A0101.10M_raw_R1_gc_rl.tsv.gz
"(93,94]",283,CDM020.A0101.10M_raw_R1_gc_rl.tsv.gz
"(94,95]",227,CDM020.A0101.10M_raw_R1_gc_rl.tsv.gz
"(96,97]",144,CDM020.A0101.10M_raw_R1_gc_rl.tsv.gz
"(97,98]",152,CDM020.A0101.10M_raw_R1_gc_rl.tsv.gz
"(98,99]",774,CDM020.A0101.10M_raw_R1_gc_rl.tsv.gz
"(99,100]",522,CDM020.A0101.10M_raw_R1_gc_rl.tsv.gz
"[0,1]",2,CDM020.A0102.SG1.4.10M_raw_R1_gc_rl.tsv.gz
"(1,2]",1,CDM020.A0102.SG1.4.10M_raw_R1_gc_rl.tsv.gz
"(2,3]",5,CDM020.A0102.SG1.4.10M_raw_R1_gc_rl.tsv.gz
"(3,4]",14,CDM020.A0102.SG1.4.10M_raw_R1_gc_rl.tsv.gz
"(5,6]",30,CDM020.A0102.SG1.4.10M_raw_R1_gc_rl.tsv.gz
"(6,7]",70,CDM020.A0102.SG1.4.10M_raw_R1_gc_rl.tsv.gz
"(7,8]",187,CDM020.A0102.SG1.4.10M_raw_R1_gc_rl.tsv.gz
"(9,10]",343,CDM020.A0102.SG1.4.10M_raw_R1_gc_rl.tsv.gz
"(10,11]",615,CDM020.A0102.SG1.4.10M_raw_R1_gc_rl.tsv.gz
"(11,12]",1053,CDM020.A0102.SG1.4.10M_raw_R1_gc_rl.tsv.gz
"(13,14]",1704,CDM020.A0102.SG1.4.10M_raw_R1_gc_rl.tsv.gz
"(14,15]",2753,CDM020.A0102.SG1.4.10M_raw_R1_gc_rl.tsv.gz
"(15,16]",3885,CDM020.A0102.SG1.4.10M_raw_R1_gc_rl.tsv.gz
"(16,17]",3,CDM020.A0102.SG1.4.10M_raw_R1_gc_rl.tsv.gz
"(17,18]",5522,CDM020.A0102.SG1.4.10M_raw_R1_gc_rl.tsv.gz
"(18,19]",7787,CDM020.A0102.SG1.4.10M_raw_R1_gc_rl.tsv.gz
"(19,20]",10538,CDM020.A0102.SG1.4.10M_raw_R1_gc_rl.tsv.gz
"(20,21]",1,CDM020.A0102.SG1.4.10M_raw_R1_gc_rl.tsv.gz
"(21,22]",13665,CDM020.A0102.SG1.4.10M_raw_R1_gc_rl.tsv.gz
"(22,23]",17883,CDM020.A0102.SG1.4.10M_raw_R1_gc_rl.tsv.gz
"(23,24]",22673,CDM020.A0102.SG1.4.10M_raw_R1_gc_rl.tsv.gz
"(24,25]",28671,CDM020.A0102.SG1.4.10M_raw_R1_gc_rl.tsv.gz
"(25,26]",11,CDM020.A0102.SG1.4.10M_raw_R1_gc_rl.tsv.gz
"(26,27]",35162,CDM020.A0102.SG1.4.10M_raw_R1_gc_rl.tsv.gz
"(27,28]",43433,CDM020.A0102.SG1.4.10M_raw_R1_gc_rl.tsv.gz
"(28,29]",52570,CDM020.A0102.SG1.4.10M_raw_R1_gc_rl.tsv.gz
"(29,30]",23,CDM020.A0102.SG1.4.10M_raw_R1_gc_rl.tsv.gz
"(30,31]",64242,CDM020.A0102.SG1.4.10M_raw_R1_gc_rl.tsv.gz
"(31,32]",76860,CDM020.A0102.SG1.4.10M_raw_R1_gc_rl.tsv.gz
"(32,33]",93105,CDM020.A0102.SG1.4.10M_raw_R1_gc_rl.tsv.gz
"(33,34]",36,CDM020.A0102.SG1.4.10M_raw_R1_gc_rl.tsv.gz
"(34,35]",111993,CDM020.A0102.SG1.4.10M_raw_R1_gc_rl.tsv.gz
"(35,36]",135449,CDM020.A0102.SG1.4.10M_raw_R1_gc_rl.tsv.gz
"(36,37]",162857,CDM020.A0102.SG1.4.10M_raw_R1_gc_rl.tsv.gz
"(37,38]",64,CDM020.A0102.SG1.4.10M_raw_R1_gc_rl.tsv.gz
"(38,39]",194585,CDM020.A0102.SG1.4.10M_raw_R1_gc_rl.tsv.gz
"(39,40]",232314,CDM020.A0102.SG1.4.10M_raw_R1_gc_rl.tsv.gz
"(40,41]",271188,CDM020.A0102.SG1.4.10M_raw_R1_gc_rl.tsv.gz
"(41,42]",91,CDM020.A0102.SG1.4.10M_raw_R1_gc_rl.tsv.gz
"(42,43]",317465,CDM020.A0102.SG1.4.10M_raw_R1_gc_rl.tsv.gz
"(43,44]",364991,CDM020.A0102.SG1.4.10M_raw_R1_gc_rl.tsv.gz
"(44,45]",405033,CDM020.A0102.SG1.4.10M_raw_R1_gc_rl.tsv.gz
"(45,46]",148,CDM020.A0102.SG1.4.10M_raw_R1_gc_rl.tsv.gz
"(46,47]",451516,CDM020.A0102.SG1.4.10M_raw_R1_gc_rl.tsv.gz
"(47,48]",504304,CDM020.A0102.SG1.4.10M_raw_R1_gc_rl.tsv.gz
"(48,49]",562213,CDM020.A0102.SG1.4.10M_raw_R1_gc_rl.tsv.gz
"(49,50]",614118,CDM020.A0102.SG1.4.10M_raw_R1_gc_rl.tsv.gz
"(50,51]",230,CDM020.A0102.SG1.4.10M_raw_R1_gc_rl.tsv.gz
"(51,52]",651014,CDM020.A0102.SG1.4.10M_raw_R1_gc_rl.tsv.gz
"(52,53]",664659,CDM020.A0102.SG1.4.10M_raw_R1_gc_rl.tsv.gz
"(53,54]",648516,CDM020.A0102.SG1.4.10M_raw_R1_gc_rl.tsv.gz
"(54,55]",246,CDM020.A0102.SG1.4.10M_raw_R1_gc_rl.tsv.gz
"(55,56]",601241,CDM020.A0102.SG1.4.10M_raw_R1_gc_rl.tsv.gz
"(56,57]",531398,CDM020.A0102.SG1.4.10M_raw_R1_gc_rl.tsv.gz
"(57,58]",454050,CDM020.A0102.SG1.4.10M_raw_R1_gc_rl.tsv.gz
"(58,59]",151,CDM020.A0102.SG1.4.10M_raw_R1_gc_rl.tsv.gz
"(59,60]",377602,CDM020.A0102.SG1.4.10M_raw_R1_gc_rl.tsv.gz
"(60,61]",307991,CDM020.A0102.SG1.4.10M_raw_R1_gc_rl.tsv.gz
"(61,62]",245862,CDM020.A0102.SG1.4.10M_raw_R1_gc_rl.tsv.gz
"(62,63]",64,CDM020.A0102.SG1.4.10M_raw_R1_gc_rl.tsv.gz
"(63,64]",191810,CDM020.A0102.SG1.4.10M_raw_R1_gc_rl.tsv.gz
"(64,65]",146734,CDM020.A0102.SG1.4.10M_raw_R1_gc_rl.tsv.gz
"(65,66]",111535,CDM020.A0102.SG1.4.10M_raw_R1_gc_rl.tsv.gz
"(66,67]",24,CDM020.A0102.SG1.4.10M_raw_R1_gc_rl.tsv.gz
"(67,68]",83834,CDM020.A0102.SG1.4.10M_raw_R1_gc_rl.tsv.gz
"(68,69]",61512,CDM020.A0102.SG1.4.10M_raw_R1_gc_rl.tsv.gz
"(69,70]",44122,CDM020.A0102.SG1.4.10M_raw_R1_gc_rl.tsv.gz
"(70,71]",3,CDM020.A0102.SG1.4.10M_raw_R1_gc_rl.tsv.gz
"(71,72]",30120,CDM020.A0102.SG1.4.10M_raw_R1_gc_rl.tsv.gz
"(72,73]",18861,CDM020.A0102.SG1.4.10M_raw_R1_gc_rl.tsv.gz
"(73,74]",10102,CDM020.A0102.SG1.4.10M_raw_R1_gc_rl.tsv.gz
"(74,75]",4440,CDM020.A0102.SG1.4.10M_raw_R1_gc_rl.tsv.gz
"(76,77]",1533,CDM020.A0102.SG1.4.10M_raw_R1_gc_rl.tsv.gz
"(77,78]",456,CDM020.A0102.SG1.4.10M_raw_R1_gc_rl.tsv.gz
"(78,79]",149,CDM020.A0102.SG1.4.10M_raw_R1_gc_rl.tsv.gz
"(80,81]",78,CDM020.A0102.SG1.4.10M_raw_R1_gc_rl.tsv.gz
"(81,82]",58,CDM020.A0102.SG1.4.10M_raw_R1_gc_rl.tsv.gz
"(82,83]",34,CDM020.A0102.SG1.4.10M_raw_R1_gc_rl.tsv.gz
"(84,85]",32,CDM020.A0102.SG1.4.10M_raw_R1_gc_rl.tsv.gz
"(85,86]",32,CDM020.A0102.SG1.4.10M_raw_R1_gc_rl.tsv.gz
"(86,87]",18,CDM020.A0102.SG1.4.10M_raw_R1_gc_rl.tsv.gz
"(88,89]",33,CDM020.A0102.SG1.4.10M_raw_R1_gc_rl.tsv.gz
"(89,90]",32,CDM020.A0102.SG1.4.10M_raw_R1_gc_rl.tsv.gz
"(90,91]",29,CDM020.A0102.SG1.4.10M_raw_R1_gc_rl.tsv.gz
"(92,93]",23,CDM020.A0102.SG1.4.10M_raw_R1_gc_rl.tsv.gz
"(93,94]",96,CDM020.A0102.SG1.4.10M_raw_R1_gc_rl.tsv.gz
"(94,95]",55,CDM020.A0102.SG1.4.10M_raw_R1_gc_rl.tsv.gz
"(96,97]",16,CDM020.A0102.SG1.4.10M_raw_R1_gc_rl.tsv.gz
"(97,98]",16,CDM020.A0102.SG1.4.10M_raw_R1_gc_rl.tsv.gz
"(98,99]",13,CDM020.A0102.SG1.4.10M_raw_R1_gc_rl.tsv.gz
"[0,1]",1,FUM001.A0101.10M_raw_R1_gc_rl.tsv.gz
"(1,2]",1,FUM001.A0101.10M_raw_R1_gc_rl.tsv.gz
"(2,3]",3,FUM001.A0101.10M_raw_R1_gc_rl.tsv.gz
"(3,4]",1,FUM001.A0101.10M_raw_R1_gc_rl.tsv.gz
"(5,6]",5,FUM001.A0101.10M_raw_R1_gc_rl.tsv.gz
"(6,7]",13,FUM001.A0101.10M_raw_R1_gc_rl.tsv.gz
"(7,8]",9,FUM001.A0101.10M_raw_R1_gc_rl.tsv.gz
"(9,10]",21,FUM001.A0101.10M_raw_R1_gc_rl.tsv.gz
"(10,11]",23,FUM001.A0101.10M_raw_R1_gc_rl.tsv.gz
"(11,12]",50,FUM001.A0101.10M_raw_R1_gc_rl.tsv.gz
"(13,14]",51,FUM001.A0101.10M_raw_R1_gc_rl.tsv.gz
"(14,15]",111,FUM001.A0101.10M_raw_R1_gc_rl.tsv.gz
"(15,16]",267,FUM001.A0101.10M_raw_R1_gc_rl.tsv.gz
"(17,18]",515,FUM001.A0101.10M_raw_R1_gc_rl.tsv.gz
"(18,19]",1208,FUM001.A0101.10M_raw_R1_gc_rl.tsv.gz
"(19,20]",2329,FUM001.A0101.10M_raw_R1_gc_rl.tsv.gz
"(20,21]",2,FUM001.A0101.10M_raw_R1_gc_rl.tsv.gz
"(21,22]",4399,FUM001.A0101.10M_raw_R1_gc_rl.tsv.gz
"(22,23]",7474,FUM001.A0101.10M_raw_R1_gc_rl.tsv.gz
"(23,24]",12028,FUM001.A0101.10M_raw_R1_gc_rl.tsv.gz
"(24,25]",18145,FUM001.A0101.10M_raw_R1_gc_rl.tsv.gz
"(25,26]",12,FUM001.A0101.10M_raw_R1_gc_rl.tsv.gz
"(26,27]",25407,FUM001.A0101.10M_raw_R1_gc_rl.tsv.gz
"(27,28]",34201,FUM001.A0101.10M_raw_R1_gc_rl.tsv.gz
"(28,29]",43625,FUM001.A0101.10M_raw_R1_gc_rl.tsv.gz
"(29,30]",38,FUM001.A0101.10M_raw_R1_gc_rl.tsv.gz
"(30,31]",55674,FUM001.A0101.10M_raw_R1_gc_rl.tsv.gz
"(31,32]",68212,FUM001.A0101.10M_raw_R1_gc_rl.tsv.gz
"(32,33]",82551,FUM001.A0101.10M_raw_R1_gc_rl.tsv.gz
"(33,34]",46,FUM001.A0101.10M_raw_R1_gc_rl.tsv.gz
"(34,35]",100706,FUM001.A0101.10M_raw_R1_gc_rl.tsv.gz
"(35,36]",117468,FUM001.A0101.10M_raw_R1_gc_rl.tsv.gz
"(36,37]",137958,FUM001.A0101.10M_raw_R1_gc_rl.tsv.gz
"(37,38]",72,FUM001.A0101.10M_raw_R1_gc_rl.tsv.gz
"(38,39]",157666,FUM001.A0101.10M_raw_R1_gc_rl.tsv.gz
"(39,40]",178967,FUM001.A0101.10M_raw_R1_gc_rl.tsv.gz
"(40,41]",197679,FUM001.A0101.10M_raw_R1_gc_rl.tsv.gz
"(41,42]",97,FUM001.A0101.10M_raw_R1_gc_rl.tsv.gz
"(42,43]",221224,FUM001.A0101.10M_raw_R1_gc_rl.tsv.gz
"(43,44]",257008,FUM001.A0101.10M_raw_R1_gc_rl.tsv.gz
"(44,45]",343104,FUM001.A0101.10M_raw_R1_gc_rl.tsv.gz
"(45,46]",164,FUM001.A0101.10M_raw_R1_gc_rl.tsv.gz
"(46,47]",369371,FUM001.A0101.10M_raw_R1_gc_rl.tsv.gz
"(47,48]",396114,FUM001.A0101.10M_raw_R1_gc_rl.tsv.gz
"(48,49]",612486,FUM001.A0101.10M_raw_R1_gc_rl.tsv.gz
"(49,50]",471928,FUM001.A0101.10M_raw_R1_gc_rl.tsv.gz
"(50,51]",281,FUM001.A0101.10M_raw_R1_gc_rl.tsv.gz
"(51,52]",577425,FUM001.A0101.10M_raw_R1_gc_rl.tsv.gz
"(52,53]",529426,FUM001.A0101.10M_raw_R1_gc_rl.tsv.gz
"(53,54]",544606,FUM001.A0101.10M_raw_R1_gc_rl.tsv.gz
"(54,55]",291,FUM001.A0101.10M_raw_R1_gc_rl.tsv.gz
"(55,56]",572585,FUM001.A0101.10M_raw_R1_gc_rl.tsv.gz
"(56,57]",588792,FUM001.A0101.10M_raw_R1_gc_rl.tsv.gz
"(57,58]",565387,FUM001.A0101.10M_raw_R1_gc_rl.tsv.gz
"(58,59]",251,FUM001.A0101.10M_raw_R1_gc_rl.tsv.gz
"(59,60]",521194,FUM001.A0101.10M_raw_R1_gc_rl.tsv.gz
"(60,61]",457950,FUM001.A0101.10M_raw_R1_gc_rl.tsv.gz
"(61,62]",385613,FUM001.A0101.10M_raw_R1_gc_rl.tsv.gz
"(62,63]",163,FUM001.A0101.10M_raw_R1_gc_rl.tsv.gz
"(63,64]",316311,FUM001.A0101.10M_raw_R1_gc_rl.tsv.gz
"(64,65]",251820,FUM001.A0101.10M_raw_R1_gc_rl.tsv.gz
"(65,66]",197930,FUM001.A0101.10M_raw_R1_gc_rl.tsv.gz
"(66,67]",68,FUM001.A0101.10M_raw_R1_gc_rl.tsv.gz
"(67,68]",151853,FUM001.A0101.10M_raw_R1_gc_rl.tsv.gz
"(68,69]",115423,FUM001.A0101.10M_raw_R1_gc_rl.tsv.gz
"(69,70]",86502,FUM001.A0101.10M_raw_R1_gc_rl.tsv.gz
"(70,71]",31,FUM001.A0101.10M_raw_R1_gc_rl.tsv.gz
"(71,72]",64546,FUM001.A0101.10M_raw_R1_gc_rl.tsv.gz
"(72,73]",47506,FUM001.A0101.10M_raw_R1_gc_rl.tsv.gz
"(73,74]",33837,FUM001.A0101.10M_raw_R1_gc_rl.tsv.gz
"(74,75]",23854,FUM001.A0101.10M_raw_R1_gc_rl.tsv.gz
"(75,76]",10,FUM001.A0101.10M_raw_R1_gc_rl.tsv.gz
"(76,77]",16753,FUM001.A0101.10M_raw_R1_gc_rl.tsv.gz
"(77,78]",11012,FUM001.A0101.10M_raw_R1_gc_rl.tsv.gz
"(78,79]",7135,FUM001.A0101.10M_raw_R1_gc_rl.tsv.gz
"(79,80]",1,FUM001.A0101.10M_raw_R1_gc_rl.tsv.gz
"(80,81]",4496,FUM001.A0101.10M_raw_R1_gc_rl.tsv.gz
"(81,82]",2627,FUM001.A0101.10M_raw_R1_gc_rl.tsv.gz
"(82,83]",1407,FUM001.A0101.10M_raw_R1_gc_rl.tsv.gz
"(83,84]",1,FUM001.A0101.10M_raw_R1_gc_rl.tsv.gz
"(84,85]",786,FUM001.A0101.10M_raw_R1_gc_rl.tsv.gz
"(85,86]",412,FUM001.A0101.10M_raw_R1_gc_rl.tsv.gz
"(86,87]",273,FUM001.A0101.10M_raw_R1_gc_rl.tsv.gz
"(88,89]",179,FUM001.A0101.10M_raw_R1_gc_rl.tsv.gz
"(89,90]",130,FUM001.A0101.10M_raw_R1_gc_rl.tsv.gz
"(90,91]",129,FUM001.A0101.10M_raw_R1_gc_rl.tsv.gz
"(92,93]",136,FUM001.A0101.10M_raw_R1_gc_rl.tsv.gz
"(93,94]",461,FUM001.A0101.10M_raw_R1_gc_rl.tsv.gz
"(94,95]",308,FUM001.A0101.10M_raw_R1_gc_rl.tsv.gz
"(96,97]",199,FUM001.A0101.10M_raw_R1_gc_rl.tsv.gz
"(97,98]",130,FUM001.A0101.10M_raw_R1_gc_rl.tsv.gz
"(98,99]",352,FUM001.A0101.10M_raw_R1_gc_rl.tsv.gz
"(99,100]",984,FUM001.A0101.10M_raw_R1_gc_rl.tsv.gz
"[0,1]",3,FUM001.A0102.SG1.4.10M_raw_R1_gc_rl.tsv.gz
"(1,2]",7,FUM001.A0102.SG1.4.10M_raw_R1_gc_rl.tsv.gz
"(2,3]",5,FUM001.A0102.SG1.4.10M_raw_R1_gc_rl.tsv.gz
"(3,4]",12,FUM001.A0102.SG1.4.10M_raw_R1_gc_rl.tsv.gz
"(5,6]",15,FUM001.A0102.SG1.4.10M_raw_R1_gc_rl.tsv.gz
"(6,7]",22,FUM001.A0102.SG1.4.10M_raw_R1_gc_rl.tsv.gz
"(7,8]",45,FUM001.A0102.SG1.4.10M_raw_R1_gc_rl.tsv.gz
"(9,10]",65,FUM001.A0102.SG1.4.10M_raw_R1_gc_rl.tsv.gz
"(10,11]",119,FUM001.A0102.SG1.4.10M_raw_R1_gc_rl.tsv.gz
"(11,12]",234,FUM001.A0102.SG1.4.10M_raw_R1_gc_rl.tsv.gz
"(13,14]",327,FUM001.A0102.SG1.4.10M_raw_R1_gc_rl.tsv.gz
"(14,15]",514,FUM001.A0102.SG1.4.10M_raw_R1_gc_rl.tsv.gz
"(15,16]",849,FUM001.A0102.SG1.4.10M_raw_R1_gc_rl.tsv.gz
"(16,17]",1,FUM001.A0102.SG1.4.10M_raw_R1_gc_rl.tsv.gz
"(17,18]",1306,FUM001.A0102.SG1.4.10M_raw_R1_gc_rl.tsv.gz
"(18,19]",2114,FUM001.A0102.SG1.4.10M_raw_R1_gc_rl.tsv.gz
"(19,20]",2969,FUM001.A0102.SG1.4.10M_raw_R1_gc_rl.tsv.gz
"(20,21]",4,FUM001.A0102.SG1.4.10M_raw_R1_gc_rl.tsv.gz
"(21,22]",4026,FUM001.A0102.SG1.4.10M_raw_R1_gc_rl.tsv.gz
"(22,23]",5311,FUM001.A0102.SG1.4.10M_raw_R1_gc_rl.tsv.gz
"(23,24]",6978,FUM001.A0102.SG1.4.10M_raw_R1_gc_rl.tsv.gz
"(24,25]",8961,FUM001.A0102.SG1.4.10M_raw_R1_gc_rl.tsv.gz
"(25,26]",4,FUM001.A0102.SG1.4.10M_raw_R1_gc_rl.tsv.gz
"(26,27]",11365,FUM001.A0102.SG1.4.10M_raw_R1_gc_rl.tsv.gz
"(27,28]",13974,FUM001.A0102.SG1.4.10M_raw_R1_gc_rl.tsv.gz
"(28,29]",17063,FUM001.A0102.SG1.4.10M_raw_R1_gc_rl.tsv.gz
"(29,30]",2,FUM001.A0102.SG1.4.10M_raw_R1_gc_rl.tsv.gz
"(30,31]",20518,FUM001.A0102.SG1.4.10M_raw_R1_gc_rl.tsv.gz
"(31,32]",24529,FUM001.A0102.SG1.4.10M_raw_R1_gc_rl.tsv.gz
"(32,33]",28984,FUM001.A0102.SG1.4.10M_raw_R1_gc_rl.tsv.gz
"(33,34]",6,FUM001.A0102.SG1.4.10M_raw_R1_gc_rl.tsv.gz
"(34,35]",34623,FUM001.A0102.SG1.4.10M_raw_R1_gc_rl.tsv.gz
"(35,36]",41306,FUM001.A0102.SG1.4.10M_raw_R1_gc_rl.tsv.gz
"(36,37]",49422,FUM001.A0102.SG1.4.10M_raw_R1_gc_rl.tsv.gz
"(37,38]",23,FUM001.A0102.SG1.4.10M_raw_R1_gc_rl.tsv.gz
"(38,39]",58804,FUM001.A0102.SG1.4.10M_raw_R1_gc_rl.tsv.gz
"(39,40]",69661,FUM001.A0102.SG1.4.10M_raw_R1_gc_rl.tsv.gz
"(40,41]",82097,FUM001.A0102.SG1.4.10M_raw_R1_gc_rl.tsv.gz
"(41,42]",29,FUM001.A0102.SG1.4.10M_raw_R1_gc_rl.tsv.gz
"(42,43]",97569,FUM001.A0102.SG1.4.10M_raw_R1_gc_rl.tsv.gz
"(43,44]",119795,FUM001.A0102.SG1.4.10M_raw_R1_gc_rl.tsv.gz
"(44,45]",226750,FUM001.A0102.SG1.4.10M_raw_R1_gc_rl.tsv.gz
"(45,46]",107,FUM001.A0102.SG1.4.10M_raw_R1_gc_rl.tsv.gz
"(46,47]",342684,FUM001.A0102.SG1.4.10M_raw_R1_gc_rl.tsv.gz
"(47,48]",295782,FUM001.A0102.SG1.4.10M_raw_R1_gc_rl.tsv.gz
"(48,49]",593699,FUM001.A0102.SG1.4.10M_raw_R1_gc_rl.tsv.gz
"(49,50]",1314944,FUM001.A0102.SG1.4.10M_raw_R1_gc_rl.tsv.gz
"(50,51]",646,FUM001.A0102.SG1.4.10M_raw_R1_gc_rl.tsv.gz
"(51,52]",2443281,FUM001.A0102.SG1.4.10M_raw_R1_gc_rl.tsv.gz
"(52,53]",2098196,FUM001.A0102.SG1.4.10M_raw_R1_gc_rl.tsv.gz
"(53,54]",960683,FUM001.A0102.SG1.4.10M_raw_R1_gc_rl.tsv.gz
"(54,55]",228,FUM001.A0102.SG1.4.10M_raw_R1_gc_rl.tsv.gz
"(55,56]",367559,FUM001.A0102.SG1.4.10M_raw_R1_gc_rl.tsv.gz
"(56,57]",188503,FUM001.A0102.SG1.4.10M_raw_R1_gc_rl.tsv.gz
"(57,58]",132570,FUM001.A0102.SG1.4.10M_raw_R1_gc_rl.tsv.gz
"(58,59]",53,FUM001.A0102.SG1.4.10M_raw_R1_gc_rl.tsv.gz
"(59,60]",96588,FUM001.A0102.SG1.4.10M_raw_R1_gc_rl.tsv.gz
"(60,61]",70905,FUM001.A0102.SG1.4.10M_raw_R1_gc_rl.tsv.gz
"(61,62]",51092,FUM001.A0102.SG1.4.10M_raw_R1_gc_rl.tsv.gz
"(62,63]",10,FUM001.A0102.SG1.4.10M_raw_R1_gc_rl.tsv.gz
"(63,64]",35780,FUM001.A0102.SG1.4.10M_raw_R1_gc_rl.tsv.gz
"(64,65]",24661,FUM001.A0102.SG1.4.10M_raw_R1_gc_rl.tsv.gz
"(65,66]",17249,FUM001.A0102.SG1.4.10M_raw_R1_gc_rl.tsv.gz
"(66,67]",4,FUM001.A0102.SG1.4.10M_raw_R1_gc_rl.tsv.gz
"(67,68]",11608,FUM001.A0102.SG1.4.10M_raw_R1_gc_rl.tsv.gz
"(68,69]",7933,FUM001.A0102.SG1.4.10M_raw_R1_gc_rl.tsv.gz
"(69,70]",5323,FUM001.A0102.SG1.4.10M_raw_R1_gc_rl.tsv.gz
"(71,72]",3604,FUM001.A0102.SG1.4.10M_raw_R1_gc_rl.tsv.gz
"(72,73]",2422,FUM001.A0102.SG1.4.10M_raw_R1_gc_rl.tsv.gz
"(73,74]",1476,FUM001.A0102.SG1.4.10M_raw_R1_gc_rl.tsv.gz
"(74,75]",886,FUM001.A0102.SG1.4.10M_raw_R1_gc_rl.tsv.gz
"(76,77]",491,FUM001.A0102.SG1.4.10M_raw_R1_gc_rl.tsv.gz
"(77,78]",218,FUM001.A0102.SG1.4.10M_raw_R1_gc_rl.tsv.gz
"(78,79]",105,FUM001.A0102.SG1.4.10M_raw_R1_gc_rl.tsv.gz
"(80,81]",57,FUM001.A0102.SG1.4.10M_raw_R1_gc_rl.tsv.gz
"(81,82]",39,FUM001.A0102.SG1.4.10M_raw_R1_gc_rl.tsv.gz
"(82,83]",27,FUM001.A0102.SG1.4.10M_raw_R1_gc_rl.tsv.gz
"(84,85]",14,FUM001.A0102.SG1.4.10M_raw_R1_gc_rl.tsv.gz
"(85,86]",13,FUM001.A0102.SG1.4.10M_raw_R1_gc_rl.tsv.gz
"(86,87]",16,FUM001.A0102.SG1.4.10M_raw_R1_gc_rl.tsv.gz
"(88,89]",11,FUM001.A0102.SG1.4.10M_raw_R1_gc_rl.tsv.gz
"(89,90]",16,FUM001.A0102.SG1.4.10M_raw_R1_gc_rl.tsv.gz
"(90,91]",17,FUM001.A0102.SG1.4.10M_raw_R1_gc_rl.tsv.gz
"(92,93]",8,FUM001.A0102.SG1.4.10M_raw_R1_gc_rl.tsv.gz
"(93,94]",30,FUM001.A0102.SG1.4.10M_raw_R1_gc_rl.tsv.gz
"(94,95]",11,FUM001.A0102.SG1.4.10M_raw_R1_gc_rl.tsv.gz
"(96,97]",14,FUM001.A0102.SG1.4.10M_raw_R1_gc_rl.tsv.gz
"(97,98]",21,FUM001.A0102.SG1.4.10M_raw_R1_gc_rl.tsv.gz
"(98,99]",4,FUM001.A0102.SG1.4.10M_raw_R1_gc_rl.tsv.gz
"(99,100]",1,FUM001.A0102.SG1.4.10M_raw_R1_gc_rl.tsv.gz
"(2,3]",1,FUM002.A0101.10M_raw_R1_gc_rl.tsv.gz
"(3,4]",1,FUM002.A0101.10M_raw_R1_gc_rl.tsv.gz
"(5,6]",1,FUM002.A0101.10M_raw_R1_gc_rl.tsv.gz
"(6,7]",2,FUM002.A0101.10M_raw_R1_gc_rl.tsv.gz
"(7,8]",2,FUM002.A0101.10M_raw_R1_gc_rl.tsv.gz
"(9,10]",1,FUM002.A0101.10M_raw_R1_gc_rl.tsv.gz
"(11,12]",3,FUM002.A0101.10M_raw_R1_gc_rl.tsv.gz
"(13,14]",14,FUM002.A0101.10M_raw_R1_gc_rl.tsv.gz
"(14,15]",18,FUM002.A0101.10M_raw_R1_gc_rl.tsv.gz
"(15,16]",65,FUM002.A0101.10M_raw_R1_gc_rl.tsv.gz
"(17,18]",138,FUM002.A0101.10M_raw_R1_gc_rl.tsv.gz
"(18,19]",253,FUM002.A0101.10M_raw_R1_gc_rl.tsv.gz
"(19,20]",451,FUM002.A0101.10M_raw_R1_gc_rl.tsv.gz
"(21,22]",788,FUM002.A0101.10M_raw_R1_gc_rl.tsv.gz
"(22,23]",1138,FUM002.A0101.10M_raw_R1_gc_rl.tsv.gz
"(23,24]",1810,FUM002.A0101.10M_raw_R1_gc_rl.tsv.gz
"(24,25]",2539,FUM002.A0101.10M_raw_R1_gc_rl.tsv.gz
"(25,26]",2,FUM002.A0101.10M_raw_R1_gc_rl.tsv.gz
"(26,27]",3668,FUM002.A0101.10M_raw_R1_gc_rl.tsv.gz
"(27,28]",5029,FUM002.A0101.10M_raw_R1_gc_rl.tsv.gz
"(28,29]",6948,FUM002.A0101.10M_raw_R1_gc_rl.tsv.gz
"(29,30]",3,FUM002.A0101.10M_raw_R1_gc_rl.tsv.gz
"(30,31]",9449,FUM002.A0101.10M_raw_R1_gc_rl.tsv.gz
"(31,32]",12720,FUM002.A0101.10M_raw_R1_gc_rl.tsv.gz
"(32,33]",17724,FUM002.A0101.10M_raw_R1_gc_rl.tsv.gz
"(33,34]",9,FUM002.A0101.10M_raw_R1_gc_rl.tsv.gz
"(34,35]",24080,FUM002.A0101.10M_raw_R1_gc_rl.tsv.gz
"(35,36]",33580,FUM002.A0101.10M_raw_R1_gc_rl.tsv.gz
"(36,37]",45831,FUM002.A0101.10M_raw_R1_gc_rl.tsv.gz
"(37,38]",27,FUM002.A0101.10M_raw_R1_gc_rl.tsv.gz
"(38,39]",63681,FUM002.A0101.10M_raw_R1_gc_rl.tsv.gz
"(39,40]",86444,FUM002.A0101.10M_raw_R1_gc_rl.tsv.gz
"(40,41]",117567,FUM002.A0101.10M_raw_R1_gc_rl.tsv.gz
"(41,42]",69,FUM002.A0101.10M_raw_R1_gc_rl.tsv.gz
"(42,43]",156812,FUM002.A0101.10M_raw_R1_gc_rl.tsv.gz
"(43,44]",204898,FUM002.A0101.10M_raw_R1_gc_rl.tsv.gz
"(44,45]",262112,FUM002.A0101.10M_raw_R1_gc_rl.tsv.gz
"(45,46]",141,FUM002.A0101.10M_raw_R1_gc_rl.tsv.gz
"(46,47]",332086,FUM002.A0101.10M_raw_R1_gc_rl.tsv.gz
"(47,48]",405371,FUM002.A0101.10M_raw_R1_gc_rl.tsv.gz
"(48,49]",487476,FUM002.A0101.10M_raw_R1_gc_rl.tsv.gz
"(49,50]",569413,FUM002.A0101.10M_raw_R1_gc_rl.tsv.gz
"(50,51]",325,FUM002.A0101.10M_raw_R1_gc_rl.tsv.gz
"(51,52]",641015,FUM002.A0101.10M_raw_R1_gc_rl.tsv.gz
"(52,53]",693437,FUM002.A0101.10M_raw_R1_gc_rl.tsv.gz
"(53,54]",716586,FUM002.A0101.10M_raw_R1_gc_rl.tsv.gz
"(54,55]",359,FUM002.A0101.10M_raw_R1_gc_rl.tsv.gz
"(55,56]",707839,FUM002.A0101.10M_raw_R1_gc_rl.tsv.gz
"(56,57]",672153,FUM002.A0101.10M_raw_R1_gc_rl.tsv.gz
"(57,58]",621808,FUM002.A0101.10M_raw_R1_gc_rl.tsv.gz
"(58,59]",262,FUM002.A0101.10M_raw_R1_gc_rl.tsv.gz
"(59,60]",558353,FUM002.A0101.10M_raw_R1_gc_rl.tsv.gz
"(60,61]",495351,FUM002.A0101.10M_raw_R1_gc_rl.tsv.gz
"(61,62]",431336,FUM002.A0101.10M_raw_R1_gc_rl.tsv.gz
"(62,63]",203,FUM002.A0101.10M_raw_R1_gc_rl.tsv.gz
"(63,64]",366787,FUM002.A0101.10M_raw_R1_gc_rl.tsv.gz
"(64,65]",302527,FUM002.A0101.10M_raw_R1_gc_rl.tsv.gz
"(65,66]",242988,FUM002.A0101.10M_raw_R1_gc_rl.tsv.gz
"(66,67]",134,FUM002.A0101.10M_raw_R1_gc_rl.tsv.gz
"(67,68]",190687,FUM002.A0101.10M_raw_R1_gc_rl.tsv.gz
"(68,69]",146176,FUM002.A0101.10M_raw_R1_gc_rl.tsv.gz
"(69,70]",109462,FUM002.A0101.10M_raw_R1_gc_rl.tsv.gz
"(70,71]",46,FUM002.A0101.10M_raw_R1_gc_rl.tsv.gz
"(71,72]",80434,FUM002.A0101.10M_raw_R1_gc_rl.tsv.gz
"(72,73]",57812,FUM002.A0101.10M_raw_R1_gc_rl.tsv.gz
"(73,74]",40469,FUM002.A0101.10M_raw_R1_gc_rl.tsv.gz
"(74,75]",27136,FUM002.A0101.10M_raw_R1_gc_rl.tsv.gz
"(75,76]",9,FUM002.A0101.10M_raw_R1_gc_rl.tsv.gz
"(76,77]",17570,FUM002.A0101.10M_raw_R1_gc_rl.tsv.gz
"(77,78]",10985,FUM002.A0101.10M_raw_R1_gc_rl.tsv.gz
"(78,79]",6328,FUM002.A0101.10M_raw_R1_gc_rl.tsv.gz
"(79,80]",2,FUM002.A0101.10M_raw_R1_gc_rl.tsv.gz
"(80,81]",3398,FUM002.A0101.10M_raw_R1_gc_rl.tsv.gz
"(81,82]",1638,FUM002.A0101.10M_raw_R1_gc_rl.tsv.gz
"(82,83]",786,FUM002.A0101.10M_raw_R1_gc_rl.tsv.gz
"(84,85]",348,FUM002.A0101.10M_raw_R1_gc_rl.tsv.gz
"(85,86]",151,FUM002.A0101.10M_raw_R1_gc_rl.tsv.gz
"(86,87]",72,FUM002.A0101.10M_raw_R1_gc_rl.tsv.gz
"(88,89]",54,FUM002.A0101.10M_raw_R1_gc_rl.tsv.gz
"(89,90]",54,FUM002.A0101.10M_raw_R1_gc_rl.tsv.gz
"(90,91]",59,FUM002.A0101.10M_raw_R1_gc_rl.tsv.gz
"(92,93]",112,FUM002.A0101.10M_raw_R1_gc_rl.tsv.gz
"(93,94]",467,FUM002.A0101.10M_raw_R1_gc_rl.tsv.gz
"(94,95]",402,FUM002.A0101.10M_raw_R1_gc_rl.tsv.gz
"(96,97]",168,FUM002.A0101.10M_raw_R1_gc_rl.tsv.gz
"(97,98]",97,FUM002.A0101.10M_raw_R1_gc_rl.tsv.gz
"(98,99]",525,FUM002.A0101.10M_raw_R1_gc_rl.tsv.gz
"(99,100]",725,FUM002.A0101.10M_raw_R1_gc_rl.tsv.gz
"(1,2]",4,FUM002.A0102.SG1.5.10M_raw_R1_gc_rl.tsv.gz
"(3,4]",6,FUM002.A0102.SG1.5.10M_raw_R1_gc_rl.tsv.gz
"(5,6]",10,FUM002.A0102.SG1.5.10M_raw_R1_gc_rl.tsv.gz
"(6,7]",30,FUM002.A0102.SG1.5.10M_raw_R1_gc_rl.tsv.gz
"(7,8]",62,FUM002.A0102.SG1.5.10M_raw_R1_gc_rl.tsv.gz
"(9,10]",104,FUM002.A0102.SG1.5.10M_raw_R1_gc_rl.tsv.gz
"(10,11]",143,FUM002.A0102.SG1.5.10M_raw_R1_gc_rl.tsv.gz
"(11,12]",244,FUM002.A0102.SG1.5.10M_raw_R1_gc_rl.tsv.gz
"(13,14]",360,FUM002.A0102.SG1.5.10M_raw_R1_gc_rl.tsv.gz
"(14,15]",592,FUM002.A0102.SG1.5.10M_raw_R1_gc_rl.tsv.gz
"(15,16]",836,FUM002.A0102.SG1.5.10M_raw_R1_gc_rl.tsv.gz
"(16,17]",1,FUM002.A0102.SG1.5.10M_raw_R1_gc_rl.tsv.gz
"(17,18]",1140,FUM002.A0102.SG1.5.10M_raw_R1_gc_rl.tsv.gz
"(18,19]",1719,FUM002.A0102.SG1.5.10M_raw_R1_gc_rl.tsv.gz
"(19,20]",2445,FUM002.A0102.SG1.5.10M_raw_R1_gc_rl.tsv.gz
"(20,21]",3,FUM002.A0102.SG1.5.10M_raw_R1_gc_rl.tsv.gz
"(21,22]",3352,FUM002.A0102.SG1.5.10M_raw_R1_gc_rl.tsv.gz
"(22,23]",4480,FUM002.A0102.SG1.5.10M_raw_R1_gc_rl.tsv.gz
"(23,24]",5840,FUM002.A0102.SG1.5.10M_raw_R1_gc_rl.tsv.gz
"(24,25]",7628,FUM002.A0102.SG1.5.10M_raw_R1_gc_rl.tsv.gz
"(25,26]",1,FUM002.A0102.SG1.5.10M_raw_R1_gc_rl.tsv.gz
"(26,27]",9811,FUM002.A0102.SG1.5.10M_raw_R1_gc_rl.tsv.gz
"(27,28]",12240,FUM002.A0102.SG1.5.10M_raw_R1_gc_rl.tsv.gz
"(28,29]",15508,FUM002.A0102.SG1.5.10M_raw_R1_gc_rl.tsv.gz
"(29,30]",5,FUM002.A0102.SG1.5.10M_raw_R1_gc_rl.tsv.gz
"(30,31]",19574,FUM002.A0102.SG1.5.10M_raw_R1_gc_rl.tsv.gz
"(31,32]",24686,FUM002.A0102.SG1.5.10M_raw_R1_gc_rl.tsv.gz
"(32,33]",31687,FUM002.A0102.SG1.5.10M_raw_R1_gc_rl.tsv.gz
"(33,34]",5,FUM002.A0102.SG1.5.10M_raw_R1_gc_rl.tsv.gz
"(34,35]",39958,FUM002.A0102.SG1.5.10M_raw_R1_gc_rl.tsv.gz
"(35,36]",50750,FUM002.A0102.SG1.5.10M_raw_R1_gc_rl.tsv.gz
"(36,37]",64666,FUM002.A0102.SG1.5.10M_raw_R1_gc_rl.tsv.gz
"(37,38]",31,FUM002.A0102.SG1.5.10M_raw_R1_gc_rl.tsv.gz
"(38,39]",83901,FUM002.A0102.SG1.5.10M_raw_R1_gc_rl.tsv.gz
"(39,40]",107541,FUM002.A0102.SG1.5.10M_raw_R1_gc_rl.tsv.gz
"(40,41]",136826,FUM002.A0102.SG1.5.10M_raw_R1_gc_rl.tsv.gz
"(41,42]",56,FUM002.A0102.SG1.5.10M_raw_R1_gc_rl.tsv.gz
"(42,43]",174776,FUM002.A0102.SG1.5.10M_raw_R1_gc_rl.tsv.gz
"(43,44]",220891,FUM002.A0102.SG1.5.10M_raw_R1_gc_rl.tsv.gz
"(44,45]",286984,FUM002.A0102.SG1.5.10M_raw_R1_gc_rl.tsv.gz
"(45,46]",109,FUM002.A0102.SG1.5.10M_raw_R1_gc_rl.tsv.gz
"(46,47]",353144,FUM002.A0102.SG1.5.10M_raw_R1_gc_rl.tsv.gz
"(47,48]",424125,FUM002.A0102.SG1.5.10M_raw_R1_gc_rl.tsv.gz
"(48,49]",532339,FUM002.A0102.SG1.5.10M_raw_R1_gc_rl.tsv.gz
"(49,50]",683197,FUM002.A0102.SG1.5.10M_raw_R1_gc_rl.tsv.gz
"(50,51]",280,FUM002.A0102.SG1.5.10M_raw_R1_gc_rl.tsv.gz
"(51,52]",862477,FUM002.A0102.SG1.5.10M_raw_R1_gc_rl.tsv.gz
"(52,53]",935038,FUM002.A0102.SG1.5.10M_raw_R1_gc_rl.tsv.gz
"(53,54]",896552,FUM002.A0102.SG1.5.10M_raw_R1_gc_rl.tsv.gz
"(54,55]",328,FUM002.A0102.SG1.5.10M_raw_R1_gc_rl.tsv.gz
"(55,56]",845387,FUM002.A0102.SG1.5.10M_raw_R1_gc_rl.tsv.gz
"(56,57]",762993,FUM002.A0102.SG1.5.10M_raw_R1_gc_rl.tsv.gz
"(57,58]",643904,FUM002.A0102.SG1.5.10M_raw_R1_gc_rl.tsv.gz
"(58,59]",225,FUM002.A0102.SG1.5.10M_raw_R1_gc_rl.tsv.gz
"(59,60]",505434,FUM002.A0102.SG1.5.10M_raw_R1_gc_rl.tsv.gz
"(60,61]",376451,FUM002.A0102.SG1.5.10M_raw_R1_gc_rl.tsv.gz
"(61,62]",274696,FUM002.A0102.SG1.5.10M_raw_R1_gc_rl.tsv.gz
"(62,63]",74,FUM002.A0102.SG1.5.10M_raw_R1_gc_rl.tsv.gz
"(63,64]",195469,FUM002.A0102.SG1.5.10M_raw_R1_gc_rl.tsv.gz
"(64,65]",135337,FUM002.A0102.SG1.5.10M_raw_R1_gc_rl.tsv.gz
"(65,66]",91743,FUM002.A0102.SG1.5.10M_raw_R1_gc_rl.tsv.gz
"(66,67]",29,FUM002.A0102.SG1.5.10M_raw_R1_gc_rl.tsv.gz
"(67,68]",61072,FUM002.A0102.SG1.5.10M_raw_R1_gc_rl.tsv.gz
"(68,69]",40309,FUM002.A0102.SG1.5.10M_raw_R1_gc_rl.tsv.gz
"(69,70]",27057,FUM002.A0102.SG1.5.10M_raw_R1_gc_rl.tsv.gz
"(70,71]",9,FUM002.A0102.SG1.5.10M_raw_R1_gc_rl.tsv.gz
"(71,72]",17804,FUM002.A0102.SG1.5.10M_raw_R1_gc_rl.tsv.gz
"(72,73]",11346,FUM002.A0102.SG1.5.10M_raw_R1_gc_rl.tsv.gz
"(73,74]",7076,FUM002.A0102.SG1.5.10M_raw_R1_gc_rl.tsv.gz
"(74,75]",3956,FUM002.A0102.SG1.5.10M_raw_R1_gc_rl.tsv.gz
"(76,77]",1847,FUM002.A0102.SG1.5.10M_raw_R1_gc_rl.tsv.gz
"(77,78]",715,FUM002.A0102.SG1.5.10M_raw_R1_gc_rl.tsv.gz
"(78,79]",210,FUM002.A0102.SG1.5.10M_raw_R1_gc_rl.tsv.gz
"(80,81]",75,FUM002.A0102.SG1.5.10M_raw_R1_gc_rl.tsv.gz
"(81,82]",26,FUM002.A0102.SG1.5.10M_raw_R1_gc_rl.tsv.gz
"(82,83]",22,FUM002.A0102.SG1.5.10M_raw_R1_gc_rl.tsv.gz
"(84,85]",24,FUM002.A0102.SG1.5.10M_raw_R1_gc_rl.tsv.gz
"(85,86]",12,FUM002.A0102.SG1.5.10M_raw_R1_gc_rl.tsv.gz
"(86,87]",10,FUM002.A0102.SG1.5.10M_raw_R1_gc_rl.tsv.gz
"(88,89]",10,FUM002.A0102.SG1.5.10M_raw_R1_gc_rl.tsv.gz
"(89,90]",14,FUM002.A0102.SG1.5.10M_raw_R1_gc_rl.tsv.gz
"(90,91]",12,FUM002.A0102.SG1.5.10M_raw_R1_gc_rl.tsv.gz
"(92,93]",14,FUM002.A0102.SG1.5.10M_raw_R1_gc_rl.tsv.gz
"(93,94]",95,FUM002.A0102.SG1.5.10M_raw_R1_gc_rl.tsv.gz
"(94,95]",40,FUM002.A0102.SG1.5.10M_raw_R1_gc_rl.tsv.gz
"(96,97]",9,FUM002.A0102.SG1.5.10M_raw_R1_gc_rl.tsv.gz
"(97,98]",6,FUM002.A0102.SG1.5.10M_raw_R1_gc_rl.tsv.gz
"(98,99]",3,FUM002.A0102.SG1.5.10M_raw_R1_gc_rl.tsv.gz
"(2,3]",2,FUM003.A0101.10M_raw_R1_gc_rl.tsv.gz
"(5,6]",1,FUM003.A0101.10M_raw_R1_gc_rl.tsv.gz
"(6,7]",2,FUM003.A0101.10M_raw_R1_gc_rl.tsv.gz
"(7,8]",8,FUM003.A0101.10M_raw_R1_gc_rl.tsv.gz
"(9,10]",4,FUM003.A0101.10M_raw_R1_gc_rl.tsv.gz
"(10,11]",5,FUM003.A0101.10M_raw_R1_gc_rl.tsv.gz
"(11,12]",12,FUM003.A0101.10M_raw_R1_gc_rl.tsv.gz
"(13,14]",19,FUM003.A0101.10M_raw_R1_gc_rl.tsv.gz
"(14,15]",55,FUM003.A0101.10M_raw_R1_gc_rl.tsv.gz
"(15,16]",120,FUM003.A0101.10M_raw_R1_gc_rl.tsv.gz
"(17,18]",234,FUM003.A0101.10M_raw_R1_gc_rl.tsv.gz
"(18,19]",444,FUM003.A0101.10M_raw_R1_gc_rl.tsv.gz
"(19,20]",851,FUM003.A0101.10M_raw_R1_gc_rl.tsv.gz
"(21,22]",1458,FUM003.A0101.10M_raw_R1_gc_rl.tsv.gz
"(22,23]",2243,FUM003.A0101.10M_raw_R1_gc_rl.tsv.gz
"(23,24]",3601,FUM003.A0101.10M_raw_R1_gc_rl.tsv.gz
"(24,25]",5091,FUM003.A0101.10M_raw_R1_gc_rl.tsv.gz
"(25,26]",4,FUM003.A0101.10M_raw_R1_gc_rl.tsv.gz
"(26,27]",7021,FUM003.A0101.10M_raw_R1_gc_rl.tsv.gz
"(27,28]",9412,FUM003.A0101.10M_raw_R1_gc_rl.tsv.gz
"(28,29]",11999,FUM003.A0101.10M_raw_R1_gc_rl.tsv.gz
"(29,30]",7,FUM003.A0101.10M_raw_R1_gc_rl.tsv.gz
"(30,31]",15432,FUM003.A0101.10M_raw_R1_gc_rl.tsv.gz
"(31,32]",19384,FUM003.A0101.10M_raw_R1_gc_rl.tsv.gz
"(32,33]",24020,FUM003.A0101.10M_raw_R1_gc_rl.tsv.gz
"(33,34]",11,FUM003.A0101.10M_raw_R1_gc_rl.tsv.gz
"(34,35]",29694,FUM003.A0101.10M_raw_R1_gc_rl.tsv.gz
"(35,36]",36044,FUM003.A0101.10M_raw_R1_gc_rl.tsv.gz
"(36,37]",43336,FUM003.A0101.10M_raw_R1_gc_rl.tsv.gz
"(37,38]",17,FUM003.A0101.10M_raw_R1_gc_rl.tsv.gz
"(38,39]",51391,FUM003.A0101.10M_raw_R1_gc_rl.tsv.gz
"(39,40]",61244,FUM003.A0101.10M_raw_R1_gc_rl.tsv.gz
"(40,41]",71775,FUM003.A0101.10M_raw_R1_gc_rl.tsv.gz
"(41,42]",37,FUM003.A0101.10M_raw_R1_gc_rl.tsv.gz
"(42,43]",84053,FUM003.A0101.10M_raw_R1_gc_rl.tsv.gz
"(43,44]",97699,FUM003.A0101.10M_raw_R1_gc_rl.tsv.gz
"(44,45]",115369,FUM003.A0101.10M_raw_R1_gc_rl.tsv.gz
"(45,46]",56,FUM003.A0101.10M_raw_R1_gc_rl.tsv.gz
"(46,47]",135063,FUM003.A0101.10M_raw_R1_gc_rl.tsv.gz
"(47,48]",163632,FUM003.A0101.10M_raw_R1_gc_rl.tsv.gz
"(48,49]",193608,FUM003.A0101.10M_raw_R1_gc_rl.tsv.gz
"(49,50]",231243,FUM003.A0101.10M_raw_R1_gc_rl.tsv.gz
"(50,51]",151,FUM003.A0101.10M_raw_R1_gc_rl.tsv.gz
"(51,52]",293166,FUM003.A0101.10M_raw_R1_gc_rl.tsv.gz
"(52,53]",342261,FUM003.A0101.10M_raw_R1_gc_rl.tsv.gz
"(53,54]",425795,FUM003.A0101.10M_raw_R1_gc_rl.tsv.gz
"(54,55]",243,FUM003.A0101.10M_raw_R1_gc_rl.tsv.gz
"(55,56]",512105,FUM003.A0101.10M_raw_R1_gc_rl.tsv.gz
"(56,57]",600809,FUM003.A0101.10M_raw_R1_gc_rl.tsv.gz
"(57,58]",676181,FUM003.A0101.10M_raw_R1_gc_rl.tsv.gz
"(58,59]",341,FUM003.A0101.10M_raw_R1_gc_rl.tsv.gz
"(59,60]",724120,FUM003.A0101.10M_raw_R1_gc_rl.tsv.gz
"(60,61]",729808,FUM003.A0101.10M_raw_R1_gc_rl.tsv.gz
"(61,62]",700217,FUM003.A0101.10M_raw_R1_gc_rl.tsv.gz
"(62,63]",305,FUM003.A0101.10M_raw_R1_gc_rl.tsv.gz
"(63,64]",640722,FUM003.A0101.10M_raw_R1_gc_rl.tsv.gz
"(64,65]",565724,FUM003.A0101.10M_raw_R1_gc_rl.tsv.gz
"(65,66]",489933,FUM003.A0101.10M_raw_R1_gc_rl.tsv.gz
"(66,67]",210,FUM003.A0101.10M_raw_R1_gc_rl.tsv.gz
"(67,68]",419636,FUM003.A0101.10M_raw_R1_gc_rl.tsv.gz
"(68,69]",353848,FUM003.A0101.10M_raw_R1_gc_rl.tsv.gz
"(69,70]",293300,FUM003.A0101.10M_raw_R1_gc_rl.tsv.gz
"(70,71]",123,FUM003.A0101.10M_raw_R1_gc_rl.tsv.gz
"(71,72]",236425,FUM003.A0101.10M_raw_R1_gc_rl.tsv.gz
"(72,73]",184640,FUM003.A0101.10M_raw_R1_gc_rl.tsv.gz
"(73,74]",138325,FUM003.A0101.10M_raw_R1_gc_rl.tsv.gz
"(74,75]",98348,FUM003.A0101.10M_raw_R1_gc_rl.tsv.gz
"(75,76]",29,FUM003.A0101.10M_raw_R1_gc_rl.tsv.gz
"(76,77]",67474,FUM003.A0101.10M_raw_R1_gc_rl.tsv.gz
"(77,78]",42168,FUM003.A0101.10M_raw_R1_gc_rl.tsv.gz
"(78,79]",24582,FUM003.A0101.10M_raw_R1_gc_rl.tsv.gz
"(79,80]",3,FUM003.A0101.10M_raw_R1_gc_rl.tsv.gz
"(80,81]",12503,FUM003.A0101.10M_raw_R1_gc_rl.tsv.gz
"(81,82]",5392,FUM003.A0101.10M_raw_R1_gc_rl.tsv.gz
"(82,83]",1998,FUM003.A0101.10M_raw_R1_gc_rl.tsv.gz
"(84,85]",763,FUM003.A0101.10M_raw_R1_gc_rl.tsv.gz
"(85,86]",361,FUM003.A0101.10M_raw_R1_gc_rl.tsv.gz
"(86,87]",233,FUM003.A0101.10M_raw_R1_gc_rl.tsv.gz
"(88,89]",156,FUM003.A0101.10M_raw_R1_gc_rl.tsv.gz
"(89,90]",111,FUM003.A0101.10M_raw_R1_gc_rl.tsv.gz
"(90,91]",117,FUM003.A0101.10M_raw_R1_gc_rl.tsv.gz
"(92,93]",90,FUM003.A0101.10M_raw_R1_gc_rl.tsv.gz
"(93,94]",250,FUM003.A0101.10M_raw_R1_gc_rl.tsv.gz
"(94,95]",244,FUM003.A0101.10M_raw_R1_gc_rl.tsv.gz
"(96,97]",139,FUM003.A0101.10M_raw_R1_gc_rl.tsv.gz
"(97,98]",85,FUM003.A0101.10M_raw_R1_gc_rl.tsv.gz
"(98,99]",320,FUM003.A0101.10M_raw_R1_gc_rl.tsv.gz
"(99,100]",545,FUM003.A0101.10M_raw_R1_gc_rl.tsv.gz
"[0,1]",1,FUM003.A0102.SG1.4.10M_raw_R1_gc_rl.tsv.gz
"(1,2]",2,FUM003.A0102.SG1.4.10M_raw_R1_gc_rl.tsv.gz
"(2,3]",1,FUM003.A0102.SG1.4.10M_raw_R1_gc_rl.tsv.gz
"(3,4]",2,FUM003.A0102.SG1.4.10M_raw_R1_gc_rl.tsv.gz
"(5,6]",11,FUM003.A0102.SG1.4.10M_raw_R1_gc_rl.tsv.gz
"(6,7]",25,FUM003.A0102.SG1.4.10M_raw_R1_gc_rl.tsv.gz
"(7,8]",13,FUM003.A0102.SG1.4.10M_raw_R1_gc_rl.tsv.gz
"(9,10]",48,FUM003.A0102.SG1.4.10M_raw_R1_gc_rl.tsv.gz
"(10,11]",79,FUM003.A0102.SG1.4.10M_raw_R1_gc_rl.tsv.gz
"(11,12]",117,FUM003.A0102.SG1.4.10M_raw_R1_gc_rl.tsv.gz
"(13,14]",186,FUM003.A0102.SG1.4.10M_raw_R1_gc_rl.tsv.gz
"(14,15]",268,FUM003.A0102.SG1.4.10M_raw_R1_gc_rl.tsv.gz
"(15,16]",434,FUM003.A0102.SG1.4.10M_raw_R1_gc_rl.tsv.gz
"(17,18]",610,FUM003.A0102.SG1.4.10M_raw_R1_gc_rl.tsv.gz
"(18,19]",977,FUM003.A0102.SG1.4.10M_raw_R1_gc_rl.tsv.gz
"(19,20]",1384,FUM003.A0102.SG1.4.10M_raw_R1_gc_rl.tsv.gz
"(21,22]",1911,FUM003.A0102.SG1.4.10M_raw_R1_gc_rl.tsv.gz
"(22,23]",2518,FUM003.A0102.SG1.4.10M_raw_R1_gc_rl.tsv.gz
"(23,24]",3342,FUM003.A0102.SG1.4.10M_raw_R1_gc_rl.tsv.gz
"(24,25]",4254,FUM003.A0102.SG1.4.10M_raw_R1_gc_rl.tsv.gz
"(25,26]",4,FUM003.A0102.SG1.4.10M_raw_R1_gc_rl.tsv.gz
"(26,27]",5420,FUM003.A0102.SG1.4.10M_raw_R1_gc_rl.tsv.gz
"(27,28]",6876,FUM003.A0102.SG1.4.10M_raw_R1_gc_rl.tsv.gz
"(28,29]",8487,FUM003.A0102.SG1.4.10M_raw_R1_gc_rl.tsv.gz
"(29,30]",4,FUM003.A0102.SG1.4.10M_raw_R1_gc_rl.tsv.gz
"(30,31]",10633,FUM003.A0102.SG1.4.10M_raw_R1_gc_rl.tsv.gz
"(31,32]",13433,FUM003.A0102.SG1.4.10M_raw_R1_gc_rl.tsv.gz
"(32,33]",16838,FUM003.A0102.SG1.4.10M_raw_R1_gc_rl.tsv.gz
"(33,34]",5,FUM003.A0102.SG1.4.10M_raw_R1_gc_rl.tsv.gz
"(34,35]",22063,FUM003.A0102.SG1.4.10M_raw_R1_gc_rl.tsv.gz
"(35,36]",28393,FUM003.A0102.SG1.4.10M_raw_R1_gc_rl.tsv.gz
"(36,37]",37362,FUM003.A0102.SG1.4.10M_raw_R1_gc_rl.tsv.gz
"(37,38]",13,FUM003.A0102.SG1.4.10M_raw_R1_gc_rl.tsv.gz
"(38,39]",48045,FUM003.A0102.SG1.4.10M_raw_R1_gc_rl.tsv.gz
"(39,40]",62148,FUM003.A0102.SG1.4.10M_raw_R1_gc_rl.tsv.gz
"(40,41]",80115,FUM003.A0102.SG1.4.10M_raw_R1_gc_rl.tsv.gz
"(41,42]",43,FUM003.A0102.SG1.4.10M_raw_R1_gc_rl.tsv.gz
"(42,43]",104943,FUM003.A0102.SG1.4.10M_raw_R1_gc_rl.tsv.gz
"(43,44]",171572,FUM003.A0102.SG1.4.10M_raw_R1_gc_rl.tsv.gz
"(44,45]",250941,FUM003.A0102.SG1.4.10M_raw_R1_gc_rl.tsv.gz
"(45,46]",101,FUM003.A0102.SG1.4.10M_raw_R1_gc_rl.tsv.gz
"(46,47]",241000,FUM003.A0102.SG1.4.10M_raw_R1_gc_rl.tsv.gz
"(47,48]",393816,FUM003.A0102.SG1.4.10M_raw_R1_gc_rl.tsv.gz
"(48,49]",720753,FUM003.A0102.SG1.4.10M_raw_R1_gc_rl.tsv.gz
"(49,50]",1227413,FUM003.A0102.SG1.4.10M_raw_R1_gc_rl.tsv.gz
"(50,51]",430,FUM003.A0102.SG1.4.10M_raw_R1_gc_rl.tsv.gz
"(51,52]",1240111,FUM003.A0102.SG1.4.10M_raw_R1_gc_rl.tsv.gz
"(52,53]",916326,FUM003.A0102.SG1.4.10M_raw_R1_gc_rl.tsv.gz
"(53,54]",739610,FUM003.A0102.SG1.4.10M_raw_R1_gc_rl.tsv.gz
"(54,55]",265,FUM003.A0102.SG1.4.10M_raw_R1_gc_rl.tsv.gz
"(55,56]",672961,FUM003.A0102.SG1.4.10M_raw_R1_gc_rl.tsv.gz
"(56,57]",602166,FUM003.A0102.SG1.4.10M_raw_R1_gc_rl.tsv.gz
"(57,58]",509245,FUM003.A0102.SG1.4.10M_raw_R1_gc_rl.tsv.gz
"(58,59]",156,FUM003.A0102.SG1.4.10M_raw_R1_gc_rl.tsv.gz
"(59,60]",415661,FUM003.A0102.SG1.4.10M_raw_R1_gc_rl.tsv.gz
"(60,61]",335611,FUM003.A0102.SG1.4.10M_raw_R1_gc_rl.tsv.gz
"(61,62]",268847,FUM003.A0102.SG1.4.10M_raw_R1_gc_rl.tsv.gz
"(62,63]",83,FUM003.A0102.SG1.4.10M_raw_R1_gc_rl.tsv.gz
"(63,64]",214020,FUM003.A0102.SG1.4.10M_raw_R1_gc_rl.tsv.gz
"(64,65]",167151,FUM003.A0102.SG1.4.10M_raw_R1_gc_rl.tsv.gz
"(65,66]",129560,FUM003.A0102.SG1.4.10M_raw_R1_gc_rl.tsv.gz
"(66,67]",41,FUM003.A0102.SG1.4.10M_raw_R1_gc_rl.tsv.gz
"(67,68]",98723,FUM003.A0102.SG1.4.10M_raw_R1_gc_rl.tsv.gz
"(68,69]",75003,FUM003.A0102.SG1.4.10M_raw_R1_gc_rl.tsv.gz
"(69,70]",55536,FUM003.A0102.SG1.4.10M_raw_R1_gc_rl.tsv.gz
"(70,71]",18,FUM003.A0102.SG1.4.10M_raw_R1_gc_rl.tsv.gz
"(71,72]",39334,FUM003.A0102.SG1.4.10M_raw_R1_gc_rl.tsv.gz
"(72,73]",26233,FUM003.A0102.SG1.4.10M_raw_R1_gc_rl.tsv.gz
"(73,74]",14831,FUM003.A0102.SG1.4.10M_raw_R1_gc_rl.tsv.gz
"(74,75]",6890,FUM003.A0102.SG1.4.10M_raw_R1_gc_rl.tsv.gz
"(75,76]",2,FUM003.A0102.SG1.4.10M_raw_R1_gc_rl.tsv.gz
"(76,77]",2492,FUM003.A0102.SG1.4.10M_raw_R1_gc_rl.tsv.gz
"(77,78]",689,FUM003.A0102.SG1.4.10M_raw_R1_gc_rl.tsv.gz
"(78,79]",225,FUM003.A0102.SG1.4.10M_raw_R1_gc_rl.tsv.gz
"(80,81]",108,FUM003.A0102.SG1.4.10M_raw_R1_gc_rl.tsv.gz
"(81,82]",98,FUM003.A0102.SG1.4.10M_raw_R1_gc_rl.tsv.gz
"(82,83]",83,FUM003.A0102.SG1.4.10M_raw_R1_gc_rl.tsv.gz
"(84,85]",89,FUM003.A0102.SG1.4.10M_raw_R1_gc_rl.tsv.gz
"(85,86]",70,FUM003.A0102.SG1.4.10M_raw_R1_gc_rl.tsv.gz
"(86,87]",60,FUM003.A0102.SG1.4.10M_raw_R1_gc_rl.tsv.gz
"(88,89]",62,FUM003.A0102.SG1.4.10M_raw_R1_gc_rl.tsv.gz
"(89,90]",64,FUM003.A0102.SG1.4.10M_raw_R1_gc_rl.tsv.gz
"(90,91]",59,FUM003.A0102.SG1.4.10M_raw_R1_gc_rl.tsv.gz
"(92,93]",59,FUM003.A0102.SG1.4.10M_raw_R1_gc_rl.tsv.gz
"(93,94]",93,FUM003.A0102.SG1.4.10M_raw_R1_gc_rl.tsv.gz
"(94,95]",97,FUM003.A0102.SG1.4.10M_raw_R1_gc_rl.tsv.gz
"(96,97]",85,FUM003.A0102.SG1.4.10M_raw_R1_gc_rl.tsv.gz
"(97,98]",83,FUM003.A0102.SG1.4.10M_raw_R1_gc_rl.tsv.gz
"(98,99]",53,FUM003.A0102.SG1.4.10M_raw_R1_gc_rl.tsv.gz
"(99,100]",13,FUM003.A0102.SG1.4.10M_raw_R1_gc_rl.tsv.gz
"(2,3]",3,GDN001.A0101.10M_raw_R1_gc_rl.tsv.gz
"(3,4]",2,GDN001.A0101.10M_raw_R1_gc_rl.tsv.gz
"(5,6]",11,GDN001.A0101.10M_raw_R1_gc_rl.tsv.gz
"(6,7]",12,GDN001.A0101.10M_raw_R1_gc_rl.tsv.gz
"(7,8]",9,GDN001.A0101.10M_raw_R1_gc_rl.tsv.gz
"(9,10]",26,GDN001.A0101.10M_raw_R1_gc_rl.tsv.gz
"(10,11]",47,GDN001.A0101.10M_raw_R1_gc_rl.tsv.gz
"(11,12]",161,GDN001.A0101.10M_raw_R1_gc_rl.tsv.gz
"(13,14]",405,GDN001.A0101.10M_raw_R1_gc_rl.tsv.gz
"(14,15]",1193,GDN001.A0101.10M_raw_R1_gc_rl.tsv.gz
"(15,16]",2601,GDN001.A0101.10M_raw_R1_gc_rl.tsv.gz
"(16,17]",3,GDN001.A0101.10M_raw_R1_gc_rl.tsv.gz
"(17,18]",6083,GDN001.A0101.10M_raw_R1_gc_rl.tsv.gz
"(18,19]",11742,GDN001.A0101.10M_raw_R1_gc_rl.tsv.gz
"(19,20]",20197,GDN001.A0101.10M_raw_R1_gc_rl.tsv.gz
"(20,21]",8,GDN001.A0101.10M_raw_R1_gc_rl.tsv.gz
"(21,22]",30333,GDN001.A0101.10M_raw_R1_gc_rl.tsv.gz
"(22,23]",41611,GDN001.A0101.10M_raw_R1_gc_rl.tsv.gz
"(23,24]",52162,GDN001.A0101.10M_raw_R1_gc_rl.tsv.gz
"(24,25]",61137,GDN001.A0101.10M_raw_R1_gc_rl.tsv.gz
"(25,26]",34,GDN001.A0101.10M_raw_R1_gc_rl.tsv.gz
"(26,27]",70241,GDN001.A0101.10M_raw_R1_gc_rl.tsv.gz
"(27,28]",76015,GDN001.A0101.10M_raw_R1_gc_rl.tsv.gz
"(28,29]",81814,GDN001.A0101.10M_raw_R1_gc_rl.tsv.gz
"(29,30]",49,GDN001.A0101.10M_raw_R1_gc_rl.tsv.gz
"(30,31]",85951,GDN001.A0101.10M_raw_R1_gc_rl.tsv.gz
"(31,32]",87519,GDN001.A0101.10M_raw_R1_gc_rl.tsv.gz
"(32,33]",90264,GDN001.A0101.10M_raw_R1_gc_rl.tsv.gz
"(33,34]",52,GDN001.A0101.10M_raw_R1_gc_rl.tsv.gz
"(34,35]",92897,GDN001.A0101.10M_raw_R1_gc_rl.tsv.gz
"(35,36]",93895,GDN001.A0101.10M_raw_R1_gc_rl.tsv.gz
"(36,37]",96321,GDN001.A0101.10M_raw_R1_gc_rl.tsv.gz
"(37,38]",64,GDN001.A0101.10M_raw_R1_gc_rl.tsv.gz
"(38,39]",100010,GDN001.A0101.10M_raw_R1_gc_rl.tsv.gz
"(39,40]",103120,GDN001.A0101.10M_raw_R1_gc_rl.tsv.gz
"(40,41]",106711,GDN001.A0101.10M_raw_R1_gc_rl.tsv.gz
"(41,42]",78,GDN001.A0101.10M_raw_R1_gc_rl.tsv.gz
"(42,43]",113730,GDN001.A0101.10M_raw_R1_gc_rl.tsv.gz
"(43,44]",131731,GDN001.A0101.10M_raw_R1_gc_rl.tsv.gz
"(44,45]",215704,GDN001.A0101.10M_raw_R1_gc_rl.tsv.gz
"(45,46]",145,GDN001.A0101.10M_raw_R1_gc_rl.tsv.gz
"(46,47]",233777,GDN001.A0101.10M_raw_R1_gc_rl.tsv.gz
"(47,48]",245019,GDN001.A0101.10M_raw_R1_gc_rl.tsv.gz
"(48,49]",379661,GDN001.A0101.10M_raw_R1_gc_rl.tsv.gz
"(49,50]",256103,GDN001.A0101.10M_raw_R1_gc_rl.tsv.gz
"(50,51]",191,GDN001.A0101.10M_raw_R1_gc_rl.tsv.gz
"(51,52]",345605,GDN001.A0101.10M_raw_R1_gc_rl.tsv.gz
"(52,53]",277117,GDN001.A0101.10M_raw_R1_gc_rl.tsv.gz
"(53,54]",270090,GDN001.A0101.10M_raw_R1_gc_rl.tsv.gz
"(54,55]",175,GDN001.A0101.10M_raw_R1_gc_rl.tsv.gz
"(55,56]",300711,GDN001.A0101.10M_raw_R1_gc_rl.tsv.gz
"(56,57]",351970,GDN001.A0101.10M_raw_R1_gc_rl.tsv.gz
"(57,58]",405164,GDN001.A0101.10M_raw_R1_gc_rl.tsv.gz
"(58,59]",267,GDN001.A0101.10M_raw_R1_gc_rl.tsv.gz
"(59,60]",463904,GDN001.A0101.10M_raw_R1_gc_rl.tsv.gz
"(60,61]",516436,GDN001.A0101.10M_raw_R1_gc_rl.tsv.gz
"(61,62]",553741,GDN001.A0101.10M_raw_R1_gc_rl.tsv.gz
"(62,63]",369,GDN001.A0101.10M_raw_R1_gc_rl.tsv.gz
"(63,64]",562914,GDN001.A0101.10M_raw_R1_gc_rl.tsv.gz
"(64,65]",547968,GDN001.A0101.10M_raw_R1_gc_rl.tsv.gz
"(65,66]",504943,GDN001.A0101.10M_raw_R1_gc_rl.tsv.gz
"(66,67]",263,GDN001.A0101.10M_raw_R1_gc_rl.tsv.gz
"(67,68]",450043,GDN001.A0101.10M_raw_R1_gc_rl.tsv.gz
"(68,69]",382722,GDN001.A0101.10M_raw_R1_gc_rl.tsv.gz
"(69,70]",314943,GDN001.A0101.10M_raw_R1_gc_rl.tsv.gz
"(70,71]",146,GDN001.A0101.10M_raw_R1_gc_rl.tsv.gz
"(71,72]",248052,GDN001.A0101.10M_raw_R1_gc_rl.tsv.gz
"(72,73]",191331,GDN001.A0101.10M_raw_R1_gc_rl.tsv.gz
"(73,74]",141660,GDN001.A0101.10M_raw_R1_gc_rl.tsv.gz
"(74,75]",101681,GDN001.A0101.10M_raw_R1_gc_rl.tsv.gz
"(75,76]",44,GDN001.A0101.10M_raw_R1_gc_rl.tsv.gz
"(76,77]",70056,GDN001.A0101.10M_raw_R1_gc_rl.tsv.gz
"(77,78]",46701,GDN001.A0101.10M_raw_R1_gc_rl.tsv.gz
"(78,79]",28227,GDN001.A0101.10M_raw_R1_gc_rl.tsv.gz
"(79,80]",11,GDN001.A0101.10M_raw_R1_gc_rl.tsv.gz
"(80,81]",16127,GDN001.A0101.10M_raw_R1_gc_rl.tsv.gz
"(81,82]",8119,GDN001.A0101.10M_raw_R1_gc_rl.tsv.gz
"(82,83]",3565,GDN001.A0101.10M_raw_R1_gc_rl.tsv.gz
"(83,84]",2,GDN001.A0101.10M_raw_R1_gc_rl.tsv.gz
"(84,85]",1402,GDN001.A0101.10M_raw_R1_gc_rl.tsv.gz
"(85,86]",710,GDN001.A0101.10M_raw_R1_gc_rl.tsv.gz
"(86,87]",393,GDN001.A0101.10M_raw_R1_gc_rl.tsv.gz
"(88,89]",291,GDN001.A0101.10M_raw_R1_gc_rl.tsv.gz
"(89,90]",256,GDN001.A0101.10M_raw_R1_gc_rl.tsv.gz
"(90,91]",165,GDN001.A0101.10M_raw_R1_gc_rl.tsv.gz
"(91,92]",1,GDN001.A0101.10M_raw_R1_gc_rl.tsv.gz
"(92,93]",179,GDN001.A0101.10M_raw_R1_gc_rl.tsv.gz
"(93,94]",578,GDN001.A0101.10M_raw_R1_gc_rl.tsv.gz
"(94,95]",347,GDN001.A0101.10M_raw_R1_gc_rl.tsv.gz
"(96,97]",206,GDN001.A0101.10M_raw_R1_gc_rl.tsv.gz
"(97,98]",161,GDN001.A0101.10M_raw_R1_gc_rl.tsv.gz
"(98,99]",598,GDN001.A0101.10M_raw_R1_gc_rl.tsv.gz
"(99,100]",804,GDN001.A0101.10M_raw_R1_gc_rl.tsv.gz
"[0,1]",5,GDN001.A0102.SG1.3.10M_raw_R1_gc_rl.tsv.gz
"(1,2]",18,GDN001.A0102.SG1.3.10M_raw_R1_gc_rl.tsv.gz
"(2,3]",111,GDN001.A0102.SG1.3.10M_raw_R1_gc_rl.tsv.gz
"(3,4]",262,GDN001.A0102.SG1.3.10M_raw_R1_gc_rl.tsv.gz
"(4,5]",4,GDN001.A0102.SG1.3.10M_raw_R1_gc_rl.tsv.gz
"(5,6]",708,GDN001.A0102.SG1.3.10M_raw_R1_gc_rl.tsv.gz
"(6,7]",1366,GDN001.A0102.SG1.3.10M_raw_R1_gc_rl.tsv.gz
"(7,8]",2228,GDN001.A0102.SG1.3.10M_raw_R1_gc_rl.tsv.gz
"(8,9]",21,GDN001.A0102.SG1.3.10M_raw_R1_gc_rl.tsv.gz
"(9,10]",3458,GDN001.A0102.SG1.3.10M_raw_R1_gc_rl.tsv.gz
"(10,11]",4583,GDN001.A0102.SG1.3.10M_raw_R1_gc_rl.tsv.gz
"(11,12]",6261,GDN001.A0102.SG1.3.10M_raw_R1_gc_rl.tsv.gz
"(12,13]",67,GDN001.A0102.SG1.3.10M_raw_R1_gc_rl.tsv.gz
"(13,14]",8263,GDN001.A0102.SG1.3.10M_raw_R1_gc_rl.tsv.gz
"(14,15]",10645,GDN001.A0102.SG1.3.10M_raw_R1_gc_rl.tsv.gz
"(15,16]",14131,GDN001.A0102.SG1.3.10M_raw_R1_gc_rl.tsv.gz
"(16,17]",129,GDN001.A0102.SG1.3.10M_raw_R1_gc_rl.tsv.gz
"(17,18]",18525,GDN001.A0102.SG1.3.10M_raw_R1_gc_rl.tsv.gz
"(18,19]",23151,GDN001.A0102.SG1.3.10M_raw_R1_gc_rl.tsv.gz
"(19,20]",29147,GDN001.A0102.SG1.3.10M_raw_R1_gc_rl.tsv.gz
"(20,21]",264,GDN001.A0102.SG1.3.10M_raw_R1_gc_rl.tsv.gz
"(21,22]",35982,GDN001.A0102.SG1.3.10M_raw_R1_gc_rl.tsv.gz
"(22,23]",41507,GDN001.A0102.SG1.3.10M_raw_R1_gc_rl.tsv.gz
"(23,24]",48654,GDN001.A0102.SG1.3.10M_raw_R1_gc_rl.tsv.gz
"(24,25]",54869,GDN001.A0102.SG1.3.10M_raw_R1_gc_rl.tsv.gz
"(25,26]",486,GDN001.A0102.SG1.3.10M_raw_R1_gc_rl.tsv.gz
"(26,27]",61589,GDN001.A0102.SG1.3.10M_raw_R1_gc_rl.tsv.gz
"(27,28]",67665,GDN001.A0102.SG1.3.10M_raw_R1_gc_rl.tsv.gz
"(28,29]",75780,GDN001.A0102.SG1.3.10M_raw_R1_gc_rl.tsv.gz
"(29,30]",679,GDN001.A0102.SG1.3.10M_raw_R1_gc_rl.tsv.gz
"(30,31]",83581,GDN001.A0102.SG1.3.10M_raw_R1_gc_rl.tsv.gz
"(31,32]",92891,GDN001.A0102.SG1.3.10M_raw_R1_gc_rl.tsv.gz
"(32,33]",105227,GDN001.A0102.SG1.3.10M_raw_R1_gc_rl.tsv.gz
"(33,34]",925,GDN001.A0102.SG1.3.10M_raw_R1_gc_rl.tsv.gz
"(34,35]",120492,GDN001.A0102.SG1.3.10M_raw_R1_gc_rl.tsv.gz
"(35,36]",136647,GDN001.A0102.SG1.3.10M_raw_R1_gc_rl.tsv.gz
"(36,37]",156474,GDN001.A0102.SG1.3.10M_raw_R1_gc_rl.tsv.gz
"(37,38]",1495,GDN001.A0102.SG1.3.10M_raw_R1_gc_rl.tsv.gz
"(38,39]",173000,GDN001.A0102.SG1.3.10M_raw_R1_gc_rl.tsv.gz
"(39,40]",184071,GDN001.A0102.SG1.3.10M_raw_R1_gc_rl.tsv.gz
"(40,41]",198935,GDN001.A0102.SG1.3.10M_raw_R1_gc_rl.tsv.gz
"(41,42]",1811,GDN001.A0102.SG1.3.10M_raw_R1_gc_rl.tsv.gz
"(42,43]",217846,GDN001.A0102.SG1.3.10M_raw_R1_gc_rl.tsv.gz
"(43,44]",364965,GDN001.A0102.SG1.3.10M_raw_R1_gc_rl.tsv.gz
"(44,45]",269134,GDN001.A0102.SG1.3.10M_raw_R1_gc_rl.tsv.gz
"(45,46]",2781,GDN001.A0102.SG1.3.10M_raw_R1_gc_rl.tsv.gz
"(46,47]",332396,GDN001.A0102.SG1.3.10M_raw_R1_gc_rl.tsv.gz
"(47,48]",518736,GDN001.A0102.SG1.3.10M_raw_R1_gc_rl.tsv.gz
"(48,49]",965823,GDN001.A0102.SG1.3.10M_raw_R1_gc_rl.tsv.gz
"(49,50]",1627718,GDN001.A0102.SG1.3.10M_raw_R1_gc_rl.tsv.gz
"(50,51]",14838,GDN001.A0102.SG1.3.10M_raw_R1_gc_rl.tsv.gz
"(51,52]",1461202,GDN001.A0102.SG1.3.10M_raw_R1_gc_rl.tsv.gz
"(52,53]",812753,GDN001.A0102.SG1.3.10M_raw_R1_gc_rl.tsv.gz
"(53,54]",393955,GDN001.A0102.SG1.3.10M_raw_R1_gc_rl.tsv.gz
"(54,55]",2916,GDN001.A0102.SG1.3.10M_raw_R1_gc_rl.tsv.gz
"(55,56]",249635,GDN001.A0102.SG1.3.10M_raw_R1_gc_rl.tsv.gz
"(56,57]",189404,GDN001.A0102.SG1.3.10M_raw_R1_gc_rl.tsv.gz
"(57,58]",154490,GDN001.A0102.SG1.3.10M_raw_R1_gc_rl.tsv.gz
"(58,59]",1320,GDN001.A0102.SG1.3.10M_raw_R1_gc_rl.tsv.gz
"(59,60]",127591,GDN001.A0102.SG1.3.10M_raw_R1_gc_rl.tsv.gz
"(60,61]",107058,GDN001.A0102.SG1.3.10M_raw_R1_gc_rl.tsv.gz
"(61,62]",92710,GDN001.A0102.SG1.3.10M_raw_R1_gc_rl.tsv.gz
"(62,63]",779,GDN001.A0102.SG1.3.10M_raw_R1_gc_rl.tsv.gz
"(63,64]",77998,GDN001.A0102.SG1.3.10M_raw_R1_gc_rl.tsv.gz
"(64,65]",64185,GDN001.A0102.SG1.3.10M_raw_R1_gc_rl.tsv.gz
"(65,66]",52442,GDN001.A0102.SG1.3.10M_raw_R1_gc_rl.tsv.gz
"(66,67]",386,GDN001.A0102.SG1.3.10M_raw_R1_gc_rl.tsv.gz
"(67,68]",41027,GDN001.A0102.SG1.3.10M_raw_R1_gc_rl.tsv.gz
"(68,69]",31062,GDN001.A0102.SG1.3.10M_raw_R1_gc_rl.tsv.gz
"(69,70]",23340,GDN001.A0102.SG1.3.10M_raw_R1_gc_rl.tsv.gz
"(70,71]",176,GDN001.A0102.SG1.3.10M_raw_R1_gc_rl.tsv.gz
"(71,72]",16036,GDN001.A0102.SG1.3.10M_raw_R1_gc_rl.tsv.gz
"(72,73]",10264,GDN001.A0102.SG1.3.10M_raw_R1_gc_rl.tsv.gz
"(73,74]",5505,GDN001.A0102.SG1.3.10M_raw_R1_gc_rl.tsv.gz
"(74,75]",2360,GDN001.A0102.SG1.3.10M_raw_R1_gc_rl.tsv.gz
"(75,76]",13,GDN001.A0102.SG1.3.10M_raw_R1_gc_rl.tsv.gz
"(76,77]",802,GDN001.A0102.SG1.3.10M_raw_R1_gc_rl.tsv.gz
"(77,78]",182,GDN001.A0102.SG1.3.10M_raw_R1_gc_rl.tsv.gz
"(78,79]",37,GDN001.A0102.SG1.3.10M_raw_R1_gc_rl.tsv.gz
"(80,81]",5,GDN001.A0102.SG1.3.10M_raw_R1_gc_rl.tsv.gz
"(81,82]",4,GDN001.A0102.SG1.3.10M_raw_R1_gc_rl.tsv.gz
"(82,83]",6,GDN001.A0102.SG1.3.10M_raw_R1_gc_rl.tsv.gz
"(85,86]",3,GDN001.A0102.SG1.3.10M_raw_R1_gc_rl.tsv.gz
"(86,87]",2,GDN001.A0102.SG1.3.10M_raw_R1_gc_rl.tsv.gz
"(88,89]",3,GDN001.A0102.SG1.3.10M_raw_R1_gc_rl.tsv.gz
"(90,91]",1,GDN001.A0102.SG1.3.10M_raw_R1_gc_rl.tsv.gz
"(98,99]",2,GDN001.A0102.SG1.3.10M_raw_R1_gc_rl.tsv.gz
"(99,100]",2,GDN001.A0102.SG1.3.10M_raw_R1_gc_rl.tsv.gz
"(2,3]",2,GOY005.A0101.SG1.2.10M_raw_R1_gc_rl.tsv.gz
"(3,4]",1,GOY005.A0101.SG1.2.10M_raw_R1_gc_rl.tsv.gz
"(5,6]",9,GOY005.A0101.SG1.2.10M_raw_R1_gc_rl.tsv.gz
"(6,7]",6,GOY005.A0101.SG1.2.10M_raw_R1_gc_rl.tsv.gz
"(7,8]",14,GOY005.A0101.SG1.2.10M_raw_R1_gc_rl.tsv.gz
"(9,10]",30,GOY005.A0101.SG1.2.10M_raw_R1_gc_rl.tsv.gz
"(10,11]",48,GOY005.A0101.SG1.2.10M_raw_R1_gc_rl.tsv.gz
"(11,12]",129,GOY005.A0101.SG1.2.10M_raw_R1_gc_rl.tsv.gz
"(13,14]",233,GOY005.A0101.SG1.2.10M_raw_R1_gc_rl.tsv.gz
"(14,15]",393,GOY005.A0101.SG1.2.10M_raw_R1_gc_rl.tsv.gz
"(15,16]",727,GOY005.A0101.SG1.2.10M_raw_R1_gc_rl.tsv.gz
"(17,18]",1194,GOY005.A0101.SG1.2.10M_raw_R1_gc_rl.tsv.gz
"(18,19]",1963,GOY005.A0101.SG1.2.10M_raw_R1_gc_rl.tsv.gz
"(19,20]",2937,GOY005.A0101.SG1.2.10M_raw_R1_gc_rl.tsv.gz
"(21,22]",4310,GOY005.A0101.SG1.2.10M_raw_R1_gc_rl.tsv.gz
"(22,23]",6152,GOY005.A0101.SG1.2.10M_raw_R1_gc_rl.tsv.gz
"(23,24]",8392,GOY005.A0101.SG1.2.10M_raw_R1_gc_rl.tsv.gz
"(24,25]",11044,GOY005.A0101.SG1.2.10M_raw_R1_gc_rl.tsv.gz
"(25,26]",1,GOY005.A0101.SG1.2.10M_raw_R1_gc_rl.tsv.gz
"(26,27]",14327,GOY005.A0101.SG1.2.10M_raw_R1_gc_rl.tsv.gz
"(27,28]",18496,GOY005.A0101.SG1.2.10M_raw_R1_gc_rl.tsv.gz
"(28,29]",23942,GOY005.A0101.SG1.2.10M_raw_R1_gc_rl.tsv.gz
"(29,30]",5,GOY005.A0101.SG1.2.10M_raw_R1_gc_rl.tsv.gz
"(30,31]",29812,GOY005.A0101.SG1.2.10M_raw_R1_gc_rl.tsv.gz
"(31,32]",37306,GOY005.A0101.SG1.2.10M_raw_R1_gc_rl.tsv.gz
"(32,33]",45543,GOY005.A0101.SG1.2.10M_raw_R1_gc_rl.tsv.gz
"(33,34]",3,GOY005.A0101.SG1.2.10M_raw_R1_gc_rl.tsv.gz
"(34,35]",56084,GOY005.A0101.SG1.2.10M_raw_R1_gc_rl.tsv.gz
"(35,36]",67354,GOY005.A0101.SG1.2.10M_raw_R1_gc_rl.tsv.gz
"(36,37]",80350,GOY005.A0101.SG1.2.10M_raw_R1_gc_rl.tsv.gz
"(37,38]",7,GOY005.A0101.SG1.2.10M_raw_R1_gc_rl.tsv.gz
"(38,39]",95628,GOY005.A0101.SG1.2.10M_raw_R1_gc_rl.tsv.gz
"(39,40]",113045,GOY005.A0101.SG1.2.10M_raw_R1_gc_rl.tsv.gz
"(40,41]",134025,GOY005.A0101.SG1.2.10M_raw_R1_gc_rl.tsv.gz
"(41,42]",14,GOY005.A0101.SG1.2.10M_raw_R1_gc_rl.tsv.gz
"(42,43]",156647,GOY005.A0101.SG1.2.10M_raw_R1_gc_rl.tsv.gz
"(43,44]",182202,GOY005.A0101.SG1.2.10M_raw_R1_gc_rl.tsv.gz
"(44,45]",212508,GOY005.A0101.SG1.2.10M_raw_R1_gc_rl.tsv.gz
"(45,46]",13,GOY005.A0101.SG1.2.10M_raw_R1_gc_rl.tsv.gz
"(46,47]",246436,GOY005.A0101.SG1.2.10M_raw_R1_gc_rl.tsv.gz
"(47,48]",285561,GOY005.A0101.SG1.2.10M_raw_R1_gc_rl.tsv.gz
"(48,49]",330861,GOY005.A0101.SG1.2.10M_raw_R1_gc_rl.tsv.gz
"(49,50]",382436,GOY005.A0101.SG1.2.10M_raw_R1_gc_rl.tsv.gz
"(50,51]",39,GOY005.A0101.SG1.2.10M_raw_R1_gc_rl.tsv.gz
"(51,52]",439992,GOY005.A0101.SG1.2.10M_raw_R1_gc_rl.tsv.gz
"(52,53]",502588,GOY005.A0101.SG1.2.10M_raw_R1_gc_rl.tsv.gz
"(53,54]",571632,GOY005.A0101.SG1.2.10M_raw_R1_gc_rl.tsv.gz
"(54,55]",43,GOY005.A0101.SG1.2.10M_raw_R1_gc_rl.tsv.gz
"(55,56]",638289,GOY005.A0101.SG1.2.10M_raw_R1_gc_rl.tsv.gz
"(56,57]",698485,GOY005.A0101.SG1.2.10M_raw_R1_gc_rl.tsv.gz
"(57,58]",739561,GOY005.A0101.SG1.2.10M_raw_R1_gc_rl.tsv.gz
"(58,59]",41,GOY005.A0101.SG1.2.10M_raw_R1_gc_rl.tsv.gz
"(59,60]",751384,GOY005.A0101.SG1.2.10M_raw_R1_gc_rl.tsv.gz
"(60,61]",730841,GOY005.A0101.SG1.2.10M_raw_R1_gc_rl.tsv.gz
"(61,62]",666638,GOY005.A0101.SG1.2.10M_raw_R1_gc_rl.tsv.gz
"(62,63]",45,GOY005.A0101.SG1.2.10M_raw_R1_gc_rl.tsv.gz
"(63,64]",557095,GOY005.A0101.SG1.2.10M_raw_R1_gc_rl.tsv.gz
"(64,65]",424768,GOY005.A0101.SG1.2.10M_raw_R1_gc_rl.tsv.gz
"(65,66]",293668,GOY005.A0101.SG1.2.10M_raw_R1_gc_rl.tsv.gz
"(66,67]",24,GOY005.A0101.SG1.2.10M_raw_R1_gc_rl.tsv.gz
"(67,68]",184014,GOY005.A0101.SG1.2.10M_raw_R1_gc_rl.tsv.gz
"(68,69]",107256,GOY005.A0101.SG1.2.10M_raw_R1_gc_rl.tsv.gz
"(69,70]",59717,GOY005.A0101.SG1.2.10M_raw_R1_gc_rl.tsv.gz
"(70,71]",2,GOY005.A0101.SG1.2.10M_raw_R1_gc_rl.tsv.gz
"(71,72]",33612,GOY005.A0101.SG1.2.10M_raw_R1_gc_rl.tsv.gz
"(72,73]",19586,GOY005.A0101.SG1.2.10M_raw_R1_gc_rl.tsv.gz
"(73,74]",11982,GOY005.A0101.SG1.2.10M_raw_R1_gc_rl.tsv.gz
"(74,75]",7144,GOY005.A0101.SG1.2.10M_raw_R1_gc_rl.tsv.gz
"(76,77]",4468,GOY005.A0101.SG1.2.10M_raw_R1_gc_rl.tsv.gz
"(77,78]",2734,GOY005.A0101.SG1.2.10M_raw_R1_gc_rl.tsv.gz
"(78,79]",1590,GOY005.A0101.SG1.2.10M_raw_R1_gc_rl.tsv.gz
"(80,81]",822,GOY005.A0101.SG1.2.10M_raw_R1_gc_rl.tsv.gz
"(81,82]",511,GOY005.A0101.SG1.2.10M_raw_R1_gc_rl.tsv.gz
"(82,83]",301,GOY005.A0101.SG1.2.10M_raw_R1_gc_rl.tsv.gz
"(84,85]",192,GOY005.A0101.SG1.2.10M_raw_R1_gc_rl.tsv.gz
"(85,86]",149,GOY005.A0101.SG1.2.10M_raw_R1_gc_rl.tsv.gz
"(86,87]",109,GOY005.A0101.SG1.2.10M_raw_R1_gc_rl.tsv.gz
"(88,89]",90,GOY005.A0101.SG1.2.10M_raw_R1_gc_rl.tsv.gz
"(89,90]",80,GOY005.A0101.SG1.2.10M_raw_R1_gc_rl.tsv.gz
"(90,91]",60,GOY005.A0101.SG1.2.10M_raw_R1_gc_rl.tsv.gz
"(92,93]",43,GOY005.A0101.SG1.2.10M_raw_R1_gc_rl.tsv.gz
"(93,94]",100,GOY005.A0101.SG1.2.10M_raw_R1_gc_rl.tsv.gz
"(94,95]",49,GOY005.A0101.SG1.2.10M_raw_R1_gc_rl.tsv.gz
"(96,97]",23,GOY005.A0101.SG1.2.10M_raw_R1_gc_rl.tsv.gz
"(97,98]",28,GOY005.A0101.SG1.2.10M_raw_R1_gc_rl.tsv.gz
"(98,99]",10,GOY005.A0101.SG1.2.10M_raw_R1_gc_rl.tsv.gz
"(99,100]",5,GOY005.A0101.SG1.2.10M_raw_R1_gc_rl.tsv.gz
"(1,2]",1,GOY005.A0103.SG1.4.10M_raw_R1_gc_rl.tsv.gz
"(2,3]",1,GOY005.A0103.SG1.4.10M_raw_R1_gc_rl.tsv.gz
"(3,4]",14,GOY005.A0103.SG1.4.10M_raw_R1_gc_rl.tsv.gz
"(5,6]",25,GOY005.A0103.SG1.4.10M_raw_R1_gc_rl.tsv.gz
"(6,7]",58,GOY005.A0103.SG1.4.10M_raw_R1_gc_rl.tsv.gz
"(7,8]",131,GOY005.A0103.SG1.4.10M_raw_R1_gc_rl.tsv.gz
"(9,10]",222,GOY005.A0103.SG1.4.10M_raw_R1_gc_rl.tsv.gz
"(10,11]",345,GOY005.A0103.SG1.4.10M_raw_R1_gc_rl.tsv.gz
"(11,12]",598,GOY005.A0103.SG1.4.10M_raw_R1_gc_rl.tsv.gz
"(12,13]",1,GOY005.A0103.SG1.4.10M_raw_R1_gc_rl.tsv.gz
"(13,14]",909,GOY005.A0103.SG1.4.10M_raw_R1_gc_rl.tsv.gz
"(14,15]",1452,GOY005.A0103.SG1.4.10M_raw_R1_gc_rl.tsv.gz
"(15,16]",1987,GOY005.A0103.SG1.4.10M_raw_R1_gc_rl.tsv.gz
"(16,17]",1,GOY005.A0103.SG1.4.10M_raw_R1_gc_rl.tsv.gz
"(17,18]",2764,GOY005.A0103.SG1.4.10M_raw_R1_gc_rl.tsv.gz
"(18,19]",3923,GOY005.A0103.SG1.4.10M_raw_R1_gc_rl.tsv.gz
"(19,20]",5384,GOY005.A0103.SG1.4.10M_raw_R1_gc_rl.tsv.gz
"(20,21]",2,GOY005.A0103.SG1.4.10M_raw_R1_gc_rl.tsv.gz
"(21,22]",7137,GOY005.A0103.SG1.4.10M_raw_R1_gc_rl.tsv.gz
"(22,23]",9108,GOY005.A0103.SG1.4.10M_raw_R1_gc_rl.tsv.gz
"(23,24]",11966,GOY005.A0103.SG1.4.10M_raw_R1_gc_rl.tsv.gz
"(24,25]",15213,GOY005.A0103.SG1.4.10M_raw_R1_gc_rl.tsv.gz
"(25,26]",3,GOY005.A0103.SG1.4.10M_raw_R1_gc_rl.tsv.gz
"(26,27]",18905,GOY005.A0103.SG1.4.10M_raw_R1_gc_rl.tsv.gz
"(27,28]",24011,GOY005.A0103.SG1.4.10M_raw_R1_gc_rl.tsv.gz
"(28,29]",29615,GOY005.A0103.SG1.4.10M_raw_R1_gc_rl.tsv.gz
"(29,30]",7,GOY005.A0103.SG1.4.10M_raw_R1_gc_rl.tsv.gz
"(30,31]",36725,GOY005.A0103.SG1.4.10M_raw_R1_gc_rl.tsv.gz
"(31,32]",46051,GOY005.A0103.SG1.4.10M_raw_R1_gc_rl.tsv.gz
"(32,33]",57467,GOY005.A0103.SG1.4.10M_raw_R1_gc_rl.tsv.gz
"(33,34]",22,GOY005.A0103.SG1.4.10M_raw_R1_gc_rl.tsv.gz
"(34,35]",73303,GOY005.A0103.SG1.4.10M_raw_R1_gc_rl.tsv.gz
"(35,36]",93518,GOY005.A0103.SG1.4.10M_raw_R1_gc_rl.tsv.gz
"(36,37]",119710,GOY005.A0103.SG1.4.10M_raw_R1_gc_rl.tsv.gz
"(37,38]",42,GOY005.A0103.SG1.4.10M_raw_R1_gc_rl.tsv.gz
"(38,39]",152381,GOY005.A0103.SG1.4.10M_raw_R1_gc_rl.tsv.gz
"(39,40]",190728,GOY005.A0103.SG1.4.10M_raw_R1_gc_rl.tsv.gz
"(40,41]",236766,GOY005.A0103.SG1.4.10M_raw_R1_gc_rl.tsv.gz
"(41,42]",103,GOY005.A0103.SG1.4.10M_raw_R1_gc_rl.tsv.gz
"(42,43]",288988,GOY005.A0103.SG1.4.10M_raw_R1_gc_rl.tsv.gz
"(43,44]",354186,GOY005.A0103.SG1.4.10M_raw_R1_gc_rl.tsv.gz
"(44,45]",432311,GOY005.A0103.SG1.4.10M_raw_R1_gc_rl.tsv.gz
"(45,46]",178,GOY005.A0103.SG1.4.10M_raw_R1_gc_rl.tsv.gz
"(46,47]",519260,GOY005.A0103.SG1.4.10M_raw_R1_gc_rl.tsv.gz
"(47,48]",593431,GOY005.A0103.SG1.4.10M_raw_R1_gc_rl.tsv.gz
"(48,49]",679447,GOY005.A0103.SG1.4.10M_raw_R1_gc_rl.tsv.gz
"(49,50]",774427,GOY005.A0103.SG1.4.10M_raw_R1_gc_rl.tsv.gz
"(50,51]",268,GOY005.A0103.SG1.4.10M_raw_R1_gc_rl.tsv.gz
"(51,52]",872989,GOY005.A0103.SG1.4.10M_raw_R1_gc_rl.tsv.gz
"(52,53]",911929,GOY005.A0103.SG1.4.10M_raw_R1_gc_rl.tsv.gz
"(53,54]",845222,GOY005.A0103.SG1.4.10M_raw_R1_gc_rl.tsv.gz
"(54,55]",273,GOY005.A0103.SG1.4.10M_raw_R1_gc_rl.tsv.gz
"(55,56]",732213,GOY005.A0103.SG1.4.10M_raw_R1_gc_rl.tsv.gz
"(56,57]",603148,GOY005.A0103.SG1.4.10M_raw_R1_gc_rl.tsv.gz
"(57,58]",456728,GOY005.A0103.SG1.4.10M_raw_R1_gc_rl.tsv.gz
"(58,59]",132,GOY005.A0103.SG1.4.10M_raw_R1_gc_rl.tsv.gz
"(59,60]",313714,GOY005.A0103.SG1.4.10M_raw_R1_gc_rl.tsv.gz
"(60,61]",198765,GOY005.A0103.SG1.4.10M_raw_R1_gc_rl.tsv.gz
"(61,62]",119538,GOY005.A0103.SG1.4.10M_raw_R1_gc_rl.tsv.gz
"(62,63]",40,GOY005.A0103.SG1.4.10M_raw_R1_gc_rl.tsv.gz
"(63,64]",68713,GOY005.A0103.SG1.4.10M_raw_R1_gc_rl.tsv.gz
"(64,65]",39828,GOY005.A0103.SG1.4.10M_raw_R1_gc_rl.tsv.gz
"(65,66]",22955,GOY005.A0103.SG1.4.10M_raw_R1_gc_rl.tsv.gz
"(66,67]",11,GOY005.A0103.SG1.4.10M_raw_R1_gc_rl.tsv.gz
"(67,68]",13294,GOY005.A0103.SG1.4.10M_raw_R1_gc_rl.tsv.gz
"(68,69]",7311,GOY005.A0103.SG1.4.10M_raw_R1_gc_rl.tsv.gz
"(69,70]",4400,GOY005.A0103.SG1.4.10M_raw_R1_gc_rl.tsv.gz
"(70,71]",1,GOY005.A0103.SG1.4.10M_raw_R1_gc_rl.tsv.gz
"(71,72]",2491,GOY005.A0103.SG1.4.10M_raw_R1_gc_rl.tsv.gz
"(72,73]",1414,GOY005.A0103.SG1.4.10M_raw_R1_gc_rl.tsv.gz
"(73,74]",807,GOY005.A0103.SG1.4.10M_raw_R1_gc_rl.tsv.gz
"(74,75]",436,GOY005.A0103.SG1.4.10M_raw_R1_gc_rl.tsv.gz
"(75,76]",1,GOY005.A0103.SG1.4.10M_raw_R1_gc_rl.tsv.gz
"(76,77]",215,GOY005.A0103.SG1.4.10M_raw_R1_gc_rl.tsv.gz
"(77,78]",85,GOY005.A0103.SG1.4.10M_raw_R1_gc_rl.tsv.gz
"(78,79]",38,GOY005.A0103.SG1.4.10M_raw_R1_gc_rl.tsv.gz
"(80,81]",14,GOY005.A0103.SG1.4.10M_raw_R1_gc_rl.tsv.gz
"(81,82]",15,GOY005.A0103.SG1.4.10M_raw_R1_gc_rl.tsv.gz
"(82,83]",11,GOY005.A0103.SG1.4.10M_raw_R1_gc_rl.tsv.gz
"(84,85]",7,GOY005.A0103.SG1.4.10M_raw_R1_gc_rl.tsv.gz
"(85,86]",8,GOY005.A0103.SG1.4.10M_raw_R1_gc_rl.tsv.gz
"(86,87]",8,GOY005.A0103.SG1.4.10M_raw_R1_gc_rl.tsv.gz
"(88,89]",8,GOY005.A0103.SG1.4.10M_raw_R1_gc_rl.tsv.gz
"(89,90]",5,GOY005.A0103.SG1.4.10M_raw_R1_gc_rl.tsv.gz
"(90,91]",9,GOY005.A0103.SG1.4.10M_raw_R1_gc_rl.tsv.gz
"(92,93]",13,GOY005.A0103.SG1.4.10M_raw_R1_gc_rl.tsv.gz
"(93,94]",80,GOY005.A0103.SG1.4.10M_raw_R1_gc_rl.tsv.gz
"(94,95]",25,GOY005.A0103.SG1.4.10M_raw_R1_gc_rl.tsv.gz
"(96,97]",6,GOY005.A0103.SG1.4.10M_raw_R1_gc_rl.tsv.gz
"(97,98]",3,GOY005.A0103.SG1.4.10M_raw_R1_gc_rl.tsv.gz
"(98,99]",2,GOY005.A0103.SG1.4.10M_raw_R1_gc_rl.tsv.gz
"[0,1]",1,GOY006.A0101.SG1.2.10M_raw_R1_gc_rl.tsv.gz
"(1,2]",1,GOY006.A0101.SG1.2.10M_raw_R1_gc_rl.tsv.gz
"(2,3]",2,GOY006.A0101.SG1.2.10M_raw_R1_gc_rl.tsv.gz
"(3,4]",4,GOY006.A0101.SG1.2.10M_raw_R1_gc_rl.tsv.gz
"(5,6]",13,GOY006.A0101.SG1.2.10M_raw_R1_gc_rl.tsv.gz
"(6,7]",22,GOY006.A0101.SG1.2.10M_raw_R1_gc_rl.tsv.gz
"(7,8]",45,GOY006.A0101.SG1.2.10M_raw_R1_gc_rl.tsv.gz
"(9,10]",92,GOY006.A0101.SG1.2.10M_raw_R1_gc_rl.tsv.gz
"(10,11]",160,GOY006.A0101.SG1.2.10M_raw_R1_gc_rl.tsv.gz
"(11,12]",304,GOY006.A0101.SG1.2.10M_raw_R1_gc_rl.tsv.gz
"(13,14]",518,GOY006.A0101.SG1.2.10M_raw_R1_gc_rl.tsv.gz
"(14,15]",798,GOY006.A0101.SG1.2.10M_raw_R1_gc_rl.tsv.gz
"(15,16]",1349,GOY006.A0101.SG1.2.10M_raw_R1_gc_rl.tsv.gz
"(17,18]",2190,GOY006.A0101.SG1.2.10M_raw_R1_gc_rl.tsv.gz
"(18,19]",3627,GOY006.A0101.SG1.2.10M_raw_R1_gc_rl.tsv.gz
"(19,20]",5657,GOY006.A0101.SG1.2.10M_raw_R1_gc_rl.tsv.gz
"(21,22]",8894,GOY006.A0101.SG1.2.10M_raw_R1_gc_rl.tsv.gz
"(22,23]",13298,GOY006.A0101.SG1.2.10M_raw_R1_gc_rl.tsv.gz
"(23,24]",19100,GOY006.A0101.SG1.2.10M_raw_R1_gc_rl.tsv.gz
"(24,25]",26415,GOY006.A0101.SG1.2.10M_raw_R1_gc_rl.tsv.gz
"(25,26]",2,GOY006.A0101.SG1.2.10M_raw_R1_gc_rl.tsv.gz
"(26,27]",35362,GOY006.A0101.SG1.2.10M_raw_R1_gc_rl.tsv.gz
"(27,28]",45889,GOY006.A0101.SG1.2.10M_raw_R1_gc_rl.tsv.gz
"(28,29]",58626,GOY006.A0101.SG1.2.10M_raw_R1_gc_rl.tsv.gz
"(29,30]",3,GOY006.A0101.SG1.2.10M_raw_R1_gc_rl.tsv.gz
"(30,31]",71661,GOY006.A0101.SG1.2.10M_raw_R1_gc_rl.tsv.gz
"(31,32]",88384,GOY006.A0101.SG1.2.10M_raw_R1_gc_rl.tsv.gz
"(32,33]",106314,GOY006.A0101.SG1.2.10M_raw_R1_gc_rl.tsv.gz
"(33,34]",6,GOY006.A0101.SG1.2.10M_raw_R1_gc_rl.tsv.gz
"(34,35]",127767,GOY006.A0101.SG1.2.10M_raw_R1_gc_rl.tsv.gz
"(35,36]",150705,GOY006.A0101.SG1.2.10M_raw_R1_gc_rl.tsv.gz
"(36,37]",175984,GOY006.A0101.SG1.2.10M_raw_R1_gc_rl.tsv.gz
"(37,38]",16,GOY006.A0101.SG1.2.10M_raw_R1_gc_rl.tsv.gz
"(38,39]",201344,GOY006.A0101.SG1.2.10M_raw_R1_gc_rl.tsv.gz
"(39,40]",226788,GOY006.A0101.SG1.2.10M_raw_R1_gc_rl.tsv.gz
"(40,41]",253034,GOY006.A0101.SG1.2.10M_raw_R1_gc_rl.tsv.gz
"(41,42]",20,GOY006.A0101.SG1.2.10M_raw_R1_gc_rl.tsv.gz
"(42,43]",280090,GOY006.A0101.SG1.2.10M_raw_R1_gc_rl.tsv.gz
"(43,44]",310657,GOY006.A0101.SG1.2.10M_raw_R1_gc_rl.tsv.gz
"(44,45]",343479,GOY006.A0101.SG1.2.10M_raw_R1_gc_rl.tsv.gz
"(45,46]",35,GOY006.A0101.SG1.2.10M_raw_R1_gc_rl.tsv.gz
"(46,47]",381900,GOY006.A0101.SG1.2.10M_raw_R1_gc_rl.tsv.gz
"(47,48]",423126,GOY006.A0101.SG1.2.10M_raw_R1_gc_rl.tsv.gz
"(48,49]",470907,GOY006.A0101.SG1.2.10M_raw_R1_gc_rl.tsv.gz
"(49,50]",523157,GOY006.A0101.SG1.2.10M_raw_R1_gc_rl.tsv.gz
"(50,51]",37,GOY006.A0101.SG1.2.10M_raw_R1_gc_rl.tsv.gz
"(51,52]",572782,GOY006.A0101.SG1.2.10M_raw_R1_gc_rl.tsv.gz
"(52,53]",606281,GOY006.A0101.SG1.2.10M_raw_R1_gc_rl.tsv.gz
"(53,54]",616083,GOY006.A0101.SG1.2.10M_raw_R1_gc_rl.tsv.gz
"(54,55]",52,GOY006.A0101.SG1.2.10M_raw_R1_gc_rl.tsv.gz
"(55,56]",598355,GOY006.A0101.SG1.2.10M_raw_R1_gc_rl.tsv.gz
"(56,57]",556470,GOY006.A0101.SG1.2.10M_raw_R1_gc_rl.tsv.gz
"(57,58]",495263,GOY006.A0101.SG1.2.10M_raw_R1_gc_rl.tsv.gz
"(58,59]",32,GOY006.A0101.SG1.2.10M_raw_R1_gc_rl.tsv.gz
"(59,60]",432086,GOY006.A0101.SG1.2.10M_raw_R1_gc_rl.tsv.gz
"(60,61]",368596,GOY006.A0101.SG1.2.10M_raw_R1_gc_rl.tsv.gz
"(61,62]",309578,GOY006.A0101.SG1.2.10M_raw_R1_gc_rl.tsv.gz
"(62,63]",22,GOY006.A0101.SG1.2.10M_raw_R1_gc_rl.tsv.gz
"(63,64]",255181,GOY006.A0101.SG1.2.10M_raw_R1_gc_rl.tsv.gz
"(64,65]",206928,GOY006.A0101.SG1.2.10M_raw_R1_gc_rl.tsv.gz
"(65,66]",164342,GOY006.A0101.SG1.2.10M_raw_R1_gc_rl.tsv.gz
"(66,67]",4,GOY006.A0101.SG1.2.10M_raw_R1_gc_rl.tsv.gz
"(67,68]",127108,GOY006.A0101.SG1.2.10M_raw_R1_gc_rl.tsv.gz
"(68,69]",96425,GOY006.A0101.SG1.2.10M_raw_R1_gc_rl.tsv.gz
"(69,70]",71178,GOY006.A0101.SG1.2.10M_raw_R1_gc_rl.tsv.gz
"(70,71]",11,GOY006.A0101.SG1.2.10M_raw_R1_gc_rl.tsv.gz
"(71,72]",52554,GOY006.A0101.SG1.2.10M_raw_R1_gc_rl.tsv.gz
"(72,73]",37169,GOY006.A0101.SG1.2.10M_raw_R1_gc_rl.tsv.gz
"(73,74]",26090,GOY006.A0101.SG1.2.10M_raw_R1_gc_rl.tsv.gz
"(74,75]",17801,GOY006.A0101.SG1.2.10M_raw_R1_gc_rl.tsv.gz
"(75,76]",3,GOY006.A0101.SG1.2.10M_raw_R1_gc_rl.tsv.gz
"(76,77]",11913,GOY006.A0101.SG1.2.10M_raw_R1_gc_rl.tsv.gz
"(77,78]",7782,GOY006.A0101.SG1.2.10M_raw_R1_gc_rl.tsv.gz
"(78,79]",4680,GOY006.A0101.SG1.2.10M_raw_R1_gc_rl.tsv.gz
"(80,81]",2817,GOY006.A0101.SG1.2.10M_raw_R1_gc_rl.tsv.gz
"(81,82]",1524,GOY006.A0101.SG1.2.10M_raw_R1_gc_rl.tsv.gz
"(82,83]",896,GOY006.A0101.SG1.2.10M_raw_R1_gc_rl.tsv.gz
"(84,85]",580,GOY006.A0101.SG1.2.10M_raw_R1_gc_rl.tsv.gz
"(85,86]",410,GOY006.A0101.SG1.2.10M_raw_R1_gc_rl.tsv.gz
"(86,87]",294,GOY006.A0101.SG1.2.10M_raw_R1_gc_rl.tsv.gz
"(88,89]",213,GOY006.A0101.SG1.2.10M_raw_R1_gc_rl.tsv.gz
"(89,90]",187,GOY006.A0101.SG1.2.10M_raw_R1_gc_rl.tsv.gz
"(90,91]",143,GOY006.A0101.SG1.2.10M_raw_R1_gc_rl.tsv.gz
"(92,93]",102,GOY006.A0101.SG1.2.10M_raw_R1_gc_rl.tsv.gz
"(93,94]",132,GOY006.A0101.SG1.2.10M_raw_R1_gc_rl.tsv.gz
"(94,95]",48,GOY006.A0101.SG1.2.10M_raw_R1_gc_rl.tsv.gz
"(96,97]",53,GOY006.A0101.SG1.2.10M_raw_R1_gc_rl.tsv.gz
"(97,98]",30,GOY006.A0101.SG1.2.10M_raw_R1_gc_rl.tsv.gz
"(98,99]",15,GOY006.A0101.SG1.2.10M_raw_R1_gc_rl.tsv.gz
"(99,100]",4,GOY006.A0101.SG1.2.10M_raw_R1_gc_rl.tsv.gz
"[0,1]",1,GOY006.A0102.SG1.5.10M_raw_R1_gc_rl.tsv.gz
"(1,2]",2,GOY006.A0102.SG1.5.10M_raw_R1_gc_rl.tsv.gz
"(2,3]",8,GOY006.A0102.SG1.5.10M_raw_R1_gc_rl.tsv.gz
"(3,4]",19,GOY006.A0102.SG1.5.10M_raw_R1_gc_rl.tsv.gz
"(5,6]",52,GOY006.A0102.SG1.5.10M_raw_R1_gc_rl.tsv.gz
"(6,7]",93,GOY006.A0102.SG1.5.10M_raw_R1_gc_rl.tsv.gz
"(7,8]",192,GOY006.A0102.SG1.5.10M_raw_R1_gc_rl.tsv.gz
"(9,10]",328,GOY006.A0102.SG1.5.10M_raw_R1_gc_rl.tsv.gz
"(10,11]",516,GOY006.A0102.SG1.5.10M_raw_R1_gc_rl.tsv.gz
"(11,12]",784,GOY006.A0102.SG1.5.10M_raw_R1_gc_rl.tsv.gz
"(13,14]",1285,GOY006.A0102.SG1.5.10M_raw_R1_gc_rl.tsv.gz
"(14,15]",1921,GOY006.A0102.SG1.5.10M_raw_R1_gc_rl.tsv.gz
"(15,16]",2732,GOY006.A0102.SG1.5.10M_raw_R1_gc_rl.tsv.gz
"(17,18]",4071,GOY006.A0102.SG1.5.10M_raw_R1_gc_rl.tsv.gz
"(18,19]",5976,GOY006.A0102.SG1.5.10M_raw_R1_gc_rl.tsv.gz
"(19,20]",8171,GOY006.A0102.SG1.5.10M_raw_R1_gc_rl.tsv.gz
"(20,21]",3,GOY006.A0102.SG1.5.10M_raw_R1_gc_rl.tsv.gz
"(21,22]",11617,GOY006.A0102.SG1.5.10M_raw_R1_gc_rl.tsv.gz
"(22,23]",15551,GOY006.A0102.SG1.5.10M_raw_R1_gc_rl.tsv.gz
"(23,24]",20190,GOY006.A0102.SG1.5.10M_raw_R1_gc_rl.tsv.gz
"(24,25]",26327,GOY006.A0102.SG1.5.10M_raw_R1_gc_rl.tsv.gz
"(25,26]",7,GOY006.A0102.SG1.5.10M_raw_R1_gc_rl.tsv.gz
"(26,27]",33098,GOY006.A0102.SG1.5.10M_raw_R1_gc_rl.tsv.gz
"(27,28]",40520,GOY006.A0102.SG1.5.10M_raw_R1_gc_rl.tsv.gz
"(28,29]",49397,GOY006.A0102.SG1.5.10M_raw_R1_gc_rl.tsv.gz
"(29,30]",20,GOY006.A0102.SG1.5.10M_raw_R1_gc_rl.tsv.gz
"(30,31]",59919,GOY006.A0102.SG1.5.10M_raw_R1_gc_rl.tsv.gz
"(31,32]",70664,GOY006.A0102.SG1.5.10M_raw_R1_gc_rl.tsv.gz
"(32,33]",83677,GOY006.A0102.SG1.5.10M_raw_R1_gc_rl.tsv.gz
"(33,34]",35,GOY006.A0102.SG1.5.10M_raw_R1_gc_rl.tsv.gz
"(34,35]",99288,GOY006.A0102.SG1.5.10M_raw_R1_gc_rl.tsv.gz
"(35,36]",116672,GOY006.A0102.SG1.5.10M_raw_R1_gc_rl.tsv.gz
"(36,37]",139465,GOY006.A0102.SG1.5.10M_raw_R1_gc_rl.tsv.gz
"(37,38]",42,GOY006.A0102.SG1.5.10M_raw_R1_gc_rl.tsv.gz
"(38,39]",165335,GOY006.A0102.SG1.5.10M_raw_R1_gc_rl.tsv.gz
"(39,40]",194955,GOY006.A0102.SG1.5.10M_raw_R1_gc_rl.tsv.gz
"(40,41]",229606,GOY006.A0102.SG1.5.10M_raw_R1_gc_rl.tsv.gz
"(41,42]",101,GOY006.A0102.SG1.5.10M_raw_R1_gc_rl.tsv.gz
"(42,43]",272249,GOY006.A0102.SG1.5.10M_raw_R1_gc_rl.tsv.gz
"(43,44]",320455,GOY006.A0102.SG1.5.10M_raw_R1_gc_rl.tsv.gz
"(44,45]",380810,GOY006.A0102.SG1.5.10M_raw_R1_gc_rl.tsv.gz
"(45,46]",145,GOY006.A0102.SG1.5.10M_raw_R1_gc_rl.tsv.gz
"(46,47]",446027,GOY006.A0102.SG1.5.10M_raw_R1_gc_rl.tsv.gz
"(47,48]",507643,GOY006.A0102.SG1.5.10M_raw_R1_gc_rl.tsv.gz
"(48,49]",580736,GOY006.A0102.SG1.5.10M_raw_R1_gc_rl.tsv.gz
"(49,50]",667972,GOY006.A0102.SG1.5.10M_raw_R1_gc_rl.tsv.gz
"(50,51]",266,GOY006.A0102.SG1.5.10M_raw_R1_gc_rl.tsv.gz
"(51,52]",764634,GOY006.A0102.SG1.5.10M_raw_R1_gc_rl.tsv.gz
"(52,53]",820853,GOY006.A0102.SG1.5.10M_raw_R1_gc_rl.tsv.gz
"(53,54]",793796,GOY006.A0102.SG1.5.10M_raw_R1_gc_rl.tsv.gz
"(54,55]",255,GOY006.A0102.SG1.5.10M_raw_R1_gc_rl.tsv.gz
"(55,56]",718498,GOY006.A0102.SG1.5.10M_raw_R1_gc_rl.tsv.gz
"(56,57]",616855,GOY006.A0102.SG1.5.10M_raw_R1_gc_rl.tsv.gz
"(57,58]",498363,GOY006.A0102.SG1.5.10M_raw_R1_gc_rl.tsv.gz
"(58,59]",144,GOY006.A0102.SG1.5.10M_raw_R1_gc_rl.tsv.gz
"(59,60]",377372,GOY006.A0102.SG1.5.10M_raw_R1_gc_rl.tsv.gz
"(60,61]",272024,GOY006.A0102.SG1.5.10M_raw_R1_gc_rl.tsv.gz
"(61,62]",190514,GOY006.A0102.SG1.5.10M_raw_R1_gc_rl.tsv.gz
"(62,63]",77,GOY006.A0102.SG1.5.10M_raw_R1_gc_rl.tsv.gz
"(63,64]",131126,GOY006.A0102.SG1.5.10M_raw_R1_gc_rl.tsv.gz
"(64,65]",89800,GOY006.A0102.SG1.5.10M_raw_R1_gc_rl.tsv.gz
"(65,66]",60283,GOY006.A0102.SG1.5.10M_raw_R1_gc_rl.tsv.gz
"(66,67]",7,GOY006.A0102.SG1.5.10M_raw_R1_gc_rl.tsv.gz
"(67,68]",40157,GOY006.A0102.SG1.5.10M_raw_R1_gc_rl.tsv.gz
"(68,69]",25923,GOY006.A0102.SG1.5.10M_raw_R1_gc_rl.tsv.gz
"(69,70]",16538,GOY006.A0102.SG1.5.10M_raw_R1_gc_rl.tsv.gz
"(70,71]",4,GOY006.A0102.SG1.5.10M_raw_R1_gc_rl.tsv.gz
"(71,72]",10356,GOY006.A0102.SG1.5.10M_raw_R1_gc_rl.tsv.gz
"(72,73]",6407,GOY006.A0102.SG1.5.10M_raw_R1_gc_rl.tsv.gz
"(73,74]",3651,GOY006.A0102.SG1.5.10M_raw_R1_gc_rl.tsv.gz
"(74,75]",1886,GOY006.A0102.SG1.5.10M_raw_R1_gc_rl.tsv.gz
"(76,77]",759,GOY006.A0102.SG1.5.10M_raw_R1_gc_rl.tsv.gz
"(77,78]",255,GOY006.A0102.SG1.5.10M_raw_R1_gc_rl.tsv.gz
"(78,79]",89,GOY006.A0102.SG1.5.10M_raw_R1_gc_rl.tsv.gz
"(80,81]",57,GOY006.A0102.SG1.5.10M_raw_R1_gc_rl.tsv.gz
"(81,82]",44,GOY006.A0102.SG1.5.10M_raw_R1_gc_rl.tsv.gz
"(82,83]",35,GOY006.A0102.SG1.5.10M_raw_R1_gc_rl.tsv.gz
"(84,85]",35,GOY006.A0102.SG1.5.10M_raw_R1_gc_rl.tsv.gz
"(85,86]",27,GOY006.A0102.SG1.5.10M_raw_R1_gc_rl.tsv.gz
"(86,87]",23,GOY006.A0102.SG1.5.10M_raw_R1_gc_rl.tsv.gz
"(88,89]",17,GOY006.A0102.SG1.5.10M_raw_R1_gc_rl.tsv.gz
"(89,90]",22,GOY006.A0102.SG1.5.10M_raw_R1_gc_rl.tsv.gz
"(90,91]",26,GOY006.A0102.SG1.5.10M_raw_R1_gc_rl.tsv.gz
"(92,93]",13,GOY006.A0102.SG1.5.10M_raw_R1_gc_rl.tsv.gz
"(93,94]",75,GOY006.A0102.SG1.5.10M_raw_R1_gc_rl.tsv.gz
"(94,95]",32,GOY006.A0102.SG1.5.10M_raw_R1_gc_rl.tsv.gz
"(96,97]",12,GOY006.A0102.SG1.5.10M_raw_R1_gc_rl.tsv.gz
"(97,98]",9,GOY006.A0102.SG1.5.10M_raw_R1_gc_rl.tsv.gz
"(98,99]",4,GOY006.A0102.SG1.5.10M_raw_R1_gc_rl.tsv.gz
"(5,6]",1,GUE001.A0101.10M_raw_R1_gc_rl.tsv.gz
"(6,7]",1,GUE001.A0101.10M_raw_R1_gc_rl.tsv.gz
"(7,8]",1,GUE001.A0101.10M_raw_R1_gc_rl.tsv.gz
"(10,11]",2,GUE001.A0101.10M_raw_R1_gc_rl.tsv.gz
"(11,12]",5,GUE001.A0101.10M_raw_R1_gc_rl.tsv.gz
"(13,14]",10,GUE001.A0101.10M_raw_R1_gc_rl.tsv.gz
"(14,15]",49,GUE001.A0101.10M_raw_R1_gc_rl.tsv.gz
"(15,16]",120,GUE001.A0101.10M_raw_R1_gc_rl.tsv.gz
"(17,18]",255,GUE001.A0101.10M_raw_R1_gc_rl.tsv.gz
"(18,19]",505,GUE001.A0101.10M_raw_R1_gc_rl.tsv.gz
"(19,20]",941,GUE001.A0101.10M_raw_R1_gc_rl.tsv.gz
"(21,22]",1764,GUE001.A0101.10M_raw_R1_gc_rl.tsv.gz
"(22,23]",2813,GUE001.A0101.10M_raw_R1_gc_rl.tsv.gz
"(23,24]",4516,GUE001.A0101.10M_raw_R1_gc_rl.tsv.gz
"(24,25]",6939,GUE001.A0101.10M_raw_R1_gc_rl.tsv.gz
"(25,26]",10,GUE001.A0101.10M_raw_R1_gc_rl.tsv.gz
"(26,27]",10029,GUE001.A0101.10M_raw_R1_gc_rl.tsv.gz
"(27,28]",13813,GUE001.A0101.10M_raw_R1_gc_rl.tsv.gz
"(28,29]",18974,GUE001.A0101.10M_raw_R1_gc_rl.tsv.gz
"(29,30]",20,GUE001.A0101.10M_raw_R1_gc_rl.tsv.gz
"(30,31]",24561,GUE001.A0101.10M_raw_R1_gc_rl.tsv.gz
"(31,32]",31208,GUE001.A0101.10M_raw_R1_gc_rl.tsv.gz
"(32,33]",39148,GUE001.A0101.10M_raw_R1_gc_rl.tsv.gz
"(33,34]",32,GUE001.A0101.10M_raw_R1_gc_rl.tsv.gz
"(34,35]",47901,GUE001.A0101.10M_raw_R1_gc_rl.tsv.gz
"(35,36]",58994,GUE001.A0101.10M_raw_R1_gc_rl.tsv.gz
"(36,37]",70839,GUE001.A0101.10M_raw_R1_gc_rl.tsv.gz
"(37,38]",101,GUE001.A0101.10M_raw_R1_gc_rl.tsv.gz
"(38,39]",83902,GUE001.A0101.10M_raw_R1_gc_rl.tsv.gz
"(39,40]",98364,GUE001.A0101.10M_raw_R1_gc_rl.tsv.gz
"(40,41]",114759,GUE001.A0101.10M_raw_R1_gc_rl.tsv.gz
"(41,42]",207,GUE001.A0101.10M_raw_R1_gc_rl.tsv.gz
"(42,43]",132182,GUE001.A0101.10M_raw_R1_gc_rl.tsv.gz
"(43,44]",150894,GUE001.A0101.10M_raw_R1_gc_rl.tsv.gz
"(44,45]",173823,GUE001.A0101.10M_raw_R1_gc_rl.tsv.gz
"(45,46]",291,GUE001.A0101.10M_raw_R1_gc_rl.tsv.gz
"(46,47]",199736,GUE001.A0101.10M_raw_R1_gc_rl.tsv.gz
"(47,48]",226550,GUE001.A0101.10M_raw_R1_gc_rl.tsv.gz
"(48,49]",258092,GUE001.A0101.10M_raw_R1_gc_rl.tsv.gz
"(49,50]",292560,GUE001.A0101.10M_raw_R1_gc_rl.tsv.gz
"(50,51]",689,GUE001.A0101.10M_raw_R1_gc_rl.tsv.gz
"(51,52]",333178,GUE001.A0101.10M_raw_R1_gc_rl.tsv.gz
"(52,53]",375144,GUE001.A0101.10M_raw_R1_gc_rl.tsv.gz
"(53,54]",430640,GUE001.A0101.10M_raw_R1_gc_rl.tsv.gz
"(54,55]",898,GUE001.A0101.10M_raw_R1_gc_rl.tsv.gz
"(55,56]",484737,GUE001.A0101.10M_raw_R1_gc_rl.tsv.gz
"(56,57]",534368,GUE001.A0101.10M_raw_R1_gc_rl.tsv.gz
"(57,58]",576802,GUE001.A0101.10M_raw_R1_gc_rl.tsv.gz
"(58,59]",999,GUE001.A0101.10M_raw_R1_gc_rl.tsv.gz
"(59,60]",600136,GUE001.A0101.10M_raw_R1_gc_rl.tsv.gz
"(60,61]",597581,GUE001.A0101.10M_raw_R1_gc_rl.tsv.gz
"(61,62]",578847,GUE001.A0101.10M_raw_R1_gc_rl.tsv.gz
"(62,63]",732,GUE001.A0101.10M_raw_R1_gc_rl.tsv.gz
"(63,64]",541644,GUE001.A0101.10M_raw_R1_gc_rl.tsv.gz
"(64,65]",495263,GUE001.A0101.10M_raw_R1_gc_rl.tsv.gz
"(65,66]",443413,GUE001.A0101.10M_raw_R1_gc_rl.tsv.gz
"(66,67]",395,GUE001.A0101.10M_raw_R1_gc_rl.tsv.gz
"(67,68]",387642,GUE001.A0101.10M_raw_R1_gc_rl.tsv.gz
"(68,69]",337124,GUE001.A0101.10M_raw_R1_gc_rl.tsv.gz
"(69,70]",287464,GUE001.A0101.10M_raw_R1_gc_rl.tsv.gz
"(70,71]",190,GUE001.A0101.10M_raw_R1_gc_rl.tsv.gz
"(71,72]",238204,GUE001.A0101.10M_raw_R1_gc_rl.tsv.gz
"(72,73]",191829,GUE001.A0101.10M_raw_R1_gc_rl.tsv.gz
"(73,74]",149892,GUE001.A0101.10M_raw_R1_gc_rl.tsv.gz
"(74,75]",112353,GUE001.A0101.10M_raw_R1_gc_rl.tsv.gz
"(75,76]",38,GUE001.A0101.10M_raw_R1_gc_rl.tsv.gz
"(76,77]",80613,GUE001.A0101.10M_raw_R1_gc_rl.tsv.gz
"(77,78]",55549,GUE001.A0101.10M_raw_R1_gc_rl.tsv.gz
"(78,79]",36645,GUE001.A0101.10M_raw_R1_gc_rl.tsv.gz
"(79,80]",17,GUE001.A0101.10M_raw_R1_gc_rl.tsv.gz
"(80,81]",22788,GUE001.A0101.10M_raw_R1_gc_rl.tsv.gz
"(81,82]",13782,GUE001.A0101.10M_raw_R1_gc_rl.tsv.gz
"(82,83]",7961,GUE001.A0101.10M_raw_R1_gc_rl.tsv.gz
"(83,84]",1,GUE001.A0101.10M_raw_R1_gc_rl.tsv.gz
"(84,85]",4958,GUE001.A0101.10M_raw_R1_gc_rl.tsv.gz
"(85,86]",3230,GUE001.A0101.10M_raw_R1_gc_rl.tsv.gz
"(86,87]",2308,GUE001.A0101.10M_raw_R1_gc_rl.tsv.gz
"(88,89]",1636,GUE001.A0101.10M_raw_R1_gc_rl.tsv.gz
"(89,90]",1142,GUE001.A0101.10M_raw_R1_gc_rl.tsv.gz
"(90,91]",807,GUE001.A0101.10M_raw_R1_gc_rl.tsv.gz
"(92,93]",596,GUE001.A0101.10M_raw_R1_gc_rl.tsv.gz
"(93,94]",587,GUE001.A0101.10M_raw_R1_gc_rl.tsv.gz
"(94,95]",526,GUE001.A0101.10M_raw_R1_gc_rl.tsv.gz
"(96,97]",331,GUE001.A0101.10M_raw_R1_gc_rl.tsv.gz
"(97,98]",239,GUE001.A0101.10M_raw_R1_gc_rl.tsv.gz
"(98,99]",728,GUE001.A0101.10M_raw_R1_gc_rl.tsv.gz
"(99,100]",442,GUE001.A0101.10M_raw_R1_gc_rl.tsv.gz
"(2,3]",1,GUE001.A0102.SG1.4.10M_raw_R1_gc_rl.tsv.gz
"(3,4]",3,GUE001.A0102.SG1.4.10M_raw_R1_gc_rl.tsv.gz
"(5,6]",3,GUE001.A0102.SG1.4.10M_raw_R1_gc_rl.tsv.gz
"(6,7]",5,GUE001.A0102.SG1.4.10M_raw_R1_gc_rl.tsv.gz
"(7,8]",14,GUE001.A0102.SG1.4.10M_raw_R1_gc_rl.tsv.gz
"(9,10]",27,GUE001.A0102.SG1.4.10M_raw_R1_gc_rl.tsv.gz
"(10,11]",36,GUE001.A0102.SG1.4.10M_raw_R1_gc_rl.tsv.gz
"(11,12]",44,GUE001.A0102.SG1.4.10M_raw_R1_gc_rl.tsv.gz
"(13,14]",78,GUE001.A0102.SG1.4.10M_raw_R1_gc_rl.tsv.gz
"(14,15]",127,GUE001.A0102.SG1.4.10M_raw_R1_gc_rl.tsv.gz
"(15,16]",232,GUE001.A0102.SG1.4.10M_raw_R1_gc_rl.tsv.gz
"(17,18]",444,GUE001.A0102.SG1.4.10M_raw_R1_gc_rl.tsv.gz
"(18,19]",792,GUE001.A0102.SG1.4.10M_raw_R1_gc_rl.tsv.gz
"(19,20]",1096,GUE001.A0102.SG1.4.10M_raw_R1_gc_rl.tsv.gz
"(21,22]",1401,GUE001.A0102.SG1.4.10M_raw_R1_gc_rl.tsv.gz
"(22,23]",1641,GUE001.A0102.SG1.4.10M_raw_R1_gc_rl.tsv.gz
"(23,24]",2059,GUE001.A0102.SG1.4.10M_raw_R1_gc_rl.tsv.gz
"(24,25]",2439,GUE001.A0102.SG1.4.10M_raw_R1_gc_rl.tsv.gz
"(26,27]",2848,GUE001.A0102.SG1.4.10M_raw_R1_gc_rl.tsv.gz
"(27,28]",3629,GUE001.A0102.SG1.4.10M_raw_R1_gc_rl.tsv.gz
"(28,29]",4434,GUE001.A0102.SG1.4.10M_raw_R1_gc_rl.tsv.gz
"(29,30]",3,GUE001.A0102.SG1.4.10M_raw_R1_gc_rl.tsv.gz
"(30,31]",5547,GUE001.A0102.SG1.4.10M_raw_R1_gc_rl.tsv.gz
"(31,32]",6636,GUE001.A0102.SG1.4.10M_raw_R1_gc_rl.tsv.gz
"(32,33]",8266,GUE001.A0102.SG1.4.10M_raw_R1_gc_rl.tsv.gz
"(33,34]",4,GUE001.A0102.SG1.4.10M_raw_R1_gc_rl.tsv.gz
"(34,35]",9912,GUE001.A0102.SG1.4.10M_raw_R1_gc_rl.tsv.gz
"(35,36]",12782,GUE001.A0102.SG1.4.10M_raw_R1_gc_rl.tsv.gz
"(36,37]",16210,GUE001.A0102.SG1.4.10M_raw_R1_gc_rl.tsv.gz
"(37,38]",7,GUE001.A0102.SG1.4.10M_raw_R1_gc_rl.tsv.gz
"(38,39]",20745,GUE001.A0102.SG1.4.10M_raw_R1_gc_rl.tsv.gz
"(39,40]",26378,GUE001.A0102.SG1.4.10M_raw_R1_gc_rl.tsv.gz
"(40,41]",32900,GUE001.A0102.SG1.4.10M_raw_R1_gc_rl.tsv.gz
"(41,42]",19,GUE001.A0102.SG1.4.10M_raw_R1_gc_rl.tsv.gz
"(42,43]",40526,GUE001.A0102.SG1.4.10M_raw_R1_gc_rl.tsv.gz
"(43,44]",54469,GUE001.A0102.SG1.4.10M_raw_R1_gc_rl.tsv.gz
"(44,45]",163266,GUE001.A0102.SG1.4.10M_raw_R1_gc_rl.tsv.gz
"(45,46]",84,GUE001.A0102.SG1.4.10M_raw_R1_gc_rl.tsv.gz
"(46,47]",326363,GUE001.A0102.SG1.4.10M_raw_R1_gc_rl.tsv.gz
"(47,48]",229974,GUE001.A0102.SG1.4.10M_raw_R1_gc_rl.tsv.gz
"(48,49]",591301,GUE001.A0102.SG1.4.10M_raw_R1_gc_rl.tsv.gz
"(49,50]",1477754,GUE001.A0102.SG1.4.10M_raw_R1_gc_rl.tsv.gz
"(50,51]",770,GUE001.A0102.SG1.4.10M_raw_R1_gc_rl.tsv.gz
"(51,52]",2848812,GUE001.A0102.SG1.4.10M_raw_R1_gc_rl.tsv.gz
"(52,53]",2424461,GUE001.A0102.SG1.4.10M_raw_R1_gc_rl.tsv.gz
"(53,54]",1035590,GUE001.A0102.SG1.4.10M_raw_R1_gc_rl.tsv.gz
"(54,55]",226,GUE001.A0102.SG1.4.10M_raw_R1_gc_rl.tsv.gz
"(55,56]",312896,GUE001.A0102.SG1.4.10M_raw_R1_gc_rl.tsv.gz
"(56,57]",109673,GUE001.A0102.SG1.4.10M_raw_R1_gc_rl.tsv.gz
"(57,58]",60534,GUE001.A0102.SG1.4.10M_raw_R1_gc_rl.tsv.gz
"(58,59]",17,GUE001.A0102.SG1.4.10M_raw_R1_gc_rl.tsv.gz
"(59,60]",40431,GUE001.A0102.SG1.4.10M_raw_R1_gc_rl.tsv.gz
"(60,61]",29872,GUE001.A0102.SG1.4.10M_raw_R1_gc_rl.tsv.gz
"(61,62]",22770,GUE001.A0102.SG1.4.10M_raw_R1_gc_rl.tsv.gz
"(62,63]",5,GUE001.A0102.SG1.4.10M_raw_R1_gc_rl.tsv.gz
"(63,64]",17631,GUE001.A0102.SG1.4.10M_raw_R1_gc_rl.tsv.gz
"(64,65]",13574,GUE001.A0102.SG1.4.10M_raw_R1_gc_rl.tsv.gz
"(65,66]",10255,GUE001.A0102.SG1.4.10M_raw_R1_gc_rl.tsv.gz
"(66,67]",3,GUE001.A0102.SG1.4.10M_raw_R1_gc_rl.tsv.gz
"(67,68]",7968,GUE001.A0102.SG1.4.10M_raw_R1_gc_rl.tsv.gz
"(68,69]",5867,GUE001.A0102.SG1.4.10M_raw_R1_gc_rl.tsv.gz
"(69,70]",4641,GUE001.A0102.SG1.4.10M_raw_R1_gc_rl.tsv.gz
"(70,71]",1,GUE001.A0102.SG1.4.10M_raw_R1_gc_rl.tsv.gz
"(71,72]",3486,GUE001.A0102.SG1.4.10M_raw_R1_gc_rl.tsv.gz
"(72,73]",2372,GUE001.A0102.SG1.4.10M_raw_R1_gc_rl.tsv.gz
"(73,74]",1557,GUE001.A0102.SG1.4.10M_raw_R1_gc_rl.tsv.gz
"(74,75]",1030,GUE001.A0102.SG1.4.10M_raw_R1_gc_rl.tsv.gz
"(76,77]",485,GUE001.A0102.SG1.4.10M_raw_R1_gc_rl.tsv.gz
"(77,78]",217,GUE001.A0102.SG1.4.10M_raw_R1_gc_rl.tsv.gz
"(78,79]",74,GUE001.A0102.SG1.4.10M_raw_R1_gc_rl.tsv.gz
"(80,81]",22,GUE001.A0102.SG1.4.10M_raw_R1_gc_rl.tsv.gz
"(81,82]",18,GUE001.A0102.SG1.4.10M_raw_R1_gc_rl.tsv.gz
"(82,83]",18,GUE001.A0102.SG1.4.10M_raw_R1_gc_rl.tsv.gz
"(84,85]",9,GUE001.A0102.SG1.4.10M_raw_R1_gc_rl.tsv.gz
"(85,86]",16,GUE001.A0102.SG1.4.10M_raw_R1_gc_rl.tsv.gz
"(86,87]",16,GUE001.A0102.SG1.4.10M_raw_R1_gc_rl.tsv.gz
"(88,89]",17,GUE001.A0102.SG1.4.10M_raw_R1_gc_rl.tsv.gz
"(89,90]",16,GUE001.A0102.SG1.4.10M_raw_R1_gc_rl.tsv.gz
"(90,91]",16,GUE001.A0102.SG1.4.10M_raw_R1_gc_rl.tsv.gz
"(92,93]",20,GUE001.A0102.SG1.4.10M_raw_R1_gc_rl.tsv.gz
"(93,94]",22,GUE001.A0102.SG1.4.10M_raw_R1_gc_rl.tsv.gz
"(94,95]",24,GUE001.A0102.SG1.4.10M_raw_R1_gc_rl.tsv.gz
"(96,97]",25,GUE001.A0102.SG1.4.10M_raw_R1_gc_rl.tsv.gz
"(97,98]",37,GUE001.A0102.SG1.4.10M_raw_R1_gc_rl.tsv.gz
"(98,99]",6,GUE001.A0102.SG1.4.10M_raw_R1_gc_rl.tsv.gz
"(99,100]",1,GUE001.A0102.SG1.4.10M_raw_R1_gc_rl.tsv.gz
"(2,3]",2,PES001.B0101.SG1.3.10M_raw_R1_gc_rl.tsv.gz
"(3,4]",2,PES001.B0101.SG1.3.10M_raw_R1_gc_rl.tsv.gz
"(5,6]",3,PES001.B0101.SG1.3.10M_raw_R1_gc_rl.tsv.gz
"(6,7]",9,PES001.B0101.SG1.3.10M_raw_R1_gc_rl.tsv.gz
"(7,8]",16,PES001.B0101.SG1.3.10M_raw_R1_gc_rl.tsv.gz
"(9,10]",25,PES001.B0101.SG1.3.10M_raw_R1_gc_rl.tsv.gz
"(10,11]",51,PES001.B0101.SG1.3.10M_raw_R1_gc_rl.tsv.gz
"(11,12]",99,PES001.B0101.SG1.3.10M_raw_R1_gc_rl.tsv.gz
"(13,14]",181,PES001.B0101.SG1.3.10M_raw_R1_gc_rl.tsv.gz
"(14,15]",312,PES001.B0101.SG1.3.10M_raw_R1_gc_rl.tsv.gz
"(15,16]",552,PES001.B0101.SG1.3.10M_raw_R1_gc_rl.tsv.gz
"(17,18]",974,PES001.B0101.SG1.3.10M_raw_R1_gc_rl.tsv.gz
"(18,19]",1720,PES001.B0101.SG1.3.10M_raw_R1_gc_rl.tsv.gz
"(19,20]",2698,PES001.B0101.SG1.3.10M_raw_R1_gc_rl.tsv.gz
"(20,21]",1,PES001.B0101.SG1.3.10M_raw_R1_gc_rl.tsv.gz
"(21,22]",4383,PES001.B0101.SG1.3.10M_raw_R1_gc_rl.tsv.gz
"(22,23]",6584,PES001.B0101.SG1.3.10M_raw_R1_gc_rl.tsv.gz
"(23,24]",9237,PES001.B0101.SG1.3.10M_raw_R1_gc_rl.tsv.gz
"(24,25]",12805,PES001.B0101.SG1.3.10M_raw_R1_gc_rl.tsv.gz
"(26,27]",17054,PES001.B0101.SG1.3.10M_raw_R1_gc_rl.tsv.gz
"(27,28]",22149,PES001.B0101.SG1.3.10M_raw_R1_gc_rl.tsv.gz
"(28,29]",27705,PES001.B0101.SG1.3.10M_raw_R1_gc_rl.tsv.gz
"(29,30]",3,PES001.B0101.SG1.3.10M_raw_R1_gc_rl.tsv.gz
"(30,31]",35134,PES001.B0101.SG1.3.10M_raw_R1_gc_rl.tsv.gz
"(31,32]",43358,PES001.B0101.SG1.3.10M_raw_R1_gc_rl.tsv.gz
"(32,33]",53072,PES001.B0101.SG1.3.10M_raw_R1_gc_rl.tsv.gz
"(33,34]",4,PES001.B0101.SG1.3.10M_raw_R1_gc_rl.tsv.gz
"(34,35]",63673,PES001.B0101.SG1.3.10M_raw_R1_gc_rl.tsv.gz
"(35,36]",76960,PES001.B0101.SG1.3.10M_raw_R1_gc_rl.tsv.gz
"(36,37]",93310,PES001.B0101.SG1.3.10M_raw_R1_gc_rl.tsv.gz
"(37,38]",10,PES001.B0101.SG1.3.10M_raw_R1_gc_rl.tsv.gz
"(38,39]",111739,PES001.B0101.SG1.3.10M_raw_R1_gc_rl.tsv.gz
"(39,40]",133322,PES001.B0101.SG1.3.10M_raw_R1_gc_rl.tsv.gz
"(40,41]",157607,PES001.B0101.SG1.3.10M_raw_R1_gc_rl.tsv.gz
"(41,42]",5,PES001.B0101.SG1.3.10M_raw_R1_gc_rl.tsv.gz
"(42,43]",184706,PES001.B0101.SG1.3.10M_raw_R1_gc_rl.tsv.gz
"(43,44]",214982,PES001.B0101.SG1.3.10M_raw_R1_gc_rl.tsv.gz
"(44,45]",246370,PES001.B0101.SG1.3.10M_raw_R1_gc_rl.tsv.gz
"(45,46]",20,PES001.B0101.SG1.3.10M_raw_R1_gc_rl.tsv.gz
"(46,47]",274860,PES001.B0101.SG1.3.10M_raw_R1_gc_rl.tsv.gz
"(47,48]",304510,PES001.B0101.SG1.3.10M_raw_R1_gc_rl.tsv.gz
"(48,49]",330725,PES001.B0101.SG1.3.10M_raw_R1_gc_rl.tsv.gz
"(49,50]",356262,PES001.B0101.SG1.3.10M_raw_R1_gc_rl.tsv.gz
"(50,51]",25,PES001.B0101.SG1.3.10M_raw_R1_gc_rl.tsv.gz
"(51,52]",380014,PES001.B0101.SG1.3.10M_raw_R1_gc_rl.tsv.gz
"(52,53]",405953,PES001.B0101.SG1.3.10M_raw_R1_gc_rl.tsv.gz
"(53,54]",437321,PES001.B0101.SG1.3.10M_raw_R1_gc_rl.tsv.gz
"(54,55]",33,PES001.B0101.SG1.3.10M_raw_R1_gc_rl.tsv.gz
"(55,56]",470854,PES001.B0101.SG1.3.10M_raw_R1_gc_rl.tsv.gz
"(56,57]",506858,PES001.B0101.SG1.3.10M_raw_R1_gc_rl.tsv.gz
"(57,58]",531871,PES001.B0101.SG1.3.10M_raw_R1_gc_rl.tsv.gz
"(58,59]",40,PES001.B0101.SG1.3.10M_raw_R1_gc_rl.tsv.gz
"(59,60]",541420,PES001.B0101.SG1.3.10M_raw_R1_gc_rl.tsv.gz
"(60,61]",533259,PES001.B0101.SG1.3.10M_raw_R1_gc_rl.tsv.gz
"(61,62]",507597,PES001.B0101.SG1.3.10M_raw_R1_gc_rl.tsv.gz
"(62,63]",26,PES001.B0101.SG1.3.10M_raw_R1_gc_rl.tsv.gz
"(63,64]",472916,PES001.B0101.SG1.3.10M_raw_R1_gc_rl.tsv.gz
"(64,65]",431845,PES001.B0101.SG1.3.10M_raw_R1_gc_rl.tsv.gz
"(65,66]",386090,PES001.B0101.SG1.3.10M_raw_R1_gc_rl.tsv.gz
"(66,67]",23,PES001.B0101.SG1.3.10M_raw_R1_gc_rl.tsv.gz
"(67,68]",339194,PES001.B0101.SG1.3.10M_raw_R1_gc_rl.tsv.gz
"(68,69]",292929,PES001.B0101.SG1.3.10M_raw_R1_gc_rl.tsv.gz
"(69,70]",246034,PES001.B0101.SG1.3.10M_raw_R1_gc_rl.tsv.gz
"(70,71]",14,PES001.B0101.SG1.3.10M_raw_R1_gc_rl.tsv.gz
"(71,72]",201755,PES001.B0101.SG1.3.10M_raw_R1_gc_rl.tsv.gz
"(72,73]",159637,PES001.B0101.SG1.3.10M_raw_R1_gc_rl.tsv.gz
"(73,74]",121516,PES001.B0101.SG1.3.10M_raw_R1_gc_rl.tsv.gz
"(74,75]",88243,PES001.B0101.SG1.3.10M_raw_R1_gc_rl.tsv.gz
"(75,76]",6,PES001.B0101.SG1.3.10M_raw_R1_gc_rl.tsv.gz
"(76,77]",60971,PES001.B0101.SG1.3.10M_raw_R1_gc_rl.tsv.gz
"(77,78]",40017,PES001.B0101.SG1.3.10M_raw_R1_gc_rl.tsv.gz
"(78,79]",24383,PES001.B0101.SG1.3.10M_raw_R1_gc_rl.tsv.gz
"(80,81]",14161,PES001.B0101.SG1.3.10M_raw_R1_gc_rl.tsv.gz
"(81,82]",7315,PES001.B0101.SG1.3.10M_raw_R1_gc_rl.tsv.gz
"(82,83]",3725,PES001.B0101.SG1.3.10M_raw_R1_gc_rl.tsv.gz
"(84,85]",2064,PES001.B0101.SG1.3.10M_raw_R1_gc_rl.tsv.gz
"(85,86]",1371,PES001.B0101.SG1.3.10M_raw_R1_gc_rl.tsv.gz
"(86,87]",961,PES001.B0101.SG1.3.10M_raw_R1_gc_rl.tsv.gz
"(88,89]",653,PES001.B0101.SG1.3.10M_raw_R1_gc_rl.tsv.gz
"(89,90]",508,PES001.B0101.SG1.3.10M_raw_R1_gc_rl.tsv.gz
"(90,91]",367,PES001.B0101.SG1.3.10M_raw_R1_gc_rl.tsv.gz
"(92,93]",282,PES001.B0101.SG1.3.10M_raw_R1_gc_rl.tsv.gz
"(93,94]",219,PES001.B0101.SG1.3.10M_raw_R1_gc_rl.tsv.gz
"(94,95]",148,PES001.B0101.SG1.3.10M_raw_R1_gc_rl.tsv.gz
"(96,97]",94,PES001.B0101.SG1.3.10M_raw_R1_gc_rl.tsv.gz
"(97,98]",61,PES001.B0101.SG1.3.10M_raw_R1_gc_rl.tsv.gz
"(98,99]",26,PES001.B0101.SG1.3.10M_raw_R1_gc_rl.tsv.gz
"(99,100]",7,PES001.B0101.SG1.3.10M_raw_R1_gc_rl.tsv.gz
"[0,1]",10,PES001.B0102.SG1.5.10M_raw_R1_gc_rl.tsv.gz
"(1,2]",2,PES001.B0102.SG1.5.10M_raw_R1_gc_rl.tsv.gz
"(2,3]",4,PES001.B0102.SG1.5.10M_raw_R1_gc_rl.tsv.gz
"(3,4]",18,PES001.B0102.SG1.5.10M_raw_R1_gc_rl.tsv.gz
"(5,6]",56,PES001.B0102.SG1.5.10M_raw_R1_gc_rl.tsv.gz
"(6,7]",75,PES001.B0102.SG1.5.10M_raw_R1_gc_rl.tsv.gz
"(7,8]",180,PES001.B0102.SG1.5.10M_raw_R1_gc_rl.tsv.gz
"(9,10]",308,PES001.B0102.SG1.5.10M_raw_R1_gc_rl.tsv.gz
"(10,11]",517,PES001.B0102.SG1.5.10M_raw_R1_gc_rl.tsv.gz
"(11,12]",767,PES001.B0102.SG1.5.10M_raw_R1_gc_rl.tsv.gz
"(13,14]",1120,PES001.B0102.SG1.5.10M_raw_R1_gc_rl.tsv.gz
"(14,15]",1696,PES001.B0102.SG1.5.10M_raw_R1_gc_rl.tsv.gz
"(15,16]",2484,PES001.B0102.SG1.5.10M_raw_R1_gc_rl.tsv.gz
"(17,18]",3401,PES001.B0102.SG1.5.10M_raw_R1_gc_rl.tsv.gz
"(18,19]",4786,PES001.B0102.SG1.5.10M_raw_R1_gc_rl.tsv.gz
"(19,20]",6648,PES001.B0102.SG1.5.10M_raw_R1_gc_rl.tsv.gz
"(20,21]",5,PES001.B0102.SG1.5.10M_raw_R1_gc_rl.tsv.gz
"(21,22]",8944,PES001.B0102.SG1.5.10M_raw_R1_gc_rl.tsv.gz
"(22,23]",11883,PES001.B0102.SG1.5.10M_raw_R1_gc_rl.tsv.gz
"(23,24]",15269,PES001.B0102.SG1.5.10M_raw_R1_gc_rl.tsv.gz
"(24,25]",19324,PES001.B0102.SG1.5.10M_raw_R1_gc_rl.tsv.gz
"(25,26]",8,PES001.B0102.SG1.5.10M_raw_R1_gc_rl.tsv.gz
"(26,27]",24542,PES001.B0102.SG1.5.10M_raw_R1_gc_rl.tsv.gz
"(27,28]",29470,PES001.B0102.SG1.5.10M_raw_R1_gc_rl.tsv.gz
"(28,29]",36157,PES001.B0102.SG1.5.10M_raw_R1_gc_rl.tsv.gz
"(29,30]",15,PES001.B0102.SG1.5.10M_raw_R1_gc_rl.tsv.gz
"(30,31]",43635,PES001.B0102.SG1.5.10M_raw_R1_gc_rl.tsv.gz
"(31,32]",52042,PES001.B0102.SG1.5.10M_raw_R1_gc_rl.tsv.gz
"(32,33]",61728,PES001.B0102.SG1.5.10M_raw_R1_gc_rl.tsv.gz
"(33,34]",25,PES001.B0102.SG1.5.10M_raw_R1_gc_rl.tsv.gz
"(34,35]",72634,PES001.B0102.SG1.5.10M_raw_R1_gc_rl.tsv.gz
"(35,36]",85502,PES001.B0102.SG1.5.10M_raw_R1_gc_rl.tsv.gz
"(36,37]",101359,PES001.B0102.SG1.5.10M_raw_R1_gc_rl.tsv.gz
"(37,38]",42,PES001.B0102.SG1.5.10M_raw_R1_gc_rl.tsv.gz
"(38,39]",119178,PES001.B0102.SG1.5.10M_raw_R1_gc_rl.tsv.gz
"(39,40]",138374,PES001.B0102.SG1.5.10M_raw_R1_gc_rl.tsv.gz
"(40,41]",162538,PES001.B0102.SG1.5.10M_raw_R1_gc_rl.tsv.gz
"(41,42]",60,PES001.B0102.SG1.5.10M_raw_R1_gc_rl.tsv.gz
"(42,43]",189496,PES001.B0102.SG1.5.10M_raw_R1_gc_rl.tsv.gz
"(43,44]",218819,PES001.B0102.SG1.5.10M_raw_R1_gc_rl.tsv.gz
"(44,45]",251557,PES001.B0102.SG1.5.10M_raw_R1_gc_rl.tsv.gz
"(45,46]",119,PES001.B0102.SG1.5.10M_raw_R1_gc_rl.tsv.gz
"(46,47]",288788,PES001.B0102.SG1.5.10M_raw_R1_gc_rl.tsv.gz
"(47,48]",340109,PES001.B0102.SG1.5.10M_raw_R1_gc_rl.tsv.gz
"(48,49]",385661,PES001.B0102.SG1.5.10M_raw_R1_gc_rl.tsv.gz
"(49,50]",420688,PES001.B0102.SG1.5.10M_raw_R1_gc_rl.tsv.gz
"(50,51]",168,PES001.B0102.SG1.5.10M_raw_R1_gc_rl.tsv.gz
"(51,52]",490998,PES001.B0102.SG1.5.10M_raw_R1_gc_rl.tsv.gz
"(52,53]",604561,PES001.B0102.SG1.5.10M_raw_R1_gc_rl.tsv.gz
"(53,54]",745485,PES001.B0102.SG1.5.10M_raw_R1_gc_rl.tsv.gz
"(54,55]",264,PES001.B0102.SG1.5.10M_raw_R1_gc_rl.tsv.gz
"(55,56]",774982,PES001.B0102.SG1.5.10M_raw_R1_gc_rl.tsv.gz
"(56,57]",718817,PES001.B0102.SG1.5.10M_raw_R1_gc_rl.tsv.gz
"(57,58]",679909,PES001.B0102.SG1.5.10M_raw_R1_gc_rl.tsv.gz
"(58,59]",241,PES001.B0102.SG1.5.10M_raw_R1_gc_rl.tsv.gz
"(59,60]",635179,PES001.B0102.SG1.5.10M_raw_R1_gc_rl.tsv.gz
"(60,61]",558990,PES001.B0102.SG1.5.10M_raw_R1_gc_rl.tsv.gz
"(61,62]",458825,PES001.B0102.SG1.5.10M_raw_R1_gc_rl.tsv.gz
"(62,63]",137,PES001.B0102.SG1.5.10M_raw_R1_gc_rl.tsv.gz
"(63,64]",353006,PES001.B0102.SG1.5.10M_raw_R1_gc_rl.tsv.gz
"(64,65]",260049,PES001.B0102.SG1.5.10M_raw_R1_gc_rl.tsv.gz
"(65,66]",185980,PES001.B0102.SG1.5.10M_raw_R1_gc_rl.tsv.gz
"(66,67]",40,PES001.B0102.SG1.5.10M_raw_R1_gc_rl.tsv.gz
"(67,68]",131777,PES001.B0102.SG1.5.10M_raw_R1_gc_rl.tsv.gz
"(68,69]",94228,PES001.B0102.SG1.5.10M_raw_R1_gc_rl.tsv.gz
"(69,70]",69017,PES001.B0102.SG1.5.10M_raw_R1_gc_rl.tsv.gz
"(70,71]",30,PES001.B0102.SG1.5.10M_raw_R1_gc_rl.tsv.gz
"(71,72]",50274,PES001.B0102.SG1.5.10M_raw_R1_gc_rl.tsv.gz
"(72,73]",35623,PES001.B0102.SG1.5.10M_raw_R1_gc_rl.tsv.gz
"(73,74]",24234,PES001.B0102.SG1.5.10M_raw_R1_gc_rl.tsv.gz
"(74,75]",14853,PES001.B0102.SG1.5.10M_raw_R1_gc_rl.tsv.gz
"(75,76]",1,PES001.B0102.SG1.5.10M_raw_R1_gc_rl.tsv.gz
"(76,77]",7451,PES001.B0102.SG1.5.10M_raw_R1_gc_rl.tsv.gz
"(77,78]",2963,PES001.B0102.SG1.5.10M_raw_R1_gc_rl.tsv.gz
"(78,79]",905,PES001.B0102.SG1.5.10M_raw_R1_gc_rl.tsv.gz
"(80,81]",260,PES001.B0102.SG1.5.10M_raw_R1_gc_rl.tsv.gz
"(81,82]",113,PES001.B0102.SG1.5.10M_raw_R1_gc_rl.tsv.gz
"(82,83]",85,PES001.B0102.SG1.5.10M_raw_R1_gc_rl.tsv.gz
"(84,85]",49,PES001.B0102.SG1.5.10M_raw_R1_gc_rl.tsv.gz
"(85,86]",35,PES001.B0102.SG1.5.10M_raw_R1_gc_rl.tsv.gz
"(86,87]",35,PES001.B0102.SG1.5.10M_raw_R1_gc_rl.tsv.gz
"(88,89]",29,PES001.B0102.SG1.5.10M_raw_R1_gc_rl.tsv.gz
"(89,90]",32,PES001.B0102.SG1.5.10M_raw_R1_gc_rl.tsv.gz
"(90,91]",32,PES001.B0102.SG1.5.10M_raw_R1_gc_rl.tsv.gz
"(92,93]",50,PES001.B0102.SG1.5.10M_raw_R1_gc_rl.tsv.gz
"(93,94]",104,PES001.B0102.SG1.5.10M_raw_R1_gc_rl.tsv.gz
"(94,95]",65,PES001.B0102.SG1.5.10M_raw_R1_gc_rl.tsv.gz
"(96,97]",36,PES001.B0102.SG1.5.10M_raw_R1_gc_rl.tsv.gz
"(97,98]",29,PES001.B0102.SG1.5.10M_raw_R1_gc_rl.tsv.gz
"(98,99]",14,PES001.B0102.SG1.5.10M_raw_R1_gc_rl.tsv.gz
"(99,100]",2,PES001.B0102.SG1.5.10M_raw_R1_gc_rl.tsv.gz
"(3,4]",3,SPM002.A0101.10M_raw_R1_gc_rl.tsv.gz
"(5,6]",3,SPM002.A0101.10M_raw_R1_gc_rl.tsv.gz
"(6,7]",5,SPM002.A0101.10M_raw_R1_gc_rl.tsv.gz
"(7,8]",15,SPM002.A0101.10M_raw_R1_gc_rl.tsv.gz
"(9,10]",23,SPM002.A0101.10M_raw_R1_gc_rl.tsv.gz
"(10,11]",42,SPM002.A0101.10M_raw_R1_gc_rl.tsv.gz
"(11,12]",87,SPM002.A0101.10M_raw_R1_gc_rl.tsv.gz
"(13,14]",154,SPM002.A0101.10M_raw_R1_gc_rl.tsv.gz
"(14,15]",305,SPM002.A0101.10M_raw_R1_gc_rl.tsv.gz
"(15,16]",685,SPM002.A0101.10M_raw_R1_gc_rl.tsv.gz
"(16,17]",1,SPM002.A0101.10M_raw_R1_gc_rl.tsv.gz
"(17,18]",1594,SPM002.A0101.10M_raw_R1_gc_rl.tsv.gz
"(18,19]",3914,SPM002.A0101.10M_raw_R1_gc_rl.tsv.gz
"(19,20]",8030,SPM002.A0101.10M_raw_R1_gc_rl.tsv.gz
"(20,21]",6,SPM002.A0101.10M_raw_R1_gc_rl.tsv.gz
"(21,22]",16244,SPM002.A0101.10M_raw_R1_gc_rl.tsv.gz
"(22,23]",28770,SPM002.A0101.10M_raw_R1_gc_rl.tsv.gz
"(23,24]",46534,SPM002.A0101.10M_raw_R1_gc_rl.tsv.gz
"(24,25]",69020,SPM002.A0101.10M_raw_R1_gc_rl.tsv.gz
"(25,26]",43,SPM002.A0101.10M_raw_R1_gc_rl.tsv.gz
"(26,27]",96135,SPM002.A0101.10M_raw_R1_gc_rl.tsv.gz
"(27,28]",128174,SPM002.A0101.10M_raw_R1_gc_rl.tsv.gz
"(28,29]",162810,SPM002.A0101.10M_raw_R1_gc_rl.tsv.gz
"(29,30]",124,SPM002.A0101.10M_raw_R1_gc_rl.tsv.gz
"(30,31]",199652,SPM002.A0101.10M_raw_R1_gc_rl.tsv.gz
"(31,32]",237344,SPM002.A0101.10M_raw_R1_gc_rl.tsv.gz
"(32,33]",277274,SPM002.A0101.10M_raw_R1_gc_rl.tsv.gz
"(33,34]",275,SPM002.A0101.10M_raw_R1_gc_rl.tsv.gz
"(34,35]",320356,SPM002.A0101.10M_raw_R1_gc_rl.tsv.gz
"(35,36]",357449,SPM002.A0101.10M_raw_R1_gc_rl.tsv.gz
"(36,37]",390518,SPM002.A0101.10M_raw_R1_gc_rl.tsv.gz
"(37,38]",512,SPM002.A0101.10M_raw_R1_gc_rl.tsv.gz
"(38,39]",409920,SPM002.A0101.10M_raw_R1_gc_rl.tsv.gz
"(39,40]",418426,SPM002.A0101.10M_raw_R1_gc_rl.tsv.gz
"(40,41]",417889,SPM002.A0101.10M_raw_R1_gc_rl.tsv.gz
"(41,42]",745,SPM002.A0101.10M_raw_R1_gc_rl.tsv.gz
"(42,43]",413559,SPM002.A0101.10M_raw_R1_gc_rl.tsv.gz
"(43,44]",412790,SPM002.A0101.10M_raw_R1_gc_rl.tsv.gz
"(44,45]",450396,SPM002.A0101.10M_raw_R1_gc_rl.tsv.gz
"(45,46]",913,SPM002.A0101.10M_raw_R1_gc_rl.tsv.gz
"(46,47]",464090,SPM002.A0101.10M_raw_R1_gc_rl.tsv.gz
"(47,48]",473161,SPM002.A0101.10M_raw_R1_gc_rl.tsv.gz
"(48,49]",538262,SPM002.A0101.10M_raw_R1_gc_rl.tsv.gz
"(49,50]",490266,SPM002.A0101.10M_raw_R1_gc_rl.tsv.gz
"(50,51]",1029,SPM002.A0101.10M_raw_R1_gc_rl.tsv.gz
"(51,52]",504872,SPM002.A0101.10M_raw_R1_gc_rl.tsv.gz
"(52,53]",411741,SPM002.A0101.10M_raw_R1_gc_rl.tsv.gz
"(53,54]",348255,SPM002.A0101.10M_raw_R1_gc_rl.tsv.gz
"(54,55]",563,SPM002.A0101.10M_raw_R1_gc_rl.tsv.gz
"(55,56]",320373,SPM002.A0101.10M_raw_R1_gc_rl.tsv.gz
"(56,57]",297433,SPM002.A0101.10M_raw_R1_gc_rl.tsv.gz
"(57,58]",266645,SPM002.A0101.10M_raw_R1_gc_rl.tsv.gz
"(58,59]",310,SPM002.A0101.10M_raw_R1_gc_rl.tsv.gz
"(59,60]",222284,SPM002.A0101.10M_raw_R1_gc_rl.tsv.gz
"(60,61]",180369,SPM002.A0101.10M_raw_R1_gc_rl.tsv.gz
"(61,62]",144105,SPM002.A0101.10M_raw_R1_gc_rl.tsv.gz
"(62,63]",117,SPM002.A0101.10M_raw_R1_gc_rl.tsv.gz
"(63,64]",112233,SPM002.A0101.10M_raw_R1_gc_rl.tsv.gz
"(64,65]",87369,SPM002.A0101.10M_raw_R1_gc_rl.tsv.gz
"(65,66]",67184,SPM002.A0101.10M_raw_R1_gc_rl.tsv.gz
"(66,67]",46,SPM002.A0101.10M_raw_R1_gc_rl.tsv.gz
"(67,68]",51077,SPM002.A0101.10M_raw_R1_gc_rl.tsv.gz
"(68,69]",37906,SPM002.A0101.10M_raw_R1_gc_rl.tsv.gz
"(69,70]",28358,SPM002.A0101.10M_raw_R1_gc_rl.tsv.gz
"(70,71]",17,SPM002.A0101.10M_raw_R1_gc_rl.tsv.gz
"(71,72]",20325,SPM002.A0101.10M_raw_R1_gc_rl.tsv.gz
"(72,73]",15178,SPM002.A0101.10M_raw_R1_gc_rl.tsv.gz
"(73,74]",11449,SPM002.A0101.10M_raw_R1_gc_rl.tsv.gz
"(74,75]",8305,SPM002.A0101.10M_raw_R1_gc_rl.tsv.gz
"(75,76]",5,SPM002.A0101.10M_raw_R1_gc_rl.tsv.gz
"(76,77]",6198,SPM002.A0101.10M_raw_R1_gc_rl.tsv.gz
"(77,78]",4707,SPM002.A0101.10M_raw_R1_gc_rl.tsv.gz
"(78,79]",3435,SPM002.A0101.10M_raw_R1_gc_rl.tsv.gz
"(79,80]",1,SPM002.A0101.10M_raw_R1_gc_rl.tsv.gz
"(80,81]",2582,SPM002.A0101.10M_raw_R1_gc_rl.tsv.gz
"(81,82]",1907,SPM002.A0101.10M_raw_R1_gc_rl.tsv.gz
"(82,83]",1349,SPM002.A0101.10M_raw_R1_gc_rl.tsv.gz
"(84,85]",921,SPM002.A0101.10M_raw_R1_gc_rl.tsv.gz
"(85,86]",683,SPM002.A0101.10M_raw_R1_gc_rl.tsv.gz
"(86,87]",504,SPM002.A0101.10M_raw_R1_gc_rl.tsv.gz
"(88,89]",370,SPM002.A0101.10M_raw_R1_gc_rl.tsv.gz
"(89,90]",304,SPM002.A0101.10M_raw_R1_gc_rl.tsv.gz
"(90,91]",250,SPM002.A0101.10M_raw_R1_gc_rl.tsv.gz
"(92,93]",234,SPM002.A0101.10M_raw_R1_gc_rl.tsv.gz
"(93,94]",501,SPM002.A0101.10M_raw_R1_gc_rl.tsv.gz
"(94,95]",423,SPM002.A0101.10M_raw_R1_gc_rl.tsv.gz
"(95,96]",1,SPM002.A0101.10M_raw_R1_gc_rl.tsv.gz
"(96,97]",314,SPM002.A0101.10M_raw_R1_gc_rl.tsv.gz
"(97,98]",214,SPM002.A0101.10M_raw_R1_gc_rl.tsv.gz
"(98,99]",694,SPM002.A0101.10M_raw_R1_gc_rl.tsv.gz
"(99,100]",342,SPM002.A0101.10M_raw_R1_gc_rl.tsv.gz
"[0,1]",13,SPM002.A0103.SG1.4.10M_raw_R1_gc_rl.tsv.gz
"(1,2]",10,SPM002.A0103.SG1.4.10M_raw_R1_gc_rl.tsv.gz
"(2,3]",26,SPM002.A0103.SG1.4.10M_raw_R1_gc_rl.tsv.gz
"(3,4]",51,SPM002.A0103.SG1.4.10M_raw_R1_gc_rl.tsv.gz
"(5,6]",81,SPM002.A0103.SG1.4.10M_raw_R1_gc_rl.tsv.gz
"(6,7]",107,SPM002.A0103.SG1.4.10M_raw_R1_gc_rl.tsv.gz
"(7,8]",203,SPM002.A0103.SG1.4.10M_raw_R1_gc_rl.tsv.gz
"(9,10]",336,SPM002.A0103.SG1.4.10M_raw_R1_gc_rl.tsv.gz
"(10,11]",493,SPM002.A0103.SG1.4.10M_raw_R1_gc_rl.tsv.gz
"(11,12]",746,SPM002.A0103.SG1.4.10M_raw_R1_gc_rl.tsv.gz
"(13,14]",1196,SPM002.A0103.SG1.4.10M_raw_R1_gc_rl.tsv.gz
"(14,15]",1746,SPM002.A0103.SG1.4.10M_raw_R1_gc_rl.tsv.gz
"(15,16]",2784,SPM002.A0103.SG1.4.10M_raw_R1_gc_rl.tsv.gz
"(16,17]",1,SPM002.A0103.SG1.4.10M_raw_R1_gc_rl.tsv.gz
"(17,18]",4430,SPM002.A0103.SG1.4.10M_raw_R1_gc_rl.tsv.gz
"(18,19]",6381,SPM002.A0103.SG1.4.10M_raw_R1_gc_rl.tsv.gz
"(19,20]",8799,SPM002.A0103.SG1.4.10M_raw_R1_gc_rl.tsv.gz
"(20,21]",3,SPM002.A0103.SG1.4.10M_raw_R1_gc_rl.tsv.gz
"(21,22]",12280,SPM002.A0103.SG1.4.10M_raw_R1_gc_rl.tsv.gz
"(22,23]",15825,SPM002.A0103.SG1.4.10M_raw_R1_gc_rl.tsv.gz
"(23,24]",20193,SPM002.A0103.SG1.4.10M_raw_R1_gc_rl.tsv.gz
"(24,25]",24898,SPM002.A0103.SG1.4.10M_raw_R1_gc_rl.tsv.gz
"(25,26]",10,SPM002.A0103.SG1.4.10M_raw_R1_gc_rl.tsv.gz
"(26,27]",30637,SPM002.A0103.SG1.4.10M_raw_R1_gc_rl.tsv.gz
"(27,28]",36050,SPM002.A0103.SG1.4.10M_raw_R1_gc_rl.tsv.gz
"(28,29]",42283,SPM002.A0103.SG1.4.10M_raw_R1_gc_rl.tsv.gz
"(29,30]",15,SPM002.A0103.SG1.4.10M_raw_R1_gc_rl.tsv.gz
"(30,31]",48470,SPM002.A0103.SG1.4.10M_raw_R1_gc_rl.tsv.gz
"(31,32]",56306,SPM002.A0103.SG1.4.10M_raw_R1_gc_rl.tsv.gz
"(32,33]",64684,SPM002.A0103.SG1.4.10M_raw_R1_gc_rl.tsv.gz
"(33,34]",22,SPM002.A0103.SG1.4.10M_raw_R1_gc_rl.tsv.gz
"(34,35]",75426,SPM002.A0103.SG1.4.10M_raw_R1_gc_rl.tsv.gz
"(35,36]",89550,SPM002.A0103.SG1.4.10M_raw_R1_gc_rl.tsv.gz
"(36,37]",106312,SPM002.A0103.SG1.4.10M_raw_R1_gc_rl.tsv.gz
"(37,38]",53,SPM002.A0103.SG1.4.10M_raw_R1_gc_rl.tsv.gz
"(38,39]",128267,SPM002.A0103.SG1.4.10M_raw_R1_gc_rl.tsv.gz
"(39,40]",152779,SPM002.A0103.SG1.4.10M_raw_R1_gc_rl.tsv.gz
"(40,41]",181638,SPM002.A0103.SG1.4.10M_raw_R1_gc_rl.tsv.gz
"(41,42]",70,SPM002.A0103.SG1.4.10M_raw_R1_gc_rl.tsv.gz
"(42,43]",220774,SPM002.A0103.SG1.4.10M_raw_R1_gc_rl.tsv.gz
"(43,44]",351933,SPM002.A0103.SG1.4.10M_raw_R1_gc_rl.tsv.gz
"(44,45]",410919,SPM002.A0103.SG1.4.10M_raw_R1_gc_rl.tsv.gz
"(45,46]",138,SPM002.A0103.SG1.4.10M_raw_R1_gc_rl.tsv.gz
"(46,47]",425267,SPM002.A0103.SG1.4.10M_raw_R1_gc_rl.tsv.gz
"(47,48]",690353,SPM002.A0103.SG1.4.10M_raw_R1_gc_rl.tsv.gz
"(48,49]",1292089,SPM002.A0103.SG1.4.10M_raw_R1_gc_rl.tsv.gz
"(49,50]",2139736,SPM002.A0103.SG1.4.10M_raw_R1_gc_rl.tsv.gz
"(50,51]",673,SPM002.A0103.SG1.4.10M_raw_R1_gc_rl.tsv.gz
"(51,52]",1841222,SPM002.A0103.SG1.4.10M_raw_R1_gc_rl.tsv.gz
"(52,53]",859217,SPM002.A0103.SG1.4.10M_raw_R1_gc_rl.tsv.gz
"(53,54]",314020,SPM002.A0103.SG1.4.10M_raw_R1_gc_rl.tsv.gz
"(54,55]",77,SPM002.A0103.SG1.4.10M_raw_R1_gc_rl.tsv.gz
"(55,56]",132409,SPM002.A0103.SG1.4.10M_raw_R1_gc_rl.tsv.gz
"(56,57]",73249,SPM002.A0103.SG1.4.10M_raw_R1_gc_rl.tsv.gz
"(57,58]",44935,SPM002.A0103.SG1.4.10M_raw_R1_gc_rl.tsv.gz
"(58,59]",15,SPM002.A0103.SG1.4.10M_raw_R1_gc_rl.tsv.gz
"(59,60]",29192,SPM002.A0103.SG1.4.10M_raw_R1_gc_rl.tsv.gz
"(60,61]",19380,SPM002.A0103.SG1.4.10M_raw_R1_gc_rl.tsv.gz
"(61,62]",12876,SPM002.A0103.SG1.4.10M_raw_R1_gc_rl.tsv.gz
"(62,63]",7,SPM002.A0103.SG1.4.10M_raw_R1_gc_rl.tsv.gz
"(63,64]",8949,SPM002.A0103.SG1.4.10M_raw_R1_gc_rl.tsv.gz
"(64,65]",5944,SPM002.A0103.SG1.4.10M_raw_R1_gc_rl.tsv.gz
"(65,66]",4038,SPM002.A0103.SG1.4.10M_raw_R1_gc_rl.tsv.gz
"(66,67]",2,SPM002.A0103.SG1.4.10M_raw_R1_gc_rl.tsv.gz
"(67,68]",2834,SPM002.A0103.SG1.4.10M_raw_R1_gc_rl.tsv.gz
"(68,69]",1974,SPM002.A0103.SG1.4.10M_raw_R1_gc_rl.tsv.gz
"(69,70]",1356,SPM002.A0103.SG1.4.10M_raw_R1_gc_rl.tsv.gz
"(71,72]",1003,SPM002.A0103.SG1.4.10M_raw_R1_gc_rl.tsv.gz
"(72,73]",668,SPM002.A0103.SG1.4.10M_raw_R1_gc_rl.tsv.gz
"(73,74]",425,SPM002.A0103.SG1.4.10M_raw_R1_gc_rl.tsv.gz
"(74,75]",315,SPM002.A0103.SG1.4.10M_raw_R1_gc_rl.tsv.gz
"(76,77]",219,SPM002.A0103.SG1.4.10M_raw_R1_gc_rl.tsv.gz
"(77,78]",131,SPM002.A0103.SG1.4.10M_raw_R1_gc_rl.tsv.gz
"(78,79]",74,SPM002.A0103.SG1.4.10M_raw_R1_gc_rl.tsv.gz
"(80,81]",56,SPM002.A0103.SG1.4.10M_raw_R1_gc_rl.tsv.gz
"(81,82]",41,SPM002.A0103.SG1.4.10M_raw_R1_gc_rl.tsv.gz
"(82,83]",33,SPM002.A0103.SG1.4.10M_raw_R1_gc_rl.tsv.gz
"(84,85]",33,SPM002.A0103.SG1.4.10M_raw_R1_gc_rl.tsv.gz
"(85,86]",26,SPM002.A0103.SG1.4.10M_raw_R1_gc_rl.tsv.gz
"(86,87]",16,SPM002.A0103.SG1.4.10M_raw_R1_gc_rl.tsv.gz
"(88,89]",25,SPM002.A0103.SG1.4.10M_raw_R1_gc_rl.tsv.gz
"(89,90]",19,SPM002.A0103.SG1.4.10M_raw_R1_gc_rl.tsv.gz
"(90,91]",16,SPM002.A0103.SG1.4.10M_raw_R1_gc_rl.tsv.gz
"(92,93]",19,SPM002.A0103.SG1.4.10M_raw_R1_gc_rl.tsv.gz
"(93,94]",41,SPM002.A0103.SG1.4.10M_raw_R1_gc_rl.tsv.gz
"(94,95]",27,SPM002.A0103.SG1.4.10M_raw_R1_gc_rl.tsv.gz
"(96,97]",22,SPM002.A0103.SG1.4.10M_raw_R1_gc_rl.tsv.gz
"(97,98]",32,SPM002.A0103.SG1.4.10M_raw_R1_gc_rl.tsv.gz
"(98,99]",5,SPM002.A0103.SG1.4.10M_raw_R1_gc_rl.tsv.gz
"(99,100]",2,SPM002.A0103.SG1.4.10M_raw_R1_gc_rl.tsv.gz
"(3,4]",1,VLD001.A0101.10M_raw_R1_gc_rl.tsv.gz
"(6,7]",1,VLD001.A0101.10M_raw_R1_gc_rl.tsv.gz
"(7,8]",2,VLD001.A0101.10M_raw_R1_gc_rl.tsv.gz
"(9,10]",7,VLD001.A0101.10M_raw_R1_gc_rl.tsv.gz
"(10,11]",4,VLD001.A0101.10M_raw_R1_gc_rl.tsv.gz
"(11,12]",14,VLD001.A0101.10M_raw_R1_gc_rl.tsv.gz
"(13,14]",32,VLD001.A0101.10M_raw_R1_gc_rl.tsv.gz
"(14,15]",111,VLD001.A0101.10M_raw_R1_gc_rl.tsv.gz
"(15,16]",336,VLD001.A0101.10M_raw_R1_gc_rl.tsv.gz
"(16,17]",1,VLD001.A0101.10M_raw_R1_gc_rl.tsv.gz
"(17,18]",902,VLD001.A0101.10M_raw_R1_gc_rl.tsv.gz
"(18,19]",1745,VLD001.A0101.10M_raw_R1_gc_rl.tsv.gz
"(19,20]",3518,VLD001.A0101.10M_raw_R1_gc_rl.tsv.gz
"(20,21]",4,VLD001.A0101.10M_raw_R1_gc_rl.tsv.gz
"(21,22]",6031,VLD001.A0101.10M_raw_R1_gc_rl.tsv.gz
"(22,23]",9655,VLD001.A0101.10M_raw_R1_gc_rl.tsv.gz
"(23,24]",14970,VLD001.A0101.10M_raw_R1_gc_rl.tsv.gz
"(24,25]",21508,VLD001.A0101.10M_raw_R1_gc_rl.tsv.gz
"(25,26]",13,VLD001.A0101.10M_raw_R1_gc_rl.tsv.gz
"(26,27]",30356,VLD001.A0101.10M_raw_R1_gc_rl.tsv.gz
"(27,28]",40545,VLD001.A0101.10M_raw_R1_gc_rl.tsv.gz
"(28,29]",52832,VLD001.A0101.10M_raw_R1_gc_rl.tsv.gz
"(29,30]",43,VLD001.A0101.10M_raw_R1_gc_rl.tsv.gz
"(30,31]",67648,VLD001.A0101.10M_raw_R1_gc_rl.tsv.gz
"(31,32]",83820,VLD001.A0101.10M_raw_R1_gc_rl.tsv.gz
"(32,33]",102779,VLD001.A0101.10M_raw_R1_gc_rl.tsv.gz
"(33,34]",96,VLD001.A0101.10M_raw_R1_gc_rl.tsv.gz
"(34,35]",123513,VLD001.A0101.10M_raw_R1_gc_rl.tsv.gz
"(35,36]",143542,VLD001.A0101.10M_raw_R1_gc_rl.tsv.gz
"(36,37]",166039,VLD001.A0101.10M_raw_R1_gc_rl.tsv.gz
"(37,38]",252,VLD001.A0101.10M_raw_R1_gc_rl.tsv.gz
"(38,39]",190738,VLD001.A0101.10M_raw_R1_gc_rl.tsv.gz
"(39,40]",214339,VLD001.A0101.10M_raw_R1_gc_rl.tsv.gz
"(40,41]",239025,VLD001.A0101.10M_raw_R1_gc_rl.tsv.gz
"(41,42]",401,VLD001.A0101.10M_raw_R1_gc_rl.tsv.gz
"(42,43]",263531,VLD001.A0101.10M_raw_R1_gc_rl.tsv.gz
"(43,44]",288384,VLD001.A0101.10M_raw_R1_gc_rl.tsv.gz
"(44,45]",314971,VLD001.A0101.10M_raw_R1_gc_rl.tsv.gz
"(45,46]",562,VLD001.A0101.10M_raw_R1_gc_rl.tsv.gz
"(46,47]",344314,VLD001.A0101.10M_raw_R1_gc_rl.tsv.gz
"(47,48]",371984,VLD001.A0101.10M_raw_R1_gc_rl.tsv.gz
"(48,49]",405057,VLD001.A0101.10M_raw_R1_gc_rl.tsv.gz
"(49,50]",440373,VLD001.A0101.10M_raw_R1_gc_rl.tsv.gz
"(50,51]",771,VLD001.A0101.10M_raw_R1_gc_rl.tsv.gz
"(51,52]",481730,VLD001.A0101.10M_raw_R1_gc_rl.tsv.gz
"(52,53]",525799,VLD001.A0101.10M_raw_R1_gc_rl.tsv.gz
"(53,54]",571625,VLD001.A0101.10M_raw_R1_gc_rl.tsv.gz
"(54,55]",923,VLD001.A0101.10M_raw_R1_gc_rl.tsv.gz
"(55,56]",604248,VLD001.A0101.10M_raw_R1_gc_rl.tsv.gz
"(56,57]",618821,VLD001.A0101.10M_raw_R1_gc_rl.tsv.gz
"(57,58]",604177,VLD001.A0101.10M_raw_R1_gc_rl.tsv.gz
"(58,59]",776,VLD001.A0101.10M_raw_R1_gc_rl.tsv.gz
"(59,60]",555225,VLD001.A0101.10M_raw_R1_gc_rl.tsv.gz
"(60,61]",482590,VLD001.A0101.10M_raw_R1_gc_rl.tsv.gz
"(61,62]",398259,VLD001.A0101.10M_raw_R1_gc_rl.tsv.gz
"(62,63]",436,VLD001.A0101.10M_raw_R1_gc_rl.tsv.gz
"(63,64]",310656,VLD001.A0101.10M_raw_R1_gc_rl.tsv.gz
"(64,65]",234400,VLD001.A0101.10M_raw_R1_gc_rl.tsv.gz
"(65,66]",173974,VLD001.A0101.10M_raw_R1_gc_rl.tsv.gz
"(66,67]",154,VLD001.A0101.10M_raw_R1_gc_rl.tsv.gz
"(67,68]",128485,VLD001.A0101.10M_raw_R1_gc_rl.tsv.gz
"(68,69]",95202,VLD001.A0101.10M_raw_R1_gc_rl.tsv.gz
"(69,70]",70831,VLD001.A0101.10M_raw_R1_gc_rl.tsv.gz
"(70,71]",50,VLD001.A0101.10M_raw_R1_gc_rl.tsv.gz
"(71,72]",53008,VLD001.A0101.10M_raw_R1_gc_rl.tsv.gz
"(72,73]",39517,VLD001.A0101.10M_raw_R1_gc_rl.tsv.gz
"(73,74]",29439,VLD001.A0101.10M_raw_R1_gc_rl.tsv.gz
"(74,75]",21157,VLD001.A0101.10M_raw_R1_gc_rl.tsv.gz
"(75,76]",5,VLD001.A0101.10M_raw_R1_gc_rl.tsv.gz
"(76,77]",15096,VLD001.A0101.10M_raw_R1_gc_rl.tsv.gz
"(77,78]",10598,VLD001.A0101.10M_raw_R1_gc_rl.tsv.gz
"(78,79]",7254,VLD001.A0101.10M_raw_R1_gc_rl.tsv.gz
"(79,80]",6,VLD001.A0101.10M_raw_R1_gc_rl.tsv.gz
"(80,81]",5018,VLD001.A0101.10M_raw_R1_gc_rl.tsv.gz
"(81,82]",3303,VLD001.A0101.10M_raw_R1_gc_rl.tsv.gz
"(82,83]",2245,VLD001.A0101.10M_raw_R1_gc_rl.tsv.gz
"(83,84]",2,VLD001.A0101.10M_raw_R1_gc_rl.tsv.gz
"(84,85]",1387,VLD001.A0101.10M_raw_R1_gc_rl.tsv.gz
"(85,86]",942,VLD001.A0101.10M_raw_R1_gc_rl.tsv.gz
"(86,87]",723,VLD001.A0101.10M_raw_R1_gc_rl.tsv.gz
"(88,89]",535,VLD001.A0101.10M_raw_R1_gc_rl.tsv.gz
"(89,90]",421,VLD001.A0101.10M_raw_R1_gc_rl.tsv.gz
"(90,91]",412,VLD001.A0101.10M_raw_R1_gc_rl.tsv.gz
"(92,93]",562,VLD001.A0101.10M_raw_R1_gc_rl.tsv.gz
"(93,94]",1949,VLD001.A0101.10M_raw_R1_gc_rl.tsv.gz
"(94,95]",1141,VLD001.A0101.10M_raw_R1_gc_rl.tsv.gz
"(96,97]",388,VLD001.A0101.10M_raw_R1_gc_rl.tsv.gz
"(97,98]",212,VLD001.A0101.10M_raw_R1_gc_rl.tsv.gz
"(98,99]",901,VLD001.A0101.10M_raw_R1_gc_rl.tsv.gz
"(99,100]",648,VLD001.A0101.10M_raw_R1_gc_rl.tsv.gz
"[0,1]",4,VLD001.A0102.SG1.2.10M_raw_R1_gc_rl.tsv.gz
"(1,2]",5,VLD001.A0102.SG1.2.10M_raw_R1_gc_rl.tsv.gz
"(2,3]",15,VLD001.A0102.SG1.2.10M_raw_R1_gc_rl.tsv.gz
"(3,4]",9,VLD001.A0102.SG1.2.10M_raw_R1_gc_rl.tsv.gz
"(5,6]",18,VLD001.A0102.SG1.2.10M_raw_R1_gc_rl.tsv.gz
"(6,7]",41,VLD001.A0102.SG1.2.10M_raw_R1_gc_rl.tsv.gz
"(7,8]",75,VLD001.A0102.SG1.2.10M_raw_R1_gc_rl.tsv.gz
"(9,10]",129,VLD001.A0102.SG1.2.10M_raw_R1_gc_rl.tsv.gz
"(10,11]",194,VLD001.A0102.SG1.2.10M_raw_R1_gc_rl.tsv.gz
"(11,12]",311,VLD001.A0102.SG1.2.10M_raw_R1_gc_rl.tsv.gz
"(12,13]",6,VLD001.A0102.SG1.2.10M_raw_R1_gc_rl.tsv.gz
"(13,14]",548,VLD001.A0102.SG1.2.10M_raw_R1_gc_rl.tsv.gz
"(14,15]",798,VLD001.A0102.SG1.2.10M_raw_R1_gc_rl.tsv.gz
"(15,16]",1326,VLD001.A0102.SG1.2.10M_raw_R1_gc_rl.tsv.gz
"(16,17]",7,VLD001.A0102.SG1.2.10M_raw_R1_gc_rl.tsv.gz
"(17,18]",1925,VLD001.A0102.SG1.2.10M_raw_R1_gc_rl.tsv.gz
"(18,19]",2586,VLD001.A0102.SG1.2.10M_raw_R1_gc_rl.tsv.gz
"(19,20]",3805,VLD001.A0102.SG1.2.10M_raw_R1_gc_rl.tsv.gz
"(20,21]",40,VLD001.A0102.SG1.2.10M_raw_R1_gc_rl.tsv.gz
"(21,22]",5283,VLD001.A0102.SG1.2.10M_raw_R1_gc_rl.tsv.gz
"(22,23]",6915,VLD001.A0102.SG1.2.10M_raw_R1_gc_rl.tsv.gz
"(23,24]",9270,VLD001.A0102.SG1.2.10M_raw_R1_gc_rl.tsv.gz
"(24,25]",12263,VLD001.A0102.SG1.2.10M_raw_R1_gc_rl.tsv.gz
"(25,26]",108,VLD001.A0102.SG1.2.10M_raw_R1_gc_rl.tsv.gz
"(26,27]",15660,VLD001.A0102.SG1.2.10M_raw_R1_gc_rl.tsv.gz
"(27,28]",20333,VLD001.A0102.SG1.2.10M_raw_R1_gc_rl.tsv.gz
"(28,29]",26052,VLD001.A0102.SG1.2.10M_raw_R1_gc_rl.tsv.gz
"(29,30]",218,VLD001.A0102.SG1.2.10M_raw_R1_gc_rl.tsv.gz
"(30,31]",32971,VLD001.A0102.SG1.2.10M_raw_R1_gc_rl.tsv.gz
"(31,32]",39881,VLD001.A0102.SG1.2.10M_raw_R1_gc_rl.tsv.gz
"(32,33]",50277,VLD001.A0102.SG1.2.10M_raw_R1_gc_rl.tsv.gz
"(33,34]",491,VLD001.A0102.SG1.2.10M_raw_R1_gc_rl.tsv.gz
"(34,35]",61559,VLD001.A0102.SG1.2.10M_raw_R1_gc_rl.tsv.gz
"(35,36]",74631,VLD001.A0102.SG1.2.10M_raw_R1_gc_rl.tsv.gz
"(36,37]",91501,VLD001.A0102.SG1.2.10M_raw_R1_gc_rl.tsv.gz
"(37,38]",817,VLD001.A0102.SG1.2.10M_raw_R1_gc_rl.tsv.gz
"(38,39]",112485,VLD001.A0102.SG1.2.10M_raw_R1_gc_rl.tsv.gz
"(39,40]",135732,VLD001.A0102.SG1.2.10M_raw_R1_gc_rl.tsv.gz
"(40,41]",167548,VLD001.A0102.SG1.2.10M_raw_R1_gc_rl.tsv.gz
"(41,42]",1599,VLD001.A0102.SG1.2.10M_raw_R1_gc_rl.tsv.gz
"(42,43]",204283,VLD001.A0102.SG1.2.10M_raw_R1_gc_rl.tsv.gz
"(43,44]",243545,VLD001.A0102.SG1.2.10M_raw_R1_gc_rl.tsv.gz
"(44,45]",295866,VLD001.A0102.SG1.2.10M_raw_R1_gc_rl.tsv.gz
"(45,46]",2772,VLD001.A0102.SG1.2.10M_raw_R1_gc_rl.tsv.gz
"(46,47]",418393,VLD001.A0102.SG1.2.10M_raw_R1_gc_rl.tsv.gz
"(47,48]",409920,VLD001.A0102.SG1.2.10M_raw_R1_gc_rl.tsv.gz
"(48,49]",490355,VLD001.A0102.SG1.2.10M_raw_R1_gc_rl.tsv.gz
"(49,50]",622102,VLD001.A0102.SG1.2.10M_raw_R1_gc_rl.tsv.gz
"(50,51]",6572,VLD001.A0102.SG1.2.10M_raw_R1_gc_rl.tsv.gz
"(51,52]",874447,VLD001.A0102.SG1.2.10M_raw_R1_gc_rl.tsv.gz
"(52,53]",1221991,VLD001.A0102.SG1.2.10M_raw_R1_gc_rl.tsv.gz
"(53,54]",1181949,VLD001.A0102.SG1.2.10M_raw_R1_gc_rl.tsv.gz
"(54,55]",9578,VLD001.A0102.SG1.2.10M_raw_R1_gc_rl.tsv.gz
"(55,56]",869473,VLD001.A0102.SG1.2.10M_raw_R1_gc_rl.tsv.gz
"(56,57]",634106,VLD001.A0102.SG1.2.10M_raw_R1_gc_rl.tsv.gz
"(57,58]",493961,VLD001.A0102.SG1.2.10M_raw_R1_gc_rl.tsv.gz
"(58,59]",3994,VLD001.A0102.SG1.2.10M_raw_R1_gc_rl.tsv.gz
"(59,60]",369168,VLD001.A0102.SG1.2.10M_raw_R1_gc_rl.tsv.gz
"(60,61]",260393,VLD001.A0102.SG1.2.10M_raw_R1_gc_rl.tsv.gz
"(61,62]",179175,VLD001.A0102.SG1.2.10M_raw_R1_gc_rl.tsv.gz
"(62,63]",1286,VLD001.A0102.SG1.2.10M_raw_R1_gc_rl.tsv.gz
"(63,64]",118326,VLD001.A0102.SG1.2.10M_raw_R1_gc_rl.tsv.gz
"(64,65]",76387,VLD001.A0102.SG1.2.10M_raw_R1_gc_rl.tsv.gz
"(65,66]",49748,VLD001.A0102.SG1.2.10M_raw_R1_gc_rl.tsv.gz
"(66,67]",363,VLD001.A0102.SG1.2.10M_raw_R1_gc_rl.tsv.gz
"(67,68]",31949,VLD001.A0102.SG1.2.10M_raw_R1_gc_rl.tsv.gz
"(68,69]",20055,VLD001.A0102.SG1.2.10M_raw_R1_gc_rl.tsv.gz
"(69,70]",12923,VLD001.A0102.SG1.2.10M_raw_R1_gc_rl.tsv.gz
"(70,71]",79,VLD001.A0102.SG1.2.10M_raw_R1_gc_rl.tsv.gz
"(71,72]",8108,VLD001.A0102.SG1.2.10M_raw_R1_gc_rl.tsv.gz
"(72,73]",4988,VLD001.A0102.SG1.2.10M_raw_R1_gc_rl.tsv.gz
"(73,74]",3192,VLD001.A0102.SG1.2.10M_raw_R1_gc_rl.tsv.gz
"(74,75]",1740,VLD001.A0102.SG1.2.10M_raw_R1_gc_rl.tsv.gz
"(75,76]",5,VLD001.A0102.SG1.2.10M_raw_R1_gc_rl.tsv.gz
"(76,77]",797,VLD001.A0102.SG1.2.10M_raw_R1_gc_rl.tsv.gz
"(77,78]",341,VLD001.A0102.SG1.2.10M_raw_R1_gc_rl.tsv.gz
"(78,79]",123,VLD001.A0102.SG1.2.10M_raw_R1_gc_rl.tsv.gz
"(80,81]",32,VLD001.A0102.SG1.2.10M_raw_R1_gc_rl.tsv.gz
"(81,82]",14,VLD001.A0102.SG1.2.10M_raw_R1_gc_rl.tsv.gz
"(82,83]",11,VLD001.A0102.SG1.2.10M_raw_R1_gc_rl.tsv.gz
"(83,84]",1,VLD001.A0102.SG1.2.10M_raw_R1_gc_rl.tsv.gz
"(84,85]",11,VLD001.A0102.SG1.2.10M_raw_R1_gc_rl.tsv.gz
"(85,86]",7,VLD001.A0102.SG1.2.10M_raw_R1_gc_rl.tsv.gz
"(86,87]",9,VLD001.A0102.SG1.2.10M_raw_R1_gc_rl.tsv.gz
"(88,89]",6,VLD001.A0102.SG1.2.10M_raw_R1_gc_rl.tsv.gz
"(89,90]",2,VLD001.A0102.SG1.2.10M_raw_R1_gc_rl.tsv.gz
"(90,91]",2,VLD001.A0102.SG1.2.10M_raw_R1_gc_rl.tsv.gz
"(92,93]",3,VLD001.A0102.SG1.2.10M_raw_R1_gc_rl.tsv.gz
"(93,94]",4,VLD001.A0102.SG1.2.10M_raw_R1_gc_rl.tsv.gz
"(94,95]",1,VLD001.A0102.SG1.2.10M_raw_R1_gc_rl.tsv.gz
"(96,97]",1,VLD001.A0102.SG1.2.10M_raw_R1_gc_rl.tsv.gz
"(97,98]",3,VLD001.A0102.SG1.2.10M_raw_R1_gc_rl.tsv.gz
"(98,99]",2,VLD001.A0102.SG1.2.10M_raw_R1_gc_rl.tsv.gz
"(99,100]",2,VLD001.A0102.SG1.2.10M_raw_R1_gc_rl.tsv.gz
"(2,3]",1,ZAF001.A0101.10M_raw_R1_gc_rl.tsv.gz
"(3,4]",1,ZAF001.A0101.10M_raw_R1_gc_rl.tsv.gz
"(5,6]",1,ZAF001.A0101.10M_raw_R1_gc_rl.tsv.gz
"(6,7]",1,ZAF001.A0101.10M_raw_R1_gc_rl.tsv.gz
"(7,8]",3,ZAF001.A0101.10M_raw_R1_gc_rl.tsv.gz
"(9,10]",8,ZAF001.A0101.10M_raw_R1_gc_rl.tsv.gz
"(10,11]",6,ZAF001.A0101.10M_raw_R1_gc_rl.tsv.gz
"(11,12]",11,ZAF001.A0101.10M_raw_R1_gc_rl.tsv.gz
"(13,14]",28,ZAF001.A0101.10M_raw_R1_gc_rl.tsv.gz
"(14,15]",69,ZAF001.A0101.10M_raw_R1_gc_rl.tsv.gz
"(15,16]",129,ZAF001.A0101.10M_raw_R1_gc_rl.tsv.gz
"(17,18]",311,ZAF001.A0101.10M_raw_R1_gc_rl.tsv.gz
"(18,19]",692,ZAF001.A0101.10M_raw_R1_gc_rl.tsv.gz
"(19,20]",1472,ZAF001.A0101.10M_raw_R1_gc_rl.tsv.gz
"(20,21]",1,ZAF001.A0101.10M_raw_R1_gc_rl.tsv.gz
"(21,22]",2699,ZAF001.A0101.10M_raw_R1_gc_rl.tsv.gz
"(22,23]",4985,ZAF001.A0101.10M_raw_R1_gc_rl.tsv.gz
"(23,24]",8197,ZAF001.A0101.10M_raw_R1_gc_rl.tsv.gz
"(24,25]",12228,ZAF001.A0101.10M_raw_R1_gc_rl.tsv.gz
"(25,26]",15,ZAF001.A0101.10M_raw_R1_gc_rl.tsv.gz
"(26,27]",17554,ZAF001.A0101.10M_raw_R1_gc_rl.tsv.gz
"(27,28]",24259,ZAF001.A0101.10M_raw_R1_gc_rl.tsv.gz
"(28,29]",30921,ZAF001.A0101.10M_raw_R1_gc_rl.tsv.gz
"(29,30]",18,ZAF001.A0101.10M_raw_R1_gc_rl.tsv.gz
"(30,31]",38752,ZAF001.A0101.10M_raw_R1_gc_rl.tsv.gz
"(31,32]",48717,ZAF001.A0101.10M_raw_R1_gc_rl.tsv.gz
"(32,33]",58866,ZAF001.A0101.10M_raw_R1_gc_rl.tsv.gz
"(33,34]",82,ZAF001.A0101.10M_raw_R1_gc_rl.tsv.gz
"(34,35]",71166,ZAF001.A0101.10M_raw_R1_gc_rl.tsv.gz
"(35,36]",84687,ZAF001.A0101.10M_raw_R1_gc_rl.tsv.gz
"(36,37]",98469,ZAF001.A0101.10M_raw_R1_gc_rl.tsv.gz
"(37,38]",122,ZAF001.A0101.10M_raw_R1_gc_rl.tsv.gz
"(38,39]",113655,ZAF001.A0101.10M_raw_R1_gc_rl.tsv.gz
"(39,40]",129786,ZAF001.A0101.10M_raw_R1_gc_rl.tsv.gz
"(40,41]",147153,ZAF001.A0101.10M_raw_R1_gc_rl.tsv.gz
"(41,42]",265,ZAF001.A0101.10M_raw_R1_gc_rl.tsv.gz
"(42,43]",171273,ZAF001.A0101.10M_raw_R1_gc_rl.tsv.gz
"(43,44]",212892,ZAF001.A0101.10M_raw_R1_gc_rl.tsv.gz
"(44,45]",251174,ZAF001.A0101.10M_raw_R1_gc_rl.tsv.gz
"(45,46]",433,ZAF001.A0101.10M_raw_R1_gc_rl.tsv.gz
"(46,47]",299761,ZAF001.A0101.10M_raw_R1_gc_rl.tsv.gz
"(47,48]",387724,ZAF001.A0101.10M_raw_R1_gc_rl.tsv.gz
"(48,49]",461370,ZAF001.A0101.10M_raw_R1_gc_rl.tsv.gz
"(49,50]",588057,ZAF001.A0101.10M_raw_R1_gc_rl.tsv.gz
"(50,51]",988,ZAF001.A0101.10M_raw_R1_gc_rl.tsv.gz
"(51,52]",683833,ZAF001.A0101.10M_raw_R1_gc_rl.tsv.gz
"(52,53]",782828,ZAF001.A0101.10M_raw_R1_gc_rl.tsv.gz
"(53,54]",847309,ZAF001.A0101.10M_raw_R1_gc_rl.tsv.gz
"(54,55]",1420,ZAF001.A0101.10M_raw_R1_gc_rl.tsv.gz
"(55,56]",841712,ZAF001.A0101.10M_raw_R1_gc_rl.tsv.gz
"(56,57]",766074,ZAF001.A0101.10M_raw_R1_gc_rl.tsv.gz
"(57,58]",648254,ZAF001.A0101.10M_raw_R1_gc_rl.tsv.gz
"(58,59]",871,ZAF001.A0101.10M_raw_R1_gc_rl.tsv.gz
"(59,60]",526309,ZAF001.A0101.10M_raw_R1_gc_rl.tsv.gz
"(60,61]",412573,ZAF001.A0101.10M_raw_R1_gc_rl.tsv.gz
"(61,62]",321054,ZAF001.A0101.10M_raw_R1_gc_rl.tsv.gz
"(62,63]",357,ZAF001.A0101.10M_raw_R1_gc_rl.tsv.gz
"(63,64]",245730,ZAF001.A0101.10M_raw_R1_gc_rl.tsv.gz
"(64,65]",183764,ZAF001.A0101.10M_raw_R1_gc_rl.tsv.gz
"(65,66]",135253,ZAF001.A0101.10M_raw_R1_gc_rl.tsv.gz
"(66,67]",117,ZAF001.A0101.10M_raw_R1_gc_rl.tsv.gz
"(67,68]",97826,ZAF001.A0101.10M_raw_R1_gc_rl.tsv.gz
"(68,69]",70588,ZAF001.A0101.10M_raw_R1_gc_rl.tsv.gz
"(69,70]",50070,ZAF001.A0101.10M_raw_R1_gc_rl.tsv.gz
"(70,71]",33,ZAF001.A0101.10M_raw_R1_gc_rl.tsv.gz
"(71,72]",35454,ZAF001.A0101.10M_raw_R1_gc_rl.tsv.gz
"(72,73]",24635,ZAF001.A0101.10M_raw_R1_gc_rl.tsv.gz
"(73,74]",17017,ZAF001.A0101.10M_raw_R1_gc_rl.tsv.gz
"(74,75]",11873,ZAF001.A0101.10M_raw_R1_gc_rl.tsv.gz
"(75,76]",7,ZAF001.A0101.10M_raw_R1_gc_rl.tsv.gz
"(76,77]",7880,ZAF001.A0101.10M_raw_R1_gc_rl.tsv.gz
"(77,78]",5254,ZAF001.A0101.10M_raw_R1_gc_rl.tsv.gz
"(78,79]",3450,ZAF001.A0101.10M_raw_R1_gc_rl.tsv.gz
"(80,81]",2128,ZAF001.A0101.10M_raw_R1_gc_rl.tsv.gz
"(81,82]",1372,ZAF001.A0101.10M_raw_R1_gc_rl.tsv.gz
"(82,83]",864,ZAF001.A0101.10M_raw_R1_gc_rl.tsv.gz
"(83,84]",1,ZAF001.A0101.10M_raw_R1_gc_rl.tsv.gz
"(84,85]",619,ZAF001.A0101.10M_raw_R1_gc_rl.tsv.gz
"(85,86]",455,ZAF001.A0101.10M_raw_R1_gc_rl.tsv.gz
"(86,87]",356,ZAF001.A0101.10M_raw_R1_gc_rl.tsv.gz
"(88,89]",248,ZAF001.A0101.10M_raw_R1_gc_rl.tsv.gz
"(89,90]",211,ZAF001.A0101.10M_raw_R1_gc_rl.tsv.gz
"(90,91]",186,ZAF001.A0101.10M_raw_R1_gc_rl.tsv.gz
"(92,93]",201,ZAF001.A0101.10M_raw_R1_gc_rl.tsv.gz
"(93,94]",565,ZAF001.A0101.10M_raw_R1_gc_rl.tsv.gz
"(94,95]",479,ZAF001.A0101.10M_raw_R1_gc_rl.tsv.gz
"(96,97]",269,ZAF001.A0101.10M_raw_R1_gc_rl.tsv.gz
"(97,98]",195,ZAF001.A0101.10M_raw_R1_gc_rl.tsv.gz
"(98,99]",956,ZAF001.A0101.10M_raw_R1_gc_rl.tsv.gz
"(99,100]",348,ZAF001.A0101.10M_raw_R1_gc_rl.tsv.gz
"[0,1]",4,ZAF001.A0103.SG1.4.10M_raw_R1_gc_rl.tsv.gz
"(1,2]",5,ZAF001.A0103.SG1.4.10M_raw_R1_gc_rl.tsv.gz
"(2,3]",15,ZAF001.A0103.SG1.4.10M_raw_R1_gc_rl.tsv.gz
"(3,4]",15,ZAF001.A0103.SG1.4.10M_raw_R1_gc_rl.tsv.gz
"(5,6]",28,ZAF001.A0103.SG1.4.10M_raw_R1_gc_rl.tsv.gz
"(6,7]",52,ZAF001.A0103.SG1.4.10M_raw_R1_gc_rl.tsv.gz
"(7,8]",74,ZAF001.A0103.SG1.4.10M_raw_R1_gc_rl.tsv.gz
"(9,10]",137,ZAF001.A0103.SG1.4.10M_raw_R1_gc_rl.tsv.gz
"(10,11]",159,ZAF001.A0103.SG1.4.10M_raw_R1_gc_rl.tsv.gz
"(11,12]",238,ZAF001.A0103.SG1.4.10M_raw_R1_gc_rl.tsv.gz
"(13,14]",370,ZAF001.A0103.SG1.4.10M_raw_R1_gc_rl.tsv.gz
"(14,15]",482,ZAF001.A0103.SG1.4.10M_raw_R1_gc_rl.tsv.gz
"(15,16]",719,ZAF001.A0103.SG1.4.10M_raw_R1_gc_rl.tsv.gz
"(17,18]",1137,ZAF001.A0103.SG1.4.10M_raw_R1_gc_rl.tsv.gz
"(18,19]",1652,ZAF001.A0103.SG1.4.10M_raw_R1_gc_rl.tsv.gz
"(19,20]",2343,ZAF001.A0103.SG1.4.10M_raw_R1_gc_rl.tsv.gz
"(21,22]",3124,ZAF001.A0103.SG1.4.10M_raw_R1_gc_rl.tsv.gz
"(22,23]",4096,ZAF001.A0103.SG1.4.10M_raw_R1_gc_rl.tsv.gz
"(23,24]",5519,ZAF001.A0103.SG1.4.10M_raw_R1_gc_rl.tsv.gz
"(24,25]",6933,ZAF001.A0103.SG1.4.10M_raw_R1_gc_rl.tsv.gz
"(25,26]",2,ZAF001.A0103.SG1.4.10M_raw_R1_gc_rl.tsv.gz
"(26,27]",8522,ZAF001.A0103.SG1.4.10M_raw_R1_gc_rl.tsv.gz
"(27,28]",10618,ZAF001.A0103.SG1.4.10M_raw_R1_gc_rl.tsv.gz
"(28,29]",13238,ZAF001.A0103.SG1.4.10M_raw_R1_gc_rl.tsv.gz
"(29,30]",5,ZAF001.A0103.SG1.4.10M_raw_R1_gc_rl.tsv.gz
"(30,31]",16127,ZAF001.A0103.SG1.4.10M_raw_R1_gc_rl.tsv.gz
"(31,32]",19744,ZAF001.A0103.SG1.4.10M_raw_R1_gc_rl.tsv.gz
"(32,33]",24346,ZAF001.A0103.SG1.4.10M_raw_R1_gc_rl.tsv.gz
"(33,34]",8,ZAF001.A0103.SG1.4.10M_raw_R1_gc_rl.tsv.gz
"(34,35]",30083,ZAF001.A0103.SG1.4.10M_raw_R1_gc_rl.tsv.gz
"(35,36]",37088,ZAF001.A0103.SG1.4.10M_raw_R1_gc_rl.tsv.gz
"(36,37]",46182,ZAF001.A0103.SG1.4.10M_raw_R1_gc_rl.tsv.gz
"(37,38]",26,ZAF001.A0103.SG1.4.10M_raw_R1_gc_rl.tsv.gz
"(38,39]",56535,ZAF001.A0103.SG1.4.10M_raw_R1_gc_rl.tsv.gz
"(39,40]",70079,ZAF001.A0103.SG1.4.10M_raw_R1_gc_rl.tsv.gz
"(40,41]",85497,ZAF001.A0103.SG1.4.10M_raw_R1_gc_rl.tsv.gz
"(41,42]",23,ZAF001.A0103.SG1.4.10M_raw_R1_gc_rl.tsv.gz
"(42,43]",102806,ZAF001.A0103.SG1.4.10M_raw_R1_gc_rl.tsv.gz
"(43,44]",124778,ZAF001.A0103.SG1.4.10M_raw_R1_gc_rl.tsv.gz
"(44,45]",204245,ZAF001.A0103.SG1.4.10M_raw_R1_gc_rl.tsv.gz
"(45,46]",92,ZAF001.A0103.SG1.4.10M_raw_R1_gc_rl.tsv.gz
"(46,47]",316999,ZAF001.A0103.SG1.4.10M_raw_R1_gc_rl.tsv.gz
"(47,48]",290078,ZAF001.A0103.SG1.4.10M_raw_R1_gc_rl.tsv.gz
"(48,49]",555245,ZAF001.A0103.SG1.4.10M_raw_R1_gc_rl.tsv.gz
"(49,50]",1202800,ZAF001.A0103.SG1.4.10M_raw_R1_gc_rl.tsv.gz
"(50,51]",629,ZAF001.A0103.SG1.4.10M_raw_R1_gc_rl.tsv.gz
"(51,52]",2150813,ZAF001.A0103.SG1.4.10M_raw_R1_gc_rl.tsv.gz
"(52,53]",1950285,ZAF001.A0103.SG1.4.10M_raw_R1_gc_rl.tsv.gz
"(53,54]",1055608,ZAF001.A0103.SG1.4.10M_raw_R1_gc_rl.tsv.gz
"(54,55]",298,ZAF001.A0103.SG1.4.10M_raw_R1_gc_rl.tsv.gz
"(55,56]",561201,ZAF001.A0103.SG1.4.10M_raw_R1_gc_rl.tsv.gz
"(56,57]",366670,ZAF001.A0103.SG1.4.10M_raw_R1_gc_rl.tsv.gz
"(57,58]",252634,ZAF001.A0103.SG1.4.10M_raw_R1_gc_rl.tsv.gz
"(58,59]",64,ZAF001.A0103.SG1.4.10M_raw_R1_gc_rl.tsv.gz
"(59,60]",163311,ZAF001.A0103.SG1.4.10M_raw_R1_gc_rl.tsv.gz
"(60,61]",101339,ZAF001.A0103.SG1.4.10M_raw_R1_gc_rl.tsv.gz
"(61,62]",61738,ZAF001.A0103.SG1.4.10M_raw_R1_gc_rl.tsv.gz
"(62,63]",13,ZAF001.A0103.SG1.4.10M_raw_R1_gc_rl.tsv.gz
"(63,64]",36846,ZAF001.A0103.SG1.4.10M_raw_R1_gc_rl.tsv.gz
"(64,65]",22069,ZAF001.A0103.SG1.4.10M_raw_R1_gc_rl.tsv.gz
"(65,66]",13080,ZAF001.A0103.SG1.4.10M_raw_R1_gc_rl.tsv.gz
"(66,67]",7,ZAF001.A0103.SG1.4.10M_raw_R1_gc_rl.tsv.gz
"(67,68]",8042,ZAF001.A0103.SG1.4.10M_raw_R1_gc_rl.tsv.gz
"(68,69]",5041,ZAF001.A0103.SG1.4.10M_raw_R1_gc_rl.tsv.gz
"(69,70]",3209,ZAF001.A0103.SG1.4.10M_raw_R1_gc_rl.tsv.gz
"(70,71]",2,ZAF001.A0103.SG1.4.10M_raw_R1_gc_rl.tsv.gz
"(71,72]",2036,ZAF001.A0103.SG1.4.10M_raw_R1_gc_rl.tsv.gz
"(72,73]",1190,ZAF001.A0103.SG1.4.10M_raw_R1_gc_rl.tsv.gz
"(73,74]",737,ZAF001.A0103.SG1.4.10M_raw_R1_gc_rl.tsv.gz
"(74,75]",359,ZAF001.A0103.SG1.4.10M_raw_R1_gc_rl.tsv.gz
"(76,77]",154,ZAF001.A0103.SG1.4.10M_raw_R1_gc_rl.tsv.gz
"(77,78]",80,ZAF001.A0103.SG1.4.10M_raw_R1_gc_rl.tsv.gz
"(78,79]",29,ZAF001.A0103.SG1.4.10M_raw_R1_gc_rl.tsv.gz
"(80,81]",22,ZAF001.A0103.SG1.4.10M_raw_R1_gc_rl.tsv.gz
"(81,82]",16,ZAF001.A0103.SG1.4.10M_raw_R1_gc_rl.tsv.gz
"(82,83]",16,ZAF001.A0103.SG1.4.10M_raw_R1_gc_rl.tsv.gz
"(84,85]",18,ZAF001.A0103.SG1.4.10M_raw_R1_gc_rl.tsv.gz
"(85,86]",9,ZAF001.A0103.SG1.4.10M_raw_R1_gc_rl.tsv.gz
"(86,87]",10,ZAF001.A0103.SG1.4.10M_raw_R1_gc_rl.tsv.gz
"(88,89]",12,ZAF001.A0103.SG1.4.10M_raw_R1_gc_rl.tsv.gz
"(89,90]",14,ZAF001.A0103.SG1.4.10M_raw_R1_gc_rl.tsv.gz
"(90,91]",10,ZAF001.A0103.SG1.4.10M_raw_R1_gc_rl.tsv.gz
"(92,93]",13,ZAF001.A0103.SG1.4.10M_raw_R1_gc_rl.tsv.gz
"(93,94]",44,ZAF001.A0103.SG1.4.10M_raw_R1_gc_rl.tsv.gz
"(94,95]",21,ZAF001.A0103.SG1.4.10M_raw_R1_gc_rl.tsv.gz
"(96,97]",13,ZAF001.A0103.SG1.4.10M_raw_R1_gc_rl.tsv.gz
"(97,98]",24,ZAF001.A0103.SG1.4.10M_raw_R1_gc_rl.tsv.gz
"(98,99]",5,ZAF001.A0103.SG1.4.10M_raw_R1_gc_rl.tsv.gz
"(99,100]",1,ZAF001.A0103.SG1.4.10M_raw_R1_gc_rl.tsv.gz
