Length,counts_length,Study
30,131140,BAN001.A0101_10M.remove30bp_gc_rl.tsv.gz
31,125736,BAN001.A0101_10M.remove30bp_gc_rl.tsv.gz
32,126490,BAN001.A0101_10M.remove30bp_gc_rl.tsv.gz
33,133794,BAN001.A0101_10M.remove30bp_gc_rl.tsv.gz
34,144126,BAN001.A0101_10M.remove30bp_gc_rl.tsv.gz
35,155857,BAN001.A0101_10M.remove30bp_gc_rl.tsv.gz
36,173155,BAN001.A0101_10M.remove30bp_gc_rl.tsv.gz
37,202396,BAN001.A0101_10M.remove30bp_gc_rl.tsv.gz
38,223633,BAN001.A0101_10M.remove30bp_gc_rl.tsv.gz
39,216935,BAN001.A0101_10M.remove30bp_gc_rl.tsv.gz
40,188677,BAN001.A0101_10M.remove30bp_gc_rl.tsv.gz
41,165941,BAN001.A0101_10M.remove30bp_gc_rl.tsv.gz
42,152841,BAN001.A0101_10M.remove30bp_gc_rl.tsv.gz
43,150225,BAN001.A0101_10M.remove30bp_gc_rl.tsv.gz
44,153241,BAN001.A0101_10M.remove30bp_gc_rl.tsv.gz
45,159183,BAN001.A0101_10M.remove30bp_gc_rl.tsv.gz
46,164822,BAN001.A0101_10M.remove30bp_gc_rl.tsv.gz
47,182417,BAN001.A0101_10M.remove30bp_gc_rl.tsv.gz
48,208189,BAN001.A0101_10M.remove30bp_gc_rl.tsv.gz
49,215058,BAN001.A0101_10M.remove30bp_gc_rl.tsv.gz
50,189914,BAN001.A0101_10M.remove30bp_gc_rl.tsv.gz
51,162666,BAN001.A0101_10M.remove30bp_gc_rl.tsv.gz
52,144253,BAN001.A0101_10M.remove30bp_gc_rl.tsv.gz
53,134944,BAN001.A0101_10M.remove30bp_gc_rl.tsv.gz
54,133020,BAN001.A0101_10M.remove30bp_gc_rl.tsv.gz
55,135295,BAN001.A0101_10M.remove30bp_gc_rl.tsv.gz
56,141189,BAN001.A0101_10M.remove30bp_gc_rl.tsv.gz
57,152311,BAN001.A0101_10M.remove30bp_gc_rl.tsv.gz
58,165827,BAN001.A0101_10M.remove30bp_gc_rl.tsv.gz
59,168601,BAN001.A0101_10M.remove30bp_gc_rl.tsv.gz
60,154207,BAN001.A0101_10M.remove30bp_gc_rl.tsv.gz
61,134539,BAN001.A0101_10M.remove30bp_gc_rl.tsv.gz
62,118515,BAN001.A0101_10M.remove30bp_gc_rl.tsv.gz
63,110559,BAN001.A0101_10M.remove30bp_gc_rl.tsv.gz
64,105100,BAN001.A0101_10M.remove30bp_gc_rl.tsv.gz
65,103839,BAN001.A0101_10M.remove30bp_gc_rl.tsv.gz
66,103702,BAN001.A0101_10M.remove30bp_gc_rl.tsv.gz
67,107420,BAN001.A0101_10M.remove30bp_gc_rl.tsv.gz
68,118649,BAN001.A0101_10M.remove30bp_gc_rl.tsv.gz
69,124626,BAN001.A0101_10M.remove30bp_gc_rl.tsv.gz
70,116842,BAN001.A0101_10M.remove30bp_gc_rl.tsv.gz
71,103488,BAN001.A0101_10M.remove30bp_gc_rl.tsv.gz
72,96565,BAN001.A0101_10M.remove30bp_gc_rl.tsv.gz
73,100396,BAN001.A0101_10M.remove30bp_gc_rl.tsv.gz
74,124042,BAN001.A0101_10M.remove30bp_gc_rl.tsv.gz
75,232154,BAN001.A0101_10M.remove30bp_gc_rl.tsv.gz
76,434051,BAN001.A0101_10M.remove30bp_gc_rl.tsv.gz
77,78904,BAN001.A0101_10M.remove30bp_gc_rl.tsv.gz
78,85077,BAN001.A0101_10M.remove30bp_gc_rl.tsv.gz
79,87124,BAN001.A0101_10M.remove30bp_gc_rl.tsv.gz
80,81219,BAN001.A0101_10M.remove30bp_gc_rl.tsv.gz
81,71973,BAN001.A0101_10M.remove30bp_gc_rl.tsv.gz
82,65259,BAN001.A0101_10M.remove30bp_gc_rl.tsv.gz
83,59926,BAN001.A0101_10M.remove30bp_gc_rl.tsv.gz
84,57834,BAN001.A0101_10M.remove30bp_gc_rl.tsv.gz
85,55532,BAN001.A0101_10M.remove30bp_gc_rl.tsv.gz
86,54430,BAN001.A0101_10M.remove30bp_gc_rl.tsv.gz
87,54380,BAN001.A0101_10M.remove30bp_gc_rl.tsv.gz
88,55893,BAN001.A0101_10M.remove30bp_gc_rl.tsv.gz
89,58715,BAN001.A0101_10M.remove30bp_gc_rl.tsv.gz
90,57701,BAN001.A0101_10M.remove30bp_gc_rl.tsv.gz
91,52245,BAN001.A0101_10M.remove30bp_gc_rl.tsv.gz
92,47842,BAN001.A0101_10M.remove30bp_gc_rl.tsv.gz
93,44416,BAN001.A0101_10M.remove30bp_gc_rl.tsv.gz
94,42110,BAN001.A0101_10M.remove30bp_gc_rl.tsv.gz
95,41398,BAN001.A0101_10M.remove30bp_gc_rl.tsv.gz
96,40638,BAN001.A0101_10M.remove30bp_gc_rl.tsv.gz
97,40761,BAN001.A0101_10M.remove30bp_gc_rl.tsv.gz
98,41631,BAN001.A0101_10M.remove30bp_gc_rl.tsv.gz
99,41438,BAN001.A0101_10M.remove30bp_gc_rl.tsv.gz
100,40608,BAN001.A0101_10M.remove30bp_gc_rl.tsv.gz
101,38227,BAN001.A0101_10M.remove30bp_gc_rl.tsv.gz
102,35507,BAN001.A0101_10M.remove30bp_gc_rl.tsv.gz
103,33508,BAN001.A0101_10M.remove30bp_gc_rl.tsv.gz
104,31680,BAN001.A0101_10M.remove30bp_gc_rl.tsv.gz
105,30661,BAN001.A0101_10M.remove30bp_gc_rl.tsv.gz
106,29707,BAN001.A0101_10M.remove30bp_gc_rl.tsv.gz
107,29593,BAN001.A0101_10M.remove30bp_gc_rl.tsv.gz
108,29511,BAN001.A0101_10M.remove30bp_gc_rl.tsv.gz
109,29736,BAN001.A0101_10M.remove30bp_gc_rl.tsv.gz
110,28981,BAN001.A0101_10M.remove30bp_gc_rl.tsv.gz
111,27922,BAN001.A0101_10M.remove30bp_gc_rl.tsv.gz
112,25734,BAN001.A0101_10M.remove30bp_gc_rl.tsv.gz
113,24564,BAN001.A0101_10M.remove30bp_gc_rl.tsv.gz
114,23906,BAN001.A0101_10M.remove30bp_gc_rl.tsv.gz
115,22696,BAN001.A0101_10M.remove30bp_gc_rl.tsv.gz
116,21751,BAN001.A0101_10M.remove30bp_gc_rl.tsv.gz
117,21248,BAN001.A0101_10M.remove30bp_gc_rl.tsv.gz
118,21386,BAN001.A0101_10M.remove30bp_gc_rl.tsv.gz
119,20667,BAN001.A0101_10M.remove30bp_gc_rl.tsv.gz
120,20340,BAN001.A0101_10M.remove30bp_gc_rl.tsv.gz
121,19292,BAN001.A0101_10M.remove30bp_gc_rl.tsv.gz
122,18584,BAN001.A0101_10M.remove30bp_gc_rl.tsv.gz
123,17341,BAN001.A0101_10M.remove30bp_gc_rl.tsv.gz
124,17043,BAN001.A0101_10M.remove30bp_gc_rl.tsv.gz
125,16106,BAN001.A0101_10M.remove30bp_gc_rl.tsv.gz
126,15676,BAN001.A0101_10M.remove30bp_gc_rl.tsv.gz
127,15292,BAN001.A0101_10M.remove30bp_gc_rl.tsv.gz
128,15114,BAN001.A0101_10M.remove30bp_gc_rl.tsv.gz
129,14490,BAN001.A0101_10M.remove30bp_gc_rl.tsv.gz
130,14390,BAN001.A0101_10M.remove30bp_gc_rl.tsv.gz
131,13770,BAN001.A0101_10M.remove30bp_gc_rl.tsv.gz
132,13093,BAN001.A0101_10M.remove30bp_gc_rl.tsv.gz
133,12628,BAN001.A0101_10M.remove30bp_gc_rl.tsv.gz
134,12224,BAN001.A0101_10M.remove30bp_gc_rl.tsv.gz
135,11871,BAN001.A0101_10M.remove30bp_gc_rl.tsv.gz
136,11408,BAN001.A0101_10M.remove30bp_gc_rl.tsv.gz
137,11235,BAN001.A0101_10M.remove30bp_gc_rl.tsv.gz
138,10791,BAN001.A0101_10M.remove30bp_gc_rl.tsv.gz
139,10798,BAN001.A0101_10M.remove30bp_gc_rl.tsv.gz
140,11011,BAN001.A0101_10M.remove30bp_gc_rl.tsv.gz
141,9099,BAN001.A0101_10M.remove30bp_gc_rl.tsv.gz
30,212771,BAN001.A0102.SG1.4_10M.remove30bp_gc_rl.tsv.gz
31,216156,BAN001.A0102.SG1.4_10M.remove30bp_gc_rl.tsv.gz
32,200596,BAN001.A0102.SG1.4_10M.remove30bp_gc_rl.tsv.gz
33,179257,BAN001.A0102.SG1.4_10M.remove30bp_gc_rl.tsv.gz
34,161774,BAN001.A0102.SG1.4_10M.remove30bp_gc_rl.tsv.gz
35,149937,BAN001.A0102.SG1.4_10M.remove30bp_gc_rl.tsv.gz
36,144291,BAN001.A0102.SG1.4_10M.remove30bp_gc_rl.tsv.gz
37,139175,BAN001.A0102.SG1.4_10M.remove30bp_gc_rl.tsv.gz
38,138146,BAN001.A0102.SG1.4_10M.remove30bp_gc_rl.tsv.gz
39,141113,BAN001.A0102.SG1.4_10M.remove30bp_gc_rl.tsv.gz
40,153175,BAN001.A0102.SG1.4_10M.remove30bp_gc_rl.tsv.gz
41,142488,BAN001.A0102.SG1.4_10M.remove30bp_gc_rl.tsv.gz
42,128445,BAN001.A0102.SG1.4_10M.remove30bp_gc_rl.tsv.gz
43,107136,BAN001.A0102.SG1.4_10M.remove30bp_gc_rl.tsv.gz
44,92690,BAN001.A0102.SG1.4_10M.remove30bp_gc_rl.tsv.gz
45,82961,BAN001.A0102.SG1.4_10M.remove30bp_gc_rl.tsv.gz
46,75183,BAN001.A0102.SG1.4_10M.remove30bp_gc_rl.tsv.gz
47,71210,BAN001.A0102.SG1.4_10M.remove30bp_gc_rl.tsv.gz
48,68974,BAN001.A0102.SG1.4_10M.remove30bp_gc_rl.tsv.gz
49,67226,BAN001.A0102.SG1.4_10M.remove30bp_gc_rl.tsv.gz
50,67138,BAN001.A0102.SG1.4_10M.remove30bp_gc_rl.tsv.gz
51,68871,BAN001.A0102.SG1.4_10M.remove30bp_gc_rl.tsv.gz
52,66680,BAN001.A0102.SG1.4_10M.remove30bp_gc_rl.tsv.gz
53,57358,BAN001.A0102.SG1.4_10M.remove30bp_gc_rl.tsv.gz
54,47949,BAN001.A0102.SG1.4_10M.remove30bp_gc_rl.tsv.gz
55,42572,BAN001.A0102.SG1.4_10M.remove30bp_gc_rl.tsv.gz
56,38226,BAN001.A0102.SG1.4_10M.remove30bp_gc_rl.tsv.gz
57,35773,BAN001.A0102.SG1.4_10M.remove30bp_gc_rl.tsv.gz
58,34123,BAN001.A0102.SG1.4_10M.remove30bp_gc_rl.tsv.gz
59,33133,BAN001.A0102.SG1.4_10M.remove30bp_gc_rl.tsv.gz
60,32842,BAN001.A0102.SG1.4_10M.remove30bp_gc_rl.tsv.gz
61,33094,BAN001.A0102.SG1.4_10M.remove30bp_gc_rl.tsv.gz
62,31853,BAN001.A0102.SG1.4_10M.remove30bp_gc_rl.tsv.gz
63,28155,BAN001.A0102.SG1.4_10M.remove30bp_gc_rl.tsv.gz
64,24206,BAN001.A0102.SG1.4_10M.remove30bp_gc_rl.tsv.gz
65,22420,BAN001.A0102.SG1.4_10M.remove30bp_gc_rl.tsv.gz
66,21278,BAN001.A0102.SG1.4_10M.remove30bp_gc_rl.tsv.gz
67,21372,BAN001.A0102.SG1.4_10M.remove30bp_gc_rl.tsv.gz
68,17069,BAN001.A0102.SG1.4_10M.remove30bp_gc_rl.tsv.gz
69,16839,BAN001.A0102.SG1.4_10M.remove30bp_gc_rl.tsv.gz
70,16671,BAN001.A0102.SG1.4_10M.remove30bp_gc_rl.tsv.gz
71,16830,BAN001.A0102.SG1.4_10M.remove30bp_gc_rl.tsv.gz
72,18100,BAN001.A0102.SG1.4_10M.remove30bp_gc_rl.tsv.gz
73,18306,BAN001.A0102.SG1.4_10M.remove30bp_gc_rl.tsv.gz
74,19044,BAN001.A0102.SG1.4_10M.remove30bp_gc_rl.tsv.gz
75,25459,BAN001.A0102.SG1.4_10M.remove30bp_gc_rl.tsv.gz
76,71024,BAN001.A0102.SG1.4_10M.remove30bp_gc_rl.tsv.gz
77,9827,BAN001.A0102.SG1.4_10M.remove30bp_gc_rl.tsv.gz
78,9305,BAN001.A0102.SG1.4_10M.remove30bp_gc_rl.tsv.gz
79,9080,BAN001.A0102.SG1.4_10M.remove30bp_gc_rl.tsv.gz
80,8698,BAN001.A0102.SG1.4_10M.remove30bp_gc_rl.tsv.gz
81,8757,BAN001.A0102.SG1.4_10M.remove30bp_gc_rl.tsv.gz
82,8739,BAN001.A0102.SG1.4_10M.remove30bp_gc_rl.tsv.gz
83,8348,BAN001.A0102.SG1.4_10M.remove30bp_gc_rl.tsv.gz
84,7642,BAN001.A0102.SG1.4_10M.remove30bp_gc_rl.tsv.gz
85,6542,BAN001.A0102.SG1.4_10M.remove30bp_gc_rl.tsv.gz
86,6024,BAN001.A0102.SG1.4_10M.remove30bp_gc_rl.tsv.gz
87,5726,BAN001.A0102.SG1.4_10M.remove30bp_gc_rl.tsv.gz
88,5408,BAN001.A0102.SG1.4_10M.remove30bp_gc_rl.tsv.gz
89,5135,BAN001.A0102.SG1.4_10M.remove30bp_gc_rl.tsv.gz
90,5139,BAN001.A0102.SG1.4_10M.remove30bp_gc_rl.tsv.gz
91,4879,BAN001.A0102.SG1.4_10M.remove30bp_gc_rl.tsv.gz
92,5046,BAN001.A0102.SG1.4_10M.remove30bp_gc_rl.tsv.gz
93,4789,BAN001.A0102.SG1.4_10M.remove30bp_gc_rl.tsv.gz
94,4743,BAN001.A0102.SG1.4_10M.remove30bp_gc_rl.tsv.gz
95,4292,BAN001.A0102.SG1.4_10M.remove30bp_gc_rl.tsv.gz
96,3891,BAN001.A0102.SG1.4_10M.remove30bp_gc_rl.tsv.gz
97,3654,BAN001.A0102.SG1.4_10M.remove30bp_gc_rl.tsv.gz
98,3543,BAN001.A0102.SG1.4_10M.remove30bp_gc_rl.tsv.gz
99,3335,BAN001.A0102.SG1.4_10M.remove30bp_gc_rl.tsv.gz
100,3336,BAN001.A0102.SG1.4_10M.remove30bp_gc_rl.tsv.gz
101,3340,BAN001.A0102.SG1.4_10M.remove30bp_gc_rl.tsv.gz
102,3333,BAN001.A0102.SG1.4_10M.remove30bp_gc_rl.tsv.gz
103,3092,BAN001.A0102.SG1.4_10M.remove30bp_gc_rl.tsv.gz
104,3032,BAN001.A0102.SG1.4_10M.remove30bp_gc_rl.tsv.gz
105,2810,BAN001.A0102.SG1.4_10M.remove30bp_gc_rl.tsv.gz
106,2680,BAN001.A0102.SG1.4_10M.remove30bp_gc_rl.tsv.gz
107,2557,BAN001.A0102.SG1.4_10M.remove30bp_gc_rl.tsv.gz
108,2404,BAN001.A0102.SG1.4_10M.remove30bp_gc_rl.tsv.gz
109,2238,BAN001.A0102.SG1.4_10M.remove30bp_gc_rl.tsv.gz
110,2120,BAN001.A0102.SG1.4_10M.remove30bp_gc_rl.tsv.gz
111,2164,BAN001.A0102.SG1.4_10M.remove30bp_gc_rl.tsv.gz
112,2060,BAN001.A0102.SG1.4_10M.remove30bp_gc_rl.tsv.gz
113,2054,BAN001.A0102.SG1.4_10M.remove30bp_gc_rl.tsv.gz
114,1918,BAN001.A0102.SG1.4_10M.remove30bp_gc_rl.tsv.gz
115,1802,BAN001.A0102.SG1.4_10M.remove30bp_gc_rl.tsv.gz
116,1797,BAN001.A0102.SG1.4_10M.remove30bp_gc_rl.tsv.gz
117,1587,BAN001.A0102.SG1.4_10M.remove30bp_gc_rl.tsv.gz
118,1653,BAN001.A0102.SG1.4_10M.remove30bp_gc_rl.tsv.gz
119,1549,BAN001.A0102.SG1.4_10M.remove30bp_gc_rl.tsv.gz
120,1449,BAN001.A0102.SG1.4_10M.remove30bp_gc_rl.tsv.gz
121,1517,BAN001.A0102.SG1.4_10M.remove30bp_gc_rl.tsv.gz
122,1432,BAN001.A0102.SG1.4_10M.remove30bp_gc_rl.tsv.gz
123,1341,BAN001.A0102.SG1.4_10M.remove30bp_gc_rl.tsv.gz
124,1351,BAN001.A0102.SG1.4_10M.remove30bp_gc_rl.tsv.gz
125,1222,BAN001.A0102.SG1.4_10M.remove30bp_gc_rl.tsv.gz
126,1260,BAN001.A0102.SG1.4_10M.remove30bp_gc_rl.tsv.gz
127,1149,BAN001.A0102.SG1.4_10M.remove30bp_gc_rl.tsv.gz
128,1147,BAN001.A0102.SG1.4_10M.remove30bp_gc_rl.tsv.gz
129,1045,BAN001.A0102.SG1.4_10M.remove30bp_gc_rl.tsv.gz
130,987,BAN001.A0102.SG1.4_10M.remove30bp_gc_rl.tsv.gz
131,1008,BAN001.A0102.SG1.4_10M.remove30bp_gc_rl.tsv.gz
132,983,BAN001.A0102.SG1.4_10M.remove30bp_gc_rl.tsv.gz
133,960,BAN001.A0102.SG1.4_10M.remove30bp_gc_rl.tsv.gz
134,950,BAN001.A0102.SG1.4_10M.remove30bp_gc_rl.tsv.gz
135,866,BAN001.A0102.SG1.4_10M.remove30bp_gc_rl.tsv.gz
136,896,BAN001.A0102.SG1.4_10M.remove30bp_gc_rl.tsv.gz
137,841,BAN001.A0102.SG1.4_10M.remove30bp_gc_rl.tsv.gz
138,824,BAN001.A0102.SG1.4_10M.remove30bp_gc_rl.tsv.gz
139,775,BAN001.A0102.SG1.4_10M.remove30bp_gc_rl.tsv.gz
140,808,BAN001.A0102.SG1.4_10M.remove30bp_gc_rl.tsv.gz
141,742,BAN001.A0102.SG1.4_10M.remove30bp_gc_rl.tsv.gz
30,90181,CDM019.A0101_10M.remove30bp_gc_rl.tsv.gz
31,100813,CDM019.A0101_10M.remove30bp_gc_rl.tsv.gz
32,112082,CDM019.A0101_10M.remove30bp_gc_rl.tsv.gz
33,124264,CDM019.A0101_10M.remove30bp_gc_rl.tsv.gz
34,134508,CDM019.A0101_10M.remove30bp_gc_rl.tsv.gz
35,142376,CDM019.A0101_10M.remove30bp_gc_rl.tsv.gz
36,153484,CDM019.A0101_10M.remove30bp_gc_rl.tsv.gz
37,158863,CDM019.A0101_10M.remove30bp_gc_rl.tsv.gz
38,159796,CDM019.A0101_10M.remove30bp_gc_rl.tsv.gz
39,163205,CDM019.A0101_10M.remove30bp_gc_rl.tsv.gz
40,164075,CDM019.A0101_10M.remove30bp_gc_rl.tsv.gz
41,164586,CDM019.A0101_10M.remove30bp_gc_rl.tsv.gz
42,167596,CDM019.A0101_10M.remove30bp_gc_rl.tsv.gz
43,168811,CDM019.A0101_10M.remove30bp_gc_rl.tsv.gz
44,168007,CDM019.A0101_10M.remove30bp_gc_rl.tsv.gz
45,170384,CDM019.A0101_10M.remove30bp_gc_rl.tsv.gz
46,171943,CDM019.A0101_10M.remove30bp_gc_rl.tsv.gz
47,170185,CDM019.A0101_10M.remove30bp_gc_rl.tsv.gz
48,169424,CDM019.A0101_10M.remove30bp_gc_rl.tsv.gz
49,166852,CDM019.A0101_10M.remove30bp_gc_rl.tsv.gz
50,161448,CDM019.A0101_10M.remove30bp_gc_rl.tsv.gz
51,160769,CDM019.A0101_10M.remove30bp_gc_rl.tsv.gz
52,159276,CDM019.A0101_10M.remove30bp_gc_rl.tsv.gz
53,155755,CDM019.A0101_10M.remove30bp_gc_rl.tsv.gz
54,154498,CDM019.A0101_10M.remove30bp_gc_rl.tsv.gz
55,152053,CDM019.A0101_10M.remove30bp_gc_rl.tsv.gz
56,149330,CDM019.A0101_10M.remove30bp_gc_rl.tsv.gz
57,149581,CDM019.A0101_10M.remove30bp_gc_rl.tsv.gz
58,146611,CDM019.A0101_10M.remove30bp_gc_rl.tsv.gz
59,140281,CDM019.A0101_10M.remove30bp_gc_rl.tsv.gz
60,138767,CDM019.A0101_10M.remove30bp_gc_rl.tsv.gz
61,134695,CDM019.A0101_10M.remove30bp_gc_rl.tsv.gz
62,130344,CDM019.A0101_10M.remove30bp_gc_rl.tsv.gz
63,129142,CDM019.A0101_10M.remove30bp_gc_rl.tsv.gz
64,125601,CDM019.A0101_10M.remove30bp_gc_rl.tsv.gz
65,122879,CDM019.A0101_10M.remove30bp_gc_rl.tsv.gz
66,121466,CDM019.A0101_10M.remove30bp_gc_rl.tsv.gz
67,119345,CDM019.A0101_10M.remove30bp_gc_rl.tsv.gz
68,114986,CDM019.A0101_10M.remove30bp_gc_rl.tsv.gz
69,113554,CDM019.A0101_10M.remove30bp_gc_rl.tsv.gz
70,110290,CDM019.A0101_10M.remove30bp_gc_rl.tsv.gz
71,106316,CDM019.A0101_10M.remove30bp_gc_rl.tsv.gz
72,106435,CDM019.A0101_10M.remove30bp_gc_rl.tsv.gz
73,107264,CDM019.A0101_10M.remove30bp_gc_rl.tsv.gz
74,120833,CDM019.A0101_10M.remove30bp_gc_rl.tsv.gz
75,219686,CDM019.A0101_10M.remove30bp_gc_rl.tsv.gz
76,697985,CDM019.A0101_10M.remove30bp_gc_rl.tsv.gz
77,89068,CDM019.A0101_10M.remove30bp_gc_rl.tsv.gz
78,88336,CDM019.A0101_10M.remove30bp_gc_rl.tsv.gz
79,85835,CDM019.A0101_10M.remove30bp_gc_rl.tsv.gz
80,82249,CDM019.A0101_10M.remove30bp_gc_rl.tsv.gz
81,80331,CDM019.A0101_10M.remove30bp_gc_rl.tsv.gz
82,78039,CDM019.A0101_10M.remove30bp_gc_rl.tsv.gz
83,75463,CDM019.A0101_10M.remove30bp_gc_rl.tsv.gz
84,73599,CDM019.A0101_10M.remove30bp_gc_rl.tsv.gz
85,71889,CDM019.A0101_10M.remove30bp_gc_rl.tsv.gz
86,69373,CDM019.A0101_10M.remove30bp_gc_rl.tsv.gz
87,68149,CDM019.A0101_10M.remove30bp_gc_rl.tsv.gz
88,66764,CDM019.A0101_10M.remove30bp_gc_rl.tsv.gz
89,63983,CDM019.A0101_10M.remove30bp_gc_rl.tsv.gz
90,63040,CDM019.A0101_10M.remove30bp_gc_rl.tsv.gz
91,61247,CDM019.A0101_10M.remove30bp_gc_rl.tsv.gz
92,58004,CDM019.A0101_10M.remove30bp_gc_rl.tsv.gz
93,57556,CDM019.A0101_10M.remove30bp_gc_rl.tsv.gz
94,55484,CDM019.A0101_10M.remove30bp_gc_rl.tsv.gz
95,53948,CDM019.A0101_10M.remove30bp_gc_rl.tsv.gz
96,52607,CDM019.A0101_10M.remove30bp_gc_rl.tsv.gz
97,51760,CDM019.A0101_10M.remove30bp_gc_rl.tsv.gz
98,49698,CDM019.A0101_10M.remove30bp_gc_rl.tsv.gz
99,48384,CDM019.A0101_10M.remove30bp_gc_rl.tsv.gz
100,47249,CDM019.A0101_10M.remove30bp_gc_rl.tsv.gz
101,45049,CDM019.A0101_10M.remove30bp_gc_rl.tsv.gz
102,44254,CDM019.A0101_10M.remove30bp_gc_rl.tsv.gz
103,42737,CDM019.A0101_10M.remove30bp_gc_rl.tsv.gz
104,40848,CDM019.A0101_10M.remove30bp_gc_rl.tsv.gz
105,40287,CDM019.A0101_10M.remove30bp_gc_rl.tsv.gz
106,39456,CDM019.A0101_10M.remove30bp_gc_rl.tsv.gz
107,37891,CDM019.A0101_10M.remove30bp_gc_rl.tsv.gz
108,37390,CDM019.A0101_10M.remove30bp_gc_rl.tsv.gz
109,36398,CDM019.A0101_10M.remove30bp_gc_rl.tsv.gz
110,34838,CDM019.A0101_10M.remove30bp_gc_rl.tsv.gz
111,34264,CDM019.A0101_10M.remove30bp_gc_rl.tsv.gz
112,33192,CDM019.A0101_10M.remove30bp_gc_rl.tsv.gz
113,31926,CDM019.A0101_10M.remove30bp_gc_rl.tsv.gz
114,31340,CDM019.A0101_10M.remove30bp_gc_rl.tsv.gz
115,30255,CDM019.A0101_10M.remove30bp_gc_rl.tsv.gz
116,28916,CDM019.A0101_10M.remove30bp_gc_rl.tsv.gz
117,28319,CDM019.A0101_10M.remove30bp_gc_rl.tsv.gz
118,27772,CDM019.A0101_10M.remove30bp_gc_rl.tsv.gz
119,26645,CDM019.A0101_10M.remove30bp_gc_rl.tsv.gz
120,25950,CDM019.A0101_10M.remove30bp_gc_rl.tsv.gz
121,25285,CDM019.A0101_10M.remove30bp_gc_rl.tsv.gz
122,24161,CDM019.A0101_10M.remove30bp_gc_rl.tsv.gz
123,24025,CDM019.A0101_10M.remove30bp_gc_rl.tsv.gz
124,23016,CDM019.A0101_10M.remove30bp_gc_rl.tsv.gz
125,21986,CDM019.A0101_10M.remove30bp_gc_rl.tsv.gz
126,21459,CDM019.A0101_10M.remove30bp_gc_rl.tsv.gz
127,21129,CDM019.A0101_10M.remove30bp_gc_rl.tsv.gz
128,19949,CDM019.A0101_10M.remove30bp_gc_rl.tsv.gz
129,19863,CDM019.A0101_10M.remove30bp_gc_rl.tsv.gz
130,19175,CDM019.A0101_10M.remove30bp_gc_rl.tsv.gz
131,18446,CDM019.A0101_10M.remove30bp_gc_rl.tsv.gz
132,17722,CDM019.A0101_10M.remove30bp_gc_rl.tsv.gz
133,17467,CDM019.A0101_10M.remove30bp_gc_rl.tsv.gz
134,16986,CDM019.A0101_10M.remove30bp_gc_rl.tsv.gz
135,16338,CDM019.A0101_10M.remove30bp_gc_rl.tsv.gz
136,16195,CDM019.A0101_10M.remove30bp_gc_rl.tsv.gz
137,15783,CDM019.A0101_10M.remove30bp_gc_rl.tsv.gz
138,15186,CDM019.A0101_10M.remove30bp_gc_rl.tsv.gz
139,15103,CDM019.A0101_10M.remove30bp_gc_rl.tsv.gz
140,15115,CDM019.A0101_10M.remove30bp_gc_rl.tsv.gz
141,13095,CDM019.A0101_10M.remove30bp_gc_rl.tsv.gz
30,207126,CDM019.A0102.SG1.4_10M.remove30bp_gc_rl.tsv.gz
31,216704,CDM019.A0102.SG1.4_10M.remove30bp_gc_rl.tsv.gz
32,217962,CDM019.A0102.SG1.4_10M.remove30bp_gc_rl.tsv.gz
33,213093,CDM019.A0102.SG1.4_10M.remove30bp_gc_rl.tsv.gz
34,218387,CDM019.A0102.SG1.4_10M.remove30bp_gc_rl.tsv.gz
35,221138,CDM019.A0102.SG1.4_10M.remove30bp_gc_rl.tsv.gz
36,217478,CDM019.A0102.SG1.4_10M.remove30bp_gc_rl.tsv.gz
37,217226,CDM019.A0102.SG1.4_10M.remove30bp_gc_rl.tsv.gz
38,215836,CDM019.A0102.SG1.4_10M.remove30bp_gc_rl.tsv.gz
39,209481,CDM019.A0102.SG1.4_10M.remove30bp_gc_rl.tsv.gz
40,211556,CDM019.A0102.SG1.4_10M.remove30bp_gc_rl.tsv.gz
41,210445,CDM019.A0102.SG1.4_10M.remove30bp_gc_rl.tsv.gz
42,199530,CDM019.A0102.SG1.4_10M.remove30bp_gc_rl.tsv.gz
43,194472,CDM019.A0102.SG1.4_10M.remove30bp_gc_rl.tsv.gz
44,190608,CDM019.A0102.SG1.4_10M.remove30bp_gc_rl.tsv.gz
45,182151,CDM019.A0102.SG1.4_10M.remove30bp_gc_rl.tsv.gz
46,179714,CDM019.A0102.SG1.4_10M.remove30bp_gc_rl.tsv.gz
47,175094,CDM019.A0102.SG1.4_10M.remove30bp_gc_rl.tsv.gz
48,166407,CDM019.A0102.SG1.4_10M.remove30bp_gc_rl.tsv.gz
49,162489,CDM019.A0102.SG1.4_10M.remove30bp_gc_rl.tsv.gz
50,159802,CDM019.A0102.SG1.4_10M.remove30bp_gc_rl.tsv.gz
51,151884,CDM019.A0102.SG1.4_10M.remove30bp_gc_rl.tsv.gz
52,147663,CDM019.A0102.SG1.4_10M.remove30bp_gc_rl.tsv.gz
53,141474,CDM019.A0102.SG1.4_10M.remove30bp_gc_rl.tsv.gz
54,132782,CDM019.A0102.SG1.4_10M.remove30bp_gc_rl.tsv.gz
55,129296,CDM019.A0102.SG1.4_10M.remove30bp_gc_rl.tsv.gz
56,126061,CDM019.A0102.SG1.4_10M.remove30bp_gc_rl.tsv.gz
57,118547,CDM019.A0102.SG1.4_10M.remove30bp_gc_rl.tsv.gz
58,114810,CDM019.A0102.SG1.4_10M.remove30bp_gc_rl.tsv.gz
59,111909,CDM019.A0102.SG1.4_10M.remove30bp_gc_rl.tsv.gz
60,105051,CDM019.A0102.SG1.4_10M.remove30bp_gc_rl.tsv.gz
61,103019,CDM019.A0102.SG1.4_10M.remove30bp_gc_rl.tsv.gz
62,99518,CDM019.A0102.SG1.4_10M.remove30bp_gc_rl.tsv.gz
63,92584,CDM019.A0102.SG1.4_10M.remove30bp_gc_rl.tsv.gz
64,89913,CDM019.A0102.SG1.4_10M.remove30bp_gc_rl.tsv.gz
65,86414,CDM019.A0102.SG1.4_10M.remove30bp_gc_rl.tsv.gz
66,81283,CDM019.A0102.SG1.4_10M.remove30bp_gc_rl.tsv.gz
67,79151,CDM019.A0102.SG1.4_10M.remove30bp_gc_rl.tsv.gz
68,77092,CDM019.A0102.SG1.4_10M.remove30bp_gc_rl.tsv.gz
69,72831,CDM019.A0102.SG1.4_10M.remove30bp_gc_rl.tsv.gz
70,71231,CDM019.A0102.SG1.4_10M.remove30bp_gc_rl.tsv.gz
71,69691,CDM019.A0102.SG1.4_10M.remove30bp_gc_rl.tsv.gz
72,66524,CDM019.A0102.SG1.4_10M.remove30bp_gc_rl.tsv.gz
73,66016,CDM019.A0102.SG1.4_10M.remove30bp_gc_rl.tsv.gz
74,69481,CDM019.A0102.SG1.4_10M.remove30bp_gc_rl.tsv.gz
75,101016,CDM019.A0102.SG1.4_10M.remove30bp_gc_rl.tsv.gz
76,457025,CDM019.A0102.SG1.4_10M.remove30bp_gc_rl.tsv.gz
77,52640,CDM019.A0102.SG1.4_10M.remove30bp_gc_rl.tsv.gz
78,49203,CDM019.A0102.SG1.4_10M.remove30bp_gc_rl.tsv.gz
79,48161,CDM019.A0102.SG1.4_10M.remove30bp_gc_rl.tsv.gz
80,46510,CDM019.A0102.SG1.4_10M.remove30bp_gc_rl.tsv.gz
81,43841,CDM019.A0102.SG1.4_10M.remove30bp_gc_rl.tsv.gz
82,42711,CDM019.A0102.SG1.4_10M.remove30bp_gc_rl.tsv.gz
83,41568,CDM019.A0102.SG1.4_10M.remove30bp_gc_rl.tsv.gz
84,38657,CDM019.A0102.SG1.4_10M.remove30bp_gc_rl.tsv.gz
85,37261,CDM019.A0102.SG1.4_10M.remove30bp_gc_rl.tsv.gz
86,36700,CDM019.A0102.SG1.4_10M.remove30bp_gc_rl.tsv.gz
87,34197,CDM019.A0102.SG1.4_10M.remove30bp_gc_rl.tsv.gz
88,33716,CDM019.A0102.SG1.4_10M.remove30bp_gc_rl.tsv.gz
89,32457,CDM019.A0102.SG1.4_10M.remove30bp_gc_rl.tsv.gz
90,30280,CDM019.A0102.SG1.4_10M.remove30bp_gc_rl.tsv.gz
91,29865,CDM019.A0102.SG1.4_10M.remove30bp_gc_rl.tsv.gz
92,29011,CDM019.A0102.SG1.4_10M.remove30bp_gc_rl.tsv.gz
93,27516,CDM019.A0102.SG1.4_10M.remove30bp_gc_rl.tsv.gz
94,26635,CDM019.A0102.SG1.4_10M.remove30bp_gc_rl.tsv.gz
95,25699,CDM019.A0102.SG1.4_10M.remove30bp_gc_rl.tsv.gz
96,24359,CDM019.A0102.SG1.4_10M.remove30bp_gc_rl.tsv.gz
97,23757,CDM019.A0102.SG1.4_10M.remove30bp_gc_rl.tsv.gz
98,22842,CDM019.A0102.SG1.4_10M.remove30bp_gc_rl.tsv.gz
99,21844,CDM019.A0102.SG1.4_10M.remove30bp_gc_rl.tsv.gz
100,21030,CDM019.A0102.SG1.4_10M.remove30bp_gc_rl.tsv.gz
101,20601,CDM019.A0102.SG1.4_10M.remove30bp_gc_rl.tsv.gz
102,19541,CDM019.A0102.SG1.4_10M.remove30bp_gc_rl.tsv.gz
103,19132,CDM019.A0102.SG1.4_10M.remove30bp_gc_rl.tsv.gz
104,18517,CDM019.A0102.SG1.4_10M.remove30bp_gc_rl.tsv.gz
105,17504,CDM019.A0102.SG1.4_10M.remove30bp_gc_rl.tsv.gz
106,17012,CDM019.A0102.SG1.4_10M.remove30bp_gc_rl.tsv.gz
107,16482,CDM019.A0102.SG1.4_10M.remove30bp_gc_rl.tsv.gz
108,15704,CDM019.A0102.SG1.4_10M.remove30bp_gc_rl.tsv.gz
109,15318,CDM019.A0102.SG1.4_10M.remove30bp_gc_rl.tsv.gz
110,15081,CDM019.A0102.SG1.4_10M.remove30bp_gc_rl.tsv.gz
111,14234,CDM019.A0102.SG1.4_10M.remove30bp_gc_rl.tsv.gz
112,13824,CDM019.A0102.SG1.4_10M.remove30bp_gc_rl.tsv.gz
113,13557,CDM019.A0102.SG1.4_10M.remove30bp_gc_rl.tsv.gz
114,12723,CDM019.A0102.SG1.4_10M.remove30bp_gc_rl.tsv.gz
115,12389,CDM019.A0102.SG1.4_10M.remove30bp_gc_rl.tsv.gz
116,12339,CDM019.A0102.SG1.4_10M.remove30bp_gc_rl.tsv.gz
117,11363,CDM019.A0102.SG1.4_10M.remove30bp_gc_rl.tsv.gz
118,11160,CDM019.A0102.SG1.4_10M.remove30bp_gc_rl.tsv.gz
119,10960,CDM019.A0102.SG1.4_10M.remove30bp_gc_rl.tsv.gz
120,10525,CDM019.A0102.SG1.4_10M.remove30bp_gc_rl.tsv.gz
121,10083,CDM019.A0102.SG1.4_10M.remove30bp_gc_rl.tsv.gz
122,10002,CDM019.A0102.SG1.4_10M.remove30bp_gc_rl.tsv.gz
123,9333,CDM019.A0102.SG1.4_10M.remove30bp_gc_rl.tsv.gz
124,9236,CDM019.A0102.SG1.4_10M.remove30bp_gc_rl.tsv.gz
125,9091,CDM019.A0102.SG1.4_10M.remove30bp_gc_rl.tsv.gz
126,8614,CDM019.A0102.SG1.4_10M.remove30bp_gc_rl.tsv.gz
127,8337,CDM019.A0102.SG1.4_10M.remove30bp_gc_rl.tsv.gz
128,8104,CDM019.A0102.SG1.4_10M.remove30bp_gc_rl.tsv.gz
129,7823,CDM019.A0102.SG1.4_10M.remove30bp_gc_rl.tsv.gz
130,7739,CDM019.A0102.SG1.4_10M.remove30bp_gc_rl.tsv.gz
131,7687,CDM019.A0102.SG1.4_10M.remove30bp_gc_rl.tsv.gz
132,7275,CDM019.A0102.SG1.4_10M.remove30bp_gc_rl.tsv.gz
133,6994,CDM019.A0102.SG1.4_10M.remove30bp_gc_rl.tsv.gz
134,7127,CDM019.A0102.SG1.4_10M.remove30bp_gc_rl.tsv.gz
135,6622,CDM019.A0102.SG1.4_10M.remove30bp_gc_rl.tsv.gz
136,6593,CDM019.A0102.SG1.4_10M.remove30bp_gc_rl.tsv.gz
137,6661,CDM019.A0102.SG1.4_10M.remove30bp_gc_rl.tsv.gz
138,6087,CDM019.A0102.SG1.4_10M.remove30bp_gc_rl.tsv.gz
139,6251,CDM019.A0102.SG1.4_10M.remove30bp_gc_rl.tsv.gz
140,6574,CDM019.A0102.SG1.4_10M.remove30bp_gc_rl.tsv.gz
141,5653,CDM019.A0102.SG1.4_10M.remove30bp_gc_rl.tsv.gz
30,121971,CDM020.A0101_10M.remove30bp_gc_rl.tsv.gz
31,134792,CDM020.A0101_10M.remove30bp_gc_rl.tsv.gz
32,145139,CDM020.A0101_10M.remove30bp_gc_rl.tsv.gz
33,157686,CDM020.A0101_10M.remove30bp_gc_rl.tsv.gz
34,166137,CDM020.A0101_10M.remove30bp_gc_rl.tsv.gz
35,174065,CDM020.A0101_10M.remove30bp_gc_rl.tsv.gz
36,183547,CDM020.A0101_10M.remove30bp_gc_rl.tsv.gz
37,188539,CDM020.A0101_10M.remove30bp_gc_rl.tsv.gz
38,189131,CDM020.A0101_10M.remove30bp_gc_rl.tsv.gz
39,191021,CDM020.A0101_10M.remove30bp_gc_rl.tsv.gz
40,191638,CDM020.A0101_10M.remove30bp_gc_rl.tsv.gz
41,191769,CDM020.A0101_10M.remove30bp_gc_rl.tsv.gz
42,193340,CDM020.A0101_10M.remove30bp_gc_rl.tsv.gz
43,192089,CDM020.A0101_10M.remove30bp_gc_rl.tsv.gz
44,189429,CDM020.A0101_10M.remove30bp_gc_rl.tsv.gz
45,189244,CDM020.A0101_10M.remove30bp_gc_rl.tsv.gz
46,190029,CDM020.A0101_10M.remove30bp_gc_rl.tsv.gz
47,186374,CDM020.A0101_10M.remove30bp_gc_rl.tsv.gz
48,184359,CDM020.A0101_10M.remove30bp_gc_rl.tsv.gz
49,180104,CDM020.A0101_10M.remove30bp_gc_rl.tsv.gz
50,174144,CDM020.A0101_10M.remove30bp_gc_rl.tsv.gz
51,170564,CDM020.A0101_10M.remove30bp_gc_rl.tsv.gz
52,168383,CDM020.A0101_10M.remove30bp_gc_rl.tsv.gz
53,162627,CDM020.A0101_10M.remove30bp_gc_rl.tsv.gz
54,160260,CDM020.A0101_10M.remove30bp_gc_rl.tsv.gz
55,156392,CDM020.A0101_10M.remove30bp_gc_rl.tsv.gz
56,151958,CDM020.A0101_10M.remove30bp_gc_rl.tsv.gz
57,149709,CDM020.A0101_10M.remove30bp_gc_rl.tsv.gz
58,145180,CDM020.A0101_10M.remove30bp_gc_rl.tsv.gz
59,139678,CDM020.A0101_10M.remove30bp_gc_rl.tsv.gz
60,136289,CDM020.A0101_10M.remove30bp_gc_rl.tsv.gz
61,131305,CDM020.A0101_10M.remove30bp_gc_rl.tsv.gz
62,126629,CDM020.A0101_10M.remove30bp_gc_rl.tsv.gz
63,123794,CDM020.A0101_10M.remove30bp_gc_rl.tsv.gz
64,119480,CDM020.A0101_10M.remove30bp_gc_rl.tsv.gz
65,115365,CDM020.A0101_10M.remove30bp_gc_rl.tsv.gz
66,113720,CDM020.A0101_10M.remove30bp_gc_rl.tsv.gz
67,109678,CDM020.A0101_10M.remove30bp_gc_rl.tsv.gz
68,105685,CDM020.A0101_10M.remove30bp_gc_rl.tsv.gz
69,104287,CDM020.A0101_10M.remove30bp_gc_rl.tsv.gz
70,99778,CDM020.A0101_10M.remove30bp_gc_rl.tsv.gz
71,96443,CDM020.A0101_10M.remove30bp_gc_rl.tsv.gz
72,95393,CDM020.A0101_10M.remove30bp_gc_rl.tsv.gz
73,96051,CDM020.A0101_10M.remove30bp_gc_rl.tsv.gz
74,108982,CDM020.A0101_10M.remove30bp_gc_rl.tsv.gz
75,207226,CDM020.A0101_10M.remove30bp_gc_rl.tsv.gz
76,642998,CDM020.A0101_10M.remove30bp_gc_rl.tsv.gz
77,77501,CDM020.A0101_10M.remove30bp_gc_rl.tsv.gz
78,75767,CDM020.A0101_10M.remove30bp_gc_rl.tsv.gz
79,72650,CDM020.A0101_10M.remove30bp_gc_rl.tsv.gz
80,69547,CDM020.A0101_10M.remove30bp_gc_rl.tsv.gz
81,67578,CDM020.A0101_10M.remove30bp_gc_rl.tsv.gz
82,65425,CDM020.A0101_10M.remove30bp_gc_rl.tsv.gz
83,62314,CDM020.A0101_10M.remove30bp_gc_rl.tsv.gz
84,61276,CDM020.A0101_10M.remove30bp_gc_rl.tsv.gz
85,59199,CDM020.A0101_10M.remove30bp_gc_rl.tsv.gz
86,57293,CDM020.A0101_10M.remove30bp_gc_rl.tsv.gz
87,56056,CDM020.A0101_10M.remove30bp_gc_rl.tsv.gz
88,53441,CDM020.A0101_10M.remove30bp_gc_rl.tsv.gz
89,51516,CDM020.A0101_10M.remove30bp_gc_rl.tsv.gz
90,50394,CDM020.A0101_10M.remove30bp_gc_rl.tsv.gz
91,48557,CDM020.A0101_10M.remove30bp_gc_rl.tsv.gz
92,45999,CDM020.A0101_10M.remove30bp_gc_rl.tsv.gz
93,45066,CDM020.A0101_10M.remove30bp_gc_rl.tsv.gz
94,43917,CDM020.A0101_10M.remove30bp_gc_rl.tsv.gz
95,42164,CDM020.A0101_10M.remove30bp_gc_rl.tsv.gz
96,41307,CDM020.A0101_10M.remove30bp_gc_rl.tsv.gz
97,40086,CDM020.A0101_10M.remove30bp_gc_rl.tsv.gz
98,38389,CDM020.A0101_10M.remove30bp_gc_rl.tsv.gz
99,37864,CDM020.A0101_10M.remove30bp_gc_rl.tsv.gz
100,36161,CDM020.A0101_10M.remove30bp_gc_rl.tsv.gz
101,34865,CDM020.A0101_10M.remove30bp_gc_rl.tsv.gz
102,34166,CDM020.A0101_10M.remove30bp_gc_rl.tsv.gz
103,32772,CDM020.A0101_10M.remove30bp_gc_rl.tsv.gz
104,31829,CDM020.A0101_10M.remove30bp_gc_rl.tsv.gz
105,30992,CDM020.A0101_10M.remove30bp_gc_rl.tsv.gz
106,30012,CDM020.A0101_10M.remove30bp_gc_rl.tsv.gz
107,28752,CDM020.A0101_10M.remove30bp_gc_rl.tsv.gz
108,28378,CDM020.A0101_10M.remove30bp_gc_rl.tsv.gz
109,27492,CDM020.A0101_10M.remove30bp_gc_rl.tsv.gz
110,26415,CDM020.A0101_10M.remove30bp_gc_rl.tsv.gz
111,25769,CDM020.A0101_10M.remove30bp_gc_rl.tsv.gz
112,24474,CDM020.A0101_10M.remove30bp_gc_rl.tsv.gz
113,23764,CDM020.A0101_10M.remove30bp_gc_rl.tsv.gz
114,23334,CDM020.A0101_10M.remove30bp_gc_rl.tsv.gz
115,22784,CDM020.A0101_10M.remove30bp_gc_rl.tsv.gz
116,21757,CDM020.A0101_10M.remove30bp_gc_rl.tsv.gz
117,21370,CDM020.A0101_10M.remove30bp_gc_rl.tsv.gz
118,20426,CDM020.A0101_10M.remove30bp_gc_rl.tsv.gz
119,19827,CDM020.A0101_10M.remove30bp_gc_rl.tsv.gz
120,19601,CDM020.A0101_10M.remove30bp_gc_rl.tsv.gz
121,18912,CDM020.A0101_10M.remove30bp_gc_rl.tsv.gz
122,18214,CDM020.A0101_10M.remove30bp_gc_rl.tsv.gz
123,17881,CDM020.A0101_10M.remove30bp_gc_rl.tsv.gz
124,17135,CDM020.A0101_10M.remove30bp_gc_rl.tsv.gz
125,16728,CDM020.A0101_10M.remove30bp_gc_rl.tsv.gz
126,16153,CDM020.A0101_10M.remove30bp_gc_rl.tsv.gz
127,15605,CDM020.A0101_10M.remove30bp_gc_rl.tsv.gz
128,15273,CDM020.A0101_10M.remove30bp_gc_rl.tsv.gz
129,14945,CDM020.A0101_10M.remove30bp_gc_rl.tsv.gz
130,14671,CDM020.A0101_10M.remove30bp_gc_rl.tsv.gz
131,14133,CDM020.A0101_10M.remove30bp_gc_rl.tsv.gz
132,13618,CDM020.A0101_10M.remove30bp_gc_rl.tsv.gz
133,13495,CDM020.A0101_10M.remove30bp_gc_rl.tsv.gz
134,12944,CDM020.A0101_10M.remove30bp_gc_rl.tsv.gz
135,12776,CDM020.A0101_10M.remove30bp_gc_rl.tsv.gz
136,12522,CDM020.A0101_10M.remove30bp_gc_rl.tsv.gz
137,12390,CDM020.A0101_10M.remove30bp_gc_rl.tsv.gz
138,11701,CDM020.A0101_10M.remove30bp_gc_rl.tsv.gz
139,11947,CDM020.A0101_10M.remove30bp_gc_rl.tsv.gz
140,11997,CDM020.A0101_10M.remove30bp_gc_rl.tsv.gz
141,10153,CDM020.A0101_10M.remove30bp_gc_rl.tsv.gz
30,203745,CDM020.A0102.SG1.4_10M.remove30bp_gc_rl.tsv.gz
31,212556,CDM020.A0102.SG1.4_10M.remove30bp_gc_rl.tsv.gz
32,217793,CDM020.A0102.SG1.4_10M.remove30bp_gc_rl.tsv.gz
33,216671,CDM020.A0102.SG1.4_10M.remove30bp_gc_rl.tsv.gz
34,222833,CDM020.A0102.SG1.4_10M.remove30bp_gc_rl.tsv.gz
35,227998,CDM020.A0102.SG1.4_10M.remove30bp_gc_rl.tsv.gz
36,225051,CDM020.A0102.SG1.4_10M.remove30bp_gc_rl.tsv.gz
37,224898,CDM020.A0102.SG1.4_10M.remove30bp_gc_rl.tsv.gz
38,224303,CDM020.A0102.SG1.4_10M.remove30bp_gc_rl.tsv.gz
39,218180,CDM020.A0102.SG1.4_10M.remove30bp_gc_rl.tsv.gz
40,218377,CDM020.A0102.SG1.4_10M.remove30bp_gc_rl.tsv.gz
41,216047,CDM020.A0102.SG1.4_10M.remove30bp_gc_rl.tsv.gz
42,207546,CDM020.A0102.SG1.4_10M.remove30bp_gc_rl.tsv.gz
43,203016,CDM020.A0102.SG1.4_10M.remove30bp_gc_rl.tsv.gz
44,200386,CDM020.A0102.SG1.4_10M.remove30bp_gc_rl.tsv.gz
45,191795,CDM020.A0102.SG1.4_10M.remove30bp_gc_rl.tsv.gz
46,188529,CDM020.A0102.SG1.4_10M.remove30bp_gc_rl.tsv.gz
47,183571,CDM020.A0102.SG1.4_10M.remove30bp_gc_rl.tsv.gz
48,175420,CDM020.A0102.SG1.4_10M.remove30bp_gc_rl.tsv.gz
49,169381,CDM020.A0102.SG1.4_10M.remove30bp_gc_rl.tsv.gz
50,164790,CDM020.A0102.SG1.4_10M.remove30bp_gc_rl.tsv.gz
51,157251,CDM020.A0102.SG1.4_10M.remove30bp_gc_rl.tsv.gz
52,151480,CDM020.A0102.SG1.4_10M.remove30bp_gc_rl.tsv.gz
53,146370,CDM020.A0102.SG1.4_10M.remove30bp_gc_rl.tsv.gz
54,138195,CDM020.A0102.SG1.4_10M.remove30bp_gc_rl.tsv.gz
55,134628,CDM020.A0102.SG1.4_10M.remove30bp_gc_rl.tsv.gz
56,130249,CDM020.A0102.SG1.4_10M.remove30bp_gc_rl.tsv.gz
57,123324,CDM020.A0102.SG1.4_10M.remove30bp_gc_rl.tsv.gz
58,118710,CDM020.A0102.SG1.4_10M.remove30bp_gc_rl.tsv.gz
59,114696,CDM020.A0102.SG1.4_10M.remove30bp_gc_rl.tsv.gz
60,108309,CDM020.A0102.SG1.4_10M.remove30bp_gc_rl.tsv.gz
61,104146,CDM020.A0102.SG1.4_10M.remove30bp_gc_rl.tsv.gz
62,100541,CDM020.A0102.SG1.4_10M.remove30bp_gc_rl.tsv.gz
63,94527,CDM020.A0102.SG1.4_10M.remove30bp_gc_rl.tsv.gz
64,91103,CDM020.A0102.SG1.4_10M.remove30bp_gc_rl.tsv.gz
65,87985,CDM020.A0102.SG1.4_10M.remove30bp_gc_rl.tsv.gz
66,82895,CDM020.A0102.SG1.4_10M.remove30bp_gc_rl.tsv.gz
67,80199,CDM020.A0102.SG1.4_10M.remove30bp_gc_rl.tsv.gz
68,77861,CDM020.A0102.SG1.4_10M.remove30bp_gc_rl.tsv.gz
69,73197,CDM020.A0102.SG1.4_10M.remove30bp_gc_rl.tsv.gz
70,71481,CDM020.A0102.SG1.4_10M.remove30bp_gc_rl.tsv.gz
71,69538,CDM020.A0102.SG1.4_10M.remove30bp_gc_rl.tsv.gz
72,67802,CDM020.A0102.SG1.4_10M.remove30bp_gc_rl.tsv.gz
73,68339,CDM020.A0102.SG1.4_10M.remove30bp_gc_rl.tsv.gz
74,72540,CDM020.A0102.SG1.4_10M.remove30bp_gc_rl.tsv.gz
75,100773,CDM020.A0102.SG1.4_10M.remove30bp_gc_rl.tsv.gz
76,395943,CDM020.A0102.SG1.4_10M.remove30bp_gc_rl.tsv.gz
77,50476,CDM020.A0102.SG1.4_10M.remove30bp_gc_rl.tsv.gz
78,47677,CDM020.A0102.SG1.4_10M.remove30bp_gc_rl.tsv.gz
79,46402,CDM020.A0102.SG1.4_10M.remove30bp_gc_rl.tsv.gz
80,44623,CDM020.A0102.SG1.4_10M.remove30bp_gc_rl.tsv.gz
81,41825,CDM020.A0102.SG1.4_10M.remove30bp_gc_rl.tsv.gz
82,40499,CDM020.A0102.SG1.4_10M.remove30bp_gc_rl.tsv.gz
83,39223,CDM020.A0102.SG1.4_10M.remove30bp_gc_rl.tsv.gz
84,36708,CDM020.A0102.SG1.4_10M.remove30bp_gc_rl.tsv.gz
85,35369,CDM020.A0102.SG1.4_10M.remove30bp_gc_rl.tsv.gz
86,34200,CDM020.A0102.SG1.4_10M.remove30bp_gc_rl.tsv.gz
87,32238,CDM020.A0102.SG1.4_10M.remove30bp_gc_rl.tsv.gz
88,30868,CDM020.A0102.SG1.4_10M.remove30bp_gc_rl.tsv.gz
89,29807,CDM020.A0102.SG1.4_10M.remove30bp_gc_rl.tsv.gz
90,27879,CDM020.A0102.SG1.4_10M.remove30bp_gc_rl.tsv.gz
91,27181,CDM020.A0102.SG1.4_10M.remove30bp_gc_rl.tsv.gz
92,26306,CDM020.A0102.SG1.4_10M.remove30bp_gc_rl.tsv.gz
93,24529,CDM020.A0102.SG1.4_10M.remove30bp_gc_rl.tsv.gz
94,24124,CDM020.A0102.SG1.4_10M.remove30bp_gc_rl.tsv.gz
95,23072,CDM020.A0102.SG1.4_10M.remove30bp_gc_rl.tsv.gz
96,21658,CDM020.A0102.SG1.4_10M.remove30bp_gc_rl.tsv.gz
97,21004,CDM020.A0102.SG1.4_10M.remove30bp_gc_rl.tsv.gz
98,20644,CDM020.A0102.SG1.4_10M.remove30bp_gc_rl.tsv.gz
99,19262,CDM020.A0102.SG1.4_10M.remove30bp_gc_rl.tsv.gz
100,18570,CDM020.A0102.SG1.4_10M.remove30bp_gc_rl.tsv.gz
101,17932,CDM020.A0102.SG1.4_10M.remove30bp_gc_rl.tsv.gz
102,17074,CDM020.A0102.SG1.4_10M.remove30bp_gc_rl.tsv.gz
103,16364,CDM020.A0102.SG1.4_10M.remove30bp_gc_rl.tsv.gz
104,15986,CDM020.A0102.SG1.4_10M.remove30bp_gc_rl.tsv.gz
105,14810,CDM020.A0102.SG1.4_10M.remove30bp_gc_rl.tsv.gz
106,14818,CDM020.A0102.SG1.4_10M.remove30bp_gc_rl.tsv.gz
107,14143,CDM020.A0102.SG1.4_10M.remove30bp_gc_rl.tsv.gz
108,13335,CDM020.A0102.SG1.4_10M.remove30bp_gc_rl.tsv.gz
109,12951,CDM020.A0102.SG1.4_10M.remove30bp_gc_rl.tsv.gz
110,12347,CDM020.A0102.SG1.4_10M.remove30bp_gc_rl.tsv.gz
111,11954,CDM020.A0102.SG1.4_10M.remove30bp_gc_rl.tsv.gz
112,11519,CDM020.A0102.SG1.4_10M.remove30bp_gc_rl.tsv.gz
113,11181,CDM020.A0102.SG1.4_10M.remove30bp_gc_rl.tsv.gz
114,10633,CDM020.A0102.SG1.4_10M.remove30bp_gc_rl.tsv.gz
115,10234,CDM020.A0102.SG1.4_10M.remove30bp_gc_rl.tsv.gz
116,10037,CDM020.A0102.SG1.4_10M.remove30bp_gc_rl.tsv.gz
117,9301,CDM020.A0102.SG1.4_10M.remove30bp_gc_rl.tsv.gz
118,9109,CDM020.A0102.SG1.4_10M.remove30bp_gc_rl.tsv.gz
119,8928,CDM020.A0102.SG1.4_10M.remove30bp_gc_rl.tsv.gz
120,8498,CDM020.A0102.SG1.4_10M.remove30bp_gc_rl.tsv.gz
121,8293,CDM020.A0102.SG1.4_10M.remove30bp_gc_rl.tsv.gz
122,8033,CDM020.A0102.SG1.4_10M.remove30bp_gc_rl.tsv.gz
123,7482,CDM020.A0102.SG1.4_10M.remove30bp_gc_rl.tsv.gz
124,7311,CDM020.A0102.SG1.4_10M.remove30bp_gc_rl.tsv.gz
125,7418,CDM020.A0102.SG1.4_10M.remove30bp_gc_rl.tsv.gz
126,6944,CDM020.A0102.SG1.4_10M.remove30bp_gc_rl.tsv.gz
127,6698,CDM020.A0102.SG1.4_10M.remove30bp_gc_rl.tsv.gz
128,6622,CDM020.A0102.SG1.4_10M.remove30bp_gc_rl.tsv.gz
129,6321,CDM020.A0102.SG1.4_10M.remove30bp_gc_rl.tsv.gz
130,6192,CDM020.A0102.SG1.4_10M.remove30bp_gc_rl.tsv.gz
131,5901,CDM020.A0102.SG1.4_10M.remove30bp_gc_rl.tsv.gz
132,5578,CDM020.A0102.SG1.4_10M.remove30bp_gc_rl.tsv.gz
133,5406,CDM020.A0102.SG1.4_10M.remove30bp_gc_rl.tsv.gz
134,5365,CDM020.A0102.SG1.4_10M.remove30bp_gc_rl.tsv.gz
135,5096,CDM020.A0102.SG1.4_10M.remove30bp_gc_rl.tsv.gz
136,5083,CDM020.A0102.SG1.4_10M.remove30bp_gc_rl.tsv.gz
137,5116,CDM020.A0102.SG1.4_10M.remove30bp_gc_rl.tsv.gz
138,4625,CDM020.A0102.SG1.4_10M.remove30bp_gc_rl.tsv.gz
139,4800,CDM020.A0102.SG1.4_10M.remove30bp_gc_rl.tsv.gz
140,5094,CDM020.A0102.SG1.4_10M.remove30bp_gc_rl.tsv.gz
141,4543,CDM020.A0102.SG1.4_10M.remove30bp_gc_rl.tsv.gz
30,137948,FUM001.A0101_10M.remove30bp_gc_rl.tsv.gz
31,151629,FUM001.A0101_10M.remove30bp_gc_rl.tsv.gz
32,159751,FUM001.A0101_10M.remove30bp_gc_rl.tsv.gz
33,169301,FUM001.A0101_10M.remove30bp_gc_rl.tsv.gz
34,178717,FUM001.A0101_10M.remove30bp_gc_rl.tsv.gz
35,180457,FUM001.A0101_10M.remove30bp_gc_rl.tsv.gz
36,187836,FUM001.A0101_10M.remove30bp_gc_rl.tsv.gz
37,195340,FUM001.A0101_10M.remove30bp_gc_rl.tsv.gz
38,195320,FUM001.A0101_10M.remove30bp_gc_rl.tsv.gz
39,194577,FUM001.A0101_10M.remove30bp_gc_rl.tsv.gz
40,186447,FUM001.A0101_10M.remove30bp_gc_rl.tsv.gz
41,179877,FUM001.A0101_10M.remove30bp_gc_rl.tsv.gz
42,178869,FUM001.A0101_10M.remove30bp_gc_rl.tsv.gz
43,177104,FUM001.A0101_10M.remove30bp_gc_rl.tsv.gz
44,172376,FUM001.A0101_10M.remove30bp_gc_rl.tsv.gz
45,172671,FUM001.A0101_10M.remove30bp_gc_rl.tsv.gz
46,170781,FUM001.A0101_10M.remove30bp_gc_rl.tsv.gz
47,168363,FUM001.A0101_10M.remove30bp_gc_rl.tsv.gz
48,172523,FUM001.A0101_10M.remove30bp_gc_rl.tsv.gz
49,168743,FUM001.A0101_10M.remove30bp_gc_rl.tsv.gz
50,154085,FUM001.A0101_10M.remove30bp_gc_rl.tsv.gz
51,147980,FUM001.A0101_10M.remove30bp_gc_rl.tsv.gz
52,140912,FUM001.A0101_10M.remove30bp_gc_rl.tsv.gz
53,134868,FUM001.A0101_10M.remove30bp_gc_rl.tsv.gz
54,131814,FUM001.A0101_10M.remove30bp_gc_rl.tsv.gz
55,130635,FUM001.A0101_10M.remove30bp_gc_rl.tsv.gz
56,124784,FUM001.A0101_10M.remove30bp_gc_rl.tsv.gz
57,124687,FUM001.A0101_10M.remove30bp_gc_rl.tsv.gz
58,124407,FUM001.A0101_10M.remove30bp_gc_rl.tsv.gz
59,121251,FUM001.A0101_10M.remove30bp_gc_rl.tsv.gz
60,114032,FUM001.A0101_10M.remove30bp_gc_rl.tsv.gz
61,106718,FUM001.A0101_10M.remove30bp_gc_rl.tsv.gz
62,100399,FUM001.A0101_10M.remove30bp_gc_rl.tsv.gz
63,99475,FUM001.A0101_10M.remove30bp_gc_rl.tsv.gz
64,95335,FUM001.A0101_10M.remove30bp_gc_rl.tsv.gz
65,90371,FUM001.A0101_10M.remove30bp_gc_rl.tsv.gz
66,88836,FUM001.A0101_10M.remove30bp_gc_rl.tsv.gz
67,89187,FUM001.A0101_10M.remove30bp_gc_rl.tsv.gz
68,87728,FUM001.A0101_10M.remove30bp_gc_rl.tsv.gz
69,90949,FUM001.A0101_10M.remove30bp_gc_rl.tsv.gz
70,86062,FUM001.A0101_10M.remove30bp_gc_rl.tsv.gz
71,78401,FUM001.A0101_10M.remove30bp_gc_rl.tsv.gz
72,76221,FUM001.A0101_10M.remove30bp_gc_rl.tsv.gz
73,80578,FUM001.A0101_10M.remove30bp_gc_rl.tsv.gz
74,99758,FUM001.A0101_10M.remove30bp_gc_rl.tsv.gz
75,223133,FUM001.A0101_10M.remove30bp_gc_rl.tsv.gz
76,849786,FUM001.A0101_10M.remove30bp_gc_rl.tsv.gz
77,61460,FUM001.A0101_10M.remove30bp_gc_rl.tsv.gz
78,62786,FUM001.A0101_10M.remove30bp_gc_rl.tsv.gz
79,63938,FUM001.A0101_10M.remove30bp_gc_rl.tsv.gz
80,59952,FUM001.A0101_10M.remove30bp_gc_rl.tsv.gz
81,54965,FUM001.A0101_10M.remove30bp_gc_rl.tsv.gz
82,50757,FUM001.A0101_10M.remove30bp_gc_rl.tsv.gz
83,48084,FUM001.A0101_10M.remove30bp_gc_rl.tsv.gz
84,46580,FUM001.A0101_10M.remove30bp_gc_rl.tsv.gz
85,45984,FUM001.A0101_10M.remove30bp_gc_rl.tsv.gz
86,43423,FUM001.A0101_10M.remove30bp_gc_rl.tsv.gz
87,42679,FUM001.A0101_10M.remove30bp_gc_rl.tsv.gz
88,42684,FUM001.A0101_10M.remove30bp_gc_rl.tsv.gz
89,42636,FUM001.A0101_10M.remove30bp_gc_rl.tsv.gz
90,42728,FUM001.A0101_10M.remove30bp_gc_rl.tsv.gz
91,39532,FUM001.A0101_10M.remove30bp_gc_rl.tsv.gz
92,37218,FUM001.A0101_10M.remove30bp_gc_rl.tsv.gz
93,35236,FUM001.A0101_10M.remove30bp_gc_rl.tsv.gz
94,34759,FUM001.A0101_10M.remove30bp_gc_rl.tsv.gz
95,32995,FUM001.A0101_10M.remove30bp_gc_rl.tsv.gz
96,33363,FUM001.A0101_10M.remove30bp_gc_rl.tsv.gz
97,31219,FUM001.A0101_10M.remove30bp_gc_rl.tsv.gz
98,31530,FUM001.A0101_10M.remove30bp_gc_rl.tsv.gz
99,32175,FUM001.A0101_10M.remove30bp_gc_rl.tsv.gz
100,31260,FUM001.A0101_10M.remove30bp_gc_rl.tsv.gz
101,29293,FUM001.A0101_10M.remove30bp_gc_rl.tsv.gz
102,28739,FUM001.A0101_10M.remove30bp_gc_rl.tsv.gz
103,26965,FUM001.A0101_10M.remove30bp_gc_rl.tsv.gz
104,26118,FUM001.A0101_10M.remove30bp_gc_rl.tsv.gz
105,24945,FUM001.A0101_10M.remove30bp_gc_rl.tsv.gz
106,24799,FUM001.A0101_10M.remove30bp_gc_rl.tsv.gz
107,24392,FUM001.A0101_10M.remove30bp_gc_rl.tsv.gz
108,24203,FUM001.A0101_10M.remove30bp_gc_rl.tsv.gz
109,23937,FUM001.A0101_10M.remove30bp_gc_rl.tsv.gz
110,24182,FUM001.A0101_10M.remove30bp_gc_rl.tsv.gz
111,23106,FUM001.A0101_10M.remove30bp_gc_rl.tsv.gz
112,22296,FUM001.A0101_10M.remove30bp_gc_rl.tsv.gz
113,21032,FUM001.A0101_10M.remove30bp_gc_rl.tsv.gz
114,20225,FUM001.A0101_10M.remove30bp_gc_rl.tsv.gz
115,20188,FUM001.A0101_10M.remove30bp_gc_rl.tsv.gz
116,19608,FUM001.A0101_10M.remove30bp_gc_rl.tsv.gz
117,19032,FUM001.A0101_10M.remove30bp_gc_rl.tsv.gz
118,18521,FUM001.A0101_10M.remove30bp_gc_rl.tsv.gz
119,18207,FUM001.A0101_10M.remove30bp_gc_rl.tsv.gz
120,18421,FUM001.A0101_10M.remove30bp_gc_rl.tsv.gz
121,18085,FUM001.A0101_10M.remove30bp_gc_rl.tsv.gz
122,17633,FUM001.A0101_10M.remove30bp_gc_rl.tsv.gz
123,16653,FUM001.A0101_10M.remove30bp_gc_rl.tsv.gz
124,15936,FUM001.A0101_10M.remove30bp_gc_rl.tsv.gz
125,15638,FUM001.A0101_10M.remove30bp_gc_rl.tsv.gz
126,15573,FUM001.A0101_10M.remove30bp_gc_rl.tsv.gz
127,15222,FUM001.A0101_10M.remove30bp_gc_rl.tsv.gz
128,14734,FUM001.A0101_10M.remove30bp_gc_rl.tsv.gz
129,13866,FUM001.A0101_10M.remove30bp_gc_rl.tsv.gz
130,14048,FUM001.A0101_10M.remove30bp_gc_rl.tsv.gz
131,13990,FUM001.A0101_10M.remove30bp_gc_rl.tsv.gz
132,13294,FUM001.A0101_10M.remove30bp_gc_rl.tsv.gz
133,13077,FUM001.A0101_10M.remove30bp_gc_rl.tsv.gz
134,13210,FUM001.A0101_10M.remove30bp_gc_rl.tsv.gz
135,12625,FUM001.A0101_10M.remove30bp_gc_rl.tsv.gz
136,12529,FUM001.A0101_10M.remove30bp_gc_rl.tsv.gz
137,12931,FUM001.A0101_10M.remove30bp_gc_rl.tsv.gz
138,12140,FUM001.A0101_10M.remove30bp_gc_rl.tsv.gz
139,12539,FUM001.A0101_10M.remove30bp_gc_rl.tsv.gz
140,13133,FUM001.A0101_10M.remove30bp_gc_rl.tsv.gz
141,11221,FUM001.A0101_10M.remove30bp_gc_rl.tsv.gz
30,62757,FUM001.A0102.SG1.4_10M.remove30bp_gc_rl.tsv.gz
31,61228,FUM001.A0102.SG1.4_10M.remove30bp_gc_rl.tsv.gz
32,61136,FUM001.A0102.SG1.4_10M.remove30bp_gc_rl.tsv.gz
33,57264,FUM001.A0102.SG1.4_10M.remove30bp_gc_rl.tsv.gz
34,59243,FUM001.A0102.SG1.4_10M.remove30bp_gc_rl.tsv.gz
35,56076,FUM001.A0102.SG1.4_10M.remove30bp_gc_rl.tsv.gz
36,52540,FUM001.A0102.SG1.4_10M.remove30bp_gc_rl.tsv.gz
37,53521,FUM001.A0102.SG1.4_10M.remove30bp_gc_rl.tsv.gz
38,54191,FUM001.A0102.SG1.4_10M.remove30bp_gc_rl.tsv.gz
39,55206,FUM001.A0102.SG1.4_10M.remove30bp_gc_rl.tsv.gz
40,86416,FUM001.A0102.SG1.4_10M.remove30bp_gc_rl.tsv.gz
41,44476,FUM001.A0102.SG1.4_10M.remove30bp_gc_rl.tsv.gz
42,40678,FUM001.A0102.SG1.4_10M.remove30bp_gc_rl.tsv.gz
43,39434,FUM001.A0102.SG1.4_10M.remove30bp_gc_rl.tsv.gz
44,37586,FUM001.A0102.SG1.4_10M.remove30bp_gc_rl.tsv.gz
45,35746,FUM001.A0102.SG1.4_10M.remove30bp_gc_rl.tsv.gz
46,35098,FUM001.A0102.SG1.4_10M.remove30bp_gc_rl.tsv.gz
47,33462,FUM001.A0102.SG1.4_10M.remove30bp_gc_rl.tsv.gz
48,31850,FUM001.A0102.SG1.4_10M.remove30bp_gc_rl.tsv.gz
49,31243,FUM001.A0102.SG1.4_10M.remove30bp_gc_rl.tsv.gz
50,30360,FUM001.A0102.SG1.4_10M.remove30bp_gc_rl.tsv.gz
51,28649,FUM001.A0102.SG1.4_10M.remove30bp_gc_rl.tsv.gz
52,27738,FUM001.A0102.SG1.4_10M.remove30bp_gc_rl.tsv.gz
53,26329,FUM001.A0102.SG1.4_10M.remove30bp_gc_rl.tsv.gz
54,24650,FUM001.A0102.SG1.4_10M.remove30bp_gc_rl.tsv.gz
55,23748,FUM001.A0102.SG1.4_10M.remove30bp_gc_rl.tsv.gz
56,23398,FUM001.A0102.SG1.4_10M.remove30bp_gc_rl.tsv.gz
57,22221,FUM001.A0102.SG1.4_10M.remove30bp_gc_rl.tsv.gz
58,21699,FUM001.A0102.SG1.4_10M.remove30bp_gc_rl.tsv.gz
59,20809,FUM001.A0102.SG1.4_10M.remove30bp_gc_rl.tsv.gz
60,20397,FUM001.A0102.SG1.4_10M.remove30bp_gc_rl.tsv.gz
61,19629,FUM001.A0102.SG1.4_10M.remove30bp_gc_rl.tsv.gz
62,19020,FUM001.A0102.SG1.4_10M.remove30bp_gc_rl.tsv.gz
63,17930,FUM001.A0102.SG1.4_10M.remove30bp_gc_rl.tsv.gz
64,17150,FUM001.A0102.SG1.4_10M.remove30bp_gc_rl.tsv.gz
65,17189,FUM001.A0102.SG1.4_10M.remove30bp_gc_rl.tsv.gz
66,17919,FUM001.A0102.SG1.4_10M.remove30bp_gc_rl.tsv.gz
67,20377,FUM001.A0102.SG1.4_10M.remove30bp_gc_rl.tsv.gz
68,14009,FUM001.A0102.SG1.4_10M.remove30bp_gc_rl.tsv.gz
69,13783,FUM001.A0102.SG1.4_10M.remove30bp_gc_rl.tsv.gz
70,14030,FUM001.A0102.SG1.4_10M.remove30bp_gc_rl.tsv.gz
71,13578,FUM001.A0102.SG1.4_10M.remove30bp_gc_rl.tsv.gz
72,13758,FUM001.A0102.SG1.4_10M.remove30bp_gc_rl.tsv.gz
73,15042,FUM001.A0102.SG1.4_10M.remove30bp_gc_rl.tsv.gz
74,16857,FUM001.A0102.SG1.4_10M.remove30bp_gc_rl.tsv.gz
75,28175,FUM001.A0102.SG1.4_10M.remove30bp_gc_rl.tsv.gz
76,138504,FUM001.A0102.SG1.4_10M.remove30bp_gc_rl.tsv.gz
77,9365,FUM001.A0102.SG1.4_10M.remove30bp_gc_rl.tsv.gz
78,8903,FUM001.A0102.SG1.4_10M.remove30bp_gc_rl.tsv.gz
79,8655,FUM001.A0102.SG1.4_10M.remove30bp_gc_rl.tsv.gz
80,8433,FUM001.A0102.SG1.4_10M.remove30bp_gc_rl.tsv.gz
81,8047,FUM001.A0102.SG1.4_10M.remove30bp_gc_rl.tsv.gz
82,7835,FUM001.A0102.SG1.4_10M.remove30bp_gc_rl.tsv.gz
83,7616,FUM001.A0102.SG1.4_10M.remove30bp_gc_rl.tsv.gz
84,7158,FUM001.A0102.SG1.4_10M.remove30bp_gc_rl.tsv.gz
85,6639,FUM001.A0102.SG1.4_10M.remove30bp_gc_rl.tsv.gz
86,6434,FUM001.A0102.SG1.4_10M.remove30bp_gc_rl.tsv.gz
87,6163,FUM001.A0102.SG1.4_10M.remove30bp_gc_rl.tsv.gz
88,6044,FUM001.A0102.SG1.4_10M.remove30bp_gc_rl.tsv.gz
89,5711,FUM001.A0102.SG1.4_10M.remove30bp_gc_rl.tsv.gz
90,5524,FUM001.A0102.SG1.4_10M.remove30bp_gc_rl.tsv.gz
91,5344,FUM001.A0102.SG1.4_10M.remove30bp_gc_rl.tsv.gz
92,5194,FUM001.A0102.SG1.4_10M.remove30bp_gc_rl.tsv.gz
93,5111,FUM001.A0102.SG1.4_10M.remove30bp_gc_rl.tsv.gz
94,4910,FUM001.A0102.SG1.4_10M.remove30bp_gc_rl.tsv.gz
95,4733,FUM001.A0102.SG1.4_10M.remove30bp_gc_rl.tsv.gz
96,4394,FUM001.A0102.SG1.4_10M.remove30bp_gc_rl.tsv.gz
97,4348,FUM001.A0102.SG1.4_10M.remove30bp_gc_rl.tsv.gz
98,4190,FUM001.A0102.SG1.4_10M.remove30bp_gc_rl.tsv.gz
99,3994,FUM001.A0102.SG1.4_10M.remove30bp_gc_rl.tsv.gz
100,4039,FUM001.A0102.SG1.4_10M.remove30bp_gc_rl.tsv.gz
101,3797,FUM001.A0102.SG1.4_10M.remove30bp_gc_rl.tsv.gz
102,3699,FUM001.A0102.SG1.4_10M.remove30bp_gc_rl.tsv.gz
103,3676,FUM001.A0102.SG1.4_10M.remove30bp_gc_rl.tsv.gz
104,3434,FUM001.A0102.SG1.4_10M.remove30bp_gc_rl.tsv.gz
105,3310,FUM001.A0102.SG1.4_10M.remove30bp_gc_rl.tsv.gz
106,3226,FUM001.A0102.SG1.4_10M.remove30bp_gc_rl.tsv.gz
107,3093,FUM001.A0102.SG1.4_10M.remove30bp_gc_rl.tsv.gz
108,3078,FUM001.A0102.SG1.4_10M.remove30bp_gc_rl.tsv.gz
109,2966,FUM001.A0102.SG1.4_10M.remove30bp_gc_rl.tsv.gz
110,2857,FUM001.A0102.SG1.4_10M.remove30bp_gc_rl.tsv.gz
111,2777,FUM001.A0102.SG1.4_10M.remove30bp_gc_rl.tsv.gz
112,2753,FUM001.A0102.SG1.4_10M.remove30bp_gc_rl.tsv.gz
113,2637,FUM001.A0102.SG1.4_10M.remove30bp_gc_rl.tsv.gz
114,2569,FUM001.A0102.SG1.4_10M.remove30bp_gc_rl.tsv.gz
115,2432,FUM001.A0102.SG1.4_10M.remove30bp_gc_rl.tsv.gz
116,2357,FUM001.A0102.SG1.4_10M.remove30bp_gc_rl.tsv.gz
117,2231,FUM001.A0102.SG1.4_10M.remove30bp_gc_rl.tsv.gz
118,2274,FUM001.A0102.SG1.4_10M.remove30bp_gc_rl.tsv.gz
119,2226,FUM001.A0102.SG1.4_10M.remove30bp_gc_rl.tsv.gz
120,2029,FUM001.A0102.SG1.4_10M.remove30bp_gc_rl.tsv.gz
121,1956,FUM001.A0102.SG1.4_10M.remove30bp_gc_rl.tsv.gz
122,1959,FUM001.A0102.SG1.4_10M.remove30bp_gc_rl.tsv.gz
123,1943,FUM001.A0102.SG1.4_10M.remove30bp_gc_rl.tsv.gz
124,1884,FUM001.A0102.SG1.4_10M.remove30bp_gc_rl.tsv.gz
125,1826,FUM001.A0102.SG1.4_10M.remove30bp_gc_rl.tsv.gz
126,1714,FUM001.A0102.SG1.4_10M.remove30bp_gc_rl.tsv.gz
127,1738,FUM001.A0102.SG1.4_10M.remove30bp_gc_rl.tsv.gz
128,1705,FUM001.A0102.SG1.4_10M.remove30bp_gc_rl.tsv.gz
129,1572,FUM001.A0102.SG1.4_10M.remove30bp_gc_rl.tsv.gz
130,1546,FUM001.A0102.SG1.4_10M.remove30bp_gc_rl.tsv.gz
131,1620,FUM001.A0102.SG1.4_10M.remove30bp_gc_rl.tsv.gz
132,1504,FUM001.A0102.SG1.4_10M.remove30bp_gc_rl.tsv.gz
133,1459,FUM001.A0102.SG1.4_10M.remove30bp_gc_rl.tsv.gz
134,1484,FUM001.A0102.SG1.4_10M.remove30bp_gc_rl.tsv.gz
135,1483,FUM001.A0102.SG1.4_10M.remove30bp_gc_rl.tsv.gz
136,1411,FUM001.A0102.SG1.4_10M.remove30bp_gc_rl.tsv.gz
137,1406,FUM001.A0102.SG1.4_10M.remove30bp_gc_rl.tsv.gz
138,1308,FUM001.A0102.SG1.4_10M.remove30bp_gc_rl.tsv.gz
139,1358,FUM001.A0102.SG1.4_10M.remove30bp_gc_rl.tsv.gz
140,1431,FUM001.A0102.SG1.4_10M.remove30bp_gc_rl.tsv.gz
141,1261,FUM001.A0102.SG1.4_10M.remove30bp_gc_rl.tsv.gz
30,255916,FUM002.A0101_10M.remove30bp_gc_rl.tsv.gz
31,273148,FUM002.A0101_10M.remove30bp_gc_rl.tsv.gz
32,278346,FUM002.A0101_10M.remove30bp_gc_rl.tsv.gz
33,297226,FUM002.A0101_10M.remove30bp_gc_rl.tsv.gz
34,300828,FUM002.A0101_10M.remove30bp_gc_rl.tsv.gz
35,289900,FUM002.A0101_10M.remove30bp_gc_rl.tsv.gz
36,295877,FUM002.A0101_10M.remove30bp_gc_rl.tsv.gz
37,290321,FUM002.A0101_10M.remove30bp_gc_rl.tsv.gz
38,276899,FUM002.A0101_10M.remove30bp_gc_rl.tsv.gz
39,277081,FUM002.A0101_10M.remove30bp_gc_rl.tsv.gz
40,268513,FUM002.A0101_10M.remove30bp_gc_rl.tsv.gz
41,252867,FUM002.A0101_10M.remove30bp_gc_rl.tsv.gz
42,252745,FUM002.A0101_10M.remove30bp_gc_rl.tsv.gz
43,244411,FUM002.A0101_10M.remove30bp_gc_rl.tsv.gz
44,228833,FUM002.A0101_10M.remove30bp_gc_rl.tsv.gz
45,224919,FUM002.A0101_10M.remove30bp_gc_rl.tsv.gz
46,215932,FUM002.A0101_10M.remove30bp_gc_rl.tsv.gz
47,199382,FUM002.A0101_10M.remove30bp_gc_rl.tsv.gz
48,197231,FUM002.A0101_10M.remove30bp_gc_rl.tsv.gz
49,188648,FUM002.A0101_10M.remove30bp_gc_rl.tsv.gz
50,174199,FUM002.A0101_10M.remove30bp_gc_rl.tsv.gz
51,171725,FUM002.A0101_10M.remove30bp_gc_rl.tsv.gz
52,163905,FUM002.A0101_10M.remove30bp_gc_rl.tsv.gz
53,150893,FUM002.A0101_10M.remove30bp_gc_rl.tsv.gz
54,148257,FUM002.A0101_10M.remove30bp_gc_rl.tsv.gz
55,141194,FUM002.A0101_10M.remove30bp_gc_rl.tsv.gz
56,129963,FUM002.A0101_10M.remove30bp_gc_rl.tsv.gz
57,127164,FUM002.A0101_10M.remove30bp_gc_rl.tsv.gz
58,120881,FUM002.A0101_10M.remove30bp_gc_rl.tsv.gz
59,111021,FUM002.A0101_10M.remove30bp_gc_rl.tsv.gz
60,108853,FUM002.A0101_10M.remove30bp_gc_rl.tsv.gz
61,102970,FUM002.A0101_10M.remove30bp_gc_rl.tsv.gz
62,95277,FUM002.A0101_10M.remove30bp_gc_rl.tsv.gz
63,92585,FUM002.A0101_10M.remove30bp_gc_rl.tsv.gz
64,88698,FUM002.A0101_10M.remove30bp_gc_rl.tsv.gz
65,81039,FUM002.A0101_10M.remove30bp_gc_rl.tsv.gz
66,79818,FUM002.A0101_10M.remove30bp_gc_rl.tsv.gz
67,75956,FUM002.A0101_10M.remove30bp_gc_rl.tsv.gz
68,69504,FUM002.A0101_10M.remove30bp_gc_rl.tsv.gz
69,68899,FUM002.A0101_10M.remove30bp_gc_rl.tsv.gz
70,65657,FUM002.A0101_10M.remove30bp_gc_rl.tsv.gz
71,59928,FUM002.A0101_10M.remove30bp_gc_rl.tsv.gz
72,59262,FUM002.A0101_10M.remove30bp_gc_rl.tsv.gz
73,57167,FUM002.A0101_10M.remove30bp_gc_rl.tsv.gz
74,54898,FUM002.A0101_10M.remove30bp_gc_rl.tsv.gz
75,67840,FUM002.A0101_10M.remove30bp_gc_rl.tsv.gz
76,141998,FUM002.A0101_10M.remove30bp_gc_rl.tsv.gz
77,43174,FUM002.A0101_10M.remove30bp_gc_rl.tsv.gz
78,42428,FUM002.A0101_10M.remove30bp_gc_rl.tsv.gz
79,40092,FUM002.A0101_10M.remove30bp_gc_rl.tsv.gz
80,36751,FUM002.A0101_10M.remove30bp_gc_rl.tsv.gz
81,35956,FUM002.A0101_10M.remove30bp_gc_rl.tsv.gz
82,33926,FUM002.A0101_10M.remove30bp_gc_rl.tsv.gz
83,31203,FUM002.A0101_10M.remove30bp_gc_rl.tsv.gz
84,30842,FUM002.A0101_10M.remove30bp_gc_rl.tsv.gz
85,28445,FUM002.A0101_10M.remove30bp_gc_rl.tsv.gz
86,26997,FUM002.A0101_10M.remove30bp_gc_rl.tsv.gz
87,26401,FUM002.A0101_10M.remove30bp_gc_rl.tsv.gz
88,25073,FUM002.A0101_10M.remove30bp_gc_rl.tsv.gz
89,23210,FUM002.A0101_10M.remove30bp_gc_rl.tsv.gz
90,22603,FUM002.A0101_10M.remove30bp_gc_rl.tsv.gz
91,21289,FUM002.A0101_10M.remove30bp_gc_rl.tsv.gz
92,19500,FUM002.A0101_10M.remove30bp_gc_rl.tsv.gz
93,19286,FUM002.A0101_10M.remove30bp_gc_rl.tsv.gz
94,18096,FUM002.A0101_10M.remove30bp_gc_rl.tsv.gz
95,16681,FUM002.A0101_10M.remove30bp_gc_rl.tsv.gz
96,16640,FUM002.A0101_10M.remove30bp_gc_rl.tsv.gz
97,15627,FUM002.A0101_10M.remove30bp_gc_rl.tsv.gz
98,14354,FUM002.A0101_10M.remove30bp_gc_rl.tsv.gz
99,14167,FUM002.A0101_10M.remove30bp_gc_rl.tsv.gz
100,13217,FUM002.A0101_10M.remove30bp_gc_rl.tsv.gz
101,12481,FUM002.A0101_10M.remove30bp_gc_rl.tsv.gz
102,12009,FUM002.A0101_10M.remove30bp_gc_rl.tsv.gz
103,11348,FUM002.A0101_10M.remove30bp_gc_rl.tsv.gz
104,10630,FUM002.A0101_10M.remove30bp_gc_rl.tsv.gz
105,10370,FUM002.A0101_10M.remove30bp_gc_rl.tsv.gz
106,9933,FUM002.A0101_10M.remove30bp_gc_rl.tsv.gz
107,9151,FUM002.A0101_10M.remove30bp_gc_rl.tsv.gz
108,9040,FUM002.A0101_10M.remove30bp_gc_rl.tsv.gz
109,8569,FUM002.A0101_10M.remove30bp_gc_rl.tsv.gz
110,7868,FUM002.A0101_10M.remove30bp_gc_rl.tsv.gz
111,7676,FUM002.A0101_10M.remove30bp_gc_rl.tsv.gz
112,7177,FUM002.A0101_10M.remove30bp_gc_rl.tsv.gz
113,6647,FUM002.A0101_10M.remove30bp_gc_rl.tsv.gz
114,6569,FUM002.A0101_10M.remove30bp_gc_rl.tsv.gz
115,6253,FUM002.A0101_10M.remove30bp_gc_rl.tsv.gz
116,5746,FUM002.A0101_10M.remove30bp_gc_rl.tsv.gz
117,5604,FUM002.A0101_10M.remove30bp_gc_rl.tsv.gz
118,5309,FUM002.A0101_10M.remove30bp_gc_rl.tsv.gz
119,4934,FUM002.A0101_10M.remove30bp_gc_rl.tsv.gz
120,4951,FUM002.A0101_10M.remove30bp_gc_rl.tsv.gz
121,4653,FUM002.A0101_10M.remove30bp_gc_rl.tsv.gz
122,4248,FUM002.A0101_10M.remove30bp_gc_rl.tsv.gz
123,4191,FUM002.A0101_10M.remove30bp_gc_rl.tsv.gz
124,3966,FUM002.A0101_10M.remove30bp_gc_rl.tsv.gz
125,3702,FUM002.A0101_10M.remove30bp_gc_rl.tsv.gz
126,3635,FUM002.A0101_10M.remove30bp_gc_rl.tsv.gz
127,3525,FUM002.A0101_10M.remove30bp_gc_rl.tsv.gz
128,3194,FUM002.A0101_10M.remove30bp_gc_rl.tsv.gz
129,3149,FUM002.A0101_10M.remove30bp_gc_rl.tsv.gz
130,3024,FUM002.A0101_10M.remove30bp_gc_rl.tsv.gz
131,2727,FUM002.A0101_10M.remove30bp_gc_rl.tsv.gz
132,2595,FUM002.A0101_10M.remove30bp_gc_rl.tsv.gz
133,2510,FUM002.A0101_10M.remove30bp_gc_rl.tsv.gz
134,2352,FUM002.A0101_10M.remove30bp_gc_rl.tsv.gz
135,2284,FUM002.A0101_10M.remove30bp_gc_rl.tsv.gz
136,2170,FUM002.A0101_10M.remove30bp_gc_rl.tsv.gz
137,2143,FUM002.A0101_10M.remove30bp_gc_rl.tsv.gz
138,2096,FUM002.A0101_10M.remove30bp_gc_rl.tsv.gz
139,2080,FUM002.A0101_10M.remove30bp_gc_rl.tsv.gz
140,1983,FUM002.A0101_10M.remove30bp_gc_rl.tsv.gz
141,1699,FUM002.A0101_10M.remove30bp_gc_rl.tsv.gz
30,285400,FUM002.A0102.SG1.5_10M.remove30bp_gc_rl.tsv.gz
31,285637,FUM002.A0102.SG1.5_10M.remove30bp_gc_rl.tsv.gz
32,284662,FUM002.A0102.SG1.5_10M.remove30bp_gc_rl.tsv.gz
33,265794,FUM002.A0102.SG1.5_10M.remove30bp_gc_rl.tsv.gz
34,265050,FUM002.A0102.SG1.5_10M.remove30bp_gc_rl.tsv.gz
35,260454,FUM002.A0102.SG1.5_10M.remove30bp_gc_rl.tsv.gz
36,239525,FUM002.A0102.SG1.5_10M.remove30bp_gc_rl.tsv.gz
37,231987,FUM002.A0102.SG1.5_10M.remove30bp_gc_rl.tsv.gz
38,223600,FUM002.A0102.SG1.5_10M.remove30bp_gc_rl.tsv.gz
39,202323,FUM002.A0102.SG1.5_10M.remove30bp_gc_rl.tsv.gz
40,199706,FUM002.A0102.SG1.5_10M.remove30bp_gc_rl.tsv.gz
41,188739,FUM002.A0102.SG1.5_10M.remove30bp_gc_rl.tsv.gz
42,170125,FUM002.A0102.SG1.5_10M.remove30bp_gc_rl.tsv.gz
43,164326,FUM002.A0102.SG1.5_10M.remove30bp_gc_rl.tsv.gz
44,158572,FUM002.A0102.SG1.5_10M.remove30bp_gc_rl.tsv.gz
45,143203,FUM002.A0102.SG1.5_10M.remove30bp_gc_rl.tsv.gz
46,138099,FUM002.A0102.SG1.5_10M.remove30bp_gc_rl.tsv.gz
47,131744,FUM002.A0102.SG1.5_10M.remove30bp_gc_rl.tsv.gz
48,118047,FUM002.A0102.SG1.5_10M.remove30bp_gc_rl.tsv.gz
49,112699,FUM002.A0102.SG1.5_10M.remove30bp_gc_rl.tsv.gz
50,106895,FUM002.A0102.SG1.5_10M.remove30bp_gc_rl.tsv.gz
51,96087,FUM002.A0102.SG1.5_10M.remove30bp_gc_rl.tsv.gz
52,92261,FUM002.A0102.SG1.5_10M.remove30bp_gc_rl.tsv.gz
53,87643,FUM002.A0102.SG1.5_10M.remove30bp_gc_rl.tsv.gz
54,78930,FUM002.A0102.SG1.5_10M.remove30bp_gc_rl.tsv.gz
55,75913,FUM002.A0102.SG1.5_10M.remove30bp_gc_rl.tsv.gz
56,72510,FUM002.A0102.SG1.5_10M.remove30bp_gc_rl.tsv.gz
57,64696,FUM002.A0102.SG1.5_10M.remove30bp_gc_rl.tsv.gz
58,61642,FUM002.A0102.SG1.5_10M.remove30bp_gc_rl.tsv.gz
59,58559,FUM002.A0102.SG1.5_10M.remove30bp_gc_rl.tsv.gz
60,52802,FUM002.A0102.SG1.5_10M.remove30bp_gc_rl.tsv.gz
61,50333,FUM002.A0102.SG1.5_10M.remove30bp_gc_rl.tsv.gz
62,47719,FUM002.A0102.SG1.5_10M.remove30bp_gc_rl.tsv.gz
63,42976,FUM002.A0102.SG1.5_10M.remove30bp_gc_rl.tsv.gz
64,40996,FUM002.A0102.SG1.5_10M.remove30bp_gc_rl.tsv.gz
65,39313,FUM002.A0102.SG1.5_10M.remove30bp_gc_rl.tsv.gz
66,35410,FUM002.A0102.SG1.5_10M.remove30bp_gc_rl.tsv.gz
67,34505,FUM002.A0102.SG1.5_10M.remove30bp_gc_rl.tsv.gz
68,31972,FUM002.A0102.SG1.5_10M.remove30bp_gc_rl.tsv.gz
69,29364,FUM002.A0102.SG1.5_10M.remove30bp_gc_rl.tsv.gz
70,28327,FUM002.A0102.SG1.5_10M.remove30bp_gc_rl.tsv.gz
71,26915,FUM002.A0102.SG1.5_10M.remove30bp_gc_rl.tsv.gz
72,25183,FUM002.A0102.SG1.5_10M.remove30bp_gc_rl.tsv.gz
73,25506,FUM002.A0102.SG1.5_10M.remove30bp_gc_rl.tsv.gz
74,26553,FUM002.A0102.SG1.5_10M.remove30bp_gc_rl.tsv.gz
75,31044,FUM002.A0102.SG1.5_10M.remove30bp_gc_rl.tsv.gz
76,68465,FUM002.A0102.SG1.5_10M.remove30bp_gc_rl.tsv.gz
77,17349,FUM002.A0102.SG1.5_10M.remove30bp_gc_rl.tsv.gz
78,15714,FUM002.A0102.SG1.5_10M.remove30bp_gc_rl.tsv.gz
79,15144,FUM002.A0102.SG1.5_10M.remove30bp_gc_rl.tsv.gz
80,14306,FUM002.A0102.SG1.5_10M.remove30bp_gc_rl.tsv.gz
81,13182,FUM002.A0102.SG1.5_10M.remove30bp_gc_rl.tsv.gz
82,12586,FUM002.A0102.SG1.5_10M.remove30bp_gc_rl.tsv.gz
83,11920,FUM002.A0102.SG1.5_10M.remove30bp_gc_rl.tsv.gz
84,10744,FUM002.A0102.SG1.5_10M.remove30bp_gc_rl.tsv.gz
85,10353,FUM002.A0102.SG1.5_10M.remove30bp_gc_rl.tsv.gz
86,9618,FUM002.A0102.SG1.5_10M.remove30bp_gc_rl.tsv.gz
87,8849,FUM002.A0102.SG1.5_10M.remove30bp_gc_rl.tsv.gz
88,8299,FUM002.A0102.SG1.5_10M.remove30bp_gc_rl.tsv.gz
89,8032,FUM002.A0102.SG1.5_10M.remove30bp_gc_rl.tsv.gz
90,7266,FUM002.A0102.SG1.5_10M.remove30bp_gc_rl.tsv.gz
91,7045,FUM002.A0102.SG1.5_10M.remove30bp_gc_rl.tsv.gz
92,6732,FUM002.A0102.SG1.5_10M.remove30bp_gc_rl.tsv.gz
93,6092,FUM002.A0102.SG1.5_10M.remove30bp_gc_rl.tsv.gz
94,5899,FUM002.A0102.SG1.5_10M.remove30bp_gc_rl.tsv.gz
95,5542,FUM002.A0102.SG1.5_10M.remove30bp_gc_rl.tsv.gz
96,4928,FUM002.A0102.SG1.5_10M.remove30bp_gc_rl.tsv.gz
97,4843,FUM002.A0102.SG1.5_10M.remove30bp_gc_rl.tsv.gz
98,4560,FUM002.A0102.SG1.5_10M.remove30bp_gc_rl.tsv.gz
99,4108,FUM002.A0102.SG1.5_10M.remove30bp_gc_rl.tsv.gz
100,3970,FUM002.A0102.SG1.5_10M.remove30bp_gc_rl.tsv.gz
101,3785,FUM002.A0102.SG1.5_10M.remove30bp_gc_rl.tsv.gz
102,3340,FUM002.A0102.SG1.5_10M.remove30bp_gc_rl.tsv.gz
103,3395,FUM002.A0102.SG1.5_10M.remove30bp_gc_rl.tsv.gz
104,3200,FUM002.A0102.SG1.5_10M.remove30bp_gc_rl.tsv.gz
105,2826,FUM002.A0102.SG1.5_10M.remove30bp_gc_rl.tsv.gz
106,2800,FUM002.A0102.SG1.5_10M.remove30bp_gc_rl.tsv.gz
107,2697,FUM002.A0102.SG1.5_10M.remove30bp_gc_rl.tsv.gz
108,2364,FUM002.A0102.SG1.5_10M.remove30bp_gc_rl.tsv.gz
109,2312,FUM002.A0102.SG1.5_10M.remove30bp_gc_rl.tsv.gz
110,2291,FUM002.A0102.SG1.5_10M.remove30bp_gc_rl.tsv.gz
111,2059,FUM002.A0102.SG1.5_10M.remove30bp_gc_rl.tsv.gz
112,1992,FUM002.A0102.SG1.5_10M.remove30bp_gc_rl.tsv.gz
113,1959,FUM002.A0102.SG1.5_10M.remove30bp_gc_rl.tsv.gz
114,1706,FUM002.A0102.SG1.5_10M.remove30bp_gc_rl.tsv.gz
115,1676,FUM002.A0102.SG1.5_10M.remove30bp_gc_rl.tsv.gz
116,1558,FUM002.A0102.SG1.5_10M.remove30bp_gc_rl.tsv.gz
117,1446,FUM002.A0102.SG1.5_10M.remove30bp_gc_rl.tsv.gz
118,1439,FUM002.A0102.SG1.5_10M.remove30bp_gc_rl.tsv.gz
119,1240,FUM002.A0102.SG1.5_10M.remove30bp_gc_rl.tsv.gz
120,1154,FUM002.A0102.SG1.5_10M.remove30bp_gc_rl.tsv.gz
121,1185,FUM002.A0102.SG1.5_10M.remove30bp_gc_rl.tsv.gz
122,1077,FUM002.A0102.SG1.5_10M.remove30bp_gc_rl.tsv.gz
123,1051,FUM002.A0102.SG1.5_10M.remove30bp_gc_rl.tsv.gz
124,987,FUM002.A0102.SG1.5_10M.remove30bp_gc_rl.tsv.gz
125,975,FUM002.A0102.SG1.5_10M.remove30bp_gc_rl.tsv.gz
126,831,FUM002.A0102.SG1.5_10M.remove30bp_gc_rl.tsv.gz
127,826,FUM002.A0102.SG1.5_10M.remove30bp_gc_rl.tsv.gz
128,812,FUM002.A0102.SG1.5_10M.remove30bp_gc_rl.tsv.gz
129,711,FUM002.A0102.SG1.5_10M.remove30bp_gc_rl.tsv.gz
130,702,FUM002.A0102.SG1.5_10M.remove30bp_gc_rl.tsv.gz
131,711,FUM002.A0102.SG1.5_10M.remove30bp_gc_rl.tsv.gz
132,615,FUM002.A0102.SG1.5_10M.remove30bp_gc_rl.tsv.gz
133,628,FUM002.A0102.SG1.5_10M.remove30bp_gc_rl.tsv.gz
134,590,FUM002.A0102.SG1.5_10M.remove30bp_gc_rl.tsv.gz
135,537,FUM002.A0102.SG1.5_10M.remove30bp_gc_rl.tsv.gz
136,553,FUM002.A0102.SG1.5_10M.remove30bp_gc_rl.tsv.gz
137,545,FUM002.A0102.SG1.5_10M.remove30bp_gc_rl.tsv.gz
138,500,FUM002.A0102.SG1.5_10M.remove30bp_gc_rl.tsv.gz
139,512,FUM002.A0102.SG1.5_10M.remove30bp_gc_rl.tsv.gz
140,502,FUM002.A0102.SG1.5_10M.remove30bp_gc_rl.tsv.gz
141,452,FUM002.A0102.SG1.5_10M.remove30bp_gc_rl.tsv.gz
30,138730,FUM003.A0101_10M.remove30bp_gc_rl.tsv.gz
31,147496,FUM003.A0101_10M.remove30bp_gc_rl.tsv.gz
32,153472,FUM003.A0101_10M.remove30bp_gc_rl.tsv.gz
33,160804,FUM003.A0101_10M.remove30bp_gc_rl.tsv.gz
34,163157,FUM003.A0101_10M.remove30bp_gc_rl.tsv.gz
35,161464,FUM003.A0101_10M.remove30bp_gc_rl.tsv.gz
36,163854,FUM003.A0101_10M.remove30bp_gc_rl.tsv.gz
37,165617,FUM003.A0101_10M.remove30bp_gc_rl.tsv.gz
38,162120,FUM003.A0101_10M.remove30bp_gc_rl.tsv.gz
39,161149,FUM003.A0101_10M.remove30bp_gc_rl.tsv.gz
40,156531,FUM003.A0101_10M.remove30bp_gc_rl.tsv.gz
41,151555,FUM003.A0101_10M.remove30bp_gc_rl.tsv.gz
42,150302,FUM003.A0101_10M.remove30bp_gc_rl.tsv.gz
43,147613,FUM003.A0101_10M.remove30bp_gc_rl.tsv.gz
44,143565,FUM003.A0101_10M.remove30bp_gc_rl.tsv.gz
45,143795,FUM003.A0101_10M.remove30bp_gc_rl.tsv.gz
46,141862,FUM003.A0101_10M.remove30bp_gc_rl.tsv.gz
47,139749,FUM003.A0101_10M.remove30bp_gc_rl.tsv.gz
48,141001,FUM003.A0101_10M.remove30bp_gc_rl.tsv.gz
49,139322,FUM003.A0101_10M.remove30bp_gc_rl.tsv.gz
50,131855,FUM003.A0101_10M.remove30bp_gc_rl.tsv.gz
51,128043,FUM003.A0101_10M.remove30bp_gc_rl.tsv.gz
52,124992,FUM003.A0101_10M.remove30bp_gc_rl.tsv.gz
53,121662,FUM003.A0101_10M.remove30bp_gc_rl.tsv.gz
54,120601,FUM003.A0101_10M.remove30bp_gc_rl.tsv.gz
55,118293,FUM003.A0101_10M.remove30bp_gc_rl.tsv.gz
56,116048,FUM003.A0101_10M.remove30bp_gc_rl.tsv.gz
57,116924,FUM003.A0101_10M.remove30bp_gc_rl.tsv.gz
58,115737,FUM003.A0101_10M.remove30bp_gc_rl.tsv.gz
59,113393,FUM003.A0101_10M.remove30bp_gc_rl.tsv.gz
60,110069,FUM003.A0101_10M.remove30bp_gc_rl.tsv.gz
61,106182,FUM003.A0101_10M.remove30bp_gc_rl.tsv.gz
62,102823,FUM003.A0101_10M.remove30bp_gc_rl.tsv.gz
63,101097,FUM003.A0101_10M.remove30bp_gc_rl.tsv.gz
64,98978,FUM003.A0101_10M.remove30bp_gc_rl.tsv.gz
65,96827,FUM003.A0101_10M.remove30bp_gc_rl.tsv.gz
66,95706,FUM003.A0101_10M.remove30bp_gc_rl.tsv.gz
67,94909,FUM003.A0101_10M.remove30bp_gc_rl.tsv.gz
68,94845,FUM003.A0101_10M.remove30bp_gc_rl.tsv.gz
69,95496,FUM003.A0101_10M.remove30bp_gc_rl.tsv.gz
70,92338,FUM003.A0101_10M.remove30bp_gc_rl.tsv.gz
71,88115,FUM003.A0101_10M.remove30bp_gc_rl.tsv.gz
72,87136,FUM003.A0101_10M.remove30bp_gc_rl.tsv.gz
73,92575,FUM003.A0101_10M.remove30bp_gc_rl.tsv.gz
74,121124,FUM003.A0101_10M.remove30bp_gc_rl.tsv.gz
75,316318,FUM003.A0101_10M.remove30bp_gc_rl.tsv.gz
76,1335514,FUM003.A0101_10M.remove30bp_gc_rl.tsv.gz
77,75094,FUM003.A0101_10M.remove30bp_gc_rl.tsv.gz
78,75590,FUM003.A0101_10M.remove30bp_gc_rl.tsv.gz
79,75547,FUM003.A0101_10M.remove30bp_gc_rl.tsv.gz
80,71933,FUM003.A0101_10M.remove30bp_gc_rl.tsv.gz
81,68942,FUM003.A0101_10M.remove30bp_gc_rl.tsv.gz
82,66550,FUM003.A0101_10M.remove30bp_gc_rl.tsv.gz
83,63970,FUM003.A0101_10M.remove30bp_gc_rl.tsv.gz
84,63153,FUM003.A0101_10M.remove30bp_gc_rl.tsv.gz
85,62459,FUM003.A0101_10M.remove30bp_gc_rl.tsv.gz
86,60368,FUM003.A0101_10M.remove30bp_gc_rl.tsv.gz
87,59632,FUM003.A0101_10M.remove30bp_gc_rl.tsv.gz
88,58964,FUM003.A0101_10M.remove30bp_gc_rl.tsv.gz
89,59282,FUM003.A0101_10M.remove30bp_gc_rl.tsv.gz
90,58008,FUM003.A0101_10M.remove30bp_gc_rl.tsv.gz
91,55521,FUM003.A0101_10M.remove30bp_gc_rl.tsv.gz
92,53227,FUM003.A0101_10M.remove30bp_gc_rl.tsv.gz
93,51421,FUM003.A0101_10M.remove30bp_gc_rl.tsv.gz
94,50857,FUM003.A0101_10M.remove30bp_gc_rl.tsv.gz
95,49467,FUM003.A0101_10M.remove30bp_gc_rl.tsv.gz
96,48789,FUM003.A0101_10M.remove30bp_gc_rl.tsv.gz
97,47443,FUM003.A0101_10M.remove30bp_gc_rl.tsv.gz
98,47103,FUM003.A0101_10M.remove30bp_gc_rl.tsv.gz
99,46565,FUM003.A0101_10M.remove30bp_gc_rl.tsv.gz
100,45274,FUM003.A0101_10M.remove30bp_gc_rl.tsv.gz
101,43819,FUM003.A0101_10M.remove30bp_gc_rl.tsv.gz
102,43167,FUM003.A0101_10M.remove30bp_gc_rl.tsv.gz
103,41981,FUM003.A0101_10M.remove30bp_gc_rl.tsv.gz
104,40046,FUM003.A0101_10M.remove30bp_gc_rl.tsv.gz
105,39737,FUM003.A0101_10M.remove30bp_gc_rl.tsv.gz
106,39122,FUM003.A0101_10M.remove30bp_gc_rl.tsv.gz
107,38329,FUM003.A0101_10M.remove30bp_gc_rl.tsv.gz
108,37170,FUM003.A0101_10M.remove30bp_gc_rl.tsv.gz
109,37314,FUM003.A0101_10M.remove30bp_gc_rl.tsv.gz
110,36234,FUM003.A0101_10M.remove30bp_gc_rl.tsv.gz
111,35593,FUM003.A0101_10M.remove30bp_gc_rl.tsv.gz
112,34795,FUM003.A0101_10M.remove30bp_gc_rl.tsv.gz
113,33144,FUM003.A0101_10M.remove30bp_gc_rl.tsv.gz
114,32279,FUM003.A0101_10M.remove30bp_gc_rl.tsv.gz
115,31868,FUM003.A0101_10M.remove30bp_gc_rl.tsv.gz
116,31056,FUM003.A0101_10M.remove30bp_gc_rl.tsv.gz
117,30016,FUM003.A0101_10M.remove30bp_gc_rl.tsv.gz
118,30082,FUM003.A0101_10M.remove30bp_gc_rl.tsv.gz
119,29193,FUM003.A0101_10M.remove30bp_gc_rl.tsv.gz
120,28735,FUM003.A0101_10M.remove30bp_gc_rl.tsv.gz
121,27853,FUM003.A0101_10M.remove30bp_gc_rl.tsv.gz
122,27471,FUM003.A0101_10M.remove30bp_gc_rl.tsv.gz
123,26138,FUM003.A0101_10M.remove30bp_gc_rl.tsv.gz
124,26109,FUM003.A0101_10M.remove30bp_gc_rl.tsv.gz
125,25371,FUM003.A0101_10M.remove30bp_gc_rl.tsv.gz
126,24784,FUM003.A0101_10M.remove30bp_gc_rl.tsv.gz
127,24391,FUM003.A0101_10M.remove30bp_gc_rl.tsv.gz
128,23787,FUM003.A0101_10M.remove30bp_gc_rl.tsv.gz
129,23185,FUM003.A0101_10M.remove30bp_gc_rl.tsv.gz
130,23053,FUM003.A0101_10M.remove30bp_gc_rl.tsv.gz
131,22420,FUM003.A0101_10M.remove30bp_gc_rl.tsv.gz
132,22086,FUM003.A0101_10M.remove30bp_gc_rl.tsv.gz
133,21590,FUM003.A0101_10M.remove30bp_gc_rl.tsv.gz
134,21108,FUM003.A0101_10M.remove30bp_gc_rl.tsv.gz
135,20349,FUM003.A0101_10M.remove30bp_gc_rl.tsv.gz
136,20444,FUM003.A0101_10M.remove30bp_gc_rl.tsv.gz
137,21142,FUM003.A0101_10M.remove30bp_gc_rl.tsv.gz
138,19944,FUM003.A0101_10M.remove30bp_gc_rl.tsv.gz
139,20733,FUM003.A0101_10M.remove30bp_gc_rl.tsv.gz
140,21954,FUM003.A0101_10M.remove30bp_gc_rl.tsv.gz
141,18348,FUM003.A0101_10M.remove30bp_gc_rl.tsv.gz
30,190965,FUM003.A0102.SG1.4_10M.remove30bp_gc_rl.tsv.gz
31,186730,FUM003.A0102.SG1.4_10M.remove30bp_gc_rl.tsv.gz
32,180386,FUM003.A0102.SG1.4_10M.remove30bp_gc_rl.tsv.gz
33,170791,FUM003.A0102.SG1.4_10M.remove30bp_gc_rl.tsv.gz
34,166957,FUM003.A0102.SG1.4_10M.remove30bp_gc_rl.tsv.gz
35,162138,FUM003.A0102.SG1.4_10M.remove30bp_gc_rl.tsv.gz
36,151532,FUM003.A0102.SG1.4_10M.remove30bp_gc_rl.tsv.gz
37,144772,FUM003.A0102.SG1.4_10M.remove30bp_gc_rl.tsv.gz
38,138432,FUM003.A0102.SG1.4_10M.remove30bp_gc_rl.tsv.gz
39,128730,FUM003.A0102.SG1.4_10M.remove30bp_gc_rl.tsv.gz
40,125001,FUM003.A0102.SG1.4_10M.remove30bp_gc_rl.tsv.gz
41,116911,FUM003.A0102.SG1.4_10M.remove30bp_gc_rl.tsv.gz
42,108560,FUM003.A0102.SG1.4_10M.remove30bp_gc_rl.tsv.gz
43,102927,FUM003.A0102.SG1.4_10M.remove30bp_gc_rl.tsv.gz
44,98155,FUM003.A0102.SG1.4_10M.remove30bp_gc_rl.tsv.gz
45,91443,FUM003.A0102.SG1.4_10M.remove30bp_gc_rl.tsv.gz
46,87673,FUM003.A0102.SG1.4_10M.remove30bp_gc_rl.tsv.gz
47,83105,FUM003.A0102.SG1.4_10M.remove30bp_gc_rl.tsv.gz
48,76809,FUM003.A0102.SG1.4_10M.remove30bp_gc_rl.tsv.gz
49,73359,FUM003.A0102.SG1.4_10M.remove30bp_gc_rl.tsv.gz
50,69455,FUM003.A0102.SG1.4_10M.remove30bp_gc_rl.tsv.gz
51,64699,FUM003.A0102.SG1.4_10M.remove30bp_gc_rl.tsv.gz
52,61627,FUM003.A0102.SG1.4_10M.remove30bp_gc_rl.tsv.gz
53,58662,FUM003.A0102.SG1.4_10M.remove30bp_gc_rl.tsv.gz
54,54428,FUM003.A0102.SG1.4_10M.remove30bp_gc_rl.tsv.gz
55,51603,FUM003.A0102.SG1.4_10M.remove30bp_gc_rl.tsv.gz
56,49801,FUM003.A0102.SG1.4_10M.remove30bp_gc_rl.tsv.gz
57,46527,FUM003.A0102.SG1.4_10M.remove30bp_gc_rl.tsv.gz
58,44360,FUM003.A0102.SG1.4_10M.remove30bp_gc_rl.tsv.gz
59,42500,FUM003.A0102.SG1.4_10M.remove30bp_gc_rl.tsv.gz
60,40599,FUM003.A0102.SG1.4_10M.remove30bp_gc_rl.tsv.gz
61,37907,FUM003.A0102.SG1.4_10M.remove30bp_gc_rl.tsv.gz
62,36211,FUM003.A0102.SG1.4_10M.remove30bp_gc_rl.tsv.gz
63,34027,FUM003.A0102.SG1.4_10M.remove30bp_gc_rl.tsv.gz
64,32912,FUM003.A0102.SG1.4_10M.remove30bp_gc_rl.tsv.gz
65,31457,FUM003.A0102.SG1.4_10M.remove30bp_gc_rl.tsv.gz
66,30566,FUM003.A0102.SG1.4_10M.remove30bp_gc_rl.tsv.gz
67,30938,FUM003.A0102.SG1.4_10M.remove30bp_gc_rl.tsv.gz
68,27189,FUM003.A0102.SG1.4_10M.remove30bp_gc_rl.tsv.gz
69,25533,FUM003.A0102.SG1.4_10M.remove30bp_gc_rl.tsv.gz
70,25116,FUM003.A0102.SG1.4_10M.remove30bp_gc_rl.tsv.gz
71,24473,FUM003.A0102.SG1.4_10M.remove30bp_gc_rl.tsv.gz
72,23981,FUM003.A0102.SG1.4_10M.remove30bp_gc_rl.tsv.gz
73,24249,FUM003.A0102.SG1.4_10M.remove30bp_gc_rl.tsv.gz
74,26240,FUM003.A0102.SG1.4_10M.remove30bp_gc_rl.tsv.gz
75,39805,FUM003.A0102.SG1.4_10M.remove30bp_gc_rl.tsv.gz
76,174700,FUM003.A0102.SG1.4_10M.remove30bp_gc_rl.tsv.gz
77,17775,FUM003.A0102.SG1.4_10M.remove30bp_gc_rl.tsv.gz
78,16608,FUM003.A0102.SG1.4_10M.remove30bp_gc_rl.tsv.gz
79,16189,FUM003.A0102.SG1.4_10M.remove30bp_gc_rl.tsv.gz
80,15447,FUM003.A0102.SG1.4_10M.remove30bp_gc_rl.tsv.gz
81,14906,FUM003.A0102.SG1.4_10M.remove30bp_gc_rl.tsv.gz
82,14465,FUM003.A0102.SG1.4_10M.remove30bp_gc_rl.tsv.gz
83,14080,FUM003.A0102.SG1.4_10M.remove30bp_gc_rl.tsv.gz
84,13088,FUM003.A0102.SG1.4_10M.remove30bp_gc_rl.tsv.gz
85,12796,FUM003.A0102.SG1.4_10M.remove30bp_gc_rl.tsv.gz
86,12103,FUM003.A0102.SG1.4_10M.remove30bp_gc_rl.tsv.gz
87,11367,FUM003.A0102.SG1.4_10M.remove30bp_gc_rl.tsv.gz
88,11166,FUM003.A0102.SG1.4_10M.remove30bp_gc_rl.tsv.gz
89,10861,FUM003.A0102.SG1.4_10M.remove30bp_gc_rl.tsv.gz
90,10514,FUM003.A0102.SG1.4_10M.remove30bp_gc_rl.tsv.gz
91,10011,FUM003.A0102.SG1.4_10M.remove30bp_gc_rl.tsv.gz
92,9681,FUM003.A0102.SG1.4_10M.remove30bp_gc_rl.tsv.gz
93,9404,FUM003.A0102.SG1.4_10M.remove30bp_gc_rl.tsv.gz
94,8966,FUM003.A0102.SG1.4_10M.remove30bp_gc_rl.tsv.gz
95,8754,FUM003.A0102.SG1.4_10M.remove30bp_gc_rl.tsv.gz
96,8315,FUM003.A0102.SG1.4_10M.remove30bp_gc_rl.tsv.gz
97,7965,FUM003.A0102.SG1.4_10M.remove30bp_gc_rl.tsv.gz
98,7727,FUM003.A0102.SG1.4_10M.remove30bp_gc_rl.tsv.gz
99,7476,FUM003.A0102.SG1.4_10M.remove30bp_gc_rl.tsv.gz
100,7322,FUM003.A0102.SG1.4_10M.remove30bp_gc_rl.tsv.gz
101,7178,FUM003.A0102.SG1.4_10M.remove30bp_gc_rl.tsv.gz
102,6593,FUM003.A0102.SG1.4_10M.remove30bp_gc_rl.tsv.gz
103,6482,FUM003.A0102.SG1.4_10M.remove30bp_gc_rl.tsv.gz
104,6309,FUM003.A0102.SG1.4_10M.remove30bp_gc_rl.tsv.gz
105,5982,FUM003.A0102.SG1.4_10M.remove30bp_gc_rl.tsv.gz
106,5769,FUM003.A0102.SG1.4_10M.remove30bp_gc_rl.tsv.gz
107,5646,FUM003.A0102.SG1.4_10M.remove30bp_gc_rl.tsv.gz
108,5504,FUM003.A0102.SG1.4_10M.remove30bp_gc_rl.tsv.gz
109,5351,FUM003.A0102.SG1.4_10M.remove30bp_gc_rl.tsv.gz
110,5259,FUM003.A0102.SG1.4_10M.remove30bp_gc_rl.tsv.gz
111,4839,FUM003.A0102.SG1.4_10M.remove30bp_gc_rl.tsv.gz
112,4838,FUM003.A0102.SG1.4_10M.remove30bp_gc_rl.tsv.gz
113,4525,FUM003.A0102.SG1.4_10M.remove30bp_gc_rl.tsv.gz
114,4530,FUM003.A0102.SG1.4_10M.remove30bp_gc_rl.tsv.gz
115,4395,FUM003.A0102.SG1.4_10M.remove30bp_gc_rl.tsv.gz
116,4131,FUM003.A0102.SG1.4_10M.remove30bp_gc_rl.tsv.gz
117,3964,FUM003.A0102.SG1.4_10M.remove30bp_gc_rl.tsv.gz
118,3795,FUM003.A0102.SG1.4_10M.remove30bp_gc_rl.tsv.gz
119,3822,FUM003.A0102.SG1.4_10M.remove30bp_gc_rl.tsv.gz
120,3681,FUM003.A0102.SG1.4_10M.remove30bp_gc_rl.tsv.gz
121,3594,FUM003.A0102.SG1.4_10M.remove30bp_gc_rl.tsv.gz
122,3479,FUM003.A0102.SG1.4_10M.remove30bp_gc_rl.tsv.gz
123,3317,FUM003.A0102.SG1.4_10M.remove30bp_gc_rl.tsv.gz
124,3260,FUM003.A0102.SG1.4_10M.remove30bp_gc_rl.tsv.gz
125,3158,FUM003.A0102.SG1.4_10M.remove30bp_gc_rl.tsv.gz
126,2979,FUM003.A0102.SG1.4_10M.remove30bp_gc_rl.tsv.gz
127,2911,FUM003.A0102.SG1.4_10M.remove30bp_gc_rl.tsv.gz
128,2898,FUM003.A0102.SG1.4_10M.remove30bp_gc_rl.tsv.gz
129,2733,FUM003.A0102.SG1.4_10M.remove30bp_gc_rl.tsv.gz
130,2603,FUM003.A0102.SG1.4_10M.remove30bp_gc_rl.tsv.gz
131,2654,FUM003.A0102.SG1.4_10M.remove30bp_gc_rl.tsv.gz
132,2483,FUM003.A0102.SG1.4_10M.remove30bp_gc_rl.tsv.gz
133,2434,FUM003.A0102.SG1.4_10M.remove30bp_gc_rl.tsv.gz
134,2452,FUM003.A0102.SG1.4_10M.remove30bp_gc_rl.tsv.gz
135,2271,FUM003.A0102.SG1.4_10M.remove30bp_gc_rl.tsv.gz
136,2231,FUM003.A0102.SG1.4_10M.remove30bp_gc_rl.tsv.gz
137,2382,FUM003.A0102.SG1.4_10M.remove30bp_gc_rl.tsv.gz
138,2193,FUM003.A0102.SG1.4_10M.remove30bp_gc_rl.tsv.gz
139,2265,FUM003.A0102.SG1.4_10M.remove30bp_gc_rl.tsv.gz
140,2274,FUM003.A0102.SG1.4_10M.remove30bp_gc_rl.tsv.gz
141,2060,FUM003.A0102.SG1.4_10M.remove30bp_gc_rl.tsv.gz
30,81455,GDN001.A0101_10M.remove30bp_gc_rl.tsv.gz
31,88768,GDN001.A0101_10M.remove30bp_gc_rl.tsv.gz
32,93584,GDN001.A0101_10M.remove30bp_gc_rl.tsv.gz
33,103580,GDN001.A0101_10M.remove30bp_gc_rl.tsv.gz
34,110097,GDN001.A0101_10M.remove30bp_gc_rl.tsv.gz
35,114520,GDN001.A0101_10M.remove30bp_gc_rl.tsv.gz
36,122921,GDN001.A0101_10M.remove30bp_gc_rl.tsv.gz
37,128828,GDN001.A0101_10M.remove30bp_gc_rl.tsv.gz
38,129558,GDN001.A0101_10M.remove30bp_gc_rl.tsv.gz
39,137570,GDN001.A0101_10M.remove30bp_gc_rl.tsv.gz
40,144210,GDN001.A0101_10M.remove30bp_gc_rl.tsv.gz
41,144642,GDN001.A0101_10M.remove30bp_gc_rl.tsv.gz
42,154806,GDN001.A0101_10M.remove30bp_gc_rl.tsv.gz
43,161187,GDN001.A0101_10M.remove30bp_gc_rl.tsv.gz
44,163015,GDN001.A0101_10M.remove30bp_gc_rl.tsv.gz
45,172505,GDN001.A0101_10M.remove30bp_gc_rl.tsv.gz
46,175261,GDN001.A0101_10M.remove30bp_gc_rl.tsv.gz
47,175783,GDN001.A0101_10M.remove30bp_gc_rl.tsv.gz
48,180789,GDN001.A0101_10M.remove30bp_gc_rl.tsv.gz
49,184107,GDN001.A0101_10M.remove30bp_gc_rl.tsv.gz
50,178506,GDN001.A0101_10M.remove30bp_gc_rl.tsv.gz
51,182203,GDN001.A0101_10M.remove30bp_gc_rl.tsv.gz
52,186593,GDN001.A0101_10M.remove30bp_gc_rl.tsv.gz
53,179655,GDN001.A0101_10M.remove30bp_gc_rl.tsv.gz
54,184080,GDN001.A0101_10M.remove30bp_gc_rl.tsv.gz
55,184313,GDN001.A0101_10M.remove30bp_gc_rl.tsv.gz
56,174583,GDN001.A0101_10M.remove30bp_gc_rl.tsv.gz
57,178568,GDN001.A0101_10M.remove30bp_gc_rl.tsv.gz
58,175618,GDN001.A0101_10M.remove30bp_gc_rl.tsv.gz
59,166634,GDN001.A0101_10M.remove30bp_gc_rl.tsv.gz
60,167162,GDN001.A0101_10M.remove30bp_gc_rl.tsv.gz
61,163834,GDN001.A0101_10M.remove30bp_gc_rl.tsv.gz
62,155021,GDN001.A0101_10M.remove30bp_gc_rl.tsv.gz
63,156403,GDN001.A0101_10M.remove30bp_gc_rl.tsv.gz
64,149804,GDN001.A0101_10M.remove30bp_gc_rl.tsv.gz
65,140932,GDN001.A0101_10M.remove30bp_gc_rl.tsv.gz
66,140066,GDN001.A0101_10M.remove30bp_gc_rl.tsv.gz
67,134527,GDN001.A0101_10M.remove30bp_gc_rl.tsv.gz
68,126324,GDN001.A0101_10M.remove30bp_gc_rl.tsv.gz
69,126533,GDN001.A0101_10M.remove30bp_gc_rl.tsv.gz
70,121853,GDN001.A0101_10M.remove30bp_gc_rl.tsv.gz
71,112828,GDN001.A0101_10M.remove30bp_gc_rl.tsv.gz
72,113083,GDN001.A0101_10M.remove30bp_gc_rl.tsv.gz
73,113386,GDN001.A0101_10M.remove30bp_gc_rl.tsv.gz
74,115097,GDN001.A0101_10M.remove30bp_gc_rl.tsv.gz
75,144184,GDN001.A0101_10M.remove30bp_gc_rl.tsv.gz
76,292883,GDN001.A0101_10M.remove30bp_gc_rl.tsv.gz
77,85045,GDN001.A0101_10M.remove30bp_gc_rl.tsv.gz
78,83242,GDN001.A0101_10M.remove30bp_gc_rl.tsv.gz
79,80130,GDN001.A0101_10M.remove30bp_gc_rl.tsv.gz
80,73972,GDN001.A0101_10M.remove30bp_gc_rl.tsv.gz
81,72585,GDN001.A0101_10M.remove30bp_gc_rl.tsv.gz
82,68562,GDN001.A0101_10M.remove30bp_gc_rl.tsv.gz
83,64045,GDN001.A0101_10M.remove30bp_gc_rl.tsv.gz
84,62935,GDN001.A0101_10M.remove30bp_gc_rl.tsv.gz
85,59997,GDN001.A0101_10M.remove30bp_gc_rl.tsv.gz
86,56053,GDN001.A0101_10M.remove30bp_gc_rl.tsv.gz
87,55404,GDN001.A0101_10M.remove30bp_gc_rl.tsv.gz
88,50898,GDN001.A0101_10M.remove30bp_gc_rl.tsv.gz
89,47374,GDN001.A0101_10M.remove30bp_gc_rl.tsv.gz
90,47353,GDN001.A0101_10M.remove30bp_gc_rl.tsv.gz
91,44832,GDN001.A0101_10M.remove30bp_gc_rl.tsv.gz
92,41166,GDN001.A0101_10M.remove30bp_gc_rl.tsv.gz
93,39401,GDN001.A0101_10M.remove30bp_gc_rl.tsv.gz
94,38259,GDN001.A0101_10M.remove30bp_gc_rl.tsv.gz
95,35585,GDN001.A0101_10M.remove30bp_gc_rl.tsv.gz
96,34899,GDN001.A0101_10M.remove30bp_gc_rl.tsv.gz
97,32527,GDN001.A0101_10M.remove30bp_gc_rl.tsv.gz
98,29925,GDN001.A0101_10M.remove30bp_gc_rl.tsv.gz
99,29579,GDN001.A0101_10M.remove30bp_gc_rl.tsv.gz
100,27676,GDN001.A0101_10M.remove30bp_gc_rl.tsv.gz
101,26132,GDN001.A0101_10M.remove30bp_gc_rl.tsv.gz
102,25776,GDN001.A0101_10M.remove30bp_gc_rl.tsv.gz
103,24282,GDN001.A0101_10M.remove30bp_gc_rl.tsv.gz
104,22624,GDN001.A0101_10M.remove30bp_gc_rl.tsv.gz
105,21853,GDN001.A0101_10M.remove30bp_gc_rl.tsv.gz
106,20094,GDN001.A0101_10M.remove30bp_gc_rl.tsv.gz
107,19090,GDN001.A0101_10M.remove30bp_gc_rl.tsv.gz
108,19118,GDN001.A0101_10M.remove30bp_gc_rl.tsv.gz
109,17537,GDN001.A0101_10M.remove30bp_gc_rl.tsv.gz
110,16329,GDN001.A0101_10M.remove30bp_gc_rl.tsv.gz
111,16244,GDN001.A0101_10M.remove30bp_gc_rl.tsv.gz
112,15225,GDN001.A0101_10M.remove30bp_gc_rl.tsv.gz
113,14375,GDN001.A0101_10M.remove30bp_gc_rl.tsv.gz
114,13396,GDN001.A0101_10M.remove30bp_gc_rl.tsv.gz
115,13271,GDN001.A0101_10M.remove30bp_gc_rl.tsv.gz
116,12717,GDN001.A0101_10M.remove30bp_gc_rl.tsv.gz
117,11560,GDN001.A0101_10M.remove30bp_gc_rl.tsv.gz
118,11577,GDN001.A0101_10M.remove30bp_gc_rl.tsv.gz
119,10386,GDN001.A0101_10M.remove30bp_gc_rl.tsv.gz
120,10101,GDN001.A0101_10M.remove30bp_gc_rl.tsv.gz
121,9747,GDN001.A0101_10M.remove30bp_gc_rl.tsv.gz
122,8698,GDN001.A0101_10M.remove30bp_gc_rl.tsv.gz
123,8605,GDN001.A0101_10M.remove30bp_gc_rl.tsv.gz
124,8067,GDN001.A0101_10M.remove30bp_gc_rl.tsv.gz
125,7797,GDN001.A0101_10M.remove30bp_gc_rl.tsv.gz
126,7430,GDN001.A0101_10M.remove30bp_gc_rl.tsv.gz
127,7301,GDN001.A0101_10M.remove30bp_gc_rl.tsv.gz
128,6103,GDN001.A0101_10M.remove30bp_gc_rl.tsv.gz
129,6239,GDN001.A0101_10M.remove30bp_gc_rl.tsv.gz
130,6016,GDN001.A0101_10M.remove30bp_gc_rl.tsv.gz
131,5604,GDN001.A0101_10M.remove30bp_gc_rl.tsv.gz
132,5557,GDN001.A0101_10M.remove30bp_gc_rl.tsv.gz
133,5046,GDN001.A0101_10M.remove30bp_gc_rl.tsv.gz
134,5034,GDN001.A0101_10M.remove30bp_gc_rl.tsv.gz
135,4745,GDN001.A0101_10M.remove30bp_gc_rl.tsv.gz
136,4606,GDN001.A0101_10M.remove30bp_gc_rl.tsv.gz
137,4341,GDN001.A0101_10M.remove30bp_gc_rl.tsv.gz
138,4332,GDN001.A0101_10M.remove30bp_gc_rl.tsv.gz
139,4234,GDN001.A0101_10M.remove30bp_gc_rl.tsv.gz
140,4264,GDN001.A0101_10M.remove30bp_gc_rl.tsv.gz
141,3902,GDN001.A0101_10M.remove30bp_gc_rl.tsv.gz
30,122639,GDN001.A0102.SG1.3_10M.remove30bp_gc_rl.tsv.gz
31,120954,GDN001.A0102.SG1.3_10M.remove30bp_gc_rl.tsv.gz
32,119011,GDN001.A0102.SG1.3_10M.remove30bp_gc_rl.tsv.gz
33,113749,GDN001.A0102.SG1.3_10M.remove30bp_gc_rl.tsv.gz
34,113693,GDN001.A0102.SG1.3_10M.remove30bp_gc_rl.tsv.gz
35,111208,GDN001.A0102.SG1.3_10M.remove30bp_gc_rl.tsv.gz
36,105226,GDN001.A0102.SG1.3_10M.remove30bp_gc_rl.tsv.gz
37,104590,GDN001.A0102.SG1.3_10M.remove30bp_gc_rl.tsv.gz
38,103764,GDN001.A0102.SG1.3_10M.remove30bp_gc_rl.tsv.gz
39,99322,GDN001.A0102.SG1.3_10M.remove30bp_gc_rl.tsv.gz
40,112567,GDN001.A0102.SG1.3_10M.remove30bp_gc_rl.tsv.gz
41,93439,GDN001.A0102.SG1.3_10M.remove30bp_gc_rl.tsv.gz
42,88028,GDN001.A0102.SG1.3_10M.remove30bp_gc_rl.tsv.gz
43,87091,GDN001.A0102.SG1.3_10M.remove30bp_gc_rl.tsv.gz
44,85024,GDN001.A0102.SG1.3_10M.remove30bp_gc_rl.tsv.gz
45,79408,GDN001.A0102.SG1.3_10M.remove30bp_gc_rl.tsv.gz
46,78019,GDN001.A0102.SG1.3_10M.remove30bp_gc_rl.tsv.gz
47,76759,GDN001.A0102.SG1.3_10M.remove30bp_gc_rl.tsv.gz
48,71670,GDN001.A0102.SG1.3_10M.remove30bp_gc_rl.tsv.gz
49,70172,GDN001.A0102.SG1.3_10M.remove30bp_gc_rl.tsv.gz
50,68975,GDN001.A0102.SG1.3_10M.remove30bp_gc_rl.tsv.gz
51,63522,GDN001.A0102.SG1.3_10M.remove30bp_gc_rl.tsv.gz
52,62295,GDN001.A0102.SG1.3_10M.remove30bp_gc_rl.tsv.gz
53,60068,GDN001.A0102.SG1.3_10M.remove30bp_gc_rl.tsv.gz
54,56696,GDN001.A0102.SG1.3_10M.remove30bp_gc_rl.tsv.gz
55,55488,GDN001.A0102.SG1.3_10M.remove30bp_gc_rl.tsv.gz
56,53793,GDN001.A0102.SG1.3_10M.remove30bp_gc_rl.tsv.gz
57,49198,GDN001.A0102.SG1.3_10M.remove30bp_gc_rl.tsv.gz
58,48761,GDN001.A0102.SG1.3_10M.remove30bp_gc_rl.tsv.gz
59,46587,GDN001.A0102.SG1.3_10M.remove30bp_gc_rl.tsv.gz
60,43120,GDN001.A0102.SG1.3_10M.remove30bp_gc_rl.tsv.gz
61,41836,GDN001.A0102.SG1.3_10M.remove30bp_gc_rl.tsv.gz
62,40260,GDN001.A0102.SG1.3_10M.remove30bp_gc_rl.tsv.gz
63,37472,GDN001.A0102.SG1.3_10M.remove30bp_gc_rl.tsv.gz
64,36762,GDN001.A0102.SG1.3_10M.remove30bp_gc_rl.tsv.gz
65,36535,GDN001.A0102.SG1.3_10M.remove30bp_gc_rl.tsv.gz
66,34386,GDN001.A0102.SG1.3_10M.remove30bp_gc_rl.tsv.gz
67,39168,GDN001.A0102.SG1.3_10M.remove30bp_gc_rl.tsv.gz
68,29267,GDN001.A0102.SG1.3_10M.remove30bp_gc_rl.tsv.gz
69,27079,GDN001.A0102.SG1.3_10M.remove30bp_gc_rl.tsv.gz
70,26058,GDN001.A0102.SG1.3_10M.remove30bp_gc_rl.tsv.gz
71,25203,GDN001.A0102.SG1.3_10M.remove30bp_gc_rl.tsv.gz
72,22641,GDN001.A0102.SG1.3_10M.remove30bp_gc_rl.tsv.gz
73,22339,GDN001.A0102.SG1.3_10M.remove30bp_gc_rl.tsv.gz
74,22111,GDN001.A0102.SG1.3_10M.remove30bp_gc_rl.tsv.gz
75,21520,GDN001.A0102.SG1.3_10M.remove30bp_gc_rl.tsv.gz
76,43925,GDN001.A0102.SG1.3_10M.remove30bp_gc_rl.tsv.gz
77,17762,GDN001.A0102.SG1.3_10M.remove30bp_gc_rl.tsv.gz
78,16243,GDN001.A0102.SG1.3_10M.remove30bp_gc_rl.tsv.gz
79,15922,GDN001.A0102.SG1.3_10M.remove30bp_gc_rl.tsv.gz
80,15089,GDN001.A0102.SG1.3_10M.remove30bp_gc_rl.tsv.gz
81,13399,GDN001.A0102.SG1.3_10M.remove30bp_gc_rl.tsv.gz
82,13378,GDN001.A0102.SG1.3_10M.remove30bp_gc_rl.tsv.gz
83,12673,GDN001.A0102.SG1.3_10M.remove30bp_gc_rl.tsv.gz
84,11423,GDN001.A0102.SG1.3_10M.remove30bp_gc_rl.tsv.gz
85,11312,GDN001.A0102.SG1.3_10M.remove30bp_gc_rl.tsv.gz
86,10620,GDN001.A0102.SG1.3_10M.remove30bp_gc_rl.tsv.gz
87,9839,GDN001.A0102.SG1.3_10M.remove30bp_gc_rl.tsv.gz
88,9422,GDN001.A0102.SG1.3_10M.remove30bp_gc_rl.tsv.gz
89,9075,GDN001.A0102.SG1.3_10M.remove30bp_gc_rl.tsv.gz
90,8301,GDN001.A0102.SG1.3_10M.remove30bp_gc_rl.tsv.gz
91,7848,GDN001.A0102.SG1.3_10M.remove30bp_gc_rl.tsv.gz
92,7641,GDN001.A0102.SG1.3_10M.remove30bp_gc_rl.tsv.gz
93,6796,GDN001.A0102.SG1.3_10M.remove30bp_gc_rl.tsv.gz
94,6634,GDN001.A0102.SG1.3_10M.remove30bp_gc_rl.tsv.gz
95,6266,GDN001.A0102.SG1.3_10M.remove30bp_gc_rl.tsv.gz
96,5597,GDN001.A0102.SG1.3_10M.remove30bp_gc_rl.tsv.gz
97,5405,GDN001.A0102.SG1.3_10M.remove30bp_gc_rl.tsv.gz
98,5298,GDN001.A0102.SG1.3_10M.remove30bp_gc_rl.tsv.gz
99,4639,GDN001.A0102.SG1.3_10M.remove30bp_gc_rl.tsv.gz
100,4428,GDN001.A0102.SG1.3_10M.remove30bp_gc_rl.tsv.gz
101,4298,GDN001.A0102.SG1.3_10M.remove30bp_gc_rl.tsv.gz
102,3931,GDN001.A0102.SG1.3_10M.remove30bp_gc_rl.tsv.gz
103,3813,GDN001.A0102.SG1.3_10M.remove30bp_gc_rl.tsv.gz
104,3638,GDN001.A0102.SG1.3_10M.remove30bp_gc_rl.tsv.gz
105,3242,GDN001.A0102.SG1.3_10M.remove30bp_gc_rl.tsv.gz
106,3244,GDN001.A0102.SG1.3_10M.remove30bp_gc_rl.tsv.gz
107,2979,GDN001.A0102.SG1.3_10M.remove30bp_gc_rl.tsv.gz
108,2716,GDN001.A0102.SG1.3_10M.remove30bp_gc_rl.tsv.gz
109,2745,GDN001.A0102.SG1.3_10M.remove30bp_gc_rl.tsv.gz
110,2561,GDN001.A0102.SG1.3_10M.remove30bp_gc_rl.tsv.gz
111,2224,GDN001.A0102.SG1.3_10M.remove30bp_gc_rl.tsv.gz
112,2296,GDN001.A0102.SG1.3_10M.remove30bp_gc_rl.tsv.gz
113,2054,GDN001.A0102.SG1.3_10M.remove30bp_gc_rl.tsv.gz
114,1965,GDN001.A0102.SG1.3_10M.remove30bp_gc_rl.tsv.gz
115,1843,GDN001.A0102.SG1.3_10M.remove30bp_gc_rl.tsv.gz
116,1881,GDN001.A0102.SG1.3_10M.remove30bp_gc_rl.tsv.gz
117,1629,GDN001.A0102.SG1.3_10M.remove30bp_gc_rl.tsv.gz
118,1653,GDN001.A0102.SG1.3_10M.remove30bp_gc_rl.tsv.gz
119,1507,GDN001.A0102.SG1.3_10M.remove30bp_gc_rl.tsv.gz
120,1411,GDN001.A0102.SG1.3_10M.remove30bp_gc_rl.tsv.gz
121,1342,GDN001.A0102.SG1.3_10M.remove30bp_gc_rl.tsv.gz
122,1199,GDN001.A0102.SG1.3_10M.remove30bp_gc_rl.tsv.gz
123,1169,GDN001.A0102.SG1.3_10M.remove30bp_gc_rl.tsv.gz
124,1156,GDN001.A0102.SG1.3_10M.remove30bp_gc_rl.tsv.gz
125,1043,GDN001.A0102.SG1.3_10M.remove30bp_gc_rl.tsv.gz
126,941,GDN001.A0102.SG1.3_10M.remove30bp_gc_rl.tsv.gz
127,931,GDN001.A0102.SG1.3_10M.remove30bp_gc_rl.tsv.gz
128,923,GDN001.A0102.SG1.3_10M.remove30bp_gc_rl.tsv.gz
129,730,GDN001.A0102.SG1.3_10M.remove30bp_gc_rl.tsv.gz
130,766,GDN001.A0102.SG1.3_10M.remove30bp_gc_rl.tsv.gz
131,763,GDN001.A0102.SG1.3_10M.remove30bp_gc_rl.tsv.gz
132,695,GDN001.A0102.SG1.3_10M.remove30bp_gc_rl.tsv.gz
133,652,GDN001.A0102.SG1.3_10M.remove30bp_gc_rl.tsv.gz
134,663,GDN001.A0102.SG1.3_10M.remove30bp_gc_rl.tsv.gz
135,609,GDN001.A0102.SG1.3_10M.remove30bp_gc_rl.tsv.gz
136,557,GDN001.A0102.SG1.3_10M.remove30bp_gc_rl.tsv.gz
137,579,GDN001.A0102.SG1.3_10M.remove30bp_gc_rl.tsv.gz
138,520,GDN001.A0102.SG1.3_10M.remove30bp_gc_rl.tsv.gz
139,494,GDN001.A0102.SG1.3_10M.remove30bp_gc_rl.tsv.gz
140,498,GDN001.A0102.SG1.3_10M.remove30bp_gc_rl.tsv.gz
141,418,GDN001.A0102.SG1.3_10M.remove30bp_gc_rl.tsv.gz
30,275148,GOY005.A0101.SG1.2_10M.remove30bp_gc_rl.tsv.gz
31,294813,GOY005.A0101.SG1.2_10M.remove30bp_gc_rl.tsv.gz
32,305121,GOY005.A0101.SG1.2_10M.remove30bp_gc_rl.tsv.gz
33,316791,GOY005.A0101.SG1.2_10M.remove30bp_gc_rl.tsv.gz
34,319675,GOY005.A0101.SG1.2_10M.remove30bp_gc_rl.tsv.gz
35,310088,GOY005.A0101.SG1.2_10M.remove30bp_gc_rl.tsv.gz
36,305581,GOY005.A0101.SG1.2_10M.remove30bp_gc_rl.tsv.gz
37,297484,GOY005.A0101.SG1.2_10M.remove30bp_gc_rl.tsv.gz
38,284541,GOY005.A0101.SG1.2_10M.remove30bp_gc_rl.tsv.gz
39,277607,GOY005.A0101.SG1.2_10M.remove30bp_gc_rl.tsv.gz
40,268471,GOY005.A0101.SG1.2_10M.remove30bp_gc_rl.tsv.gz
41,254187,GOY005.A0101.SG1.2_10M.remove30bp_gc_rl.tsv.gz
42,245436,GOY005.A0101.SG1.2_10M.remove30bp_gc_rl.tsv.gz
43,235271,GOY005.A0101.SG1.2_10M.remove30bp_gc_rl.tsv.gz
44,221358,GOY005.A0101.SG1.2_10M.remove30bp_gc_rl.tsv.gz
45,211763,GOY005.A0101.SG1.2_10M.remove30bp_gc_rl.tsv.gz
46,203401,GOY005.A0101.SG1.2_10M.remove30bp_gc_rl.tsv.gz
47,189709,GOY005.A0101.SG1.2_10M.remove30bp_gc_rl.tsv.gz
48,182538,GOY005.A0101.SG1.2_10M.remove30bp_gc_rl.tsv.gz
49,172639,GOY005.A0101.SG1.2_10M.remove30bp_gc_rl.tsv.gz
50,161901,GOY005.A0101.SG1.2_10M.remove30bp_gc_rl.tsv.gz
51,156130,GOY005.A0101.SG1.2_10M.remove30bp_gc_rl.tsv.gz
52,147591,GOY005.A0101.SG1.2_10M.remove30bp_gc_rl.tsv.gz
53,137465,GOY005.A0101.SG1.2_10M.remove30bp_gc_rl.tsv.gz
54,131532,GOY005.A0101.SG1.2_10M.remove30bp_gc_rl.tsv.gz
55,124629,GOY005.A0101.SG1.2_10M.remove30bp_gc_rl.tsv.gz
56,116253,GOY005.A0101.SG1.2_10M.remove30bp_gc_rl.tsv.gz
57,111008,GOY005.A0101.SG1.2_10M.remove30bp_gc_rl.tsv.gz
58,105355,GOY005.A0101.SG1.2_10M.remove30bp_gc_rl.tsv.gz
59,97644,GOY005.A0101.SG1.2_10M.remove30bp_gc_rl.tsv.gz
60,93733,GOY005.A0101.SG1.2_10M.remove30bp_gc_rl.tsv.gz
61,89246,GOY005.A0101.SG1.2_10M.remove30bp_gc_rl.tsv.gz
62,82940,GOY005.A0101.SG1.2_10M.remove30bp_gc_rl.tsv.gz
63,79714,GOY005.A0101.SG1.2_10M.remove30bp_gc_rl.tsv.gz
64,75320,GOY005.A0101.SG1.2_10M.remove30bp_gc_rl.tsv.gz
65,70791,GOY005.A0101.SG1.2_10M.remove30bp_gc_rl.tsv.gz
66,68395,GOY005.A0101.SG1.2_10M.remove30bp_gc_rl.tsv.gz
67,65296,GOY005.A0101.SG1.2_10M.remove30bp_gc_rl.tsv.gz
68,61273,GOY005.A0101.SG1.2_10M.remove30bp_gc_rl.tsv.gz
69,60451,GOY005.A0101.SG1.2_10M.remove30bp_gc_rl.tsv.gz
70,58934,GOY005.A0101.SG1.2_10M.remove30bp_gc_rl.tsv.gz
71,58476,GOY005.A0101.SG1.2_10M.remove30bp_gc_rl.tsv.gz
72,60106,GOY005.A0101.SG1.2_10M.remove30bp_gc_rl.tsv.gz
73,65264,GOY005.A0101.SG1.2_10M.remove30bp_gc_rl.tsv.gz
74,77457,GOY005.A0101.SG1.2_10M.remove30bp_gc_rl.tsv.gz
75,131179,GOY005.A0101.SG1.2_10M.remove30bp_gc_rl.tsv.gz
76,334122,GOY005.A0101.SG1.2_10M.remove30bp_gc_rl.tsv.gz
77,37188,GOY005.A0101.SG1.2_10M.remove30bp_gc_rl.tsv.gz
78,35671,GOY005.A0101.SG1.2_10M.remove30bp_gc_rl.tsv.gz
79,34087,GOY005.A0101.SG1.2_10M.remove30bp_gc_rl.tsv.gz
80,32256,GOY005.A0101.SG1.2_10M.remove30bp_gc_rl.tsv.gz
81,30577,GOY005.A0101.SG1.2_10M.remove30bp_gc_rl.tsv.gz
82,29132,GOY005.A0101.SG1.2_10M.remove30bp_gc_rl.tsv.gz
83,27677,GOY005.A0101.SG1.2_10M.remove30bp_gc_rl.tsv.gz
84,26543,GOY005.A0101.SG1.2_10M.remove30bp_gc_rl.tsv.gz
85,25648,GOY005.A0101.SG1.2_10M.remove30bp_gc_rl.tsv.gz
86,23715,GOY005.A0101.SG1.2_10M.remove30bp_gc_rl.tsv.gz
87,23515,GOY005.A0101.SG1.2_10M.remove30bp_gc_rl.tsv.gz
88,22391,GOY005.A0101.SG1.2_10M.remove30bp_gc_rl.tsv.gz
89,21351,GOY005.A0101.SG1.2_10M.remove30bp_gc_rl.tsv.gz
90,20436,GOY005.A0101.SG1.2_10M.remove30bp_gc_rl.tsv.gz
91,19470,GOY005.A0101.SG1.2_10M.remove30bp_gc_rl.tsv.gz
92,18501,GOY005.A0101.SG1.2_10M.remove30bp_gc_rl.tsv.gz
93,17799,GOY005.A0101.SG1.2_10M.remove30bp_gc_rl.tsv.gz
94,17156,GOY005.A0101.SG1.2_10M.remove30bp_gc_rl.tsv.gz
95,16360,GOY005.A0101.SG1.2_10M.remove30bp_gc_rl.tsv.gz
96,15896,GOY005.A0101.SG1.2_10M.remove30bp_gc_rl.tsv.gz
97,15072,GOY005.A0101.SG1.2_10M.remove30bp_gc_rl.tsv.gz
98,14471,GOY005.A0101.SG1.2_10M.remove30bp_gc_rl.tsv.gz
99,13907,GOY005.A0101.SG1.2_10M.remove30bp_gc_rl.tsv.gz
100,13516,GOY005.A0101.SG1.2_10M.remove30bp_gc_rl.tsv.gz
101,12925,GOY005.A0101.SG1.2_10M.remove30bp_gc_rl.tsv.gz
102,12500,GOY005.A0101.SG1.2_10M.remove30bp_gc_rl.tsv.gz
103,11944,GOY005.A0101.SG1.2_10M.remove30bp_gc_rl.tsv.gz
104,11368,GOY005.A0101.SG1.2_10M.remove30bp_gc_rl.tsv.gz
105,11164,GOY005.A0101.SG1.2_10M.remove30bp_gc_rl.tsv.gz
106,10700,GOY005.A0101.SG1.2_10M.remove30bp_gc_rl.tsv.gz
107,10231,GOY005.A0101.SG1.2_10M.remove30bp_gc_rl.tsv.gz
108,9837,GOY005.A0101.SG1.2_10M.remove30bp_gc_rl.tsv.gz
109,9512,GOY005.A0101.SG1.2_10M.remove30bp_gc_rl.tsv.gz
110,9348,GOY005.A0101.SG1.2_10M.remove30bp_gc_rl.tsv.gz
111,8961,GOY005.A0101.SG1.2_10M.remove30bp_gc_rl.tsv.gz
112,8670,GOY005.A0101.SG1.2_10M.remove30bp_gc_rl.tsv.gz
113,8187,GOY005.A0101.SG1.2_10M.remove30bp_gc_rl.tsv.gz
114,8094,GOY005.A0101.SG1.2_10M.remove30bp_gc_rl.tsv.gz
115,7742,GOY005.A0101.SG1.2_10M.remove30bp_gc_rl.tsv.gz
116,7424,GOY005.A0101.SG1.2_10M.remove30bp_gc_rl.tsv.gz
117,7180,GOY005.A0101.SG1.2_10M.remove30bp_gc_rl.tsv.gz
118,6813,GOY005.A0101.SG1.2_10M.remove30bp_gc_rl.tsv.gz
119,6579,GOY005.A0101.SG1.2_10M.remove30bp_gc_rl.tsv.gz
120,6548,GOY005.A0101.SG1.2_10M.remove30bp_gc_rl.tsv.gz
121,6387,GOY005.A0101.SG1.2_10M.remove30bp_gc_rl.tsv.gz
122,6085,GOY005.A0101.SG1.2_10M.remove30bp_gc_rl.tsv.gz
123,5944,GOY005.A0101.SG1.2_10M.remove30bp_gc_rl.tsv.gz
124,5580,GOY005.A0101.SG1.2_10M.remove30bp_gc_rl.tsv.gz
125,5469,GOY005.A0101.SG1.2_10M.remove30bp_gc_rl.tsv.gz
126,5283,GOY005.A0101.SG1.2_10M.remove30bp_gc_rl.tsv.gz
127,5120,GOY005.A0101.SG1.2_10M.remove30bp_gc_rl.tsv.gz
128,5074,GOY005.A0101.SG1.2_10M.remove30bp_gc_rl.tsv.gz
129,4862,GOY005.A0101.SG1.2_10M.remove30bp_gc_rl.tsv.gz
130,4794,GOY005.A0101.SG1.2_10M.remove30bp_gc_rl.tsv.gz
131,4608,GOY005.A0101.SG1.2_10M.remove30bp_gc_rl.tsv.gz
132,4337,GOY005.A0101.SG1.2_10M.remove30bp_gc_rl.tsv.gz
133,4277,GOY005.A0101.SG1.2_10M.remove30bp_gc_rl.tsv.gz
134,4167,GOY005.A0101.SG1.2_10M.remove30bp_gc_rl.tsv.gz
135,4089,GOY005.A0101.SG1.2_10M.remove30bp_gc_rl.tsv.gz
136,4081,GOY005.A0101.SG1.2_10M.remove30bp_gc_rl.tsv.gz
137,3954,GOY005.A0101.SG1.2_10M.remove30bp_gc_rl.tsv.gz
138,3798,GOY005.A0101.SG1.2_10M.remove30bp_gc_rl.tsv.gz
139,3875,GOY005.A0101.SG1.2_10M.remove30bp_gc_rl.tsv.gz
140,4019,GOY005.A0101.SG1.2_10M.remove30bp_gc_rl.tsv.gz
141,3520,GOY005.A0101.SG1.2_10M.remove30bp_gc_rl.tsv.gz
30,295985,GOY005.A0103.SG1.4_10M.remove30bp_gc_rl.tsv.gz
31,286704,GOY005.A0103.SG1.4_10M.remove30bp_gc_rl.tsv.gz
32,280289,GOY005.A0103.SG1.4_10M.remove30bp_gc_rl.tsv.gz
33,261414,GOY005.A0103.SG1.4_10M.remove30bp_gc_rl.tsv.gz
34,251679,GOY005.A0103.SG1.4_10M.remove30bp_gc_rl.tsv.gz
35,241195,GOY005.A0103.SG1.4_10M.remove30bp_gc_rl.tsv.gz
36,222637,GOY005.A0103.SG1.4_10M.remove30bp_gc_rl.tsv.gz
37,208549,GOY005.A0103.SG1.4_10M.remove30bp_gc_rl.tsv.gz
38,196920,GOY005.A0103.SG1.4_10M.remove30bp_gc_rl.tsv.gz
39,178684,GOY005.A0103.SG1.4_10M.remove30bp_gc_rl.tsv.gz
40,167037,GOY005.A0103.SG1.4_10M.remove30bp_gc_rl.tsv.gz
41,157466,GOY005.A0103.SG1.4_10M.remove30bp_gc_rl.tsv.gz
42,142997,GOY005.A0103.SG1.4_10M.remove30bp_gc_rl.tsv.gz
43,134072,GOY005.A0103.SG1.4_10M.remove30bp_gc_rl.tsv.gz
44,125808,GOY005.A0103.SG1.4_10M.remove30bp_gc_rl.tsv.gz
45,114148,GOY005.A0103.SG1.4_10M.remove30bp_gc_rl.tsv.gz
46,106780,GOY005.A0103.SG1.4_10M.remove30bp_gc_rl.tsv.gz
47,99574,GOY005.A0103.SG1.4_10M.remove30bp_gc_rl.tsv.gz
48,89817,GOY005.A0103.SG1.4_10M.remove30bp_gc_rl.tsv.gz
49,83454,GOY005.A0103.SG1.4_10M.remove30bp_gc_rl.tsv.gz
50,77294,GOY005.A0103.SG1.4_10M.remove30bp_gc_rl.tsv.gz
51,69162,GOY005.A0103.SG1.4_10M.remove30bp_gc_rl.tsv.gz
52,65020,GOY005.A0103.SG1.4_10M.remove30bp_gc_rl.tsv.gz
53,60282,GOY005.A0103.SG1.4_10M.remove30bp_gc_rl.tsv.gz
54,54516,GOY005.A0103.SG1.4_10M.remove30bp_gc_rl.tsv.gz
55,50784,GOY005.A0103.SG1.4_10M.remove30bp_gc_rl.tsv.gz
56,47391,GOY005.A0103.SG1.4_10M.remove30bp_gc_rl.tsv.gz
57,43075,GOY005.A0103.SG1.4_10M.remove30bp_gc_rl.tsv.gz
58,39793,GOY005.A0103.SG1.4_10M.remove30bp_gc_rl.tsv.gz
59,36798,GOY005.A0103.SG1.4_10M.remove30bp_gc_rl.tsv.gz
60,33232,GOY005.A0103.SG1.4_10M.remove30bp_gc_rl.tsv.gz
61,30607,GOY005.A0103.SG1.4_10M.remove30bp_gc_rl.tsv.gz
62,28609,GOY005.A0103.SG1.4_10M.remove30bp_gc_rl.tsv.gz
63,25875,GOY005.A0103.SG1.4_10M.remove30bp_gc_rl.tsv.gz
64,24222,GOY005.A0103.SG1.4_10M.remove30bp_gc_rl.tsv.gz
65,22699,GOY005.A0103.SG1.4_10M.remove30bp_gc_rl.tsv.gz
66,20972,GOY005.A0103.SG1.4_10M.remove30bp_gc_rl.tsv.gz
67,19967,GOY005.A0103.SG1.4_10M.remove30bp_gc_rl.tsv.gz
68,18326,GOY005.A0103.SG1.4_10M.remove30bp_gc_rl.tsv.gz
69,16776,GOY005.A0103.SG1.4_10M.remove30bp_gc_rl.tsv.gz
70,15836,GOY005.A0103.SG1.4_10M.remove30bp_gc_rl.tsv.gz
71,15805,GOY005.A0103.SG1.4_10M.remove30bp_gc_rl.tsv.gz
72,15745,GOY005.A0103.SG1.4_10M.remove30bp_gc_rl.tsv.gz
73,17186,GOY005.A0103.SG1.4_10M.remove30bp_gc_rl.tsv.gz
74,20730,GOY005.A0103.SG1.4_10M.remove30bp_gc_rl.tsv.gz
75,29251,GOY005.A0103.SG1.4_10M.remove30bp_gc_rl.tsv.gz
76,74506,GOY005.A0103.SG1.4_10M.remove30bp_gc_rl.tsv.gz
77,8608,GOY005.A0103.SG1.4_10M.remove30bp_gc_rl.tsv.gz
78,7845,GOY005.A0103.SG1.4_10M.remove30bp_gc_rl.tsv.gz
79,7412,GOY005.A0103.SG1.4_10M.remove30bp_gc_rl.tsv.gz
80,6755,GOY005.A0103.SG1.4_10M.remove30bp_gc_rl.tsv.gz
81,6127,GOY005.A0103.SG1.4_10M.remove30bp_gc_rl.tsv.gz
82,5888,GOY005.A0103.SG1.4_10M.remove30bp_gc_rl.tsv.gz
83,5573,GOY005.A0103.SG1.4_10M.remove30bp_gc_rl.tsv.gz
84,5051,GOY005.A0103.SG1.4_10M.remove30bp_gc_rl.tsv.gz
85,4583,GOY005.A0103.SG1.4_10M.remove30bp_gc_rl.tsv.gz
86,4549,GOY005.A0103.SG1.4_10M.remove30bp_gc_rl.tsv.gz
87,4071,GOY005.A0103.SG1.4_10M.remove30bp_gc_rl.tsv.gz
88,3867,GOY005.A0103.SG1.4_10M.remove30bp_gc_rl.tsv.gz
89,3507,GOY005.A0103.SG1.4_10M.remove30bp_gc_rl.tsv.gz
90,3285,GOY005.A0103.SG1.4_10M.remove30bp_gc_rl.tsv.gz
91,3048,GOY005.A0103.SG1.4_10M.remove30bp_gc_rl.tsv.gz
92,2901,GOY005.A0103.SG1.4_10M.remove30bp_gc_rl.tsv.gz
93,2728,GOY005.A0103.SG1.4_10M.remove30bp_gc_rl.tsv.gz
94,2560,GOY005.A0103.SG1.4_10M.remove30bp_gc_rl.tsv.gz
95,2509,GOY005.A0103.SG1.4_10M.remove30bp_gc_rl.tsv.gz
96,2263,GOY005.A0103.SG1.4_10M.remove30bp_gc_rl.tsv.gz
97,2083,GOY005.A0103.SG1.4_10M.remove30bp_gc_rl.tsv.gz
98,1990,GOY005.A0103.SG1.4_10M.remove30bp_gc_rl.tsv.gz
99,1894,GOY005.A0103.SG1.4_10M.remove30bp_gc_rl.tsv.gz
100,1789,GOY005.A0103.SG1.4_10M.remove30bp_gc_rl.tsv.gz
101,1676,GOY005.A0103.SG1.4_10M.remove30bp_gc_rl.tsv.gz
102,1596,GOY005.A0103.SG1.4_10M.remove30bp_gc_rl.tsv.gz
103,1465,GOY005.A0103.SG1.4_10M.remove30bp_gc_rl.tsv.gz
104,1345,GOY005.A0103.SG1.4_10M.remove30bp_gc_rl.tsv.gz
105,1339,GOY005.A0103.SG1.4_10M.remove30bp_gc_rl.tsv.gz
106,1286,GOY005.A0103.SG1.4_10M.remove30bp_gc_rl.tsv.gz
107,1161,GOY005.A0103.SG1.4_10M.remove30bp_gc_rl.tsv.gz
108,1172,GOY005.A0103.SG1.4_10M.remove30bp_gc_rl.tsv.gz
109,1068,GOY005.A0103.SG1.4_10M.remove30bp_gc_rl.tsv.gz
110,1102,GOY005.A0103.SG1.4_10M.remove30bp_gc_rl.tsv.gz
111,1002,GOY005.A0103.SG1.4_10M.remove30bp_gc_rl.tsv.gz
112,850,GOY005.A0103.SG1.4_10M.remove30bp_gc_rl.tsv.gz
113,897,GOY005.A0103.SG1.4_10M.remove30bp_gc_rl.tsv.gz
114,821,GOY005.A0103.SG1.4_10M.remove30bp_gc_rl.tsv.gz
115,749,GOY005.A0103.SG1.4_10M.remove30bp_gc_rl.tsv.gz
116,737,GOY005.A0103.SG1.4_10M.remove30bp_gc_rl.tsv.gz
117,652,GOY005.A0103.SG1.4_10M.remove30bp_gc_rl.tsv.gz
118,677,GOY005.A0103.SG1.4_10M.remove30bp_gc_rl.tsv.gz
119,643,GOY005.A0103.SG1.4_10M.remove30bp_gc_rl.tsv.gz
120,648,GOY005.A0103.SG1.4_10M.remove30bp_gc_rl.tsv.gz
121,591,GOY005.A0103.SG1.4_10M.remove30bp_gc_rl.tsv.gz
122,586,GOY005.A0103.SG1.4_10M.remove30bp_gc_rl.tsv.gz
123,533,GOY005.A0103.SG1.4_10M.remove30bp_gc_rl.tsv.gz
124,574,GOY005.A0103.SG1.4_10M.remove30bp_gc_rl.tsv.gz
125,471,GOY005.A0103.SG1.4_10M.remove30bp_gc_rl.tsv.gz
126,474,GOY005.A0103.SG1.4_10M.remove30bp_gc_rl.tsv.gz
127,450,GOY005.A0103.SG1.4_10M.remove30bp_gc_rl.tsv.gz
128,409,GOY005.A0103.SG1.4_10M.remove30bp_gc_rl.tsv.gz
129,387,GOY005.A0103.SG1.4_10M.remove30bp_gc_rl.tsv.gz
130,427,GOY005.A0103.SG1.4_10M.remove30bp_gc_rl.tsv.gz
131,351,GOY005.A0103.SG1.4_10M.remove30bp_gc_rl.tsv.gz
132,371,GOY005.A0103.SG1.4_10M.remove30bp_gc_rl.tsv.gz
133,383,GOY005.A0103.SG1.4_10M.remove30bp_gc_rl.tsv.gz
134,361,GOY005.A0103.SG1.4_10M.remove30bp_gc_rl.tsv.gz
135,363,GOY005.A0103.SG1.4_10M.remove30bp_gc_rl.tsv.gz
136,365,GOY005.A0103.SG1.4_10M.remove30bp_gc_rl.tsv.gz
137,324,GOY005.A0103.SG1.4_10M.remove30bp_gc_rl.tsv.gz
138,313,GOY005.A0103.SG1.4_10M.remove30bp_gc_rl.tsv.gz
139,284,GOY005.A0103.SG1.4_10M.remove30bp_gc_rl.tsv.gz
140,336,GOY005.A0103.SG1.4_10M.remove30bp_gc_rl.tsv.gz
141,239,GOY005.A0103.SG1.4_10M.remove30bp_gc_rl.tsv.gz
30,157091,GOY006.A0101.SG1.2_10M.remove30bp_gc_rl.tsv.gz
31,170821,GOY006.A0101.SG1.2_10M.remove30bp_gc_rl.tsv.gz
32,179086,GOY006.A0101.SG1.2_10M.remove30bp_gc_rl.tsv.gz
33,189567,GOY006.A0101.SG1.2_10M.remove30bp_gc_rl.tsv.gz
34,197127,GOY006.A0101.SG1.2_10M.remove30bp_gc_rl.tsv.gz
35,196549,GOY006.A0101.SG1.2_10M.remove30bp_gc_rl.tsv.gz
36,200693,GOY006.A0101.SG1.2_10M.remove30bp_gc_rl.tsv.gz
37,204919,GOY006.A0101.SG1.2_10M.remove30bp_gc_rl.tsv.gz
38,202820,GOY006.A0101.SG1.2_10M.remove30bp_gc_rl.tsv.gz
39,199065,GOY006.A0101.SG1.2_10M.remove30bp_gc_rl.tsv.gz
40,192707,GOY006.A0101.SG1.2_10M.remove30bp_gc_rl.tsv.gz
41,183377,GOY006.A0101.SG1.2_10M.remove30bp_gc_rl.tsv.gz
42,180373,GOY006.A0101.SG1.2_10M.remove30bp_gc_rl.tsv.gz
43,176540,GOY006.A0101.SG1.2_10M.remove30bp_gc_rl.tsv.gz
44,170108,GOY006.A0101.SG1.2_10M.remove30bp_gc_rl.tsv.gz
45,168969,GOY006.A0101.SG1.2_10M.remove30bp_gc_rl.tsv.gz
46,167424,GOY006.A0101.SG1.2_10M.remove30bp_gc_rl.tsv.gz
47,163170,GOY006.A0101.SG1.2_10M.remove30bp_gc_rl.tsv.gz
48,167017,GOY006.A0101.SG1.2_10M.remove30bp_gc_rl.tsv.gz
49,164636,GOY006.A0101.SG1.2_10M.remove30bp_gc_rl.tsv.gz
50,151562,GOY006.A0101.SG1.2_10M.remove30bp_gc_rl.tsv.gz
51,142156,GOY006.A0101.SG1.2_10M.remove30bp_gc_rl.tsv.gz
52,135690,GOY006.A0101.SG1.2_10M.remove30bp_gc_rl.tsv.gz
53,127711,GOY006.A0101.SG1.2_10M.remove30bp_gc_rl.tsv.gz
54,123970,GOY006.A0101.SG1.2_10M.remove30bp_gc_rl.tsv.gz
55,122077,GOY006.A0101.SG1.2_10M.remove30bp_gc_rl.tsv.gz
56,117934,GOY006.A0101.SG1.2_10M.remove30bp_gc_rl.tsv.gz
57,119332,GOY006.A0101.SG1.2_10M.remove30bp_gc_rl.tsv.gz
58,123181,GOY006.A0101.SG1.2_10M.remove30bp_gc_rl.tsv.gz
59,120203,GOY006.A0101.SG1.2_10M.remove30bp_gc_rl.tsv.gz
60,111808,GOY006.A0101.SG1.2_10M.remove30bp_gc_rl.tsv.gz
61,102668,GOY006.A0101.SG1.2_10M.remove30bp_gc_rl.tsv.gz
62,94554,GOY006.A0101.SG1.2_10M.remove30bp_gc_rl.tsv.gz
63,90649,GOY006.A0101.SG1.2_10M.remove30bp_gc_rl.tsv.gz
64,88215,GOY006.A0101.SG1.2_10M.remove30bp_gc_rl.tsv.gz
65,84705,GOY006.A0101.SG1.2_10M.remove30bp_gc_rl.tsv.gz
66,85307,GOY006.A0101.SG1.2_10M.remove30bp_gc_rl.tsv.gz
67,86758,GOY006.A0101.SG1.2_10M.remove30bp_gc_rl.tsv.gz
68,91577,GOY006.A0101.SG1.2_10M.remove30bp_gc_rl.tsv.gz
69,101286,GOY006.A0101.SG1.2_10M.remove30bp_gc_rl.tsv.gz
70,93454,GOY006.A0101.SG1.2_10M.remove30bp_gc_rl.tsv.gz
71,80232,GOY006.A0101.SG1.2_10M.remove30bp_gc_rl.tsv.gz
72,79861,GOY006.A0101.SG1.2_10M.remove30bp_gc_rl.tsv.gz
73,88163,GOY006.A0101.SG1.2_10M.remove30bp_gc_rl.tsv.gz
74,122304,GOY006.A0101.SG1.2_10M.remove30bp_gc_rl.tsv.gz
75,361545,GOY006.A0101.SG1.2_10M.remove30bp_gc_rl.tsv.gz
76,1394246,GOY006.A0101.SG1.2_10M.remove30bp_gc_rl.tsv.gz
77,61131,GOY006.A0101.SG1.2_10M.remove30bp_gc_rl.tsv.gz
78,69281,GOY006.A0101.SG1.2_10M.remove30bp_gc_rl.tsv.gz
79,76506,GOY006.A0101.SG1.2_10M.remove30bp_gc_rl.tsv.gz
80,70811,GOY006.A0101.SG1.2_10M.remove30bp_gc_rl.tsv.gz
81,58928,GOY006.A0101.SG1.2_10M.remove30bp_gc_rl.tsv.gz
82,49707,GOY006.A0101.SG1.2_10M.remove30bp_gc_rl.tsv.gz
83,45052,GOY006.A0101.SG1.2_10M.remove30bp_gc_rl.tsv.gz
84,42237,GOY006.A0101.SG1.2_10M.remove30bp_gc_rl.tsv.gz
85,41229,GOY006.A0101.SG1.2_10M.remove30bp_gc_rl.tsv.gz
86,40170,GOY006.A0101.SG1.2_10M.remove30bp_gc_rl.tsv.gz
87,40798,GOY006.A0101.SG1.2_10M.remove30bp_gc_rl.tsv.gz
88,43785,GOY006.A0101.SG1.2_10M.remove30bp_gc_rl.tsv.gz
89,49415,GOY006.A0101.SG1.2_10M.remove30bp_gc_rl.tsv.gz
90,52449,GOY006.A0101.SG1.2_10M.remove30bp_gc_rl.tsv.gz
91,45512,GOY006.A0101.SG1.2_10M.remove30bp_gc_rl.tsv.gz
92,38934,GOY006.A0101.SG1.2_10M.remove30bp_gc_rl.tsv.gz
93,34263,GOY006.A0101.SG1.2_10M.remove30bp_gc_rl.tsv.gz
94,32030,GOY006.A0101.SG1.2_10M.remove30bp_gc_rl.tsv.gz
95,30404,GOY006.A0101.SG1.2_10M.remove30bp_gc_rl.tsv.gz
96,30712,GOY006.A0101.SG1.2_10M.remove30bp_gc_rl.tsv.gz
97,31745,GOY006.A0101.SG1.2_10M.remove30bp_gc_rl.tsv.gz
98,34497,GOY006.A0101.SG1.2_10M.remove30bp_gc_rl.tsv.gz
99,38153,GOY006.A0101.SG1.2_10M.remove30bp_gc_rl.tsv.gz
100,38820,GOY006.A0101.SG1.2_10M.remove30bp_gc_rl.tsv.gz
101,35151,GOY006.A0101.SG1.2_10M.remove30bp_gc_rl.tsv.gz
102,30764,GOY006.A0101.SG1.2_10M.remove30bp_gc_rl.tsv.gz
103,28253,GOY006.A0101.SG1.2_10M.remove30bp_gc_rl.tsv.gz
104,26146,GOY006.A0101.SG1.2_10M.remove30bp_gc_rl.tsv.gz
105,25037,GOY006.A0101.SG1.2_10M.remove30bp_gc_rl.tsv.gz
106,24788,GOY006.A0101.SG1.2_10M.remove30bp_gc_rl.tsv.gz
107,25231,GOY006.A0101.SG1.2_10M.remove30bp_gc_rl.tsv.gz
108,27191,GOY006.A0101.SG1.2_10M.remove30bp_gc_rl.tsv.gz
109,30272,GOY006.A0101.SG1.2_10M.remove30bp_gc_rl.tsv.gz
110,32998,GOY006.A0101.SG1.2_10M.remove30bp_gc_rl.tsv.gz
111,32252,GOY006.A0101.SG1.2_10M.remove30bp_gc_rl.tsv.gz
112,27738,GOY006.A0101.SG1.2_10M.remove30bp_gc_rl.tsv.gz
113,24024,GOY006.A0101.SG1.2_10M.remove30bp_gc_rl.tsv.gz
114,21910,GOY006.A0101.SG1.2_10M.remove30bp_gc_rl.tsv.gz
115,20901,GOY006.A0101.SG1.2_10M.remove30bp_gc_rl.tsv.gz
116,20602,GOY006.A0101.SG1.2_10M.remove30bp_gc_rl.tsv.gz
117,20878,GOY006.A0101.SG1.2_10M.remove30bp_gc_rl.tsv.gz
118,22548,GOY006.A0101.SG1.2_10M.remove30bp_gc_rl.tsv.gz
119,24324,GOY006.A0101.SG1.2_10M.remove30bp_gc_rl.tsv.gz
120,25744,GOY006.A0101.SG1.2_10M.remove30bp_gc_rl.tsv.gz
121,25217,GOY006.A0101.SG1.2_10M.remove30bp_gc_rl.tsv.gz
122,22848,GOY006.A0101.SG1.2_10M.remove30bp_gc_rl.tsv.gz
123,20875,GOY006.A0101.SG1.2_10M.remove30bp_gc_rl.tsv.gz
124,18978,GOY006.A0101.SG1.2_10M.remove30bp_gc_rl.tsv.gz
125,17837,GOY006.A0101.SG1.2_10M.remove30bp_gc_rl.tsv.gz
126,17151,GOY006.A0101.SG1.2_10M.remove30bp_gc_rl.tsv.gz
127,17413,GOY006.A0101.SG1.2_10M.remove30bp_gc_rl.tsv.gz
128,17850,GOY006.A0101.SG1.2_10M.remove30bp_gc_rl.tsv.gz
129,18768,GOY006.A0101.SG1.2_10M.remove30bp_gc_rl.tsv.gz
130,19130,GOY006.A0101.SG1.2_10M.remove30bp_gc_rl.tsv.gz
131,18818,GOY006.A0101.SG1.2_10M.remove30bp_gc_rl.tsv.gz
132,18900,GOY006.A0101.SG1.2_10M.remove30bp_gc_rl.tsv.gz
133,18378,GOY006.A0101.SG1.2_10M.remove30bp_gc_rl.tsv.gz
134,18038,GOY006.A0101.SG1.2_10M.remove30bp_gc_rl.tsv.gz
135,16966,GOY006.A0101.SG1.2_10M.remove30bp_gc_rl.tsv.gz
136,17006,GOY006.A0101.SG1.2_10M.remove30bp_gc_rl.tsv.gz
137,17553,GOY006.A0101.SG1.2_10M.remove30bp_gc_rl.tsv.gz
138,17769,GOY006.A0101.SG1.2_10M.remove30bp_gc_rl.tsv.gz
139,19559,GOY006.A0101.SG1.2_10M.remove30bp_gc_rl.tsv.gz
140,21501,GOY006.A0101.SG1.2_10M.remove30bp_gc_rl.tsv.gz
141,18254,GOY006.A0101.SG1.2_10M.remove30bp_gc_rl.tsv.gz
30,264550,GOY006.A0102.SG1.5_10M.remove30bp_gc_rl.tsv.gz
31,263974,GOY006.A0102.SG1.5_10M.remove30bp_gc_rl.tsv.gz
32,260144,GOY006.A0102.SG1.5_10M.remove30bp_gc_rl.tsv.gz
33,243407,GOY006.A0102.SG1.5_10M.remove30bp_gc_rl.tsv.gz
34,239346,GOY006.A0102.SG1.5_10M.remove30bp_gc_rl.tsv.gz
35,233996,GOY006.A0102.SG1.5_10M.remove30bp_gc_rl.tsv.gz
36,218646,GOY006.A0102.SG1.5_10M.remove30bp_gc_rl.tsv.gz
37,210947,GOY006.A0102.SG1.5_10M.remove30bp_gc_rl.tsv.gz
38,204617,GOY006.A0102.SG1.5_10M.remove30bp_gc_rl.tsv.gz
39,190269,GOY006.A0102.SG1.5_10M.remove30bp_gc_rl.tsv.gz
40,185367,GOY006.A0102.SG1.5_10M.remove30bp_gc_rl.tsv.gz
41,179728,GOY006.A0102.SG1.5_10M.remove30bp_gc_rl.tsv.gz
42,163414,GOY006.A0102.SG1.5_10M.remove30bp_gc_rl.tsv.gz
43,152125,GOY006.A0102.SG1.5_10M.remove30bp_gc_rl.tsv.gz
44,144393,GOY006.A0102.SG1.5_10M.remove30bp_gc_rl.tsv.gz
45,133131,GOY006.A0102.SG1.5_10M.remove30bp_gc_rl.tsv.gz
46,125092,GOY006.A0102.SG1.5_10M.remove30bp_gc_rl.tsv.gz
47,119990,GOY006.A0102.SG1.5_10M.remove30bp_gc_rl.tsv.gz
48,111464,GOY006.A0102.SG1.5_10M.remove30bp_gc_rl.tsv.gz
49,106965,GOY006.A0102.SG1.5_10M.remove30bp_gc_rl.tsv.gz
50,103122,GOY006.A0102.SG1.5_10M.remove30bp_gc_rl.tsv.gz
51,95921,GOY006.A0102.SG1.5_10M.remove30bp_gc_rl.tsv.gz
52,91511,GOY006.A0102.SG1.5_10M.remove30bp_gc_rl.tsv.gz
53,84890,GOY006.A0102.SG1.5_10M.remove30bp_gc_rl.tsv.gz
54,76344,GOY006.A0102.SG1.5_10M.remove30bp_gc_rl.tsv.gz
55,71680,GOY006.A0102.SG1.5_10M.remove30bp_gc_rl.tsv.gz
56,68306,GOY006.A0102.SG1.5_10M.remove30bp_gc_rl.tsv.gz
57,62892,GOY006.A0102.SG1.5_10M.remove30bp_gc_rl.tsv.gz
58,60742,GOY006.A0102.SG1.5_10M.remove30bp_gc_rl.tsv.gz
59,58591,GOY006.A0102.SG1.5_10M.remove30bp_gc_rl.tsv.gz
60,55355,GOY006.A0102.SG1.5_10M.remove30bp_gc_rl.tsv.gz
61,53214,GOY006.A0102.SG1.5_10M.remove30bp_gc_rl.tsv.gz
62,51400,GOY006.A0102.SG1.5_10M.remove30bp_gc_rl.tsv.gz
63,46405,GOY006.A0102.SG1.5_10M.remove30bp_gc_rl.tsv.gz
64,42885,GOY006.A0102.SG1.5_10M.remove30bp_gc_rl.tsv.gz
65,40846,GOY006.A0102.SG1.5_10M.remove30bp_gc_rl.tsv.gz
66,37947,GOY006.A0102.SG1.5_10M.remove30bp_gc_rl.tsv.gz
67,36884,GOY006.A0102.SG1.5_10M.remove30bp_gc_rl.tsv.gz
68,35802,GOY006.A0102.SG1.5_10M.remove30bp_gc_rl.tsv.gz
69,34157,GOY006.A0102.SG1.5_10M.remove30bp_gc_rl.tsv.gz
70,34248,GOY006.A0102.SG1.5_10M.remove30bp_gc_rl.tsv.gz
71,34115,GOY006.A0102.SG1.5_10M.remove30bp_gc_rl.tsv.gz
72,34420,GOY006.A0102.SG1.5_10M.remove30bp_gc_rl.tsv.gz
73,33710,GOY006.A0102.SG1.5_10M.remove30bp_gc_rl.tsv.gz
74,34250,GOY006.A0102.SG1.5_10M.remove30bp_gc_rl.tsv.gz
75,55977,GOY006.A0102.SG1.5_10M.remove30bp_gc_rl.tsv.gz
76,307846,GOY006.A0102.SG1.5_10M.remove30bp_gc_rl.tsv.gz
77,21702,GOY006.A0102.SG1.5_10M.remove30bp_gc_rl.tsv.gz
78,20892,GOY006.A0102.SG1.5_10M.remove30bp_gc_rl.tsv.gz
79,20683,GOY006.A0102.SG1.5_10M.remove30bp_gc_rl.tsv.gz
80,20623,GOY006.A0102.SG1.5_10M.remove30bp_gc_rl.tsv.gz
81,20408,GOY006.A0102.SG1.5_10M.remove30bp_gc_rl.tsv.gz
82,20852,GOY006.A0102.SG1.5_10M.remove30bp_gc_rl.tsv.gz
83,20300,GOY006.A0102.SG1.5_10M.remove30bp_gc_rl.tsv.gz
84,17231,GOY006.A0102.SG1.5_10M.remove30bp_gc_rl.tsv.gz
85,15352,GOY006.A0102.SG1.5_10M.remove30bp_gc_rl.tsv.gz
86,14004,GOY006.A0102.SG1.5_10M.remove30bp_gc_rl.tsv.gz
87,13325,GOY006.A0102.SG1.5_10M.remove30bp_gc_rl.tsv.gz
88,12950,GOY006.A0102.SG1.5_10M.remove30bp_gc_rl.tsv.gz
89,12758,GOY006.A0102.SG1.5_10M.remove30bp_gc_rl.tsv.gz
90,12622,GOY006.A0102.SG1.5_10M.remove30bp_gc_rl.tsv.gz
91,12502,GOY006.A0102.SG1.5_10M.remove30bp_gc_rl.tsv.gz
92,12690,GOY006.A0102.SG1.5_10M.remove30bp_gc_rl.tsv.gz
93,12734,GOY006.A0102.SG1.5_10M.remove30bp_gc_rl.tsv.gz
94,11851,GOY006.A0102.SG1.5_10M.remove30bp_gc_rl.tsv.gz
95,10647,GOY006.A0102.SG1.5_10M.remove30bp_gc_rl.tsv.gz
96,9886,GOY006.A0102.SG1.5_10M.remove30bp_gc_rl.tsv.gz
97,9248,GOY006.A0102.SG1.5_10M.remove30bp_gc_rl.tsv.gz
98,8961,GOY006.A0102.SG1.5_10M.remove30bp_gc_rl.tsv.gz
99,8777,GOY006.A0102.SG1.5_10M.remove30bp_gc_rl.tsv.gz
100,8821,GOY006.A0102.SG1.5_10M.remove30bp_gc_rl.tsv.gz
101,8924,GOY006.A0102.SG1.5_10M.remove30bp_gc_rl.tsv.gz
102,9074,GOY006.A0102.SG1.5_10M.remove30bp_gc_rl.tsv.gz
103,8933,GOY006.A0102.SG1.5_10M.remove30bp_gc_rl.tsv.gz
104,8623,GOY006.A0102.SG1.5_10M.remove30bp_gc_rl.tsv.gz
105,7555,GOY006.A0102.SG1.5_10M.remove30bp_gc_rl.tsv.gz
106,7265,GOY006.A0102.SG1.5_10M.remove30bp_gc_rl.tsv.gz
107,6857,GOY006.A0102.SG1.5_10M.remove30bp_gc_rl.tsv.gz
108,6492,GOY006.A0102.SG1.5_10M.remove30bp_gc_rl.tsv.gz
109,6405,GOY006.A0102.SG1.5_10M.remove30bp_gc_rl.tsv.gz
110,6489,GOY006.A0102.SG1.5_10M.remove30bp_gc_rl.tsv.gz
111,6550,GOY006.A0102.SG1.5_10M.remove30bp_gc_rl.tsv.gz
112,6654,GOY006.A0102.SG1.5_10M.remove30bp_gc_rl.tsv.gz
113,6725,GOY006.A0102.SG1.5_10M.remove30bp_gc_rl.tsv.gz
114,6607,GOY006.A0102.SG1.5_10M.remove30bp_gc_rl.tsv.gz
115,5982,GOY006.A0102.SG1.5_10M.remove30bp_gc_rl.tsv.gz
116,5370,GOY006.A0102.SG1.5_10M.remove30bp_gc_rl.tsv.gz
117,5095,GOY006.A0102.SG1.5_10M.remove30bp_gc_rl.tsv.gz
118,4952,GOY006.A0102.SG1.5_10M.remove30bp_gc_rl.tsv.gz
119,4816,GOY006.A0102.SG1.5_10M.remove30bp_gc_rl.tsv.gz
120,4819,GOY006.A0102.SG1.5_10M.remove30bp_gc_rl.tsv.gz
121,4794,GOY006.A0102.SG1.5_10M.remove30bp_gc_rl.tsv.gz
122,4768,GOY006.A0102.SG1.5_10M.remove30bp_gc_rl.tsv.gz
123,4803,GOY006.A0102.SG1.5_10M.remove30bp_gc_rl.tsv.gz
124,4843,GOY006.A0102.SG1.5_10M.remove30bp_gc_rl.tsv.gz
125,4579,GOY006.A0102.SG1.5_10M.remove30bp_gc_rl.tsv.gz
126,4078,GOY006.A0102.SG1.5_10M.remove30bp_gc_rl.tsv.gz
127,3959,GOY006.A0102.SG1.5_10M.remove30bp_gc_rl.tsv.gz
128,3679,GOY006.A0102.SG1.5_10M.remove30bp_gc_rl.tsv.gz
129,3652,GOY006.A0102.SG1.5_10M.remove30bp_gc_rl.tsv.gz
130,3585,GOY006.A0102.SG1.5_10M.remove30bp_gc_rl.tsv.gz
131,3678,GOY006.A0102.SG1.5_10M.remove30bp_gc_rl.tsv.gz
132,3546,GOY006.A0102.SG1.5_10M.remove30bp_gc_rl.tsv.gz
133,3482,GOY006.A0102.SG1.5_10M.remove30bp_gc_rl.tsv.gz
134,3593,GOY006.A0102.SG1.5_10M.remove30bp_gc_rl.tsv.gz
135,3399,GOY006.A0102.SG1.5_10M.remove30bp_gc_rl.tsv.gz
136,3344,GOY006.A0102.SG1.5_10M.remove30bp_gc_rl.tsv.gz
137,3475,GOY006.A0102.SG1.5_10M.remove30bp_gc_rl.tsv.gz
138,3208,GOY006.A0102.SG1.5_10M.remove30bp_gc_rl.tsv.gz
139,3398,GOY006.A0102.SG1.5_10M.remove30bp_gc_rl.tsv.gz
140,3685,GOY006.A0102.SG1.5_10M.remove30bp_gc_rl.tsv.gz
141,3154,GOY006.A0102.SG1.5_10M.remove30bp_gc_rl.tsv.gz
30,64374,GUE001.A0101_10M.remove30bp_gc_rl.tsv.gz
31,70523,GUE001.A0101_10M.remove30bp_gc_rl.tsv.gz
32,76649,GUE001.A0101_10M.remove30bp_gc_rl.tsv.gz
33,81007,GUE001.A0101_10M.remove30bp_gc_rl.tsv.gz
34,86820,GUE001.A0101_10M.remove30bp_gc_rl.tsv.gz
35,93558,GUE001.A0101_10M.remove30bp_gc_rl.tsv.gz
36,98897,GUE001.A0101_10M.remove30bp_gc_rl.tsv.gz
37,103109,GUE001.A0101_10M.remove30bp_gc_rl.tsv.gz
38,104964,GUE001.A0101_10M.remove30bp_gc_rl.tsv.gz
39,109658,GUE001.A0101_10M.remove30bp_gc_rl.tsv.gz
40,111933,GUE001.A0101_10M.remove30bp_gc_rl.tsv.gz
41,113350,GUE001.A0101_10M.remove30bp_gc_rl.tsv.gz
42,115863,GUE001.A0101_10M.remove30bp_gc_rl.tsv.gz
43,118316,GUE001.A0101_10M.remove30bp_gc_rl.tsv.gz
44,118404,GUE001.A0101_10M.remove30bp_gc_rl.tsv.gz
45,121049,GUE001.A0101_10M.remove30bp_gc_rl.tsv.gz
46,121009,GUE001.A0101_10M.remove30bp_gc_rl.tsv.gz
47,122165,GUE001.A0101_10M.remove30bp_gc_rl.tsv.gz
48,122700,GUE001.A0101_10M.remove30bp_gc_rl.tsv.gz
49,120532,GUE001.A0101_10M.remove30bp_gc_rl.tsv.gz
50,119046,GUE001.A0101_10M.remove30bp_gc_rl.tsv.gz
51,118721,GUE001.A0101_10M.remove30bp_gc_rl.tsv.gz
52,117140,GUE001.A0101_10M.remove30bp_gc_rl.tsv.gz
53,116053,GUE001.A0101_10M.remove30bp_gc_rl.tsv.gz
54,115353,GUE001.A0101_10M.remove30bp_gc_rl.tsv.gz
55,115588,GUE001.A0101_10M.remove30bp_gc_rl.tsv.gz
56,113530,GUE001.A0101_10M.remove30bp_gc_rl.tsv.gz
57,112293,GUE001.A0101_10M.remove30bp_gc_rl.tsv.gz
58,112102,GUE001.A0101_10M.remove30bp_gc_rl.tsv.gz
59,110460,GUE001.A0101_10M.remove30bp_gc_rl.tsv.gz
60,109404,GUE001.A0101_10M.remove30bp_gc_rl.tsv.gz
61,107664,GUE001.A0101_10M.remove30bp_gc_rl.tsv.gz
62,104820,GUE001.A0101_10M.remove30bp_gc_rl.tsv.gz
63,103605,GUE001.A0101_10M.remove30bp_gc_rl.tsv.gz
64,103370,GUE001.A0101_10M.remove30bp_gc_rl.tsv.gz
65,100527,GUE001.A0101_10M.remove30bp_gc_rl.tsv.gz
66,100631,GUE001.A0101_10M.remove30bp_gc_rl.tsv.gz
67,98936,GUE001.A0101_10M.remove30bp_gc_rl.tsv.gz
68,98500,GUE001.A0101_10M.remove30bp_gc_rl.tsv.gz
69,100706,GUE001.A0101_10M.remove30bp_gc_rl.tsv.gz
70,100865,GUE001.A0101_10M.remove30bp_gc_rl.tsv.gz
71,99119,GUE001.A0101_10M.remove30bp_gc_rl.tsv.gz
72,107399,GUE001.A0101_10M.remove30bp_gc_rl.tsv.gz
73,129076,GUE001.A0101_10M.remove30bp_gc_rl.tsv.gz
74,204932,GUE001.A0101_10M.remove30bp_gc_rl.tsv.gz
75,570326,GUE001.A0101_10M.remove30bp_gc_rl.tsv.gz
76,1350919,GUE001.A0101_10M.remove30bp_gc_rl.tsv.gz
77,80127,GUE001.A0101_10M.remove30bp_gc_rl.tsv.gz
78,80857,GUE001.A0101_10M.remove30bp_gc_rl.tsv.gz
79,79982,GUE001.A0101_10M.remove30bp_gc_rl.tsv.gz
80,77727,GUE001.A0101_10M.remove30bp_gc_rl.tsv.gz
81,75773,GUE001.A0101_10M.remove30bp_gc_rl.tsv.gz
82,73554,GUE001.A0101_10M.remove30bp_gc_rl.tsv.gz
83,71118,GUE001.A0101_10M.remove30bp_gc_rl.tsv.gz
84,69941,GUE001.A0101_10M.remove30bp_gc_rl.tsv.gz
85,69484,GUE001.A0101_10M.remove30bp_gc_rl.tsv.gz
86,67144,GUE001.A0101_10M.remove30bp_gc_rl.tsv.gz
87,66784,GUE001.A0101_10M.remove30bp_gc_rl.tsv.gz
88,66354,GUE001.A0101_10M.remove30bp_gc_rl.tsv.gz
89,64604,GUE001.A0101_10M.remove30bp_gc_rl.tsv.gz
90,65012,GUE001.A0101_10M.remove30bp_gc_rl.tsv.gz
91,64226,GUE001.A0101_10M.remove30bp_gc_rl.tsv.gz
92,61423,GUE001.A0101_10M.remove30bp_gc_rl.tsv.gz
93,60940,GUE001.A0101_10M.remove30bp_gc_rl.tsv.gz
94,59038,GUE001.A0101_10M.remove30bp_gc_rl.tsv.gz
95,57280,GUE001.A0101_10M.remove30bp_gc_rl.tsv.gz
96,57271,GUE001.A0101_10M.remove30bp_gc_rl.tsv.gz
97,57035,GUE001.A0101_10M.remove30bp_gc_rl.tsv.gz
98,55692,GUE001.A0101_10M.remove30bp_gc_rl.tsv.gz
99,54763,GUE001.A0101_10M.remove30bp_gc_rl.tsv.gz
100,54784,GUE001.A0101_10M.remove30bp_gc_rl.tsv.gz
101,52069,GUE001.A0101_10M.remove30bp_gc_rl.tsv.gz
102,51812,GUE001.A0101_10M.remove30bp_gc_rl.tsv.gz
103,51052,GUE001.A0101_10M.remove30bp_gc_rl.tsv.gz
104,49896,GUE001.A0101_10M.remove30bp_gc_rl.tsv.gz
105,48967,GUE001.A0101_10M.remove30bp_gc_rl.tsv.gz
106,47358,GUE001.A0101_10M.remove30bp_gc_rl.tsv.gz
107,46634,GUE001.A0101_10M.remove30bp_gc_rl.tsv.gz
108,46437,GUE001.A0101_10M.remove30bp_gc_rl.tsv.gz
109,46023,GUE001.A0101_10M.remove30bp_gc_rl.tsv.gz
110,44594,GUE001.A0101_10M.remove30bp_gc_rl.tsv.gz
111,44096,GUE001.A0101_10M.remove30bp_gc_rl.tsv.gz
112,43147,GUE001.A0101_10M.remove30bp_gc_rl.tsv.gz
113,41933,GUE001.A0101_10M.remove30bp_gc_rl.tsv.gz
114,41039,GUE001.A0101_10M.remove30bp_gc_rl.tsv.gz
115,39949,GUE001.A0101_10M.remove30bp_gc_rl.tsv.gz
116,39676,GUE001.A0101_10M.remove30bp_gc_rl.tsv.gz
117,39010,GUE001.A0101_10M.remove30bp_gc_rl.tsv.gz
118,38711,GUE001.A0101_10M.remove30bp_gc_rl.tsv.gz
119,36957,GUE001.A0101_10M.remove30bp_gc_rl.tsv.gz
120,36635,GUE001.A0101_10M.remove30bp_gc_rl.tsv.gz
121,36216,GUE001.A0101_10M.remove30bp_gc_rl.tsv.gz
122,35144,GUE001.A0101_10M.remove30bp_gc_rl.tsv.gz
123,33761,GUE001.A0101_10M.remove30bp_gc_rl.tsv.gz
124,33308,GUE001.A0101_10M.remove30bp_gc_rl.tsv.gz
125,32523,GUE001.A0101_10M.remove30bp_gc_rl.tsv.gz
126,31823,GUE001.A0101_10M.remove30bp_gc_rl.tsv.gz
127,31701,GUE001.A0101_10M.remove30bp_gc_rl.tsv.gz
128,30627,GUE001.A0101_10M.remove30bp_gc_rl.tsv.gz
129,29726,GUE001.A0101_10M.remove30bp_gc_rl.tsv.gz
130,29915,GUE001.A0101_10M.remove30bp_gc_rl.tsv.gz
131,29271,GUE001.A0101_10M.remove30bp_gc_rl.tsv.gz
132,28197,GUE001.A0101_10M.remove30bp_gc_rl.tsv.gz
133,28404,GUE001.A0101_10M.remove30bp_gc_rl.tsv.gz
134,27110,GUE001.A0101_10M.remove30bp_gc_rl.tsv.gz
135,26259,GUE001.A0101_10M.remove30bp_gc_rl.tsv.gz
136,26836,GUE001.A0101_10M.remove30bp_gc_rl.tsv.gz
137,27228,GUE001.A0101_10M.remove30bp_gc_rl.tsv.gz
138,25872,GUE001.A0101_10M.remove30bp_gc_rl.tsv.gz
139,26204,GUE001.A0101_10M.remove30bp_gc_rl.tsv.gz
140,28073,GUE001.A0101_10M.remove30bp_gc_rl.tsv.gz
141,23580,GUE001.A0101_10M.remove30bp_gc_rl.tsv.gz
30,28841,GUE001.A0102.SG1.4_10M.remove30bp_gc_rl.tsv.gz
31,27072,GUE001.A0102.SG1.4_10M.remove30bp_gc_rl.tsv.gz
32,26601,GUE001.A0102.SG1.4_10M.remove30bp_gc_rl.tsv.gz
33,25214,GUE001.A0102.SG1.4_10M.remove30bp_gc_rl.tsv.gz
34,26334,GUE001.A0102.SG1.4_10M.remove30bp_gc_rl.tsv.gz
35,22362,GUE001.A0102.SG1.4_10M.remove30bp_gc_rl.tsv.gz
36,21680,GUE001.A0102.SG1.4_10M.remove30bp_gc_rl.tsv.gz
37,20712,GUE001.A0102.SG1.4_10M.remove30bp_gc_rl.tsv.gz
38,20203,GUE001.A0102.SG1.4_10M.remove30bp_gc_rl.tsv.gz
39,19256,GUE001.A0102.SG1.4_10M.remove30bp_gc_rl.tsv.gz
40,24168,GUE001.A0102.SG1.4_10M.remove30bp_gc_rl.tsv.gz
41,16530,GUE001.A0102.SG1.4_10M.remove30bp_gc_rl.tsv.gz
42,15524,GUE001.A0102.SG1.4_10M.remove30bp_gc_rl.tsv.gz
43,14504,GUE001.A0102.SG1.4_10M.remove30bp_gc_rl.tsv.gz
44,13834,GUE001.A0102.SG1.4_10M.remove30bp_gc_rl.tsv.gz
45,13095,GUE001.A0102.SG1.4_10M.remove30bp_gc_rl.tsv.gz
46,12601,GUE001.A0102.SG1.4_10M.remove30bp_gc_rl.tsv.gz
47,11830,GUE001.A0102.SG1.4_10M.remove30bp_gc_rl.tsv.gz
48,11168,GUE001.A0102.SG1.4_10M.remove30bp_gc_rl.tsv.gz
49,10485,GUE001.A0102.SG1.4_10M.remove30bp_gc_rl.tsv.gz
50,10040,GUE001.A0102.SG1.4_10M.remove30bp_gc_rl.tsv.gz
51,9597,GUE001.A0102.SG1.4_10M.remove30bp_gc_rl.tsv.gz
52,9393,GUE001.A0102.SG1.4_10M.remove30bp_gc_rl.tsv.gz
53,8864,GUE001.A0102.SG1.4_10M.remove30bp_gc_rl.tsv.gz
54,8416,GUE001.A0102.SG1.4_10M.remove30bp_gc_rl.tsv.gz
55,8154,GUE001.A0102.SG1.4_10M.remove30bp_gc_rl.tsv.gz
56,7896,GUE001.A0102.SG1.4_10M.remove30bp_gc_rl.tsv.gz
57,7804,GUE001.A0102.SG1.4_10M.remove30bp_gc_rl.tsv.gz
58,7519,GUE001.A0102.SG1.4_10M.remove30bp_gc_rl.tsv.gz
59,7219,GUE001.A0102.SG1.4_10M.remove30bp_gc_rl.tsv.gz
60,7215,GUE001.A0102.SG1.4_10M.remove30bp_gc_rl.tsv.gz
61,6957,GUE001.A0102.SG1.4_10M.remove30bp_gc_rl.tsv.gz
62,6956,GUE001.A0102.SG1.4_10M.remove30bp_gc_rl.tsv.gz
63,6567,GUE001.A0102.SG1.4_10M.remove30bp_gc_rl.tsv.gz
64,6431,GUE001.A0102.SG1.4_10M.remove30bp_gc_rl.tsv.gz
65,7489,GUE001.A0102.SG1.4_10M.remove30bp_gc_rl.tsv.gz
66,9488,GUE001.A0102.SG1.4_10M.remove30bp_gc_rl.tsv.gz
67,14807,GUE001.A0102.SG1.4_10M.remove30bp_gc_rl.tsv.gz
68,4073,GUE001.A0102.SG1.4_10M.remove30bp_gc_rl.tsv.gz
69,4153,GUE001.A0102.SG1.4_10M.remove30bp_gc_rl.tsv.gz
70,4279,GUE001.A0102.SG1.4_10M.remove30bp_gc_rl.tsv.gz
71,4365,GUE001.A0102.SG1.4_10M.remove30bp_gc_rl.tsv.gz
72,4983,GUE001.A0102.SG1.4_10M.remove30bp_gc_rl.tsv.gz
73,6160,GUE001.A0102.SG1.4_10M.remove30bp_gc_rl.tsv.gz
74,7833,GUE001.A0102.SG1.4_10M.remove30bp_gc_rl.tsv.gz
75,12222,GUE001.A0102.SG1.4_10M.remove30bp_gc_rl.tsv.gz
76,42297,GUE001.A0102.SG1.4_10M.remove30bp_gc_rl.tsv.gz
77,2404,GUE001.A0102.SG1.4_10M.remove30bp_gc_rl.tsv.gz
78,2303,GUE001.A0102.SG1.4_10M.remove30bp_gc_rl.tsv.gz
79,2172,GUE001.A0102.SG1.4_10M.remove30bp_gc_rl.tsv.gz
80,2143,GUE001.A0102.SG1.4_10M.remove30bp_gc_rl.tsv.gz
81,1972,GUE001.A0102.SG1.4_10M.remove30bp_gc_rl.tsv.gz
82,1942,GUE001.A0102.SG1.4_10M.remove30bp_gc_rl.tsv.gz
83,1841,GUE001.A0102.SG1.4_10M.remove30bp_gc_rl.tsv.gz
84,1881,GUE001.A0102.SG1.4_10M.remove30bp_gc_rl.tsv.gz
85,1676,GUE001.A0102.SG1.4_10M.remove30bp_gc_rl.tsv.gz
86,1567,GUE001.A0102.SG1.4_10M.remove30bp_gc_rl.tsv.gz
87,1444,GUE001.A0102.SG1.4_10M.remove30bp_gc_rl.tsv.gz
88,1523,GUE001.A0102.SG1.4_10M.remove30bp_gc_rl.tsv.gz
89,1396,GUE001.A0102.SG1.4_10M.remove30bp_gc_rl.tsv.gz
90,1372,GUE001.A0102.SG1.4_10M.remove30bp_gc_rl.tsv.gz
91,1322,GUE001.A0102.SG1.4_10M.remove30bp_gc_rl.tsv.gz
92,1291,GUE001.A0102.SG1.4_10M.remove30bp_gc_rl.tsv.gz
93,1251,GUE001.A0102.SG1.4_10M.remove30bp_gc_rl.tsv.gz
94,1145,GUE001.A0102.SG1.4_10M.remove30bp_gc_rl.tsv.gz
95,1120,GUE001.A0102.SG1.4_10M.remove30bp_gc_rl.tsv.gz
96,1032,GUE001.A0102.SG1.4_10M.remove30bp_gc_rl.tsv.gz
97,1030,GUE001.A0102.SG1.4_10M.remove30bp_gc_rl.tsv.gz
98,1027,GUE001.A0102.SG1.4_10M.remove30bp_gc_rl.tsv.gz
99,971,GUE001.A0102.SG1.4_10M.remove30bp_gc_rl.tsv.gz
100,952,GUE001.A0102.SG1.4_10M.remove30bp_gc_rl.tsv.gz
101,905,GUE001.A0102.SG1.4_10M.remove30bp_gc_rl.tsv.gz
102,878,GUE001.A0102.SG1.4_10M.remove30bp_gc_rl.tsv.gz
103,839,GUE001.A0102.SG1.4_10M.remove30bp_gc_rl.tsv.gz
104,810,GUE001.A0102.SG1.4_10M.remove30bp_gc_rl.tsv.gz
105,779,GUE001.A0102.SG1.4_10M.remove30bp_gc_rl.tsv.gz
106,722,GUE001.A0102.SG1.4_10M.remove30bp_gc_rl.tsv.gz
107,746,GUE001.A0102.SG1.4_10M.remove30bp_gc_rl.tsv.gz
108,660,GUE001.A0102.SG1.4_10M.remove30bp_gc_rl.tsv.gz
109,707,GUE001.A0102.SG1.4_10M.remove30bp_gc_rl.tsv.gz
110,647,GUE001.A0102.SG1.4_10M.remove30bp_gc_rl.tsv.gz
111,639,GUE001.A0102.SG1.4_10M.remove30bp_gc_rl.tsv.gz
112,593,GUE001.A0102.SG1.4_10M.remove30bp_gc_rl.tsv.gz
113,578,GUE001.A0102.SG1.4_10M.remove30bp_gc_rl.tsv.gz
114,557,GUE001.A0102.SG1.4_10M.remove30bp_gc_rl.tsv.gz
115,532,GUE001.A0102.SG1.4_10M.remove30bp_gc_rl.tsv.gz
116,530,GUE001.A0102.SG1.4_10M.remove30bp_gc_rl.tsv.gz
117,512,GUE001.A0102.SG1.4_10M.remove30bp_gc_rl.tsv.gz
118,466,GUE001.A0102.SG1.4_10M.remove30bp_gc_rl.tsv.gz
119,488,GUE001.A0102.SG1.4_10M.remove30bp_gc_rl.tsv.gz
120,461,GUE001.A0102.SG1.4_10M.remove30bp_gc_rl.tsv.gz
121,437,GUE001.A0102.SG1.4_10M.remove30bp_gc_rl.tsv.gz
122,434,GUE001.A0102.SG1.4_10M.remove30bp_gc_rl.tsv.gz
123,406,GUE001.A0102.SG1.4_10M.remove30bp_gc_rl.tsv.gz
124,416,GUE001.A0102.SG1.4_10M.remove30bp_gc_rl.tsv.gz
125,353,GUE001.A0102.SG1.4_10M.remove30bp_gc_rl.tsv.gz
126,371,GUE001.A0102.SG1.4_10M.remove30bp_gc_rl.tsv.gz
127,338,GUE001.A0102.SG1.4_10M.remove30bp_gc_rl.tsv.gz
128,302,GUE001.A0102.SG1.4_10M.remove30bp_gc_rl.tsv.gz
129,295,GUE001.A0102.SG1.4_10M.remove30bp_gc_rl.tsv.gz
130,313,GUE001.A0102.SG1.4_10M.remove30bp_gc_rl.tsv.gz
131,339,GUE001.A0102.SG1.4_10M.remove30bp_gc_rl.tsv.gz
132,317,GUE001.A0102.SG1.4_10M.remove30bp_gc_rl.tsv.gz
133,293,GUE001.A0102.SG1.4_10M.remove30bp_gc_rl.tsv.gz
134,293,GUE001.A0102.SG1.4_10M.remove30bp_gc_rl.tsv.gz
135,309,GUE001.A0102.SG1.4_10M.remove30bp_gc_rl.tsv.gz
136,280,GUE001.A0102.SG1.4_10M.remove30bp_gc_rl.tsv.gz
137,311,GUE001.A0102.SG1.4_10M.remove30bp_gc_rl.tsv.gz
138,276,GUE001.A0102.SG1.4_10M.remove30bp_gc_rl.tsv.gz
139,236,GUE001.A0102.SG1.4_10M.remove30bp_gc_rl.tsv.gz
140,289,GUE001.A0102.SG1.4_10M.remove30bp_gc_rl.tsv.gz
141,235,GUE001.A0102.SG1.4_10M.remove30bp_gc_rl.tsv.gz
30,64377,PES001.B0101.SG1.3_10M.remove30bp_gc_rl.tsv.gz
31,71826,PES001.B0101.SG1.3_10M.remove30bp_gc_rl.tsv.gz
32,77778,PES001.B0101.SG1.3_10M.remove30bp_gc_rl.tsv.gz
33,88832,PES001.B0101.SG1.3_10M.remove30bp_gc_rl.tsv.gz
34,97712,PES001.B0101.SG1.3_10M.remove30bp_gc_rl.tsv.gz
35,104266,PES001.B0101.SG1.3_10M.remove30bp_gc_rl.tsv.gz
36,112362,PES001.B0101.SG1.3_10M.remove30bp_gc_rl.tsv.gz
37,116892,PES001.B0101.SG1.3_10M.remove30bp_gc_rl.tsv.gz
38,117281,PES001.B0101.SG1.3_10M.remove30bp_gc_rl.tsv.gz
39,122155,PES001.B0101.SG1.3_10M.remove30bp_gc_rl.tsv.gz
40,123702,PES001.B0101.SG1.3_10M.remove30bp_gc_rl.tsv.gz
41,123783,PES001.B0101.SG1.3_10M.remove30bp_gc_rl.tsv.gz
42,128747,PES001.B0101.SG1.3_10M.remove30bp_gc_rl.tsv.gz
43,130759,PES001.B0101.SG1.3_10M.remove30bp_gc_rl.tsv.gz
44,129707,PES001.B0101.SG1.3_10M.remove30bp_gc_rl.tsv.gz
45,135501,PES001.B0101.SG1.3_10M.remove30bp_gc_rl.tsv.gz
46,135704,PES001.B0101.SG1.3_10M.remove30bp_gc_rl.tsv.gz
47,133000,PES001.B0101.SG1.3_10M.remove30bp_gc_rl.tsv.gz
48,135201,PES001.B0101.SG1.3_10M.remove30bp_gc_rl.tsv.gz
49,133831,PES001.B0101.SG1.3_10M.remove30bp_gc_rl.tsv.gz
50,130260,PES001.B0101.SG1.3_10M.remove30bp_gc_rl.tsv.gz
51,132564,PES001.B0101.SG1.3_10M.remove30bp_gc_rl.tsv.gz
52,130910,PES001.B0101.SG1.3_10M.remove30bp_gc_rl.tsv.gz
53,127811,PES001.B0101.SG1.3_10M.remove30bp_gc_rl.tsv.gz
54,130220,PES001.B0101.SG1.3_10M.remove30bp_gc_rl.tsv.gz
55,128982,PES001.B0101.SG1.3_10M.remove30bp_gc_rl.tsv.gz
56,124097,PES001.B0101.SG1.3_10M.remove30bp_gc_rl.tsv.gz
57,125894,PES001.B0101.SG1.3_10M.remove30bp_gc_rl.tsv.gz
58,124048,PES001.B0101.SG1.3_10M.remove30bp_gc_rl.tsv.gz
59,119388,PES001.B0101.SG1.3_10M.remove30bp_gc_rl.tsv.gz
60,121269,PES001.B0101.SG1.3_10M.remove30bp_gc_rl.tsv.gz
61,118306,PES001.B0101.SG1.3_10M.remove30bp_gc_rl.tsv.gz
62,114182,PES001.B0101.SG1.3_10M.remove30bp_gc_rl.tsv.gz
63,116227,PES001.B0101.SG1.3_10M.remove30bp_gc_rl.tsv.gz
64,115132,PES001.B0101.SG1.3_10M.remove30bp_gc_rl.tsv.gz
65,109831,PES001.B0101.SG1.3_10M.remove30bp_gc_rl.tsv.gz
66,111702,PES001.B0101.SG1.3_10M.remove30bp_gc_rl.tsv.gz
67,110025,PES001.B0101.SG1.3_10M.remove30bp_gc_rl.tsv.gz
68,105823,PES001.B0101.SG1.3_10M.remove30bp_gc_rl.tsv.gz
69,108896,PES001.B0101.SG1.3_10M.remove30bp_gc_rl.tsv.gz
70,107969,PES001.B0101.SG1.3_10M.remove30bp_gc_rl.tsv.gz
71,108050,PES001.B0101.SG1.3_10M.remove30bp_gc_rl.tsv.gz
72,114161,PES001.B0101.SG1.3_10M.remove30bp_gc_rl.tsv.gz
73,125203,PES001.B0101.SG1.3_10M.remove30bp_gc_rl.tsv.gz
74,161245,PES001.B0101.SG1.3_10M.remove30bp_gc_rl.tsv.gz
75,445332,PES001.B0101.SG1.3_10M.remove30bp_gc_rl.tsv.gz
76,1630844,PES001.B0101.SG1.3_10M.remove30bp_gc_rl.tsv.gz
77,89002,PES001.B0101.SG1.3_10M.remove30bp_gc_rl.tsv.gz
78,89706,PES001.B0101.SG1.3_10M.remove30bp_gc_rl.tsv.gz
79,87555,PES001.B0101.SG1.3_10M.remove30bp_gc_rl.tsv.gz
80,84136,PES001.B0101.SG1.3_10M.remove30bp_gc_rl.tsv.gz
81,84827,PES001.B0101.SG1.3_10M.remove30bp_gc_rl.tsv.gz
82,82376,PES001.B0101.SG1.3_10M.remove30bp_gc_rl.tsv.gz
83,79435,PES001.B0101.SG1.3_10M.remove30bp_gc_rl.tsv.gz
84,80049,PES001.B0101.SG1.3_10M.remove30bp_gc_rl.tsv.gz
85,78281,PES001.B0101.SG1.3_10M.remove30bp_gc_rl.tsv.gz
86,75233,PES001.B0101.SG1.3_10M.remove30bp_gc_rl.tsv.gz
87,75912,PES001.B0101.SG1.3_10M.remove30bp_gc_rl.tsv.gz
88,73957,PES001.B0101.SG1.3_10M.remove30bp_gc_rl.tsv.gz
89,70263,PES001.B0101.SG1.3_10M.remove30bp_gc_rl.tsv.gz
90,71352,PES001.B0101.SG1.3_10M.remove30bp_gc_rl.tsv.gz
91,69523,PES001.B0101.SG1.3_10M.remove30bp_gc_rl.tsv.gz
92,66526,PES001.B0101.SG1.3_10M.remove30bp_gc_rl.tsv.gz
93,66964,PES001.B0101.SG1.3_10M.remove30bp_gc_rl.tsv.gz
94,65428,PES001.B0101.SG1.3_10M.remove30bp_gc_rl.tsv.gz
95,62772,PES001.B0101.SG1.3_10M.remove30bp_gc_rl.tsv.gz
96,62826,PES001.B0101.SG1.3_10M.remove30bp_gc_rl.tsv.gz
97,61461,PES001.B0101.SG1.3_10M.remove30bp_gc_rl.tsv.gz
98,58426,PES001.B0101.SG1.3_10M.remove30bp_gc_rl.tsv.gz
99,59330,PES001.B0101.SG1.3_10M.remove30bp_gc_rl.tsv.gz
100,57938,PES001.B0101.SG1.3_10M.remove30bp_gc_rl.tsv.gz
101,55063,PES001.B0101.SG1.3_10M.remove30bp_gc_rl.tsv.gz
102,54976,PES001.B0101.SG1.3_10M.remove30bp_gc_rl.tsv.gz
103,54134,PES001.B0101.SG1.3_10M.remove30bp_gc_rl.tsv.gz
104,51378,PES001.B0101.SG1.3_10M.remove30bp_gc_rl.tsv.gz
105,51726,PES001.B0101.SG1.3_10M.remove30bp_gc_rl.tsv.gz
106,50933,PES001.B0101.SG1.3_10M.remove30bp_gc_rl.tsv.gz
107,48194,PES001.B0101.SG1.3_10M.remove30bp_gc_rl.tsv.gz
108,48246,PES001.B0101.SG1.3_10M.remove30bp_gc_rl.tsv.gz
109,47435,PES001.B0101.SG1.3_10M.remove30bp_gc_rl.tsv.gz
110,44796,PES001.B0101.SG1.3_10M.remove30bp_gc_rl.tsv.gz
111,45663,PES001.B0101.SG1.3_10M.remove30bp_gc_rl.tsv.gz
112,44270,PES001.B0101.SG1.3_10M.remove30bp_gc_rl.tsv.gz
113,42350,PES001.B0101.SG1.3_10M.remove30bp_gc_rl.tsv.gz
114,42475,PES001.B0101.SG1.3_10M.remove30bp_gc_rl.tsv.gz
115,41161,PES001.B0101.SG1.3_10M.remove30bp_gc_rl.tsv.gz
116,39269,PES001.B0101.SG1.3_10M.remove30bp_gc_rl.tsv.gz
117,39660,PES001.B0101.SG1.3_10M.remove30bp_gc_rl.tsv.gz
118,38935,PES001.B0101.SG1.3_10M.remove30bp_gc_rl.tsv.gz
119,36516,PES001.B0101.SG1.3_10M.remove30bp_gc_rl.tsv.gz
120,36898,PES001.B0101.SG1.3_10M.remove30bp_gc_rl.tsv.gz
121,36012,PES001.B0101.SG1.3_10M.remove30bp_gc_rl.tsv.gz
122,34614,PES001.B0101.SG1.3_10M.remove30bp_gc_rl.tsv.gz
123,34364,PES001.B0101.SG1.3_10M.remove30bp_gc_rl.tsv.gz
124,33996,PES001.B0101.SG1.3_10M.remove30bp_gc_rl.tsv.gz
125,31881,PES001.B0101.SG1.3_10M.remove30bp_gc_rl.tsv.gz
126,32039,PES001.B0101.SG1.3_10M.remove30bp_gc_rl.tsv.gz
127,31539,PES001.B0101.SG1.3_10M.remove30bp_gc_rl.tsv.gz
128,30321,PES001.B0101.SG1.3_10M.remove30bp_gc_rl.tsv.gz
129,29752,PES001.B0101.SG1.3_10M.remove30bp_gc_rl.tsv.gz
130,29081,PES001.B0101.SG1.3_10M.remove30bp_gc_rl.tsv.gz
131,28302,PES001.B0101.SG1.3_10M.remove30bp_gc_rl.tsv.gz
132,28166,PES001.B0101.SG1.3_10M.remove30bp_gc_rl.tsv.gz
133,27694,PES001.B0101.SG1.3_10M.remove30bp_gc_rl.tsv.gz
134,27064,PES001.B0101.SG1.3_10M.remove30bp_gc_rl.tsv.gz
135,26605,PES001.B0101.SG1.3_10M.remove30bp_gc_rl.tsv.gz
136,26131,PES001.B0101.SG1.3_10M.remove30bp_gc_rl.tsv.gz
137,25802,PES001.B0101.SG1.3_10M.remove30bp_gc_rl.tsv.gz
138,25179,PES001.B0101.SG1.3_10M.remove30bp_gc_rl.tsv.gz
139,25539,PES001.B0101.SG1.3_10M.remove30bp_gc_rl.tsv.gz
140,26949,PES001.B0101.SG1.3_10M.remove30bp_gc_rl.tsv.gz
141,23546,PES001.B0101.SG1.3_10M.remove30bp_gc_rl.tsv.gz
30,213906,PES001.B0102.SG1.5_10M.remove30bp_gc_rl.tsv.gz
31,216292,PES001.B0102.SG1.5_10M.remove30bp_gc_rl.tsv.gz
32,215835,PES001.B0102.SG1.5_10M.remove30bp_gc_rl.tsv.gz
33,205049,PES001.B0102.SG1.5_10M.remove30bp_gc_rl.tsv.gz
34,205530,PES001.B0102.SG1.5_10M.remove30bp_gc_rl.tsv.gz
35,204492,PES001.B0102.SG1.5_10M.remove30bp_gc_rl.tsv.gz
36,192697,PES001.B0102.SG1.5_10M.remove30bp_gc_rl.tsv.gz
37,191363,PES001.B0102.SG1.5_10M.remove30bp_gc_rl.tsv.gz
38,185430,PES001.B0102.SG1.5_10M.remove30bp_gc_rl.tsv.gz
39,172928,PES001.B0102.SG1.5_10M.remove30bp_gc_rl.tsv.gz
40,173920,PES001.B0102.SG1.5_10M.remove30bp_gc_rl.tsv.gz
41,165706,PES001.B0102.SG1.5_10M.remove30bp_gc_rl.tsv.gz
42,153401,PES001.B0102.SG1.5_10M.remove30bp_gc_rl.tsv.gz
43,150844,PES001.B0102.SG1.5_10M.remove30bp_gc_rl.tsv.gz
44,147311,PES001.B0102.SG1.5_10M.remove30bp_gc_rl.tsv.gz
45,137193,PES001.B0102.SG1.5_10M.remove30bp_gc_rl.tsv.gz
46,134789,PES001.B0102.SG1.5_10M.remove30bp_gc_rl.tsv.gz
47,131188,PES001.B0102.SG1.5_10M.remove30bp_gc_rl.tsv.gz
48,121250,PES001.B0102.SG1.5_10M.remove30bp_gc_rl.tsv.gz
49,119184,PES001.B0102.SG1.5_10M.remove30bp_gc_rl.tsv.gz
50,115572,PES001.B0102.SG1.5_10M.remove30bp_gc_rl.tsv.gz
51,106735,PES001.B0102.SG1.5_10M.remove30bp_gc_rl.tsv.gz
52,105313,PES001.B0102.SG1.5_10M.remove30bp_gc_rl.tsv.gz
53,102012,PES001.B0102.SG1.5_10M.remove30bp_gc_rl.tsv.gz
54,94899,PES001.B0102.SG1.5_10M.remove30bp_gc_rl.tsv.gz
55,93193,PES001.B0102.SG1.5_10M.remove30bp_gc_rl.tsv.gz
56,91732,PES001.B0102.SG1.5_10M.remove30bp_gc_rl.tsv.gz
57,84888,PES001.B0102.SG1.5_10M.remove30bp_gc_rl.tsv.gz
58,82559,PES001.B0102.SG1.5_10M.remove30bp_gc_rl.tsv.gz
59,81731,PES001.B0102.SG1.5_10M.remove30bp_gc_rl.tsv.gz
60,75738,PES001.B0102.SG1.5_10M.remove30bp_gc_rl.tsv.gz
61,74447,PES001.B0102.SG1.5_10M.remove30bp_gc_rl.tsv.gz
62,72353,PES001.B0102.SG1.5_10M.remove30bp_gc_rl.tsv.gz
63,67153,PES001.B0102.SG1.5_10M.remove30bp_gc_rl.tsv.gz
64,66411,PES001.B0102.SG1.5_10M.remove30bp_gc_rl.tsv.gz
65,65177,PES001.B0102.SG1.5_10M.remove30bp_gc_rl.tsv.gz
66,60744,PES001.B0102.SG1.5_10M.remove30bp_gc_rl.tsv.gz
67,60357,PES001.B0102.SG1.5_10M.remove30bp_gc_rl.tsv.gz
68,58414,PES001.B0102.SG1.5_10M.remove30bp_gc_rl.tsv.gz
69,54789,PES001.B0102.SG1.5_10M.remove30bp_gc_rl.tsv.gz
70,54123,PES001.B0102.SG1.5_10M.remove30bp_gc_rl.tsv.gz
71,53819,PES001.B0102.SG1.5_10M.remove30bp_gc_rl.tsv.gz
72,50244,PES001.B0102.SG1.5_10M.remove30bp_gc_rl.tsv.gz
73,51097,PES001.B0102.SG1.5_10M.remove30bp_gc_rl.tsv.gz
74,55420,PES001.B0102.SG1.5_10M.remove30bp_gc_rl.tsv.gz
75,87498,PES001.B0102.SG1.5_10M.remove30bp_gc_rl.tsv.gz
76,438087,PES001.B0102.SG1.5_10M.remove30bp_gc_rl.tsv.gz
77,42388,PES001.B0102.SG1.5_10M.remove30bp_gc_rl.tsv.gz
78,39369,PES001.B0102.SG1.5_10M.remove30bp_gc_rl.tsv.gz
79,39018,PES001.B0102.SG1.5_10M.remove30bp_gc_rl.tsv.gz
80,38217,PES001.B0102.SG1.5_10M.remove30bp_gc_rl.tsv.gz
81,35294,PES001.B0102.SG1.5_10M.remove30bp_gc_rl.tsv.gz
82,35100,PES001.B0102.SG1.5_10M.remove30bp_gc_rl.tsv.gz
83,34170,PES001.B0102.SG1.5_10M.remove30bp_gc_rl.tsv.gz
84,31800,PES001.B0102.SG1.5_10M.remove30bp_gc_rl.tsv.gz
85,31223,PES001.B0102.SG1.5_10M.remove30bp_gc_rl.tsv.gz
86,30754,PES001.B0102.SG1.5_10M.remove30bp_gc_rl.tsv.gz
87,28563,PES001.B0102.SG1.5_10M.remove30bp_gc_rl.tsv.gz
88,28305,PES001.B0102.SG1.5_10M.remove30bp_gc_rl.tsv.gz
89,28164,PES001.B0102.SG1.5_10M.remove30bp_gc_rl.tsv.gz
90,25823,PES001.B0102.SG1.5_10M.remove30bp_gc_rl.tsv.gz
91,25462,PES001.B0102.SG1.5_10M.remove30bp_gc_rl.tsv.gz
92,25003,PES001.B0102.SG1.5_10M.remove30bp_gc_rl.tsv.gz
93,23406,PES001.B0102.SG1.5_10M.remove30bp_gc_rl.tsv.gz
94,23226,PES001.B0102.SG1.5_10M.remove30bp_gc_rl.tsv.gz
95,22665,PES001.B0102.SG1.5_10M.remove30bp_gc_rl.tsv.gz
96,21165,PES001.B0102.SG1.5_10M.remove30bp_gc_rl.tsv.gz
97,20972,PES001.B0102.SG1.5_10M.remove30bp_gc_rl.tsv.gz
98,20388,PES001.B0102.SG1.5_10M.remove30bp_gc_rl.tsv.gz
99,19277,PES001.B0102.SG1.5_10M.remove30bp_gc_rl.tsv.gz
100,18934,PES001.B0102.SG1.5_10M.remove30bp_gc_rl.tsv.gz
101,18509,PES001.B0102.SG1.5_10M.remove30bp_gc_rl.tsv.gz
102,17385,PES001.B0102.SG1.5_10M.remove30bp_gc_rl.tsv.gz
103,16928,PES001.B0102.SG1.5_10M.remove30bp_gc_rl.tsv.gz
104,16598,PES001.B0102.SG1.5_10M.remove30bp_gc_rl.tsv.gz
105,15574,PES001.B0102.SG1.5_10M.remove30bp_gc_rl.tsv.gz
106,15399,PES001.B0102.SG1.5_10M.remove30bp_gc_rl.tsv.gz
107,14863,PES001.B0102.SG1.5_10M.remove30bp_gc_rl.tsv.gz
108,13953,PES001.B0102.SG1.5_10M.remove30bp_gc_rl.tsv.gz
109,14182,PES001.B0102.SG1.5_10M.remove30bp_gc_rl.tsv.gz
110,13691,PES001.B0102.SG1.5_10M.remove30bp_gc_rl.tsv.gz
111,12695,PES001.B0102.SG1.5_10M.remove30bp_gc_rl.tsv.gz
112,12841,PES001.B0102.SG1.5_10M.remove30bp_gc_rl.tsv.gz
113,12520,PES001.B0102.SG1.5_10M.remove30bp_gc_rl.tsv.gz
114,11779,PES001.B0102.SG1.5_10M.remove30bp_gc_rl.tsv.gz
115,11711,PES001.B0102.SG1.5_10M.remove30bp_gc_rl.tsv.gz
116,11311,PES001.B0102.SG1.5_10M.remove30bp_gc_rl.tsv.gz
117,10584,PES001.B0102.SG1.5_10M.remove30bp_gc_rl.tsv.gz
118,10472,PES001.B0102.SG1.5_10M.remove30bp_gc_rl.tsv.gz
119,10394,PES001.B0102.SG1.5_10M.remove30bp_gc_rl.tsv.gz
120,9934,PES001.B0102.SG1.5_10M.remove30bp_gc_rl.tsv.gz
121,9379,PES001.B0102.SG1.5_10M.remove30bp_gc_rl.tsv.gz
122,9326,PES001.B0102.SG1.5_10M.remove30bp_gc_rl.tsv.gz
123,8627,PES001.B0102.SG1.5_10M.remove30bp_gc_rl.tsv.gz
124,8689,PES001.B0102.SG1.5_10M.remove30bp_gc_rl.tsv.gz
125,8571,PES001.B0102.SG1.5_10M.remove30bp_gc_rl.tsv.gz
126,8058,PES001.B0102.SG1.5_10M.remove30bp_gc_rl.tsv.gz
127,8002,PES001.B0102.SG1.5_10M.remove30bp_gc_rl.tsv.gz
128,7755,PES001.B0102.SG1.5_10M.remove30bp_gc_rl.tsv.gz
129,7390,PES001.B0102.SG1.5_10M.remove30bp_gc_rl.tsv.gz
130,7231,PES001.B0102.SG1.5_10M.remove30bp_gc_rl.tsv.gz
131,7061,PES001.B0102.SG1.5_10M.remove30bp_gc_rl.tsv.gz
132,6704,PES001.B0102.SG1.5_10M.remove30bp_gc_rl.tsv.gz
133,6612,PES001.B0102.SG1.5_10M.remove30bp_gc_rl.tsv.gz
134,6764,PES001.B0102.SG1.5_10M.remove30bp_gc_rl.tsv.gz
135,6428,PES001.B0102.SG1.5_10M.remove30bp_gc_rl.tsv.gz
136,6231,PES001.B0102.SG1.5_10M.remove30bp_gc_rl.tsv.gz
137,6226,PES001.B0102.SG1.5_10M.remove30bp_gc_rl.tsv.gz
138,5825,PES001.B0102.SG1.5_10M.remove30bp_gc_rl.tsv.gz
139,6013,PES001.B0102.SG1.5_10M.remove30bp_gc_rl.tsv.gz
140,6190,PES001.B0102.SG1.5_10M.remove30bp_gc_rl.tsv.gz
141,5244,PES001.B0102.SG1.5_10M.remove30bp_gc_rl.tsv.gz
30,22805,SPM002.A0101_10M.remove30bp_gc_rl.tsv.gz
31,25367,SPM002.A0101_10M.remove30bp_gc_rl.tsv.gz
32,25926,SPM002.A0101_10M.remove30bp_gc_rl.tsv.gz
33,27894,SPM002.A0101_10M.remove30bp_gc_rl.tsv.gz
34,29629,SPM002.A0101_10M.remove30bp_gc_rl.tsv.gz
35,31874,SPM002.A0101_10M.remove30bp_gc_rl.tsv.gz
36,34903,SPM002.A0101_10M.remove30bp_gc_rl.tsv.gz
37,39776,SPM002.A0101_10M.remove30bp_gc_rl.tsv.gz
38,45550,SPM002.A0101_10M.remove30bp_gc_rl.tsv.gz
39,43590,SPM002.A0101_10M.remove30bp_gc_rl.tsv.gz
40,40497,SPM002.A0101_10M.remove30bp_gc_rl.tsv.gz
41,40091,SPM002.A0101_10M.remove30bp_gc_rl.tsv.gz
42,40428,SPM002.A0101_10M.remove30bp_gc_rl.tsv.gz
43,41845,SPM002.A0101_10M.remove30bp_gc_rl.tsv.gz
44,42490,SPM002.A0101_10M.remove30bp_gc_rl.tsv.gz
45,43677,SPM002.A0101_10M.remove30bp_gc_rl.tsv.gz
46,47133,SPM002.A0101_10M.remove30bp_gc_rl.tsv.gz
47,50683,SPM002.A0101_10M.remove30bp_gc_rl.tsv.gz
48,56267,SPM002.A0101_10M.remove30bp_gc_rl.tsv.gz
49,59473,SPM002.A0101_10M.remove30bp_gc_rl.tsv.gz
50,53316,SPM002.A0101_10M.remove30bp_gc_rl.tsv.gz
51,50079,SPM002.A0101_10M.remove30bp_gc_rl.tsv.gz
52,49158,SPM002.A0101_10M.remove30bp_gc_rl.tsv.gz
53,50088,SPM002.A0101_10M.remove30bp_gc_rl.tsv.gz
54,50100,SPM002.A0101_10M.remove30bp_gc_rl.tsv.gz
55,52161,SPM002.A0101_10M.remove30bp_gc_rl.tsv.gz
56,53318,SPM002.A0101_10M.remove30bp_gc_rl.tsv.gz
57,56638,SPM002.A0101_10M.remove30bp_gc_rl.tsv.gz
58,61160,SPM002.A0101_10M.remove30bp_gc_rl.tsv.gz
59,63848,SPM002.A0101_10M.remove30bp_gc_rl.tsv.gz
60,60607,SPM002.A0101_10M.remove30bp_gc_rl.tsv.gz
61,58084,SPM002.A0101_10M.remove30bp_gc_rl.tsv.gz
62,57039,SPM002.A0101_10M.remove30bp_gc_rl.tsv.gz
63,56957,SPM002.A0101_10M.remove30bp_gc_rl.tsv.gz
64,57766,SPM002.A0101_10M.remove30bp_gc_rl.tsv.gz
65,58657,SPM002.A0101_10M.remove30bp_gc_rl.tsv.gz
66,60387,SPM002.A0101_10M.remove30bp_gc_rl.tsv.gz
67,63958,SPM002.A0101_10M.remove30bp_gc_rl.tsv.gz
68,71427,SPM002.A0101_10M.remove30bp_gc_rl.tsv.gz
69,81671,SPM002.A0101_10M.remove30bp_gc_rl.tsv.gz
70,83718,SPM002.A0101_10M.remove30bp_gc_rl.tsv.gz
71,90840,SPM002.A0101_10M.remove30bp_gc_rl.tsv.gz
72,118914,SPM002.A0101_10M.remove30bp_gc_rl.tsv.gz
73,202868,SPM002.A0101_10M.remove30bp_gc_rl.tsv.gz
74,473753,SPM002.A0101_10M.remove30bp_gc_rl.tsv.gz
75,1558699,SPM002.A0101_10M.remove30bp_gc_rl.tsv.gz
76,3664018,SPM002.A0101_10M.remove30bp_gc_rl.tsv.gz
77,64063,SPM002.A0101_10M.remove30bp_gc_rl.tsv.gz
78,69321,SPM002.A0101_10M.remove30bp_gc_rl.tsv.gz
79,74373,SPM002.A0101_10M.remove30bp_gc_rl.tsv.gz
80,71852,SPM002.A0101_10M.remove30bp_gc_rl.tsv.gz
81,64772,SPM002.A0101_10M.remove30bp_gc_rl.tsv.gz
82,60646,SPM002.A0101_10M.remove30bp_gc_rl.tsv.gz
83,58572,SPM002.A0101_10M.remove30bp_gc_rl.tsv.gz
84,57981,SPM002.A0101_10M.remove30bp_gc_rl.tsv.gz
85,57660,SPM002.A0101_10M.remove30bp_gc_rl.tsv.gz
86,58754,SPM002.A0101_10M.remove30bp_gc_rl.tsv.gz
87,58615,SPM002.A0101_10M.remove30bp_gc_rl.tsv.gz
88,61802,SPM002.A0101_10M.remove30bp_gc_rl.tsv.gz
89,64231,SPM002.A0101_10M.remove30bp_gc_rl.tsv.gz
90,66303,SPM002.A0101_10M.remove30bp_gc_rl.tsv.gz
91,63450,SPM002.A0101_10M.remove30bp_gc_rl.tsv.gz
92,60426,SPM002.A0101_10M.remove30bp_gc_rl.tsv.gz
93,58855,SPM002.A0101_10M.remove30bp_gc_rl.tsv.gz
94,58187,SPM002.A0101_10M.remove30bp_gc_rl.tsv.gz
95,57947,SPM002.A0101_10M.remove30bp_gc_rl.tsv.gz
96,57626,SPM002.A0101_10M.remove30bp_gc_rl.tsv.gz
97,58124,SPM002.A0101_10M.remove30bp_gc_rl.tsv.gz
98,59671,SPM002.A0101_10M.remove30bp_gc_rl.tsv.gz
99,61476,SPM002.A0101_10M.remove30bp_gc_rl.tsv.gz
100,61438,SPM002.A0101_10M.remove30bp_gc_rl.tsv.gz
101,61194,SPM002.A0101_10M.remove30bp_gc_rl.tsv.gz
102,58888,SPM002.A0101_10M.remove30bp_gc_rl.tsv.gz
103,57749,SPM002.A0101_10M.remove30bp_gc_rl.tsv.gz
104,57374,SPM002.A0101_10M.remove30bp_gc_rl.tsv.gz
105,56363,SPM002.A0101_10M.remove30bp_gc_rl.tsv.gz
106,56200,SPM002.A0101_10M.remove30bp_gc_rl.tsv.gz
107,57227,SPM002.A0101_10M.remove30bp_gc_rl.tsv.gz
108,57568,SPM002.A0101_10M.remove30bp_gc_rl.tsv.gz
109,58518,SPM002.A0101_10M.remove30bp_gc_rl.tsv.gz
110,59738,SPM002.A0101_10M.remove30bp_gc_rl.tsv.gz
111,59319,SPM002.A0101_10M.remove30bp_gc_rl.tsv.gz
112,58394,SPM002.A0101_10M.remove30bp_gc_rl.tsv.gz
113,55354,SPM002.A0101_10M.remove30bp_gc_rl.tsv.gz
114,54511,SPM002.A0101_10M.remove30bp_gc_rl.tsv.gz
115,54767,SPM002.A0101_10M.remove30bp_gc_rl.tsv.gz
116,53448,SPM002.A0101_10M.remove30bp_gc_rl.tsv.gz
117,53588,SPM002.A0101_10M.remove30bp_gc_rl.tsv.gz
118,54091,SPM002.A0101_10M.remove30bp_gc_rl.tsv.gz
119,55575,SPM002.A0101_10M.remove30bp_gc_rl.tsv.gz
120,55618,SPM002.A0101_10M.remove30bp_gc_rl.tsv.gz
121,55476,SPM002.A0101_10M.remove30bp_gc_rl.tsv.gz
122,55799,SPM002.A0101_10M.remove30bp_gc_rl.tsv.gz
123,53576,SPM002.A0101_10M.remove30bp_gc_rl.tsv.gz
124,51814,SPM002.A0101_10M.remove30bp_gc_rl.tsv.gz
125,50643,SPM002.A0101_10M.remove30bp_gc_rl.tsv.gz
126,50111,SPM002.A0101_10M.remove30bp_gc_rl.tsv.gz
127,49538,SPM002.A0101_10M.remove30bp_gc_rl.tsv.gz
128,49918,SPM002.A0101_10M.remove30bp_gc_rl.tsv.gz
129,49200,SPM002.A0101_10M.remove30bp_gc_rl.tsv.gz
130,50530,SPM002.A0101_10M.remove30bp_gc_rl.tsv.gz
131,50937,SPM002.A0101_10M.remove30bp_gc_rl.tsv.gz
132,51061,SPM002.A0101_10M.remove30bp_gc_rl.tsv.gz
133,51417,SPM002.A0101_10M.remove30bp_gc_rl.tsv.gz
134,52269,SPM002.A0101_10M.remove30bp_gc_rl.tsv.gz
135,49389,SPM002.A0101_10M.remove30bp_gc_rl.tsv.gz
136,49749,SPM002.A0101_10M.remove30bp_gc_rl.tsv.gz
137,50915,SPM002.A0101_10M.remove30bp_gc_rl.tsv.gz
138,50008,SPM002.A0101_10M.remove30bp_gc_rl.tsv.gz
139,53564,SPM002.A0101_10M.remove30bp_gc_rl.tsv.gz
140,59251,SPM002.A0101_10M.remove30bp_gc_rl.tsv.gz
141,49276,SPM002.A0101_10M.remove30bp_gc_rl.tsv.gz
30,77799,SPM002.A0103.SG1.4_10M.remove30bp_gc_rl.tsv.gz
31,73325,SPM002.A0103.SG1.4_10M.remove30bp_gc_rl.tsv.gz
32,69716,SPM002.A0103.SG1.4_10M.remove30bp_gc_rl.tsv.gz
33,65356,SPM002.A0103.SG1.4_10M.remove30bp_gc_rl.tsv.gz
34,64749,SPM002.A0103.SG1.4_10M.remove30bp_gc_rl.tsv.gz
35,60324,SPM002.A0103.SG1.4_10M.remove30bp_gc_rl.tsv.gz
36,57318,SPM002.A0103.SG1.4_10M.remove30bp_gc_rl.tsv.gz
37,56633,SPM002.A0103.SG1.4_10M.remove30bp_gc_rl.tsv.gz
38,54490,SPM002.A0103.SG1.4_10M.remove30bp_gc_rl.tsv.gz
39,53674,SPM002.A0103.SG1.4_10M.remove30bp_gc_rl.tsv.gz
40,67129,SPM002.A0103.SG1.4_10M.remove30bp_gc_rl.tsv.gz
41,46713,SPM002.A0103.SG1.4_10M.remove30bp_gc_rl.tsv.gz
42,43595,SPM002.A0103.SG1.4_10M.remove30bp_gc_rl.tsv.gz
43,40569,SPM002.A0103.SG1.4_10M.remove30bp_gc_rl.tsv.gz
44,38959,SPM002.A0103.SG1.4_10M.remove30bp_gc_rl.tsv.gz
45,37373,SPM002.A0103.SG1.4_10M.remove30bp_gc_rl.tsv.gz
46,36019,SPM002.A0103.SG1.4_10M.remove30bp_gc_rl.tsv.gz
47,34744,SPM002.A0103.SG1.4_10M.remove30bp_gc_rl.tsv.gz
48,33417,SPM002.A0103.SG1.4_10M.remove30bp_gc_rl.tsv.gz
49,32370,SPM002.A0103.SG1.4_10M.remove30bp_gc_rl.tsv.gz
50,31089,SPM002.A0103.SG1.4_10M.remove30bp_gc_rl.tsv.gz
51,30182,SPM002.A0103.SG1.4_10M.remove30bp_gc_rl.tsv.gz
52,28960,SPM002.A0103.SG1.4_10M.remove30bp_gc_rl.tsv.gz
53,27398,SPM002.A0103.SG1.4_10M.remove30bp_gc_rl.tsv.gz
54,26059,SPM002.A0103.SG1.4_10M.remove30bp_gc_rl.tsv.gz
55,24996,SPM002.A0103.SG1.4_10M.remove30bp_gc_rl.tsv.gz
56,23911,SPM002.A0103.SG1.4_10M.remove30bp_gc_rl.tsv.gz
57,23469,SPM002.A0103.SG1.4_10M.remove30bp_gc_rl.tsv.gz
58,22639,SPM002.A0103.SG1.4_10M.remove30bp_gc_rl.tsv.gz
59,21711,SPM002.A0103.SG1.4_10M.remove30bp_gc_rl.tsv.gz
60,21108,SPM002.A0103.SG1.4_10M.remove30bp_gc_rl.tsv.gz
61,20388,SPM002.A0103.SG1.4_10M.remove30bp_gc_rl.tsv.gz
62,19765,SPM002.A0103.SG1.4_10M.remove30bp_gc_rl.tsv.gz
63,18990,SPM002.A0103.SG1.4_10M.remove30bp_gc_rl.tsv.gz
64,18196,SPM002.A0103.SG1.4_10M.remove30bp_gc_rl.tsv.gz
65,18212,SPM002.A0103.SG1.4_10M.remove30bp_gc_rl.tsv.gz
66,18871,SPM002.A0103.SG1.4_10M.remove30bp_gc_rl.tsv.gz
67,20678,SPM002.A0103.SG1.4_10M.remove30bp_gc_rl.tsv.gz
68,16019,SPM002.A0103.SG1.4_10M.remove30bp_gc_rl.tsv.gz
69,16138,SPM002.A0103.SG1.4_10M.remove30bp_gc_rl.tsv.gz
70,17159,SPM002.A0103.SG1.4_10M.remove30bp_gc_rl.tsv.gz
71,18408,SPM002.A0103.SG1.4_10M.remove30bp_gc_rl.tsv.gz
72,21363,SPM002.A0103.SG1.4_10M.remove30bp_gc_rl.tsv.gz
73,27381,SPM002.A0103.SG1.4_10M.remove30bp_gc_rl.tsv.gz
74,39095,SPM002.A0103.SG1.4_10M.remove30bp_gc_rl.tsv.gz
75,80663,SPM002.A0103.SG1.4_10M.remove30bp_gc_rl.tsv.gz
76,398609,SPM002.A0103.SG1.4_10M.remove30bp_gc_rl.tsv.gz
77,11090,SPM002.A0103.SG1.4_10M.remove30bp_gc_rl.tsv.gz
78,10720,SPM002.A0103.SG1.4_10M.remove30bp_gc_rl.tsv.gz
79,10389,SPM002.A0103.SG1.4_10M.remove30bp_gc_rl.tsv.gz
80,9927,SPM002.A0103.SG1.4_10M.remove30bp_gc_rl.tsv.gz
81,9738,SPM002.A0103.SG1.4_10M.remove30bp_gc_rl.tsv.gz
82,9581,SPM002.A0103.SG1.4_10M.remove30bp_gc_rl.tsv.gz
83,9400,SPM002.A0103.SG1.4_10M.remove30bp_gc_rl.tsv.gz
84,8986,SPM002.A0103.SG1.4_10M.remove30bp_gc_rl.tsv.gz
85,8548,SPM002.A0103.SG1.4_10M.remove30bp_gc_rl.tsv.gz
86,8293,SPM002.A0103.SG1.4_10M.remove30bp_gc_rl.tsv.gz
87,8120,SPM002.A0103.SG1.4_10M.remove30bp_gc_rl.tsv.gz
88,7908,SPM002.A0103.SG1.4_10M.remove30bp_gc_rl.tsv.gz
89,7830,SPM002.A0103.SG1.4_10M.remove30bp_gc_rl.tsv.gz
90,7482,SPM002.A0103.SG1.4_10M.remove30bp_gc_rl.tsv.gz
91,7375,SPM002.A0103.SG1.4_10M.remove30bp_gc_rl.tsv.gz
92,7123,SPM002.A0103.SG1.4_10M.remove30bp_gc_rl.tsv.gz
93,7138,SPM002.A0103.SG1.4_10M.remove30bp_gc_rl.tsv.gz
94,6935,SPM002.A0103.SG1.4_10M.remove30bp_gc_rl.tsv.gz
95,6599,SPM002.A0103.SG1.4_10M.remove30bp_gc_rl.tsv.gz
96,6470,SPM002.A0103.SG1.4_10M.remove30bp_gc_rl.tsv.gz
97,6511,SPM002.A0103.SG1.4_10M.remove30bp_gc_rl.tsv.gz
98,6200,SPM002.A0103.SG1.4_10M.remove30bp_gc_rl.tsv.gz
99,6132,SPM002.A0103.SG1.4_10M.remove30bp_gc_rl.tsv.gz
100,6019,SPM002.A0103.SG1.4_10M.remove30bp_gc_rl.tsv.gz
101,5650,SPM002.A0103.SG1.4_10M.remove30bp_gc_rl.tsv.gz
102,5693,SPM002.A0103.SG1.4_10M.remove30bp_gc_rl.tsv.gz
103,5603,SPM002.A0103.SG1.4_10M.remove30bp_gc_rl.tsv.gz
104,5582,SPM002.A0103.SG1.4_10M.remove30bp_gc_rl.tsv.gz
105,5489,SPM002.A0103.SG1.4_10M.remove30bp_gc_rl.tsv.gz
106,5268,SPM002.A0103.SG1.4_10M.remove30bp_gc_rl.tsv.gz
107,5145,SPM002.A0103.SG1.4_10M.remove30bp_gc_rl.tsv.gz
108,4992,SPM002.A0103.SG1.4_10M.remove30bp_gc_rl.tsv.gz
109,4954,SPM002.A0103.SG1.4_10M.remove30bp_gc_rl.tsv.gz
110,4829,SPM002.A0103.SG1.4_10M.remove30bp_gc_rl.tsv.gz
111,4690,SPM002.A0103.SG1.4_10M.remove30bp_gc_rl.tsv.gz
112,4573,SPM002.A0103.SG1.4_10M.remove30bp_gc_rl.tsv.gz
113,4728,SPM002.A0103.SG1.4_10M.remove30bp_gc_rl.tsv.gz
114,4617,SPM002.A0103.SG1.4_10M.remove30bp_gc_rl.tsv.gz
115,4242,SPM002.A0103.SG1.4_10M.remove30bp_gc_rl.tsv.gz
116,4392,SPM002.A0103.SG1.4_10M.remove30bp_gc_rl.tsv.gz
117,4204,SPM002.A0103.SG1.4_10M.remove30bp_gc_rl.tsv.gz
118,4174,SPM002.A0103.SG1.4_10M.remove30bp_gc_rl.tsv.gz
119,4045,SPM002.A0103.SG1.4_10M.remove30bp_gc_rl.tsv.gz
120,4075,SPM002.A0103.SG1.4_10M.remove30bp_gc_rl.tsv.gz
121,3900,SPM002.A0103.SG1.4_10M.remove30bp_gc_rl.tsv.gz
122,3854,SPM002.A0103.SG1.4_10M.remove30bp_gc_rl.tsv.gz
123,3737,SPM002.A0103.SG1.4_10M.remove30bp_gc_rl.tsv.gz
124,3699,SPM002.A0103.SG1.4_10M.remove30bp_gc_rl.tsv.gz
125,3719,SPM002.A0103.SG1.4_10M.remove30bp_gc_rl.tsv.gz
126,3619,SPM002.A0103.SG1.4_10M.remove30bp_gc_rl.tsv.gz
127,3593,SPM002.A0103.SG1.4_10M.remove30bp_gc_rl.tsv.gz
128,3498,SPM002.A0103.SG1.4_10M.remove30bp_gc_rl.tsv.gz
129,3427,SPM002.A0103.SG1.4_10M.remove30bp_gc_rl.tsv.gz
130,3418,SPM002.A0103.SG1.4_10M.remove30bp_gc_rl.tsv.gz
131,3336,SPM002.A0103.SG1.4_10M.remove30bp_gc_rl.tsv.gz
132,3374,SPM002.A0103.SG1.4_10M.remove30bp_gc_rl.tsv.gz
133,3296,SPM002.A0103.SG1.4_10M.remove30bp_gc_rl.tsv.gz
134,3333,SPM002.A0103.SG1.4_10M.remove30bp_gc_rl.tsv.gz
135,3269,SPM002.A0103.SG1.4_10M.remove30bp_gc_rl.tsv.gz
136,3247,SPM002.A0103.SG1.4_10M.remove30bp_gc_rl.tsv.gz
137,3507,SPM002.A0103.SG1.4_10M.remove30bp_gc_rl.tsv.gz
138,3143,SPM002.A0103.SG1.4_10M.remove30bp_gc_rl.tsv.gz
139,3402,SPM002.A0103.SG1.4_10M.remove30bp_gc_rl.tsv.gz
140,3807,SPM002.A0103.SG1.4_10M.remove30bp_gc_rl.tsv.gz
141,3279,SPM002.A0103.SG1.4_10M.remove30bp_gc_rl.tsv.gz
30,197309,VLD001.A0101_10M.remove30bp_gc_rl.tsv.gz
31,204987,VLD001.A0101_10M.remove30bp_gc_rl.tsv.gz
32,209016,VLD001.A0101_10M.remove30bp_gc_rl.tsv.gz
33,215796,VLD001.A0101_10M.remove30bp_gc_rl.tsv.gz
34,220098,VLD001.A0101_10M.remove30bp_gc_rl.tsv.gz
35,222592,VLD001.A0101_10M.remove30bp_gc_rl.tsv.gz
36,228202,VLD001.A0101_10M.remove30bp_gc_rl.tsv.gz
37,229884,VLD001.A0101_10M.remove30bp_gc_rl.tsv.gz
38,226273,VLD001.A0101_10M.remove30bp_gc_rl.tsv.gz
39,223406,VLD001.A0101_10M.remove30bp_gc_rl.tsv.gz
40,216313,VLD001.A0101_10M.remove30bp_gc_rl.tsv.gz
41,208882,VLD001.A0101_10M.remove30bp_gc_rl.tsv.gz
42,206226,VLD001.A0101_10M.remove30bp_gc_rl.tsv.gz
43,202733,VLD001.A0101_10M.remove30bp_gc_rl.tsv.gz
44,197712,VLD001.A0101_10M.remove30bp_gc_rl.tsv.gz
45,196367,VLD001.A0101_10M.remove30bp_gc_rl.tsv.gz
46,193461,VLD001.A0101_10M.remove30bp_gc_rl.tsv.gz
47,189027,VLD001.A0101_10M.remove30bp_gc_rl.tsv.gz
48,187127,VLD001.A0101_10M.remove30bp_gc_rl.tsv.gz
49,181146,VLD001.A0101_10M.remove30bp_gc_rl.tsv.gz
50,171206,VLD001.A0101_10M.remove30bp_gc_rl.tsv.gz
51,164913,VLD001.A0101_10M.remove30bp_gc_rl.tsv.gz
52,158747,VLD001.A0101_10M.remove30bp_gc_rl.tsv.gz
53,152364,VLD001.A0101_10M.remove30bp_gc_rl.tsv.gz
54,148838,VLD001.A0101_10M.remove30bp_gc_rl.tsv.gz
55,144315,VLD001.A0101_10M.remove30bp_gc_rl.tsv.gz
56,139065,VLD001.A0101_10M.remove30bp_gc_rl.tsv.gz
57,136309,VLD001.A0101_10M.remove30bp_gc_rl.tsv.gz
58,132127,VLD001.A0101_10M.remove30bp_gc_rl.tsv.gz
59,126265,VLD001.A0101_10M.remove30bp_gc_rl.tsv.gz
60,121160,VLD001.A0101_10M.remove30bp_gc_rl.tsv.gz
61,114575,VLD001.A0101_10M.remove30bp_gc_rl.tsv.gz
62,108512,VLD001.A0101_10M.remove30bp_gc_rl.tsv.gz
63,105804,VLD001.A0101_10M.remove30bp_gc_rl.tsv.gz
64,101707,VLD001.A0101_10M.remove30bp_gc_rl.tsv.gz
65,97691,VLD001.A0101_10M.remove30bp_gc_rl.tsv.gz
66,94810,VLD001.A0101_10M.remove30bp_gc_rl.tsv.gz
67,92408,VLD001.A0101_10M.remove30bp_gc_rl.tsv.gz
68,89307,VLD001.A0101_10M.remove30bp_gc_rl.tsv.gz
69,87944,VLD001.A0101_10M.remove30bp_gc_rl.tsv.gz
70,82883,VLD001.A0101_10M.remove30bp_gc_rl.tsv.gz
71,78597,VLD001.A0101_10M.remove30bp_gc_rl.tsv.gz
72,78007,VLD001.A0101_10M.remove30bp_gc_rl.tsv.gz
73,77467,VLD001.A0101_10M.remove30bp_gc_rl.tsv.gz
74,84579,VLD001.A0101_10M.remove30bp_gc_rl.tsv.gz
75,123201,VLD001.A0101_10M.remove30bp_gc_rl.tsv.gz
76,210604,VLD001.A0101_10M.remove30bp_gc_rl.tsv.gz
77,58386,VLD001.A0101_10M.remove30bp_gc_rl.tsv.gz
78,57534,VLD001.A0101_10M.remove30bp_gc_rl.tsv.gz
79,55081,VLD001.A0101_10M.remove30bp_gc_rl.tsv.gz
80,51833,VLD001.A0101_10M.remove30bp_gc_rl.tsv.gz
81,48761,VLD001.A0101_10M.remove30bp_gc_rl.tsv.gz
82,46292,VLD001.A0101_10M.remove30bp_gc_rl.tsv.gz
83,43546,VLD001.A0101_10M.remove30bp_gc_rl.tsv.gz
84,42688,VLD001.A0101_10M.remove30bp_gc_rl.tsv.gz
85,40401,VLD001.A0101_10M.remove30bp_gc_rl.tsv.gz
86,38794,VLD001.A0101_10M.remove30bp_gc_rl.tsv.gz
87,38078,VLD001.A0101_10M.remove30bp_gc_rl.tsv.gz
88,36720,VLD001.A0101_10M.remove30bp_gc_rl.tsv.gz
89,35050,VLD001.A0101_10M.remove30bp_gc_rl.tsv.gz
90,33603,VLD001.A0101_10M.remove30bp_gc_rl.tsv.gz
91,31801,VLD001.A0101_10M.remove30bp_gc_rl.tsv.gz
92,30006,VLD001.A0101_10M.remove30bp_gc_rl.tsv.gz
93,28694,VLD001.A0101_10M.remove30bp_gc_rl.tsv.gz
94,27238,VLD001.A0101_10M.remove30bp_gc_rl.tsv.gz
95,26558,VLD001.A0101_10M.remove30bp_gc_rl.tsv.gz
96,25638,VLD001.A0101_10M.remove30bp_gc_rl.tsv.gz
97,24314,VLD001.A0101_10M.remove30bp_gc_rl.tsv.gz
98,23631,VLD001.A0101_10M.remove30bp_gc_rl.tsv.gz
99,22510,VLD001.A0101_10M.remove30bp_gc_rl.tsv.gz
100,21999,VLD001.A0101_10M.remove30bp_gc_rl.tsv.gz
101,20425,VLD001.A0101_10M.remove30bp_gc_rl.tsv.gz
102,19510,VLD001.A0101_10M.remove30bp_gc_rl.tsv.gz
103,18438,VLD001.A0101_10M.remove30bp_gc_rl.tsv.gz
104,17680,VLD001.A0101_10M.remove30bp_gc_rl.tsv.gz
105,17268,VLD001.A0101_10M.remove30bp_gc_rl.tsv.gz
106,16339,VLD001.A0101_10M.remove30bp_gc_rl.tsv.gz
107,15986,VLD001.A0101_10M.remove30bp_gc_rl.tsv.gz
108,15347,VLD001.A0101_10M.remove30bp_gc_rl.tsv.gz
109,14470,VLD001.A0101_10M.remove30bp_gc_rl.tsv.gz
110,13722,VLD001.A0101_10M.remove30bp_gc_rl.tsv.gz
111,13651,VLD001.A0101_10M.remove30bp_gc_rl.tsv.gz
112,12683,VLD001.A0101_10M.remove30bp_gc_rl.tsv.gz
113,11984,VLD001.A0101_10M.remove30bp_gc_rl.tsv.gz
114,11413,VLD001.A0101_10M.remove30bp_gc_rl.tsv.gz
115,11038,VLD001.A0101_10M.remove30bp_gc_rl.tsv.gz
116,10529,VLD001.A0101_10M.remove30bp_gc_rl.tsv.gz
117,10292,VLD001.A0101_10M.remove30bp_gc_rl.tsv.gz
118,9828,VLD001.A0101_10M.remove30bp_gc_rl.tsv.gz
119,9264,VLD001.A0101_10M.remove30bp_gc_rl.tsv.gz
120,9099,VLD001.A0101_10M.remove30bp_gc_rl.tsv.gz
121,8763,VLD001.A0101_10M.remove30bp_gc_rl.tsv.gz
122,8076,VLD001.A0101_10M.remove30bp_gc_rl.tsv.gz
123,7913,VLD001.A0101_10M.remove30bp_gc_rl.tsv.gz
124,7345,VLD001.A0101_10M.remove30bp_gc_rl.tsv.gz
125,7082,VLD001.A0101_10M.remove30bp_gc_rl.tsv.gz
126,7007,VLD001.A0101_10M.remove30bp_gc_rl.tsv.gz
127,6489,VLD001.A0101_10M.remove30bp_gc_rl.tsv.gz
128,6334,VLD001.A0101_10M.remove30bp_gc_rl.tsv.gz
129,6144,VLD001.A0101_10M.remove30bp_gc_rl.tsv.gz
130,5939,VLD001.A0101_10M.remove30bp_gc_rl.tsv.gz
131,5561,VLD001.A0101_10M.remove30bp_gc_rl.tsv.gz
132,5297,VLD001.A0101_10M.remove30bp_gc_rl.tsv.gz
133,5096,VLD001.A0101_10M.remove30bp_gc_rl.tsv.gz
134,4959,VLD001.A0101_10M.remove30bp_gc_rl.tsv.gz
135,4730,VLD001.A0101_10M.remove30bp_gc_rl.tsv.gz
136,4570,VLD001.A0101_10M.remove30bp_gc_rl.tsv.gz
137,4494,VLD001.A0101_10M.remove30bp_gc_rl.tsv.gz
138,4357,VLD001.A0101_10M.remove30bp_gc_rl.tsv.gz
139,4258,VLD001.A0101_10M.remove30bp_gc_rl.tsv.gz
140,4235,VLD001.A0101_10M.remove30bp_gc_rl.tsv.gz
141,3576,VLD001.A0101_10M.remove30bp_gc_rl.tsv.gz
30,225755,VLD001.A0102.SG1.2_10M.remove30bp_gc_rl.tsv.gz
31,218152,VLD001.A0102.SG1.2_10M.remove30bp_gc_rl.tsv.gz
32,208806,VLD001.A0102.SG1.2_10M.remove30bp_gc_rl.tsv.gz
33,196088,VLD001.A0102.SG1.2_10M.remove30bp_gc_rl.tsv.gz
34,187725,VLD001.A0102.SG1.2_10M.remove30bp_gc_rl.tsv.gz
35,181710,VLD001.A0102.SG1.2_10M.remove30bp_gc_rl.tsv.gz
36,169066,VLD001.A0102.SG1.2_10M.remove30bp_gc_rl.tsv.gz
37,160366,VLD001.A0102.SG1.2_10M.remove30bp_gc_rl.tsv.gz
38,153943,VLD001.A0102.SG1.2_10M.remove30bp_gc_rl.tsv.gz
39,144223,VLD001.A0102.SG1.2_10M.remove30bp_gc_rl.tsv.gz
40,144404,VLD001.A0102.SG1.2_10M.remove30bp_gc_rl.tsv.gz
41,129838,VLD001.A0102.SG1.2_10M.remove30bp_gc_rl.tsv.gz
42,119580,VLD001.A0102.SG1.2_10M.remove30bp_gc_rl.tsv.gz
43,110521,VLD001.A0102.SG1.2_10M.remove30bp_gc_rl.tsv.gz
44,104935,VLD001.A0102.SG1.2_10M.remove30bp_gc_rl.tsv.gz
45,96124,VLD001.A0102.SG1.2_10M.remove30bp_gc_rl.tsv.gz
46,90052,VLD001.A0102.SG1.2_10M.remove30bp_gc_rl.tsv.gz
47,85890,VLD001.A0102.SG1.2_10M.remove30bp_gc_rl.tsv.gz
48,79012,VLD001.A0102.SG1.2_10M.remove30bp_gc_rl.tsv.gz
49,74466,VLD001.A0102.SG1.2_10M.remove30bp_gc_rl.tsv.gz
50,70857,VLD001.A0102.SG1.2_10M.remove30bp_gc_rl.tsv.gz
51,65879,VLD001.A0102.SG1.2_10M.remove30bp_gc_rl.tsv.gz
52,61157,VLD001.A0102.SG1.2_10M.remove30bp_gc_rl.tsv.gz
53,56490,VLD001.A0102.SG1.2_10M.remove30bp_gc_rl.tsv.gz
54,52062,VLD001.A0102.SG1.2_10M.remove30bp_gc_rl.tsv.gz
55,48651,VLD001.A0102.SG1.2_10M.remove30bp_gc_rl.tsv.gz
56,46034,VLD001.A0102.SG1.2_10M.remove30bp_gc_rl.tsv.gz
57,42530,VLD001.A0102.SG1.2_10M.remove30bp_gc_rl.tsv.gz
58,39736,VLD001.A0102.SG1.2_10M.remove30bp_gc_rl.tsv.gz
59,37726,VLD001.A0102.SG1.2_10M.remove30bp_gc_rl.tsv.gz
60,35105,VLD001.A0102.SG1.2_10M.remove30bp_gc_rl.tsv.gz
61,32756,VLD001.A0102.SG1.2_10M.remove30bp_gc_rl.tsv.gz
62,31238,VLD001.A0102.SG1.2_10M.remove30bp_gc_rl.tsv.gz
63,28436,VLD001.A0102.SG1.2_10M.remove30bp_gc_rl.tsv.gz
64,26662,VLD001.A0102.SG1.2_10M.remove30bp_gc_rl.tsv.gz
65,25588,VLD001.A0102.SG1.2_10M.remove30bp_gc_rl.tsv.gz
66,24282,VLD001.A0102.SG1.2_10M.remove30bp_gc_rl.tsv.gz
67,25032,VLD001.A0102.SG1.2_10M.remove30bp_gc_rl.tsv.gz
68,20099,VLD001.A0102.SG1.2_10M.remove30bp_gc_rl.tsv.gz
69,18937,VLD001.A0102.SG1.2_10M.remove30bp_gc_rl.tsv.gz
70,18063,VLD001.A0102.SG1.2_10M.remove30bp_gc_rl.tsv.gz
71,16932,VLD001.A0102.SG1.2_10M.remove30bp_gc_rl.tsv.gz
72,16041,VLD001.A0102.SG1.2_10M.remove30bp_gc_rl.tsv.gz
73,14824,VLD001.A0102.SG1.2_10M.remove30bp_gc_rl.tsv.gz
74,14359,VLD001.A0102.SG1.2_10M.remove30bp_gc_rl.tsv.gz
75,14773,VLD001.A0102.SG1.2_10M.remove30bp_gc_rl.tsv.gz
76,39244,VLD001.A0102.SG1.2_10M.remove30bp_gc_rl.tsv.gz
77,10705,VLD001.A0102.SG1.2_10M.remove30bp_gc_rl.tsv.gz
78,9916,VLD001.A0102.SG1.2_10M.remove30bp_gc_rl.tsv.gz
79,9330,VLD001.A0102.SG1.2_10M.remove30bp_gc_rl.tsv.gz
80,8725,VLD001.A0102.SG1.2_10M.remove30bp_gc_rl.tsv.gz
81,8191,VLD001.A0102.SG1.2_10M.remove30bp_gc_rl.tsv.gz
82,7741,VLD001.A0102.SG1.2_10M.remove30bp_gc_rl.tsv.gz
83,7335,VLD001.A0102.SG1.2_10M.remove30bp_gc_rl.tsv.gz
84,6787,VLD001.A0102.SG1.2_10M.remove30bp_gc_rl.tsv.gz
85,6168,VLD001.A0102.SG1.2_10M.remove30bp_gc_rl.tsv.gz
86,5809,VLD001.A0102.SG1.2_10M.remove30bp_gc_rl.tsv.gz
87,5475,VLD001.A0102.SG1.2_10M.remove30bp_gc_rl.tsv.gz
88,5010,VLD001.A0102.SG1.2_10M.remove30bp_gc_rl.tsv.gz
89,4797,VLD001.A0102.SG1.2_10M.remove30bp_gc_rl.tsv.gz
90,4536,VLD001.A0102.SG1.2_10M.remove30bp_gc_rl.tsv.gz
91,4267,VLD001.A0102.SG1.2_10M.remove30bp_gc_rl.tsv.gz
92,4113,VLD001.A0102.SG1.2_10M.remove30bp_gc_rl.tsv.gz
93,3775,VLD001.A0102.SG1.2_10M.remove30bp_gc_rl.tsv.gz
94,3662,VLD001.A0102.SG1.2_10M.remove30bp_gc_rl.tsv.gz
95,3456,VLD001.A0102.SG1.2_10M.remove30bp_gc_rl.tsv.gz
96,3120,VLD001.A0102.SG1.2_10M.remove30bp_gc_rl.tsv.gz
97,2971,VLD001.A0102.SG1.2_10M.remove30bp_gc_rl.tsv.gz
98,2821,VLD001.A0102.SG1.2_10M.remove30bp_gc_rl.tsv.gz
99,2597,VLD001.A0102.SG1.2_10M.remove30bp_gc_rl.tsv.gz
100,2556,VLD001.A0102.SG1.2_10M.remove30bp_gc_rl.tsv.gz
101,2430,VLD001.A0102.SG1.2_10M.remove30bp_gc_rl.tsv.gz
102,2235,VLD001.A0102.SG1.2_10M.remove30bp_gc_rl.tsv.gz
103,2132,VLD001.A0102.SG1.2_10M.remove30bp_gc_rl.tsv.gz
104,2043,VLD001.A0102.SG1.2_10M.remove30bp_gc_rl.tsv.gz
105,1984,VLD001.A0102.SG1.2_10M.remove30bp_gc_rl.tsv.gz
106,1788,VLD001.A0102.SG1.2_10M.remove30bp_gc_rl.tsv.gz
107,1709,VLD001.A0102.SG1.2_10M.remove30bp_gc_rl.tsv.gz
108,1669,VLD001.A0102.SG1.2_10M.remove30bp_gc_rl.tsv.gz
109,1528,VLD001.A0102.SG1.2_10M.remove30bp_gc_rl.tsv.gz
110,1517,VLD001.A0102.SG1.2_10M.remove30bp_gc_rl.tsv.gz
111,1432,VLD001.A0102.SG1.2_10M.remove30bp_gc_rl.tsv.gz
112,1329,VLD001.A0102.SG1.2_10M.remove30bp_gc_rl.tsv.gz
113,1209,VLD001.A0102.SG1.2_10M.remove30bp_gc_rl.tsv.gz
114,1181,VLD001.A0102.SG1.2_10M.remove30bp_gc_rl.tsv.gz
115,1209,VLD001.A0102.SG1.2_10M.remove30bp_gc_rl.tsv.gz
116,1119,VLD001.A0102.SG1.2_10M.remove30bp_gc_rl.tsv.gz
117,1037,VLD001.A0102.SG1.2_10M.remove30bp_gc_rl.tsv.gz
118,972,VLD001.A0102.SG1.2_10M.remove30bp_gc_rl.tsv.gz
119,852,VLD001.A0102.SG1.2_10M.remove30bp_gc_rl.tsv.gz
120,833,VLD001.A0102.SG1.2_10M.remove30bp_gc_rl.tsv.gz
121,839,VLD001.A0102.SG1.2_10M.remove30bp_gc_rl.tsv.gz
122,788,VLD001.A0102.SG1.2_10M.remove30bp_gc_rl.tsv.gz
123,750,VLD001.A0102.SG1.2_10M.remove30bp_gc_rl.tsv.gz
124,685,VLD001.A0102.SG1.2_10M.remove30bp_gc_rl.tsv.gz
125,664,VLD001.A0102.SG1.2_10M.remove30bp_gc_rl.tsv.gz
126,627,VLD001.A0102.SG1.2_10M.remove30bp_gc_rl.tsv.gz
127,640,VLD001.A0102.SG1.2_10M.remove30bp_gc_rl.tsv.gz
128,599,VLD001.A0102.SG1.2_10M.remove30bp_gc_rl.tsv.gz
129,564,VLD001.A0102.SG1.2_10M.remove30bp_gc_rl.tsv.gz
130,516,VLD001.A0102.SG1.2_10M.remove30bp_gc_rl.tsv.gz
131,523,VLD001.A0102.SG1.2_10M.remove30bp_gc_rl.tsv.gz
132,470,VLD001.A0102.SG1.2_10M.remove30bp_gc_rl.tsv.gz
133,465,VLD001.A0102.SG1.2_10M.remove30bp_gc_rl.tsv.gz
134,443,VLD001.A0102.SG1.2_10M.remove30bp_gc_rl.tsv.gz
135,436,VLD001.A0102.SG1.2_10M.remove30bp_gc_rl.tsv.gz
136,434,VLD001.A0102.SG1.2_10M.remove30bp_gc_rl.tsv.gz
137,373,VLD001.A0102.SG1.2_10M.remove30bp_gc_rl.tsv.gz
138,362,VLD001.A0102.SG1.2_10M.remove30bp_gc_rl.tsv.gz
139,420,VLD001.A0102.SG1.2_10M.remove30bp_gc_rl.tsv.gz
140,385,VLD001.A0102.SG1.2_10M.remove30bp_gc_rl.tsv.gz
141,362,VLD001.A0102.SG1.2_10M.remove30bp_gc_rl.tsv.gz
30,270517,ZAF001.A0101_10M.remove30bp_gc_rl.tsv.gz
31,267121,ZAF001.A0101_10M.remove30bp_gc_rl.tsv.gz
32,259299,ZAF001.A0101_10M.remove30bp_gc_rl.tsv.gz
33,255814,ZAF001.A0101_10M.remove30bp_gc_rl.tsv.gz
34,250235,ZAF001.A0101_10M.remove30bp_gc_rl.tsv.gz
35,240249,ZAF001.A0101_10M.remove30bp_gc_rl.tsv.gz
36,235813,ZAF001.A0101_10M.remove30bp_gc_rl.tsv.gz
37,230324,ZAF001.A0101_10M.remove30bp_gc_rl.tsv.gz
38,222073,ZAF001.A0101_10M.remove30bp_gc_rl.tsv.gz
39,212743,ZAF001.A0101_10M.remove30bp_gc_rl.tsv.gz
40,196737,ZAF001.A0101_10M.remove30bp_gc_rl.tsv.gz
41,181821,ZAF001.A0101_10M.remove30bp_gc_rl.tsv.gz
42,173354,ZAF001.A0101_10M.remove30bp_gc_rl.tsv.gz
43,163225,ZAF001.A0101_10M.remove30bp_gc_rl.tsv.gz
44,154898,ZAF001.A0101_10M.remove30bp_gc_rl.tsv.gz
45,149755,ZAF001.A0101_10M.remove30bp_gc_rl.tsv.gz
46,143722,ZAF001.A0101_10M.remove30bp_gc_rl.tsv.gz
47,138833,ZAF001.A0101_10M.remove30bp_gc_rl.tsv.gz
48,137463,ZAF001.A0101_10M.remove30bp_gc_rl.tsv.gz
49,134510,ZAF001.A0101_10M.remove30bp_gc_rl.tsv.gz
50,125528,ZAF001.A0101_10M.remove30bp_gc_rl.tsv.gz
51,116041,ZAF001.A0101_10M.remove30bp_gc_rl.tsv.gz
52,106610,ZAF001.A0101_10M.remove30bp_gc_rl.tsv.gz
53,100782,ZAF001.A0101_10M.remove30bp_gc_rl.tsv.gz
54,95158,ZAF001.A0101_10M.remove30bp_gc_rl.tsv.gz
55,91547,ZAF001.A0101_10M.remove30bp_gc_rl.tsv.gz
56,88593,ZAF001.A0101_10M.remove30bp_gc_rl.tsv.gz
57,86714,ZAF001.A0101_10M.remove30bp_gc_rl.tsv.gz
58,86416,ZAF001.A0101_10M.remove30bp_gc_rl.tsv.gz
59,85413,ZAF001.A0101_10M.remove30bp_gc_rl.tsv.gz
60,79135,ZAF001.A0101_10M.remove30bp_gc_rl.tsv.gz
61,74326,ZAF001.A0101_10M.remove30bp_gc_rl.tsv.gz
62,69052,ZAF001.A0101_10M.remove30bp_gc_rl.tsv.gz
63,65159,ZAF001.A0101_10M.remove30bp_gc_rl.tsv.gz
64,61578,ZAF001.A0101_10M.remove30bp_gc_rl.tsv.gz
65,58891,ZAF001.A0101_10M.remove30bp_gc_rl.tsv.gz
66,57472,ZAF001.A0101_10M.remove30bp_gc_rl.tsv.gz
67,57071,ZAF001.A0101_10M.remove30bp_gc_rl.tsv.gz
68,58381,ZAF001.A0101_10M.remove30bp_gc_rl.tsv.gz
69,61500,ZAF001.A0101_10M.remove30bp_gc_rl.tsv.gz
70,59742,ZAF001.A0101_10M.remove30bp_gc_rl.tsv.gz
71,54716,ZAF001.A0101_10M.remove30bp_gc_rl.tsv.gz
72,52468,ZAF001.A0101_10M.remove30bp_gc_rl.tsv.gz
73,55791,ZAF001.A0101_10M.remove30bp_gc_rl.tsv.gz
74,71339,ZAF001.A0101_10M.remove30bp_gc_rl.tsv.gz
75,144491,ZAF001.A0101_10M.remove30bp_gc_rl.tsv.gz
76,301458,ZAF001.A0101_10M.remove30bp_gc_rl.tsv.gz
77,37615,ZAF001.A0101_10M.remove30bp_gc_rl.tsv.gz
78,40291,ZAF001.A0101_10M.remove30bp_gc_rl.tsv.gz
79,43867,ZAF001.A0101_10M.remove30bp_gc_rl.tsv.gz
80,43740,ZAF001.A0101_10M.remove30bp_gc_rl.tsv.gz
81,39365,ZAF001.A0101_10M.remove30bp_gc_rl.tsv.gz
82,34195,ZAF001.A0101_10M.remove30bp_gc_rl.tsv.gz
83,30204,ZAF001.A0101_10M.remove30bp_gc_rl.tsv.gz
84,28290,ZAF001.A0101_10M.remove30bp_gc_rl.tsv.gz
85,26795,ZAF001.A0101_10M.remove30bp_gc_rl.tsv.gz
86,26204,ZAF001.A0101_10M.remove30bp_gc_rl.tsv.gz
87,26154,ZAF001.A0101_10M.remove30bp_gc_rl.tsv.gz
88,26373,ZAF001.A0101_10M.remove30bp_gc_rl.tsv.gz
89,28329,ZAF001.A0101_10M.remove30bp_gc_rl.tsv.gz
90,30797,ZAF001.A0101_10M.remove30bp_gc_rl.tsv.gz
91,30366,ZAF001.A0101_10M.remove30bp_gc_rl.tsv.gz
92,28314,ZAF001.A0101_10M.remove30bp_gc_rl.tsv.gz
93,24689,ZAF001.A0101_10M.remove30bp_gc_rl.tsv.gz
94,21228,ZAF001.A0101_10M.remove30bp_gc_rl.tsv.gz
95,20240,ZAF001.A0101_10M.remove30bp_gc_rl.tsv.gz
96,19037,ZAF001.A0101_10M.remove30bp_gc_rl.tsv.gz
97,19278,ZAF001.A0101_10M.remove30bp_gc_rl.tsv.gz
98,19429,ZAF001.A0101_10M.remove30bp_gc_rl.tsv.gz
99,20792,ZAF001.A0101_10M.remove30bp_gc_rl.tsv.gz
100,21883,ZAF001.A0101_10M.remove30bp_gc_rl.tsv.gz
101,20684,ZAF001.A0101_10M.remove30bp_gc_rl.tsv.gz
102,19533,ZAF001.A0101_10M.remove30bp_gc_rl.tsv.gz
103,18399,ZAF001.A0101_10M.remove30bp_gc_rl.tsv.gz
104,16955,ZAF001.A0101_10M.remove30bp_gc_rl.tsv.gz
105,15133,ZAF001.A0101_10M.remove30bp_gc_rl.tsv.gz
106,14750,ZAF001.A0101_10M.remove30bp_gc_rl.tsv.gz
107,14141,ZAF001.A0101_10M.remove30bp_gc_rl.tsv.gz
108,14534,ZAF001.A0101_10M.remove30bp_gc_rl.tsv.gz
109,15646,ZAF001.A0101_10M.remove30bp_gc_rl.tsv.gz
110,16722,ZAF001.A0101_10M.remove30bp_gc_rl.tsv.gz
111,17226,ZAF001.A0101_10M.remove30bp_gc_rl.tsv.gz
112,16368,ZAF001.A0101_10M.remove30bp_gc_rl.tsv.gz
113,13898,ZAF001.A0101_10M.remove30bp_gc_rl.tsv.gz
114,12078,ZAF001.A0101_10M.remove30bp_gc_rl.tsv.gz
115,11759,ZAF001.A0101_10M.remove30bp_gc_rl.tsv.gz
116,10948,ZAF001.A0101_10M.remove30bp_gc_rl.tsv.gz
117,10767,ZAF001.A0101_10M.remove30bp_gc_rl.tsv.gz
118,10946,ZAF001.A0101_10M.remove30bp_gc_rl.tsv.gz
119,11480,ZAF001.A0101_10M.remove30bp_gc_rl.tsv.gz
120,12178,ZAF001.A0101_10M.remove30bp_gc_rl.tsv.gz
121,12636,ZAF001.A0101_10M.remove30bp_gc_rl.tsv.gz
122,12733,ZAF001.A0101_10M.remove30bp_gc_rl.tsv.gz
123,11733,ZAF001.A0101_10M.remove30bp_gc_rl.tsv.gz
124,9891,ZAF001.A0101_10M.remove30bp_gc_rl.tsv.gz
125,8920,ZAF001.A0101_10M.remove30bp_gc_rl.tsv.gz
126,8062,ZAF001.A0101_10M.remove30bp_gc_rl.tsv.gz
127,7794,ZAF001.A0101_10M.remove30bp_gc_rl.tsv.gz
128,7892,ZAF001.A0101_10M.remove30bp_gc_rl.tsv.gz
129,8073,ZAF001.A0101_10M.remove30bp_gc_rl.tsv.gz
130,8244,ZAF001.A0101_10M.remove30bp_gc_rl.tsv.gz
131,8690,ZAF001.A0101_10M.remove30bp_gc_rl.tsv.gz
132,8997,ZAF001.A0101_10M.remove30bp_gc_rl.tsv.gz
133,9167,ZAF001.A0101_10M.remove30bp_gc_rl.tsv.gz
134,8886,ZAF001.A0101_10M.remove30bp_gc_rl.tsv.gz
135,7652,ZAF001.A0101_10M.remove30bp_gc_rl.tsv.gz
136,6905,ZAF001.A0101_10M.remove30bp_gc_rl.tsv.gz
137,6696,ZAF001.A0101_10M.remove30bp_gc_rl.tsv.gz
138,6573,ZAF001.A0101_10M.remove30bp_gc_rl.tsv.gz
139,6886,ZAF001.A0101_10M.remove30bp_gc_rl.tsv.gz
140,7458,ZAF001.A0101_10M.remove30bp_gc_rl.tsv.gz
141,6909,ZAF001.A0101_10M.remove30bp_gc_rl.tsv.gz
30,123330,ZAF001.A0103.SG1.4_10M.remove30bp_gc_rl.tsv.gz
31,117754,ZAF001.A0103.SG1.4_10M.remove30bp_gc_rl.tsv.gz
32,109462,ZAF001.A0103.SG1.4_10M.remove30bp_gc_rl.tsv.gz
33,98935,ZAF001.A0103.SG1.4_10M.remove30bp_gc_rl.tsv.gz
34,94182,ZAF001.A0103.SG1.4_10M.remove30bp_gc_rl.tsv.gz
35,85691,ZAF001.A0103.SG1.4_10M.remove30bp_gc_rl.tsv.gz
36,78709,ZAF001.A0103.SG1.4_10M.remove30bp_gc_rl.tsv.gz
37,74523,ZAF001.A0103.SG1.4_10M.remove30bp_gc_rl.tsv.gz
38,71211,ZAF001.A0103.SG1.4_10M.remove30bp_gc_rl.tsv.gz
39,68384,ZAF001.A0103.SG1.4_10M.remove30bp_gc_rl.tsv.gz
40,81102,ZAF001.A0103.SG1.4_10M.remove30bp_gc_rl.tsv.gz
41,60423,ZAF001.A0103.SG1.4_10M.remove30bp_gc_rl.tsv.gz
42,54025,ZAF001.A0103.SG1.4_10M.remove30bp_gc_rl.tsv.gz
43,48204,ZAF001.A0103.SG1.4_10M.remove30bp_gc_rl.tsv.gz
44,42936,ZAF001.A0103.SG1.4_10M.remove30bp_gc_rl.tsv.gz
45,38647,ZAF001.A0103.SG1.4_10M.remove30bp_gc_rl.tsv.gz
46,35635,ZAF001.A0103.SG1.4_10M.remove30bp_gc_rl.tsv.gz
47,33235,ZAF001.A0103.SG1.4_10M.remove30bp_gc_rl.tsv.gz
48,31243,ZAF001.A0103.SG1.4_10M.remove30bp_gc_rl.tsv.gz
49,29673,ZAF001.A0103.SG1.4_10M.remove30bp_gc_rl.tsv.gz
50,27807,ZAF001.A0103.SG1.4_10M.remove30bp_gc_rl.tsv.gz
51,26765,ZAF001.A0103.SG1.4_10M.remove30bp_gc_rl.tsv.gz
52,26273,ZAF001.A0103.SG1.4_10M.remove30bp_gc_rl.tsv.gz
53,23974,ZAF001.A0103.SG1.4_10M.remove30bp_gc_rl.tsv.gz
54,21027,ZAF001.A0103.SG1.4_10M.remove30bp_gc_rl.tsv.gz
55,18788,ZAF001.A0103.SG1.4_10M.remove30bp_gc_rl.tsv.gz
56,17401,ZAF001.A0103.SG1.4_10M.remove30bp_gc_rl.tsv.gz
57,16185,ZAF001.A0103.SG1.4_10M.remove30bp_gc_rl.tsv.gz
58,15344,ZAF001.A0103.SG1.4_10M.remove30bp_gc_rl.tsv.gz
59,14792,ZAF001.A0103.SG1.4_10M.remove30bp_gc_rl.tsv.gz
60,14327,ZAF001.A0103.SG1.4_10M.remove30bp_gc_rl.tsv.gz
61,13884,ZAF001.A0103.SG1.4_10M.remove30bp_gc_rl.tsv.gz
62,13327,ZAF001.A0103.SG1.4_10M.remove30bp_gc_rl.tsv.gz
63,12586,ZAF001.A0103.SG1.4_10M.remove30bp_gc_rl.tsv.gz
64,11263,ZAF001.A0103.SG1.4_10M.remove30bp_gc_rl.tsv.gz
65,11083,ZAF001.A0103.SG1.4_10M.remove30bp_gc_rl.tsv.gz
66,11557,ZAF001.A0103.SG1.4_10M.remove30bp_gc_rl.tsv.gz
67,13862,ZAF001.A0103.SG1.4_10M.remove30bp_gc_rl.tsv.gz
68,8284,ZAF001.A0103.SG1.4_10M.remove30bp_gc_rl.tsv.gz
69,8035,ZAF001.A0103.SG1.4_10M.remove30bp_gc_rl.tsv.gz
70,8165,ZAF001.A0103.SG1.4_10M.remove30bp_gc_rl.tsv.gz
71,8289,ZAF001.A0103.SG1.4_10M.remove30bp_gc_rl.tsv.gz
72,8956,ZAF001.A0103.SG1.4_10M.remove30bp_gc_rl.tsv.gz
73,9689,ZAF001.A0103.SG1.4_10M.remove30bp_gc_rl.tsv.gz
74,10750,ZAF001.A0103.SG1.4_10M.remove30bp_gc_rl.tsv.gz
75,15544,ZAF001.A0103.SG1.4_10M.remove30bp_gc_rl.tsv.gz
76,57667,ZAF001.A0103.SG1.4_10M.remove30bp_gc_rl.tsv.gz
77,4640,ZAF001.A0103.SG1.4_10M.remove30bp_gc_rl.tsv.gz
78,4454,ZAF001.A0103.SG1.4_10M.remove30bp_gc_rl.tsv.gz
79,4260,ZAF001.A0103.SG1.4_10M.remove30bp_gc_rl.tsv.gz
80,3952,ZAF001.A0103.SG1.4_10M.remove30bp_gc_rl.tsv.gz
81,4160,ZAF001.A0103.SG1.4_10M.remove30bp_gc_rl.tsv.gz
82,4262,ZAF001.A0103.SG1.4_10M.remove30bp_gc_rl.tsv.gz
83,4255,ZAF001.A0103.SG1.4_10M.remove30bp_gc_rl.tsv.gz
84,3875,ZAF001.A0103.SG1.4_10M.remove30bp_gc_rl.tsv.gz
85,3271,ZAF001.A0103.SG1.4_10M.remove30bp_gc_rl.tsv.gz
86,2876,ZAF001.A0103.SG1.4_10M.remove30bp_gc_rl.tsv.gz
87,2723,ZAF001.A0103.SG1.4_10M.remove30bp_gc_rl.tsv.gz
88,2469,ZAF001.A0103.SG1.4_10M.remove30bp_gc_rl.tsv.gz
89,2591,ZAF001.A0103.SG1.4_10M.remove30bp_gc_rl.tsv.gz
90,2411,ZAF001.A0103.SG1.4_10M.remove30bp_gc_rl.tsv.gz
91,2379,ZAF001.A0103.SG1.4_10M.remove30bp_gc_rl.tsv.gz
92,2535,ZAF001.A0103.SG1.4_10M.remove30bp_gc_rl.tsv.gz
93,2475,ZAF001.A0103.SG1.4_10M.remove30bp_gc_rl.tsv.gz
94,2418,ZAF001.A0103.SG1.4_10M.remove30bp_gc_rl.tsv.gz
95,2317,ZAF001.A0103.SG1.4_10M.remove30bp_gc_rl.tsv.gz
96,2086,ZAF001.A0103.SG1.4_10M.remove30bp_gc_rl.tsv.gz
97,1771,ZAF001.A0103.SG1.4_10M.remove30bp_gc_rl.tsv.gz
98,1669,ZAF001.A0103.SG1.4_10M.remove30bp_gc_rl.tsv.gz
99,1603,ZAF001.A0103.SG1.4_10M.remove30bp_gc_rl.tsv.gz
100,1576,ZAF001.A0103.SG1.4_10M.remove30bp_gc_rl.tsv.gz
101,1570,ZAF001.A0103.SG1.4_10M.remove30bp_gc_rl.tsv.gz
102,1624,ZAF001.A0103.SG1.4_10M.remove30bp_gc_rl.tsv.gz
103,1589,ZAF001.A0103.SG1.4_10M.remove30bp_gc_rl.tsv.gz
104,1522,ZAF001.A0103.SG1.4_10M.remove30bp_gc_rl.tsv.gz
105,1481,ZAF001.A0103.SG1.4_10M.remove30bp_gc_rl.tsv.gz
106,1345,ZAF001.A0103.SG1.4_10M.remove30bp_gc_rl.tsv.gz
107,1256,ZAF001.A0103.SG1.4_10M.remove30bp_gc_rl.tsv.gz
108,1171,ZAF001.A0103.SG1.4_10M.remove30bp_gc_rl.tsv.gz
109,1097,ZAF001.A0103.SG1.4_10M.remove30bp_gc_rl.tsv.gz
110,1120,ZAF001.A0103.SG1.4_10M.remove30bp_gc_rl.tsv.gz
111,1111,ZAF001.A0103.SG1.4_10M.remove30bp_gc_rl.tsv.gz
112,1171,ZAF001.A0103.SG1.4_10M.remove30bp_gc_rl.tsv.gz
113,1146,ZAF001.A0103.SG1.4_10M.remove30bp_gc_rl.tsv.gz
114,1114,ZAF001.A0103.SG1.4_10M.remove30bp_gc_rl.tsv.gz
115,1058,ZAF001.A0103.SG1.4_10M.remove30bp_gc_rl.tsv.gz
116,983,ZAF001.A0103.SG1.4_10M.remove30bp_gc_rl.tsv.gz
117,875,ZAF001.A0103.SG1.4_10M.remove30bp_gc_rl.tsv.gz
118,830,ZAF001.A0103.SG1.4_10M.remove30bp_gc_rl.tsv.gz
119,794,ZAF001.A0103.SG1.4_10M.remove30bp_gc_rl.tsv.gz
120,786,ZAF001.A0103.SG1.4_10M.remove30bp_gc_rl.tsv.gz
121,785,ZAF001.A0103.SG1.4_10M.remove30bp_gc_rl.tsv.gz
122,808,ZAF001.A0103.SG1.4_10M.remove30bp_gc_rl.tsv.gz
123,839,ZAF001.A0103.SG1.4_10M.remove30bp_gc_rl.tsv.gz
124,807,ZAF001.A0103.SG1.4_10M.remove30bp_gc_rl.tsv.gz
125,827,ZAF001.A0103.SG1.4_10M.remove30bp_gc_rl.tsv.gz
126,755,ZAF001.A0103.SG1.4_10M.remove30bp_gc_rl.tsv.gz
127,659,ZAF001.A0103.SG1.4_10M.remove30bp_gc_rl.tsv.gz
128,628,ZAF001.A0103.SG1.4_10M.remove30bp_gc_rl.tsv.gz
129,608,ZAF001.A0103.SG1.4_10M.remove30bp_gc_rl.tsv.gz
130,527,ZAF001.A0103.SG1.4_10M.remove30bp_gc_rl.tsv.gz
131,609,ZAF001.A0103.SG1.4_10M.remove30bp_gc_rl.tsv.gz
132,576,ZAF001.A0103.SG1.4_10M.remove30bp_gc_rl.tsv.gz
133,613,ZAF001.A0103.SG1.4_10M.remove30bp_gc_rl.tsv.gz
134,606,ZAF001.A0103.SG1.4_10M.remove30bp_gc_rl.tsv.gz
135,549,ZAF001.A0103.SG1.4_10M.remove30bp_gc_rl.tsv.gz
136,589,ZAF001.A0103.SG1.4_10M.remove30bp_gc_rl.tsv.gz
137,543,ZAF001.A0103.SG1.4_10M.remove30bp_gc_rl.tsv.gz
138,492,ZAF001.A0103.SG1.4_10M.remove30bp_gc_rl.tsv.gz
139,483,ZAF001.A0103.SG1.4_10M.remove30bp_gc_rl.tsv.gz
140,530,ZAF001.A0103.SG1.4_10M.remove30bp_gc_rl.tsv.gz
141,476,ZAF001.A0103.SG1.4_10M.remove30bp_gc_rl.tsv.gz
