gc_bin,counts_gc,Study
"[0,1]",1,BAN001.A0101.SG1.1_5M.classified_gc_rl.tsv.gz
"(4,5]",2,BAN001.A0101.SG1.1_5M.classified_gc_rl.tsv.gz
"(5,6]",2,BAN001.A0101.SG1.1_5M.classified_gc_rl.tsv.gz
"(6,7]",3,BAN001.A0101.SG1.1_5M.classified_gc_rl.tsv.gz
"(7,8]",1,BAN001.A0101.SG1.1_5M.classified_gc_rl.tsv.gz
"(8,9]",1,BAN001.A0101.SG1.1_5M.classified_gc_rl.tsv.gz
"(9,10]",2,BAN001.A0101.SG1.1_5M.classified_gc_rl.tsv.gz
"(11,12]",5,BAN001.A0101.SG1.1_5M.classified_gc_rl.tsv.gz
"(12,13]",6,BAN001.A0101.SG1.1_5M.classified_gc_rl.tsv.gz
"(13,14]",8,BAN001.A0101.SG1.1_5M.classified_gc_rl.tsv.gz
"(14,15]",13,BAN001.A0101.SG1.1_5M.classified_gc_rl.tsv.gz
"(15,16]",24,BAN001.A0101.SG1.1_5M.classified_gc_rl.tsv.gz
"(16,17]",56,BAN001.A0101.SG1.1_5M.classified_gc_rl.tsv.gz
"(17,18]",66,BAN001.A0101.SG1.1_5M.classified_gc_rl.tsv.gz
"(18,19]",95,BAN001.A0101.SG1.1_5M.classified_gc_rl.tsv.gz
"(19,20]",227,BAN001.A0101.SG1.1_5M.classified_gc_rl.tsv.gz
"(20,21]",203,BAN001.A0101.SG1.1_5M.classified_gc_rl.tsv.gz
"(21,22]",367,BAN001.A0101.SG1.1_5M.classified_gc_rl.tsv.gz
"(22,23]",412,BAN001.A0101.SG1.1_5M.classified_gc_rl.tsv.gz
"(23,24]",602,BAN001.A0101.SG1.1_5M.classified_gc_rl.tsv.gz
"(24,25]",830,BAN001.A0101.SG1.1_5M.classified_gc_rl.tsv.gz
"(25,26]",668,BAN001.A0101.SG1.1_5M.classified_gc_rl.tsv.gz
"(26,27]",1028,BAN001.A0101.SG1.1_5M.classified_gc_rl.tsv.gz
"(27,28]",1412,BAN001.A0101.SG1.1_5M.classified_gc_rl.tsv.gz
"(28,29]",1544,BAN001.A0101.SG1.1_5M.classified_gc_rl.tsv.gz
"(29,30]",1810,BAN001.A0101.SG1.1_5M.classified_gc_rl.tsv.gz
"(30,31]",1985,BAN001.A0101.SG1.1_5M.classified_gc_rl.tsv.gz
"(31,32]",2280,BAN001.A0101.SG1.1_5M.classified_gc_rl.tsv.gz
"(32,33]",2408,BAN001.A0101.SG1.1_5M.classified_gc_rl.tsv.gz
"(33,34]",2457,BAN001.A0101.SG1.1_5M.classified_gc_rl.tsv.gz
"(34,35]",2663,BAN001.A0101.SG1.1_5M.classified_gc_rl.tsv.gz
"(35,36]",2667,BAN001.A0101.SG1.1_5M.classified_gc_rl.tsv.gz
"(36,37]",2839,BAN001.A0101.SG1.1_5M.classified_gc_rl.tsv.gz
"(37,38]",2688,BAN001.A0101.SG1.1_5M.classified_gc_rl.tsv.gz
"(38,39]",3095,BAN001.A0101.SG1.1_5M.classified_gc_rl.tsv.gz
"(39,40]",3736,BAN001.A0101.SG1.1_5M.classified_gc_rl.tsv.gz
"(40,41]",2708,BAN001.A0101.SG1.1_5M.classified_gc_rl.tsv.gz
"(41,42]",3385,BAN001.A0101.SG1.1_5M.classified_gc_rl.tsv.gz
"(42,43]",3116,BAN001.A0101.SG1.1_5M.classified_gc_rl.tsv.gz
"(43,44]",3402,BAN001.A0101.SG1.1_5M.classified_gc_rl.tsv.gz
"(44,45]",3324,BAN001.A0101.SG1.1_5M.classified_gc_rl.tsv.gz
"(45,46]",2930,BAN001.A0101.SG1.1_5M.classified_gc_rl.tsv.gz
"(46,47]",3178,BAN001.A0101.SG1.1_5M.classified_gc_rl.tsv.gz
"(47,48]",3444,BAN001.A0101.SG1.1_5M.classified_gc_rl.tsv.gz
"(48,49]",3040,BAN001.A0101.SG1.1_5M.classified_gc_rl.tsv.gz
"(49,50]",4204,BAN001.A0101.SG1.1_5M.classified_gc_rl.tsv.gz
"(50,51]",1671,BAN001.A0101.SG1.1_5M.classified_gc_rl.tsv.gz
"(51,52]",3344,BAN001.A0101.SG1.1_5M.classified_gc_rl.tsv.gz
"(52,53]",3271,BAN001.A0101.SG1.1_5M.classified_gc_rl.tsv.gz
"(53,54]",3281,BAN001.A0101.SG1.1_5M.classified_gc_rl.tsv.gz
"(54,55]",3152,BAN001.A0101.SG1.1_5M.classified_gc_rl.tsv.gz
"(55,56]",3173,BAN001.A0101.SG1.1_5M.classified_gc_rl.tsv.gz
"(56,57]",3199,BAN001.A0101.SG1.1_5M.classified_gc_rl.tsv.gz
"(57,58]",3168,BAN001.A0101.SG1.1_5M.classified_gc_rl.tsv.gz
"(58,59]",2927,BAN001.A0101.SG1.1_5M.classified_gc_rl.tsv.gz
"(59,60]",3606,BAN001.A0101.SG1.1_5M.classified_gc_rl.tsv.gz
"(60,61]",2438,BAN001.A0101.SG1.1_5M.classified_gc_rl.tsv.gz
"(61,62]",2917,BAN001.A0101.SG1.1_5M.classified_gc_rl.tsv.gz
"(62,63]",2501,BAN001.A0101.SG1.1_5M.classified_gc_rl.tsv.gz
"(63,64]",2624,BAN001.A0101.SG1.1_5M.classified_gc_rl.tsv.gz
"(64,65]",2433,BAN001.A0101.SG1.1_5M.classified_gc_rl.tsv.gz
"(65,66]",2179,BAN001.A0101.SG1.1_5M.classified_gc_rl.tsv.gz
"(66,67]",1836,BAN001.A0101.SG1.1_5M.classified_gc_rl.tsv.gz
"(67,68]",2005,BAN001.A0101.SG1.1_5M.classified_gc_rl.tsv.gz
"(68,69]",1628,BAN001.A0101.SG1.1_5M.classified_gc_rl.tsv.gz
"(69,70]",1676,BAN001.A0101.SG1.1_5M.classified_gc_rl.tsv.gz
"(70,71]",1170,BAN001.A0101.SG1.1_5M.classified_gc_rl.tsv.gz
"(71,72]",1204,BAN001.A0101.SG1.1_5M.classified_gc_rl.tsv.gz
"(72,73]",981,BAN001.A0101.SG1.1_5M.classified_gc_rl.tsv.gz
"(73,74]",899,BAN001.A0101.SG1.1_5M.classified_gc_rl.tsv.gz
"(74,75]",782,BAN001.A0101.SG1.1_5M.classified_gc_rl.tsv.gz
"(75,76]",440,BAN001.A0101.SG1.1_5M.classified_gc_rl.tsv.gz
"(76,77]",388,BAN001.A0101.SG1.1_5M.classified_gc_rl.tsv.gz
"(77,78]",299,BAN001.A0101.SG1.1_5M.classified_gc_rl.tsv.gz
"(78,79]",222,BAN001.A0101.SG1.1_5M.classified_gc_rl.tsv.gz
"(79,80]",164,BAN001.A0101.SG1.1_5M.classified_gc_rl.tsv.gz
"(80,81]",93,BAN001.A0101.SG1.1_5M.classified_gc_rl.tsv.gz
"(81,82]",85,BAN001.A0101.SG1.1_5M.classified_gc_rl.tsv.gz
"(82,83]",59,BAN001.A0101.SG1.1_5M.classified_gc_rl.tsv.gz
"(83,84]",23,BAN001.A0101.SG1.1_5M.classified_gc_rl.tsv.gz
"(84,85]",27,BAN001.A0101.SG1.1_5M.classified_gc_rl.tsv.gz
"(85,86]",11,BAN001.A0101.SG1.1_5M.classified_gc_rl.tsv.gz
"(86,87]",6,BAN001.A0101.SG1.1_5M.classified_gc_rl.tsv.gz
"(87,88]",5,BAN001.A0101.SG1.1_5M.classified_gc_rl.tsv.gz
"(88,89]",9,BAN001.A0101.SG1.1_5M.classified_gc_rl.tsv.gz
"(89,90]",2,BAN001.A0101.SG1.1_5M.classified_gc_rl.tsv.gz
"(90,91]",5,BAN001.A0101.SG1.1_5M.classified_gc_rl.tsv.gz
"(91,92]",8,BAN001.A0101.SG1.1_5M.classified_gc_rl.tsv.gz
"(92,93]",3,BAN001.A0101.SG1.1_5M.classified_gc_rl.tsv.gz
"(93,94]",1,BAN001.A0101.SG1.1_5M.classified_gc_rl.tsv.gz
"(94,95]",2,BAN001.A0101.SG1.1_5M.classified_gc_rl.tsv.gz
"(95,96]",5,BAN001.A0101.SG1.1_5M.classified_gc_rl.tsv.gz
"(96,97]",1,BAN001.A0101.SG1.1_5M.classified_gc_rl.tsv.gz
"(97,98]",5,BAN001.A0101.SG1.1_5M.classified_gc_rl.tsv.gz
"(98,99]",5,BAN001.A0101.SG1.1_5M.classified_gc_rl.tsv.gz
"(99,100]",7,BAN001.A0101.SG1.1_5M.classified_gc_rl.tsv.gz
"[0,1]",5,BAN001.A0102.SG1.4_5M.classified_gc_rl.tsv.gz
"(1,2]",3,BAN001.A0102.SG1.4_5M.classified_gc_rl.tsv.gz
"(2,3]",13,BAN001.A0102.SG1.4_5M.classified_gc_rl.tsv.gz
"(3,4]",26,BAN001.A0102.SG1.4_5M.classified_gc_rl.tsv.gz
"(4,5]",39,BAN001.A0102.SG1.4_5M.classified_gc_rl.tsv.gz
"(5,6]",43,BAN001.A0102.SG1.4_5M.classified_gc_rl.tsv.gz
"(6,7]",57,BAN001.A0102.SG1.4_5M.classified_gc_rl.tsv.gz
"(7,8]",58,BAN001.A0102.SG1.4_5M.classified_gc_rl.tsv.gz
"(8,9]",53,BAN001.A0102.SG1.4_5M.classified_gc_rl.tsv.gz
"(9,10]",135,BAN001.A0102.SG1.4_5M.classified_gc_rl.tsv.gz
"(10,11]",153,BAN001.A0102.SG1.4_5M.classified_gc_rl.tsv.gz
"(11,12]",204,BAN001.A0102.SG1.4_5M.classified_gc_rl.tsv.gz
"(12,13]",239,BAN001.A0102.SG1.4_5M.classified_gc_rl.tsv.gz
"(13,14]",344,BAN001.A0102.SG1.4_5M.classified_gc_rl.tsv.gz
"(14,15]",380,BAN001.A0102.SG1.4_5M.classified_gc_rl.tsv.gz
"(15,16]",504,BAN001.A0102.SG1.4_5M.classified_gc_rl.tsv.gz
"(16,17]",585,BAN001.A0102.SG1.4_5M.classified_gc_rl.tsv.gz
"(17,18]",800,BAN001.A0102.SG1.4_5M.classified_gc_rl.tsv.gz
"(18,19]",897,BAN001.A0102.SG1.4_5M.classified_gc_rl.tsv.gz
"(19,20]",1268,BAN001.A0102.SG1.4_5M.classified_gc_rl.tsv.gz
"(20,21]",1091,BAN001.A0102.SG1.4_5M.classified_gc_rl.tsv.gz
"(21,22]",1535,BAN001.A0102.SG1.4_5M.classified_gc_rl.tsv.gz
"(22,23]",1463,BAN001.A0102.SG1.4_5M.classified_gc_rl.tsv.gz
"(23,24]",1915,BAN001.A0102.SG1.4_5M.classified_gc_rl.tsv.gz
"(24,25]",2227,BAN001.A0102.SG1.4_5M.classified_gc_rl.tsv.gz
"(25,26]",1468,BAN001.A0102.SG1.4_5M.classified_gc_rl.tsv.gz
"(26,27]",2112,BAN001.A0102.SG1.4_5M.classified_gc_rl.tsv.gz
"(27,28]",2658,BAN001.A0102.SG1.4_5M.classified_gc_rl.tsv.gz
"(28,29]",2665,BAN001.A0102.SG1.4_5M.classified_gc_rl.tsv.gz
"(29,30]",2978,BAN001.A0102.SG1.4_5M.classified_gc_rl.tsv.gz
"(30,31]",3088,BAN001.A0102.SG1.4_5M.classified_gc_rl.tsv.gz
"(31,32]",3211,BAN001.A0102.SG1.4_5M.classified_gc_rl.tsv.gz
"(32,33]",3163,BAN001.A0102.SG1.4_5M.classified_gc_rl.tsv.gz
"(33,34]",3083,BAN001.A0102.SG1.4_5M.classified_gc_rl.tsv.gz
"(34,35]",3499,BAN001.A0102.SG1.4_5M.classified_gc_rl.tsv.gz
"(35,36]",3134,BAN001.A0102.SG1.4_5M.classified_gc_rl.tsv.gz
"(36,37]",3314,BAN001.A0102.SG1.4_5M.classified_gc_rl.tsv.gz
"(37,38]",3100,BAN001.A0102.SG1.4_5M.classified_gc_rl.tsv.gz
"(38,39]",3195,BAN001.A0102.SG1.4_5M.classified_gc_rl.tsv.gz
"(39,40]",3950,BAN001.A0102.SG1.4_5M.classified_gc_rl.tsv.gz
"(40,41]",2650,BAN001.A0102.SG1.4_5M.classified_gc_rl.tsv.gz
"(41,42]",3061,BAN001.A0102.SG1.4_5M.classified_gc_rl.tsv.gz
"(42,43]",2825,BAN001.A0102.SG1.4_5M.classified_gc_rl.tsv.gz
"(43,44]",2965,BAN001.A0102.SG1.4_5M.classified_gc_rl.tsv.gz
"(44,45]",2893,BAN001.A0102.SG1.4_5M.classified_gc_rl.tsv.gz
"(45,46]",2430,BAN001.A0102.SG1.4_5M.classified_gc_rl.tsv.gz
"(46,47]",2461,BAN001.A0102.SG1.4_5M.classified_gc_rl.tsv.gz
"(47,48]",2732,BAN001.A0102.SG1.4_5M.classified_gc_rl.tsv.gz
"(48,49]",2314,BAN001.A0102.SG1.4_5M.classified_gc_rl.tsv.gz
"(49,50]",3120,BAN001.A0102.SG1.4_5M.classified_gc_rl.tsv.gz
"(50,51]",726,BAN001.A0102.SG1.4_5M.classified_gc_rl.tsv.gz
"(51,52]",2311,BAN001.A0102.SG1.4_5M.classified_gc_rl.tsv.gz
"(52,53]",2209,BAN001.A0102.SG1.4_5M.classified_gc_rl.tsv.gz
"(53,54]",2049,BAN001.A0102.SG1.4_5M.classified_gc_rl.tsv.gz
"(54,55]",1916,BAN001.A0102.SG1.4_5M.classified_gc_rl.tsv.gz
"(55,56]",1675,BAN001.A0102.SG1.4_5M.classified_gc_rl.tsv.gz
"(56,57]",1846,BAN001.A0102.SG1.4_5M.classified_gc_rl.tsv.gz
"(57,58]",1746,BAN001.A0102.SG1.4_5M.classified_gc_rl.tsv.gz
"(58,59]",1599,BAN001.A0102.SG1.4_5M.classified_gc_rl.tsv.gz
"(59,60]",1818,BAN001.A0102.SG1.4_5M.classified_gc_rl.tsv.gz
"(60,61]",1354,BAN001.A0102.SG1.4_5M.classified_gc_rl.tsv.gz
"(61,62]",1557,BAN001.A0102.SG1.4_5M.classified_gc_rl.tsv.gz
"(62,63]",1257,BAN001.A0102.SG1.4_5M.classified_gc_rl.tsv.gz
"(63,64]",1417,BAN001.A0102.SG1.4_5M.classified_gc_rl.tsv.gz
"(64,65]",1429,BAN001.A0102.SG1.4_5M.classified_gc_rl.tsv.gz
"(65,66]",1218,BAN001.A0102.SG1.4_5M.classified_gc_rl.tsv.gz
"(66,67]",915,BAN001.A0102.SG1.4_5M.classified_gc_rl.tsv.gz
"(67,68]",957,BAN001.A0102.SG1.4_5M.classified_gc_rl.tsv.gz
"(68,69]",848,BAN001.A0102.SG1.4_5M.classified_gc_rl.tsv.gz
"(69,70]",921,BAN001.A0102.SG1.4_5M.classified_gc_rl.tsv.gz
"(70,71]",627,BAN001.A0102.SG1.4_5M.classified_gc_rl.tsv.gz
"(71,72]",716,BAN001.A0102.SG1.4_5M.classified_gc_rl.tsv.gz
"(72,73]",566,BAN001.A0102.SG1.4_5M.classified_gc_rl.tsv.gz
"(73,74]",473,BAN001.A0102.SG1.4_5M.classified_gc_rl.tsv.gz
"(74,75]",430,BAN001.A0102.SG1.4_5M.classified_gc_rl.tsv.gz
"(75,76]",201,BAN001.A0102.SG1.4_5M.classified_gc_rl.tsv.gz
"(76,77]",256,BAN001.A0102.SG1.4_5M.classified_gc_rl.tsv.gz
"(77,78]",169,BAN001.A0102.SG1.4_5M.classified_gc_rl.tsv.gz
"(78,79]",143,BAN001.A0102.SG1.4_5M.classified_gc_rl.tsv.gz
"(79,80]",116,BAN001.A0102.SG1.4_5M.classified_gc_rl.tsv.gz
"(80,81]",69,BAN001.A0102.SG1.4_5M.classified_gc_rl.tsv.gz
"(81,82]",80,BAN001.A0102.SG1.4_5M.classified_gc_rl.tsv.gz
"(82,83]",50,BAN001.A0102.SG1.4_5M.classified_gc_rl.tsv.gz
"(83,84]",20,BAN001.A0102.SG1.4_5M.classified_gc_rl.tsv.gz
"(84,85]",22,BAN001.A0102.SG1.4_5M.classified_gc_rl.tsv.gz
"(85,86]",5,BAN001.A0102.SG1.4_5M.classified_gc_rl.tsv.gz
"(86,87]",6,BAN001.A0102.SG1.4_5M.classified_gc_rl.tsv.gz
"(87,88]",2,BAN001.A0102.SG1.4_5M.classified_gc_rl.tsv.gz
"(88,89]",1,BAN001.A0102.SG1.4_5M.classified_gc_rl.tsv.gz
"(90,91]",1,BAN001.A0102.SG1.4_5M.classified_gc_rl.tsv.gz
"(93,94]",1,BAN001.A0102.SG1.4_5M.classified_gc_rl.tsv.gz
"(95,96]",1,BAN001.A0102.SG1.4_5M.classified_gc_rl.tsv.gz
"(7,8]",1,CDM019.A0101.SG1.1_5M.classified_gc_rl.tsv.gz
"(11,12]",1,CDM019.A0101.SG1.1_5M.classified_gc_rl.tsv.gz
"(12,13]",5,CDM019.A0101.SG1.1_5M.classified_gc_rl.tsv.gz
"(13,14]",9,CDM019.A0101.SG1.1_5M.classified_gc_rl.tsv.gz
"(14,15]",19,CDM019.A0101.SG1.1_5M.classified_gc_rl.tsv.gz
"(15,16]",24,CDM019.A0101.SG1.1_5M.classified_gc_rl.tsv.gz
"(16,17]",52,CDM019.A0101.SG1.1_5M.classified_gc_rl.tsv.gz
"(17,18]",91,CDM019.A0101.SG1.1_5M.classified_gc_rl.tsv.gz
"(18,19]",124,CDM019.A0101.SG1.1_5M.classified_gc_rl.tsv.gz
"(19,20]",248,CDM019.A0101.SG1.1_5M.classified_gc_rl.tsv.gz
"(20,21]",269,CDM019.A0101.SG1.1_5M.classified_gc_rl.tsv.gz
"(21,22]",439,CDM019.A0101.SG1.1_5M.classified_gc_rl.tsv.gz
"(22,23]",591,CDM019.A0101.SG1.1_5M.classified_gc_rl.tsv.gz
"(23,24]",852,CDM019.A0101.SG1.1_5M.classified_gc_rl.tsv.gz
"(24,25]",1268,CDM019.A0101.SG1.1_5M.classified_gc_rl.tsv.gz
"(25,26]",1116,CDM019.A0101.SG1.1_5M.classified_gc_rl.tsv.gz
"(26,27]",1730,CDM019.A0101.SG1.1_5M.classified_gc_rl.tsv.gz
"(27,28]",2369,CDM019.A0101.SG1.1_5M.classified_gc_rl.tsv.gz
"(28,29]",2629,CDM019.A0101.SG1.1_5M.classified_gc_rl.tsv.gz
"(29,30]",3509,CDM019.A0101.SG1.1_5M.classified_gc_rl.tsv.gz
"(30,31]",3834,CDM019.A0101.SG1.1_5M.classified_gc_rl.tsv.gz
"(31,32]",4999,CDM019.A0101.SG1.1_5M.classified_gc_rl.tsv.gz
"(32,33]",5739,CDM019.A0101.SG1.1_5M.classified_gc_rl.tsv.gz
"(33,34]",6239,CDM019.A0101.SG1.1_5M.classified_gc_rl.tsv.gz
"(34,35]",8063,CDM019.A0101.SG1.1_5M.classified_gc_rl.tsv.gz
"(35,36]",9005,CDM019.A0101.SG1.1_5M.classified_gc_rl.tsv.gz
"(36,37]",10197,CDM019.A0101.SG1.1_5M.classified_gc_rl.tsv.gz
"(37,38]",11146,CDM019.A0101.SG1.1_5M.classified_gc_rl.tsv.gz
"(38,39]",13121,CDM019.A0101.SG1.1_5M.classified_gc_rl.tsv.gz
"(39,40]",17544,CDM019.A0101.SG1.1_5M.classified_gc_rl.tsv.gz
"(40,41]",14695,CDM019.A0101.SG1.1_5M.classified_gc_rl.tsv.gz
"(41,42]",17684,CDM019.A0101.SG1.1_5M.classified_gc_rl.tsv.gz
"(42,43]",20617,CDM019.A0101.SG1.1_5M.classified_gc_rl.tsv.gz
"(43,44]",24294,CDM019.A0101.SG1.1_5M.classified_gc_rl.tsv.gz
"(44,45]",25500,CDM019.A0101.SG1.1_5M.classified_gc_rl.tsv.gz
"(45,46]",24980,CDM019.A0101.SG1.1_5M.classified_gc_rl.tsv.gz
"(46,47]",30148,CDM019.A0101.SG1.1_5M.classified_gc_rl.tsv.gz
"(47,48]",34128,CDM019.A0101.SG1.1_5M.classified_gc_rl.tsv.gz
"(48,49]",33858,CDM019.A0101.SG1.1_5M.classified_gc_rl.tsv.gz
"(49,50]",51781,CDM019.A0101.SG1.1_5M.classified_gc_rl.tsv.gz
"(50,51]",24749,CDM019.A0101.SG1.1_5M.classified_gc_rl.tsv.gz
"(51,52]",45573,CDM019.A0101.SG1.1_5M.classified_gc_rl.tsv.gz
"(52,53]",46619,CDM019.A0101.SG1.1_5M.classified_gc_rl.tsv.gz
"(53,54]",53477,CDM019.A0101.SG1.1_5M.classified_gc_rl.tsv.gz
"(54,55]",51954,CDM019.A0101.SG1.1_5M.classified_gc_rl.tsv.gz
"(55,56]",60404,CDM019.A0101.SG1.1_5M.classified_gc_rl.tsv.gz
"(56,57]",64849,CDM019.A0101.SG1.1_5M.classified_gc_rl.tsv.gz
"(57,58]",70789,CDM019.A0101.SG1.1_5M.classified_gc_rl.tsv.gz
"(58,59]",66587,CDM019.A0101.SG1.1_5M.classified_gc_rl.tsv.gz
"(59,60]",89874,CDM019.A0101.SG1.1_5M.classified_gc_rl.tsv.gz
"(60,61]",71935,CDM019.A0101.SG1.1_5M.classified_gc_rl.tsv.gz
"(61,62]",86666,CDM019.A0101.SG1.1_5M.classified_gc_rl.tsv.gz
"(62,63]",75263,CDM019.A0101.SG1.1_5M.classified_gc_rl.tsv.gz
"(63,64]",89811,CDM019.A0101.SG1.1_5M.classified_gc_rl.tsv.gz
"(64,65]",85303,CDM019.A0101.SG1.1_5M.classified_gc_rl.tsv.gz
"(65,66]",82229,CDM019.A0101.SG1.1_5M.classified_gc_rl.tsv.gz
"(66,67]",66959,CDM019.A0101.SG1.1_5M.classified_gc_rl.tsv.gz
"(67,68]",77234,CDM019.A0101.SG1.1_5M.classified_gc_rl.tsv.gz
"(68,69]",66237,CDM019.A0101.SG1.1_5M.classified_gc_rl.tsv.gz
"(69,70]",66521,CDM019.A0101.SG1.1_5M.classified_gc_rl.tsv.gz
"(70,71]",45448,CDM019.A0101.SG1.1_5M.classified_gc_rl.tsv.gz
"(71,72]",50921,CDM019.A0101.SG1.1_5M.classified_gc_rl.tsv.gz
"(72,73]",41062,CDM019.A0101.SG1.1_5M.classified_gc_rl.tsv.gz
"(73,74]",37551,CDM019.A0101.SG1.1_5M.classified_gc_rl.tsv.gz
"(74,75]",34216,CDM019.A0101.SG1.1_5M.classified_gc_rl.tsv.gz
"(75,76]",18499,CDM019.A0101.SG1.1_5M.classified_gc_rl.tsv.gz
"(76,77]",19481,CDM019.A0101.SG1.1_5M.classified_gc_rl.tsv.gz
"(77,78]",15964,CDM019.A0101.SG1.1_5M.classified_gc_rl.tsv.gz
"(78,79]",11561,CDM019.A0101.SG1.1_5M.classified_gc_rl.tsv.gz
"(79,80]",9396,CDM019.A0101.SG1.1_5M.classified_gc_rl.tsv.gz
"(80,81]",5202,CDM019.A0101.SG1.1_5M.classified_gc_rl.tsv.gz
"(81,82]",4491,CDM019.A0101.SG1.1_5M.classified_gc_rl.tsv.gz
"(82,83]",2984,CDM019.A0101.SG1.1_5M.classified_gc_rl.tsv.gz
"(83,84]",1984,CDM019.A0101.SG1.1_5M.classified_gc_rl.tsv.gz
"(84,85]",1434,CDM019.A0101.SG1.1_5M.classified_gc_rl.tsv.gz
"(85,86]",846,CDM019.A0101.SG1.1_5M.classified_gc_rl.tsv.gz
"(86,87]",580,CDM019.A0101.SG1.1_5M.classified_gc_rl.tsv.gz
"(87,88]",364,CDM019.A0101.SG1.1_5M.classified_gc_rl.tsv.gz
"(88,89]",198,CDM019.A0101.SG1.1_5M.classified_gc_rl.tsv.gz
"(89,90]",136,CDM019.A0101.SG1.1_5M.classified_gc_rl.tsv.gz
"(90,91]",63,CDM019.A0101.SG1.1_5M.classified_gc_rl.tsv.gz
"(91,92]",43,CDM019.A0101.SG1.1_5M.classified_gc_rl.tsv.gz
"(92,93]",21,CDM019.A0101.SG1.1_5M.classified_gc_rl.tsv.gz
"(93,94]",17,CDM019.A0101.SG1.1_5M.classified_gc_rl.tsv.gz
"(94,95]",8,CDM019.A0101.SG1.1_5M.classified_gc_rl.tsv.gz
"(95,96]",8,CDM019.A0101.SG1.1_5M.classified_gc_rl.tsv.gz
"(96,97]",11,CDM019.A0101.SG1.1_5M.classified_gc_rl.tsv.gz
"(97,98]",7,CDM019.A0101.SG1.1_5M.classified_gc_rl.tsv.gz
"(98,99]",9,CDM019.A0101.SG1.1_5M.classified_gc_rl.tsv.gz
"(99,100]",11,CDM019.A0101.SG1.1_5M.classified_gc_rl.tsv.gz
"(1,2]",1,CDM019.A0102.SG1.4_5M.classified_gc_rl.tsv.gz
"(3,4]",1,CDM019.A0102.SG1.4_5M.classified_gc_rl.tsv.gz
"(5,6]",9,CDM019.A0102.SG1.4_5M.classified_gc_rl.tsv.gz
"(6,7]",16,CDM019.A0102.SG1.4_5M.classified_gc_rl.tsv.gz
"(7,8]",16,CDM019.A0102.SG1.4_5M.classified_gc_rl.tsv.gz
"(8,9]",29,CDM019.A0102.SG1.4_5M.classified_gc_rl.tsv.gz
"(9,10]",49,CDM019.A0102.SG1.4_5M.classified_gc_rl.tsv.gz
"(10,11]",62,CDM019.A0102.SG1.4_5M.classified_gc_rl.tsv.gz
"(11,12]",128,CDM019.A0102.SG1.4_5M.classified_gc_rl.tsv.gz
"(12,13]",201,CDM019.A0102.SG1.4_5M.classified_gc_rl.tsv.gz
"(13,14]",312,CDM019.A0102.SG1.4_5M.classified_gc_rl.tsv.gz
"(14,15]",405,CDM019.A0102.SG1.4_5M.classified_gc_rl.tsv.gz
"(15,16]",627,CDM019.A0102.SG1.4_5M.classified_gc_rl.tsv.gz
"(16,17]",728,CDM019.A0102.SG1.4_5M.classified_gc_rl.tsv.gz
"(17,18]",1144,CDM019.A0102.SG1.4_5M.classified_gc_rl.tsv.gz
"(18,19]",1399,CDM019.A0102.SG1.4_5M.classified_gc_rl.tsv.gz
"(19,20]",2262,CDM019.A0102.SG1.4_5M.classified_gc_rl.tsv.gz
"(20,21]",1994,CDM019.A0102.SG1.4_5M.classified_gc_rl.tsv.gz
"(21,22]",3198,CDM019.A0102.SG1.4_5M.classified_gc_rl.tsv.gz
"(22,23]",3652,CDM019.A0102.SG1.4_5M.classified_gc_rl.tsv.gz
"(23,24]",4944,CDM019.A0102.SG1.4_5M.classified_gc_rl.tsv.gz
"(24,25]",6672,CDM019.A0102.SG1.4_5M.classified_gc_rl.tsv.gz
"(25,26]",4864,CDM019.A0102.SG1.4_5M.classified_gc_rl.tsv.gz
"(26,27]",7942,CDM019.A0102.SG1.4_5M.classified_gc_rl.tsv.gz
"(27,28]",9721,CDM019.A0102.SG1.4_5M.classified_gc_rl.tsv.gz
"(28,29]",10588,CDM019.A0102.SG1.4_5M.classified_gc_rl.tsv.gz
"(29,30]",11773,CDM019.A0102.SG1.4_5M.classified_gc_rl.tsv.gz
"(30,31]",13023,CDM019.A0102.SG1.4_5M.classified_gc_rl.tsv.gz
"(31,32]",15611,CDM019.A0102.SG1.4_5M.classified_gc_rl.tsv.gz
"(32,33]",16703,CDM019.A0102.SG1.4_5M.classified_gc_rl.tsv.gz
"(33,34]",16521,CDM019.A0102.SG1.4_5M.classified_gc_rl.tsv.gz
"(34,35]",21170,CDM019.A0102.SG1.4_5M.classified_gc_rl.tsv.gz
"(35,36]",21812,CDM019.A0102.SG1.4_5M.classified_gc_rl.tsv.gz
"(36,37]",23124,CDM019.A0102.SG1.4_5M.classified_gc_rl.tsv.gz
"(37,38]",22347,CDM019.A0102.SG1.4_5M.classified_gc_rl.tsv.gz
"(38,39]",26445,CDM019.A0102.SG1.4_5M.classified_gc_rl.tsv.gz
"(39,40]",32575,CDM019.A0102.SG1.4_5M.classified_gc_rl.tsv.gz
"(40,41]",25180,CDM019.A0102.SG1.4_5M.classified_gc_rl.tsv.gz
"(41,42]",28973,CDM019.A0102.SG1.4_5M.classified_gc_rl.tsv.gz
"(42,43]",31333,CDM019.A0102.SG1.4_5M.classified_gc_rl.tsv.gz
"(43,44]",35269,CDM019.A0102.SG1.4_5M.classified_gc_rl.tsv.gz
"(44,45]",34326,CDM019.A0102.SG1.4_5M.classified_gc_rl.tsv.gz
"(45,46]",30941,CDM019.A0102.SG1.4_5M.classified_gc_rl.tsv.gz
"(46,47]",35595,CDM019.A0102.SG1.4_5M.classified_gc_rl.tsv.gz
"(47,48]",38355,CDM019.A0102.SG1.4_5M.classified_gc_rl.tsv.gz
"(48,49]",35328,CDM019.A0102.SG1.4_5M.classified_gc_rl.tsv.gz
"(49,50]",51257,CDM019.A0102.SG1.4_5M.classified_gc_rl.tsv.gz
"(50,51]",19926,CDM019.A0102.SG1.4_5M.classified_gc_rl.tsv.gz
"(51,52]",39298,CDM019.A0102.SG1.4_5M.classified_gc_rl.tsv.gz
"(52,53]",38718,CDM019.A0102.SG1.4_5M.classified_gc_rl.tsv.gz
"(53,54]",41200,CDM019.A0102.SG1.4_5M.classified_gc_rl.tsv.gz
"(54,55]",37825,CDM019.A0102.SG1.4_5M.classified_gc_rl.tsv.gz
"(55,56]",40262,CDM019.A0102.SG1.4_5M.classified_gc_rl.tsv.gz
"(56,57]",41400,CDM019.A0102.SG1.4_5M.classified_gc_rl.tsv.gz
"(57,58]",42741,CDM019.A0102.SG1.4_5M.classified_gc_rl.tsv.gz
"(58,59]",38607,CDM019.A0102.SG1.4_5M.classified_gc_rl.tsv.gz
"(59,60]",48697,CDM019.A0102.SG1.4_5M.classified_gc_rl.tsv.gz
"(60,61]",36763,CDM019.A0102.SG1.4_5M.classified_gc_rl.tsv.gz
"(61,62]",42509,CDM019.A0102.SG1.4_5M.classified_gc_rl.tsv.gz
"(62,63]",35782,CDM019.A0102.SG1.4_5M.classified_gc_rl.tsv.gz
"(63,64]",40658,CDM019.A0102.SG1.4_5M.classified_gc_rl.tsv.gz
"(64,65]",37197,CDM019.A0102.SG1.4_5M.classified_gc_rl.tsv.gz
"(65,66]",34951,CDM019.A0102.SG1.4_5M.classified_gc_rl.tsv.gz
"(66,67]",27216,CDM019.A0102.SG1.4_5M.classified_gc_rl.tsv.gz
"(67,68]",29609,CDM019.A0102.SG1.4_5M.classified_gc_rl.tsv.gz
"(68,69]",24584,CDM019.A0102.SG1.4_5M.classified_gc_rl.tsv.gz
"(69,70]",24880,CDM019.A0102.SG1.4_5M.classified_gc_rl.tsv.gz
"(70,71]",16424,CDM019.A0102.SG1.4_5M.classified_gc_rl.tsv.gz
"(71,72]",17227,CDM019.A0102.SG1.4_5M.classified_gc_rl.tsv.gz
"(72,73]",13746,CDM019.A0102.SG1.4_5M.classified_gc_rl.tsv.gz
"(73,74]",11923,CDM019.A0102.SG1.4_5M.classified_gc_rl.tsv.gz
"(74,75]",10604,CDM019.A0102.SG1.4_5M.classified_gc_rl.tsv.gz
"(75,76]",5539,CDM019.A0102.SG1.4_5M.classified_gc_rl.tsv.gz
"(76,77]",5865,CDM019.A0102.SG1.4_5M.classified_gc_rl.tsv.gz
"(77,78]",4259,CDM019.A0102.SG1.4_5M.classified_gc_rl.tsv.gz
"(78,79]",3316,CDM019.A0102.SG1.4_5M.classified_gc_rl.tsv.gz
"(79,80]",2785,CDM019.A0102.SG1.4_5M.classified_gc_rl.tsv.gz
"(80,81]",1357,CDM019.A0102.SG1.4_5M.classified_gc_rl.tsv.gz
"(81,82]",1259,CDM019.A0102.SG1.4_5M.classified_gc_rl.tsv.gz
"(82,83]",806,CDM019.A0102.SG1.4_5M.classified_gc_rl.tsv.gz
"(83,84]",569,CDM019.A0102.SG1.4_5M.classified_gc_rl.tsv.gz
"(84,85]",426,CDM019.A0102.SG1.4_5M.classified_gc_rl.tsv.gz
"(85,86]",220,CDM019.A0102.SG1.4_5M.classified_gc_rl.tsv.gz
"(86,87]",172,CDM019.A0102.SG1.4_5M.classified_gc_rl.tsv.gz
"(87,88]",92,CDM019.A0102.SG1.4_5M.classified_gc_rl.tsv.gz
"(88,89]",50,CDM019.A0102.SG1.4_5M.classified_gc_rl.tsv.gz
"(89,90]",38,CDM019.A0102.SG1.4_5M.classified_gc_rl.tsv.gz
"(90,91]",12,CDM019.A0102.SG1.4_5M.classified_gc_rl.tsv.gz
"(91,92]",1,CDM019.A0102.SG1.4_5M.classified_gc_rl.tsv.gz
"(92,93]",6,CDM019.A0102.SG1.4_5M.classified_gc_rl.tsv.gz
"(94,95]",1,CDM019.A0102.SG1.4_5M.classified_gc_rl.tsv.gz
"(95,96]",1,CDM019.A0102.SG1.4_5M.classified_gc_rl.tsv.gz
"(99,100]",4,CDM019.A0102.SG1.4_5M.classified_gc_rl.tsv.gz
"(6,7]",1,CDM020.A0101.SG1.1_5M.classified_gc_rl.tsv.gz
"(8,9]",1,CDM020.A0101.SG1.1_5M.classified_gc_rl.tsv.gz
"(9,10]",1,CDM020.A0101.SG1.1_5M.classified_gc_rl.tsv.gz
"(10,11]",2,CDM020.A0101.SG1.1_5M.classified_gc_rl.tsv.gz
"(11,12]",7,CDM020.A0101.SG1.1_5M.classified_gc_rl.tsv.gz
"(12,13]",14,CDM020.A0101.SG1.1_5M.classified_gc_rl.tsv.gz
"(13,14]",35,CDM020.A0101.SG1.1_5M.classified_gc_rl.tsv.gz
"(14,15]",61,CDM020.A0101.SG1.1_5M.classified_gc_rl.tsv.gz
"(15,16]",93,CDM020.A0101.SG1.1_5M.classified_gc_rl.tsv.gz
"(16,17]",126,CDM020.A0101.SG1.1_5M.classified_gc_rl.tsv.gz
"(17,18]",263,CDM020.A0101.SG1.1_5M.classified_gc_rl.tsv.gz
"(18,19]",344,CDM020.A0101.SG1.1_5M.classified_gc_rl.tsv.gz
"(19,20]",676,CDM020.A0101.SG1.1_5M.classified_gc_rl.tsv.gz
"(20,21]",697,CDM020.A0101.SG1.1_5M.classified_gc_rl.tsv.gz
"(21,22]",1138,CDM020.A0101.SG1.1_5M.classified_gc_rl.tsv.gz
"(22,23]",1452,CDM020.A0101.SG1.1_5M.classified_gc_rl.tsv.gz
"(23,24]",1995,CDM020.A0101.SG1.1_5M.classified_gc_rl.tsv.gz
"(24,25]",2857,CDM020.A0101.SG1.1_5M.classified_gc_rl.tsv.gz
"(25,26]",2364,CDM020.A0101.SG1.1_5M.classified_gc_rl.tsv.gz
"(26,27]",3678,CDM020.A0101.SG1.1_5M.classified_gc_rl.tsv.gz
"(27,28]",4609,CDM020.A0101.SG1.1_5M.classified_gc_rl.tsv.gz
"(28,29]",5260,CDM020.A0101.SG1.1_5M.classified_gc_rl.tsv.gz
"(29,30]",6348,CDM020.A0101.SG1.1_5M.classified_gc_rl.tsv.gz
"(30,31]",6819,CDM020.A0101.SG1.1_5M.classified_gc_rl.tsv.gz
"(31,32]",8803,CDM020.A0101.SG1.1_5M.classified_gc_rl.tsv.gz
"(32,33]",9505,CDM020.A0101.SG1.1_5M.classified_gc_rl.tsv.gz
"(33,34]",9970,CDM020.A0101.SG1.1_5M.classified_gc_rl.tsv.gz
"(34,35]",12594,CDM020.A0101.SG1.1_5M.classified_gc_rl.tsv.gz
"(35,36]",13380,CDM020.A0101.SG1.1_5M.classified_gc_rl.tsv.gz
"(36,37]",14679,CDM020.A0101.SG1.1_5M.classified_gc_rl.tsv.gz
"(37,38]",15343,CDM020.A0101.SG1.1_5M.classified_gc_rl.tsv.gz
"(38,39]",17457,CDM020.A0101.SG1.1_5M.classified_gc_rl.tsv.gz
"(39,40]",22830,CDM020.A0101.SG1.1_5M.classified_gc_rl.tsv.gz
"(40,41]",18018,CDM020.A0101.SG1.1_5M.classified_gc_rl.tsv.gz
"(41,42]",21362,CDM020.A0101.SG1.1_5M.classified_gc_rl.tsv.gz
"(42,43]",23889,CDM020.A0101.SG1.1_5M.classified_gc_rl.tsv.gz
"(43,44]",27356,CDM020.A0101.SG1.1_5M.classified_gc_rl.tsv.gz
"(44,45]",26919,CDM020.A0101.SG1.1_5M.classified_gc_rl.tsv.gz
"(45,46]",25351,CDM020.A0101.SG1.1_5M.classified_gc_rl.tsv.gz
"(46,47]",30118,CDM020.A0101.SG1.1_5M.classified_gc_rl.tsv.gz
"(47,48]",33181,CDM020.A0101.SG1.1_5M.classified_gc_rl.tsv.gz
"(48,49]",31785,CDM020.A0101.SG1.1_5M.classified_gc_rl.tsv.gz
"(49,50]",46635,CDM020.A0101.SG1.1_5M.classified_gc_rl.tsv.gz
"(50,51]",20658,CDM020.A0101.SG1.1_5M.classified_gc_rl.tsv.gz
"(51,52]",39289,CDM020.A0101.SG1.1_5M.classified_gc_rl.tsv.gz
"(52,53]",39261,CDM020.A0101.SG1.1_5M.classified_gc_rl.tsv.gz
"(53,54]",45204,CDM020.A0101.SG1.1_5M.classified_gc_rl.tsv.gz
"(54,55]",42924,CDM020.A0101.SG1.1_5M.classified_gc_rl.tsv.gz
"(55,56]",49548,CDM020.A0101.SG1.1_5M.classified_gc_rl.tsv.gz
"(56,57]",53901,CDM020.A0101.SG1.1_5M.classified_gc_rl.tsv.gz
"(57,58]",59800,CDM020.A0101.SG1.1_5M.classified_gc_rl.tsv.gz
"(58,59]",56337,CDM020.A0101.SG1.1_5M.classified_gc_rl.tsv.gz
"(59,60]",77144,CDM020.A0101.SG1.1_5M.classified_gc_rl.tsv.gz
"(60,61]",61837,CDM020.A0101.SG1.1_5M.classified_gc_rl.tsv.gz
"(61,62]",76680,CDM020.A0101.SG1.1_5M.classified_gc_rl.tsv.gz
"(62,63]",67789,CDM020.A0101.SG1.1_5M.classified_gc_rl.tsv.gz
"(63,64]",82265,CDM020.A0101.SG1.1_5M.classified_gc_rl.tsv.gz
"(64,65]",78328,CDM020.A0101.SG1.1_5M.classified_gc_rl.tsv.gz
"(65,66]",76456,CDM020.A0101.SG1.1_5M.classified_gc_rl.tsv.gz
"(66,67]",62937,CDM020.A0101.SG1.1_5M.classified_gc_rl.tsv.gz
"(67,68]",74142,CDM020.A0101.SG1.1_5M.classified_gc_rl.tsv.gz
"(68,69]",62681,CDM020.A0101.SG1.1_5M.classified_gc_rl.tsv.gz
"(69,70]",64733,CDM020.A0101.SG1.1_5M.classified_gc_rl.tsv.gz
"(70,71]",43168,CDM020.A0101.SG1.1_5M.classified_gc_rl.tsv.gz
"(71,72]",48622,CDM020.A0101.SG1.1_5M.classified_gc_rl.tsv.gz
"(72,73]",38291,CDM020.A0101.SG1.1_5M.classified_gc_rl.tsv.gz
"(73,74]",34353,CDM020.A0101.SG1.1_5M.classified_gc_rl.tsv.gz
"(74,75]",30354,CDM020.A0101.SG1.1_5M.classified_gc_rl.tsv.gz
"(75,76]",16033,CDM020.A0101.SG1.1_5M.classified_gc_rl.tsv.gz
"(76,77]",16514,CDM020.A0101.SG1.1_5M.classified_gc_rl.tsv.gz
"(77,78]",13061,CDM020.A0101.SG1.1_5M.classified_gc_rl.tsv.gz
"(78,79]",9290,CDM020.A0101.SG1.1_5M.classified_gc_rl.tsv.gz
"(79,80]",7615,CDM020.A0101.SG1.1_5M.classified_gc_rl.tsv.gz
"(80,81]",3849,CDM020.A0101.SG1.1_5M.classified_gc_rl.tsv.gz
"(81,82]",3577,CDM020.A0101.SG1.1_5M.classified_gc_rl.tsv.gz
"(82,83]",2259,CDM020.A0101.SG1.1_5M.classified_gc_rl.tsv.gz
"(83,84]",1511,CDM020.A0101.SG1.1_5M.classified_gc_rl.tsv.gz
"(84,85]",1098,CDM020.A0101.SG1.1_5M.classified_gc_rl.tsv.gz
"(85,86]",526,CDM020.A0101.SG1.1_5M.classified_gc_rl.tsv.gz
"(86,87]",476,CDM020.A0101.SG1.1_5M.classified_gc_rl.tsv.gz
"(87,88]",239,CDM020.A0101.SG1.1_5M.classified_gc_rl.tsv.gz
"(88,89]",114,CDM020.A0101.SG1.1_5M.classified_gc_rl.tsv.gz
"(89,90]",86,CDM020.A0101.SG1.1_5M.classified_gc_rl.tsv.gz
"(90,91]",43,CDM020.A0101.SG1.1_5M.classified_gc_rl.tsv.gz
"(91,92]",36,CDM020.A0101.SG1.1_5M.classified_gc_rl.tsv.gz
"(92,93]",12,CDM020.A0101.SG1.1_5M.classified_gc_rl.tsv.gz
"(93,94]",15,CDM020.A0101.SG1.1_5M.classified_gc_rl.tsv.gz
"(94,95]",11,CDM020.A0101.SG1.1_5M.classified_gc_rl.tsv.gz
"(95,96]",2,CDM020.A0101.SG1.1_5M.classified_gc_rl.tsv.gz
"(96,97]",4,CDM020.A0101.SG1.1_5M.classified_gc_rl.tsv.gz
"(97,98]",7,CDM020.A0101.SG1.1_5M.classified_gc_rl.tsv.gz
"(98,99]",10,CDM020.A0101.SG1.1_5M.classified_gc_rl.tsv.gz
"(99,100]",15,CDM020.A0101.SG1.1_5M.classified_gc_rl.tsv.gz
"[0,1]",1,CDM020.A0102.SG1.4_5M.classified_gc_rl.tsv.gz
"(1,2]",1,CDM020.A0102.SG1.4_5M.classified_gc_rl.tsv.gz
"(2,3]",1,CDM020.A0102.SG1.4_5M.classified_gc_rl.tsv.gz
"(3,4]",2,CDM020.A0102.SG1.4_5M.classified_gc_rl.tsv.gz
"(4,5]",7,CDM020.A0102.SG1.4_5M.classified_gc_rl.tsv.gz
"(5,6]",7,CDM020.A0102.SG1.4_5M.classified_gc_rl.tsv.gz
"(6,7]",13,CDM020.A0102.SG1.4_5M.classified_gc_rl.tsv.gz
"(7,8]",33,CDM020.A0102.SG1.4_5M.classified_gc_rl.tsv.gz
"(8,9]",33,CDM020.A0102.SG1.4_5M.classified_gc_rl.tsv.gz
"(9,10]",77,CDM020.A0102.SG1.4_5M.classified_gc_rl.tsv.gz
"(10,11]",123,CDM020.A0102.SG1.4_5M.classified_gc_rl.tsv.gz
"(11,12]",190,CDM020.A0102.SG1.4_5M.classified_gc_rl.tsv.gz
"(12,13]",303,CDM020.A0102.SG1.4_5M.classified_gc_rl.tsv.gz
"(13,14]",521,CDM020.A0102.SG1.4_5M.classified_gc_rl.tsv.gz
"(14,15]",727,CDM020.A0102.SG1.4_5M.classified_gc_rl.tsv.gz
"(15,16]",1026,CDM020.A0102.SG1.4_5M.classified_gc_rl.tsv.gz
"(16,17]",1312,CDM020.A0102.SG1.4_5M.classified_gc_rl.tsv.gz
"(17,18]",1966,CDM020.A0102.SG1.4_5M.classified_gc_rl.tsv.gz
"(18,19]",2383,CDM020.A0102.SG1.4_5M.classified_gc_rl.tsv.gz
"(19,20]",3849,CDM020.A0102.SG1.4_5M.classified_gc_rl.tsv.gz
"(20,21]",3156,CDM020.A0102.SG1.4_5M.classified_gc_rl.tsv.gz
"(21,22]",5177,CDM020.A0102.SG1.4_5M.classified_gc_rl.tsv.gz
"(22,23]",5968,CDM020.A0102.SG1.4_5M.classified_gc_rl.tsv.gz
"(23,24]",7688,CDM020.A0102.SG1.4_5M.classified_gc_rl.tsv.gz
"(24,25]",10161,CDM020.A0102.SG1.4_5M.classified_gc_rl.tsv.gz
"(25,26]",7549,CDM020.A0102.SG1.4_5M.classified_gc_rl.tsv.gz
"(26,27]",11624,CDM020.A0102.SG1.4_5M.classified_gc_rl.tsv.gz
"(27,28]",13993,CDM020.A0102.SG1.4_5M.classified_gc_rl.tsv.gz
"(28,29]",14740,CDM020.A0102.SG1.4_5M.classified_gc_rl.tsv.gz
"(29,30]",16608,CDM020.A0102.SG1.4_5M.classified_gc_rl.tsv.gz
"(30,31]",17710,CDM020.A0102.SG1.4_5M.classified_gc_rl.tsv.gz
"(31,32]",21249,CDM020.A0102.SG1.4_5M.classified_gc_rl.tsv.gz
"(32,33]",22183,CDM020.A0102.SG1.4_5M.classified_gc_rl.tsv.gz
"(33,34]",21391,CDM020.A0102.SG1.4_5M.classified_gc_rl.tsv.gz
"(34,35]",26973,CDM020.A0102.SG1.4_5M.classified_gc_rl.tsv.gz
"(35,36]",27599,CDM020.A0102.SG1.4_5M.classified_gc_rl.tsv.gz
"(36,37]",28291,CDM020.A0102.SG1.4_5M.classified_gc_rl.tsv.gz
"(37,38]",27535,CDM020.A0102.SG1.4_5M.classified_gc_rl.tsv.gz
"(38,39]",31181,CDM020.A0102.SG1.4_5M.classified_gc_rl.tsv.gz
"(39,40]",37838,CDM020.A0102.SG1.4_5M.classified_gc_rl.tsv.gz
"(40,41]",28519,CDM020.A0102.SG1.4_5M.classified_gc_rl.tsv.gz
"(41,42]",32416,CDM020.A0102.SG1.4_5M.classified_gc_rl.tsv.gz
"(42,43]",34429,CDM020.A0102.SG1.4_5M.classified_gc_rl.tsv.gz
"(43,44]",37774,CDM020.A0102.SG1.4_5M.classified_gc_rl.tsv.gz
"(44,45]",35577,CDM020.A0102.SG1.4_5M.classified_gc_rl.tsv.gz
"(45,46]",31563,CDM020.A0102.SG1.4_5M.classified_gc_rl.tsv.gz
"(46,47]",34927,CDM020.A0102.SG1.4_5M.classified_gc_rl.tsv.gz
"(47,48]",36625,CDM020.A0102.SG1.4_5M.classified_gc_rl.tsv.gz
"(48,49]",32993,CDM020.A0102.SG1.4_5M.classified_gc_rl.tsv.gz
"(49,50]",46619,CDM020.A0102.SG1.4_5M.classified_gc_rl.tsv.gz
"(50,51]",17764,CDM020.A0102.SG1.4_5M.classified_gc_rl.tsv.gz
"(51,52]",34134,CDM020.A0102.SG1.4_5M.classified_gc_rl.tsv.gz
"(52,53]",33825,CDM020.A0102.SG1.4_5M.classified_gc_rl.tsv.gz
"(53,54]",35696,CDM020.A0102.SG1.4_5M.classified_gc_rl.tsv.gz
"(54,55]",33184,CDM020.A0102.SG1.4_5M.classified_gc_rl.tsv.gz
"(55,56]",34836,CDM020.A0102.SG1.4_5M.classified_gc_rl.tsv.gz
"(56,57]",35704,CDM020.A0102.SG1.4_5M.classified_gc_rl.tsv.gz
"(57,58]",37527,CDM020.A0102.SG1.4_5M.classified_gc_rl.tsv.gz
"(58,59]",34436,CDM020.A0102.SG1.4_5M.classified_gc_rl.tsv.gz
"(59,60]",44235,CDM020.A0102.SG1.4_5M.classified_gc_rl.tsv.gz
"(60,61]",32661,CDM020.A0102.SG1.4_5M.classified_gc_rl.tsv.gz
"(61,62]",38822,CDM020.A0102.SG1.4_5M.classified_gc_rl.tsv.gz
"(62,63]",33584,CDM020.A0102.SG1.4_5M.classified_gc_rl.tsv.gz
"(63,64]",37910,CDM020.A0102.SG1.4_5M.classified_gc_rl.tsv.gz
"(64,65]",35251,CDM020.A0102.SG1.4_5M.classified_gc_rl.tsv.gz
"(65,66]",33394,CDM020.A0102.SG1.4_5M.classified_gc_rl.tsv.gz
"(66,67]",26941,CDM020.A0102.SG1.4_5M.classified_gc_rl.tsv.gz
"(67,68]",28615,CDM020.A0102.SG1.4_5M.classified_gc_rl.tsv.gz
"(68,69]",23693,CDM020.A0102.SG1.4_5M.classified_gc_rl.tsv.gz
"(69,70]",23980,CDM020.A0102.SG1.4_5M.classified_gc_rl.tsv.gz
"(70,71]",15734,CDM020.A0102.SG1.4_5M.classified_gc_rl.tsv.gz
"(71,72]",16139,CDM020.A0102.SG1.4_5M.classified_gc_rl.tsv.gz
"(72,73]",12479,CDM020.A0102.SG1.4_5M.classified_gc_rl.tsv.gz
"(73,74]",10472,CDM020.A0102.SG1.4_5M.classified_gc_rl.tsv.gz
"(74,75]",9088,CDM020.A0102.SG1.4_5M.classified_gc_rl.tsv.gz
"(75,76]",4674,CDM020.A0102.SG1.4_5M.classified_gc_rl.tsv.gz
"(76,77]",4905,CDM020.A0102.SG1.4_5M.classified_gc_rl.tsv.gz
"(77,78]",3533,CDM020.A0102.SG1.4_5M.classified_gc_rl.tsv.gz
"(78,79]",2720,CDM020.A0102.SG1.4_5M.classified_gc_rl.tsv.gz
"(79,80]",2136,CDM020.A0102.SG1.4_5M.classified_gc_rl.tsv.gz
"(80,81]",1063,CDM020.A0102.SG1.4_5M.classified_gc_rl.tsv.gz
"(81,82]",943,CDM020.A0102.SG1.4_5M.classified_gc_rl.tsv.gz
"(82,83]",646,CDM020.A0102.SG1.4_5M.classified_gc_rl.tsv.gz
"(83,84]",325,CDM020.A0102.SG1.4_5M.classified_gc_rl.tsv.gz
"(84,85]",284,CDM020.A0102.SG1.4_5M.classified_gc_rl.tsv.gz
"(85,86]",108,CDM020.A0102.SG1.4_5M.classified_gc_rl.tsv.gz
"(86,87]",110,CDM020.A0102.SG1.4_5M.classified_gc_rl.tsv.gz
"(87,88]",71,CDM020.A0102.SG1.4_5M.classified_gc_rl.tsv.gz
"(88,89]",23,CDM020.A0102.SG1.4_5M.classified_gc_rl.tsv.gz
"(89,90]",14,CDM020.A0102.SG1.4_5M.classified_gc_rl.tsv.gz
"(90,91]",2,CDM020.A0102.SG1.4_5M.classified_gc_rl.tsv.gz
"(91,92]",4,CDM020.A0102.SG1.4_5M.classified_gc_rl.tsv.gz
"(92,93]",1,CDM020.A0102.SG1.4_5M.classified_gc_rl.tsv.gz
"(95,96]",1,CDM020.A0102.SG1.4_5M.classified_gc_rl.tsv.gz
"(98,99]",1,CDM020.A0102.SG1.4_5M.classified_gc_rl.tsv.gz
"(99,100]",4,CDM020.A0102.SG1.4_5M.classified_gc_rl.tsv.gz
"(2,3]",1,FUM002.A0101.SG1.1_5M.classified_gc_rl.tsv.gz
"(5,6]",1,FUM002.A0101.SG1.1_5M.classified_gc_rl.tsv.gz
"(9,10]",1,FUM002.A0101.SG1.1_5M.classified_gc_rl.tsv.gz
"(10,11]",3,FUM002.A0101.SG1.1_5M.classified_gc_rl.tsv.gz
"(11,12]",8,FUM002.A0101.SG1.1_5M.classified_gc_rl.tsv.gz
"(12,13]",9,FUM002.A0101.SG1.1_5M.classified_gc_rl.tsv.gz
"(13,14]",21,FUM002.A0101.SG1.1_5M.classified_gc_rl.tsv.gz
"(14,15]",40,FUM002.A0101.SG1.1_5M.classified_gc_rl.tsv.gz
"(15,16]",42,FUM002.A0101.SG1.1_5M.classified_gc_rl.tsv.gz
"(16,17]",78,FUM002.A0101.SG1.1_5M.classified_gc_rl.tsv.gz
"(17,18]",120,FUM002.A0101.SG1.1_5M.classified_gc_rl.tsv.gz
"(18,19]",164,FUM002.A0101.SG1.1_5M.classified_gc_rl.tsv.gz
"(19,20]",264,FUM002.A0101.SG1.1_5M.classified_gc_rl.tsv.gz
"(20,21]",232,FUM002.A0101.SG1.1_5M.classified_gc_rl.tsv.gz
"(21,22]",400,FUM002.A0101.SG1.1_5M.classified_gc_rl.tsv.gz
"(22,23]",434,FUM002.A0101.SG1.1_5M.classified_gc_rl.tsv.gz
"(23,24]",621,FUM002.A0101.SG1.1_5M.classified_gc_rl.tsv.gz
"(24,25]",863,FUM002.A0101.SG1.1_5M.classified_gc_rl.tsv.gz
"(25,26]",654,FUM002.A0101.SG1.1_5M.classified_gc_rl.tsv.gz
"(26,27]",953,FUM002.A0101.SG1.1_5M.classified_gc_rl.tsv.gz
"(27,28]",1193,FUM002.A0101.SG1.1_5M.classified_gc_rl.tsv.gz
"(28,29]",1281,FUM002.A0101.SG1.1_5M.classified_gc_rl.tsv.gz
"(29,30]",1630,FUM002.A0101.SG1.1_5M.classified_gc_rl.tsv.gz
"(30,31]",1560,FUM002.A0101.SG1.1_5M.classified_gc_rl.tsv.gz
"(31,32]",1907,FUM002.A0101.SG1.1_5M.classified_gc_rl.tsv.gz
"(32,33]",2000,FUM002.A0101.SG1.1_5M.classified_gc_rl.tsv.gz
"(33,34]",2343,FUM002.A0101.SG1.1_5M.classified_gc_rl.tsv.gz
"(34,35]",2802,FUM002.A0101.SG1.1_5M.classified_gc_rl.tsv.gz
"(35,36]",2786,FUM002.A0101.SG1.1_5M.classified_gc_rl.tsv.gz
"(36,37]",3162,FUM002.A0101.SG1.1_5M.classified_gc_rl.tsv.gz
"(37,38]",3177,FUM002.A0101.SG1.1_5M.classified_gc_rl.tsv.gz
"(38,39]",3554,FUM002.A0101.SG1.1_5M.classified_gc_rl.tsv.gz
"(39,40]",4809,FUM002.A0101.SG1.1_5M.classified_gc_rl.tsv.gz
"(40,41]",3634,FUM002.A0101.SG1.1_5M.classified_gc_rl.tsv.gz
"(41,42]",4777,FUM002.A0101.SG1.1_5M.classified_gc_rl.tsv.gz
"(42,43]",4996,FUM002.A0101.SG1.1_5M.classified_gc_rl.tsv.gz
"(43,44]",5952,FUM002.A0101.SG1.1_5M.classified_gc_rl.tsv.gz
"(44,45]",6299,FUM002.A0101.SG1.1_5M.classified_gc_rl.tsv.gz
"(45,46]",6344,FUM002.A0101.SG1.1_5M.classified_gc_rl.tsv.gz
"(46,47]",7232,FUM002.A0101.SG1.1_5M.classified_gc_rl.tsv.gz
"(47,48]",8747,FUM002.A0101.SG1.1_5M.classified_gc_rl.tsv.gz
"(48,49]",8850,FUM002.A0101.SG1.1_5M.classified_gc_rl.tsv.gz
"(49,50]",14322,FUM002.A0101.SG1.1_5M.classified_gc_rl.tsv.gz
"(50,51]",5792,FUM002.A0101.SG1.1_5M.classified_gc_rl.tsv.gz
"(51,52]",13340,FUM002.A0101.SG1.1_5M.classified_gc_rl.tsv.gz
"(52,53]",14693,FUM002.A0101.SG1.1_5M.classified_gc_rl.tsv.gz
"(53,54]",17681,FUM002.A0101.SG1.1_5M.classified_gc_rl.tsv.gz
"(54,55]",19302,FUM002.A0101.SG1.1_5M.classified_gc_rl.tsv.gz
"(55,56]",21551,FUM002.A0101.SG1.1_5M.classified_gc_rl.tsv.gz
"(56,57]",25306,FUM002.A0101.SG1.1_5M.classified_gc_rl.tsv.gz
"(57,58]",29869,FUM002.A0101.SG1.1_5M.classified_gc_rl.tsv.gz
"(58,59]",31565,FUM002.A0101.SG1.1_5M.classified_gc_rl.tsv.gz
"(59,60]",43533,FUM002.A0101.SG1.1_5M.classified_gc_rl.tsv.gz
"(60,61]",35001,FUM002.A0101.SG1.1_5M.classified_gc_rl.tsv.gz
"(61,62]",45663,FUM002.A0101.SG1.1_5M.classified_gc_rl.tsv.gz
"(62,63]",45980,FUM002.A0101.SG1.1_5M.classified_gc_rl.tsv.gz
"(63,64]",53403,FUM002.A0101.SG1.1_5M.classified_gc_rl.tsv.gz
"(64,65]",55047,FUM002.A0101.SG1.1_5M.classified_gc_rl.tsv.gz
"(65,66]",56035,FUM002.A0101.SG1.1_5M.classified_gc_rl.tsv.gz
"(66,67]",51156,FUM002.A0101.SG1.1_5M.classified_gc_rl.tsv.gz
"(67,68]",57474,FUM002.A0101.SG1.1_5M.classified_gc_rl.tsv.gz
"(68,69]",51088,FUM002.A0101.SG1.1_5M.classified_gc_rl.tsv.gz
"(69,70]",55564,FUM002.A0101.SG1.1_5M.classified_gc_rl.tsv.gz
"(70,71]",39556,FUM002.A0101.SG1.1_5M.classified_gc_rl.tsv.gz
"(71,72]",42270,FUM002.A0101.SG1.1_5M.classified_gc_rl.tsv.gz
"(72,73]",34357,FUM002.A0101.SG1.1_5M.classified_gc_rl.tsv.gz
"(73,74]",30512,FUM002.A0101.SG1.1_5M.classified_gc_rl.tsv.gz
"(74,75]",27572,FUM002.A0101.SG1.1_5M.classified_gc_rl.tsv.gz
"(75,76]",14561,FUM002.A0101.SG1.1_5M.classified_gc_rl.tsv.gz
"(76,77]",14953,FUM002.A0101.SG1.1_5M.classified_gc_rl.tsv.gz
"(77,78]",11013,FUM002.A0101.SG1.1_5M.classified_gc_rl.tsv.gz
"(78,79]",8089,FUM002.A0101.SG1.1_5M.classified_gc_rl.tsv.gz
"(79,80]",6460,FUM002.A0101.SG1.1_5M.classified_gc_rl.tsv.gz
"(80,81]",3055,FUM002.A0101.SG1.1_5M.classified_gc_rl.tsv.gz
"(81,82]",2643,FUM002.A0101.SG1.1_5M.classified_gc_rl.tsv.gz
"(82,83]",1730,FUM002.A0101.SG1.1_5M.classified_gc_rl.tsv.gz
"(83,84]",1085,FUM002.A0101.SG1.1_5M.classified_gc_rl.tsv.gz
"(84,85]",740,FUM002.A0101.SG1.1_5M.classified_gc_rl.tsv.gz
"(85,86]",332,FUM002.A0101.SG1.1_5M.classified_gc_rl.tsv.gz
"(86,87]",248,FUM002.A0101.SG1.1_5M.classified_gc_rl.tsv.gz
"(87,88]",138,FUM002.A0101.SG1.1_5M.classified_gc_rl.tsv.gz
"(88,89]",74,FUM002.A0101.SG1.1_5M.classified_gc_rl.tsv.gz
"(89,90]",50,FUM002.A0101.SG1.1_5M.classified_gc_rl.tsv.gz
"(90,91]",20,FUM002.A0101.SG1.1_5M.classified_gc_rl.tsv.gz
"(91,92]",18,FUM002.A0101.SG1.1_5M.classified_gc_rl.tsv.gz
"(92,93]",11,FUM002.A0101.SG1.1_5M.classified_gc_rl.tsv.gz
"(93,94]",4,FUM002.A0101.SG1.1_5M.classified_gc_rl.tsv.gz
"(94,95]",4,FUM002.A0101.SG1.1_5M.classified_gc_rl.tsv.gz
"(95,96]",4,FUM002.A0101.SG1.1_5M.classified_gc_rl.tsv.gz
"(96,97]",4,FUM002.A0101.SG1.1_5M.classified_gc_rl.tsv.gz
"(97,98]",6,FUM002.A0101.SG1.1_5M.classified_gc_rl.tsv.gz
"(98,99]",10,FUM002.A0101.SG1.1_5M.classified_gc_rl.tsv.gz
"(99,100]",9,FUM002.A0101.SG1.1_5M.classified_gc_rl.tsv.gz
"[0,1]",3,FUM002.A0102.SG1.5_5M.classified_gc_rl.tsv.gz
"(1,2]",2,FUM002.A0102.SG1.5_5M.classified_gc_rl.tsv.gz
"(2,3]",4,FUM002.A0102.SG1.5_5M.classified_gc_rl.tsv.gz
"(3,4]",3,FUM002.A0102.SG1.5_5M.classified_gc_rl.tsv.gz
"(4,5]",6,FUM002.A0102.SG1.5_5M.classified_gc_rl.tsv.gz
"(5,6]",10,FUM002.A0102.SG1.5_5M.classified_gc_rl.tsv.gz
"(6,7]",10,FUM002.A0102.SG1.5_5M.classified_gc_rl.tsv.gz
"(7,8]",21,FUM002.A0102.SG1.5_5M.classified_gc_rl.tsv.gz
"(8,9]",31,FUM002.A0102.SG1.5_5M.classified_gc_rl.tsv.gz
"(9,10]",57,FUM002.A0102.SG1.5_5M.classified_gc_rl.tsv.gz
"(10,11]",69,FUM002.A0102.SG1.5_5M.classified_gc_rl.tsv.gz
"(11,12]",122,FUM002.A0102.SG1.5_5M.classified_gc_rl.tsv.gz
"(12,13]",153,FUM002.A0102.SG1.5_5M.classified_gc_rl.tsv.gz
"(13,14]",259,FUM002.A0102.SG1.5_5M.classified_gc_rl.tsv.gz
"(14,15]",271,FUM002.A0102.SG1.5_5M.classified_gc_rl.tsv.gz
"(15,16]",407,FUM002.A0102.SG1.5_5M.classified_gc_rl.tsv.gz
"(16,17]",442,FUM002.A0102.SG1.5_5M.classified_gc_rl.tsv.gz
"(17,18]",727,FUM002.A0102.SG1.5_5M.classified_gc_rl.tsv.gz
"(18,19]",761,FUM002.A0102.SG1.5_5M.classified_gc_rl.tsv.gz
"(19,20]",1208,FUM002.A0102.SG1.5_5M.classified_gc_rl.tsv.gz
"(20,21]",1010,FUM002.A0102.SG1.5_5M.classified_gc_rl.tsv.gz
"(21,22]",1611,FUM002.A0102.SG1.5_5M.classified_gc_rl.tsv.gz
"(22,23]",1608,FUM002.A0102.SG1.5_5M.classified_gc_rl.tsv.gz
"(23,24]",2148,FUM002.A0102.SG1.5_5M.classified_gc_rl.tsv.gz
"(24,25]",2782,FUM002.A0102.SG1.5_5M.classified_gc_rl.tsv.gz
"(25,26]",2007,FUM002.A0102.SG1.5_5M.classified_gc_rl.tsv.gz
"(26,27]",2869,FUM002.A0102.SG1.5_5M.classified_gc_rl.tsv.gz
"(27,28]",3360,FUM002.A0102.SG1.5_5M.classified_gc_rl.tsv.gz
"(28,29]",3382,FUM002.A0102.SG1.5_5M.classified_gc_rl.tsv.gz
"(29,30]",4054,FUM002.A0102.SG1.5_5M.classified_gc_rl.tsv.gz
"(30,31]",3744,FUM002.A0102.SG1.5_5M.classified_gc_rl.tsv.gz
"(31,32]",4628,FUM002.A0102.SG1.5_5M.classified_gc_rl.tsv.gz
"(32,33]",4478,FUM002.A0102.SG1.5_5M.classified_gc_rl.tsv.gz
"(33,34]",4661,FUM002.A0102.SG1.5_5M.classified_gc_rl.tsv.gz
"(34,35]",5658,FUM002.A0102.SG1.5_5M.classified_gc_rl.tsv.gz
"(35,36]",5230,FUM002.A0102.SG1.5_5M.classified_gc_rl.tsv.gz
"(36,37]",5591,FUM002.A0102.SG1.5_5M.classified_gc_rl.tsv.gz
"(37,38]",5682,FUM002.A0102.SG1.5_5M.classified_gc_rl.tsv.gz
"(38,39]",5919,FUM002.A0102.SG1.5_5M.classified_gc_rl.tsv.gz
"(39,40]",7722,FUM002.A0102.SG1.5_5M.classified_gc_rl.tsv.gz
"(40,41]",5344,FUM002.A0102.SG1.5_5M.classified_gc_rl.tsv.gz
"(41,42]",6858,FUM002.A0102.SG1.5_5M.classified_gc_rl.tsv.gz
"(42,43]",6729,FUM002.A0102.SG1.5_5M.classified_gc_rl.tsv.gz
"(43,44]",7761,FUM002.A0102.SG1.5_5M.classified_gc_rl.tsv.gz
"(44,45]",7645,FUM002.A0102.SG1.5_5M.classified_gc_rl.tsv.gz
"(45,46]",7304,FUM002.A0102.SG1.5_5M.classified_gc_rl.tsv.gz
"(46,47]",7963,FUM002.A0102.SG1.5_5M.classified_gc_rl.tsv.gz
"(47,48]",9183,FUM002.A0102.SG1.5_5M.classified_gc_rl.tsv.gz
"(48,49]",8795,FUM002.A0102.SG1.5_5M.classified_gc_rl.tsv.gz
"(49,50]",13613,FUM002.A0102.SG1.5_5M.classified_gc_rl.tsv.gz
"(50,51]",4545,FUM002.A0102.SG1.5_5M.classified_gc_rl.tsv.gz
"(51,52]",11720,FUM002.A0102.SG1.5_5M.classified_gc_rl.tsv.gz
"(52,53]",12117,FUM002.A0102.SG1.5_5M.classified_gc_rl.tsv.gz
"(53,54]",13727,FUM002.A0102.SG1.5_5M.classified_gc_rl.tsv.gz
"(54,55]",14533,FUM002.A0102.SG1.5_5M.classified_gc_rl.tsv.gz
"(55,56]",15291,FUM002.A0102.SG1.5_5M.classified_gc_rl.tsv.gz
"(56,57]",17058,FUM002.A0102.SG1.5_5M.classified_gc_rl.tsv.gz
"(57,58]",19377,FUM002.A0102.SG1.5_5M.classified_gc_rl.tsv.gz
"(58,59]",19549,FUM002.A0102.SG1.5_5M.classified_gc_rl.tsv.gz
"(59,60]",25919,FUM002.A0102.SG1.5_5M.classified_gc_rl.tsv.gz
"(60,61]",19625,FUM002.A0102.SG1.5_5M.classified_gc_rl.tsv.gz
"(61,62]",24833,FUM002.A0102.SG1.5_5M.classified_gc_rl.tsv.gz
"(62,63]",23712,FUM002.A0102.SG1.5_5M.classified_gc_rl.tsv.gz
"(63,64]",27831,FUM002.A0102.SG1.5_5M.classified_gc_rl.tsv.gz
"(64,65]",27755,FUM002.A0102.SG1.5_5M.classified_gc_rl.tsv.gz
"(65,66]",27742,FUM002.A0102.SG1.5_5M.classified_gc_rl.tsv.gz
"(66,67]",23552,FUM002.A0102.SG1.5_5M.classified_gc_rl.tsv.gz
"(67,68]",25869,FUM002.A0102.SG1.5_5M.classified_gc_rl.tsv.gz
"(68,69]",23071,FUM002.A0102.SG1.5_5M.classified_gc_rl.tsv.gz
"(69,70]",25193,FUM002.A0102.SG1.5_5M.classified_gc_rl.tsv.gz
"(70,71]",17453,FUM002.A0102.SG1.5_5M.classified_gc_rl.tsv.gz
"(71,72]",18551,FUM002.A0102.SG1.5_5M.classified_gc_rl.tsv.gz
"(72,73]",15290,FUM002.A0102.SG1.5_5M.classified_gc_rl.tsv.gz
"(73,74]",13507,FUM002.A0102.SG1.5_5M.classified_gc_rl.tsv.gz
"(74,75]",12121,FUM002.A0102.SG1.5_5M.classified_gc_rl.tsv.gz
"(75,76]",6198,FUM002.A0102.SG1.5_5M.classified_gc_rl.tsv.gz
"(76,77]",6809,FUM002.A0102.SG1.5_5M.classified_gc_rl.tsv.gz
"(77,78]",4633,FUM002.A0102.SG1.5_5M.classified_gc_rl.tsv.gz
"(78,79]",3718,FUM002.A0102.SG1.5_5M.classified_gc_rl.tsv.gz
"(79,80]",3017,FUM002.A0102.SG1.5_5M.classified_gc_rl.tsv.gz
"(80,81]",1400,FUM002.A0102.SG1.5_5M.classified_gc_rl.tsv.gz
"(81,82]",1156,FUM002.A0102.SG1.5_5M.classified_gc_rl.tsv.gz
"(82,83]",823,FUM002.A0102.SG1.5_5M.classified_gc_rl.tsv.gz
"(83,84]",483,FUM002.A0102.SG1.5_5M.classified_gc_rl.tsv.gz
"(84,85]",371,FUM002.A0102.SG1.5_5M.classified_gc_rl.tsv.gz
"(85,86]",132,FUM002.A0102.SG1.5_5M.classified_gc_rl.tsv.gz
"(86,87]",131,FUM002.A0102.SG1.5_5M.classified_gc_rl.tsv.gz
"(87,88]",64,FUM002.A0102.SG1.5_5M.classified_gc_rl.tsv.gz
"(88,89]",25,FUM002.A0102.SG1.5_5M.classified_gc_rl.tsv.gz
"(89,90]",20,FUM002.A0102.SG1.5_5M.classified_gc_rl.tsv.gz
"(90,91]",4,FUM002.A0102.SG1.5_5M.classified_gc_rl.tsv.gz
"(91,92]",2,FUM002.A0102.SG1.5_5M.classified_gc_rl.tsv.gz
"(92,93]",5,FUM002.A0102.SG1.5_5M.classified_gc_rl.tsv.gz
"(94,95]",2,FUM002.A0102.SG1.5_5M.classified_gc_rl.tsv.gz
"(95,96]",2,FUM002.A0102.SG1.5_5M.classified_gc_rl.tsv.gz
"(97,98]",1,FUM002.A0102.SG1.5_5M.classified_gc_rl.tsv.gz
"(98,99]",3,FUM002.A0102.SG1.5_5M.classified_gc_rl.tsv.gz
"(1,2]",1,FUM003.A0101.SG1.1_5M.classified_gc_rl.tsv.gz
"(4,5]",1,FUM003.A0101.SG1.1_5M.classified_gc_rl.tsv.gz
"(8,9]",1,FUM003.A0101.SG1.1_5M.classified_gc_rl.tsv.gz
"(9,10]",2,FUM003.A0101.SG1.1_5M.classified_gc_rl.tsv.gz
"(10,11]",2,FUM003.A0101.SG1.1_5M.classified_gc_rl.tsv.gz
"(11,12]",6,FUM003.A0101.SG1.1_5M.classified_gc_rl.tsv.gz
"(12,13]",10,FUM003.A0101.SG1.1_5M.classified_gc_rl.tsv.gz
"(13,14]",22,FUM003.A0101.SG1.1_5M.classified_gc_rl.tsv.gz
"(14,15]",30,FUM003.A0101.SG1.1_5M.classified_gc_rl.tsv.gz
"(15,16]",46,FUM003.A0101.SG1.1_5M.classified_gc_rl.tsv.gz
"(16,17]",45,FUM003.A0101.SG1.1_5M.classified_gc_rl.tsv.gz
"(17,18]",118,FUM003.A0101.SG1.1_5M.classified_gc_rl.tsv.gz
"(18,19]",174,FUM003.A0101.SG1.1_5M.classified_gc_rl.tsv.gz
"(19,20]",220,FUM003.A0101.SG1.1_5M.classified_gc_rl.tsv.gz
"(20,21]",209,FUM003.A0101.SG1.1_5M.classified_gc_rl.tsv.gz
"(21,22]",365,FUM003.A0101.SG1.1_5M.classified_gc_rl.tsv.gz
"(22,23]",427,FUM003.A0101.SG1.1_5M.classified_gc_rl.tsv.gz
"(23,24]",611,FUM003.A0101.SG1.1_5M.classified_gc_rl.tsv.gz
"(24,25]",826,FUM003.A0101.SG1.1_5M.classified_gc_rl.tsv.gz
"(25,26]",592,FUM003.A0101.SG1.1_5M.classified_gc_rl.tsv.gz
"(26,27]",1072,FUM003.A0101.SG1.1_5M.classified_gc_rl.tsv.gz
"(27,28]",1375,FUM003.A0101.SG1.1_5M.classified_gc_rl.tsv.gz
"(28,29]",1533,FUM003.A0101.SG1.1_5M.classified_gc_rl.tsv.gz
"(29,30]",1593,FUM003.A0101.SG1.1_5M.classified_gc_rl.tsv.gz
"(30,31]",1873,FUM003.A0101.SG1.1_5M.classified_gc_rl.tsv.gz
"(31,32]",2350,FUM003.A0101.SG1.1_5M.classified_gc_rl.tsv.gz
"(32,33]",2400,FUM003.A0101.SG1.1_5M.classified_gc_rl.tsv.gz
"(33,34]",2401,FUM003.A0101.SG1.1_5M.classified_gc_rl.tsv.gz
"(34,35]",3195,FUM003.A0101.SG1.1_5M.classified_gc_rl.tsv.gz
"(35,36]",3289,FUM003.A0101.SG1.1_5M.classified_gc_rl.tsv.gz
"(36,37]",3480,FUM003.A0101.SG1.1_5M.classified_gc_rl.tsv.gz
"(37,38]",3269,FUM003.A0101.SG1.1_5M.classified_gc_rl.tsv.gz
"(38,39]",3904,FUM003.A0101.SG1.1_5M.classified_gc_rl.tsv.gz
"(39,40]",4718,FUM003.A0101.SG1.1_5M.classified_gc_rl.tsv.gz
"(40,41]",3621,FUM003.A0101.SG1.1_5M.classified_gc_rl.tsv.gz
"(41,42]",4281,FUM003.A0101.SG1.1_5M.classified_gc_rl.tsv.gz
"(42,43]",4888,FUM003.A0101.SG1.1_5M.classified_gc_rl.tsv.gz
"(43,44]",5539,FUM003.A0101.SG1.1_5M.classified_gc_rl.tsv.gz
"(44,45]",5688,FUM003.A0101.SG1.1_5M.classified_gc_rl.tsv.gz
"(45,46]",5557,FUM003.A0101.SG1.1_5M.classified_gc_rl.tsv.gz
"(46,47]",7266,FUM003.A0101.SG1.1_5M.classified_gc_rl.tsv.gz
"(47,48]",8855,FUM003.A0101.SG1.1_5M.classified_gc_rl.tsv.gz
"(48,49]",9384,FUM003.A0101.SG1.1_5M.classified_gc_rl.tsv.gz
"(49,50]",15723,FUM003.A0101.SG1.1_5M.classified_gc_rl.tsv.gz
"(50,51]",7234,FUM003.A0101.SG1.1_5M.classified_gc_rl.tsv.gz
"(51,52]",17198,FUM003.A0101.SG1.1_5M.classified_gc_rl.tsv.gz
"(52,53]",19723,FUM003.A0101.SG1.1_5M.classified_gc_rl.tsv.gz
"(53,54]",26143,FUM003.A0101.SG1.1_5M.classified_gc_rl.tsv.gz
"(54,55]",25684,FUM003.A0101.SG1.1_5M.classified_gc_rl.tsv.gz
"(55,56]",37535,FUM003.A0101.SG1.1_5M.classified_gc_rl.tsv.gz
"(56,57]",44796,FUM003.A0101.SG1.1_5M.classified_gc_rl.tsv.gz
"(57,58]",57558,FUM003.A0101.SG1.1_5M.classified_gc_rl.tsv.gz
"(58,59]",52717,FUM003.A0101.SG1.1_5M.classified_gc_rl.tsv.gz
"(59,60]",87275,FUM003.A0101.SG1.1_5M.classified_gc_rl.tsv.gz
"(60,61]",78458,FUM003.A0101.SG1.1_5M.classified_gc_rl.tsv.gz
"(61,62]",104469,FUM003.A0101.SG1.1_5M.classified_gc_rl.tsv.gz
"(62,63]",87389,FUM003.A0101.SG1.1_5M.classified_gc_rl.tsv.gz
"(63,64]",128863,FUM003.A0101.SG1.1_5M.classified_gc_rl.tsv.gz
"(64,65]",131773,FUM003.A0101.SG1.1_5M.classified_gc_rl.tsv.gz
"(65,66]",140682,FUM003.A0101.SG1.1_5M.classified_gc_rl.tsv.gz
"(66,67]",109281,FUM003.A0101.SG1.1_5M.classified_gc_rl.tsv.gz
"(67,68]",152712,FUM003.A0101.SG1.1_5M.classified_gc_rl.tsv.gz
"(68,69]",135841,FUM003.A0101.SG1.1_5M.classified_gc_rl.tsv.gz
"(69,70]",144424,FUM003.A0101.SG1.1_5M.classified_gc_rl.tsv.gz
"(70,71]",90473,FUM003.A0101.SG1.1_5M.classified_gc_rl.tsv.gz
"(71,72]",116949,FUM003.A0101.SG1.1_5M.classified_gc_rl.tsv.gz
"(72,73]",93804,FUM003.A0101.SG1.1_5M.classified_gc_rl.tsv.gz
"(73,74]",82373,FUM003.A0101.SG1.1_5M.classified_gc_rl.tsv.gz
"(74,75]",70156,FUM003.A0101.SG1.1_5M.classified_gc_rl.tsv.gz
"(75,76]",33542,FUM003.A0101.SG1.1_5M.classified_gc_rl.tsv.gz
"(76,77]",36472,FUM003.A0101.SG1.1_5M.classified_gc_rl.tsv.gz
"(77,78]",26476,FUM003.A0101.SG1.1_5M.classified_gc_rl.tsv.gz
"(78,79]",17743,FUM003.A0101.SG1.1_5M.classified_gc_rl.tsv.gz
"(79,80]",12239,FUM003.A0101.SG1.1_5M.classified_gc_rl.tsv.gz
"(80,81]",6591,FUM003.A0101.SG1.1_5M.classified_gc_rl.tsv.gz
"(81,82]",5048,FUM003.A0101.SG1.1_5M.classified_gc_rl.tsv.gz
"(82,83]",3079,FUM003.A0101.SG1.1_5M.classified_gc_rl.tsv.gz
"(83,84]",1852,FUM003.A0101.SG1.1_5M.classified_gc_rl.tsv.gz
"(84,85]",1218,FUM003.A0101.SG1.1_5M.classified_gc_rl.tsv.gz
"(85,86]",570,FUM003.A0101.SG1.1_5M.classified_gc_rl.tsv.gz
"(86,87]",412,FUM003.A0101.SG1.1_5M.classified_gc_rl.tsv.gz
"(87,88]",220,FUM003.A0101.SG1.1_5M.classified_gc_rl.tsv.gz
"(88,89]",109,FUM003.A0101.SG1.1_5M.classified_gc_rl.tsv.gz
"(89,90]",73,FUM003.A0101.SG1.1_5M.classified_gc_rl.tsv.gz
"(90,91]",31,FUM003.A0101.SG1.1_5M.classified_gc_rl.tsv.gz
"(91,92]",23,FUM003.A0101.SG1.1_5M.classified_gc_rl.tsv.gz
"(92,93]",26,FUM003.A0101.SG1.1_5M.classified_gc_rl.tsv.gz
"(93,94]",24,FUM003.A0101.SG1.1_5M.classified_gc_rl.tsv.gz
"(94,95]",9,FUM003.A0101.SG1.1_5M.classified_gc_rl.tsv.gz
"(95,96]",8,FUM003.A0101.SG1.1_5M.classified_gc_rl.tsv.gz
"(96,97]",11,FUM003.A0101.SG1.1_5M.classified_gc_rl.tsv.gz
"(97,98]",16,FUM003.A0101.SG1.1_5M.classified_gc_rl.tsv.gz
"(98,99]",17,FUM003.A0101.SG1.1_5M.classified_gc_rl.tsv.gz
"(99,100]",18,FUM003.A0101.SG1.1_5M.classified_gc_rl.tsv.gz
"[0,1]",1,FUM003.A0102.SG1.4_5M.classified_gc_rl.tsv.gz
"(2,3]",3,FUM003.A0102.SG1.4_5M.classified_gc_rl.tsv.gz
"(3,4]",2,FUM003.A0102.SG1.4_5M.classified_gc_rl.tsv.gz
"(4,5]",5,FUM003.A0102.SG1.4_5M.classified_gc_rl.tsv.gz
"(5,6]",7,FUM003.A0102.SG1.4_5M.classified_gc_rl.tsv.gz
"(6,7]",11,FUM003.A0102.SG1.4_5M.classified_gc_rl.tsv.gz
"(7,8]",11,FUM003.A0102.SG1.4_5M.classified_gc_rl.tsv.gz
"(8,9]",12,FUM003.A0102.SG1.4_5M.classified_gc_rl.tsv.gz
"(9,10]",55,FUM003.A0102.SG1.4_5M.classified_gc_rl.tsv.gz
"(10,11]",77,FUM003.A0102.SG1.4_5M.classified_gc_rl.tsv.gz
"(11,12]",96,FUM003.A0102.SG1.4_5M.classified_gc_rl.tsv.gz
"(12,13]",146,FUM003.A0102.SG1.4_5M.classified_gc_rl.tsv.gz
"(13,14]",203,FUM003.A0102.SG1.4_5M.classified_gc_rl.tsv.gz
"(14,15]",220,FUM003.A0102.SG1.4_5M.classified_gc_rl.tsv.gz
"(15,16]",307,FUM003.A0102.SG1.4_5M.classified_gc_rl.tsv.gz
"(16,17]",359,FUM003.A0102.SG1.4_5M.classified_gc_rl.tsv.gz
"(17,18]",513,FUM003.A0102.SG1.4_5M.classified_gc_rl.tsv.gz
"(18,19]",577,FUM003.A0102.SG1.4_5M.classified_gc_rl.tsv.gz
"(19,20]",896,FUM003.A0102.SG1.4_5M.classified_gc_rl.tsv.gz
"(20,21]",686,FUM003.A0102.SG1.4_5M.classified_gc_rl.tsv.gz
"(21,22]",1120,FUM003.A0102.SG1.4_5M.classified_gc_rl.tsv.gz
"(22,23]",1164,FUM003.A0102.SG1.4_5M.classified_gc_rl.tsv.gz
"(23,24]",1632,FUM003.A0102.SG1.4_5M.classified_gc_rl.tsv.gz
"(24,25]",2052,FUM003.A0102.SG1.4_5M.classified_gc_rl.tsv.gz
"(25,26]",1343,FUM003.A0102.SG1.4_5M.classified_gc_rl.tsv.gz
"(26,27]",2224,FUM003.A0102.SG1.4_5M.classified_gc_rl.tsv.gz
"(27,28]",2696,FUM003.A0102.SG1.4_5M.classified_gc_rl.tsv.gz
"(28,29]",2841,FUM003.A0102.SG1.4_5M.classified_gc_rl.tsv.gz
"(29,30]",2921,FUM003.A0102.SG1.4_5M.classified_gc_rl.tsv.gz
"(30,31]",3216,FUM003.A0102.SG1.4_5M.classified_gc_rl.tsv.gz
"(31,32]",3694,FUM003.A0102.SG1.4_5M.classified_gc_rl.tsv.gz
"(32,33]",3778,FUM003.A0102.SG1.4_5M.classified_gc_rl.tsv.gz
"(33,34]",3443,FUM003.A0102.SG1.4_5M.classified_gc_rl.tsv.gz
"(34,35]",4671,FUM003.A0102.SG1.4_5M.classified_gc_rl.tsv.gz
"(35,36]",4235,FUM003.A0102.SG1.4_5M.classified_gc_rl.tsv.gz
"(36,37]",4443,FUM003.A0102.SG1.4_5M.classified_gc_rl.tsv.gz
"(37,38]",4286,FUM003.A0102.SG1.4_5M.classified_gc_rl.tsv.gz
"(38,39]",4692,FUM003.A0102.SG1.4_5M.classified_gc_rl.tsv.gz
"(39,40]",5969,FUM003.A0102.SG1.4_5M.classified_gc_rl.tsv.gz
"(40,41]",4340,FUM003.A0102.SG1.4_5M.classified_gc_rl.tsv.gz
"(41,42]",5158,FUM003.A0102.SG1.4_5M.classified_gc_rl.tsv.gz
"(42,43]",5563,FUM003.A0102.SG1.4_5M.classified_gc_rl.tsv.gz
"(43,44]",6430,FUM003.A0102.SG1.4_5M.classified_gc_rl.tsv.gz
"(44,45]",6629,FUM003.A0102.SG1.4_5M.classified_gc_rl.tsv.gz
"(45,46]",6346,FUM003.A0102.SG1.4_5M.classified_gc_rl.tsv.gz
"(46,47]",7775,FUM003.A0102.SG1.4_5M.classified_gc_rl.tsv.gz
"(47,48]",9490,FUM003.A0102.SG1.4_5M.classified_gc_rl.tsv.gz
"(48,49]",10049,FUM003.A0102.SG1.4_5M.classified_gc_rl.tsv.gz
"(49,50]",16778,FUM003.A0102.SG1.4_5M.classified_gc_rl.tsv.gz
"(50,51]",6543,FUM003.A0102.SG1.4_5M.classified_gc_rl.tsv.gz
"(51,52]",17074,FUM003.A0102.SG1.4_5M.classified_gc_rl.tsv.gz
"(52,53]",19579,FUM003.A0102.SG1.4_5M.classified_gc_rl.tsv.gz
"(53,54]",23678,FUM003.A0102.SG1.4_5M.classified_gc_rl.tsv.gz
"(54,55]",26191,FUM003.A0102.SG1.4_5M.classified_gc_rl.tsv.gz
"(55,56]",30925,FUM003.A0102.SG1.4_5M.classified_gc_rl.tsv.gz
"(56,57]",37496,FUM003.A0102.SG1.4_5M.classified_gc_rl.tsv.gz
"(57,58]",44528,FUM003.A0102.SG1.4_5M.classified_gc_rl.tsv.gz
"(58,59]",45974,FUM003.A0102.SG1.4_5M.classified_gc_rl.tsv.gz
"(59,60]",65368,FUM003.A0102.SG1.4_5M.classified_gc_rl.tsv.gz
"(60,61]",54957,FUM003.A0102.SG1.4_5M.classified_gc_rl.tsv.gz
"(61,62]",70565,FUM003.A0102.SG1.4_5M.classified_gc_rl.tsv.gz
"(62,63]",66240,FUM003.A0102.SG1.4_5M.classified_gc_rl.tsv.gz
"(63,64]",82779,FUM003.A0102.SG1.4_5M.classified_gc_rl.tsv.gz
"(64,65]",84599,FUM003.A0102.SG1.4_5M.classified_gc_rl.tsv.gz
"(65,66]",85822,FUM003.A0102.SG1.4_5M.classified_gc_rl.tsv.gz
"(66,67]",74470,FUM003.A0102.SG1.4_5M.classified_gc_rl.tsv.gz
"(67,68]",84347,FUM003.A0102.SG1.4_5M.classified_gc_rl.tsv.gz
"(68,69]",76137,FUM003.A0102.SG1.4_5M.classified_gc_rl.tsv.gz
"(69,70]",82168,FUM003.A0102.SG1.4_5M.classified_gc_rl.tsv.gz
"(70,71]",56183,FUM003.A0102.SG1.4_5M.classified_gc_rl.tsv.gz
"(71,72]",60078,FUM003.A0102.SG1.4_5M.classified_gc_rl.tsv.gz
"(72,73]",48647,FUM003.A0102.SG1.4_5M.classified_gc_rl.tsv.gz
"(73,74]",41954,FUM003.A0102.SG1.4_5M.classified_gc_rl.tsv.gz
"(74,75]",37973,FUM003.A0102.SG1.4_5M.classified_gc_rl.tsv.gz
"(75,76]",19464,FUM003.A0102.SG1.4_5M.classified_gc_rl.tsv.gz
"(76,77]",20924,FUM003.A0102.SG1.4_5M.classified_gc_rl.tsv.gz
"(77,78]",15029,FUM003.A0102.SG1.4_5M.classified_gc_rl.tsv.gz
"(78,79]",12059,FUM003.A0102.SG1.4_5M.classified_gc_rl.tsv.gz
"(79,80]",9593,FUM003.A0102.SG1.4_5M.classified_gc_rl.tsv.gz
"(80,81]",4614,FUM003.A0102.SG1.4_5M.classified_gc_rl.tsv.gz
"(81,82]",4122,FUM003.A0102.SG1.4_5M.classified_gc_rl.tsv.gz
"(82,83]",2773,FUM003.A0102.SG1.4_5M.classified_gc_rl.tsv.gz
"(83,84]",1566,FUM003.A0102.SG1.4_5M.classified_gc_rl.tsv.gz
"(84,85]",1204,FUM003.A0102.SG1.4_5M.classified_gc_rl.tsv.gz
"(85,86]",449,FUM003.A0102.SG1.4_5M.classified_gc_rl.tsv.gz
"(86,87]",461,FUM003.A0102.SG1.4_5M.classified_gc_rl.tsv.gz
"(87,88]",170,FUM003.A0102.SG1.4_5M.classified_gc_rl.tsv.gz
"(88,89]",76,FUM003.A0102.SG1.4_5M.classified_gc_rl.tsv.gz
"(89,90]",64,FUM003.A0102.SG1.4_5M.classified_gc_rl.tsv.gz
"(90,91]",13,FUM003.A0102.SG1.4_5M.classified_gc_rl.tsv.gz
"(91,92]",11,FUM003.A0102.SG1.4_5M.classified_gc_rl.tsv.gz
"(92,93]",7,FUM003.A0102.SG1.4_5M.classified_gc_rl.tsv.gz
"(93,94]",1,FUM003.A0102.SG1.4_5M.classified_gc_rl.tsv.gz
"(94,95]",3,FUM003.A0102.SG1.4_5M.classified_gc_rl.tsv.gz
"(95,96]",1,FUM003.A0102.SG1.4_5M.classified_gc_rl.tsv.gz
"(98,99]",4,FUM003.A0102.SG1.4_5M.classified_gc_rl.tsv.gz
"(99,100]",5,FUM003.A0102.SG1.4_5M.classified_gc_rl.tsv.gz
"(1,2]",2,GDN001.A0101.SG1.1_5M.classified_gc_rl.tsv.gz
"(5,6]",2,GDN001.A0101.SG1.1_5M.classified_gc_rl.tsv.gz
"(6,7]",2,GDN001.A0101.SG1.1_5M.classified_gc_rl.tsv.gz
"(7,8]",6,GDN001.A0101.SG1.1_5M.classified_gc_rl.tsv.gz
"(8,9]",6,GDN001.A0101.SG1.1_5M.classified_gc_rl.tsv.gz
"(9,10]",6,GDN001.A0101.SG1.1_5M.classified_gc_rl.tsv.gz
"(10,11]",12,GDN001.A0101.SG1.1_5M.classified_gc_rl.tsv.gz
"(11,12]",29,GDN001.A0101.SG1.1_5M.classified_gc_rl.tsv.gz
"(12,13]",36,GDN001.A0101.SG1.1_5M.classified_gc_rl.tsv.gz
"(13,14]",71,GDN001.A0101.SG1.1_5M.classified_gc_rl.tsv.gz
"(14,15]",105,GDN001.A0101.SG1.1_5M.classified_gc_rl.tsv.gz
"(15,16]",211,GDN001.A0101.SG1.1_5M.classified_gc_rl.tsv.gz
"(16,17]",284,GDN001.A0101.SG1.1_5M.classified_gc_rl.tsv.gz
"(17,18]",606,GDN001.A0101.SG1.1_5M.classified_gc_rl.tsv.gz
"(18,19]",927,GDN001.A0101.SG1.1_5M.classified_gc_rl.tsv.gz
"(19,20]",1726,GDN001.A0101.SG1.1_5M.classified_gc_rl.tsv.gz
"(20,21]",1865,GDN001.A0101.SG1.1_5M.classified_gc_rl.tsv.gz
"(21,22]",3277,GDN001.A0101.SG1.1_5M.classified_gc_rl.tsv.gz
"(22,23]",4067,GDN001.A0101.SG1.1_5M.classified_gc_rl.tsv.gz
"(23,24]",5126,GDN001.A0101.SG1.1_5M.classified_gc_rl.tsv.gz
"(24,25]",6416,GDN001.A0101.SG1.1_5M.classified_gc_rl.tsv.gz
"(25,26]",5169,GDN001.A0101.SG1.1_5M.classified_gc_rl.tsv.gz
"(26,27]",6860,GDN001.A0101.SG1.1_5M.classified_gc_rl.tsv.gz
"(27,28]",7567,GDN001.A0101.SG1.1_5M.classified_gc_rl.tsv.gz
"(28,29]",7593,GDN001.A0101.SG1.1_5M.classified_gc_rl.tsv.gz
"(29,30]",8455,GDN001.A0101.SG1.1_5M.classified_gc_rl.tsv.gz
"(30,31]",7902,GDN001.A0101.SG1.1_5M.classified_gc_rl.tsv.gz
"(31,32]",8377,GDN001.A0101.SG1.1_5M.classified_gc_rl.tsv.gz
"(32,33]",7922,GDN001.A0101.SG1.1_5M.classified_gc_rl.tsv.gz
"(33,34]",6714,GDN001.A0101.SG1.1_5M.classified_gc_rl.tsv.gz
"(34,35]",6942,GDN001.A0101.SG1.1_5M.classified_gc_rl.tsv.gz
"(35,36]",6308,GDN001.A0101.SG1.1_5M.classified_gc_rl.tsv.gz
"(36,37]",6258,GDN001.A0101.SG1.1_5M.classified_gc_rl.tsv.gz
"(37,38]",5752,GDN001.A0101.SG1.1_5M.classified_gc_rl.tsv.gz
"(38,39]",6107,GDN001.A0101.SG1.1_5M.classified_gc_rl.tsv.gz
"(39,40]",7532,GDN001.A0101.SG1.1_5M.classified_gc_rl.tsv.gz
"(40,41]",5894,GDN001.A0101.SG1.1_5M.classified_gc_rl.tsv.gz
"(41,42]",6964,GDN001.A0101.SG1.1_5M.classified_gc_rl.tsv.gz
"(42,43]",7440,GDN001.A0101.SG1.1_5M.classified_gc_rl.tsv.gz
"(43,44]",8751,GDN001.A0101.SG1.1_5M.classified_gc_rl.tsv.gz
"(44,45]",9119,GDN001.A0101.SG1.1_5M.classified_gc_rl.tsv.gz
"(45,46]",9119,GDN001.A0101.SG1.1_5M.classified_gc_rl.tsv.gz
"(46,47]",10447,GDN001.A0101.SG1.1_5M.classified_gc_rl.tsv.gz
"(47,48]",12041,GDN001.A0101.SG1.1_5M.classified_gc_rl.tsv.gz
"(48,49]",11831,GDN001.A0101.SG1.1_5M.classified_gc_rl.tsv.gz
"(49,50]",19294,GDN001.A0101.SG1.1_5M.classified_gc_rl.tsv.gz
"(50,51]",9465,GDN001.A0101.SG1.1_5M.classified_gc_rl.tsv.gz
"(51,52]",16466,GDN001.A0101.SG1.1_5M.classified_gc_rl.tsv.gz
"(52,53]",17024,GDN001.A0101.SG1.1_5M.classified_gc_rl.tsv.gz
"(53,54]",20299,GDN001.A0101.SG1.1_5M.classified_gc_rl.tsv.gz
"(54,55]",20984,GDN001.A0101.SG1.1_5M.classified_gc_rl.tsv.gz
"(55,56]",23601,GDN001.A0101.SG1.1_5M.classified_gc_rl.tsv.gz
"(56,57]",26038,GDN001.A0101.SG1.1_5M.classified_gc_rl.tsv.gz
"(57,58]",28233,GDN001.A0101.SG1.1_5M.classified_gc_rl.tsv.gz
"(58,59]",29678,GDN001.A0101.SG1.1_5M.classified_gc_rl.tsv.gz
"(59,60]",39931,GDN001.A0101.SG1.1_5M.classified_gc_rl.tsv.gz
"(60,61]",31293,GDN001.A0101.SG1.1_5M.classified_gc_rl.tsv.gz
"(61,62]",41144,GDN001.A0101.SG1.1_5M.classified_gc_rl.tsv.gz
"(62,63]",41336,GDN001.A0101.SG1.1_5M.classified_gc_rl.tsv.gz
"(63,64]",49029,GDN001.A0101.SG1.1_5M.classified_gc_rl.tsv.gz
"(64,65]",50974,GDN001.A0101.SG1.1_5M.classified_gc_rl.tsv.gz
"(65,66]",52088,GDN001.A0101.SG1.1_5M.classified_gc_rl.tsv.gz
"(66,67]",51409,GDN001.A0101.SG1.1_5M.classified_gc_rl.tsv.gz
"(67,68]",61502,GDN001.A0101.SG1.1_5M.classified_gc_rl.tsv.gz
"(68,69]",55545,GDN001.A0101.SG1.1_5M.classified_gc_rl.tsv.gz
"(69,70]",61186,GDN001.A0101.SG1.1_5M.classified_gc_rl.tsv.gz
"(70,71]",49301,GDN001.A0101.SG1.1_5M.classified_gc_rl.tsv.gz
"(71,72]",53478,GDN001.A0101.SG1.1_5M.classified_gc_rl.tsv.gz
"(72,73]",46962,GDN001.A0101.SG1.1_5M.classified_gc_rl.tsv.gz
"(73,74]",44566,GDN001.A0101.SG1.1_5M.classified_gc_rl.tsv.gz
"(74,75]",44857,GDN001.A0101.SG1.1_5M.classified_gc_rl.tsv.gz
"(75,76]",26297,GDN001.A0101.SG1.1_5M.classified_gc_rl.tsv.gz
"(76,77]",27143,GDN001.A0101.SG1.1_5M.classified_gc_rl.tsv.gz
"(77,78]",23337,GDN001.A0101.SG1.1_5M.classified_gc_rl.tsv.gz
"(78,79]",17111,GDN001.A0101.SG1.1_5M.classified_gc_rl.tsv.gz
"(79,80]",16388,GDN001.A0101.SG1.1_5M.classified_gc_rl.tsv.gz
"(80,81]",8548,GDN001.A0101.SG1.1_5M.classified_gc_rl.tsv.gz
"(81,82]",8025,GDN001.A0101.SG1.1_5M.classified_gc_rl.tsv.gz
"(82,83]",5412,GDN001.A0101.SG1.1_5M.classified_gc_rl.tsv.gz
"(83,84]",3944,GDN001.A0101.SG1.1_5M.classified_gc_rl.tsv.gz
"(84,85]",2624,GDN001.A0101.SG1.1_5M.classified_gc_rl.tsv.gz
"(85,86]",1556,GDN001.A0101.SG1.1_5M.classified_gc_rl.tsv.gz
"(86,87]",1107,GDN001.A0101.SG1.1_5M.classified_gc_rl.tsv.gz
"(87,88]",638,GDN001.A0101.SG1.1_5M.classified_gc_rl.tsv.gz
"(88,89]",372,GDN001.A0101.SG1.1_5M.classified_gc_rl.tsv.gz
"(89,90]",271,GDN001.A0101.SG1.1_5M.classified_gc_rl.tsv.gz
"(90,91]",109,GDN001.A0101.SG1.1_5M.classified_gc_rl.tsv.gz
"(91,92]",78,GDN001.A0101.SG1.1_5M.classified_gc_rl.tsv.gz
"(92,93]",44,GDN001.A0101.SG1.1_5M.classified_gc_rl.tsv.gz
"(93,94]",34,GDN001.A0101.SG1.1_5M.classified_gc_rl.tsv.gz
"(94,95]",8,GDN001.A0101.SG1.1_5M.classified_gc_rl.tsv.gz
"(95,96]",14,GDN001.A0101.SG1.1_5M.classified_gc_rl.tsv.gz
"(96,97]",6,GDN001.A0101.SG1.1_5M.classified_gc_rl.tsv.gz
"(97,98]",12,GDN001.A0101.SG1.1_5M.classified_gc_rl.tsv.gz
"(98,99]",13,GDN001.A0101.SG1.1_5M.classified_gc_rl.tsv.gz
"(99,100]",17,GDN001.A0101.SG1.1_5M.classified_gc_rl.tsv.gz
"[0,1]",22,GDN001.A0102.SG1.3_5M.classified_gc_rl.tsv.gz
"(1,2]",53,GDN001.A0102.SG1.3_5M.classified_gc_rl.tsv.gz
"(2,3]",93,GDN001.A0102.SG1.3_5M.classified_gc_rl.tsv.gz
"(3,4]",134,GDN001.A0102.SG1.3_5M.classified_gc_rl.tsv.gz
"(4,5]",272,GDN001.A0102.SG1.3_5M.classified_gc_rl.tsv.gz
"(5,6]",381,GDN001.A0102.SG1.3_5M.classified_gc_rl.tsv.gz
"(6,7]",486,GDN001.A0102.SG1.3_5M.classified_gc_rl.tsv.gz
"(7,8]",647,GDN001.A0102.SG1.3_5M.classified_gc_rl.tsv.gz
"(8,9]",631,GDN001.A0102.SG1.3_5M.classified_gc_rl.tsv.gz
"(9,10]",855,GDN001.A0102.SG1.3_5M.classified_gc_rl.tsv.gz
"(10,11]",831,GDN001.A0102.SG1.3_5M.classified_gc_rl.tsv.gz
"(11,12]",1051,GDN001.A0102.SG1.3_5M.classified_gc_rl.tsv.gz
"(12,13]",1118,GDN001.A0102.SG1.3_5M.classified_gc_rl.tsv.gz
"(13,14]",1449,GDN001.A0102.SG1.3_5M.classified_gc_rl.tsv.gz
"(14,15]",1683,GDN001.A0102.SG1.3_5M.classified_gc_rl.tsv.gz
"(15,16]",2194,GDN001.A0102.SG1.3_5M.classified_gc_rl.tsv.gz
"(16,17]",2619,GDN001.A0102.SG1.3_5M.classified_gc_rl.tsv.gz
"(17,18]",3765,GDN001.A0102.SG1.3_5M.classified_gc_rl.tsv.gz
"(18,19]",4695,GDN001.A0102.SG1.3_5M.classified_gc_rl.tsv.gz
"(19,20]",7287,GDN001.A0102.SG1.3_5M.classified_gc_rl.tsv.gz
"(20,21]",6786,GDN001.A0102.SG1.3_5M.classified_gc_rl.tsv.gz
"(21,22]",9145,GDN001.A0102.SG1.3_5M.classified_gc_rl.tsv.gz
"(22,23]",10164,GDN001.A0102.SG1.3_5M.classified_gc_rl.tsv.gz
"(23,24]",11733,GDN001.A0102.SG1.3_5M.classified_gc_rl.tsv.gz
"(24,25]",13880,GDN001.A0102.SG1.3_5M.classified_gc_rl.tsv.gz
"(25,26]",9790,GDN001.A0102.SG1.3_5M.classified_gc_rl.tsv.gz
"(26,27]",12327,GDN001.A0102.SG1.3_5M.classified_gc_rl.tsv.gz
"(27,28]",12863,GDN001.A0102.SG1.3_5M.classified_gc_rl.tsv.gz
"(28,29]",12098,GDN001.A0102.SG1.3_5M.classified_gc_rl.tsv.gz
"(29,30]",13148,GDN001.A0102.SG1.3_5M.classified_gc_rl.tsv.gz
"(30,31]",11222,GDN001.A0102.SG1.3_5M.classified_gc_rl.tsv.gz
"(31,32]",12014,GDN001.A0102.SG1.3_5M.classified_gc_rl.tsv.gz
"(32,33]",10881,GDN001.A0102.SG1.3_5M.classified_gc_rl.tsv.gz
"(33,34]",9713,GDN001.A0102.SG1.3_5M.classified_gc_rl.tsv.gz
"(34,35]",9891,GDN001.A0102.SG1.3_5M.classified_gc_rl.tsv.gz
"(35,36]",9092,GDN001.A0102.SG1.3_5M.classified_gc_rl.tsv.gz
"(36,37]",8379,GDN001.A0102.SG1.3_5M.classified_gc_rl.tsv.gz
"(37,38]",8136,GDN001.A0102.SG1.3_5M.classified_gc_rl.tsv.gz
"(38,39]",7650,GDN001.A0102.SG1.3_5M.classified_gc_rl.tsv.gz
"(39,40]",9744,GDN001.A0102.SG1.3_5M.classified_gc_rl.tsv.gz
"(40,41]",6781,GDN001.A0102.SG1.3_5M.classified_gc_rl.tsv.gz
"(41,42]",8430,GDN001.A0102.SG1.3_5M.classified_gc_rl.tsv.gz
"(42,43]",8040,GDN001.A0102.SG1.3_5M.classified_gc_rl.tsv.gz
"(43,44]",8944,GDN001.A0102.SG1.3_5M.classified_gc_rl.tsv.gz
"(44,45]",8762,GDN001.A0102.SG1.3_5M.classified_gc_rl.tsv.gz
"(45,46]",8372,GDN001.A0102.SG1.3_5M.classified_gc_rl.tsv.gz
"(46,47]",9031,GDN001.A0102.SG1.3_5M.classified_gc_rl.tsv.gz
"(47,48]",10060,GDN001.A0102.SG1.3_5M.classified_gc_rl.tsv.gz
"(48,49]",9422,GDN001.A0102.SG1.3_5M.classified_gc_rl.tsv.gz
"(49,50]",14193,GDN001.A0102.SG1.3_5M.classified_gc_rl.tsv.gz
"(50,51]",4815,GDN001.A0102.SG1.3_5M.classified_gc_rl.tsv.gz
"(51,52]",10953,GDN001.A0102.SG1.3_5M.classified_gc_rl.tsv.gz
"(52,53]",10894,GDN001.A0102.SG1.3_5M.classified_gc_rl.tsv.gz
"(53,54]",11561,GDN001.A0102.SG1.3_5M.classified_gc_rl.tsv.gz
"(54,55]",11353,GDN001.A0102.SG1.3_5M.classified_gc_rl.tsv.gz
"(55,56]",11191,GDN001.A0102.SG1.3_5M.classified_gc_rl.tsv.gz
"(56,57]",11409,GDN001.A0102.SG1.3_5M.classified_gc_rl.tsv.gz
"(57,58]",12414,GDN001.A0102.SG1.3_5M.classified_gc_rl.tsv.gz
"(58,59]",11598,GDN001.A0102.SG1.3_5M.classified_gc_rl.tsv.gz
"(59,60]",14751,GDN001.A0102.SG1.3_5M.classified_gc_rl.tsv.gz
"(60,61]",10821,GDN001.A0102.SG1.3_5M.classified_gc_rl.tsv.gz
"(61,62]",13087,GDN001.A0102.SG1.3_5M.classified_gc_rl.tsv.gz
"(62,63]",12557,GDN001.A0102.SG1.3_5M.classified_gc_rl.tsv.gz
"(63,64]",14154,GDN001.A0102.SG1.3_5M.classified_gc_rl.tsv.gz
"(64,65]",13907,GDN001.A0102.SG1.3_5M.classified_gc_rl.tsv.gz
"(65,66]",13956,GDN001.A0102.SG1.3_5M.classified_gc_rl.tsv.gz
"(66,67]",12251,GDN001.A0102.SG1.3_5M.classified_gc_rl.tsv.gz
"(67,68]",13948,GDN001.A0102.SG1.3_5M.classified_gc_rl.tsv.gz
"(68,69]",12373,GDN001.A0102.SG1.3_5M.classified_gc_rl.tsv.gz
"(69,70]",13729,GDN001.A0102.SG1.3_5M.classified_gc_rl.tsv.gz
"(70,71]",10310,GDN001.A0102.SG1.3_5M.classified_gc_rl.tsv.gz
"(71,72]",11368,GDN001.A0102.SG1.3_5M.classified_gc_rl.tsv.gz
"(72,73]",9683,GDN001.A0102.SG1.3_5M.classified_gc_rl.tsv.gz
"(73,74]",9180,GDN001.A0102.SG1.3_5M.classified_gc_rl.tsv.gz
"(74,75]",8675,GDN001.A0102.SG1.3_5M.classified_gc_rl.tsv.gz
"(75,76]",4731,GDN001.A0102.SG1.3_5M.classified_gc_rl.tsv.gz
"(76,77]",5259,GDN001.A0102.SG1.3_5M.classified_gc_rl.tsv.gz
"(77,78]",4148,GDN001.A0102.SG1.3_5M.classified_gc_rl.tsv.gz
"(78,79]",3077,GDN001.A0102.SG1.3_5M.classified_gc_rl.tsv.gz
"(79,80]",2824,GDN001.A0102.SG1.3_5M.classified_gc_rl.tsv.gz
"(80,81]",1390,GDN001.A0102.SG1.3_5M.classified_gc_rl.tsv.gz
"(81,82]",1299,GDN001.A0102.SG1.3_5M.classified_gc_rl.tsv.gz
"(82,83]",985,GDN001.A0102.SG1.3_5M.classified_gc_rl.tsv.gz
"(83,84]",541,GDN001.A0102.SG1.3_5M.classified_gc_rl.tsv.gz
"(84,85]",461,GDN001.A0102.SG1.3_5M.classified_gc_rl.tsv.gz
"(85,86]",203,GDN001.A0102.SG1.3_5M.classified_gc_rl.tsv.gz
"(86,87]",185,GDN001.A0102.SG1.3_5M.classified_gc_rl.tsv.gz
"(87,88]",101,GDN001.A0102.SG1.3_5M.classified_gc_rl.tsv.gz
"(88,89]",47,GDN001.A0102.SG1.3_5M.classified_gc_rl.tsv.gz
"(89,90]",43,GDN001.A0102.SG1.3_5M.classified_gc_rl.tsv.gz
"(90,91]",5,GDN001.A0102.SG1.3_5M.classified_gc_rl.tsv.gz
"(91,92]",4,GDN001.A0102.SG1.3_5M.classified_gc_rl.tsv.gz
"(92,93]",1,GDN001.A0102.SG1.3_5M.classified_gc_rl.tsv.gz
"(1,2]",1,GOY005.A0101.SG1.2_5M.classified_gc_rl.tsv.gz
"(3,4]",1,GOY005.A0101.SG1.2_5M.classified_gc_rl.tsv.gz
"(4,5]",1,GOY005.A0101.SG1.2_5M.classified_gc_rl.tsv.gz
"(5,6]",3,GOY005.A0101.SG1.2_5M.classified_gc_rl.tsv.gz
"(6,7]",3,GOY005.A0101.SG1.2_5M.classified_gc_rl.tsv.gz
"(7,8]",4,GOY005.A0101.SG1.2_5M.classified_gc_rl.tsv.gz
"(8,9]",9,GOY005.A0101.SG1.2_5M.classified_gc_rl.tsv.gz
"(9,10]",14,GOY005.A0101.SG1.2_5M.classified_gc_rl.tsv.gz
"(10,11]",41,GOY005.A0101.SG1.2_5M.classified_gc_rl.tsv.gz
"(11,12]",46,GOY005.A0101.SG1.2_5M.classified_gc_rl.tsv.gz
"(12,13]",77,GOY005.A0101.SG1.2_5M.classified_gc_rl.tsv.gz
"(13,14]",154,GOY005.A0101.SG1.2_5M.classified_gc_rl.tsv.gz
"(14,15]",218,GOY005.A0101.SG1.2_5M.classified_gc_rl.tsv.gz
"(15,16]",316,GOY005.A0101.SG1.2_5M.classified_gc_rl.tsv.gz
"(16,17]",419,GOY005.A0101.SG1.2_5M.classified_gc_rl.tsv.gz
"(17,18]",659,GOY005.A0101.SG1.2_5M.classified_gc_rl.tsv.gz
"(18,19]",819,GOY005.A0101.SG1.2_5M.classified_gc_rl.tsv.gz
"(19,20]",1319,GOY005.A0101.SG1.2_5M.classified_gc_rl.tsv.gz
"(20,21]",1063,GOY005.A0101.SG1.2_5M.classified_gc_rl.tsv.gz
"(21,22]",1666,GOY005.A0101.SG1.2_5M.classified_gc_rl.tsv.gz
"(22,23]",1954,GOY005.A0101.SG1.2_5M.classified_gc_rl.tsv.gz
"(23,24]",2593,GOY005.A0101.SG1.2_5M.classified_gc_rl.tsv.gz
"(24,25]",3419,GOY005.A0101.SG1.2_5M.classified_gc_rl.tsv.gz
"(25,26]",2542,GOY005.A0101.SG1.2_5M.classified_gc_rl.tsv.gz
"(26,27]",3709,GOY005.A0101.SG1.2_5M.classified_gc_rl.tsv.gz
"(27,28]",4682,GOY005.A0101.SG1.2_5M.classified_gc_rl.tsv.gz
"(28,29]",4779,GOY005.A0101.SG1.2_5M.classified_gc_rl.tsv.gz
"(29,30]",5677,GOY005.A0101.SG1.2_5M.classified_gc_rl.tsv.gz
"(30,31]",5775,GOY005.A0101.SG1.2_5M.classified_gc_rl.tsv.gz
"(31,32]",7094,GOY005.A0101.SG1.2_5M.classified_gc_rl.tsv.gz
"(32,33]",7005,GOY005.A0101.SG1.2_5M.classified_gc_rl.tsv.gz
"(33,34]",7673,GOY005.A0101.SG1.2_5M.classified_gc_rl.tsv.gz
"(34,35]",9663,GOY005.A0101.SG1.2_5M.classified_gc_rl.tsv.gz
"(35,36]",9684,GOY005.A0101.SG1.2_5M.classified_gc_rl.tsv.gz
"(36,37]",10239,GOY005.A0101.SG1.2_5M.classified_gc_rl.tsv.gz
"(37,38]",10520,GOY005.A0101.SG1.2_5M.classified_gc_rl.tsv.gz
"(38,39]",11635,GOY005.A0101.SG1.2_5M.classified_gc_rl.tsv.gz
"(39,40]",15213,GOY005.A0101.SG1.2_5M.classified_gc_rl.tsv.gz
"(40,41]",11252,GOY005.A0101.SG1.2_5M.classified_gc_rl.tsv.gz
"(41,42]",13400,GOY005.A0101.SG1.2_5M.classified_gc_rl.tsv.gz
"(42,43]",14239,GOY005.A0101.SG1.2_5M.classified_gc_rl.tsv.gz
"(43,44]",16200,GOY005.A0101.SG1.2_5M.classified_gc_rl.tsv.gz
"(44,45]",15753,GOY005.A0101.SG1.2_5M.classified_gc_rl.tsv.gz
"(45,46]",14170,GOY005.A0101.SG1.2_5M.classified_gc_rl.tsv.gz
"(46,47]",16600,GOY005.A0101.SG1.2_5M.classified_gc_rl.tsv.gz
"(47,48]",18138,GOY005.A0101.SG1.2_5M.classified_gc_rl.tsv.gz
"(48,49]",16699,GOY005.A0101.SG1.2_5M.classified_gc_rl.tsv.gz
"(49,50]",24478,GOY005.A0101.SG1.2_5M.classified_gc_rl.tsv.gz
"(50,51]",8556,GOY005.A0101.SG1.2_5M.classified_gc_rl.tsv.gz
"(51,52]",19698,GOY005.A0101.SG1.2_5M.classified_gc_rl.tsv.gz
"(52,53]",19637,GOY005.A0101.SG1.2_5M.classified_gc_rl.tsv.gz
"(53,54]",21547,GOY005.A0101.SG1.2_5M.classified_gc_rl.tsv.gz
"(54,55]",20519,GOY005.A0101.SG1.2_5M.classified_gc_rl.tsv.gz
"(55,56]",23188,GOY005.A0101.SG1.2_5M.classified_gc_rl.tsv.gz
"(56,57]",24801,GOY005.A0101.SG1.2_5M.classified_gc_rl.tsv.gz
"(57,58]",27436,GOY005.A0101.SG1.2_5M.classified_gc_rl.tsv.gz
"(58,59]",25721,GOY005.A0101.SG1.2_5M.classified_gc_rl.tsv.gz
"(59,60]",33903,GOY005.A0101.SG1.2_5M.classified_gc_rl.tsv.gz
"(60,61]",25903,GOY005.A0101.SG1.2_5M.classified_gc_rl.tsv.gz
"(61,62]",31477,GOY005.A0101.SG1.2_5M.classified_gc_rl.tsv.gz
"(62,63]",27359,GOY005.A0101.SG1.2_5M.classified_gc_rl.tsv.gz
"(63,64]",32143,GOY005.A0101.SG1.2_5M.classified_gc_rl.tsv.gz
"(64,65]",30278,GOY005.A0101.SG1.2_5M.classified_gc_rl.tsv.gz
"(65,66]",28959,GOY005.A0101.SG1.2_5M.classified_gc_rl.tsv.gz
"(66,67]",23191,GOY005.A0101.SG1.2_5M.classified_gc_rl.tsv.gz
"(67,68]",25394,GOY005.A0101.SG1.2_5M.classified_gc_rl.tsv.gz
"(68,69]",21332,GOY005.A0101.SG1.2_5M.classified_gc_rl.tsv.gz
"(69,70]",22344,GOY005.A0101.SG1.2_5M.classified_gc_rl.tsv.gz
"(70,71]",14709,GOY005.A0101.SG1.2_5M.classified_gc_rl.tsv.gz
"(71,72]",15589,GOY005.A0101.SG1.2_5M.classified_gc_rl.tsv.gz
"(72,73]",12415,GOY005.A0101.SG1.2_5M.classified_gc_rl.tsv.gz
"(73,74]",10862,GOY005.A0101.SG1.2_5M.classified_gc_rl.tsv.gz
"(74,75]",9544,GOY005.A0101.SG1.2_5M.classified_gc_rl.tsv.gz
"(75,76]",4797,GOY005.A0101.SG1.2_5M.classified_gc_rl.tsv.gz
"(76,77]",5080,GOY005.A0101.SG1.2_5M.classified_gc_rl.tsv.gz
"(77,78]",3648,GOY005.A0101.SG1.2_5M.classified_gc_rl.tsv.gz
"(78,79]",2800,GOY005.A0101.SG1.2_5M.classified_gc_rl.tsv.gz
"(79,80]",2232,GOY005.A0101.SG1.2_5M.classified_gc_rl.tsv.gz
"(80,81]",1047,GOY005.A0101.SG1.2_5M.classified_gc_rl.tsv.gz
"(81,82]",962,GOY005.A0101.SG1.2_5M.classified_gc_rl.tsv.gz
"(82,83]",619,GOY005.A0101.SG1.2_5M.classified_gc_rl.tsv.gz
"(83,84]",408,GOY005.A0101.SG1.2_5M.classified_gc_rl.tsv.gz
"(84,85]",274,GOY005.A0101.SG1.2_5M.classified_gc_rl.tsv.gz
"(85,86]",128,GOY005.A0101.SG1.2_5M.classified_gc_rl.tsv.gz
"(86,87]",110,GOY005.A0101.SG1.2_5M.classified_gc_rl.tsv.gz
"(87,88]",72,GOY005.A0101.SG1.2_5M.classified_gc_rl.tsv.gz
"(88,89]",25,GOY005.A0101.SG1.2_5M.classified_gc_rl.tsv.gz
"(89,90]",19,GOY005.A0101.SG1.2_5M.classified_gc_rl.tsv.gz
"(90,91]",4,GOY005.A0101.SG1.2_5M.classified_gc_rl.tsv.gz
"(91,92]",7,GOY005.A0101.SG1.2_5M.classified_gc_rl.tsv.gz
"(92,93]",4,GOY005.A0101.SG1.2_5M.classified_gc_rl.tsv.gz
"(93,94]",3,GOY005.A0101.SG1.2_5M.classified_gc_rl.tsv.gz
"(94,95]",3,GOY005.A0101.SG1.2_5M.classified_gc_rl.tsv.gz
"(95,96]",3,GOY005.A0101.SG1.2_5M.classified_gc_rl.tsv.gz
"(96,97]",2,GOY005.A0101.SG1.2_5M.classified_gc_rl.tsv.gz
"(97,98]",6,GOY005.A0101.SG1.2_5M.classified_gc_rl.tsv.gz
"(98,99]",6,GOY005.A0101.SG1.2_5M.classified_gc_rl.tsv.gz
"(99,100]",10,GOY005.A0101.SG1.2_5M.classified_gc_rl.tsv.gz
"[0,1]",2,GOY005.A0103.SG1.4_5M.classified_gc_rl.tsv.gz
"(1,2]",3,GOY005.A0103.SG1.4_5M.classified_gc_rl.tsv.gz
"(2,3]",5,GOY005.A0103.SG1.4_5M.classified_gc_rl.tsv.gz
"(3,4]",13,GOY005.A0103.SG1.4_5M.classified_gc_rl.tsv.gz
"(4,5]",35,GOY005.A0103.SG1.4_5M.classified_gc_rl.tsv.gz
"(5,6]",57,GOY005.A0103.SG1.4_5M.classified_gc_rl.tsv.gz
"(6,7]",71,GOY005.A0103.SG1.4_5M.classified_gc_rl.tsv.gz
"(7,8]",122,GOY005.A0103.SG1.4_5M.classified_gc_rl.tsv.gz
"(8,9]",155,GOY005.A0103.SG1.4_5M.classified_gc_rl.tsv.gz
"(9,10]",246,GOY005.A0103.SG1.4_5M.classified_gc_rl.tsv.gz
"(10,11]",377,GOY005.A0103.SG1.4_5M.classified_gc_rl.tsv.gz
"(11,12]",532,GOY005.A0103.SG1.4_5M.classified_gc_rl.tsv.gz
"(12,13]",673,GOY005.A0103.SG1.4_5M.classified_gc_rl.tsv.gz
"(13,14]",1019,GOY005.A0103.SG1.4_5M.classified_gc_rl.tsv.gz
"(14,15]",1262,GOY005.A0103.SG1.4_5M.classified_gc_rl.tsv.gz
"(15,16]",1680,GOY005.A0103.SG1.4_5M.classified_gc_rl.tsv.gz
"(16,17]",1948,GOY005.A0103.SG1.4_5M.classified_gc_rl.tsv.gz
"(17,18]",2718,GOY005.A0103.SG1.4_5M.classified_gc_rl.tsv.gz
"(18,19]",2952,GOY005.A0103.SG1.4_5M.classified_gc_rl.tsv.gz
"(19,20]",4580,GOY005.A0103.SG1.4_5M.classified_gc_rl.tsv.gz
"(20,21]",3436,GOY005.A0103.SG1.4_5M.classified_gc_rl.tsv.gz
"(21,22]",5343,GOY005.A0103.SG1.4_5M.classified_gc_rl.tsv.gz
"(22,23]",5293,GOY005.A0103.SG1.4_5M.classified_gc_rl.tsv.gz
"(23,24]",6866,GOY005.A0103.SG1.4_5M.classified_gc_rl.tsv.gz
"(24,25]",8517,GOY005.A0103.SG1.4_5M.classified_gc_rl.tsv.gz
"(25,26]",5612,GOY005.A0103.SG1.4_5M.classified_gc_rl.tsv.gz
"(26,27]",8080,GOY005.A0103.SG1.4_5M.classified_gc_rl.tsv.gz
"(27,28]",9565,GOY005.A0103.SG1.4_5M.classified_gc_rl.tsv.gz
"(28,29]",9123,GOY005.A0103.SG1.4_5M.classified_gc_rl.tsv.gz
"(29,30]",10449,GOY005.A0103.SG1.4_5M.classified_gc_rl.tsv.gz
"(30,31]",9680,GOY005.A0103.SG1.4_5M.classified_gc_rl.tsv.gz
"(31,32]",11146,GOY005.A0103.SG1.4_5M.classified_gc_rl.tsv.gz
"(32,33]",10405,GOY005.A0103.SG1.4_5M.classified_gc_rl.tsv.gz
"(33,34]",10911,GOY005.A0103.SG1.4_5M.classified_gc_rl.tsv.gz
"(34,35]",13331,GOY005.A0103.SG1.4_5M.classified_gc_rl.tsv.gz
"(35,36]",12035,GOY005.A0103.SG1.4_5M.classified_gc_rl.tsv.gz
"(36,37]",12383,GOY005.A0103.SG1.4_5M.classified_gc_rl.tsv.gz
"(37,38]",12289,GOY005.A0103.SG1.4_5M.classified_gc_rl.tsv.gz
"(38,39]",12076,GOY005.A0103.SG1.4_5M.classified_gc_rl.tsv.gz
"(39,40]",15914,GOY005.A0103.SG1.4_5M.classified_gc_rl.tsv.gz
"(40,41]",10447,GOY005.A0103.SG1.4_5M.classified_gc_rl.tsv.gz
"(41,42]",12570,GOY005.A0103.SG1.4_5M.classified_gc_rl.tsv.gz
"(42,43]",12142,GOY005.A0103.SG1.4_5M.classified_gc_rl.tsv.gz
"(43,44]",12845,GOY005.A0103.SG1.4_5M.classified_gc_rl.tsv.gz
"(44,45]",11953,GOY005.A0103.SG1.4_5M.classified_gc_rl.tsv.gz
"(45,46]",10287,GOY005.A0103.SG1.4_5M.classified_gc_rl.tsv.gz
"(46,47]",10800,GOY005.A0103.SG1.4_5M.classified_gc_rl.tsv.gz
"(47,48]",11825,GOY005.A0103.SG1.4_5M.classified_gc_rl.tsv.gz
"(48,49]",10231,GOY005.A0103.SG1.4_5M.classified_gc_rl.tsv.gz
"(49,50]",13433,GOY005.A0103.SG1.4_5M.classified_gc_rl.tsv.gz
"(50,51]",3562,GOY005.A0103.SG1.4_5M.classified_gc_rl.tsv.gz
"(51,52]",10206,GOY005.A0103.SG1.4_5M.classified_gc_rl.tsv.gz
"(52,53]",9725,GOY005.A0103.SG1.4_5M.classified_gc_rl.tsv.gz
"(53,54]",9547,GOY005.A0103.SG1.4_5M.classified_gc_rl.tsv.gz
"(54,55]",8947,GOY005.A0103.SG1.4_5M.classified_gc_rl.tsv.gz
"(55,56]",8430,GOY005.A0103.SG1.4_5M.classified_gc_rl.tsv.gz
"(56,57]",8884,GOY005.A0103.SG1.4_5M.classified_gc_rl.tsv.gz
"(57,58]",9214,GOY005.A0103.SG1.4_5M.classified_gc_rl.tsv.gz
"(58,59]",8897,GOY005.A0103.SG1.4_5M.classified_gc_rl.tsv.gz
"(59,60]",10567,GOY005.A0103.SG1.4_5M.classified_gc_rl.tsv.gz
"(60,61]",7532,GOY005.A0103.SG1.4_5M.classified_gc_rl.tsv.gz
"(61,62]",8671,GOY005.A0103.SG1.4_5M.classified_gc_rl.tsv.gz
"(62,63]",7930,GOY005.A0103.SG1.4_5M.classified_gc_rl.tsv.gz
"(63,64]",8760,GOY005.A0103.SG1.4_5M.classified_gc_rl.tsv.gz
"(64,65]",8441,GOY005.A0103.SG1.4_5M.classified_gc_rl.tsv.gz
"(65,66]",7807,GOY005.A0103.SG1.4_5M.classified_gc_rl.tsv.gz
"(66,67]",6285,GOY005.A0103.SG1.4_5M.classified_gc_rl.tsv.gz
"(67,68]",6348,GOY005.A0103.SG1.4_5M.classified_gc_rl.tsv.gz
"(68,69]",5614,GOY005.A0103.SG1.4_5M.classified_gc_rl.tsv.gz
"(69,70]",6235,GOY005.A0103.SG1.4_5M.classified_gc_rl.tsv.gz
"(70,71]",3922,GOY005.A0103.SG1.4_5M.classified_gc_rl.tsv.gz
"(71,72]",4333,GOY005.A0103.SG1.4_5M.classified_gc_rl.tsv.gz
"(72,73]",3434,GOY005.A0103.SG1.4_5M.classified_gc_rl.tsv.gz
"(73,74]",2839,GOY005.A0103.SG1.4_5M.classified_gc_rl.tsv.gz
"(74,75]",2633,GOY005.A0103.SG1.4_5M.classified_gc_rl.tsv.gz
"(75,76]",1359,GOY005.A0103.SG1.4_5M.classified_gc_rl.tsv.gz
"(76,77]",1529,GOY005.A0103.SG1.4_5M.classified_gc_rl.tsv.gz
"(77,78]",978,GOY005.A0103.SG1.4_5M.classified_gc_rl.tsv.gz
"(78,79]",865,GOY005.A0103.SG1.4_5M.classified_gc_rl.tsv.gz
"(79,80]",664,GOY005.A0103.SG1.4_5M.classified_gc_rl.tsv.gz
"(80,81]",305,GOY005.A0103.SG1.4_5M.classified_gc_rl.tsv.gz
"(81,82]",286,GOY005.A0103.SG1.4_5M.classified_gc_rl.tsv.gz
"(82,83]",198,GOY005.A0103.SG1.4_5M.classified_gc_rl.tsv.gz
"(83,84]",115,GOY005.A0103.SG1.4_5M.classified_gc_rl.tsv.gz
"(84,85]",73,GOY005.A0103.SG1.4_5M.classified_gc_rl.tsv.gz
"(85,86]",32,GOY005.A0103.SG1.4_5M.classified_gc_rl.tsv.gz
"(86,87]",31,GOY005.A0103.SG1.4_5M.classified_gc_rl.tsv.gz
"(87,88]",16,GOY005.A0103.SG1.4_5M.classified_gc_rl.tsv.gz
"(88,89]",7,GOY005.A0103.SG1.4_5M.classified_gc_rl.tsv.gz
"(89,90]",6,GOY005.A0103.SG1.4_5M.classified_gc_rl.tsv.gz
"(90,91]",4,GOY005.A0103.SG1.4_5M.classified_gc_rl.tsv.gz
"(91,92]",1,GOY005.A0103.SG1.4_5M.classified_gc_rl.tsv.gz
"(93,94]",1,GOY005.A0103.SG1.4_5M.classified_gc_rl.tsv.gz
"(94,95]",2,GOY005.A0103.SG1.4_5M.classified_gc_rl.tsv.gz
"(96,97]",1,GOY005.A0103.SG1.4_5M.classified_gc_rl.tsv.gz
"(99,100]",1,GOY005.A0103.SG1.4_5M.classified_gc_rl.tsv.gz
"(1,2]",1,GOY006.A0101.SG1.2_5M.classified_gc_rl.tsv.gz
"(2,3]",1,GOY006.A0101.SG1.2_5M.classified_gc_rl.tsv.gz
"(4,5]",2,GOY006.A0101.SG1.2_5M.classified_gc_rl.tsv.gz
"(5,6]",2,GOY006.A0101.SG1.2_5M.classified_gc_rl.tsv.gz
"(6,7]",6,GOY006.A0101.SG1.2_5M.classified_gc_rl.tsv.gz
"(7,8]",4,GOY006.A0101.SG1.2_5M.classified_gc_rl.tsv.gz
"(8,9]",11,GOY006.A0101.SG1.2_5M.classified_gc_rl.tsv.gz
"(9,10]",19,GOY006.A0101.SG1.2_5M.classified_gc_rl.tsv.gz
"(10,11]",23,GOY006.A0101.SG1.2_5M.classified_gc_rl.tsv.gz
"(11,12]",31,GOY006.A0101.SG1.2_5M.classified_gc_rl.tsv.gz
"(12,13]",50,GOY006.A0101.SG1.2_5M.classified_gc_rl.tsv.gz
"(13,14]",75,GOY006.A0101.SG1.2_5M.classified_gc_rl.tsv.gz
"(14,15]",127,GOY006.A0101.SG1.2_5M.classified_gc_rl.tsv.gz
"(15,16]",158,GOY006.A0101.SG1.2_5M.classified_gc_rl.tsv.gz
"(16,17]",234,GOY006.A0101.SG1.2_5M.classified_gc_rl.tsv.gz
"(17,18]",388,GOY006.A0101.SG1.2_5M.classified_gc_rl.tsv.gz
"(18,19]",526,GOY006.A0101.SG1.2_5M.classified_gc_rl.tsv.gz
"(19,20]",763,GOY006.A0101.SG1.2_5M.classified_gc_rl.tsv.gz
"(20,21]",762,GOY006.A0101.SG1.2_5M.classified_gc_rl.tsv.gz
"(21,22]",1163,GOY006.A0101.SG1.2_5M.classified_gc_rl.tsv.gz
"(22,23]",1330,GOY006.A0101.SG1.2_5M.classified_gc_rl.tsv.gz
"(23,24]",1804,GOY006.A0101.SG1.2_5M.classified_gc_rl.tsv.gz
"(24,25]",2274,GOY006.A0101.SG1.2_5M.classified_gc_rl.tsv.gz
"(25,26]",1876,GOY006.A0101.SG1.2_5M.classified_gc_rl.tsv.gz
"(26,27]",2709,GOY006.A0101.SG1.2_5M.classified_gc_rl.tsv.gz
"(27,28]",3448,GOY006.A0101.SG1.2_5M.classified_gc_rl.tsv.gz
"(28,29]",3524,GOY006.A0101.SG1.2_5M.classified_gc_rl.tsv.gz
"(29,30]",4302,GOY006.A0101.SG1.2_5M.classified_gc_rl.tsv.gz
"(30,31]",4529,GOY006.A0101.SG1.2_5M.classified_gc_rl.tsv.gz
"(31,32]",5639,GOY006.A0101.SG1.2_5M.classified_gc_rl.tsv.gz
"(32,33]",6004,GOY006.A0101.SG1.2_5M.classified_gc_rl.tsv.gz
"(33,34]",6506,GOY006.A0101.SG1.2_5M.classified_gc_rl.tsv.gz
"(34,35]",8361,GOY006.A0101.SG1.2_5M.classified_gc_rl.tsv.gz
"(35,36]",8982,GOY006.A0101.SG1.2_5M.classified_gc_rl.tsv.gz
"(36,37]",9779,GOY006.A0101.SG1.2_5M.classified_gc_rl.tsv.gz
"(37,38]",10316,GOY006.A0101.SG1.2_5M.classified_gc_rl.tsv.gz
"(38,39]",11928,GOY006.A0101.SG1.2_5M.classified_gc_rl.tsv.gz
"(39,40]",15189,GOY006.A0101.SG1.2_5M.classified_gc_rl.tsv.gz
"(40,41]",11921,GOY006.A0101.SG1.2_5M.classified_gc_rl.tsv.gz
"(41,42]",13905,GOY006.A0101.SG1.2_5M.classified_gc_rl.tsv.gz
"(42,43]",15155,GOY006.A0101.SG1.2_5M.classified_gc_rl.tsv.gz
"(43,44]",16919,GOY006.A0101.SG1.2_5M.classified_gc_rl.tsv.gz
"(44,45]",16565,GOY006.A0101.SG1.2_5M.classified_gc_rl.tsv.gz
"(45,46]",15521,GOY006.A0101.SG1.2_5M.classified_gc_rl.tsv.gz
"(46,47]",17724,GOY006.A0101.SG1.2_5M.classified_gc_rl.tsv.gz
"(47,48]",18942,GOY006.A0101.SG1.2_5M.classified_gc_rl.tsv.gz
"(48,49]",17661,GOY006.A0101.SG1.2_5M.classified_gc_rl.tsv.gz
"(49,50]",26221,GOY006.A0101.SG1.2_5M.classified_gc_rl.tsv.gz
"(50,51]",10510,GOY006.A0101.SG1.2_5M.classified_gc_rl.tsv.gz
"(51,52]",20677,GOY006.A0101.SG1.2_5M.classified_gc_rl.tsv.gz
"(52,53]",20834,GOY006.A0101.SG1.2_5M.classified_gc_rl.tsv.gz
"(53,54]",23608,GOY006.A0101.SG1.2_5M.classified_gc_rl.tsv.gz
"(54,55]",23449,GOY006.A0101.SG1.2_5M.classified_gc_rl.tsv.gz
"(55,56]",25630,GOY006.A0101.SG1.2_5M.classified_gc_rl.tsv.gz
"(56,57]",27319,GOY006.A0101.SG1.2_5M.classified_gc_rl.tsv.gz
"(57,58]",29456,GOY006.A0101.SG1.2_5M.classified_gc_rl.tsv.gz
"(58,59]",29076,GOY006.A0101.SG1.2_5M.classified_gc_rl.tsv.gz
"(59,60]",37482,GOY006.A0101.SG1.2_5M.classified_gc_rl.tsv.gz
"(60,61]",27922,GOY006.A0101.SG1.2_5M.classified_gc_rl.tsv.gz
"(61,62]",34328,GOY006.A0101.SG1.2_5M.classified_gc_rl.tsv.gz
"(62,63]",31871,GOY006.A0101.SG1.2_5M.classified_gc_rl.tsv.gz
"(63,64]",36066,GOY006.A0101.SG1.2_5M.classified_gc_rl.tsv.gz
"(64,65]",34942,GOY006.A0101.SG1.2_5M.classified_gc_rl.tsv.gz
"(65,66]",33963,GOY006.A0101.SG1.2_5M.classified_gc_rl.tsv.gz
"(66,67]",29676,GOY006.A0101.SG1.2_5M.classified_gc_rl.tsv.gz
"(67,68]",32714,GOY006.A0101.SG1.2_5M.classified_gc_rl.tsv.gz
"(68,69]",28998,GOY006.A0101.SG1.2_5M.classified_gc_rl.tsv.gz
"(69,70]",30700,GOY006.A0101.SG1.2_5M.classified_gc_rl.tsv.gz
"(70,71]",21824,GOY006.A0101.SG1.2_5M.classified_gc_rl.tsv.gz
"(71,72]",23342,GOY006.A0101.SG1.2_5M.classified_gc_rl.tsv.gz
"(72,73]",19438,GOY006.A0101.SG1.2_5M.classified_gc_rl.tsv.gz
"(73,74]",17194,GOY006.A0101.SG1.2_5M.classified_gc_rl.tsv.gz
"(74,75]",15971,GOY006.A0101.SG1.2_5M.classified_gc_rl.tsv.gz
"(75,76]",8500,GOY006.A0101.SG1.2_5M.classified_gc_rl.tsv.gz
"(76,77]",9034,GOY006.A0101.SG1.2_5M.classified_gc_rl.tsv.gz
"(77,78]",6917,GOY006.A0101.SG1.2_5M.classified_gc_rl.tsv.gz
"(78,79]",5230,GOY006.A0101.SG1.2_5M.classified_gc_rl.tsv.gz
"(79,80]",4376,GOY006.A0101.SG1.2_5M.classified_gc_rl.tsv.gz
"(80,81]",2084,GOY006.A0101.SG1.2_5M.classified_gc_rl.tsv.gz
"(81,82]",1986,GOY006.A0101.SG1.2_5M.classified_gc_rl.tsv.gz
"(82,83]",1325,GOY006.A0101.SG1.2_5M.classified_gc_rl.tsv.gz
"(83,84]",829,GOY006.A0101.SG1.2_5M.classified_gc_rl.tsv.gz
"(84,85]",646,GOY006.A0101.SG1.2_5M.classified_gc_rl.tsv.gz
"(85,86]",305,GOY006.A0101.SG1.2_5M.classified_gc_rl.tsv.gz
"(86,87]",226,GOY006.A0101.SG1.2_5M.classified_gc_rl.tsv.gz
"(87,88]",133,GOY006.A0101.SG1.2_5M.classified_gc_rl.tsv.gz
"(88,89]",76,GOY006.A0101.SG1.2_5M.classified_gc_rl.tsv.gz
"(89,90]",66,GOY006.A0101.SG1.2_5M.classified_gc_rl.tsv.gz
"(90,91]",28,GOY006.A0101.SG1.2_5M.classified_gc_rl.tsv.gz
"(91,92]",19,GOY006.A0101.SG1.2_5M.classified_gc_rl.tsv.gz
"(92,93]",6,GOY006.A0101.SG1.2_5M.classified_gc_rl.tsv.gz
"(93,94]",3,GOY006.A0101.SG1.2_5M.classified_gc_rl.tsv.gz
"(94,95]",4,GOY006.A0101.SG1.2_5M.classified_gc_rl.tsv.gz
"(95,96]",4,GOY006.A0101.SG1.2_5M.classified_gc_rl.tsv.gz
"(96,97]",1,GOY006.A0101.SG1.2_5M.classified_gc_rl.tsv.gz
"(97,98]",6,GOY006.A0101.SG1.2_5M.classified_gc_rl.tsv.gz
"(98,99]",3,GOY006.A0101.SG1.2_5M.classified_gc_rl.tsv.gz
"(99,100]",9,GOY006.A0101.SG1.2_5M.classified_gc_rl.tsv.gz
"[0,1]",2,GOY006.A0102.SG1.5_5M.classified_gc_rl.tsv.gz
"(1,2]",3,GOY006.A0102.SG1.5_5M.classified_gc_rl.tsv.gz
"(2,3]",7,GOY006.A0102.SG1.5_5M.classified_gc_rl.tsv.gz
"(3,4]",11,GOY006.A0102.SG1.5_5M.classified_gc_rl.tsv.gz
"(4,5]",25,GOY006.A0102.SG1.5_5M.classified_gc_rl.tsv.gz
"(5,6]",24,GOY006.A0102.SG1.5_5M.classified_gc_rl.tsv.gz
"(6,7]",40,GOY006.A0102.SG1.5_5M.classified_gc_rl.tsv.gz
"(7,8]",73,GOY006.A0102.SG1.5_5M.classified_gc_rl.tsv.gz
"(8,9]",86,GOY006.A0102.SG1.5_5M.classified_gc_rl.tsv.gz
"(9,10]",175,GOY006.A0102.SG1.5_5M.classified_gc_rl.tsv.gz
"(10,11]",226,GOY006.A0102.SG1.5_5M.classified_gc_rl.tsv.gz
"(11,12]",317,GOY006.A0102.SG1.5_5M.classified_gc_rl.tsv.gz
"(12,13]",437,GOY006.A0102.SG1.5_5M.classified_gc_rl.tsv.gz
"(13,14]",676,GOY006.A0102.SG1.5_5M.classified_gc_rl.tsv.gz
"(14,15]",762,GOY006.A0102.SG1.5_5M.classified_gc_rl.tsv.gz
"(15,16]",1022,GOY006.A0102.SG1.5_5M.classified_gc_rl.tsv.gz
"(16,17]",1271,GOY006.A0102.SG1.5_5M.classified_gc_rl.tsv.gz
"(17,18]",1867,GOY006.A0102.SG1.5_5M.classified_gc_rl.tsv.gz
"(18,19]",1989,GOY006.A0102.SG1.5_5M.classified_gc_rl.tsv.gz
"(19,20]",3036,GOY006.A0102.SG1.5_5M.classified_gc_rl.tsv.gz
"(20,21]",2555,GOY006.A0102.SG1.5_5M.classified_gc_rl.tsv.gz
"(21,22]",3897,GOY006.A0102.SG1.5_5M.classified_gc_rl.tsv.gz
"(22,23]",3920,GOY006.A0102.SG1.5_5M.classified_gc_rl.tsv.gz
"(23,24]",5054,GOY006.A0102.SG1.5_5M.classified_gc_rl.tsv.gz
"(24,25]",6429,GOY006.A0102.SG1.5_5M.classified_gc_rl.tsv.gz
"(25,26]",4532,GOY006.A0102.SG1.5_5M.classified_gc_rl.tsv.gz
"(26,27]",6416,GOY006.A0102.SG1.5_5M.classified_gc_rl.tsv.gz
"(27,28]",7497,GOY006.A0102.SG1.5_5M.classified_gc_rl.tsv.gz
"(28,29]",7308,GOY006.A0102.SG1.5_5M.classified_gc_rl.tsv.gz
"(29,30]",8639,GOY006.A0102.SG1.5_5M.classified_gc_rl.tsv.gz
"(30,31]",8348,GOY006.A0102.SG1.5_5M.classified_gc_rl.tsv.gz
"(31,32]",9784,GOY006.A0102.SG1.5_5M.classified_gc_rl.tsv.gz
"(32,33]",9659,GOY006.A0102.SG1.5_5M.classified_gc_rl.tsv.gz
"(33,34]",10081,GOY006.A0102.SG1.5_5M.classified_gc_rl.tsv.gz
"(34,35]",12334,GOY006.A0102.SG1.5_5M.classified_gc_rl.tsv.gz
"(35,36]",12257,GOY006.A0102.SG1.5_5M.classified_gc_rl.tsv.gz
"(36,37]",12763,GOY006.A0102.SG1.5_5M.classified_gc_rl.tsv.gz
"(37,38]",12783,GOY006.A0102.SG1.5_5M.classified_gc_rl.tsv.gz
"(38,39]",13409,GOY006.A0102.SG1.5_5M.classified_gc_rl.tsv.gz
"(39,40]",17179,GOY006.A0102.SG1.5_5M.classified_gc_rl.tsv.gz
"(40,41]",12289,GOY006.A0102.SG1.5_5M.classified_gc_rl.tsv.gz
"(41,42]",14796,GOY006.A0102.SG1.5_5M.classified_gc_rl.tsv.gz
"(42,43]",14567,GOY006.A0102.SG1.5_5M.classified_gc_rl.tsv.gz
"(43,44]",15833,GOY006.A0102.SG1.5_5M.classified_gc_rl.tsv.gz
"(44,45]",14963,GOY006.A0102.SG1.5_5M.classified_gc_rl.tsv.gz
"(45,46]",13261,GOY006.A0102.SG1.5_5M.classified_gc_rl.tsv.gz
"(46,47]",13894,GOY006.A0102.SG1.5_5M.classified_gc_rl.tsv.gz
"(47,48]",14864,GOY006.A0102.SG1.5_5M.classified_gc_rl.tsv.gz
"(48,49]",13198,GOY006.A0102.SG1.5_5M.classified_gc_rl.tsv.gz
"(49,50]",18050,GOY006.A0102.SG1.5_5M.classified_gc_rl.tsv.gz
"(50,51]",5514,GOY006.A0102.SG1.5_5M.classified_gc_rl.tsv.gz
"(51,52]",13611,GOY006.A0102.SG1.5_5M.classified_gc_rl.tsv.gz
"(52,53]",13015,GOY006.A0102.SG1.5_5M.classified_gc_rl.tsv.gz
"(53,54]",13286,GOY006.A0102.SG1.5_5M.classified_gc_rl.tsv.gz
"(54,55]",13078,GOY006.A0102.SG1.5_5M.classified_gc_rl.tsv.gz
"(55,56]",12729,GOY006.A0102.SG1.5_5M.classified_gc_rl.tsv.gz
"(56,57]",13376,GOY006.A0102.SG1.5_5M.classified_gc_rl.tsv.gz
"(57,58]",14131,GOY006.A0102.SG1.5_5M.classified_gc_rl.tsv.gz
"(58,59]",13542,GOY006.A0102.SG1.5_5M.classified_gc_rl.tsv.gz
"(59,60]",16602,GOY006.A0102.SG1.5_5M.classified_gc_rl.tsv.gz
"(60,61]",11877,GOY006.A0102.SG1.5_5M.classified_gc_rl.tsv.gz
"(61,62]",14395,GOY006.A0102.SG1.5_5M.classified_gc_rl.tsv.gz
"(62,63]",12887,GOY006.A0102.SG1.5_5M.classified_gc_rl.tsv.gz
"(63,64]",14375,GOY006.A0102.SG1.5_5M.classified_gc_rl.tsv.gz
"(64,65]",13798,GOY006.A0102.SG1.5_5M.classified_gc_rl.tsv.gz
"(65,66]",13493,GOY006.A0102.SG1.5_5M.classified_gc_rl.tsv.gz
"(66,67]",10969,GOY006.A0102.SG1.5_5M.classified_gc_rl.tsv.gz
"(67,68]",11826,GOY006.A0102.SG1.5_5M.classified_gc_rl.tsv.gz
"(68,69]",10473,GOY006.A0102.SG1.5_5M.classified_gc_rl.tsv.gz
"(69,70]",11341,GOY006.A0102.SG1.5_5M.classified_gc_rl.tsv.gz
"(70,71]",7754,GOY006.A0102.SG1.5_5M.classified_gc_rl.tsv.gz
"(71,72]",8328,GOY006.A0102.SG1.5_5M.classified_gc_rl.tsv.gz
"(72,73]",6761,GOY006.A0102.SG1.5_5M.classified_gc_rl.tsv.gz
"(73,74]",5937,GOY006.A0102.SG1.5_5M.classified_gc_rl.tsv.gz
"(74,75]",5567,GOY006.A0102.SG1.5_5M.classified_gc_rl.tsv.gz
"(75,76]",2912,GOY006.A0102.SG1.5_5M.classified_gc_rl.tsv.gz
"(76,77]",3058,GOY006.A0102.SG1.5_5M.classified_gc_rl.tsv.gz
"(77,78]",2243,GOY006.A0102.SG1.5_5M.classified_gc_rl.tsv.gz
"(78,79]",1885,GOY006.A0102.SG1.5_5M.classified_gc_rl.tsv.gz
"(79,80]",1451,GOY006.A0102.SG1.5_5M.classified_gc_rl.tsv.gz
"(80,81]",740,GOY006.A0102.SG1.5_5M.classified_gc_rl.tsv.gz
"(81,82]",661,GOY006.A0102.SG1.5_5M.classified_gc_rl.tsv.gz
"(82,83]",457,GOY006.A0102.SG1.5_5M.classified_gc_rl.tsv.gz
"(83,84]",278,GOY006.A0102.SG1.5_5M.classified_gc_rl.tsv.gz
"(84,85]",205,GOY006.A0102.SG1.5_5M.classified_gc_rl.tsv.gz
"(85,86]",91,GOY006.A0102.SG1.5_5M.classified_gc_rl.tsv.gz
"(86,87]",70,GOY006.A0102.SG1.5_5M.classified_gc_rl.tsv.gz
"(87,88]",38,GOY006.A0102.SG1.5_5M.classified_gc_rl.tsv.gz
"(88,89]",14,GOY006.A0102.SG1.5_5M.classified_gc_rl.tsv.gz
"(89,90]",16,GOY006.A0102.SG1.5_5M.classified_gc_rl.tsv.gz
"(90,91]",3,GOY006.A0102.SG1.5_5M.classified_gc_rl.tsv.gz
"(91,92]",2,GOY006.A0102.SG1.5_5M.classified_gc_rl.tsv.gz
"(92,93]",3,GOY006.A0102.SG1.5_5M.classified_gc_rl.tsv.gz
"(94,95]",1,GOY006.A0102.SG1.5_5M.classified_gc_rl.tsv.gz
"(97,98]",1,GOY006.A0102.SG1.5_5M.classified_gc_rl.tsv.gz
"(98,99]",2,GOY006.A0102.SG1.5_5M.classified_gc_rl.tsv.gz
"(99,100]",2,GOY006.A0102.SG1.5_5M.classified_gc_rl.tsv.gz
"(5,6]",1,PES001.B0101.SG1.3_5M.classified_gc_rl.tsv.gz
"(6,7]",2,PES001.B0101.SG1.3_5M.classified_gc_rl.tsv.gz
"(7,8]",3,PES001.B0101.SG1.3_5M.classified_gc_rl.tsv.gz
"(8,9]",1,PES001.B0101.SG1.3_5M.classified_gc_rl.tsv.gz
"(9,10]",3,PES001.B0101.SG1.3_5M.classified_gc_rl.tsv.gz
"(10,11]",3,PES001.B0101.SG1.3_5M.classified_gc_rl.tsv.gz
"(11,12]",9,PES001.B0101.SG1.3_5M.classified_gc_rl.tsv.gz
"(12,13]",11,PES001.B0101.SG1.3_5M.classified_gc_rl.tsv.gz
"(13,14]",24,PES001.B0101.SG1.3_5M.classified_gc_rl.tsv.gz
"(14,15]",30,PES001.B0101.SG1.3_5M.classified_gc_rl.tsv.gz
"(15,16]",63,PES001.B0101.SG1.3_5M.classified_gc_rl.tsv.gz
"(16,17]",55,PES001.B0101.SG1.3_5M.classified_gc_rl.tsv.gz
"(17,18]",122,PES001.B0101.SG1.3_5M.classified_gc_rl.tsv.gz
"(18,19]",183,PES001.B0101.SG1.3_5M.classified_gc_rl.tsv.gz
"(19,20]",362,PES001.B0101.SG1.3_5M.classified_gc_rl.tsv.gz
"(20,21]",342,PES001.B0101.SG1.3_5M.classified_gc_rl.tsv.gz
"(21,22]",691,PES001.B0101.SG1.3_5M.classified_gc_rl.tsv.gz
"(22,23]",990,PES001.B0101.SG1.3_5M.classified_gc_rl.tsv.gz
"(23,24]",1479,PES001.B0101.SG1.3_5M.classified_gc_rl.tsv.gz
"(24,25]",2100,PES001.B0101.SG1.3_5M.classified_gc_rl.tsv.gz
"(25,26]",1577,PES001.B0101.SG1.3_5M.classified_gc_rl.tsv.gz
"(26,27]",3107,PES001.B0101.SG1.3_5M.classified_gc_rl.tsv.gz
"(27,28]",4161,PES001.B0101.SG1.3_5M.classified_gc_rl.tsv.gz
"(28,29]",4876,PES001.B0101.SG1.3_5M.classified_gc_rl.tsv.gz
"(29,30]",4664,PES001.B0101.SG1.3_5M.classified_gc_rl.tsv.gz
"(30,31]",7314,PES001.B0101.SG1.3_5M.classified_gc_rl.tsv.gz
"(31,32]",9135,PES001.B0101.SG1.3_5M.classified_gc_rl.tsv.gz
"(32,33]",10204,PES001.B0101.SG1.3_5M.classified_gc_rl.tsv.gz
"(33,34]",8755,PES001.B0101.SG1.3_5M.classified_gc_rl.tsv.gz
"(34,35]",14699,PES001.B0101.SG1.3_5M.classified_gc_rl.tsv.gz
"(35,36]",17214,PES001.B0101.SG1.3_5M.classified_gc_rl.tsv.gz
"(36,37]",19161,PES001.B0101.SG1.3_5M.classified_gc_rl.tsv.gz
"(37,38]",16305,PES001.B0101.SG1.3_5M.classified_gc_rl.tsv.gz
"(38,39]",25960,PES001.B0101.SG1.3_5M.classified_gc_rl.tsv.gz
"(39,40]",32497,PES001.B0101.SG1.3_5M.classified_gc_rl.tsv.gz
"(40,41]",29045,PES001.B0101.SG1.3_5M.classified_gc_rl.tsv.gz
"(41,42]",26866,PES001.B0101.SG1.3_5M.classified_gc_rl.tsv.gz
"(42,43]",39223,PES001.B0101.SG1.3_5M.classified_gc_rl.tsv.gz
"(43,44]",45402,PES001.B0101.SG1.3_5M.classified_gc_rl.tsv.gz
"(44,45]",44280,PES001.B0101.SG1.3_5M.classified_gc_rl.tsv.gz
"(45,46]",35378,PES001.B0101.SG1.3_5M.classified_gc_rl.tsv.gz
"(46,47]",50227,PES001.B0101.SG1.3_5M.classified_gc_rl.tsv.gz
"(47,48]",51721,PES001.B0101.SG1.3_5M.classified_gc_rl.tsv.gz
"(48,49]",46366,PES001.B0101.SG1.3_5M.classified_gc_rl.tsv.gz
"(49,50]",60769,PES001.B0101.SG1.3_5M.classified_gc_rl.tsv.gz
"(50,51]",25245,PES001.B0101.SG1.3_5M.classified_gc_rl.tsv.gz
"(51,52]",47006,PES001.B0101.SG1.3_5M.classified_gc_rl.tsv.gz
"(52,53]",43559,PES001.B0101.SG1.3_5M.classified_gc_rl.tsv.gz
"(53,54]",45723,PES001.B0101.SG1.3_5M.classified_gc_rl.tsv.gz
"(54,55]",35401,PES001.B0101.SG1.3_5M.classified_gc_rl.tsv.gz
"(55,56]",44863,PES001.B0101.SG1.3_5M.classified_gc_rl.tsv.gz
"(56,57]",45921,PES001.B0101.SG1.3_5M.classified_gc_rl.tsv.gz
"(57,58]",50238,PES001.B0101.SG1.3_5M.classified_gc_rl.tsv.gz
"(58,59]",41789,PES001.B0101.SG1.3_5M.classified_gc_rl.tsv.gz
"(59,60]",64016,PES001.B0101.SG1.3_5M.classified_gc_rl.tsv.gz
"(60,61]",54383,PES001.B0101.SG1.3_5M.classified_gc_rl.tsv.gz
"(61,62]",67883,PES001.B0101.SG1.3_5M.classified_gc_rl.tsv.gz
"(62,63]",55504,PES001.B0101.SG1.3_5M.classified_gc_rl.tsv.gz
"(63,64]",77080,PES001.B0101.SG1.3_5M.classified_gc_rl.tsv.gz
"(64,65]",74809,PES001.B0101.SG1.3_5M.classified_gc_rl.tsv.gz
"(65,66]",77256,PES001.B0101.SG1.3_5M.classified_gc_rl.tsv.gz
"(66,67]",60913,PES001.B0101.SG1.3_5M.classified_gc_rl.tsv.gz
"(67,68]",79502,PES001.B0101.SG1.3_5M.classified_gc_rl.tsv.gz
"(68,69]",68885,PES001.B0101.SG1.3_5M.classified_gc_rl.tsv.gz
"(69,70]",71080,PES001.B0101.SG1.3_5M.classified_gc_rl.tsv.gz
"(70,71]",47352,PES001.B0101.SG1.3_5M.classified_gc_rl.tsv.gz
"(71,72]",55676,PES001.B0101.SG1.3_5M.classified_gc_rl.tsv.gz
"(72,73]",43372,PES001.B0101.SG1.3_5M.classified_gc_rl.tsv.gz
"(73,74]",38531,PES001.B0101.SG1.3_5M.classified_gc_rl.tsv.gz
"(74,75]",33278,PES001.B0101.SG1.3_5M.classified_gc_rl.tsv.gz
"(75,76]",16710,PES001.B0101.SG1.3_5M.classified_gc_rl.tsv.gz
"(76,77]",16923,PES001.B0101.SG1.3_5M.classified_gc_rl.tsv.gz
"(77,78]",12498,PES001.B0101.SG1.3_5M.classified_gc_rl.tsv.gz
"(78,79]",8204,PES001.B0101.SG1.3_5M.classified_gc_rl.tsv.gz
"(79,80]",5999,PES001.B0101.SG1.3_5M.classified_gc_rl.tsv.gz
"(80,81]",3023,PES001.B0101.SG1.3_5M.classified_gc_rl.tsv.gz
"(81,82]",2462,PES001.B0101.SG1.3_5M.classified_gc_rl.tsv.gz
"(82,83]",1459,PES001.B0101.SG1.3_5M.classified_gc_rl.tsv.gz
"(83,84]",914,PES001.B0101.SG1.3_5M.classified_gc_rl.tsv.gz
"(84,85]",548,PES001.B0101.SG1.3_5M.classified_gc_rl.tsv.gz
"(85,86]",366,PES001.B0101.SG1.3_5M.classified_gc_rl.tsv.gz
"(86,87]",235,PES001.B0101.SG1.3_5M.classified_gc_rl.tsv.gz
"(87,88]",149,PES001.B0101.SG1.3_5M.classified_gc_rl.tsv.gz
"(88,89]",76,PES001.B0101.SG1.3_5M.classified_gc_rl.tsv.gz
"(89,90]",42,PES001.B0101.SG1.3_5M.classified_gc_rl.tsv.gz
"(90,91]",18,PES001.B0101.SG1.3_5M.classified_gc_rl.tsv.gz
"(91,92]",16,PES001.B0101.SG1.3_5M.classified_gc_rl.tsv.gz
"(92,93]",7,PES001.B0101.SG1.3_5M.classified_gc_rl.tsv.gz
"(93,94]",9,PES001.B0101.SG1.3_5M.classified_gc_rl.tsv.gz
"(94,95]",5,PES001.B0101.SG1.3_5M.classified_gc_rl.tsv.gz
"(95,96]",3,PES001.B0101.SG1.3_5M.classified_gc_rl.tsv.gz
"(96,97]",3,PES001.B0101.SG1.3_5M.classified_gc_rl.tsv.gz
"(97,98]",8,PES001.B0101.SG1.3_5M.classified_gc_rl.tsv.gz
"(98,99]",7,PES001.B0101.SG1.3_5M.classified_gc_rl.tsv.gz
"(99,100]",18,PES001.B0101.SG1.3_5M.classified_gc_rl.tsv.gz
"(1,2]",3,PES001.B0102.SG1.5_5M.classified_gc_rl.tsv.gz
"(2,3]",1,PES001.B0102.SG1.5_5M.classified_gc_rl.tsv.gz
"(3,4]",5,PES001.B0102.SG1.5_5M.classified_gc_rl.tsv.gz
"(4,5]",12,PES001.B0102.SG1.5_5M.classified_gc_rl.tsv.gz
"(5,6]",16,PES001.B0102.SG1.5_5M.classified_gc_rl.tsv.gz
"(6,7]",13,PES001.B0102.SG1.5_5M.classified_gc_rl.tsv.gz
"(7,8]",27,PES001.B0102.SG1.5_5M.classified_gc_rl.tsv.gz
"(8,9]",44,PES001.B0102.SG1.5_5M.classified_gc_rl.tsv.gz
"(9,10]",44,PES001.B0102.SG1.5_5M.classified_gc_rl.tsv.gz
"(10,11]",100,PES001.B0102.SG1.5_5M.classified_gc_rl.tsv.gz
"(11,12]",149,PES001.B0102.SG1.5_5M.classified_gc_rl.tsv.gz
"(12,13]",152,PES001.B0102.SG1.5_5M.classified_gc_rl.tsv.gz
"(13,14]",317,PES001.B0102.SG1.5_5M.classified_gc_rl.tsv.gz
"(14,15]",404,PES001.B0102.SG1.5_5M.classified_gc_rl.tsv.gz
"(15,16]",618,PES001.B0102.SG1.5_5M.classified_gc_rl.tsv.gz
"(16,17]",688,PES001.B0102.SG1.5_5M.classified_gc_rl.tsv.gz
"(17,18]",1202,PES001.B0102.SG1.5_5M.classified_gc_rl.tsv.gz
"(18,19]",1426,PES001.B0102.SG1.5_5M.classified_gc_rl.tsv.gz
"(19,20]",2294,PES001.B0102.SG1.5_5M.classified_gc_rl.tsv.gz
"(20,21]",1910,PES001.B0102.SG1.5_5M.classified_gc_rl.tsv.gz
"(21,22]",3508,PES001.B0102.SG1.5_5M.classified_gc_rl.tsv.gz
"(22,23]",3917,PES001.B0102.SG1.5_5M.classified_gc_rl.tsv.gz
"(23,24]",5347,PES001.B0102.SG1.5_5M.classified_gc_rl.tsv.gz
"(24,25]",7090,PES001.B0102.SG1.5_5M.classified_gc_rl.tsv.gz
"(25,26]",4927,PES001.B0102.SG1.5_5M.classified_gc_rl.tsv.gz
"(26,27]",8373,PES001.B0102.SG1.5_5M.classified_gc_rl.tsv.gz
"(27,28]",10210,PES001.B0102.SG1.5_5M.classified_gc_rl.tsv.gz
"(28,29]",11146,PES001.B0102.SG1.5_5M.classified_gc_rl.tsv.gz
"(29,30]",11362,PES001.B0102.SG1.5_5M.classified_gc_rl.tsv.gz
"(30,31]",14018,PES001.B0102.SG1.5_5M.classified_gc_rl.tsv.gz
"(31,32]",17091,PES001.B0102.SG1.5_5M.classified_gc_rl.tsv.gz
"(32,33]",18252,PES001.B0102.SG1.5_5M.classified_gc_rl.tsv.gz
"(33,34]",16425,PES001.B0102.SG1.5_5M.classified_gc_rl.tsv.gz
"(34,35]",23733,PES001.B0102.SG1.5_5M.classified_gc_rl.tsv.gz
"(35,36]",25094,PES001.B0102.SG1.5_5M.classified_gc_rl.tsv.gz
"(36,37]",27294,PES001.B0102.SG1.5_5M.classified_gc_rl.tsv.gz
"(37,38]",24706,PES001.B0102.SG1.5_5M.classified_gc_rl.tsv.gz
"(38,39]",32034,PES001.B0102.SG1.5_5M.classified_gc_rl.tsv.gz
"(39,40]",39709,PES001.B0102.SG1.5_5M.classified_gc_rl.tsv.gz
"(40,41]",32018,PES001.B0102.SG1.5_5M.classified_gc_rl.tsv.gz
"(41,42]",33758,PES001.B0102.SG1.5_5M.classified_gc_rl.tsv.gz
"(42,43]",39461,PES001.B0102.SG1.5_5M.classified_gc_rl.tsv.gz
"(43,44]",43107,PES001.B0102.SG1.5_5M.classified_gc_rl.tsv.gz
"(44,45]",40451,PES001.B0102.SG1.5_5M.classified_gc_rl.tsv.gz
"(45,46]",34582,PES001.B0102.SG1.5_5M.classified_gc_rl.tsv.gz
"(46,47]",40424,PES001.B0102.SG1.5_5M.classified_gc_rl.tsv.gz
"(47,48]",40683,PES001.B0102.SG1.5_5M.classified_gc_rl.tsv.gz
"(48,49]",35215,PES001.B0102.SG1.5_5M.classified_gc_rl.tsv.gz
"(49,50]",46310,PES001.B0102.SG1.5_5M.classified_gc_rl.tsv.gz
"(50,51]",16916,PES001.B0102.SG1.5_5M.classified_gc_rl.tsv.gz
"(51,52]",32365,PES001.B0102.SG1.5_5M.classified_gc_rl.tsv.gz
"(52,53]",30159,PES001.B0102.SG1.5_5M.classified_gc_rl.tsv.gz
"(53,54]",30305,PES001.B0102.SG1.5_5M.classified_gc_rl.tsv.gz
"(54,55]",26234,PES001.B0102.SG1.5_5M.classified_gc_rl.tsv.gz
"(55,56]",27916,PES001.B0102.SG1.5_5M.classified_gc_rl.tsv.gz
"(56,57]",28624,PES001.B0102.SG1.5_5M.classified_gc_rl.tsv.gz
"(57,58]",30086,PES001.B0102.SG1.5_5M.classified_gc_rl.tsv.gz
"(58,59]",27023,PES001.B0102.SG1.5_5M.classified_gc_rl.tsv.gz
"(59,60]",36281,PES001.B0102.SG1.5_5M.classified_gc_rl.tsv.gz
"(60,61]",28471,PES001.B0102.SG1.5_5M.classified_gc_rl.tsv.gz
"(61,62]",34288,PES001.B0102.SG1.5_5M.classified_gc_rl.tsv.gz
"(62,63]",30245,PES001.B0102.SG1.5_5M.classified_gc_rl.tsv.gz
"(63,64]",36494,PES001.B0102.SG1.5_5M.classified_gc_rl.tsv.gz
"(64,65]",35868,PES001.B0102.SG1.5_5M.classified_gc_rl.tsv.gz
"(65,66]",34756,PES001.B0102.SG1.5_5M.classified_gc_rl.tsv.gz
"(66,67]",29233,PES001.B0102.SG1.5_5M.classified_gc_rl.tsv.gz
"(67,68]",33472,PES001.B0102.SG1.5_5M.classified_gc_rl.tsv.gz
"(68,69]",28802,PES001.B0102.SG1.5_5M.classified_gc_rl.tsv.gz
"(69,70]",29731,PES001.B0102.SG1.5_5M.classified_gc_rl.tsv.gz
"(70,71]",20815,PES001.B0102.SG1.5_5M.classified_gc_rl.tsv.gz
"(71,72]",22064,PES001.B0102.SG1.5_5M.classified_gc_rl.tsv.gz
"(72,73]",17560,PES001.B0102.SG1.5_5M.classified_gc_rl.tsv.gz
"(73,74]",14645,PES001.B0102.SG1.5_5M.classified_gc_rl.tsv.gz
"(74,75]",12984,PES001.B0102.SG1.5_5M.classified_gc_rl.tsv.gz
"(75,76]",6663,PES001.B0102.SG1.5_5M.classified_gc_rl.tsv.gz
"(76,77]",6736,PES001.B0102.SG1.5_5M.classified_gc_rl.tsv.gz
"(77,78]",4964,PES001.B0102.SG1.5_5M.classified_gc_rl.tsv.gz
"(78,79]",3484,PES001.B0102.SG1.5_5M.classified_gc_rl.tsv.gz
"(79,80]",2945,PES001.B0102.SG1.5_5M.classified_gc_rl.tsv.gz
"(80,81]",1345,PES001.B0102.SG1.5_5M.classified_gc_rl.tsv.gz
"(81,82]",1143,PES001.B0102.SG1.5_5M.classified_gc_rl.tsv.gz
"(82,83]",794,PES001.B0102.SG1.5_5M.classified_gc_rl.tsv.gz
"(83,84]",464,PES001.B0102.SG1.5_5M.classified_gc_rl.tsv.gz
"(84,85]",336,PES001.B0102.SG1.5_5M.classified_gc_rl.tsv.gz
"(85,86]",145,PES001.B0102.SG1.5_5M.classified_gc_rl.tsv.gz
"(86,87]",125,PES001.B0102.SG1.5_5M.classified_gc_rl.tsv.gz
"(87,88]",63,PES001.B0102.SG1.5_5M.classified_gc_rl.tsv.gz
"(88,89]",23,PES001.B0102.SG1.5_5M.classified_gc_rl.tsv.gz
"(89,90]",22,PES001.B0102.SG1.5_5M.classified_gc_rl.tsv.gz
"(90,91]",7,PES001.B0102.SG1.5_5M.classified_gc_rl.tsv.gz
"(91,92]",1,PES001.B0102.SG1.5_5M.classified_gc_rl.tsv.gz
"(92,93]",1,PES001.B0102.SG1.5_5M.classified_gc_rl.tsv.gz
"(94,95]",2,PES001.B0102.SG1.5_5M.classified_gc_rl.tsv.gz
"(96,97]",1,PES001.B0102.SG1.5_5M.classified_gc_rl.tsv.gz
"(97,98]",2,PES001.B0102.SG1.5_5M.classified_gc_rl.tsv.gz
"(98,99]",1,PES001.B0102.SG1.5_5M.classified_gc_rl.tsv.gz
"(99,100]",4,PES001.B0102.SG1.5_5M.classified_gc_rl.tsv.gz
"(4,5]",1,VLD001.A0101.SG1.1_5M.classified_gc_rl.tsv.gz
"(6,7]",1,VLD001.A0101.SG1.1_5M.classified_gc_rl.tsv.gz
"(9,10]",1,VLD001.A0101.SG1.1_5M.classified_gc_rl.tsv.gz
"(10,11]",3,VLD001.A0101.SG1.1_5M.classified_gc_rl.tsv.gz
"(11,12]",9,VLD001.A0101.SG1.1_5M.classified_gc_rl.tsv.gz
"(12,13]",5,VLD001.A0101.SG1.1_5M.classified_gc_rl.tsv.gz
"(13,14]",14,VLD001.A0101.SG1.1_5M.classified_gc_rl.tsv.gz
"(14,15]",20,VLD001.A0101.SG1.1_5M.classified_gc_rl.tsv.gz
"(15,16]",40,VLD001.A0101.SG1.1_5M.classified_gc_rl.tsv.gz
"(16,17]",69,VLD001.A0101.SG1.1_5M.classified_gc_rl.tsv.gz
"(17,18]",81,VLD001.A0101.SG1.1_5M.classified_gc_rl.tsv.gz
"(18,19]",119,VLD001.A0101.SG1.1_5M.classified_gc_rl.tsv.gz
"(19,20]",219,VLD001.A0101.SG1.1_5M.classified_gc_rl.tsv.gz
"(20,21]",236,VLD001.A0101.SG1.1_5M.classified_gc_rl.tsv.gz
"(21,22]",420,VLD001.A0101.SG1.1_5M.classified_gc_rl.tsv.gz
"(22,23]",562,VLD001.A0101.SG1.1_5M.classified_gc_rl.tsv.gz
"(23,24]",786,VLD001.A0101.SG1.1_5M.classified_gc_rl.tsv.gz
"(24,25]",1205,VLD001.A0101.SG1.1_5M.classified_gc_rl.tsv.gz
"(25,26]",1039,VLD001.A0101.SG1.1_5M.classified_gc_rl.tsv.gz
"(26,27]",1664,VLD001.A0101.SG1.1_5M.classified_gc_rl.tsv.gz
"(27,28]",2187,VLD001.A0101.SG1.1_5M.classified_gc_rl.tsv.gz
"(28,29]",2527,VLD001.A0101.SG1.1_5M.classified_gc_rl.tsv.gz
"(29,30]",3393,VLD001.A0101.SG1.1_5M.classified_gc_rl.tsv.gz
"(30,31]",3490,VLD001.A0101.SG1.1_5M.classified_gc_rl.tsv.gz
"(31,32]",4717,VLD001.A0101.SG1.1_5M.classified_gc_rl.tsv.gz
"(32,33]",5202,VLD001.A0101.SG1.1_5M.classified_gc_rl.tsv.gz
"(33,34]",5910,VLD001.A0101.SG1.1_5M.classified_gc_rl.tsv.gz
"(34,35]",7345,VLD001.A0101.SG1.1_5M.classified_gc_rl.tsv.gz
"(35,36]",7879,VLD001.A0101.SG1.1_5M.classified_gc_rl.tsv.gz
"(36,37]",8784,VLD001.A0101.SG1.1_5M.classified_gc_rl.tsv.gz
"(37,38]",9760,VLD001.A0101.SG1.1_5M.classified_gc_rl.tsv.gz
"(38,39]",10750,VLD001.A0101.SG1.1_5M.classified_gc_rl.tsv.gz
"(39,40]",13670,VLD001.A0101.SG1.1_5M.classified_gc_rl.tsv.gz
"(40,41]",10422,VLD001.A0101.SG1.1_5M.classified_gc_rl.tsv.gz
"(41,42]",13400,VLD001.A0101.SG1.1_5M.classified_gc_rl.tsv.gz
"(42,43]",13619,VLD001.A0101.SG1.1_5M.classified_gc_rl.tsv.gz
"(43,44]",15520,VLD001.A0101.SG1.1_5M.classified_gc_rl.tsv.gz
"(44,45]",14858,VLD001.A0101.SG1.1_5M.classified_gc_rl.tsv.gz
"(45,46]",14304,VLD001.A0101.SG1.1_5M.classified_gc_rl.tsv.gz
"(46,47]",15199,VLD001.A0101.SG1.1_5M.classified_gc_rl.tsv.gz
"(47,48]",16450,VLD001.A0101.SG1.1_5M.classified_gc_rl.tsv.gz
"(48,49]",15311,VLD001.A0101.SG1.1_5M.classified_gc_rl.tsv.gz
"(49,50]",22554,VLD001.A0101.SG1.1_5M.classified_gc_rl.tsv.gz
"(50,51]",8754,VLD001.A0101.SG1.1_5M.classified_gc_rl.tsv.gz
"(51,52]",17832,VLD001.A0101.SG1.1_5M.classified_gc_rl.tsv.gz
"(52,53]",17847,VLD001.A0101.SG1.1_5M.classified_gc_rl.tsv.gz
"(53,54]",20187,VLD001.A0101.SG1.1_5M.classified_gc_rl.tsv.gz
"(54,55]",20633,VLD001.A0101.SG1.1_5M.classified_gc_rl.tsv.gz
"(55,56]",22349,VLD001.A0101.SG1.1_5M.classified_gc_rl.tsv.gz
"(56,57]",24527,VLD001.A0101.SG1.1_5M.classified_gc_rl.tsv.gz
"(57,58]",27394,VLD001.A0101.SG1.1_5M.classified_gc_rl.tsv.gz
"(58,59]",27421,VLD001.A0101.SG1.1_5M.classified_gc_rl.tsv.gz
"(59,60]",36498,VLD001.A0101.SG1.1_5M.classified_gc_rl.tsv.gz
"(60,61]",27840,VLD001.A0101.SG1.1_5M.classified_gc_rl.tsv.gz
"(61,62]",35411,VLD001.A0101.SG1.1_5M.classified_gc_rl.tsv.gz
"(62,63]",33356,VLD001.A0101.SG1.1_5M.classified_gc_rl.tsv.gz
"(63,64]",38220,VLD001.A0101.SG1.1_5M.classified_gc_rl.tsv.gz
"(64,65]",37406,VLD001.A0101.SG1.1_5M.classified_gc_rl.tsv.gz
"(65,66]",36714,VLD001.A0101.SG1.1_5M.classified_gc_rl.tsv.gz
"(66,67]",32443,VLD001.A0101.SG1.1_5M.classified_gc_rl.tsv.gz
"(67,68]",35942,VLD001.A0101.SG1.1_5M.classified_gc_rl.tsv.gz
"(68,69]",31571,VLD001.A0101.SG1.1_5M.classified_gc_rl.tsv.gz
"(69,70]",34143,VLD001.A0101.SG1.1_5M.classified_gc_rl.tsv.gz
"(70,71]",24571,VLD001.A0101.SG1.1_5M.classified_gc_rl.tsv.gz
"(71,72]",26648,VLD001.A0101.SG1.1_5M.classified_gc_rl.tsv.gz
"(72,73]",21535,VLD001.A0101.SG1.1_5M.classified_gc_rl.tsv.gz
"(73,74]",20018,VLD001.A0101.SG1.1_5M.classified_gc_rl.tsv.gz
"(74,75]",18376,VLD001.A0101.SG1.1_5M.classified_gc_rl.tsv.gz
"(75,76]",10063,VLD001.A0101.SG1.1_5M.classified_gc_rl.tsv.gz
"(76,77]",10510,VLD001.A0101.SG1.1_5M.classified_gc_rl.tsv.gz
"(77,78]",8174,VLD001.A0101.SG1.1_5M.classified_gc_rl.tsv.gz
"(78,79]",6328,VLD001.A0101.SG1.1_5M.classified_gc_rl.tsv.gz
"(79,80]",5419,VLD001.A0101.SG1.1_5M.classified_gc_rl.tsv.gz
"(80,81]",2737,VLD001.A0101.SG1.1_5M.classified_gc_rl.tsv.gz
"(81,82]",2526,VLD001.A0101.SG1.1_5M.classified_gc_rl.tsv.gz
"(82,83]",1708,VLD001.A0101.SG1.1_5M.classified_gc_rl.tsv.gz
"(83,84]",1121,VLD001.A0101.SG1.1_5M.classified_gc_rl.tsv.gz
"(84,85]",822,VLD001.A0101.SG1.1_5M.classified_gc_rl.tsv.gz
"(85,86]",450,VLD001.A0101.SG1.1_5M.classified_gc_rl.tsv.gz
"(86,87]",331,VLD001.A0101.SG1.1_5M.classified_gc_rl.tsv.gz
"(87,88]",200,VLD001.A0101.SG1.1_5M.classified_gc_rl.tsv.gz
"(88,89]",107,VLD001.A0101.SG1.1_5M.classified_gc_rl.tsv.gz
"(89,90]",92,VLD001.A0101.SG1.1_5M.classified_gc_rl.tsv.gz
"(90,91]",58,VLD001.A0101.SG1.1_5M.classified_gc_rl.tsv.gz
"(91,92]",35,VLD001.A0101.SG1.1_5M.classified_gc_rl.tsv.gz
"(92,93]",28,VLD001.A0101.SG1.1_5M.classified_gc_rl.tsv.gz
"(93,94]",26,VLD001.A0101.SG1.1_5M.classified_gc_rl.tsv.gz
"(94,95]",15,VLD001.A0101.SG1.1_5M.classified_gc_rl.tsv.gz
"(95,96]",20,VLD001.A0101.SG1.1_5M.classified_gc_rl.tsv.gz
"(96,97]",18,VLD001.A0101.SG1.1_5M.classified_gc_rl.tsv.gz
"(97,98]",12,VLD001.A0101.SG1.1_5M.classified_gc_rl.tsv.gz
"(98,99]",23,VLD001.A0101.SG1.1_5M.classified_gc_rl.tsv.gz
"(99,100]",23,VLD001.A0101.SG1.1_5M.classified_gc_rl.tsv.gz
"[0,1]",4,VLD001.A0102.SG1.2_5M.classified_gc_rl.tsv.gz
"(1,2]",7,VLD001.A0102.SG1.2_5M.classified_gc_rl.tsv.gz
"(2,3]",9,VLD001.A0102.SG1.2_5M.classified_gc_rl.tsv.gz
"(3,4]",16,VLD001.A0102.SG1.2_5M.classified_gc_rl.tsv.gz
"(4,5]",16,VLD001.A0102.SG1.2_5M.classified_gc_rl.tsv.gz
"(5,6]",19,VLD001.A0102.SG1.2_5M.classified_gc_rl.tsv.gz
"(6,7]",22,VLD001.A0102.SG1.2_5M.classified_gc_rl.tsv.gz
"(7,8]",34,VLD001.A0102.SG1.2_5M.classified_gc_rl.tsv.gz
"(8,9]",58,VLD001.A0102.SG1.2_5M.classified_gc_rl.tsv.gz
"(9,10]",93,VLD001.A0102.SG1.2_5M.classified_gc_rl.tsv.gz
"(10,11]",80,VLD001.A0102.SG1.2_5M.classified_gc_rl.tsv.gz
"(11,12]",112,VLD001.A0102.SG1.2_5M.classified_gc_rl.tsv.gz
"(12,13]",146,VLD001.A0102.SG1.2_5M.classified_gc_rl.tsv.gz
"(13,14]",247,VLD001.A0102.SG1.2_5M.classified_gc_rl.tsv.gz
"(14,15]",306,VLD001.A0102.SG1.2_5M.classified_gc_rl.tsv.gz
"(15,16]",381,VLD001.A0102.SG1.2_5M.classified_gc_rl.tsv.gz
"(16,17]",460,VLD001.A0102.SG1.2_5M.classified_gc_rl.tsv.gz
"(17,18]",667,VLD001.A0102.SG1.2_5M.classified_gc_rl.tsv.gz
"(18,19]",800,VLD001.A0102.SG1.2_5M.classified_gc_rl.tsv.gz
"(19,20]",1192,VLD001.A0102.SG1.2_5M.classified_gc_rl.tsv.gz
"(20,21]",1002,VLD001.A0102.SG1.2_5M.classified_gc_rl.tsv.gz
"(21,22]",1512,VLD001.A0102.SG1.2_5M.classified_gc_rl.tsv.gz
"(22,23]",1652,VLD001.A0102.SG1.2_5M.classified_gc_rl.tsv.gz
"(23,24]",2226,VLD001.A0102.SG1.2_5M.classified_gc_rl.tsv.gz
"(24,25]",2914,VLD001.A0102.SG1.2_5M.classified_gc_rl.tsv.gz
"(25,26]",2156,VLD001.A0102.SG1.2_5M.classified_gc_rl.tsv.gz
"(26,27]",3205,VLD001.A0102.SG1.2_5M.classified_gc_rl.tsv.gz
"(27,28]",3994,VLD001.A0102.SG1.2_5M.classified_gc_rl.tsv.gz
"(28,29]",4197,VLD001.A0102.SG1.2_5M.classified_gc_rl.tsv.gz
"(29,30]",4980,VLD001.A0102.SG1.2_5M.classified_gc_rl.tsv.gz
"(30,31]",4784,VLD001.A0102.SG1.2_5M.classified_gc_rl.tsv.gz
"(31,32]",6061,VLD001.A0102.SG1.2_5M.classified_gc_rl.tsv.gz
"(32,33]",5983,VLD001.A0102.SG1.2_5M.classified_gc_rl.tsv.gz
"(33,34]",6494,VLD001.A0102.SG1.2_5M.classified_gc_rl.tsv.gz
"(34,35]",8126,VLD001.A0102.SG1.2_5M.classified_gc_rl.tsv.gz
"(35,36]",7488,VLD001.A0102.SG1.2_5M.classified_gc_rl.tsv.gz
"(36,37]",8159,VLD001.A0102.SG1.2_5M.classified_gc_rl.tsv.gz
"(37,38]",8419,VLD001.A0102.SG1.2_5M.classified_gc_rl.tsv.gz
"(38,39]",8504,VLD001.A0102.SG1.2_5M.classified_gc_rl.tsv.gz
"(39,40]",11299,VLD001.A0102.SG1.2_5M.classified_gc_rl.tsv.gz
"(40,41]",7481,VLD001.A0102.SG1.2_5M.classified_gc_rl.tsv.gz
"(41,42]",9829,VLD001.A0102.SG1.2_5M.classified_gc_rl.tsv.gz
"(42,43]",9367,VLD001.A0102.SG1.2_5M.classified_gc_rl.tsv.gz
"(43,44]",10360,VLD001.A0102.SG1.2_5M.classified_gc_rl.tsv.gz
"(44,45]",9906,VLD001.A0102.SG1.2_5M.classified_gc_rl.tsv.gz
"(45,46]",8828,VLD001.A0102.SG1.2_5M.classified_gc_rl.tsv.gz
"(46,47]",9423,VLD001.A0102.SG1.2_5M.classified_gc_rl.tsv.gz
"(47,48]",10763,VLD001.A0102.SG1.2_5M.classified_gc_rl.tsv.gz
"(48,49]",9536,VLD001.A0102.SG1.2_5M.classified_gc_rl.tsv.gz
"(49,50]",13308,VLD001.A0102.SG1.2_5M.classified_gc_rl.tsv.gz
"(50,51]",3610,VLD001.A0102.SG1.2_5M.classified_gc_rl.tsv.gz
"(51,52]",10800,VLD001.A0102.SG1.2_5M.classified_gc_rl.tsv.gz
"(52,53]",10576,VLD001.A0102.SG1.2_5M.classified_gc_rl.tsv.gz
"(53,54]",10546,VLD001.A0102.SG1.2_5M.classified_gc_rl.tsv.gz
"(54,55]",10803,VLD001.A0102.SG1.2_5M.classified_gc_rl.tsv.gz
"(55,56]",10683,VLD001.A0102.SG1.2_5M.classified_gc_rl.tsv.gz
"(56,57]",11699,VLD001.A0102.SG1.2_5M.classified_gc_rl.tsv.gz
"(57,58]",12660,VLD001.A0102.SG1.2_5M.classified_gc_rl.tsv.gz
"(58,59]",12211,VLD001.A0102.SG1.2_5M.classified_gc_rl.tsv.gz
"(59,60]",15728,VLD001.A0102.SG1.2_5M.classified_gc_rl.tsv.gz
"(60,61]",11488,VLD001.A0102.SG1.2_5M.classified_gc_rl.tsv.gz
"(61,62]",14125,VLD001.A0102.SG1.2_5M.classified_gc_rl.tsv.gz
"(62,63]",13117,VLD001.A0102.SG1.2_5M.classified_gc_rl.tsv.gz
"(63,64]",14819,VLD001.A0102.SG1.2_5M.classified_gc_rl.tsv.gz
"(64,65]",14845,VLD001.A0102.SG1.2_5M.classified_gc_rl.tsv.gz
"(65,66]",14585,VLD001.A0102.SG1.2_5M.classified_gc_rl.tsv.gz
"(66,67]",12092,VLD001.A0102.SG1.2_5M.classified_gc_rl.tsv.gz
"(67,68]",13078,VLD001.A0102.SG1.2_5M.classified_gc_rl.tsv.gz
"(68,69]",12051,VLD001.A0102.SG1.2_5M.classified_gc_rl.tsv.gz
"(69,70]",13215,VLD001.A0102.SG1.2_5M.classified_gc_rl.tsv.gz
"(70,71]",9175,VLD001.A0102.SG1.2_5M.classified_gc_rl.tsv.gz
"(71,72]",10209,VLD001.A0102.SG1.2_5M.classified_gc_rl.tsv.gz
"(72,73]",8680,VLD001.A0102.SG1.2_5M.classified_gc_rl.tsv.gz
"(73,74]",7892,VLD001.A0102.SG1.2_5M.classified_gc_rl.tsv.gz
"(74,75]",7356,VLD001.A0102.SG1.2_5M.classified_gc_rl.tsv.gz
"(75,76]",3975,VLD001.A0102.SG1.2_5M.classified_gc_rl.tsv.gz
"(76,77]",4614,VLD001.A0102.SG1.2_5M.classified_gc_rl.tsv.gz
"(77,78]",3462,VLD001.A0102.SG1.2_5M.classified_gc_rl.tsv.gz
"(78,79]",2861,VLD001.A0102.SG1.2_5M.classified_gc_rl.tsv.gz
"(79,80]",2566,VLD001.A0102.SG1.2_5M.classified_gc_rl.tsv.gz
"(80,81]",1289,VLD001.A0102.SG1.2_5M.classified_gc_rl.tsv.gz
"(81,82]",1279,VLD001.A0102.SG1.2_5M.classified_gc_rl.tsv.gz
"(82,83]",898,VLD001.A0102.SG1.2_5M.classified_gc_rl.tsv.gz
"(83,84]",595,VLD001.A0102.SG1.2_5M.classified_gc_rl.tsv.gz
"(84,85]",479,VLD001.A0102.SG1.2_5M.classified_gc_rl.tsv.gz
"(85,86]",226,VLD001.A0102.SG1.2_5M.classified_gc_rl.tsv.gz
"(86,87]",215,VLD001.A0102.SG1.2_5M.classified_gc_rl.tsv.gz
"(87,88]",101,VLD001.A0102.SG1.2_5M.classified_gc_rl.tsv.gz
"(88,89]",39,VLD001.A0102.SG1.2_5M.classified_gc_rl.tsv.gz
"(89,90]",37,VLD001.A0102.SG1.2_5M.classified_gc_rl.tsv.gz
"(90,91]",17,VLD001.A0102.SG1.2_5M.classified_gc_rl.tsv.gz
"(91,92]",4,VLD001.A0102.SG1.2_5M.classified_gc_rl.tsv.gz
"(92,93]",5,VLD001.A0102.SG1.2_5M.classified_gc_rl.tsv.gz
"(94,95]",5,VLD001.A0102.SG1.2_5M.classified_gc_rl.tsv.gz
"(97,98]",1,VLD001.A0102.SG1.2_5M.classified_gc_rl.tsv.gz
