Species	BAN001.A0101.SG1.1_5M	BAN001.A0101.SG1.1_5M_over50bp	BAN001.A0101.SG1.1_5M_under50bp	BAN001.A0102.SG1.4_5M	BAN001.A0102.SG1.4_5M_over50bp	BAN001.A0102.SG1.4_5M_under50bp	CDM019.A0101.SG1.1_5M	CDM019.A0101.SG1.1_5M_over50bp	CDM019.A0101.SG1.1_5M_under50bp	CDM019.A0102.SG1.4_5M	CDM019.A0102.SG1.4_5M_over50bp	CDM019.A0102.SG1.4_5M_under50bp	CDM020.A0101.SG1.1_5M	CDM020.A0101.SG1.1_5M_over50bp	CDM020.A0101.SG1.1_5M_under50bp	CDM020.A0102.SG1.4_5M	CDM020.A0102.SG1.4_5M_over50bp	CDM020.A0102.SG1.4_5M_under50bp	FUM002.A0101.SG1.1_5M	FUM002.A0101.SG1.1_5M_over50bp	FUM002.A0101.SG1.1_5M_under50bp	FUM002.A0102.SG1.5_5M	FUM002.A0102.SG1.5_5M_over50bp	FUM002.A0102.SG1.5_5M_under50bp	FUM003.A0101.SG1.1_5M	FUM003.A0101.SG1.1_5M_over50bp	FUM003.A0101.SG1.1_5M_under50bp	FUM003.A0102.SG1.4_5M	FUM003.A0102.SG1.4_5M_over50bp	FUM003.A0102.SG1.4_5M_under50bp	GDN001.A0101.SG1.1_5M	GDN001.A0101.SG1.1_5M_over50bp	GDN001.A0101.SG1.1_5M_under50bp	GDN001.A0102.SG1.3_5M	GDN001.A0102.SG1.3_5M_over50bp	GDN001.A0102.SG1.3_5M_under50bp	GOY005.A0101.SG1.2_5M	GOY005.A0101.SG1.2_5M_over50bp	GOY005.A0101.SG1.2_5M_under50bp	GOY005.A0103.SG1.4_5M	GOY005.A0103.SG1.4_5M_over50bp	GOY005.A0103.SG1.4_5M_under50bp	GOY006.A0101.SG1.2_5M	GOY006.A0101.SG1.2_5M_over50bp	GOY006.A0101.SG1.2_5M_under50bp	GOY006.A0102.SG1.5_5M	GOY006.A0102.SG1.5_5M_over50bp	GOY006.A0102.SG1.5_5M_under50bp	PES001.B0101.SG1.3_5M	PES001.B0101.SG1.3_5M_over50bp	PES001.B0101.SG1.3_5M_under50bp	PES001.B0102.SG1.5_5M	PES001.B0102.SG1.5_5M_over50bp	PES001.B0102.SG1.5_5M_under50bp	VLD001.A0101.SG1.1_5M	VLD001.A0101.SG1.1_5M_over50bp	VLD001.A0101.SG1.1_5M_under50bp	VLD001.A0102.SG1.2_5M	VLD001.A0102.SG1.2_5M_over50bp	VLD001.A0102.SG1.2_5M_under50bp
34-128 sp014894735	434	374	60	461	226	235	0	0	0	0	0	0	0	0	0	0	0	0	0	0	0	0	0	0	0	0	0	0	0	0	0	0	0	0	0	0	11	11	0	12	10	0	0	0	0	0	0	0	0	0	0	0	0	0	0	0	0	0	0	0
40CM-3-62-11 sp001914955	0	0	0	0	0	0	0	0	0	0	0	0	0	0	0	0	0	0	16	15	0	0	0	0	294	253	41	183	125	58	837	788	49	130	100	30	0	0	0	0	0	0	0	0	0	0	0	0	0	0	0	0	0	0	0	0	0	0	0	0
AR31 sp003220535	0	0	0	0	0	0	0	0	0	0	0	0	0	0	0	0	0	0	0	0	0	0	0	0	140	109	31	80	52	28	686	651	35	71	54	17	0	0	0	0	0	0	0	0	0	0	0	0	0	0	0	0	0	0	0	0	0	0	0	0
Abiotrophia defectiva	0	0	0	0	0	0	67	61	0	76	61	15	2703	2290	413	3129	2369	760	74	50	24	143	76	67	78	36	42	77	28	49	0	0	0	0	0	0	1191	696	495	1193	535	658	1052	762	290	938	493	445	1872	1622	250	2111	1602	509	36	28	0	30	18	12
Abiotrophia sp001815865	0	0	0	0	0	0	146	125	21	151	105	46	7078	5791	1287	8680	6542	2138	102	49	53	160	79	81	125	68	57	106	49	57	0	0	0	0	0	0	1662	985	677	1596	745	851	1028	723	305	1031	546	485	2231	1985	246	2423	1906	517	26	18	0	26	14	12
Accumulibacter sp000584975	0	0	0	0	0	0	0	0	0	0	0	0	0	0	0	0	0	0	0	0	0	0	0	0	489	441	48	274	177	97	0	0	0	0	0	0	0	0	0	0	0	0	0	0	0	0	0	0	0	0	0	0	0	0	0	0	0	0	0	0
Acidovorax temperans	12	10	0	0	0	0	0	0	0	0	0	0	0	0	0	0	0	0	0	0	0	0	0	0	385	342	43	331	212	119	15	15	0	0	0	0	15	13	0	0	0	0	451	377	74	156	106	50	0	0	0	0	0	0	2017	1453	564	916	393	523
Acinetobacter albensis	429	350	79	1023	560	463	0	0	0	0	0	0	0	0	0	0	0	0	0	0	0	0	0	0	0	0	0	0	0	0	0	0	0	0	0	0	0	0	0	0	0	0	88	70	18	125	95	30	77	76	0	106	94	12	81	68	13	62	29	33
Acinetobacter fasciculus	32	28	0	48	23	25	0	0	0	0	0	0	0	0	0	0	0	0	0	0	0	0	0	0	53	50	0	44	32	12	0	0	0	0	0	0	144	136	0	61	44	17	26	23	0	18	12	0	463	455	0	649	578	71	70	48	22	41	19	22
Acinetobacter guillouiae	0	0	0	0	0	0	0	0	0	0	0	0	0	0	0	0	0	0	0	0	0	0	0	0	0	0	0	0	0	0	0	0	0	0	0	0	10346	9948	398	5082	4418	664	18	17	0	15	11	0	20	20	0	32	30	0	38	34	0	36	21	15
Acinetobacter idrijaensis	33	27	0	51	25	26	0	0	0	0	0	0	0	0	0	0	0	0	0	0	0	0	0	0	20	20	0	0	0	0	0	0	0	0	0	0	106	96	10	36	29	0	18	15	0	21	19	0	259	252	0	470	431	39	129	94	35	82	38	44
Acinetobacter johnsonii	134	103	31	286	135	151	0	0	0	0	0	0	0	0	0	0	0	0	24	22	0	32	27	0	132	120	12	99	82	17	38	36	0	32	22	10	166	148	18	46	37	0	632	560	72	512	391	121	29998	29441	557	32670	29370	3300	35549	28313	7236	21425	11774	9651
Acinetobacter junii	0	0	0	0	0	0	0	0	0	0	0	0	0	0	0	0	0	0	0	0	0	0	0	0	20	19	0	22	18	0	0	0	0	0	0	0	10	10	0	0	0	0	6090	5697	393	5521	4431	1090	48	48	0	78	71	0	26	24	0	22	12	10
Acinetobacter kyonggiensis	0	0	0	0	0	0	0	0	0	0	0	0	0	0	0	0	0	0	0	0	0	0	0	0	0	0	0	0	0	0	0	0	0	0	0	0	0	0	0	0	0	0	11	10	0	30	21	0	350	337	13	659	608	51	39	24	15	33	20	13
Acinetobacter lwoffii	44	33	11	114	61	53	0	0	0	0	0	0	0	0	0	0	0	0	0	0	0	0	0	0	26	23	0	19	17	0	0	0	0	0	0	0	186	173	13	62	48	14	34	26	0	33	25	0	753	735	18	1215	1111	104	135	111	24	109	61	48
Acinetobacter parvus	0	0	0	0	0	0	0	0	0	0	0	0	0	0	0	0	0	0	0	0	0	0	0	0	22	21	0	18	15	0	0	0	0	0	0	0	16	16	0	10	0	0	1867	1740	127	1320	1053	267	97	92	0	161	146	15	62	50	12	42	27	15
Acinetobacter pseudolwoffii	11	0	0	23	10	13	0	0	0	0	0	0	0	0	0	0	0	0	0	0	0	0	0	0	0	0	0	0	0	0	0	0	0	0	0	0	32	27	0	13	11	0	46	38	0	256	230	26	133	127	0	185	158	27	942	740	202	670	363	307
Acinetobacter sichuanensis	0	0	0	0	0	0	0	0	0	0	0	0	0	0	0	0	0	0	0	0	0	0	0	0	0	0	0	0	0	0	0	0	0	0	0	0	0	0	0	0	0	0	0	0	0	0	0	0	90	88	0	111	99	12	282	231	51	237	129	108
Acinetobacter sp000214135	0	0	0	10	0	0	0	0	0	0	0	0	0	0	0	0	0	0	0	0	0	0	0	0	0	0	0	0	0	0	0	0	0	0	0	0	0	0	0	0	0	0	0	0	0	0	0	0	171	168	0	264	239	25	158	120	38	133	67	66
Acinetobacter sp000369525	0	0	0	0	0	0	0	0	0	0	0	0	0	0	0	0	0	0	0	0	0	0	0	0	0	0	0	0	0	0	0	0	0	0	0	0	0	0	0	0	0	0	13	12	0	0	0	0	90	88	0	148	137	11	448	354	94	336	196	140
Acinetobacter sp000369645	0	0	0	0	0	0	0	0	0	0	0	0	0	0	0	0	0	0	0	0	0	0	0	0	0	0	0	0	0	0	0	0	0	0	0	0	0	0	0	0	0	0	30	26	0	25	17	0	50	49	0	89	79	10	359	273	86	402	205	197
Acinetobacter sp001612555	0	0	0	21	0	14	0	0	0	0	0	0	0	0	0	0	0	0	0	0	0	0	0	0	0	0	0	0	0	0	0	0	0	0	0	0	0	0	0	0	0	0	0	0	0	0	0	0	327	321	0	631	597	34	28	13	15	25	15	10
Acinetobacter sp001696615	0	0	0	0	0	0	0	0	0	0	0	0	0	0	0	0	0	0	0	0	0	0	0	0	0	0	0	0	0	0	0	0	0	0	0	0	0	0	0	0	0	0	0	0	0	0	0	0	89	86	0	145	126	19	226	180	46	202	115	87
Acinetobacter sp002135205	14	13	0	21	11	10	0	0	0	0	0	0	0	0	0	0	0	0	0	0	0	0	0	0	14	12	0	0	0	0	0	0	0	0	0	0	12	12	0	0	0	0	39	32	0	43	34	0	2118	2068	50	2461	2195	266	3344	2684	660	2240	1292	948
Acinetobacter sp002135245	0	0	0	0	0	0	0	0	0	0	0	0	0	0	0	0	0	0	0	0	0	0	0	0	0	0	0	0	0	0	0	0	0	0	0	0	0	0	0	0	0	0	0	0	0	11	10	0	322	317	0	520	458	62	52	34	18	77	40	37
Acinetobacter sp002165305	36	24	12	56	31	25	0	0	0	0	0	0	0	0	0	0	0	0	0	0	0	0	0	0	14	12	0	18	12	0	16	16	0	0	0	0	44	38	0	14	11	0	136	122	14	101	79	22	5434	5323	111	6232	5564	668	7027	5591	1436	4184	2248	1936
Acinetobacter sp004331285	0	0	0	0	0	0	0	0	0	0	0	0	0	0	0	0	0	0	0	0	0	0	0	0	0	0	0	0	0	0	0	0	0	0	0	0	0	0	0	0	0	0	0	0	0	17	10	0	961	921	40	1287	1085	202	0	0	0	22	15	0
Acinetobacter sp013072695	0	0	0	0	0	0	0	0	0	0	0	0	0	0	0	0	0	0	0	0	0	0	0	0	0	0	0	0	0	0	0	0	0	0	0	0	0	0	0	0	0	0	0	0	0	0	0	0	362	356	0	705	640	65	39	31	0	34	22	12
Acinetobacter ursingii	0	0	0	0	0	0	0	0	0	0	0	0	0	0	0	0	0	0	0	0	0	0	0	0	38	32	0	30	26	0	0	0	0	0	0	0	26	24	0	10	0	0	24	23	0	17	15	0	6728	6595	133	7816	6946	870	158	116	42	143	82	61
Acinetobacter variabilis	10	0	0	19	12	0	0	0	0	0	0	0	0	0	0	0	0	0	0	0	0	0	0	0	0	0	0	11	10	0	0	0	0	0	0	0	118	107	11	38	26	12	14	14	0	13	10	0	155	153	0	197	160	37	45	37	0	34	17	17
Actinomyces bovis	0	0	0	0	0	0	83	63	20	40	28	12	96	76	20	64	47	17	207	112	95	137	70	67	38	19	19	29	12	17	393	302	91	141	89	52	51	24	27	30	15	15	121	71	50	62	33	29	183	146	37	121	81	40	78	56	22	38	13	25
Actinomyces bowdenii	0	0	0	0	0	0	520	422	98	288	214	74	360	276	84	164	112	52	1596	1042	554	884	492	392	183	119	64	89	39	50	3410	2668	742	963	610	353	287	162	125	119	45	74	889	583	306	435	225	210	1062	873	189	559	357	202	442	300	142	200	86	114
Actinomyces dentalis	0	0	0	0	0	0	123813	103297	20516	45076	30903	14173	80688	63794	16894	31696	20521	11175	4673	2938	1735	2262	1067	1195	474	313	161	233	82	151	76287	58376	17911	17556	9573	7983	1738	933	805	596	227	369	9179	6003	3176	3327	1617	1710	37896	33521	4375	15730	11009	4721	41600	29010	12590	16775	7978	8797
Actinomyces denticolens	0	0	0	0	0	0	102	85	17	45	26	19	116	94	22	59	37	22	252	163	89	151	79	72	66	42	24	29	13	16	938	732	206	194	136	58	94	45	49	32	10	22	199	125	74	85	46	39	292	243	49	164	104	60	126	64	62	73	32	41
Actinomyces gaoshouyii	0	0	0	0	0	0	65	51	14	30	16	14	102	78	24	43	30	13	219	128	91	116	66	50	32	23	0	22	0	14	751	624	127	199	119	80	60	34	26	20	0	17	139	81	58	64	27	37	267	224	43	162	113	49	146	97	49	48	24	24
Actinomyces gerencseriae	0	0	0	0	0	0	6816	5666	1150	2617	1751	866	6088	4640	1448	2497	1542	955	1893	1264	629	953	533	420	620	432	188	257	109	148	7428	5943	1485	1695	1031	664	1911	1151	760	560	236	324	3736	2617	1119	1173	582	591	7501	6458	1043	3849	2612	1237	86719	63116	23603	27185	13671	13514
Actinomyces glycerinitolerans	0	0	0	0	0	0	72	58	14	29	18	11	89	73	16	50	34	16	88	51	37	46	23	23	12	0	0	0	0	0	293	238	55	72	39	33	30	18	12	0	0	0	55	38	17	20	0	11	96	74	22	51	29	22	44	33	11	26	12	14
Actinomyces haliotis	0	0	0	0	0	0	79	57	22	45	26	19	178	139	39	85	50	35	265	170	95	122	61	61	48	26	22	15	0	0	1402	1082	320	335	209	126	101	49	52	40	16	24	247	166	81	110	47	63	371	293	78	208	121	87	175	105	70	83	34	49
Actinomyces howellii	0	0	0	0	0	0	252	209	43	128	82	46	415	340	75	196	137	59	1213	817	396	603	337	266	84	52	32	48	20	28	15597	12860	2737	3730	2381	1349	289	172	117	94	37	57	2290	1546	744	936	518	418	4164	3658	506	2177	1568	609	1325	890	435	641	306	335
Actinomyces israelii	0	0	0	0	0	0	837	678	159	373	244	129	672	523	149	311	212	99	604	371	233	311	170	141	90	62	28	53	29	24	3465	2640	825	792	469	323	184	83	101	57	23	34	551	336	215	239	106	133	1116	926	190	616	392	224	2016	1314	702	786	352	434
Actinomyces johnsonii	0	0	0	0	0	0	1417	1167	250	665	465	200	5298	4424	874	2404	1642	762	22452	15175	7277	11558	6480	5078	7510	4771	2739	3923	1709	2214	993	774	219	251	143	108	5813	3347	2466	2086	834	1252	4181	2765	1416	1698	861	837	10395	9059	1336	5082	3584	1498	3919	2628	1291	1758	882	876
Actinomyces lilanjuaniae	0	0	0	0	0	0	53	42	11	36	23	13	84	71	13	42	29	13	279	181	98	144	74	70	46	21	25	27	14	13	704	562	142	212	138	74	52	29	23	30	0	22	162	101	61	101	49	52	223	195	28	140	84	56	107	71	36	53	23	30
Actinomyces marmotae	0	0	0	0	0	0	99	79	20	43	31	12	141	114	27	61	47	14	295	174	121	158	92	66	45	31	14	12	0	0	582	429	153	115	58	57	86	54	32	21	10	11	119	72	47	78	42	36	230	184	46	131	90	41	112	63	49	46	19	27
Actinomyces massiliensis	0	0	0	0	0	0	530	420	110	225	148	77	436	330	106	231	143	88	875	548	327	445	230	215	217	153	64	89	41	48	1735	1403	332	447	253	194	301	168	133	101	40	61	549	335	214	212	102	110	962	817	145	527	362	165	2804	1982	822	956	434	522
Actinomyces naeslundii	0	0	0	0	0	0	1262	1061	201	571	403	168	7721	6332	1389	3550	2395	1155	19518	13510	6008	9741	5408	4333	2955	1997	958	1324	644	680	801	621	180	196	122	74	11441	6884	4557	3544	1485	2059	4939	3234	1705	2031	1014	1017	10845	9540	1305	4988	3567	1421	2001	1312	689	912	415	497
Actinomyces oricola	0	0	0	0	0	0	186	154	32	117	82	35	264	191	73	137	88	49	806	527	279	463	259	204	81	50	31	39	17	22	7422	5812	1610	1820	1072	748	174	93	81	89	31	58	1051	666	385	462	207	255	1907	1644	263	955	628	327	723	477	246	319	131	188
Actinomyces oris	17	12	0	13	0	0	4164	3395	769	1806	1218	588	6429	5239	1190	3101	2105	996	61745	41547	20198	31762	17454	14308	7014	4671	2343	3461	1627	1834	6059	4861	1198	1454	868	586	9165	5268	3897	3298	1341	1957	12622	8105	4517	5300	2555	2745	37954	33184	4770	18232	12521	5711	3841	2543	1298	1673	826	847
Actinomyces procaprae	0	0	0	0	0	0	113	89	24	55	36	19	121	87	34	71	45	26	234	143	91	105	62	43	33	17	16	20	0	11	1158	915	243	285	175	110	70	36	34	27	13	14	213	135	78	88	42	46	343	289	54	195	126	69	149	86	63	84	33	51
Actinomyces qiguomingii	0	0	0	0	0	0	125	102	23	97	71	26	192	153	39	100	66	34	315	197	118	177	83	94	40	25	15	21	0	14	1143	917	226	280	173	107	78	44	34	25	10	15	223	133	90	99	41	58	341	288	53	215	148	67	219	141	78	97	50	47
Actinomyces radicidentis	0	0	0	0	0	0	138	104	34	55	31	24	285	214	71	129	82	47	369	232	137	202	112	90	52	29	23	35	13	22	1850	1430	420	440	272	168	169	89	80	60	26	34	418	260	158	192	88	104	496	405	91	283	172	111	222	143	79	107	42	65
Actinomyces ruminicola	0	0	0	0	0	0	127	99	28	60	38	22	147	113	34	81	49	32	222	142	80	128	67	61	38	22	16	23	0	15	1159	882	277	323	192	131	68	34	34	28	11	17	219	130	89	84	34	50	340	273	67	199	126	73	184	116	68	82	36	46
Actinomyces slackii	0	0	0	0	0	0	174	134	40	60	38	22	235	190	45	97	64	33	718	470	248	397	207	190	97	61	36	47	17	30	2301	1708	593	597	378	219	171	83	88	62	23	39	500	316	184	226	107	119	798	652	146	425	279	146	316	191	125	158	55	103
Actinomyces sp000195595	0	0	0	0	0	0	207	171	36	93	56	37	880	713	167	399	269	130	11813	7953	3860	5851	3167	2684	1696	1117	579	791	388	403	661	508	153	199	120	79	2638	1519	1119	902	391	511	2864	1834	1030	1186	581	605	4606	3934	672	2300	1584	716	775	523	252	344	148	196
Actinomyces sp000220835	0	0	0	0	0	0	499	385	114	239	168	71	413	321	92	192	122	70	570	375	195	344	189	155	381	304	77	186	113	73	1864	1421	443	475	282	193	204	115	89	94	29	65	425	285	140	176	82	94	695	576	119	357	238	119	1198	826	372	429	189	240
Actinomyces sp001278845	0	0	0	0	0	0	71258	58966	12292	28359	19269	9090	37477	29917	7560	15511	10292	5219	3076	1941	1135	1582	795	787	336	207	129	182	85	97	40649	31414	9235	9345	5342	4003	1134	646	488	385	153	232	5512	3663	1849	2162	1117	1045	21879	19341	2538	9491	6771	2720	27015	19087	7928	10999	5344	5655
Actinomyces sp002154335	0	0	0	0	0	0	94	75	19	54	30	24	139	100	39	72	46	26	246	139	107	154	82	72	42	25	17	15	0	0	801	609	192	214	120	94	66	41	25	32	15	17	147	92	55	60	40	20	246	203	43	169	108	61	118	79	39	60	22	38
Actinomyces sp002999235	0	0	0	0	0	0	689	574	115	284	195	89	581	444	137	270	179	91	561	356	205	276	146	130	120	76	44	44	24	20	2171	1696	475	610	343	267	158	92	66	59	28	31	452	299	153	192	88	104	826	708	118	448	302	146	759	501	258	309	157	152
Actinomyces sp009930875	0	0	0	0	0	0	122	105	17	58	31	27	128	102	26	63	35	28	291	179	112	139	74	65	32	16	16	22	0	13	983	758	225	271	156	115	70	40	30	30	0	24	199	119	80	104	43	61	286	221	65	195	118	77	161	101	60	76	29	47
Actinomyces sp011751985	0	0	0	0	0	0	992	843	149	407	286	121	4637	4015	622	1834	1332	502	3158	2175	983	1641	929	712	435	293	142	261	137	124	4429	3568	861	1093	648	445	1532	870	662	556	224	332	1998	1308	690	875	445	430	4216	3704	512	1931	1365	566	435	296	139	219	94	125
Actinomyces sp011752065	0	0	0	0	0	0	186	148	38	63	39	24	503	398	105	238	161	77	6770	4462	2308	3305	1785	1520	1054	681	373	480	234	246	611	478	133	152	99	53	1433	798	635	436	172	264	1676	1010	666	704	331	373	2573	2171	402	1296	867	429	813	546	267	344	177	167
Actinomyces sp013185035	0	0	0	0	0	0	175	146	29	97	63	34	259	203	56	139	84	55	395	245	150	209	112	97	74	42	32	36	18	18	1659	1306	353	368	210	158	116	56	60	50	23	27	323	215	108	138	69	69	522	439	83	299	206	93	232	146	86	102	47	55
Actinomyces sp015711475	0	0	0	0	0	0	76	62	14	48	27	21	171	130	41	105	77	28	348	230	118	201	111	90	67	47	20	22	11	11	995	805	190	210	130	80	90	43	47	49	19	30	176	111	65	72	34	38	364	326	38	205	144	61	123	74	49	56	32	24
Actinomyces sp900323545	0	0	0	0	0	0	268	222	46	103	71	32	7634	6509	1125	2999	2112	887	115021	80408	34613	54178	30619	23559	10620	7227	3393	5012	2512	2500	1302	1019	283	341	208	133	20595	11813	8782	7225	2822	4403	34086	22754	11332	13000	6460	6540	49451	44013	5438	21526	15606	5920	1320	897	423	578	272	306
Actinomyces succiniciruminis	0	0	0	0	0	0	57	44	13	21	13	0	80	66	14	36	23	13	113	71	42	75	36	39	15	10	0	10	0	0	418	333	85	92	57	35	23	0	16	15	0	0	76	48	28	43	19	24	122	105	17	67	48	19	67	39	28	36	15	21
Actinomyces timonensis	0	0	0	0	0	0	170	135	35	70	45	25	213	168	45	103	65	38	767	514	253	534	302	232	107	70	37	63	29	34	1043	775	268	295	172	123	156	82	74	79	33	46	315	190	125	158	74	84	518	426	92	295	186	109	259	171	88	128	66	62
Actinomyces urogenitalis	0	0	0	0	0	0	140	101	39	89	54	35	263	198	65	130	90	40	419	264	155	242	119	123	78	47	31	29	13	16	1561	1279	282	426	248	178	152	76	76	47	20	27	308	196	112	154	76	78	528	434	94	319	219	100	206	126	80	112	44	68
Actinomyces viscosus	0	0	0	0	0	0	220	174	46	106	72	34	567	438	129	275	181	94	7482	4954	2528	3799	2053	1746	1053	671	382	559	260	299	643	497	146	175	100	75	1608	849	759	599	239	360	1799	1148	651	715	321	394	2768	2362	406	1397	961	436	747	511	236	307	143	164
Actinomyces weissii	0	0	0	0	0	0	84	70	14	38	24	14	156	126	30	98	64	34	300	181	119	134	67	67	77	50	27	48	24	24	1112	892	220	321	182	139	115	60	55	45	16	29	231	138	93	132	69	63	379	326	53	215	135	80	157	94	63	76	26	50
Actinomyces wuliandei	0	0	0	0	0	0	39	34	0	30	17	13	73	55	18	52	31	21	936	630	306	569	333	236	33	24	0	25	12	13	642	515	127	156	87	69	82	48	34	26	12	14	155	99	56	74	31	43	224	182	42	157	102	55	135	85	50	63	30	33
Aerococcus sp002252085	0	0	0	0	0	0	0	0	0	0	0	0	0	0	0	0	0	0	0	0	0	0	0	0	0	0	0	0	0	0	0	0	0	0	0	0	0	0	0	0	0	0	697	632	65	697	512	185	0	0	0	0	0	0	0	0	0	0	0	0
Aerococcus urinaeequi	23	17	0	38	23	15	0	0	0	0	0	0	0	0	0	0	0	0	0	0	0	0	0	0	0	0	0	0	0	0	0	0	0	0	0	0	42	41	0	0	0	0	1095	993	102	991	782	209	0	0	0	15	15	0	0	0	0	0	0	0
Aerococcus viridans	13	11	0	35	16	19	0	0	0	0	0	0	0	0	0	0	0	0	0	0	0	0	0	0	0	0	0	16	12	0	0	0	0	0	0	0	16	16	0	0	0	0	1728	1588	140	1686	1325	361	13	13	0	23	22	0	0	0	0	0	0	0
Aeromonas caviae	0	0	0	0	0	0	0	0	0	0	0	0	0	0	0	0	0	0	0	0	0	0	0	0	34	28	0	23	17	0	0	0	0	0	0	0	1277	1147	130	306	221	85	0	0	0	0	0	0	16	16	0	0	0	0	0	0	0	0	0	0
Afipia broomeae	0	0	0	0	0	0	0	0	0	0	0	0	0	0	0	0	0	0	0	0	0	0	0	0	5462	5017	445	3067	2189	878	0	0	0	0	0	0	0	0	0	0	0	0	0	0	0	0	0	0	0	0	0	0	0	0	0	0	0	0	0	0
Aggregatibacter aphrophilus	0	0	0	0	0	0	22	16	0	27	21	0	316	260	56	400	302	98	100	41	59	173	75	98	644	354	290	846	329	517	0	0	0	0	0	0	8082	4701	3381	7913	3527	4386	762	452	310	958	430	528	244	165	79	436	227	209	0	0	0	0	0	0
Aggregatibacter kilianii	0	0	0	0	0	0	26	22	0	22	17	0	947	721	226	1257	867	390	154	74	80	242	104	138	1457	709	748	1943	700	1243	0	0	0	0	0	0	15344	9075	6269	15093	6775	8318	876	518	358	1067	473	594	279	186	93	439	228	211	0	0	0	0	0	0
Aggregatibacter segnis	0	0	0	0	0	0	29	24	0	45	31	14	579	431	148	697	489	208	75	36	39	132	52	80	158	85	73	204	67	137	0	0	0	0	0	0	2095	1199	896	1954	886	1068	394	255	139	447	194	253	92	60	32	131	75	56	0	0	0	0	0	0
Aggregatibacter sp000466335	0	0	0	0	0	0	0	0	0	20	10	10	192	151	41	201	140	61	10	0	0	26	11	15	74	37	37	74	33	41	0	0	0	0	0	0	745	417	328	628	268	360	102	60	42	132	63	69	22	15	0	41	27	14	0	0	0	0	0	0
Agrobacterium sp900013535	0	0	0	0	0	0	0	0	0	0	0	0	0	0	0	0	0	0	0	0	0	0	0	0	0	0	0	0	0	0	0	0	0	0	0	0	0	0	0	0	0	0	0	0	0	0	0	0	0	0	0	0	0	0	2566	1827	739	1164	496	668
Alishewanella agri	0	0	0	0	0	0	0	0	0	0	0	0	0	0	0	0	0	0	0	0	0	0	0	0	0	0	0	0	0	0	10	10	0	0	0	0	384	341	43	98	72	26	0	0	0	0	0	0	150	148	0	94	78	16	0	0	0	0	0	0
Anaerosphaera mikwangii	0	0	0	0	0	0	145	126	19	350	279	71	41	32	0	142	103	39	84	65	19	173	110	63	0	0	0	0	0	0	22	14	0	54	28	26	21	11	10	30	13	17	52	39	13	94	56	38	83	74	0	220	160	60	22	15	0	31	20	11
Aquabacterium commune	25	18	0	11	0	0	0	0	0	0	0	0	0	0	0	0	0	0	0	0	0	0	0	0	1388	1305	83	861	643	218	0	0	0	0	0	0	10	0	0	0	0	0	0	0	0	0	0	0	0	0	0	0	0	0	21	19	0	32	12	20
Arachnia propionica	0	0	0	0	0	0	40552	34959	5593	17602	12499	5103	52907	44019	8888	25183	17602	7581	3761	2240	1521	2690	1323	1367	701	381	320	479	172	307	5188	4088	1100	1753	1001	752	6073	2858	3215	2807	938	1869	7925	5016	2909	3552	1665	1887	33983	29209	4774	16870	11597	5273	714	370	344	426	139	287
Arachnia rubra	0	0	0	0	0	0	633	530	103	310	219	91	1518	1227	291	784	518	266	223	132	91	181	89	92	58	33	25	20	0	11	150	110	40	59	33	26	279	129	150	184	70	114	421	252	169	169	75	94	1252	1047	205	666	444	222	40	30	10	16	0	0
Arachnia sp013333945	0	0	0	0	0	0	2044	1740	304	975	712	263	13131	10906	2225	6864	4844	2020	3854	2205	1649	3175	1475	1700	1054	582	472	896	316	580	395	306	89	171	91	80	3264	1599	1665	1587	568	1019	3513	2239	1274	1607	743	864	11344	9767	1577	5879	4056	1823	168	109	59	107	50	57
Arachnia sp900607225	0	0	0	0	0	0	4233	3647	586	1912	1368	544	12825	10545	2280	6350	4466	1884	1850	1056	794	1360	637	723	257	133	124	185	78	107	937	727	210	283	143	140	2457	1181	1276	1193	424	769	3043	1874	1169	1276	583	693	10688	8984	1704	5431	3625	1806	383	215	168	199	80	119
Arachnia sp905372155	0	0	0	0	0	0	20001	16875	3126	8654	6027	2627	35533	29340	6193	16651	11524	5127	5038	2837	2201	3595	1630	1965	487	270	217	352	128	224	1855	1456	399	611	349	262	3725	1824	1901	1799	626	1173	4382	2688	1694	1945	907	1038	17169	14532	2637	8692	5834	2858	2196	1228	968	1124	430	694
Arenimonas maotaiensis	0	0	0	0	0	0	0	0	0	0	0	0	0	0	0	0	0	0	0	0	0	0	0	0	0	0	0	0	0	0	0	0	0	0	0	0	0	0	0	0	0	0	0	0	0	0	0	0	0	0	0	0	0	0	544	376	168	192	100	92
Aureimonas A endophytica	0	0	0	0	0	0	0	0	0	0	0	0	0	0	0	0	0	0	0	0	0	0	0	0	0	0	0	0	0	0	0	0	0	0	0	0	0	0	0	0	0	0	2371	2075	296	2420	1895	525	0	0	0	0	0	0	0	0	0	0	0	0
Azonexus agitatus	0	0	0	0	0	0	0	0	0	0	0	0	0	0	0	0	0	0	0	0	0	0	0	0	12500	11204	1296	10258	7269	2989	0	0	0	0	0	0	0	0	0	0	0	0	0	0	0	0	0	0	0	0	0	0	0	0	0	0	0	0	0	0
Azonexus aromaticus	0	0	0	0	0	0	0	0	0	0	0	0	0	0	0	0	0	0	0	0	0	0	0	0	2293	1995	298	2041	1411	630	0	0	0	0	0	0	11	0	0	0	0	0	0	0	0	0	0	0	0	0	0	0	0	0	0	0	0	0	0	0
Azonexus denitrificans	0	0	0	0	0	0	0	0	0	0	0	0	0	0	0	0	0	0	0	0	0	0	0	0	874	770	104	757	501	256	0	0	0	0	0	0	0	0	0	0	0	0	0	0	0	0	0	0	0	0	0	0	0	0	0	0	0	0	0	0
Azonexus fungiphilus	0	0	0	0	0	0	0	0	0	0	0	0	0	0	0	0	0	0	0	0	0	0	0	0	477	392	85	473	309	164	0	0	0	0	0	0	0	0	0	0	0	0	0	0	0	0	0	0	0	0	0	0	0	0	0	0	0	0	0	0
Azonexus hortensis	0	0	0	0	0	0	0	0	0	0	0	0	0	0	0	0	0	0	12	10	0	13	11	0	1917	1740	177	1666	1252	414	0	0	0	0	0	0	0	0	0	0	0	0	60	49	11	47	29	18	0	0	0	0	0	0	0	0	0	0	0	0
Azonexus hydrophilus	0	0	0	0	0	0	0	0	0	0	0	0	0	0	0	0	0	0	0	0	0	0	0	0	896	773	123	851	537	314	0	0	0	0	0	0	0	0	0	0	0	0	0	0	0	0	0	0	0	0	0	0	0	0	0	0	0	0	0	0
Azonexus sp002345845	0	0	0	0	0	0	0	0	0	0	0	0	0	0	0	0	0	0	0	0	0	0	0	0	1241	1108	133	1002	710	292	0	0	0	0	0	0	0	0	0	0	0	0	0	0	0	0	0	0	0	0	0	0	0	0	0	0	0	0	0	0
Azonexus sp002425245	0	0	0	0	0	0	0	0	0	0	0	0	0	0	0	0	0	0	0	0	0	0	0	0	626	536	90	541	370	171	0	0	0	0	0	0	0	0	0	0	0	0	0	0	0	0	0	0	0	0	0	0	0	0	0	0	0	0	0	0
Azonexus sp002440665	0	0	0	0	0	0	0	0	0	0	0	0	0	0	0	0	0	0	0	0	0	0	0	0	822	744	78	710	505	205	0	0	0	0	0	0	0	0	0	0	0	0	0	0	0	0	0	0	0	0	0	0	0	0	0	0	0	0	0	0
Azonexus sp002470165	0	0	0	0	0	0	0	0	0	0	0	0	0	0	0	0	0	0	0	0	0	0	0	0	2986	2604	382	2586	1740	846	0	0	0	0	0	0	0	0	0	0	0	0	0	0	0	0	0	0	0	0	0	0	0	0	0	0	0	0	0	0
Azonexus sp002840765	0	0	0	0	0	0	0	0	0	0	0	0	0	0	0	0	0	0	0	0	0	0	0	0	1044	894	150	960	653	307	0	0	0	0	0	0	0	0	0	0	0	0	0	0	0	0	0	0	0	0	0	0	0	0	0	0	0	0	0	0
Azonexus sp002840785	0	0	0	0	0	0	0	0	0	0	0	0	0	0	0	0	0	0	0	0	0	0	0	0	365	301	64	377	237	140	0	0	0	0	0	0	0	0	0	0	0	0	0	0	0	0	0	0	0	0	0	0	0	0	0	0	0	0	0	0
Azonexus sp002842145	0	0	0	0	0	0	0	0	0	0	0	0	0	0	0	0	0	0	0	0	0	0	0	0	1722	1495	227	1539	1032	507	0	0	0	0	0	0	0	0	0	0	0	0	0	0	0	0	0	0	0	0	0	0	0	0	0	0	0	0	0	0
Azonexus sp003441615	0	0	0	0	0	0	0	0	0	0	0	0	0	0	0	0	0	0	0	0	0	0	0	0	576	492	84	560	397	163	0	0	0	0	0	0	0	0	0	0	0	0	0	0	0	0	0	0	0	0	0	0	0	0	0	0	0	0	0	0
Azonexus sp003583745	0	0	0	0	0	0	0	0	0	0	0	0	0	0	0	0	0	0	0	0	0	0	0	0	971	824	147	894	581	313	0	0	0	0	0	0	0	0	0	0	0	0	0	0	0	0	0	0	0	0	0	0	0	0	0	0	0	0	0	0
Azonexus sp004379165	0	0	0	0	0	0	0	0	0	0	0	0	0	0	0	0	0	0	0	0	0	0	0	0	1300	1127	173	1083	728	355	0	0	0	0	0	0	0	0	0	0	0	0	0	0	0	0	0	0	0	0	0	0	0	0	0	0	0	0	0	0
Azonexus sp008711155	0	0	0	0	0	0	0	0	0	0	0	0	0	0	0	0	0	0	0	0	0	0	0	0	52316	48022	4294	39342	29460	9882	0	0	0	0	0	0	0	0	0	0	0	0	0	0	0	0	0	0	0	0	0	0	0	0	0	0	0	0	0	0
Azonexus sp009469585	0	0	0	0	0	0	0	0	0	0	0	0	0	0	0	0	0	0	0	0	0	0	0	0	1356	1190	166	1185	825	360	0	0	0	0	0	0	0	0	0	0	0	0	0	0	0	0	0	0	0	0	0	0	0	0	0	0	0	0	0	0
Azonexus sp009469615	0	0	0	0	0	0	0	0	0	0	0	0	0	0	0	0	0	0	0	0	0	0	0	0	4050	3599	451	3407	2423	984	0	0	0	0	0	0	0	0	0	0	0	0	0	0	0	0	0	0	0	0	0	0	0	0	0	0	0	0	0	0
Azonexus sp012026885	0	0	0	0	0	0	0	0	0	0	0	0	0	0	0	0	0	0	0	0	0	0	0	0	470	388	82	389	258	131	0	0	0	0	0	0	0	0	0	0	0	0	0	0	0	0	0	0	0	0	0	0	0	0	0	0	0	0	0	0
Azonexus sp013335535	0	0	0	0	0	0	0	0	0	0	0	0	0	0	0	0	0	0	0	0	0	0	0	0	1176	1026	150	1002	685	317	0	0	0	0	0	0	0	0	0	0	0	0	0	0	0	0	0	0	0	0	0	0	0	0	0	0	0	0	0	0
Azonexus sp013363835	0	0	0	0	0	0	0	0	0	0	0	0	0	0	0	0	0	0	0	0	0	0	0	0	1066	939	127	903	625	278	0	0	0	0	0	0	0	0	0	0	0	0	0	0	0	0	0	0	0	0	0	0	0	0	0	0	0	0	0	0
Azonexus sp016705475	0	0	0	0	0	0	0	0	0	0	0	0	0	0	0	0	0	0	0	0	0	0	0	0	703	625	78	624	442	182	0	0	0	0	0	0	0	0	0	0	0	0	0	0	0	0	0	0	0	0	0	0	0	0	0	0	0	0	0	0
Azonexus sp016709495	0	0	0	0	0	0	0	0	0	0	0	0	0	0	0	0	0	0	0	0	0	0	0	0	6387	5638	749	5607	3822	1785	0	0	0	0	0	0	0	0	0	0	0	0	0	0	0	0	0	0	0	0	0	0	0	0	0	0	0	0	0	0
Azonexus sp016709965	0	0	0	0	0	0	0	0	0	0	0	0	0	0	0	0	0	0	0	0	0	0	0	0	2420	2095	325	2071	1413	658	0	0	0	0	0	0	0	0	0	0	0	0	0	0	0	0	0	0	0	0	0	0	0	0	0	0	0	0	0	0
Azonexus sp016714975	0	0	0	0	0	0	0	0	0	0	0	0	0	0	0	0	0	0	0	0	0	0	0	0	403	354	49	396	258	138	0	0	0	0	0	0	0	0	0	0	0	0	0	0	0	0	0	0	0	0	0	0	0	0	0	0	0	0	0	0
Azonexus sp016721185	0	0	0	0	0	0	0	0	0	0	0	0	0	0	0	0	0	0	0	0	0	0	0	0	558	477	81	479	330	149	0	0	0	0	0	0	0	0	0	0	0	0	0	0	0	0	0	0	0	0	0	0	0	0	0	0	0	0	0	0
Azonexus sp016790815	0	0	0	0	0	0	0	0	0	0	0	0	0	0	0	0	0	0	0	0	0	0	0	0	1593	1431	162	1293	905	388	0	0	0	0	0	0	0	0	0	0	0	0	0	0	0	0	0	0	0	0	0	0	0	0	0	0	0	0	0	0
Azonexus sp016790845	0	0	0	0	0	0	0	0	0	0	0	0	0	0	0	0	0	0	0	0	0	0	0	0	418	351	67	424	289	135	0	0	0	0	0	0	0	0	0	0	0	0	0	0	0	0	0	0	0	0	0	0	0	0	0	0	0	0	0	0
Azonexus sp016790885	0	0	0	0	0	0	0	0	0	0	0	0	0	0	0	0	0	0	0	0	0	0	0	0	3364	2943	421	2816	1934	882	0	0	0	0	0	0	0	0	0	0	0	0	0	0	0	0	0	0	0	0	0	0	0	0	0	0	0	0	0	0
Azonexus sp016791065	0	0	0	0	0	0	0	0	0	0	0	0	0	0	0	0	0	0	0	0	0	0	0	0	1382	1204	178	1175	801	374	0	0	0	0	0	0	0	0	0	0	0	0	0	0	0	0	0	0	0	0	0	0	0	0	0	0	0	0	0	0
Azonexus sp016864195	0	0	0	0	0	0	0	0	0	0	0	0	0	0	0	0	0	0	0	0	0	0	0	0	683	577	106	702	451	251	0	0	0	0	0	0	0	0	0	0	0	0	0	0	0	0	0	0	0	0	0	0	0	0	0	0	0	0	0	0
Azonexus sp017983615	0	0	0	0	0	0	0	0	0	0	0	0	0	0	0	0	0	0	0	0	0	0	0	0	955	809	146	797	526	271	0	0	0	0	0	0	0	0	0	0	0	0	0	0	0	0	0	0	0	0	0	0	0	0	0	0	0	0	0	0
Azonexus sp017983755	0	0	0	0	0	0	0	0	0	0	0	0	0	0	0	0	0	0	0	0	0	0	0	0	543	467	76	485	320	165	0	0	0	0	0	0	0	0	0	0	0	0	0	0	0	0	0	0	0	0	0	0	0	0	0	0	0	0	0	0
Azonexus sp018261895	0	0	0	0	0	0	0	0	0	0	0	0	0	0	0	0	0	0	0	0	0	0	0	0	687	580	107	615	408	207	0	0	0	0	0	0	0	0	0	0	0	0	0	0	0	0	0	0	0	0	0	0	0	0	0	0	0	0	0	0
Azonexus sp018261905	0	0	0	0	0	0	0	0	0	0	0	0	0	0	0	0	0	0	0	0	0	0	0	0	656	557	99	593	393	200	0	0	0	0	0	0	0	0	0	0	0	0	0	0	0	0	0	0	0	0	0	0	0	0	0	0	0	0	0	0
Azonexus sp018780195	0	0	0	0	0	0	0	0	0	0	0	0	0	0	0	0	0	0	0	0	0	0	0	0	1160	1017	143	911	618	293	0	0	0	0	0	0	0	0	0	0	0	0	0	0	0	0	0	0	0	0	0	0	0	0	0	0	0	0	0	0
Azonexus sp018828385	0	0	0	0	0	0	0	0	0	0	0	0	0	0	0	0	0	0	0	0	0	0	0	0	1548	1377	171	1145	775	370	0	0	0	0	0	0	0	0	0	0	0	0	0	0	0	0	0	0	0	0	0	0	0	0	0	0	0	0	0	0
Azonexus sp903922075	0	0	0	0	0	0	0	0	0	0	0	0	0	0	0	0	0	0	0	0	0	0	0	0	1318	1143	175	1226	838	388	0	0	0	0	0	0	0	0	0	0	0	0	0	0	0	0	0	0	0	0	0	0	0	0	0	0	0	0	0	0
Azonexus sp903930395	0	0	0	0	0	0	0	0	0	0	0	0	0	0	0	0	0	0	0	0	0	0	0	0	765	689	76	814	532	282	0	0	0	0	0	0	0	0	0	0	0	0	0	0	0	0	0	0	0	0	0	0	0	0	0	0	0	0	0	0
Azonexus sp907163225	0	0	0	0	0	0	0	0	0	0	0	0	0	0	0	0	0	0	0	0	0	0	0	0	743	659	84	753	516	237	0	0	0	0	0	0	0	0	0	0	0	0	0	0	0	0	0	0	0	0	0	0	0	0	0	0	0	0	0	0
Azotobacter chroococcum	0	0	0	0	0	0	0	0	0	0	0	0	0	0	0	0	0	0	0	0	0	0	0	0	0	0	0	0	0	0	0	0	0	0	0	0	0	0	0	0	0	0	0	0	0	0	0	0	0	0	0	0	0	0	516	428	88	208	102	106
Bacillus O smithii	564	490	74	518	295	223	0	0	0	0	0	0	0	0	0	0	0	0	0	0	0	0	0	0	0	0	0	0	0	0	0	0	0	0	0	0	0	0	0	0	0	0	0	0	0	0	0	0	0	0	0	0	0	0	23	15	0	14	11	0
Bacteroides heparinolyticus	0	0	0	0	0	0	953	672	281	1109	735	374	830	570	260	980	641	339	0	0	0	0	0	0	0	0	0	0	0	0	0	0	0	0	0	0	0	0	0	13	0	0	0	0	0	12	0	0	0	0	0	0	0	0	0	0	0	0	0	0
Blastomonas delafieldii	0	0	0	0	0	0	0	0	0	0	0	0	0	0	0	0	0	0	0	0	0	0	0	0	9234	8107	1127	6796	4303	2493	0	0	0	0	0	0	0	0	0	0	0	0	0	0	0	0	0	0	0	0	0	0	0	0	0	0	0	0	0	0
Bordetella sp002261475	0	0	0	0	0	0	0	0	0	0	0	0	0	0	0	0	0	0	0	0	0	0	0	0	459	418	41	258	188	70	0	0	0	0	0	0	0	0	0	0	0	0	0	0	0	0	0	0	0	0	0	0	0	0	0	0	0	0	0	0
Brachymonas sp017993135	0	0	0	0	0	0	0	0	0	0	0	0	16	16	0	17	12	0	31	24	0	16	0	11	92	66	26	73	29	44	21	20	0	0	0	0	331	239	92	119	61	58	199	140	59	102	59	43	52	47	0	30	20	10	0	0	0	0	0	0
Brachymonas sp017996515	0	0	0	0	0	0	28	25	0	20	17	0	60	53	0	25	21	0	243	180	63	146	83	63	717	501	216	457	257	200	70	55	15	39	24	15	3087	2415	672	816	471	345	1859	1416	443	799	502	297	445	405	40	263	190	73	34	20	14	10	0	0
Brachymonas sp018054915	0	0	0	0	0	0	0	0	0	0	0	0	10	0	0	0	0	0	38	22	16	32	18	14	104	76	28	89	51	38	14	11	0	0	0	0	549	416	133	156	97	59	349	252	97	163	90	73	59	57	0	49	40	0	0	0	0	0	0	0
Brachyspira hampsonii	0	0	0	0	0	0	0	0	0	0	0	0	0	0	0	0	0	0	0	0	0	0	0	0	0	0	0	0	0	0	0	0	0	0	0	0	0	0	0	0	0	0	1081	905	176	1093	850	243	0	0	0	0	0	0	0	0	0	0	0	0
Bradyrhizobium japonicum	16	10	0	0	0	0	0	0	0	0	0	0	0	0	0	0	0	0	0	0	0	0	0	0	365	335	30	274	178	96	0	0	0	0	0	0	0	0	0	0	0	0	0	0	0	0	0	0	0	0	0	0	0	0	0	0	0	0	0	0
Brevundimonas mediterranea	12	10	0	31	0	22	0	0	0	0	0	0	0	0	0	0	0	0	0	0	0	0	0	0	0	0	0	0	0	0	0	0	0	0	0	0	0	0	0	0	0	0	0	0	0	0	0	0	0	0	0	0	0	0	557	365	192	221	97	124
Brooklawnia sp000413315	0	0	0	0	0	0	5993	4997	996	3448	2412	1036	21021	16861	4160	12411	8287	4124	31105	19533	11572	16433	8446	7987	24033	14606	9427	13529	5798	7731	199	177	22	49	34	15	15031	10967	4064	3627	1757	1870	16889	12678	4211	5320	2903	2417	1474	1265	209	844	580	264	1355	986	369	528	260	268
Bulleidia moorei	0	0	0	0	0	0	379	312	67	843	664	179	158	132	26	345	265	80	120	77	43	202	115	87	12	0	0	19	11	0	0	0	0	0	0	0	15	12	0	16	0	0	26	16	10	46	23	23	10	0	0	12	0	0	0	0	0	0	0	0
Bulleidia sp016812035	0	0	0	0	0	0	109	84	25	342	256	86	32	22	10	71	60	11	117	74	43	242	135	107	0	0	0	12	0	0	26	18	0	86	50	36	35	23	12	47	25	22	100	81	19	134	80	54	25	23	0	43	30	13	0	0	0	0	0	0
CAG-791 sp900625025	0	0	0	0	0	0	150	122	28	265	205	60	91	78	13	140	115	25	15	0	0	48	34	14	0	0	0	0	0	0	35	22	13	41	25	16	0	0	0	0	0	0	13	0	0	23	14	0	32	32	0	32	25	0	14	10	0	10	0	0
CAJPNN01 sp905372035	0	0	0	0	0	0	3544	2894	650	8032	6005	2027	1183	966	217	2341	1796	545	55	31	24	118	56	62	0	0	0	0	0	0	692	500	192	1444	802	642	69	43	26	81	45	36	378	257	121	567	260	307	588	495	93	1102	759	343	27	17	10	41	19	22
CAJPPJ01 sp905372515	0	0	0	0	0	0	0	0	0	46	37	0	149	122	27	704	610	94	0	0	0	49	27	22	84	45	39	275	118	157	0	0	0	0	0	0	22	15	0	47	19	28	41	25	16	117	70	47	0	0	0	0	0	0	0	0	0	0	0	0
CAJPQU01 sp905372875	0	0	0	0	0	0	3082	2666	416	2578	1906	672	764	634	130	655	466	189	10	0	0	12	0	0	0	0	0	0	0	0	112	93	19	75	44	31	29	18	11	13	0	0	279	190	89	143	83	60	838	677	161	814	506	308	88	53	35	65	29	36
CAJPQU01 sp905373705	0	0	0	0	0	0	1157	992	165	1031	803	228	469	388	81	387	299	88	13	0	0	10	0	0	0	0	0	0	0	0	51	42	0	93	44	49	24	11	13	23	0	16	78	49	29	64	25	39	119	97	22	115	63	52	92	60	32	41	21	20
CAJPSE01 sp003860125	0	0	0	0	0	0	18088	15264	2824	10547	7517	3030	5675	4734	941	3682	2617	1065	696	368	328	600	265	335	23	16	0	13	0	0	6348	4827	1521	3794	1866	1928	454	221	233	243	89	154	1360	726	634	1012	396	616	4235	3180	1055	3541	2115	1426	261	139	122	199	83	116
CAJPSE01 sp905373185	0	0	0	0	0	0	69226	58704	10522	36350	26364	9986	23754	19563	4191	13710	9711	3999	218	103	115	166	58	108	0	0	0	0	0	0	1502	1078	424	1119	486	633	615	313	302	325	116	209	1377	740	637	919	376	543	2394	1703	691	2104	1147	957	155	79	76	129	45	84
Campylobacter A rectus	0	0	0	0	0	0	2381	1858	523	2926	2052	874	1719	1303	416	2115	1488	627	35	15	20	66	19	47	18	10	0	17	0	14	26	12	14	63	20	43	239	129	110	203	81	122	236	128	108	237	111	126	66	46	20	99	62	37	11	0	0	23	12	11
Campylobacter A showae	0	0	0	0	0	0	1199	935	264	1397	953	444	4872	3748	1124	5507	3922	1585	226	93	133	377	160	217	71	30	41	103	42	61	0	0	0	10	0	0	1338	672	666	1201	469	732	1042	573	469	1122	505	617	249	168	81	334	187	147	28	14	14	33	10	23
Campylobacter A sp014253065	0	0	0	0	0	0	374	294	80	382	290	92	1666	1280	386	1954	1415	539	35	16	19	82	30	52	0	0	0	16	0	11	0	0	0	0	0	0	217	111	106	187	76	111	210	132	78	200	78	122	37	23	14	51	29	22	0	0	0	0	0	0
Campylobacter A sp905372745	0	0	0	0	0	0	186	135	51	199	142	57	897	675	222	988	682	306	34	14	20	48	23	25	0	0	0	19	0	12	0	0	0	0	0	0	128	67	61	131	62	69	112	68	44	116	43	73	29	20	0	29	17	12	0	0	0	0	0	0
Campylobacter B gracilis	0	0	0	0	0	0	937	758	179	964	700	264	686	522	164	792	552	240	22	11	11	29	12	17	0	0	0	0	0	0	16	13	0	19	0	11	334	192	142	228	91	137	297	186	111	237	114	123	101	65	36	134	70	64	95	57	38	58	20	38
Campylobacter B sp900539505	0	0	0	0	0	0	704	572	132	705	487	218	520	386	134	536	383	153	20	0	14	23	13	10	13	0	0	0	0	0	12	0	0	13	0	0	358	199	159	229	102	127	259	175	84	203	101	102	82	58	24	111	66	45	66	34	32	75	37	38
Campylobacter B sp905373215	0	0	0	0	0	0	577	445	132	669	468	201	446	337	109	497	348	149	21	0	15	15	0	0	0	0	0	0	0	0	13	0	0	0	0	0	227	134	93	153	68	85	210	143	67	158	82	76	57	37	20	80	44	36	37	16	21	44	18	26
Campylobacter B sp905373295	0	0	0	0	0	0	592	485	107	615	426	189	454	346	108	469	323	146	12	0	0	15	0	10	0	0	0	0	0	0	14	0	0	10	0	0	260	158	102	182	77	105	247	163	84	194	96	98	57	38	19	71	31	40	61	37	24	45	14	31
Capnocytophaga bilenii	0	0	0	0	0	0	14	10	0	36	26	10	712	538	174	1243	899	344	0	0	0	0	0	0	0	0	0	15	0	0	0	0	0	0	0	0	70	42	28	120	54	66	49	28	21	103	49	54	0	0	0	19	10	0	0	0	0	0	0	0
Capnocytophaga endodontalis	0	0	0	0	0	0	208	162	46	379	256	123	1319	963	356	2418	1725	693	16	0	0	34	14	20	20	0	12	28	12	16	0	0	0	0	0	0	585	295	290	907	388	519	288	170	118	494	225	269	94	63	31	193	112	81	0	0	0	0	0	0
Capnocytophaga gingivalis	0	0	0	0	0	0	72	57	15	129	96	33	1811	1341	470	2912	2082	830	34	15	19	63	34	29	69	31	38	100	36	64	0	0	0	0	0	0	484	302	182	698	343	355	365	214	151	634	297	337	82	72	10	164	107	57	12	10	0	0	0	0
Capnocytophaga granulosa	0	0	0	0	0	0	199	159	40	339	222	117	4987	3739	1248	7479	5265	2214	0	0	0	10	0	0	0	0	0	0	0	0	0	0	0	0	0	0	97	46	51	163	72	91	97	62	35	184	98	86	18	16	0	43	29	14	0	0	0	0	0	0
Capnocytophaga leadbetteri	0	0	0	0	0	0	88	69	19	187	141	46	1225	944	281	1954	1440	514	28	16	12	70	31	39	34	19	15	61	27	34	0	0	0	0	0	0	495	258	237	765	330	435	174	118	56	300	141	159	45	31	14	74	48	26	11	0	0	0	0	0
Capnocytophaga ochracea	0	0	0	0	0	0	1102	884	218	2265	1642	623	2602	1932	670	4799	3429	1370	58	30	28	104	38	66	14	0	0	26	13	13	29	20	0	38	17	21	634	329	305	1034	416	618	369	206	163	669	299	370	271	177	94	608	331	277	37	21	16	71	26	45
Capnocytophaga sp000192225	0	0	0	0	0	0	68	53	15	95	68	27	187	146	41	400	292	108	0	0	0	10	0	0	14	0	10	11	0	0	0	0	0	0	0	0	65	40	25	110	56	54	39	23	16	71	28	43	18	18	0	43	31	12	0	0	0	0	0	0
Capnocytophaga sp000466425	0	0	0	0	0	0	24	20	0	50	34	16	772	573	199	1162	813	349	0	0	0	10	0	0	13	0	0	0	0	0	0	0	0	0	0	0	73	43	30	115	50	65	67	37	30	111	62	49	17	13	0	30	23	0	0	0	0	0	0	0
Capnocytophaga sp002999135	0	0	0	0	0	0	27	22	0	38	25	13	228	174	54	380	264	116	32	16	16	80	35	45	56	29	27	98	25	73	0	0	0	0	0	0	900	474	426	1440	603	837	213	125	88	368	156	212	33	28	0	73	48	25	0	0	0	0	0	0
Capnocytophaga sp905372595	0	0	0	0	0	0	0	0	0	0	0	0	351	268	83	595	419	176	0	0	0	14	0	0	15	0	0	18	13	0	0	0	0	0	0	0	80	37	43	140	66	74	37	21	16	87	43	44	13	12	0	22	15	0	0	0	0	0	0	0
Capnocytophaga sputigena	0	0	0	0	0	0	138	107	31	280	191	89	1855	1348	507	3137	2237	900	33	14	19	71	35	36	38	18	20	77	33	44	0	0	0	0	0	0	1087	559	528	1764	742	1022	526	309	217	999	446	553	167	116	51	328	193	135	10	0	0	0	0	0
Cardiobacterium hominis	0	0	0	0	0	0	145	117	28	113	82	31	4615	3639	976	3086	2126	960	23	0	14	25	10	15	20	10	10	0	0	0	0	0	0	0	0	0	213	114	99	120	37	83	127	72	55	73	40	33	31	23	0	23	12	11	15	10	0	0	0	0
Cardiobacterium valvarum	0	0	0	0	0	0	973	799	174	636	464	172	14128	11437	2691	9673	6896	2777	453	262	191	344	176	168	194	122	72	140	54	86	58	51	0	35	13	22	2782	1606	1176	1302	581	721	1297	822	475	858	384	474	466	367	99	392	218	174	94	44	50	76	23	53
Catonella massiliensis	0	0	0	0	0	0	99	84	15	249	203	46	80	65	15	190	146	44	0	0	0	43	20	23	0	0	0	0	0	0	0	0	0	0	0	0	16	0	0	16	0	10	24	17	0	25	13	12	14	13	0	33	23	10	25	14	11	40	27	13
Catonella morbi	0	0	0	0	0	0	1213	963	250	2811	2021	790	2550	1912	638	4900	3543	1357	34	22	12	93	48	45	0	0	0	0	0	0	17	15	0	27	18	0	129	79	50	216	102	114	120	79	41	191	93	98	35	29	0	95	66	29	33	24	0	41	19	22
Cellulomonas hominis	0	0	0	0	0	0	0	0	0	0	0	0	11	0	0	0	0	0	0	0	0	0	0	0	28040	25581	2459	13235	8625	4610	71	41	30	37	20	17	0	0	0	0	0	0	13	0	0	0	0	0	15	10	0	0	0	0	13	10	0	0	0	0
Cellulomonas sp003696205	0	0	0	0	0	0	0	0	0	0	0	0	0	0	0	0	0	0	0	0	0	0	0	0	583	506	77	404	256	148	36	28	0	0	0	0	0	0	0	0	0	0	0	0	0	0	0	0	0	0	0	0	0	0	0	0	0	0	0	0
Cellulomonas sp008033115	0	0	0	0	0	0	0	0	0	0	0	0	0	0	0	0	0	0	0	0	0	0	0	0	542	492	50	300	191	109	0	0	0	0	0	0	0	0	0	0	0	0	0	0	0	0	0	0	0	0	0	0	0	0	0	0	0	0	0	0
Cellulomonas sp011603975	0	0	0	0	0	0	0	0	0	0	0	0	0	0	0	0	0	0	0	0	0	0	0	0	395	331	64	241	154	87	0	0	0	0	0	0	0	0	0	0	0	0	0	0	0	0	0	0	0	0	0	0	0	0	0	0	0	0	0	0
Cellulomonas sp014763765	0	0	0	0	0	0	0	0	0	0	0	0	0	0	0	0	0	0	0	0	0	0	0	0	3467	3088	379	1941	1140	801	17	14	0	0	0	0	0	0	0	0	0	0	0	0	0	0	0	0	0	0	0	0	0	0	0	0	0	0	0	0
Centipeda infelix	0	0	0	0	0	0	650	557	93	499	346	153	516	414	102	388	280	108	0	0	0	0	0	0	0	0	0	0	0	0	0	0	0	0	0	0	13	0	0	10	0	0	22	11	11	13	0	0	12	0	0	20	11	0	0	0	0	0	0	0
Centipeda massiliensis	0	0	0	0	0	0	547	457	90	394	285	109	437	341	96	354	237	117	0	0	0	0	0	0	0	0	0	0	0	0	0	0	0	0	0	0	0	0	0	0	0	0	10	0	0	12	0	0	15	13	0	13	12	0	0	0	0	0	0	0
Centipeda noxia	0	0	0	0	0	0	1301	1036	265	1097	754	343	1702	1304	398	1415	928	487	12	0	0	13	0	0	0	0	0	0	0	0	0	0	0	0	0	0	24	16	0	11	0	0	51	30	21	37	17	20	69	52	17	87	49	38	45	29	16	46	19	27
Centipeda periodontii	0	0	0	0	0	0	1222	1013	209	920	652	268	660	540	120	546	383	163	0	0	0	0	0	0	0	0	0	0	0	0	0	0	0	0	0	0	14	0	0	0	0	0	0	0	0	11	0	0	11	0	0	0	0	0	0	0	0	0	0	0
Centipeda sp000286455	0	0	0	0	0	0	201	160	41	182	126	56	147	118	29	130	89	41	0	0	0	0	0	0	0	0	0	0	0	0	0	0	0	0	0	0	0	0	0	0	0	0	13	0	0	0	0	0	0	0	0	0	0	0	0	0	0	0	0	0
Centipeda sp000468035	0	0	0	0	0	0	1030	846	184	895	636	259	2837	2279	558	2277	1552	725	0	0	0	0	0	0	0	0	0	0	0	0	0	0	0	0	0	0	27	14	13	14	0	0	50	33	17	37	19	18	30	24	0	36	16	20	18	12	0	12	0	0
Centipeda sp001683335	0	0	0	0	0	0	556	458	98	402	277	125	196	161	35	181	127	54	0	0	0	0	0	0	0	0	0	0	0	0	0	0	0	0	0	0	11	0	0	0	0	0	13	0	0	0	0	0	0	0	0	12	0	0	0	0	0	0	0	0
Centipeda sp001717585	0	0	0	0	0	0	1786	1476	310	1404	952	452	482	386	96	394	274	120	0	0	0	0	0	0	0	0	0	0	0	0	0	0	0	0	0	0	10	0	0	0	0	0	12	0	0	15	0	0	13	11	0	19	13	0	0	0	0	0	0	0
Centipeda sp905372865	0	0	0	0	0	0	345	288	57	278	200	78	1129	896	233	818	569	249	0	0	0	0	0	0	0	0	0	0	0	0	0	0	0	0	0	0	13	0	0	0	0	0	11	0	0	0	0	0	0	0	0	0	0	0	0	0	0	0	0	0
Chlorobium sp016866305	0	0	0	0	0	0	0	0	0	0	0	0	148	130	18	136	119	17	0	0	0	0	0	0	0	0	0	0	0	0	0	0	0	0	0	0	18	12	0	16	0	11	90	70	20	69	45	24	201	171	30	234	170	64	0	0	0	0	0	0
Cloacibacterium caeni	0	0	0	0	0	0	0	0	0	0	0	0	0	0	0	0	0	0	0	0	0	0	0	0	0	0	0	0	0	0	0	0	0	23	15	0	0	0	0	0	0	0	0	0	0	10	0	0	0	0	0	0	0	0	919	755	164	1075	613	462
Cloacibacterium normanense	0	0	0	0	0	0	0	0	0	0	0	0	0	0	0	0	0	0	0	0	0	0	0	0	0	0	0	0	0	0	0	0	0	0	0	0	0	0	0	0	0	0	0	0	0	0	0	0	0	0	0	0	0	0	433	346	87	517	308	209
Cloacibacterium sp002422665	0	0	0	0	0	0	0	0	0	0	0	0	0	0	0	0	0	0	0	0	0	0	0	0	0	0	0	0	0	0	0	0	0	0	0	0	0	0	0	0	0	0	0	0	0	0	0	0	0	0	0	0	0	0	721	568	153	810	464	346
Clostridium A leptum	0	0	0	0	0	0	0	0	0	0	0	0	0	0	0	0	0	0	14	11	0	0	0	0	298	266	32	166	108	58	33	29	0	0	0	0	39	34	0	0	0	0	20	19	0	17	0	10	0	0	0	0	0	0	86	63	23	29	11	18
Comamonas antarcticus	0	0	0	0	0	0	0	0	0	0	0	0	0	0	0	0	0	0	0	0	0	0	0	0	20	17	0	13	10	0	0	0	0	0	0	0	15	10	0	0	0	0	10	0	0	0	0	0	1035	998	37	554	451	103	0	0	0	0	0	0
Comamonas jiangduensis	0	0	0	0	0	0	0	0	0	0	0	0	0	0	0	0	0	0	0	0	0	0	0	0	0	0	0	0	0	0	0	0	0	0	0	0	15	13	0	0	0	0	0	0	0	0	0	0	0	0	0	0	0	0	954	716	238	399	183	216
Corynebacterium accolens	11	0	0	12	0	0	0	0	0	0	0	0	0	0	0	0	0	0	22	22	0	17	14	0	308	281	27	179	121	58	11	11	0	0	0	0	80	78	0	0	0	0	65	54	11	19	13	0	0	0	0	0	0	0	93	78	15	24	16	0
Corynebacterium durum	12	12	0	16	0	12	0	0	0	0	0	0	200	149	51	212	142	70	470	330	140	265	148	117	93	77	16	45	27	18	10	0	0	0	0	0	871	562	309	502	206	296	3800	2856	944	1514	855	659	2069	1905	164	1156	850	306	30	23	0	11	0	0
Corynebacterium kefirresidentii	11	0	0	0	0	0	0	0	0	0	0	0	0	0	0	0	0	0	53	49	0	29	24	0	1099	1022	77	645	481	164	34	34	0	13	0	0	180	169	11	16	11	0	151	138	13	44	30	14	34	31	0	20	17	0	150	122	28	67	35	32
Corynebacterium kroppenstedtii	0	0	0	0	0	0	0	0	0	0	0	0	0	0	0	0	0	0	0	0	0	0	0	0	66	61	0	62	47	15	31	29	0	13	0	0	273	251	22	38	22	16	490	407	83	190	126	64	0	0	0	0	0	0	132	98	34	77	49	28
Corynebacterium matruchotii	0	0	0	10	0	0	2123	1658	465	1733	1202	531	14784	11204	3580	13198	9154	4044	145	61	84	184	68	116	141	122	19	57	34	23	0	0	0	0	0	0	4953	2591	2362	3444	1428	2016	702	392	310	680	270	410	202	111	91	216	90	126	62	47	15	35	18	17
Corynebacterium vitaeruminis	0	0	0	0	0	0	0	0	0	0	0	0	0	0	0	0	0	0	0	0	0	0	0	0	0	0	0	0	0	0	28	21	0	0	0	0	0	0	0	0	0	0	10	0	0	0	0	0	0	0	0	0	0	0	775	508	267	400	166	234
Cupriavidus basilensis	0	0	0	0	0	0	0	0	0	0	0	0	0	0	0	0	0	0	0	0	0	0	0	0	14028	12365	1663	9301	6134	3167	0	0	0	11	0	0	12	12	0	0	0	0	0	0	0	0	0	0	0	0	0	0	0	0	0	0	0	0	0	0
Cutibacterium granulosum	13	11	0	25	0	19	0	0	0	0	0	0	0	0	0	0	0	0	165	147	18	66	46	20	2189	2024	165	870	628	242	263	248	15	37	27	10	554	510	44	74	47	27	483	398	85	173	99	74	107	101	0	57	42	15	435	331	104	177	93	84
Cutibacterium modestum	0	0	0	0	0	0	0	0	0	0	0	0	0	0	0	0	0	0	19	18	0	13	11	0	363	333	30	228	156	72	29	24	0	15	0	0	385	353	32	37	25	12	285	252	33	91	58	33	18	17	0	0	0	0	291	219	72	139	75	64
Cutibacterium namnetense	17	15	0	10	0	0	0	0	0	0	0	0	0	0	0	0	0	0	31	25	0	32	23	0	910	807	103	554	366	188	134	128	0	13	10	0	632	569	63	78	50	28	417	367	50	177	109	68	64	61	0	41	30	11	656	504	152	253	126	127
DUUL01 sp012841575	0	0	0	0	0	0	50	47	0	96	78	18	12	11	0	29	28	0	52	40	12	54	42	12	0	0	0	0	0	0	91	79	12	82	55	27	18	13	0	12	0	0	55	40	15	35	20	15	27	23	0	48	44	0	4871	3956	915	3836	2617	1219
Desulfobulbus oralis	0	0	0	0	0	0	46175	37999	8176	29651	20232	9419	31595	27241	4354	18735	13491	5244	69589	41258	28331	52858	26577	26281	10014	5971	4043	7237	2995	4242	26910	20721	6189	14038	7484	6554	18017	11169	6848	6978	3036	3942	41545	25446	16099	23460	10789	12671	93692	78686	15006	60958	40858	20100	45052	24338	20714	32547	12292	20255
Desulfomicrobium orale	0	0	0	0	0	0	165281	133029	32252	101791	69613	32178	11911	9014	2897	8447	5543	2904	1622	776	846	1438	576	862	95	43	52	89	20	69	3932	2816	1116	2580	1222	1358	5869	3161	2708	2806	1043	1763	10103	5993	4110	5797	2539	3258	954	605	349	842	394	448	92	51	41	80	24	56
Desulfovibrio sp000403945	0	0	0	0	0	0	133	107	26	105	73	32	84	72	12	59	43	16	150	79	71	127	68	59	25	11	14	14	0	0	82	69	13	40	19	21	42	20	22	23	11	12	90	52	38	75	34	41	232	195	37	133	89	44	115	71	44	84	30	54
Desulfovibrio sp003860215	0	0	0	0	0	0	1569	1261	308	966	669	297	2845	2193	652	1791	1146	645	0	0	0	0	0	0	0	0	0	0	0	0	0	0	0	11	0	0	50	32	18	18	0	11	21	13	0	20	11	0	0	0	0	0	0	0	0	0	0	0	0	0
Dialister invisus	13	12	0	0	0	0	1384	1170	214	2277	1754	523	306	273	33	376	310	66	0	0	0	0	0	0	19	19	0	11	0	0	0	0	0	22	14	0	0	0	0	11	0	0	20	16	0	17	0	0	64	59	0	87	71	16	0	0	0	0	0	0
Eggerthia catenaformis	0	0	0	0	0	0	425	356	69	970	736	234	216	177	39	501	383	118	39	24	15	76	30	46	0	0	0	0	0	0	10	0	0	73	44	29	0	0	0	16	0	0	25	19	0	39	20	19	24	20	0	44	29	15	20	12	0	18	11	0
Eikenella corrodens	0	0	0	0	0	0	309	258	51	218	155	63	3106	2490	616	2398	1707	691	61	32	29	46	22	24	156	91	65	138	63	75	0	0	0	0	0	0	2685	1676	1009	1257	601	656	2390	1502	888	1537	725	812	164	136	28	166	106	60	0	0	0	0	0	0
Eikenella exigua	0	0	0	0	0	0	153	118	35	120	91	29	557	438	119	430	312	118	40	14	26	31	16	15	70	44	26	76	28	48	0	0	0	20	0	12	1024	643	381	445	191	254	910	575	335	590	282	308	95	77	18	70	35	35	0	0	0	0	0	0
Eikenella halliae	0	0	0	0	0	0	62	50	12	38	30	0	757	595	162	505	364	141	0	0	0	17	0	0	33	17	16	31	12	19	0	0	0	0	0	0	548	310	238	203	92	111	438	268	170	295	144	151	46	38	0	38	23	15	0	0	0	0	0	0
Eikenella longinqua	0	0	0	0	0	0	404	316	88	304	207	97	118	100	18	89	59	30	13	0	0	12	0	0	15	0	0	0	0	0	0	0	0	0	0	0	151	87	64	55	22	33	144	94	50	67	31	36	18	13	0	15	12	0	0	0	0	0	0	0
Ensifer sp002002725	0	0	0	0	0	0	0	0	0	0	0	0	0	0	0	0	0	0	0	0	0	0	0	0	0	0	0	0	0	0	0	0	0	0	0	0	0	0	0	0	0	0	0	0	0	0	0	0	0	0	0	0	0	0	483	338	145	206	82	124
Enterobacter hormaechei	0	0	0	0	0	0	0	0	0	0	0	0	0	0	0	0	0	0	0	0	0	0	0	0	10	10	0	0	0	0	0	0	0	0	0	0	410	379	31	55	42	13	0	0	0	0	0	0	178	175	0	141	119	22	0	0	0	0	0	0
Epilithonimonas hispanica	0	0	0	0	0	0	0	0	0	0	0	0	0	0	0	0	0	0	0	0	0	0	0	0	15	13	0	21	14	0	0	0	0	11	0	0	0	0	0	12	0	0	14	13	0	12	10	0	568	556	12	1480	1364	116	11	0	0	15	0	0
Erysipelothrix rhusiopathiae	0	0	0	0	0	0	0	0	0	0	0	0	0	0	0	0	0	0	0	0	0	0	0	0	0	0	0	0	0	0	0	0	0	0	0	0	0	0	0	0	0	0	0	0	0	1012	953	59	0	0	0	0	0	0	0	0	0	0	0	0
Eubacterium B infirmum	0	0	0	0	0	0	148	131	17	285	228	57	47	42	0	111	81	30	67	35	32	97	47	50	12	0	0	22	0	18	16	0	0	30	16	14	49	28	21	64	35	29	73	53	20	92	57	35	94	76	18	225	150	75	39	30	0	54	24	30
Eubacterium B sulci	0	0	0	0	0	0	70	57	13	143	115	28	12	12	0	23	21	0	35	24	11	83	49	34	0	0	0	10	0	0	0	0	0	0	0	0	29	23	0	34	14	20	42	35	0	60	33	27	33	20	13	66	52	14	26	17	0	21	12	0
Eubacterium M brachy	0	0	0	0	0	0	355	260	95	815	538	277	94	67	27	233	173	60	17	12	0	37	25	12	10	10	0	0	0	0	0	0	0	33	26	0	17	15	0	33	16	17	26	21	0	52	35	17	19	16	0	28	19	0	18	13	0	22	16	0
Eubacterium N saphenum	0	0	0	0	0	0	2093	1819	274	4390	3628	762	448	367	81	864	666	198	0	0	0	0	0	0	0	0	0	0	0	0	178	119	59	304	147	157	0	0	0	15	0	0	51	41	10	92	53	39	20	18	0	32	22	10	0	0	0	0	0	0
Exiguobacterium A acetylicum	0	0	0	0	0	0	0	0	0	0	0	0	0	0	0	0	0	0	0	0	0	0	0	0	0	0	0	0	0	0	0	0	0	0	0	0	0	0	0	0	0	0	0	0	0	0	0	0	0	0	0	0	0	0	736	534	202	573	249	324
Exiguobacterium A undae	0	0	0	0	0	0	0	0	0	0	0	0	0	0	0	0	0	0	0	0	0	0	0	0	0	0	0	0	0	0	0	0	0	0	0	0	0	0	0	0	0	0	0	0	0	0	0	0	0	0	0	0	0	0	1314	974	340	800	417	383
Exiguobacterium chiriqhucha	0	0	0	0	0	0	0	0	0	0	0	0	0	0	0	0	0	0	0	0	0	0	0	0	0	0	0	0	0	0	0	0	0	0	0	0	0	0	0	0	0	0	0	0	0	0	0	0	0	0	0	0	0	0	1437	1058	379	922	397	525
F0058 sp000163695	0	0	0	0	0	0	13155	10642	2513	21069	15346	5723	12187	9515	2672	17870	13083	4787	431	189	242	788	300	488	23	12	11	56	16	40	64	35	29	127	55	72	1352	667	685	1846	744	1102	1057	596	461	1582	654	928	1884	1349	535	3646	2038	1608	298	162	136	382	146	236
F0058 sp905372135	0	0	0	0	0	0	5873	4669	1204	8621	6181	2440	8662	6989	1673	11818	8845	2973	171	71	100	315	130	185	0	0	0	14	0	12	20	0	11	78	32	46	606	333	273	639	272	367	514	283	231	803	331	472	359	230	129	583	311	272	53	26	27	43	19	24
F0058 sp905372605	0	0	0	0	0	0	1477	1196	281	2354	1739	615	3408	2718	690	4729	3541	1188	34	15	19	62	24	38	0	0	0	0	0	0	0	0	0	14	0	0	113	61	52	106	49	57	99	61	38	146	58	88	40	28	12	93	47	46	10	0	0	16	0	0
Fictibacillus barbaricus	4584	4039	545	7414	5042	2372	0	0	0	0	0	0	0	0	0	0	0	0	0	0	0	0	0	0	0	0	0	0	0	0	0	0	0	0	0	0	105	92	13	131	112	19	0	0	0	0	0	0	0	0	0	0	0	0	0	0	0	0	0	0
Filifactor alocis	0	0	0	0	0	0	1291	986	305	2882	2113	769	844	662	182	1720	1310	410	34	24	10	71	34	37	0	0	0	13	0	10	44	16	28	92	39	53	67	32	35	109	48	61	209	139	70	407	196	211	46	33	13	91	60	31	32	26	0	39	20	19
Flavobacterium cheniae	0	0	0	0	0	0	0	0	0	0	0	0	0	0	0	0	0	0	0	0	0	0	0	0	0	0	0	0	0	0	0	0	0	0	0	0	0	0	0	0	0	0	0	0	0	0	0	0	0	0	0	0	0	0	361	289	72	503	287	216
Flavobacterium sp003497625	0	0	0	0	0	0	0	0	0	0	0	0	0	0	0	0	0	0	0	0	0	0	0	0	0	0	0	0	0	0	0	0	0	0	0	0	0	0	0	0	0	0	0	0	0	0	0	0	0	0	0	0	0	0	648	513	135	788	427	361
Flexilinea sp001717545	0	0	0	0	0	0	120785	108654	12131	100772	79715	21057	60982	53773	7209	47126	36577	10549	5486	3632	1854	5247	3068	2179	389	241	148	294	144	150	188092	145874	42218	119744	64879	54865	1353	860	493	670	309	361	28626	19507	9119	16480	8508	7972	56524	50444	6080	37138	27619	9519	29906	17963	11943	20176	8339	11837
Fretibacterium fastidiosum	0	0	0	0	0	0	17447	14887	2560	9625	7060	2565	7746	6453	1293	4576	3260	1316	105	58	47	86	35	51	0	0	0	0	0	0	363	236	127	297	127	170	337	163	174	157	66	91	905	492	413	609	255	354	955	678	277	805	434	371	112	53	59	63	17	46
Fusobacterium animalis	0	0	0	0	0	0	82	60	22	367	266	101	62	44	18	181	121	60	0	0	0	13	0	0	0	0	0	15	0	0	0	0	0	0	0	0	123	71	52	356	166	190	57	33	24	169	83	86	0	0	0	40	21	19	0	0	0	0	0	0
Fusobacterium canifelinum	0	0	0	0	0	0	90	66	24	346	247	99	117	86	31	449	327	122	14	0	0	51	21	30	16	0	10	62	25	37	0	0	0	18	0	0	504	283	221	1539	747	792	280	173	107	919	474	445	31	18	13	129	83	46	0	0	0	0	0	0
Fusobacterium hwasookii	0	0	0	0	0	0	39	26	13	209	152	57	315	224	91	980	694	286	40	19	21	109	47	62	75	43	32	198	77	121	0	0	0	0	0	0	1882	1077	805	4975	2345	2630	527	311	216	1592	786	806	59	40	19	269	148	121	0	0	0	0	0	0
Fusobacterium nucleatum	0	0	0	0	0	0	318	223	95	1400	968	432	493	345	148	1651	1125	526	23	0	14	77	43	34	27	14	13	79	33	46	0	0	0	59	30	29	865	494	371	2272	1124	1148	369	203	166	1254	612	642	55	35	20	216	111	105	0	0	0	30	17	13
Fusobacterium periodonticum	0	0	0	0	0	0	29	19	10	156	116	40	59	41	18	188	137	51	0	0	0	53	21	32	13	0	0	44	22	22	0	0	0	0	0	0	619	350	269	1635	814	821	194	126	68	507	253	254	13	0	0	66	36	30	0	0	0	0	0	0
Fusobacterium polymorphum	0	0	0	0	0	0	115	87	28	431	312	119	241	172	69	723	519	204	20	10	10	42	22	20	13	10	0	26	11	15	35	26	0	114	76	38	284	161	123	828	390	438	141	89	52	442	238	204	11	0	0	75	46	29	0	0	0	16	0	0
Fusobacterium sp000235465	0	0	0	0	0	0	31	24	0	86	61	25	25	19	0	66	50	16	0	0	0	21	10	11	0	0	0	16	0	0	0	0	0	0	0	0	248	157	91	638	316	322	80	54	26	212	96	116	0	0	0	29	18	11	0	0	0	0	0	0
Fusobacterium vincentii	0	0	0	0	0	0	49	32	17	184	127	57	51	35	16	171	120	51	0	0	0	16	0	0	20	17	0	16	0	0	0	0	0	0	0	0	134	79	55	381	183	198	61	37	24	201	106	95	0	0	0	35	20	15	0	0	0	0	0	0
GN02-872 sp003260325	0	0	0	0	0	0	0	0	0	11	0	0	871	675	196	2721	2058	663	0	0	0	24	0	15	0	0	0	0	0	0	0	0	0	0	0	0	18	14	0	42	17	25	0	0	0	11	0	0	0	0	0	0	0	0	0	0	0	0	0	0
GN02-873 sp003260345	0	0	0	0	0	0	0	0	0	0	0	0	276	215	61	423	337	86	0	0	0	0	0	0	0	0	0	0	0	0	0	0	0	0	0	0	0	0	0	0	0	0	0	0	0	0	0	0	0	0	0	0	0	0	0	0	0	0	0	0
Gemella cuniculi	0	0	0	0	0	0	0	0	0	27	20	0	0	0	0	18	14	0	27	18	0	70	41	29	0	0	0	0	0	0	10	10	0	24	10	14	23	11	12	66	32	34	87	58	29	209	107	102	40	34	0	107	87	20	0	0	0	0	0	0
Gemella morbillorum	0	0	0	16	10	0	67	55	12	237	170	67	1464	1204	260	4283	3454	829	532	336	196	1634	988	646	17	14	0	39	18	21	0	0	0	24	17	0	1354	804	550	2977	1465	1512	4094	3095	999	8090	4786	3304	1104	1013	91	2881	2361	520	26	21	0	34	25	0
Gemmobacter sp003509785	0	0	0	0	0	0	0	0	0	0	0	0	0	0	0	0	0	0	0	0	0	0	0	0	0	0	0	0	0	0	0	0	0	0	0	0	0	0	0	0	0	0	0	0	0	0	0	0	0	0	0	0	0	0	1288	906	382	491	233	258
Granulicatella adiacens	0	0	0	0	0	0	12	10	0	26	21	0	263	214	49	533	406	127	27	16	11	75	40	35	13	0	0	17	12	0	0	0	0	0	0	0	108	62	46	169	71	98	41	33	0	81	47	34	64	53	11	154	106	48	0	0	0	16	10	0
Granulicatella sp905371865	0	0	0	0	0	0	12	0	0	12	11	0	165	135	30	289	210	79	24	12	12	47	30	17	0	0	0	10	0	0	0	0	0	0	0	0	59	32	27	107	58	49	20	13	0	38	13	25	36	29	0	62	42	20	0	0	0	0	0	0
H1 sp001653155	0	0	0	0	0	0	909	763	146	1260	956	304	1451	1160	291	2000	1536	464	308	170	138	561	243	318	0	0	0	0	0	0	212	183	29	270	153	117	829	424	405	869	367	502	324	209	115	465	211	254	655	497	158	1054	670	384	206	126	80	196	79	117
HOT-345 sp003260355	0	0	0	0	0	0	117	100	17	240	192	48	615	513	102	1176	914	262	33	18	15	92	52	40	0	0	0	12	0	0	0	0	0	0	0	0	36	25	11	43	15	28	53	34	19	96	55	41	10	0	0	30	21	0	0	0	0	10	0	0
HOT-345 sp013333605	0	0	0	0	0	0	0	0	0	24	18	0	385	316	69	838	663	175	0	0	0	12	0	0	18	0	10	37	0	31	0	0	0	0	0	0	99	65	34	170	72	98	59	41	18	111	47	64	0	0	0	10	0	0	0	0	0	0	0	0
Hornefia minuta	0	0	0	0	0	0	39396	33202	6194	52572	39239	13333	11500	9012	2488	15336	10932	4404	1695	941	754	2489	1313	1176	87	46	41	105	43	62	23605	17645	5960	26733	14275	12458	1270	604	666	1390	547	843	5476	3356	2120	6129	2705	3424	15305	12970	2335	19585	13788	5797	13450	7580	5870	14861	5900	8961
Hornefia nodata	0	0	0	0	0	0	388	308	80	952	734	218	186	154	32	464	374	90	43	27	16	95	61	34	0	0	0	14	0	0	194	124	70	458	223	235	19	14	0	42	14	28	101	73	28	134	68	66	113	89	24	234	163	71	52	38	14	54	29	25
Ideonella sp016710065	0	0	0	0	0	0	0	0	0	0	0	0	0	0	0	0	0	0	0	0	0	0	0	0	432	391	41	303	204	99	0	0	0	0	0	0	10	0	0	0	0	0	0	0	0	0	0	0	0	0	0	0	0	0	0	0	0	0	0	0
Ideonella sp018780145	0	0	0	0	0	0	0	0	0	0	0	0	0	0	0	0	0	0	0	0	0	0	0	0	3619	3344	275	2130	1541	589	0	0	0	0	0	0	0	0	0	0	0	0	0	0	0	0	0	0	0	0	0	0	0	0	0	0	0	0	0	0
Inhella sp017302655	0	0	0	0	0	0	0	0	0	0	0	0	0	0	0	0	0	0	0	0	0	0	0	0	713	619	94	478	298	180	0	0	0	0	0	0	10	0	0	0	0	0	0	0	0	0	0	0	0	0	0	0	0	0	0	0	0	0	0	0
JAAYOR01 sp012520235	0	0	0	0	0	0	289	238	51	193	137	56	95	77	18	79	57	22	0	0	0	0	0	0	0	0	0	0	0	0	16	15	0	14	0	0	0	0	0	0	0	0	15	0	0	0	0	0	0	0	0	22	10	12	0	0	0	0	0	0
JABCPE02 sp013333255	0	0	0	0	0	0	17	13	0	37	31	0	350	296	54	681	555	126	163	93	70	366	211	155	2380	1531	849	3252	1626	1626	0	0	0	0	0	0	2192	1493	699	2755	1505	1250	330	222	108	559	312	247	813	728	85	1421	1146	275	0	0	0	10	0	0
JABCPE02 sp013333875	0	0	0	0	0	0	23	17	0	43	31	12	371	307	64	765	628	137	213	130	83	450	243	207	3217	2061	1156	4612	2268	2344	0	0	0	16	12	0	3245	2169	1076	4041	2147	1894	515	354	161	748	359	389	1153	1061	92	2059	1678	381	0	0	0	0	0	0
JACPAU01 sp016180705	0	0	0	0	0	0	25	20	0	13	0	0	0	0	0	0	0	0	0	0	0	0	0	0	225	201	24	132	96	36	85	85	0	0	0	0	0	0	0	0	0	0	0	0	0	0	0	0	118	105	13	77	62	15	0	0	0	0	0	0
JACPRY01 sp016193565	0	0	0	0	0	0	0	0	0	0	0	0	0	0	0	0	0	0	0	0	0	0	0	0	839	751	88	475	330	145	24	24	0	0	0	0	0	0	0	0	0	0	0	0	0	0	0	0	0	0	0	0	0	0	0	0	0	0	0	0
Janibacter hoylei	0	0	0	0	0	0	0	0	0	0	0	0	0	0	0	0	0	0	11	10	0	0	0	0	37	33	0	11	0	0	16	15	0	0	0	0	505	457	48	21	14	0	64	58	0	0	0	0	0	0	0	0	0	0	0	0	0	0	0	0
Janthinobacterium psychrotolerans	0	0	0	0	0	0	0	0	0	0	0	0	0	0	0	0	0	0	0	0	0	0	0	0	0	0	0	0	0	0	0	0	0	0	0	0	0	0	0	0	0	0	0	0	0	0	0	0	1267	1222	45	566	465	101	14	0	0	0	0	0
Janthinobacterium sp002250505	0	0	0	0	0	0	0	0	0	0	0	0	0	0	0	0	0	0	0	0	0	0	0	0	0	0	0	0	0	0	0	0	0	0	0	0	0	0	0	0	0	0	0	0	0	0	0	0	663	641	22	322	275	47	0	0	0	0	0	0
Janthinobacterium sp002878455	0	0	0	0	0	0	0	0	0	0	0	0	0	0	0	0	0	0	0	0	0	0	0	0	34	17	17	35	25	10	0	0	0	0	0	0	0	0	0	0	0	0	0	0	0	0	0	0	2369	2270	99	913	737	176	25	20	0	0	0	0
Johnsonella ignava	0	0	0	0	0	0	2832	2425	407	9382	7523	1859	4027	3246	781	9653	7622	2031	508	338	170	1081	678	403	69	33	36	79	33	46	429	288	141	912	522	390	4757	3524	1233	5520	3191	2329	9783	7440	2343	13859	8216	5643	9336	8467	869	17073	13436	3637	221	169	52	337	187	150
Johnsonella sp900766185	0	0	0	0	0	0	995	850	145	2900	2341	559	7293	5879	1414	16720	13153	3567	449	270	179	1149	672	477	37	20	17	55	24	31	18	14	0	47	22	25	707	531	176	906	530	376	1567	1257	310	2025	1293	732	989	869	120	2041	1594	447	38	27	11	50	34	16
Johnsonella sp905373785	0	0	0	0	0	0	386	329	57	1014	815	199	2919	2399	520	6458	5084	1374	229	146	83	522	315	207	14	0	0	30	17	13	0	0	0	16	0	0	391	303	88	488	281	207	1372	1117	255	1650	1075	575	493	432	61	916	720	196	18	15	0	27	16	11
Kaistella haifensis	0	0	0	0	0	0	0	0	0	0	0	0	0	0	0	0	0	0	0	0	0	0	0	0	13	0	0	10	0	0	0	0	0	0	0	0	19	15	0	0	0	0	1150	1058	92	902	713	189	0	0	0	0	0	0	0	0	0	0	0	0
Kingella A denitrificans	0	0	0	0	0	0	13	10	0	0	0	0	301	236	65	227	163	64	43	17	26	42	14	28	13	0	0	14	0	0	0	0	0	0	0	0	725	409	316	473	185	288	121	67	54	82	36	46	61	47	14	30	14	16	11	11	0	0	0	0
Kinneretia sp013824165	0	0	0	0	0	0	0	0	0	0	0	0	0	0	0	0	0	0	0	0	0	0	0	0	14	10	0	12	0	0	0	0	0	0	0	0	0	0	0	0	0	0	0	0	0	0	0	0	0	0	0	0	0	0	675	485	190	284	113	171
Kinneretia sp015657635	0	0	0	0	0	0	0	0	0	0	0	0	0	0	0	0	0	0	0	0	0	0	0	0	103	98	0	87	53	34	0	0	0	0	0	0	10	0	0	0	0	0	0	0	0	0	0	0	0	0	0	0	0	0	408	271	137	238	111	127
Klebsiella grimontii	0	0	0	0	0	0	0	0	0	0	0	0	0	0	0	0	0	0	0	0	0	0	0	0	0	0	0	0	0	0	0	0	0	0	0	0	1168	1089	79	171	131	40	0	0	0	0	0	0	1421	1387	34	1068	900	168	23	21	0	0	0	0
Kocuria palustris	41	25	16	21	0	16	0	0	0	0	0	0	0	0	0	0	0	0	23	18	0	0	0	0	1193	1049	144	513	305	208	36	29	0	10	0	0	115	105	10	12	0	0	599	477	122	195	112	83	17	16	0	12	0	0	81	64	17	43	19	24
Lachnoanaerobaculum gingivalis	0	0	0	0	0	0	37	31	0	102	90	12	116	95	21	290	219	71	30	18	12	108	67	41	0	0	0	0	0	0	0	0	0	30	20	10	35	21	14	52	31	21	37	23	14	64	45	19	31	28	0	103	77	26	0	0	0	0	0	0
Lachnoanaerobaculum saburreum	0	0	0	0	0	0	85	70	15	226	184	42	214	175	39	495	391	104	19	0	13	57	21	36	0	0	0	0	0	0	19	0	10	37	22	15	43	27	16	65	24	41	64	47	17	104	48	56	55	49	0	75	57	18	0	0	0	0	0	0
Lachnoanaerobaculum sp000209465	0	0	0	0	0	0	175	144	31	493	403	90	2823	2142	681	6008	4470	1538	169	96	73	460	245	215	11	0	0	29	10	19	15	0	0	38	18	20	359	211	148	619	298	321	159	120	39	270	147	123	101	82	19	232	167	65	0	0	0	15	0	0
Lacticaseibacillus paracasei	1137	811	326	1132	479	653	0	0	0	0	0	0	0	0	0	0	0	0	0	0	0	0	0	0	0	0	0	0	0	0	0	0	0	0	0	0	13	0	0	0	0	0	10	0	0	14	0	0	0	0	0	0	0	0	0	0	0	0	0	0
Lactococcus cremoris	0	0	0	14	0	11	0	0	0	0	0	0	0	0	0	0	0	0	0	0	0	0	0	0	11	0	0	0	0	0	0	0	0	0	0	0	330	305	25	156	121	35	44	41	0	43	26	17	0	0	0	0	0	0	20	14	0	40	17	23
Lactococcus lactis	0	0	0	0	0	0	0	0	0	0	0	0	0	0	0	0	0	0	0	0	0	0	0	0	0	0	0	10	0	0	11	11	0	0	0	0	33	32	0	18	15	0	10	0	0	11	10	0	0	0	0	0	0	0	306	232	74	437	237	200
Lampropedia sp003703475	0	0	0	0	0	0	0	0	0	0	0	0	150	110	40	80	47	33	15	11	0	0	0	0	45	30	15	27	11	16	0	0	0	0	0	0	164	110	54	45	24	21	92	63	29	30	16	14	17	12	0	14	0	0	0	0	0	0	0	0
Lautropia dentalis	16	10	0	13	0	0	24	15	0	12	0	0	555	423	132	311	208	103	31	13	18	30	13	17	105	88	17	47	26	21	0	0	0	0	0	0	1353	758	595	509	216	293	260	149	111	114	50	64	242	170	72	221	111	110	11	0	0	0	0	0
Lautropia mirabilis	11	0	0	0	0	0	1234	965	269	596	401	195	36359	29181	7178	18046	12303	5743	1012	502	510	814	333	481	479	243	236	381	127	254	0	0	0	0	0	0	36290	20418	15872	13403	5637	7766	7565	4472	3093	4165	1860	2305	9941	6877	3064	7091	3695	3396	65	45	20	35	16	19
Lawsonella clevelandensis	21	20	0	12	0	0	0	0	0	0	0	0	0	0	0	0	0	0	147	129	18	150	115	35	3271	2889	382	2371	1681	690	185	174	11	76	50	26	2050	1960	90	211	152	59	610	546	64	235	155	80	75	71	0	57	42	15	1237	944	293	701	356	345
Lelliottia amnigena	7307	5168	2139	4612	1951	2661	0	0	0	0	0	0	0	0	0	0	0	0	0	0	0	0	0	0	0	0	0	0	0	0	0	0	0	0	0	0	0	0	0	0	0	0	0	0	0	0	0	0	0	0	0	0	0	0	0	0	0	0	0	0
Lelliottia nimipressuralis	0	0	0	0	0	0	0	0	0	0	0	0	0	0	0	0	0	0	0	0	0	0	0	0	0	0	0	0	0	0	0	0	0	0	0	0	0	0	0	0	0	0	0	0	0	0	0	0	942	915	27	750	644	106	0	0	0	0	0	0
Leptotrichia A sp000469505	0	0	0	0	0	0	10	0	0	39	23	16	270	215	55	732	555	177	29	15	14	63	34	29	0	0	0	0	0	0	0	0	0	0	0	0	534	307	227	1145	526	619	133	88	45	281	148	133	53	35	18	129	78	51	0	0	0	0	0	0
Leptotrichia A sp001274535	0	0	0	0	0	0	28	22	0	112	84	28	3030	2285	745	7273	5314	1959	66	31	35	214	84	130	14	11	0	42	13	29	16	11	0	36	15	21	3444	1991	1453	7315	3397	3918	663	437	226	1334	638	696	273	208	65	851	492	359	0	0	0	11	0	0
Leptotrichia A sp905371725	0	0	0	0	0	0	10	0	0	39	30	0	1144	886	258	2772	2062	710	31	16	15	80	36	44	0	0	0	0	0	0	0	0	0	0	0	0	862	503	359	1854	888	966	180	125	55	459	232	227	59	42	17	211	128	83	0	0	0	0	0	0
Leptotrichia buccalis	0	0	0	0	0	0	716	490	226	2005	1321	684	622	434	188	1425	972	453	0	0	0	0	0	0	0	0	0	0	0	0	0	0	0	0	0	0	84	50	34	194	86	108	48	21	27	107	57	50	37	27	10	111	59	52	0	0	0	0	0	0
Leptotrichia hofstadii	0	0	0	0	0	0	50	31	19	137	92	45	146	106	40	300	213	87	0	0	0	0	0	0	0	0	0	0	0	0	0	0	0	0	0	0	90	45	45	247	114	133	18	13	0	38	18	20	0	0	0	20	11	0	0	0	0	0	0	0
Leptotrichia massiliensis	0	0	0	0	0	0	64	40	24	180	123	57	506	376	130	1190	855	335	20	11	0	38	20	18	0	0	0	0	0	0	0	0	0	0	0	0	270	155	115	675	298	377	31	21	10	92	46	46	12	0	0	64	36	28	0	0	0	0	0	0
Leptotrichia sp013394795	0	0	0	0	0	0	96	72	24	239	160	79	80	54	26	170	127	43	0	0	0	0	0	0	0	0	0	0	0	0	0	0	0	0	0	0	51	26	25	98	52	46	0	0	0	28	18	10	0	0	0	31	18	13	0	0	0	0	0	0
Leptotrichia trevisanii	0	0	0	0	0	0	118	89	29	312	201	111	119	86	33	255	181	74	0	0	0	0	0	0	0	0	0	0	0	0	0	0	0	0	0	0	65	36	29	129	63	66	18	11	0	35	14	21	0	0	0	17	13	0	0	0	0	0	0	0
Leuconostoc mesenteroides	435	366	69	460	256	204	0	0	0	0	0	0	0	0	0	0	0	0	0	0	0	0	0	0	16	12	0	19	13	0	0	0	0	0	0	0	0	0	0	0	0	0	0	0	0	0	0	0	0	0	0	0	0	0	0	0	0	0	0	0
Leuconostoc pseudomesenteroides	1782	1391	391	1909	951	958	0	0	0	0	0	0	0	0	0	0	0	0	0	0	0	0	0	0	0	0	0	0	0	0	0	0	0	0	0	0	0	0	0	0	0	0	0	0	0	0	0	0	0	0	0	0	0	0	0	0	0	0	0	0
Ligilactobacillus acidipiscis	2267	1821	446	1919	1006	913	0	0	0	0	0	0	0	0	0	0	0	0	0	0	0	0	0	0	0	0	0	0	0	0	0	0	0	0	0	0	0	0	0	0	0	0	0	0	0	0	0	0	0	0	0	0	0	0	0	0	0	0	0	0
Ligilactobacillus excrementavium	427	361	66	343	200	143	0	0	0	0	0	0	0	0	0	0	0	0	0	0	0	0	0	0	0	0	0	0	0	0	0	0	0	0	0	0	0	0	0	0	0	0	0	0	0	0	0	0	0	0	0	0	0	0	0	0	0	0	0	0
Limnohabitans sp009923505	0	0	0	0	0	0	0	0	0	0	0	0	0	0	0	0	0	0	0	0	0	0	0	0	659	600	59	469	342	127	0	0	0	0	0	0	0	0	0	0	0	0	10	0	0	10	0	0	0	0	0	0	0	0	0	0	0	0	0	0
Lysobacter B sp002798295	0	0	0	0	0	0	23	19	0	16	15	0	31	20	11	20	17	0	23	18	0	12	0	0	72	44	28	78	40	38	0	0	0	0	0	0	246	190	56	80	43	37	160	132	28	81	50	31	19	16	0	15	11	0	0	0	0	0	0	0
Malikia spinosa	0	0	0	0	0	0	0	0	0	0	0	0	0	0	0	0	0	0	0	0	0	0	0	0	12	0	0	0	0	0	0	0	0	0	0	0	17	13	0	0	0	0	0	0	0	0	0	0	0	0	0	0	0	0	1189	827	362	497	219	278
Massilia alkalitolerans	0	0	0	0	0	0	0	0	0	0	0	0	0	0	0	0	0	0	0	0	0	0	0	0	0	0	0	0	0	0	19	18	0	0	0	0	0	0	0	0	0	0	0	0	0	0	0	0	0	0	0	0	0	0	618	440	178	176	76	100
Mesocricetibacter sp905373425	0	0	0	0	0	0	25	18	0	32	25	0	1224	947	277	1832	1340	492	535	258	277	931	463	468	1359	688	671	1916	703	1213	0	0	0	0	0	0	10039	5901	4138	11389	5202	6187	2990	2035	955	3650	1793	1857	544	428	116	899	556	343	0	0	0	0	0	0
Methanobrevibacter A gottschalkii	0	0	0	11	0	0	32	28	0	163	143	20	12	10	0	49	43	0	0	0	0	47	32	15	0	0	0	0	0	0	1402	1287	115	2827	2195	632	13	10	0	20	15	0	74	54	20	162	103	59	116	108	0	287	234	53	66	49	17	173	113	60
Methanobrevibacter A millerae	0	0	0	0	0	0	13	10	0	48	40	0	0	0	0	19	16	0	0	0	0	23	16	0	0	0	0	0	0	0	5161	4867	294	8150	6385	1765	22	14	0	24	19	0	53	37	16	91	64	27	59	54	0	164	131	33	48	40	0	71	42	29
Methanobrevibacter A oralis	0	0	0	0	0	0	117	101	16	645	535	110	135	106	29	483	414	69	453	282	171	1234	765	469	70	54	16	102	50	52	13862	12761	1101	26988	21513	5475	201	152	49	447	243	204	3012	2287	725	6165	3682	2483	3149	2943	206	7533	6121	1412	2207	1735	472	4313	2572	1741
Methanobrevibacter A smithii	0	0	0	0	0	0	0	0	0	20	17	0	0	0	0	12	11	0	0	0	0	15	11	0	0	0	0	0	0	0	895	815	80	2493	1950	543	14	0	0	19	12	0	42	34	0	55	30	25	27	20	0	82	56	26	27	19	0	44	29	15
Methanobrevibacter A sp017434555	0	0	0	0	0	0	0	0	0	34	30	0	0	0	0	0	0	0	0	0	0	10	0	0	0	0	0	0	0	0	972	901	71	1579	1294	285	0	0	0	0	0	0	11	0	0	35	22	13	15	13	0	46	35	11	0	0	0	30	21	0
Methanobrevibacter A sp017459665	0	0	0	0	0	0	0	0	0	54	46	0	0	0	0	12	12	0	0	0	0	0	0	0	0	0	0	0	0	0	235	225	10	440	323	117	0	0	0	0	0	0	0	0	0	12	0	0	0	0	0	18	10	0	0	0	0	14	10	0
Methanobrevibacter A sp017468685	0	0	0	0	0	0	21	19	0	72	57	15	0	0	0	19	16	0	0	0	0	0	0	0	0	0	0	0	0	0	715	595	120	1779	1371	408	0	0	0	10	0	0	12	0	0	28	15	13	0	0	0	14	13	0	0	0	0	18	11	0
Methanobrevibacter A sp900314615	0	0	0	0	0	0	11	10	0	34	31	0	0	0	0	10	0	0	0	0	0	0	0	0	0	0	0	0	0	0	143	131	12	322	256	66	0	0	0	0	0	0	13	10	0	29	16	13	32	30	0	72	61	11	26	22	0	31	19	12
Methanobrevibacter A sp900314695	0	0	0	0	0	0	0	0	0	32	25	0	0	0	0	0	0	0	0	0	0	0	0	0	0	0	0	0	0	0	236	221	15	371	256	115	0	0	0	0	0	0	0	0	0	29	13	16	0	0	0	23	20	0	14	11	0	24	15	0
Methanobrevibacter A sp900317865	0	0	0	0	0	0	0	0	0	17	11	0	0	0	0	0	0	0	0	0	0	0	0	0	0	0	0	0	0	0	325	275	50	858	643	215	0	0	0	0	0	0	0	0	0	18	11	0	12	10	0	28	21	0	0	0	0	21	14	0
Methanobrevibacter A sp900319535	0	0	0	0	0	0	0	0	0	37	30	0	0	0	0	0	0	0	0	0	0	11	0	0	0	0	0	0	0	0	279	245	34	907	699	208	0	0	0	0	0	0	26	16	10	64	41	23	23	23	0	69	60	0	24	20	0	34	16	18
Methanobrevibacter A sp900766745	0	0	0	0	0	0	0	0	0	0	0	0	0	0	0	0	0	0	0	0	0	0	0	0	0	0	0	0	0	0	584	538	46	1132	899	233	0	0	0	15	0	0	13	10	0	30	20	10	12	12	0	43	30	13	0	0	0	17	12	0
Methanobrevibacter A sp900769095	0	0	0	0	0	0	0	0	0	32	27	0	0	0	0	12	0	0	0	0	0	12	0	0	0	0	0	0	0	0	186	171	15	379	296	83	0	0	0	0	0	0	22	19	0	35	19	16	11	10	0	50	36	14	0	0	0	21	11	10
Methanobrevibacter A sp902764455	0	0	0	0	0	0	12	11	0	24	20	0	0	0	0	12	10	0	0	0	0	0	0	0	0	0	0	0	0	0	741	675	66	1531	1152	379	0	0	0	0	0	0	16	0	0	37	25	12	24	22	0	51	41	10	36	25	11	46	31	15
Methanobrevibacter A sp902783085	0	0	0	0	0	0	0	0	0	27	22	0	0	0	0	12	0	0	0	0	0	17	13	0	0	0	0	0	0	0	362	293	69	898	689	209	0	0	0	11	0	0	20	15	0	46	31	15	23	20	0	56	44	12	21	17	0	45	25	20
Methanobrevibacter A sp902785855	0	0	0	0	0	0	12	10	0	62	58	0	14	12	0	15	14	0	0	0	0	0	0	0	0	0	0	0	0	0	366	324	42	824	617	207	0	0	0	11	0	0	26	25	0	46	26	20	26	26	0	80	57	23	25	19	0	34	16	18
Methanobrevibacter A thaueri	0	0	0	0	0	0	30	26	0	109	88	21	11	10	0	31	25	0	0	0	0	0	0	0	0	0	0	0	0	0	379	326	53	761	622	139	0	0	0	0	0	0	27	22	0	37	22	15	16	15	0	51	44	0	17	11	0	35	21	14
Methanobrevibacter A woesei	0	0	0	0	0	0	0	0	0	0	0	0	0	0	0	0	0	0	0	0	0	0	0	0	0	0	0	0	0	0	1824	1645	179	2587	2038	549	18	13	0	26	13	13	34	26	0	59	32	27	40	36	0	68	53	15	10	10	0	37	22	15
Methanobrevibacter B sp900314605	0	0	0	0	0	0	0	0	0	0	0	0	0	0	0	0	0	0	0	0	0	0	0	0	0	0	0	0	0	0	283	235	48	756	552	204	0	0	0	0	0	0	12	0	0	20	13	0	0	0	0	27	26	0	0	0	0	16	10	0
Methanobrevibacter B sp905235195	0	0	0	0	0	0	0	0	0	0	0	0	0	0	0	0	0	0	0	0	0	0	0	0	0	0	0	0	0	0	391	322	69	1040	767	273	0	0	0	0	0	0	0	0	0	10	0	0	0	0	0	16	13	0	0	0	0	13	0	0
Methanobrevibacter B wolinii	0	0	0	0	0	0	0	0	0	0	0	0	0	0	0	0	0	0	0	0	0	0	0	0	0	0	0	0	0	0	243	208	35	436	307	129	0	0	0	0	0	0	0	0	0	13	0	0	0	0	0	17	14	0	0	0	0	11	0	0
Methanobrevibacter C cuticularis	0	0	0	0	0	0	0	0	0	0	0	0	0	0	0	0	0	0	0	0	0	0	0	0	0	0	0	0	0	0	365	331	34	774	581	193	0	0	0	14	11	0	0	0	0	17	0	11	11	0	0	37	27	10	0	0	0	21	10	11
Methanobrevibacter C sp003315655	0	0	0	0	0	0	0	0	0	0	0	0	0	0	0	0	0	0	0	0	0	0	0	0	0	0	0	0	0	0	359	325	34	753	591	162	0	0	0	15	0	0	0	0	0	11	0	0	11	0	0	21	15	0	0	0	0	14	0	0
Methanobrevibacter C sp009777005	0	0	0	0	0	0	0	0	0	0	0	0	0	0	0	0	0	0	0	0	0	0	0	0	0	0	0	0	0	0	477	431	46	791	590	201	0	0	0	0	0	0	0	0	0	13	0	0	15	15	0	28	23	0	13	0	0	25	15	10
Methanobrevibacter C sp009784145	0	0	0	0	0	0	0	0	0	0	0	0	0	0	0	0	0	0	0	0	0	0	0	0	0	0	0	0	0	0	307	286	21	595	429	166	0	0	0	0	0	0	0	0	0	0	0	0	0	0	0	14	12	0	0	0	0	11	0	0
Methanobrevibacter D curvatus	0	0	0	0	0	0	0	0	0	0	0	0	0	0	0	0	0	0	0	0	0	0	0	0	0	0	0	0	0	0	271	247	24	488	356	132	0	0	0	0	0	0	0	0	0	11	0	0	0	0	0	19	15	0	0	0	0	12	0	0
Methanobrevibacter D filiformis	0	0	0	0	0	0	0	0	0	0	0	0	0	0	0	0	0	0	0	0	0	0	0	0	0	0	0	0	0	0	272	234	38	481	347	134	0	0	0	0	0	0	0	0	0	0	0	0	0	0	0	24	18	0	0	0	0	21	10	11
Methanobrevibacter olleyae	0	0	0	0	0	0	0	0	0	13	11	0	0	0	0	0	0	0	50	17	33	143	69	74	0	0	0	0	0	0	252	208	44	549	401	148	51	19	32	104	42	62	24	16	0	45	25	20	178	133	45	521	333	188	20	15	0	35	18	17
Methanobrevibacter sp016838945	0	0	0	0	0	0	0	0	0	0	0	0	0	0	0	0	0	0	0	0	0	0	0	0	0	0	0	0	0	0	335	318	17	482	383	99	0	0	0	0	0	0	0	0	0	0	0	0	10	10	0	14	14	0	0	0	0	0	0	0
Microbacterium algeriense	0	0	0	0	0	0	0	0	0	0	0	0	0	0	0	0	0	0	0	0	0	0	0	0	2237	1996	241	848	575	273	18	16	0	0	0	0	0	0	0	0	0	0	0	0	0	0	0	0	0	0	0	0	0	0	18	11	0	0	0	0
Mitsuaria aquatilis	0	0	0	0	0	0	0	0	0	0	0	0	0	0	0	0	0	0	0	0	0	0	0	0	400	365	35	284	210	74	14	0	0	0	0	0	0	0	0	0	0	0	0	0	0	0	0	0	0	0	0	0	0	0	0	0	0	0	0	0
Mogibacterium diversum	0	0	0	0	0	0	12	11	0	30	27	0	0	0	0	0	0	0	40	30	10	79	45	34	14	0	0	22	12	10	0	0	0	0	0	0	102	72	30	143	81	62	564	438	126	634	386	248	68	61	0	111	86	25	17	13	0	11	0	0
Mogibacterium pumilum	0	0	0	0	0	0	150	140	10	260	198	62	50	43	0	91	75	16	348	193	155	672	387	285	110	68	42	99	44	55	26	22	0	80	55	25	515	342	173	546	297	249	2688	2029	659	2981	1766	1215	237	215	22	369	288	81	72	47	25	85	45	40
Mogibacterium timidum	0	0	0	0	0	0	115	98	17	253	209	44	58	47	11	147	119	28	37	27	10	78	42	36	0	0	0	14	0	10	19	0	14	44	26	18	44	26	18	64	35	29	199	156	43	229	141	88	40	34	0	81	72	0	21	12	0	27	11	16
Moraxella A cinereus	19	16	0	50	22	28	0	0	0	0	0	0	0	0	0	0	0	0	21	21	0	19	15	0	228	216	12	162	128	34	51	43	0	27	19	0	74	73	0	19	17	0	1038	940	98	716	547	169	0	0	0	0	0	0	31	23	0	26	12	14
Moraxella A osloensis	16	14	0	32	11	21	0	0	0	0	0	0	0	0	0	0	0	0	40	38	0	30	22	0	315	289	26	233	194	39	60	60	0	29	17	12	109	98	11	19	14	0	2498	2291	207	1443	1118	325	0	0	0	0	0	0	27	25	0	24	16	0
Moraxella A sp002478835	11	0	0	36	17	19	0	0	0	0	0	0	0	0	0	0	0	0	24	21	0	18	13	0	215	198	17	135	105	30	58	55	0	30	20	10	79	74	0	19	11	0	1482	1341	141	980	755	225	60	59	0	63	53	10	19	10	0	14	0	0
Muriiphilus lacisalsi	0	0	0	0	0	0	0	0	0	0	0	0	0	0	0	0	0	0	0	0	0	0	0	0	0	0	0	0	0	0	0	0	0	0	0	0	0	0	0	0	0	0	3193	2754	439	3276	2585	691	0	0	0	0	0	0	0	0	0	0	0	0
Murimonas intestini	0	0	0	0	0	0	0	0	0	0	0	0	0	0	0	0	0	0	0	0	0	0	0	0	0	0	0	0	0	0	0	0	0	0	0	0	0	0	0	0	0	0	572	477	95	366	268	98	0	0	0	0	0	0	0	0	0	0	0	0
NS-12 sp005877565	0	0	0	0	0	0	0	0	0	0	0	0	0	0	0	0	0	0	0	0	0	0	0	0	496	444	52	300	219	81	31	31	0	0	0	0	0	0	0	0	0	0	0	0	0	0	0	0	0	0	0	0	0	0	0	0	0	0	0	0
NS-12 sp005877615	0	0	0	0	0	0	0	0	0	0	0	0	0	0	0	0	0	0	0	0	0	0	0	0	411	368	43	222	164	58	83	78	0	0	0	0	0	0	0	0	0	0	0	0	0	0	0	0	0	0	0	0	0	0	0	0	0	0	0	0
Nanoperiomorbus periodonticus	0	0	0	0	0	0	2124	1888	236	2157	1663	494	409	355	54	468	348	120	0	0	0	16	0	0	0	0	0	0	0	0	36	29	0	23	10	13	18	12	0	21	0	12	41	32	0	42	16	26	318	261	57	351	242	109	627	382	245	535	220	315
Nanoperiomorbus sp013333515	0	0	0	0	0	0	2218	1949	269	2357	1829	528	474	433	41	479	360	119	28	14	14	34	21	13	0	0	0	0	0	0	44	38	0	58	32	26	32	16	16	17	0	10	63	39	24	57	32	25	392	335	57	437	303	134	1293	836	457	1000	517	483
Nanoperiomorbus sp905365345	0	0	0	0	0	0	2243	1973	270	2434	1871	563	473	412	61	479	363	116	15	0	0	20	10	10	0	0	0	0	0	0	41	24	17	41	25	16	22	0	13	13	0	0	65	46	19	41	20	21	400	331	69	411	289	122	820	439	381	749	335	414
Nanoperiomorbus sp905372225	0	0	0	0	0	0	2254	1972	282	2535	1953	582	493	439	54	478	368	110	10	0	0	23	12	11	0	0	0	0	0	0	31	26	0	36	19	17	23	13	10	15	0	0	53	35	18	40	16	24	321	263	58	402	280	122	732	419	313	668	261	407
Nanoperiomorbus sp905373275	0	0	0	0	0	0	2196	1925	271	2363	1813	550	480	414	66	510	387	123	13	0	0	15	0	0	0	0	0	0	0	0	32	26	0	30	16	14	19	11	0	24	13	11	34	18	16	38	14	24	354	287	67	374	263	111	734	425	309	556	247	309
Nanoperiomorbus sp905373385	0	0	0	0	0	0	2583	2250	333	2851	2223	628	577	509	68	586	454	132	12	0	0	15	0	0	0	0	0	0	0	0	0	0	0	28	15	13	27	21	0	21	0	12	50	33	17	39	22	17	396	333	63	474	320	154	783	446	337	713	301	412
Nanosynbacter lyticus	0	0	0	0	0	0	502	449	53	582	461	121	599	536	63	614	490	124	459	307	152	539	304	235	320	220	100	343	171	172	743	641	102	581	355	226	533	381	152	431	221	210	1726	1300	426	1366	829	537	206	174	32	215	151	64	133	67	66	113	58	55
Nanosynbacter sp005697215	0	0	0	0	0	0	722	623	99	709	551	158	1110	933	177	1031	798	233	288	175	113	257	153	104	44	24	20	57	32	25	683	545	138	493	294	199	116	75	41	74	33	41	374	260	114	240	126	114	183	151	32	205	144	61	100	60	40	63	28	35
Nanosynbacter sp005697565	0	0	0	0	0	0	339	297	42	358	280	78	730	641	89	701	562	139	2627	1712	915	3100	1808	1292	266	167	99	292	145	147	401	305	96	382	223	159	358	245	113	226	114	112	789	584	205	565	334	231	626	544	82	681	492	189	67	30	37	62	23	39
Nanosynbacter sp010202115	0	0	0	0	0	0	659	561	98	661	510	151	1008	867	141	852	640	212	305	202	103	313	179	134	59	40	19	77	35	42	435	374	61	356	223	133	183	106	77	116	51	65	386	260	126	243	132	111	243	206	37	209	145	64	62	31	31	61	30	31
Nanosynbacter sp010202465	0	0	0	0	0	0	503	441	62	489	370	119	692	600	92	632	469	163	225	135	90	232	114	118	64	35	29	54	25	29	424	311	113	249	147	102	97	64	33	64	35	29	272	178	94	176	98	78	157	135	22	152	103	49	71	48	23	60	27	33
Nanosynbacter sp010202645	0	0	0	0	0	0	856	760	96	686	520	166	1101	941	160	1011	749	262	247	147	100	207	112	95	58	40	18	44	12	32	543	474	69	373	214	159	132	83	49	72	31	41	345	233	112	205	124	81	176	146	30	169	114	55	87	49	38	93	38	55
Nanosynbacter sp010202845	0	0	0	0	0	0	762	668	94	665	514	151	1172	972	200	1067	811	256	253	150	103	216	131	85	54	29	25	54	27	27	691	567	124	472	272	200	134	91	43	76	35	41	339	241	98	244	127	117	173	147	26	177	121	56	89	53	36	73	34	39
Nanosynbacter sp013099015	0	0	0	0	0	0	890	775	115	924	713	211	1345	1136	209	1298	952	346	293	187	106	274	151	123	69	44	25	58	31	27	490	415	75	382	225	157	174	105	69	96	44	52	394	285	109	244	129	115	255	214	41	219	151	68	343	259	84	233	139	94
Nanosynbacter sp013099195	0	0	0	0	0	0	638	560	78	588	449	139	945	807	138	931	685	246	264	172	92	299	158	141	64	36	28	42	18	24	580	473	107	416	263	153	163	96	67	78	38	40	405	290	115	267	139	128	178	157	21	185	123	62	102	58	44	80	24	56
Nanosynbacter sp013100805	0	0	0	0	0	0	761	669	92	731	542	189	1167	987	180	1174	896	278	257	161	96	239	131	108	46	29	17	59	26	33	521	411	110	400	248	152	115	69	46	69	34	35	333	225	108	233	131	102	178	146	32	194	145	49	86	59	27	85	37	48
Nanosynbacter sp013100825	0	0	0	0	0	0	381	330	51	360	266	94	673	577	96	617	475	142	302	190	112	248	133	115	63	34	29	57	26	31	474	389	85	313	196	117	121	72	49	60	28	32	341	234	107	204	101	103	173	139	34	162	113	49	73	46	27	67	38	29
Nanosynbacter sp013333695	0	0	0	0	0	0	724	628	96	618	477	141	1052	901	151	1000	764	236	169	96	73	162	91	71	53	28	25	39	19	20	514	439	75	416	247	169	121	80	41	57	28	29	327	235	92	242	153	89	189	148	41	169	125	44	80	48	32	70	35	35
Nanosynbacter sp015257635	0	0	0	0	0	0	129	114	15	163	123	40	93	80	13	122	97	25	28	19	0	33	21	12	0	0	0	0	0	0	41	24	17	20	0	13	0	0	0	0	0	0	28	22	0	22	10	12	10	0	0	10	0	0	15	0	0	11	0	0
Nanosynbacter sp905372305	0	0	0	0	0	0	9760	8718	1042	11409	9262	2147	3652	3167	485	4107	3262	845	655	437	218	728	437	291	116	61	55	102	41	61	9793	8073	1720	8144	5023	3121	312	220	92	209	101	108	2064	1510	554	1375	776	599	1235	1101	134	1259	929	330	1569	957	612	1341	596	745
Nanosynbacter sp905372835	0	0	0	0	0	0	528	443	85	489	374	115	634	548	86	650	525	125	2906	1898	1008	3230	1868	1362	296	200	96	277	141	136	439	366	73	389	248	141	408	280	128	247	115	132	867	629	238	614	364	250	707	602	105	745	540	205	84	43	41	59	34	25
Nanosynbacter sp905373315	0	0	0	0	0	0	191	164	27	163	126	37	265	227	38	285	218	67	3280	2158	1122	3718	2218	1500	312	213	99	299	148	151	167	121	46	117	70	47	432	307	125	264	140	124	818	591	227	616	353	263	746	651	95	791	559	232	51	34	17	38	21	17
Nanosynbacter sp905373795	0	0	0	0	0	0	10046	9001	1045	11497	9240	2257	3845	3342	503	4267	3368	899	564	352	212	618	327	291	83	49	34	81	34	47	8950	7488	1462	7121	4367	2754	262	173	89	150	78	72	1724	1296	428	1144	633	511	1027	881	146	1150	881	269	1472	910	562	1394	610	784
Neisseria cerebrosa	0	0	0	0	0	0	0	0	0	0	0	0	222	179	43	239	157	82	36	18	18	65	30	35	0	0	0	0	0	0	0	0	0	0	0	0	204	109	95	152	48	104	58	31	27	37	14	23	40	31	0	38	25	13	0	0	0	0	0	0
Neisseria elongata	0	0	0	0	0	0	114	96	18	124	87	37	4533	3549	984	3444	2331	1113	1065	550	515	1176	573	603	194	102	92	171	68	103	0	0	0	0	0	0	6592	4137	2455	2974	1357	1617	1320	785	535	913	414	499	470	375	95	366	231	135	0	0	0	0	0	0
Neisseria lactamica	0	0	0	0	0	0	15	11	0	13	0	0	395	299	96	337	239	98	53	21	32	50	16	34	0	0	0	10	0	0	0	0	0	0	0	0	765	409	356	626	266	360	166	93	73	120	54	66	176	132	44	192	105	87	0	0	0	0	0	0
Neisseria macacae	0	0	0	0	0	0	0	0	0	0	0	0	149	113	36	156	106	50	16	0	0	25	0	18	0	0	0	0	0	0	0	0	0	0	0	0	239	119	120	190	76	114	55	32	23	47	18	29	54	37	17	55	26	29	0	0	0	0	0	0
Neisseria mucosa	0	0	0	0	0	0	19	14	0	13	0	0	851	645	206	826	561	265	81	34	47	131	51	80	33	17	16	16	0	15	0	0	0	0	0	0	993	525	468	703	282	421	226	131	95	200	92	108	220	153	67	213	115	98	10	0	0	0	0	0
Neisseria sicca	0	0	0	0	0	0	44	41	0	40	31	0	2432	1878	554	2302	1622	680	275	131	144	395	155	240	80	47	33	71	30	41	0	0	0	0	0	0	3446	1813	1633	2713	1158	1555	639	370	269	689	310	379	821	591	230	877	497	380	10	0	0	0	0	0
Neisseria sp000090875	0	0	0	0	0	0	196	145	51	180	118	62	2403	1837	566	2129	1428	701	57	19	38	53	23	30	16	0	11	28	10	18	0	0	0	0	0	0	1789	816	973	1311	492	819	236	131	105	204	85	119	651	399	252	655	342	313	0	0	0	0	0	0
Neisseria sp000227275	0	0	0	0	0	0	0	0	0	0	0	0	120	92	28	125	93	32	25	0	17	33	0	24	0	0	0	0	0	0	0	0	0	0	0	0	281	159	122	201	82	119	51	37	14	47	19	28	56	35	21	69	32	37	0	0	0	0	0	0
Neisseria sp000952795	0	0	0	0	0	0	0	0	0	0	0	0	165	126	39	166	123	43	17	0	0	28	12	16	0	0	0	0	0	0	0	0	0	0	0	0	156	74	82	124	46	78	38	21	17	32	14	18	40	28	12	40	17	23	0	0	0	0	0	0
Neisseria sp001809325	0	0	0	0	0	0	11	0	0	11	0	0	417	309	108	392	260	132	57	21	36	65	26	39	11	0	0	13	0	10	0	0	0	0	0	0	746	402	344	596	260	336	147	92	55	138	65	73	176	130	46	179	102	77	0	0	0	0	0	0
Neisseria sp001815675	0	0	0	0	0	0	0	0	0	0	0	0	105	76	29	97	71	26	18	0	11	29	0	20	0	0	0	0	0	0	0	0	0	0	0	0	237	129	108	157	57	100	59	40	19	44	20	24	51	42	0	57	33	24	0	0	0	0	0	0
Nesterenkonia cremea	356	275	81	244	115	129	0	0	0	0	0	0	0	0	0	0	0	0	0	0	0	0	0	0	11	10	0	0	0	0	21	18	0	0	0	0	0	0	0	0	0	0	0	0	0	0	0	0	0	0	0	0	0	0	0	0	0	0	0	0
Nitratireductor C aestuarii	0	0	0	0	0	0	0	0	0	0	0	0	0	0	0	0	0	0	0	0	0	0	0	0	0	0	0	0	0	0	0	0	0	0	0	0	0	0	0	0	0	0	719	614	105	940	682	258	0	0	0	0	0	0	0	0	0	0	0	0
Olsenella F profusa	0	0	0	0	0	0	105	93	12	69	53	16	73	60	13	31	24	0	24	16	0	17	11	0	18	15	0	0	0	0	155	136	19	35	17	18	0	0	0	0	0	0	18	13	0	11	0	0	88	69	19	45	22	23	307	195	112	115	70	45
Olsenella F sp001189515	0	0	0	0	0	0	174730	157451	17279	103978	79355	24623	89015	78418	10597	53127	39726	13401	8351	5783	2568	4842	2850	1992	34	30	0	29	16	13	38418	32148	6270	15133	9219	5914	1883	1167	716	672	296	376	4738	3241	1497	1818	885	933	23667	19964	3703	16185	10996	5189	103555	74661	28894	40079	20993	19086
Olsenella I phocaeensis	0	0	0	0	0	0	202	181	21	120	88	32	90	77	13	66	50	16	24	14	10	19	13	0	0	0	0	0	0	0	123	95	28	49	23	26	0	0	0	0	0	0	22	11	11	12	0	0	69	56	13	58	37	21	354	240	114	131	65	66
Olsenella uli	0	0	0	0	0	0	1557	1374	183	764	539	225	131	114	17	72	48	24	20	13	0	0	0	0	0	0	0	0	0	0	109	80	29	45	25	20	0	0	0	0	0	0	0	0	0	0	0	0	39	30	0	29	16	13	192	139	53	74	37	37
Oribacterium sp000160135	0	0	0	0	0	0	132	107	25	115	80	35	88	74	14	106	86	20	0	0	0	12	0	0	0	0	0	0	0	0	0	0	0	11	0	0	0	0	0	0	0	0	0	0	0	12	0	0	91	75	16	116	72	44	0	0	0	10	0	0
Oribacterium sp013394775	0	0	0	0	0	0	1192	994	198	1756	1286	470	175	151	24	278	212	66	0	0	0	0	0	0	0	0	0	0	0	0	0	0	0	17	0	0	0	0	0	0	0	0	16	0	0	11	0	0	20	17	0	16	14	0	0	0	0	0	0	0
Ottowia sp001262075	0	0	0	0	0	0	3968	3060	908	2050	1299	751	133488	104150	29338	69777	47046	22731	33	22	11	19	12	0	84	60	24	69	31	38	25	22	0	0	0	0	398	254	144	148	84	64	3951	2120	1831	2158	872	1286	642	382	260	474	213	261	0	0	0	0	0	0
Ottowia sp003859965	0	0	0	0	0	0	18	15	0	0	0	0	167	124	43	98	62	36	79	57	22	36	19	17	206	138	68	174	86	88	30	26	0	0	0	0	991	764	227	228	137	91	613	444	169	243	133	110	128	116	12	73	59	14	0	0	0	10	0	0
Pantoea agglomerans	27	17	10	15	0	0	0	0	0	0	0	0	0	0	0	0	0	0	0	0	0	0	0	0	13	0	0	0	0	0	0	0	0	0	0	0	58	51	0	0	0	0	12	12	0	0	0	0	2171	2110	61	1425	1219	206	12	10	0	0	0	0
Pantoea brenneri	0	0	0	0	0	0	0	0	0	0	0	0	0	0	0	0	0	0	0	0	0	0	0	0	0	0	0	0	0	0	0	0	0	0	0	0	580	539	41	104	77	27	0	0	0	0	0	0	0	0	0	0	0	0	0	0	0	0	0	0
Paraburkholderia sp001319865	675	555	120	296	179	117	0	0	0	0	0	0	0	0	0	0	0	0	0	0	0	0	0	0	0	0	0	0	0	0	0	0	0	0	0	0	50	49	0	22	17	0	0	0	0	0	0	0	0	0	0	0	0	0	0	0	0	0	0	0
Paraeggerthella hongkongensis	0	0	0	0	0	0	105	99	0	87	70	17	30	28	0	20	17	0	151	103	48	118	81	37	0	0	0	0	0	0	17	17	0	10	0	0	21	20	0	0	0	0	53	46	0	18	10	0	0	0	0	0	0	0	83	57	26	44	25	19
Pararheinheimera mesophila	0	0	0	0	0	0	0	0	0	0	0	0	0	0	0	0	0	0	0	0	0	0	0	0	0	0	0	0	0	0	0	0	0	0	0	0	1856	1610	246	594	443	151	0	0	0	0	0	0	0	0	0	0	0	0	114	81	33	94	58	36
Pararheinheimera sp003990335	0	0	0	0	0	0	0	0	0	0	0	0	0	0	0	0	0	0	0	0	0	0	0	0	0	0	0	0	0	0	0	0	0	0	0	0	21	19	0	0	0	0	0	0	0	0	0	0	0	0	0	0	0	0	371	266	105	263	139	124
Pararheinheimera sp004005375	0	0	0	0	0	0	0	0	0	0	0	0	0	0	0	0	0	0	0	0	0	0	0	0	0	0	0	0	0	0	0	0	0	0	0	0	13	11	0	0	0	0	0	0	0	0	0	0	0	0	0	0	0	0	396	295	101	291	155	136
Pararheinheimera sp018815765	0	0	0	0	0	0	0	0	0	0	0	0	0	0	0	0	0	0	0	0	0	0	0	0	0	0	0	0	0	0	0	0	0	0	0	0	13	10	0	0	0	0	0	0	0	0	0	0	0	0	0	0	0	0	525	402	123	364	187	177
Pararheinheimera tangshanensis	10	0	0	22	0	14	0	0	0	0	0	0	0	0	0	0	0	0	0	0	0	0	0	0	10	0	0	12	10	0	13	10	0	0	0	0	83	77	0	45	33	12	11	10	0	15	12	0	11	10	0	0	0	0	323	243	80	216	124	92
Parvimonas micra	0	0	0	0	0	0	704	547	157	2665	1997	668	234	188	46	760	589	171	63	33	30	268	159	109	19	0	10	75	20	55	25	14	11	43	19	24	69	38	31	225	104	121	278	198	80	631	355	276	25	20	0	93	61	32	0	0	0	19	10	0
Parvimonas sp000214475	0	0	0	0	0	0	91	74	17	345	271	74	70	57	13	226	182	44	88	51	37	301	182	119	29	11	18	84	33	51	20	16	0	33	15	18	132	85	47	411	188	223	384	281	103	936	520	416	25	20	0	103	75	28	0	0	0	0	0	0
Parvimonas sp000223315	0	0	0	0	0	0	220	177	43	1027	793	234	344	274	70	1139	893	246	206	105	101	675	360	315	24	12	12	73	27	46	36	17	19	198	95	103	125	64	61	343	171	172	543	390	153	1339	736	603	60	42	18	234	144	90	0	0	0	15	0	0
Parvimonas sp001553085	0	0	0	0	0	0	11	0	0	63	48	15	12	11	0	48	41	0	35	25	10	169	84	85	0	0	0	16	10	0	15	0	0	25	13	12	42	23	19	98	56	42	122	88	34	274	142	132	21	17	0	51	34	17	0	0	0	0	0	0
Parvimonas sp015257355	0	0	0	0	0	0	22	17	0	99	81	18	31	26	0	99	79	20	66	37	29	241	131	110	0	0	0	21	0	12	16	0	0	25	0	16	55	34	21	141	68	73	156	112	44	439	241	198	0	0	0	53	31	22	0	0	0	0	0	0
Paucilactobacillus hokkaidonensis	588	397	191	698	330	368	0	0	0	0	0	0	0	0	0	0	0	0	0	0	0	0	0	0	0	0	0	0	0	0	0	0	0	0	0	0	0	0	0	0	0	0	0	0	0	0	0	0	0	0	0	0	0	0	0	0	0	0	0	0
Pauljensenia bouchesdurhonensis	0	0	0	0	0	0	24	19	0	17	0	10	44	34	10	22	13	0	98	71	27	51	30	21	133	85	48	73	40	33	73	58	15	16	14	0	165	97	68	56	28	28	230	155	75	113	65	48	212	175	37	143	99	44	55	34	21	27	14	13
Pauljensenia cardiffensis	0	0	0	0	0	0	14915	13388	1527	8244	6403	1841	3919	3488	431	2196	1722	474	35299	24397	10902	23801	13779	10022	30	18	12	39	13	26	6213	5331	882	1988	1297	691	1273	828	445	550	273	277	3967	2598	1369	2214	1111	1103	3565	3252	313	1734	1280	454	1112	706	406	683	285	398
Pauljensenia culturomici	0	0	0	0	0	0	86	62	24	48	29	19	52	39	13	25	15	10	90	52	38	50	25	25	27	15	12	22	12	10	177	135	42	39	24	15	32	17	15	13	0	0	81	54	27	48	19	29	100	84	16	68	47	21	28	18	10	17	10	0
Pauljensenia georgiae	0	0	0	0	0	0	8121	7082	1039	2964	2126	838	3561	3037	524	1433	976	457	1055	669	386	541	262	279	3541	2408	1133	1590	732	858	413	322	91	98	67	31	1728	1090	638	439	200	239	1123	696	427	450	230	220	1258	1058	200	647	421	226	5430	3555	1875	2309	1014	1295
Pauljensenia hongkongensis	0	0	0	0	0	0	4673	3993	680	1786	1273	513	4812	4072	740	1819	1282	537	807	522	285	426	206	220	5325	3563	1762	2182	1048	1134	190	142	48	57	32	25	1550	939	611	426	185	241	1019	651	368	436	176	260	1288	1100	188	553	361	192	7401	4740	2661	3102	1348	1754
Pauljensenia hyovaginalis	0	0	0	0	0	0	263	232	31	123	74	49	420	375	45	212	159	53	105	64	41	66	30	36	31	15	16	25	16	0	171	116	55	40	20	20	37	23	14	14	0	0	75	47	28	37	19	18	102	86	16	47	30	17	23	11	12	18	0	11
Pauljensenia mediterranea	0	0	0	0	0	0	199917	172895	27022	96350	68387	27963	144318	126498	17820	70597	50773	19824	373	237	136	210	112	98	32	23	0	12	0	0	155	129	26	47	25	22	39	24	15	20	0	14	109	70	39	60	28	32	114	94	20	75	47	28	42	27	15	24	0	17
Pauljensenia meyeri	0	0	0	0	0	0	629	495	134	298	188	110	4223	3190	1033	2273	1401	872	133	85	48	73	43	30	445	293	152	253	121	132	17047	14007	3040	4502	2855	1647	408	243	165	159	64	95	2222	1432	790	1113	574	539	6823	6049	774	3431	2452	979	213	129	84	106	37	69
Pauljensenia odontolytica	0	0	0	0	0	0	703	597	106	293	215	78	184	147	37	100	71	29	353	223	130	185	102	83	2533	1688	845	1428	717	711	222	167	55	70	50	20	2393	1418	975	816	347	469	2521	1598	923	1203	580	623	974	825	149	551	370	181	112	70	42	53	24	29
Pauljensenia sp000185285	0	0	0	0	0	0	155	131	24	81	60	21	135	107	28	70	44	26	171	113	58	108	60	48	551	364	187	318	163	155	602	492	110	153	96	57	581	370	211	210	98	112	1864	1268	596	833	432	401	2794	2470	324	1407	1006	401	188	122	66	99	45	54
Pauljensenia sp000278725	0	0	0	0	0	0	35	22	13	31	21	10	36	28	0	25	19	0	110	69	41	95	55	40	221	133	88	121	70	51	102	80	22	27	11	16	250	161	89	77	26	51	412	265	147	171	82	89	342	291	51	169	124	45	82	52	30	46	20	26
Pauljensenia sp000411415	0	0	0	0	0	0	25	21	0	13	11	0	22	16	0	11	0	0	32	19	13	29	18	11	105	73	32	71	32	39	40	27	13	11	0	0	121	80	41	48	23	25	165	103	62	82	37	45	159	128	31	100	69	31	22	10	12	11	0	0
Pauljensenia sp000466265	0	0	0	0	0	0	40	38	0	23	18	0	58	52	0	30	24	0	149	90	59	74	32	42	204	134	70	126	59	67	135	95	40	39	23	16	245	154	91	85	38	47	390	253	137	180	85	95	363	311	52	217	140	77	52	33	19	33	19	14
Pauljensenia sp001064145	0	0	0	0	0	0	29	23	0	15	15	0	20	15	0	0	0	0	33	24	0	15	0	10	115	70	45	60	24	36	19	13	0	16	12	0	122	65	57	39	18	21	149	90	59	70	26	44	136	117	19	68	45	23	25	10	15	0	0	0
Pauljensenia sp001838165	0	0	0	0	0	0	16	14	0	0	0	0	24	18	0	12	10	0	33	17	16	15	0	0	102	67	35	68	40	28	17	11	0	0	0	0	117	76	41	39	11	28	137	85	52	76	37	39	111	98	13	71	49	22	10	0	0	0	0	0
Pauljensenia sp018375675	0	0	0	0	0	0	14	11	0	12	11	0	17	13	0	10	0	0	39	29	10	21	10	11	98	66	32	57	24	33	26	24	0	0	0	0	82	38	44	30	15	15	85	57	28	61	18	43	94	78	16	72	48	24	12	0	0	0	0	0
Pauljensenia sp018986735	0	0	0	0	0	0	39	28	11	22	13	0	33	28	0	14	0	0	45	29	16	39	20	19	27	18	0	22	13	0	131	109	22	42	24	18	31	15	16	11	0	0	65	44	21	33	14	19	80	62	18	46	20	26	39	22	17	20	10	10
Pauljensenia sp900556405	0	0	0	0	0	0	30	27	0	19	12	0	18	13	0	0	0	0	32	24	0	19	0	13	65	43	22	51	22	29	28	21	0	10	0	0	80	45	35	36	15	21	112	77	35	59	29	30	101	84	17	54	38	16	14	13	0	0	0	0
Pauljensenia sp902373435	0	0	0	0	0	0	320	283	37	139	97	42	219	195	24	82	57	25	47	36	11	21	11	10	123	86	37	79	42	37	86	67	19	21	11	10	142	79	63	50	24	26	184	113	71	98	51	47	194	168	26	93	58	35	0	0	0	0	0	0
Pauljensenia sp902373545	0	0	0	0	0	0	44	33	11	28	18	10	55	45	10	29	28	0	127	79	48	72	42	30	202	127	75	119	69	50	91	78	13	21	13	0	254	139	115	77	35	42	360	228	132	167	82	85	386	324	62	196	143	53	60	36	24	39	17	22
Pelomonas depolymerans	0	0	0	0	0	0	0	0	0	0	0	0	0	0	0	0	0	0	0	0	0	0	0	0	3689	3357	332	2459	1701	758	0	0	0	0	0	0	0	0	0	0	0	0	0	0	0	0	0	0	0	0	0	0	0	0	10	0	0	0	0	0
Pelomonas puraquae	0	0	0	0	0	0	0	0	0	0	0	0	0	0	0	0	0	0	66	59	0	20	13	0	940632	837848	102784	623618	383253	240365	25	14	11	0	0	0	12	10	0	0	0	0	0	0	0	0	0	0	0	0	0	0	0	0	15	11	0	0	0	0
Pelomonas saccharophila	0	0	0	0	0	0	0	0	0	0	0	0	0	0	0	0	0	0	0	0	0	0	0	0	5668	5098	570	3955	2609	1346	0	0	0	0	0	0	0	0	0	0	0	0	0	0	0	0	0	0	0	0	0	0	0	0	23	12	11	18	0	12
Pelomonas sp001425055	0	0	0	0	0	0	0	0	0	0	0	0	0	0	0	0	0	0	0	0	0	0	0	0	384	337	47	297	179	118	13	13	0	0	0	0	10	0	0	0	0	0	0	0	0	0	0	0	0	0	0	0	0	0	0	0	0	0	0	0
Pelomonas sp001425165	0	0	0	0	0	0	0	0	0	0	0	0	0	0	0	0	0	0	0	0	0	0	0	0	354	317	37	269	161	108	0	0	0	0	0	0	11	0	0	0	0	0	0	0	0	0	0	0	0	0	0	0	0	0	20	14	0	0	0	0
Pelomonas sp001426885	0	0	0	0	0	0	0	0	0	0	0	0	0	0	0	0	0	0	0	0	0	0	0	0	475	432	43	332	235	97	0	0	0	0	0	0	0	0	0	0	0	0	0	0	0	0	0	0	0	0	0	0	0	0	21	18	0	0	0	0
Pelomonas sp003963005	0	0	0	0	0	0	0	0	0	0	0	0	0	0	0	0	0	0	0	0	0	0	0	0	31382	28885	2497	20945	14695	6250	18	0	11	0	0	0	0	0	0	0	0	0	0	0	0	0	0	0	0	0	0	0	0	0	22	13	0	17	0	10
Pelomonas sp003963075	0	0	0	0	0	0	0	0	0	0	0	0	0	0	0	0	0	0	0	0	0	0	0	0	5905	5369	536	4213	2848	1365	49	42	0	0	0	0	0	0	0	0	0	0	0	0	0	0	0	0	0	0	0	0	0	0	20	0	15	20	0	14
Pelomonas sp009996515	0	0	0	0	0	0	0	0	0	0	0	0	0	0	0	0	0	0	0	0	0	0	0	0	472	421	51	294	216	78	0	0	0	0	0	0	0	0	0	0	0	0	0	0	0	0	0	0	0	0	0	0	0	0	16	13	0	0	0	0
Pelomonas sp016195825	0	0	0	0	0	0	0	0	0	0	0	0	0	0	0	0	0	0	0	0	0	0	0	0	351	301	50	281	183	98	36	19	17	0	0	0	0	0	0	0	0	0	0	0	0	0	0	0	0	0	0	0	0	0	19	14	0	17	0	11
Peptidiphaga gingivicola	0	0	0	0	0	0	772	635	137	372	253	119	710	557	153	444	285	159	98	61	37	39	24	15	30	20	10	12	0	0	31	17	14	12	0	0	287	147	140	119	51	68	157	97	60	61	31	30	67	52	15	37	22	15	23	18	0	10	0	0
Peptidiphaga sp000466165	0	0	0	0	0	0	184	140	44	102	59	43	42	31	11	25	19	0	72	48	24	52	27	25	51	43	0	30	23	0	70	49	21	24	13	11	30	21	0	0	0	0	40	27	13	14	0	0	46	36	10	34	22	12	45	36	0	29	18	11
Peptidiphaga sp905373325	0	0	0	0	0	0	687	564	123	291	203	88	2190	1692	498	1212	783	429	31	21	10	25	13	12	12	0	0	0	0	0	23	21	0	0	0	0	444	218	226	176	65	111	184	103	81	79	40	39	65	57	0	45	28	17	17	12	0	0	0	0
Peptoanaerobacter margaretiae	0	0	0	0	0	0	370	289	81	1175	906	269	2282	1782	500	5336	4049	1287	221	97	124	688	321	367	220	94	126	511	169	342	0	0	0	17	0	0	2341	1320	1021	4695	2230	2465	1135	685	450	2686	1314	1372	369	273	96	1033	618	415	0	0	0	18	14	0
Peptoanaerobacter stomatis	0	0	0	0	0	0	230	192	38	558	423	135	116	105	11	349	279	70	73	44	29	150	89	61	0	0	0	12	0	0	30	25	0	59	37	22	37	23	14	59	26	33	97	75	22	106	56	50	18	15	0	54	42	12	15	13	0	14	11	0
Peptoanaerobacter yurii	0	0	0	0	0	0	313	265	48	919	670	249	5645	4220	1425	13167	9792	3375	266	132	134	905	425	480	245	109	136	623	201	422	0	0	0	20	11	0	2908	1640	1268	5914	2889	3025	1346	856	490	3149	1580	1569	435	324	111	1303	848	455	0	0	0	20	0	13
Peptostreptococcus canis	0	0	0	0	0	0	109	97	12	383	307	76	206	172	34	613	511	102	88	60	28	188	129	59	0	0	0	0	0	0	34	26	0	57	29	28	34	29	0	40	26	14	47	40	0	61	38	23	28	26	0	38	29	0	0	0	0	0	0	0
Peptostreptococcus russellii	269	210	59	515	285	230	0	0	0	0	0	0	0	0	0	0	0	0	0	0	0	0	0	0	0	0	0	0	0	0	0	0	0	31	24	0	0	0	0	0	0	0	0	0	0	0	0	0	0	0	0	0	0	0	0	0	0	0	0	0
Peptostreptococcus sp000758885	0	0	0	0	0	0	0	0	0	30	19	11	10	0	0	26	21	0	87	58	29	201	131	70	0	0	0	11	0	0	0	0	0	15	0	10	37	27	10	49	24	25	70	50	20	112	66	46	59	53	0	103	76	27	0	0	0	21	12	0
Peptostreptococcus sp900759325	0	0	0	0	0	0	10	0	0	42	37	0	0	0	0	32	29	0	166	99	67	390	236	154	0	0	0	15	0	0	13	10	0	31	21	10	54	38	16	100	45	55	140	107	33	229	135	94	133	123	10	258	197	61	39	29	10	53	28	25
Peptostreptococcus stomatis	0	0	0	0	0	0	414	343	71	1083	869	214	385	331	54	983	811	172	2377	1506	871	5089	3163	1926	142	93	49	222	111	111	201	132	69	474	270	204	880	636	244	1143	610	533	1950	1472	478	2734	1627	1107	1909	1756	153	3535	2898	637	365	250	115	560	335	225
Phocaeicola abscessus	0	0	0	0	0	0	4774	3655	1119	5859	3926	1933	1024	767	257	1237	852	385	0	0	0	12	0	0	0	0	0	0	0	0	0	0	0	0	0	0	0	0	0	0	0	0	0	0	0	0	0	0	0	0	0	14	12	0	0	0	0	0	0	0
Porphyromonas catoniae	0	0	0	0	0	0	0	0	0	0	0	0	475	385	90	471	325	146	17	0	0	18	0	0	36	12	24	59	18	41	0	0	0	0	0	0	436	249	187	316	137	179	82	59	23	91	32	59	0	0	0	11	0	0	0	0	0	0	0	0
Porphyromonas endodontalis	0	0	0	0	0	0	157	115	42	218	147	71	371	287	84	446	306	140	14	0	0	16	0	12	11	10	0	10	0	0	0	0	0	0	0	0	10	0	0	15	0	0	18	11	0	24	13	11	0	0	0	0	0	0	10	0	0	11	0	0
Porphyromonas gingivalis	0	0	0	0	0	0	3142	2322	820	3480	2309	1171	939	656	283	1083	713	370	297	121	176	352	121	231	0	0	0	12	0	0	25	11	14	40	10	30	47	25	22	32	11	21	82	32	50	98	30	68	30	25	0	44	21	23	49	27	22	34	14	20
Porphyromonas pasteri	0	0	0	0	0	0	0	0	0	0	0	0	42	32	10	55	36	19	0	0	0	0	0	0	17	15	0	12	10	0	0	0	0	0	0	0	469	282	187	240	112	128	228	134	94	186	88	98	10	0	0	17	10	0	33	23	10	19	14	0
Porphyromonas sp000467855	0	0	0	0	0	0	65	52	13	44	28	16	496	403	93	383	267	116	11	0	0	13	0	0	0	0	0	0	0	0	0	0	0	0	0	0	211	131	80	119	59	60	121	85	36	126	44	82	0	0	0	0	0	0	0	0	0	0	0	0
Porphyromonas sp018127745	0	0	0	0	0	0	0	0	0	0	0	0	205	162	43	119	84	35	0	0	0	0	0	0	0	0	0	0	0	0	0	0	0	0	0	0	315	185	130	134	61	73	71	37	34	47	18	29	0	0	0	0	0	0	0	0	0	0	0	0
Porphyromonas sp905372525	0	0	0	0	0	0	0	0	0	13	0	0	1454	1178	276	1338	949	389	30	14	16	51	28	23	72	42	30	90	30	60	0	0	0	0	0	0	947	581	366	653	269	384	194	111	83	163	85	78	36	26	10	47	24	23	0	0	0	0	0	0
Prevotella buccae	0	0	0	0	0	0	301	241	60	313	204	109	200	157	43	210	134	76	0	0	0	0	0	0	0	0	0	0	0	0	0	0	0	0	0	0	0	0	0	0	0	0	0	0	0	0	0	0	0	0	0	0	0	0	0	0	0	0	0	0
Prevotella conceptionensis	0	0	0	0	0	0	2039	1537	502	2262	1512	750	2256	1713	543	2536	1765	771	21	0	13	29	0	25	0	0	0	0	0	0	0	0	0	0	0	0	442	231	211	473	207	266	214	115	99	293	112	181	37	22	15	35	19	16	19	12	0	0	0	0
Prevotella intermedia	0	0	0	0	0	0	282	212	70	363	249	114	277	194	83	394	275	119	32	16	16	72	21	51	0	0	0	0	0	0	0	0	0	0	0	0	136	74	62	139	55	84	105	67	38	184	63	121	32	18	14	55	34	21	17	0	0	14	0	0
Prevotella koreensis	0	0	0	0	0	0	1163	919	244	1635	1177	458	260	189	71	368	256	112	10	0	0	39	12	27	0	0	0	0	0	0	0	0	0	0	0	0	70	35	35	95	30	65	148	73	75	236	104	132	60	47	13	130	52	78	103	51	52	119	38	81
Prevotella loescheii	0	0	0	0	0	0	856	649	207	1085	752	333	4783	3495	1288	5915	4058	1857	95	42	53	138	42	96	16	0	0	27	10	17	0	0	0	0	0	0	6728	3423	3305	7171	2949	4222	2252	1243	1009	2787	1197	1590	372	215	157	708	321	387	47	26	21	31	13	18
Prevotella maculosa	0	0	0	0	0	0	537	420	117	701	479	222	162	121	41	225	152	73	0	0	0	0	0	0	0	0	0	0	0	0	0	0	0	0	0	0	10	0	0	0	0	0	0	0	0	0	0	0	0	0	0	0	0	0	0	0	0	0	0	0
Prevotella micans	0	0	0	0	0	0	258	216	42	385	261	124	174	130	44	254	190	64	0	0	0	0	0	0	0	0	0	0	0	0	0	0	0	0	0	0	0	0	0	0	0	0	0	0	0	0	0	0	0	0	0	0	0	0	0	0	0	0	0	0
Prevotella saccharolytica	0	0	0	0	0	0	393	295	98	645	443	202	1709	1245	464	2599	1860	739	33	14	19	57	17	40	0	0	0	18	0	16	0	0	0	0	0	0	326	180	146	376	172	204	117	70	47	185	75	110	47	21	26	88	39	49	13	0	0	26	13	13
Prevotella shahii	0	0	0	0	0	0	110	72	38	160	107	53	179	137	42	229	149	80	0	0	0	0	0	0	0	0	0	0	0	0	0	0	0	0	0	0	80	33	47	99	52	47	30	22	0	41	22	19	0	0	0	10	0	0	0	0	0	0	0	0
Prevotella sp905373605	0	0	0	0	0	0	469	320	149	520	334	186	101	66	35	119	76	43	0	0	0	0	0	0	0	0	0	0	0	0	0	0	0	0	0	0	44	24	20	48	20	28	17	0	10	20	0	11	0	0	0	0	0	0	0	0	0	0	0	0
Propionibacterium acidifaciens	0	0	0	0	0	0	34	28	0	25	13	12	125	102	23	52	34	18	29	19	10	13	0	0	148	120	28	76	44	32	64	36	28	22	0	13	0	0	0	0	0	0	23	15	0	12	0	0	30	24	0	31	24	0	25	19	0	10	0	0
Prosthecochloris vibrioformis	0	0	0	0	0	0	0	0	0	0	0	0	42	38	0	58	46	12	0	0	0	0	0	0	0	0	0	0	0	0	0	0	0	0	0	0	10	0	0	11	0	0	89	72	17	86	51	35	340	302	38	358	280	78	0	0	0	0	0	0
Proteiniphilum sp003712195	0	0	0	0	0	0	258	200	58	406	265	141	46	30	16	95	66	29	0	0	0	0	0	0	0	0	0	0	0	0	0	0	0	0	0	0	0	0	0	0	0	0	0	0	0	0	0	0	0	0	0	0	0	0	0	0	0	0	0	0
Pseudoduganella guangdongensis	0	0	0	0	0	0	0	0	0	0	0	0	0	0	0	0	0	0	0	0	0	0	0	0	0	0	0	0	0	0	0	0	0	0	0	0	0	0	0	0	0	0	0	0	0	0	0	0	0	0	0	0	0	0	2965	1938	1027	1485	573	912
Pseudomonas B oryzihabitans	0	0	0	0	0	0	0	0	0	0	0	0	0	0	0	0	0	0	0	0	0	0	0	0	0	0	0	0	0	0	0	0	0	0	0	0	13	13	0	0	0	0	0	0	0	0	0	0	1905	1848	57	571	452	119	0	0	0	0	0	0
Pseudomonas E anatoliensis	0	0	0	0	0	0	0	0	0	0	0	0	0	0	0	0	0	0	0	0	0	0	0	0	0	0	0	0	0	0	0	0	0	0	0	0	0	0	0	0	0	0	0	0	0	0	0	0	717	693	24	436	371	65	0	0	0	0	0	0
Pseudomonas E azotoformans	0	0	0	0	0	0	0	0	0	0	0	0	0	0	0	0	0	0	0	0	0	0	0	0	0	0	0	0	0	0	0	0	0	0	0	0	0	0	0	0	0	0	0	0	0	0	0	0	9453	9096	357	5645	4685	960	0	0	0	0	0	0
Pseudomonas E bubulae	0	0	0	0	0	0	0	0	0	0	0	0	0	0	0	0	0	0	0	0	0	0	0	0	12	0	0	0	0	0	0	0	0	0	0	0	10	0	0	0	0	0	11	11	0	0	0	0	1308	1260	48	644	534	110	14	12	0	10	0	0
Pseudomonas E coleopterorum	0	0	0	0	0	0	0	0	0	0	0	0	0	0	0	0	0	0	0	0	0	0	0	0	0	0	0	0	0	0	0	0	0	0	0	0	0	0	0	0	0	0	0	0	0	0	0	0	2253	2195	58	1089	922	167	0	0	0	0	0	0
Pseudomonas E fulva	0	0	0	0	0	0	0	0	0	0	0	0	0	0	0	0	0	0	0	0	0	0	0	0	0	0	0	0	0	0	0	0	0	0	0	0	804	741	63	78	53	25	0	0	0	0	0	0	23	23	0	14	13	0	0	0	0	0	0	0
Pseudomonas E hunanensis	0	0	0	0	0	0	0	0	0	0	0	0	0	0	0	0	0	0	0	0	0	0	0	0	0	0	0	0	0	0	18	16	0	10	0	10	35	34	0	10	0	0	10	0	0	0	0	0	3173	3073	100	1806	1502	304	258	193	65	105	53	52
Pseudomonas E iridis	0	0	0	0	0	0	0	0	0	0	0	0	0	0	0	0	0	0	0	0	0	0	0	0	0	0	0	0	0	0	0	0	0	0	0	0	0	0	0	0	0	0	0	0	0	0	0	0	1890	1842	48	981	856	125	0	0	0	0	0	0
Pseudomonas E juntendi	0	0	0	0	0	0	0	0	0	0	0	0	0	0	0	0	0	0	0	0	0	0	0	0	0	0	0	0	0	0	25	20	0	0	0	0	28	19	0	0	0	0	0	0	0	0	0	0	1683	1631	52	660	529	131	14	12	0	0	0	0
Pseudomonas E paracarnis	0	0	0	0	0	0	0	0	0	0	0	0	0	0	0	0	0	0	0	0	0	0	0	0	10	0	0	0	0	0	0	0	0	0	0	0	12	12	0	0	0	0	0	0	0	0	0	0	1878	1778	100	886	717	169	10	0	0	0	0	0
Pseudomonas E psychrophila	0	0	0	0	0	0	0	0	0	0	0	0	0	0	0	0	0	0	0	0	0	0	0	0	0	0	0	0	0	0	0	0	0	0	0	0	25	23	0	0	0	0	10	0	0	0	0	0	1532	1492	40	805	687	118	0	0	0	0	0	0
Pseudomonas E putida	14	0	0	0	0	0	0	0	0	0	0	0	0	0	0	0	0	0	0	0	0	0	0	0	0	0	0	0	0	0	0	0	0	0	0	0	1623	1544	79	180	135	45	0	0	0	0	0	0	1454	1400	54	866	740	126	32	25	0	13	0	0
Pseudomonas E sp000416235	0	0	0	0	0	0	0	0	0	0	0	0	0	0	0	0	0	0	0	0	0	0	0	0	0	0	0	0	0	0	0	0	0	0	0	0	0	0	0	0	0	0	0	0	0	0	0	0	884	854	30	450	373	77	0	0	0	0	0	0
Pseudomonas E sp001269815	0	0	0	0	0	0	0	0	0	0	0	0	0	0	0	0	0	0	0	0	0	0	0	0	0	0	0	0	0	0	0	0	0	0	0	0	0	0	0	0	0	0	0	0	0	0	0	0	637	609	28	356	314	42	11	0	0	0	0	0
Pseudomonas E sp002836515	0	0	0	0	0	0	0	0	0	0	0	0	0	0	0	0	0	0	0	0	0	0	0	0	0	0	0	0	0	0	0	0	0	0	0	0	17	13	0	0	0	0	0	0	0	0	0	0	7351	7125	226	4436	3776	660	0	0	0	0	0	0
Pseudomonas E sp002843585	0	0	0	0	0	0	0	0	0	0	0	0	0	0	0	0	0	0	0	0	0	0	0	0	14	13	0	0	0	0	0	0	0	0	0	0	0	0	0	0	0	0	0	0	0	0	0	0	4774	4620	154	2241	1897	344	0	0	0	0	0	0
Pseudomonas E sp900583165	0	0	0	0	0	0	0	0	0	0	0	0	0	0	0	0	0	0	0	0	0	0	0	0	0	0	0	0	0	0	0	0	0	0	0	0	0	0	0	0	0	0	0	0	0	0	0	0	514	493	21	338	281	57	0	0	0	0	0	0
Psychrobacter faecalis	78	64	14	109	70	39	0	0	0	0	0	0	0	0	0	0	0	0	0	0	0	0	0	0	0	0	0	0	0	0	0	0	0	0	0	0	7594	7269	325	2162	1822	340	102	77	25	142	111	31	0	0	0	0	0	0	0	0	0	0	0	0
Psychrobacter sp002377905	24	20	0	22	16	0	0	0	0	0	0	0	0	0	0	0	0	0	0	0	0	0	0	0	0	0	0	0	0	0	0	0	0	0	0	0	699	678	21	172	147	25	22	16	0	29	25	0	0	0	0	0	0	0	0	0	0	0	0	0
Puteibacter caeruleilacunae	0	0	0	0	0	0	0	0	0	0	0	0	0	0	0	0	0	0	0	0	0	0	0	0	0	0	0	0	0	0	0	0	0	0	0	0	0	0	0	0	0	0	28	28	0	17	15	0	0	0	0	0	0	0	497	415	82	141	93	48
Pyramidobacter piscolens	0	0	0	0	0	0	433	354	79	307	192	115	522	399	123	356	240	116	0	0	0	0	0	0	0	0	0	0	0	0	0	0	0	0	0	0	0	0	0	0	0	0	0	0	0	0	0	0	0	0	0	0	0	0	0	0	0	0	0	0
QFNR01 sp003248485	14	12	0	13	0	0	0	0	0	0	0	0	0	0	0	0	0	0	65	57	0	108	90	18	391	359	32	488	382	106	41	41	0	36	24	12	187	177	10	68	52	16	249	221	28	254	190	64	0	0	0	0	0	0	99	89	10	76	48	28
RCIZ01 sp016793485	0	0	0	0	0	0	0	0	0	0	0	0	0	0	0	0	0	0	0	0	0	0	0	0	804	737	67	478	332	146	0	0	0	0	0	0	0	0	0	0	0	0	0	0	0	0	0	0	0	0	0	0	0	0	0	0	0	0	0	0
Rahnella aceris	5759	4020	1739	4005	1752	2253	0	0	0	0	0	0	0	0	0	0	0	0	0	0	0	0	0	0	0	0	0	0	0	0	0	0	0	0	0	0	0	0	0	0	0	0	0	0	0	0	0	0	1257	1223	34	1182	999	183	0	0	0	0	0	0
Rahnella aquatilis	148	98	50	96	52	44	0	0	0	0	0	0	0	0	0	0	0	0	0	0	0	0	0	0	0	0	0	0	0	0	0	0	0	0	0	0	0	0	0	0	0	0	0	0	0	0	0	0	855	824	31	755	624	131	0	0	0	0	0	0
Rahnella inusitata	0	0	0	0	0	0	0	0	0	0	0	0	0	0	0	0	0	0	0	0	0	0	0	0	0	0	0	0	0	0	0	0	0	0	0	0	0	0	0	0	0	0	0	0	0	0	0	0	1593	1559	34	1378	1167	211	0	0	0	0	0	0
Rahnella sp004195115	1555	1114	441	1062	456	606	0	0	0	0	0	0	0	0	0	0	0	0	0	0	0	0	0	0	0	0	0	0	0	0	0	0	0	0	0	0	0	0	0	0	0	0	0	0	0	0	0	0	35590	34680	910	29521	25107	4414	0	0	0	0	0	0
Rahnella victoriana	1716	1214	502	1026	412	614	0	0	0	0	0	0	0	0	0	0	0	0	0	0	0	0	0	0	0	0	0	0	0	0	0	0	0	0	0	0	0	0	0	0	0	0	0	0	0	0	0	0	90	89	0	70	61	0	0	0	0	0	0	0
Rhodoferax sp008015235	0	0	0	0	0	0	0	0	0	0	0	0	0	0	0	0	0	0	0	0	0	0	0	0	706	642	64	526	382	144	16	16	0	0	0	0	24	21	0	13	0	0	16	12	0	0	0	0	0	0	0	0	0	0	0	0	0	0	0	0
Rickettsia felis	269	174	95	720	273	447	0	0	0	0	0	0	0	0	0	0	0	0	0	0	0	0	0	0	0	0	0	0	0	0	0	0	0	0	0	0	0	0	0	0	0	0	0	0	0	0	0	0	0	0	0	0	0	0	0	0	0	0	0	0
Rothia aeria	12	0	0	11	0	0	239	191	48	151	108	43	1641	1283	358	1549	1090	459	15	11	0	14	0	0	70	63	0	43	29	14	0	0	0	0	0	0	783	524	259	361	163	198	6482	4945	1537	2572	1459	1113	3196	2818	378	2084	1438	646	38	29	0	12	0	0
Rothia amarae	0	0	0	0	0	0	0	0	0	0	0	0	0	0	0	0	0	0	0	0	0	0	0	0	410	380	30	459	326	133	0	0	0	0	0	0	10	0	0	0	0	0	0	0	0	0	0	0	0	0	0	0	0	0	0	0	0	0	0	0
Rothia dentocariosa	18	11	0	23	10	13	294	239	55	281	197	84	161	119	42	139	83	56	54	43	11	39	27	12	483	447	36	349	268	81	28	28	0	11	0	0	352	310	42	86	45	41	633	509	124	255	151	104	269	232	37	176	130	46	111	80	31	64	27	37
Rothia kristinae	0	0	0	0	0	0	0	0	0	0	0	0	0	0	0	0	0	0	0	0	0	0	0	0	914	826	88	564	359	205	10	10	0	0	0	0	0	0	0	0	0	0	112	86	26	16	0	10	0	0	0	0	0	0	0	0	0	0	0	0
Rouxiella badensis	0	0	0	0	0	0	0	0	0	0	0	0	0	0	0	0	0	0	0	0	0	0	0	0	0	0	0	0	0	0	0	0	0	0	0	0	0	0	0	0	0	0	0	0	0	0	0	0	1074	1050	24	951	814	137	0	0	0	0	0	0
Rubrivivax sp001724995	0	0	0	0	0	0	0	0	0	0	0	0	0	0	0	0	0	0	0	0	0	0	0	0	605	547	58	390	275	115	0	0	0	0	0	0	0	0	0	0	0	0	0	0	0	0	0	0	0	0	0	0	0	0	0	0	0	0	0	0
Rubrivivax sp013822265	0	0	0	0	0	0	0	0	0	0	0	0	0	0	0	0	0	0	0	0	0	0	0	0	1425	1307	118	913	652	261	0	0	0	0	0	0	0	0	0	0	0	0	0	0	0	0	0	0	0	0	0	0	0	0	0	0	0	0	0	0
S5-A14a sp900112915	0	0	0	0	0	0	142	119	23	336	275	61	52	48	0	121	102	19	67	42	25	137	78	59	0	0	0	0	0	0	19	10	0	36	20	16	0	0	0	15	0	0	31	26	0	60	39	21	17	17	0	50	40	10	0	0	0	0	0	0
SDRW01 sp007845485	0	0	0	0	0	0	754	656	98	1400	1141	259	12240	10576	1664	25399	20862	4537	155	98	57	170	111	59	35	23	12	18	0	10	252	207	45	288	178	110	34	21	13	23	0	16	165	128	37	123	68	55	86	79	0	114	90	24	128	73	55	122	54	68
SSSZ01 sp016720065	0	0	0	0	0	0	0	0	0	0	0	0	0	0	0	0	0	0	0	0	0	0	0	0	710	645	65	688	503	185	0	0	0	0	0	0	0	0	0	0	0	0	0	0	0	0	0	0	0	0	0	0	0	0	0	0	0	0	0	0
Saccharimonas sp010202265	0	0	0	0	0	0	2130	1851	279	2350	1810	540	5847	5158	689	6620	5250	1370	1043	661	382	1354	816	538	60	41	19	55	25	30	80	68	12	87	49	38	693	536	157	366	236	130	684	530	154	465	297	168	152	128	24	160	122	38	74	48	26	93	51	42
Saccharimonas sp013333625	0	0	0	0	0	0	2704	2354	350	2667	2052	615	1386	1213	173	1453	1159	294	526	343	183	686	416	270	53	35	18	46	25	21	284	245	39	190	117	73	89	63	26	67	44	23	337	265	72	236	136	100	427	364	63	511	388	123	87	49	38	34	14	20
Saccharimonas sp013333645	0	0	0	0	0	0	75	70	0	67	53	14	33	28	0	36	30	0	112	83	29	88	48	40	0	0	0	0	0	0	59	52	0	32	20	12	78	49	29	25	0	16	126	85	41	75	40	35	21	19	0	23	21	0	182	140	42	147	79	68
Saccharimonas sp013333795	0	0	0	0	0	0	2384	2068	316	2537	2040	497	1243	1083	160	1363	1087	276	69	48	21	73	48	25	0	0	0	11	0	0	289	244	45	228	139	89	34	30	0	15	0	0	169	130	39	120	66	54	305	256	49	301	223	78	221	160	61	169	104	65
Saccharimonas sp013333845	0	0	0	0	0	0	3221	2835	386	4064	3221	843	1342	1161	181	1510	1200	310	80	53	27	77	50	27	0	0	0	0	0	0	213	182	31	169	96	73	44	30	14	21	0	12	233	175	58	177	100	77	392	347	45	466	346	120	23	11	12	26	10	16
Saccharimonas sp015257605	0	0	0	0	0	0	2459	2188	271	2678	2073	605	1171	1028	143	1227	979	248	82	48	34	69	46	23	0	0	0	10	0	0	262	203	59	197	124	73	27	18	0	14	0	0	158	116	42	103	68	35	285	245	40	276	196	80	59	35	24	42	12	30
Saccharimonas sp015257665	0	0	0	0	0	0	55	47	0	60	49	11	42	33	0	41	31	10	335	229	106	258	145	113	37	25	12	26	15	11	32	28	0	18	0	11	164	102	62	73	30	43	191	132	59	126	71	55	48	42	0	42	33	0	60	44	16	27	15	12
Saccharimonas sp018127705	0	0	0	0	0	0	133	114	19	166	133	33	63	54	0	121	95	26	18	13	0	28	15	13	0	0	0	0	0	0	18	16	0	35	21	14	0	0	0	0	0	0	18	13	0	0	0	0	24	21	0	34	30	0	11	0	0	14	0	0
Saccharimonas sp905365145	0	0	0	0	0	0	2877	2530	347	3087	2432	655	1499	1311	188	1550	1241	309	143	85	58	150	89	61	29	19	10	28	13	15	511	425	86	472	281	191	64	45	19	33	17	16	274	202	72	159	93	66	421	365	56	412	310	102	63	41	22	54	25	29
Saccharimonas sp905371595	0	0	0	0	0	0	2751	2393	358	3009	2372	637	1371	1194	177	1479	1194	285	142	95	47	174	96	78	11	0	0	20	10	10	305	260	45	249	145	104	51	30	21	33	18	15	237	174	63	160	104	56	294	253	41	311	224	87	67	38	29	46	23	23
Saccharimonas sp905371715	0	0	0	0	0	0	33	28	0	71	55	16	121	98	23	129	98	31	41	21	20	55	33	22	0	0	0	0	0	0	32	26	0	49	32	17	11	0	0	0	0	0	51	39	12	31	19	12	13	0	0	19	14	0	0	0	0	0	0	0
Saccharimonas sp905372095	0	0	0	0	0	0	3950	3463	487	4384	3438	946	1801	1572	229	1895	1495	400	110	66	44	129	80	49	19	12	0	16	0	0	341	283	58	347	203	144	50	30	20	27	10	17	297	217	80	204	121	83	381	320	61	382	283	99	63	38	25	66	34	32
Saccharimonas sp905372275	0	0	0	0	0	0	3073	2692	381	3167	2478	689	1641	1415	226	1708	1367	341	114	75	39	117	75	42	14	0	0	20	12	0	542	461	81	503	313	190	63	45	18	40	19	21	339	257	82	259	146	113	377	331	46	348	244	104	74	41	33	59	30	29
Saccharimonas sp905373835	0	0	0	0	0	0	41	35	0	51	41	10	35	32	0	46	40	0	93	58	35	81	44	37	10	0	0	0	0	0	39	30	0	12	0	0	107	71	36	47	26	21	144	97	47	93	51	42	13	12	0	20	15	0	0	0	0	0	0	0
Saccharopolyspora dendranthemae	0	0	0	0	0	0	0	0	0	0	0	0	0	0	0	0	0	0	0	0	0	0	0	0	0	0	0	0	0	0	35	31	0	0	0	0	1223	790	433	474	235	239	13	0	0	0	0	0	0	0	0	0	0	0	0	0	0	0	0	0
Selenomonas sp905372355	0	0	0	0	0	0	972	826	146	737	524	213	118	98	20	83	59	24	32	19	13	22	13	0	0	0	0	0	0	0	0	0	0	0	0	0	0	0	0	0	0	0	19	13	0	0	0	0	37	30	0	35	23	12	0	0	0	0	0	0
Selenomonas sp905373085	0	0	0	0	0	0	801	674	127	633	454	179	137	117	20	91	71	20	24	13	11	26	13	13	0	0	0	0	0	0	0	0	0	0	0	0	11	0	0	10	0	0	15	13	0	13	0	0	39	34	0	27	23	0	16	13	0	0	0	0
Selenomonas sputigena	0	0	0	0	0	0	1879	1576	303	1424	1017	407	203	162	41	164	117	47	41	24	17	36	15	21	0	0	0	0	0	0	0	0	0	0	0	0	0	0	0	0	0	0	24	19	0	18	0	0	46	36	10	39	23	16	15	0	0	12	0	0
Shewanella bicestrii	0	0	0	0	0	0	0	0	0	0	0	0	0	0	0	0	0	0	0	0	0	0	0	0	0	0	0	0	0	0	0	0	0	0	0	0	1057	937	120	296	232	64	0	0	0	0	0	0	0	0	0	0	0	0	0	0	0	0	0	0
Shewanella decolorationis	0	0	0	0	0	0	0	0	0	0	0	0	0	0	0	0	0	0	0	0	0	0	0	0	0	0	0	0	0	0	0	0	0	0	0	0	558	501	57	148	116	32	0	0	0	0	0	0	0	0	0	0	0	0	0	0	0	0	0	0
Shewanella sp000203935	0	0	0	0	0	0	0	0	0	0	0	0	0	0	0	0	0	0	0	0	0	0	0	0	0	0	0	0	0	0	0	0	0	0	0	0	1373	1207	166	442	318	124	0	0	0	0	0	0	0	0	0	0	0	0	0	0	0	0	0	0
Slackia exigua	0	0	0	0	0	0	4211	3553	658	2245	1551	694	858	700	158	482	345	137	132	68	64	122	46	76	0	0	0	0	0	0	18	15	0	11	0	0	0	0	0	0	0	0	16	10	0	12	0	0	274	190	84	209	112	97	1655	795	860	1121	347	774
Sphaerotilus sp013294065	0	0	0	0	0	0	0	0	0	0	0	0	0	0	0	0	0	0	0	0	0	0	0	0	550	506	44	402	259	143	0	0	0	0	0	0	0	0	0	0	0	0	0	0	0	0	0	0	0	0	0	0	0	0	0	0	0	0	0	0
Sphingobacterium kitahiroshimense	353	263	90	550	228	322	0	0	0	0	0	0	0	0	0	0	0	0	0	0	0	0	0	0	0	0	0	0	0	0	0	0	0	0	0	0	0	0	0	0	0	0	0	0	0	0	0	0	80	79	0	192	168	24	16	11	0	14	0	0
Sphingobacterium sp001586775	0	0	0	911	685	226	0	0	0	0	0	0	0	0	0	0	0	0	0	0	0	0	0	0	0	0	0	0	0	0	0	0	0	0	0	0	0	0	0	0	0	0	0	0	0	0	0	0	0	0	0	0	0	0	0	0	0	0	0	0
Sphingobium xenophagum	0	0	0	0	0	0	0	0	0	0	0	0	0	0	0	0	0	0	0	0	0	0	0	0	1093	993	100	626	434	192	0	0	0	0	0	0	0	0	0	0	0	0	0	0	0	0	0	0	0	0	0	0	0	0	0	0	0	0	0	0
Spirillospora cremea	0	0	0	0	0	0	0	0	0	0	0	0	0	0	0	0	0	0	20	18	0	0	0	0	77	72	0	26	24	0	15	13	0	0	0	0	25	24	0	0	0	0	365	362	0	84	83	0	0	0	0	0	0	0	92	83	0	24	19	0
Staphylococcus capitis	63	42	21	170	69	101	0	0	0	0	0	0	0	0	0	0	0	0	27	23	0	95	76	19	1199	1054	145	2336	1787	549	30	30	0	60	41	19	110	102	0	62	42	20	257	229	28	357	275	82	102	101	0	237	213	24	165	127	38	289	153	136
Staphylococcus epidermidis	50	43	0	210	89	121	0	0	0	0	0	0	0	0	0	0	0	0	86	80	0	313	263	50	2110	1967	143	4348	3502	846	113	102	11	82	46	36	272	257	15	186	144	42	376	348	28	487	374	113	30	28	0	100	91	0	753	617	136	1257	701	556
Staphylococcus equorum	139	117	22	175	81	94	0	0	0	0	0	0	0	0	0	0	0	0	67	63	0	212	179	33	569	533	36	782	641	141	0	0	0	0	0	0	17	14	0	16	10	0	33	32	0	74	62	12	0	0	0	0	0	0	46	31	15	51	27	24
Staphylococcus haemolyticus	22	19	0	37	23	14	0	0	0	0	0	0	0	0	0	0	0	0	0	0	0	14	11	0	257	229	28	451	364	87	0	0	0	15	12	0	23	21	0	0	0	0	27	26	0	15	12	0	0	0	0	25	21	0	12	0	0	22	15	0
Staphylococcus hominis	36	25	11	94	36	58	0	0	0	0	0	0	0	0	0	0	0	0	0	0	0	20	15	0	1387	1267	120	2784	2257	527	25	22	0	19	13	0	119	116	0	71	60	11	63	61	0	68	53	15	0	0	0	39	34	0	78	62	16	173	96	77
Staphylococcus pseudoxylosus	0	0	0	0	0	0	0	0	0	0	0	0	0	0	0	0	0	0	15	15	0	56	45	11	130	113	17	190	165	25	0	0	0	0	0	0	0	0	0	0	0	0	150	121	29	193	136	57	0	0	0	0	0	0	11	0	0	0	0	0
Staphylococcus saccharolyticus	0	0	0	10	0	0	0	0	0	0	0	0	0	0	0	0	0	0	10	0	0	29	23	0	233	218	15	420	313	107	0	0	0	13	0	0	90	85	0	19	16	0	19	19	0	15	14	0	0	0	0	0	0	0	143	111	32	294	162	132
Staphylococcus xylosus	0	0	0	13	10	0	0	0	0	0	0	0	0	0	0	0	0	0	234	220	14	578	503	75	1860	1761	99	2446	2022	424	0	0	0	0	0	0	220	208	12	166	135	31	12	10	0	0	0	0	0	0	0	0	0	0	0	0	0	10	0	0
Streptococcus anginosus	0	0	0	0	0	0	422	353	69	877	670	207	147	126	21	322	258	64	47	24	23	66	36	30	11	10	0	24	17	0	0	0	0	0	0	0	39	20	19	44	23	21	33	24	0	55	23	32	204	184	20	251	197	54	26	23	0	28	21	0
Streptococcus australis	0	0	0	0	0	0	43	38	0	67	56	11	72	51	21	117	85	32	24	13	11	43	27	16	0	0	0	0	0	0	0	0	0	0	0	0	33	12	21	46	16	30	28	20	0	43	19	24	40	40	0	65	48	17	20	13	0	15	11	0
Streptococcus constellatus	0	0	0	0	0	0	4456	3805	651	8288	6464	1824	201	169	32	411	318	93	76	51	25	147	85	62	45	31	14	39	24	15	0	0	0	0	0	0	86	58	28	72	33	39	103	66	37	149	92	57	405	370	35	512	390	122	62	49	13	77	41	36
Streptococcus cristatus	0	0	0	11	0	0	2148	1856	292	3378	2617	761	3254	2677	577	4881	3850	1031	1045	664	381	1433	848	585	665	446	219	575	300	275	0	0	0	0	0	0	1476	965	511	1294	653	641	1263	905	358	1258	717	541	8302	7516	786	7878	6153	1725	814	571	243	770	431	339
Streptococcus gordonii	0	0	0	0	0	0	269	226	43	613	471	142	1221	1022	199	1994	1544	450	160	97	63	228	138	90	298	210	88	276	150	126	10	10	0	0	0	0	639	410	229	678	335	343	1077	728	349	1413	739	674	3029	2757	272	3102	2447	655	128	99	29	108	59	49
Streptococcus intermedius	0	0	0	0	0	0	449	381	68	881	684	197	63	51	12	129	99	30	32	21	11	40	28	12	57	42	15	64	44	20	0	0	0	0	0	0	93	63	30	85	41	44	62	47	15	95	51	44	526	474	52	639	522	117	22	13	0	24	0	15
Streptococcus lactarius	0	0	0	0	0	0	43	36	0	56	42	14	65	50	15	103	76	27	0	0	0	0	0	0	12	0	0	0	0	0	0	0	0	0	0	0	11	0	0	16	0	0	78	55	23	83	57	26	89	85	0	107	84	23	0	0	0	0	0	0
Streptococcus massiliensis	0	0	0	0	0	0	23	18	0	58	45	13	32	24	0	90	66	24	24	15	0	40	29	11	23	17	0	14	0	0	0	0	0	0	0	0	44	28	16	51	26	25	54	41	13	36	24	12	161	145	16	187	140	47	19	13	0	19	15	0
Streptococcus oralis	0	0	0	0	0	0	0	0	0	0	0	0	64	56	0	141	114	27	10	0	0	18	13	0	11	0	0	19	10	0	0	0	0	0	0	0	27	23	0	49	26	23	26	21	0	27	17	10	146	132	14	183	149	34	0	0	0	0	0	0
Streptococcus oricebi	0	0	0	0	0	0	0	0	0	0	0	0	20	16	0	31	24	0	21	0	13	22	11	11	24	16	0	31	12	19	0	0	0	0	0	0	30	17	13	42	18	24	34	25	0	41	22	19	200	169	31	203	148	55	0	0	0	0	0	0
Streptococcus panodentis	0	0	0	0	0	0	18	13	0	46	30	16	123	102	21	231	176	55	125	90	35	114	75	39	164	112	52	192	112	80	0	0	0	0	0	0	350	223	127	332	187	145	220	156	64	221	126	95	1830	1676	154	1955	1515	440	58	35	23	34	25	0
Streptococcus sanguinis	0	0	0	0	0	0	798	662	136	1190	910	280	12484	10751	1733	18122	14523	3599	2762	1830	932	3729	2321	1408	5784	3931	1853	5441	3021	2420	28	25	0	25	17	0	11199	7522	3677	10071	5137	4934	6375	4844	1531	5659	3305	2354	63116	58613	4503	58985	47709	11276	1095	830	265	770	438	332
Streptococcus sinensis	0	0	0	0	0	0	12350	10749	1601	20032	15998	4034	12457	10635	1822	20164	16125	4039	4914	3262	1652	7583	4739	2844	394	261	133	384	206	178	44	40	0	30	23	0	2167	1423	744	2092	1058	1034	4887	3635	1252	4904	2785	2119	20250	18706	1544	20916	16684	4232	5014	3691	1323	4177	2363	1814
Streptococcus sp000220065	0	0	0	0	0	0	61	53	0	79	57	22	785	621	164	1389	1072	317	76	48	28	104	62	42	139	92	47	112	70	42	0	0	0	0	0	0	226	138	88	251	134	117	163	108	55	200	102	98	1417	1297	120	1412	1113	299	43	30	13	25	13	12
Streptococcus sp902460355	0	0	0	0	0	0	206	175	31	313	228	85	316	245	71	460	352	108	107	74	33	160	89	71	75	43	32	74	35	39	0	0	0	0	0	0	171	112	59	171	82	89	150	118	32	164	91	73	1116	1021	95	1058	841	217	99	66	33	63	29	34
Streptococcus sp905221295	0	0	0	0	0	0	60	43	17	104	83	21	205	167	38	335	251	84	12	0	0	12	0	0	0	0	0	0	0	0	0	0	0	0	0	0	22	12	10	23	0	15	11	0	0	22	10	12	28	22	0	55	39	16	0	0	0	10	0	0
Streptococcus sp905372115	0	0	0	0	0	0	109	87	22	150	111	39	2252	1942	310	3239	2600	639	285	188	97	398	248	150	649	447	202	585	331	254	0	0	0	0	0	0	1256	859	397	1076	547	529	766	562	204	642	367	275	7235	6674	561	6596	5352	1244	121	97	24	79	40	39
Streptococcus thermophilus	0	0	0	0	0	0	0	0	0	0	0	0	0	0	0	11	0	0	0	0	0	10	0	0	58	52	0	79	55	24	0	0	0	0	0	0	307	286	21	105	81	24	35	29	0	39	28	11	15	13	0	42	33	0	20	20	0	22	0	13
Streptomyces actuosus	7129	6154	975	9358	6096	3262	0	0	0	0	0	0	0	0	0	0	0	0	0	0	0	0	0	0	0	0	0	0	0	0	27	18	0	0	0	0	306	273	33	212	160	52	0	0	0	16	11	0	0	0	0	0	0	0	0	0	0	0	0	0
Streptomyces mutabilis	886	677	209	1239	633	606	0	0	0	0	0	0	0	0	0	0	0	0	0	0	0	11	10	0	38	37	0	80	63	17	17	17	0	0	0	0	49	39	10	30	26	0	18	18	0	34	25	0	0	0	0	0	0	0	12	0	0	15	0	0
Streptomyces sp001428885	340	289	51	347	256	91	0	0	0	0	0	0	0	0	0	0	0	0	0	0	0	0	0	0	0	0	0	0	0	0	0	0	0	0	0	0	0	0	0	0	0	0	0	0	0	0	0	0	0	0	0	0	0	0	0	0	0	0	0	0
TA-21 sp014523495	0	0	0	0	0	0	0	0	0	0	0	0	0	0	0	0	0	0	0	0	0	0	0	0	1351	1236	115	1858	1473	385	106	102	0	79	62	17	0	0	0	0	0	0	0	0	0	0	0	0	0	0	0	0	0	0	23	16	0	41	21	20
Tannerella forsythia	0	0	0	0	0	0	12685	10298	2387	12580	9014	3566	9306	7565	1741	9529	7103	2426	218	90	128	323	127	196	17	11	0	13	0	0	174	72	102	282	93	189	872	432	440	775	310	465	892	501	391	991	408	583	358	218	140	610	313	297	52	23	29	63	12	51
Tannerella sp002890585	0	0	0	0	0	0	1737	1466	271	1210	879	331	1828	1479	349	1213	903	310	13	10	0	16	0	0	0	0	0	0	0	0	0	0	0	0	0	0	230	124	106	98	43	55	129	78	51	98	44	54	106	76	30	96	51	45	0	0	0	0	0	0
Tannerella sp003033925	0	0	0	0	0	0	4003	3259	744	2958	2081	877	16814	13815	2999	11281	8119	3162	53	25	28	71	30	41	22	14	0	17	0	12	0	0	0	0	0	0	1570	933	637	753	342	411	756	439	317	563	279	284	695	527	168	575	317	258	22	17	0	0	0	0
Tepidiphilus succinatimandens	115	82	33	41	22	19	0	0	0	0	0	0	0	0	0	0	0	0	0	0	0	0	0	0	14	11	0	21	14	0	0	0	0	16	0	0	0	0	0	0	0	0	365	285	80	163	89	74	0	0	0	0	0	0	10	0	0	0	0	0
Thiomicrorhabdus sp013391695	0	0	0	0	0	0	0	0	0	0	0	0	0	0	0	0	0	0	0	0	0	0	0	0	689	619	70	515	360	155	0	0	0	0	0	0	0	0	0	0	0	0	0	0	0	0	0	0	0	0	0	0	0	0	0	0	0	0	0	0
Treponema B denticola	0	0	0	0	0	0	2619	2174	445	5717	4372	1345	1987	1636	351	3935	3071	864	36	19	17	112	46	66	11	0	0	10	0	0	145	91	54	409	212	197	63	34	29	79	35	44	131	84	47	210	95	115	348	289	59	812	526	286	133	99	34	148	79	69
Treponema B putidum	0	0	0	0	0	0	351	277	74	817	598	219	405	321	84	908	690	218	0	0	0	13	0	0	0	0	0	0	0	0	27	15	12	64	36	28	10	0	0	21	10	11	20	14	0	36	15	21	39	30	0	111	71	40	20	13	0	23	0	15
Treponema B sp905372345	0	0	0	0	0	0	365	294	71	754	566	188	289	230	59	529	418	111	0	0	0	16	0	0	0	0	0	0	0	0	24	19	0	74	38	36	0	0	0	17	0	10	21	11	10	30	18	12	35	26	0	87	59	28	12	0	0	18	0	11
Treponema C lecithinolyticum	0	0	0	0	0	0	143	107	36	170	123	47	155	115	40	214	148	66	0	0	0	0	0	0	0	0	0	0	0	0	19	11	0	49	14	35	0	0	0	0	0	0	10	0	0	0	0	0	14	13	0	22	17	0	0	0	0	0	0	0
Treponema C maltophilum	0	0	0	0	0	0	1158	918	240	1249	881	368	1076	882	194	1067	761	306	43	22	21	43	17	26	0	0	0	0	0	0	81	67	14	74	37	37	48	33	15	23	0	15	63	35	28	58	25	33	285	237	48	342	216	126	50	26	24	35	14	21
Treponema C sp905372025	0	0	0	0	0	0	1500	1175	325	1696	1196	500	1152	926	226	1221	890	331	41	21	20	51	27	24	0	0	0	0	0	0	237	163	74	286	136	150	69	35	34	51	19	32	94	57	37	82	37	45	306	235	71	398	245	153	49	34	15	29	10	19
Treponema D buccale	0	0	0	0	0	0	1237	1015	222	1223	850	373	565	445	120	522	365	157	17	0	0	20	0	13	0	0	0	0	0	0	99	79	20	137	57	80	35	18	17	30	12	18	68	45	23	51	24	27	251	193	58	287	160	127	56	38	18	49	24	25
Treponema D paredis	0	0	0	0	0	0	1536	1229	307	1504	1061	443	1486	1170	316	1410	1010	400	43	17	26	42	14	28	0	0	0	0	0	0	142	111	31	152	75	77	96	44	52	77	31	46	117	79	38	113	67	46	422	301	121	490	314	176	69	39	30	47	19	28
Treponema D parvum	0	0	0	0	0	0	218	170	48	378	275	103	183	148	35	246	177	69	0	0	0	11	0	0	0	0	0	0	0	0	13	10	0	0	0	0	0	0	0	0	0	0	0	0	0	0	0	0	45	38	0	67	43	24	34	26	0	17	0	0
Treponema D socranskii	0	0	0	0	0	0	2061	1640	421	2130	1488	642	920	714	206	909	645	264	15	0	0	0	0	0	0	0	0	0	0	0	62	40	22	100	62	38	21	13	0	21	0	15	45	31	14	34	17	17	154	112	42	172	99	73	35	22	13	34	14	20
Treponema D sp014334325	0	0	0	0	0	0	788	650	138	734	534	200	660	518	142	601	449	152	10	0	0	0	0	0	0	0	0	0	0	0	37	35	0	36	22	14	21	16	0	17	0	13	25	19	0	22	0	14	101	80	21	111	66	45	25	18	0	19	0	11
Treponema D sp014334335	0	0	0	0	0	0	190	139	51	333	231	102	120	90	30	165	124	41	0	0	0	0	0	0	0	0	0	0	0	0	0	0	0	0	0	0	0	0	0	0	0	0	0	0	0	0	0	0	0	0	0	10	0	0	0	0	0	0	0	0
Treponema sp000775995	0	0	0	0	0	0	309	246	63	452	334	118	429	350	79	523	398	125	0	0	0	14	0	0	0	0	0	0	0	0	0	0	0	15	11	0	21	0	12	19	0	14	24	14	10	33	17	16	15	13	0	39	27	12	0	0	0	0	0	0
Tropicimonas sabulilitoris	621	502	119	174	97	77	0	0	0	0	0	0	0	0	0	0	0	0	0	0	0	0	0	0	0	0	0	0	0	0	0	0	0	0	0	0	69	65	0	19	15	0	0	0	0	0	0	0	0	0	0	0	0	0	0	0	0	0	0	0
UBA1181 sp900769555	0	0	0	0	0	0	0	0	0	0	0	0	0	0	0	0	0	0	0	0	0	0	0	0	0	0	0	0	0	0	0	0	0	0	0	0	0	0	0	0	0	0	478	455	23	942	849	93	0	0	0	0	0	0	0	0	0	0	0	0
UBA412 sp002495685	0	0	0	0	0	0	0	0	0	0	0	0	0	0	0	0	0	0	0	0	0	0	0	0	0	0	0	0	0	0	312	282	30	765	599	166	0	0	0	13	0	0	0	0	0	12	0	0	10	10	0	26	18	0	0	0	0	0	0	0
Veillonella sp900757715	0	0	0	0	0	0	10	0	0	31	20	11	0	0	0	16	12	0	0	0	0	0	0	0	15	0	0	10	0	0	0	0	0	0	0	0	145	83	62	193	76	117	96	56	40	116	61	55	38	32	0	86	67	19	0	0	0	11	0	0
W11650 sp002999035	0	0	0	0	0	0	7922	6186	1736	9034	6439	2595	5747	4463	1284	6706	4875	1831	198	98	100	323	152	171	0	0	0	22	0	17	32	21	11	96	50	46	295	153	142	261	110	151	465	287	178	579	277	302	173	131	42	276	194	82	63	43	20	66	30	36
W11650 sp003858485	0	0	0	0	0	0	109	90	19	217	180	37	68	55	13	191	159	32	24	16	0	58	35	23	0	0	0	0	0	0	111	75	36	262	147	115	20	16	0	26	11	15	51	38	13	91	53	38	31	29	0	52	37	15	32	28	0	34	24	10
W5053 sp000467935	0	0	0	0	0	0	6571	5549	1022	14413	11224	3189	2608	2043	565	4881	3656	1225	261	169	92	589	347	242	22	12	10	29	12	17	1863	1215	648	4498	2318	2180	114	75	39	147	69	78	593	421	172	978	474	504	841	712	129	1701	1232	469	138	89	49	244	116	128
WRIP01 sp012520915	0	0	0	0	0	0	387	314	73	921	679	242	62	54	0	190	151	39	127	89	38	226	134	92	10	0	0	0	0	0	12	10	0	46	24	22	12	11	0	0	0	0	47	39	0	57	36	21	71	63	0	95	68	27	0	0	0	0	0	0
Xylophilus sp016428875	0	0	0	0	0	0	0	0	0	0	0	0	0	0	0	0	0	0	0	0	0	0	0	0	448	426	22	329	269	60	0	0	0	0	0	0	0	0	0	0	0	0	0	0	0	0	0	0	0	0	0	0	0	0	0	0	0	0	0	0
Zoogloea sp002028455	0	0	0	0	0	0	0	0	0	0	0	0	0	0	0	0	0	0	0	0	0	0	0	0	4875	4246	629	4186	2810	1376	0	0	0	0	0	0	0	0	0	0	0	0	0	0	0	0	0	0	11	11	0	11	10	0	21	17	0	15	10	0
