Length,counts_length,Study
36,751,BAN001.A0101.SG1.1_5M.classified_gc_rl.tsv.gz
37,1269,BAN001.A0101.SG1.1_5M.classified_gc_rl.tsv.gz
38,1700,BAN001.A0101.SG1.1_5M.classified_gc_rl.tsv.gz
39,2070,BAN001.A0101.SG1.1_5M.classified_gc_rl.tsv.gz
40,2332,BAN001.A0101.SG1.1_5M.classified_gc_rl.tsv.gz
41,2364,BAN001.A0101.SG1.1_5M.classified_gc_rl.tsv.gz
42,2298,BAN001.A0101.SG1.1_5M.classified_gc_rl.tsv.gz
43,2339,BAN001.A0101.SG1.1_5M.classified_gc_rl.tsv.gz
44,2376,BAN001.A0101.SG1.1_5M.classified_gc_rl.tsv.gz
45,2506,BAN001.A0101.SG1.1_5M.classified_gc_rl.tsv.gz
46,2388,BAN001.A0101.SG1.1_5M.classified_gc_rl.tsv.gz
47,2583,BAN001.A0101.SG1.1_5M.classified_gc_rl.tsv.gz
48,2632,BAN001.A0101.SG1.1_5M.classified_gc_rl.tsv.gz
49,2542,BAN001.A0101.SG1.1_5M.classified_gc_rl.tsv.gz
50,2450,BAN001.A0101.SG1.1_5M.classified_gc_rl.tsv.gz
51,2411,BAN001.A0101.SG1.1_5M.classified_gc_rl.tsv.gz
52,2348,BAN001.A0101.SG1.1_5M.classified_gc_rl.tsv.gz
53,2365,BAN001.A0101.SG1.1_5M.classified_gc_rl.tsv.gz
54,2319,BAN001.A0101.SG1.1_5M.classified_gc_rl.tsv.gz
55,2307,BAN001.A0101.SG1.1_5M.classified_gc_rl.tsv.gz
56,2291,BAN001.A0101.SG1.1_5M.classified_gc_rl.tsv.gz
57,2315,BAN001.A0101.SG1.1_5M.classified_gc_rl.tsv.gz
58,2344,BAN001.A0101.SG1.1_5M.classified_gc_rl.tsv.gz
59,2291,BAN001.A0101.SG1.1_5M.classified_gc_rl.tsv.gz
60,2223,BAN001.A0101.SG1.1_5M.classified_gc_rl.tsv.gz
61,2105,BAN001.A0101.SG1.1_5M.classified_gc_rl.tsv.gz
62,2009,BAN001.A0101.SG1.1_5M.classified_gc_rl.tsv.gz
63,1960,BAN001.A0101.SG1.1_5M.classified_gc_rl.tsv.gz
64,1840,BAN001.A0101.SG1.1_5M.classified_gc_rl.tsv.gz
65,1925,BAN001.A0101.SG1.1_5M.classified_gc_rl.tsv.gz
66,1853,BAN001.A0101.SG1.1_5M.classified_gc_rl.tsv.gz
67,1849,BAN001.A0101.SG1.1_5M.classified_gc_rl.tsv.gz
68,1845,BAN001.A0101.SG1.1_5M.classified_gc_rl.tsv.gz
69,1832,BAN001.A0101.SG1.1_5M.classified_gc_rl.tsv.gz
70,1806,BAN001.A0101.SG1.1_5M.classified_gc_rl.tsv.gz
71,1715,BAN001.A0101.SG1.1_5M.classified_gc_rl.tsv.gz
72,1886,BAN001.A0101.SG1.1_5M.classified_gc_rl.tsv.gz
73,2141,BAN001.A0101.SG1.1_5M.classified_gc_rl.tsv.gz
74,2073,BAN001.A0101.SG1.1_5M.classified_gc_rl.tsv.gz
75,3524,BAN001.A0101.SG1.1_5M.classified_gc_rl.tsv.gz
76,6210,BAN001.A0101.SG1.1_5M.classified_gc_rl.tsv.gz
77,1336,BAN001.A0101.SG1.1_5M.classified_gc_rl.tsv.gz
78,1343,BAN001.A0101.SG1.1_5M.classified_gc_rl.tsv.gz
79,1310,BAN001.A0101.SG1.1_5M.classified_gc_rl.tsv.gz
80,1301,BAN001.A0101.SG1.1_5M.classified_gc_rl.tsv.gz
81,1104,BAN001.A0101.SG1.1_5M.classified_gc_rl.tsv.gz
82,1059,BAN001.A0101.SG1.1_5M.classified_gc_rl.tsv.gz
83,1038,BAN001.A0101.SG1.1_5M.classified_gc_rl.tsv.gz
84,1053,BAN001.A0101.SG1.1_5M.classified_gc_rl.tsv.gz
85,1026,BAN001.A0101.SG1.1_5M.classified_gc_rl.tsv.gz
86,1031,BAN001.A0101.SG1.1_5M.classified_gc_rl.tsv.gz
87,949,BAN001.A0101.SG1.1_5M.classified_gc_rl.tsv.gz
88,950,BAN001.A0101.SG1.1_5M.classified_gc_rl.tsv.gz
89,917,BAN001.A0101.SG1.1_5M.classified_gc_rl.tsv.gz
90,862,BAN001.A0101.SG1.1_5M.classified_gc_rl.tsv.gz
91,847,BAN001.A0101.SG1.1_5M.classified_gc_rl.tsv.gz
92,807,BAN001.A0101.SG1.1_5M.classified_gc_rl.tsv.gz
93,840,BAN001.A0101.SG1.1_5M.classified_gc_rl.tsv.gz
94,729,BAN001.A0101.SG1.1_5M.classified_gc_rl.tsv.gz
95,756,BAN001.A0101.SG1.1_5M.classified_gc_rl.tsv.gz
96,720,BAN001.A0101.SG1.1_5M.classified_gc_rl.tsv.gz
97,748,BAN001.A0101.SG1.1_5M.classified_gc_rl.tsv.gz
98,736,BAN001.A0101.SG1.1_5M.classified_gc_rl.tsv.gz
99,685,BAN001.A0101.SG1.1_5M.classified_gc_rl.tsv.gz
100,667,BAN001.A0101.SG1.1_5M.classified_gc_rl.tsv.gz
101,598,BAN001.A0101.SG1.1_5M.classified_gc_rl.tsv.gz
102,584,BAN001.A0101.SG1.1_5M.classified_gc_rl.tsv.gz
103,572,BAN001.A0101.SG1.1_5M.classified_gc_rl.tsv.gz
104,517,BAN001.A0101.SG1.1_5M.classified_gc_rl.tsv.gz
105,524,BAN001.A0101.SG1.1_5M.classified_gc_rl.tsv.gz
106,515,BAN001.A0101.SG1.1_5M.classified_gc_rl.tsv.gz
107,502,BAN001.A0101.SG1.1_5M.classified_gc_rl.tsv.gz
108,510,BAN001.A0101.SG1.1_5M.classified_gc_rl.tsv.gz
109,497,BAN001.A0101.SG1.1_5M.classified_gc_rl.tsv.gz
110,422,BAN001.A0101.SG1.1_5M.classified_gc_rl.tsv.gz
111,463,BAN001.A0101.SG1.1_5M.classified_gc_rl.tsv.gz
112,426,BAN001.A0101.SG1.1_5M.classified_gc_rl.tsv.gz
113,412,BAN001.A0101.SG1.1_5M.classified_gc_rl.tsv.gz
114,393,BAN001.A0101.SG1.1_5M.classified_gc_rl.tsv.gz
115,393,BAN001.A0101.SG1.1_5M.classified_gc_rl.tsv.gz
116,347,BAN001.A0101.SG1.1_5M.classified_gc_rl.tsv.gz
117,371,BAN001.A0101.SG1.1_5M.classified_gc_rl.tsv.gz
118,326,BAN001.A0101.SG1.1_5M.classified_gc_rl.tsv.gz
119,380,BAN001.A0101.SG1.1_5M.classified_gc_rl.tsv.gz
120,347,BAN001.A0101.SG1.1_5M.classified_gc_rl.tsv.gz
121,295,BAN001.A0101.SG1.1_5M.classified_gc_rl.tsv.gz
122,276,BAN001.A0101.SG1.1_5M.classified_gc_rl.tsv.gz
123,293,BAN001.A0101.SG1.1_5M.classified_gc_rl.tsv.gz
124,273,BAN001.A0101.SG1.1_5M.classified_gc_rl.tsv.gz
125,299,BAN001.A0101.SG1.1_5M.classified_gc_rl.tsv.gz
126,234,BAN001.A0101.SG1.1_5M.classified_gc_rl.tsv.gz
127,251,BAN001.A0101.SG1.1_5M.classified_gc_rl.tsv.gz
128,234,BAN001.A0101.SG1.1_5M.classified_gc_rl.tsv.gz
129,226,BAN001.A0101.SG1.1_5M.classified_gc_rl.tsv.gz
130,218,BAN001.A0101.SG1.1_5M.classified_gc_rl.tsv.gz
131,201,BAN001.A0101.SG1.1_5M.classified_gc_rl.tsv.gz
132,192,BAN001.A0101.SG1.1_5M.classified_gc_rl.tsv.gz
133,196,BAN001.A0101.SG1.1_5M.classified_gc_rl.tsv.gz
134,193,BAN001.A0101.SG1.1_5M.classified_gc_rl.tsv.gz
135,187,BAN001.A0101.SG1.1_5M.classified_gc_rl.tsv.gz
136,193,BAN001.A0101.SG1.1_5M.classified_gc_rl.tsv.gz
137,164,BAN001.A0101.SG1.1_5M.classified_gc_rl.tsv.gz
138,174,BAN001.A0101.SG1.1_5M.classified_gc_rl.tsv.gz
139,186,BAN001.A0101.SG1.1_5M.classified_gc_rl.tsv.gz
140,161,BAN001.A0101.SG1.1_5M.classified_gc_rl.tsv.gz
141,131,BAN001.A0101.SG1.1_5M.classified_gc_rl.tsv.gz
36,2050,BAN001.A0102.SG1.4_5M.classified_gc_rl.tsv.gz
37,3357,BAN001.A0102.SG1.4_5M.classified_gc_rl.tsv.gz
38,4068,BAN001.A0102.SG1.4_5M.classified_gc_rl.tsv.gz
39,4491,BAN001.A0102.SG1.4_5M.classified_gc_rl.tsv.gz
40,5044,BAN001.A0102.SG1.4_5M.classified_gc_rl.tsv.gz
41,5004,BAN001.A0102.SG1.4_5M.classified_gc_rl.tsv.gz
42,4834,BAN001.A0102.SG1.4_5M.classified_gc_rl.tsv.gz
43,4478,BAN001.A0102.SG1.4_5M.classified_gc_rl.tsv.gz
44,4376,BAN001.A0102.SG1.4_5M.classified_gc_rl.tsv.gz
45,4100,BAN001.A0102.SG1.4_5M.classified_gc_rl.tsv.gz
46,3945,BAN001.A0102.SG1.4_5M.classified_gc_rl.tsv.gz
47,3724,BAN001.A0102.SG1.4_5M.classified_gc_rl.tsv.gz
48,3516,BAN001.A0102.SG1.4_5M.classified_gc_rl.tsv.gz
49,3366,BAN001.A0102.SG1.4_5M.classified_gc_rl.tsv.gz
50,3163,BAN001.A0102.SG1.4_5M.classified_gc_rl.tsv.gz
51,3181,BAN001.A0102.SG1.4_5M.classified_gc_rl.tsv.gz
52,2985,BAN001.A0102.SG1.4_5M.classified_gc_rl.tsv.gz
53,2836,BAN001.A0102.SG1.4_5M.classified_gc_rl.tsv.gz
54,2552,BAN001.A0102.SG1.4_5M.classified_gc_rl.tsv.gz
55,2379,BAN001.A0102.SG1.4_5M.classified_gc_rl.tsv.gz
56,2138,BAN001.A0102.SG1.4_5M.classified_gc_rl.tsv.gz
57,2141,BAN001.A0102.SG1.4_5M.classified_gc_rl.tsv.gz
58,1955,BAN001.A0102.SG1.4_5M.classified_gc_rl.tsv.gz
59,1974,BAN001.A0102.SG1.4_5M.classified_gc_rl.tsv.gz
60,1789,BAN001.A0102.SG1.4_5M.classified_gc_rl.tsv.gz
61,1682,BAN001.A0102.SG1.4_5M.classified_gc_rl.tsv.gz
62,1625,BAN001.A0102.SG1.4_5M.classified_gc_rl.tsv.gz
63,1543,BAN001.A0102.SG1.4_5M.classified_gc_rl.tsv.gz
64,1346,BAN001.A0102.SG1.4_5M.classified_gc_rl.tsv.gz
65,1322,BAN001.A0102.SG1.4_5M.classified_gc_rl.tsv.gz
66,1219,BAN001.A0102.SG1.4_5M.classified_gc_rl.tsv.gz
67,1236,BAN001.A0102.SG1.4_5M.classified_gc_rl.tsv.gz
68,1132,BAN001.A0102.SG1.4_5M.classified_gc_rl.tsv.gz
69,1036,BAN001.A0102.SG1.4_5M.classified_gc_rl.tsv.gz
70,1042,BAN001.A0102.SG1.4_5M.classified_gc_rl.tsv.gz
71,1051,BAN001.A0102.SG1.4_5M.classified_gc_rl.tsv.gz
72,1091,BAN001.A0102.SG1.4_5M.classified_gc_rl.tsv.gz
73,1277,BAN001.A0102.SG1.4_5M.classified_gc_rl.tsv.gz
74,880,BAN001.A0102.SG1.4_5M.classified_gc_rl.tsv.gz
75,1029,BAN001.A0102.SG1.4_5M.classified_gc_rl.tsv.gz
76,3270,BAN001.A0102.SG1.4_5M.classified_gc_rl.tsv.gz
77,714,BAN001.A0102.SG1.4_5M.classified_gc_rl.tsv.gz
78,623,BAN001.A0102.SG1.4_5M.classified_gc_rl.tsv.gz
79,650,BAN001.A0102.SG1.4_5M.classified_gc_rl.tsv.gz
80,554,BAN001.A0102.SG1.4_5M.classified_gc_rl.tsv.gz
81,542,BAN001.A0102.SG1.4_5M.classified_gc_rl.tsv.gz
82,531,BAN001.A0102.SG1.4_5M.classified_gc_rl.tsv.gz
83,508,BAN001.A0102.SG1.4_5M.classified_gc_rl.tsv.gz
84,498,BAN001.A0102.SG1.4_5M.classified_gc_rl.tsv.gz
85,437,BAN001.A0102.SG1.4_5M.classified_gc_rl.tsv.gz
86,427,BAN001.A0102.SG1.4_5M.classified_gc_rl.tsv.gz
87,407,BAN001.A0102.SG1.4_5M.classified_gc_rl.tsv.gz
88,357,BAN001.A0102.SG1.4_5M.classified_gc_rl.tsv.gz
89,370,BAN001.A0102.SG1.4_5M.classified_gc_rl.tsv.gz
90,345,BAN001.A0102.SG1.4_5M.classified_gc_rl.tsv.gz
91,335,BAN001.A0102.SG1.4_5M.classified_gc_rl.tsv.gz
92,361,BAN001.A0102.SG1.4_5M.classified_gc_rl.tsv.gz
93,318,BAN001.A0102.SG1.4_5M.classified_gc_rl.tsv.gz
94,309,BAN001.A0102.SG1.4_5M.classified_gc_rl.tsv.gz
95,307,BAN001.A0102.SG1.4_5M.classified_gc_rl.tsv.gz
96,281,BAN001.A0102.SG1.4_5M.classified_gc_rl.tsv.gz
97,261,BAN001.A0102.SG1.4_5M.classified_gc_rl.tsv.gz
98,268,BAN001.A0102.SG1.4_5M.classified_gc_rl.tsv.gz
99,222,BAN001.A0102.SG1.4_5M.classified_gc_rl.tsv.gz
100,255,BAN001.A0102.SG1.4_5M.classified_gc_rl.tsv.gz
101,230,BAN001.A0102.SG1.4_5M.classified_gc_rl.tsv.gz
102,204,BAN001.A0102.SG1.4_5M.classified_gc_rl.tsv.gz
103,215,BAN001.A0102.SG1.4_5M.classified_gc_rl.tsv.gz
104,192,BAN001.A0102.SG1.4_5M.classified_gc_rl.tsv.gz
105,199,BAN001.A0102.SG1.4_5M.classified_gc_rl.tsv.gz
106,169,BAN001.A0102.SG1.4_5M.classified_gc_rl.tsv.gz
107,192,BAN001.A0102.SG1.4_5M.classified_gc_rl.tsv.gz
108,161,BAN001.A0102.SG1.4_5M.classified_gc_rl.tsv.gz
109,122,BAN001.A0102.SG1.4_5M.classified_gc_rl.tsv.gz
110,158,BAN001.A0102.SG1.4_5M.classified_gc_rl.tsv.gz
111,156,BAN001.A0102.SG1.4_5M.classified_gc_rl.tsv.gz
112,173,BAN001.A0102.SG1.4_5M.classified_gc_rl.tsv.gz
113,147,BAN001.A0102.SG1.4_5M.classified_gc_rl.tsv.gz
114,122,BAN001.A0102.SG1.4_5M.classified_gc_rl.tsv.gz
115,114,BAN001.A0102.SG1.4_5M.classified_gc_rl.tsv.gz
116,119,BAN001.A0102.SG1.4_5M.classified_gc_rl.tsv.gz
117,109,BAN001.A0102.SG1.4_5M.classified_gc_rl.tsv.gz
118,120,BAN001.A0102.SG1.4_5M.classified_gc_rl.tsv.gz
119,105,BAN001.A0102.SG1.4_5M.classified_gc_rl.tsv.gz
120,112,BAN001.A0102.SG1.4_5M.classified_gc_rl.tsv.gz
121,86,BAN001.A0102.SG1.4_5M.classified_gc_rl.tsv.gz
122,106,BAN001.A0102.SG1.4_5M.classified_gc_rl.tsv.gz
123,86,BAN001.A0102.SG1.4_5M.classified_gc_rl.tsv.gz
124,95,BAN001.A0102.SG1.4_5M.classified_gc_rl.tsv.gz
125,94,BAN001.A0102.SG1.4_5M.classified_gc_rl.tsv.gz
126,80,BAN001.A0102.SG1.4_5M.classified_gc_rl.tsv.gz
127,75,BAN001.A0102.SG1.4_5M.classified_gc_rl.tsv.gz
128,91,BAN001.A0102.SG1.4_5M.classified_gc_rl.tsv.gz
129,64,BAN001.A0102.SG1.4_5M.classified_gc_rl.tsv.gz
130,60,BAN001.A0102.SG1.4_5M.classified_gc_rl.tsv.gz
131,79,BAN001.A0102.SG1.4_5M.classified_gc_rl.tsv.gz
132,82,BAN001.A0102.SG1.4_5M.classified_gc_rl.tsv.gz
133,78,BAN001.A0102.SG1.4_5M.classified_gc_rl.tsv.gz
134,70,BAN001.A0102.SG1.4_5M.classified_gc_rl.tsv.gz
135,74,BAN001.A0102.SG1.4_5M.classified_gc_rl.tsv.gz
136,74,BAN001.A0102.SG1.4_5M.classified_gc_rl.tsv.gz
137,93,BAN001.A0102.SG1.4_5M.classified_gc_rl.tsv.gz
138,57,BAN001.A0102.SG1.4_5M.classified_gc_rl.tsv.gz
139,57,BAN001.A0102.SG1.4_5M.classified_gc_rl.tsv.gz
140,56,BAN001.A0102.SG1.4_5M.classified_gc_rl.tsv.gz
141,46,BAN001.A0102.SG1.4_5M.classified_gc_rl.tsv.gz
36,4763,CDM019.A0101.SG1.1_5M.classified_gc_rl.tsv.gz
37,9806,CDM019.A0101.SG1.1_5M.classified_gc_rl.tsv.gz
38,13520,CDM019.A0101.SG1.1_5M.classified_gc_rl.tsv.gz
39,16999,CDM019.A0101.SG1.1_5M.classified_gc_rl.tsv.gz
40,19962,CDM019.A0101.SG1.1_5M.classified_gc_rl.tsv.gz
41,21701,CDM019.A0101.SG1.1_5M.classified_gc_rl.tsv.gz
42,23361,CDM019.A0101.SG1.1_5M.classified_gc_rl.tsv.gz
43,24834,CDM019.A0101.SG1.1_5M.classified_gc_rl.tsv.gz
44,25819,CDM019.A0101.SG1.1_5M.classified_gc_rl.tsv.gz
45,27095,CDM019.A0101.SG1.1_5M.classified_gc_rl.tsv.gz
46,28648,CDM019.A0101.SG1.1_5M.classified_gc_rl.tsv.gz
47,29024,CDM019.A0101.SG1.1_5M.classified_gc_rl.tsv.gz
48,29487,CDM019.A0101.SG1.1_5M.classified_gc_rl.tsv.gz
49,29849,CDM019.A0101.SG1.1_5M.classified_gc_rl.tsv.gz
50,29543,CDM019.A0101.SG1.1_5M.classified_gc_rl.tsv.gz
51,30380,CDM019.A0101.SG1.1_5M.classified_gc_rl.tsv.gz
52,30619,CDM019.A0101.SG1.1_5M.classified_gc_rl.tsv.gz
53,31008,CDM019.A0101.SG1.1_5M.classified_gc_rl.tsv.gz
54,31014,CDM019.A0101.SG1.1_5M.classified_gc_rl.tsv.gz
55,30930,CDM019.A0101.SG1.1_5M.classified_gc_rl.tsv.gz
56,31090,CDM019.A0101.SG1.1_5M.classified_gc_rl.tsv.gz
57,31434,CDM019.A0101.SG1.1_5M.classified_gc_rl.tsv.gz
58,31402,CDM019.A0101.SG1.1_5M.classified_gc_rl.tsv.gz
59,30616,CDM019.A0101.SG1.1_5M.classified_gc_rl.tsv.gz
60,31063,CDM019.A0101.SG1.1_5M.classified_gc_rl.tsv.gz
61,29640,CDM019.A0101.SG1.1_5M.classified_gc_rl.tsv.gz
62,28592,CDM019.A0101.SG1.1_5M.classified_gc_rl.tsv.gz
63,29739,CDM019.A0101.SG1.1_5M.classified_gc_rl.tsv.gz
64,28822,CDM019.A0101.SG1.1_5M.classified_gc_rl.tsv.gz
65,28518,CDM019.A0101.SG1.1_5M.classified_gc_rl.tsv.gz
66,28776,CDM019.A0101.SG1.1_5M.classified_gc_rl.tsv.gz
67,28414,CDM019.A0101.SG1.1_5M.classified_gc_rl.tsv.gz
68,27281,CDM019.A0101.SG1.1_5M.classified_gc_rl.tsv.gz
69,27423,CDM019.A0101.SG1.1_5M.classified_gc_rl.tsv.gz
70,27236,CDM019.A0101.SG1.1_5M.classified_gc_rl.tsv.gz
71,27036,CDM019.A0101.SG1.1_5M.classified_gc_rl.tsv.gz
72,29490,CDM019.A0101.SG1.1_5M.classified_gc_rl.tsv.gz
73,32738,CDM019.A0101.SG1.1_5M.classified_gc_rl.tsv.gz
74,29277,CDM019.A0101.SG1.1_5M.classified_gc_rl.tsv.gz
75,53636,CDM019.A0101.SG1.1_5M.classified_gc_rl.tsv.gz
76,181193,CDM019.A0101.SG1.1_5M.classified_gc_rl.tsv.gz
77,22796,CDM019.A0101.SG1.1_5M.classified_gc_rl.tsv.gz
78,22992,CDM019.A0101.SG1.1_5M.classified_gc_rl.tsv.gz
79,22413,CDM019.A0101.SG1.1_5M.classified_gc_rl.tsv.gz
80,21758,CDM019.A0101.SG1.1_5M.classified_gc_rl.tsv.gz
81,20591,CDM019.A0101.SG1.1_5M.classified_gc_rl.tsv.gz
82,20361,CDM019.A0101.SG1.1_5M.classified_gc_rl.tsv.gz
83,19910,CDM019.A0101.SG1.1_5M.classified_gc_rl.tsv.gz
84,19535,CDM019.A0101.SG1.1_5M.classified_gc_rl.tsv.gz
85,19145,CDM019.A0101.SG1.1_5M.classified_gc_rl.tsv.gz
86,18649,CDM019.A0101.SG1.1_5M.classified_gc_rl.tsv.gz
87,18467,CDM019.A0101.SG1.1_5M.classified_gc_rl.tsv.gz
88,17910,CDM019.A0101.SG1.1_5M.classified_gc_rl.tsv.gz
89,17086,CDM019.A0101.SG1.1_5M.classified_gc_rl.tsv.gz
90,17065,CDM019.A0101.SG1.1_5M.classified_gc_rl.tsv.gz
91,16824,CDM019.A0101.SG1.1_5M.classified_gc_rl.tsv.gz
92,15952,CDM019.A0101.SG1.1_5M.classified_gc_rl.tsv.gz
93,15878,CDM019.A0101.SG1.1_5M.classified_gc_rl.tsv.gz
94,15722,CDM019.A0101.SG1.1_5M.classified_gc_rl.tsv.gz
95,14886,CDM019.A0101.SG1.1_5M.classified_gc_rl.tsv.gz
96,14527,CDM019.A0101.SG1.1_5M.classified_gc_rl.tsv.gz
97,14557,CDM019.A0101.SG1.1_5M.classified_gc_rl.tsv.gz
98,13788,CDM019.A0101.SG1.1_5M.classified_gc_rl.tsv.gz
99,13650,CDM019.A0101.SG1.1_5M.classified_gc_rl.tsv.gz
100,13568,CDM019.A0101.SG1.1_5M.classified_gc_rl.tsv.gz
101,12595,CDM019.A0101.SG1.1_5M.classified_gc_rl.tsv.gz
102,12394,CDM019.A0101.SG1.1_5M.classified_gc_rl.tsv.gz
103,11893,CDM019.A0101.SG1.1_5M.classified_gc_rl.tsv.gz
104,11676,CDM019.A0101.SG1.1_5M.classified_gc_rl.tsv.gz
105,11478,CDM019.A0101.SG1.1_5M.classified_gc_rl.tsv.gz
106,11348,CDM019.A0101.SG1.1_5M.classified_gc_rl.tsv.gz
107,10897,CDM019.A0101.SG1.1_5M.classified_gc_rl.tsv.gz
108,10614,CDM019.A0101.SG1.1_5M.classified_gc_rl.tsv.gz
109,10323,CDM019.A0101.SG1.1_5M.classified_gc_rl.tsv.gz
110,9909,CDM019.A0101.SG1.1_5M.classified_gc_rl.tsv.gz
111,9831,CDM019.A0101.SG1.1_5M.classified_gc_rl.tsv.gz
112,9504,CDM019.A0101.SG1.1_5M.classified_gc_rl.tsv.gz
113,9327,CDM019.A0101.SG1.1_5M.classified_gc_rl.tsv.gz
114,9294,CDM019.A0101.SG1.1_5M.classified_gc_rl.tsv.gz
115,8662,CDM019.A0101.SG1.1_5M.classified_gc_rl.tsv.gz
116,8487,CDM019.A0101.SG1.1_5M.classified_gc_rl.tsv.gz
117,8173,CDM019.A0101.SG1.1_5M.classified_gc_rl.tsv.gz
118,8060,CDM019.A0101.SG1.1_5M.classified_gc_rl.tsv.gz
119,7814,CDM019.A0101.SG1.1_5M.classified_gc_rl.tsv.gz
120,7754,CDM019.A0101.SG1.1_5M.classified_gc_rl.tsv.gz
121,7514,CDM019.A0101.SG1.1_5M.classified_gc_rl.tsv.gz
122,7122,CDM019.A0101.SG1.1_5M.classified_gc_rl.tsv.gz
123,7150,CDM019.A0101.SG1.1_5M.classified_gc_rl.tsv.gz
124,6807,CDM019.A0101.SG1.1_5M.classified_gc_rl.tsv.gz
125,6621,CDM019.A0101.SG1.1_5M.classified_gc_rl.tsv.gz
126,6301,CDM019.A0101.SG1.1_5M.classified_gc_rl.tsv.gz
127,6393,CDM019.A0101.SG1.1_5M.classified_gc_rl.tsv.gz
128,5933,CDM019.A0101.SG1.1_5M.classified_gc_rl.tsv.gz
129,5922,CDM019.A0101.SG1.1_5M.classified_gc_rl.tsv.gz
130,5717,CDM019.A0101.SG1.1_5M.classified_gc_rl.tsv.gz
131,5549,CDM019.A0101.SG1.1_5M.classified_gc_rl.tsv.gz
132,5378,CDM019.A0101.SG1.1_5M.classified_gc_rl.tsv.gz
133,5380,CDM019.A0101.SG1.1_5M.classified_gc_rl.tsv.gz
134,5076,CDM019.A0101.SG1.1_5M.classified_gc_rl.tsv.gz
135,4936,CDM019.A0101.SG1.1_5M.classified_gc_rl.tsv.gz
136,4816,CDM019.A0101.SG1.1_5M.classified_gc_rl.tsv.gz
137,4707,CDM019.A0101.SG1.1_5M.classified_gc_rl.tsv.gz
138,4649,CDM019.A0101.SG1.1_5M.classified_gc_rl.tsv.gz
139,4358,CDM019.A0101.SG1.1_5M.classified_gc_rl.tsv.gz
140,4347,CDM019.A0101.SG1.1_5M.classified_gc_rl.tsv.gz
141,3950,CDM019.A0101.SG1.1_5M.classified_gc_rl.tsv.gz
36,8327,CDM019.A0102.SG1.4_5M.classified_gc_rl.tsv.gz
37,15509,CDM019.A0102.SG1.4_5M.classified_gc_rl.tsv.gz
38,21119,CDM019.A0102.SG1.4_5M.classified_gc_rl.tsv.gz
39,24931,CDM019.A0102.SG1.4_5M.classified_gc_rl.tsv.gz
40,29155,CDM019.A0102.SG1.4_5M.classified_gc_rl.tsv.gz
41,31256,CDM019.A0102.SG1.4_5M.classified_gc_rl.tsv.gz
42,30772,CDM019.A0102.SG1.4_5M.classified_gc_rl.tsv.gz
43,31230,CDM019.A0102.SG1.4_5M.classified_gc_rl.tsv.gz
44,31884,CDM019.A0102.SG1.4_5M.classified_gc_rl.tsv.gz
45,31288,CDM019.A0102.SG1.4_5M.classified_gc_rl.tsv.gz
46,31716,CDM019.A0102.SG1.4_5M.classified_gc_rl.tsv.gz
47,32306,CDM019.A0102.SG1.4_5M.classified_gc_rl.tsv.gz
48,30955,CDM019.A0102.SG1.4_5M.classified_gc_rl.tsv.gz
49,31079,CDM019.A0102.SG1.4_5M.classified_gc_rl.tsv.gz
50,31330,CDM019.A0102.SG1.4_5M.classified_gc_rl.tsv.gz
51,30072,CDM019.A0102.SG1.4_5M.classified_gc_rl.tsv.gz
52,30123,CDM019.A0102.SG1.4_5M.classified_gc_rl.tsv.gz
53,29382,CDM019.A0102.SG1.4_5M.classified_gc_rl.tsv.gz
54,28122,CDM019.A0102.SG1.4_5M.classified_gc_rl.tsv.gz
55,27367,CDM019.A0102.SG1.4_5M.classified_gc_rl.tsv.gz
56,27022,CDM019.A0102.SG1.4_5M.classified_gc_rl.tsv.gz
57,25782,CDM019.A0102.SG1.4_5M.classified_gc_rl.tsv.gz
58,25398,CDM019.A0102.SG1.4_5M.classified_gc_rl.tsv.gz
59,25198,CDM019.A0102.SG1.4_5M.classified_gc_rl.tsv.gz
60,23988,CDM019.A0102.SG1.4_5M.classified_gc_rl.tsv.gz
61,23482,CDM019.A0102.SG1.4_5M.classified_gc_rl.tsv.gz
62,22714,CDM019.A0102.SG1.4_5M.classified_gc_rl.tsv.gz
63,21901,CDM019.A0102.SG1.4_5M.classified_gc_rl.tsv.gz
64,21311,CDM019.A0102.SG1.4_5M.classified_gc_rl.tsv.gz
65,20853,CDM019.A0102.SG1.4_5M.classified_gc_rl.tsv.gz
66,19633,CDM019.A0102.SG1.4_5M.classified_gc_rl.tsv.gz
67,19557,CDM019.A0102.SG1.4_5M.classified_gc_rl.tsv.gz
68,18812,CDM019.A0102.SG1.4_5M.classified_gc_rl.tsv.gz
69,17828,CDM019.A0102.SG1.4_5M.classified_gc_rl.tsv.gz
70,17918,CDM019.A0102.SG1.4_5M.classified_gc_rl.tsv.gz
71,18024,CDM019.A0102.SG1.4_5M.classified_gc_rl.tsv.gz
72,19328,CDM019.A0102.SG1.4_5M.classified_gc_rl.tsv.gz
73,25909,CDM019.A0102.SG1.4_5M.classified_gc_rl.tsv.gz
74,16744,CDM019.A0102.SG1.4_5M.classified_gc_rl.tsv.gz
75,21951,CDM019.A0102.SG1.4_5M.classified_gc_rl.tsv.gz
76,100351,CDM019.A0102.SG1.4_5M.classified_gc_rl.tsv.gz
77,13535,CDM019.A0102.SG1.4_5M.classified_gc_rl.tsv.gz
78,12976,CDM019.A0102.SG1.4_5M.classified_gc_rl.tsv.gz
79,12860,CDM019.A0102.SG1.4_5M.classified_gc_rl.tsv.gz
80,12497,CDM019.A0102.SG1.4_5M.classified_gc_rl.tsv.gz
81,11456,CDM019.A0102.SG1.4_5M.classified_gc_rl.tsv.gz
82,11339,CDM019.A0102.SG1.4_5M.classified_gc_rl.tsv.gz
83,11054,CDM019.A0102.SG1.4_5M.classified_gc_rl.tsv.gz
84,10452,CDM019.A0102.SG1.4_5M.classified_gc_rl.tsv.gz
85,10296,CDM019.A0102.SG1.4_5M.classified_gc_rl.tsv.gz
86,10067,CDM019.A0102.SG1.4_5M.classified_gc_rl.tsv.gz
87,9316,CDM019.A0102.SG1.4_5M.classified_gc_rl.tsv.gz
88,8955,CDM019.A0102.SG1.4_5M.classified_gc_rl.tsv.gz
89,8887,CDM019.A0102.SG1.4_5M.classified_gc_rl.tsv.gz
90,8344,CDM019.A0102.SG1.4_5M.classified_gc_rl.tsv.gz
91,8332,CDM019.A0102.SG1.4_5M.classified_gc_rl.tsv.gz
92,8111,CDM019.A0102.SG1.4_5M.classified_gc_rl.tsv.gz
93,7607,CDM019.A0102.SG1.4_5M.classified_gc_rl.tsv.gz
94,7506,CDM019.A0102.SG1.4_5M.classified_gc_rl.tsv.gz
95,7176,CDM019.A0102.SG1.4_5M.classified_gc_rl.tsv.gz
96,6723,CDM019.A0102.SG1.4_5M.classified_gc_rl.tsv.gz
97,6741,CDM019.A0102.SG1.4_5M.classified_gc_rl.tsv.gz
98,6540,CDM019.A0102.SG1.4_5M.classified_gc_rl.tsv.gz
99,6358,CDM019.A0102.SG1.4_5M.classified_gc_rl.tsv.gz
100,6000,CDM019.A0102.SG1.4_5M.classified_gc_rl.tsv.gz
101,5820,CDM019.A0102.SG1.4_5M.classified_gc_rl.tsv.gz
102,5560,CDM019.A0102.SG1.4_5M.classified_gc_rl.tsv.gz
103,5412,CDM019.A0102.SG1.4_5M.classified_gc_rl.tsv.gz
104,5342,CDM019.A0102.SG1.4_5M.classified_gc_rl.tsv.gz
105,5065,CDM019.A0102.SG1.4_5M.classified_gc_rl.tsv.gz
106,4991,CDM019.A0102.SG1.4_5M.classified_gc_rl.tsv.gz
107,4910,CDM019.A0102.SG1.4_5M.classified_gc_rl.tsv.gz
108,4421,CDM019.A0102.SG1.4_5M.classified_gc_rl.tsv.gz
109,4428,CDM019.A0102.SG1.4_5M.classified_gc_rl.tsv.gz
110,4372,CDM019.A0102.SG1.4_5M.classified_gc_rl.tsv.gz
111,4035,CDM019.A0102.SG1.4_5M.classified_gc_rl.tsv.gz
112,4004,CDM019.A0102.SG1.4_5M.classified_gc_rl.tsv.gz
113,3972,CDM019.A0102.SG1.4_5M.classified_gc_rl.tsv.gz
114,3735,CDM019.A0102.SG1.4_5M.classified_gc_rl.tsv.gz
115,3561,CDM019.A0102.SG1.4_5M.classified_gc_rl.tsv.gz
116,3496,CDM019.A0102.SG1.4_5M.classified_gc_rl.tsv.gz
117,3416,CDM019.A0102.SG1.4_5M.classified_gc_rl.tsv.gz
118,3303,CDM019.A0102.SG1.4_5M.classified_gc_rl.tsv.gz
119,3231,CDM019.A0102.SG1.4_5M.classified_gc_rl.tsv.gz
120,3114,CDM019.A0102.SG1.4_5M.classified_gc_rl.tsv.gz
121,2897,CDM019.A0102.SG1.4_5M.classified_gc_rl.tsv.gz
122,2880,CDM019.A0102.SG1.4_5M.classified_gc_rl.tsv.gz
123,2834,CDM019.A0102.SG1.4_5M.classified_gc_rl.tsv.gz
124,2756,CDM019.A0102.SG1.4_5M.classified_gc_rl.tsv.gz
125,2666,CDM019.A0102.SG1.4_5M.classified_gc_rl.tsv.gz
126,2594,CDM019.A0102.SG1.4_5M.classified_gc_rl.tsv.gz
127,2483,CDM019.A0102.SG1.4_5M.classified_gc_rl.tsv.gz
128,2487,CDM019.A0102.SG1.4_5M.classified_gc_rl.tsv.gz
129,2304,CDM019.A0102.SG1.4_5M.classified_gc_rl.tsv.gz
130,2250,CDM019.A0102.SG1.4_5M.classified_gc_rl.tsv.gz
131,2201,CDM019.A0102.SG1.4_5M.classified_gc_rl.tsv.gz
132,2186,CDM019.A0102.SG1.4_5M.classified_gc_rl.tsv.gz
133,2184,CDM019.A0102.SG1.4_5M.classified_gc_rl.tsv.gz
134,2096,CDM019.A0102.SG1.4_5M.classified_gc_rl.tsv.gz
135,1995,CDM019.A0102.SG1.4_5M.classified_gc_rl.tsv.gz
136,1955,CDM019.A0102.SG1.4_5M.classified_gc_rl.tsv.gz
137,1936,CDM019.A0102.SG1.4_5M.classified_gc_rl.tsv.gz
138,1704,CDM019.A0102.SG1.4_5M.classified_gc_rl.tsv.gz
139,1685,CDM019.A0102.SG1.4_5M.classified_gc_rl.tsv.gz
140,1715,CDM019.A0102.SG1.4_5M.classified_gc_rl.tsv.gz
141,1399,CDM019.A0102.SG1.4_5M.classified_gc_rl.tsv.gz
36,5551,CDM020.A0101.SG1.1_5M.classified_gc_rl.tsv.gz
37,10735,CDM020.A0101.SG1.1_5M.classified_gc_rl.tsv.gz
38,15209,CDM020.A0101.SG1.1_5M.classified_gc_rl.tsv.gz
39,19228,CDM020.A0101.SG1.1_5M.classified_gc_rl.tsv.gz
40,22643,CDM020.A0101.SG1.1_5M.classified_gc_rl.tsv.gz
41,24231,CDM020.A0101.SG1.1_5M.classified_gc_rl.tsv.gz
42,26351,CDM020.A0101.SG1.1_5M.classified_gc_rl.tsv.gz
43,27991,CDM020.A0101.SG1.1_5M.classified_gc_rl.tsv.gz
44,28705,CDM020.A0101.SG1.1_5M.classified_gc_rl.tsv.gz
45,30027,CDM020.A0101.SG1.1_5M.classified_gc_rl.tsv.gz
46,31534,CDM020.A0101.SG1.1_5M.classified_gc_rl.tsv.gz
47,32136,CDM020.A0101.SG1.1_5M.classified_gc_rl.tsv.gz
48,32250,CDM020.A0101.SG1.1_5M.classified_gc_rl.tsv.gz
49,32470,CDM020.A0101.SG1.1_5M.classified_gc_rl.tsv.gz
50,32211,CDM020.A0101.SG1.1_5M.classified_gc_rl.tsv.gz
51,32462,CDM020.A0101.SG1.1_5M.classified_gc_rl.tsv.gz
52,32751,CDM020.A0101.SG1.1_5M.classified_gc_rl.tsv.gz
53,32369,CDM020.A0101.SG1.1_5M.classified_gc_rl.tsv.gz
54,32955,CDM020.A0101.SG1.1_5M.classified_gc_rl.tsv.gz
55,31961,CDM020.A0101.SG1.1_5M.classified_gc_rl.tsv.gz
56,32029,CDM020.A0101.SG1.1_5M.classified_gc_rl.tsv.gz
57,32072,CDM020.A0101.SG1.1_5M.classified_gc_rl.tsv.gz
58,31634,CDM020.A0101.SG1.1_5M.classified_gc_rl.tsv.gz
59,31006,CDM020.A0101.SG1.1_5M.classified_gc_rl.tsv.gz
60,30787,CDM020.A0101.SG1.1_5M.classified_gc_rl.tsv.gz
61,29557,CDM020.A0101.SG1.1_5M.classified_gc_rl.tsv.gz
62,28897,CDM020.A0101.SG1.1_5M.classified_gc_rl.tsv.gz
63,28468,CDM020.A0101.SG1.1_5M.classified_gc_rl.tsv.gz
64,28101,CDM020.A0101.SG1.1_5M.classified_gc_rl.tsv.gz
65,27511,CDM020.A0101.SG1.1_5M.classified_gc_rl.tsv.gz
66,27741,CDM020.A0101.SG1.1_5M.classified_gc_rl.tsv.gz
67,27123,CDM020.A0101.SG1.1_5M.classified_gc_rl.tsv.gz
68,25801,CDM020.A0101.SG1.1_5M.classified_gc_rl.tsv.gz
69,25821,CDM020.A0101.SG1.1_5M.classified_gc_rl.tsv.gz
70,25366,CDM020.A0101.SG1.1_5M.classified_gc_rl.tsv.gz
71,25395,CDM020.A0101.SG1.1_5M.classified_gc_rl.tsv.gz
72,27258,CDM020.A0101.SG1.1_5M.classified_gc_rl.tsv.gz
73,30647,CDM020.A0101.SG1.1_5M.classified_gc_rl.tsv.gz
74,27743,CDM020.A0101.SG1.1_5M.classified_gc_rl.tsv.gz
75,52343,CDM020.A0101.SG1.1_5M.classified_gc_rl.tsv.gz
76,168510,CDM020.A0101.SG1.1_5M.classified_gc_rl.tsv.gz
77,20746,CDM020.A0101.SG1.1_5M.classified_gc_rl.tsv.gz
78,20385,CDM020.A0101.SG1.1_5M.classified_gc_rl.tsv.gz
79,19524,CDM020.A0101.SG1.1_5M.classified_gc_rl.tsv.gz
80,19142,CDM020.A0101.SG1.1_5M.classified_gc_rl.tsv.gz
81,17978,CDM020.A0101.SG1.1_5M.classified_gc_rl.tsv.gz
82,17824,CDM020.A0101.SG1.1_5M.classified_gc_rl.tsv.gz
83,17177,CDM020.A0101.SG1.1_5M.classified_gc_rl.tsv.gz
84,16912,CDM020.A0101.SG1.1_5M.classified_gc_rl.tsv.gz
85,16628,CDM020.A0101.SG1.1_5M.classified_gc_rl.tsv.gz
86,15976,CDM020.A0101.SG1.1_5M.classified_gc_rl.tsv.gz
87,15851,CDM020.A0101.SG1.1_5M.classified_gc_rl.tsv.gz
88,14820,CDM020.A0101.SG1.1_5M.classified_gc_rl.tsv.gz
89,14255,CDM020.A0101.SG1.1_5M.classified_gc_rl.tsv.gz
90,14130,CDM020.A0101.SG1.1_5M.classified_gc_rl.tsv.gz
91,13696,CDM020.A0101.SG1.1_5M.classified_gc_rl.tsv.gz
92,13002,CDM020.A0101.SG1.1_5M.classified_gc_rl.tsv.gz
93,13134,CDM020.A0101.SG1.1_5M.classified_gc_rl.tsv.gz
94,12779,CDM020.A0101.SG1.1_5M.classified_gc_rl.tsv.gz
95,11992,CDM020.A0101.SG1.1_5M.classified_gc_rl.tsv.gz
96,11927,CDM020.A0101.SG1.1_5M.classified_gc_rl.tsv.gz
97,11659,CDM020.A0101.SG1.1_5M.classified_gc_rl.tsv.gz
98,11257,CDM020.A0101.SG1.1_5M.classified_gc_rl.tsv.gz
99,11259,CDM020.A0101.SG1.1_5M.classified_gc_rl.tsv.gz
100,10716,CDM020.A0101.SG1.1_5M.classified_gc_rl.tsv.gz
101,10189,CDM020.A0101.SG1.1_5M.classified_gc_rl.tsv.gz
102,9932,CDM020.A0101.SG1.1_5M.classified_gc_rl.tsv.gz
103,9405,CDM020.A0101.SG1.1_5M.classified_gc_rl.tsv.gz
104,9411,CDM020.A0101.SG1.1_5M.classified_gc_rl.tsv.gz
105,9208,CDM020.A0101.SG1.1_5M.classified_gc_rl.tsv.gz
106,9062,CDM020.A0101.SG1.1_5M.classified_gc_rl.tsv.gz
107,8555,CDM020.A0101.SG1.1_5M.classified_gc_rl.tsv.gz
108,8412,CDM020.A0101.SG1.1_5M.classified_gc_rl.tsv.gz
109,8164,CDM020.A0101.SG1.1_5M.classified_gc_rl.tsv.gz
110,7825,CDM020.A0101.SG1.1_5M.classified_gc_rl.tsv.gz
111,7737,CDM020.A0101.SG1.1_5M.classified_gc_rl.tsv.gz
112,7461,CDM020.A0101.SG1.1_5M.classified_gc_rl.tsv.gz
113,7229,CDM020.A0101.SG1.1_5M.classified_gc_rl.tsv.gz
114,7078,CDM020.A0101.SG1.1_5M.classified_gc_rl.tsv.gz
115,6916,CDM020.A0101.SG1.1_5M.classified_gc_rl.tsv.gz
116,6536,CDM020.A0101.SG1.1_5M.classified_gc_rl.tsv.gz
117,6428,CDM020.A0101.SG1.1_5M.classified_gc_rl.tsv.gz
118,6258,CDM020.A0101.SG1.1_5M.classified_gc_rl.tsv.gz
119,6062,CDM020.A0101.SG1.1_5M.classified_gc_rl.tsv.gz
120,5970,CDM020.A0101.SG1.1_5M.classified_gc_rl.tsv.gz
121,5820,CDM020.A0101.SG1.1_5M.classified_gc_rl.tsv.gz
122,5637,CDM020.A0101.SG1.1_5M.classified_gc_rl.tsv.gz
123,5420,CDM020.A0101.SG1.1_5M.classified_gc_rl.tsv.gz
124,5252,CDM020.A0101.SG1.1_5M.classified_gc_rl.tsv.gz
125,5188,CDM020.A0101.SG1.1_5M.classified_gc_rl.tsv.gz
126,4999,CDM020.A0101.SG1.1_5M.classified_gc_rl.tsv.gz
127,4939,CDM020.A0101.SG1.1_5M.classified_gc_rl.tsv.gz
128,4676,CDM020.A0101.SG1.1_5M.classified_gc_rl.tsv.gz
129,4593,CDM020.A0101.SG1.1_5M.classified_gc_rl.tsv.gz
130,4441,CDM020.A0101.SG1.1_5M.classified_gc_rl.tsv.gz
131,4262,CDM020.A0101.SG1.1_5M.classified_gc_rl.tsv.gz
132,4230,CDM020.A0101.SG1.1_5M.classified_gc_rl.tsv.gz
133,4155,CDM020.A0101.SG1.1_5M.classified_gc_rl.tsv.gz
134,4097,CDM020.A0101.SG1.1_5M.classified_gc_rl.tsv.gz
135,3943,CDM020.A0101.SG1.1_5M.classified_gc_rl.tsv.gz
136,3903,CDM020.A0101.SG1.1_5M.classified_gc_rl.tsv.gz
137,3809,CDM020.A0101.SG1.1_5M.classified_gc_rl.tsv.gz
138,3625,CDM020.A0101.SG1.1_5M.classified_gc_rl.tsv.gz
139,3520,CDM020.A0101.SG1.1_5M.classified_gc_rl.tsv.gz
140,3506,CDM020.A0101.SG1.1_5M.classified_gc_rl.tsv.gz
141,2919,CDM020.A0101.SG1.1_5M.classified_gc_rl.tsv.gz
36,8293,CDM020.A0102.SG1.4_5M.classified_gc_rl.tsv.gz
37,15440,CDM020.A0102.SG1.4_5M.classified_gc_rl.tsv.gz
38,21163,CDM020.A0102.SG1.4_5M.classified_gc_rl.tsv.gz
39,25495,CDM020.A0102.SG1.4_5M.classified_gc_rl.tsv.gz
40,30058,CDM020.A0102.SG1.4_5M.classified_gc_rl.tsv.gz
41,31707,CDM020.A0102.SG1.4_5M.classified_gc_rl.tsv.gz
42,31768,CDM020.A0102.SG1.4_5M.classified_gc_rl.tsv.gz
43,32611,CDM020.A0102.SG1.4_5M.classified_gc_rl.tsv.gz
44,33253,CDM020.A0102.SG1.4_5M.classified_gc_rl.tsv.gz
45,33099,CDM020.A0102.SG1.4_5M.classified_gc_rl.tsv.gz
46,33853,CDM020.A0102.SG1.4_5M.classified_gc_rl.tsv.gz
47,34054,CDM020.A0102.SG1.4_5M.classified_gc_rl.tsv.gz
48,32825,CDM020.A0102.SG1.4_5M.classified_gc_rl.tsv.gz
49,33060,CDM020.A0102.SG1.4_5M.classified_gc_rl.tsv.gz
50,33192,CDM020.A0102.SG1.4_5M.classified_gc_rl.tsv.gz
51,32297,CDM020.A0102.SG1.4_5M.classified_gc_rl.tsv.gz
52,31780,CDM020.A0102.SG1.4_5M.classified_gc_rl.tsv.gz
53,31188,CDM020.A0102.SG1.4_5M.classified_gc_rl.tsv.gz
54,30152,CDM020.A0102.SG1.4_5M.classified_gc_rl.tsv.gz
55,29401,CDM020.A0102.SG1.4_5M.classified_gc_rl.tsv.gz
56,28788,CDM020.A0102.SG1.4_5M.classified_gc_rl.tsv.gz
57,27677,CDM020.A0102.SG1.4_5M.classified_gc_rl.tsv.gz
58,27089,CDM020.A0102.SG1.4_5M.classified_gc_rl.tsv.gz
59,27030,CDM020.A0102.SG1.4_5M.classified_gc_rl.tsv.gz
60,25827,CDM020.A0102.SG1.4_5M.classified_gc_rl.tsv.gz
61,24868,CDM020.A0102.SG1.4_5M.classified_gc_rl.tsv.gz
62,23929,CDM020.A0102.SG1.4_5M.classified_gc_rl.tsv.gz
63,22939,CDM020.A0102.SG1.4_5M.classified_gc_rl.tsv.gz
64,22583,CDM020.A0102.SG1.4_5M.classified_gc_rl.tsv.gz
65,22138,CDM020.A0102.SG1.4_5M.classified_gc_rl.tsv.gz
66,21113,CDM020.A0102.SG1.4_5M.classified_gc_rl.tsv.gz
67,20466,CDM020.A0102.SG1.4_5M.classified_gc_rl.tsv.gz
68,19789,CDM020.A0102.SG1.4_5M.classified_gc_rl.tsv.gz
69,18872,CDM020.A0102.SG1.4_5M.classified_gc_rl.tsv.gz
70,18579,CDM020.A0102.SG1.4_5M.classified_gc_rl.tsv.gz
71,18932,CDM020.A0102.SG1.4_5M.classified_gc_rl.tsv.gz
72,19826,CDM020.A0102.SG1.4_5M.classified_gc_rl.tsv.gz
73,25260,CDM020.A0102.SG1.4_5M.classified_gc_rl.tsv.gz
74,16879,CDM020.A0102.SG1.4_5M.classified_gc_rl.tsv.gz
75,20819,CDM020.A0102.SG1.4_5M.classified_gc_rl.tsv.gz
76,87806,CDM020.A0102.SG1.4_5M.classified_gc_rl.tsv.gz
77,13924,CDM020.A0102.SG1.4_5M.classified_gc_rl.tsv.gz
78,12981,CDM020.A0102.SG1.4_5M.classified_gc_rl.tsv.gz
79,13095,CDM020.A0102.SG1.4_5M.classified_gc_rl.tsv.gz
80,12778,CDM020.A0102.SG1.4_5M.classified_gc_rl.tsv.gz
81,11546,CDM020.A0102.SG1.4_5M.classified_gc_rl.tsv.gz
82,11264,CDM020.A0102.SG1.4_5M.classified_gc_rl.tsv.gz
83,10943,CDM020.A0102.SG1.4_5M.classified_gc_rl.tsv.gz
84,10405,CDM020.A0102.SG1.4_5M.classified_gc_rl.tsv.gz
85,10122,CDM020.A0102.SG1.4_5M.classified_gc_rl.tsv.gz
86,9806,CDM020.A0102.SG1.4_5M.classified_gc_rl.tsv.gz
87,9427,CDM020.A0102.SG1.4_5M.classified_gc_rl.tsv.gz
88,8844,CDM020.A0102.SG1.4_5M.classified_gc_rl.tsv.gz
89,8572,CDM020.A0102.SG1.4_5M.classified_gc_rl.tsv.gz
90,8188,CDM020.A0102.SG1.4_5M.classified_gc_rl.tsv.gz
91,8019,CDM020.A0102.SG1.4_5M.classified_gc_rl.tsv.gz
92,7943,CDM020.A0102.SG1.4_5M.classified_gc_rl.tsv.gz
93,7423,CDM020.A0102.SG1.4_5M.classified_gc_rl.tsv.gz
94,7131,CDM020.A0102.SG1.4_5M.classified_gc_rl.tsv.gz
95,6881,CDM020.A0102.SG1.4_5M.classified_gc_rl.tsv.gz
96,6401,CDM020.A0102.SG1.4_5M.classified_gc_rl.tsv.gz
97,6242,CDM020.A0102.SG1.4_5M.classified_gc_rl.tsv.gz
98,6122,CDM020.A0102.SG1.4_5M.classified_gc_rl.tsv.gz
99,5794,CDM020.A0102.SG1.4_5M.classified_gc_rl.tsv.gz
100,5681,CDM020.A0102.SG1.4_5M.classified_gc_rl.tsv.gz
101,5324,CDM020.A0102.SG1.4_5M.classified_gc_rl.tsv.gz
102,5122,CDM020.A0102.SG1.4_5M.classified_gc_rl.tsv.gz
103,4959,CDM020.A0102.SG1.4_5M.classified_gc_rl.tsv.gz
104,4854,CDM020.A0102.SG1.4_5M.classified_gc_rl.tsv.gz
105,4568,CDM020.A0102.SG1.4_5M.classified_gc_rl.tsv.gz
106,4617,CDM020.A0102.SG1.4_5M.classified_gc_rl.tsv.gz
107,4415,CDM020.A0102.SG1.4_5M.classified_gc_rl.tsv.gz
108,4142,CDM020.A0102.SG1.4_5M.classified_gc_rl.tsv.gz
109,4045,CDM020.A0102.SG1.4_5M.classified_gc_rl.tsv.gz
110,3888,CDM020.A0102.SG1.4_5M.classified_gc_rl.tsv.gz
111,3696,CDM020.A0102.SG1.4_5M.classified_gc_rl.tsv.gz
112,3712,CDM020.A0102.SG1.4_5M.classified_gc_rl.tsv.gz
113,3556,CDM020.A0102.SG1.4_5M.classified_gc_rl.tsv.gz
114,3385,CDM020.A0102.SG1.4_5M.classified_gc_rl.tsv.gz
115,3268,CDM020.A0102.SG1.4_5M.classified_gc_rl.tsv.gz
116,3199,CDM020.A0102.SG1.4_5M.classified_gc_rl.tsv.gz
117,2990,CDM020.A0102.SG1.4_5M.classified_gc_rl.tsv.gz
118,2915,CDM020.A0102.SG1.4_5M.classified_gc_rl.tsv.gz
119,2807,CDM020.A0102.SG1.4_5M.classified_gc_rl.tsv.gz
120,2742,CDM020.A0102.SG1.4_5M.classified_gc_rl.tsv.gz
121,2676,CDM020.A0102.SG1.4_5M.classified_gc_rl.tsv.gz
122,2646,CDM020.A0102.SG1.4_5M.classified_gc_rl.tsv.gz
123,2358,CDM020.A0102.SG1.4_5M.classified_gc_rl.tsv.gz
124,2408,CDM020.A0102.SG1.4_5M.classified_gc_rl.tsv.gz
125,2344,CDM020.A0102.SG1.4_5M.classified_gc_rl.tsv.gz
126,2290,CDM020.A0102.SG1.4_5M.classified_gc_rl.tsv.gz
127,2151,CDM020.A0102.SG1.4_5M.classified_gc_rl.tsv.gz
128,2130,CDM020.A0102.SG1.4_5M.classified_gc_rl.tsv.gz
129,2000,CDM020.A0102.SG1.4_5M.classified_gc_rl.tsv.gz
130,2029,CDM020.A0102.SG1.4_5M.classified_gc_rl.tsv.gz
131,1853,CDM020.A0102.SG1.4_5M.classified_gc_rl.tsv.gz
132,1831,CDM020.A0102.SG1.4_5M.classified_gc_rl.tsv.gz
133,1788,CDM020.A0102.SG1.4_5M.classified_gc_rl.tsv.gz
134,1774,CDM020.A0102.SG1.4_5M.classified_gc_rl.tsv.gz
135,1726,CDM020.A0102.SG1.4_5M.classified_gc_rl.tsv.gz
136,1643,CDM020.A0102.SG1.4_5M.classified_gc_rl.tsv.gz
137,1664,CDM020.A0102.SG1.4_5M.classified_gc_rl.tsv.gz
138,1413,CDM020.A0102.SG1.4_5M.classified_gc_rl.tsv.gz
139,1348,CDM020.A0102.SG1.4_5M.classified_gc_rl.tsv.gz
140,1379,CDM020.A0102.SG1.4_5M.classified_gc_rl.tsv.gz
141,1218,CDM020.A0102.SG1.4_5M.classified_gc_rl.tsv.gz
36,6921,FUM002.A0101.SG1.1_5M.classified_gc_rl.tsv.gz
37,13564,FUM002.A0101.SG1.1_5M.classified_gc_rl.tsv.gz
38,18190,FUM002.A0101.SG1.1_5M.classified_gc_rl.tsv.gz
39,22818,FUM002.A0101.SG1.1_5M.classified_gc_rl.tsv.gz
40,26608,FUM002.A0101.SG1.1_5M.classified_gc_rl.tsv.gz
41,26872,FUM002.A0101.SG1.1_5M.classified_gc_rl.tsv.gz
42,28930,FUM002.A0101.SG1.1_5M.classified_gc_rl.tsv.gz
43,30289,FUM002.A0101.SG1.1_5M.classified_gc_rl.tsv.gz
44,29211,FUM002.A0101.SG1.1_5M.classified_gc_rl.tsv.gz
45,30111,FUM002.A0101.SG1.1_5M.classified_gc_rl.tsv.gz
46,30588,FUM002.A0101.SG1.1_5M.classified_gc_rl.tsv.gz
47,28679,FUM002.A0101.SG1.1_5M.classified_gc_rl.tsv.gz
48,29115,FUM002.A0101.SG1.1_5M.classified_gc_rl.tsv.gz
49,28915,FUM002.A0101.SG1.1_5M.classified_gc_rl.tsv.gz
50,27266,FUM002.A0101.SG1.1_5M.classified_gc_rl.tsv.gz
51,28149,FUM002.A0101.SG1.1_5M.classified_gc_rl.tsv.gz
52,27636,FUM002.A0101.SG1.1_5M.classified_gc_rl.tsv.gz
53,25814,FUM002.A0101.SG1.1_5M.classified_gc_rl.tsv.gz
54,26212,FUM002.A0101.SG1.1_5M.classified_gc_rl.tsv.gz
55,24794,FUM002.A0101.SG1.1_5M.classified_gc_rl.tsv.gz
56,23247,FUM002.A0101.SG1.1_5M.classified_gc_rl.tsv.gz
57,23294,FUM002.A0101.SG1.1_5M.classified_gc_rl.tsv.gz
58,22472,FUM002.A0101.SG1.1_5M.classified_gc_rl.tsv.gz
59,20939,FUM002.A0101.SG1.1_5M.classified_gc_rl.tsv.gz
60,21183,FUM002.A0101.SG1.1_5M.classified_gc_rl.tsv.gz
61,19817,FUM002.A0101.SG1.1_5M.classified_gc_rl.tsv.gz
62,18609,FUM002.A0101.SG1.1_5M.classified_gc_rl.tsv.gz
63,18553,FUM002.A0101.SG1.1_5M.classified_gc_rl.tsv.gz
64,17896,FUM002.A0101.SG1.1_5M.classified_gc_rl.tsv.gz
65,16900,FUM002.A0101.SG1.1_5M.classified_gc_rl.tsv.gz
66,16569,FUM002.A0101.SG1.1_5M.classified_gc_rl.tsv.gz
67,16194,FUM002.A0101.SG1.1_5M.classified_gc_rl.tsv.gz
68,14398,FUM002.A0101.SG1.1_5M.classified_gc_rl.tsv.gz
69,14692,FUM002.A0101.SG1.1_5M.classified_gc_rl.tsv.gz
70,14298,FUM002.A0101.SG1.1_5M.classified_gc_rl.tsv.gz
71,13008,FUM002.A0101.SG1.1_5M.classified_gc_rl.tsv.gz
72,12968,FUM002.A0101.SG1.1_5M.classified_gc_rl.tsv.gz
73,12884,FUM002.A0101.SG1.1_5M.classified_gc_rl.tsv.gz
74,11984,FUM002.A0101.SG1.1_5M.classified_gc_rl.tsv.gz
75,12922,FUM002.A0101.SG1.1_5M.classified_gc_rl.tsv.gz
76,23956,FUM002.A0101.SG1.1_5M.classified_gc_rl.tsv.gz
77,9705,FUM002.A0101.SG1.1_5M.classified_gc_rl.tsv.gz
78,9769,FUM002.A0101.SG1.1_5M.classified_gc_rl.tsv.gz
79,9201,FUM002.A0101.SG1.1_5M.classified_gc_rl.tsv.gz
80,8476,FUM002.A0101.SG1.1_5M.classified_gc_rl.tsv.gz
81,8066,FUM002.A0101.SG1.1_5M.classified_gc_rl.tsv.gz
82,7889,FUM002.A0101.SG1.1_5M.classified_gc_rl.tsv.gz
83,7054,FUM002.A0101.SG1.1_5M.classified_gc_rl.tsv.gz
84,7257,FUM002.A0101.SG1.1_5M.classified_gc_rl.tsv.gz
85,6874,FUM002.A0101.SG1.1_5M.classified_gc_rl.tsv.gz
86,6421,FUM002.A0101.SG1.1_5M.classified_gc_rl.tsv.gz
87,6384,FUM002.A0101.SG1.1_5M.classified_gc_rl.tsv.gz
88,5845,FUM002.A0101.SG1.1_5M.classified_gc_rl.tsv.gz
89,5311,FUM002.A0101.SG1.1_5M.classified_gc_rl.tsv.gz
90,5279,FUM002.A0101.SG1.1_5M.classified_gc_rl.tsv.gz
91,5057,FUM002.A0101.SG1.1_5M.classified_gc_rl.tsv.gz
92,4820,FUM002.A0101.SG1.1_5M.classified_gc_rl.tsv.gz
93,4642,FUM002.A0101.SG1.1_5M.classified_gc_rl.tsv.gz
94,4522,FUM002.A0101.SG1.1_5M.classified_gc_rl.tsv.gz
95,3960,FUM002.A0101.SG1.1_5M.classified_gc_rl.tsv.gz
96,3991,FUM002.A0101.SG1.1_5M.classified_gc_rl.tsv.gz
97,3783,FUM002.A0101.SG1.1_5M.classified_gc_rl.tsv.gz
98,3475,FUM002.A0101.SG1.1_5M.classified_gc_rl.tsv.gz
99,3479,FUM002.A0101.SG1.1_5M.classified_gc_rl.tsv.gz
100,3269,FUM002.A0101.SG1.1_5M.classified_gc_rl.tsv.gz
101,2931,FUM002.A0101.SG1.1_5M.classified_gc_rl.tsv.gz
102,2867,FUM002.A0101.SG1.1_5M.classified_gc_rl.tsv.gz
103,2715,FUM002.A0101.SG1.1_5M.classified_gc_rl.tsv.gz
104,2563,FUM002.A0101.SG1.1_5M.classified_gc_rl.tsv.gz
105,2685,FUM002.A0101.SG1.1_5M.classified_gc_rl.tsv.gz
106,2453,FUM002.A0101.SG1.1_5M.classified_gc_rl.tsv.gz
107,2272,FUM002.A0101.SG1.1_5M.classified_gc_rl.tsv.gz
108,2182,FUM002.A0101.SG1.1_5M.classified_gc_rl.tsv.gz
109,2082,FUM002.A0101.SG1.1_5M.classified_gc_rl.tsv.gz
110,1911,FUM002.A0101.SG1.1_5M.classified_gc_rl.tsv.gz
111,1869,FUM002.A0101.SG1.1_5M.classified_gc_rl.tsv.gz
112,1840,FUM002.A0101.SG1.1_5M.classified_gc_rl.tsv.gz
113,1711,FUM002.A0101.SG1.1_5M.classified_gc_rl.tsv.gz
114,1644,FUM002.A0101.SG1.1_5M.classified_gc_rl.tsv.gz
115,1509,FUM002.A0101.SG1.1_5M.classified_gc_rl.tsv.gz
116,1406,FUM002.A0101.SG1.1_5M.classified_gc_rl.tsv.gz
117,1363,FUM002.A0101.SG1.1_5M.classified_gc_rl.tsv.gz
118,1367,FUM002.A0101.SG1.1_5M.classified_gc_rl.tsv.gz
119,1190,FUM002.A0101.SG1.1_5M.classified_gc_rl.tsv.gz
120,1272,FUM002.A0101.SG1.1_5M.classified_gc_rl.tsv.gz
121,1095,FUM002.A0101.SG1.1_5M.classified_gc_rl.tsv.gz
122,1000,FUM002.A0101.SG1.1_5M.classified_gc_rl.tsv.gz
123,1076,FUM002.A0101.SG1.1_5M.classified_gc_rl.tsv.gz
124,951,FUM002.A0101.SG1.1_5M.classified_gc_rl.tsv.gz
125,882,FUM002.A0101.SG1.1_5M.classified_gc_rl.tsv.gz
126,904,FUM002.A0101.SG1.1_5M.classified_gc_rl.tsv.gz
127,900,FUM002.A0101.SG1.1_5M.classified_gc_rl.tsv.gz
128,770,FUM002.A0101.SG1.1_5M.classified_gc_rl.tsv.gz
129,766,FUM002.A0101.SG1.1_5M.classified_gc_rl.tsv.gz
130,713,FUM002.A0101.SG1.1_5M.classified_gc_rl.tsv.gz
131,675,FUM002.A0101.SG1.1_5M.classified_gc_rl.tsv.gz
132,646,FUM002.A0101.SG1.1_5M.classified_gc_rl.tsv.gz
133,643,FUM002.A0101.SG1.1_5M.classified_gc_rl.tsv.gz
134,539,FUM002.A0101.SG1.1_5M.classified_gc_rl.tsv.gz
135,559,FUM002.A0101.SG1.1_5M.classified_gc_rl.tsv.gz
136,550,FUM002.A0101.SG1.1_5M.classified_gc_rl.tsv.gz
137,493,FUM002.A0101.SG1.1_5M.classified_gc_rl.tsv.gz
138,505,FUM002.A0101.SG1.1_5M.classified_gc_rl.tsv.gz
139,465,FUM002.A0101.SG1.1_5M.classified_gc_rl.tsv.gz
140,479,FUM002.A0101.SG1.1_5M.classified_gc_rl.tsv.gz
141,400,FUM002.A0101.SG1.1_5M.classified_gc_rl.tsv.gz
36,7516,FUM002.A0102.SG1.5_5M.classified_gc_rl.tsv.gz
37,14052,FUM002.A0102.SG1.5_5M.classified_gc_rl.tsv.gz
38,19248,FUM002.A0102.SG1.5_5M.classified_gc_rl.tsv.gz
39,21354,FUM002.A0102.SG1.5_5M.classified_gc_rl.tsv.gz
40,24335,FUM002.A0102.SG1.5_5M.classified_gc_rl.tsv.gz
41,25278,FUM002.A0102.SG1.5_5M.classified_gc_rl.tsv.gz
42,24364,FUM002.A0102.SG1.5_5M.classified_gc_rl.tsv.gz
43,24856,FUM002.A0102.SG1.5_5M.classified_gc_rl.tsv.gz
44,25445,FUM002.A0102.SG1.5_5M.classified_gc_rl.tsv.gz
45,23492,FUM002.A0102.SG1.5_5M.classified_gc_rl.tsv.gz
46,23816,FUM002.A0102.SG1.5_5M.classified_gc_rl.tsv.gz
47,23552,FUM002.A0102.SG1.5_5M.classified_gc_rl.tsv.gz
48,21110,FUM002.A0102.SG1.5_5M.classified_gc_rl.tsv.gz
49,20927,FUM002.A0102.SG1.5_5M.classified_gc_rl.tsv.gz
50,20341,FUM002.A0102.SG1.5_5M.classified_gc_rl.tsv.gz
51,18655,FUM002.A0102.SG1.5_5M.classified_gc_rl.tsv.gz
52,18365,FUM002.A0102.SG1.5_5M.classified_gc_rl.tsv.gz
53,17891,FUM002.A0102.SG1.5_5M.classified_gc_rl.tsv.gz
54,16264,FUM002.A0102.SG1.5_5M.classified_gc_rl.tsv.gz
55,15746,FUM002.A0102.SG1.5_5M.classified_gc_rl.tsv.gz
56,15241,FUM002.A0102.SG1.5_5M.classified_gc_rl.tsv.gz
57,13862,FUM002.A0102.SG1.5_5M.classified_gc_rl.tsv.gz
58,13445,FUM002.A0102.SG1.5_5M.classified_gc_rl.tsv.gz
59,13211,FUM002.A0102.SG1.5_5M.classified_gc_rl.tsv.gz
60,11987,FUM002.A0102.SG1.5_5M.classified_gc_rl.tsv.gz
61,11432,FUM002.A0102.SG1.5_5M.classified_gc_rl.tsv.gz
62,10935,FUM002.A0102.SG1.5_5M.classified_gc_rl.tsv.gz
63,9706,FUM002.A0102.SG1.5_5M.classified_gc_rl.tsv.gz
64,9448,FUM002.A0102.SG1.5_5M.classified_gc_rl.tsv.gz
65,9384,FUM002.A0102.SG1.5_5M.classified_gc_rl.tsv.gz
66,8552,FUM002.A0102.SG1.5_5M.classified_gc_rl.tsv.gz
67,8287,FUM002.A0102.SG1.5_5M.classified_gc_rl.tsv.gz
68,7743,FUM002.A0102.SG1.5_5M.classified_gc_rl.tsv.gz
69,7004,FUM002.A0102.SG1.5_5M.classified_gc_rl.tsv.gz
70,6949,FUM002.A0102.SG1.5_5M.classified_gc_rl.tsv.gz
71,6614,FUM002.A0102.SG1.5_5M.classified_gc_rl.tsv.gz
72,6052,FUM002.A0102.SG1.5_5M.classified_gc_rl.tsv.gz
73,6159,FUM002.A0102.SG1.5_5M.classified_gc_rl.tsv.gz
74,5683,FUM002.A0102.SG1.5_5M.classified_gc_rl.tsv.gz
75,5102,FUM002.A0102.SG1.5_5M.classified_gc_rl.tsv.gz
76,7603,FUM002.A0102.SG1.5_5M.classified_gc_rl.tsv.gz
77,4506,FUM002.A0102.SG1.5_5M.classified_gc_rl.tsv.gz
78,4148,FUM002.A0102.SG1.5_5M.classified_gc_rl.tsv.gz
79,3925,FUM002.A0102.SG1.5_5M.classified_gc_rl.tsv.gz
80,3817,FUM002.A0102.SG1.5_5M.classified_gc_rl.tsv.gz
81,3237,FUM002.A0102.SG1.5_5M.classified_gc_rl.tsv.gz
82,3143,FUM002.A0102.SG1.5_5M.classified_gc_rl.tsv.gz
83,3018,FUM002.A0102.SG1.5_5M.classified_gc_rl.tsv.gz
84,2780,FUM002.A0102.SG1.5_5M.classified_gc_rl.tsv.gz
85,2699,FUM002.A0102.SG1.5_5M.classified_gc_rl.tsv.gz
86,2671,FUM002.A0102.SG1.5_5M.classified_gc_rl.tsv.gz
87,2313,FUM002.A0102.SG1.5_5M.classified_gc_rl.tsv.gz
88,2146,FUM002.A0102.SG1.5_5M.classified_gc_rl.tsv.gz
89,2218,FUM002.A0102.SG1.5_5M.classified_gc_rl.tsv.gz
90,1883,FUM002.A0102.SG1.5_5M.classified_gc_rl.tsv.gz
91,1776,FUM002.A0102.SG1.5_5M.classified_gc_rl.tsv.gz
92,1814,FUM002.A0102.SG1.5_5M.classified_gc_rl.tsv.gz
93,1589,FUM002.A0102.SG1.5_5M.classified_gc_rl.tsv.gz
94,1471,FUM002.A0102.SG1.5_5M.classified_gc_rl.tsv.gz
95,1464,FUM002.A0102.SG1.5_5M.classified_gc_rl.tsv.gz
96,1343,FUM002.A0102.SG1.5_5M.classified_gc_rl.tsv.gz
97,1290,FUM002.A0102.SG1.5_5M.classified_gc_rl.tsv.gz
98,1201,FUM002.A0102.SG1.5_5M.classified_gc_rl.tsv.gz
99,1076,FUM002.A0102.SG1.5_5M.classified_gc_rl.tsv.gz
100,1103,FUM002.A0102.SG1.5_5M.classified_gc_rl.tsv.gz
101,963,FUM002.A0102.SG1.5_5M.classified_gc_rl.tsv.gz
102,918,FUM002.A0102.SG1.5_5M.classified_gc_rl.tsv.gz
103,861,FUM002.A0102.SG1.5_5M.classified_gc_rl.tsv.gz
104,804,FUM002.A0102.SG1.5_5M.classified_gc_rl.tsv.gz
105,744,FUM002.A0102.SG1.5_5M.classified_gc_rl.tsv.gz
106,700,FUM002.A0102.SG1.5_5M.classified_gc_rl.tsv.gz
107,720,FUM002.A0102.SG1.5_5M.classified_gc_rl.tsv.gz
108,543,FUM002.A0102.SG1.5_5M.classified_gc_rl.tsv.gz
109,578,FUM002.A0102.SG1.5_5M.classified_gc_rl.tsv.gz
110,578,FUM002.A0102.SG1.5_5M.classified_gc_rl.tsv.gz
111,548,FUM002.A0102.SG1.5_5M.classified_gc_rl.tsv.gz
112,507,FUM002.A0102.SG1.5_5M.classified_gc_rl.tsv.gz
113,498,FUM002.A0102.SG1.5_5M.classified_gc_rl.tsv.gz
114,480,FUM002.A0102.SG1.5_5M.classified_gc_rl.tsv.gz
115,439,FUM002.A0102.SG1.5_5M.classified_gc_rl.tsv.gz
116,389,FUM002.A0102.SG1.5_5M.classified_gc_rl.tsv.gz
117,385,FUM002.A0102.SG1.5_5M.classified_gc_rl.tsv.gz
118,317,FUM002.A0102.SG1.5_5M.classified_gc_rl.tsv.gz
119,309,FUM002.A0102.SG1.5_5M.classified_gc_rl.tsv.gz
120,291,FUM002.A0102.SG1.5_5M.classified_gc_rl.tsv.gz
121,289,FUM002.A0102.SG1.5_5M.classified_gc_rl.tsv.gz
122,279,FUM002.A0102.SG1.5_5M.classified_gc_rl.tsv.gz
123,240,FUM002.A0102.SG1.5_5M.classified_gc_rl.tsv.gz
124,240,FUM002.A0102.SG1.5_5M.classified_gc_rl.tsv.gz
125,248,FUM002.A0102.SG1.5_5M.classified_gc_rl.tsv.gz
126,204,FUM002.A0102.SG1.5_5M.classified_gc_rl.tsv.gz
127,170,FUM002.A0102.SG1.5_5M.classified_gc_rl.tsv.gz
128,188,FUM002.A0102.SG1.5_5M.classified_gc_rl.tsv.gz
129,164,FUM002.A0102.SG1.5_5M.classified_gc_rl.tsv.gz
130,168,FUM002.A0102.SG1.5_5M.classified_gc_rl.tsv.gz
131,195,FUM002.A0102.SG1.5_5M.classified_gc_rl.tsv.gz
132,166,FUM002.A0102.SG1.5_5M.classified_gc_rl.tsv.gz
133,146,FUM002.A0102.SG1.5_5M.classified_gc_rl.tsv.gz
134,147,FUM002.A0102.SG1.5_5M.classified_gc_rl.tsv.gz
135,116,FUM002.A0102.SG1.5_5M.classified_gc_rl.tsv.gz
136,130,FUM002.A0102.SG1.5_5M.classified_gc_rl.tsv.gz
137,137,FUM002.A0102.SG1.5_5M.classified_gc_rl.tsv.gz
138,117,FUM002.A0102.SG1.5_5M.classified_gc_rl.tsv.gz
139,96,FUM002.A0102.SG1.5_5M.classified_gc_rl.tsv.gz
140,114,FUM002.A0102.SG1.5_5M.classified_gc_rl.tsv.gz
141,82,FUM002.A0102.SG1.5_5M.classified_gc_rl.tsv.gz
36,6195,FUM003.A0101.SG1.1_5M.classified_gc_rl.tsv.gz
37,11393,FUM003.A0101.SG1.1_5M.classified_gc_rl.tsv.gz
38,15585,FUM003.A0101.SG1.1_5M.classified_gc_rl.tsv.gz
39,19254,FUM003.A0101.SG1.1_5M.classified_gc_rl.tsv.gz
40,22207,FUM003.A0101.SG1.1_5M.classified_gc_rl.tsv.gz
41,23000,FUM003.A0101.SG1.1_5M.classified_gc_rl.tsv.gz
42,24299,FUM003.A0101.SG1.1_5M.classified_gc_rl.tsv.gz
43,25038,FUM003.A0101.SG1.1_5M.classified_gc_rl.tsv.gz
44,24987,FUM003.A0101.SG1.1_5M.classified_gc_rl.tsv.gz
45,25940,FUM003.A0101.SG1.1_5M.classified_gc_rl.tsv.gz
46,26479,FUM003.A0101.SG1.1_5M.classified_gc_rl.tsv.gz
47,26754,FUM003.A0101.SG1.1_5M.classified_gc_rl.tsv.gz
48,26552,FUM003.A0101.SG1.1_5M.classified_gc_rl.tsv.gz
49,27092,FUM003.A0101.SG1.1_5M.classified_gc_rl.tsv.gz
50,27222,FUM003.A0101.SG1.1_5M.classified_gc_rl.tsv.gz
51,27549,FUM003.A0101.SG1.1_5M.classified_gc_rl.tsv.gz
52,28126,FUM003.A0101.SG1.1_5M.classified_gc_rl.tsv.gz
53,27525,FUM003.A0101.SG1.1_5M.classified_gc_rl.tsv.gz
54,27801,FUM003.A0101.SG1.1_5M.classified_gc_rl.tsv.gz
55,27333,FUM003.A0101.SG1.1_5M.classified_gc_rl.tsv.gz
56,27140,FUM003.A0101.SG1.1_5M.classified_gc_rl.tsv.gz
57,27789,FUM003.A0101.SG1.1_5M.classified_gc_rl.tsv.gz
58,27635,FUM003.A0101.SG1.1_5M.classified_gc_rl.tsv.gz
59,27152,FUM003.A0101.SG1.1_5M.classified_gc_rl.tsv.gz
60,27229,FUM003.A0101.SG1.1_5M.classified_gc_rl.tsv.gz
61,26819,FUM003.A0101.SG1.1_5M.classified_gc_rl.tsv.gz
62,26284,FUM003.A0101.SG1.1_5M.classified_gc_rl.tsv.gz
63,26429,FUM003.A0101.SG1.1_5M.classified_gc_rl.tsv.gz
64,26241,FUM003.A0101.SG1.1_5M.classified_gc_rl.tsv.gz
65,25922,FUM003.A0101.SG1.1_5M.classified_gc_rl.tsv.gz
66,25468,FUM003.A0101.SG1.1_5M.classified_gc_rl.tsv.gz
67,25544,FUM003.A0101.SG1.1_5M.classified_gc_rl.tsv.gz
68,25062,FUM003.A0101.SG1.1_5M.classified_gc_rl.tsv.gz
69,25014,FUM003.A0101.SG1.1_5M.classified_gc_rl.tsv.gz
70,25235,FUM003.A0101.SG1.1_5M.classified_gc_rl.tsv.gz
71,26012,FUM003.A0101.SG1.1_5M.classified_gc_rl.tsv.gz
72,28472,FUM003.A0101.SG1.1_5M.classified_gc_rl.tsv.gz
73,34993,FUM003.A0101.SG1.1_5M.classified_gc_rl.tsv.gz
74,33463,FUM003.A0101.SG1.1_5M.classified_gc_rl.tsv.gz
75,89761,FUM003.A0101.SG1.1_5M.classified_gc_rl.tsv.gz
76,405376,FUM003.A0101.SG1.1_5M.classified_gc_rl.tsv.gz
77,21602,FUM003.A0101.SG1.1_5M.classified_gc_rl.tsv.gz
78,21351,FUM003.A0101.SG1.1_5M.classified_gc_rl.tsv.gz
79,21543,FUM003.A0101.SG1.1_5M.classified_gc_rl.tsv.gz
80,20971,FUM003.A0101.SG1.1_5M.classified_gc_rl.tsv.gz
81,20156,FUM003.A0101.SG1.1_5M.classified_gc_rl.tsv.gz
82,19802,FUM003.A0101.SG1.1_5M.classified_gc_rl.tsv.gz
83,19271,FUM003.A0101.SG1.1_5M.classified_gc_rl.tsv.gz
84,19126,FUM003.A0101.SG1.1_5M.classified_gc_rl.tsv.gz
85,19007,FUM003.A0101.SG1.1_5M.classified_gc_rl.tsv.gz
86,18736,FUM003.A0101.SG1.1_5M.classified_gc_rl.tsv.gz
87,18235,FUM003.A0101.SG1.1_5M.classified_gc_rl.tsv.gz
88,18174,FUM003.A0101.SG1.1_5M.classified_gc_rl.tsv.gz
89,17769,FUM003.A0101.SG1.1_5M.classified_gc_rl.tsv.gz
90,17180,FUM003.A0101.SG1.1_5M.classified_gc_rl.tsv.gz
91,17185,FUM003.A0101.SG1.1_5M.classified_gc_rl.tsv.gz
92,16531,FUM003.A0101.SG1.1_5M.classified_gc_rl.tsv.gz
93,16417,FUM003.A0101.SG1.1_5M.classified_gc_rl.tsv.gz
94,16544,FUM003.A0101.SG1.1_5M.classified_gc_rl.tsv.gz
95,15680,FUM003.A0101.SG1.1_5M.classified_gc_rl.tsv.gz
96,15364,FUM003.A0101.SG1.1_5M.classified_gc_rl.tsv.gz
97,15090,FUM003.A0101.SG1.1_5M.classified_gc_rl.tsv.gz
98,14672,FUM003.A0101.SG1.1_5M.classified_gc_rl.tsv.gz
99,14625,FUM003.A0101.SG1.1_5M.classified_gc_rl.tsv.gz
100,14300,FUM003.A0101.SG1.1_5M.classified_gc_rl.tsv.gz
101,13599,FUM003.A0101.SG1.1_5M.classified_gc_rl.tsv.gz
102,13722,FUM003.A0101.SG1.1_5M.classified_gc_rl.tsv.gz
103,13263,FUM003.A0101.SG1.1_5M.classified_gc_rl.tsv.gz
104,12951,FUM003.A0101.SG1.1_5M.classified_gc_rl.tsv.gz
105,12827,FUM003.A0101.SG1.1_5M.classified_gc_rl.tsv.gz
106,12695,FUM003.A0101.SG1.1_5M.classified_gc_rl.tsv.gz
107,12398,FUM003.A0101.SG1.1_5M.classified_gc_rl.tsv.gz
108,11883,FUM003.A0101.SG1.1_5M.classified_gc_rl.tsv.gz
109,11957,FUM003.A0101.SG1.1_5M.classified_gc_rl.tsv.gz
110,11522,FUM003.A0101.SG1.1_5M.classified_gc_rl.tsv.gz
111,11521,FUM003.A0101.SG1.1_5M.classified_gc_rl.tsv.gz
112,11006,FUM003.A0101.SG1.1_5M.classified_gc_rl.tsv.gz
113,10717,FUM003.A0101.SG1.1_5M.classified_gc_rl.tsv.gz
114,10580,FUM003.A0101.SG1.1_5M.classified_gc_rl.tsv.gz
115,10333,FUM003.A0101.SG1.1_5M.classified_gc_rl.tsv.gz
116,10068,FUM003.A0101.SG1.1_5M.classified_gc_rl.tsv.gz
117,9890,FUM003.A0101.SG1.1_5M.classified_gc_rl.tsv.gz
118,9638,FUM003.A0101.SG1.1_5M.classified_gc_rl.tsv.gz
119,9464,FUM003.A0101.SG1.1_5M.classified_gc_rl.tsv.gz
120,9329,FUM003.A0101.SG1.1_5M.classified_gc_rl.tsv.gz
121,8986,FUM003.A0101.SG1.1_5M.classified_gc_rl.tsv.gz
122,8967,FUM003.A0101.SG1.1_5M.classified_gc_rl.tsv.gz
123,8679,FUM003.A0101.SG1.1_5M.classified_gc_rl.tsv.gz
124,8448,FUM003.A0101.SG1.1_5M.classified_gc_rl.tsv.gz
125,8396,FUM003.A0101.SG1.1_5M.classified_gc_rl.tsv.gz
126,8144,FUM003.A0101.SG1.1_5M.classified_gc_rl.tsv.gz
127,8055,FUM003.A0101.SG1.1_5M.classified_gc_rl.tsv.gz
128,7861,FUM003.A0101.SG1.1_5M.classified_gc_rl.tsv.gz
129,7718,FUM003.A0101.SG1.1_5M.classified_gc_rl.tsv.gz
130,7418,FUM003.A0101.SG1.1_5M.classified_gc_rl.tsv.gz
131,7355,FUM003.A0101.SG1.1_5M.classified_gc_rl.tsv.gz
132,7270,FUM003.A0101.SG1.1_5M.classified_gc_rl.tsv.gz
133,7121,FUM003.A0101.SG1.1_5M.classified_gc_rl.tsv.gz
134,7094,FUM003.A0101.SG1.1_5M.classified_gc_rl.tsv.gz
135,6835,FUM003.A0101.SG1.1_5M.classified_gc_rl.tsv.gz
136,6823,FUM003.A0101.SG1.1_5M.classified_gc_rl.tsv.gz
137,6972,FUM003.A0101.SG1.1_5M.classified_gc_rl.tsv.gz
138,6615,FUM003.A0101.SG1.1_5M.classified_gc_rl.tsv.gz
139,6667,FUM003.A0101.SG1.1_5M.classified_gc_rl.tsv.gz
140,6971,FUM003.A0101.SG1.1_5M.classified_gc_rl.tsv.gz
141,5839,FUM003.A0101.SG1.1_5M.classified_gc_rl.tsv.gz
36,18244,FUM003.A0102.SG1.4_5M.classified_gc_rl.tsv.gz
37,30914,FUM003.A0102.SG1.4_5M.classified_gc_rl.tsv.gz
38,39724,FUM003.A0102.SG1.4_5M.classified_gc_rl.tsv.gz
39,44744,FUM003.A0102.SG1.4_5M.classified_gc_rl.tsv.gz
40,49234,FUM003.A0102.SG1.4_5M.classified_gc_rl.tsv.gz
41,48715,FUM003.A0102.SG1.4_5M.classified_gc_rl.tsv.gz
42,47415,FUM003.A0102.SG1.4_5M.classified_gc_rl.tsv.gz
43,47074,FUM003.A0102.SG1.4_5M.classified_gc_rl.tsv.gz
44,46400,FUM003.A0102.SG1.4_5M.classified_gc_rl.tsv.gz
45,44551,FUM003.A0102.SG1.4_5M.classified_gc_rl.tsv.gz
46,43185,FUM003.A0102.SG1.4_5M.classified_gc_rl.tsv.gz
47,41827,FUM003.A0102.SG1.4_5M.classified_gc_rl.tsv.gz
48,39757,FUM003.A0102.SG1.4_5M.classified_gc_rl.tsv.gz
49,38142,FUM003.A0102.SG1.4_5M.classified_gc_rl.tsv.gz
50,37129,FUM003.A0102.SG1.4_5M.classified_gc_rl.tsv.gz
51,34905,FUM003.A0102.SG1.4_5M.classified_gc_rl.tsv.gz
52,33546,FUM003.A0102.SG1.4_5M.classified_gc_rl.tsv.gz
53,32640,FUM003.A0102.SG1.4_5M.classified_gc_rl.tsv.gz
54,31221,FUM003.A0102.SG1.4_5M.classified_gc_rl.tsv.gz
55,29703,FUM003.A0102.SG1.4_5M.classified_gc_rl.tsv.gz
56,28899,FUM003.A0102.SG1.4_5M.classified_gc_rl.tsv.gz
57,27630,FUM003.A0102.SG1.4_5M.classified_gc_rl.tsv.gz
58,26504,FUM003.A0102.SG1.4_5M.classified_gc_rl.tsv.gz
59,25259,FUM003.A0102.SG1.4_5M.classified_gc_rl.tsv.gz
60,24006,FUM003.A0102.SG1.4_5M.classified_gc_rl.tsv.gz
61,22931,FUM003.A0102.SG1.4_5M.classified_gc_rl.tsv.gz
62,21903,FUM003.A0102.SG1.4_5M.classified_gc_rl.tsv.gz
63,20891,FUM003.A0102.SG1.4_5M.classified_gc_rl.tsv.gz
64,20406,FUM003.A0102.SG1.4_5M.classified_gc_rl.tsv.gz
65,19740,FUM003.A0102.SG1.4_5M.classified_gc_rl.tsv.gz
66,18749,FUM003.A0102.SG1.4_5M.classified_gc_rl.tsv.gz
67,18192,FUM003.A0102.SG1.4_5M.classified_gc_rl.tsv.gz
68,17448,FUM003.A0102.SG1.4_5M.classified_gc_rl.tsv.gz
69,16336,FUM003.A0102.SG1.4_5M.classified_gc_rl.tsv.gz
70,15999,FUM003.A0102.SG1.4_5M.classified_gc_rl.tsv.gz
71,15662,FUM003.A0102.SG1.4_5M.classified_gc_rl.tsv.gz
72,15968,FUM003.A0102.SG1.4_5M.classified_gc_rl.tsv.gz
73,19058,FUM003.A0102.SG1.4_5M.classified_gc_rl.tsv.gz
74,14407,FUM003.A0102.SG1.4_5M.classified_gc_rl.tsv.gz
75,18757,FUM003.A0102.SG1.4_5M.classified_gc_rl.tsv.gz
76,71210,FUM003.A0102.SG1.4_5M.classified_gc_rl.tsv.gz
77,12037,FUM003.A0102.SG1.4_5M.classified_gc_rl.tsv.gz
78,11760,FUM003.A0102.SG1.4_5M.classified_gc_rl.tsv.gz
79,10907,FUM003.A0102.SG1.4_5M.classified_gc_rl.tsv.gz
80,10647,FUM003.A0102.SG1.4_5M.classified_gc_rl.tsv.gz
81,10209,FUM003.A0102.SG1.4_5M.classified_gc_rl.tsv.gz
82,9619,FUM003.A0102.SG1.4_5M.classified_gc_rl.tsv.gz
83,9580,FUM003.A0102.SG1.4_5M.classified_gc_rl.tsv.gz
84,9201,FUM003.A0102.SG1.4_5M.classified_gc_rl.tsv.gz
85,8702,FUM003.A0102.SG1.4_5M.classified_gc_rl.tsv.gz
86,8487,FUM003.A0102.SG1.4_5M.classified_gc_rl.tsv.gz
87,8115,FUM003.A0102.SG1.4_5M.classified_gc_rl.tsv.gz
88,7767,FUM003.A0102.SG1.4_5M.classified_gc_rl.tsv.gz
89,7757,FUM003.A0102.SG1.4_5M.classified_gc_rl.tsv.gz
90,7232,FUM003.A0102.SG1.4_5M.classified_gc_rl.tsv.gz
91,6943,FUM003.A0102.SG1.4_5M.classified_gc_rl.tsv.gz
92,6775,FUM003.A0102.SG1.4_5M.classified_gc_rl.tsv.gz
93,6596,FUM003.A0102.SG1.4_5M.classified_gc_rl.tsv.gz
94,6303,FUM003.A0102.SG1.4_5M.classified_gc_rl.tsv.gz
95,5955,FUM003.A0102.SG1.4_5M.classified_gc_rl.tsv.gz
96,5835,FUM003.A0102.SG1.4_5M.classified_gc_rl.tsv.gz
97,5692,FUM003.A0102.SG1.4_5M.classified_gc_rl.tsv.gz
98,5473,FUM003.A0102.SG1.4_5M.classified_gc_rl.tsv.gz
99,5152,FUM003.A0102.SG1.4_5M.classified_gc_rl.tsv.gz
100,5156,FUM003.A0102.SG1.4_5M.classified_gc_rl.tsv.gz
101,4964,FUM003.A0102.SG1.4_5M.classified_gc_rl.tsv.gz
102,4628,FUM003.A0102.SG1.4_5M.classified_gc_rl.tsv.gz
103,4470,FUM003.A0102.SG1.4_5M.classified_gc_rl.tsv.gz
104,4370,FUM003.A0102.SG1.4_5M.classified_gc_rl.tsv.gz
105,4272,FUM003.A0102.SG1.4_5M.classified_gc_rl.tsv.gz
106,4148,FUM003.A0102.SG1.4_5M.classified_gc_rl.tsv.gz
107,3950,FUM003.A0102.SG1.4_5M.classified_gc_rl.tsv.gz
108,3823,FUM003.A0102.SG1.4_5M.classified_gc_rl.tsv.gz
109,3657,FUM003.A0102.SG1.4_5M.classified_gc_rl.tsv.gz
110,3548,FUM003.A0102.SG1.4_5M.classified_gc_rl.tsv.gz
111,3356,FUM003.A0102.SG1.4_5M.classified_gc_rl.tsv.gz
112,3375,FUM003.A0102.SG1.4_5M.classified_gc_rl.tsv.gz
113,3201,FUM003.A0102.SG1.4_5M.classified_gc_rl.tsv.gz
114,3062,FUM003.A0102.SG1.4_5M.classified_gc_rl.tsv.gz
115,3111,FUM003.A0102.SG1.4_5M.classified_gc_rl.tsv.gz
116,2877,FUM003.A0102.SG1.4_5M.classified_gc_rl.tsv.gz
117,2794,FUM003.A0102.SG1.4_5M.classified_gc_rl.tsv.gz
118,2731,FUM003.A0102.SG1.4_5M.classified_gc_rl.tsv.gz
119,2681,FUM003.A0102.SG1.4_5M.classified_gc_rl.tsv.gz
120,2518,FUM003.A0102.SG1.4_5M.classified_gc_rl.tsv.gz
121,2505,FUM003.A0102.SG1.4_5M.classified_gc_rl.tsv.gz
122,2416,FUM003.A0102.SG1.4_5M.classified_gc_rl.tsv.gz
123,2227,FUM003.A0102.SG1.4_5M.classified_gc_rl.tsv.gz
124,2232,FUM003.A0102.SG1.4_5M.classified_gc_rl.tsv.gz
125,2135,FUM003.A0102.SG1.4_5M.classified_gc_rl.tsv.gz
126,2130,FUM003.A0102.SG1.4_5M.classified_gc_rl.tsv.gz
127,1993,FUM003.A0102.SG1.4_5M.classified_gc_rl.tsv.gz
128,1976,FUM003.A0102.SG1.4_5M.classified_gc_rl.tsv.gz
129,1817,FUM003.A0102.SG1.4_5M.classified_gc_rl.tsv.gz
130,1718,FUM003.A0102.SG1.4_5M.classified_gc_rl.tsv.gz
131,1778,FUM003.A0102.SG1.4_5M.classified_gc_rl.tsv.gz
132,1667,FUM003.A0102.SG1.4_5M.classified_gc_rl.tsv.gz
133,1600,FUM003.A0102.SG1.4_5M.classified_gc_rl.tsv.gz
134,1635,FUM003.A0102.SG1.4_5M.classified_gc_rl.tsv.gz
135,1506,FUM003.A0102.SG1.4_5M.classified_gc_rl.tsv.gz
136,1489,FUM003.A0102.SG1.4_5M.classified_gc_rl.tsv.gz
137,1534,FUM003.A0102.SG1.4_5M.classified_gc_rl.tsv.gz
138,1324,FUM003.A0102.SG1.4_5M.classified_gc_rl.tsv.gz
139,1332,FUM003.A0102.SG1.4_5M.classified_gc_rl.tsv.gz
140,1378,FUM003.A0102.SG1.4_5M.classified_gc_rl.tsv.gz
141,1200,FUM003.A0102.SG1.4_5M.classified_gc_rl.tsv.gz
36,2654,GDN001.A0101.SG1.1_5M.classified_gc_rl.tsv.gz
37,5699,GDN001.A0101.SG1.1_5M.classified_gc_rl.tsv.gz
38,8395,GDN001.A0101.SG1.1_5M.classified_gc_rl.tsv.gz
39,10928,GDN001.A0101.SG1.1_5M.classified_gc_rl.tsv.gz
40,13538,GDN001.A0101.SG1.1_5M.classified_gc_rl.tsv.gz
41,15053,GDN001.A0101.SG1.1_5M.classified_gc_rl.tsv.gz
42,17373,GDN001.A0101.SG1.1_5M.classified_gc_rl.tsv.gz
43,19682,GDN001.A0101.SG1.1_5M.classified_gc_rl.tsv.gz
44,20900,GDN001.A0101.SG1.1_5M.classified_gc_rl.tsv.gz
45,23383,GDN001.A0101.SG1.1_5M.classified_gc_rl.tsv.gz
46,24234,GDN001.A0101.SG1.1_5M.classified_gc_rl.tsv.gz
47,25639,GDN001.A0101.SG1.1_5M.classified_gc_rl.tsv.gz
48,26766,GDN001.A0101.SG1.1_5M.classified_gc_rl.tsv.gz
49,27917,GDN001.A0101.SG1.1_5M.classified_gc_rl.tsv.gz
50,28691,GDN001.A0101.SG1.1_5M.classified_gc_rl.tsv.gz
51,29538,GDN001.A0101.SG1.1_5M.classified_gc_rl.tsv.gz
52,31110,GDN001.A0101.SG1.1_5M.classified_gc_rl.tsv.gz
53,31041,GDN001.A0101.SG1.1_5M.classified_gc_rl.tsv.gz
54,32656,GDN001.A0101.SG1.1_5M.classified_gc_rl.tsv.gz
55,32594,GDN001.A0101.SG1.1_5M.classified_gc_rl.tsv.gz
56,31112,GDN001.A0101.SG1.1_5M.classified_gc_rl.tsv.gz
57,32636,GDN001.A0101.SG1.1_5M.classified_gc_rl.tsv.gz
58,32693,GDN001.A0101.SG1.1_5M.classified_gc_rl.tsv.gz
59,31666,GDN001.A0101.SG1.1_5M.classified_gc_rl.tsv.gz
60,31557,GDN001.A0101.SG1.1_5M.classified_gc_rl.tsv.gz
61,31156,GDN001.A0101.SG1.1_5M.classified_gc_rl.tsv.gz
62,29405,GDN001.A0101.SG1.1_5M.classified_gc_rl.tsv.gz
63,30324,GDN001.A0101.SG1.1_5M.classified_gc_rl.tsv.gz
64,29104,GDN001.A0101.SG1.1_5M.classified_gc_rl.tsv.gz
65,28432,GDN001.A0101.SG1.1_5M.classified_gc_rl.tsv.gz
66,28214,GDN001.A0101.SG1.1_5M.classified_gc_rl.tsv.gz
67,27847,GDN001.A0101.SG1.1_5M.classified_gc_rl.tsv.gz
68,24820,GDN001.A0101.SG1.1_5M.classified_gc_rl.tsv.gz
69,24720,GDN001.A0101.SG1.1_5M.classified_gc_rl.tsv.gz
70,24736,GDN001.A0101.SG1.1_5M.classified_gc_rl.tsv.gz
71,22668,GDN001.A0101.SG1.1_5M.classified_gc_rl.tsv.gz
72,23080,GDN001.A0101.SG1.1_5M.classified_gc_rl.tsv.gz
73,22863,GDN001.A0101.SG1.1_5M.classified_gc_rl.tsv.gz
74,21561,GDN001.A0101.SG1.1_5M.classified_gc_rl.tsv.gz
75,23144,GDN001.A0101.SG1.1_5M.classified_gc_rl.tsv.gz
76,39448,GDN001.A0101.SG1.1_5M.classified_gc_rl.tsv.gz
77,17391,GDN001.A0101.SG1.1_5M.classified_gc_rl.tsv.gz
78,16438,GDN001.A0101.SG1.1_5M.classified_gc_rl.tsv.gz
79,16731,GDN001.A0101.SG1.1_5M.classified_gc_rl.tsv.gz
80,15343,GDN001.A0101.SG1.1_5M.classified_gc_rl.tsv.gz
81,13818,GDN001.A0101.SG1.1_5M.classified_gc_rl.tsv.gz
82,13257,GDN001.A0101.SG1.1_5M.classified_gc_rl.tsv.gz
83,12426,GDN001.A0101.SG1.1_5M.classified_gc_rl.tsv.gz
84,12056,GDN001.A0101.SG1.1_5M.classified_gc_rl.tsv.gz
85,11776,GDN001.A0101.SG1.1_5M.classified_gc_rl.tsv.gz
86,10897,GDN001.A0101.SG1.1_5M.classified_gc_rl.tsv.gz
87,10551,GDN001.A0101.SG1.1_5M.classified_gc_rl.tsv.gz
88,9749,GDN001.A0101.SG1.1_5M.classified_gc_rl.tsv.gz
89,8933,GDN001.A0101.SG1.1_5M.classified_gc_rl.tsv.gz
90,9155,GDN001.A0101.SG1.1_5M.classified_gc_rl.tsv.gz
91,8423,GDN001.A0101.SG1.1_5M.classified_gc_rl.tsv.gz
92,7778,GDN001.A0101.SG1.1_5M.classified_gc_rl.tsv.gz
93,7460,GDN001.A0101.SG1.1_5M.classified_gc_rl.tsv.gz
94,7283,GDN001.A0101.SG1.1_5M.classified_gc_rl.tsv.gz
95,6298,GDN001.A0101.SG1.1_5M.classified_gc_rl.tsv.gz
96,6312,GDN001.A0101.SG1.1_5M.classified_gc_rl.tsv.gz
97,5962,GDN001.A0101.SG1.1_5M.classified_gc_rl.tsv.gz
98,5531,GDN001.A0101.SG1.1_5M.classified_gc_rl.tsv.gz
99,5503,GDN001.A0101.SG1.1_5M.classified_gc_rl.tsv.gz
100,5092,GDN001.A0101.SG1.1_5M.classified_gc_rl.tsv.gz
101,4567,GDN001.A0101.SG1.1_5M.classified_gc_rl.tsv.gz
102,4528,GDN001.A0101.SG1.1_5M.classified_gc_rl.tsv.gz
103,4043,GDN001.A0101.SG1.1_5M.classified_gc_rl.tsv.gz
104,3861,GDN001.A0101.SG1.1_5M.classified_gc_rl.tsv.gz
105,4053,GDN001.A0101.SG1.1_5M.classified_gc_rl.tsv.gz
106,3399,GDN001.A0101.SG1.1_5M.classified_gc_rl.tsv.gz
107,3318,GDN001.A0101.SG1.1_5M.classified_gc_rl.tsv.gz
108,3161,GDN001.A0101.SG1.1_5M.classified_gc_rl.tsv.gz
109,2797,GDN001.A0101.SG1.1_5M.classified_gc_rl.tsv.gz
110,2737,GDN001.A0101.SG1.1_5M.classified_gc_rl.tsv.gz
111,2616,GDN001.A0101.SG1.1_5M.classified_gc_rl.tsv.gz
112,2554,GDN001.A0101.SG1.1_5M.classified_gc_rl.tsv.gz
113,2517,GDN001.A0101.SG1.1_5M.classified_gc_rl.tsv.gz
114,2307,GDN001.A0101.SG1.1_5M.classified_gc_rl.tsv.gz
115,2129,GDN001.A0101.SG1.1_5M.classified_gc_rl.tsv.gz
116,2014,GDN001.A0101.SG1.1_5M.classified_gc_rl.tsv.gz
117,1926,GDN001.A0101.SG1.1_5M.classified_gc_rl.tsv.gz
118,1901,GDN001.A0101.SG1.1_5M.classified_gc_rl.tsv.gz
119,1773,GDN001.A0101.SG1.1_5M.classified_gc_rl.tsv.gz
120,1701,GDN001.A0101.SG1.1_5M.classified_gc_rl.tsv.gz
121,1582,GDN001.A0101.SG1.1_5M.classified_gc_rl.tsv.gz
122,1428,GDN001.A0101.SG1.1_5M.classified_gc_rl.tsv.gz
123,1406,GDN001.A0101.SG1.1_5M.classified_gc_rl.tsv.gz
124,1284,GDN001.A0101.SG1.1_5M.classified_gc_rl.tsv.gz
125,1187,GDN001.A0101.SG1.1_5M.classified_gc_rl.tsv.gz
126,1174,GDN001.A0101.SG1.1_5M.classified_gc_rl.tsv.gz
127,1108,GDN001.A0101.SG1.1_5M.classified_gc_rl.tsv.gz
128,992,GDN001.A0101.SG1.1_5M.classified_gc_rl.tsv.gz
129,957,GDN001.A0101.SG1.1_5M.classified_gc_rl.tsv.gz
130,914,GDN001.A0101.SG1.1_5M.classified_gc_rl.tsv.gz
131,846,GDN001.A0101.SG1.1_5M.classified_gc_rl.tsv.gz
132,895,GDN001.A0101.SG1.1_5M.classified_gc_rl.tsv.gz
133,824,GDN001.A0101.SG1.1_5M.classified_gc_rl.tsv.gz
134,720,GDN001.A0101.SG1.1_5M.classified_gc_rl.tsv.gz
135,674,GDN001.A0101.SG1.1_5M.classified_gc_rl.tsv.gz
136,646,GDN001.A0101.SG1.1_5M.classified_gc_rl.tsv.gz
137,661,GDN001.A0101.SG1.1_5M.classified_gc_rl.tsv.gz
138,671,GDN001.A0101.SG1.1_5M.classified_gc_rl.tsv.gz
139,581,GDN001.A0101.SG1.1_5M.classified_gc_rl.tsv.gz
140,557,GDN001.A0101.SG1.1_5M.classified_gc_rl.tsv.gz
141,488,GDN001.A0101.SG1.1_5M.classified_gc_rl.tsv.gz
36,4460,GDN001.A0102.SG1.3_5M.classified_gc_rl.tsv.gz
37,8742,GDN001.A0102.SG1.3_5M.classified_gc_rl.tsv.gz
38,12190,GDN001.A0102.SG1.3_5M.classified_gc_rl.tsv.gz
39,14628,GDN001.A0102.SG1.3_5M.classified_gc_rl.tsv.gz
40,16913,GDN001.A0102.SG1.3_5M.classified_gc_rl.tsv.gz
41,17963,GDN001.A0102.SG1.3_5M.classified_gc_rl.tsv.gz
42,18179,GDN001.A0102.SG1.3_5M.classified_gc_rl.tsv.gz
43,18867,GDN001.A0102.SG1.3_5M.classified_gc_rl.tsv.gz
44,19485,GDN001.A0102.SG1.3_5M.classified_gc_rl.tsv.gz
45,18802,GDN001.A0102.SG1.3_5M.classified_gc_rl.tsv.gz
46,19767,GDN001.A0102.SG1.3_5M.classified_gc_rl.tsv.gz
47,19651,GDN001.A0102.SG1.3_5M.classified_gc_rl.tsv.gz
48,18490,GDN001.A0102.SG1.3_5M.classified_gc_rl.tsv.gz
49,18971,GDN001.A0102.SG1.3_5M.classified_gc_rl.tsv.gz
50,19107,GDN001.A0102.SG1.3_5M.classified_gc_rl.tsv.gz
51,17734,GDN001.A0102.SG1.3_5M.classified_gc_rl.tsv.gz
52,17696,GDN001.A0102.SG1.3_5M.classified_gc_rl.tsv.gz
53,17524,GDN001.A0102.SG1.3_5M.classified_gc_rl.tsv.gz
54,17000,GDN001.A0102.SG1.3_5M.classified_gc_rl.tsv.gz
55,16019,GDN001.A0102.SG1.3_5M.classified_gc_rl.tsv.gz
56,16103,GDN001.A0102.SG1.3_5M.classified_gc_rl.tsv.gz
57,14675,GDN001.A0102.SG1.3_5M.classified_gc_rl.tsv.gz
58,14768,GDN001.A0102.SG1.3_5M.classified_gc_rl.tsv.gz
59,14695,GDN001.A0102.SG1.3_5M.classified_gc_rl.tsv.gz
60,13400,GDN001.A0102.SG1.3_5M.classified_gc_rl.tsv.gz
61,12816,GDN001.A0102.SG1.3_5M.classified_gc_rl.tsv.gz
62,12536,GDN001.A0102.SG1.3_5M.classified_gc_rl.tsv.gz
63,11668,GDN001.A0102.SG1.3_5M.classified_gc_rl.tsv.gz
64,11300,GDN001.A0102.SG1.3_5M.classified_gc_rl.tsv.gz
65,11078,GDN001.A0102.SG1.3_5M.classified_gc_rl.tsv.gz
66,10135,GDN001.A0102.SG1.3_5M.classified_gc_rl.tsv.gz
67,10172,GDN001.A0102.SG1.3_5M.classified_gc_rl.tsv.gz
68,9488,GDN001.A0102.SG1.3_5M.classified_gc_rl.tsv.gz
69,8770,GDN001.A0102.SG1.3_5M.classified_gc_rl.tsv.gz
70,8541,GDN001.A0102.SG1.3_5M.classified_gc_rl.tsv.gz
71,8287,GDN001.A0102.SG1.3_5M.classified_gc_rl.tsv.gz
72,7803,GDN001.A0102.SG1.3_5M.classified_gc_rl.tsv.gz
73,7942,GDN001.A0102.SG1.3_5M.classified_gc_rl.tsv.gz
74,7117,GDN001.A0102.SG1.3_5M.classified_gc_rl.tsv.gz
75,6259,GDN001.A0102.SG1.3_5M.classified_gc_rl.tsv.gz
76,9259,GDN001.A0102.SG1.3_5M.classified_gc_rl.tsv.gz
77,5758,GDN001.A0102.SG1.3_5M.classified_gc_rl.tsv.gz
78,5276,GDN001.A0102.SG1.3_5M.classified_gc_rl.tsv.gz
79,5220,GDN001.A0102.SG1.3_5M.classified_gc_rl.tsv.gz
80,4818,GDN001.A0102.SG1.3_5M.classified_gc_rl.tsv.gz
81,4018,GDN001.A0102.SG1.3_5M.classified_gc_rl.tsv.gz
82,3931,GDN001.A0102.SG1.3_5M.classified_gc_rl.tsv.gz
83,3880,GDN001.A0102.SG1.3_5M.classified_gc_rl.tsv.gz
84,3560,GDN001.A0102.SG1.3_5M.classified_gc_rl.tsv.gz
85,3403,GDN001.A0102.SG1.3_5M.classified_gc_rl.tsv.gz
86,3169,GDN001.A0102.SG1.3_5M.classified_gc_rl.tsv.gz
87,3038,GDN001.A0102.SG1.3_5M.classified_gc_rl.tsv.gz
88,2634,GDN001.A0102.SG1.3_5M.classified_gc_rl.tsv.gz
89,2648,GDN001.A0102.SG1.3_5M.classified_gc_rl.tsv.gz
90,2379,GDN001.A0102.SG1.3_5M.classified_gc_rl.tsv.gz
91,2327,GDN001.A0102.SG1.3_5M.classified_gc_rl.tsv.gz
92,2156,GDN001.A0102.SG1.3_5M.classified_gc_rl.tsv.gz
93,2046,GDN001.A0102.SG1.3_5M.classified_gc_rl.tsv.gz
94,1881,GDN001.A0102.SG1.3_5M.classified_gc_rl.tsv.gz
95,1710,GDN001.A0102.SG1.3_5M.classified_gc_rl.tsv.gz
96,1560,GDN001.A0102.SG1.3_5M.classified_gc_rl.tsv.gz
97,1567,GDN001.A0102.SG1.3_5M.classified_gc_rl.tsv.gz
98,1452,GDN001.A0102.SG1.3_5M.classified_gc_rl.tsv.gz
99,1381,GDN001.A0102.SG1.3_5M.classified_gc_rl.tsv.gz
100,1313,GDN001.A0102.SG1.3_5M.classified_gc_rl.tsv.gz
101,1082,GDN001.A0102.SG1.3_5M.classified_gc_rl.tsv.gz
102,993,GDN001.A0102.SG1.3_5M.classified_gc_rl.tsv.gz
103,997,GDN001.A0102.SG1.3_5M.classified_gc_rl.tsv.gz
104,948,GDN001.A0102.SG1.3_5M.classified_gc_rl.tsv.gz
105,841,GDN001.A0102.SG1.3_5M.classified_gc_rl.tsv.gz
106,869,GDN001.A0102.SG1.3_5M.classified_gc_rl.tsv.gz
107,762,GDN001.A0102.SG1.3_5M.classified_gc_rl.tsv.gz
108,707,GDN001.A0102.SG1.3_5M.classified_gc_rl.tsv.gz
109,697,GDN001.A0102.SG1.3_5M.classified_gc_rl.tsv.gz
110,667,GDN001.A0102.SG1.3_5M.classified_gc_rl.tsv.gz
111,616,GDN001.A0102.SG1.3_5M.classified_gc_rl.tsv.gz
112,590,GDN001.A0102.SG1.3_5M.classified_gc_rl.tsv.gz
113,604,GDN001.A0102.SG1.3_5M.classified_gc_rl.tsv.gz
114,500,GDN001.A0102.SG1.3_5M.classified_gc_rl.tsv.gz
115,455,GDN001.A0102.SG1.3_5M.classified_gc_rl.tsv.gz
116,415,GDN001.A0102.SG1.3_5M.classified_gc_rl.tsv.gz
117,412,GDN001.A0102.SG1.3_5M.classified_gc_rl.tsv.gz
118,393,GDN001.A0102.SG1.3_5M.classified_gc_rl.tsv.gz
119,326,GDN001.A0102.SG1.3_5M.classified_gc_rl.tsv.gz
120,369,GDN001.A0102.SG1.3_5M.classified_gc_rl.tsv.gz
121,325,GDN001.A0102.SG1.3_5M.classified_gc_rl.tsv.gz
122,319,GDN001.A0102.SG1.3_5M.classified_gc_rl.tsv.gz
123,255,GDN001.A0102.SG1.3_5M.classified_gc_rl.tsv.gz
124,258,GDN001.A0102.SG1.3_5M.classified_gc_rl.tsv.gz
125,272,GDN001.A0102.SG1.3_5M.classified_gc_rl.tsv.gz
126,241,GDN001.A0102.SG1.3_5M.classified_gc_rl.tsv.gz
127,215,GDN001.A0102.SG1.3_5M.classified_gc_rl.tsv.gz
128,214,GDN001.A0102.SG1.3_5M.classified_gc_rl.tsv.gz
129,186,GDN001.A0102.SG1.3_5M.classified_gc_rl.tsv.gz
130,181,GDN001.A0102.SG1.3_5M.classified_gc_rl.tsv.gz
131,171,GDN001.A0102.SG1.3_5M.classified_gc_rl.tsv.gz
132,135,GDN001.A0102.SG1.3_5M.classified_gc_rl.tsv.gz
133,182,GDN001.A0102.SG1.3_5M.classified_gc_rl.tsv.gz
134,126,GDN001.A0102.SG1.3_5M.classified_gc_rl.tsv.gz
135,140,GDN001.A0102.SG1.3_5M.classified_gc_rl.tsv.gz
136,106,GDN001.A0102.SG1.3_5M.classified_gc_rl.tsv.gz
137,129,GDN001.A0102.SG1.3_5M.classified_gc_rl.tsv.gz
138,126,GDN001.A0102.SG1.3_5M.classified_gc_rl.tsv.gz
139,76,GDN001.A0102.SG1.3_5M.classified_gc_rl.tsv.gz
140,104,GDN001.A0102.SG1.3_5M.classified_gc_rl.tsv.gz
141,70,GDN001.A0102.SG1.3_5M.classified_gc_rl.tsv.gz
36,6784,GOY005.A0101.SG1.2_5M.classified_gc_rl.tsv.gz
37,12688,GOY005.A0101.SG1.2_5M.classified_gc_rl.tsv.gz
38,17037,GOY005.A0101.SG1.2_5M.classified_gc_rl.tsv.gz
39,20447,GOY005.A0101.SG1.2_5M.classified_gc_rl.tsv.gz
40,23425,GOY005.A0101.SG1.2_5M.classified_gc_rl.tsv.gz
41,24186,GOY005.A0101.SG1.2_5M.classified_gc_rl.tsv.gz
42,24687,GOY005.A0101.SG1.2_5M.classified_gc_rl.tsv.gz
43,25311,GOY005.A0101.SG1.2_5M.classified_gc_rl.tsv.gz
44,24948,GOY005.A0101.SG1.2_5M.classified_gc_rl.tsv.gz
45,24847,GOY005.A0101.SG1.2_5M.classified_gc_rl.tsv.gz
46,24898,GOY005.A0101.SG1.2_5M.classified_gc_rl.tsv.gz
47,24073,GOY005.A0101.SG1.2_5M.classified_gc_rl.tsv.gz
48,23644,GOY005.A0101.SG1.2_5M.classified_gc_rl.tsv.gz
49,22987,GOY005.A0101.SG1.2_5M.classified_gc_rl.tsv.gz
50,22283,GOY005.A0101.SG1.2_5M.classified_gc_rl.tsv.gz
51,21886,GOY005.A0101.SG1.2_5M.classified_gc_rl.tsv.gz
52,20976,GOY005.A0101.SG1.2_5M.classified_gc_rl.tsv.gz
53,20274,GOY005.A0101.SG1.2_5M.classified_gc_rl.tsv.gz
54,20012,GOY005.A0101.SG1.2_5M.classified_gc_rl.tsv.gz
55,18756,GOY005.A0101.SG1.2_5M.classified_gc_rl.tsv.gz
56,17729,GOY005.A0101.SG1.2_5M.classified_gc_rl.tsv.gz
57,17124,GOY005.A0101.SG1.2_5M.classified_gc_rl.tsv.gz
58,16555,GOY005.A0101.SG1.2_5M.classified_gc_rl.tsv.gz
59,15731,GOY005.A0101.SG1.2_5M.classified_gc_rl.tsv.gz
60,15258,GOY005.A0101.SG1.2_5M.classified_gc_rl.tsv.gz
61,14152,GOY005.A0101.SG1.2_5M.classified_gc_rl.tsv.gz
62,13399,GOY005.A0101.SG1.2_5M.classified_gc_rl.tsv.gz
63,12855,GOY005.A0101.SG1.2_5M.classified_gc_rl.tsv.gz
64,12406,GOY005.A0101.SG1.2_5M.classified_gc_rl.tsv.gz
65,11706,GOY005.A0101.SG1.2_5M.classified_gc_rl.tsv.gz
66,11501,GOY005.A0101.SG1.2_5M.classified_gc_rl.tsv.gz
67,10980,GOY005.A0101.SG1.2_5M.classified_gc_rl.tsv.gz
68,10071,GOY005.A0101.SG1.2_5M.classified_gc_rl.tsv.gz
69,9641,GOY005.A0101.SG1.2_5M.classified_gc_rl.tsv.gz
70,9357,GOY005.A0101.SG1.2_5M.classified_gc_rl.tsv.gz
71,9127,GOY005.A0101.SG1.2_5M.classified_gc_rl.tsv.gz
72,9446,GOY005.A0101.SG1.2_5M.classified_gc_rl.tsv.gz
73,10314,GOY005.A0101.SG1.2_5M.classified_gc_rl.tsv.gz
74,8853,GOY005.A0101.SG1.2_5M.classified_gc_rl.tsv.gz
75,16030,GOY005.A0101.SG1.2_5M.classified_gc_rl.tsv.gz
76,49847,GOY005.A0101.SG1.2_5M.classified_gc_rl.tsv.gz
77,6396,GOY005.A0101.SG1.2_5M.classified_gc_rl.tsv.gz
78,6282,GOY005.A0101.SG1.2_5M.classified_gc_rl.tsv.gz
79,5926,GOY005.A0101.SG1.2_5M.classified_gc_rl.tsv.gz
80,5661,GOY005.A0101.SG1.2_5M.classified_gc_rl.tsv.gz
81,4973,GOY005.A0101.SG1.2_5M.classified_gc_rl.tsv.gz
82,5076,GOY005.A0101.SG1.2_5M.classified_gc_rl.tsv.gz
83,4633,GOY005.A0101.SG1.2_5M.classified_gc_rl.tsv.gz
84,4495,GOY005.A0101.SG1.2_5M.classified_gc_rl.tsv.gz
85,4370,GOY005.A0101.SG1.2_5M.classified_gc_rl.tsv.gz
86,4168,GOY005.A0101.SG1.2_5M.classified_gc_rl.tsv.gz
87,3996,GOY005.A0101.SG1.2_5M.classified_gc_rl.tsv.gz
88,3797,GOY005.A0101.SG1.2_5M.classified_gc_rl.tsv.gz
89,3495,GOY005.A0101.SG1.2_5M.classified_gc_rl.tsv.gz
90,3520,GOY005.A0101.SG1.2_5M.classified_gc_rl.tsv.gz
91,3297,GOY005.A0101.SG1.2_5M.classified_gc_rl.tsv.gz
92,3169,GOY005.A0101.SG1.2_5M.classified_gc_rl.tsv.gz
93,3187,GOY005.A0101.SG1.2_5M.classified_gc_rl.tsv.gz
94,2987,GOY005.A0101.SG1.2_5M.classified_gc_rl.tsv.gz
95,2787,GOY005.A0101.SG1.2_5M.classified_gc_rl.tsv.gz
96,2709,GOY005.A0101.SG1.2_5M.classified_gc_rl.tsv.gz
97,2611,GOY005.A0101.SG1.2_5M.classified_gc_rl.tsv.gz
98,2439,GOY005.A0101.SG1.2_5M.classified_gc_rl.tsv.gz
99,2409,GOY005.A0101.SG1.2_5M.classified_gc_rl.tsv.gz
100,2261,GOY005.A0101.SG1.2_5M.classified_gc_rl.tsv.gz
101,2144,GOY005.A0101.SG1.2_5M.classified_gc_rl.tsv.gz
102,2110,GOY005.A0101.SG1.2_5M.classified_gc_rl.tsv.gz
103,2063,GOY005.A0101.SG1.2_5M.classified_gc_rl.tsv.gz
104,1956,GOY005.A0101.SG1.2_5M.classified_gc_rl.tsv.gz
105,1907,GOY005.A0101.SG1.2_5M.classified_gc_rl.tsv.gz
106,1834,GOY005.A0101.SG1.2_5M.classified_gc_rl.tsv.gz
107,1807,GOY005.A0101.SG1.2_5M.classified_gc_rl.tsv.gz
108,1612,GOY005.A0101.SG1.2_5M.classified_gc_rl.tsv.gz
109,1658,GOY005.A0101.SG1.2_5M.classified_gc_rl.tsv.gz
110,1582,GOY005.A0101.SG1.2_5M.classified_gc_rl.tsv.gz
111,1583,GOY005.A0101.SG1.2_5M.classified_gc_rl.tsv.gz
112,1480,GOY005.A0101.SG1.2_5M.classified_gc_rl.tsv.gz
113,1535,GOY005.A0101.SG1.2_5M.classified_gc_rl.tsv.gz
114,1382,GOY005.A0101.SG1.2_5M.classified_gc_rl.tsv.gz
115,1289,GOY005.A0101.SG1.2_5M.classified_gc_rl.tsv.gz
116,1273,GOY005.A0101.SG1.2_5M.classified_gc_rl.tsv.gz
117,1197,GOY005.A0101.SG1.2_5M.classified_gc_rl.tsv.gz
118,1148,GOY005.A0101.SG1.2_5M.classified_gc_rl.tsv.gz
119,1110,GOY005.A0101.SG1.2_5M.classified_gc_rl.tsv.gz
120,1151,GOY005.A0101.SG1.2_5M.classified_gc_rl.tsv.gz
121,1095,GOY005.A0101.SG1.2_5M.classified_gc_rl.tsv.gz
122,1052,GOY005.A0101.SG1.2_5M.classified_gc_rl.tsv.gz
123,1021,GOY005.A0101.SG1.2_5M.classified_gc_rl.tsv.gz
124,1071,GOY005.A0101.SG1.2_5M.classified_gc_rl.tsv.gz
125,955,GOY005.A0101.SG1.2_5M.classified_gc_rl.tsv.gz
126,901,GOY005.A0101.SG1.2_5M.classified_gc_rl.tsv.gz
127,919,GOY005.A0101.SG1.2_5M.classified_gc_rl.tsv.gz
128,875,GOY005.A0101.SG1.2_5M.classified_gc_rl.tsv.gz
129,851,GOY005.A0101.SG1.2_5M.classified_gc_rl.tsv.gz
130,807,GOY005.A0101.SG1.2_5M.classified_gc_rl.tsv.gz
131,809,GOY005.A0101.SG1.2_5M.classified_gc_rl.tsv.gz
132,813,GOY005.A0101.SG1.2_5M.classified_gc_rl.tsv.gz
133,793,GOY005.A0101.SG1.2_5M.classified_gc_rl.tsv.gz
134,799,GOY005.A0101.SG1.2_5M.classified_gc_rl.tsv.gz
135,740,GOY005.A0101.SG1.2_5M.classified_gc_rl.tsv.gz
136,706,GOY005.A0101.SG1.2_5M.classified_gc_rl.tsv.gz
137,749,GOY005.A0101.SG1.2_5M.classified_gc_rl.tsv.gz
138,681,GOY005.A0101.SG1.2_5M.classified_gc_rl.tsv.gz
139,664,GOY005.A0101.SG1.2_5M.classified_gc_rl.tsv.gz
140,776,GOY005.A0101.SG1.2_5M.classified_gc_rl.tsv.gz
141,619,GOY005.A0101.SG1.2_5M.classified_gc_rl.tsv.gz
36,8113,GOY005.A0103.SG1.4_5M.classified_gc_rl.tsv.gz
37,14218,GOY005.A0103.SG1.4_5M.classified_gc_rl.tsv.gz
38,18681,GOY005.A0103.SG1.4_5M.classified_gc_rl.tsv.gz
39,20929,GOY005.A0103.SG1.4_5M.classified_gc_rl.tsv.gz
40,22727,GOY005.A0103.SG1.4_5M.classified_gc_rl.tsv.gz
41,23032,GOY005.A0103.SG1.4_5M.classified_gc_rl.tsv.gz
42,22421,GOY005.A0103.SG1.4_5M.classified_gc_rl.tsv.gz
43,22011,GOY005.A0103.SG1.4_5M.classified_gc_rl.tsv.gz
44,21813,GOY005.A0103.SG1.4_5M.classified_gc_rl.tsv.gz
45,20619,GOY005.A0103.SG1.4_5M.classified_gc_rl.tsv.gz
46,20132,GOY005.A0103.SG1.4_5M.classified_gc_rl.tsv.gz
47,19258,GOY005.A0103.SG1.4_5M.classified_gc_rl.tsv.gz
48,17683,GOY005.A0103.SG1.4_5M.classified_gc_rl.tsv.gz
49,16891,GOY005.A0103.SG1.4_5M.classified_gc_rl.tsv.gz
50,16453,GOY005.A0103.SG1.4_5M.classified_gc_rl.tsv.gz
51,14757,GOY005.A0103.SG1.4_5M.classified_gc_rl.tsv.gz
52,14218,GOY005.A0103.SG1.4_5M.classified_gc_rl.tsv.gz
53,13769,GOY005.A0103.SG1.4_5M.classified_gc_rl.tsv.gz
54,12529,GOY005.A0103.SG1.4_5M.classified_gc_rl.tsv.gz
55,11484,GOY005.A0103.SG1.4_5M.classified_gc_rl.tsv.gz
56,10766,GOY005.A0103.SG1.4_5M.classified_gc_rl.tsv.gz
57,9959,GOY005.A0103.SG1.4_5M.classified_gc_rl.tsv.gz
58,9321,GOY005.A0103.SG1.4_5M.classified_gc_rl.tsv.gz
59,9006,GOY005.A0103.SG1.4_5M.classified_gc_rl.tsv.gz
60,8099,GOY005.A0103.SG1.4_5M.classified_gc_rl.tsv.gz
61,7240,GOY005.A0103.SG1.4_5M.classified_gc_rl.tsv.gz
62,7037,GOY005.A0103.SG1.4_5M.classified_gc_rl.tsv.gz
63,6282,GOY005.A0103.SG1.4_5M.classified_gc_rl.tsv.gz
64,6111,GOY005.A0103.SG1.4_5M.classified_gc_rl.tsv.gz
65,5824,GOY005.A0103.SG1.4_5M.classified_gc_rl.tsv.gz
66,5239,GOY005.A0103.SG1.4_5M.classified_gc_rl.tsv.gz
67,4983,GOY005.A0103.SG1.4_5M.classified_gc_rl.tsv.gz
68,4481,GOY005.A0103.SG1.4_5M.classified_gc_rl.tsv.gz
69,4145,GOY005.A0103.SG1.4_5M.classified_gc_rl.tsv.gz
70,3987,GOY005.A0103.SG1.4_5M.classified_gc_rl.tsv.gz
71,3670,GOY005.A0103.SG1.4_5M.classified_gc_rl.tsv.gz
72,3565,GOY005.A0103.SG1.4_5M.classified_gc_rl.tsv.gz
73,3751,GOY005.A0103.SG1.4_5M.classified_gc_rl.tsv.gz
74,2962,GOY005.A0103.SG1.4_5M.classified_gc_rl.tsv.gz
75,2944,GOY005.A0103.SG1.4_5M.classified_gc_rl.tsv.gz
76,6932,GOY005.A0103.SG1.4_5M.classified_gc_rl.tsv.gz
77,2326,GOY005.A0103.SG1.4_5M.classified_gc_rl.tsv.gz
78,2021,GOY005.A0103.SG1.4_5M.classified_gc_rl.tsv.gz
79,2053,GOY005.A0103.SG1.4_5M.classified_gc_rl.tsv.gz
80,1896,GOY005.A0103.SG1.4_5M.classified_gc_rl.tsv.gz
81,1620,GOY005.A0103.SG1.4_5M.classified_gc_rl.tsv.gz
82,1526,GOY005.A0103.SG1.4_5M.classified_gc_rl.tsv.gz
83,1416,GOY005.A0103.SG1.4_5M.classified_gc_rl.tsv.gz
84,1320,GOY005.A0103.SG1.4_5M.classified_gc_rl.tsv.gz
85,1246,GOY005.A0103.SG1.4_5M.classified_gc_rl.tsv.gz
86,1233,GOY005.A0103.SG1.4_5M.classified_gc_rl.tsv.gz
87,1122,GOY005.A0103.SG1.4_5M.classified_gc_rl.tsv.gz
88,967,GOY005.A0103.SG1.4_5M.classified_gc_rl.tsv.gz
89,906,GOY005.A0103.SG1.4_5M.classified_gc_rl.tsv.gz
90,855,GOY005.A0103.SG1.4_5M.classified_gc_rl.tsv.gz
91,808,GOY005.A0103.SG1.4_5M.classified_gc_rl.tsv.gz
92,796,GOY005.A0103.SG1.4_5M.classified_gc_rl.tsv.gz
93,741,GOY005.A0103.SG1.4_5M.classified_gc_rl.tsv.gz
94,671,GOY005.A0103.SG1.4_5M.classified_gc_rl.tsv.gz
95,559,GOY005.A0103.SG1.4_5M.classified_gc_rl.tsv.gz
96,606,GOY005.A0103.SG1.4_5M.classified_gc_rl.tsv.gz
97,562,GOY005.A0103.SG1.4_5M.classified_gc_rl.tsv.gz
98,504,GOY005.A0103.SG1.4_5M.classified_gc_rl.tsv.gz
99,515,GOY005.A0103.SG1.4_5M.classified_gc_rl.tsv.gz
100,472,GOY005.A0103.SG1.4_5M.classified_gc_rl.tsv.gz
101,446,GOY005.A0103.SG1.4_5M.classified_gc_rl.tsv.gz
102,385,GOY005.A0103.SG1.4_5M.classified_gc_rl.tsv.gz
103,365,GOY005.A0103.SG1.4_5M.classified_gc_rl.tsv.gz
104,362,GOY005.A0103.SG1.4_5M.classified_gc_rl.tsv.gz
105,329,GOY005.A0103.SG1.4_5M.classified_gc_rl.tsv.gz
106,359,GOY005.A0103.SG1.4_5M.classified_gc_rl.tsv.gz
107,283,GOY005.A0103.SG1.4_5M.classified_gc_rl.tsv.gz
108,301,GOY005.A0103.SG1.4_5M.classified_gc_rl.tsv.gz
109,278,GOY005.A0103.SG1.4_5M.classified_gc_rl.tsv.gz
110,287,GOY005.A0103.SG1.4_5M.classified_gc_rl.tsv.gz
111,271,GOY005.A0103.SG1.4_5M.classified_gc_rl.tsv.gz
112,220,GOY005.A0103.SG1.4_5M.classified_gc_rl.tsv.gz
113,206,GOY005.A0103.SG1.4_5M.classified_gc_rl.tsv.gz
114,240,GOY005.A0103.SG1.4_5M.classified_gc_rl.tsv.gz
115,222,GOY005.A0103.SG1.4_5M.classified_gc_rl.tsv.gz
116,193,GOY005.A0103.SG1.4_5M.classified_gc_rl.tsv.gz
117,205,GOY005.A0103.SG1.4_5M.classified_gc_rl.tsv.gz
118,190,GOY005.A0103.SG1.4_5M.classified_gc_rl.tsv.gz
119,193,GOY005.A0103.SG1.4_5M.classified_gc_rl.tsv.gz
120,177,GOY005.A0103.SG1.4_5M.classified_gc_rl.tsv.gz
121,152,GOY005.A0103.SG1.4_5M.classified_gc_rl.tsv.gz
122,154,GOY005.A0103.SG1.4_5M.classified_gc_rl.tsv.gz
123,143,GOY005.A0103.SG1.4_5M.classified_gc_rl.tsv.gz
124,142,GOY005.A0103.SG1.4_5M.classified_gc_rl.tsv.gz
125,159,GOY005.A0103.SG1.4_5M.classified_gc_rl.tsv.gz
126,150,GOY005.A0103.SG1.4_5M.classified_gc_rl.tsv.gz
127,130,GOY005.A0103.SG1.4_5M.classified_gc_rl.tsv.gz
128,118,GOY005.A0103.SG1.4_5M.classified_gc_rl.tsv.gz
129,111,GOY005.A0103.SG1.4_5M.classified_gc_rl.tsv.gz
130,118,GOY005.A0103.SG1.4_5M.classified_gc_rl.tsv.gz
131,115,GOY005.A0103.SG1.4_5M.classified_gc_rl.tsv.gz
132,106,GOY005.A0103.SG1.4_5M.classified_gc_rl.tsv.gz
133,109,GOY005.A0103.SG1.4_5M.classified_gc_rl.tsv.gz
134,131,GOY005.A0103.SG1.4_5M.classified_gc_rl.tsv.gz
135,75,GOY005.A0103.SG1.4_5M.classified_gc_rl.tsv.gz
136,81,GOY005.A0103.SG1.4_5M.classified_gc_rl.tsv.gz
137,79,GOY005.A0103.SG1.4_5M.classified_gc_rl.tsv.gz
138,76,GOY005.A0103.SG1.4_5M.classified_gc_rl.tsv.gz
139,67,GOY005.A0103.SG1.4_5M.classified_gc_rl.tsv.gz
140,84,GOY005.A0103.SG1.4_5M.classified_gc_rl.tsv.gz
141,79,GOY005.A0103.SG1.4_5M.classified_gc_rl.tsv.gz
36,5730,GOY006.A0101.SG1.2_5M.classified_gc_rl.tsv.gz
37,11288,GOY006.A0101.SG1.2_5M.classified_gc_rl.tsv.gz
38,14783,GOY006.A0101.SG1.2_5M.classified_gc_rl.tsv.gz
39,17981,GOY006.A0101.SG1.2_5M.classified_gc_rl.tsv.gz
40,20972,GOY006.A0101.SG1.2_5M.classified_gc_rl.tsv.gz
41,21836,GOY006.A0101.SG1.2_5M.classified_gc_rl.tsv.gz
42,22575,GOY006.A0101.SG1.2_5M.classified_gc_rl.tsv.gz
43,23458,GOY006.A0101.SG1.2_5M.classified_gc_rl.tsv.gz
44,23291,GOY006.A0101.SG1.2_5M.classified_gc_rl.tsv.gz
45,23733,GOY006.A0101.SG1.2_5M.classified_gc_rl.tsv.gz
46,24541,GOY006.A0101.SG1.2_5M.classified_gc_rl.tsv.gz
47,23794,GOY006.A0101.SG1.2_5M.classified_gc_rl.tsv.gz
48,23275,GOY006.A0101.SG1.2_5M.classified_gc_rl.tsv.gz
49,23318,GOY006.A0101.SG1.2_5M.classified_gc_rl.tsv.gz
50,22813,GOY006.A0101.SG1.2_5M.classified_gc_rl.tsv.gz
51,22908,GOY006.A0101.SG1.2_5M.classified_gc_rl.tsv.gz
52,22774,GOY006.A0101.SG1.2_5M.classified_gc_rl.tsv.gz
53,21634,GOY006.A0101.SG1.2_5M.classified_gc_rl.tsv.gz
54,21657,GOY006.A0101.SG1.2_5M.classified_gc_rl.tsv.gz
55,21006,GOY006.A0101.SG1.2_5M.classified_gc_rl.tsv.gz
56,20068,GOY006.A0101.SG1.2_5M.classified_gc_rl.tsv.gz
57,19731,GOY006.A0101.SG1.2_5M.classified_gc_rl.tsv.gz
58,19453,GOY006.A0101.SG1.2_5M.classified_gc_rl.tsv.gz
59,18602,GOY006.A0101.SG1.2_5M.classified_gc_rl.tsv.gz
60,18052,GOY006.A0101.SG1.2_5M.classified_gc_rl.tsv.gz
61,17294,GOY006.A0101.SG1.2_5M.classified_gc_rl.tsv.gz
62,16716,GOY006.A0101.SG1.2_5M.classified_gc_rl.tsv.gz
63,16234,GOY006.A0101.SG1.2_5M.classified_gc_rl.tsv.gz
64,16054,GOY006.A0101.SG1.2_5M.classified_gc_rl.tsv.gz
65,15010,GOY006.A0101.SG1.2_5M.classified_gc_rl.tsv.gz
66,14743,GOY006.A0101.SG1.2_5M.classified_gc_rl.tsv.gz
67,14326,GOY006.A0101.SG1.2_5M.classified_gc_rl.tsv.gz
68,13539,GOY006.A0101.SG1.2_5M.classified_gc_rl.tsv.gz
69,13168,GOY006.A0101.SG1.2_5M.classified_gc_rl.tsv.gz
70,12830,GOY006.A0101.SG1.2_5M.classified_gc_rl.tsv.gz
71,12364,GOY006.A0101.SG1.2_5M.classified_gc_rl.tsv.gz
72,12598,GOY006.A0101.SG1.2_5M.classified_gc_rl.tsv.gz
73,13401,GOY006.A0101.SG1.2_5M.classified_gc_rl.tsv.gz
74,12012,GOY006.A0101.SG1.2_5M.classified_gc_rl.tsv.gz
75,16599,GOY006.A0101.SG1.2_5M.classified_gc_rl.tsv.gz
76,41442,GOY006.A0101.SG1.2_5M.classified_gc_rl.tsv.gz
77,9314,GOY006.A0101.SG1.2_5M.classified_gc_rl.tsv.gz
78,9067,GOY006.A0101.SG1.2_5M.classified_gc_rl.tsv.gz
79,9029,GOY006.A0101.SG1.2_5M.classified_gc_rl.tsv.gz
80,8397,GOY006.A0101.SG1.2_5M.classified_gc_rl.tsv.gz
81,7914,GOY006.A0101.SG1.2_5M.classified_gc_rl.tsv.gz
82,7712,GOY006.A0101.SG1.2_5M.classified_gc_rl.tsv.gz
83,7215,GOY006.A0101.SG1.2_5M.classified_gc_rl.tsv.gz
84,7010,GOY006.A0101.SG1.2_5M.classified_gc_rl.tsv.gz
85,6931,GOY006.A0101.SG1.2_5M.classified_gc_rl.tsv.gz
86,6555,GOY006.A0101.SG1.2_5M.classified_gc_rl.tsv.gz
87,6497,GOY006.A0101.SG1.2_5M.classified_gc_rl.tsv.gz
88,5981,GOY006.A0101.SG1.2_5M.classified_gc_rl.tsv.gz
89,5639,GOY006.A0101.SG1.2_5M.classified_gc_rl.tsv.gz
90,5524,GOY006.A0101.SG1.2_5M.classified_gc_rl.tsv.gz
91,5420,GOY006.A0101.SG1.2_5M.classified_gc_rl.tsv.gz
92,5102,GOY006.A0101.SG1.2_5M.classified_gc_rl.tsv.gz
93,4888,GOY006.A0101.SG1.2_5M.classified_gc_rl.tsv.gz
94,4908,GOY006.A0101.SG1.2_5M.classified_gc_rl.tsv.gz
95,4445,GOY006.A0101.SG1.2_5M.classified_gc_rl.tsv.gz
96,4248,GOY006.A0101.SG1.2_5M.classified_gc_rl.tsv.gz
97,4250,GOY006.A0101.SG1.2_5M.classified_gc_rl.tsv.gz
98,4072,GOY006.A0101.SG1.2_5M.classified_gc_rl.tsv.gz
99,3915,GOY006.A0101.SG1.2_5M.classified_gc_rl.tsv.gz
100,3805,GOY006.A0101.SG1.2_5M.classified_gc_rl.tsv.gz
101,3541,GOY006.A0101.SG1.2_5M.classified_gc_rl.tsv.gz
102,3365,GOY006.A0101.SG1.2_5M.classified_gc_rl.tsv.gz
103,3235,GOY006.A0101.SG1.2_5M.classified_gc_rl.tsv.gz
104,3055,GOY006.A0101.SG1.2_5M.classified_gc_rl.tsv.gz
105,3039,GOY006.A0101.SG1.2_5M.classified_gc_rl.tsv.gz
106,3049,GOY006.A0101.SG1.2_5M.classified_gc_rl.tsv.gz
107,2822,GOY006.A0101.SG1.2_5M.classified_gc_rl.tsv.gz
108,2641,GOY006.A0101.SG1.2_5M.classified_gc_rl.tsv.gz
109,2535,GOY006.A0101.SG1.2_5M.classified_gc_rl.tsv.gz
110,2502,GOY006.A0101.SG1.2_5M.classified_gc_rl.tsv.gz
111,2455,GOY006.A0101.SG1.2_5M.classified_gc_rl.tsv.gz
112,2312,GOY006.A0101.SG1.2_5M.classified_gc_rl.tsv.gz
113,2255,GOY006.A0101.SG1.2_5M.classified_gc_rl.tsv.gz
114,2211,GOY006.A0101.SG1.2_5M.classified_gc_rl.tsv.gz
115,2096,GOY006.A0101.SG1.2_5M.classified_gc_rl.tsv.gz
116,1958,GOY006.A0101.SG1.2_5M.classified_gc_rl.tsv.gz
117,1967,GOY006.A0101.SG1.2_5M.classified_gc_rl.tsv.gz
118,1914,GOY006.A0101.SG1.2_5M.classified_gc_rl.tsv.gz
119,1837,GOY006.A0101.SG1.2_5M.classified_gc_rl.tsv.gz
120,1733,GOY006.A0101.SG1.2_5M.classified_gc_rl.tsv.gz
121,1683,GOY006.A0101.SG1.2_5M.classified_gc_rl.tsv.gz
122,1612,GOY006.A0101.SG1.2_5M.classified_gc_rl.tsv.gz
123,1596,GOY006.A0101.SG1.2_5M.classified_gc_rl.tsv.gz
124,1578,GOY006.A0101.SG1.2_5M.classified_gc_rl.tsv.gz
125,1410,GOY006.A0101.SG1.2_5M.classified_gc_rl.tsv.gz
126,1415,GOY006.A0101.SG1.2_5M.classified_gc_rl.tsv.gz
127,1347,GOY006.A0101.SG1.2_5M.classified_gc_rl.tsv.gz
128,1319,GOY006.A0101.SG1.2_5M.classified_gc_rl.tsv.gz
129,1270,GOY006.A0101.SG1.2_5M.classified_gc_rl.tsv.gz
130,1266,GOY006.A0101.SG1.2_5M.classified_gc_rl.tsv.gz
131,1218,GOY006.A0101.SG1.2_5M.classified_gc_rl.tsv.gz
132,1113,GOY006.A0101.SG1.2_5M.classified_gc_rl.tsv.gz
133,1177,GOY006.A0101.SG1.2_5M.classified_gc_rl.tsv.gz
134,1152,GOY006.A0101.SG1.2_5M.classified_gc_rl.tsv.gz
135,1080,GOY006.A0101.SG1.2_5M.classified_gc_rl.tsv.gz
136,1031,GOY006.A0101.SG1.2_5M.classified_gc_rl.tsv.gz
137,1077,GOY006.A0101.SG1.2_5M.classified_gc_rl.tsv.gz
138,929,GOY006.A0101.SG1.2_5M.classified_gc_rl.tsv.gz
139,983,GOY006.A0101.SG1.2_5M.classified_gc_rl.tsv.gz
140,1121,GOY006.A0101.SG1.2_5M.classified_gc_rl.tsv.gz
141,846,GOY006.A0101.SG1.2_5M.classified_gc_rl.tsv.gz
36,7614,GOY006.A0102.SG1.5_5M.classified_gc_rl.tsv.gz
37,13553,GOY006.A0102.SG1.5_5M.classified_gc_rl.tsv.gz
38,18003,GOY006.A0102.SG1.5_5M.classified_gc_rl.tsv.gz
39,20189,GOY006.A0102.SG1.5_5M.classified_gc_rl.tsv.gz
40,22178,GOY006.A0102.SG1.5_5M.classified_gc_rl.tsv.gz
41,22984,GOY006.A0102.SG1.5_5M.classified_gc_rl.tsv.gz
42,22067,GOY006.A0102.SG1.5_5M.classified_gc_rl.tsv.gz
43,22384,GOY006.A0102.SG1.5_5M.classified_gc_rl.tsv.gz
44,22389,GOY006.A0102.SG1.5_5M.classified_gc_rl.tsv.gz
45,21812,GOY006.A0102.SG1.5_5M.classified_gc_rl.tsv.gz
46,21110,GOY006.A0102.SG1.5_5M.classified_gc_rl.tsv.gz
47,20831,GOY006.A0102.SG1.5_5M.classified_gc_rl.tsv.gz
48,19311,GOY006.A0102.SG1.5_5M.classified_gc_rl.tsv.gz
49,18726,GOY006.A0102.SG1.5_5M.classified_gc_rl.tsv.gz
50,18405,GOY006.A0102.SG1.5_5M.classified_gc_rl.tsv.gz
51,17083,GOY006.A0102.SG1.5_5M.classified_gc_rl.tsv.gz
52,16276,GOY006.A0102.SG1.5_5M.classified_gc_rl.tsv.gz
53,16165,GOY006.A0102.SG1.5_5M.classified_gc_rl.tsv.gz
54,15115,GOY006.A0102.SG1.5_5M.classified_gc_rl.tsv.gz
55,14030,GOY006.A0102.SG1.5_5M.classified_gc_rl.tsv.gz
56,13698,GOY006.A0102.SG1.5_5M.classified_gc_rl.tsv.gz
57,12483,GOY006.A0102.SG1.5_5M.classified_gc_rl.tsv.gz
58,12242,GOY006.A0102.SG1.5_5M.classified_gc_rl.tsv.gz
59,11766,GOY006.A0102.SG1.5_5M.classified_gc_rl.tsv.gz
60,10801,GOY006.A0102.SG1.5_5M.classified_gc_rl.tsv.gz
61,10114,GOY006.A0102.SG1.5_5M.classified_gc_rl.tsv.gz
62,9562,GOY006.A0102.SG1.5_5M.classified_gc_rl.tsv.gz
63,8898,GOY006.A0102.SG1.5_5M.classified_gc_rl.tsv.gz
64,8736,GOY006.A0102.SG1.5_5M.classified_gc_rl.tsv.gz
65,8462,GOY006.A0102.SG1.5_5M.classified_gc_rl.tsv.gz
66,8013,GOY006.A0102.SG1.5_5M.classified_gc_rl.tsv.gz
67,7463,GOY006.A0102.SG1.5_5M.classified_gc_rl.tsv.gz
68,7104,GOY006.A0102.SG1.5_5M.classified_gc_rl.tsv.gz
69,6439,GOY006.A0102.SG1.5_5M.classified_gc_rl.tsv.gz
70,6356,GOY006.A0102.SG1.5_5M.classified_gc_rl.tsv.gz
71,6206,GOY006.A0102.SG1.5_5M.classified_gc_rl.tsv.gz
72,5948,GOY006.A0102.SG1.5_5M.classified_gc_rl.tsv.gz
73,6436,GOY006.A0102.SG1.5_5M.classified_gc_rl.tsv.gz
74,5296,GOY006.A0102.SG1.5_5M.classified_gc_rl.tsv.gz
75,5410,GOY006.A0102.SG1.5_5M.classified_gc_rl.tsv.gz
76,13849,GOY006.A0102.SG1.5_5M.classified_gc_rl.tsv.gz
77,4217,GOY006.A0102.SG1.5_5M.classified_gc_rl.tsv.gz
78,3949,GOY006.A0102.SG1.5_5M.classified_gc_rl.tsv.gz
79,3713,GOY006.A0102.SG1.5_5M.classified_gc_rl.tsv.gz
80,3649,GOY006.A0102.SG1.5_5M.classified_gc_rl.tsv.gz
81,3190,GOY006.A0102.SG1.5_5M.classified_gc_rl.tsv.gz
82,3107,GOY006.A0102.SG1.5_5M.classified_gc_rl.tsv.gz
83,2866,GOY006.A0102.SG1.5_5M.classified_gc_rl.tsv.gz
84,2701,GOY006.A0102.SG1.5_5M.classified_gc_rl.tsv.gz
85,2641,GOY006.A0102.SG1.5_5M.classified_gc_rl.tsv.gz
86,2529,GOY006.A0102.SG1.5_5M.classified_gc_rl.tsv.gz
87,2471,GOY006.A0102.SG1.5_5M.classified_gc_rl.tsv.gz
88,2243,GOY006.A0102.SG1.5_5M.classified_gc_rl.tsv.gz
89,2045,GOY006.A0102.SG1.5_5M.classified_gc_rl.tsv.gz
90,2033,GOY006.A0102.SG1.5_5M.classified_gc_rl.tsv.gz
91,1944,GOY006.A0102.SG1.5_5M.classified_gc_rl.tsv.gz
92,1946,GOY006.A0102.SG1.5_5M.classified_gc_rl.tsv.gz
93,1781,GOY006.A0102.SG1.5_5M.classified_gc_rl.tsv.gz
94,1654,GOY006.A0102.SG1.5_5M.classified_gc_rl.tsv.gz
95,1585,GOY006.A0102.SG1.5_5M.classified_gc_rl.tsv.gz
96,1473,GOY006.A0102.SG1.5_5M.classified_gc_rl.tsv.gz
97,1458,GOY006.A0102.SG1.5_5M.classified_gc_rl.tsv.gz
98,1386,GOY006.A0102.SG1.5_5M.classified_gc_rl.tsv.gz
99,1318,GOY006.A0102.SG1.5_5M.classified_gc_rl.tsv.gz
100,1249,GOY006.A0102.SG1.5_5M.classified_gc_rl.tsv.gz
101,1157,GOY006.A0102.SG1.5_5M.classified_gc_rl.tsv.gz
102,1081,GOY006.A0102.SG1.5_5M.classified_gc_rl.tsv.gz
103,1012,GOY006.A0102.SG1.5_5M.classified_gc_rl.tsv.gz
104,1013,GOY006.A0102.SG1.5_5M.classified_gc_rl.tsv.gz
105,915,GOY006.A0102.SG1.5_5M.classified_gc_rl.tsv.gz
106,900,GOY006.A0102.SG1.5_5M.classified_gc_rl.tsv.gz
107,924,GOY006.A0102.SG1.5_5M.classified_gc_rl.tsv.gz
108,827,GOY006.A0102.SG1.5_5M.classified_gc_rl.tsv.gz
109,783,GOY006.A0102.SG1.5_5M.classified_gc_rl.tsv.gz
110,780,GOY006.A0102.SG1.5_5M.classified_gc_rl.tsv.gz
111,692,GOY006.A0102.SG1.5_5M.classified_gc_rl.tsv.gz
112,681,GOY006.A0102.SG1.5_5M.classified_gc_rl.tsv.gz
113,676,GOY006.A0102.SG1.5_5M.classified_gc_rl.tsv.gz
114,699,GOY006.A0102.SG1.5_5M.classified_gc_rl.tsv.gz
115,599,GOY006.A0102.SG1.5_5M.classified_gc_rl.tsv.gz
116,610,GOY006.A0102.SG1.5_5M.classified_gc_rl.tsv.gz
117,584,GOY006.A0102.SG1.5_5M.classified_gc_rl.tsv.gz
118,549,GOY006.A0102.SG1.5_5M.classified_gc_rl.tsv.gz
119,614,GOY006.A0102.SG1.5_5M.classified_gc_rl.tsv.gz
120,506,GOY006.A0102.SG1.5_5M.classified_gc_rl.tsv.gz
121,479,GOY006.A0102.SG1.5_5M.classified_gc_rl.tsv.gz
122,462,GOY006.A0102.SG1.5_5M.classified_gc_rl.tsv.gz
123,459,GOY006.A0102.SG1.5_5M.classified_gc_rl.tsv.gz
124,407,GOY006.A0102.SG1.5_5M.classified_gc_rl.tsv.gz
125,422,GOY006.A0102.SG1.5_5M.classified_gc_rl.tsv.gz
126,423,GOY006.A0102.SG1.5_5M.classified_gc_rl.tsv.gz
127,436,GOY006.A0102.SG1.5_5M.classified_gc_rl.tsv.gz
128,367,GOY006.A0102.SG1.5_5M.classified_gc_rl.tsv.gz
129,339,GOY006.A0102.SG1.5_5M.classified_gc_rl.tsv.gz
130,346,GOY006.A0102.SG1.5_5M.classified_gc_rl.tsv.gz
131,353,GOY006.A0102.SG1.5_5M.classified_gc_rl.tsv.gz
132,307,GOY006.A0102.SG1.5_5M.classified_gc_rl.tsv.gz
133,317,GOY006.A0102.SG1.5_5M.classified_gc_rl.tsv.gz
134,286,GOY006.A0102.SG1.5_5M.classified_gc_rl.tsv.gz
135,285,GOY006.A0102.SG1.5_5M.classified_gc_rl.tsv.gz
136,288,GOY006.A0102.SG1.5_5M.classified_gc_rl.tsv.gz
137,258,GOY006.A0102.SG1.5_5M.classified_gc_rl.tsv.gz
138,240,GOY006.A0102.SG1.5_5M.classified_gc_rl.tsv.gz
139,216,GOY006.A0102.SG1.5_5M.classified_gc_rl.tsv.gz
140,234,GOY006.A0102.SG1.5_5M.classified_gc_rl.tsv.gz
141,225,GOY006.A0102.SG1.5_5M.classified_gc_rl.tsv.gz
36,2794,PES001.B0101.SG1.3_5M.classified_gc_rl.tsv.gz
37,5644,PES001.B0101.SG1.3_5M.classified_gc_rl.tsv.gz
38,8078,PES001.B0101.SG1.3_5M.classified_gc_rl.tsv.gz
39,10437,PES001.B0101.SG1.3_5M.classified_gc_rl.tsv.gz
40,12506,PES001.B0101.SG1.3_5M.classified_gc_rl.tsv.gz
41,13634,PES001.B0101.SG1.3_5M.classified_gc_rl.tsv.gz
42,15052,PES001.B0101.SG1.3_5M.classified_gc_rl.tsv.gz
43,15917,PES001.B0101.SG1.3_5M.classified_gc_rl.tsv.gz
44,16645,PES001.B0101.SG1.3_5M.classified_gc_rl.tsv.gz
45,18002,PES001.B0101.SG1.3_5M.classified_gc_rl.tsv.gz
46,18777,PES001.B0101.SG1.3_5M.classified_gc_rl.tsv.gz
47,18977,PES001.B0101.SG1.3_5M.classified_gc_rl.tsv.gz
48,19707,PES001.B0101.SG1.3_5M.classified_gc_rl.tsv.gz
49,20044,PES001.B0101.SG1.3_5M.classified_gc_rl.tsv.gz
50,19745,PES001.B0101.SG1.3_5M.classified_gc_rl.tsv.gz
51,20996,PES001.B0101.SG1.3_5M.classified_gc_rl.tsv.gz
52,21382,PES001.B0101.SG1.3_5M.classified_gc_rl.tsv.gz
53,21120,PES001.B0101.SG1.3_5M.classified_gc_rl.tsv.gz
54,22022,PES001.B0101.SG1.3_5M.classified_gc_rl.tsv.gz
55,22155,PES001.B0101.SG1.3_5M.classified_gc_rl.tsv.gz
56,21338,PES001.B0101.SG1.3_5M.classified_gc_rl.tsv.gz
57,22113,PES001.B0101.SG1.3_5M.classified_gc_rl.tsv.gz
58,22383,PES001.B0101.SG1.3_5M.classified_gc_rl.tsv.gz
59,22255,PES001.B0101.SG1.3_5M.classified_gc_rl.tsv.gz
60,22561,PES001.B0101.SG1.3_5M.classified_gc_rl.tsv.gz
61,22212,PES001.B0101.SG1.3_5M.classified_gc_rl.tsv.gz
62,21767,PES001.B0101.SG1.3_5M.classified_gc_rl.tsv.gz
63,22565,PES001.B0101.SG1.3_5M.classified_gc_rl.tsv.gz
64,22351,PES001.B0101.SG1.3_5M.classified_gc_rl.tsv.gz
65,21543,PES001.B0101.SG1.3_5M.classified_gc_rl.tsv.gz
66,22608,PES001.B0101.SG1.3_5M.classified_gc_rl.tsv.gz
67,22388,PES001.B0101.SG1.3_5M.classified_gc_rl.tsv.gz
68,21206,PES001.B0101.SG1.3_5M.classified_gc_rl.tsv.gz
69,21927,PES001.B0101.SG1.3_5M.classified_gc_rl.tsv.gz
70,22284,PES001.B0101.SG1.3_5M.classified_gc_rl.tsv.gz
71,23621,PES001.B0101.SG1.3_5M.classified_gc_rl.tsv.gz
72,30273,PES001.B0101.SG1.3_5M.classified_gc_rl.tsv.gz
73,42304,PES001.B0101.SG1.3_5M.classified_gc_rl.tsv.gz
74,29614,PES001.B0101.SG1.3_5M.classified_gc_rl.tsv.gz
75,92297,PES001.B0101.SG1.3_5M.classified_gc_rl.tsv.gz
76,377221,PES001.B0101.SG1.3_5M.classified_gc_rl.tsv.gz
77,19378,PES001.B0101.SG1.3_5M.classified_gc_rl.tsv.gz
78,19822,PES001.B0101.SG1.3_5M.classified_gc_rl.tsv.gz
79,19499,PES001.B0101.SG1.3_5M.classified_gc_rl.tsv.gz
80,18897,PES001.B0101.SG1.3_5M.classified_gc_rl.tsv.gz
81,18592,PES001.B0101.SG1.3_5M.classified_gc_rl.tsv.gz
82,18368,PES001.B0101.SG1.3_5M.classified_gc_rl.tsv.gz
83,17510,PES001.B0101.SG1.3_5M.classified_gc_rl.tsv.gz
84,18035,PES001.B0101.SG1.3_5M.classified_gc_rl.tsv.gz
85,17973,PES001.B0101.SG1.3_5M.classified_gc_rl.tsv.gz
86,17135,PES001.B0101.SG1.3_5M.classified_gc_rl.tsv.gz
87,17659,PES001.B0101.SG1.3_5M.classified_gc_rl.tsv.gz
88,16920,PES001.B0101.SG1.3_5M.classified_gc_rl.tsv.gz
89,16101,PES001.B0101.SG1.3_5M.classified_gc_rl.tsv.gz
90,16610,PES001.B0101.SG1.3_5M.classified_gc_rl.tsv.gz
91,16394,PES001.B0101.SG1.3_5M.classified_gc_rl.tsv.gz
92,15510,PES001.B0101.SG1.3_5M.classified_gc_rl.tsv.gz
93,16011,PES001.B0101.SG1.3_5M.classified_gc_rl.tsv.gz
94,15575,PES001.B0101.SG1.3_5M.classified_gc_rl.tsv.gz
95,14814,PES001.B0101.SG1.3_5M.classified_gc_rl.tsv.gz
96,14936,PES001.B0101.SG1.3_5M.classified_gc_rl.tsv.gz
97,14559,PES001.B0101.SG1.3_5M.classified_gc_rl.tsv.gz
98,13967,PES001.B0101.SG1.3_5M.classified_gc_rl.tsv.gz
99,14256,PES001.B0101.SG1.3_5M.classified_gc_rl.tsv.gz
100,13935,PES001.B0101.SG1.3_5M.classified_gc_rl.tsv.gz
101,12987,PES001.B0101.SG1.3_5M.classified_gc_rl.tsv.gz
102,13146,PES001.B0101.SG1.3_5M.classified_gc_rl.tsv.gz
103,12671,PES001.B0101.SG1.3_5M.classified_gc_rl.tsv.gz
104,12553,PES001.B0101.SG1.3_5M.classified_gc_rl.tsv.gz
105,12497,PES001.B0101.SG1.3_5M.classified_gc_rl.tsv.gz
106,12588,PES001.B0101.SG1.3_5M.classified_gc_rl.tsv.gz
107,11930,PES001.B0101.SG1.3_5M.classified_gc_rl.tsv.gz
108,11678,PES001.B0101.SG1.3_5M.classified_gc_rl.tsv.gz
109,11672,PES001.B0101.SG1.3_5M.classified_gc_rl.tsv.gz
110,10832,PES001.B0101.SG1.3_5M.classified_gc_rl.tsv.gz
111,11151,PES001.B0101.SG1.3_5M.classified_gc_rl.tsv.gz
112,10900,PES001.B0101.SG1.3_5M.classified_gc_rl.tsv.gz
113,10477,PES001.B0101.SG1.3_5M.classified_gc_rl.tsv.gz
114,10705,PES001.B0101.SG1.3_5M.classified_gc_rl.tsv.gz
115,10366,PES001.B0101.SG1.3_5M.classified_gc_rl.tsv.gz
116,9791,PES001.B0101.SG1.3_5M.classified_gc_rl.tsv.gz
117,10127,PES001.B0101.SG1.3_5M.classified_gc_rl.tsv.gz
118,9811,PES001.B0101.SG1.3_5M.classified_gc_rl.tsv.gz
119,9441,PES001.B0101.SG1.3_5M.classified_gc_rl.tsv.gz
120,9394,PES001.B0101.SG1.3_5M.classified_gc_rl.tsv.gz
121,9027,PES001.B0101.SG1.3_5M.classified_gc_rl.tsv.gz
122,8672,PES001.B0101.SG1.3_5M.classified_gc_rl.tsv.gz
123,8708,PES001.B0101.SG1.3_5M.classified_gc_rl.tsv.gz
124,8705,PES001.B0101.SG1.3_5M.classified_gc_rl.tsv.gz
125,8228,PES001.B0101.SG1.3_5M.classified_gc_rl.tsv.gz
126,8301,PES001.B0101.SG1.3_5M.classified_gc_rl.tsv.gz
127,8178,PES001.B0101.SG1.3_5M.classified_gc_rl.tsv.gz
128,7539,PES001.B0101.SG1.3_5M.classified_gc_rl.tsv.gz
129,7519,PES001.B0101.SG1.3_5M.classified_gc_rl.tsv.gz
130,7625,PES001.B0101.SG1.3_5M.classified_gc_rl.tsv.gz
131,7232,PES001.B0101.SG1.3_5M.classified_gc_rl.tsv.gz
132,7245,PES001.B0101.SG1.3_5M.classified_gc_rl.tsv.gz
133,7316,PES001.B0101.SG1.3_5M.classified_gc_rl.tsv.gz
134,6899,PES001.B0101.SG1.3_5M.classified_gc_rl.tsv.gz
135,6793,PES001.B0101.SG1.3_5M.classified_gc_rl.tsv.gz
136,6645,PES001.B0101.SG1.3_5M.classified_gc_rl.tsv.gz
137,6717,PES001.B0101.SG1.3_5M.classified_gc_rl.tsv.gz
138,6533,PES001.B0101.SG1.3_5M.classified_gc_rl.tsv.gz
139,6401,PES001.B0101.SG1.3_5M.classified_gc_rl.tsv.gz
140,6582,PES001.B0101.SG1.3_5M.classified_gc_rl.tsv.gz
141,5844,PES001.B0101.SG1.3_5M.classified_gc_rl.tsv.gz
36,7526,PES001.B0102.SG1.5_5M.classified_gc_rl.tsv.gz
37,14155,PES001.B0102.SG1.5_5M.classified_gc_rl.tsv.gz
38,18975,PES001.B0102.SG1.5_5M.classified_gc_rl.tsv.gz
39,21930,PES001.B0102.SG1.5_5M.classified_gc_rl.tsv.gz
40,25554,PES001.B0102.SG1.5_5M.classified_gc_rl.tsv.gz
41,26811,PES001.B0102.SG1.5_5M.classified_gc_rl.tsv.gz
42,25926,PES001.B0102.SG1.5_5M.classified_gc_rl.tsv.gz
43,27080,PES001.B0102.SG1.5_5M.classified_gc_rl.tsv.gz
44,27933,PES001.B0102.SG1.5_5M.classified_gc_rl.tsv.gz
45,26844,PES001.B0102.SG1.5_5M.classified_gc_rl.tsv.gz
46,27413,PES001.B0102.SG1.5_5M.classified_gc_rl.tsv.gz
47,27607,PES001.B0102.SG1.5_5M.classified_gc_rl.tsv.gz
48,25927,PES001.B0102.SG1.5_5M.classified_gc_rl.tsv.gz
49,26229,PES001.B0102.SG1.5_5M.classified_gc_rl.tsv.gz
50,25882,PES001.B0102.SG1.5_5M.classified_gc_rl.tsv.gz
51,24851,PES001.B0102.SG1.5_5M.classified_gc_rl.tsv.gz
52,24788,PES001.B0102.SG1.5_5M.classified_gc_rl.tsv.gz
53,25122,PES001.B0102.SG1.5_5M.classified_gc_rl.tsv.gz
54,23635,PES001.B0102.SG1.5_5M.classified_gc_rl.tsv.gz
55,23459,PES001.B0102.SG1.5_5M.classified_gc_rl.tsv.gz
56,23283,PES001.B0102.SG1.5_5M.classified_gc_rl.tsv.gz
57,21957,PES001.B0102.SG1.5_5M.classified_gc_rl.tsv.gz
58,21849,PES001.B0102.SG1.5_5M.classified_gc_rl.tsv.gz
59,22134,PES001.B0102.SG1.5_5M.classified_gc_rl.tsv.gz
60,21049,PES001.B0102.SG1.5_5M.classified_gc_rl.tsv.gz
61,20463,PES001.B0102.SG1.5_5M.classified_gc_rl.tsv.gz
62,20058,PES001.B0102.SG1.5_5M.classified_gc_rl.tsv.gz
63,19190,PES001.B0102.SG1.5_5M.classified_gc_rl.tsv.gz
64,19071,PES001.B0102.SG1.5_5M.classified_gc_rl.tsv.gz
65,19020,PES001.B0102.SG1.5_5M.classified_gc_rl.tsv.gz
66,18213,PES001.B0102.SG1.5_5M.classified_gc_rl.tsv.gz
67,18216,PES001.B0102.SG1.5_5M.classified_gc_rl.tsv.gz
68,17735,PES001.B0102.SG1.5_5M.classified_gc_rl.tsv.gz
69,16800,PES001.B0102.SG1.5_5M.classified_gc_rl.tsv.gz
70,16886,PES001.B0102.SG1.5_5M.classified_gc_rl.tsv.gz
71,18046,PES001.B0102.SG1.5_5M.classified_gc_rl.tsv.gz
72,20560,PES001.B0102.SG1.5_5M.classified_gc_rl.tsv.gz
73,30931,PES001.B0102.SG1.5_5M.classified_gc_rl.tsv.gz
74,16777,PES001.B0102.SG1.5_5M.classified_gc_rl.tsv.gz
75,25689,PES001.B0102.SG1.5_5M.classified_gc_rl.tsv.gz
76,139202,PES001.B0102.SG1.5_5M.classified_gc_rl.tsv.gz
77,13812,PES001.B0102.SG1.5_5M.classified_gc_rl.tsv.gz
78,13154,PES001.B0102.SG1.5_5M.classified_gc_rl.tsv.gz
79,13116,PES001.B0102.SG1.5_5M.classified_gc_rl.tsv.gz
80,13131,PES001.B0102.SG1.5_5M.classified_gc_rl.tsv.gz
81,11696,PES001.B0102.SG1.5_5M.classified_gc_rl.tsv.gz
82,11550,PES001.B0102.SG1.5_5M.classified_gc_rl.tsv.gz
83,11741,PES001.B0102.SG1.5_5M.classified_gc_rl.tsv.gz
84,10704,PES001.B0102.SG1.5_5M.classified_gc_rl.tsv.gz
85,10711,PES001.B0102.SG1.5_5M.classified_gc_rl.tsv.gz
86,10629,PES001.B0102.SG1.5_5M.classified_gc_rl.tsv.gz
87,9878,PES001.B0102.SG1.5_5M.classified_gc_rl.tsv.gz
88,9807,PES001.B0102.SG1.5_5M.classified_gc_rl.tsv.gz
89,9746,PES001.B0102.SG1.5_5M.classified_gc_rl.tsv.gz
90,8952,PES001.B0102.SG1.5_5M.classified_gc_rl.tsv.gz
91,8968,PES001.B0102.SG1.5_5M.classified_gc_rl.tsv.gz
92,8881,PES001.B0102.SG1.5_5M.classified_gc_rl.tsv.gz
93,8481,PES001.B0102.SG1.5_5M.classified_gc_rl.tsv.gz
94,8274,PES001.B0102.SG1.5_5M.classified_gc_rl.tsv.gz
95,7957,PES001.B0102.SG1.5_5M.classified_gc_rl.tsv.gz
96,7546,PES001.B0102.SG1.5_5M.classified_gc_rl.tsv.gz
97,7624,PES001.B0102.SG1.5_5M.classified_gc_rl.tsv.gz
98,7381,PES001.B0102.SG1.5_5M.classified_gc_rl.tsv.gz
99,7105,PES001.B0102.SG1.5_5M.classified_gc_rl.tsv.gz
100,7110,PES001.B0102.SG1.5_5M.classified_gc_rl.tsv.gz
101,6580,PES001.B0102.SG1.5_5M.classified_gc_rl.tsv.gz
102,6256,PES001.B0102.SG1.5_5M.classified_gc_rl.tsv.gz
103,6349,PES001.B0102.SG1.5_5M.classified_gc_rl.tsv.gz
104,6114,PES001.B0102.SG1.5_5M.classified_gc_rl.tsv.gz
105,5805,PES001.B0102.SG1.5_5M.classified_gc_rl.tsv.gz
106,5753,PES001.B0102.SG1.5_5M.classified_gc_rl.tsv.gz
107,5661,PES001.B0102.SG1.5_5M.classified_gc_rl.tsv.gz
108,5217,PES001.B0102.SG1.5_5M.classified_gc_rl.tsv.gz
109,5302,PES001.B0102.SG1.5_5M.classified_gc_rl.tsv.gz
110,5117,PES001.B0102.SG1.5_5M.classified_gc_rl.tsv.gz
111,4847,PES001.B0102.SG1.5_5M.classified_gc_rl.tsv.gz
112,4827,PES001.B0102.SG1.5_5M.classified_gc_rl.tsv.gz
113,4856,PES001.B0102.SG1.5_5M.classified_gc_rl.tsv.gz
114,4428,PES001.B0102.SG1.5_5M.classified_gc_rl.tsv.gz
115,4396,PES001.B0102.SG1.5_5M.classified_gc_rl.tsv.gz
116,4260,PES001.B0102.SG1.5_5M.classified_gc_rl.tsv.gz
117,4069,PES001.B0102.SG1.5_5M.classified_gc_rl.tsv.gz
118,4126,PES001.B0102.SG1.5_5M.classified_gc_rl.tsv.gz
119,4029,PES001.B0102.SG1.5_5M.classified_gc_rl.tsv.gz
120,3796,PES001.B0102.SG1.5_5M.classified_gc_rl.tsv.gz
121,3704,PES001.B0102.SG1.5_5M.classified_gc_rl.tsv.gz
122,3507,PES001.B0102.SG1.5_5M.classified_gc_rl.tsv.gz
123,3385,PES001.B0102.SG1.5_5M.classified_gc_rl.tsv.gz
124,3411,PES001.B0102.SG1.5_5M.classified_gc_rl.tsv.gz
125,3290,PES001.B0102.SG1.5_5M.classified_gc_rl.tsv.gz
126,3210,PES001.B0102.SG1.5_5M.classified_gc_rl.tsv.gz
127,3199,PES001.B0102.SG1.5_5M.classified_gc_rl.tsv.gz
128,3038,PES001.B0102.SG1.5_5M.classified_gc_rl.tsv.gz
129,2886,PES001.B0102.SG1.5_5M.classified_gc_rl.tsv.gz
130,2914,PES001.B0102.SG1.5_5M.classified_gc_rl.tsv.gz
131,2803,PES001.B0102.SG1.5_5M.classified_gc_rl.tsv.gz
132,2685,PES001.B0102.SG1.5_5M.classified_gc_rl.tsv.gz
133,2806,PES001.B0102.SG1.5_5M.classified_gc_rl.tsv.gz
134,2704,PES001.B0102.SG1.5_5M.classified_gc_rl.tsv.gz
135,2540,PES001.B0102.SG1.5_5M.classified_gc_rl.tsv.gz
136,2528,PES001.B0102.SG1.5_5M.classified_gc_rl.tsv.gz
137,2441,PES001.B0102.SG1.5_5M.classified_gc_rl.tsv.gz
138,2360,PES001.B0102.SG1.5_5M.classified_gc_rl.tsv.gz
139,2148,PES001.B0102.SG1.5_5M.classified_gc_rl.tsv.gz
140,2323,PES001.B0102.SG1.5_5M.classified_gc_rl.tsv.gz
141,1878,PES001.B0102.SG1.5_5M.classified_gc_rl.tsv.gz
36,5766,VLD001.A0101.SG1.1_5M.classified_gc_rl.tsv.gz
37,11127,VLD001.A0101.SG1.1_5M.classified_gc_rl.tsv.gz
38,15049,VLD001.A0101.SG1.1_5M.classified_gc_rl.tsv.gz
39,18501,VLD001.A0101.SG1.1_5M.classified_gc_rl.tsv.gz
40,21208,VLD001.A0101.SG1.1_5M.classified_gc_rl.tsv.gz
41,21776,VLD001.A0101.SG1.1_5M.classified_gc_rl.tsv.gz
42,23054,VLD001.A0101.SG1.1_5M.classified_gc_rl.tsv.gz
43,23214,VLD001.A0101.SG1.1_5M.classified_gc_rl.tsv.gz
44,23873,VLD001.A0101.SG1.1_5M.classified_gc_rl.tsv.gz
45,24031,VLD001.A0101.SG1.1_5M.classified_gc_rl.tsv.gz
46,24248,VLD001.A0101.SG1.1_5M.classified_gc_rl.tsv.gz
47,24151,VLD001.A0101.SG1.1_5M.classified_gc_rl.tsv.gz
48,23476,VLD001.A0101.SG1.1_5M.classified_gc_rl.tsv.gz
49,23603,VLD001.A0101.SG1.1_5M.classified_gc_rl.tsv.gz
50,22955,VLD001.A0101.SG1.1_5M.classified_gc_rl.tsv.gz
51,22837,VLD001.A0101.SG1.1_5M.classified_gc_rl.tsv.gz
52,22948,VLD001.A0101.SG1.1_5M.classified_gc_rl.tsv.gz
53,22253,VLD001.A0101.SG1.1_5M.classified_gc_rl.tsv.gz
54,21796,VLD001.A0101.SG1.1_5M.classified_gc_rl.tsv.gz
55,21118,VLD001.A0101.SG1.1_5M.classified_gc_rl.tsv.gz
56,20420,VLD001.A0101.SG1.1_5M.classified_gc_rl.tsv.gz
57,20037,VLD001.A0101.SG1.1_5M.classified_gc_rl.tsv.gz
58,19495,VLD001.A0101.SG1.1_5M.classified_gc_rl.tsv.gz
59,18635,VLD001.A0101.SG1.1_5M.classified_gc_rl.tsv.gz
60,18399,VLD001.A0101.SG1.1_5M.classified_gc_rl.tsv.gz
61,17641,VLD001.A0101.SG1.1_5M.classified_gc_rl.tsv.gz
62,16486,VLD001.A0101.SG1.1_5M.classified_gc_rl.tsv.gz
63,16536,VLD001.A0101.SG1.1_5M.classified_gc_rl.tsv.gz
64,15985,VLD001.A0101.SG1.1_5M.classified_gc_rl.tsv.gz
65,15439,VLD001.A0101.SG1.1_5M.classified_gc_rl.tsv.gz
66,15173,VLD001.A0101.SG1.1_5M.classified_gc_rl.tsv.gz
67,14577,VLD001.A0101.SG1.1_5M.classified_gc_rl.tsv.gz
68,13574,VLD001.A0101.SG1.1_5M.classified_gc_rl.tsv.gz
69,13212,VLD001.A0101.SG1.1_5M.classified_gc_rl.tsv.gz
70,12820,VLD001.A0101.SG1.1_5M.classified_gc_rl.tsv.gz
71,12682,VLD001.A0101.SG1.1_5M.classified_gc_rl.tsv.gz
72,12508,VLD001.A0101.SG1.1_5M.classified_gc_rl.tsv.gz
73,12878,VLD001.A0101.SG1.1_5M.classified_gc_rl.tsv.gz
74,12689,VLD001.A0101.SG1.1_5M.classified_gc_rl.tsv.gz
75,17023,VLD001.A0101.SG1.1_5M.classified_gc_rl.tsv.gz
76,27605,VLD001.A0101.SG1.1_5M.classified_gc_rl.tsv.gz
77,9501,VLD001.A0101.SG1.1_5M.classified_gc_rl.tsv.gz
78,9411,VLD001.A0101.SG1.1_5M.classified_gc_rl.tsv.gz
79,8827,VLD001.A0101.SG1.1_5M.classified_gc_rl.tsv.gz
80,8563,VLD001.A0101.SG1.1_5M.classified_gc_rl.tsv.gz
81,7799,VLD001.A0101.SG1.1_5M.classified_gc_rl.tsv.gz
82,7584,VLD001.A0101.SG1.1_5M.classified_gc_rl.tsv.gz
83,7222,VLD001.A0101.SG1.1_5M.classified_gc_rl.tsv.gz
84,7201,VLD001.A0101.SG1.1_5M.classified_gc_rl.tsv.gz
85,6804,VLD001.A0101.SG1.1_5M.classified_gc_rl.tsv.gz
86,6483,VLD001.A0101.SG1.1_5M.classified_gc_rl.tsv.gz
87,6301,VLD001.A0101.SG1.1_5M.classified_gc_rl.tsv.gz
88,5976,VLD001.A0101.SG1.1_5M.classified_gc_rl.tsv.gz
89,5621,VLD001.A0101.SG1.1_5M.classified_gc_rl.tsv.gz
90,5535,VLD001.A0101.SG1.1_5M.classified_gc_rl.tsv.gz
91,5229,VLD001.A0101.SG1.1_5M.classified_gc_rl.tsv.gz
92,5088,VLD001.A0101.SG1.1_5M.classified_gc_rl.tsv.gz
93,4862,VLD001.A0101.SG1.1_5M.classified_gc_rl.tsv.gz
94,4543,VLD001.A0101.SG1.1_5M.classified_gc_rl.tsv.gz
95,4312,VLD001.A0101.SG1.1_5M.classified_gc_rl.tsv.gz
96,4208,VLD001.A0101.SG1.1_5M.classified_gc_rl.tsv.gz
97,4023,VLD001.A0101.SG1.1_5M.classified_gc_rl.tsv.gz
98,3896,VLD001.A0101.SG1.1_5M.classified_gc_rl.tsv.gz
99,3702,VLD001.A0101.SG1.1_5M.classified_gc_rl.tsv.gz
100,3653,VLD001.A0101.SG1.1_5M.classified_gc_rl.tsv.gz
101,3190,VLD001.A0101.SG1.1_5M.classified_gc_rl.tsv.gz
102,3058,VLD001.A0101.SG1.1_5M.classified_gc_rl.tsv.gz
103,3134,VLD001.A0101.SG1.1_5M.classified_gc_rl.tsv.gz
104,2947,VLD001.A0101.SG1.1_5M.classified_gc_rl.tsv.gz
105,2836,VLD001.A0101.SG1.1_5M.classified_gc_rl.tsv.gz
106,2685,VLD001.A0101.SG1.1_5M.classified_gc_rl.tsv.gz
107,2589,VLD001.A0101.SG1.1_5M.classified_gc_rl.tsv.gz
108,2443,VLD001.A0101.SG1.1_5M.classified_gc_rl.tsv.gz
109,2257,VLD001.A0101.SG1.1_5M.classified_gc_rl.tsv.gz
110,2218,VLD001.A0101.SG1.1_5M.classified_gc_rl.tsv.gz
111,2212,VLD001.A0101.SG1.1_5M.classified_gc_rl.tsv.gz
112,2084,VLD001.A0101.SG1.1_5M.classified_gc_rl.tsv.gz
113,2019,VLD001.A0101.SG1.1_5M.classified_gc_rl.tsv.gz
114,1878,VLD001.A0101.SG1.1_5M.classified_gc_rl.tsv.gz
115,1814,VLD001.A0101.SG1.1_5M.classified_gc_rl.tsv.gz
116,1688,VLD001.A0101.SG1.1_5M.classified_gc_rl.tsv.gz
117,1627,VLD001.A0101.SG1.1_5M.classified_gc_rl.tsv.gz
118,1582,VLD001.A0101.SG1.1_5M.classified_gc_rl.tsv.gz
119,1585,VLD001.A0101.SG1.1_5M.classified_gc_rl.tsv.gz
120,1453,VLD001.A0101.SG1.1_5M.classified_gc_rl.tsv.gz
121,1398,VLD001.A0101.SG1.1_5M.classified_gc_rl.tsv.gz
122,1347,VLD001.A0101.SG1.1_5M.classified_gc_rl.tsv.gz
123,1303,VLD001.A0101.SG1.1_5M.classified_gc_rl.tsv.gz
124,1195,VLD001.A0101.SG1.1_5M.classified_gc_rl.tsv.gz
125,1181,VLD001.A0101.SG1.1_5M.classified_gc_rl.tsv.gz
126,1174,VLD001.A0101.SG1.1_5M.classified_gc_rl.tsv.gz
127,1025,VLD001.A0101.SG1.1_5M.classified_gc_rl.tsv.gz
128,1007,VLD001.A0101.SG1.1_5M.classified_gc_rl.tsv.gz
129,1025,VLD001.A0101.SG1.1_5M.classified_gc_rl.tsv.gz
130,910,VLD001.A0101.SG1.1_5M.classified_gc_rl.tsv.gz
131,920,VLD001.A0101.SG1.1_5M.classified_gc_rl.tsv.gz
132,880,VLD001.A0101.SG1.1_5M.classified_gc_rl.tsv.gz
133,852,VLD001.A0101.SG1.1_5M.classified_gc_rl.tsv.gz
134,809,VLD001.A0101.SG1.1_5M.classified_gc_rl.tsv.gz
135,764,VLD001.A0101.SG1.1_5M.classified_gc_rl.tsv.gz
136,717,VLD001.A0101.SG1.1_5M.classified_gc_rl.tsv.gz
137,682,VLD001.A0101.SG1.1_5M.classified_gc_rl.tsv.gz
138,703,VLD001.A0101.SG1.1_5M.classified_gc_rl.tsv.gz
139,660,VLD001.A0101.SG1.1_5M.classified_gc_rl.tsv.gz
140,707,VLD001.A0101.SG1.1_5M.classified_gc_rl.tsv.gz
141,527,VLD001.A0101.SG1.1_5M.classified_gc_rl.tsv.gz
36,8046,VLD001.A0102.SG1.2_5M.classified_gc_rl.tsv.gz
37,13936,VLD001.A0102.SG1.2_5M.classified_gc_rl.tsv.gz
38,18385,VLD001.A0102.SG1.2_5M.classified_gc_rl.tsv.gz
39,20313,VLD001.A0102.SG1.2_5M.classified_gc_rl.tsv.gz
40,22732,VLD001.A0102.SG1.2_5M.classified_gc_rl.tsv.gz
41,22675,VLD001.A0102.SG1.2_5M.classified_gc_rl.tsv.gz
42,21866,VLD001.A0102.SG1.2_5M.classified_gc_rl.tsv.gz
43,21419,VLD001.A0102.SG1.2_5M.classified_gc_rl.tsv.gz
44,21184,VLD001.A0102.SG1.2_5M.classified_gc_rl.tsv.gz
45,19904,VLD001.A0102.SG1.2_5M.classified_gc_rl.tsv.gz
46,19228,VLD001.A0102.SG1.2_5M.classified_gc_rl.tsv.gz
47,19111,VLD001.A0102.SG1.2_5M.classified_gc_rl.tsv.gz
48,17016,VLD001.A0102.SG1.2_5M.classified_gc_rl.tsv.gz
49,16257,VLD001.A0102.SG1.2_5M.classified_gc_rl.tsv.gz
50,15800,VLD001.A0102.SG1.2_5M.classified_gc_rl.tsv.gz
51,14928,VLD001.A0102.SG1.2_5M.classified_gc_rl.tsv.gz
52,13851,VLD001.A0102.SG1.2_5M.classified_gc_rl.tsv.gz
53,13223,VLD001.A0102.SG1.2_5M.classified_gc_rl.tsv.gz
54,12383,VLD001.A0102.SG1.2_5M.classified_gc_rl.tsv.gz
55,11525,VLD001.A0102.SG1.2_5M.classified_gc_rl.tsv.gz
56,11016,VLD001.A0102.SG1.2_5M.classified_gc_rl.tsv.gz
57,10185,VLD001.A0102.SG1.2_5M.classified_gc_rl.tsv.gz
58,9483,VLD001.A0102.SG1.2_5M.classified_gc_rl.tsv.gz
59,9095,VLD001.A0102.SG1.2_5M.classified_gc_rl.tsv.gz
60,8427,VLD001.A0102.SG1.2_5M.classified_gc_rl.tsv.gz
61,7762,VLD001.A0102.SG1.2_5M.classified_gc_rl.tsv.gz
62,7436,VLD001.A0102.SG1.2_5M.classified_gc_rl.tsv.gz
63,6713,VLD001.A0102.SG1.2_5M.classified_gc_rl.tsv.gz
64,6380,VLD001.A0102.SG1.2_5M.classified_gc_rl.tsv.gz
65,6209,VLD001.A0102.SG1.2_5M.classified_gc_rl.tsv.gz
66,5508,VLD001.A0102.SG1.2_5M.classified_gc_rl.tsv.gz
67,5153,VLD001.A0102.SG1.2_5M.classified_gc_rl.tsv.gz
68,4872,VLD001.A0102.SG1.2_5M.classified_gc_rl.tsv.gz
69,4474,VLD001.A0102.SG1.2_5M.classified_gc_rl.tsv.gz
70,4159,VLD001.A0102.SG1.2_5M.classified_gc_rl.tsv.gz
71,4064,VLD001.A0102.SG1.2_5M.classified_gc_rl.tsv.gz
72,3809,VLD001.A0102.SG1.2_5M.classified_gc_rl.tsv.gz
73,3828,VLD001.A0102.SG1.2_5M.classified_gc_rl.tsv.gz
74,3416,VLD001.A0102.SG1.2_5M.classified_gc_rl.tsv.gz
75,3185,VLD001.A0102.SG1.2_5M.classified_gc_rl.tsv.gz
76,6250,VLD001.A0102.SG1.2_5M.classified_gc_rl.tsv.gz
77,2623,VLD001.A0102.SG1.2_5M.classified_gc_rl.tsv.gz
78,2323,VLD001.A0102.SG1.2_5M.classified_gc_rl.tsv.gz
79,2251,VLD001.A0102.SG1.2_5M.classified_gc_rl.tsv.gz
80,2127,VLD001.A0102.SG1.2_5M.classified_gc_rl.tsv.gz
81,1880,VLD001.A0102.SG1.2_5M.classified_gc_rl.tsv.gz
82,1819,VLD001.A0102.SG1.2_5M.classified_gc_rl.tsv.gz
83,1681,VLD001.A0102.SG1.2_5M.classified_gc_rl.tsv.gz
84,1592,VLD001.A0102.SG1.2_5M.classified_gc_rl.tsv.gz
85,1476,VLD001.A0102.SG1.2_5M.classified_gc_rl.tsv.gz
86,1458,VLD001.A0102.SG1.2_5M.classified_gc_rl.tsv.gz
87,1290,VLD001.A0102.SG1.2_5M.classified_gc_rl.tsv.gz
88,1138,VLD001.A0102.SG1.2_5M.classified_gc_rl.tsv.gz
89,1147,VLD001.A0102.SG1.2_5M.classified_gc_rl.tsv.gz
90,1064,VLD001.A0102.SG1.2_5M.classified_gc_rl.tsv.gz
91,983,VLD001.A0102.SG1.2_5M.classified_gc_rl.tsv.gz
92,918,VLD001.A0102.SG1.2_5M.classified_gc_rl.tsv.gz
93,864,VLD001.A0102.SG1.2_5M.classified_gc_rl.tsv.gz
94,844,VLD001.A0102.SG1.2_5M.classified_gc_rl.tsv.gz
95,807,VLD001.A0102.SG1.2_5M.classified_gc_rl.tsv.gz
96,719,VLD001.A0102.SG1.2_5M.classified_gc_rl.tsv.gz
97,676,VLD001.A0102.SG1.2_5M.classified_gc_rl.tsv.gz
98,649,VLD001.A0102.SG1.2_5M.classified_gc_rl.tsv.gz
99,588,VLD001.A0102.SG1.2_5M.classified_gc_rl.tsv.gz
100,583,VLD001.A0102.SG1.2_5M.classified_gc_rl.tsv.gz
101,539,VLD001.A0102.SG1.2_5M.classified_gc_rl.tsv.gz
102,476,VLD001.A0102.SG1.2_5M.classified_gc_rl.tsv.gz
103,455,VLD001.A0102.SG1.2_5M.classified_gc_rl.tsv.gz
104,453,VLD001.A0102.SG1.2_5M.classified_gc_rl.tsv.gz
105,426,VLD001.A0102.SG1.2_5M.classified_gc_rl.tsv.gz
106,408,VLD001.A0102.SG1.2_5M.classified_gc_rl.tsv.gz
107,387,VLD001.A0102.SG1.2_5M.classified_gc_rl.tsv.gz
108,346,VLD001.A0102.SG1.2_5M.classified_gc_rl.tsv.gz
109,307,VLD001.A0102.SG1.2_5M.classified_gc_rl.tsv.gz
110,294,VLD001.A0102.SG1.2_5M.classified_gc_rl.tsv.gz
111,271,VLD001.A0102.SG1.2_5M.classified_gc_rl.tsv.gz
112,271,VLD001.A0102.SG1.2_5M.classified_gc_rl.tsv.gz
113,228,VLD001.A0102.SG1.2_5M.classified_gc_rl.tsv.gz
114,267,VLD001.A0102.SG1.2_5M.classified_gc_rl.tsv.gz
115,237,VLD001.A0102.SG1.2_5M.classified_gc_rl.tsv.gz
116,204,VLD001.A0102.SG1.2_5M.classified_gc_rl.tsv.gz
117,203,VLD001.A0102.SG1.2_5M.classified_gc_rl.tsv.gz
118,181,VLD001.A0102.SG1.2_5M.classified_gc_rl.tsv.gz
119,200,VLD001.A0102.SG1.2_5M.classified_gc_rl.tsv.gz
120,179,VLD001.A0102.SG1.2_5M.classified_gc_rl.tsv.gz
121,184,VLD001.A0102.SG1.2_5M.classified_gc_rl.tsv.gz
122,170,VLD001.A0102.SG1.2_5M.classified_gc_rl.tsv.gz
123,139,VLD001.A0102.SG1.2_5M.classified_gc_rl.tsv.gz
124,144,VLD001.A0102.SG1.2_5M.classified_gc_rl.tsv.gz
125,149,VLD001.A0102.SG1.2_5M.classified_gc_rl.tsv.gz
126,94,VLD001.A0102.SG1.2_5M.classified_gc_rl.tsv.gz
127,133,VLD001.A0102.SG1.2_5M.classified_gc_rl.tsv.gz
128,140,VLD001.A0102.SG1.2_5M.classified_gc_rl.tsv.gz
129,104,VLD001.A0102.SG1.2_5M.classified_gc_rl.tsv.gz
130,123,VLD001.A0102.SG1.2_5M.classified_gc_rl.tsv.gz
131,116,VLD001.A0102.SG1.2_5M.classified_gc_rl.tsv.gz
132,103,VLD001.A0102.SG1.2_5M.classified_gc_rl.tsv.gz
133,90,VLD001.A0102.SG1.2_5M.classified_gc_rl.tsv.gz
134,99,VLD001.A0102.SG1.2_5M.classified_gc_rl.tsv.gz
135,78,VLD001.A0102.SG1.2_5M.classified_gc_rl.tsv.gz
136,84,VLD001.A0102.SG1.2_5M.classified_gc_rl.tsv.gz
137,71,VLD001.A0102.SG1.2_5M.classified_gc_rl.tsv.gz
138,72,VLD001.A0102.SG1.2_5M.classified_gc_rl.tsv.gz
139,83,VLD001.A0102.SG1.2_5M.classified_gc_rl.tsv.gz
140,61,VLD001.A0102.SG1.2_5M.classified_gc_rl.tsv.gz
141,61,VLD001.A0102.SG1.2_5M.classified_gc_rl.tsv.gz
